game_id,season,week,week_key,market,side,raw_probability,odds,break_even,result,win,profit,pred_margin,pred_total,home_spread,total_line,calibrated_probability,calibration_rows,platt_probability,platt_calibration_rows,platt_max_source_week_key,platt_mode
2022_05_ATL_TB,2022,5,202205,spread,away,0.4032258064516129,-113.0,0.5305164319248826,win,1.0,0.8849557522123894,12.362069038702314,44.241012738654426,-10.5,46.0,0.4032258064516129,0,0.4032258064516129,0,,raw_fallback
2022_05_ATL_TB,2022,5,202205,spread,home,0.5967741935483871,102.0,0.495049504950495,loss,0.0,-1.0,12.362069038702314,44.241012738654426,-10.5,46.0,0.5967741935483871,0,0.5967741935483871,0,,raw_fallback
2022_05_ATL_TB,2022,5,202205,total,over,0.3225806451612903,-113.0,0.5305164319248826,loss,0.0,-1.0,12.362069038702314,44.241012738654426,-10.5,46.0,0.3225806451612903,0,0.3225806451612903,0,,raw_fallback
2022_05_ATL_TB,2022,5,202205,total,under,0.6774193548387097,101.0,0.4975124378109453,win,1.0,1.01,12.362069038702314,44.241012738654426,-10.5,46.0,0.6774193548387097,0,0.6774193548387097,0,,raw_fallback
2022_05_CHI_MIN,2022,5,202205,spread,away,0.6451612903225806,-116.0,0.5370370370370371,win,1.0,0.8620689655172413,4.90073348291715,44.46712219357868,-10.0,44.0,0.6451612903225806,0,0.6451612903225806,0,,raw_fallback
2022_05_CHI_MIN,2022,5,202205,spread,home,0.3548387096774194,105.0,0.4878048780487805,loss,0.0,-1.0,4.90073348291715,44.46712219357868,-10.0,44.0,0.3548387096774194,0,0.3548387096774194,0,,raw_fallback
2022_05_CHI_MIN,2022,5,202205,total,over,0.3709677419354839,-106.0,0.5145631067961165,win,1.0,0.9433962264150944,4.90073348291715,44.46712219357868,-10.0,44.0,0.3709677419354839,0,0.3709677419354839,0,,raw_fallback
2022_05_CHI_MIN,2022,5,202205,total,under,0.6290322580645161,-106.0,0.5145631067961165,loss,0.0,-1.0,4.90073348291715,44.46712219357868,-10.0,44.0,0.6290322580645161,0,0.6290322580645161,0,,raw_fallback
2022_05_CIN_BAL,2022,5,202205,spread,away,0.5483870967741935,103.0,0.4926108374384236,win,1.0,1.03,0.823771476934508,49.51133972612453,-3.0,47.5,0.5483870967741935,0,0.5483870967741935,0,,raw_fallback
2022_05_CIN_BAL,2022,5,202205,spread,home,0.4516129032258064,-114.0,0.5327102803738317,loss,0.0,-1.0,0.823771476934508,49.51133972612453,-3.0,47.5,0.4516129032258064,0,0.4516129032258064,0,,raw_fallback
2022_05_CIN_BAL,2022,5,202205,total,over,0.4193548387096774,-108.0,0.5192307692307693,loss,0.0,-1.0,0.823771476934508,49.51133972612453,-3.0,47.5,0.4193548387096774,0,0.4193548387096774,0,,raw_fallback
2022_05_CIN_BAL,2022,5,202205,total,under,0.5806451612903225,-104.0,0.5098039215686274,win,1.0,0.9615384615384616,0.823771476934508,49.51133972612453,-3.0,47.5,0.5806451612903225,0,0.5806451612903225,0,,raw_fallback
2022_05_DAL_LA,2022,5,202205,spread,away,0.6129032258064516,-112.0,0.5283018867924528,win,1.0,0.8928571428571429,0.8469190415369853,48.481142257332266,-5.5,42.0,0.6129032258064516,0,0.6129032258064516,0,,raw_fallback
2022_05_DAL_LA,2022,5,202205,spread,home,0.3870967741935484,102.0,0.495049504950495,loss,0.0,-1.0,0.8469190415369853,48.481142257332266,-5.5,42.0,0.3870967741935484,0,0.3870967741935484,0,,raw_fallback
2022_05_DAL_LA,2022,5,202205,total,over,0.5967741935483871,-106.0,0.5145631067961165,loss,0.0,-1.0,0.8469190415369853,48.481142257332266,-5.5,42.0,0.5967741935483871,0,0.5967741935483871,0,,raw_fallback
2022_05_DAL_LA,2022,5,202205,total,under,0.4032258064516129,-106.0,0.5145631067961165,win,1.0,0.9433962264150944,0.8469190415369853,48.481142257332266,-5.5,42.0,0.4032258064516129,0,0.4032258064516129,0,,raw_fallback
2022_05_HOU_JAX,2022,5,202205,spread,away,0.4193548387096774,-113.0,0.5305164319248826,win,1.0,0.8849557522123894,8.074671008899662,43.77063476761276,-7.0,44.0,0.4193548387096774,0,0.4193548387096774,0,,raw_fallback
2022_05_HOU_JAX,2022,5,202205,spread,home,0.5806451612903226,102.0,0.495049504950495,loss,0.0,-1.0,8.074671008899662,43.77063476761276,-7.0,44.0,0.5806451612903226,0,0.5806451612903226,0,,raw_fallback
2022_05_HOU_JAX,2022,5,202205,total,over,0.3548387096774194,-101.0,0.5024875621890548,loss,0.0,-1.0,8.074671008899662,43.77063476761276,-7.0,44.0,0.3548387096774194,0,0.3548387096774194,0,,raw_fallback
2022_05_HOU_JAX,2022,5,202205,total,under,0.6451612903225806,-112.0,0.5283018867924528,win,1.0,0.8928571428571429,8.074671008899662,43.77063476761276,-7.0,44.0,0.6451612903225806,0,0.6451612903225806,0,,raw_fallback
2022_05_IND_DEN,2022,5,202205,spread,away,0.6774193548387097,-114.0,0.5327102803738317,win,1.0,0.8771929824561403,-2.0410237876887103,42.37284735678734,-3.5,42.0,0.6774193548387097,0,0.6774193548387097,0,,raw_fallback
2022_05_IND_DEN,2022,5,202205,spread,home,0.3225806451612903,104.0,0.4901960784313725,loss,0.0,-1.0,-2.0410237876887103,42.37284735678734,-3.5,42.0,0.3225806451612903,0,0.3225806451612903,0,,raw_fallback
2022_05_IND_DEN,2022,5,202205,total,over,0.3709677419354839,-106.0,0.5145631067961165,loss,0.0,-1.0,-2.0410237876887103,42.37284735678734,-3.5,42.0,0.3709677419354839,0,0.3709677419354839,0,,raw_fallback
2022_05_IND_DEN,2022,5,202205,total,under,0.6290322580645161,-106.0,0.5145631067961165,win,1.0,0.9433962264150944,-2.0410237876887103,42.37284735678734,-3.5,42.0,0.6290322580645161,0,0.6290322580645161,0,,raw_fallback
2022_05_LAC_CLE,2022,5,202205,spread,away,0.4193548387096774,-106.0,0.5145631067961165,win,1.0,0.9433962264150944,0.014665391322136,50.08284015148146,1.0,47.0,0.4193548387096774,0,0.4193548387096774,0,,raw_fallback
2022_05_LAC_CLE,2022,5,202205,spread,home,0.5806451612903226,-104.0,0.5098039215686274,loss,0.0,-1.0,0.014665391322136,50.08284015148146,1.0,47.0,0.5806451612903226,0,0.5806451612903226,0,,raw_fallback
2022_05_LAC_CLE,2022,5,202205,total,over,0.4354838709677419,102.0,0.495049504950495,win,1.0,1.02,0.014665391322136,50.08284015148146,1.0,47.0,0.4354838709677419,0,0.4354838709677419,0,,raw_fallback
2022_05_LAC_CLE,2022,5,202205,total,under,0.564516129032258,-114.0,0.5327102803738317,loss,0.0,-1.0,0.014665391322136,50.08284015148146,1.0,47.0,0.564516129032258,0,0.564516129032258,0,,raw_fallback
2022_05_LV_KC,2022,5,202205,spread,away,0.4193548387096774,-125.0,0.5555555555555556,win,1.0,0.8,8.572366421523297,50.38850484243982,-7.5,51.5,0.4193548387096774,0,0.4193548387096774,0,,raw_fallback
2022_05_LV_KC,2022,5,202205,spread,home,0.5806451612903226,113.0,0.4694835680751174,loss,0.0,-1.0,8.572366421523297,50.38850484243982,-7.5,51.5,0.5806451612903226,0,0.5806451612903226,0,,raw_fallback
2022_05_LV_KC,2022,5,202205,total,over,0.3225806451612903,-103.0,0.5073891625615764,win,1.0,0.970873786407767,8.572366421523297,50.38850484243982,-7.5,51.5,0.3225806451612903,0,0.3225806451612903,0,,raw_fallback
2022_05_LV_KC,2022,5,202205,total,under,0.6774193548387097,-109.0,0.5215311004784688,loss,0.0,-1.0,8.572366421523297,50.38850484243982,-7.5,51.5,0.6774193548387097,0,0.6774193548387097,0,,raw_fallback
2022_05_NYG_GB,2022,5,202205,spread,away,0.3548387096774194,104.0,0.4901960784313725,win,1.0,1.04,11.613287169171285,43.83728195545797,-8.5,42.0,0.3548387096774194,0,0.3548387096774194,0,,raw_fallback
2022_05_NYG_GB,2022,5,202205,spread,home,0.6451612903225806,-115.0,0.5348837209302325,loss,0.0,-1.0,11.613287169171285,43.83728195545797,-8.5,42.0,0.6451612903225806,0,0.6451612903225806,0,,raw_fallback
2022_05_NYG_GB,2022,5,202205,total,over,0.4193548387096774,-102.0,0.504950495049505,win,1.0,0.9803921568627452,11.613287169171285,43.83728195545797,-8.5,42.0,0.4193548387096774,0,0.4193548387096774,0,,raw_fallback
2022_05_NYG_GB,2022,5,202205,total,under,0.5806451612903225,-110.0,0.5238095238095238,loss,0.0,-1.0,11.613287169171285,43.83728195545797,-8.5,42.0,0.5806451612903225,0,0.5806451612903225,0,,raw_fallback
2022_05_PHI_ARI,2022,5,202205,spread,away,0.2741935483870967,101.0,0.4975124378109453,loss,0.0,-1.0,-0.5686569972995706,49.60942837558178,5.5,48.5,0.2741935483870967,0,0.2741935483870967,0,,raw_fallback
2022_05_PHI_ARI,2022,5,202205,spread,home,0.7258064516129032,-111.0,0.5260663507109005,win,1.0,0.9009009009009008,-0.5686569972995706,49.60942837558178,5.5,48.5,0.7258064516129032,0,0.7258064516129032,0,,raw_fallback
2022_05_PHI_ARI,2022,5,202205,total,over,0.4032258064516129,-113.0,0.5305164319248826,loss,0.0,-1.0,-0.5686569972995706,49.60942837558178,5.5,48.5,0.4032258064516129,0,0.4032258064516129,0,,raw_fallback
2022_05_PHI_ARI,2022,5,202205,total,under,0.5967741935483871,101.0,0.4975124378109453,win,1.0,1.01,-0.5686569972995706,49.60942837558178,5.5,48.5,0.5967741935483871,0,0.5967741935483871,0,,raw_fallback
2022_05_SEA_NO,2022,5,202205,spread,away,0.6451612903225806,-106.0,0.5145631067961165,loss,0.0,-1.0,0.3186960404243087,48.459707626888864,-5.5,45.5,0.6451612903225806,0,0.6451612903225806,0,,raw_fallback
2022_05_SEA_NO,2022,5,202205,spread,home,0.3548387096774194,-104.0,0.5098039215686274,win,1.0,0.9615384615384616,0.3186960404243087,48.459707626888864,-5.5,45.5,0.3548387096774194,0,0.3548387096774194,0,,raw_fallback
2022_05_SEA_NO,2022,5,202205,total,over,0.4354838709677419,100.0,0.5,win,1.0,1.0,0.3186960404243087,48.459707626888864,-5.5,45.5,0.4354838709677419,0,0.4354838709677419,0,,raw_fallback
2022_05_SEA_NO,2022,5,202205,total,under,0.564516129032258,-113.0,0.5305164319248826,loss,0.0,-1.0,0.3186960404243087,48.459707626888864,-5.5,45.5,0.564516129032258,0,0.564516129032258,0,,raw_fallback
2022_05_SF_CAR,2022,5,202205,spread,away,0.5967741935483871,-102.0,0.504950495049505,win,1.0,0.9803921568627452,-9.990180018157751,42.23586716946532,6.0,40.0,0.5967741935483871,0,0.5967741935483871,0,,raw_fallback
2022_05_SF_CAR,2022,5,202205,spread,home,0.4032258064516129,-109.0,0.5215311004784688,loss,0.0,-1.0,-9.990180018157751,42.23586716946532,6.0,40.0,0.4032258064516129,0,0.4032258064516129,0,,raw_fallback
2022_05_SF_CAR,2022,5,202205,total,over,0.4193548387096774,-108.0,0.5192307692307693,win,1.0,0.925925925925926,-9.990180018157751,42.23586716946532,6.0,40.0,0.4193548387096774,0,0.4193548387096774,0,,raw_fallback
2022_05_SF_CAR,2022,5,202205,total,under,0.5806451612903225,-104.0,0.5098039215686274,loss,0.0,-1.0,-9.990180018157751,42.23586716946532,6.0,40.0,0.5806451612903225,0,0.5806451612903225,0,,raw_fallback
2022_05_TEN_WAS,2022,5,202205,spread,away,0.5967741935483871,-102.0,0.504950495049505,win,1.0,0.9803921568627452,-4.751481498548139,44.77337961649898,1.0,43.0,0.5967741935483871,0,0.5967741935483871,0,,raw_fallback
2022_05_TEN_WAS,2022,5,202205,spread,home,0.4032258064516129,-108.0,0.5192307692307693,loss,0.0,-1.0,-4.751481498548139,44.77337961649898,1.0,43.0,0.4032258064516129,0,0.4032258064516129,0,,raw_fallback
2022_05_TEN_WAS,2022,5,202205,total,over,0.4193548387096774,-106.0,0.5145631067961165,loss,0.0,-1.0,-4.751481498548139,44.77337961649898,1.0,43.0,0.4193548387096774,0,0.4193548387096774,0,,raw_fallback
2022_05_TEN_WAS,2022,5,202205,total,under,0.5806451612903225,-106.0,0.5145631067961165,win,1.0,0.9433962264150944,-4.751481498548139,44.77337961649898,1.0,43.0,0.5806451612903225,0,0.5806451612903225,0,,raw_fallback
2022_06_ARI_SEA,2022,6,202206,spread,away,0.3066666666666666,-106.0,0.5145631067961165,loss,0.0,-1.0,2.353628664123864,50.20068629070634,2.5,50.0,0.3066666666666666,26,0.36643242505259427,26,202205.0,platt
2022_06_ARI_SEA,2022,6,202206,spread,home,0.6933333333333334,-104.0,0.5098039215686274,win,1.0,0.9615384615384616,2.353628664123864,50.20068629070634,2.5,50.0,0.6933333333333334,26,0.6335675749474065,26,202205.0,platt
2022_06_ARI_SEA,2022,6,202206,total,over,0.3866666666666666,-110.0,0.5238095238095238,loss,0.0,-1.0,2.353628664123864,50.20068629070634,2.5,50.0,0.3866666666666666,26,0.49375979602172976,26,202205.0,platt
2022_06_ARI_SEA,2022,6,202206,total,under,0.6133333333333333,-102.0,0.504950495049505,win,1.0,0.9803921568627452,2.353628664123864,50.20068629070634,2.5,50.0,0.6133333333333333,26,0.5062402039782703,26,202205.0,platt
2022_06_BAL_NYG,2022,6,202206,spread,away,0.4399999999999999,-107.0,0.5169082125603864,loss,0.0,-1.0,-3.8414016034564447,43.67483592574664,5.5,46.0,0.4399999999999999,26,0.45961955649246133,26,202205.0,platt
2022_06_BAL_NYG,2022,6,202206,spread,home,0.56,-103.0,0.5073891625615764,win,1.0,0.970873786407767,-3.8414016034564447,43.67483592574664,5.5,46.0,0.56,26,0.5403804435075392,26,202205.0,platt
2022_06_BAL_NYG,2022,6,202206,total,over,0.3333333333333333,-102.0,0.504950495049505,loss,0.0,-1.0,-3.8414016034564447,43.67483592574664,5.5,46.0,0.3333333333333333,26,0.4906250373841414,26,202205.0,platt
2022_06_BAL_NYG,2022,6,202206,total,under,0.6666666666666667,-110.0,0.5238095238095238,win,1.0,0.9090909090909092,-3.8414016034564447,43.67483592574664,5.5,46.0,0.6666666666666667,26,0.5093749626158586,26,202205.0,platt
2022_06_BUF_KC,2022,6,202206,spread,away,0.4399999999999999,-116.0,0.5370370370370371,win,1.0,0.8620689655172413,-0.6297123336895164,52.08695705730189,2.5,54.0,0.4399999999999999,26,0.45961955649246133,26,202205.0,platt
2022_06_BUF_KC,2022,6,202206,spread,home,0.56,105.0,0.4878048780487805,loss,0.0,-1.0,-0.6297123336895164,52.08695705730189,2.5,54.0,0.56,26,0.5403804435075392,26,202205.0,platt
2022_06_BUF_KC,2022,6,202206,total,over,0.3333333333333333,-107.0,0.5169082125603864,loss,0.0,-1.0,-0.6297123336895164,52.08695705730189,2.5,54.0,0.3333333333333333,26,0.4906250373841414,26,202205.0,platt
2022_06_BUF_KC,2022,6,202206,total,under,0.6666666666666667,-105.0,0.5121951219512195,win,1.0,0.9523809523809524,-0.6297123336895164,52.08695705730189,2.5,54.0,0.6666666666666667,26,0.5093749626158586,26,202205.0,platt
2022_06_CAR_LA,2022,6,202206,spread,away,0.5866666666666667,-112.0,0.5283018867924528,loss,0.0,-1.0,8.148983753767283,49.57485235466174,-10.0,41.5,0.5866666666666667,26,0.5584971619097824,26,202205.0,platt
2022_06_CAR_LA,2022,6,202206,spread,home,0.4133333333333333,102.0,0.495049504950495,win,1.0,1.02,8.148983753767283,49.57485235466174,-10.0,41.5,0.4133333333333333,26,0.44150283809021834,26,202205.0,platt
2022_06_CAR_LA,2022,6,202206,total,over,0.6266666666666667,-103.0,0.5073891625615764,loss,0.0,-1.0,8.148983753767283,49.57485235466174,-10.0,41.5,0.6266666666666667,26,0.5070056527584116,26,202205.0,platt
2022_06_CAR_LA,2022,6,202206,total,under,0.3733333333333333,-109.0,0.5215311004784688,win,1.0,0.9174311926605504,8.148983753767283,49.57485235466174,-10.0,41.5,0.3733333333333333,26,0.49299434724158836,26,202205.0,platt
2022_06_CIN_NO,2022,6,202206,spread,away,0.28,-110.0,0.5238095238095238,win,1.0,0.9090909090909092,3.150065527445969,48.01630301921307,3.0,42.5,0.28,26,0.3466159956873348,26,202205.0,platt
2022_06_CIN_NO,2022,6,202206,spread,home,0.72,100.0,0.5,loss,0.0,-1.0,3.150065527445969,48.01630301921307,3.0,42.5,0.72,26,0.6533840043126659,26,202205.0,platt
2022_06_CIN_NO,2022,6,202206,total,over,0.5466666666666666,-108.0,0.5192307692307693,win,1.0,0.925925925925926,3.150065527445969,48.01630301921307,3.0,42.5,0.5466666666666666,26,0.502532350944443,26,202205.0,platt
2022_06_CIN_NO,2022,6,202206,total,under,0.4533333333333333,-104.0,0.5098039215686274,loss,0.0,-1.0,3.150065527445969,48.01630301921307,3.0,42.5,0.4533333333333333,26,0.49746764905555696,26,202205.0,platt
2022_06_DAL_PHI,2022,6,202206,spread,away,0.6666666666666667,109.0,0.4784688995215311,loss,0.0,-1.0,1.687421185883934,45.75542786956668,-6.5,42.5,0.6666666666666667,26,0.6142609260950967,26,202205.0,platt
2022_06_DAL_PHI,2022,6,202206,spread,home,0.3333333333333333,-120.0,0.5454545454545454,win,1.0,0.8333333333333334,1.687421185883934,45.75542786956668,-6.5,42.5,0.3333333333333333,26,0.385739073904904,26,202205.0,platt
2022_06_DAL_PHI,2022,6,202206,total,over,0.44,-108.0,0.5192307692307693,win,1.0,0.925925925925926,1.687421185883934,45.75542786956668,-6.5,42.5,0.44,26,0.4967378960065326,26,202205.0,platt
2022_06_DAL_PHI,2022,6,202206,total,under,0.56,-104.0,0.5098039215686274,loss,0.0,-1.0,1.687421185883934,45.75542786956668,-6.5,42.5,0.56,26,0.5032621039934674,26,202205.0,platt
2022_06_DEN_LAC,2022,6,202206,spread,away,0.3199999999999999,-103.0,0.5073891625615764,win,1.0,0.970873786407767,8.177761909470874,50.96592915322314,-3.5,45.5,0.3199999999999999,26,0.3761430729572222,26,202205.0,platt
2022_06_DEN_LAC,2022,6,202206,spread,home,0.68,-107.0,0.5169082125603864,loss,0.0,-1.0,8.177761909470874,50.96592915322314,-3.5,45.5,0.68,26,0.6238569270427783,26,202205.0,platt
2022_06_DEN_LAC,2022,6,202206,total,over,0.5466666666666666,102.0,0.495049504950495,loss,0.0,-1.0,8.177761909470874,50.96592915322314,-3.5,45.5,0.5466666666666666,26,0.502532350944443,26,202205.0,platt
2022_06_DEN_LAC,2022,6,202206,total,under,0.4533333333333333,-115.0,0.5348837209302325,win,1.0,0.8695652173913043,8.177761909470874,50.96592915322314,-3.5,45.5,0.4533333333333333,26,0.49746764905555696,26,202205.0,platt
2022_06_JAX_IND,2022,6,202206,spread,away,0.5066666666666666,103.0,0.4926108374384236,loss,0.0,-1.0,0.8187018924618022,40.93498473805005,-1.0,41.0,0.5066666666666666,26,0.5044749878576735,26,202205.0,platt
2022_06_JAX_IND,2022,6,202206,spread,home,0.4933333333333333,-114.0,0.5327102803738317,win,1.0,0.8771929824561403,0.8187018924618022,40.93498473805005,-1.0,41.0,0.4933333333333333,26,0.4955250121423271,26,202205.0,platt
2022_06_JAX_IND,2022,6,202206,total,over,0.3733333333333333,-113.0,0.5305164319248826,win,1.0,0.8849557522123894,0.8187018924618022,40.93498473805005,-1.0,41.0,0.3733333333333333,26,0.49299434724158836,26,202205.0,platt
2022_06_JAX_IND,2022,6,202206,total,under,0.6266666666666667,100.0,0.5,loss,0.0,-1.0,0.8187018924618022,40.93498473805005,-1.0,41.0,0.6266666666666667,26,0.5070056527584116,26,202205.0,platt
2022_06_MIN_MIA,2022,6,202206,spread,away,0.3466666666666667,-120.0,0.5454545454545454,win,1.0,0.8333333333333334,1.5815235404070784,46.63270138448838,3.0,45.0,0.3466666666666667,26,0.39523197865741017,26,202205.0,platt
2022_06_MIN_MIA,2022,6,202206,spread,home,0.6533333333333333,109.0,0.4784688995215311,loss,0.0,-1.0,1.5815235404070784,46.63270138448838,3.0,45.0,0.6533333333333333,26,0.6047680213425906,26,202205.0,platt
2022_06_MIN_MIA,2022,6,202206,total,over,0.4266666666666667,-105.0,0.5121951219512195,loss,0.0,-1.0,1.5815235404070784,46.63270138448838,3.0,45.0,0.4266666666666667,26,0.4960034005777035,26,202205.0,platt
2022_06_MIN_MIA,2022,6,202206,total,under,0.5733333333333333,-107.0,0.5169082125603864,win,1.0,0.9345794392523364,1.5815235404070784,46.63270138448838,3.0,45.0,0.5733333333333333,26,0.5039965994222966,26,202205.0,platt
2022_06_NE_CLE,2022,6,202206,spread,away,0.6533333333333333,101.0,0.4975124378109453,win,1.0,1.01,-1.2915131224915588,39.56836226969925,-2.5,43.0,0.6533333333333333,26,0.6047680213425906,26,202205.0,platt
2022_06_NE_CLE,2022,6,202206,spread,home,0.3466666666666667,-111.0,0.5260663507109005,loss,0.0,-1.0,-1.2915131224915588,39.56836226969925,-2.5,43.0,0.3466666666666667,26,0.39523197865741017,26,202205.0,platt
2022_06_NE_CLE,2022,6,202206,total,over,0.32,-108.0,0.5192307692307693,win,1.0,0.925925925925926,-1.2915131224915588,39.56836226969925,-2.5,43.0,0.32,26,0.4898052946512213,26,202205.0,platt
2022_06_NE_CLE,2022,6,202206,total,under,0.6799999999999999,-104.0,0.5098039215686274,loss,0.0,-1.0,-1.2915131224915588,39.56836226969925,-2.5,43.0,0.6799999999999999,26,0.5101947053487788,26,202205.0,platt
2022_06_NYJ_GB,2022,6,202206,spread,away,0.36,-101.0,0.5024875621890548,win,1.0,0.99009900990099,11.717219988798318,44.02301749421336,-7.5,44.5,0.36,26,0.4046325133874142,26,202205.0,platt
2022_06_NYJ_GB,2022,6,202206,spread,home,0.64,-109.0,0.5215311004784688,loss,0.0,-1.0,11.717219988798318,44.02301749421336,-7.5,44.5,0.64,26,0.5953674866125865,26,202205.0,platt
2022_06_NYJ_GB,2022,6,202206,total,over,0.3733333333333333,-111.0,0.5260663507109005,loss,0.0,-1.0,11.717219988798318,44.02301749421336,-7.5,44.5,0.3733333333333333,26,0.49299434724158836,26,202205.0,platt
2022_06_NYJ_GB,2022,6,202206,total,under,0.6266666666666667,-101.0,0.5024875621890548,win,1.0,0.99009900990099,11.717219988798318,44.02301749421336,-7.5,44.5,0.6266666666666667,26,0.5070056527584116,26,202205.0,platt
2022_06_SF_ATL,2022,6,202206,spread,away,0.72,-100.0,0.5,loss,0.0,-1.0,-9.264659491024888,47.3225131524208,3.5,46.0,0.72,26,0.6533840043126659,26,202205.0,platt
2022_06_SF_ATL,2022,6,202206,spread,home,0.28,-110.0,0.5238095238095238,win,1.0,0.9090909090909092,-9.264659491024888,47.3225131524208,3.5,46.0,0.28,26,0.3466159956873348,26,202205.0,platt
2022_06_SF_ATL,2022,6,202206,total,over,0.4266666666666667,-103.0,0.5073891625615764,loss,0.0,-1.0,-9.264659491024888,47.3225131524208,3.5,46.0,0.4266666666666667,26,0.4960034005777035,26,202205.0,platt
2022_06_SF_ATL,2022,6,202206,total,under,0.5733333333333333,-109.0,0.5215311004784688,win,1.0,0.9174311926605504,-9.264659491024888,47.3225131524208,3.5,46.0,0.5733333333333333,26,0.5039965994222966,26,202205.0,platt
2022_06_WAS_CHI,2022,6,202206,spread,away,0.5733333333333333,-112.0,0.5283018867924528,win,1.0,0.8928571428571429,-2.7155612311835333,41.541086515784336,1.0,38.5,0.5733333333333333,26,0.5494189657560973,26,202205.0,platt
2022_06_WAS_CHI,2022,6,202206,spread,home,0.4266666666666667,102.0,0.495049504950495,loss,0.0,-1.0,-2.7155612311835333,41.541086515784336,1.0,38.5,0.4266666666666667,26,0.45058103424390333,26,202205.0,platt
2022_06_WAS_CHI,2022,6,202206,total,over,0.44,-107.0,0.5169082125603864,loss,0.0,-1.0,-2.7155612311835333,41.541086515784336,1.0,38.5,0.44,26,0.4967378960065326,26,202205.0,platt
2022_06_WAS_CHI,2022,6,202206,total,under,0.56,-105.0,0.5121951219512195,win,1.0,0.9523809523809524,-2.7155612311835333,41.541086515784336,1.0,38.5,0.56,26,0.5032621039934674,26,202205.0,platt
2022_07_ATL_CIN,2022,7,202207,spread,away,0.5,-100.0,0.5,loss,0.0,-1.0,7.203524997938806,46.749590518769686,-6.5,47.5,0.5,52,0.5,52,202206.0,platt
2022_07_ATL_CIN,2022,7,202207,spread,home,0.5,-110.0,0.5238095238095238,win,1.0,0.9090909090909092,7.203524997938806,46.749590518769686,-6.5,47.5,0.5,52,0.5,52,202206.0,platt
2022_07_ATL_CIN,2022,7,202207,total,over,0.3522727272727273,-112.0,0.5283018867924528,win,1.0,0.8928571428571429,7.203524997938806,46.749590518769686,-6.5,47.5,0.3522727272727273,52,0.434553898864235,52,202206.0,platt
2022_07_ATL_CIN,2022,7,202207,total,under,0.6477272727272727,100.0,0.5,loss,0.0,-1.0,7.203524997938806,46.749590518769686,-6.5,47.5,0.6477272727272727,52,0.5654461011357651,52,202206.0,platt
2022_07_CHI_NE,2022,7,202207,spread,away,0.4204545454545454,-110.0,0.5238095238095238,win,1.0,0.9090909090909092,11.963522229408069,40.41251766081295,-9.5,40.0,0.4204545454545454,52,0.5376043175407932,52,202206.0,platt
2022_07_CHI_NE,2022,7,202207,spread,home,0.5795454545454546,-100.0,0.5,loss,0.0,-1.0,11.963522229408069,40.41251766081295,-9.5,40.0,0.5795454545454546,52,0.46239568245920687,52,202206.0,platt
2022_07_CHI_NE,2022,7,202207,total,over,0.375,-106.0,0.5145631067961165,win,1.0,0.9433962264150944,11.963522229408069,40.41251766081295,-9.5,40.0,0.375,52,0.4450164896985556,52,202206.0,platt
2022_07_CHI_NE,2022,7,202207,total,under,0.625,-106.0,0.5145631067961165,loss,0.0,-1.0,11.963522229408069,40.41251766081295,-9.5,40.0,0.625,52,0.5549835103014444,52,202206.0,platt
2022_07_CLE_BAL,2022,7,202207,spread,away,0.6477272727272727,100.0,0.5,win,1.0,1.0,2.097252472729328,47.15090709993668,-6.5,46.0,0.6477272727272727,52,0.4289777141755243,52,202206.0,platt
2022_07_CLE_BAL,2022,7,202207,spread,home,0.3522727272727273,-110.0,0.5238095238095238,loss,0.0,-1.0,2.097252472729328,47.15090709993668,-6.5,46.0,0.3522727272727273,52,0.5710222858244758,52,202206.0,platt
2022_07_CLE_BAL,2022,7,202207,total,over,0.3977272727272727,-112.0,0.5283018867924528,loss,0.0,-1.0,2.097252472729328,47.15090709993668,-6.5,46.0,0.3977272727272727,52,0.45527538132733997,52,202206.0,platt
2022_07_CLE_BAL,2022,7,202207,total,under,0.6022727272727273,-100.0,0.5,win,1.0,1.0,2.097252472729328,47.15090709993668,-6.5,46.0,0.6022727272727273,52,0.5447246186726601,52,202206.0,platt
2022_07_DET_DAL,2022,7,202207,spread,away,0.3977272727272727,-112.0,0.5283018867924528,loss,0.0,-1.0,9.84526940978829,52.66548260665368,-7.0,49.5,0.3977272727272727,52,0.5485619974951897,52,202206.0,platt
2022_07_DET_DAL,2022,7,202207,spread,home,0.6022727272727273,102.0,0.495049504950495,win,1.0,1.02,9.84526940978829,52.66548260665368,-7.0,49.5,0.6022727272727273,52,0.4514380025048103,52,202206.0,platt
2022_07_DET_DAL,2022,7,202207,total,over,0.4318181818181818,-110.0,0.5238095238095238,loss,0.0,-1.0,9.84526940978829,52.66548260665368,-7.0,49.5,0.4318181818181818,52,0.4703753596952065,52,202206.0,platt
2022_07_DET_DAL,2022,7,202207,total,under,0.5681818181818181,-102.0,0.504950495049505,win,1.0,0.9803921568627452,9.84526940978829,52.66548260665368,-7.0,49.5,0.5681818181818181,52,0.5296246403047934,52,202206.0,platt
2022_07_GB_WAS,2022,7,202207,spread,away,0.5681818181818181,-102.0,0.504950495049505,loss,0.0,-1.0,-5.524853276021054,43.312495045462136,4.0,41.5,0.5681818181818181,52,0.46782487260517563,52,202206.0,platt
2022_07_GB_WAS,2022,7,202207,spread,home,0.4318181818181818,-108.0,0.5192307692307693,win,1.0,0.925925925925926,-5.524853276021054,43.312495045462136,4.0,41.5,0.4318181818181818,52,0.5321751273948244,52,202206.0,platt
2022_07_GB_WAS,2022,7,202207,total,over,0.4090909090909091,-107.0,0.5169082125603864,win,1.0,0.9345794392523364,-5.524853276021054,43.312495045462136,4.0,41.5,0.4090909090909091,52,0.4603421353149292,52,202206.0,platt
2022_07_GB_WAS,2022,7,202207,total,under,0.5909090909090908,-105.0,0.5121951219512195,loss,0.0,-1.0,-5.524853276021054,43.312495045462136,4.0,41.5,0.5909090909090908,52,0.5396578646850708,52,202206.0,platt
2022_07_HOU_LV,2022,7,202207,spread,away,0.5113636363636364,104.0,0.4901960784313725,loss,0.0,-1.0,7.374773918457425,46.73736090339022,-7.0,46.0,0.5113636363636364,52,0.4946627933977711,52,202206.0,platt
2022_07_HOU_LV,2022,7,202207,spread,home,0.4886363636363636,-115.0,0.5348837209302325,win,1.0,0.8695652173913043,7.374773918457425,46.73736090339022,-7.0,46.0,0.4886363636363636,52,0.5053372066022289,52,202206.0,platt
2022_07_HOU_LV,2022,7,202207,total,over,0.3977272727272727,-108.0,0.5192307692307693,win,1.0,0.925925925925926,7.374773918457425,46.73736090339022,-7.0,46.0,0.3977272727272727,52,0.45527538132733997,52,202206.0,platt
2022_07_HOU_LV,2022,7,202207,total,under,0.6022727272727273,-104.0,0.5098039215686274,loss,0.0,-1.0,7.374773918457425,46.73736090339022,-7.0,46.0,0.6022727272727273,52,0.5447246186726601,52,202206.0,platt
2022_07_IND_TEN,2022,7,202207,spread,away,0.4545454545454546,-102.0,0.504950495049505,loss,0.0,-1.0,4.185036404998174,45.12767948731983,-2.5,43.0,0.4545454545454546,52,0.521391991715696,52,202206.0,platt
2022_07_IND_TEN,2022,7,202207,spread,home,0.5454545454545454,-108.0,0.5192307692307693,win,1.0,0.925925925925926,4.185036404998174,45.12767948731983,-2.5,43.0,0.5454545454545454,52,0.478608008284304,52,202206.0,platt
2022_07_IND_TEN,2022,7,202207,total,over,0.4090909090909091,-109.0,0.5215311004784688,loss,0.0,-1.0,4.185036404998174,45.12767948731983,-2.5,43.0,0.4090909090909091,52,0.4603421353149292,52,202206.0,platt
2022_07_IND_TEN,2022,7,202207,total,under,0.5909090909090908,-104.0,0.5098039215686274,win,1.0,0.9615384615384616,4.185036404998174,45.12767948731983,-2.5,43.0,0.5909090909090908,52,0.5396578646850708,52,202206.0,platt
2022_07_KC_SF,2022,7,202207,spread,away,0.5113636363636364,102.0,0.495049504950495,win,1.0,1.02,-0.8241433738849174,51.95851118812855,1.0,49.0,0.5113636363636364,52,0.4946627933977711,52,202206.0,platt
2022_07_KC_SF,2022,7,202207,spread,home,0.4886363636363636,-112.0,0.5283018867924528,loss,0.0,-1.0,-0.8241433738849174,51.95851118812855,1.0,49.0,0.4886363636363636,52,0.5053372066022289,52,202206.0,platt
2022_07_KC_SF,2022,7,202207,total,over,0.4318181818181818,101.0,0.4975124378109453,win,1.0,1.01,-0.8241433738849174,51.95851118812855,1.0,49.0,0.4318181818181818,52,0.4703753596952065,52,202206.0,platt
2022_07_KC_SF,2022,7,202207,total,under,0.5681818181818181,-114.0,0.5327102803738317,loss,0.0,-1.0,-0.8241433738849174,51.95851118812855,1.0,49.0,0.5681818181818181,52,0.5296246403047934,52,202206.0,platt
2022_07_NO_ARI,2022,7,202207,spread,away,0.6477272727272727,-101.0,0.5024875621890548,loss,0.0,-1.0,-1.6194919983609957,43.172976424544856,-2.5,44.0,0.6477272727272727,52,0.4289777141755243,52,202206.0,platt
2022_07_NO_ARI,2022,7,202207,spread,home,0.3522727272727273,-109.0,0.5215311004784688,win,1.0,0.9174311926605504,-1.6194919983609957,43.172976424544856,-2.5,44.0,0.3522727272727273,52,0.5710222858244758,52,202206.0,platt
2022_07_NO_ARI,2022,7,202207,total,over,0.3409090909090909,101.0,0.4975124378109453,win,1.0,1.01,-1.6194919983609957,43.172976424544856,-2.5,44.0,0.3409090909090909,52,0.4292312778496702,52,202206.0,platt
2022_07_NO_ARI,2022,7,202207,total,under,0.6590909090909092,-114.0,0.5327102803738317,loss,0.0,-1.0,-1.6194919983609957,43.172976424544856,-2.5,44.0,0.6590909090909092,52,0.5707687221503298,52,202206.0,platt
2022_07_NYG_JAX,2022,7,202207,spread,away,0.5113636363636364,102.0,0.495049504950495,win,1.0,1.02,3.5596679982097448,42.82317106668118,-3.0,44.0,0.5113636363636364,52,0.4946627933977711,52,202206.0,platt
2022_07_NYG_JAX,2022,7,202207,spread,home,0.4886363636363636,-112.0,0.5283018867924528,loss,0.0,-1.0,3.5596679982097448,42.82317106668118,-3.0,44.0,0.4886363636363636,52,0.5053372066022289,52,202206.0,platt
2022_07_NYG_JAX,2022,7,202207,total,over,0.3295454545454545,-107.0,0.5169082125603864,loss,0.0,-1.0,3.5596679982097448,42.82317106668118,-3.0,44.0,0.3295454545454545,52,0.42383899635001804,52,202206.0,platt
2022_07_NYG_JAX,2022,7,202207,total,under,0.6704545454545454,-105.0,0.5121951219512195,win,1.0,0.9523809523809524,3.5596679982097448,42.82317106668118,-3.0,44.0,0.6704545454545454,52,0.5761610036499819,52,202206.0,platt
2022_07_PIT_MIA,2022,7,202207,spread,away,0.6363636363636364,-119.0,0.54337899543379,win,1.0,0.8403361344537815,3.796456031056975,44.994146156462456,-7.5,44.5,0.6363636363636364,52,0.4346750868643429,52,202206.0,platt
2022_07_PIT_MIA,2022,7,202207,spread,home,0.3636363636363636,108.0,0.4807692307692308,loss,0.0,-1.0,3.796456031056975,44.994146156462456,-7.5,44.5,0.3636363636363636,52,0.565324913135657,52,202206.0,platt
2022_07_PIT_MIA,2022,7,202207,total,over,0.375,-105.0,0.5121951219512195,loss,0.0,-1.0,3.796456031056975,44.994146156462456,-7.5,44.5,0.375,52,0.4450164896985556,52,202206.0,platt
2022_07_PIT_MIA,2022,7,202207,total,under,0.625,-107.0,0.5169082125603864,win,1.0,0.9345794392523364,3.796456031056975,44.994146156462456,-7.5,44.5,0.625,52,0.5549835103014444,52,202206.0,platt
2022_07_SEA_LAC,2022,7,202207,spread,away,0.6704545454545454,-111.0,0.5260663507109005,win,1.0,0.9009009009009008,0.4260912233148928,52.71893438618257,-5.5,51.5,0.6704545454545454,52,0.41738017533584393,52,202206.0,platt
2022_07_SEA_LAC,2022,7,202207,spread,home,0.3295454545454545,101.0,0.4975124378109453,loss,0.0,-1.0,0.4260912233148928,52.71893438618257,-5.5,51.5,0.3295454545454545,52,0.5826198246641561,52,202206.0,platt
2022_07_SEA_LAC,2022,7,202207,total,over,0.3977272727272727,101.0,0.4975124378109453,win,1.0,1.01,0.4260912233148928,52.71893438618257,-5.5,51.5,0.3977272727272727,52,0.45527538132733997,52,202206.0,platt
2022_07_SEA_LAC,2022,7,202207,total,under,0.6022727272727273,-114.0,0.5327102803738317,loss,0.0,-1.0,0.4260912233148928,52.71893438618257,-5.5,51.5,0.6022727272727273,52,0.5447246186726601,52,202206.0,platt
2022_07_TB_CAR,2022,7,202207,spread,away,0.4659090909090909,-103.0,0.5073891625615764,loss,0.0,-1.0,-12.012500730975388,42.15386803569148,13.0,39.5,0.4659090909090909,52,0.5160288538493998,52,202206.0,platt
2022_07_TB_CAR,2022,7,202207,spread,home,0.5340909090909091,-107.0,0.5169082125603864,win,1.0,0.9345794392523364,-12.012500730975388,42.15386803569148,13.0,39.5,0.5340909090909091,52,0.4839711461506002,52,202206.0,platt
2022_07_TB_CAR,2022,7,202207,total,over,0.4090909090909091,103.0,0.4926108374384236,loss,0.0,-1.0,-12.012500730975388,42.15386803569148,13.0,39.5,0.4090909090909091,52,0.4603421353149292,52,202206.0,platt
2022_07_TB_CAR,2022,7,202207,total,under,0.5909090909090908,-116.0,0.5370370370370371,win,1.0,0.8620689655172413,-12.012500730975388,42.15386803569148,13.0,39.5,0.5909090909090908,52,0.5396578646850708,52,202206.0,platt
2022_08_ARI_MIN,2022,8,202208,spread,away,0.6138613861386139,-105.0,0.5121951219512195,loss,0.0,-1.0,0.4861215685538112,50.18033428886952,-4.0,48.5,0.6138613861386139,78,0.48834929802207794,78,202207.0,platt
2022_08_ARI_MIN,2022,8,202208,spread,home,0.3861386138613861,-105.0,0.5121951219512195,win,1.0,0.9523809523809524,0.4861215685538112,50.18033428886952,-4.0,48.5,0.3861386138613861,78,0.5116507019779221,78,202207.0,platt
2022_08_ARI_MIN,2022,8,202208,total,over,0.4257425742574257,-106.0,0.5145631067961165,win,1.0,0.9433962264150944,0.4861215685538112,50.18033428886952,-4.0,48.5,0.4257425742574257,78,0.48905892694631753,78,202207.0,platt
2022_08_ARI_MIN,2022,8,202208,total,under,0.5742574257425743,-106.0,0.5145631067961165,loss,0.0,-1.0,0.4861215685538112,50.18033428886952,-4.0,48.5,0.5742574257425743,78,0.5109410730536824,78,202207.0,platt
2022_08_BAL_TB,2022,8,202208,spread,away,0.3762376237623762,-104.0,0.5098039215686274,win,1.0,0.9615384615384616,5.087180223846858,45.19989494067052,-2.0,46.0,0.3762376237623762,78,0.512705220535165,78,202207.0,platt
2022_08_BAL_TB,2022,8,202208,spread,home,0.6237623762376238,-106.0,0.5145631067961165,loss,0.0,-1.0,5.087180223846858,45.19989494067052,-2.0,46.0,0.6237623762376238,78,0.48729477946483496,78,202207.0,platt
2022_08_BAL_TB,2022,8,202208,total,over,0.3564356435643564,-110.0,0.5238095238095238,win,1.0,0.9090909090909092,5.087180223846858,45.19989494067052,-2.0,46.0,0.3564356435643564,78,0.4784063583049266,78,202207.0,platt
2022_08_BAL_TB,2022,8,202208,total,under,0.6435643564356436,-102.0,0.504950495049505,loss,0.0,-1.0,5.087180223846858,45.19989494067052,-2.0,46.0,0.6435643564356436,78,0.5215936416950733,78,202207.0,platt
2022_08_CAR_ATL,2022,8,202208,spread,away,0.5841584158415842,-110.0,0.5238095238095238,win,1.0,0.9090909090909092,1.9126542392555024,51.36819509730972,-4.5,41.0,0.5841584158415842,78,0.4914575859860687,78,202207.0,platt
2022_08_CAR_ATL,2022,8,202208,spread,home,0.4158415841584158,-100.0,0.5,loss,0.0,-1.0,1.9126542392555024,51.36819509730972,-4.5,41.0,0.4158415841584158,78,0.5085424140139313,78,202207.0,platt
2022_08_CAR_ATL,2022,8,202208,total,over,0.6732673267326733,-106.0,0.5145631067961165,win,1.0,0.9433962264150944,1.9126542392555024,51.36819509730972,-4.5,41.0,0.6732673267326733,78,0.526414310437787,78,202207.0,platt
2022_08_CAR_ATL,2022,8,202208,total,under,0.3267326732673267,-106.0,0.5145631067961165,loss,0.0,-1.0,1.9126542392555024,51.36819509730972,-4.5,41.0,0.3267326732673267,78,0.47358568956221303,78,202207.0,platt
2022_08_CHI_DAL,2022,8,202208,spread,away,0.5346534653465347,-121.0,0.5475113122171946,loss,0.0,-1.0,9.284572391653636,42.32958751788745,-10.5,43.0,0.5346534653465347,78,0.4965101299513416,78,202207.0,platt
2022_08_CHI_DAL,2022,8,202208,spread,home,0.4653465346534653,109.0,0.4784688995215311,win,1.0,1.09,9.284572391653636,42.32958751788745,-10.5,43.0,0.4653465346534653,78,0.5034898700486585,78,202207.0,platt
2022_08_CHI_DAL,2022,8,202208,total,over,0.3762376237623762,-104.0,0.5098039215686274,win,1.0,0.9615384615384616,9.284572391653636,42.32958751788745,-10.5,43.0,0.3762376237623762,78,0.48152134136920083,78,202207.0,platt
2022_08_CHI_DAL,2022,8,202208,total,under,0.6237623762376238,-108.0,0.5192307692307693,loss,0.0,-1.0,9.284572391653636,42.32958751788745,-10.5,43.0,0.6237623762376238,78,0.5184786586307992,78,202207.0,platt
2022_08_CIN_CLE,2022,8,202208,spread,away,0.4851485148514851,-112.0,0.5283018867924528,loss,0.0,-1.0,-2.8546684259716644,48.56778566397486,3.0,45.0,0.4851485148514851,78,0.5014937199399003,78,202207.0,platt
2022_08_CIN_CLE,2022,8,202208,spread,home,0.5148514851485149,102.0,0.495049504950495,win,1.0,1.02,-2.8546684259716644,48.56778566397486,3.0,45.0,0.5148514851485149,78,0.4985062800600996,78,202207.0,platt
2022_08_CIN_CLE,2022,8,202208,total,over,0.4554455445544554,-110.0,0.5238095238095238,push,,0.0,-2.8546684259716644,48.56778566397486,3.0,45.0,0.4554455445544554,78,0.4934659075624051,78,202207.0,platt
2022_08_CIN_CLE,2022,8,202208,total,under,0.5445544554455446,-102.0,0.504950495049505,push,,0.0,-2.8546684259716644,48.56778566397486,3.0,45.0,0.5445544554455446,78,0.5065340924375948,78,202207.0,platt
2022_08_DEN_JAX,2022,8,202208,spread,away,0.3564356435643564,-112.0,0.5283018867924528,win,1.0,0.8928571428571429,4.3919716319962125,43.301700301249966,-1.0,41.0,0.3564356435643564,78,0.5148482688713969,78,202207.0,platt
2022_08_DEN_JAX,2022,8,202208,spread,home,0.6435643564356436,101.0,0.4975124378109453,loss,0.0,-1.0,4.3919716319962125,43.301700301249966,-1.0,41.0,0.6435643564356436,78,0.48515173112860305,78,202207.0,platt
2022_08_DEN_JAX,2022,8,202208,total,over,0.4257425742574257,-109.0,0.5215311004784688,loss,0.0,-1.0,4.3919716319962125,43.301700301249966,-1.0,41.0,0.4257425742574257,78,0.48905892694631753,78,202207.0,platt
2022_08_DEN_JAX,2022,8,202208,total,under,0.5742574257425743,-103.0,0.5073891625615764,win,1.0,0.970873786407767,4.3919716319962125,43.301700301249966,-1.0,41.0,0.5742574257425743,78,0.5109410730536824,78,202207.0,platt
2022_08_GB_BUF,2022,8,202208,spread,away,0.6138613861386139,-110.0,0.5238095238095238,win,1.0,0.9090909090909092,6.654141435412275,48.72261869487317,-10.5,47.0,0.6138613861386139,78,0.48834929802207794,78,202207.0,platt
2022_08_GB_BUF,2022,8,202208,spread,home,0.3861386138613861,100.0,0.5,loss,0.0,-1.0,6.654141435412275,48.72261869487317,-10.5,47.0,0.3861386138613861,78,0.5116507019779221,78,202207.0,platt
2022_08_GB_BUF,2022,8,202208,total,over,0.4257425742574257,-108.0,0.5192307692307693,loss,0.0,-1.0,6.654141435412275,48.72261869487317,-10.5,47.0,0.4257425742574257,78,0.48905892694631753,78,202207.0,platt
2022_08_GB_BUF,2022,8,202208,total,under,0.5742574257425743,-104.0,0.5098039215686274,win,1.0,0.9615384615384616,6.654141435412275,48.72261869487317,-10.5,47.0,0.5742574257425743,78,0.5109410730536824,78,202207.0,platt
2022_08_LV_NO,2022,8,202208,spread,away,0.3564356435643564,-111.0,0.5260663507109005,loss,0.0,-1.0,2.453627330336374,50.26616956190538,1.0,48.5,0.3564356435643564,78,0.5148482688713969,78,202207.0,platt
2022_08_LV_NO,2022,8,202208,spread,home,0.6435643564356436,101.0,0.4975124378109453,win,1.0,1.01,2.453627330336374,50.26616956190538,1.0,48.5,0.6435643564356436,78,0.48515173112860305,78,202207.0,platt
2022_08_LV_NO,2022,8,202208,total,over,0.4257425742574257,-101.0,0.5024875621890548,loss,0.0,-1.0,2.453627330336374,50.26616956190538,1.0,48.5,0.4257425742574257,78,0.48905892694631753,78,202207.0,platt
2022_08_LV_NO,2022,8,202208,total,under,0.5742574257425743,-111.0,0.5260663507109005,win,1.0,0.9009009009009008,2.453627330336374,50.26616956190538,1.0,48.5,0.5742574257425743,78,0.5109410730536824,78,202207.0,platt
2022_08_MIA_DET,2022,8,202208,spread,away,0.5841584158415842,-112.0,0.5283018867924528,win,1.0,0.8928571428571429,-5.967223126870975,49.561571876625486,3.5,52.0,0.5841584158415842,78,0.4914575859860687,78,202207.0,platt
2022_08_MIA_DET,2022,8,202208,spread,home,0.4158415841584158,102.0,0.495049504950495,loss,0.0,-1.0,-5.967223126870975,49.561571876625486,3.5,52.0,0.4158415841584158,78,0.5085424140139313,78,202207.0,platt
2022_08_MIA_DET,2022,8,202208,total,over,0.3267326732673267,-104.0,0.5098039215686274,win,1.0,0.9615384615384616,-5.967223126870975,49.561571876625486,3.5,52.0,0.3267326732673267,78,0.47358568956221303,78,202207.0,platt
2022_08_MIA_DET,2022,8,202208,total,under,0.6732673267326732,-108.0,0.5192307692307693,loss,0.0,-1.0,-5.967223126870975,49.561571876625486,3.5,52.0,0.6732673267326732,78,0.526414310437787,78,202207.0,platt
2022_08_NE_NYJ,2022,8,202208,spread,away,0.6237623762376238,-103.0,0.5073891625615764,win,1.0,0.970873786407767,-7.493394941361831,45.21957193664592,3.0,40.0,0.6237623762376238,78,0.48729477946483496,78,202207.0,platt
2022_08_NE_NYJ,2022,8,202208,spread,home,0.3762376237623762,-107.0,0.5169082125603864,loss,0.0,-1.0,-7.493394941361831,45.21957193664592,3.0,40.0,0.3762376237623762,78,0.512705220535165,78,202207.0,platt
2022_08_NE_NYJ,2022,8,202208,total,over,0.5346534653465347,-110.0,0.5238095238095238,loss,0.0,-1.0,-7.493394941361831,45.21957193664592,3.0,40.0,0.5346534653465347,78,0.5050768456636183,78,202207.0,platt
2022_08_NE_NYJ,2022,8,202208,total,under,0.4653465346534653,-102.0,0.504950495049505,win,1.0,0.9803921568627452,-7.493394941361831,45.21957193664592,3.0,40.0,0.4653465346534653,78,0.49492315433638173,78,202207.0,platt
2022_08_NYG_SEA,2022,8,202208,spread,away,0.3762376237623762,-100.0,0.5,loss,0.0,-1.0,6.070387263412596,47.18770458005713,-3.0,44.5,0.3762376237623762,78,0.512705220535165,78,202207.0,platt
2022_08_NYG_SEA,2022,8,202208,spread,home,0.6237623762376238,-110.0,0.5238095238095238,win,1.0,0.9090909090909092,6.070387263412596,47.18770458005713,-3.0,44.5,0.6237623762376238,78,0.48729477946483496,78,202207.0,platt
2022_08_NYG_SEA,2022,8,202208,total,over,0.4257425742574257,-102.0,0.504950495049505,loss,0.0,-1.0,6.070387263412596,47.18770458005713,-3.0,44.5,0.4257425742574257,78,0.48905892694631753,78,202207.0,platt
2022_08_NYG_SEA,2022,8,202208,total,under,0.5742574257425743,-110.0,0.5238095238095238,win,1.0,0.9090909090909092,6.070387263412596,47.18770458005713,-3.0,44.5,0.5742574257425743,78,0.5109410730536824,78,202207.0,platt
2022_08_PIT_PHI,2022,8,202208,spread,away,0.6534653465346535,102.0,0.495049504950495,loss,0.0,-1.0,5.699026779510206,46.65965246983353,-11.0,43.0,0.6534653465346535,78,0.48406085832525525,78,202207.0,platt
2022_08_PIT_PHI,2022,8,202208,spread,home,0.3465346534653465,-112.0,0.5283018867924528,win,1.0,0.8928571428571429,5.699026779510206,46.65965246983353,-11.0,43.0,0.3465346534653465,78,0.5159391416747448,78,202207.0,platt
2022_08_PIT_PHI,2022,8,202208,total,over,0.4554455445544554,-102.0,0.504950495049505,win,1.0,0.9803921568627452,5.699026779510206,46.65965246983353,-11.0,43.0,0.4554455445544554,78,0.4934659075624051,78,202207.0,platt
2022_08_PIT_PHI,2022,8,202208,total,under,0.5445544554455446,-110.0,0.5238095238095238,loss,0.0,-1.0,5.699026779510206,46.65965246983353,-11.0,43.0,0.5445544554455446,78,0.5065340924375948,78,202207.0,platt
2022_08_SF_LA,2022,8,202208,spread,away,0.4158415841584159,103.0,0.4926108374384236,win,1.0,1.03,1.3491566434181022,47.71544020240769,1.0,42.0,0.4158415841584159,78,0.5085424140139313,78,202207.0,platt
2022_08_SF_LA,2022,8,202208,spread,home,0.5841584158415841,-114.0,0.5327102803738317,loss,0.0,-1.0,1.3491566434181022,47.71544020240769,1.0,42.0,0.5841584158415841,78,0.4914575859860687,78,202207.0,platt
2022_08_SF_LA,2022,8,202208,total,over,0.5643564356435643,-109.0,0.5215311004784688,win,1.0,0.9174311926605504,1.3491566434181022,47.71544020240769,1.0,42.0,0.5643564356435643,78,0.5094650128179664,78,202207.0,platt
2022_08_SF_LA,2022,8,202208,total,under,0.4356435643564357,-103.0,0.5073891625615764,loss,0.0,-1.0,1.3491566434181022,47.71544020240769,1.0,42.0,0.4356435643564357,78,0.4905349871820336,78,202207.0,platt
2022_09_BAL_NO,2022,9,202209,spread,away,0.3070175438596491,-117.0,0.5391705069124424,win,1.0,0.8547008547008547,3.8513150653418062,47.95855179780167,1.0,46.0,0.4827586206896552,104,0.5123008257295971,104,202208.0,platt
2022_09_BAL_NO,2022,9,202209,spread,home,0.6929824561403509,106.0,0.4854368932038835,loss,0.0,-1.0,3.8513150653418062,47.95855179780167,1.0,46.0,0.5172413793103449,104,0.4876991742704029,104,202208.0,platt
2022_09_BAL_NO,2022,9,202209,total,over,0.4298245614035088,-104.0,0.5098039215686274,loss,0.0,-1.0,3.8513150653418062,47.95855179780167,1.0,46.0,0.4879063467492259,102,0.4950904355972981,102,202208.0,platt
2022_09_BAL_NO,2022,9,202209,total,under,0.5701754385964912,-108.0,0.5192307692307693,win,1.0,0.925925925925926,3.8513150653418062,47.95855179780167,1.0,46.0,0.5120936532507744,102,0.504909564402702,102,202208.0,platt
2022_09_BUF_NYJ,2022,9,202209,spread,away,0.5175438596491229,103.0,0.4926108374384236,loss,0.0,-1.0,-12.426164033877738,45.593721581301615,11.0,46.0,0.5,104,0.49893902031337567,104,202208.0,platt
2022_09_BUF_NYJ,2022,9,202209,spread,home,0.4824561403508772,-114.0,0.5327102803738317,win,1.0,0.8771929824561403,-12.426164033877738,45.593721581301615,11.0,46.0,0.5,104,0.5010609796866243,104,202208.0,platt
2022_09_BUF_NYJ,2022,9,202209,total,over,0.3859649122807017,-110.0,0.5238095238095238,loss,0.0,-1.0,-12.426164033877738,45.593721581301615,11.0,46.0,0.46875,102,0.49193319115430173,102,202208.0,platt
2022_09_BUF_NYJ,2022,9,202209,total,under,0.6140350877192983,-102.0,0.504950495049505,win,1.0,0.9803921568627452,-12.426164033877738,45.593721581301615,11.0,46.0,0.53125,102,0.5080668088456982,102,202208.0,platt
2022_09_CAR_CIN,2022,9,202209,spread,away,0.3596491228070175,-100.0,0.5,loss,0.0,-1.0,10.04677131175486,43.95178862105678,-7.0,43.0,0.4827586206896552,104,0.5087174865544909,104,202208.0,platt
2022_09_CAR_CIN,2022,9,202209,spread,home,0.6403508771929824,-110.0,0.5238095238095238,win,1.0,0.9090909090909092,10.04677131175486,43.95178862105678,-7.0,43.0,0.5172413793103449,104,0.49128251344550905,104,202208.0,platt
2022_09_CAR_CIN,2022,9,202209,total,over,0.4210526315789473,101.0,0.4975124378109453,win,1.0,1.01,10.04677131175486,43.95178862105678,-7.0,43.0,0.46875,102,0.4944669558561048,102,202208.0,platt
2022_09_CAR_CIN,2022,9,202209,total,under,0.5789473684210527,-114.0,0.5327102803738317,loss,0.0,-1.0,10.04677131175486,43.95178862105678,-7.0,43.0,0.53125,102,0.5055330441438951,102,202208.0,platt
2022_09_GB_DET,2022,9,202209,spread,away,0.5263157894736843,-107.0,0.5169082125603864,loss,0.0,-1.0,-5.757956307091558,51.18756693874348,4.0,49.5,0.5,104,0.49840771544510204,104,202208.0,platt
2022_09_GB_DET,2022,9,202209,spread,home,0.4736842105263157,-103.0,0.5073891625615764,win,1.0,0.970873786407767,-5.757956307091558,51.18756693874348,4.0,49.5,0.5,104,0.5015922845548979,104,202208.0,platt
2022_09_GB_DET,2022,9,202209,total,over,0.4298245614035088,-105.0,0.5121951219512195,loss,0.0,-1.0,-5.757956307091558,51.18756693874348,4.0,49.5,0.4879063467492259,102,0.4950904355972981,102,202208.0,platt
2022_09_GB_DET,2022,9,202209,total,under,0.5701754385964912,-107.0,0.5169082125603864,win,1.0,0.9345794392523364,-5.757956307091558,51.18756693874348,4.0,49.5,0.5120936532507744,102,0.504909564402702,102,202208.0,platt
2022_09_LAC_ATL,2022,9,202209,spread,away,0.5175438596491229,-114.0,0.5327102803738317,win,1.0,0.8771929824561403,-3.924253972613081,52.11113587459924,2.5,49.5,0.5,104,0.49893902031337567,104,202208.0,platt
2022_09_LAC_ATL,2022,9,202209,spread,home,0.4824561403508772,103.0,0.4926108374384236,loss,0.0,-1.0,-3.924253972613081,52.11113587459924,2.5,49.5,0.5,104,0.5010609796866243,104,202208.0,platt
2022_09_LAC_ATL,2022,9,202209,total,over,0.4298245614035088,-107.0,0.5169082125603864,loss,0.0,-1.0,-3.924253972613081,52.11113587459924,2.5,49.5,0.4879063467492259,102,0.4950904355972981,102,202208.0,platt
2022_09_LAC_ATL,2022,9,202209,total,under,0.5701754385964912,-105.0,0.5121951219512195,win,1.0,0.9523809523809524,-3.924253972613081,52.11113587459924,2.5,49.5,0.5120936532507744,102,0.504909564402702,102,202208.0,platt
2022_09_LA_TB,2022,9,202209,spread,away,0.4561403508771929,-104.0,0.5098039215686274,push,,0.0,3.127969597439885,45.4048117408757,-3.0,43.0,0.5,104,0.5026581713081987,104,202208.0,platt
2022_09_LA_TB,2022,9,202209,spread,home,0.543859649122807,-106.0,0.5145631067961165,push,,0.0,3.127969597439885,45.4048117408757,-3.0,43.0,0.5,104,0.49734182869180144,104,202208.0,platt
2022_09_LA_TB,2022,9,202209,total,over,0.4298245614035088,-104.0,0.5098039215686274,loss,0.0,-1.0,3.127969597439885,45.4048117408757,-3.0,43.0,0.4879063467492259,102,0.4950904355972981,102,202208.0,platt
2022_09_LA_TB,2022,9,202209,total,under,0.5701754385964912,-108.0,0.5192307692307693,win,1.0,0.925925925925926,3.127969597439885,45.4048117408757,-3.0,43.0,0.5120936532507744,102,0.504909564402702,102,202208.0,platt
2022_09_LV_JAX,2022,9,202209,spread,away,0.3421052631578947,-102.0,0.504950495049505,loss,0.0,-1.0,1.4908314954176534,43.17047995817817,2.5,47.5,0.4827586206896552,104,0.509881357888563,104,202208.0,platt
2022_09_LV_JAX,2022,9,202209,spread,home,0.6578947368421053,-108.0,0.5192307692307693,win,1.0,0.925925925925926,1.4908314954176534,43.17047995817817,2.5,47.5,0.5172413793103449,104,0.49011864211143696,104,202208.0,platt
2022_09_LV_JAX,2022,9,202209,total,over,0.3070175438596491,-118.0,0.5412844036697247,loss,0.0,-1.0,1.4908314954176534,43.17047995817817,2.5,47.5,0.375,102,0.48585843992613137,102,202208.0,platt
2022_09_LV_JAX,2022,9,202209,total,under,0.6929824561403508,105.0,0.4878048780487805,win,1.0,1.05,1.4908314954176534,43.17047995817817,2.5,47.5,0.625,102,0.5141415600738686,102,202208.0,platt
2022_09_MIA_CHI,2022,9,202209,spread,away,0.5263157894736843,-103.0,0.5073891625615764,loss,0.0,-1.0,-5.94098672588314,44.82391453164315,4.0,46.0,0.5,104,0.49840771544510204,104,202208.0,platt
2022_09_MIA_CHI,2022,9,202209,spread,home,0.4736842105263157,-107.0,0.5169082125603864,win,1.0,0.9345794392523364,-5.94098672588314,44.82391453164315,4.0,46.0,0.5,104,0.5015922845548979,104,202208.0,platt
2022_09_MIA_CHI,2022,9,202209,total,over,0.3596491228070175,-108.0,0.5192307692307693,win,1.0,0.925925925925926,-5.94098672588314,44.82391453164315,4.0,46.0,0.46875,102,0.4899776773139221,102,202208.0,platt
2022_09_MIA_CHI,2022,9,202209,total,under,0.6403508771929824,-104.0,0.5098039215686274,loss,0.0,-1.0,-5.94098672588314,44.82391453164315,4.0,46.0,0.53125,102,0.5100223226860778,102,202208.0,platt
2022_09_MIN_WAS,2022,9,202209,spread,away,0.4473684210526315,-119.0,0.54337899543379,push,,0.0,-2.2822189201214043,43.17220735672571,3.0,43.5,0.5,104,0.503193423707316,104,202208.0,platt
2022_09_MIN_WAS,2022,9,202209,spread,home,0.5526315789473685,108.0,0.4807692307692308,push,,0.0,-2.2822189201214043,43.17220735672571,3.0,43.5,0.5,104,0.496806576292684,104,202208.0,platt
2022_09_MIN_WAS,2022,9,202209,total,over,0.3859649122807017,-106.0,0.5145631067961165,loss,0.0,-1.0,-2.2822189201214043,43.17220735672571,3.0,43.5,0.46875,102,0.49193319115430173,102,202208.0,platt
2022_09_MIN_WAS,2022,9,202209,total,under,0.6140350877192983,-106.0,0.5145631067961165,win,1.0,0.9433962264150944,-2.2822189201214043,43.17220735672571,3.0,43.5,0.53125,102,0.5080668088456982,102,202208.0,platt
2022_09_PHI_HOU,2022,9,202209,spread,away,0.4122807017543859,102.0,0.495049504950495,loss,0.0,-1.0,-12.753100745473263,48.9350584199924,14.0,45.5,0.4982044252229987,104,0.5053579545536854,104,202208.0,platt
2022_09_PHI_HOU,2022,9,202209,spread,home,0.5877192982456141,-113.0,0.5305164319248826,win,1.0,0.8849557522123894,-12.753100745473263,48.9350584199924,14.0,45.5,0.5017955747770013,104,0.4946420454463146,104,202208.0,platt
2022_09_PHI_HOU,2022,9,202209,total,over,0.4649122807017544,-101.0,0.5024875621890548,win,1.0,0.99009900990099,-12.753100745473263,48.9350584199924,14.0,45.5,0.5,102,0.4975573478096954,102,202208.0,platt
2022_09_PHI_HOU,2022,9,202209,total,under,0.5350877192982456,-112.0,0.5283018867924528,loss,0.0,-1.0,-12.753100745473263,48.9350584199924,14.0,45.5,0.5,102,0.5024426521903046,102,202208.0,platt
2022_09_SEA_ARI,2022,9,202209,spread,away,0.6140350877192983,102.0,0.495049504950495,win,1.0,1.02,-2.853247953776552,46.88296431300288,-1.5,49.5,0.5172413793103449,104,0.4929835136878879,104,202208.0,platt
2022_09_SEA_ARI,2022,9,202209,spread,home,0.3859649122807017,-113.0,0.5305164319248826,loss,0.0,-1.0,-2.853247953776552,46.88296431300288,-1.5,49.5,0.4827586206896552,104,0.5070164863121122,104,202208.0,platt
2022_09_SEA_ARI,2022,9,202209,total,over,0.3333333333333333,103.0,0.4926108374384236,win,1.0,1.03,-2.853247953776552,46.88296431300288,-1.5,49.5,0.375,102,0.4879585995058494,102,202208.0,platt
2022_09_SEA_ARI,2022,9,202209,total,under,0.6666666666666667,-115.0,0.5348837209302325,loss,0.0,-1.0,-2.853247953776552,46.88296431300288,-1.5,49.5,0.625,102,0.5120414004941507,102,202208.0,platt
2022_10_ATL_CAR,2022,10,202210,spread,away,0.4479999999999999,-103.0,0.5073891625615764,loss,0.0,-1.0,-2.485721863393908,42.299920501953416,2.5,41.5,0.5,122,0.4957337807157232,122,202209.0,platt
2022_10_ATL_CAR,2022,10,202210,spread,home,0.552,-107.0,0.5169082125603864,win,1.0,0.9345794392523364,-2.485721863393908,42.299920501953416,2.5,41.5,0.5,122,0.5042662192842767,122,202209.0,platt
2022_10_ATL_CAR,2022,10,202210,total,over,0.416,-106.0,0.5145631067961165,loss,0.0,-1.0,-2.485721863393908,42.299920501953416,2.5,41.5,0.4285714285714285,124,0.48055143356976204,124,202209.0,platt
2022_10_ATL_CAR,2022,10,202210,total,under,0.5840000000000001,-106.0,0.5145631067961165,win,1.0,0.9433962264150944,-2.485721863393908,42.299920501953416,2.5,41.5,0.5714285714285714,124,0.519448566430238,124,202209.0,platt
2022_10_CLE_MIA,2022,10,202210,spread,away,0.52,112.0,0.4716981132075472,loss,0.0,-1.0,1.3046976303370488,48.75164882706395,-3.0,49.0,0.5,122,0.5016358272441537,122,202209.0,platt
2022_10_CLE_MIA,2022,10,202210,spread,home,0.48,-123.0,0.5515695067264574,win,1.0,0.8130081300813008,1.3046976303370488,48.75164882706395,-3.0,49.0,0.5,122,0.49836417275584616,122,202209.0,platt
2022_10_CLE_MIA,2022,10,202210,total,over,0.392,-110.0,0.5238095238095238,win,1.0,0.9090909090909092,1.3046976303370488,48.75164882706395,-3.0,49.0,0.4285714285714285,124,0.4748439510391818,124,202209.0,platt
2022_10_CLE_MIA,2022,10,202210,total,under,0.608,-102.0,0.504950495049505,loss,0.0,-1.0,1.3046976303370488,48.75164882706395,-3.0,49.0,0.5714285714285714,124,0.5251560489608181,124,202209.0,platt
2022_10_DAL_GB,2022,10,202210,spread,away,0.472,-113.0,0.5305164319248826,loss,0.0,-1.0,-4.28649304210173,44.14020942793226,3.5,44.5,0.5,122,0.4977086744485994,122,202209.0,platt
2022_10_DAL_GB,2022,10,202210,spread,home,0.528,102.0,0.495049504950495,win,1.0,1.02,-4.28649304210173,44.14020942793226,3.5,44.5,0.5,122,0.5022913255514005,122,202209.0,platt
2022_10_DAL_GB,2022,10,202210,total,over,0.384,-108.0,0.5192307692307693,win,1.0,0.925925925925926,-4.28649304210173,44.14020942793226,3.5,44.5,0.4285714285714285,124,0.4729165942867634,124,202209.0,platt
2022_10_DAL_GB,2022,10,202210,total,under,0.616,-104.0,0.5098039215686274,loss,0.0,-1.0,-4.28649304210173,44.14020942793226,3.5,44.5,0.5714285714285714,124,0.5270834057132366,124,202209.0,platt
2022_10_DEN_TEN,2022,10,202210,spread,away,0.3279999999999999,-105.0,0.5121951219512195,loss,0.0,-1.0,5.980584632538298,42.80963881222746,-2.5,40.0,0.4411764705882353,122,0.48534586505154736,122,202209.0,platt
2022_10_DEN_TEN,2022,10,202210,spread,home,0.672,-105.0,0.5121951219512195,win,1.0,0.9523809523809524,5.980584632538298,42.80963881222746,-2.5,40.0,0.5588235294117647,122,0.5146541349484527,122,202209.0,platt
2022_10_DEN_TEN,2022,10,202210,total,over,0.44,-105.0,0.5121951219512195,loss,0.0,-1.0,5.980584632538298,42.80963881222746,-2.5,40.0,0.5,124,0.48616978361229124,124,202209.0,platt
2022_10_DEN_TEN,2022,10,202210,total,under,0.56,-107.0,0.5169082125603864,win,1.0,0.9345794392523364,5.980584632538298,42.80963881222746,-2.5,40.0,0.5,124,0.5138302163877088,124,202209.0,platt
2022_10_DET_CHI,2022,10,202210,spread,away,0.5680000000000001,-105.0,0.5121951219512195,win,1.0,0.9523809523809524,0.4843380128539523,42.779538471106605,-3.0,48.5,0.5,122,0.5055932892585958,122,202209.0,platt
2022_10_DET_CHI,2022,10,202210,spread,home,0.432,-105.0,0.5121951219512195,loss,0.0,-1.0,0.4843380128539523,42.779538471106605,-3.0,48.5,0.5,122,0.49440671074140424,122,202209.0,platt
2022_10_DET_CHI,2022,10,202210,total,over,0.272,101.0,0.4975124378109453,win,1.0,1.01,0.4843380128539523,42.779538471106605,-3.0,48.5,0.0,124,0.4437652509961959,124,202209.0,platt
2022_10_DET_CHI,2022,10,202210,total,under,0.728,-114.0,0.5327102803738317,loss,0.0,-1.0,0.4843380128539523,42.779538471106605,-3.0,48.5,1.0,124,0.5562347490038041,124,202209.0,platt
2022_10_HOU_NYG,2022,10,202210,spread,away,0.344,-112.0,0.5283018867924528,loss,0.0,-1.0,8.446323276993347,43.6877192250192,-5.5,41.5,0.4411764705882353,122,0.48681058391067583,122,202209.0,platt
2022_10_HOU_NYG,2022,10,202210,spread,home,0.656,102.0,0.495049504950495,win,1.0,1.02,8.446323276993347,43.6877192250192,-5.5,41.5,0.5588235294117647,122,0.5131894160893241,122,202209.0,platt
2022_10_HOU_NYG,2022,10,202210,total,over,0.424,-103.0,0.5073891625615764,loss,0.0,-1.0,8.446323276993347,43.6877192250192,-5.5,41.5,0.4285714285714285,124,0.4824327334210132,124,202209.0,platt
2022_10_HOU_NYG,2022,10,202210,total,under,0.5760000000000001,-109.0,0.5215311004784688,win,1.0,0.9174311926605504,8.446323276993347,43.6877192250192,-5.5,41.5,0.5714285714285714,124,0.5175672665789868,124,202209.0,platt
2022_10_IND_LV,2022,10,202210,spread,away,0.608,-112.0,0.5283018867924528,win,1.0,0.8928571428571429,0.5524058055430172,45.25865253072608,-4.5,41.0,0.5588235294117647,122,0.5089691050801518,122,202209.0,platt
2022_10_IND_LV,2022,10,202210,spread,home,0.392,101.0,0.4975124378109453,loss,0.0,-1.0,0.5524058055430172,45.25865253072608,-4.5,41.0,0.4411764705882353,122,0.4910308949198483,122,202209.0,platt
2022_10_IND_LV,2022,10,202210,total,over,0.504,-114.0,0.5327102803738317,win,1.0,0.8771929824561403,0.5524058055430172,45.25865253072608,-4.5,41.0,0.5,124,0.5009178243010355,124,202209.0,platt
2022_10_IND_LV,2022,10,202210,total,under,0.496,101.0,0.4975124378109453,loss,0.0,-1.0,0.5524058055430172,45.25865253072608,-4.5,41.0,0.5,124,0.49908217569896457,124,202209.0,platt
2022_10_JAX_KC,2022,10,202210,spread,away,0.5840000000000001,-120.0,0.5454545454545454,push,,0.0,7.037014818452295,48.832068017268845,-10.0,51.5,0.5,122,0.5069321086341959,122,202209.0,platt
2022_10_JAX_KC,2022,10,202210,spread,home,0.416,109.0,0.4784688995215311,push,,0.0,7.037014818452295,48.832068017268845,-10.0,51.5,0.5,122,0.4930678913658042,122,202209.0,platt
2022_10_JAX_KC,2022,10,202210,total,over,0.336,-102.0,0.504950495049505,loss,0.0,-1.0,7.037014818452295,48.832068017268845,-10.0,51.5,0.4285714285714285,124,0.4610054329876476,124,202209.0,platt
2022_10_JAX_KC,2022,10,202210,total,under,0.6639999999999999,-110.0,0.5238095238095238,win,1.0,0.9090909090909092,7.037014818452295,48.832068017268845,-10.0,51.5,0.5714285714285714,124,0.5389945670123524,124,202209.0,platt
2022_10_LAC_SF,2022,10,202210,spread,away,0.6,-105.0,0.5121951219512195,win,1.0,0.9523809523809524,5.253640638504832,50.57878399592063,-8.5,45.5,0.5588235294117647,122,0.5082857331684165,122,202209.0,platt
2022_10_LAC_SF,2022,10,202210,spread,home,0.4,-105.0,0.5121951219512195,loss,0.0,-1.0,5.253640638504832,50.57878399592063,-8.5,45.5,0.4411764705882353,122,0.4917142668315835,122,202209.0,platt
2022_10_LAC_SF,2022,10,202210,total,over,0.544,-113.0,0.5305164319248826,loss,0.0,-1.0,5.253640638504832,50.57878399592063,-8.5,45.5,0.5,124,0.5101206632924685,124,202209.0,platt
2022_10_LAC_SF,2022,10,202210,total,under,0.4559999999999999,101.0,0.4975124378109453,win,1.0,1.01,5.253640638504832,50.57878399592063,-8.5,45.5,0.5,124,0.4898793367075315,124,202209.0,platt
2022_10_MIN_BUF,2022,10,202210,spread,away,0.424,-104.0,0.5098039215686274,win,1.0,0.9615384615384616,7.369997339299523,47.239060612325815,-6.5,47.0,0.5,122,0.4937389566328398,122,202209.0,platt
2022_10_MIN_BUF,2022,10,202210,spread,home,0.576,-106.0,0.5145631067961165,loss,0.0,-1.0,7.369997339299523,47.239060612325815,-6.5,47.0,0.5,122,0.5062610433671603,122,202209.0,platt
2022_10_MIN_BUF,2022,10,202210,total,over,0.4,-107.0,0.5169082125603864,win,1.0,0.9345794392523364,7.369997339299523,47.239060612325815,-6.5,47.0,0.4285714285714285,124,0.4767581236026115,124,202209.0,platt
2022_10_MIN_BUF,2022,10,202210,total,under,0.6,-105.0,0.5121951219512195,loss,0.0,-1.0,7.369997339299523,47.239060612325815,-6.5,47.0,0.5714285714285714,124,0.5232418763973885,124,202209.0,platt
2022_10_NO_PIT,2022,10,202210,spread,away,0.6639999999999999,-103.0,0.5073891625615764,loss,0.0,-1.0,-4.847241251330531,40.874699826839134,-1.0,39.5,0.5588235294117647,122,0.5139174977217538,122,202209.0,platt
2022_10_NO_PIT,2022,10,202210,spread,home,0.336,-107.0,0.5169082125603864,win,1.0,0.9345794392523364,-4.847241251330531,40.874699826839134,-1.0,39.5,0.4411764705882353,122,0.4860825022782462,122,202209.0,platt
2022_10_NO_PIT,2022,10,202210,total,over,0.424,-109.0,0.5215311004784688,loss,0.0,-1.0,-4.847241251330531,40.874699826839134,-1.0,39.5,0.4285714285714285,124,0.4824327334210132,124,202209.0,platt
2022_10_NO_PIT,2022,10,202210,total,under,0.5760000000000001,-104.0,0.5098039215686274,win,1.0,0.9615384615384616,-4.847241251330531,40.874699826839134,-1.0,39.5,0.5714285714285714,124,0.5175672665789868,124,202209.0,platt
2022_10_SEA_TB,2022,10,202210,spread,away,0.52,103.0,0.4926108374384236,loss,0.0,-1.0,1.1166148684169472,47.75946224955822,-2.5,45.0,0.5,122,0.5016358272441537,122,202209.0,platt
2022_10_SEA_TB,2022,10,202210,spread,home,0.48,-114.0,0.5327102803738317,win,1.0,0.8771929824561403,1.1166148684169472,47.75946224955822,-2.5,45.0,0.5,122,0.49836417275584616,122,202209.0,platt
2022_10_SEA_TB,2022,10,202210,total,over,0.44,-108.0,0.5192307692307693,loss,0.0,-1.0,1.1166148684169472,47.75946224955822,-2.5,45.0,0.5,124,0.48616978361229124,124,202209.0,platt
2022_10_SEA_TB,2022,10,202210,total,under,0.56,-104.0,0.5098039215686274,win,1.0,0.9615384615384616,1.1166148684169472,47.75946224955822,-2.5,45.0,0.5,124,0.5138302163877088,124,202209.0,platt
2022_10_WAS_PHI,2022,10,202210,spread,away,0.528,-107.0,0.5169082125603864,win,1.0,0.9345794392523364,9.148367329558637,44.17582516772924,-11.0,43.0,0.5,122,0.5022913255514005,122,202209.0,platt
2022_10_WAS_PHI,2022,10,202210,spread,home,0.472,-103.0,0.5073891625615764,loss,0.0,-1.0,9.148367329558637,44.17582516772924,-11.0,43.0,0.5,122,0.4977086744485994,122,202209.0,platt
2022_10_WAS_PHI,2022,10,202210,total,over,0.416,-109.0,0.5215311004784688,win,1.0,0.9174311926605504,9.148367329558637,44.17582516772924,-11.0,43.0,0.4285714285714285,124,0.48055143356976204,124,202209.0,platt
2022_10_WAS_PHI,2022,10,202210,total,under,0.5840000000000001,-103.0,0.5073891625615764,loss,0.0,-1.0,9.148367329558637,44.17582516772924,-11.0,43.0,0.5714285714285714,124,0.519448566430238,124,202209.0,platt
2022_11_CAR_BAL,2022,11,202211,spread,away,0.5942028985507246,-117.0,0.5391705069124424,win,1.0,0.8547008547008547,9.837365346279247,44.722887360124346,-13.0,42.0,0.5897435897435898,146,0.5267034336201131,146,202210.0,platt
2022_11_CAR_BAL,2022,11,202211,spread,home,0.4057971014492754,106.0,0.4854368932038835,loss,0.0,-1.0,9.837365346279247,44.722887360124346,-13.0,42.0,0.4102564102564102,146,0.47329656637988693,146,202210.0,platt
2022_11_CAR_BAL,2022,11,202211,total,over,0.4420289855072464,-100.0,0.5,loss,0.0,-1.0,9.837365346279247,44.722887360124346,-13.0,42.0,0.4545807453416149,150,0.4938722120470074,150,202210.0,platt
2022_11_CAR_BAL,2022,11,202211,total,under,0.5579710144927537,-112.0,0.5283018867924528,win,1.0,0.8928571428571429,9.837365346279247,44.722887360124346,-13.0,42.0,0.5454192546583851,150,0.5061277879529926,150,202210.0,platt
2022_11_CHI_ATL,2022,11,202211,spread,away,0.5217391304347826,-122.0,0.5495495495495496,push,,0.0,1.3402552798634342,48.69635388388167,-3.0,48.5,0.5,146,0.5060980543949544,146,202210.0,platt
2022_11_CHI_ATL,2022,11,202211,spread,home,0.4782608695652174,110.0,0.4761904761904761,push,,0.0,1.3402552798634342,48.69635388388167,-3.0,48.5,0.5,146,0.49390194560504563,146,202210.0,platt
2022_11_CHI_ATL,2022,11,202211,total,over,0.3985507246376811,-104.0,0.5098039215686274,win,1.0,0.9615384615384616,1.3402552798634342,48.69635388388167,-3.0,48.5,0.4464285714285714,150,0.48917552220330873,150,202210.0,platt
2022_11_CHI_ATL,2022,11,202211,total,under,0.6014492753623188,-108.0,0.5192307692307693,loss,0.0,-1.0,1.3402552798634342,48.69635388388167,-3.0,48.5,0.5535714285714286,150,0.5108244777966913,150,202210.0,platt
2022_11_CIN_PIT,2022,11,202211,spread,away,0.5289855072463768,101.0,0.4975124378109453,win,1.0,1.01,-5.36487060120054,42.82459978805778,3.5,39.0,0.5238095238095238,146,0.5081344196797178,146,202210.0,platt
2022_11_CIN_PIT,2022,11,202211,spread,home,0.4710144927536231,-111.0,0.5260663507109005,loss,0.0,-1.0,-5.36487060120054,42.82459978805778,3.5,39.0,0.4761904761904761,146,0.49186558032028227,146,202210.0,platt
2022_11_CIN_PIT,2022,11,202211,total,over,0.4855072463768116,-112.0,0.5283018867924528,win,1.0,0.8928571428571429,-5.36487060120054,42.82459978805778,3.5,39.0,0.5,150,0.4984744432588947,150,202210.0,platt
2022_11_CIN_PIT,2022,11,202211,total,under,0.5144927536231885,100.0,0.5,loss,0.0,-1.0,-5.36487060120054,42.82459978805778,3.5,39.0,0.5,150,0.5015255567411053,150,202210.0,platt
2022_11_CLE_BUF,2022,11,202211,spread,away,0.5072463768115942,-103.0,0.5073891625615764,loss,0.0,-1.0,6.388422657943768,50.256463348616215,-7.5,50.5,0.5,146,0.5020316351158793,146,202210.0,platt
2022_11_CLE_BUF,2022,11,202211,spread,home,0.4927536231884058,-108.0,0.5192307692307693,win,1.0,0.925925925925926,6.388422657943768,50.256463348616215,-7.5,50.5,0.5,146,0.49796836488412066,146,202210.0,platt
2022_11_CLE_BUF,2022,11,202211,total,over,0.391304347826087,-109.0,0.5215311004784688,win,1.0,0.9174311926605504,6.388422657943768,50.256463348616215,-7.5,50.5,0.4464285714285714,150,0.4883781084683639,150,202210.0,platt
2022_11_CLE_BUF,2022,11,202211,total,under,0.6086956521739131,-103.0,0.5073891625615764,loss,0.0,-1.0,6.388422657943768,50.256463348616215,-7.5,50.5,0.5535714285714286,150,0.5116218915316362,150,202210.0,platt
2022_11_DAL_MIN,2022,11,202211,spread,away,0.572463768115942,-115.0,0.5348837209302325,win,1.0,0.8695652173913043,-4.2853293565339445,50.10089637168868,1.5,48.5,0.5238095238095238,146,0.5204476820172216,146,202210.0,platt
2022_11_DAL_MIN,2022,11,202211,spread,home,0.427536231884058,104.0,0.4901960784313725,loss,0.0,-1.0,-4.2853293565339445,50.10089637168868,1.5,48.5,0.4761904761904761,146,0.4795523179827784,146,202210.0,platt
2022_11_DAL_MIN,2022,11,202211,total,over,0.427536231884058,-103.0,0.5073891625615764,loss,0.0,-1.0,-4.2853293565339445,50.10089637168868,1.5,48.5,0.4464285714285714,150,0.492320860216523,150,202210.0,platt
2022_11_DAL_MIN,2022,11,202211,total,under,0.572463768115942,-109.0,0.5215311004784688,win,1.0,0.9174311926605504,-4.2853293565339445,50.10089637168868,1.5,48.5,0.5535714285714286,150,0.5076791397834769,150,202210.0,platt
2022_11_DET_NYG,2022,11,202211,spread,away,0.4710144927536231,-104.0,0.5098039215686274,win,1.0,0.9615384615384616,2.23461178113758,42.975665122142274,-3.0,44.0,0.4761904761904761,146,0.49186558032028227,146,202210.0,platt
2022_11_DET_NYG,2022,11,202211,spread,home,0.5289855072463768,-107.0,0.5169082125603864,loss,0.0,-1.0,2.23461178113758,42.975665122142274,-3.0,44.0,0.5238095238095238,146,0.5081344196797178,146,202210.0,platt
2022_11_DET_NYG,2022,11,202211,total,over,0.3695652173913043,-116.0,0.5370370370370371,win,1.0,0.8620689655172413,2.23461178113758,42.975665122142274,-3.0,44.0,0.4464285714285714,150,0.4859527543580725,150,202210.0,platt
2022_11_DET_NYG,2022,11,202211,total,under,0.6304347826086957,103.0,0.4926108374384236,loss,0.0,-1.0,2.23461178113758,42.975665122142274,-3.0,44.0,0.5535714285714286,150,0.5140472456419275,150,202210.0,platt
2022_11_KC_LAC,2022,11,202211,spread,away,0.6086956521739131,-102.0,0.504950495049505,loss,0.0,-1.0,-8.861887215586858,55.75103565476298,5.5,52.5,0.5897435897435898,146,0.5309271505867369,146,202210.0,platt
2022_11_KC_LAC,2022,11,202211,spread,home,0.391304347826087,-108.0,0.5192307692307693,win,1.0,0.925925925925926,-8.861887215586858,55.75103565476298,5.5,52.5,0.4102564102564102,146,0.46907284941326305,146,202210.0,platt
2022_11_KC_LAC,2022,11,202211,total,over,0.4710144927536231,-110.0,0.5238095238095238,win,1.0,0.9090909090909092,-8.861887215586858,55.75103565476298,5.5,52.5,0.5,150,0.49694634582912584,150,202210.0,platt
2022_11_KC_LAC,2022,11,202211,total,under,0.5289855072463768,-102.0,0.504950495049505,loss,0.0,-1.0,-8.861887215586858,55.75103565476298,5.5,52.5,0.5,150,0.5030536541708741,150,202210.0,platt
2022_11_LA_NO,2022,11,202211,spread,away,0.4347826086956522,-115.0,0.5348837209302325,loss,0.0,-1.0,2.806527536777266,45.241796277351234,-2.5,39.5,0.4761904761904761,146,0.4816199904407476,146,202210.0,platt
2022_11_LA_NO,2022,11,202211,spread,home,0.5652173913043478,104.0,0.4901960784313725,win,1.0,1.04,2.806527536777266,45.241796277351234,-2.5,39.5,0.5238095238095238,146,0.5183800095592525,146,202210.0,platt
2022_11_LA_NO,2022,11,202211,total,over,0.5869565217391305,-106.0,0.5145631067961165,win,1.0,0.9433962264150944,2.806527536777266,45.241796277351234,-2.5,39.5,0.5535714285714286,150,0.5092437204320015,150,202210.0,platt
2022_11_LA_NO,2022,11,202211,total,under,0.4130434782608695,-106.0,0.5145631067961165,loss,0.0,-1.0,2.806527536777266,45.241796277351234,-2.5,39.5,0.4464285714285714,150,0.4907562795679984,150,202210.0,platt
2022_11_LV_DEN,2022,11,202211,spread,away,0.5507246376811594,106.0,0.4854368932038835,win,1.0,1.06,0.3584068376777575,44.79247565590604,-2.5,41.5,0.5238095238095238,146,0.514265744618463,146,202210.0,platt
2022_11_LV_DEN,2022,11,202211,spread,home,0.4492753623188406,-117.0,0.5391705069124424,loss,0.0,-1.0,0.3584068376777575,44.79247565590604,-2.5,41.5,0.4761904761904761,146,0.485734255381537,146,202210.0,platt
2022_11_LV_DEN,2022,11,202211,total,over,0.4710144927536231,100.0,0.5,loss,0.0,-1.0,0.3584068376777575,44.79247565590604,-2.5,41.5,0.5,150,0.49694634582912584,150,202210.0,platt
2022_11_LV_DEN,2022,11,202211,total,under,0.5289855072463768,-113.0,0.5305164319248826,win,1.0,0.8849557522123894,0.3584068376777575,44.79247565590604,-2.5,41.5,0.5,150,0.5030536541708741,150,202210.0,platt
2022_11_NYJ_NE,2022,11,202211,spread,away,0.3333333333333333,-109.0,0.5215311004784688,loss,0.0,-1.0,6.536923166561661,37.71905455097025,-3.5,38.5,0.4102564102564102,146,0.4515717661443149,146,202210.0,platt
2022_11_NYJ_NE,2022,11,202211,spread,home,0.6666666666666666,-102.0,0.504950495049505,win,1.0,0.9803921568627452,6.536923166561661,37.71905455097025,-3.5,38.5,0.5897435897435898,146,0.5484282338556852,146,202210.0,platt
2022_11_NYJ_NE,2022,11,202211,total,over,0.3768115942028985,-109.0,0.5215311004784688,loss,0.0,-1.0,6.536923166561661,37.71905455097025,-3.5,38.5,0.4464285714285714,150,0.4867671582323127,150,202210.0,platt
2022_11_NYJ_NE,2022,11,202211,total,under,0.6231884057971014,-103.0,0.5073891625615764,win,1.0,0.970873786407767,6.536923166561661,37.71905455097025,-3.5,38.5,0.5535714285714286,150,0.5132328417676872,150,202210.0,platt
2022_11_PHI_IND,2022,11,202211,spread,away,0.3768115942028985,-108.0,0.5192307692307693,loss,0.0,-1.0,-4.832373321522634,45.749103508097576,6.5,45.5,0.4102564102564102,146,0.4647973739897098,146,202210.0,platt
2022_11_PHI_IND,2022,11,202211,spread,home,0.6231884057971014,-102.0,0.504950495049505,win,1.0,0.9803921568627452,-4.832373321522634,45.749103508097576,6.5,45.5,0.5897435897435898,146,0.5352026260102902,146,202210.0,platt
2022_11_PHI_IND,2022,11,202211,total,over,0.3985507246376811,-109.0,0.5215311004784688,loss,0.0,-1.0,-4.832373321522634,45.749103508097576,6.5,45.5,0.4464285714285714,150,0.48917552220330873,150,202210.0,platt
2022_11_PHI_IND,2022,11,202211,total,under,0.6014492753623188,-103.0,0.5073891625615764,win,1.0,0.970873786407767,-4.832373321522634,45.749103508097576,6.5,45.5,0.5535714285714286,150,0.5108244777966913,150,202210.0,platt
2022_11_SF_ARI,2022,11,202211,spread,away,0.3188405797101449,103.0,0.4926108374384236,win,1.0,1.03,-6.360609339846415,47.46321781102392,10.0,43.5,0.4102564102564102,146,0.4469965719509886,146,202210.0,platt
2022_11_SF_ARI,2022,11,202211,spread,home,0.6811594202898551,-113.0,0.5305164319248826,loss,0.0,-1.0,-6.360609339846415,47.46321781102392,10.0,43.5,0.5897435897435898,146,0.5530034280490115,146,202210.0,platt
2022_11_SF_ARI,2022,11,202211,total,over,0.4927536231884058,101.0,0.4975124378109453,win,1.0,1.01,-6.360609339846415,47.46321781102392,10.0,43.5,0.5,150,0.4992373801243408,150,202210.0,platt
2022_11_SF_ARI,2022,11,202211,total,under,0.5072463768115942,-114.0,0.5327102803738317,loss,0.0,-1.0,-6.360609339846415,47.46321781102392,10.0,43.5,0.5,150,0.5007626198756592,150,202210.0,platt
2022_11_TEN_GB,2022,11,202211,spread,away,0.5289855072463768,106.0,0.4854368932038835,win,1.0,1.06,1.1818285323288311,42.18743616594767,-3.0,40.5,0.5238095238095238,146,0.5081344196797178,146,202210.0,platt
2022_11_TEN_GB,2022,11,202211,spread,home,0.4710144927536231,-117.0,0.5391705069124424,loss,0.0,-1.0,1.1818285323288311,42.18743616594767,-3.0,40.5,0.4761904761904761,146,0.49186558032028227,146,202210.0,platt
2022_11_TEN_GB,2022,11,202211,total,over,0.427536231884058,-103.0,0.5073891625615764,win,1.0,0.970873786407767,1.1818285323288311,42.18743616594767,-3.0,40.5,0.4464285714285714,150,0.492320860216523,150,202210.0,platt
2022_11_TEN_GB,2022,11,202211,total,under,0.572463768115942,-109.0,0.5215311004784688,loss,0.0,-1.0,1.1818285323288311,42.18743616594767,-3.0,40.5,0.5535714285714286,150,0.5076791397834769,150,202210.0,platt
2022_11_WAS_HOU,2022,11,202211,spread,away,0.6086956521739131,-100.0,0.5,win,1.0,1.0,-6.374896105245714,44.83103113841386,3.0,41.0,0.5897435897435898,146,0.5309271505867369,146,202210.0,platt
2022_11_WAS_HOU,2022,11,202211,spread,home,0.391304347826087,-110.0,0.5238095238095238,loss,0.0,-1.0,-6.374896105245714,44.83103113841386,3.0,41.0,0.4102564102564102,146,0.46907284941326305,146,202210.0,platt
2022_11_WAS_HOU,2022,11,202211,total,over,0.4855072463768116,-106.0,0.5145631067961165,loss,0.0,-1.0,-6.374896105245714,44.83103113841386,3.0,41.0,0.5,150,0.4984744432588947,150,202210.0,platt
2022_11_WAS_HOU,2022,11,202211,total,under,0.5144927536231885,-106.0,0.5145631067961165,win,1.0,0.9433962264150944,-6.374896105245714,44.83103113841386,3.0,41.0,0.5,150,0.5015255567411053,150,202210.0,platt
2022_12_ATL_WAS,2022,12,202212,spread,away,0.4539473684210526,-110.0,0.5238095238095238,loss,0.0,-1.0,3.139008344312201,41.82966199293861,-3.5,40.5,0.4074074074074074,172,0.4802883611182378,172,202211.0,platt
2022_12_ATL_WAS,2022,12,202212,spread,home,0.5460526315789473,-100.0,0.5,win,1.0,1.0,3.139008344312201,41.82966199293861,-3.5,40.5,0.5925925925925926,172,0.5197116388817621,172,202211.0,platt
2022_12_ATL_WAS,2022,12,202212,total,over,0.4407894736842105,101.0,0.4975124378109453,loss,0.0,-1.0,3.139008344312201,41.82966199293861,-3.5,40.5,0.4461538461538462,178,0.4937017313056869,178,202211.0,platt
2022_12_ATL_WAS,2022,12,202212,total,under,0.5592105263157895,-114.0,0.5327102803738317,win,1.0,0.8771929824561403,3.139008344312201,41.82966199293861,-3.5,40.5,0.5538461538461539,178,0.5062982686943132,178,202211.0,platt
2022_12_BAL_JAX,2022,12,202212,spread,away,0.381578947368421,111.0,0.4739336492890995,loss,0.0,-1.0,-1.6265964583823531,41.05603350241903,3.5,43.0,0.4,172,0.4486335275543681,172,202211.0,platt
2022_12_BAL_JAX,2022,12,202212,spread,home,0.618421052631579,-123.0,0.5515695067264574,win,1.0,0.8130081300813008,-1.6265964583823531,41.05603350241903,3.5,43.0,0.6,172,0.5513664724456319,172,202211.0,platt
2022_12_BAL_JAX,2022,12,202212,total,over,0.3421052631578947,-111.0,0.5260663507109005,win,1.0,0.9009009009009008,-1.6265964583823531,41.05603350241903,3.5,43.0,0.4461538461538462,178,0.4826979261751236,178,202211.0,platt
2022_12_BAL_JAX,2022,12,202212,total,under,0.6578947368421053,-102.0,0.504950495049505,loss,0.0,-1.0,-1.6265964583823531,41.05603350241903,3.5,43.0,0.5538461538461539,178,0.5173020738248765,178,202211.0,platt
2022_12_BUF_DET,2022,12,202212,spread,away,0.375,105.0,0.4878048780487805,loss,0.0,-1.0,-7.863450919074245,51.890379892420256,10.0,54.0,0.4,172,0.44568045865356,172,202211.0,platt
2022_12_BUF_DET,2022,12,202212,spread,home,0.625,-116.0,0.5370370370370371,win,1.0,0.8620689655172413,-7.863450919074245,51.890379892420256,10.0,54.0,0.6,172,0.55431954134644,172,202211.0,platt
2022_12_BUF_DET,2022,12,202212,total,over,0.3421052631578947,-110.0,0.5238095238095238,loss,0.0,-1.0,-7.863450919074245,51.890379892420256,10.0,54.0,0.4461538461538462,178,0.4826979261751236,178,202211.0,platt
2022_12_BUF_DET,2022,12,202212,total,under,0.6578947368421053,-102.0,0.504950495049505,win,1.0,0.9803921568627452,-7.863450919074245,51.890379892420256,10.0,54.0,0.5538461538461539,178,0.5173020738248765,178,202211.0,platt
2022_12_CHI_NYJ,2022,12,202212,spread,away,0.7960526315789473,-107.0,0.5169082125603864,loss,0.0,-1.0,0.2602654925683857,47.05344261689493,-8.5,36.5,1.0,172,0.6414203271341179,172,202211.0,platt
2022_12_CHI_NYJ,2022,12,202212,spread,home,0.2039473684210526,-103.0,0.5073891625615764,win,1.0,0.970873786407767,0.2602654925683857,47.05344261689493,-8.5,36.5,0.0,172,0.35857967286588205,172,202211.0,platt
2022_12_CHI_NYJ,2022,12,202212,total,over,0.7039473684210527,-109.0,0.5215311004784688,win,1.0,0.9174311926605504,0.2602654925683857,47.05344261689493,-8.5,36.5,0.5833333333333334,178,0.5229107739924983,178,202211.0,platt
2022_12_CHI_NYJ,2022,12,202212,total,under,0.2960526315789473,-103.0,0.5073891625615764,loss,0.0,-1.0,0.2602654925683857,47.05344261689493,-8.5,36.5,0.4166666666666667,178,0.47708922600750175,178,202211.0,platt
2022_12_CIN_TEN,2022,12,202212,spread,away,0.493421052631579,102.0,0.495049504950495,win,1.0,1.02,-1.8433628727168416,47.64934785923175,1.0,43.0,0.5,172,0.4971904439567025,172,202211.0,platt
2022_12_CIN_TEN,2022,12,202212,spread,home,0.506578947368421,-113.0,0.5305164319248826,loss,0.0,-1.0,-1.8433628727168416,47.64934785923175,1.0,43.0,0.5,172,0.5028095560432976,172,202211.0,platt
2022_12_CIN_TEN,2022,12,202212,total,over,0.5263157894736842,105.0,0.4878048780487805,loss,0.0,-1.0,-1.8433628727168416,47.64934785923175,1.0,43.0,0.5,178,0.5027887916359159,178,202211.0,platt
2022_12_CIN_TEN,2022,12,202212,total,under,0.4736842105263158,-118.0,0.5412844036697247,win,1.0,0.847457627118644,-1.8433628727168416,47.64934785923175,1.0,43.0,0.5,178,0.49721120836408406,178,202211.0,platt
2022_12_DEN_CAR,2022,12,202212,spread,away,0.4671052631578947,-109.0,0.5215311004784688,loss,0.0,-1.0,-1.71879262532418,40.13099630270345,1.0,36.5,0.4074074074074074,172,0.4859362739963478,172,202211.0,platt
2022_12_DEN_CAR,2022,12,202212,spread,home,0.5328947368421053,-101.0,0.5024875621890548,win,1.0,0.99009900990099,-1.71879262532418,40.13099630270345,1.0,36.5,0.5925925925925926,172,0.5140637260036521,172,202211.0,platt
2022_12_DEN_CAR,2022,12,202212,total,over,0.4868421052631579,-101.0,0.5024875621890548,loss,0.0,-1.0,-1.71879262532418,40.13099630270345,1.0,36.5,0.5,178,0.49860656010395366,178,202211.0,platt
2022_12_DEN_CAR,2022,12,202212,total,under,0.513157894736842,-111.0,0.5260663507109005,win,1.0,0.9009009009009008,-1.71879262532418,40.13099630270345,1.0,36.5,0.5,178,0.5013934398960462,178,202211.0,platt
2022_12_GB_PHI,2022,12,202212,spread,away,0.5,-105.0,0.5121951219512195,loss,0.0,-1.0,5.576844607860004,40.49704827632734,-6.5,46.0,0.5,172,0.5,172,202211.0,platt
2022_12_GB_PHI,2022,12,202212,spread,home,0.5,-105.0,0.5121951219512195,win,1.0,0.9523809523809524,5.576844607860004,40.49704827632734,-6.5,46.0,0.5,172,0.5,172,202211.0,platt
2022_12_GB_PHI,2022,12,202212,total,over,0.2697368421052631,-106.0,0.5145631067961165,win,1.0,0.9433962264150944,5.576844607860004,40.49704827632734,-6.5,46.0,0.4166666666666667,178,0.47366207254674586,178,202211.0,platt
2022_12_GB_PHI,2022,12,202212,total,under,0.7302631578947368,-106.0,0.5145631067961165,loss,0.0,-1.0,5.576844607860004,40.49704827632734,-6.5,46.0,0.5833333333333334,178,0.5263379274532543,178,202211.0,platt
2022_12_HOU_MIA,2022,12,202212,spread,away,0.5197368421052632,-101.0,0.5024875621890548,loss,0.0,-1.0,12.847369252307432,47.779335855937816,-14.0,47.0,0.5,172,0.5084318526239082,172,202211.0,platt
2022_12_HOU_MIA,2022,12,202212,spread,home,0.4802631578947368,-109.0,0.5215311004784688,win,1.0,0.9174311926605504,12.847369252307432,47.779335855937816,-14.0,47.0,0.5,172,0.49156814737609184,172,202211.0,platt
2022_12_HOU_MIA,2022,12,202212,total,over,0.4342105263157895,-109.0,0.5215311004784688,loss,0.0,-1.0,12.847369252307432,47.779335855937816,-14.0,47.0,0.4461538461538462,178,0.49299422822957084,178,202211.0,platt
2022_12_HOU_MIA,2022,12,202212,total,under,0.5657894736842105,-103.0,0.5073891625615764,win,1.0,0.970873786407767,12.847369252307432,47.779335855937816,-14.0,47.0,0.5538461538461539,178,0.5070057717704293,178,202211.0,platt
2022_12_LAC_ARI,2022,12,202212,spread,away,0.381578947368421,-108.0,0.5192307692307693,loss,0.0,-1.0,-0.8006763638968385,50.321831631525306,2.5,48.5,0.4,172,0.4486335275543681,172,202211.0,platt
2022_12_LAC_ARI,2022,12,202212,spread,home,0.618421052631579,-102.0,0.504950495049505,win,1.0,0.9803921568627452,-0.8006763638968385,50.321831631525306,2.5,48.5,0.6,172,0.5513664724456319,172,202211.0,platt
2022_12_LAC_ARI,2022,12,202212,total,over,0.4407894736842105,-112.0,0.5283018867924528,win,1.0,0.8928571428571429,-0.8006763638968385,50.321831631525306,2.5,48.5,0.4461538461538462,178,0.4937017313056869,178,202211.0,platt
2022_12_LAC_ARI,2022,12,202212,total,under,0.5592105263157895,-100.0,0.5,loss,0.0,-1.0,-0.8006763638968385,50.321831631525306,2.5,48.5,0.5538461538461539,178,0.5062982686943132,178,202211.0,platt
2022_12_LV_SEA,2022,12,202212,spread,away,0.3026315789473685,-107.0,0.5169082125603864,win,1.0,0.9345794392523364,8.756672356743604,48.323591611182216,-4.0,47.5,0.4,172,0.41181055965616864,172,202211.0,platt
2022_12_LV_SEA,2022,12,202212,spread,home,0.6973684210526315,-103.0,0.5073891625615764,loss,0.0,-1.0,8.756672356743604,48.323591611182216,-4.0,47.5,0.6,172,0.5881894403438312,172,202211.0,platt
2022_12_LV_SEA,2022,12,202212,total,over,0.4342105263157895,-109.0,0.5215311004784688,win,1.0,0.9174311926605504,8.756672356743604,48.323591611182216,-4.0,47.5,0.4461538461538462,178,0.49299422822957084,178,202211.0,platt
2022_12_LV_SEA,2022,12,202212,total,under,0.5657894736842105,-103.0,0.5073891625615764,loss,0.0,-1.0,8.756672356743604,48.323591611182216,-4.0,47.5,0.5538461538461539,178,0.5070057717704293,178,202211.0,platt
2022_12_NE_MIN,2022,12,202212,spread,away,0.7763157894736842,-102.0,0.504950495049505,loss,0.0,-1.0,-5.228859623231384,45.147115738919375,-2.5,42.5,1.0,172,0.6298018085009253,172,202211.0,platt
2022_12_NE_MIN,2022,12,202212,spread,home,0.2236842105263158,-108.0,0.5192307692307693,win,1.0,0.925925925925926,-5.228859623231384,45.147115738919375,-2.5,42.5,0.0,172,0.3701981914990748,172,202211.0,platt
2022_12_NE_MIN,2022,12,202212,total,over,0.4473684210526316,-106.0,0.5145631067961165,win,1.0,0.9433962264150944,-5.228859623231384,45.147115738919375,-2.5,42.5,0.4715872521540536,178,0.4944070265735304,178,202211.0,platt
2022_12_NE_MIN,2022,12,202212,total,under,0.5526315789473684,-106.0,0.5145631067961165,loss,0.0,-1.0,-5.228859623231384,45.147115738919375,-2.5,42.5,0.5284127478459459,178,0.5055929734264695,178,202211.0,platt
2022_12_NO_SF,2022,12,202212,spread,away,0.625,-113.0,0.5305164319248826,loss,0.0,-1.0,5.950401027982419,48.339475473728896,-9.5,44.0,0.6,172,0.55431954134644,172,202211.0,platt
2022_12_NO_SF,2022,12,202212,spread,home,0.375,103.0,0.4926108374384236,win,1.0,1.03,5.950401027982419,48.339475473728896,-9.5,44.0,0.4,172,0.44568045865356,172,202211.0,platt
2022_12_NO_SF,2022,12,202212,total,over,0.5197368421052632,103.0,0.4926108374384236,loss,0.0,-1.0,5.950401027982419,48.339475473728896,-9.5,44.0,0.5,178,0.5020907568634267,178,202211.0,platt
2022_12_NO_SF,2022,12,202212,total,under,0.4802631578947368,-116.0,0.5370370370370371,win,1.0,0.8620689655172413,5.950401027982419,48.339475473728896,-9.5,44.0,0.5,178,0.4979092431365733,178,202211.0,platt
2022_12_NYG_DAL,2022,12,202212,spread,away,0.506578947368421,-114.0,0.5327102803738317,win,1.0,0.8771929824561403,9.553177770075624,51.72000308413219,-10.5,45.5,0.5,172,0.5028095560432976,172,202211.0,platt
2022_12_NYG_DAL,2022,12,202212,spread,home,0.4934210526315789,104.0,0.4901960784313725,loss,0.0,-1.0,9.553177770075624,51.72000308413219,-10.5,45.5,0.5,172,0.4971904439567025,172,202211.0,platt
2022_12_NYG_DAL,2022,12,202212,total,over,0.5986842105263158,-106.0,0.5145631067961165,win,1.0,0.9433962264150944,9.553177770075624,51.72000308413219,-10.5,45.5,0.5538461538461539,178,0.5105857634432913,178,202211.0,platt
2022_12_NYG_DAL,2022,12,202212,total,under,0.4013157894736842,-106.0,0.5145631067961165,loss,0.0,-1.0,9.553177770075624,51.72000308413219,-10.5,45.5,0.4461538461538462,178,0.4894142365567087,178,202211.0,platt
2022_12_PIT_IND,2022,12,202212,spread,away,0.5328947368421053,-110.0,0.5238095238095238,win,1.0,0.9090909090909092,1.086494657101948,44.743191880966144,-2.5,40.0,0.5925925925925926,172,0.5140637260036521,172,202211.0,platt
2022_12_PIT_IND,2022,12,202212,spread,home,0.4671052631578947,-100.0,0.5,loss,0.0,-1.0,1.086494657101948,44.743191880966144,-2.5,40.0,0.4074074074074074,172,0.4859362739963478,172,202211.0,platt
2022_12_PIT_IND,2022,12,202212,total,over,0.5328947368421053,101.0,0.4975124378109453,win,1.0,1.01,1.086494657101948,44.743191880966144,-2.5,40.0,0.5,178,0.5034877857926912,178,202211.0,platt
2022_12_PIT_IND,2022,12,202212,total,under,0.4671052631578947,-114.0,0.5327102803738317,loss,0.0,-1.0,1.086494657101948,44.743191880966144,-2.5,40.0,0.5,178,0.49651221420730884,178,202211.0,platt
2022_12_TB_CLE,2022,12,202212,spread,away,0.4407894736842105,-118.0,0.5412844036697247,loss,0.0,-1.0,-2.628832819969024,45.01722695171086,3.0,42.0,0.4074074074074074,172,0.4746178272267367,172,202211.0,platt
2022_12_TB_CLE,2022,12,202212,spread,home,0.5592105263157895,107.0,0.4830917874396135,win,1.0,1.07,-2.628832819969024,45.01722695171086,3.0,42.0,0.5925925925925926,172,0.5253821727732634,172,202211.0,platt
2022_12_TB_CLE,2022,12,202212,total,over,0.4802631578947368,-109.0,0.5215311004784688,loss,0.0,-1.0,-2.628832819969024,45.01722695171086,3.0,42.0,0.5,178,0.4979092431365733,178,202211.0,platt
2022_12_TB_CLE,2022,12,202212,total,under,0.5197368421052632,-103.0,0.5073891625615764,win,1.0,0.970873786407767,-2.628832819969024,45.01722695171086,3.0,42.0,0.5,178,0.5020907568634267,178,202211.0,platt
2022_13_BUF_NE,2022,13,202213,spread,away,0.3892215568862275,-105.0,0.5121951219512195,win,1.0,0.9523809523809524,-2.3422175143237296,43.31773773708619,3.5,43.5,0.3928571428571428,202,0.4797415280608852,202,202212.0,platt
2022_13_BUF_NE,2022,13,202213,spread,home,0.6107784431137725,-105.0,0.5121951219512195,loss,0.0,-1.0,-2.3422175143237296,43.31773773708619,3.5,43.5,0.6071428571428571,202,0.5202584719391149,202,202212.0,platt
2022_13_BUF_NE,2022,13,202213,total,over,0.4011976047904191,-109.0,0.5215311004784688,loss,0.0,-1.0,-2.3422175143237296,43.31773773708619,3.5,43.5,0.4444444444444444,208,0.48968034680731265,208,202212.0,platt
2022_13_BUF_NE,2022,13,202213,total,under,0.5988023952095809,-103.0,0.5073891625615764,win,1.0,0.970873786407767,-2.3422175143237296,43.31773773708619,3.5,43.5,0.5555555555555556,208,0.5103196531926875,208,202212.0,platt
2022_13_CLE_HOU,2022,13,202213,spread,away,0.4970059880239521,-108.0,0.5192307692307693,win,1.0,0.925925925925926,-8.539015315345601,48.60145889335818,7.5,47.0,0.5,202,0.4994612518445552,202,202212.0,platt
2022_13_CLE_HOU,2022,13,202213,spread,home,0.5029940119760479,-102.0,0.504950495049505,loss,0.0,-1.0,-8.539015315345601,48.60145889335818,7.5,47.0,0.5,202,0.500538748155445,202,202212.0,platt
2022_13_CLE_HOU,2022,13,202213,total,over,0.437125748502994,106.0,0.4854368932038835,loss,0.0,-1.0,-8.539015315345601,48.60145889335818,7.5,47.0,0.4444444444444444,208,0.4934842894804754,208,202212.0,platt
2022_13_CLE_HOU,2022,13,202213,total,under,0.562874251497006,-119.0,0.54337899543379,win,1.0,0.8403361344537815,-8.539015315345601,48.60145889335818,7.5,47.0,0.5555555555555556,208,0.5065157105195246,208,202212.0,platt
2022_13_DEN_BAL,2022,13,202213,spread,away,0.4730538922155688,-124.0,0.5535714285714286,win,1.0,0.8064516129032258,8.675908311664939,41.86771862229566,-9.5,40.5,0.4599016253207857,202,0.49514677278631564,202,202212.0,platt
2022_13_DEN_BAL,2022,13,202213,spread,home,0.5269461077844312,112.0,0.4716981132075472,loss,0.0,-1.0,8.675908311664939,41.86771862229566,-9.5,40.5,0.5400983746792121,202,0.5048532272136845,202,202212.0,platt
2022_13_DEN_BAL,2022,13,202213,total,over,0.437125748502994,-113.0,0.5305164319248826,loss,0.0,-1.0,8.675908311664939,41.86771862229566,-9.5,40.5,0.4444444444444444,208,0.4934842894804754,208,202212.0,platt
2022_13_DEN_BAL,2022,13,202213,total,under,0.562874251497006,100.0,0.5,win,1.0,1.0,8.675908311664939,41.86771862229566,-9.5,40.5,0.5555555555555556,208,0.5065157105195246,208,202212.0,platt
2022_13_GB_CHI,2022,13,202213,spread,away,0.4131736526946108,105.0,0.4878048780487805,win,1.0,1.05,-3.3487550870273366,46.16453448313378,4.0,45.0,0.3928571428571428,202,0.4842217768735385,202,202212.0,platt
2022_13_GB_CHI,2022,13,202213,spread,home,0.5868263473053892,-116.0,0.5370370370370371,loss,0.0,-1.0,-3.3487550870273366,46.16453448313378,4.0,45.0,0.6071428571428571,202,0.5157782231264616,202,202212.0,platt
2022_13_GB_CHI,2022,13,202213,total,over,0.4251497005988024,101.0,0.4975124378109453,win,1.0,1.01,-3.3487550870273366,46.16453448313378,4.0,45.0,0.4444444444444444,208,0.4922260223949311,208,202212.0,platt
2022_13_GB_CHI,2022,13,202213,total,under,0.5748502994011976,-114.0,0.5327102803738317,loss,0.0,-1.0,-3.3487550870273366,46.16453448313378,4.0,45.0,0.5555555555555556,208,0.5077739776050689,208,202212.0,platt
2022_13_IND_DAL,2022,13,202213,spread,away,0.4910179640718562,-109.0,0.5215311004784688,loss,0.0,-1.0,10.056654722822106,48.354744277206535,-11.0,44.5,0.5,202,0.49838360596699316,202,202212.0,platt
2022_13_IND_DAL,2022,13,202213,spread,home,0.5089820359281437,-101.0,0.5024875621890548,win,1.0,0.99009900990099,10.056654722822106,48.354744277206535,-11.0,44.5,0.5,202,0.501616394033007,202,202212.0,platt
2022_13_IND_DAL,2022,13,202213,total,over,0.5089820359281437,-108.0,0.5192307692307693,win,1.0,0.925925925925926,10.056654722822106,48.354744277206535,-11.0,44.5,0.5,208,0.5009260396740418,208,202212.0,platt
2022_13_IND_DAL,2022,13,202213,total,under,0.4910179640718562,-104.0,0.5098039215686274,loss,0.0,-1.0,10.056654722822106,48.354744277206535,-11.0,44.5,0.5,208,0.4990739603259582,208,202212.0,platt
2022_13_JAX_DET,2022,13,202213,spread,away,0.592814371257485,-100.0,0.5,loss,0.0,-1.0,-1.902250849597504,52.37033256412775,-1.0,51.5,0.6071428571428571,202,0.5168904645669075,202,202212.0,platt
2022_13_JAX_DET,2022,13,202213,spread,home,0.4071856287425149,-110.0,0.5238095238095238,win,1.0,0.9090909090909092,-1.902250849597504,52.37033256412775,-1.0,51.5,0.3928571428571428,202,0.4831095354330926,202,202212.0,platt
2022_13_JAX_DET,2022,13,202213,total,over,0.4251497005988024,101.0,0.4975124378109453,win,1.0,1.01,-1.902250849597504,52.37033256412775,-1.0,51.5,0.4444444444444444,208,0.4922260223949311,208,202212.0,platt
2022_13_JAX_DET,2022,13,202213,total,under,0.5748502994011976,-114.0,0.5327102803738317,loss,0.0,-1.0,-1.902250849597504,52.37033256412775,-1.0,51.5,0.5555555555555556,208,0.5077739776050689,208,202212.0,platt
2022_13_KC_CIN,2022,13,202213,spread,away,0.4311377245508981,-108.0,0.5192307692307693,loss,0.0,-1.0,-2.3659918276607,54.85562324854918,2.5,53.0,0.3928571428571428,202,0.4875322720718702,202,202212.0,platt
2022_13_KC_CIN,2022,13,202213,spread,home,0.5688622754491018,-102.0,0.504950495049505,win,1.0,0.9803921568627452,-2.3659918276607,54.85562324854918,2.5,53.0,0.6071428571428571,202,0.5124677279281299,202,202212.0,platt
2022_13_KC_CIN,2022,13,202213,total,over,0.437125748502994,-105.0,0.5121951219512195,loss,0.0,-1.0,-2.3659918276607,54.85562324854918,2.5,53.0,0.4444444444444444,208,0.4934842894804754,208,202212.0,platt
2022_13_KC_CIN,2022,13,202213,total,under,0.562874251497006,-107.0,0.5169082125603864,win,1.0,0.9345794392523364,-2.3659918276607,54.85562324854918,2.5,53.0,0.5555555555555556,208,0.5065157105195246,208,202212.0,platt
2022_13_LAC_LV,2022,13,202213,spread,away,0.6347305389221557,-102.0,0.504950495049505,loss,0.0,-1.0,-1.427272401388819,52.49674345274624,-2.5,49.0,0.6071428571428571,202,0.5248366616878515,202,202212.0,platt
2022_13_LAC_LV,2022,13,202213,spread,home,0.3652694610778443,-109.0,0.5215311004784688,win,1.0,0.9174311926605504,-1.427272401388819,52.49674345274624,-2.5,49.0,0.3928571428571428,202,0.47516333831214863,202,202212.0,platt
2022_13_LAC_LV,2022,13,202213,total,over,0.4790419161676646,-114.0,0.5327102803738317,loss,0.0,-1.0,-1.427272401388819,52.49674345274624,-2.5,49.0,0.5,208,0.49783821755153995,208,202212.0,platt
2022_13_LAC_LV,2022,13,202213,total,under,0.5209580838323353,102.0,0.495049504950495,win,1.0,1.02,-1.427272401388819,52.49674345274624,-2.5,49.0,0.5,208,0.5021617824484601,208,202212.0,platt
2022_13_NO_TB,2022,13,202213,spread,away,0.4431137724550898,-105.0,0.5121951219512195,win,1.0,0.9523809523809524,3.228950882258182,44.8541786665374,-3.5,41.0,0.3928571428571428,202,0.4897208397935364,202,202212.0,platt
2022_13_NO_TB,2022,13,202213,spread,home,0.5568862275449101,-105.0,0.5121951219512195,loss,0.0,-1.0,3.228950882258182,44.8541786665374,-3.5,41.0,0.6071428571428571,202,0.5102791602064637,202,202212.0,platt
2022_13_NO_TB,2022,13,202213,total,over,0.5089820359281437,-105.0,0.5121951219512195,loss,0.0,-1.0,3.228950882258182,44.8541786665374,-3.5,41.0,0.5,208,0.5009260396740418,208,202212.0,platt
2022_13_NO_TB,2022,13,202213,total,under,0.4910179640718562,-107.0,0.5169082125603864,win,1.0,0.9345794392523364,3.228950882258182,44.8541786665374,-3.5,41.0,0.5,208,0.4990739603259582,208,202212.0,platt
2022_13_NYJ_MIN,2022,13,202213,spread,away,0.5449101796407185,-117.0,0.5391705069124424,loss,0.0,-1.0,0.9610309257398922,49.740202772422485,-3.0,44.0,0.6071428571428571,202,0.5081022574172596,202,202212.0,platt
2022_13_NYJ_MIN,2022,13,202213,spread,home,0.4550898203592814,106.0,0.4854368932038835,win,1.0,1.06,0.9610309257398922,49.740202772422485,-3.0,44.0,0.3928571428571428,202,0.49189774258274055,202,202212.0,platt
2022_13_NYJ_MIN,2022,13,202213,total,over,0.592814371257485,-104.0,0.5098039215686274,win,1.0,0.9615384615384616,0.9610309257398922,49.740202772422485,-3.0,44.0,0.5555555555555556,208,0.5096790772485438,208,202212.0,platt
2022_13_NYJ_MIN,2022,13,202213,total,under,0.4071856287425149,-108.0,0.5192307692307693,loss,0.0,-1.0,0.9610309257398922,49.740202772422485,-3.0,44.0,0.4444444444444444,208,0.49032092275145617,208,202212.0,platt
2022_13_PIT_ATL,2022,13,202213,spread,away,0.4431137724550898,-105.0,0.5121951219512195,win,1.0,0.9523809523809524,-1.1904522015728722,49.0254220799459,1.0,43.0,0.3928571428571428,202,0.4897208397935364,202,202212.0,platt
2022_13_PIT_ATL,2022,13,202213,spread,home,0.5568862275449101,-105.0,0.5121951219512195,loss,0.0,-1.0,-1.1904522015728722,49.0254220799459,1.0,43.0,0.6071428571428571,202,0.5102791602064637,202,202212.0,platt
2022_13_PIT_ATL,2022,13,202213,total,over,0.592814371257485,-104.0,0.5098039215686274,loss,0.0,-1.0,-1.1904522015728722,49.0254220799459,1.0,43.0,0.5555555555555556,208,0.5096790772485438,208,202212.0,platt
2022_13_PIT_ATL,2022,13,202213,total,under,0.4071856287425149,-108.0,0.5192307692307693,win,1.0,0.925925925925926,-1.1904522015728722,49.0254220799459,1.0,43.0,0.4444444444444444,208,0.49032092275145617,208,202212.0,platt
2022_13_SEA_LA,2022,13,202213,spread,away,0.5329341317365269,107.0,0.4830917874396135,loss,0.0,-1.0,-8.705360124778611,47.36319359106606,7.0,41.0,0.6071428571428571,202,0.5059344753305007,202,202212.0,platt
2022_13_SEA_LA,2022,13,202213,spread,home,0.467065868263473,-118.0,0.5412844036697247,win,1.0,0.847457627118644,-8.705360124778611,47.36319359106606,7.0,41.0,0.3928571428571428,202,0.4940655246694993,202,202212.0,platt
2022_13_SEA_LA,2022,13,202213,total,over,0.6107784431137725,-114.0,0.5327102803738317,win,1.0,0.8771929824561403,-8.705360124778611,47.36319359106606,7.0,41.0,0.5555555555555556,208,0.5116104155714221,208,202212.0,platt
2022_13_SEA_LA,2022,13,202213,total,under,0.3892215568862275,101.0,0.4975124378109453,loss,0.0,-1.0,-8.705360124778611,47.36319359106606,7.0,41.0,0.4444444444444444,208,0.48838958442857794,208,202212.0,platt
2022_13_TEN_PHI,2022,13,202213,spread,away,0.5269461077844311,-109.0,0.5215311004784688,loss,0.0,-1.0,3.368113551575807,47.08542519877098,-5.0,44.5,0.540098374679205,202,0.5048532272136845,202,202212.0,platt
2022_13_TEN_PHI,2022,13,202213,spread,home,0.4730538922155688,-101.0,0.5024875621890548,win,1.0,0.99009900990099,3.368113551575807,47.08542519877098,-5.0,44.5,0.4599016253207892,202,0.49514677278631564,202,202212.0,platt
2022_13_TEN_PHI,2022,13,202213,total,over,0.4431137724550898,-114.0,0.5327102803738317,win,1.0,0.8771929824561403,3.368113551575807,47.08542519877098,-5.0,44.5,0.4557313943541486,208,0.4941104775459483,208,202212.0,platt
2022_13_TEN_PHI,2022,13,202213,total,under,0.5568862275449102,101.0,0.4975124378109453,loss,0.0,-1.0,3.368113551575807,47.08542519877098,-5.0,44.5,0.5442686056458517,208,0.5058895224540517,208,202212.0,platt
2022_13_WAS_NYG,2022,13,202213,spread,away,0.4191616766467065,105.0,0.4878048780487805,loss,0.0,-1.0,-1.9867909049776664,43.83295324325884,2.5,40.0,0.3928571428571428,202,0.48532941334160984,202,202212.0,platt
2022_13_WAS_NYG,2022,13,202213,spread,home,0.5808383233532934,-116.0,0.5370370370370371,win,1.0,0.8620689655172413,-1.9867909049776664,43.83295324325884,2.5,40.0,0.6071428571428571,202,0.5146705866583902,202,202212.0,platt
2022_13_WAS_NYG,2022,13,202213,total,over,0.5029940119760479,-108.0,0.5192307692307693,push,,0.0,-1.9867909049776664,43.83295324325884,2.5,40.0,0.5,208,0.5003086506867871,208,202212.0,platt
2022_13_WAS_NYG,2022,13,202213,total,under,0.4970059880239521,-104.0,0.5098039215686274,push,,0.0,-1.9867909049776664,43.83295324325884,2.5,40.0,0.5,208,0.49969134931321285,208,202212.0,platt
2022_14_BAL_PIT,2022,14,202214,spread,away,0.6408839779005524,-101.0,0.5024875621890548,win,1.0,0.99009900990099,-2.7450411235152608,40.239871901870494,-1.5,37.0,0.5638297872340425,230,0.5010611396634775,230,202213.0,platt
2022_14_BAL_PIT,2022,14,202214,spread,home,0.3591160220994475,-109.0,0.5215311004784688,loss,0.0,-1.0,-2.7450411235152608,40.239871901870494,-1.5,37.0,0.4361702127659574,230,0.4989388603365225,230,202213.0,platt
2022_14_BAL_PIT,2022,14,202214,total,over,0.4751381215469613,101.0,0.4975124378109453,loss,0.0,-1.0,-2.7450411235152608,40.239871901870494,-1.5,37.0,0.5,234,0.4955712097281185,234,202213.0,platt
2022_14_BAL_PIT,2022,14,202214,total,under,0.5248618784530387,-114.0,0.5327102803738317,win,1.0,0.8771929824561403,-2.7450411235152608,40.239871901870494,-1.5,37.0,0.5,234,0.5044287902718815,234,202213.0,platt
2022_14_CAR_SEA,2022,14,202214,spread,away,0.2320441988950276,106.0,0.4854368932038835,win,1.0,1.06,10.478146405350412,43.88870201611178,-3.5,44.5,0.4361702127659574,230,0.4978073827887106,230,202213.0,platt
2022_14_CAR_SEA,2022,14,202214,spread,home,0.7679558011049724,-117.0,0.5391705069124424,loss,0.0,-1.0,10.478146405350412,43.88870201611178,-3.5,44.5,0.5638297872340425,230,0.5021926172112894,230,202213.0,platt
2022_14_CAR_SEA,2022,14,202214,total,over,0.3812154696132597,-104.0,0.5098039215686274,win,1.0,0.9615384615384616,10.478146405350412,43.88870201611178,-3.5,44.5,0.4320987654320987,234,0.4784586653217697,234,202213.0,platt
2022_14_CAR_SEA,2022,14,202214,total,under,0.6187845303867403,-109.0,0.5215311004784688,loss,0.0,-1.0,10.478146405350412,43.88870201611178,-3.5,44.5,0.5679012345679012,234,0.5215413346782303,234,202213.0,platt
2022_14_CLE_CIN,2022,14,202214,spread,away,0.4088397790055248,-108.0,0.5192307692307693,loss,0.0,-1.0,5.233018809168468,50.40474560350352,-4.5,47.0,0.4361702127659574,230,0.49932439881201696,230,202213.0,platt
2022_14_CLE_CIN,2022,14,202214,spread,home,0.5911602209944752,-102.0,0.504950495049505,win,1.0,0.9803921568627452,5.233018809168468,50.40474560350352,-4.5,47.0,0.5638297872340425,230,0.5006756011879832,230,202213.0,platt
2022_14_CLE_CIN,2022,14,202214,total,over,0.4751381215469613,-105.0,0.5121951219512195,loss,0.0,-1.0,5.233018809168468,50.40474560350352,-4.5,47.0,0.5,234,0.4955712097281185,234,202213.0,platt
2022_14_CLE_CIN,2022,14,202214,total,under,0.5248618784530387,-108.0,0.5192307692307693,win,1.0,0.925925925925926,5.233018809168468,50.40474560350352,-4.5,47.0,0.5,234,0.5044287902718815,234,202213.0,platt
2022_14_HOU_DAL,2022,14,202214,spread,away,0.4033149171270718,104.0,0.4901960784313725,win,1.0,1.04,17.94050282298845,47.986014968134434,-17.0,44.5,0.4361702127659574,230,0.49928242971401465,230,202213.0,platt
2022_14_HOU_DAL,2022,14,202214,spread,home,0.5966850828729282,-115.0,0.5348837209302325,loss,0.0,-1.0,17.94050282298845,47.986014968134434,-17.0,44.5,0.5638297872340425,230,0.5007175702859853,230,202213.0,platt
2022_14_HOU_DAL,2022,14,202214,total,over,0.4751381215469613,-104.0,0.5098039215686274,win,1.0,0.9615384615384616,17.94050282298845,47.986014968134434,-17.0,44.5,0.5,234,0.4955712097281185,234,202213.0,platt
2022_14_HOU_DAL,2022,14,202214,total,under,0.5248618784530387,-108.0,0.5192307692307693,loss,0.0,-1.0,17.94050282298845,47.986014968134434,-17.0,44.5,0.5,234,0.5044287902718815,234,202213.0,platt
2022_14_JAX_TEN,2022,14,202214,spread,away,0.5524861878453038,106.0,0.4854368932038835,win,1.0,1.06,0.8575776213358102,47.7540273149296,-3.0,42.0,0.5638297872340425,230,0.5003860559526648,230,202213.0,platt
2022_14_JAX_TEN,2022,14,202214,spread,home,0.4475138121546961,-117.0,0.5391705069124424,loss,0.0,-1.0,0.8575776213358102,47.7540273149296,-3.0,42.0,0.4361702127659574,230,0.4996139440473351,230,202213.0,platt
2022_14_JAX_TEN,2022,14,202214,total,over,0.5966850828729282,-101.0,0.5024875621890548,win,1.0,0.99009900990099,0.8575776213358102,47.7540273149296,-3.0,42.0,0.5679012345679012,234,0.5174217058341994,234,202213.0,platt
2022_14_JAX_TEN,2022,14,202214,total,under,0.4033149171270718,-112.0,0.5283018867924528,loss,0.0,-1.0,0.8575776213358102,47.7540273149296,-3.0,42.0,0.4320987654320987,234,0.48257829416580056,234,202213.0,platt
2022_14_KC_DEN,2022,14,202214,spread,away,0.5966850828729282,-108.0,0.5192307692307693,loss,0.0,-1.0,-11.542391247365387,47.24145920237471,8.5,44.5,0.5638297872340425,230,0.5007175702859853,230,202213.0,platt
2022_14_KC_DEN,2022,14,202214,spread,home,0.4033149171270718,-103.0,0.5073891625615764,win,1.0,0.970873786407767,-11.542391247365387,47.24145920237471,8.5,44.5,0.4361702127659574,230,0.49928242971401465,230,202213.0,platt
2022_14_KC_DEN,2022,14,202214,total,over,0.4475138121546961,-100.0,0.5,win,1.0,1.0,-11.542391247365387,47.24145920237471,8.5,44.5,0.5,234,0.4906243538356786,234,202213.0,platt
2022_14_KC_DEN,2022,14,202214,total,under,0.5524861878453038,-112.0,0.5283018867924528,loss,0.0,-1.0,-11.542391247365387,47.24145920237471,8.5,44.5,0.5,234,0.5093756461643215,234,202213.0,platt
2022_14_LV_LA,2022,14,202214,spread,away,0.2983425414364641,-112.0,0.5283018867924528,loss,0.0,-1.0,-1.9849937217070976,49.76708396665607,6.5,42.5,0.4361702127659574,230,0.49843321187639456,230,202213.0,platt
2022_14_LV_LA,2022,14,202214,spread,home,0.7016574585635359,101.0,0.4975124378109453,win,1.0,1.01,-1.9849937217070976,49.76708396665607,6.5,42.5,0.5638297872340425,230,0.5015667881236054,230,202213.0,platt
2022_14_LV_LA,2022,14,202214,total,over,0.6685082872928176,102.0,0.495049504950495,loss,0.0,-1.0,-1.9849937217070976,49.76708396665607,6.5,42.5,0.5714285714285714,234,0.5311727288839921,234,202213.0,platt
2022_14_LV_LA,2022,14,202214,total,under,0.3314917127071823,-115.0,0.5348837209302325,win,1.0,0.8695652173913043,-1.9849937217070976,49.76708396665607,6.5,42.5,0.4285714285714285,234,0.4688272711160078,234,202213.0,platt
2022_14_MIA_LAC,2022,14,202214,spread,away,0.425414364640884,-113.0,0.5305164319248826,loss,0.0,-1.0,-2.717766254296877,51.48004458004591,3.0,54.5,0.4361702127659574,230,0.49944930608869564,230,202213.0,platt
2022_14_MIA_LAC,2022,14,202214,spread,home,0.574585635359116,102.0,0.495049504950495,win,1.0,1.02,-2.717766254296877,51.48004458004591,3.0,54.5,0.5638297872340425,230,0.5005506939113044,230,202213.0,platt
2022_14_MIA_LAC,2022,14,202214,total,over,0.3038674033149171,-110.0,0.5238095238095238,loss,0.0,-1.0,-2.717766254296877,51.48004458004591,3.0,54.5,0.4285714285714285,234,0.4631798963097054,234,202213.0,platt
2022_14_MIA_LAC,2022,14,202214,total,under,0.6961325966850829,-102.0,0.504950495049505,win,1.0,0.9803921568627452,-2.717766254296877,51.48004458004591,3.0,54.5,0.5714285714285714,234,0.5368201036902946,234,202213.0,platt
2022_14_MIN_DET,2022,14,202214,spread,away,0.43646408839779,-108.0,0.5192307692307693,loss,0.0,-1.0,2.44972482709092,53.070030204415374,-2.5,51.5,0.4361702127659574,230,0.49953186009797035,230,202213.0,platt
2022_14_MIN_DET,2022,14,202214,spread,home,0.56353591160221,-102.0,0.504950495049505,win,1.0,0.9803921568627452,2.44972482709092,53.070030204415374,-2.5,51.5,0.5638297872340425,230,0.5004681399020297,230,202213.0,platt
2022_14_MIN_DET,2022,14,202214,total,over,0.430939226519337,-102.0,0.504950495049505,win,1.0,0.9803921568627452,2.44972482709092,53.070030204415374,-2.5,51.5,0.4320987654320987,234,0.48763107626690827,234,202213.0,platt
2022_14_MIN_DET,2022,14,202214,total,under,0.569060773480663,-110.0,0.5238095238095238,loss,0.0,-1.0,2.44972482709092,53.070030204415374,-2.5,51.5,0.5679012345679012,234,0.5123689237330917,234,202213.0,platt
2022_14_NE_ARI,2022,14,202214,spread,away,0.5303867403314917,-104.0,0.5098039215686274,win,1.0,0.9615384615384616,-3.868255637293392,46.55702343131196,2.0,44.0,0.5638297872340425,230,0.5002229574907546,230,202213.0,platt
2022_14_NE_ARI,2022,14,202214,spread,home,0.4696132596685083,-106.0,0.5145631067961165,loss,0.0,-1.0,-3.868255637293392,46.55702343131196,2.0,44.0,0.4361702127659574,230,0.49977704250924543,230,202213.0,platt
2022_14_NE_ARI,2022,14,202214,total,over,0.4419889502762431,-110.0,0.5238095238095238,loss,0.0,-1.0,-3.868255637293392,46.55702343131196,2.0,44.0,0.4320987654320987,234,0.48962918665810573,234,202213.0,platt
2022_14_NE_ARI,2022,14,202214,total,under,0.5580110497237569,-103.0,0.5073891625615764,win,1.0,0.970873786407767,-3.868255637293392,46.55702343131196,2.0,44.0,0.5679012345679012,234,0.5103708133418944,234,202213.0,platt
2022_14_NYJ_BUF,2022,14,202214,spread,away,0.4530386740331491,-108.0,0.5192307692307693,win,1.0,0.925925925925926,9.434827236041844,46.58972437152875,-10.0,43.5,0.4361702127659574,230,0.4996548366498142,230,202213.0,platt
2022_14_NYJ_BUF,2022,14,202214,spread,home,0.5469613259668509,-102.0,0.504950495049505,loss,0.0,-1.0,9.434827236041844,46.58972437152875,-10.0,43.5,0.5638297872340425,230,0.5003451633501859,230,202213.0,platt
2022_14_NYJ_BUF,2022,14,202214,total,over,0.4751381215469613,-108.0,0.5192307692307693,loss,0.0,-1.0,9.434827236041844,46.58972437152875,-10.0,43.5,0.5,234,0.4955712097281185,234,202213.0,platt
2022_14_NYJ_BUF,2022,14,202214,total,under,0.5248618784530387,-104.0,0.5098039215686274,win,1.0,0.9615384615384616,9.434827236041844,46.58972437152875,-10.0,43.5,0.5,234,0.5044287902718815,234,202213.0,platt
2022_14_PHI_NYG,2022,14,202214,spread,away,0.425414364640884,104.0,0.4901960784313725,win,1.0,1.04,-7.295334007588669,44.98859345984444,7.5,44.5,0.4361702127659574,230,0.49944930608869564,230,202213.0,platt
2022_14_PHI_NYG,2022,14,202214,spread,home,0.574585635359116,-115.0,0.5348837209302325,loss,0.0,-1.0,-7.295334007588669,44.98859345984444,7.5,44.5,0.5638297872340425,230,0.5005506939113044,230,202213.0,platt
2022_14_PHI_NYG,2022,14,202214,total,over,0.4033149171270718,-103.0,0.5073891625615764,win,1.0,0.970873786407767,-7.295334007588669,44.98859345984444,7.5,44.5,0.4320987654320987,234,0.48257829416580056,234,202213.0,platt
2022_14_PHI_NYG,2022,14,202214,total,under,0.5966850828729282,-109.0,0.5215311004784688,loss,0.0,-1.0,-7.295334007588669,44.98859345984444,7.5,44.5,0.5679012345679012,234,0.5174217058341994,234,202213.0,platt
2022_15_ARI_DEN,2022,15,202215,spread,away,0.6113989637305699,-104.0,0.5098039215686274,loss,0.0,-1.0,-1.813690964909937,41.22378051328148,-1.5,37.5,0.5660377358490567,254,0.5024575491056466,254,202214.0,platt
2022_15_ARI_DEN,2022,15,202215,spread,home,0.38860103626943,-106.0,0.5145631067961165,win,1.0,0.9433962264150944,-1.813690964909937,41.22378051328148,-1.5,37.5,0.4339622641509434,254,0.4975424508943535,254,202214.0,platt
2022_15_ARI_DEN,2022,15,202215,total,over,0.4922279792746113,-103.0,0.5073891625615764,win,1.0,0.970873786407767,-1.813690964909937,41.22378051328148,-1.5,37.5,0.5,258,0.49900608345447806,258,202214.0,platt
2022_15_ARI_DEN,2022,15,202215,total,under,0.5077720207253886,-110.0,0.5238095238095238,loss,0.0,-1.0,-1.813690964909937,41.22378051328148,-1.5,37.5,0.5,258,0.5009939165455221,258,202214.0,platt
2022_15_BAL_CLE,2022,15,202215,spread,away,0.6010362694300518,113.0,0.4694835680751174,loss,0.0,-1.0,-0.516560394846007,41.73490017938276,-2.5,39.5,0.5660377358490567,254,0.5022221434811188,254,202214.0,platt
2022_15_BAL_CLE,2022,15,202215,spread,home,0.3989637305699481,-125.0,0.5555555555555556,win,1.0,0.8,-0.516560394846007,41.73490017938276,-2.5,39.5,0.4339622641509434,254,0.49777785651888135,254,202214.0,platt
2022_15_BAL_CLE,2022,15,202215,total,over,0.4404145077720207,-105.0,0.5121951219512195,loss,0.0,-1.0,-0.516560394846007,41.73490017938276,-2.5,39.5,0.4432989690721649,258,0.4923447949470805,258,202214.0,platt
2022_15_BAL_CLE,2022,15,202215,total,under,0.5595854922279793,-107.0,0.5169082125603864,win,1.0,0.9345794392523364,-0.516560394846007,41.73490017938276,-2.5,39.5,0.5567010309278351,258,0.5076552050529196,258,202214.0,platt
2022_15_CIN_TB,2022,15,202215,spread,away,0.383419689119171,108.0,0.4807692307692308,win,1.0,1.08,-1.9780205175591,48.11511514371284,3.5,47.0,0.4339622641509434,254,0.49742390246007556,254,202214.0,platt
2022_15_CIN_TB,2022,15,202215,spread,home,0.616580310880829,-120.0,0.5454545454545454,loss,0.0,-1.0,-1.9780205175591,48.11511514371284,3.5,47.0,0.5660377358490567,254,0.5025760975399245,254,202214.0,platt
2022_15_CIN_TB,2022,15,202215,total,over,0.4248704663212435,-114.0,0.5327102803738317,win,1.0,0.8771929824561403,-1.9780205175591,48.11511514371284,3.5,47.0,0.4432989690721649,258,0.4903208127383748,258,202214.0,platt
2022_15_CIN_TB,2022,15,202215,total,under,0.5751295336787565,101.0,0.4975124378109453,loss,0.0,-1.0,-1.9780205175591,48.11511514371284,3.5,47.0,0.5567010309278351,258,0.5096791872616252,258,202214.0,platt
2022_15_DAL_JAX,2022,15,202215,spread,away,0.5284974093264249,100.0,0.5,loss,0.0,-1.0,-5.681788478602274,49.36582871129328,4.0,48.5,0.5660377358490567,254,0.5006188069929386,254,202214.0,platt
2022_15_DAL_JAX,2022,15,202215,spread,home,0.4715025906735751,-110.0,0.5238095238095238,win,1.0,0.9090909090909092,-5.681788478602274,49.36582871129328,4.0,48.5,0.4339622641509434,254,0.49938119300706135,254,202214.0,platt
2022_15_DAL_JAX,2022,15,202215,total,over,0.4248704663212435,-110.0,0.5238095238095238,win,1.0,0.9090909090909092,-5.681788478602274,49.36582871129328,4.0,48.5,0.4432989690721649,258,0.4903208127383748,258,202214.0,platt
2022_15_DAL_JAX,2022,15,202215,total,under,0.5751295336787565,-103.0,0.5073891625615764,loss,0.0,-1.0,-5.681788478602274,49.36582871129328,4.0,48.5,0.5567010309278351,258,0.5096791872616252,258,202214.0,platt
2022_15_DET_NYJ,2022,15,202215,spread,away,0.6683937823834196,-100.0,0.5,win,1.0,1.0,-3.191620535492731,46.2596528740213,-2.0,44.0,0.5660377358490567,254,0.5038008874175685,254,202214.0,platt
2022_15_DET_NYJ,2022,15,202215,spread,home,0.3316062176165803,-110.0,0.5238095238095238,loss,0.0,-1.0,-3.191620535492731,46.2596528740213,-2.0,44.0,0.4339622641509434,254,0.49619911258243155,254,202214.0,platt
2022_15_DET_NYJ,2022,15,202215,total,over,0.4404145077720207,-103.0,0.5073891625615764,loss,0.0,-1.0,-3.191620535492731,46.2596528740213,-2.0,44.0,0.4432989690721649,258,0.4923447949470805,258,202214.0,platt
2022_15_DET_NYJ,2022,15,202215,total,under,0.5595854922279793,-109.0,0.5215311004784688,win,1.0,0.9174311926605504,-3.191620535492731,46.2596528740213,-2.0,44.0,0.5567010309278351,258,0.5076552050529196,258,202214.0,platt
2022_15_IND_MIN,2022,15,202215,spread,away,0.4455958549222798,-103.0,0.5073891625615764,win,1.0,0.970873786407767,3.1500225430289417,46.72578781173482,-3.5,46.5,0.4339622641509434,254,0.49881523265343797,254,202214.0,platt
2022_15_IND_MIN,2022,15,202215,spread,home,0.5544041450777202,-107.0,0.5169082125603864,loss,0.0,-1.0,3.1500225430289417,46.72578781173482,-3.5,46.5,0.5660377358490567,254,0.501184767346562,254,202214.0,platt
2022_15_IND_MIN,2022,15,202215,total,over,0.4041450777202072,-105.0,0.5121951219512195,win,1.0,0.9523809523809524,3.1500225430289417,46.72578781173482,-3.5,46.5,0.4432989690721649,258,0.4875916513308862,258,202214.0,platt
2022_15_IND_MIN,2022,15,202215,total,under,0.5958549222797928,-107.0,0.5169082125603864,loss,0.0,-1.0,3.1500225430289417,46.72578781173482,-3.5,46.5,0.5567010309278351,258,0.5124083486691138,258,202214.0,platt
2022_15_KC_HOU,2022,15,202215,spread,away,0.533678756476684,109.0,0.4784688995215311,loss,0.0,-1.0,-16.25185718176954,49.85686083443925,14.5,48.5,0.5660377358490567,254,0.5007316324695402,254,202214.0,platt
2022_15_KC_HOU,2022,15,202215,spread,home,0.466321243523316,-120.0,0.5454545454545454,win,1.0,0.8333333333333334,-16.25185718176954,49.85686083443925,14.5,48.5,0.4339622641509434,254,0.49926836753045983,254,202214.0,platt
2022_15_KC_HOU,2022,15,202215,total,over,0.4352331606217616,-103.0,0.5073891625615764,win,1.0,0.970873786407767,-16.25185718176954,49.85686083443925,14.5,48.5,0.4432989690721649,258,0.4916719955385063,258,202214.0,platt
2022_15_KC_HOU,2022,15,202215,total,under,0.5647668393782384,-109.0,0.5215311004784688,loss,0.0,-1.0,-16.25185718176954,49.85686083443925,14.5,48.5,0.5567010309278351,258,0.5083280044614937,258,202214.0,platt
2022_15_LA_GB,2022,15,202215,spread,away,0.4818652849740933,-111.0,0.5260663507109005,loss,0.0,-1.0,7.163392565840877,40.11781845710089,-8.0,39.5,0.5,254,0.49960646775441186,254,202214.0,platt
2022_15_LA_GB,2022,15,202215,spread,home,0.5181347150259067,101.0,0.4975124378109453,win,1.0,1.01,7.163392565840877,40.11781845710089,-8.0,39.5,0.5,254,0.5003935322455881,254,202214.0,platt
2022_15_LA_GB,2022,15,202215,total,over,0.4093264248704663,-111.0,0.5260663507109005,loss,0.0,-1.0,7.163392565840877,40.11781845710089,-8.0,39.5,0.4432989690721649,258,0.4882777006154926,258,202214.0,platt
2022_15_LA_GB,2022,15,202215,total,under,0.5906735751295337,-101.0,0.5024875621890548,win,1.0,0.99009900990099,7.163392565840877,40.11781845710089,-8.0,39.5,0.5567010309278351,258,0.5117222993845073,258,202214.0,platt
2022_15_MIA_BUF,2022,15,202215,spread,away,0.5751295336787565,-104.0,0.5098039215686274,win,1.0,0.9615384615384616,4.314724720496375,46.675143262554165,-7.0,44.0,0.5660377358490567,254,0.5016420605380257,254,202214.0,platt
2022_15_MIA_BUF,2022,15,202215,spread,home,0.4248704663212435,-106.0,0.5145631067961165,loss,0.0,-1.0,4.314724720496375,46.675143262554165,-7.0,44.0,0.4339622641509434,254,0.49835793946197426,254,202214.0,platt
2022_15_MIA_BUF,2022,15,202215,total,over,0.4455958549222797,-119.0,0.54337899543379,win,1.0,0.8403361344537815,4.314724720496375,46.675143262554165,-7.0,44.0,0.5,258,0.4930159383050427,258,202214.0,platt
2022_15_MIA_BUF,2022,15,202215,total,under,0.5544041450777202,106.0,0.4854368932038835,loss,0.0,-1.0,4.314724720496375,46.675143262554165,-7.0,44.0,0.5,258,0.5069840616949572,258,202214.0,platt
2022_15_NE_LV,2022,15,202215,spread,away,0.6424870466321244,111.0,0.4739336492890995,loss,0.0,-1.0,-3.627408394596544,46.91181641367602,-1.0,45.0,0.5660377358490567,254,0.5031786347771509,254,202214.0,platt
2022_15_NE_LV,2022,15,202215,spread,home,0.3575129533678756,-122.0,0.5495495495495496,win,1.0,0.819672131147541,-3.627408394596544,46.91181641367602,-1.0,45.0,0.4339622641509434,254,0.49682136522284914,254,202214.0,platt
2022_15_NE_LV,2022,15,202215,total,over,0.4352331606217616,-108.0,0.5192307692307693,win,1.0,0.925925925925926,-3.627408394596544,46.91181641367602,-1.0,45.0,0.4432989690721649,258,0.4916719955385063,258,202214.0,platt
2022_15_NE_LV,2022,15,202215,total,under,0.5647668393782384,-105.0,0.5121951219512195,loss,0.0,-1.0,-3.627408394596544,46.91181641367602,-1.0,45.0,0.5567010309278351,258,0.5083280044614937,258,202214.0,platt
2022_15_NYG_WAS,2022,15,202215,spread,away,0.4766839378238342,-114.0,0.5327102803738317,win,1.0,0.8771929824561403,3.7119669550824415,40.50903799847609,-4.5,40.5,0.5,254,0.4994938849078514,254,202214.0,platt
2022_15_NYG_WAS,2022,15,202215,spread,home,0.5233160621761658,103.0,0.4926108374384236,loss,0.0,-1.0,3.7119669550824415,40.50903799847609,-4.5,40.5,0.5,254,0.5005061150921486,254,202214.0,platt
2022_15_NYG_WAS,2022,15,202215,total,over,0.3989637305699481,-108.0,0.5192307692307693,loss,0.0,-1.0,3.7119669550824415,40.50903799847609,-4.5,40.5,0.4432989690721649,258,0.48690281316157397,258,202214.0,platt
2022_15_NYG_WAS,2022,15,202215,total,under,0.6010362694300518,-104.0,0.5098039215686274,win,1.0,0.9615384615384616,3.7119669550824415,40.50903799847609,-4.5,40.5,0.5567010309278351,258,0.513097186838426,258,202214.0,platt
2022_15_PHI_CHI,2022,15,202215,spread,away,0.5181347150259068,-104.0,0.5098039215686274,loss,0.0,-1.0,-10.017662572139075,41.01072242924237,8.5,48.0,0.5,254,0.5003935322455881,254,202214.0,platt
2022_15_PHI_CHI,2022,15,202215,spread,home,0.4818652849740932,-106.0,0.5145631067961165,win,1.0,0.9433962264150944,-10.017662572139075,41.01072242924237,8.5,48.0,0.5,254,0.49960646775441186,254,202214.0,platt
2022_15_PHI_CHI,2022,15,202215,total,over,0.238341968911917,-103.0,0.5073891625615764,loss,0.0,-1.0,-10.017662572139075,41.01072242924237,8.5,48.0,0.4,258,0.4629274974057076,258,202214.0,platt
2022_15_PHI_CHI,2022,15,202215,total,under,0.7616580310880829,-110.0,0.5238095238095238,win,1.0,0.9090909090909092,-10.017662572139075,41.01072242924237,8.5,48.0,0.6,258,0.5370725025942924,258,202214.0,platt
2022_15_PIT_CAR,2022,15,202215,spread,away,0.6424870466321244,-100.0,0.5,win,1.0,1.0,-1.7887934921996913,42.07528400383639,-2.5,36.5,0.5660377358490567,254,0.5031786347771509,254,202214.0,platt
2022_15_PIT_CAR,2022,15,202215,spread,home,0.3575129533678756,-110.0,0.5238095238095238,loss,0.0,-1.0,-1.7887934921996913,42.07528400383639,-2.5,36.5,0.4339622641509434,254,0.49682136522284914,254,202214.0,platt
2022_15_PIT_CAR,2022,15,202215,total,over,0.5854922279792746,-114.0,0.5327102803738317,win,1.0,0.8771929824561403,-1.7887934921996913,42.07528400383639,-2.5,36.5,0.5567010309278351,258,0.5110388674125561,258,202214.0,platt
2022_15_PIT_CAR,2022,15,202215,total,under,0.4145077720207254,101.0,0.4975124378109453,loss,0.0,-1.0,-1.7887934921996913,42.07528400383639,-2.5,36.5,0.4432989690721649,258,0.48896113258744395,258,202214.0,platt
2022_15_SF_SEA,2022,15,202215,spread,away,0.533678756476684,-115.0,0.5348837209302325,win,1.0,0.8695652173913043,-4.788342322903911,48.37916056497469,3.0,43.0,0.5660377358490567,254,0.5007316324695402,254,202214.0,platt
2022_15_SF_SEA,2022,15,202215,spread,home,0.466321243523316,104.0,0.4901960784313725,loss,0.0,-1.0,-4.788342322903911,48.37916056497469,3.0,43.0,0.4339622641509434,254,0.49926836753045983,254,202214.0,platt
2022_15_SF_SEA,2022,15,202215,total,over,0.5803108808290155,-103.0,0.5073891625615764,loss,0.0,-1.0,-4.788342322903911,48.37916056497469,3.0,43.0,0.5567010309278351,258,0.5103578848646587,258,202214.0,platt
2022_15_SF_SEA,2022,15,202215,total,under,0.4196891191709845,-109.0,0.5215311004784688,win,1.0,0.9174311926605504,-4.788342322903911,48.37916056497469,3.0,43.0,0.4432989690721649,258,0.48964211513534117,258,202214.0,platt
2022_15_TEN_LAC,2022,15,202215,spread,away,0.4974093264248704,-108.0,0.5192307692307693,push,,0.0,1.977217269960733,49.74150908961896,-3.0,46.5,0.5,254,0.49994380525363247,254,202214.0,platt
2022_15_TEN_LAC,2022,15,202215,spread,home,0.5025906735751295,-102.0,0.504950495049505,push,,0.0,1.977217269960733,49.74150908961896,-3.0,46.5,0.5,254,0.5000561947463675,254,202214.0,platt
2022_15_TEN_LAC,2022,15,202215,total,over,0.4766839378238341,-112.0,0.5283018867924528,loss,0.0,-1.0,1.977217269960733,49.74150908961896,-3.0,46.5,0.5,258,0.49701635803510724,258,202214.0,platt
2022_15_TEN_LAC,2022,15,202215,total,under,0.5233160621761659,-101.0,0.5024875621890548,win,1.0,0.99009900990099,1.977217269960733,49.74150908961896,-3.0,46.5,0.5,258,0.5029836419648928,258,202214.0,platt
2022_16_BUF_CHI,2022,16,202216,spread,away,0.4567307692307693,-110.0,0.5238095238095238,win,1.0,0.9090909090909092,-8.6947642740828,39.44659792145967,8.0,40.0,0.452991452991453,282,0.5012275874370875,282,202215.0,platt
2022_16_BUF_CHI,2022,16,202216,spread,home,0.5432692307692307,-100.0,0.5,loss,0.0,-1.0,-8.6947642740828,39.44659792145967,8.0,40.0,0.5470085470085471,282,0.49877241256291255,282,202215.0,platt
2022_16_BUF_CHI,2022,16,202216,total,over,0.3942307692307692,-115.0,0.5348837209302325,win,1.0,0.8695652173913043,-8.6947642740828,39.44659792145967,8.0,40.0,0.4537037037037038,288,0.4812762904656177,288,202215.0,platt
2022_16_BUF_CHI,2022,16,202216,total,under,0.6057692307692308,102.0,0.495049504950495,loss,0.0,-1.0,-8.6947642740828,39.44659792145967,8.0,40.0,0.5462962962962963,288,0.5187237095343824,288,202215.0,platt
2022_16_CIN_NE,2022,16,202216,spread,away,0.4711538461538461,100.0,0.5,win,1.0,1.0,-3.751955120904896,43.68009958597045,3.0,42.0,0.452991452991453,282,0.5008172530114147,282,202215.0,platt
2022_16_CIN_NE,2022,16,202216,spread,home,0.5288461538461539,-110.0,0.5238095238095238,loss,0.0,-1.0,-3.751955120904896,43.68009958597045,3.0,42.0,0.5470085470085471,282,0.4991827469885854,282,202215.0,platt
2022_16_CIN_NE,2022,16,202216,total,over,0.4375,-103.0,0.5073891625615764,loss,0.0,-1.0,-3.751955120904896,43.68009958597045,3.0,42.0,0.4537037037037038,288,0.4890423763054526,288,202215.0,platt
2022_16_CIN_NE,2022,16,202216,total,under,0.5625,-109.0,0.5215311004784688,win,1.0,0.9174311926605504,-3.751955120904896,43.68009958597045,3.0,42.0,0.5462962962962963,288,0.5109576236945474,288,202215.0,platt
2022_16_DEN_LA,2022,16,202216,spread,away,0.3653846153846154,-116.0,0.5370370370370371,loss,0.0,-1.0,-1.2594518677695308,45.05589766525239,3.0,36.5,0.452991452991453,282,0.5039058060713428,282,202215.0,platt
2022_16_DEN_LA,2022,16,202216,spread,home,0.6346153846153846,105.0,0.4878048780487805,win,1.0,1.05,-1.2594518677695308,45.05589766525239,3.0,36.5,0.5470085470085471,282,0.4960941939286571,282,202215.0,platt
2022_16_DEN_LA,2022,16,202216,total,over,0.6923076923076923,-103.0,0.5073891625615764,win,1.0,0.970873786407767,-1.2594518677695308,45.05589766525239,3.0,36.5,0.5972087472087474,288,0.5353043874463029,288,202215.0,platt
2022_16_DEN_LA,2022,16,202216,total,under,0.3076923076923077,-109.0,0.5215311004784688,loss,0.0,-1.0,-1.2594518677695308,45.05589766525239,3.0,36.5,0.4027912527912528,288,0.46469561255369696,288,202215.0,platt
2022_16_DET_CAR,2022,16,202216,spread,away,0.5192307692307692,101.0,0.4975124378109453,loss,0.0,-1.0,-4.048650184102815,43.13530746934138,2.5,43.5,0.5,282,0.4994555008073499,282,202215.0,platt
2022_16_DET_CAR,2022,16,202216,spread,home,0.4807692307692308,-111.0,0.5260663507109005,win,1.0,0.9009009009009008,-4.048650184102815,43.13530746934138,2.5,43.5,0.5,282,0.5005444991926501,282,202215.0,platt
2022_16_DET_CAR,2022,16,202216,total,over,0.3990384615384615,-100.0,0.5,win,1.0,1.0,-4.048650184102815,43.13530746934138,2.5,43.5,0.4537037037037038,288,0.48215118739170754,288,202215.0,platt
2022_16_DET_CAR,2022,16,202216,total,under,0.6009615384615384,-112.0,0.5283018867924528,loss,0.0,-1.0,-4.048650184102815,43.13530746934138,2.5,43.5,0.5462962962962963,288,0.5178488126082924,288,202215.0,platt
2022_16_GB_MIA,2022,16,202216,spread,away,0.6105769230769231,-107.0,0.5169082125603864,win,1.0,0.9345794392523364,-0.0195001188069386,45.92604657925239,-3.5,49.0,0.5470085470085471,282,0.4968181468406427,282,202215.0,platt
2022_16_GB_MIA,2022,16,202216,spread,home,0.3894230769230769,-103.0,0.5073891625615764,loss,0.0,-1.0,-0.0195001188069386,45.92604657925239,-3.5,49.0,0.452991452991453,282,0.5031818531593574,282,202215.0,platt
2022_16_GB_MIA,2022,16,202216,total,over,0.3221153846153846,-109.0,0.5215311004784688,loss,0.0,-1.0,-0.0195001188069386,45.92604657925239,-3.5,49.0,0.4537037037037038,288,0.46759801282839186,288,202215.0,platt
2022_16_GB_MIA,2022,16,202216,total,under,0.6778846153846154,-103.0,0.5073891625615764,win,1.0,0.970873786407767,-0.0195001188069386,45.92604657925239,-3.5,49.0,0.5462962962962963,288,0.5324019871716081,288,202215.0,platt
2022_16_HOU_TEN,2022,16,202216,spread,away,0.2067307692307692,103.0,0.4926108374384236,win,1.0,1.03,10.795637927342352,30.96203550727025,-3.0,34.0,0.452991452991453,282,0.5095129260519771,282,202215.0,platt
2022_16_HOU_TEN,2022,16,202216,spread,home,0.7932692307692307,-113.0,0.5305164319248826,loss,0.0,-1.0,10.795637927342352,30.96203550727025,-3.0,34.0,0.5470085470085471,282,0.49048707394802293,282,202215.0,platt
2022_16_HOU_TEN,2022,16,202216,total,over,0.3221153846153846,-101.0,0.5024875621890548,loss,0.0,-1.0,10.795637927342352,30.96203550727025,-3.0,34.0,0.4537037037037038,288,0.46759801282839186,288,202215.0,platt
2022_16_HOU_TEN,2022,16,202216,total,under,0.6778846153846154,-111.0,0.5260663507109005,win,1.0,0.9009009009009008,10.795637927342352,30.96203550727025,-3.0,34.0,0.5462962962962963,288,0.5324019871716081,288,202215.0,platt
2022_16_JAX_NYJ,2022,16,202216,spread,away,0.7067307692307692,-104.0,0.5098039215686274,win,1.0,0.9615384615384616,-3.718903215633115,44.420019234695104,-2.5,36.5,0.5470085470085471,282,0.4937774428407587,282,202215.0,platt
2022_16_JAX_NYJ,2022,16,202216,spread,home,0.2932692307692308,-106.0,0.5145631067961165,loss,0.0,-1.0,-3.718903215633115,44.420019234695104,-2.5,36.5,0.452991452991453,282,0.5062225571592412,282,202215.0,platt
2022_16_JAX_NYJ,2022,16,202216,total,over,0.6682692307692307,-106.0,0.5145631067961165,loss,0.0,-1.0,-3.718903215633115,44.420019234695104,-2.5,36.5,0.5462962962962963,288,0.5305038575590584,288,202215.0,platt
2022_16_JAX_NYJ,2022,16,202216,total,under,0.3317307692307693,-106.0,0.5145631067961165,win,1.0,0.9433962264150944,-3.718903215633115,44.420019234695104,-2.5,36.5,0.4537037037037038,288,0.4694961424409417,288,202215.0,platt
2022_16_LAC_IND,2022,16,202216,spread,away,0.5,-102.0,0.504950495049505,win,1.0,0.9803921568627452,-4.586052450289018,45.39165287433448,3.5,44.5,0.5,282,0.5,282,202215.0,platt
2022_16_LAC_IND,2022,16,202216,spread,home,0.5,-108.0,0.5192307692307693,loss,0.0,-1.0,-4.586052450289018,45.39165287433448,3.5,44.5,0.5,282,0.5,282,202215.0,platt
2022_16_LAC_IND,2022,16,202216,total,over,0.4278846153846153,-109.0,0.5215311004784688,loss,0.0,-1.0,-4.586052450289018,45.39165287433448,3.5,44.5,0.4537037037037038,288,0.48733507915518287,288,202215.0,platt
2022_16_LAC_IND,2022,16,202216,total,under,0.5721153846153846,-103.0,0.5073891625615764,win,1.0,0.970873786407767,-4.586052450289018,45.39165287433448,3.5,44.5,0.5462962962962963,288,0.5126649208448172,288,202215.0,platt
2022_16_LV_PIT,2022,16,202216,spread,away,0.3269230769230768,-108.0,0.5192307692307693,loss,0.0,-1.0,5.149525448688928,36.559857423323,-2.5,38.5,0.452991452991453,282,0.5051089257091824,282,202215.0,platt
2022_16_LV_PIT,2022,16,202216,spread,home,0.6730769230769231,-102.0,0.504950495049505,win,1.0,0.9803921568627452,5.149525448688928,36.559857423323,-2.5,38.5,0.5470085470085471,282,0.4948910742908176,282,202215.0,platt
2022_16_LV_PIT,2022,16,202216,total,over,0.3413461538461538,-102.0,0.504950495049505,loss,0.0,-1.0,5.149525448688928,36.559857423323,-2.5,38.5,0.4537037037037038,288,0.47136762127597304,288,202215.0,platt
2022_16_LV_PIT,2022,16,202216,total,under,0.6586538461538461,-110.0,0.5238095238095238,win,1.0,0.9090909090909092,5.149525448688928,36.559857423323,-2.5,38.5,0.5462962962962963,288,0.528632378724027,288,202215.0,platt
2022_16_NO_CLE,2022,16,202216,spread,away,0.5336538461538461,111.0,0.4739336492890995,win,1.0,1.11,1.2539509722850448,30.88486529952325,-3.0,32.0,0.5470085470085471,282,0.49904615508240985,282,202215.0,platt
2022_16_NO_CLE,2022,16,202216,spread,home,0.4663461538461538,-123.0,0.5515695067264574,loss,0.0,-1.0,1.2539509722850448,30.88486529952325,-3.0,32.0,0.452991452991453,282,0.5009538449175901,282,202215.0,platt
2022_16_NO_CLE,2022,16,202216,total,over,0.3701923076923077,-104.0,0.5098039215686274,loss,0.0,-1.0,1.2539509722850448,30.88486529952325,-3.0,32.0,0.4537037037037038,288,0.47684351492284516,288,202215.0,platt
2022_16_NO_CLE,2022,16,202216,total,under,0.6298076923076923,-108.0,0.5192307692307693,win,1.0,0.925925925925926,1.2539509722850448,30.88486529952325,-3.0,32.0,0.5462962962962963,288,0.5231564850771547,288,202215.0,platt
2022_16_NYG_MIN,2022,16,202216,spread,away,0.6201923076923077,-102.0,0.504950495049505,win,1.0,0.9803921568627452,0.5777746242621523,50.5862058454127,-4.5,48.0,0.5470085470085471,282,0.49653072620452665,282,202215.0,platt
2022_16_NYG_MIN,2022,16,202216,spread,home,0.3798076923076923,-108.0,0.5192307692307693,loss,0.0,-1.0,0.5777746242621523,50.5862058454127,-4.5,48.0,0.452991452991453,282,0.5034692737954733,282,202215.0,platt
2022_16_NYG_MIN,2022,16,202216,total,over,0.4567307692307692,-104.0,0.5098039215686274,win,1.0,0.9615384615384616,0.5777746242621523,50.5862058454127,-4.5,48.0,0.5000000000000001,288,0.4924340724054222,288,202215.0,platt
2022_16_NYG_MIN,2022,16,202216,total,under,0.5432692307692308,-109.0,0.5215311004784688,loss,0.0,-1.0,0.5777746242621523,50.5862058454127,-4.5,48.0,0.5000000000000001,288,0.5075659275945779,288,202215.0,platt
2022_16_PHI_DAL,2022,16,202216,spread,away,0.5961538461538461,-104.0,0.5098039215686274,loss,0.0,-1.0,0.9948101498383743,52.76138759660151,-4.0,48.0,0.5470085470085471,282,0.497244564457773,282,202215.0,platt
2022_16_PHI_DAL,2022,16,202216,spread,home,0.4038461538461538,-106.0,0.5145631067961165,win,1.0,0.9433962264150944,0.9948101498383743,52.76138759660151,-4.0,48.0,0.452991452991453,282,0.502755435542227,282,202215.0,platt
2022_16_PHI_DAL,2022,16,202216,total,over,0.5480769230769231,-101.0,0.5024875621890548,win,1.0,0.99009900990099,0.9948101498383743,52.76138759660151,-4.0,48.0,0.5000000000000001,288,0.5084113946150879,288,202215.0,platt
2022_16_PHI_DAL,2022,16,202216,total,under,0.4519230769230768,-112.0,0.5283018867924528,loss,0.0,-1.0,0.9948101498383743,52.76138759660151,-4.0,48.0,0.5000000000000001,288,0.49158860538491217,288,202215.0,platt
2022_16_SEA_KC,2022,16,202216,spread,away,0.5288461538461539,-107.0,0.5169082125603864,loss,0.0,-1.0,8.834883854982124,45.85014723076719,-10.5,50.5,0.5470085470085471,282,0.4991827469885854,282,202215.0,platt
2022_16_SEA_KC,2022,16,202216,spread,home,0.4711538461538461,-103.0,0.5073891625615764,win,1.0,0.970873786407767,8.834883854982124,45.85014723076719,-10.5,50.5,0.452991452991453,282,0.5008172530114147,282,202215.0,platt
2022_16_SEA_KC,2022,16,202216,total,over,0.2836538461538461,-107.0,0.5169082125603864,loss,0.0,-1.0,8.834883854982124,45.85014723076719,-10.5,50.5,0.4,288,0.4596886293001601,288,202215.0,platt
2022_16_SEA_KC,2022,16,202216,total,under,0.7163461538461539,-105.0,0.5121951219512195,win,1.0,0.9523809523809524,8.834883854982124,45.85014723076719,-10.5,50.5,0.6,288,0.5403113706998399,288,202215.0,platt
2022_16_WAS_SF,2022,16,202216,spread,away,0.3365384615384615,-107.0,0.5169082125603864,loss,0.0,-1.0,8.93447144289728,41.25433093104287,-6.5,37.5,0.452991452991453,282,0.5048020686992303,282,202215.0,platt
2022_16_WAS_SF,2022,16,202216,spread,home,0.6634615384615384,-103.0,0.5073891625615764,win,1.0,0.970873786407767,8.93447144289728,41.25433093104287,-6.5,37.5,0.5470085470085471,282,0.4951979313007698,282,202215.0,platt
2022_16_WAS_SF,2022,16,202216,total,over,0.5048076923076923,102.0,0.495049504950495,win,1.0,1.02,8.93447144289728,41.25433093104287,-6.5,37.5,0.5000000000000001,288,0.5008386449476676,288,202215.0,platt
2022_16_WAS_SF,2022,16,202216,total,under,0.4951923076923077,-114.0,0.5327102803738317,loss,0.0,-1.0,8.93447144289728,41.25433093104287,-6.5,37.5,0.5000000000000001,288,0.4991613550523324,288,202215.0,platt
2022_17_ARI_ATL,2022,17,202217,spread,away,0.5810810810810811,-119.0,0.54337899543379,win,1.0,0.8403361344537815,4.140337598264476,44.13072501455201,-7.0,41.0,0.5454545454545454,310,0.5057002525228238,310,202216.0,platt
2022_17_ARI_ATL,2022,17,202217,spread,home,0.4189189189189189,108.0,0.4807692307692308,loss,0.0,-1.0,4.140337598264476,44.13072501455201,-7.0,41.0,0.4545454545454545,310,0.4942997474771763,310,202216.0,platt
2022_17_ARI_ATL,2022,17,202217,total,over,0.4909909909909909,100.0,0.5,loss,0.0,-1.0,4.140337598264476,44.13072501455201,-7.0,41.0,0.5,316,0.49658289925807697,316,202216.0,platt
2022_17_ARI_ATL,2022,17,202217,total,under,0.509009009009009,-113.0,0.5305164319248826,win,1.0,0.8849557522123894,4.140337598264476,44.13072501455201,-7.0,41.0,0.5,316,0.503417100741923,316,202216.0,platt
2022_17_CAR_TB,2022,17,202217,spread,away,0.4144144144144144,-110.0,0.5238095238095238,loss,0.0,-1.0,4.264953616149231,44.51873274133805,-3.5,40.5,0.4545454545454545,310,0.49397692214033156,310,202216.0,platt
2022_17_CAR_TB,2022,17,202217,spread,home,0.5855855855855856,-100.0,0.5,win,1.0,1.0,4.264953616149231,44.51873274133805,-3.5,40.5,0.5454545454545454,310,0.5060230778596684,310,202216.0,platt
2022_17_CAR_TB,2022,17,202217,total,over,0.536036036036036,-109.0,0.5215311004784688,win,1.0,0.9174311926605504,4.264953616149231,44.51873274133805,-3.5,40.5,0.5,316,0.5136874540234814,316,202216.0,platt
2022_17_CAR_TB,2022,17,202217,total,under,0.463963963963964,-103.0,0.5073891625615764,loss,0.0,-1.0,4.264953616149231,44.51873274133805,-3.5,40.5,0.5,316,0.4863125459765185,316,202216.0,platt
2022_17_CHI_DET,2022,17,202217,spread,away,0.3873873873873874,-105.0,0.5121951219512195,loss,0.0,-1.0,5.947393864544531,51.95203879239936,-4.5,52.5,0.4347826086956521,310,0.49201632928149946,310,202216.0,platt
2022_17_CHI_DET,2022,17,202217,spread,home,0.6126126126126126,-105.0,0.5121951219512195,win,1.0,0.9523809523809524,5.947393864544531,51.95203879239936,-4.5,52.5,0.5652173913043478,310,0.5079836707185006,310,202216.0,platt
2022_17_CHI_DET,2022,17,202217,total,over,0.3963963963963964,-101.0,0.5024875621890548,loss,0.0,-1.0,5.947393864544531,51.95203879239936,-4.5,52.5,0.4495412844036697,316,0.4602139817580395,316,202216.0,platt
2022_17_CHI_DET,2022,17,202217,total,under,0.6036036036036037,-111.0,0.5260663507109005,win,1.0,0.9009009009009008,5.947393864544531,51.95203879239936,-4.5,52.5,0.5504587155963303,316,0.5397860182419606,316,202216.0,platt
2022_17_CLE_WAS,2022,17,202217,spread,away,0.5360360360360361,-101.0,0.5024875621890548,win,1.0,0.99009900990099,-0.7591418100024009,41.642817121539565,-1.0,41.5,0.5454545454545454,310,0.502515529887902,310,202216.0,platt
2022_17_CLE_WAS,2022,17,202217,spread,home,0.4639639639639639,-110.0,0.5238095238095238,loss,0.0,-1.0,-0.7591418100024009,41.642817121539565,-1.0,41.5,0.4545454545454545,310,0.49748447011209795,310,202216.0,platt
2022_17_CLE_WAS,2022,17,202217,total,over,0.4189189189189189,-103.0,0.5073891625615764,loss,0.0,-1.0,-0.7591418100024009,41.642817121539565,-1.0,41.5,0.4495412844036697,316,0.46901481542083295,316,202216.0,platt
2022_17_CLE_WAS,2022,17,202217,total,under,0.5810810810810811,-109.0,0.5215311004784688,win,1.0,0.9174311926605504,-0.7591418100024009,41.642817121539565,-1.0,41.5,0.5504587155963303,316,0.5309851845791671,316,202216.0,platt
2022_17_DEN_KC,2022,17,202217,spread,away,0.3693693693693693,-114.0,0.5327102803738317,win,1.0,0.8771929824561403,15.445377415209387,46.423230357104735,-13.5,46.0,0.4347826086956521,310,0.4906819806211618,310,202216.0,platt
2022_17_DEN_KC,2022,17,202217,spread,home,0.6306306306306306,104.0,0.4901960784313725,loss,0.0,-1.0,15.445377415209387,46.423230357104735,-13.5,46.0,0.5652173913043478,310,0.5093180193788381,310,202216.0,platt
2022_17_DEN_KC,2022,17,202217,total,over,0.4234234234234234,-108.0,0.5192307692307693,win,1.0,0.925925925925926,15.445377415209387,46.423230357104735,-13.5,46.0,0.4495412844036697,316,0.47076041076024233,316,202216.0,platt
2022_17_DEN_KC,2022,17,202217,total,under,0.5765765765765766,-104.0,0.5098039215686274,loss,0.0,-1.0,15.445377415209387,46.423230357104735,-13.5,46.0,0.5504587155963303,316,0.5292395892397577,316,202216.0,platt
2022_17_IND_NYG,2022,17,202217,spread,away,0.4144144144144144,-105.0,0.5121951219512195,loss,0.0,-1.0,6.366448915344216,38.41087412881353,-5.5,38.5,0.4545454545454545,310,0.49397692214033156,310,202216.0,platt
2022_17_IND_NYG,2022,17,202217,spread,home,0.5855855855855856,-105.0,0.5121951219512195,win,1.0,0.9523809523809524,6.366448915344216,38.41087412881353,-5.5,38.5,0.5454545454545454,310,0.5060230778596684,310,202216.0,platt
2022_17_IND_NYG,2022,17,202217,total,over,0.4099099099099099,-109.0,0.5215311004784688,win,1.0,0.9174311926605504,6.366448915344216,38.41087412881353,-5.5,38.5,0.4495412844036697,316,0.4655098943805229,316,202216.0,platt
2022_17_IND_NYG,2022,17,202217,total,under,0.5900900900900901,-103.0,0.5073891625615764,loss,0.0,-1.0,6.366448915344216,38.41087412881353,-5.5,38.5,0.5504587155963303,316,0.5344901056194771,316,202216.0,platt
2022_17_JAX_HOU,2022,17,202217,spread,away,0.7342342342342343,-104.0,0.5098039215686274,win,1.0,0.9615384615384616,-10.583076396180276,46.02001566129604,3.5,43.0,0.5652173913043478,310,0.5176964308612053,310,202216.0,platt
2022_17_JAX_HOU,2022,17,202217,spread,home,0.2657657657657657,-106.0,0.5145631067961165,loss,0.0,-1.0,-10.583076396180276,46.02001566129604,3.5,43.0,0.4347826086956521,310,0.4823035691387947,310,202216.0,platt
2022_17_JAX_HOU,2022,17,202217,total,over,0.4909909909909909,-115.0,0.5348837209302325,loss,0.0,-1.0,-10.583076396180276,46.02001566129604,3.5,43.0,0.5,316,0.49658289925807697,316,202216.0,platt
2022_17_JAX_HOU,2022,17,202217,total,under,0.509009009009009,102.0,0.495049504950495,win,1.0,1.02,-10.583076396180276,46.02001566129604,3.5,43.0,0.5,316,0.503417100741923,316,202216.0,platt
2022_17_LA_LAC,2022,17,202217,spread,away,0.4549549549549549,-102.0,0.504950495049505,loss,0.0,-1.0,6.086067425654598,45.42229160562443,-6.5,41.5,0.4545454545454545,310,0.496852520884525,310,202216.0,platt
2022_17_LA_LAC,2022,17,202217,spread,home,0.545045045045045,-108.0,0.5192307692307693,win,1.0,0.925925925925926,6.086067425654598,45.42229160562443,-6.5,41.5,0.5454545454545454,310,0.503147479115475,310,202216.0,platt
2022_17_LA_LAC,2022,17,202217,total,over,0.5315315315315315,-100.0,0.5,loss,0.0,-1.0,6.086067425654598,45.42229160562443,-6.5,41.5,0.5,316,0.5119723465681171,316,202216.0,platt
2022_17_LA_LAC,2022,17,202217,total,under,0.4684684684684684,-112.0,0.5283018867924528,win,1.0,0.8928571428571429,6.086067425654598,45.42229160562443,-6.5,41.5,0.5,316,0.4880276534318828,316,202216.0,platt
2022_17_MIN_GB,2022,17,202217,spread,away,0.4324324324324324,106.0,0.4854368932038835,loss,0.0,-1.0,3.2457460154537823,48.07204260530988,-3.0,47.5,0.4545454545454545,310,0.4952626819743248,310,202216.0,platt
2022_17_MIN_GB,2022,17,202217,spread,home,0.5675675675675675,-117.0,0.5391705069124424,win,1.0,0.8547008547008547,3.2457460154537823,48.07204260530988,-3.0,47.5,0.5454545454545454,310,0.504737318025675,310,202216.0,platt
2022_17_MIN_GB,2022,17,202217,total,over,0.4234234234234234,-109.0,0.5215311004784688,win,1.0,0.9174311926605504,3.2457460154537823,48.07204260530988,-3.0,47.5,0.4495412844036697,316,0.47076041076024233,316,202216.0,platt
2022_17_MIN_GB,2022,17,202217,total,under,0.5765765765765766,-103.0,0.5073891625615764,loss,0.0,-1.0,3.2457460154537823,48.07204260530988,-3.0,47.5,0.5504587155963303,316,0.5292395892397577,316,202216.0,platt
2022_17_NO_PHI,2022,17,202217,spread,away,0.463963963963964,-110.0,0.5238095238095238,win,1.0,0.9090909090909092,4.757831710788519,44.24615577000981,-5.5,41.5,0.4545454545454545,310,0.49748447011209795,310,202216.0,platt
2022_17_NO_PHI,2022,17,202217,spread,home,0.536036036036036,-100.0,0.5,loss,0.0,-1.0,4.757831710788519,44.24615577000981,-5.5,41.5,0.5454545454545454,310,0.502515529887902,310,202216.0,platt
2022_17_NO_PHI,2022,17,202217,total,over,0.4684684684684684,-113.0,0.5305164319248826,loss,0.0,-1.0,4.757831710788519,44.24615577000981,-5.5,41.5,0.5,316,0.4880276534318828,316,202216.0,platt
2022_17_NO_PHI,2022,17,202217,total,under,0.5315315315315315,101.0,0.4975124378109453,win,1.0,1.01,4.757831710788519,44.24615577000981,-5.5,41.5,0.5,316,0.5119723465681171,316,202216.0,platt
2022_17_NYJ_SEA,2022,17,202217,spread,away,0.2927927927927928,-105.0,0.5121951219512195,loss,0.0,-1.0,3.825805799294404,44.14988088785776,1.0,43.0,0.4347826086956521,310,0.48464164298107865,310,202216.0,platt
2022_17_NYJ_SEA,2022,17,202217,spread,home,0.7072072072072072,-105.0,0.5121951219512195,win,1.0,0.9523809523809524,3.825805799294404,44.14988088785776,1.0,43.0,0.5652173913043478,310,0.5153583570189214,310,202216.0,platt
2022_17_NYJ_SEA,2022,17,202217,total,over,0.4369369369369369,-109.0,0.5215311004784688,loss,0.0,-1.0,3.825805799294404,44.14988088785776,1.0,43.0,0.4495412844036697,316,0.47597298184545894,316,202216.0,platt
2022_17_NYJ_SEA,2022,17,202217,total,under,0.5630630630630631,-103.0,0.5073891625615764,win,1.0,0.970873786407767,3.825805799294404,44.14988088785776,1.0,43.0,0.5504587155963303,316,0.524027018154541,316,202216.0,platt
2022_17_PIT_BAL,2022,17,202217,spread,away,0.5180180180180181,102.0,0.495049504950495,win,1.0,1.02,-0.3337544355353018,40.71966146169763,-1.0,35.5,0.5,310,0.5012561360262507,310,202216.0,platt
2022_17_PIT_BAL,2022,17,202217,spread,home,0.481981981981982,-113.0,0.5305164319248826,loss,0.0,-1.0,-0.3337544355353018,40.71966146169763,-1.0,35.5,0.5,310,0.49874386397374926,310,202216.0,platt
2022_17_PIT_BAL,2022,17,202217,total,over,0.581081081081081,-107.0,0.5169082125603864,loss,0.0,-1.0,-0.3337544355353018,40.71966146169763,-1.0,35.5,0.5504587155963303,316,0.530985184579167,316,202216.0,platt
2022_17_PIT_BAL,2022,17,202217,total,under,0.4189189189189189,-105.0,0.5121951219512195,win,1.0,0.9523809523809524,-0.3337544355353018,40.71966146169763,-1.0,35.5,0.4495412844036697,316,0.46901481542083295,316,202216.0,platt
2022_18_ARI_SF,2022,18,202218,spread,away,0.4273504273504274,100.0,0.5,loss,0.0,-1.0,14.511923328985004,43.67780984609349,-14.0,40.0,0.4201680672268907,334,0.48220525197224284,334,202217.0,platt
2022_18_ARI_SF,2022,18,202218,spread,home,0.5726495726495726,-111.0,0.5260663507109005,win,1.0,0.9009009009009008,14.511923328985004,43.67780984609349,-14.0,40.0,0.5798319327731093,334,0.5177947480277573,334,202217.0,platt
2022_18_ARI_SF,2022,18,202218,total,over,0.4914529914529914,-105.0,0.5121951219512195,win,1.0,0.9523809523809524,14.511923328985004,43.67780984609349,-14.0,40.0,0.5,340,0.4968978870622213,340,202217.0,platt
2022_18_ARI_SF,2022,18,202218,total,under,0.5085470085470085,-107.0,0.5169082125603864,loss,0.0,-1.0,14.511923328985004,43.67780984609349,-14.0,40.0,0.5,340,0.5031021129377786,340,202217.0,platt
2022_18_CAR_NO,2022,18,202218,spread,away,0.3974358974358974,-114.0,0.5327102803738317,win,1.0,0.8771929824561403,4.887912866374131,47.531971332190295,-3.5,41.5,0.4201680672268907,334,0.47470774309538805,334,202217.0,platt
2022_18_CAR_NO,2022,18,202218,spread,home,0.6025641025641025,103.0,0.4926108374384236,loss,0.0,-1.0,4.887912866374131,47.531971332190295,-3.5,41.5,0.5798319327731093,334,0.525292256904612,334,202217.0,platt
2022_18_CAR_NO,2022,18,202218,total,over,0.6025641025641025,-105.0,0.5121951219512195,loss,0.0,-1.0,4.887912866374131,47.531971332190295,-3.5,41.5,0.543103448275862,340,0.5376862606674944,340,202217.0,platt
2022_18_CAR_NO,2022,18,202218,total,under,0.3974358974358974,-107.0,0.5169082125603864,win,1.0,0.9345794392523364,4.887912866374131,47.531971332190295,-3.5,41.5,0.4568965517241379,340,0.46231373933250564,340,202217.0,platt
2022_18_CLE_PIT,2022,18,202218,spread,away,0.4273504273504274,-101.0,0.5024875621890548,loss,0.0,-1.0,3.097728500657112,42.014189783062776,-2.5,40.0,0.4201680672268907,334,0.48220525197224284,334,202217.0,platt
2022_18_CLE_PIT,2022,18,202218,spread,home,0.5726495726495726,-109.0,0.5215311004784688,win,1.0,0.9174311926605504,3.097728500657112,42.014189783062776,-2.5,40.0,0.5798319327731093,334,0.5177947480277573,334,202217.0,platt
2022_18_CLE_PIT,2022,18,202218,total,over,0.4444444444444444,-106.0,0.5145631067961165,win,1.0,0.9433962264150944,3.097728500657112,42.014189783062776,-2.5,40.0,0.5,340,0.47976543721125703,340,202217.0,platt
2022_18_CLE_PIT,2022,18,202218,total,under,0.5555555555555556,-106.0,0.5145631067961165,loss,0.0,-1.0,3.097728500657112,42.014189783062776,-2.5,40.0,0.5,340,0.5202345627887429,340,202217.0,platt
2022_18_DET_GB,2022,18,202218,spread,away,0.6111111111111112,-110.0,0.5238095238095238,win,1.0,0.9090909090909092,2.0946867706528907,47.89690763579891,-5.5,49.0,0.5798319327731093,334,0.5274653051916762,334,202217.0,platt
2022_18_DET_GB,2022,18,202218,spread,home,0.3888888888888889,-100.0,0.5,loss,0.0,-1.0,2.0946867706528907,47.89690763579891,-5.5,49.0,0.4201680672268907,334,0.4725346948083238,334,202217.0,platt
2022_18_DET_GB,2022,18,202218,total,over,0.3803418803418803,101.0,0.4975124378109453,loss,0.0,-1.0,2.0946867706528907,47.89690763579891,-5.5,49.0,0.4568965517241379,340,0.45583078561570267,340,202217.0,platt
2022_18_DET_GB,2022,18,202218,total,under,0.6196581196581197,-113.0,0.5305164319248826,win,1.0,0.8849557522123894,2.0946867706528907,47.89690763579891,-5.5,49.0,0.543103448275862,340,0.5441692143842973,340,202217.0,platt
2022_18_HOU_IND,2022,18,202218,spread,away,0.3803418803418803,-119.0,0.54337899543379,win,1.0,0.8403361344537815,4.782230705217864,43.007840222106765,-3.0,38.0,0.4201680672268907,334,0.47034525902927965,334,202217.0,platt
2022_18_HOU_IND,2022,18,202218,spread,home,0.6196581196581197,108.0,0.4807692307692308,loss,0.0,-1.0,4.782230705217864,43.007840222106765,-3.0,38.0,0.5798319327731093,334,0.5296547409707203,334,202217.0,platt
2022_18_HOU_IND,2022,18,202218,total,over,0.5726495726495726,-101.0,0.5024875621890548,win,1.0,0.99009900990099,4.782230705217864,43.007840222106765,-3.0,38.0,0.543103448275862,340,0.5265287234094149,340,202217.0,platt
2022_18_HOU_IND,2022,18,202218,total,under,0.4273504273504274,-111.0,0.5260663507109005,loss,0.0,-1.0,4.782230705217864,43.007840222106765,-3.0,38.0,0.4568965517241379,340,0.47347127659058513,340,202217.0,platt
2022_18_LAC_DEN,2022,18,202218,spread,away,0.9145299145299144,-104.0,0.5098039215686274,win,1.0,0.9615384615384616,-9.44183298203802,41.7210687464161,-6.0,38.5,0.5798319327731093,334,0.640307943048193,334,202217.0,platt
2022_18_LAC_DEN,2022,18,202218,spread,home,0.0854700854700854,-106.0,0.5145631067961165,loss,0.0,-1.0,-9.44183298203802,41.7210687464161,-6.0,38.5,0.4201680672268907,334,0.3596920569518067,334,202217.0,platt
2022_18_LAC_DEN,2022,18,202218,total,over,0.4871794871794871,-110.0,0.5238095238095238,win,1.0,0.9090909090909092,-9.44183298203802,41.7210687464161,-6.0,38.5,0.5,340,0.49534633846253495,340,202217.0,platt
2022_18_LAC_DEN,2022,18,202218,total,under,0.5128205128205128,-103.0,0.5073891625615764,loss,0.0,-1.0,-9.44183298203802,41.7210687464161,-6.0,38.5,0.5,340,0.504653661537465,340,202217.0,platt
2022_18_LA_SEA,2022,18,202218,spread,away,0.4487179487179487,-112.0,0.5283018867924528,win,1.0,0.8928571428571429,5.565684437972527,42.030432220360936,-5.5,41.5,0.4201680672268907,334,0.48748121732710814,334,202217.0,platt
2022_18_LA_SEA,2022,18,202218,spread,home,0.5512820512820513,102.0,0.495049504950495,loss,0.0,-1.0,5.565684437972527,42.030432220360936,-5.5,41.5,0.5798319327731093,334,0.5125187826728919,334,202217.0,platt
2022_18_LA_SEA,2022,18,202218,total,over,0.4188034188034188,-111.0,0.5260663507109005,loss,0.0,-1.0,5.565684437972527,42.030432220360936,-5.5,41.5,0.4568965517241379,340,0.4703041970291642,340,202217.0,platt
2022_18_LA_SEA,2022,18,202218,total,under,0.5811965811965811,-101.0,0.5024875621890548,win,1.0,0.99009900990099,5.565684437972527,42.030432220360936,-5.5,41.5,0.543103448275862,340,0.5296958029708358,340,202217.0,platt
2022_18_MIN_CHI,2022,18,202218,spread,away,0.6111111111111112,-104.0,0.5098039215686274,win,1.0,0.9615384615384616,-9.883322656275816,38.63351357660865,6.5,42.5,0.5798319327731093,334,0.5274653051916762,334,202217.0,platt
2022_18_MIN_CHI,2022,18,202218,spread,home,0.3888888888888889,-106.0,0.5145631067961165,loss,0.0,-1.0,-9.883322656275816,38.63351357660865,6.5,42.5,0.4201680672268907,334,0.4725346948083238,334,202217.0,platt
2022_18_MIN_CHI,2022,18,202218,total,over,0.3119658119658119,-109.0,0.5215311004784688,loss,0.0,-1.0,-9.883322656275816,38.63351357660865,6.5,42.5,0.3022486772486772,340,0.428726969457832,340,202217.0,platt
2022_18_MIN_CHI,2022,18,202218,total,under,0.688034188034188,-103.0,0.5073891625615764,win,1.0,0.970873786407767,-9.883322656275816,38.63351357660865,6.5,42.5,0.6977513227513229,340,0.5712730305421679,340,202217.0,platt
2022_18_NE_BUF,2022,18,202218,spread,away,0.3547008547008546,104.0,0.4901960784313725,loss,0.0,-1.0,10.307412048075792,44.05763433043891,-8.0,44.0,0.4201680672268907,334,0.4636628063125398,334,202217.0,platt
2022_18_NE_BUF,2022,18,202218,spread,home,0.6452991452991453,-115.0,0.5348837209302325,win,1.0,0.8695652173913043,10.307412048075792,44.05763433043891,-8.0,44.0,0.5798319327731093,334,0.5363371936874602,334,202217.0,platt
2022_18_NE_BUF,2022,18,202218,total,over,0.4145299145299145,-108.0,0.5192307692307693,win,1.0,0.925925925925926,10.307412048075792,44.05763433043891,-8.0,44.0,0.4568965517241379,340,0.4687148820371895,340,202217.0,platt
2022_18_NE_BUF,2022,18,202218,total,under,0.5854700854700854,-104.0,0.5098039215686274,loss,0.0,-1.0,10.307412048075792,44.05763433043891,-8.0,44.0,0.543103448275862,340,0.5312851179628104,340,202217.0,platt
2022_18_NYJ_MIA,2022,18,202218,spread,away,0.2948717948717948,-103.0,0.5073891625615764,loss,0.0,-1.0,8.585197279024342,39.26710422958155,-3.5,37.5,0.4201680672268907,334,0.4471664617764719,334,202217.0,platt
2022_18_NYJ_MIA,2022,18,202218,spread,home,0.7051282051282052,-107.0,0.5169082125603864,win,1.0,0.9345794392523364,8.585197279024342,39.26710422958155,-3.5,37.5,0.5798319327731093,334,0.5528335382235281,334,202217.0,platt
2022_18_NYJ_MIA,2022,18,202218,total,over,0.4444444444444444,-103.0,0.5073891625615764,loss,0.0,-1.0,8.585197279024342,39.26710422958155,-3.5,37.5,0.5,340,0.47976543721125703,340,202217.0,platt
2022_18_NYJ_MIA,2022,18,202218,total,under,0.5555555555555556,-110.0,0.5238095238095238,win,1.0,0.9090909090909092,8.585197279024342,39.26710422958155,-3.5,37.5,0.5,340,0.5202345627887429,340,202217.0,platt
2022_18_TB_ATL,2022,18,202218,spread,away,0.8504273504273504,-110.0,0.5238095238095238,loss,0.0,-1.0,-4.969710386296075,47.89542921970126,-6.0,40.5,0.5798319327731093,334,0.6041674252570101,334,202217.0,platt
2022_18_TB_ATL,2022,18,202218,spread,home,0.1495726495726495,100.0,0.5,win,1.0,1.0,-4.969710386296075,47.89542921970126,-6.0,40.5,0.4201680672268907,334,0.39583257474298983,334,202217.0,platt
2022_18_TB_ATL,2022,18,202218,total,over,0.6623931623931624,-106.0,0.5145631067961165,win,1.0,0.9433962264150944,-4.969710386296075,47.89542921970126,-6.0,40.5,0.543103448275862,340,0.5608463131288535,340,202217.0,platt
2022_18_TB_ATL,2022,18,202218,total,under,0.3376068376068376,-106.0,0.5145631067961165,loss,0.0,-1.0,-4.969710386296075,47.89542921970126,-6.0,40.5,0.4568965517241379,340,0.4391536868711465,340,202217.0,platt
2023_01_BUF_NYJ,2023,1,202301,spread,away,0.7673469387755102,-110.0,0.5238095238095238,loss,0.0,-1.0,-10.815024042533524,41.96525906163893,2.5,44.5,0.5813953488372093,356,0.5866315189255883,356,202218.0,platt
2023_01_BUF_NYJ,2023,1,202301,spread,home,0.2326530612244897,-110.0,0.5238095238095238,win,1.0,0.9090909090909092,-10.815024042533524,41.96525906163893,2.5,44.5,0.4186046511627907,356,0.4133684810744117,356,202218.0,platt
2023_01_BUF_NYJ,2023,1,202301,total,over,0.3346938775510204,-110.0,0.5238095238095238,loss,0.0,-1.0,-10.815024042533524,41.96525906163893,2.5,44.5,0.4285714285714285,362,0.42356257895491795,362,202218.0,platt
2023_01_BUF_NYJ,2023,1,202301,total,under,0.6653061224489796,-110.0,0.5238095238095238,win,1.0,0.9090909090909092,-10.815024042533524,41.96525906163893,2.5,44.5,0.5714285714285714,362,0.5764374210450821,362,202218.0,platt
2023_01_CIN_CLE,2023,1,202301,spread,away,0.5755102040816327,-105.0,0.5121951219512195,loss,0.0,-1.0,-3.545368548704052,46.1845580675416,1.0,46.5,0.5813953488372093,356,0.5223053369487999,356,202218.0,platt
2023_01_CIN_CLE,2023,1,202301,spread,home,0.4244897959183673,-115.0,0.5348837209302325,win,1.0,0.8695652173913043,-3.545368548704052,46.1845580675416,1.0,46.5,0.4186046511627907,356,0.4776946630512001,356,202218.0,platt
2023_01_CIN_CLE,2023,1,202301,total,over,0.4081632653061224,-110.0,0.5238095238095238,loss,0.0,-1.0,-3.545368548704052,46.1845580675416,1.0,46.5,0.4521739130434782,362,0.45843026998665076,362,202218.0,platt
2023_01_CIN_CLE,2023,1,202301,total,under,0.5918367346938775,-110.0,0.5238095238095238,win,1.0,0.9090909090909092,-3.545368548704052,46.1845580675416,1.0,46.5,0.5478260869565217,362,0.5415697300133492,362,202218.0,platt
2023_01_DAL_NYG,2023,1,202301,spread,away,0.3714285714285714,100.0,0.5,win,1.0,1.0,-1.342862074862938,46.25317552782912,3.5,44.5,0.4186046511627907,356,0.46149663750477704,356,202218.0,platt
2023_01_DAL_NYG,2023,1,202301,spread,home,0.6285714285714286,-120.0,0.5454545454545454,loss,0.0,-1.0,-1.342862074862938,46.25317552782912,3.5,44.5,0.5813953488372093,356,0.5385033624952229,356,202218.0,platt
2023_01_DAL_NYG,2023,1,202301,total,over,0.4530612244897959,-110.0,0.5238095238095238,loss,0.0,-1.0,-1.342862074862938,46.25317552782912,3.5,44.5,0.5,362,0.47889613001568543,362,202218.0,platt
2023_01_DAL_NYG,2023,1,202301,total,under,0.5469387755102041,-110.0,0.5238095238095238,win,1.0,0.9090909090909092,-1.342862074862938,46.25317552782912,3.5,44.5,0.5,362,0.5211038699843146,362,202218.0,platt
2023_01_DET_KC,2023,1,202301,spread,away,0.3142857142857143,-110.0,0.5238095238095238,win,1.0,0.9090909090909092,8.41765600703786,50.87198392107596,-4.0,53.0,0.4186046511627907,356,0.4430373668341209,356,202218.0,platt
2023_01_DET_KC,2023,1,202301,spread,home,0.6857142857142857,-110.0,0.5238095238095238,loss,0.0,-1.0,8.41765600703786,50.87198392107596,-4.0,53.0,0.5813953488372093,356,0.556962633165879,356,202218.0,platt
2023_01_DET_KC,2023,1,202301,total,over,0.3428571428571428,-110.0,0.5238095238095238,loss,0.0,-1.0,8.41765600703786,50.87198392107596,-4.0,53.0,0.4521739130434782,362,0.4275586161705257,362,202218.0,platt
2023_01_DET_KC,2023,1,202301,total,under,0.6571428571428571,-110.0,0.5238095238095238,win,1.0,0.9090909090909092,8.41765600703786,50.87198392107596,-4.0,53.0,0.5478260869565217,362,0.5724413838294742,362,202218.0,platt
2023_01_LA_SEA,2023,1,202301,spread,away,0.5224489795918368,-110.0,0.5238095238095238,win,1.0,0.9090909090909092,3.028129461753688,42.98755390501384,-4.5,45.0,0.5,356,0.5065890114303498,356,202218.0,platt
2023_01_LA_SEA,2023,1,202301,spread,home,0.4775510204081633,-110.0,0.5238095238095238,loss,0.0,-1.0,3.028129461753688,42.98755390501384,-4.5,45.0,0.5,356,0.4934109885696502,356,202218.0,platt
2023_01_LA_SEA,2023,1,202301,total,over,0.3510204081632653,-110.0,0.5238095238095238,loss,0.0,-1.0,3.028129461753688,42.98755390501384,-4.5,45.0,0.4521739130434782,362,0.43151871409952636,362,202218.0,platt
2023_01_LA_SEA,2023,1,202301,total,under,0.6489795918367347,-110.0,0.5238095238095238,win,1.0,0.9090909090909092,3.028129461753688,42.98755390501384,-4.5,45.0,0.5478260869565217,362,0.5684812859004736,362,202218.0,platt
2023_01_LV_DEN,2023,1,202301,spread,away,0.7102040816326531,-105.0,0.5121951219512195,win,1.0,0.9523809523809524,-3.715554268688922,45.539338540516034,-3.0,43.0,0.5813953488372093,356,0.5653573838162629,356,202218.0,platt
2023_01_LV_DEN,2023,1,202301,spread,home,0.2897959183673469,-115.0,0.5348837209302325,loss,0.0,-1.0,-3.715554268688922,45.539338540516034,-3.0,43.0,0.4186046511627907,356,0.4346426161837372,356,202218.0,platt
2023_01_LV_DEN,2023,1,202301,total,over,0.4693877551020408,-110.0,0.5238095238095238,loss,0.0,-1.0,-3.715554268688922,45.539338540516034,-3.0,43.0,0.5,362,0.4862552448761836,362,202218.0,platt
2023_01_LV_DEN,2023,1,202301,total,under,0.5306122448979591,-110.0,0.5238095238095238,win,1.0,0.9090909090909092,-3.715554268688922,45.539338540516034,-3.0,43.0,0.5,362,0.5137447551238163,362,202218.0,platt
2023_01_MIA_LAC,2023,1,202301,spread,away,0.436734693877551,-110.0,0.5238095238095238,win,1.0,0.9090909090909092,3.4395464669871174,48.95079756670015,-3.0,50.5,0.4186046511627907,356,0.48135103432697196,356,202218.0,platt
2023_01_MIA_LAC,2023,1,202301,spread,home,0.563265306122449,-110.0,0.5238095238095238,loss,0.0,-1.0,3.4395464669871174,48.95079756670015,-3.0,50.5,0.5813953488372093,356,0.5186489656730281,356,202218.0,platt
2023_01_MIA_LAC,2023,1,202301,total,over,0.3673469387755102,-110.0,0.5238095238095238,win,1.0,0.9090909090909092,3.4395464669871174,48.95079756670015,-3.0,50.5,0.4521739130434782,362,0.43934101188727304,362,202218.0,platt
2023_01_MIA_LAC,2023,1,202301,total,under,0.6326530612244898,-110.0,0.5238095238095238,loss,0.0,-1.0,3.4395464669871174,48.95079756670015,-3.0,50.5,0.5478260869565217,362,0.560658988112727,362,202218.0,platt
2023_01_PHI_NE,2023,1,202301,spread,away,0.436734693877551,-110.0,0.5238095238095238,win,1.0,0.9090909090909092,-3.0605453109422687,45.29830139642905,3.5,44.5,0.4186046511627907,356,0.48135103432697196,356,202218.0,platt
2023_01_PHI_NE,2023,1,202301,spread,home,0.563265306122449,-110.0,0.5238095238095238,loss,0.0,-1.0,-3.0605453109422687,45.29830139642905,3.5,44.5,0.5813953488372093,356,0.5186489656730281,356,202218.0,platt
2023_01_PHI_NE,2023,1,202301,total,over,0.436734693877551,-108.0,0.5192307692307693,win,1.0,0.925925925925926,-3.0605453109422687,45.29830139642905,3.5,44.5,0.4521739130434782,362,0.4715005627631784,362,202218.0,platt
2023_01_PHI_NE,2023,1,202301,total,under,0.563265306122449,-112.0,0.5283018867924528,loss,0.0,-1.0,-3.0605453109422687,45.29830139642905,3.5,44.5,0.5478260869565217,362,0.5284994372368216,362,202218.0,platt
2023_01_SF_PIT,2023,1,202301,spread,away,0.6,-108.0,0.5192307692307693,win,1.0,0.925925925925926,-4.55434522668866,45.86087702559971,1.5,41.5,0.5813953488372093,356,0.5296987858253094,356,202218.0,platt
2023_01_SF_PIT,2023,1,202301,spread,home,0.4,-112.0,0.5283018867924528,loss,0.0,-1.0,-4.55434522668866,45.86087702559971,1.5,41.5,0.4186046511627907,356,0.4703012141746906,356,202218.0,platt
2023_01_SF_PIT,2023,1,202301,total,over,0.5469387755102041,-110.0,0.5238095238095238,loss,0.0,-1.0,-4.55434522668866,45.86087702559971,1.5,41.5,0.5,362,0.5211038699843146,362,202218.0,platt
2023_01_SF_PIT,2023,1,202301,total,under,0.4530612244897959,-110.0,0.5238095238095238,win,1.0,0.9090909090909092,-4.55434522668866,45.86087702559971,1.5,41.5,0.5,362,0.47889613001568543,362,202218.0,platt
2023_01_TB_MIN,2023,1,202301,spread,away,0.4775510204081632,-110.0,0.5238095238095238,win,1.0,0.9090909090909092,3.251520297613413,46.72010933740438,-4.0,45.0,0.5,356,0.4934109885696502,356,202218.0,platt
2023_01_TB_MIN,2023,1,202301,spread,home,0.5224489795918368,-110.0,0.5238095238095238,loss,0.0,-1.0,3.251520297613413,46.72010933740438,-4.0,45.0,0.5,356,0.5065890114303498,356,202218.0,platt
2023_01_TB_MIN,2023,1,202301,total,over,0.4530612244897959,-110.0,0.5238095238095238,loss,0.0,-1.0,3.251520297613413,46.72010933740438,-4.0,45.0,0.5,362,0.47889613001568543,362,202218.0,platt
2023_01_TB_MIN,2023,1,202301,total,under,0.5469387755102041,-110.0,0.5238095238095238,win,1.0,0.9090909090909092,3.251520297613413,46.72010933740438,-4.0,45.0,0.5,362,0.5211038699843146,362,202218.0,platt
2023_01_TEN_NO,2023,1,202301,spread,away,0.4612244897959183,-118.0,0.5412844036697247,win,1.0,0.847457627118644,2.607966047156639,43.10736223039148,-3.0,41.0,0.4375,356,0.4886050623235723,356,202218.0,platt
2023_01_TEN_NO,2023,1,202301,spread,home,0.5387755102040817,-102.0,0.504950495049505,loss,0.0,-1.0,2.607966047156639,43.10736223039148,-3.0,41.0,0.5625,356,0.5113949376764277,356,202218.0,platt
2023_01_TEN_NO,2023,1,202301,total,over,0.4612244897959183,-110.0,0.5238095238095238,loss,0.0,-1.0,2.607966047156639,43.10736223039148,-3.0,41.0,0.5,362,0.482579430555561,362,202218.0,platt
2023_01_TEN_NO,2023,1,202301,total,under,0.5387755102040817,-110.0,0.5238095238095238,win,1.0,0.9090909090909092,2.607966047156639,43.10736223039148,-3.0,41.0,0.5,362,0.517420569444439,362,202218.0,platt
2023_02_BAL_CIN,2023,2,202302,spread,away,0.51953125,-118.0,0.5412844036697247,win,1.0,0.847457627118644,2.371974698958276,41.48187509578396,-3.5,45.5,0.5,378,0.5036920499756922,378,202301.0,platt
2023_02_BAL_CIN,2023,2,202302,spread,home,0.48046875,-102.0,0.504950495049505,loss,0.0,-1.0,2.371974698958276,41.48187509578396,-3.5,45.5,0.5,378,0.4963079500243079,378,202301.0,platt
2023_02_BAL_CIN,2023,2,202302,total,over,0.2890625,-110.0,0.5238095238095238,win,1.0,0.9090909090909092,2.371974698958276,41.48187509578396,-3.5,45.5,0.25,384,0.38079456176246684,384,202301.0,platt
2023_02_BAL_CIN,2023,2,202302,total,under,0.7109375,-110.0,0.5238095238095238,loss,0.0,-1.0,2.371974698958276,41.48187509578396,-3.5,45.5,0.75,384,0.6192054382375328,384,202301.0,platt
2023_02_CHI_TB,2023,2,202302,spread,away,0.30859375,-110.0,0.5238095238095238,loss,0.0,-1.0,7.506585141323349,42.4652106715961,-2.5,41.0,0.4333333333333333,378,0.46196899260408986,378,202301.0,platt
2023_02_CHI_TB,2023,2,202302,spread,home,0.69140625,-110.0,0.5238095238095238,win,1.0,0.9090909090909092,7.506585141323349,42.4652106715961,-2.5,41.0,0.5666666666666667,378,0.5380310073959101,378,202301.0,platt
2023_02_CHI_TB,2023,2,202302,total,over,0.4453125,-110.0,0.5238095238095238,win,1.0,0.9090909090909092,7.506585141323349,42.4652106715961,-2.5,41.0,0.475,384,0.47037215931742193,384,202301.0,platt
2023_02_CHI_TB,2023,2,202302,total,under,0.5546875,-110.0,0.5238095238095238,loss,0.0,-1.0,7.506585141323349,42.4652106715961,-2.5,41.0,0.525,384,0.5296278406825778,384,202301.0,platt
2023_02_CLE_PIT,2023,2,202302,spread,away,0.34765625,-115.0,0.5348837209302325,loss,0.0,-1.0,0.4896793358663399,39.88088745523059,2.5,39.0,0.4333333333333333,378,0.47030724794631223,378,202301.0,platt
2023_02_CLE_PIT,2023,2,202302,spread,home,0.65234375,-105.0,0.5121951219512195,win,1.0,0.9523809523809524,0.4896793358663399,39.88088745523059,2.5,39.0,0.5666666666666667,378,0.5296927520536877,378,202301.0,platt
2023_02_CLE_PIT,2023,2,202302,total,over,0.4296875,-110.0,0.5238095238095238,win,1.0,0.9090909090909092,0.4896793358663399,39.88088745523059,2.5,39.0,0.4561403508771929,384,0.46183592166157006,384,202301.0,platt
2023_02_CLE_PIT,2023,2,202302,total,under,0.5703125,-110.0,0.5238095238095238,loss,0.0,-1.0,0.4896793358663399,39.88088745523059,2.5,39.0,0.5438596491228069,384,0.5381640783384297,384,202301.0,platt
2023_02_GB_ATL,2023,2,202302,spread,away,0.515625,-115.0,0.5348837209302325,win,1.0,0.8695652173913043,1.9614445435330243,46.73575708117014,-3.0,40.5,0.5,378,0.5029531179504381,378,202301.0,platt
2023_02_GB_ATL,2023,2,202302,spread,home,0.484375,-105.0,0.5121951219512195,loss,0.0,-1.0,1.9614445435330243,46.73575708117014,-3.0,40.5,0.5,378,0.497046882049562,378,202301.0,platt
2023_02_GB_ATL,2023,2,202302,total,over,0.60546875,-110.0,0.5238095238095238,win,1.0,0.9090909090909092,1.9614445435330243,46.73575708117014,-3.0,40.5,0.5438596491228069,384,0.5575892356093862,384,202301.0,platt
2023_02_GB_ATL,2023,2,202302,total,under,0.39453125,-110.0,0.5238095238095238,loss,0.0,-1.0,1.9614445435330243,46.73575708117014,-3.0,40.5,0.4561403508771929,384,0.4424107643906136,384,202301.0,platt
2023_02_KC_JAX,2023,2,202302,spread,away,0.52734375,-102.0,0.504950495049505,win,1.0,0.9803921568627452,-4.8321580219921865,46.708431339551126,3.5,50.5,0.5,378,0.5051713089873858,378,202301.0,platt
2023_02_KC_JAX,2023,2,202302,spread,home,0.47265625,-118.0,0.5412844036697247,loss,0.0,-1.0,-4.8321580219921865,46.708431339551126,3.5,50.5,0.5,378,0.49482869101261423,378,202301.0,platt
2023_02_KC_JAX,2023,2,202302,total,over,0.3125,-110.0,0.5238095238095238,loss,0.0,-1.0,-4.8321580219921865,46.708431339551126,3.5,50.5,0.2555407801418439,384,0.39509390672537914,384,202301.0,platt
2023_02_KC_JAX,2023,2,202302,total,under,0.6875,-110.0,0.5238095238095238,win,1.0,0.9090909090909092,-4.8321580219921865,46.708431339551126,3.5,50.5,0.7444592198581561,384,0.6049060932746206,384,202301.0,platt
2023_02_LAC_TEN,2023,2,202302,spread,away,0.61328125,-118.0,0.5412844036697247,loss,0.0,-1.0,-5.592980045168862,44.85005766770723,2.5,45.5,0.5666666666666667,378,0.5217675406099929,378,202301.0,platt
2023_02_LAC_TEN,2023,2,202302,spread,home,0.38671875,-102.0,0.504950495049505,win,1.0,0.9803921568627452,-5.592980045168862,44.85005766770723,2.5,45.5,0.4333333333333333,378,0.47823245939000714,378,202301.0,platt
2023_02_LAC_TEN,2023,2,202302,total,over,0.3828125,-110.0,0.5238095238095238,win,1.0,0.9090909090909092,-5.592980045168862,44.85005766770723,2.5,45.5,0.4561403508771929,384,0.4358481372258412,384,202301.0,platt
2023_02_LAC_TEN,2023,2,202302,total,under,0.6171875,-110.0,0.5238095238095238,loss,0.0,-1.0,-5.592980045168862,44.85005766770723,2.5,45.5,0.5438596491228069,384,0.5641518627741586,384,202301.0,platt
2023_02_LV_BUF,2023,2,202302,spread,away,0.42578125,-110.0,0.5238095238095238,loss,0.0,-1.0,8.488824863223911,48.76733475876566,-7.5,47.0,0.4333333333333333,378,0.4858764767055142,378,202301.0,platt
2023_02_LV_BUF,2023,2,202302,spread,home,0.57421875,-110.0,0.5238095238095238,win,1.0,0.9090909090909092,8.488824863223911,48.76733475876566,-7.5,47.0,0.5666666666666667,378,0.5141235232944857,378,202301.0,platt
2023_02_LV_BUF,2023,2,202302,total,over,0.4453125,-110.0,0.5238095238095238,win,1.0,0.9090909090909092,8.488824863223911,48.76733475876566,-7.5,47.0,0.475,384,0.47037215931742193,384,202301.0,platt
2023_02_LV_BUF,2023,2,202302,total,under,0.5546875,-110.0,0.5238095238095238,loss,0.0,-1.0,8.488824863223911,48.76733475876566,-7.5,47.0,0.525,384,0.5296278406825778,384,202301.0,platt
2023_02_MIA_NE,2023,2,202302,spread,away,0.47265625,-112.0,0.5283018867924528,win,1.0,0.8928571428571429,-2.224301766768309,43.76151697867278,2.0,46.5,0.5,378,0.49482869101261423,378,202301.0,platt
2023_02_MIA_NE,2023,2,202302,spread,home,0.52734375,-108.0,0.5192307692307693,loss,0.0,-1.0,-2.224301766768309,43.76151697867278,2.0,46.5,0.5,378,0.5051713089873858,378,202301.0,platt
2023_02_MIA_NE,2023,2,202302,total,over,0.3203125,-108.0,0.5192307692307693,loss,0.0,-1.0,-2.224301766768309,43.76151697867278,2.0,46.5,0.3333333333333333,384,0.3997670390694146,384,202301.0,platt
2023_02_MIA_NE,2023,2,202302,total,under,0.6796875,-112.0,0.5283018867924528,win,1.0,0.8928571428571429,-2.224301766768309,43.76151697867278,2.0,46.5,0.6666666666666666,384,0.6002329609305851,384,202301.0,platt
2023_02_MIN_PHI,2023,2,202302,spread,away,0.640625,-110.0,0.5238095238095238,push,,0.0,1.4749105120504549,47.88964381020544,-6.0,49.0,0.5666666666666667,378,0.5272784244019629,378,202301.0,platt
2023_02_MIN_PHI,2023,2,202302,spread,home,0.359375,-110.0,0.5238095238095238,push,,0.0,1.4749105120504549,47.88964381020544,-6.0,49.0,0.4333333333333333,378,0.4727215755980372,378,202301.0,platt
2023_02_MIN_PHI,2023,2,202302,total,over,0.3671875,-110.0,0.5238095238095238,win,1.0,0.9090909090909092,1.4749105120504549,47.88964381020544,-6.0,49.0,0.4561403508771929,384,0.42701289080696236,384,202301.0,platt
2023_02_MIN_PHI,2023,2,202302,total,under,0.6328125,-110.0,0.5238095238095238,loss,0.0,-1.0,1.4749105120504549,47.88964381020544,-6.0,49.0,0.5438596491228069,384,0.5729871091930374,384,202301.0,platt
2023_02_NYG_ARI,2023,2,202302,spread,away,0.52734375,-110.0,0.5238095238095238,loss,0.0,-1.0,-6.383064082363226,43.63891129198774,5.0,40.0,0.5,378,0.5051713089873858,378,202301.0,platt
2023_02_NYG_ARI,2023,2,202302,spread,home,0.47265625,-110.0,0.5238095238095238,win,1.0,0.9090909090909092,-6.383064082363226,43.63891129198774,5.0,40.0,0.5,378,0.49482869101261423,378,202301.0,platt
2023_02_NYG_ARI,2023,2,202302,total,over,0.48828125,-110.0,0.5238095238095238,win,1.0,0.9090909090909092,-6.383064082363226,43.63891129198774,5.0,40.0,0.475,384,0.49366833727161635,384,202301.0,platt
2023_02_NYG_ARI,2023,2,202302,total,under,0.51171875,-110.0,0.5238095238095238,loss,0.0,-1.0,-6.383064082363226,43.63891129198774,5.0,40.0,0.525,384,0.5063316627283835,384,202301.0,platt
2023_02_NYJ_DAL,2023,2,202302,spread,away,0.3359375,-110.0,0.5238095238095238,loss,0.0,-1.0,11.87002518985538,41.234656909340885,-8.5,38.5,0.4333333333333333,378,0.4678560134147459,378,202301.0,platt
2023_02_NYJ_DAL,2023,2,202302,spread,home,0.6640625,-110.0,0.5238095238095238,win,1.0,0.9090909090909092,11.87002518985538,41.234656909340885,-8.5,38.5,0.5666666666666667,378,0.5321439865852541,378,202301.0,platt
2023_02_NYJ_DAL,2023,2,202302,total,over,0.46484375,-110.0,0.5238095238095238,win,1.0,0.9090909090909092,11.87002518985538,41.234656909340885,-8.5,38.5,0.475,384,0.4809852578674835,384,202301.0,platt
2023_02_NYJ_DAL,2023,2,202302,total,under,0.53515625,-110.0,0.5238095238095238,loss,0.0,-1.0,11.87002518985538,41.234656909340885,-8.5,38.5,0.525,384,0.5190147421325163,384,202301.0,platt
2023_02_SEA_DET,2023,2,202302,spread,away,0.4453125,-110.0,0.5238095238095238,win,1.0,0.9090909090909092,5.035547274022193,51.861875668982506,-4.5,47.5,0.4705882352941176,378,0.48962731972018714,378,202301.0,platt
2023_02_SEA_DET,2023,2,202302,spread,home,0.5546875,-110.0,0.5238095238095238,loss,0.0,-1.0,5.035547274022193,51.861875668982506,-4.5,47.5,0.5294117647058824,378,0.5103726802798128,378,202301.0,platt
2023_02_SEA_DET,2023,2,202302,total,over,0.5390625,-112.0,0.5283018867924528,win,1.0,0.8928571428571429,5.035547274022193,51.861875668982506,-4.5,47.5,0.525,384,0.5211332989265284,384,202301.0,platt
2023_02_SEA_DET,2023,2,202302,total,under,0.4609375,-108.0,0.5192307692307693,loss,0.0,-1.0,5.035547274022193,51.861875668982506,-4.5,47.5,0.475,384,0.4788667010734714,384,202301.0,platt
2023_02_SF_LA,2023,2,202302,spread,away,0.45703125,-105.0,0.5121951219512195,loss,0.0,-1.0,-7.310960856074125,50.00016878476255,7.5,45.0,0.4705882352941176,378,0.49186211937390617,378,202301.0,platt
2023_02_SF_LA,2023,2,202302,spread,home,0.54296875,-115.0,0.5348837209302325,win,1.0,0.8695652173913043,-7.310960856074125,50.00016878476255,7.5,45.0,0.5294117647058824,378,0.5081378806260939,378,202301.0,platt
2023_02_SF_LA,2023,2,202302,total,over,0.56640625,-110.0,0.5238095238095238,win,1.0,0.9090909090909092,-7.310960856074125,50.00016878476255,7.5,45.0,0.5438596491228069,384,0.5360254288698737,384,202301.0,platt
2023_02_SF_LA,2023,2,202302,total,under,0.43359375,-110.0,0.5238095238095238,loss,0.0,-1.0,-7.310960856074125,50.00016878476255,7.5,45.0,0.4561403508771929,384,0.4639745711301261,384,202301.0,platt
2023_02_WAS_DEN,2023,2,202302,spread,away,0.57421875,-110.0,0.5238095238095238,win,1.0,0.9090909090909092,1.5988842185983347,36.51084276752625,-4.0,38.5,0.5666666666666667,378,0.5141235232944857,378,202301.0,platt
2023_02_WAS_DEN,2023,2,202302,spread,home,0.42578125,-110.0,0.5238095238095238,loss,0.0,-1.0,1.5988842185983347,36.51084276752625,-4.0,38.5,0.4333333333333333,378,0.4858764767055142,378,202301.0,platt
2023_02_WAS_DEN,2023,2,202302,total,over,0.33984375,-110.0,0.5238095238095238,win,1.0,0.9090909090909092,1.5988842185983347,36.51084276752625,-4.0,38.5,0.3684210526315789,384,0.4112721536057937,384,202301.0,platt
2023_02_WAS_DEN,2023,2,202302,total,under,0.66015625,-110.0,0.5238095238095238,loss,0.0,-1.0,1.5988842185983347,36.51084276752625,-4.0,38.5,0.631578947368421,384,0.5887278463942061,384,202301.0,platt
2023_03_ATL_DET,2023,3,202303,spread,away,0.3925925925925926,100.0,0.5,loss,0.0,-1.0,4.91974053801179,48.15339866862843,-3.0,47.5,0.4206349206349206,404,0.4710708984043339,404,202302.0,platt
2023_03_ATL_DET,2023,3,202303,spread,home,0.6074074074074074,-120.0,0.5454545454545454,win,1.0,0.8333333333333334,4.91974053801179,48.15339866862843,-3.0,47.5,0.5793650793650794,404,0.5289291015956661,404,202302.0,platt
2023_03_ATL_DET,2023,3,202303,total,over,0.4333333333333333,-112.0,0.5283018867924528,loss,0.0,-1.0,4.91974053801179,48.15339866862843,-3.0,47.5,0.4621848739495798,412,0.47104455704813947,412,202302.0,platt
2023_03_ATL_DET,2023,3,202303,total,under,0.5666666666666667,-108.0,0.5192307692307693,win,1.0,0.925925925925926,4.91974053801179,48.15339866862843,-3.0,47.5,0.53781512605042,412,0.5289554429518606,412,202302.0,platt
2023_03_BUF_WAS,2023,3,202303,spread,away,0.7074074074074075,-115.0,0.5348837209302325,win,1.0,0.8695652173913043,-11.63408310426268,44.13986378680736,5.5,44.0,0.5793650793650794,404,0.5583179363723455,404,202302.0,platt
2023_03_BUF_WAS,2023,3,202303,spread,home,0.2925925925925925,-105.0,0.5121951219512195,loss,0.0,-1.0,-11.63408310426268,44.13986378680736,5.5,44.0,0.4206349206349206,404,0.44168206362765455,404,202302.0,platt
2023_03_BUF_WAS,2023,3,202303,total,over,0.4259259259259259,-112.0,0.5283018867924528,loss,0.0,-1.0,-11.63408310426268,44.13986378680736,5.5,44.0,0.4621848739495798,412,0.4677903253642866,412,202302.0,platt
2023_03_BUF_WAS,2023,3,202303,total,under,0.5740740740740741,-108.0,0.5192307692307693,win,1.0,0.925925925925926,-11.63408310426268,44.13986378680736,5.5,44.0,0.53781512605042,412,0.5322096746357133,412,202302.0,platt
2023_03_CAR_SEA,2023,3,202303,spread,away,0.5555555555555556,-110.0,0.5238095238095238,loss,0.0,-1.0,2.935190603154273,43.0220689566113,-5.0,42.5,0.5277777777777778,404,0.5148035444908187,404,202302.0,platt
2023_03_CAR_SEA,2023,3,202303,spread,home,0.4444444444444444,-110.0,0.5238095238095238,win,1.0,0.9090909090909092,2.935190603154273,43.0220689566113,-5.0,42.5,0.4722222222222222,404,0.4851964555091814,404,202302.0,platt
2023_03_CAR_SEA,2023,3,202303,total,over,0.4333333333333333,-110.0,0.5238095238095238,win,1.0,0.9090909090909092,2.935190603154273,43.0220689566113,-5.0,42.5,0.4621848739495798,412,0.47104455704813947,412,202302.0,platt
2023_03_CAR_SEA,2023,3,202303,total,under,0.5666666666666667,-110.0,0.5238095238095238,loss,0.0,-1.0,2.935190603154273,43.0220689566113,-5.0,42.5,0.53781512605042,412,0.5289554429518606,412,202302.0,platt
2023_03_CHI_KC,2023,3,202303,spread,away,0.3148148148148147,-110.0,0.5238095238095238,loss,0.0,-1.0,17.483379072594566,43.63741996912389,-13.0,48.0,0.4206349206349206,404,0.44857379329158,404,202302.0,platt
2023_03_CHI_KC,2023,3,202303,spread,home,0.6851851851851852,-110.0,0.5238095238095238,win,1.0,0.9090909090909092,17.483379072594566,43.63741996912389,-13.0,48.0,0.5793650793650794,404,0.55142620670842,404,202302.0,platt
2023_03_CHI_KC,2023,3,202303,total,over,0.2962962962962963,-110.0,0.5238095238095238,win,1.0,0.9090909090909092,17.483379072594566,43.63741996912389,-13.0,48.0,0.2857142857142857,412,0.4076045136468838,412,202302.0,platt
2023_03_CHI_KC,2023,3,202303,total,under,0.7037037037037037,-110.0,0.5238095238095238,loss,0.0,-1.0,17.483379072594566,43.63741996912389,-13.0,48.0,0.7142857142857143,412,0.5923954863531162,412,202302.0,platt
2023_03_DAL_ARI,2023,3,202303,spread,away,0.4703703703703703,-110.0,0.5238095238095238,loss,0.0,-1.0,-11.760914903304162,44.00350101952441,11.5,43.5,0.4722222222222222,404,0.4921265010810807,404,202302.0,platt
2023_03_DAL_ARI,2023,3,202303,spread,home,0.5296296296296297,-110.0,0.5238095238095238,win,1.0,0.9090909090909092,-11.760914903304162,44.00350101952441,11.5,43.5,0.5277777777777778,404,0.5078734989189194,404,202302.0,platt
2023_03_DAL_ARI,2023,3,202303,total,over,0.4333333333333333,-110.0,0.5238095238095238,win,1.0,0.9090909090909092,-11.760914903304162,44.00350101952441,11.5,43.5,0.4621848739495798,412,0.47104455704813947,412,202302.0,platt
2023_03_DAL_ARI,2023,3,202303,total,under,0.5666666666666667,-110.0,0.5238095238095238,loss,0.0,-1.0,-11.760914903304162,44.00350101952441,11.5,43.5,0.53781512605042,412,0.5289554429518606,412,202302.0,platt
2023_03_DEN_MIA,2023,3,202303,spread,away,0.3703703703703703,-110.0,0.5238095238095238,loss,0.0,-1.0,8.425455149613544,47.38454350293907,-6.0,47.5,0.4206349206349206,404,0.4648454515691114,404,202302.0,platt
2023_03_DEN_MIA,2023,3,202303,spread,home,0.6296296296296297,-110.0,0.5238095238095238,win,1.0,0.9090909090909092,8.425455149613544,47.38454350293907,-6.0,47.5,0.5793650793650794,404,0.5351545484308886,404,202302.0,platt
2023_03_DEN_MIA,2023,3,202303,total,over,0.4111111111111111,-110.0,0.5238095238095238,win,1.0,0.9090909090909092,8.425455149613544,47.38454350293907,-6.0,47.5,0.4621848739495798,412,0.46124491449194244,412,202302.0,platt
2023_03_DEN_MIA,2023,3,202303,total,under,0.5888888888888889,-110.0,0.5238095238095238,loss,0.0,-1.0,8.425455149613544,47.38454350293907,-6.0,47.5,0.53781512605042,412,0.5387550855080575,412,202302.0,platt
2023_03_HOU_JAX,2023,3,202303,spread,away,0.3518518518518518,-110.0,0.5238095238095238,win,1.0,0.9090909090909092,10.33396576597129,39.95115013161113,-7.5,43.5,0.4206349206349206,404,0.4595484959883268,404,202302.0,platt
2023_03_HOU_JAX,2023,3,202303,spread,home,0.6481481481481481,-110.0,0.5238095238095238,loss,0.0,-1.0,10.33396576597129,39.95115013161113,-7.5,43.5,0.5793650793650794,404,0.5404515040116732,404,202302.0,platt
2023_03_HOU_JAX,2023,3,202303,total,over,0.3259259259259259,-110.0,0.5238095238095238,win,1.0,0.9090909090909092,10.33396576597129,39.95115013161113,-7.5,43.5,0.3846153846153846,412,0.4221172473210737,412,202302.0,platt
2023_03_HOU_JAX,2023,3,202303,total,under,0.674074074074074,-110.0,0.5238095238095238,loss,0.0,-1.0,10.33396576597129,39.95115013161113,-7.5,43.5,0.6153846153846154,412,0.5778827526789264,412,202302.0,platt
2023_03_IND_BAL,2023,3,202303,spread,away,0.4074074074074074,-110.0,0.5238095238095238,win,1.0,0.9090909090909092,9.039791495699864,45.50501018859964,-7.5,43.5,0.4206349206349206,404,0.4751557083630169,404,202302.0,platt
2023_03_IND_BAL,2023,3,202303,spread,home,0.5925925925925926,-110.0,0.5238095238095238,loss,0.0,-1.0,9.039791495699864,45.50501018859964,-7.5,43.5,0.5793650793650794,404,0.5248442916369831,404,202302.0,platt
2023_03_IND_BAL,2023,3,202303,total,over,0.4666666666666667,-110.0,0.5238095238095238,loss,0.0,-1.0,9.039791495699864,45.50501018859964,-7.5,43.5,0.5,412,0.4855749647653316,412,202302.0,platt
2023_03_IND_BAL,2023,3,202303,total,under,0.5333333333333333,-110.0,0.5238095238095238,win,1.0,0.9090909090909092,9.039791495699864,45.50501018859964,-7.5,43.5,0.5,412,0.5144250352346685,412,202302.0,platt
2023_03_LAC_MIN,2023,3,202303,spread,away,0.5962962962962963,-115.0,0.5348837209302325,win,1.0,0.8695652173913043,-1.9333134721154488,50.86001067720084,-1.0,54.0,0.5793650793650794,404,0.5258611655632288,404,202302.0,platt
2023_03_LAC_MIN,2023,3,202303,spread,home,0.4037037037037037,-105.0,0.5121951219512195,loss,0.0,-1.0,-1.9333134721154488,50.86001067720084,-1.0,54.0,0.4206349206349206,404,0.47413883443677124,404,202302.0,platt
2023_03_LAC_MIN,2023,3,202303,total,over,0.3296296296296296,-110.0,0.5238095238095238,loss,0.0,-1.0,-1.9333134721154488,50.86001067720084,-1.0,54.0,0.3846153846153846,412,0.4238905305051967,412,202302.0,platt
2023_03_LAC_MIN,2023,3,202303,total,under,0.6703703703703704,-110.0,0.5238095238095238,win,1.0,0.9090909090909092,-1.9333134721154488,50.86001067720084,-1.0,54.0,0.6153846153846154,412,0.5761094694948032,412,202302.0,platt
2023_03_LA_CIN,2023,3,202303,spread,away,0.4518518518518518,100.0,0.5,push,,0.0,3.2267567174260536,45.1071197579498,-3.0,45.5,0.4722222222222222,404,0.487182581470663,404,202302.0,platt
2023_03_LA_CIN,2023,3,202303,spread,home,0.5481481481481482,-120.0,0.5454545454545454,push,,0.0,3.2267567174260536,45.1071197579498,-3.0,45.5,0.5277777777777778,404,0.512817418529337,404,202302.0,platt
2023_03_LA_CIN,2023,3,202303,total,over,0.4074074074074074,-112.0,0.5283018867924528,loss,0.0,-1.0,3.2267567174260536,45.1071197579498,-3.0,45.5,0.4621848739495798,412,0.4595999098925117,412,202302.0,platt
2023_03_LA_CIN,2023,3,202303,total,under,0.5925925925925926,-108.0,0.5192307692307693,win,1.0,0.925925925925926,3.2267567174260536,45.1071197579498,-3.0,45.5,0.53781512605042,412,0.5404000901074882,412,202302.0,platt
2023_03_NE_NYJ,2023,3,202303,spread,away,0.5703703703703704,-112.0,0.5283018867924528,win,1.0,0.8928571428571429,-4.7133561853058925,36.75411102877237,2.5,35.5,0.5793650793650794,404,0.5187951534508239,404,202302.0,platt
2023_03_NE_NYJ,2023,3,202303,spread,home,0.4296296296296296,-108.0,0.5192307692307693,loss,0.0,-1.0,-4.7133561853058925,36.75411102877237,2.5,35.5,0.4206349206349206,404,0.481204846549176,404,202302.0,platt
2023_03_NE_NYJ,2023,3,202303,total,over,0.4592592592592592,-110.0,0.5238095238095238,loss,0.0,-1.0,-4.7133561853058925,36.75411102877237,2.5,35.5,0.5,412,0.48235886395139127,412,202302.0,platt
2023_03_NE_NYJ,2023,3,202303,total,under,0.5407407407407407,-110.0,0.5238095238095238,win,1.0,0.9090909090909092,-4.7133561853058925,36.75411102877237,2.5,35.5,0.5,412,0.5176411360486087,412,202302.0,platt
2023_03_NO_GB,2023,3,202303,spread,away,0.4481481481481482,-110.0,0.5238095238095238,loss,0.0,-1.0,-1.1724451632583752,42.162475851412985,1.5,41.5,0.4722222222222222,404,0.48619023513975557,404,202302.0,platt
2023_03_NO_GB,2023,3,202303,spread,home,0.5518518518518518,-110.0,0.5238095238095238,win,1.0,0.9090909090909092,-1.1724451632583752,42.162475851412985,1.5,41.5,0.5277777777777778,404,0.5138097648602445,404,202302.0,platt
2023_03_NO_GB,2023,3,202303,total,over,0.4333333333333333,-110.0,0.5238095238095238,loss,0.0,-1.0,-1.1724451632583752,42.162475851412985,1.5,41.5,0.4621848739495798,412,0.47104455704813947,412,202302.0,platt
2023_03_NO_GB,2023,3,202303,total,under,0.5666666666666667,-110.0,0.5238095238095238,win,1.0,0.9090909090909092,-1.1724451632583752,42.162475851412985,1.5,41.5,0.53781512605042,412,0.5289554429518606,412,202302.0,platt
2023_03_NYG_SF,2023,3,202303,spread,away,0.5555555555555556,-105.0,0.5121951219512195,loss,0.0,-1.0,8.474841241640833,44.86874398485735,-10.5,43.5,0.5277777777777778,404,0.5148035444908187,404,202302.0,platt
2023_03_NYG_SF,2023,3,202303,spread,home,0.4444444444444444,-115.0,0.5348837209302325,win,1.0,0.8695652173913043,8.474841241640833,44.86874398485735,-10.5,43.5,0.4722222222222222,404,0.4851964555091814,404,202302.0,platt
2023_03_NYG_SF,2023,3,202303,total,over,0.4666666666666667,-112.0,0.5283018867924528,loss,0.0,-1.0,8.474841241640833,44.86874398485735,-10.5,43.5,0.5,412,0.4855749647653316,412,202302.0,platt
2023_03_NYG_SF,2023,3,202303,total,under,0.5333333333333333,-108.0,0.5192307692307693,win,1.0,0.925925925925926,8.474841241640833,44.86874398485735,-10.5,43.5,0.5,412,0.5144250352346685,412,202302.0,platt
2023_03_PHI_TB,2023,3,202303,spread,away,0.2925925925925926,-110.0,0.5238095238095238,win,1.0,0.9090909090909092,-0.6504586775664405,46.79861206712834,6.0,44.0,0.4206349206349206,404,0.4416820636276546,404,202302.0,platt
2023_03_PHI_TB,2023,3,202303,spread,home,0.7074074074074074,-110.0,0.5238095238095238,loss,0.0,-1.0,-0.6504586775664405,46.79861206712834,6.0,44.0,0.5793650793650794,404,0.5583179363723455,404,202302.0,platt
2023_03_PHI_TB,2023,3,202303,total,over,0.4962962962962963,-112.0,0.5283018867924528,loss,0.0,-1.0,-0.6504586775664405,46.79861206712834,6.0,44.0,0.5,412,0.49839912756785926,412,202302.0,platt
2023_03_PHI_TB,2023,3,202303,total,under,0.5037037037037038,-108.0,0.5192307692307693,win,1.0,0.925925925925926,-0.6504586775664405,46.79861206712834,6.0,44.0,0.5,412,0.5016008724321408,412,202302.0,platt
2023_03_PIT_LV,2023,3,202303,spread,away,0.6148148148148148,-110.0,0.5238095238095238,win,1.0,0.9090909090909092,-0.2726658556660439,46.215557125679865,-3.0,43.5,0.5793650793650794,404,0.5309900933024579,404,202302.0,platt
2023_03_PIT_LV,2023,3,202303,spread,home,0.3851851851851852,-110.0,0.5238095238095238,loss,0.0,-1.0,-0.2726658556660439,46.215557125679865,-3.0,43.5,0.4206349206349206,404,0.46900990669754206,404,202302.0,platt
2023_03_PIT_LV,2023,3,202303,total,over,0.4851851851851851,-110.0,0.5238095238095238,loss,0.0,-1.0,-0.2726658556660439,46.215557125679865,-3.0,43.5,0.5,412,0.49359508101158706,412,202302.0,platt
2023_03_PIT_LV,2023,3,202303,total,under,0.5148148148148148,-110.0,0.5238095238095238,win,1.0,0.9090909090909092,-0.2726658556660439,46.215557125679865,-3.0,43.5,0.5,412,0.5064049189884129,412,202302.0,platt
2023_03_TEN_CLE,2023,3,202303,spread,away,0.3777777777777777,-110.0,0.5238095238095238,loss,0.0,-1.0,5.7054318214482524,40.966499787940336,-3.5,38.0,0.4206349206349206,404,0.4669351242063115,404,202302.0,platt
2023_03_TEN_CLE,2023,3,202303,spread,home,0.6222222222222222,-110.0,0.5238095238095238,win,1.0,0.9090909090909092,5.7054318214482524,40.966499787940336,-3.5,38.0,0.5793650793650794,404,0.5330648757936886,404,202302.0,platt
2023_03_TEN_CLE,2023,3,202303,total,over,0.5074074074074074,-110.0,0.5238095238095238,loss,0.0,-1.0,5.7054318214482524,40.966499787940336,-3.5,38.0,0.5,412,0.5032018877408219,412,202302.0,platt
2023_03_TEN_CLE,2023,3,202303,total,under,0.4925925925925926,-110.0,0.5238095238095238,win,1.0,0.9090909090909092,5.7054318214482524,40.966499787940336,-3.5,38.0,0.5,412,0.49679811225917814,412,202302.0,platt
2023_04_ARI_SF,2023,4,202304,spread,away,0.465034965034965,-108.0,0.5192307692307693,loss,0.0,-1.0,14.898647691231124,46.07313410744627,-15.0,44.0,0.475,434,0.48855158456394926,434,202303.0,platt
2023_04_ARI_SF,2023,4,202304,spread,home,0.534965034965035,-112.0,0.5283018867924528,win,1.0,0.8928571428571429,14.898647691231124,46.07313410744627,-15.0,44.0,0.525,434,0.5114484154360508,434,202303.0,platt
2023_04_ARI_SF,2023,4,202304,total,over,0.4615384615384615,-115.0,0.5348837209302325,win,1.0,0.8695652173913043,14.898647691231124,46.07313410744627,-15.0,44.0,0.4666666666666667,444,0.4845636831771333,444,202303.0,platt
2023_04_ARI_SF,2023,4,202304,total,under,0.5384615384615384,-105.0,0.5121951219512195,loss,0.0,-1.0,14.898647691231124,46.07313410744627,-15.0,44.0,0.5333333333333334,444,0.5154363168228667,444,202303.0,platt
2023_04_ATL_JAX,2023,4,202304,spread,away,0.4300699300699301,-110.0,0.5238095238095238,loss,0.0,-1.0,4.4299297540380245,39.22026783884489,-3.5,42.5,0.4087591240875912,434,0.47700193380219175,434,202303.0,platt
2023_04_ATL_JAX,2023,4,202304,spread,home,0.5699300699300699,-110.0,0.5238095238095238,win,1.0,0.9090909090909092,4.4299297540380245,39.22026783884489,-3.5,42.5,0.5912408759124088,434,0.5229980661978083,434,202303.0,platt
2023_04_ATL_JAX,2023,4,202304,total,over,0.3251748251748251,-108.0,0.5192307692307693,loss,0.0,-1.0,4.4299297540380245,39.22026783884489,-3.5,42.5,0.4,444,0.42738415442524713,444,202303.0,platt
2023_04_ATL_JAX,2023,4,202304,total,under,0.6748251748251748,-112.0,0.5283018867924528,win,1.0,0.8928571428571429,4.4299297540380245,39.22026783884489,-3.5,42.5,0.6,444,0.5726158455747529,444,202303.0,platt
2023_04_CIN_TEN,2023,4,202304,spread,away,0.5979020979020979,-120.0,0.5454545454545454,loss,0.0,-1.0,-5.442347685150608,42.65914575909937,2.5,41.5,0.5912408759124088,434,0.5323821882342926,434,202303.0,platt
2023_04_CIN_TEN,2023,4,202304,spread,home,0.4020979020979021,100.0,0.5,win,1.0,1.0,-5.442347685150608,42.65914575909937,2.5,41.5,0.4087591240875912,434,0.46761781176570744,434,202303.0,platt
2023_04_CIN_TEN,2023,4,202304,total,over,0.451048951048951,-112.0,0.5283018867924528,loss,0.0,-1.0,-5.442347685150608,42.65914575909937,2.5,41.5,0.4666666666666667,444,0.48033348098933154,444,202303.0,platt
2023_04_CIN_TEN,2023,4,202304,total,under,0.548951048951049,-108.0,0.5192307692307693,win,1.0,0.925925925925926,-5.442347685150608,42.65914575909937,2.5,41.5,0.5333333333333334,444,0.5196665190106684,444,202303.0,platt
2023_04_DEN_CHI,2023,4,202304,spread,away,0.3671328671328671,-112.0,0.5283018867924528,push,,0.0,-0.6379842757988199,45.06527687068037,3.0,47.0,0.4087591240875912,434,0.45560847916859337,434,202303.0,platt
2023_04_DEN_CHI,2023,4,202304,spread,home,0.6328671328671329,-108.0,0.5192307692307693,push,,0.0,-0.6379842757988199,45.06527687068037,3.0,47.0,0.5912408759124088,434,0.5443915208314066,434,202303.0,platt
2023_04_DEN_CHI,2023,4,202304,total,over,0.3496503496503496,-110.0,0.5238095238095238,win,1.0,0.9090909090909092,-0.6379842757988199,45.06527687068037,3.0,47.0,0.4285714285714285,444,0.4381553683095614,444,202303.0,platt
2023_04_DEN_CHI,2023,4,202304,total,under,0.6503496503496504,-110.0,0.5238095238095238,loss,0.0,-1.0,-0.6379842757988199,45.06527687068037,3.0,47.0,0.5714285714285714,444,0.5618446316904386,444,202303.0,platt
2023_04_DET_GB,2023,4,202304,spread,away,0.506993006993007,-118.0,0.5412844036697247,win,1.0,0.847457627118644,-3.5019794401531312,47.150395490609306,2.5,45.0,0.5,434,0.5022864786216332,434,202303.0,platt
2023_04_DET_GB,2023,4,202304,spread,home,0.493006993006993,-102.0,0.504950495049505,loss,0.0,-1.0,-3.5019794401531312,47.150395490609306,2.5,45.0,0.5,434,0.4977135213783668,434,202303.0,platt
2023_04_DET_GB,2023,4,202304,total,over,0.4685314685314685,-110.0,0.5238095238095238,win,1.0,0.9090909090909092,-3.5019794401531312,47.150395490609306,2.5,45.0,0.4666666666666667,444,0.4873772243499338,444,202303.0,platt
2023_04_DET_GB,2023,4,202304,total,under,0.5314685314685315,-110.0,0.5238095238095238,loss,0.0,-1.0,-3.5019794401531312,47.150395490609306,2.5,45.0,0.5333333333333334,444,0.5126227756500662,444,202303.0,platt
2023_04_KC_NYJ,2023,4,202304,spread,away,0.7272727272727273,-110.0,0.5238095238095238,loss,0.0,-1.0,-16.723787139925232,42.7740135259933,9.5,41.5,0.5912408759124088,434,0.5794898610363614,434,202303.0,platt
2023_04_KC_NYJ,2023,4,202304,spread,home,0.2727272727272727,-110.0,0.5238095238095238,win,1.0,0.9090909090909092,-16.723787139925232,42.7740135259933,9.5,41.5,0.4087591240875912,434,0.4205101389636386,434,202303.0,platt
2023_04_KC_NYJ,2023,4,202304,total,over,0.458041958041958,-115.0,0.5348837209302325,win,1.0,0.8695652173913043,-16.723787139925232,42.7740135259933,9.5,41.5,0.4666666666666667,444,0.48315505359539457,444,202303.0,platt
2023_04_KC_NYJ,2023,4,202304,total,under,0.541958041958042,-105.0,0.5121951219512195,loss,0.0,-1.0,-16.723787139925232,42.7740135259933,9.5,41.5,0.5333333333333334,444,0.5168449464046054,444,202303.0,platt
2023_04_MIA_BUF,2023,4,202304,spread,away,0.4405594405594405,100.0,0.5,loss,0.0,-1.0,2.9701722461370665,49.22861262480029,-2.5,53.0,0.475,434,0.48048364828813456,434,202303.0,platt
2023_04_MIA_BUF,2023,4,202304,spread,home,0.5594405594405595,-120.0,0.5454545454545454,win,1.0,0.8333333333333334,2.9701722461370665,49.22861262480029,-2.5,53.0,0.525,434,0.5195163517118656,434,202303.0,platt
2023_04_MIA_BUF,2023,4,202304,total,over,0.3181818181818182,-110.0,0.5238095238095238,win,1.0,0.9090909090909092,2.9701722461370665,49.22861262480029,-2.5,53.0,0.3333333333333333,444,0.4242444656267805,444,202303.0,platt
2023_04_MIA_BUF,2023,4,202304,total,under,0.6818181818181819,-110.0,0.5238095238095238,loss,0.0,-1.0,2.9701722461370665,49.22861262480029,-2.5,53.0,0.6666666666666666,444,0.5757555343732195,444,202303.0,platt
2023_04_MIN_CAR,2023,4,202304,spread,away,0.409090909090909,-112.0,0.5283018867924528,win,1.0,0.8928571428571429,-3.0279666462011123,42.1246576068304,4.5,46.5,0.4087591240875912,434,0.46997948677690865,434,202303.0,platt
2023_04_MIN_CAR,2023,4,202304,spread,home,0.5909090909090909,-108.0,0.5192307692307693,loss,0.0,-1.0,-3.0279666462011123,42.1246576068304,4.5,46.5,0.5912408759124088,434,0.5300205132230914,434,202303.0,platt
2023_04_MIN_CAR,2023,4,202304,total,over,0.2937062937062937,-110.0,0.5238095238095238,loss,0.0,-1.0,-3.0279666462011123,42.1246576068304,4.5,46.5,0.3333333333333333,444,0.4130003233034609,444,202303.0,platt
2023_04_MIN_CAR,2023,4,202304,total,under,0.7062937062937062,-110.0,0.5238095238095238,win,1.0,0.9090909090909092,-3.0279666462011123,42.1246576068304,4.5,46.5,0.6666666666666666,444,0.5869996766965392,444,202303.0,platt
2023_04_NE_DAL,2023,4,202304,spread,away,0.4755244755244755,-108.0,0.5192307692307693,loss,0.0,-1.0,6.069586277395933,47.2041427194882,-6.5,43.0,0.5,434,0.4919920748206748,434,202303.0,platt
2023_04_NE_DAL,2023,4,202304,spread,home,0.5244755244755245,-112.0,0.5283018867924528,win,1.0,0.8928571428571429,6.069586277395933,47.2041427194882,-6.5,43.0,0.5,434,0.5080079251793251,434,202303.0,platt
2023_04_NE_DAL,2023,4,202304,total,over,0.5559440559440559,-110.0,0.5238095238095238,loss,0.0,-1.0,6.069586277395933,47.2041427194882,-6.5,43.0,0.5333333333333334,444,0.5224946458425117,444,202303.0,platt
2023_04_NE_DAL,2023,4,202304,total,under,0.444055944055944,-110.0,0.5238095238095238,win,1.0,0.9090909090909092,6.069586277395933,47.2041427194882,-6.5,43.0,0.4666666666666667,444,0.47750535415748824,444,202303.0,platt
2023_04_PIT_HOU,2023,4,202304,spread,away,0.4825174825174825,-110.0,0.5238095238095238,loss,0.0,-1.0,-3.6103525597667847,40.92864760000325,3.0,41.5,0.5,434,0.494282054590527,434,202303.0,platt
2023_04_PIT_HOU,2023,4,202304,spread,home,0.5174825174825175,-110.0,0.5238095238095238,win,1.0,0.9090909090909092,-3.6103525597667847,40.92864760000325,3.0,41.5,0.5,434,0.505717945409473,434,202303.0,platt
2023_04_PIT_HOU,2023,4,202304,total,over,0.3951048951048951,-110.0,0.5238095238095238,loss,0.0,-1.0,-3.6103525597667847,40.92864760000325,3.0,41.5,0.4603174603174603,444,0.45744058938545007,444,202303.0,platt
2023_04_PIT_HOU,2023,4,202304,total,under,0.6048951048951049,-110.0,0.5238095238095238,win,1.0,0.9090909090909092,-3.6103525597667847,40.92864760000325,3.0,41.5,0.5396825396825397,444,0.5425594106145499,444,202303.0,platt
2023_04_SEA_NYG,2023,4,202304,spread,away,0.4405594405594405,-115.0,0.5348837209302325,win,1.0,0.8695652173913043,-2.012142777180016,46.47197125267205,2.5,46.5,0.475,434,0.48048364828813456,434,202303.0,platt
2023_04_SEA_NYG,2023,4,202304,spread,home,0.5594405594405595,-105.0,0.5121951219512195,loss,0.0,-1.0,-2.012142777180016,46.47197125267205,2.5,46.5,0.525,434,0.5195163517118656,434,202303.0,platt
2023_04_SEA_NYG,2023,4,202304,total,over,0.4090909090909091,-105.0,0.5121951219512195,loss,0.0,-1.0,-2.012142777180016,46.47197125267205,2.5,46.5,0.4603174603174603,444,0.46323162023457504,444,202303.0,platt
2023_04_SEA_NYG,2023,4,202304,total,under,0.5909090909090908,-115.0,0.5348837209302325,win,1.0,0.8695652173913043,-2.012142777180016,46.47197125267205,2.5,46.5,0.5396825396825397,444,0.5367683797654249,444,202303.0,platt
2023_04_TB_NO,2023,4,202304,spread,away,0.5244755244755245,-110.0,0.5238095238095238,win,1.0,0.9090909090909092,2.6307680360509904,43.08764449519651,-4.0,41.0,0.5,434,0.5080079251793251,434,202303.0,platt
2023_04_TB_NO,2023,4,202304,spread,home,0.4755244755244755,-110.0,0.5238095238095238,loss,0.0,-1.0,2.6307680360509904,43.08764449519651,-4.0,41.0,0.5,434,0.4919920748206748,434,202303.0,platt
2023_04_TB_NO,2023,4,202304,total,over,0.4685314685314685,-110.0,0.5238095238095238,loss,0.0,-1.0,2.6307680360509904,43.08764449519651,-4.0,41.0,0.4666666666666667,444,0.4873772243499338,444,202303.0,platt
2023_04_TB_NO,2023,4,202304,total,under,0.5314685314685315,-110.0,0.5238095238095238,win,1.0,0.9090909090909092,2.6307680360509904,43.08764449519651,-4.0,41.0,0.5333333333333334,444,0.5126227756500662,444,202303.0,platt
2023_04_WAS_PHI,2023,4,202304,spread,away,0.465034965034965,-110.0,0.5238095238095238,win,1.0,0.9090909090909092,9.505547060792026,38.32050234895084,-9.5,43.0,0.475,434,0.48855158456394926,434,202303.0,platt
2023_04_WAS_PHI,2023,4,202304,spread,home,0.534965034965035,-110.0,0.5238095238095238,loss,0.0,-1.0,9.505547060792026,38.32050234895084,-9.5,43.0,0.525,434,0.5114484154360508,434,202303.0,platt
2023_04_WAS_PHI,2023,4,202304,total,over,0.2902097902097902,-110.0,0.5238095238095238,win,1.0,0.9090909090909092,9.505547060792026,38.32050234895084,-9.5,43.0,0.3333333333333333,444,0.4113582772704357,444,202303.0,platt
2023_04_WAS_PHI,2023,4,202304,total,under,0.7097902097902098,-110.0,0.5238095238095238,loss,0.0,-1.0,9.505547060792026,38.32050234895084,-9.5,43.0,0.6666666666666666,444,0.5886417227295643,444,202303.0,platt
2023_05_BAL_PIT,2023,5,202305,spread,away,0.4949832775919732,-112.0,0.5283018867924528,loss,0.0,-1.0,-5.272143168596794,37.75363003039463,4.5,38.5,0.5,458,0.4986033157052646,458,202304.0,platt
2023_05_BAL_PIT,2023,5,202305,spread,home,0.5050167224080268,-108.0,0.5192307692307693,win,1.0,0.925925925925926,-5.272143168596794,37.75363003039463,4.5,38.5,0.5,458,0.5013966842947354,458,202304.0,platt
2023_05_BAL_PIT,2023,5,202305,total,over,0.391304347826087,-110.0,0.5238095238095238,loss,0.0,-1.0,-5.272143168596794,37.75363003039463,4.5,38.5,0.4558823529411764,470,0.46057855396083824,470,202304.0,platt
2023_05_BAL_PIT,2023,5,202305,total,under,0.6086956521739131,-110.0,0.5238095238095238,win,1.0,0.9090909090909092,-5.272143168596794,37.75363003039463,4.5,38.5,0.5441176470588235,470,0.5394214460391618,470,202304.0,platt
2023_05_CAR_DET,2023,5,202305,spread,away,0.4816053511705686,-110.0,0.5238095238095238,loss,0.0,-1.0,8.774705032174102,49.21394656889622,-9.5,43.5,0.5,458,0.4948768498569757,458,202304.0,platt
2023_05_CAR_DET,2023,5,202305,spread,home,0.5183946488294314,-110.0,0.5238095238095238,win,1.0,0.9090909090909092,8.774705032174102,49.21394656889622,-9.5,43.5,0.5,458,0.5051231501430243,458,202304.0,platt
2023_05_CAR_DET,2023,5,202305,total,over,0.6086956521739131,-110.0,0.5238095238095238,win,1.0,0.9090909090909092,8.774705032174102,49.21394656889622,-9.5,43.5,0.5441176470588235,470,0.5394214460391618,470,202304.0,platt
2023_05_CAR_DET,2023,5,202305,total,under,0.3913043478260869,-110.0,0.5238095238095238,loss,0.0,-1.0,8.774705032174102,49.21394656889622,-9.5,43.5,0.4558823529411764,470,0.46057855396083824,470,202304.0,platt
2023_05_CHI_WAS,2023,5,202305,spread,away,0.5752508361204014,-110.0,0.5238095238095238,win,1.0,0.9090909090909092,3.437236255540908,42.36897154198687,-6.0,45.5,0.5815602836879432,458,0.5210974417247004,458,202304.0,platt
2023_05_CHI_WAS,2023,5,202305,spread,home,0.4247491638795986,-110.0,0.5238095238095238,loss,0.0,-1.0,3.437236255540908,42.36897154198687,-6.0,45.5,0.4184397163120567,458,0.47890255827529954,458,202304.0,platt
2023_05_CHI_WAS,2023,5,202305,total,over,0.3277591973244147,-108.0,0.5192307692307693,win,1.0,0.925925925925926,3.437236255540908,42.36897154198687,-6.0,45.5,0.3846153846153846,470,0.4361257128063514,470,202304.0,platt
2023_05_CHI_WAS,2023,5,202305,total,under,0.6722408026755853,-112.0,0.5283018867924528,loss,0.0,-1.0,3.437236255540908,42.36897154198687,-6.0,45.5,0.6153846153846154,470,0.5638742871936486,470,202304.0,platt
2023_05_CIN_ARI,2023,5,202305,spread,away,0.5785953177257526,-120.0,0.5454545454545454,win,1.0,0.8333333333333334,-5.630079489807073,46.89336003124801,3.0,45.5,0.5815602836879432,458,0.5220493360505812,458,202304.0,platt
2023_05_CIN_ARI,2023,5,202305,spread,home,0.4214046822742475,100.0,0.5,loss,0.0,-1.0,-5.630079489807073,46.89336003124801,3.0,45.5,0.4184397163120567,458,0.4779506639494189,458,202304.0,platt
2023_05_CIN_ARI,2023,5,202305,total,over,0.4615384615384615,-110.0,0.5238095238095238,win,1.0,0.9090909090909092,-5.630079489807073,46.89336003124801,3.0,45.5,0.4901960784313726,470,0.48622116703454915,470,202304.0,platt
2023_05_CIN_ARI,2023,5,202305,total,under,0.5384615384615384,-110.0,0.5238095238095238,loss,0.0,-1.0,-5.630079489807073,46.89336003124801,3.0,45.5,0.5098039215686274,470,0.5137788329654508,470,202304.0,platt
2023_05_DAL_SF,2023,5,202305,spread,away,0.3946488294314381,-115.0,0.5348837209302325,loss,0.0,-1.0,5.3865323365506,49.439389348346445,-3.5,45.0,0.4184397163120567,458,0.4702597125180626,458,202304.0,platt
2023_05_DAL_SF,2023,5,202305,spread,home,0.6053511705685619,-105.0,0.5121951219512195,win,1.0,0.9523809523809524,5.3865323365506,49.439389348346445,-3.5,45.0,0.5815602836879432,458,0.5297402874819375,458,202304.0,platt
2023_05_DAL_SF,2023,5,202305,total,over,0.5551839464882943,-115.0,0.5348837209302325,win,1.0,0.8695652173913043,5.3865323365506,49.439389348346445,-3.5,45.0,0.5098039215686274,470,0.5198059271085017,470,202304.0,platt
2023_05_DAL_SF,2023,5,202305,total,under,0.4448160535117057,-105.0,0.5121951219512195,loss,0.0,-1.0,5.3865323365506,49.439389348346445,-3.5,45.0,0.4901960784313726,470,0.4801940728914983,470,202304.0,platt
2023_05_GB_LV,2023,5,202305,spread,away,0.4147157190635451,-110.0,0.5238095238095238,loss,0.0,-1.0,2.409917330753199,49.29739614831356,-1.0,45.0,0.4184397163120567,458,0.47604110419623163,458,202304.0,platt
2023_05_GB_LV,2023,5,202305,spread,home,0.5852842809364549,-110.0,0.5238095238095238,win,1.0,0.9090909090909092,2.409917330753199,49.29739614831356,-1.0,45.0,0.5815602836879432,458,0.5239588958037684,458,202304.0,platt
2023_05_GB_LV,2023,5,202305,total,over,0.5518394648829431,-110.0,0.5238095238095238,loss,0.0,-1.0,2.409917330753199,49.29739614831356,-1.0,45.0,0.5098039215686274,470,0.5185977533405307,470,202304.0,platt
2023_05_GB_LV,2023,5,202305,total,under,0.4481605351170569,-110.0,0.5238095238095238,win,1.0,0.9090909090909092,2.409917330753199,49.29739614831356,-1.0,45.0,0.4901960784313726,470,0.48140224665946924,470,202304.0,platt
2023_05_HOU_ATL,2023,5,202305,spread,away,0.4648829431438127,-110.0,0.5238095238095238,win,1.0,0.9090909090909092,2.394528360815712,41.63894100658008,-2.5,42.0,0.4772727272727273,458,0.4902086414890527,458,202304.0,platt
2023_05_HOU_ATL,2023,5,202305,spread,home,0.5351170568561873,-110.0,0.5238095238095238,loss,0.0,-1.0,2.394528360815712,41.63894100658008,-2.5,42.0,0.5227272727272727,458,0.5097913585109473,458,202304.0,platt
2023_05_HOU_ATL,2023,5,202305,total,over,0.4013377926421405,-110.0,0.5238095238095238,loss,0.0,-1.0,2.394528360815712,41.63894100658008,-2.5,42.0,0.4558823529411764,470,0.46430703933803524,470,202304.0,platt
2023_05_HOU_ATL,2023,5,202305,total,under,0.5986622073578596,-110.0,0.5238095238095238,win,1.0,0.9090909090909092,2.394528360815712,41.63894100658008,-2.5,42.0,0.5441176470588235,470,0.5356929606619648,470,202304.0,platt
2023_05_JAX_BUF,2023,5,202305,spread,away,0.3244147157190635,-110.0,0.5238095238095238,win,1.0,0.9090909090909092,9.651643709217549,46.51369109068817,-5.5,48.5,0.4184397163120567,458,0.44912168508466915,458,202304.0,platt
2023_05_JAX_BUF,2023,5,202305,spread,home,0.6755852842809364,-110.0,0.5238095238095238,loss,0.0,-1.0,9.651643709217549,46.51369109068817,-5.5,48.5,0.5815602836879432,458,0.5508783149153309,458,202304.0,platt
2023_05_JAX_BUF,2023,5,202305,total,over,0.3511705685618729,-112.0,0.5283018867924528,loss,0.0,-1.0,9.651643709217549,46.51369109068817,-5.5,48.5,0.4558823529411764,470,0.4453319674267392,470,202304.0,platt
2023_05_JAX_BUF,2023,5,202305,total,under,0.6488294314381271,-108.0,0.5192307692307693,win,1.0,0.925925925925926,9.651643709217549,46.51369109068817,-5.5,48.5,0.5441176470588235,470,0.5546680325732609,470,202304.0,platt
2023_05_KC_MIN,2023,5,202305,spread,away,0.6354515050167224,-105.0,0.5121951219512195,win,1.0,0.9523809523809524,-7.873506884148785,50.015224007243255,3.5,52.5,0.5815602836879432,458,0.5385977174194926,458,202304.0,platt
2023_05_KC_MIN,2023,5,202305,spread,home,0.3645484949832775,-115.0,0.5348837209302325,loss,0.0,-1.0,-7.873506884148785,50.015224007243255,3.5,52.5,0.4184397163120567,458,0.4614022825805074,458,202304.0,platt
2023_05_KC_MIN,2023,5,202305,total,over,0.334448160535117,-110.0,0.5238095238095238,loss,0.0,-1.0,-7.873506884148785,50.015224007243255,3.5,52.5,0.3846153846153846,470,0.4387838263400856,470,202304.0,platt
2023_05_KC_MIN,2023,5,202305,total,under,0.6655518394648829,-110.0,0.5238095238095238,win,1.0,0.9090909090909092,-7.873506884148785,50.015224007243255,3.5,52.5,0.6153846153846154,470,0.5612161736599144,470,202304.0,platt
2023_05_NO_NE,2023,5,202305,spread,away,0.5752508361204014,-110.0,0.5238095238095238,win,1.0,0.9090909090909092,-0.028957841975741,38.12744151752875,-2.5,38.5,0.5815602836879432,458,0.5210974417247004,458,202304.0,platt
2023_05_NO_NE,2023,5,202305,spread,home,0.4247491638795986,-110.0,0.5238095238095238,loss,0.0,-1.0,-0.028957841975741,38.12744151752875,-2.5,38.5,0.4184397163120567,458,0.47890255827529954,458,202304.0,platt
2023_05_NO_NE,2023,5,202305,total,over,0.4013377926421405,-110.0,0.5238095238095238,loss,0.0,-1.0,-0.028957841975741,38.12744151752875,-2.5,38.5,0.4558823529411764,470,0.46430703933803524,470,202304.0,platt
2023_05_NO_NE,2023,5,202305,total,under,0.5986622073578596,-110.0,0.5238095238095238,win,1.0,0.9090909090909092,-0.028957841975741,38.12744151752875,-2.5,38.5,0.5441176470588235,470,0.5356929606619648,470,202304.0,platt
2023_05_NYG_MIA,2023,5,202305,spread,away,0.6387959866220736,-110.0,0.5238095238095238,loss,0.0,-1.0,7.820499249010181,46.53962732594649,-12.5,47.5,0.5815602836879432,458,0.5395983846595631,458,202304.0,platt
2023_05_NYG_MIA,2023,5,202305,spread,home,0.3612040133779264,-110.0,0.5238095238095238,win,1.0,0.9090909090909092,7.820499249010181,46.53962732594649,-12.5,47.5,0.4184397163120567,458,0.46040161534043694,458,202304.0,platt
2023_05_NYG_MIA,2023,5,202305,total,over,0.3846153846153846,-112.0,0.5283018867924528,loss,0.0,-1.0,7.820499249010181,46.53962732594649,-12.5,47.5,0.4558823529411764,470,0.4580765204595026,470,202304.0,platt
2023_05_NYG_MIA,2023,5,202305,total,under,0.6153846153846154,-108.0,0.5192307692307693,win,1.0,0.925925925925926,7.820499249010181,46.53962732594649,-12.5,47.5,0.5441176470588235,470,0.5419234795404974,470,202304.0,platt
2023_05_NYJ_DEN,2023,5,202305,spread,away,0.4046822742474916,-110.0,0.5238095238095238,win,1.0,0.9090909090909092,4.066697961178828,40.59194052227132,-2.5,42.5,0.4184397163120567,458,0.47316098703396964,458,202304.0,platt
2023_05_NYJ_DEN,2023,5,202305,spread,home,0.5953177257525084,-110.0,0.5238095238095238,loss,0.0,-1.0,4.066697961178828,40.59194052227132,-2.5,42.5,0.5815602836879432,458,0.5268390129660304,458,202304.0,platt
2023_05_NYJ_DEN,2023,5,202305,total,over,0.3511705685618729,-110.0,0.5238095238095238,win,1.0,0.9090909090909092,4.066697961178828,40.59194052227132,-2.5,42.5,0.4558823529411764,470,0.4453319674267392,470,202304.0,platt
2023_05_NYJ_DEN,2023,5,202305,total,under,0.6488294314381271,-110.0,0.5238095238095238,loss,0.0,-1.0,4.066697961178828,40.59194052227132,-2.5,42.5,0.5441176470588235,470,0.5546680325732609,470,202304.0,platt
2023_05_PHI_LA,2023,5,202305,spread,away,0.3946488294314381,-110.0,0.5238095238095238,win,1.0,0.9090909090909092,-1.5921054846315237,52.1653336498025,3.5,50.5,0.4184397163120567,458,0.4702597125180626,458,202304.0,platt
2023_05_PHI_LA,2023,5,202305,spread,home,0.6053511705685619,-110.0,0.5238095238095238,loss,0.0,-1.0,-1.5921054846315237,52.1653336498025,3.5,50.5,0.5815602836879432,458,0.5297402874819375,458,202304.0,platt
2023_05_PHI_LA,2023,5,202305,total,over,0.4615384615384615,-110.0,0.5238095238095238,loss,0.0,-1.0,-1.5921054846315237,52.1653336498025,3.5,50.5,0.4901960784313726,470,0.48622116703454915,470,202304.0,platt
2023_05_PHI_LA,2023,5,202305,total,under,0.5384615384615384,-110.0,0.5238095238095238,win,1.0,0.9090909090909092,-1.5921054846315237,52.1653336498025,3.5,50.5,0.5098039215686274,470,0.5137788329654508,470,202304.0,platt
2023_05_TEN_IND,2023,5,202305,spread,away,0.3645484949832775,-110.0,0.5238095238095238,loss,0.0,-1.0,-0.0598974413472657,43.32301783936189,2.5,43.5,0.4184397163120567,458,0.4614022825805074,458,202304.0,platt
2023_05_TEN_IND,2023,5,202305,spread,home,0.6354515050167224,-110.0,0.5238095238095238,win,1.0,0.9090909090909092,-0.0598974413472657,43.32301783936189,2.5,43.5,0.5815602836879432,458,0.5385977174194926,458,202304.0,platt
2023_05_TEN_IND,2023,5,202305,total,over,0.4080267558528428,-110.0,0.5238095238095238,loss,0.0,-1.0,-0.0598974413472657,43.32301783936189,2.5,43.5,0.4558823529411764,470,0.466777694268418,470,202304.0,platt
2023_05_TEN_IND,2023,5,202305,total,under,0.5919732441471572,-110.0,0.5238095238095238,win,1.0,0.9090909090909092,-0.0598974413472657,43.32301783936189,2.5,43.5,0.5441176470588235,470,0.533222305731582,470,202304.0,platt
2023_06_ARI_LA,2023,6,202306,spread,away,0.4664536741214057,-105.0,0.5121951219512195,loss,0.0,-1.0,7.0035108987784565,48.22505811882262,-7.0,48.0,0.4888888888888889,486,0.4903105353798445,486,202305.0,platt
2023_06_ARI_LA,2023,6,202306,spread,home,0.5335463258785943,-115.0,0.5348837209302325,win,1.0,0.8695652173913043,7.0035108987784565,48.22505811882262,-7.0,48.0,0.5111111111111111,486,0.5096894646201555,486,202305.0,platt
2023_06_ARI_LA,2023,6,202306,total,over,0.4249201277955272,-110.0,0.5238095238095238,loss,0.0,-1.0,7.0035108987784565,48.22505811882262,-7.0,48.0,0.4375,498,0.4665145979073985,498,202305.0,platt
2023_06_ARI_LA,2023,6,202306,total,under,0.5750798722044728,-110.0,0.5238095238095238,win,1.0,0.9090909090909092,7.0035108987784565,48.22505811882262,-7.0,48.0,0.5625,498,0.5334854020926014,498,202305.0,platt
2023_06_BAL_TEN,2023,6,202306,spread,away,0.4600638977635782,-112.0,0.5283018867924528,win,1.0,0.8928571428571429,-5.302926690837516,40.82286141933135,5.5,42.5,0.4888888888888889,486,0.48845827048733076,486,202305.0,platt
2023_06_BAL_TEN,2023,6,202306,spread,home,0.5399361022364217,-108.0,0.5192307692307693,loss,0.0,-1.0,-5.302926690837516,40.82286141933135,5.5,42.5,0.5111111111111111,486,0.5115417295126693,486,202305.0,platt
2023_06_BAL_TEN,2023,6,202306,total,over,0.3610223642172524,-110.0,0.5238095238095238,loss,0.0,-1.0,-5.302926690837516,40.82286141933135,5.5,42.5,0.4375,498,0.43706401126843164,498,202305.0,platt
2023_06_BAL_TEN,2023,6,202306,total,under,0.6389776357827476,-110.0,0.5238095238095238,win,1.0,0.9090909090909092,-5.302926690837516,40.82286141933135,5.5,42.5,0.5625,498,0.5629359887315682,498,202305.0,platt
2023_06_CAR_MIA,2023,6,202306,spread,away,0.5782747603833867,-110.0,0.5238095238095238,loss,0.0,-1.0,11.398713876964948,46.23037510157583,-14.0,47.5,0.5855263157894737,486,0.5227490983606357,486,202305.0,platt
2023_06_CAR_MIA,2023,6,202306,spread,home,0.4217252396166134,-110.0,0.5238095238095238,win,1.0,0.9090909090909092,11.398713876964948,46.23037510157583,-14.0,47.5,0.4144736842105263,486,0.4772509016393644,486,202305.0,platt
2023_06_CAR_MIA,2023,6,202306,total,over,0.3706070287539936,-108.0,0.5192307692307693,win,1.0,0.925925925925926,11.398713876964948,46.23037510157583,-14.0,47.5,0.4375,498,0.4415752646438004,498,202305.0,platt
2023_06_CAR_MIA,2023,6,202306,total,under,0.6293929712460065,-112.0,0.5283018867924528,loss,0.0,-1.0,11.398713876964948,46.23037510157583,-14.0,47.5,0.5625,498,0.5584247353561995,498,202305.0,platt
2023_06_DAL_LAC,2023,6,202306,spread,away,0.3514376996805112,-112.0,0.5283018867924528,win,1.0,0.8928571428571429,1.4093827767956912,49.78571082659148,1.5,49.5,0.4144736842105263,486,0.45593092547864567,486,202305.0,platt
2023_06_DAL_LAC,2023,6,202306,spread,home,0.6485623003194888,-108.0,0.5192307692307693,loss,0.0,-1.0,1.4093827767956912,49.78571082659148,1.5,49.5,0.5855263157894737,486,0.5440690745213544,486,202305.0,platt
2023_06_DAL_LAC,2023,6,202306,total,over,0.4281150159744409,-112.0,0.5283018867924528,loss,0.0,-1.0,1.4093827767956912,49.78571082659148,1.5,49.5,0.4375,498,0.4679559068758716,498,202305.0,platt
2023_06_DAL_LAC,2023,6,202306,total,under,0.5718849840255591,-108.0,0.5192307692307693,win,1.0,0.925925925925926,1.4093827767956912,49.78571082659148,1.5,49.5,0.5625,498,0.5320440931241284,498,202305.0,platt
2023_06_DEN_KC,2023,6,202306,spread,away,0.2971246006389776,-108.0,0.5192307692307693,loss,0.0,-1.0,15.864701594004709,48.91628892544076,-10.5,47.5,0.4144736842105263,486,0.4382283373651879,486,202305.0,platt
2023_06_DEN_KC,2023,6,202306,spread,home,0.7028753993610224,-112.0,0.5283018867924528,win,1.0,0.8928571428571429,15.864701594004709,48.91628892544076,-10.5,47.5,0.5855263157894737,486,0.5617716626348122,486,202305.0,platt
2023_06_DEN_KC,2023,6,202306,total,over,0.4600638977635782,-108.0,0.5192307692307693,loss,0.0,-1.0,15.864701594004709,48.91628892544076,-10.5,47.5,0.490909090909091,498,0.48226645237759763,498,202305.0,platt
2023_06_DEN_KC,2023,6,202306,total,under,0.5399361022364217,-112.0,0.5283018867924528,win,1.0,0.8928571428571429,15.864701594004709,48.91628892544076,-10.5,47.5,0.509090909090909,498,0.5177335476224024,498,202305.0,platt
2023_06_DET_TB,2023,6,202306,spread,away,0.4664536741214057,-115.0,0.5348837209302325,win,1.0,0.8695652173913043,-2.894268609562073,44.693781863400105,3.0,43.5,0.4888888888888889,486,0.4903105353798445,486,202305.0,platt
2023_06_DET_TB,2023,6,202306,spread,home,0.5335463258785943,-105.0,0.5121951219512195,loss,0.0,-1.0,-2.894268609562073,44.693781863400105,3.0,43.5,0.5111111111111111,486,0.5096894646201555,486,202305.0,platt
2023_06_DET_TB,2023,6,202306,total,over,0.4504792332268371,-108.0,0.5192307692307693,loss,0.0,-1.0,-2.894268609562073,44.693781863400105,3.0,43.5,0.490909090909091,498,0.4779900649364596,498,202305.0,platt
2023_06_DET_TB,2023,6,202306,total,under,0.549520766773163,-112.0,0.5283018867924528,win,1.0,0.8928571428571429,-2.894268609562073,44.693781863400105,3.0,43.5,0.509090909090909,498,0.5220099350635403,498,202305.0,platt
2023_06_IND_JAX,2023,6,202306,spread,away,0.354632587859425,-110.0,0.5238095238095238,loss,0.0,-1.0,6.735672344301464,45.83438934661658,-4.0,44.0,0.4144736842105263,486,0.45693195126022074,486,202305.0,platt
2023_06_IND_JAX,2023,6,202306,spread,home,0.645367412140575,-110.0,0.5238095238095238,win,1.0,0.9090909090909092,6.735672344301464,45.83438934661658,-4.0,44.0,0.5855263157894737,486,0.5430680487397793,486,202305.0,platt
2023_06_IND_JAX,2023,6,202306,total,over,0.4664536741214057,-110.0,0.5238095238095238,win,1.0,0.9090909090909092,6.735672344301464,45.83438934661658,-4.0,44.0,0.490909090909091,498,0.4851113430212728,498,202305.0,platt
2023_06_IND_JAX,2023,6,202306,total,under,0.5335463258785942,-110.0,0.5238095238095238,loss,0.0,-1.0,6.735672344301464,45.83438934661658,-4.0,44.0,0.509090909090909,498,0.5148886569787271,498,202305.0,platt
2023_06_NE_LV,2023,6,202306,spread,away,0.3354632587859425,-118.0,0.5412844036697247,loss,0.0,-1.0,6.417079559714383,43.33584522182132,-3.0,41.5,0.4144736842105263,486,0.45086619744882095,486,202305.0,platt
2023_06_NE_LV,2023,6,202306,spread,home,0.6645367412140575,-102.0,0.504950495049505,win,1.0,0.9803921568627452,6.417079559714383,43.33584522182132,-3.0,41.5,0.5855263157894737,486,0.549133802551179,486,202305.0,platt
2023_06_NE_LV,2023,6,202306,total,over,0.4664536741214057,-110.0,0.5238095238095238,loss,0.0,-1.0,6.417079559714383,43.33584522182132,-3.0,41.5,0.490909090909091,498,0.4851113430212728,498,202305.0,platt
2023_06_NE_LV,2023,6,202306,total,under,0.5335463258785942,-110.0,0.5238095238095238,win,1.0,0.9090909090909092,6.417079559714383,43.33584522182132,-3.0,41.5,0.509090909090909,498,0.5148886569787271,498,202305.0,platt
2023_06_NO_HOU,2023,6,202306,spread,away,0.5143769968051118,-110.0,0.5238095238095238,loss,0.0,-1.0,-3.0843535896736007,43.74278968623744,2.0,42.5,0.5,486,0.5041479567339953,486,202305.0,platt
2023_06_NO_HOU,2023,6,202306,spread,home,0.4856230031948881,-110.0,0.5238095238095238,win,1.0,0.9090909090909092,-3.0843535896736007,43.74278968623744,2.0,42.5,0.5,486,0.4958520432660048,486,202305.0,platt
2023_06_NO_HOU,2023,6,202306,total,over,0.4536741214057508,-108.0,0.5192307692307693,loss,0.0,-1.0,-3.0843535896736007,43.74278968623744,2.0,42.5,0.490909090909091,498,0.47941686290624913,498,202305.0,platt
2023_06_NO_HOU,2023,6,202306,total,under,0.5463258785942492,-112.0,0.5283018867924528,win,1.0,0.8928571428571429,-3.0843535896736007,43.74278968623744,2.0,42.5,0.509090909090909,498,0.5205831370937509,498,202305.0,platt
2023_06_NYG_BUF,2023,6,202306,spread,away,0.4440894568690096,-110.0,0.5238095238095238,win,1.0,0.9090909090909092,15.92324159328962,42.06383263649629,-15.5,43.5,0.4888888888888889,486,0.4838110690860231,486,202305.0,platt
2023_06_NYG_BUF,2023,6,202306,spread,home,0.5559105431309904,-110.0,0.5238095238095238,loss,0.0,-1.0,15.92324159328962,42.06383263649629,-15.5,43.5,0.5111111111111111,486,0.516188930913977,486,202305.0,platt
2023_06_NYG_BUF,2023,6,202306,total,over,0.3674121405750798,-110.0,0.5238095238095238,loss,0.0,-1.0,15.92324159328962,42.06383263649629,-15.5,43.5,0.4375,498,0.44007593510461024,498,202305.0,platt
2023_06_NYG_BUF,2023,6,202306,total,under,0.6325878594249201,-110.0,0.5238095238095238,win,1.0,0.9090909090909092,15.92324159328962,42.06383263649629,-15.5,43.5,0.5625,498,0.5599240648953897,498,202305.0,platt
2023_06_PHI_NYJ,2023,6,202306,spread,away,0.5686900958466454,-115.0,0.5348837209302325,loss,0.0,-1.0,-8.877357878257987,43.21664749922592,6.5,43.0,0.5855263157894737,486,0.5199285207842772,486,202305.0,platt
2023_06_PHI_NYJ,2023,6,202306,spread,home,0.4313099041533546,-105.0,0.5121951219512195,win,1.0,0.9523809523809524,-8.877357878257987,43.21664749922592,6.5,43.0,0.4144736842105263,486,0.48007147921572296,486,202305.0,platt
2023_06_PHI_NYJ,2023,6,202306,total,over,0.4249201277955272,-115.0,0.5348837209302325,loss,0.0,-1.0,-8.877357878257987,43.21664749922592,6.5,43.0,0.4375,498,0.4665145979073985,498,202305.0,platt
2023_06_PHI_NYJ,2023,6,202306,total,under,0.5750798722044728,-105.0,0.5121951219512195,win,1.0,0.9523809523809524,-8.877357878257987,43.21664749922592,6.5,43.0,0.5625,498,0.5334854020926014,498,202305.0,platt
2023_06_SEA_CIN,2023,6,202306,spread,away,0.5463258785942492,-112.0,0.5283018867924528,loss,0.0,-1.0,1.1646417076008817,44.0999451787244,-3.0,45.5,0.5111111111111111,486,0.5133974864311387,486,202305.0,platt
2023_06_SEA_CIN,2023,6,202306,spread,home,0.4536741214057508,-108.0,0.5192307692307693,win,1.0,0.925925925925926,1.1646417076008817,44.0999451787244,-3.0,45.5,0.4888888888888889,486,0.4866025135688613,486,202305.0,platt
2023_06_SEA_CIN,2023,6,202306,total,over,0.3674121405750798,-112.0,0.5283018867924528,loss,0.0,-1.0,1.1646417076008817,44.0999451787244,-3.0,45.5,0.4375,498,0.44007593510461024,498,202305.0,platt
2023_06_SEA_CIN,2023,6,202306,total,under,0.6325878594249201,-108.0,0.5192307692307693,win,1.0,0.925925925925926,1.1646417076008817,44.0999451787244,-3.0,45.5,0.5625,498,0.5599240648953897,498,202305.0,platt
2023_06_SF_CLE,2023,6,202306,spread,away,0.5175718849840256,-115.0,0.5348837209302325,loss,0.0,-1.0,-10.620313801917987,43.0424616808157,9.5,36.0,0.5,486,0.505070358049119,486,202305.0,platt
2023_06_SF_CLE,2023,6,202306,spread,home,0.4824281150159744,-105.0,0.5121951219512195,win,1.0,0.9523809523809524,-10.620313801917987,43.0424616808157,9.5,36.0,0.5,486,0.494929641950881,486,202305.0,platt
2023_06_SF_CLE,2023,6,202306,total,over,0.6613418530351438,-110.0,0.5238095238095238,push,,0.0,-10.620313801917987,43.0424616808157,9.5,36.0,0.5823756616279633,498,0.5736316230038162,498,202305.0,platt
2023_06_SF_CLE,2023,6,202306,total,under,0.3386581469648562,-110.0,0.5238095238095238,push,,0.0,-10.620313801917987,43.0424616808157,9.5,36.0,0.4176243383720367,498,0.4263683769961838,498,202305.0,platt
2023_06_WAS_ATL,2023,6,202306,spread,away,0.3290734824281149,-108.0,0.5192307692307693,win,1.0,0.925925925925926,5.2852012778250215,43.48844551783033,-1.5,42.0,0.4144736842105263,486,0.44881027302467713,486,202305.0,platt
2023_06_WAS_ATL,2023,6,202306,spread,home,0.670926517571885,-112.0,0.5283018867924528,loss,0.0,-1.0,5.2852012778250215,43.48844551783033,-1.5,42.0,0.5855263157894737,486,0.551189726975323,486,202305.0,platt
2023_06_WAS_ATL,2023,6,202306,total,over,0.4600638977635782,-110.0,0.5238095238095238,loss,0.0,-1.0,5.2852012778250215,43.48844551783033,-1.5,42.0,0.490909090909091,498,0.48226645237759763,498,202305.0,platt
2023_06_WAS_ATL,2023,6,202306,total,under,0.5399361022364217,-110.0,0.5238095238095238,win,1.0,0.9090909090909092,5.2852012778250215,43.48844551783033,-1.5,42.0,0.509090909090909,498,0.5177335476224024,498,202305.0,platt
2023_07_ARI_SEA,2023,7,202307,spread,away,0.4250764525993884,-112.0,0.5283018867924528,loss,0.0,-1.0,10.465144578244908,42.47767978592674,-9.5,43.5,0.4213836477987421,514,0.48030036330297016,514,202306.0,platt
2023_07_ARI_SEA,2023,7,202307,spread,home,0.5749235474006116,-108.0,0.5192307692307693,win,1.0,0.925925925925926,10.465144578244908,42.47767978592674,-9.5,43.5,0.5786163522012578,514,0.5196996366970299,514,202306.0,platt
2023_07_ARI_SEA,2023,7,202307,total,over,0.3730886850152905,-110.0,0.5238095238095238,loss,0.0,-1.0,10.465144578244908,42.47767978592674,-9.5,43.5,0.423841059602649,524,0.43009224725607326,524,202306.0,platt
2023_07_ARI_SEA,2023,7,202307,total,under,0.6269113149847094,-110.0,0.5238095238095238,win,1.0,0.9090909090909092,10.465144578244908,42.47767978592674,-9.5,43.5,0.5761589403973509,524,0.5699077527439265,524,202306.0,platt
2023_07_ATL_TB,2023,7,202307,spread,away,0.5443425076452599,-115.0,0.5348837209302325,win,1.0,0.8695652173913043,1.1902066732528789,37.88831005920615,-3.0,37.5,0.5,514,0.5116055794911685,514,202306.0,platt
2023_07_ATL_TB,2023,7,202307,spread,home,0.45565749235474,-105.0,0.5121951219512195,loss,0.0,-1.0,1.1902066732528789,37.88831005920615,-3.0,37.5,0.5,514,0.4883944205088316,514,202306.0,platt
2023_07_ATL_TB,2023,7,202307,total,over,0.418960244648318,-105.0,0.5121951219512195,loss,0.0,-1.0,1.1902066732528789,37.88831005920615,-3.0,37.5,0.423841059602649,524,0.4557727487438729,524,202306.0,platt
2023_07_ATL_TB,2023,7,202307,total,under,0.581039755351682,-115.0,0.5348837209302325,win,1.0,0.8695652173913043,1.1902066732528789,37.88831005920615,-3.0,37.5,0.5761589403973509,524,0.5442272512561268,524,202306.0,platt
2023_07_BUF_NE,2023,7,202307,spread,away,0.6513761467889908,-110.0,0.5238095238095238,loss,0.0,-1.0,-12.369590585747927,39.91059483116239,7.5,41.0,0.5786163522012578,514,0.5407103460343246,514,202306.0,platt
2023_07_BUF_NE,2023,7,202307,spread,home,0.3486238532110092,-110.0,0.5238095238095238,win,1.0,0.9090909090909092,-12.369590585747927,39.91059483116239,7.5,41.0,0.4213836477987421,514,0.4592896539656756,514,202306.0,platt
2023_07_BUF_NE,2023,7,202307,total,over,0.3730886850152905,-110.0,0.5238095238095238,win,1.0,0.9090909090909092,-12.369590585747927,39.91059483116239,7.5,41.0,0.423841059602649,524,0.43009224725607326,524,202306.0,platt
2023_07_BUF_NE,2023,7,202307,total,under,0.6269113149847094,-110.0,0.5238095238095238,loss,0.0,-1.0,-12.369590585747927,39.91059483116239,7.5,41.0,0.5761589403973509,524,0.5699077527439265,524,202306.0,platt
2023_07_CLE_IND,2023,7,202307,spread,away,0.4434250764525994,-108.0,0.5192307692307693,loss,0.0,-1.0,-2.96710695761032,41.44602880688038,3.5,40.0,0.5,514,0.4851699553195543,514,202306.0,platt
2023_07_CLE_IND,2023,7,202307,spread,home,0.5565749235474006,-112.0,0.5283018867924528,win,1.0,0.8928571428571429,-2.96710695761032,41.44602880688038,3.5,40.0,0.5,514,0.5148300446804457,514,202306.0,platt
2023_07_CLE_IND,2023,7,202307,total,over,0.4495412844036697,-110.0,0.5238095238095238,win,1.0,0.9090909090909092,-2.96710695761032,41.44602880688038,3.5,40.0,0.4590163934426229,524,0.47256770405987547,524,202306.0,platt
2023_07_CLE_IND,2023,7,202307,total,under,0.5504587155963303,-110.0,0.5238095238095238,loss,0.0,-1.0,-2.96710695761032,41.44602880688038,3.5,40.0,0.5409836065573771,524,0.5274322959401243,524,202306.0,platt
2023_07_DET_BAL,2023,7,202307,spread,away,0.6207951070336392,-105.0,0.5121951219512195,loss,0.0,-1.0,-0.9890966917383172,43.80881044190339,-3.0,43.5,0.5786163522012578,514,0.5321294738095771,514,202306.0,platt
2023_07_DET_BAL,2023,7,202307,spread,home,0.3792048929663608,-115.0,0.5348837209302325,win,1.0,0.8695652173913043,-0.9890966917383172,43.80881044190339,-3.0,43.5,0.4213836477987421,514,0.4678705261904229,514,202306.0,platt
2023_07_DET_BAL,2023,7,202307,total,over,0.418960244648318,-112.0,0.5283018867924528,win,1.0,0.8928571428571429,-0.9890966917383172,43.80881044190339,-3.0,43.5,0.423841059602649,524,0.4557727487438729,524,202306.0,platt
2023_07_DET_BAL,2023,7,202307,total,under,0.581039755351682,-108.0,0.5192307692307693,loss,0.0,-1.0,-0.9890966917383172,43.80881044190339,-3.0,43.5,0.5761589403973509,524,0.5442272512561268,524,202306.0,platt
2023_07_GB_DEN,2023,7,202307,spread,away,0.6330275229357798,-112.0,0.5283018867924528,loss,0.0,-1.0,-2.7868284116817748,43.76376437508791,-1.5,44.0,0.5786163522012578,514,0.5355276935158627,514,202306.0,platt
2023_07_GB_DEN,2023,7,202307,spread,home,0.3669724770642202,-108.0,0.5192307692307693,win,1.0,0.925925925925926,-2.7868284116817748,43.76376437508791,-1.5,44.0,0.4213836477987421,514,0.46447230648413734,514,202306.0,platt
2023_07_GB_DEN,2023,7,202307,total,over,0.3944954128440367,-110.0,0.5238095238095238,loss,0.0,-1.0,-2.7868284116817748,43.76376437508791,-1.5,44.0,0.423841059602649,524,0.4421666748074311,524,202306.0,platt
2023_07_GB_DEN,2023,7,202307,total,under,0.6055045871559632,-110.0,0.5238095238095238,win,1.0,0.9090909090909092,-2.7868284116817748,43.76376437508791,-1.5,44.0,0.5761589403973509,524,0.5578333251925686,524,202306.0,platt
2023_07_JAX_NO,2023,7,202307,spread,away,0.5504587155963303,-108.0,0.5192307692307693,win,1.0,0.925925925925926,0.4191091037771064,43.74430130595045,-2.5,41.0,0.5,514,0.5132159386784055,514,202306.0,platt
2023_07_JAX_NO,2023,7,202307,spread,home,0.4495412844036697,-112.0,0.5283018867924528,loss,0.0,-1.0,0.4191091037771064,43.74430130595045,-2.5,41.0,0.5,514,0.4867840613215946,514,202306.0,platt
2023_07_JAX_NO,2023,7,202307,total,over,0.4709480122324159,-110.0,0.5238095238095238,win,1.0,0.9090909090909092,0.4191091037771064,43.74430130595045,-2.5,41.0,0.4590163934426229,524,0.48423105384999043,524,202306.0,platt
2023_07_JAX_NO,2023,7,202307,total,under,0.5290519877675841,-110.0,0.5238095238095238,loss,0.0,-1.0,0.4191091037771064,43.74430130595045,-2.5,41.0,0.5409836065573771,524,0.5157689461500093,524,202306.0,platt
2023_07_LAC_KC,2023,7,202307,spread,away,0.3363914373088684,-105.0,0.5121951219512195,loss,0.0,-1.0,8.953349585537536,46.94891121291442,-5.5,48.5,0.4213836477987421,514,0.45576950209846023,514,202306.0,platt
2023_07_LAC_KC,2023,7,202307,spread,home,0.6636085626911316,-115.0,0.5348837209302325,win,1.0,0.8695652173913043,8.953349585537536,46.94891121291442,-5.5,48.5,0.5786163522012578,514,0.5442304979015398,514,202306.0,platt
2023_07_LAC_KC,2023,7,202307,total,over,0.3547400611620795,-112.0,0.5283018867924528,loss,0.0,-1.0,8.953349585537536,46.94891121291442,-5.5,48.5,0.423841059602649,524,0.4195862897112471,524,202306.0,platt
2023_07_LAC_KC,2023,7,202307,total,under,0.6452599388379205,-108.0,0.5192307692307693,win,1.0,0.925925925925926,8.953349585537536,46.94891121291442,-5.5,48.5,0.5761589403973509,524,0.5804137102887527,524,202306.0,platt
2023_07_MIA_PHI,2023,7,202307,spread,away,0.6636085626911314,-112.0,0.5283018867924528,loss,0.0,-1.0,-2.278458430265494,47.4825416357486,-3.0,52.0,0.5786163522012578,514,0.5442304979015398,514,202306.0,platt
2023_07_MIA_PHI,2023,7,202307,spread,home,0.3363914373088685,-108.0,0.5192307692307693,win,1.0,0.925925925925926,-2.278458430265494,47.4825416357486,-3.0,52.0,0.4213836477987421,514,0.4557695020984603,514,202306.0,platt
2023_07_MIA_PHI,2023,7,202307,total,over,0.290519877675841,-110.0,0.5238095238095238,loss,0.0,-1.0,-2.278458430265494,47.4825416357486,-3.0,52.0,0.3809523809523809,524,0.3812502665985299,524,202306.0,platt
2023_07_MIA_PHI,2023,7,202307,total,under,0.709480122324159,-110.0,0.5238095238095238,win,1.0,0.9090909090909092,-2.278458430265494,47.4825416357486,-3.0,52.0,0.6190476190476191,524,0.6187497334014699,524,202306.0,platt
2023_07_PIT_LA,2023,7,202307,spread,away,0.4250764525993884,-118.0,0.5412844036697247,win,1.0,0.847457627118644,4.6383919953087736,46.62678826507836,-3.5,44.0,0.4213836477987421,514,0.48030036330297016,514,202306.0,platt
2023_07_PIT_LA,2023,7,202307,spread,home,0.5749235474006116,-102.0,0.504950495049505,loss,0.0,-1.0,4.6383919953087736,46.62678826507836,-3.5,44.0,0.5786163522012578,514,0.5196996366970299,514,202306.0,platt
2023_07_PIT_LA,2023,7,202307,total,over,0.4678899082568807,-108.0,0.5192307692307693,loss,0.0,-1.0,4.6383919953087736,46.62678826507836,-3.5,44.0,0.4590163934426229,524,0.48256808808378127,524,202306.0,platt
2023_07_PIT_LA,2023,7,202307,total,under,0.5321100917431192,-112.0,0.5283018867924528,win,1.0,0.8928571428571429,4.6383919953087736,46.62678826507836,-3.5,44.0,0.5409836065573771,524,0.5174319119162184,524,202306.0,platt
2023_07_SF_MIN,2023,7,202307,spread,away,0.5259938837920489,-105.0,0.5121951219512195,loss,0.0,-1.0,-8.528117811619273,48.36096789583135,7.0,44.5,0.5,514,0.5067923223381605,514,202306.0,platt
2023_07_SF_MIN,2023,7,202307,spread,home,0.4740061162079511,-115.0,0.5348837209302325,win,1.0,0.8695652173913043,-8.528117811619273,48.36096789583135,7.0,44.5,0.5,514,0.49320767766183954,514,202306.0,platt
2023_07_SF_MIN,2023,7,202307,total,over,0.5229357798165137,-110.0,0.5238095238095238,loss,0.0,-1.0,-8.528117811619273,48.36096789583135,7.0,44.5,0.5409836065573771,524,0.5124454356713098,524,202306.0,platt
2023_07_SF_MIN,2023,7,202307,total,under,0.4770642201834862,-110.0,0.5238095238095238,win,1.0,0.9090909090909092,-8.528117811619273,48.36096789583135,7.0,44.5,0.4590163934426229,524,0.4875545643286899,524,202306.0,platt
2023_07_WAS_NYG,2023,7,202307,spread,away,0.3302752293577982,-108.0,0.5192307692307693,loss,0.0,-1.0,0.8500829934487104,39.11027052845154,3.0,37.0,0.4213836477987421,514,0.4539876392921399,514,202306.0,platt
2023_07_WAS_NYG,2023,7,202307,spread,home,0.6697247706422018,-112.0,0.5283018867924528,win,1.0,0.8928571428571429,0.8500829934487104,39.11027052845154,3.0,37.0,0.5786163522012578,514,0.5460123607078602,514,202306.0,platt
2023_07_WAS_NYG,2023,7,202307,total,over,0.4617737003058104,-108.0,0.5192307692307693,loss,0.0,-1.0,0.8500829934487104,39.11027052845154,3.0,37.0,0.4590163934426229,524,0.4792392895399359,524,202306.0,platt
2023_07_WAS_NYG,2023,7,202307,total,under,0.5382262996941896,-112.0,0.5283018867924528,win,1.0,0.8928571428571429,0.8500829934487104,39.11027052845154,3.0,37.0,0.5409836065573771,524,0.5207607104600639,524,202306.0,platt
2023_08_BAL_ARI,2023,8,202308,spread,away,0.5073746312684366,-110.0,0.5238095238095238,loss,0.0,-1.0,-10.535995913822855,44.824440698622666,9.5,44.5,0.5,538,0.5017483452695353,538,202307.0,platt
2023_08_BAL_ARI,2023,8,202308,spread,home,0.4926253687315634,-110.0,0.5238095238095238,win,1.0,0.9090909090909092,-10.535995913822855,44.824440698622666,9.5,44.5,0.5,538,0.4982516547304649,538,202307.0,platt
2023_08_BAL_ARI,2023,8,202308,total,over,0.4218289085545723,-110.0,0.5238095238095238,win,1.0,0.9090909090909092,-10.535995913822855,44.824440698622666,9.5,44.5,0.4203821656050955,548,0.45355997734234627,548,202307.0,platt
2023_08_BAL_ARI,2023,8,202308,total,under,0.5781710914454277,-110.0,0.5238095238095238,loss,0.0,-1.0,-10.535995913822855,44.824440698622666,9.5,44.5,0.5796178343949047,548,0.5464400226576533,548,202307.0,platt
2023_08_CHI_LAC,2023,8,202308,spread,away,0.7699115044247787,-108.0,0.5192307692307693,loss,0.0,-1.0,0.501383589271523,42.93491744028236,-9.5,46.0,0.5688622754491018,538,0.5710957245886644,538,202307.0,platt
2023_08_CHI_LAC,2023,8,202308,spread,home,0.2300884955752212,-112.0,0.5283018867924528,win,1.0,0.8928571428571429,0.501383589271523,42.93491744028236,-9.5,46.0,0.4311377245508982,538,0.4289042754113356,538,202307.0,platt
2023_08_CHI_LAC,2023,8,202308,total,over,0.3156342182890855,-108.0,0.5192307692307693,loss,0.0,-1.0,0.501383589271523,42.93491744028236,-9.5,46.0,0.3669932574799832,548,0.3876236095679597,548,202307.0,platt
2023_08_CHI_LAC,2023,8,202308,total,under,0.6843657817109144,-112.0,0.5283018867924528,win,1.0,0.8928571428571429,0.501383589271523,42.93491744028236,-9.5,46.0,0.6330067425200168,548,0.6123763904320401,548,202307.0,platt
2023_08_CIN_SF,2023,8,202308,spread,away,0.327433628318584,-105.0,0.5121951219512195,win,1.0,0.9523809523809524,7.921395259469222,46.47220840584404,-4.0,44.0,0.4311377245508982,538,0.45744346019935966,538,202307.0,platt
2023_08_CIN_SF,2023,8,202308,spread,home,0.672566371681416,-115.0,0.5348837209302325,loss,0.0,-1.0,7.921395259469222,46.47220840584404,-4.0,44.0,0.5688622754491018,538,0.5425565398006403,538,202307.0,platt
2023_08_CIN_SF,2023,8,202308,total,over,0.4690265486725664,-110.0,0.5238095238095238,win,1.0,0.9090909090909092,7.921395259469222,46.47220840584404,-4.0,44.0,0.4696969696969697,548,0.48168213301678786,548,202307.0,platt
2023_08_CIN_SF,2023,8,202308,total,under,0.5309734513274336,-110.0,0.5238095238095238,loss,0.0,-1.0,7.921395259469222,46.47220840584404,-4.0,44.0,0.5303030303030303,548,0.5183178669832117,548,202307.0,platt
2023_08_CLE_SEA,2023,8,202308,spread,away,0.4188790560471976,-110.0,0.5238095238095238,push,,0.0,5.116679342450598,39.52162804036335,-4.0,39.5,0.4311377245508982,538,0.48060780352502197,538,202307.0,platt
2023_08_CLE_SEA,2023,8,202308,spread,home,0.5811209439528023,-110.0,0.5238095238095238,push,,0.0,5.116679342450598,39.52162804036335,-4.0,39.5,0.5688622754491018,538,0.519392196474978,538,202307.0,platt
2023_08_CLE_SEA,2023,8,202308,total,over,0.415929203539823,-108.0,0.5192307692307693,win,1.0,0.925925925925926,5.116679342450598,39.52162804036335,-4.0,39.5,0.4203821656050955,548,0.45001278147712465,548,202307.0,platt
2023_08_CLE_SEA,2023,8,202308,total,under,0.584070796460177,-112.0,0.5283018867924528,loss,0.0,-1.0,5.116679342450598,39.52162804036335,-4.0,39.5,0.5796178343949047,548,0.5499872185228751,548,202307.0,platt
2023_08_HOU_CAR,2023,8,202308,spread,away,0.3421828908554573,-118.0,0.5412844036697247,loss,0.0,-1.0,0.170803025253158,37.62916539799669,3.0,43.0,0.4311377245508982,538,0.4613428884861588,538,202307.0,platt
2023_08_HOU_CAR,2023,8,202308,spread,home,0.6578171091445427,-102.0,0.504950495049505,win,1.0,0.9803921568627452,0.170803025253158,37.62916539799669,3.0,43.0,0.5688622754491018,538,0.5386571115138412,538,202307.0,platt
2023_08_HOU_CAR,2023,8,202308,total,over,0.2713864306784661,-110.0,0.5238095238095238,loss,0.0,-1.0,0.170803025253158,37.62916539799669,3.0,43.0,0.3571428571428571,548,0.35810806630551667,548,202307.0,platt
2023_08_HOU_CAR,2023,8,202308,total,under,0.7286135693215339,-110.0,0.5238095238095238,win,1.0,0.9090909090909092,0.170803025253158,37.62916539799669,3.0,43.0,0.6428571428571429,548,0.6418919336944829,548,202307.0,platt
2023_08_JAX_PIT,2023,8,202308,spread,away,0.3982300884955752,-110.0,0.5238095238095238,win,1.0,0.9090909090909092,-0.7510211873947406,41.95517189898246,2.5,41.0,0.4311377245508982,538,0.47555230186116554,538,202307.0,platt
2023_08_JAX_PIT,2023,8,202308,spread,home,0.6017699115044248,-110.0,0.5238095238095238,loss,0.0,-1.0,-0.7510211873947406,41.95517189898246,2.5,41.0,0.5688622754491018,538,0.5244476981388345,538,202307.0,platt
2023_08_JAX_PIT,2023,8,202308,total,over,0.4424778761061947,-110.0,0.5238095238095238,loss,0.0,-1.0,-0.7510211873947406,41.95517189898246,2.5,41.0,0.4407888933868309,548,0.46591125650013654,548,202307.0,platt
2023_08_JAX_PIT,2023,8,202308,total,under,0.5575221238938053,-110.0,0.5238095238095238,win,1.0,0.9090909090909092,-0.7510211873947406,41.95517189898246,2.5,41.0,0.5592111066131666,548,0.5340887434998631,548,202307.0,platt
2023_08_KC_DEN,2023,8,202308,spread,away,0.71976401179941,-102.0,0.504950495049505,loss,0.0,-1.0,-14.43078661649527,43.82750531347574,7.0,45.5,0.5688622754491018,538,0.5556722239020475,538,202307.0,platt
2023_08_KC_DEN,2023,8,202308,spread,home,0.28023598820059,-118.0,0.5412844036697247,win,1.0,0.847457627118644,-14.43078661649527,43.82750531347574,7.0,45.5,0.4311377245508982,538,0.44432777609795254,538,202307.0,platt
2023_08_KC_DEN,2023,8,202308,total,over,0.3480825958702065,-110.0,0.5238095238095238,loss,0.0,-1.0,-14.43078661649527,43.82750531347574,7.0,45.5,0.4203821656050955,548,0.40835142073150665,548,202307.0,platt
2023_08_KC_DEN,2023,8,202308,total,under,0.6519174041297935,-110.0,0.5238095238095238,win,1.0,0.9090909090909092,-14.43078661649527,43.82750531347574,7.0,45.5,0.5796178343949047,548,0.5916485792684931,548,202307.0,platt
2023_08_LA_DAL,2023,8,202308,spread,away,0.5457227138643068,-105.0,0.5121951219512195,loss,0.0,-1.0,4.4912214870357205,47.12207868867812,-6.5,44.5,0.5094339622641508,538,0.5108676522743211,538,202307.0,platt
2023_08_LA_DAL,2023,8,202308,spread,home,0.4542772861356932,-115.0,0.5348837209302325,win,1.0,0.8695652173913043,4.4912214870357205,47.12207868867812,-6.5,44.5,0.490566037735849,538,0.48913234772567893,538,202307.0,platt
2023_08_LA_DAL,2023,8,202308,total,over,0.4690265486725664,-110.0,0.5238095238095238,win,1.0,0.9090909090909092,4.4912214870357205,47.12207868867812,-6.5,44.5,0.4696969696969697,548,0.48168213301678786,548,202307.0,platt
2023_08_LA_DAL,2023,8,202308,total,under,0.5309734513274336,-110.0,0.5238095238095238,loss,0.0,-1.0,4.4912214870357205,47.12207868867812,-6.5,44.5,0.5303030303030303,548,0.5183178669832117,548,202307.0,platt
2023_08_LV_DET,2023,8,202308,spread,away,0.4985250737463127,-110.0,0.5238095238095238,loss,0.0,-1.0,6.08279324613456,51.65333196354499,-7.0,46.0,0.5,538,0.4996503539211234,538,202307.0,platt
2023_08_LV_DET,2023,8,202308,spread,home,0.5014749262536873,-110.0,0.5238095238095238,win,1.0,0.9090909090909092,6.08279324613456,51.65333196354499,-7.0,46.0,0.5,538,0.5003496460788766,538,202307.0,platt
2023_08_LV_DET,2023,8,202308,total,over,0.6047197640117994,-110.0,0.5238095238095238,loss,0.0,-1.0,6.08279324613456,51.65333196354499,-7.0,46.0,0.5796178343949047,548,0.5624812956998246,548,202307.0,platt
2023_08_LV_DET,2023,8,202308,total,under,0.3952802359882006,-110.0,0.5238095238095238,win,1.0,0.9090909090909092,6.08279324613456,51.65333196354499,-7.0,46.0,0.4203821656050955,548,0.4375187043001751,548,202307.0,platt
2023_08_MIN_GB,2023,8,202308,spread,away,0.4424778761061947,-108.0,0.5192307692307693,win,1.0,0.925925925925926,-0.5996924211902974,44.62132051847076,1.0,41.5,0.490566037735849,538,0.48630662399782454,538,202307.0,platt
2023_08_MIN_GB,2023,8,202308,spread,home,0.5575221238938053,-112.0,0.5283018867924528,loss,0.0,-1.0,-0.5996924211902974,44.62132051847076,1.0,41.5,0.5094339622641508,538,0.5136933760021755,538,202307.0,platt
2023_08_MIN_GB,2023,8,202308,total,over,0.495575221238938,-112.0,0.5283018867924528,loss,0.0,-1.0,-0.5996924211902974,44.62132051847076,1.0,41.5,0.5,548,0.4973852979725775,548,202307.0,platt
2023_08_MIN_GB,2023,8,202308,total,under,0.504424778761062,-108.0,0.5192307692307693,win,1.0,0.925925925925926,-0.5996924211902974,44.62132051847076,1.0,41.5,0.5,548,0.5026147020274222,548,202307.0,platt
2023_08_NE_MIA,2023,8,202308,spread,away,0.3746312684365781,-110.0,0.5238095238095238,loss,0.0,-1.0,9.850481057143815,42.96689194090314,-7.5,46.5,0.4311377245508982,538,0.4696700233074568,538,202307.0,platt
2023_08_NE_MIA,2023,8,202308,spread,home,0.6253687315634219,-110.0,0.5238095238095238,win,1.0,0.9090909090909092,9.850481057143815,42.96689194090314,-7.5,46.5,0.5688622754491018,538,0.5303299766925432,538,202307.0,platt
2023_08_NE_MIA,2023,8,202308,total,over,0.3126843657817109,-110.0,0.5238095238095238,win,1.0,0.9090909090909092,9.850481057143815,42.96689194090314,-7.5,46.5,0.3577222924568058,548,0.3857050095819372,548,202307.0,platt
2023_08_NE_MIA,2023,8,202308,total,under,0.6873156342182891,-110.0,0.5238095238095238,loss,0.0,-1.0,9.850481057143815,42.96689194090314,-7.5,46.5,0.6422777075431945,548,0.6142949904180626,548,202307.0,platt
2023_08_NO_IND,2023,8,202308,spread,away,0.5191740412979351,-110.0,0.5238095238095238,win,1.0,0.9090909090909092,-3.4405781283829606,46.33858298328872,2.0,43.5,0.5,538,0.5045474912677147,538,202307.0,platt
2023_08_NO_IND,2023,8,202308,spread,home,0.4808259587020649,-110.0,0.5238095238095238,loss,0.0,-1.0,-3.4405781283829606,46.33858298328872,2.0,43.5,0.5,538,0.4954525087322853,538,202307.0,platt
2023_08_NO_IND,2023,8,202308,total,over,0.4837758112094395,-110.0,0.5238095238095238,win,1.0,0.9090909090909092,-3.4405781283829606,46.33858298328872,2.0,43.5,0.4696969696969697,548,0.4904107312126158,548,202307.0,platt
2023_08_NO_IND,2023,8,202308,total,under,0.5162241887905605,-110.0,0.5238095238095238,loss,0.0,-1.0,-3.4405781283829606,46.33858298328872,2.0,43.5,0.5303030303030303,548,0.5095892687873839,548,202307.0,platt
2023_08_NYJ_NYG,2023,8,202308,spread,away,0.2772861356932153,-115.0,0.5348837209302325,push,,0.0,2.6844907299444403,38.6321031037772,3.0,35.0,0.4311377245508982,538,0.4434691839516582,538,202307.0,platt
2023_08_NYJ_NYG,2023,8,202308,spread,home,0.7227138643067846,-105.0,0.5121951219512195,push,,0.0,2.6844907299444403,38.6321031037772,3.0,35.0,0.5688622754491018,538,0.5565308160483418,538,202307.0,platt
2023_08_NYJ_NYG,2023,8,202308,total,over,0.5014749262536873,-108.0,0.5192307692307693,loss,0.0,-1.0,2.6844907299444403,38.6321031037772,3.0,35.0,0.5,548,0.5008715541798427,548,202307.0,platt
2023_08_NYJ_NYG,2023,8,202308,total,under,0.4985250737463127,-112.0,0.5283018867924528,win,1.0,0.8928571428571429,2.6844907299444403,38.6321031037772,3.0,35.0,0.5,548,0.49912844582015703,548,202307.0,platt
2023_08_PHI_WAS,2023,8,202308,spread,away,0.4690265486725663,-110.0,0.5238095238095238,push,,0.0,-7.3030264393067,43.77731362302793,7.0,42.5,0.490566037735849,538,0.4926485684152266,538,202307.0,platt
2023_08_PHI_WAS,2023,8,202308,spread,home,0.5309734513274337,-110.0,0.5238095238095238,push,,0.0,-7.3030264393067,43.77731362302793,7.0,42.5,0.5094339622641508,538,0.5073514315847735,538,202307.0,platt
2023_08_PHI_WAS,2023,8,202308,total,over,0.4483775811209439,-110.0,0.5238095238095238,win,1.0,0.9090909090909092,-7.3030264393067,43.77731362302793,7.0,42.5,0.4696969696969697,548,0.4694247723086314,548,202307.0,platt
2023_08_PHI_WAS,2023,8,202308,total,under,0.551622418879056,-110.0,0.5238095238095238,loss,0.0,-1.0,-7.3030264393067,43.77731362302793,7.0,42.5,0.5303030303030303,548,0.5305752276913683,548,202307.0,platt
2023_08_TB_BUF,2023,8,202308,spread,away,0.4011799410029498,-112.0,0.5283018867924528,win,1.0,0.8928571428571429,11.633970131984002,45.1547236364264,-10.0,43.0,0.4311377245508982,538,0.47627922048989263,538,202307.0,platt
2023_08_TB_BUF,2023,8,202308,spread,home,0.5988200589970502,-108.0,0.5192307692307693,loss,0.0,-1.0,11.633970131984002,45.1547236364264,-10.0,43.0,0.5688622754491018,538,0.5237207795101074,538,202307.0,platt
2023_08_TB_BUF,2023,8,202308,total,over,0.4631268436578171,-110.0,0.5238095238095238,loss,0.0,-1.0,11.633970131984002,45.1547236364264,-10.0,43.0,0.4696969696969697,548,0.4781854148355229,548,202307.0,platt
2023_08_TB_BUF,2023,8,202308,total,under,0.5368731563421829,-110.0,0.5238095238095238,win,1.0,0.9090909090909092,11.633970131984002,45.1547236364264,-10.0,43.0,0.5303030303030303,548,0.5218145851644769,548,202307.0,platt
2023_09_BUF_CIN,2023,9,202309,spread,away,0.6779661016949152,-108.0,0.5192307692307693,loss,0.0,-1.0,-4.07974857997335,46.6396365009398,-1.5,51.0,0.5574712643678161,562,0.5265503187059748,562,202308.0,platt
2023_09_BUF_CIN,2023,9,202309,spread,home,0.3220338983050847,-112.0,0.5283018867924528,win,1.0,0.8928571428571429,-4.07974857997335,46.6396365009398,-1.5,51.0,0.4425287356321839,562,0.4734496812940252,562,202308.0,platt
2023_09_BUF_CIN,2023,9,202309,total,over,0.2937853107344633,-110.0,0.5238095238095238,loss,0.0,-1.0,-4.07974857997335,46.6396365009398,-1.5,51.0,0.3333333333333333,578,0.3773408860447566,578,202308.0,platt
2023_09_BUF_CIN,2023,9,202309,total,under,0.7062146892655368,-110.0,0.5238095238095238,win,1.0,0.9090909090909092,-4.07974857997335,46.6396365009398,-1.5,51.0,0.6666666666666666,578,0.6226591139552431,578,202308.0,platt
2023_09_CHI_NO,2023,9,202309,spread,away,0.692090395480226,-108.0,0.5192307692307693,win,1.0,0.925925925925926,2.56740793325303,39.6420762739652,-9.0,42.0,0.5574712643678161,562,0.5288803007482205,562,202308.0,platt
2023_09_CHI_NO,2023,9,202309,spread,home,0.307909604519774,-112.0,0.5283018867924528,loss,0.0,-1.0,2.56740793325303,39.6420762739652,-9.0,42.0,0.4425287356321839,562,0.4711196992517795,562,202308.0,platt
2023_09_CHI_NO,2023,9,202309,total,over,0.3305084745762712,-110.0,0.5238095238095238,loss,0.0,-1.0,2.56740793325303,39.6420762739652,-9.0,42.0,0.4,578,0.4005687637813748,578,202308.0,platt
2023_09_CHI_NO,2023,9,202309,total,under,0.6694915254237288,-110.0,0.5238095238095238,win,1.0,0.9090909090909092,2.56740793325303,39.6420762739652,-9.0,42.0,0.6,578,0.5994312362186248,578,202308.0,platt
2023_09_DAL_PHI,2023,9,202309,spread,away,0.5988700564971752,-118.0,0.5412844036697247,loss,0.0,-1.0,0.1596315311382784,45.95780805793565,-3.5,46.5,0.5574712643678161,562,0.5143025499871271,562,202308.0,platt
2023_09_DAL_PHI,2023,9,202309,spread,home,0.4011299435028249,-102.0,0.504950495049505,win,1.0,0.9803921568627452,0.1596315311382784,45.95780805793565,-3.5,46.5,0.4425287356321839,562,0.4856974500128729,562,202308.0,platt
2023_09_DAL_PHI,2023,9,202309,total,over,0.384180790960452,-110.0,0.5238095238095238,win,1.0,0.9090909090909092,0.1596315311382784,45.95780805793565,-3.5,46.5,0.4259259259259259,578,0.43304359737756215,578,202308.0,platt
2023_09_DAL_PHI,2023,9,202309,total,under,0.615819209039548,-110.0,0.5238095238095238,loss,0.0,-1.0,0.1596315311382784,45.95780805793565,-3.5,46.5,0.5740740740740741,578,0.5669564026224375,578,202308.0,platt
2023_09_IND_CAR,2023,9,202309,spread,away,0.3954802259887006,-108.0,0.5192307692307693,win,1.0,0.925925925925926,0.3458579467841256,43.351115650890605,1.5,45.0,0.4425287356321839,562,0.4848566130053839,562,202308.0,platt
2023_09_IND_CAR,2023,9,202309,spread,home,0.6045197740112994,-112.0,0.5283018867924528,loss,0.0,-1.0,0.3458579467841256,43.351115650890605,1.5,45.0,0.5574712643678161,562,0.5151433869946161,562,202308.0,platt
2023_09_IND_CAR,2023,9,202309,total,over,0.3502824858757062,-110.0,0.5238095238095238,loss,0.0,-1.0,0.3458579467841256,43.351115650890605,1.5,45.0,0.4259259259259259,578,0.4127052986373662,578,202308.0,platt
2023_09_IND_CAR,2023,9,202309,total,under,0.6497175141242938,-110.0,0.5238095238095238,win,1.0,0.9090909090909092,0.3458579467841256,43.351115650890605,1.5,45.0,0.5740740740740741,578,0.5872947013626334,578,202308.0,platt
2023_09_LAC_NYJ,2023,9,202309,spread,away,0.5621468926553672,-118.0,0.5412844036697247,win,1.0,0.847457627118644,-5.326705016448075,42.1793686091988,3.0,41.0,0.5000000000000001,562,0.5089193533022246,562,202308.0,platt
2023_09_LAC_NYJ,2023,9,202309,spread,home,0.4378531073446328,-102.0,0.504950495049505,loss,0.0,-1.0,-5.326705016448075,42.1793686091988,3.0,41.0,0.5000000000000001,562,0.49108064669777546,562,202308.0,platt
2023_09_LAC_NYJ,2023,9,202309,total,over,0.4463276836158192,-110.0,0.5238095238095238,loss,0.0,-1.0,-5.326705016448075,42.1793686091988,3.0,41.0,0.4929577464788732,578,0.46927069519280035,578,202308.0,platt
2023_09_LAC_NYJ,2023,9,202309,total,under,0.5536723163841808,-110.0,0.5238095238095238,win,1.0,0.9090909090909092,-5.326705016448075,42.1793686091988,3.0,41.0,0.5070422535211268,578,0.5307293048071994,578,202308.0,platt
2023_09_LA_GB,2023,9,202309,spread,away,0.6101694915254237,-108.0,0.5192307692307693,loss,0.0,-1.0,-0.1233746876851753,46.2810789084252,-3.5,38.0,0.5574712643678161,562,0.5159883019754277,562,202308.0,platt
2023_09_LA_GB,2023,9,202309,spread,home,0.3898305084745763,-112.0,0.5283018867924528,win,1.0,0.8928571428571429,-0.1233746876851753,46.2810789084252,-3.5,38.0,0.4425287356321839,562,0.48401169802457233,562,202308.0,platt
2023_09_LA_GB,2023,9,202309,total,over,0.6836158192090396,-108.0,0.5192307692307693,loss,0.0,-1.0,-0.1233746876851753,46.2810789084252,-3.5,38.0,0.6,578,0.6082491572678927,578,202308.0,platt
2023_09_LA_GB,2023,9,202309,total,under,0.3163841807909604,-112.0,0.5283018867924528,win,1.0,0.8928571428571429,-0.1233746876851753,46.2810789084252,-3.5,38.0,0.4,578,0.39175084273210686,578,202308.0,platt
2023_09_MIA_KC,2023,9,202309,spread,away,0.3531073446327684,-112.0,0.5283018867924528,loss,0.0,-1.0,3.7162615010042974,47.83253099765068,-1.0,51.0,0.4425287356321839,562,0.4784013579622557,562,202308.0,platt
2023_09_MIA_KC,2023,9,202309,spread,home,0.6468926553672316,-108.0,0.5192307692307693,win,1.0,0.925925925925926,3.7162615010042974,47.83253099765068,-1.0,51.0,0.5574712643678161,562,0.5215986420377444,562,202308.0,platt
2023_09_MIA_KC,2023,9,202309,total,over,0.3192090395480226,-112.0,0.5283018867924528,loss,0.0,-1.0,3.7162615010042974,47.83253099765068,-1.0,51.0,0.4,578,0.3935252313408105,578,202308.0,platt
2023_09_MIA_KC,2023,9,202309,total,under,0.6807909604519774,-108.0,0.5192307692307693,win,1.0,0.925925925925926,3.7162615010042974,47.83253099765068,-1.0,51.0,0.6,578,0.6064747686591893,578,202308.0,platt
2023_09_MIN_ATL,2023,9,202309,spread,away,0.6101694915254237,-108.0,0.5192307692307693,win,1.0,0.925925925925926,-0.2202868970313913,40.80770470227407,-3.5,38.5,0.5574712643678161,562,0.5159883019754277,562,202308.0,platt
2023_09_MIN_ATL,2023,9,202309,spread,home,0.3898305084745763,-112.0,0.5283018867924528,loss,0.0,-1.0,-0.2202868970313913,40.80770470227407,-3.5,38.5,0.4425287356321839,562,0.48401169802457233,562,202308.0,platt
2023_09_MIN_ATL,2023,9,202309,total,over,0.4717514124293785,-108.0,0.5192307692307693,win,1.0,0.925925925925926,-0.2202868970313913,40.80770470227407,-3.5,38.5,0.4929577464788732,578,0.4838570802162882,578,202308.0,platt
2023_09_MIN_ATL,2023,9,202309,total,under,0.5282485875706215,-112.0,0.5283018867924528,loss,0.0,-1.0,-0.2202868970313913,40.80770470227407,-3.5,38.5,0.5070422535211268,578,0.5161429197837115,578,202308.0,platt
2023_09_SEA_BAL,2023,9,202309,spread,away,0.6327683615819208,-110.0,0.5238095238095238,loss,0.0,-1.0,1.3178361259072728,44.440102686749526,-6.0,44.5,0.5574712643678161,562,0.5194141348385434,562,202308.0,platt
2023_09_SEA_BAL,2023,9,202309,spread,home,0.3672316384180791,-110.0,0.5238095238095238,win,1.0,0.9090909090909092,1.3178361259072728,44.440102686749526,-6.0,44.5,0.4425287356321839,562,0.48058586516145657,562,202308.0,platt
2023_09_SEA_BAL,2023,9,202309,total,over,0.4096045197740113,-108.0,0.5192307692307693,loss,0.0,-1.0,1.3178361259072728,44.440102686749526,-6.0,44.5,0.4259259259259259,578,0.4479947823559299,578,202308.0,platt
2023_09_SEA_BAL,2023,9,202309,total,under,0.5903954802259888,-112.0,0.5283018867924528,win,1.0,0.8928571428571429,1.3178361259072728,44.440102686749526,-6.0,44.5,0.5740740740740741,578,0.55200521764407,578,202308.0,platt
2023_09_TB_HOU,2023,9,202309,spread,away,0.5706214689265536,100.0,0.5,win,1.0,1.0,-0.0855834503553458,45.524531872946746,-2.5,39.5,0.5574712643678161,562,0.5101507652584085,562,202308.0,platt
2023_09_TB_HOU,2023,9,202309,spread,home,0.4293785310734463,-120.0,0.5454545454545454,loss,0.0,-1.0,-0.0855834503553458,45.524531872946746,-2.5,39.5,0.4425287356321839,562,0.4898492347415916,562,202308.0,platt
2023_09_TB_HOU,2023,9,202309,total,over,0.6045197740112994,-110.0,0.5238095238095238,win,1.0,0.9090909090909092,-0.0855834503553458,45.524531872946746,-2.5,39.5,0.5740740740740741,578,0.5602841636064951,578,202308.0,platt
2023_09_TB_HOU,2023,9,202309,total,under,0.3954802259887006,-110.0,0.5238095238095238,loss,0.0,-1.0,-0.0855834503553458,45.524531872946746,-2.5,39.5,0.4259259259259259,578,0.43971583639350464,578,202308.0,platt
2023_09_WAS_NE,2023,9,202309,spread,away,0.5084745762711864,100.0,0.5,win,1.0,1.0,1.4566552211285773,39.90064790924776,-2.5,40.5,0.5000000000000001,562,0.5012102279512382,562,202308.0,platt
2023_09_WAS_NE,2023,9,202309,spread,home,0.4915254237288136,-120.0,0.5454545454545454,loss,0.0,-1.0,1.4566552211285773,39.90064790924776,-2.5,40.5,0.5000000000000001,562,0.4987897720487619,562,202308.0,platt
2023_09_WAS_NE,2023,9,202309,total,over,0.384180790960452,-110.0,0.5238095238095238,loss,0.0,-1.0,1.4566552211285773,39.90064790924776,-2.5,40.5,0.4259259259259259,578,0.43304359737756215,578,202308.0,platt
2023_09_WAS_NE,2023,9,202309,total,under,0.615819209039548,-110.0,0.5238095238095238,win,1.0,0.9090909090909092,1.4566552211285773,39.90064790924776,-2.5,40.5,0.5740740740740741,578,0.5669564026224375,578,202308.0,platt
2023_10_ATL_ARI,2023,10,202310,spread,away,0.5835616438356164,-110.0,0.5238095238095238,loss,0.0,-1.0,-4.960736389507793,44.5852545880584,2.0,43.5,0.5519125683060109,584,0.5112992201912894,584,202309.0,platt
2023_10_ATL_ARI,2023,10,202310,spread,home,0.4164383561643835,-110.0,0.5238095238095238,win,1.0,0.9090909090909092,-4.960736389507793,44.5852545880584,2.0,43.5,0.448087431693989,584,0.4887007798087105,584,202309.0,platt
2023_10_ATL_ARI,2023,10,202310,total,over,0.4438356164383562,-112.0,0.5283018867924528,win,1.0,0.8928571428571429,-4.960736389507793,44.5852545880584,2.0,43.5,0.4893617021276595,600,0.4636899841144027,600,202309.0,platt
2023_10_ATL_ARI,2023,10,202310,total,under,0.5561643835616439,-108.0,0.5192307692307693,loss,0.0,-1.0,-4.960736389507793,44.5852545880584,2.0,43.5,0.5106382978723406,600,0.536310015885597,600,202309.0,platt
2023_10_CAR_CHI,2023,10,202310,spread,away,0.3260273972602739,100.0,0.5,push,,0.0,7.25842317810764,37.28354135104149,-3.0,38.0,0.448087431693989,584,0.4756958180133977,584,202309.0,platt
2023_10_CAR_CHI,2023,10,202310,spread,home,0.673972602739726,-120.0,0.5454545454545454,push,,0.0,7.25842317810764,37.28354135104149,-3.0,38.0,0.5519125683060109,584,0.5243041819866022,584,202309.0,platt
2023_10_CAR_CHI,2023,10,202310,total,over,0.3808219178082191,-115.0,0.5348837209302325,loss,0.0,-1.0,7.25842317810764,37.28354135104149,-3.0,38.0,0.4210526315789473,600,0.42226994771470766,600,202309.0,platt
2023_10_CAR_CHI,2023,10,202310,total,under,0.6191780821917808,-105.0,0.5121951219512195,win,1.0,0.9523809523809524,7.25842317810764,37.28354135104149,-3.0,38.0,0.5789473684210525,600,0.5777300522852921,600,202309.0,platt
2023_10_CLE_BAL,2023,10,202310,spread,away,0.4547945205479452,-112.0,0.5283018867924528,win,1.0,0.8928571428571429,6.186854100993774,39.1350152224944,-6.0,38.5,0.5,584,0.4939273310328177,584,202309.0,platt
2023_10_CLE_BAL,2023,10,202310,spread,home,0.5452054794520548,-108.0,0.5192307692307693,loss,0.0,-1.0,6.186854100993774,39.1350152224944,-6.0,38.5,0.5,584,0.5060726689671822,584,202309.0,platt
2023_10_CLE_BAL,2023,10,202310,total,over,0.4246575342465753,-112.0,0.5283018867924528,win,1.0,0.8928571428571429,6.186854100993774,39.1350152224944,-6.0,38.5,0.4210526315789473,600,0.45119452084293443,600,202309.0,platt
2023_10_CLE_BAL,2023,10,202310,total,under,0.5753424657534247,-108.0,0.5192307692307693,loss,0.0,-1.0,6.186854100993774,39.1350152224944,-6.0,38.5,0.5789473684210525,600,0.5488054791570653,600,202309.0,platt
2023_10_DEN_BUF,2023,10,202310,spread,away,0.2410958904109589,-112.0,0.5283018867924528,win,1.0,0.8928571428571429,14.411293946234125,46.16637975711559,-7.5,47.5,0.448087431693989,584,0.4616688474757553,584,202309.0,platt
2023_10_DEN_BUF,2023,10,202310,spread,home,0.7589041095890411,-108.0,0.5192307692307693,loss,0.0,-1.0,14.411293946234125,46.16637975711559,-7.5,47.5,0.5519125683060109,584,0.5383311525242447,584,202309.0,platt
2023_10_DEN_BUF,2023,10,202310,total,over,0.3616438356164383,-108.0,0.5192307692307693,loss,0.0,-1.0,14.411293946234125,46.16637975711559,-7.5,47.5,0.4210526315789473,600,0.40939739333766456,600,202309.0,platt
2023_10_DEN_BUF,2023,10,202310,total,under,0.6383561643835616,-112.0,0.5283018867924528,win,1.0,0.8928571428571429,14.411293946234125,46.16637975711559,-7.5,47.5,0.5789473684210525,600,0.5906026066623351,600,202309.0,platt
2023_10_DET_LAC,2023,10,202310,spread,away,0.4191780821917809,-110.0,0.5238095238095238,win,1.0,0.9090909090909092,-1.3923372868129609,50.529882622511714,2.5,48.5,0.448087431693989,584,0.48907784214552735,584,202309.0,platt
2023_10_DET_LAC,2023,10,202310,spread,home,0.5808219178082191,-110.0,0.5238095238095238,loss,0.0,-1.0,-1.3923372868129609,50.529882622511714,2.5,48.5,0.5519125683060109,584,0.5109221578544726,584,202309.0,platt
2023_10_DET_LAC,2023,10,202310,total,over,0.4575342465753425,-110.0,0.5238095238095238,win,1.0,0.9090909090909092,-1.3923372868129609,50.529882622511714,2.5,48.5,0.4893617021276595,600,0.4725751523615645,600,202309.0,platt
2023_10_DET_LAC,2023,10,202310,total,under,0.5424657534246575,-110.0,0.5238095238095238,loss,0.0,-1.0,-1.3923372868129609,50.529882622511714,2.5,48.5,0.5106382978723406,600,0.5274248476384352,600,202309.0,platt
2023_10_GB_PIT,2023,10,202310,spread,away,0.5561643835616439,100.0,0.5,loss,0.0,-1.0,0.8015321475485673,42.369494455239625,-3.0,38.5,0.5,584,0.5075559129907892,584,202309.0,platt
2023_10_GB_PIT,2023,10,202310,spread,home,0.4438356164383562,-120.0,0.5454545454545454,win,1.0,0.8333333333333334,0.8015321475485673,42.369494455239625,-3.0,38.5,0.5,584,0.49244408700921066,584,202309.0,platt
2023_10_GB_PIT,2023,10,202310,total,over,0.5260273972602739,-108.0,0.5192307692307693,win,1.0,0.925925925925926,0.8015321475485673,42.369494455239625,-3.0,38.5,0.5,600,0.5167939956895621,600,202309.0,platt
2023_10_GB_PIT,2023,10,202310,total,under,0.4739726027397261,-112.0,0.5283018867924528,loss,0.0,-1.0,0.8015321475485673,42.369494455239625,-3.0,38.5,0.5,600,0.4832060043104376,600,202309.0,platt
2023_10_HOU_CIN,2023,10,202310,spread,away,0.3917808219178081,-110.0,0.5238095238095238,win,1.0,0.9090909090909092,7.500510821596885,45.60538868802364,-5.5,46.0,0.448087431693989,584,0.48527266130929647,584,202309.0,platt
2023_10_HOU_CIN,2023,10,202310,spread,home,0.6082191780821918,-110.0,0.5238095238095238,loss,0.0,-1.0,7.500510821596885,45.60538868802364,-5.5,46.0,0.5519125683060109,584,0.5147273386907035,584,202309.0,platt
2023_10_HOU_CIN,2023,10,202310,total,over,0.3945205479452054,-110.0,0.5238095238095238,win,1.0,0.9090909090909092,7.500510821596885,45.60538868802364,-5.5,46.0,0.4210526315789473,600,0.4313749623814917,600,202309.0,platt
2023_10_HOU_CIN,2023,10,202310,total,under,0.6054794520547946,-110.0,0.5238095238095238,loss,0.0,-1.0,7.500510821596885,45.60538868802364,-5.5,46.0,0.5789473684210525,600,0.5686250376185079,600,202309.0,platt
2023_10_IND_NE,2023,10,202310,spread,away,0.3945205479452055,-110.0,0.5238095238095238,win,1.0,0.9090909090909092,0.9163376099928456,42.79892398870927,1.0,42.0,0.448087431693989,584,0.4856569554361563,584,202309.0,platt
2023_10_IND_NE,2023,10,202310,spread,home,0.6054794520547945,-110.0,0.5238095238095238,loss,0.0,-1.0,0.9163376099928456,42.79892398870927,1.0,42.0,0.5519125683060109,584,0.5143430445638437,584,202309.0,platt
2023_10_IND_NE,2023,10,202310,total,over,0.4356164383561643,-110.0,0.5238095238095238,loss,0.0,-1.0,0.9163376099928456,42.79892398870927,1.0,42.0,0.4210526315789473,600,0.458343873069841,600,202309.0,platt
2023_10_IND_NE,2023,10,202310,total,under,0.5643835616438356,-110.0,0.5238095238095238,win,1.0,0.9090909090909092,0.9163376099928456,42.79892398870927,1.0,42.0,0.5789473684210525,600,0.5416561269301586,600,202309.0,platt
2023_10_NO_MIN,2023,10,202310,spread,away,0.410958904109589,-105.0,0.5121951219512195,loss,0.0,-1.0,-1.637030825328876,44.463489393081424,3.0,41.0,0.448087431693989,584,0.4879445348525188,584,202309.0,platt
2023_10_NO_MIN,2023,10,202310,spread,home,0.589041095890411,-115.0,0.5348837209302325,win,1.0,0.8695652173913043,-1.637030825328876,44.463489393081424,3.0,41.0,0.5519125683060109,584,0.5120554651474811,584,202309.0,platt
2023_10_NO_MIN,2023,10,202310,total,over,0.5013698630136987,-108.0,0.5192307692307693,win,1.0,0.925925925925926,-1.637030825328876,44.463489393081424,3.0,41.0,0.5,600,0.5008834291738747,600,202309.0,platt
2023_10_NO_MIN,2023,10,202310,total,under,0.4986301369863013,-112.0,0.5283018867924528,loss,0.0,-1.0,-1.637030825328876,44.463489393081424,3.0,41.0,0.5,600,0.49911657082612504,600,202309.0,platt
2023_10_NYJ_LV,2023,10,202310,spread,away,0.221917808219178,-108.0,0.5192307692307693,loss,0.0,-1.0,6.62797150269895,39.22566251986537,1.0,35.5,0.448087431693989,584,0.4580800249370167,584,202309.0,platt
2023_10_NYJ_LV,2023,10,202310,spread,home,0.7780821917808219,-112.0,0.5283018867924528,win,1.0,0.8928571428571429,6.62797150269895,39.22566251986537,1.0,35.5,0.5519125683060109,584,0.5419199750629832,584,202309.0,platt
2023_10_NYJ_LV,2023,10,202310,total,over,0.5150684931506849,-108.0,0.5192307692307693,loss,0.0,-1.0,6.62797150269895,39.22566251986537,1.0,35.5,0.5,600,0.5097194258109307,600,202309.0,platt
2023_10_NYJ_LV,2023,10,202310,total,under,0.4849315068493151,-112.0,0.5283018867924528,win,1.0,0.8928571428571429,6.62797150269895,39.22566251986537,1.0,35.5,0.5,600,0.49028057418906906,600,202309.0,platt
2023_10_SF_JAX,2023,10,202310,spread,away,0.5342465753424658,-112.0,0.5283018867924528,win,1.0,0.8928571428571429,-4.962532358044593,44.02618211582303,3.0,44.5,0.5,584,0.5045952356192213,584,202309.0,platt
2023_10_SF_JAX,2023,10,202310,spread,home,0.4657534246575342,-108.0,0.5192307692307693,loss,0.0,-1.0,-4.962532358044593,44.02618211582303,3.0,44.5,0.5,584,0.4954047643807787,584,202309.0,platt
2023_10_SF_JAX,2023,10,202310,total,over,0.3890410958904109,-108.0,0.5192307692307693,loss,0.0,-1.0,-4.962532358044593,44.02618211582303,3.0,44.5,0.4210526315789473,600,0.4277411334645248,600,202309.0,platt
2023_10_SF_JAX,2023,10,202310,total,under,0.6109589041095891,-112.0,0.5283018867924528,win,1.0,0.8928571428571429,-4.962532358044593,44.02618211582303,3.0,44.5,0.5789473684210525,600,0.5722588665354749,600,202309.0,platt
2023_10_TEN_TB,2023,10,202310,spread,away,0.3287671232876712,-105.0,0.5121951219512195,loss,0.0,-1.0,6.397319271111206,49.29870939240387,-2.5,39.5,0.448087431693989,584,0.4761115637988804,584,202309.0,platt
2023_10_TEN_TB,2023,10,202310,spread,home,0.6712328767123288,-115.0,0.5348837209302325,win,1.0,0.8695652173913043,6.397319271111206,49.29870939240387,-2.5,39.5,0.5519125683060109,584,0.5238884362011196,584,202309.0,platt
2023_10_TEN_TB,2023,10,202310,total,over,0.7205479452054795,-110.0,0.5238095238095238,loss,0.0,-1.0,6.397319271111206,49.29870939240387,-2.5,39.5,0.6875,600,0.6481322563592272,600,202309.0,platt
2023_10_TEN_TB,2023,10,202310,total,under,0.2794520547945205,-110.0,0.5238095238095238,win,1.0,0.9090909090909092,6.397319271111206,49.29870939240387,-2.5,39.5,0.3125,600,0.3518677436407725,600,202309.0,platt
2023_10_WAS_SEA,2023,10,202310,spread,away,0.5095890410958904,-110.0,0.5238095238095238,win,1.0,0.9090909090909092,4.773551588926245,42.26058411869336,-6.0,44.0,0.5,584,0.5012848422796825,584,202309.0,platt
2023_10_WAS_SEA,2023,10,202310,spread,home,0.4904109589041096,-110.0,0.5238095238095238,loss,0.0,-1.0,4.773551588926245,42.26058411869336,-6.0,44.0,0.5,584,0.49871515772031744,584,202309.0,platt
2023_10_WAS_SEA,2023,10,202310,total,over,0.347945205479452,-108.0,0.5192307692307693,win,1.0,0.925925925925926,4.773551588926245,42.26058411869336,-6.0,44.0,0.4,600,0.4000990098261212,600,202309.0,platt
2023_10_WAS_SEA,2023,10,202310,total,under,0.6520547945205479,-112.0,0.5283018867924528,loss,0.0,-1.0,4.773551588926245,42.26058411869336,-6.0,44.0,0.6,600,0.5999009901738785,600,202309.0,platt
2023_11_ARI_HOU,2023,11,202311,spread,away,0.4523809523809523,-108.0,0.5192307692307693,win,1.0,0.925925925925926,5.845482333176648,47.813735585286295,-5.5,48.0,0.5,608,0.4946534873837597,608,202310.0,platt
2023_11_ARI_HOU,2023,11,202311,spread,home,0.5476190476190477,-112.0,0.5283018867924528,loss,0.0,-1.0,5.845482333176648,47.813735585286295,-5.5,48.0,0.5,608,0.5053465126162403,608,202310.0,platt
2023_11_ARI_HOU,2023,11,202311,total,over,0.4047619047619047,-110.0,0.5238095238095238,loss,0.0,-1.0,5.845482333176648,47.813735585286295,-5.5,48.0,0.4195402298850574,626,0.44364975137937385,626,202310.0,platt
2023_11_ARI_HOU,2023,11,202311,total,under,0.5952380952380952,-110.0,0.5238095238095238,win,1.0,0.9090909090909092,5.845482333176648,47.813735585286295,-5.5,48.0,0.5804597701149425,626,0.556350248620626,626,202310.0,platt
2023_11_CHI_DET,2023,11,202311,spread,away,0.4285714285714286,-110.0,0.5238095238095238,win,1.0,0.9090909090909092,9.044189484741551,48.56978701236992,-8.0,48.0,0.4647887323943662,608,0.49194985928274615,608,202310.0,platt
2023_11_CHI_DET,2023,11,202311,spread,home,0.5714285714285714,-110.0,0.5238095238095238,loss,0.0,-1.0,9.044189484741551,48.56978701236992,-8.0,48.0,0.5352112676056338,608,0.5080501407172539,608,202310.0,platt
2023_11_CHI_DET,2023,11,202311,total,over,0.4312169312169312,-110.0,0.5238095238095238,win,1.0,0.9090909090909092,9.044189484741551,48.56978701236992,-8.0,48.0,0.4195402298850574,626,0.4594597137611721,626,202310.0,platt
2023_11_CHI_DET,2023,11,202311,total,under,0.5687830687830688,-110.0,0.5238095238095238,loss,0.0,-1.0,9.044189484741551,48.56978701236992,-8.0,48.0,0.5804597701149425,626,0.5405402862388278,626,202310.0,platt
2023_11_CIN_BAL,2023,11,202311,spread,away,0.5105820105820106,-112.0,0.5283018867924528,loss,0.0,-1.0,2.948644379979955,44.171417804616375,-4.0,46.5,0.5,608,0.5011847328437552,608,202310.0,platt
2023_11_CIN_BAL,2023,11,202311,spread,home,0.4894179894179894,-108.0,0.5192307692307693,win,1.0,0.925925925925926,2.948644379979955,44.171417804616375,-4.0,46.5,0.5,608,0.4988152671562447,608,202310.0,platt
2023_11_CIN_BAL,2023,11,202311,total,over,0.3306878306878307,-108.0,0.5192307692307693,win,1.0,0.925925925925926,2.948644379979955,44.171417804616375,-4.0,46.5,0.3928571428571428,626,0.3979915673682507,626,202310.0,platt
2023_11_CIN_BAL,2023,11,202311,total,under,0.6693121693121693,-112.0,0.5283018867924528,loss,0.0,-1.0,2.948644379979955,44.171417804616375,-4.0,46.5,0.6071428571428571,626,0.6020084326317493,626,202310.0,platt
2023_11_DAL_CAR,2023,11,202311,spread,away,0.4285714285714286,-110.0,0.5238095238095238,win,1.0,0.9090909090909092,-10.012951515285506,42.601787466427744,11.0,43.0,0.4647887323943662,608,0.49194985928274615,608,202310.0,platt
2023_11_DAL_CAR,2023,11,202311,spread,home,0.5714285714285714,-110.0,0.5238095238095238,loss,0.0,-1.0,-10.012951515285506,42.601787466427744,11.0,43.0,0.5352112676056338,608,0.5080501407172539,608,202310.0,platt
2023_11_DAL_CAR,2023,11,202311,total,over,0.3968253968253968,-112.0,0.5283018867924528,push,,0.0,-10.012951515285506,42.601787466427744,11.0,43.0,0.4195402298850574,626,0.4388674041912622,626,202310.0,platt
2023_11_DAL_CAR,2023,11,202311,total,under,0.6031746031746033,-108.0,0.5192307692307693,push,,0.0,-10.012951515285506,42.601787466427744,11.0,43.0,0.5804597701149425,626,0.5611325958087379,626,202310.0,platt
2023_11_LAC_GB,2023,11,202311,spread,away,0.417989417989418,-110.0,0.5238095238095238,loss,0.0,-1.0,-1.5172952240046875,44.7895135066116,3.0,44.0,0.4647887323943662,608,0.4907370533510829,608,202310.0,platt
2023_11_LAC_GB,2023,11,202311,spread,home,0.582010582010582,-110.0,0.5238095238095238,win,1.0,0.9090909090909092,-1.5172952240046875,44.7895135066116,3.0,44.0,0.5352112676056338,608,0.509262946648917,608,202310.0,platt
2023_11_LAC_GB,2023,11,202311,total,over,0.4417989417989418,-112.0,0.5283018867924528,loss,0.0,-1.0,-1.5172952240046875,44.7895135066116,3.0,44.0,0.4195402298850574,626,0.4657374113431985,626,202310.0,platt
2023_11_LAC_GB,2023,11,202311,total,under,0.5582010582010581,-108.0,0.5192307692307693,win,1.0,0.925925925925926,-1.5172952240046875,44.7895135066116,3.0,44.0,0.5804597701149425,626,0.5342625886568013,626,202310.0,platt
2023_11_LV_MIA,2023,11,202311,spread,away,0.753968253968254,-110.0,0.5238095238095238,win,1.0,0.9090909090909092,5.709637339274731,40.084849485121794,-14.0,44.5,0.55,608,0.5312993420481795,608,202310.0,platt
2023_11_LV_MIA,2023,11,202311,spread,home,0.246031746031746,-110.0,0.5238095238095238,loss,0.0,-1.0,5.709637339274731,40.084849485121794,-14.0,44.5,0.45,608,0.4687006579518205,608,202310.0,platt
2023_11_LV_MIA,2023,11,202311,total,over,0.2936507936507936,-110.0,0.5238095238095238,loss,0.0,-1.0,5.709637339274731,40.084849485121794,-14.0,44.5,0.3529411764705882,626,0.37398178019788375,626,202310.0,platt
2023_11_LV_MIA,2023,11,202311,total,under,0.7063492063492063,-110.0,0.5238095238095238,win,1.0,0.9090909090909092,5.709637339274731,40.084849485121794,-14.0,44.5,0.6470588235294118,626,0.6260182198021161,626,202310.0,platt
2023_11_MIN_DEN,2023,11,202311,spread,away,0.6957671957671958,-102.0,0.504950495049505,win,1.0,0.9803921568627452,-3.8916702686231615,42.165784892003146,-2.5,43.5,0.55,608,0.5231334312542987,608,202310.0,platt
2023_11_MIN_DEN,2023,11,202311,spread,home,0.3042328042328042,-118.0,0.5412844036697247,loss,0.0,-1.0,-3.8916702686231615,42.165784892003146,-2.5,43.5,0.45,608,0.4768665687457014,608,202310.0,platt
2023_11_MIN_DEN,2023,11,202311,total,over,0.365079365079365,-105.0,0.5121951219512195,loss,0.0,-1.0,-3.8916702686231615,42.165784892003146,-2.5,43.5,0.4195402298850574,626,0.41950477715167134,626,202310.0,platt
2023_11_MIN_DEN,2023,11,202311,total,under,0.6349206349206349,-115.0,0.5348837209302325,win,1.0,0.8695652173913043,-3.8916702686231615,42.165784892003146,-2.5,43.5,0.5804597701149425,626,0.5804952228483286,626,202310.0,platt
2023_11_NYG_WAS,2023,11,202311,spread,away,0.6216931216931216,-110.0,0.5238095238095238,win,1.0,0.9090909090909092,3.4235164896917967,37.50138444700176,-7.5,39.0,0.55,608,0.5138978054164274,608,202310.0,platt
2023_11_NYG_WAS,2023,11,202311,spread,home,0.3783068783068783,-110.0,0.5238095238095238,loss,0.0,-1.0,3.4235164896917967,37.50138444700176,-7.5,39.0,0.45,608,0.48610219458357273,608,202310.0,platt
2023_11_NYG_WAS,2023,11,202311,total,over,0.3597883597883597,-110.0,0.5238095238095238,win,1.0,0.9090909090909092,3.4235164896917967,37.50138444700176,-7.5,39.0,0.4195402298850574,626,0.41623553707732763,626,202310.0,platt
2023_11_NYG_WAS,2023,11,202311,total,under,0.6402116402116402,-110.0,0.5238095238095238,loss,0.0,-1.0,3.4235164896917967,37.50138444700176,-7.5,39.0,0.5804597701149425,626,0.5837644629226723,626,202310.0,platt
2023_11_NYJ_BUF,2023,11,202311,spread,away,0.2751322751322751,-108.0,0.5192307692307693,loss,0.0,-1.0,13.763152067182943,38.05111234420472,-8.0,39.5,0.45,608,0.4729162444461308,608,202310.0,platt
2023_11_NYJ_BUF,2023,11,202311,spread,home,0.7248677248677249,-112.0,0.5283018867924528,win,1.0,0.8928571428571429,13.763152067182943,38.05111234420472,-8.0,39.5,0.55,608,0.5270837555538692,608,202310.0,platt
2023_11_NYJ_BUF,2023,11,202311,total,over,0.3597883597883597,-108.0,0.5192307692307693,loss,0.0,-1.0,13.763152067182943,38.05111234420472,-8.0,39.5,0.4195402298850574,626,0.41623553707732763,626,202310.0,platt
2023_11_NYJ_BUF,2023,11,202311,total,under,0.6402116402116402,-112.0,0.5283018867924528,win,1.0,0.8928571428571429,13.763152067182943,38.05111234420472,-8.0,39.5,0.5804597701149425,626,0.5837644629226723,626,202310.0,platt
2023_11_PHI_KC,2023,11,202311,spread,away,0.3518518518518518,100.0,0.5,win,1.0,1.0,5.516441716295621,46.456264849746994,-2.5,46.0,0.45,608,0.4829102551138196,608,202310.0,platt
2023_11_PHI_KC,2023,11,202311,spread,home,0.6481481481481481,-120.0,0.5454545454545454,loss,0.0,-1.0,5.516441716295621,46.456264849746994,-2.5,46.0,0.55,608,0.5170897448861804,608,202310.0,platt
2023_11_PHI_KC,2023,11,202311,total,over,0.4312169312169312,-112.0,0.5283018867924528,loss,0.0,-1.0,5.516441716295621,46.456264849746994,-2.5,46.0,0.4195402298850574,626,0.4594597137611721,626,202310.0,platt
2023_11_PHI_KC,2023,11,202311,total,under,0.5687830687830688,-108.0,0.5192307692307693,win,1.0,0.925925925925926,5.516441716295621,46.456264849746994,-2.5,46.0,0.5804597701149425,626,0.5405402862388278,626,202310.0,platt
2023_11_SEA_LA,2023,11,202311,spread,away,0.6878306878306879,-110.0,0.5238095238095238,win,1.0,0.9090909090909092,-3.3814338415779392,48.44591209183926,-2.5,45.0,0.55,608,0.5220938168405957,608,202310.0,platt
2023_11_SEA_LA,2023,11,202311,spread,home,0.3121693121693121,-110.0,0.5238095238095238,loss,0.0,-1.0,-3.3814338415779392,48.44591209183926,-2.5,45.0,0.45,608,0.4779061831594043,608,202310.0,platt
2023_11_SEA_LA,2023,11,202311,total,over,0.5052910052910053,-112.0,0.5283018867924528,loss,0.0,-1.0,-3.3814338415779392,48.44591209183926,-2.5,45.0,0.5,626,0.5031056047012671,626,202310.0,platt
2023_11_SEA_LA,2023,11,202311,total,under,0.4947089947089946,-108.0,0.5192307692307693,win,1.0,0.925925925925926,-3.3814338415779392,48.44591209183926,-2.5,45.0,0.5,626,0.4968943952987328,626,202310.0,platt
2023_11_TB_SF,2023,11,202311,spread,away,0.5211640211640212,-110.0,0.5238095238095238,win,1.0,0.9090909090909092,12.056202305245648,47.83718071701725,-13.5,41.5,0.5,608,0.5023705149531219,608,202310.0,platt
2023_11_TB_SF,2023,11,202311,spread,home,0.4788359788359788,-110.0,0.5238095238095238,loss,0.0,-1.0,12.056202305245648,47.83718071701725,-13.5,41.5,0.5,608,0.49762948504687815,608,202310.0,platt
2023_11_TB_SF,2023,11,202311,total,over,0.6216931216931217,-112.0,0.5283018867924528,loss,0.0,-1.0,12.056202305245648,47.83718071701725,-13.5,41.5,0.5804597701149425,626,0.5723778916356209,626,202310.0,platt
2023_11_TB_SF,2023,11,202311,total,under,0.3783068783068782,-108.0,0.5192307692307693,win,1.0,0.925925925925926,12.056202305245648,47.83718071701725,-13.5,41.5,0.4195402298850574,626,0.42762210836437886,626,202310.0,platt
2023_11_TEN_JAX,2023,11,202311,spread,away,0.4126984126984127,-105.0,0.5121951219512195,loss,0.0,-1.0,8.073433064104062,44.90531267679247,-6.5,40.0,0.4647887323943662,608,0.49012751135748206,608,202310.0,platt
2023_11_TEN_JAX,2023,11,202311,spread,home,0.5873015873015873,-115.0,0.5348837209302325,win,1.0,0.8695652173913043,8.073433064104062,44.90531267679247,-6.5,40.0,0.5352112676056338,608,0.5098724886425181,608,202310.0,platt
2023_11_TEN_JAX,2023,11,202311,total,over,0.5767195767195767,-110.0,0.5238095238095238,win,1.0,0.9090909090909092,8.073433064104062,44.90531267679247,-6.5,40.0,0.5804597701149425,626,0.5452643686433423,626,202310.0,platt
2023_11_TEN_JAX,2023,11,202311,total,under,0.4232804232804232,-110.0,0.5238095238095238,loss,0.0,-1.0,8.073433064104062,44.90531267679247,-6.5,40.0,0.4195402298850574,626,0.45473563135665757,626,202310.0,platt
2023_12_BAL_LAC,2023,12,202312,spread,away,0.4424552429667518,-115.0,0.5348837209302325,win,1.0,0.8695652173913043,-2.449079067107662,50.013374165044944,3.0,49.0,0.5,634,0.48893114806126936,634,202311.0,platt
2023_12_BAL_LAC,2023,12,202312,spread,home,0.5575447570332481,-105.0,0.5121951219512195,loss,0.0,-1.0,-2.449079067107662,50.013374165044944,3.0,49.0,0.5,634,0.5110688519387308,634,202311.0,platt
2023_12_BAL_LAC,2023,12,202312,total,over,0.4501278772378516,-110.0,0.5238095238095238,loss,0.0,-1.0,-2.449079067107662,50.013374165044944,3.0,49.0,0.5,650,0.47019838188152097,650,202311.0,platt
2023_12_BAL_LAC,2023,12,202312,total,under,0.5498721227621484,-110.0,0.5238095238095238,win,1.0,0.9090909090909092,-2.449079067107662,50.013374165044944,3.0,49.0,0.5,650,0.5298016181184788,650,202311.0,platt
2023_12_BUF_PHI,2023,12,202312,spread,away,0.6982097186700768,-105.0,0.5121951219512195,loss,0.0,-1.0,-3.7960031811748,46.73571744046124,-2.5,49.0,0.5689655172413793,634,0.5400772852553395,634,202311.0,platt
2023_12_BUF_PHI,2023,12,202312,spread,home,0.3017902813299232,-115.0,0.5348837209302325,win,1.0,0.8695652173913043,-3.7960031811748,46.73571744046124,-2.5,49.0,0.4310344827586206,634,0.4599227147446605,634,202311.0,platt
2023_12_BUF_PHI,2023,12,202312,total,over,0.3324808184143222,-112.0,0.5283018867924528,win,1.0,0.8928571428571429,-3.7960031811748,46.73571744046124,-2.5,49.0,0.4137931034482758,650,0.3975703255024838,650,202311.0,platt
2023_12_BUF_PHI,2023,12,202312,total,under,0.6675191815856778,-108.0,0.5192307692307693,loss,0.0,-1.0,-3.7960031811748,46.73571744046124,-2.5,49.0,0.5862068965517241,650,0.6024296744975159,650,202311.0,platt
2023_12_CAR_TEN,2023,12,202312,spread,away,0.5626598465473146,-112.0,0.5283018867924528,loss,0.0,-1.0,1.1983606407472622,39.26844352873659,-3.5,36.0,0.5,634,0.5120623908438341,634,202311.0,platt
2023_12_CAR_TEN,2023,12,202312,spread,home,0.4373401534526854,-105.0,0.5121951219512195,win,1.0,0.9523809523809524,1.1983606407472622,39.26844352873659,-3.5,36.0,0.5,634,0.48793760915616596,634,202311.0,platt
2023_12_CAR_TEN,2023,12,202312,total,over,0.5063938618925832,-108.0,0.5192307692307693,loss,0.0,-1.0,1.1983606407472622,39.26844352873659,-3.5,36.0,0.5,650,0.503812668763112,650,202311.0,platt
2023_12_CAR_TEN,2023,12,202312,total,under,0.4936061381074168,-112.0,0.5283018867924528,win,1.0,0.8928571428571429,1.1983606407472622,39.26844352873659,-3.5,36.0,0.5,650,0.4961873312368878,650,202311.0,platt
2023_12_CHI_MIN,2023,12,202312,spread,away,0.3887468030690537,-105.0,0.5121951219512195,win,1.0,0.9523809523809524,5.138304150527278,44.57224634420798,-3.0,43.5,0.4406779661016949,634,0.4783426339273074,634,202311.0,platt
2023_12_CHI_MIN,2023,12,202312,spread,home,0.6112531969309463,-115.0,0.5348837209302325,loss,0.0,-1.0,5.138304150527278,44.57224634420798,-3.0,43.5,0.559322033898305,634,0.5216573660726926,634,202311.0,platt
2023_12_CHI_MIN,2023,12,202312,total,over,0.4501278772378516,-110.0,0.5238095238095238,loss,0.0,-1.0,5.138304150527278,44.57224634420798,-3.0,43.5,0.5,650,0.47019838188152097,650,202311.0,platt
2023_12_CHI_MIN,2023,12,202312,total,under,0.5498721227621484,-110.0,0.5238095238095238,win,1.0,0.9090909090909092,5.138304150527278,44.57224634420798,-3.0,43.5,0.5,650,0.5298016181184788,650,202311.0,platt
2023_12_CLE_DEN,2023,12,202312,spread,away,0.6751918158567776,-110.0,0.5238095238095238,loss,0.0,-1.0,-3.858608665305441,34.96213467619448,-1.5,37.5,0.5689655172413793,634,0.5349815420782669,634,202311.0,platt
2023_12_CLE_DEN,2023,12,202312,spread,home,0.3248081841432225,-110.0,0.5238095238095238,win,1.0,0.9090909090909092,-3.858608665305441,34.96213467619448,-1.5,37.5,0.4310344827586206,634,0.4650184579217332,634,202311.0,platt
2023_12_CLE_DEN,2023,12,202312,total,over,0.3273657289002558,-110.0,0.5238095238095238,win,1.0,0.9090909090909092,-3.858608665305441,34.96213467619448,-1.5,37.5,0.4137931034482758,650,0.39427063673311136,650,202311.0,platt
2023_12_CLE_DEN,2023,12,202312,total,under,0.6726342710997442,-110.0,0.5238095238095238,loss,0.0,-1.0,-3.858608665305441,34.96213467619448,-1.5,37.5,0.5862068965517241,650,0.6057293632668884,650,202311.0,platt
2023_12_GB_DET,2023,12,202312,spread,away,0.5115089514066495,-105.0,0.5121951219512195,win,1.0,0.9523809523809524,7.383205022913592,50.96004794779334,-8.5,47.0,0.5,634,0.5022046966651368,634,202311.0,platt
2023_12_GB_DET,2023,12,202312,spread,home,0.4884910485933504,-115.0,0.5348837209302325,loss,0.0,-1.0,7.383205022913592,50.96004794779334,-8.5,47.0,0.5,634,0.49779530333486316,634,202311.0,platt
2023_12_GB_DET,2023,12,202312,total,over,0.5345268542199488,-112.0,0.5283018867924528,win,1.0,0.8928571428571429,7.383205022913592,50.96004794779334,-8.5,47.0,0.5,650,0.5206088229009194,650,202311.0,platt
2023_12_GB_DET,2023,12,202312,total,under,0.4654731457800511,-108.0,0.5192307692307693,loss,0.0,-1.0,7.383205022913592,50.96004794779334,-8.5,47.0,0.5,650,0.4793911770990804,650,202311.0,platt
2023_12_JAX_HOU,2023,12,202312,spread,away,0.4322250639386189,-110.0,0.5238095238095238,win,1.0,0.9090909090909092,-0.0982141009707551,47.46844094721689,1.0,48.0,0.4666666666666667,634,0.48694157420506323,634,202311.0,platt
2023_12_JAX_HOU,2023,12,202312,spread,home,0.5677749360613811,-110.0,0.5238095238095238,loss,0.0,-1.0,-0.0982141009707551,47.46844094721689,1.0,48.0,0.5333333333333333,634,0.5130584257949368,634,202311.0,platt
2023_12_JAX_HOU,2023,12,202312,total,over,0.3861892583120204,-112.0,0.5283018867924528,loss,0.0,-1.0,-0.0982141009707551,47.46844094721689,1.0,48.0,0.4153005464480874,650,0.43136308414732,650,202311.0,platt
2023_12_JAX_HOU,2023,12,202312,total,under,0.6138107416879796,-108.0,0.5192307692307693,win,1.0,0.925925925925926,-0.0982141009707551,47.46844094721689,1.0,48.0,0.5846994535519126,650,0.5686369158526797,650,202311.0,platt
2023_12_KC_LV,2023,12,202312,spread,away,0.350383631713555,-110.0,0.5238095238095238,win,1.0,0.9090909090909092,-6.032716603032602,44.11026156284285,9.0,42.5,0.4406779661016949,634,0.47047380989920545,634,202311.0,platt
2023_12_KC_LV,2023,12,202312,spread,home,0.649616368286445,-110.0,0.5238095238095238,loss,0.0,-1.0,-6.032716603032602,44.11026156284285,9.0,42.5,0.559322033898305,634,0.5295261901007945,634,202311.0,platt
2023_12_KC_LV,2023,12,202312,total,over,0.4629156010230179,-108.0,0.5192307692307693,win,1.0,0.925925925925926,-6.032716603032602,44.11026156284285,9.0,42.5,0.5,650,0.47786110123217856,650,202311.0,platt
2023_12_KC_LV,2023,12,202312,total,under,0.5370843989769821,-112.0,0.5283018867924528,loss,0.0,-1.0,-6.032716603032602,44.11026156284285,9.0,42.5,0.5,650,0.5221388987678213,650,202311.0,platt
2023_12_LA_ARI,2023,12,202312,spread,away,0.4194373401534527,-105.0,0.5121951219512195,win,1.0,0.9523809523809524,-1.6949303204111594,42.843581805172526,3.0,45.0,0.4666666666666667,634,0.4844391266289883,634,202311.0,platt
2023_12_LA_ARI,2023,12,202312,spread,home,0.5805626598465473,-115.0,0.5348837209302325,loss,0.0,-1.0,-1.6949303204111594,42.843581805172526,3.0,45.0,0.5333333333333333,634,0.5155608733710118,634,202311.0,platt
2023_12_LA_ARI,2023,12,202312,total,over,0.3350383631713555,-108.0,0.5192307692307693,win,1.0,0.925925925925926,-1.6949303204111594,42.843581805172526,3.0,45.0,0.4137931034482758,650,0.3992140706601218,650,202311.0,platt
2023_12_LA_ARI,2023,12,202312,total,under,0.6649616368286445,-112.0,0.5283018867924528,loss,0.0,-1.0,-1.6949303204111594,42.843581805172526,3.0,45.0,0.5862068965517241,650,0.600785929339878,650,202311.0,platt
2023_12_MIA_NYJ,2023,12,202312,spread,away,0.5473145780051151,-120.0,0.5454545454545454,win,1.0,0.8333333333333334,-11.532468040894551,36.00858763875962,9.5,40.0,0.5,634,0.5090884056000597,634,202311.0,platt
2023_12_MIA_NYJ,2023,12,202312,spread,home,0.4526854219948849,100.0,0.5,loss,0.0,-1.0,-11.532468040894551,36.00858763875962,9.5,40.0,0.5,634,0.49091159439994025,634,202311.0,platt
2023_12_MIA_NYJ,2023,12,202312,total,over,0.2941176470588235,-110.0,0.5238095238095238,win,1.0,0.9090909090909092,-11.532468040894551,36.00858763875962,9.5,40.0,0.3333333333333333,650,0.3723788687453795,650,202311.0,platt
2023_12_MIA_NYJ,2023,12,202312,total,under,0.7058823529411764,-110.0,0.5238095238095238,loss,0.0,-1.0,-11.532468040894551,36.00858763875962,9.5,40.0,0.6666666666666666,650,0.6276211312546202,650,202311.0,platt
2023_12_NE_NYG,2023,12,202312,spread,away,0.350383631713555,-108.0,0.5192307692307693,loss,0.0,-1.0,-1.3946993798908116,38.1248335701181,4.5,36.5,0.4406779661016949,634,0.47047380989920545,634,202311.0,platt
2023_12_NE_NYG,2023,12,202312,spread,home,0.649616368286445,-112.0,0.5283018867924528,win,1.0,0.8928571428571429,-1.3946993798908116,38.1248335701181,4.5,36.5,0.559322033898305,634,0.5295261901007945,634,202311.0,platt
2023_12_NE_NYG,2023,12,202312,total,over,0.4629156010230179,-115.0,0.5348837209302325,loss,0.0,-1.0,-1.3946993798908116,38.1248335701181,4.5,36.5,0.5,650,0.47786110123217856,650,202311.0,platt
2023_12_NE_NYG,2023,12,202312,total,under,0.5370843989769821,-105.0,0.5121951219512195,win,1.0,0.9523809523809524,-1.3946993798908116,38.1248335701181,4.5,36.5,0.5,650,0.5221388987678213,650,202311.0,platt
2023_12_NO_ATL,2023,12,202312,spread,away,0.4654731457800511,-110.0,0.5238095238095238,loss,0.0,-1.0,-1.900081085560672,45.1299680781478,2.0,42.0,0.5,634,0.49337688152862275,634,202311.0,platt
2023_12_NO_ATL,2023,12,202312,spread,home,0.5345268542199488,-110.0,0.5238095238095238,win,1.0,0.9090909090909092,-1.900081085560672,45.1299680781478,2.0,42.0,0.5,634,0.5066231184713773,634,202311.0,platt
2023_12_NO_ATL,2023,12,202312,total,over,0.5038363171355499,-110.0,0.5238095238095238,loss,0.0,-1.0,-1.900081085560672,45.1299680781478,2.0,42.0,0.5,650,0.5022875498246752,650,202311.0,platt
2023_12_NO_ATL,2023,12,202312,total,under,0.4961636828644501,-110.0,0.5238095238095238,win,1.0,0.9090909090909092,-1.900081085560672,45.1299680781478,2.0,42.0,0.5,650,0.49771245017532467,650,202311.0,platt
2023_12_SF_SEA,2023,12,202312,spread,away,0.4757033248081841,-112.0,0.5283018867924528,win,1.0,0.8928571428571429,-7.429668978364225,46.029454896471066,7.0,43.5,0.5,634,0.49534289896614614,634,202311.0,platt
2023_12_SF_SEA,2023,12,202312,spread,home,0.5242966751918159,-108.0,0.5192307692307693,loss,0.0,-1.0,-7.429668978364225,46.029454896471066,7.0,43.5,0.5,634,0.504657101033854,634,202311.0,platt
2023_12_SF_SEA,2023,12,202312,total,over,0.4782608695652174,-105.0,0.5121951219512195,win,1.0,0.9523809523809524,-7.429668978364225,46.029454896471066,7.0,43.5,0.5,650,0.48703211316539446,650,202311.0,platt
2023_12_SF_SEA,2023,12,202312,total,under,0.5217391304347826,-115.0,0.5348837209302325,loss,0.0,-1.0,-7.429668978364225,46.029454896471066,7.0,43.5,0.5,650,0.5129678868346054,650,202311.0,platt
2023_12_TB_IND,2023,12,202312,spread,away,0.5805626598465473,-105.0,0.5121951219512195,loss,0.0,-1.0,-0.3406820473944005,48.59997522280689,-2.5,45.0,0.5333333333333333,634,0.5155608733710118,634,202311.0,platt
2023_12_TB_IND,2023,12,202312,spread,home,0.4194373401534527,-115.0,0.5348837209302325,win,1.0,0.8695652173913043,-0.3406820473944005,48.59997522280689,-2.5,45.0,0.4666666666666667,634,0.4844391266289883,634,202311.0,platt
2023_12_TB_IND,2023,12,202312,total,over,0.5140664961636828,-108.0,0.5192307692307693,win,1.0,0.925925925925926,-0.3406820473944005,48.59997522280689,-2.5,45.0,0.5,650,0.5083890031887373,650,202311.0,platt
2023_12_TB_IND,2023,12,202312,total,under,0.4859335038363171,-112.0,0.5283018867924528,loss,0.0,-1.0,-0.3406820473944005,48.59997522280689,-2.5,45.0,0.5,650,0.4916109968112626,650,202311.0,platt
2023_12_WAS_DAL,2023,12,202312,spread,away,0.6163682864450128,-110.0,0.5238095238095238,loss,0.0,-1.0,9.002952498337857,48.68883629393023,-13.0,48.0,0.559322033898305,634,0.5226885771339908,634,202311.0,platt
2023_12_WAS_DAL,2023,12,202312,spread,home,0.3836317135549872,-110.0,0.5238095238095238,win,1.0,0.9090909090909092,9.002952498337857,48.68883629393023,-13.0,48.0,0.4406779661016949,634,0.47731142286600925,634,202311.0,platt
2023_12_WAS_DAL,2023,12,202312,total,over,0.4347826086956521,-110.0,0.5238095238095238,win,1.0,0.9090909090909092,9.002952498337857,48.68883629393023,-13.0,48.0,0.4153005464480874,650,0.46096890227694903,650,202311.0,platt
2023_12_WAS_DAL,2023,12,202312,total,under,0.5652173913043479,-112.0,0.5283018867924528,loss,0.0,-1.0,9.002952498337857,48.68883629393023,-13.0,48.0,0.5846994535519126,650,0.5390310977230508,650,202311.0,platt
2023_13_ARI_PIT,2023,13,202313,spread,away,0.3423645320197044,-105.0,0.5121951219512195,win,1.0,0.9523809523809524,9.42908389682238,40.11782022253797,-6.0,41.0,0.45,664,0.4836076531188156,664,202312.0,platt
2023_13_ARI_PIT,2023,13,202313,spread,home,0.6576354679802956,-115.0,0.5348837209302325,loss,0.0,-1.0,9.42908389682238,40.11782022253797,-6.0,41.0,0.55,664,0.5163923468811844,664,202312.0,platt
2023_13_ARI_PIT,2023,13,202313,total,over,0.3768472906403941,-108.0,0.5192307692307693,loss,0.0,-1.0,9.42908389682238,40.11782022253797,-6.0,41.0,0.424390243902439,680,0.4374720879650473,680,202312.0,platt
2023_13_ARI_PIT,2023,13,202313,total,under,0.6231527093596059,-112.0,0.5283018867924528,win,1.0,0.8928571428571429,9.42908389682238,40.11782022253797,-6.0,41.0,0.5756097560975609,680,0.5625279120349527,680,202312.0,platt
2023_13_ATL_NYJ,2023,13,202313,spread,away,0.6773399014778325,-108.0,0.5192307692307693,win,1.0,0.925925925925926,-7.487419478834372,33.04258667027615,2.0,33.0,0.55,664,0.518620311790699,664,202312.0,platt
2023_13_ATL_NYJ,2023,13,202313,spread,home,0.3226600985221675,-112.0,0.5283018867924528,loss,0.0,-1.0,-7.487419478834372,33.04258667027615,2.0,33.0,0.45,664,0.48137968820930094,664,202312.0,platt
2023_13_ATL_NYJ,2023,13,202313,total,over,0.4211822660098522,-110.0,0.5238095238095238,loss,0.0,-1.0,-7.487419478834372,33.04258667027615,2.0,33.0,0.424390243902439,680,0.46035075337102493,680,202312.0,platt
2023_13_ATL_NYJ,2023,13,202313,total,under,0.5788177339901478,-110.0,0.5238095238095238,win,1.0,0.9090909090909092,-7.487419478834372,33.04258667027615,2.0,33.0,0.5756097560975609,680,0.539649246628975,680,202312.0,platt
2023_13_CAR_TB,2023,13,202313,spread,away,0.3768472906403941,-110.0,0.5238095238095238,win,1.0,0.9090909090909092,6.45147068032152,41.77722030103929,-4.0,37.0,0.4576271186440678,664,0.4873681424525768,664,202312.0,platt
2023_13_CAR_TB,2023,13,202313,spread,home,0.6231527093596059,-110.0,0.5238095238095238,loss,0.0,-1.0,6.45147068032152,41.77722030103929,-4.0,37.0,0.5423728813559321,664,0.5126318575474231,664,202312.0,platt
2023_13_CAR_TB,2023,13,202313,total,over,0.5738916256157636,-110.0,0.5238095238095238,win,1.0,0.9090909090909092,6.45147068032152,41.77722030103929,-4.0,37.0,0.5756097560975609,680,0.5371427141625201,680,202312.0,platt
2023_13_CAR_TB,2023,13,202313,total,under,0.4261083743842364,-110.0,0.5238095238095238,loss,0.0,-1.0,6.45147068032152,41.77722030103929,-4.0,37.0,0.424390243902439,680,0.4628572858374798,680,202312.0,platt
2023_13_CLE_LA,2023,13,202313,spread,away,0.5738916256157636,-110.0,0.5238095238095238,loss,0.0,-1.0,0.780507793450042,45.27843318356855,-3.5,39.5,0.5128205128205128,664,0.5074790815901651,664,202312.0,platt
2023_13_CLE_LA,2023,13,202313,spread,home,0.4261083743842364,-110.0,0.5238095238095238,win,1.0,0.9090909090909092,0.780507793450042,45.27843318356855,-3.5,39.5,0.4871794871794871,664,0.492520918409835,664,202312.0,platt
2023_13_CLE_LA,2023,13,202313,total,over,0.6108374384236454,-110.0,0.5238095238095238,win,1.0,0.9090909090909092,0.780507793450042,45.27843318356855,-3.5,39.5,0.5756097560975609,680,0.556106187875932,680,202312.0,platt
2023_13_CLE_LA,2023,13,202313,total,under,0.3891625615763546,-110.0,0.5238095238095238,loss,0.0,-1.0,0.780507793450042,45.27843318356855,-3.5,39.5,0.424390243902439,680,0.44389381212406787,680,202312.0,platt
2023_13_DEN_HOU,2023,13,202313,spread,away,0.4729064039408867,-122.0,0.5495495495495496,loss,0.0,-1.0,3.256705129726712,49.590628685322784,-3.5,47.5,0.5000000000000001,664,0.49727490638301713,664,202312.0,platt
2023_13_DEN_HOU,2023,13,202313,spread,home,0.5270935960591133,102.0,0.495049504950495,win,1.0,1.02,3.256705129726712,49.590628685322784,-3.5,47.5,0.5000000000000001,664,0.5027250936169829,664,202312.0,platt
2023_13_DEN_HOU,2023,13,202313,total,over,0.4778325123152709,-110.0,0.5238095238095238,loss,0.0,-1.0,3.256705129726712,49.590628685322784,-3.5,47.5,0.5,680,0.4889129173125779,680,202312.0,platt
2023_13_DEN_HOU,2023,13,202313,total,under,0.5221674876847291,-110.0,0.5238095238095238,win,1.0,0.9090909090909092,3.256705129726712,49.590628685322784,-3.5,47.5,0.5,680,0.5110870826874221,680,202312.0,platt
2023_13_DET_NO,2023,13,202313,spread,away,0.3768472906403941,-110.0,0.5238095238095238,win,1.0,0.9090909090909092,-1.479810986158087,48.45390965903339,4.0,47.5,0.4576271186440678,664,0.4873681424525768,664,202312.0,platt
2023_13_DET_NO,2023,13,202313,spread,home,0.6231527093596059,-110.0,0.5238095238095238,loss,0.0,-1.0,-1.479810986158087,48.45390965903339,4.0,47.5,0.5423728813559321,664,0.5126318575474231,664,202312.0,platt
2023_13_DET_NO,2023,13,202313,total,over,0.4507389162561576,-112.0,0.5283018867924528,win,1.0,0.8928571428571429,-1.479810986158087,48.45390965903339,4.0,47.5,0.4814814814814814,680,0.4753140951304941,680,202312.0,platt
2023_13_DET_NO,2023,13,202313,total,under,0.5492610837438423,-108.0,0.5192307692307693,loss,0.0,-1.0,-1.479810986158087,48.45390965903339,4.0,47.5,0.5185185185185186,680,0.5246859048695058,680,202312.0,platt
2023_13_IND_TEN,2023,13,202313,spread,away,0.4679802955665024,-110.0,0.5238095238095238,win,1.0,0.9090909090909092,-1.3830686880497791,41.70698243938024,1.5,42.0,0.5000000000000001,664,0.4967781930042068,664,202312.0,platt
2023_13_IND_TEN,2023,13,202313,spread,home,0.5320197044334976,-110.0,0.5238095238095238,loss,0.0,-1.0,-1.3830686880497791,41.70698243938024,1.5,42.0,0.5000000000000001,664,0.5032218069957932,664,202312.0,platt
2023_13_IND_TEN,2023,13,202313,total,over,0.3990147783251231,-112.0,0.5283018867924528,win,1.0,0.8928571428571429,-1.3830686880497791,41.70698243938024,1.5,42.0,0.424390243902439,680,0.4489913437709435,680,202312.0,platt
2023_13_IND_TEN,2023,13,202313,total,under,0.6009852216748768,-108.0,0.5192307692307693,loss,0.0,-1.0,-1.3830686880497791,41.70698243938024,1.5,42.0,0.5756097560975609,680,0.5510086562290564,680,202312.0,platt
2023_13_KC_GB,2023,13,202313,spread,away,0.4679802955665024,-118.0,0.5412844036697247,loss,0.0,-1.0,-5.617719739217889,44.10951863516717,5.5,43.5,0.5000000000000001,664,0.4967781930042068,664,202312.0,platt
2023_13_KC_GB,2023,13,202313,spread,home,0.5320197044334976,-102.0,0.504950495049505,win,1.0,0.9803921568627452,-5.617719739217889,44.10951863516717,5.5,43.5,0.5000000000000001,664,0.5032218069957932,664,202312.0,platt
2023_13_KC_GB,2023,13,202313,total,over,0.4334975369458128,-115.0,0.5348837209302325,win,1.0,0.8695652173913043,-5.617719739217889,44.10951863516717,5.5,43.5,0.424390243902439,680,0.46660674443329103,680,202312.0,platt
2023_13_KC_GB,2023,13,202313,total,under,0.5665024630541872,-105.0,0.5121951219512195,loss,0.0,-1.0,-5.617719739217889,44.10951863516717,5.5,43.5,0.5756097560975609,680,0.533393255566709,680,202312.0,platt
2023_13_LAC_NE,2023,13,202313,spread,away,0.3497536945812808,-110.0,0.5238095238095238,win,1.0,0.9090909090909092,-1.3144921268593242,43.19588591989736,4.5,38.5,0.4576271186440678,664,0.4844270762648678,664,202312.0,platt
2023_13_LAC_NE,2023,13,202313,spread,home,0.6502463054187192,-110.0,0.5238095238095238,loss,0.0,-1.0,-1.3144921268593242,43.19588591989736,4.5,38.5,0.5423728813559321,664,0.5155729237351323,664,202312.0,platt
2023_13_LAC_NE,2023,13,202313,total,over,0.5714285714285714,-112.0,0.5283018867924528,loss,0.0,-1.0,-1.3144921268593242,43.19588591989736,4.5,38.5,0.5756097560975609,680,0.5358915657392351,680,202312.0,platt
2023_13_LAC_NE,2023,13,202313,total,under,0.4285714285714286,-108.0,0.5192307692307693,win,1.0,0.925925925925926,-1.3144921268593242,43.19588591989736,4.5,38.5,0.424390243902439,680,0.46410843426076476,680,202312.0,platt
2023_13_MIA_WAS,2023,13,202313,spread,away,0.4014778325123153,-112.0,0.5283018867924528,win,1.0,0.8928571428571429,-6.689890585169147,45.19652582516463,8.5,50.0,0.4871794871794871,664,0.4899703274673231,664,202312.0,platt
2023_13_MIA_WAS,2023,13,202313,spread,home,0.5985221674876847,-108.0,0.5192307692307693,loss,0.0,-1.0,-6.689890585169147,45.19652582516463,8.5,50.0,0.5128205128205128,664,0.510029672532677,664,202312.0,platt
2023_13_MIA_WAS,2023,13,202313,total,over,0.2881773399014778,-110.0,0.5238095238095238,win,1.0,0.9090909090909092,-6.689890585169147,45.19652582516463,8.5,50.0,0.3684210526315789,680,0.3888758008001029,680,202312.0,platt
2023_13_MIA_WAS,2023,13,202313,total,under,0.7118226600985222,-110.0,0.5238095238095238,loss,0.0,-1.0,-6.689890585169147,45.19652582516463,8.5,50.0,0.631578947368421,680,0.6111241991998971,680,202312.0,platt
2023_13_SEA_DAL,2023,13,202313,spread,away,0.5221674876847291,-102.0,0.504950495049505,win,1.0,0.9803921568627452,7.93312197934457,50.19803995523742,-9.5,47.5,0.5000000000000001,664,0.5022289065339869,664,202312.0,platt
2023_13_SEA_DAL,2023,13,202313,spread,home,0.4778325123152709,-118.0,0.5412844036697247,loss,0.0,-1.0,7.93312197934457,50.19803995523742,-9.5,47.5,0.5000000000000001,664,0.4977710934660131,664,202312.0,platt
2023_13_SEA_DAL,2023,13,202313,total,over,0.4852216748768473,-110.0,0.5238095238095238,win,1.0,0.9090909090909092,7.93312197934457,50.19803995523742,-9.5,47.5,0.5,680,0.49261063151232287,680,202312.0,platt
2023_13_SEA_DAL,2023,13,202313,total,under,0.5147783251231527,-110.0,0.5238095238095238,loss,0.0,-1.0,7.93312197934457,50.19803995523742,-9.5,47.5,0.5,680,0.5073893684876771,680,202312.0,platt
2023_13_SF_PHI,2023,13,202313,spread,away,0.5591133004926108,-105.0,0.5121951219512195,win,1.0,0.9523809523809524,-5.195428491097947,34.187235788127026,3.0,46.5,0.5000000000000001,664,0.5059675198144744,664,202312.0,platt
2023_13_SF_PHI,2023,13,202313,spread,home,0.4408866995073892,-115.0,0.5348837209302325,loss,0.0,-1.0,-5.195428491097947,34.187235788127026,3.0,46.5,0.5000000000000001,664,0.49403248018552565,664,202312.0,platt
2023_13_SF_PHI,2023,13,202313,total,over,0.1576354679802955,-112.0,0.5283018867924528,win,1.0,0.8928571428571429,-5.195428491097947,34.187235788127026,3.0,46.5,0.0,680,0.3019974671494709,680,202312.0,platt
2023_13_SF_PHI,2023,13,202313,total,under,0.8423645320197044,-108.0,0.5192307692307693,loss,0.0,-1.0,-5.195428491097947,34.187235788127026,3.0,46.5,1.0,680,0.698002532850529,680,202312.0,platt
2023_14_BUF_KC,2023,14,202314,spread,away,0.5454545454545454,-110.0,0.5238095238095238,win,1.0,0.9090909090909092,0.0975567370891501,45.384921020738034,-2.0,49.5,0.5,688,0.5025502259678457,688,202313.0,platt
2023_14_BUF_KC,2023,14,202314,spread,home,0.4545454545454545,-110.0,0.5238095238095238,loss,0.0,-1.0,0.0975567370891501,45.384921020738034,-2.0,49.5,0.5,688,0.4974497740321543,688,202313.0,platt
2023_14_BUF_KC,2023,14,202314,total,over,0.3014354066985646,-110.0,0.5238095238095238,loss,0.0,-1.0,0.0975567370891501,45.384921020738034,-2.0,49.5,0.4090909090909091,704,0.4158414255059749,704,202313.0,platt
2023_14_BUF_KC,2023,14,202314,total,under,0.6985645933014354,-110.0,0.5238095238095238,win,1.0,0.9090909090909092,0.0975567370891501,45.384921020738034,-2.0,49.5,0.5909090909090909,704,0.5841585744940251,704,202313.0,platt
2023_14_CAR_NO,2023,14,202314,spread,away,0.3516746411483253,-110.0,0.5238095238095238,loss,0.0,-1.0,8.743051389497037,44.37205669951095,-5.5,39.0,0.4805194805194805,688,0.4914447889360617,688,202313.0,platt
2023_14_CAR_NO,2023,14,202314,spread,home,0.6483253588516746,-110.0,0.5238095238095238,win,1.0,0.9090909090909092,8.743051389497037,44.37205669951095,-5.5,39.0,0.5194805194805194,688,0.5085552110639383,688,202313.0,platt
2023_14_CAR_NO,2023,14,202314,total,over,0.6028708133971292,-110.0,0.5238095238095238,loss,0.0,-1.0,8.743051389497037,44.37205669951095,-5.5,39.0,0.5754716981132076,704,0.5421011115490559,704,202313.0,platt
2023_14_CAR_NO,2023,14,202314,total,under,0.3971291866028708,-110.0,0.5238095238095238,win,1.0,0.9090909090909092,8.743051389497037,44.37205669951095,-5.5,39.0,0.4245283018867924,704,0.457898888450944,704,202313.0,platt
2023_14_DET_CHI,2023,14,202314,spread,away,0.5574162679425838,-120.0,0.5454545454545454,loss,0.0,-1.0,-5.108437745634287,43.79239875174582,3.0,44.5,0.5,688,0.5032266604926551,688,202313.0,platt
2023_14_DET_CHI,2023,14,202314,spread,home,0.4425837320574162,100.0,0.5,win,1.0,1.0,-5.108437745634287,43.79239875174582,3.0,44.5,0.5,688,0.496773339507345,688,202313.0,platt
2023_14_DET_CHI,2023,14,202314,total,over,0.3875598086124402,-110.0,0.5238095238095238,loss,0.0,-1.0,-5.108437745634287,43.79239875174582,3.0,44.5,0.4245283018867924,704,0.4538725833518268,704,202313.0,platt
2023_14_DET_CHI,2023,14,202314,total,under,0.6124401913875598,-110.0,0.5238095238095238,win,1.0,0.9090909090909092,-5.108437745634287,43.79239875174582,3.0,44.5,0.5754716981132076,704,0.5461274166481732,704,202313.0,platt
2023_14_GB_NYG,2023,14,202314,spread,away,0.4569377990430622,-112.0,0.5283018867924528,loss,0.0,-1.0,-5.596392918444411,42.33907350956562,6.0,37.5,0.5,688,0.4975846810245952,688,202313.0,platt
2023_14_GB_NYG,2023,14,202314,spread,home,0.5430622009569378,-108.0,0.5192307692307693,win,1.0,0.925925925925926,-5.596392918444411,42.33907350956562,6.0,37.5,0.5,688,0.5024153189754049,688,202313.0,platt
2023_14_GB_NYG,2023,14,202314,total,over,0.5813397129186603,-110.0,0.5238095238095238,win,1.0,0.9090909090909092,-5.596392918444411,42.33907350956562,6.0,37.5,0.5754716981132076,704,0.5331382087484782,704,202313.0,platt
2023_14_GB_NYG,2023,14,202314,total,under,0.4186602870813397,-110.0,0.5238095238095238,loss,0.0,-1.0,-5.596392918444411,42.33907350956562,6.0,37.5,0.4245283018867924,704,0.46686179125152183,704,202313.0,platt
2023_14_HOU_NYJ,2023,14,202314,spread,away,0.4976076555023924,-108.0,0.5192307692307693,loss,0.0,-1.0,-4.28815558153223,40.00157975115557,3.5,33.5,0.5,688,0.4998661459788338,688,202313.0,platt
2023_14_HOU_NYJ,2023,14,202314,spread,home,0.5023923444976076,-112.0,0.5283018867924528,win,1.0,0.8928571428571429,-4.28815558153223,40.00157975115557,3.5,33.5,0.5,688,0.5001338540211663,688,202313.0,platt
2023_14_HOU_NYJ,2023,14,202314,total,over,0.631578947368421,-110.0,0.5238095238095238,win,1.0,0.9090909090909092,-4.28815558153223,40.00157975115557,3.5,33.5,0.5754716981132076,704,0.5542749085325417,704,202313.0,platt
2023_14_HOU_NYJ,2023,14,202314,total,under,0.368421052631579,-110.0,0.5238095238095238,loss,0.0,-1.0,-4.28815558153223,40.00157975115557,3.5,33.5,0.4245283018867924,704,0.44572509146745826,704,202313.0,platt
2023_14_IND_CIN,2023,14,202314,spread,away,0.5,-118.0,0.5412844036697247,loss,0.0,-1.0,2.1532119874224804,48.769854108040455,-3.0,45.0,0.5,688,0.5,688,202313.0,platt
2023_14_IND_CIN,2023,14,202314,spread,home,0.5,-102.0,0.504950495049505,win,1.0,0.9803921568627452,2.1532119874224804,48.769854108040455,-3.0,45.0,0.5,688,0.5,688,202313.0,platt
2023_14_IND_CIN,2023,14,202314,total,over,0.5334928229665071,-110.0,0.5238095238095238,win,1.0,0.9090909090909092,2.1532119874224804,48.769854108040455,-3.0,45.0,0.509090909090909,704,0.5135607516947102,704,202313.0,platt
2023_14_IND_CIN,2023,14,202314,total,under,0.4665071770334928,-110.0,0.5238095238095238,loss,0.0,-1.0,2.1532119874224804,48.769854108040455,-3.0,45.0,0.4909090909090909,704,0.4864392483052898,704,202313.0,platt
2023_14_JAX_CLE,2023,14,202314,spread,away,0.5669856459330144,-108.0,0.5192307692307693,loss,0.0,-1.0,0.1450827549813315,42.69700873425438,-2.5,37.5,0.5,688,0.5037704799424256,688,202313.0,platt
2023_14_JAX_CLE,2023,14,202314,spread,home,0.4330143540669856,-112.0,0.5283018867924528,win,1.0,0.8928571428571429,0.1450827549813315,42.69700873425438,-2.5,37.5,0.5,688,0.4962295200575745,688,202313.0,platt
2023_14_JAX_CLE,2023,14,202314,total,over,0.5933014354066986,-110.0,0.5238095238095238,win,1.0,0.9090909090909092,0.1450827549813315,42.69700873425438,-2.5,37.5,0.5754716981132076,704,0.5381023489255932,704,202313.0,platt
2023_14_JAX_CLE,2023,14,202314,total,under,0.4066985645933014,-110.0,0.5238095238095238,loss,0.0,-1.0,0.1450827549813315,42.69700873425438,-2.5,37.5,0.4245283018867924,704,0.46189765107440683,704,202313.0,platt
2023_14_LA_BAL,2023,14,202314,spread,away,0.5263157894736843,-115.0,0.5348837209302325,win,1.0,0.8695652173913043,6.03518046924346,43.58437482006632,-7.5,42.0,0.5,688,0.5014737405693966,688,202313.0,platt
2023_14_LA_BAL,2023,14,202314,spread,home,0.4736842105263157,-105.0,0.5121951219512195,loss,0.0,-1.0,6.03518046924346,43.58437482006632,-7.5,42.0,0.5,688,0.49852625943060336,688,202313.0,platt
2023_14_LA_BAL,2023,14,202314,total,over,0.4665071770334928,-110.0,0.5238095238095238,win,1.0,0.9090909090909092,6.03518046924346,43.58437482006632,-7.5,42.0,0.4909090909090909,704,0.4864392483052898,704,202313.0,platt
2023_14_LA_BAL,2023,14,202314,total,under,0.5334928229665072,-110.0,0.5238095238095238,loss,0.0,-1.0,6.03518046924346,43.58437482006632,-7.5,42.0,0.509090909090909,704,0.5135607516947103,704,202313.0,platt
2023_14_MIN_LV,2023,14,202314,spread,away,0.3421052631578947,-108.0,0.5192307692307693,push,,0.0,0.5814229991005339,43.11553705192383,3.0,40.5,0.45,688,0.4908541330055576,688,202313.0,platt
2023_14_MIN_LV,2023,14,202314,spread,home,0.6578947368421053,-112.0,0.5283018867924528,push,,0.0,0.5814229991005339,43.11553705192383,3.0,40.5,0.55,688,0.5091458669944424,688,202313.0,platt
2023_14_MIN_LV,2023,14,202314,total,over,0.4880382775119617,-112.0,0.5283018867924528,loss,0.0,-1.0,0.5814229991005339,43.11553705192383,3.0,40.5,0.5,704,0.4951621685289024,704,202313.0,platt
2023_14_MIN_LV,2023,14,202314,total,under,0.5119617224880383,-108.0,0.5192307692307693,win,1.0,0.925925925925926,0.5814229991005339,43.11553705192383,3.0,40.5,0.5,704,0.5048378314710976,704,202313.0,platt
2023_14_NE_PIT,2023,14,202314,spread,away,0.4593301435406698,-118.0,0.5412844036697247,win,1.0,0.847457627118644,6.340360279979734,35.29386819705669,-6.0,30.0,0.5,688,0.4977194763976315,688,202313.0,platt
2023_14_NE_PIT,2023,14,202314,spread,home,0.5406698564593302,-102.0,0.504950495049505,loss,0.0,-1.0,6.340360279979734,35.29386819705669,-6.0,30.0,0.5,688,0.5022805236023685,688,202313.0,platt
2023_14_NE_PIT,2023,14,202314,total,over,0.5956937799043063,-115.0,0.5348837209302325,win,1.0,0.8695652173913043,6.340360279979734,35.29386819705669,-6.0,30.0,0.5754716981132076,704,0.539099618393395,704,202313.0,platt
2023_14_NE_PIT,2023,14,202314,total,under,0.4043062200956937,-105.0,0.5121951219512195,loss,0.0,-1.0,6.340360279979734,35.29386819705669,-6.0,30.0,0.4245283018867924,704,0.4609003816066049,704,202313.0,platt
2023_14_PHI_DAL,2023,14,202314,spread,away,0.3373205741626794,-118.0,0.5412844036697247,loss,0.0,-1.0,7.426946948218834,55.06456091829062,-3.5,52.5,0.45,688,0.49055586372928156,688,202313.0,platt
2023_14_PHI_DAL,2023,14,202314,spread,home,0.6626794258373205,-102.0,0.504950495049505,win,1.0,0.9803921568627452,7.426946948218834,55.06456091829062,-3.5,52.5,0.55,688,0.5094441362707184,688,202313.0,platt
2023_14_PHI_DAL,2023,14,202314,total,over,0.4880382775119617,-110.0,0.5238095238095238,loss,0.0,-1.0,7.426946948218834,55.06456091829062,-3.5,52.5,0.5,704,0.4951621685289024,704,202313.0,platt
2023_14_PHI_DAL,2023,14,202314,total,under,0.5119617224880383,-110.0,0.5238095238095238,win,1.0,0.9090909090909092,7.426946948218834,55.06456091829062,-3.5,52.5,0.5,704,0.5048378314710976,704,202313.0,platt
2023_14_SEA_SF,2023,14,202314,spread,away,0.5382775119617225,-110.0,0.5238095238095238,win,1.0,0.9090909090909092,12.781176221961305,47.59127408205702,-14.5,44.5,0.5,688,0.5021458334780157,688,202313.0,platt
2023_14_SEA_SF,2023,14,202314,spread,home,0.4617224880382775,-110.0,0.5238095238095238,loss,0.0,-1.0,12.781176221961305,47.59127408205702,-14.5,44.5,0.5,688,0.4978541665219843,688,202313.0,platt
2023_14_SEA_SF,2023,14,202314,total,over,0.5143540669856459,-110.0,0.5238095238095238,loss,0.0,-1.0,12.781176221961305,47.59127408205702,-14.5,44.5,0.5,704,0.5058058056341559,704,202313.0,platt
2023_14_SEA_SF,2023,14,202314,total,under,0.4856459330143541,-110.0,0.5238095238095238,win,1.0,0.9090909090909092,12.781176221961305,47.59127408205702,-14.5,44.5,0.5,704,0.4941941943658442,704,202313.0,platt
2023_14_TB_ATL,2023,14,202314,spread,away,0.4066985645933014,-108.0,0.5192307692307693,win,1.0,0.925925925925926,3.408730748740592,45.33715474025595,-1.5,41.5,0.5,688,0.4947180401304861,688,202313.0,platt
2023_14_TB_ATL,2023,14,202314,spread,home,0.5933014354066986,-112.0,0.5283018867924528,loss,0.0,-1.0,3.408730748740592,45.33715474025595,-1.5,41.5,0.5,688,0.5052819598695139,688,202313.0,platt
2023_14_TB_ATL,2023,14,202314,total,over,0.5358851674641149,-110.0,0.5238095238095238,win,1.0,0.9090909090909092,3.408730748740592,45.33715474025595,-1.5,41.5,0.509090909090909,704,0.5145320769419255,704,202313.0,platt
2023_14_TB_ATL,2023,14,202314,total,under,0.4641148325358851,-110.0,0.5238095238095238,loss,0.0,-1.0,3.408730748740592,45.33715474025595,-1.5,41.5,0.4909090909090909,704,0.4854679230580744,704,202313.0,platt
2023_14_TEN_MIA,2023,14,202314,spread,away,0.5837320574162679,-110.0,0.5238095238095238,win,1.0,0.9090909090909092,11.222030010956262,48.41836281187546,-14.0,45.0,0.5,688,0.5047292604450431,688,202313.0,platt
2023_14_TEN_MIA,2023,14,202314,spread,home,0.416267942583732,-110.0,0.5238095238095238,loss,0.0,-1.0,11.222030010956262,48.41836281187546,-14.0,45.0,0.5,688,0.49527073955495693,688,202313.0,platt
2023_14_TEN_MIA,2023,14,202314,total,over,0.5191387559808612,-112.0,0.5283018867924528,win,1.0,0.8928571428571429,11.222030010956262,48.41836281187546,-14.0,45.0,0.5,704,0.5077424591224622,704,202313.0,platt
2023_14_TEN_MIA,2023,14,202314,total,under,0.4808612440191387,-110.0,0.5238095238095238,loss,0.0,-1.0,11.222030010956262,48.41836281187546,-14.0,45.0,0.5,704,0.49225754087753787,704,202313.0,platt
2023_15_ATL_CAR,2023,15,202315,spread,away,0.5648148148148149,-102.0,0.504950495049505,loss,0.0,-1.0,-5.342171708522836,35.2252662642497,3.0,32.0,0.5024630541871922,714,0.5054279694090185,714,202314.0,platt
2023_15_ATL_CAR,2023,15,202315,spread,home,0.4351851851851852,-118.0,0.5412844036697247,win,1.0,0.847457627118644,-5.342171708522836,35.2252662642497,3.0,32.0,0.4975369458128078,714,0.49457203059098154,714,202314.0,platt
2023_15_ATL_CAR,2023,15,202315,total,over,0.5185185185185185,-110.0,0.5238095238095238,loss,0.0,-1.0,-5.342171708522836,35.2252662642497,3.0,32.0,0.5204081632653061,732,0.5087574973819864,732,202314.0,platt
2023_15_ATL_CAR,2023,15,202315,total,under,0.4814814814814815,-110.0,0.5238095238095238,win,1.0,0.9090909090909092,-5.342171708522836,35.2252662642497,3.0,32.0,0.4795918367346938,732,0.4912425026180136,732,202314.0,platt
2023_15_BAL_JAX,2023,15,202315,spread,away,0.4884259259259259,-110.0,0.5238095238095238,win,1.0,0.9090909090909092,-4.531879312772937,42.607522331211136,4.0,42.5,0.4975369458128078,714,0.4990359646194707,714,202314.0,platt
2023_15_BAL_JAX,2023,15,202315,spread,home,0.5115740740740741,-110.0,0.5238095238095238,loss,0.0,-1.0,-4.531879312772937,42.607522331211136,4.0,42.5,0.5024630541871922,714,0.5009640353805294,714,202314.0,platt
2023_15_BAL_JAX,2023,15,202315,total,over,0.4282407407407407,-112.0,0.5283018867924528,loss,0.0,-1.0,-4.531879312772937,42.607522331211136,4.0,42.5,0.4174311926605504,732,0.46589396267759836,732,202314.0,platt
2023_15_BAL_JAX,2023,15,202315,total,under,0.5717592592592593,-108.0,0.5192307692307693,win,1.0,0.925925925925926,-4.531879312772937,42.607522331211136,4.0,42.5,0.5825688073394495,732,0.5341060373224017,732,202314.0,platt
2023_15_CHI_CLE,2023,15,202315,spread,away,0.4583333333333333,-120.0,0.5454545454545454,push,,0.0,3.354458492124108,38.55538895893716,-3.0,38.0,0.4975369458128078,714,0.4965220785534748,714,202314.0,platt
2023_15_CHI_CLE,2023,15,202315,spread,home,0.5416666666666666,100.0,0.5,push,,0.0,3.354458492124108,38.55538895893716,-3.0,38.0,0.5024630541871922,714,0.5034779214465251,714,202314.0,platt
2023_15_CHI_CLE,2023,15,202315,total,over,0.4375,-110.0,0.5238095238095238,loss,0.0,-1.0,3.354458492124108,38.55538895893716,-3.0,38.0,0.4174311926605504,732,0.470333486141394,732,202314.0,platt
2023_15_CHI_CLE,2023,15,202315,total,under,0.5625,-110.0,0.5238095238095238,win,1.0,0.9090909090909092,3.354458492124108,38.55538895893716,-3.0,38.0,0.5825688073394495,732,0.529666513858606,732,202314.0,platt
2023_15_DAL_BUF,2023,15,202315,spread,away,0.5486111111111112,-108.0,0.5192307692307693,loss,0.0,-1.0,0.020028739287442,48.33052008717499,-2.0,49.5,0.5024630541871922,714,0.5040609686901405,714,202314.0,platt
2023_15_DAL_BUF,2023,15,202315,spread,home,0.4513888888888889,-112.0,0.5283018867924528,win,1.0,0.8928571428571429,0.020028739287442,48.33052008717499,-2.0,49.5,0.4975369458128078,714,0.49593903130985956,714,202314.0,platt
2023_15_DAL_BUF,2023,15,202315,total,over,0.375,-110.0,0.5238095238095238,loss,0.0,-1.0,0.020028739287442,48.33052008717499,-2.0,49.5,0.4174311926605504,732,0.43992015316783645,732,202314.0,platt
2023_15_DAL_BUF,2023,15,202315,total,under,0.625,-110.0,0.5238095238095238,win,1.0,0.9090909090909092,0.020028739287442,48.33052008717499,-2.0,49.5,0.5825688073394495,732,0.5600798468321635,732,202314.0,platt
2023_15_DEN_DET,2023,15,202315,spread,away,0.4328703703703703,-108.0,0.5192307692307693,loss,0.0,-1.0,6.608118605480777,49.80648788494359,-5.5,49.0,0.4975369458128078,714,0.494375865793964,714,202314.0,platt
2023_15_DEN_DET,2023,15,202315,spread,home,0.5671296296296297,-112.0,0.5283018867924528,win,1.0,0.8928571428571429,6.608118605480777,49.80648788494359,-5.5,49.0,0.5024630541871922,714,0.5056241342060359,714,202314.0,platt
2023_15_DEN_DET,2023,15,202315,total,over,0.449074074074074,-112.0,0.5283018867924528,win,1.0,0.8928571428571429,6.608118605480777,49.80648788494359,-5.5,49.0,0.4795918367346938,732,0.47586044755631757,732,202314.0,platt
2023_15_DEN_DET,2023,15,202315,total,under,0.5509259259259259,-108.0,0.5192307692307693,loss,0.0,-1.0,6.608118605480777,49.80648788494359,-5.5,49.0,0.5204081632653061,732,0.5241395524436824,732,202314.0,platt
2023_15_HOU_TEN,2023,15,202315,spread,away,0.6111111111111112,100.0,0.5,win,1.0,1.0,-0.7073269615233999,43.50173485052495,-3.0,38.0,0.5256410256410254,714,0.509408979962688,714,202314.0,platt
2023_15_HOU_TEN,2023,15,202315,spread,home,0.3888888888888889,-120.0,0.5454545454545454,loss,0.0,-1.0,-0.7073269615233999,43.50173485052495,-3.0,38.0,0.4743589743589743,714,0.49059102003731203,714,202314.0,platt
2023_15_HOU_TEN,2023,15,202315,total,over,0.6111111111111112,-112.0,0.5283018867924528,loss,0.0,-1.0,-0.7073269615233999,43.50173485052495,-3.0,38.0,0.5825688073394495,732,0.5532152031711772,732,202314.0,platt
2023_15_HOU_TEN,2023,15,202315,total,under,0.3888888888888888,-108.0,0.5192307692307693,win,1.0,0.925925925925926,-0.7073269615233999,43.50173485052495,-3.0,38.0,0.4174311926605504,732,0.4467847968288227,732,202314.0,platt
2023_15_KC_NE,2023,15,202315,spread,away,0.4236111111111111,-112.0,0.5283018867924528,push,,0.0,-8.559049012197823,42.25903608257398,10.0,39.5,0.4975369458128078,714,0.49358864697759874,714,202314.0,platt
2023_15_KC_NE,2023,15,202315,spread,home,0.5763888888888888,-108.0,0.5192307692307693,push,,0.0,-8.559049012197823,42.25903608257398,10.0,39.5,0.5024630541871922,714,0.5064113530224013,714,202314.0,platt
2023_15_KC_NE,2023,15,202315,total,over,0.4930555555555556,-110.0,0.5238095238095238,win,1.0,0.9090909090909092,-8.559049012197823,42.25903608257398,10.0,39.5,0.5,732,0.49671694099615976,732,202314.0,platt
2023_15_KC_NE,2023,15,202315,total,under,0.5069444444444444,-110.0,0.5238095238095238,loss,0.0,-1.0,-8.559049012197823,42.25903608257398,10.0,39.5,0.5,732,0.5032830590038403,732,202314.0,platt
2023_15_MIN_CIN,2023,15,202315,spread,away,0.6180555555555556,-105.0,0.5121951219512195,push,,0.0,-0.9532529846002612,45.90945132940439,-3.0,41.5,0.5256410256410254,714,0.5100191359880699,714,202314.0,platt
2023_15_MIN_CIN,2023,15,202315,spread,home,0.3819444444444444,-115.0,0.5348837209302325,push,,0.0,-0.9532529846002612,45.90945132940439,-3.0,41.5,0.4743589743589743,714,0.4899808640119301,714,202314.0,platt
2023_15_MIN_CIN,2023,15,202315,total,over,0.5671296296296297,-110.0,0.5238095238095238,win,1.0,0.9090909090909092,-0.9532529846002612,45.90945132940439,-3.0,41.5,0.5825688073394495,732,0.5318840963101356,732,202314.0,platt
2023_15_MIN_CIN,2023,15,202315,total,under,0.4328703703703703,-110.0,0.5238095238095238,loss,0.0,-1.0,-0.9532529846002612,45.90945132940439,-3.0,41.5,0.4174311926605504,732,0.4681159036898645,732,202314.0,platt
2023_15_NYG_NO,2023,15,202315,spread,away,0.449074074074074,-108.0,0.5192307692307693,loss,0.0,-1.0,6.657968755130428,42.0218393388448,-6.0,39.5,0.4975369458128078,714,0.495744342508667,714,202314.0,platt
2023_15_NYG_NO,2023,15,202315,spread,home,0.5509259259259259,-112.0,0.5283018867924528,win,1.0,0.8928571428571429,6.657968755130428,42.0218393388448,-6.0,39.5,0.5024630541871922,714,0.504255657491333,714,202314.0,platt
2023_15_NYG_NO,2023,15,202315,total,over,0.4884259259259259,-110.0,0.5238095238095238,loss,0.0,-1.0,6.657968755130428,42.0218393388448,-6.0,39.5,0.4795918367346938,732,0.49452774913358344,732,202314.0,platt
2023_15_NYG_NO,2023,15,202315,total,under,0.5115740740740741,-110.0,0.5238095238095238,win,1.0,0.9090909090909092,6.657968755130428,42.0218393388448,-6.0,39.5,0.5204081632653061,732,0.5054722508664165,732,202314.0,platt
2023_15_NYJ_MIA,2023,15,202315,spread,away,0.3310185185185185,-115.0,0.5348837209302325,loss,0.0,-1.0,11.563051151816476,40.47298079256511,-7.5,36.0,0.4426229508196721,714,0.48535598361778964,714,202314.0,platt
2023_15_NYJ_MIA,2023,15,202315,spread,home,0.6689814814814815,-105.0,0.5121951219512195,win,1.0,0.9523809523809524,11.563051151816476,40.47298079256511,-7.5,36.0,0.5573770491803278,714,0.5146440163822104,714,202314.0,platt
2023_15_NYJ_MIA,2023,15,202315,total,over,0.5740740740740741,-110.0,0.5238095238095238,loss,0.0,-1.0,11.563051151816476,40.47298079256511,-7.5,36.0,0.5825688073394495,732,0.5352187425675259,732,202314.0,platt
2023_15_NYJ_MIA,2023,15,202315,total,under,0.4259259259259259,-110.0,0.5238095238095238,win,1.0,0.9090909090909092,11.563051151816476,40.47298079256511,-7.5,36.0,0.4174311926605504,732,0.46478125743247406,732,202314.0,platt
2023_15_PHI_SEA,2023,15,202315,spread,away,0.3587962962962963,-120.0,0.5454545454545454,loss,0.0,-1.0,-2.023659077628359,47.04641586751011,5.0,46.0,0.4743589743589743,714,0.48791472833675287,714,202314.0,platt
2023_15_PHI_SEA,2023,15,202315,spread,home,0.6412037037037037,100.0,0.5,win,1.0,1.0,-2.023659077628359,47.04641586751011,5.0,46.0,0.5256410256410254,714,0.5120852716632471,714,202314.0,platt
2023_15_PHI_SEA,2023,15,202315,total,over,0.4560185185185185,-108.0,0.5192307692307693,loss,0.0,-1.0,-2.023659077628359,47.04641586751011,5.0,46.0,0.4795918367346938,732,0.47916652496689255,732,202314.0,platt
2023_15_PHI_SEA,2023,15,202315,total,under,0.5439814814814814,-112.0,0.5283018867924528,win,1.0,0.8928571428571429,-2.023659077628359,47.04641586751011,5.0,46.0,0.5204081632653061,732,0.5208334750331074,732,202314.0,platt
2023_15_PIT_IND,2023,15,202315,spread,away,0.5671296296296297,-110.0,0.5238095238095238,loss,0.0,-1.0,-0.9502061209554038,46.898905301428734,-1.5,41.5,0.5024630541871922,714,0.5056241342060359,714,202314.0,platt
2023_15_PIT_IND,2023,15,202315,spread,home,0.4328703703703703,-110.0,0.5238095238095238,win,1.0,0.9090909090909092,-0.9502061209554038,46.898905301428734,-1.5,41.5,0.4975369458128078,714,0.494375865793964,714,202314.0,platt
2023_15_PIT_IND,2023,15,202315,total,over,0.6087962962962963,-110.0,0.5238095238095238,win,1.0,0.9090909090909092,-0.9502061209554038,46.898905301428734,-1.5,41.5,0.5825688073394495,732,0.5520780427393513,732,202314.0,platt
2023_15_PIT_IND,2023,15,202315,total,under,0.3912037037037037,-110.0,0.5238095238095238,loss,0.0,-1.0,-0.9502061209554038,46.898905301428734,-1.5,41.5,0.4174311926605504,732,0.4479219572606486,732,202314.0,platt
2023_15_SF_ARI,2023,15,202315,spread,away,0.5740740740740741,-110.0,0.5238095238095238,win,1.0,0.9090909090909092,-14.994776152465557,46.05162544003512,12.5,48.0,0.5024630541871922,714,0.5062141459039835,714,202314.0,platt
2023_15_SF_ARI,2023,15,202315,spread,home,0.4259259259259259,-110.0,0.5238095238095238,loss,0.0,-1.0,-14.994776152465557,46.05162544003512,12.5,48.0,0.4975369458128078,714,0.4937858540960165,714,202314.0,platt
2023_15_SF_ARI,2023,15,202315,total,over,0.349537037037037,-110.0,0.5238095238095238,win,1.0,0.9090909090909092,-14.994776152465557,46.05162544003512,12.5,48.0,0.4174311926605504,732,0.42712153703346667,732,202314.0,platt
2023_15_SF_ARI,2023,15,202315,total,under,0.650462962962963,-110.0,0.5238095238095238,loss,0.0,-1.0,-14.994776152465557,46.05162544003512,12.5,48.0,0.5825688073394495,732,0.5728784629665334,732,202314.0,platt
2023_15_TB_GB,2023,15,202315,spread,away,0.4467592592592593,-110.0,0.5238095238095238,win,1.0,0.9090909090909092,4.762396640579345,43.65486682568503,-4.0,41.5,0.4975369458128078,714,0.495549469378365,714,202314.0,platt
2023_15_TB_GB,2023,15,202315,spread,home,0.5532407407407407,-110.0,0.5238095238095238,loss,0.0,-1.0,4.762396640579345,43.65486682568503,-4.0,41.5,0.5024630541871922,714,0.5044505306216349,714,202314.0,platt
2023_15_TB_GB,2023,15,202315,total,over,0.4814814814814814,-110.0,0.5238095238095238,win,1.0,0.9090909090909092,4.762396640579345,43.65486682568503,-4.0,41.5,0.4795918367346938,732,0.4912425026180136,732,202314.0,platt
2023_15_TB_GB,2023,15,202315,total,under,0.5185185185185186,-110.0,0.5238095238095238,loss,0.0,-1.0,4.762396640579345,43.65486682568503,-4.0,41.5,0.5204081632653061,732,0.5087574973819864,732,202314.0,platt
2023_15_WAS_LA,2023,15,202315,spread,away,0.4976851851851852,-108.0,0.5192307692307693,loss,0.0,-1.0,5.7275046489310695,49.46838411167269,-6.5,48.5,0.5,714,0.4998072257599178,714,202314.0,platt
2023_15_WAS_LA,2023,15,202315,spread,home,0.5023148148148148,-112.0,0.5283018867924528,win,1.0,0.8928571428571429,5.7275046489310695,49.46838411167269,-6.5,48.5,0.5,714,0.5001927742400821,714,202314.0,platt
2023_15_WAS_LA,2023,15,202315,total,over,0.4560185185185185,-110.0,0.5238095238095238,loss,0.0,-1.0,5.7275046489310695,49.46838411167269,-6.5,48.5,0.4795918367346938,732,0.47916652496689255,732,202314.0,platt
2023_15_WAS_LA,2023,15,202315,total,under,0.5439814814814814,-110.0,0.5238095238095238,win,1.0,0.9090909090909092,5.7275046489310695,49.46838411167269,-6.5,48.5,0.5204081632653061,732,0.5208334750331074,732,202314.0,platt
2023_16_ARI_CHI,2023,16,202316,spread,away,0.4697986577181208,-110.0,0.5238095238095238,loss,0.0,-1.0,4.563218260793416,42.42167895380775,-4.5,42.0,0.5,738,0.49650450624185816,738,202315.0,platt
2023_16_ARI_CHI,2023,16,202316,spread,home,0.5302013422818792,-110.0,0.5238095238095238,win,1.0,0.9090909090909092,4.563218260793416,42.42167895380775,-4.5,42.0,0.5,738,0.503495493758142,738,202315.0,platt
2023_16_ARI_CHI,2023,16,202316,total,over,0.4340044742729306,-115.0,0.5348837209302325,win,1.0,0.8695652173913043,4.563218260793416,42.42167895380775,-4.5,42.0,0.4159663865546218,762,0.4685412341164231,762,202315.0,platt
2023_16_ARI_CHI,2023,16,202316,total,under,0.5659955257270693,-105.0,0.5121951219512195,loss,0.0,-1.0,4.563218260793416,42.42167895380775,-4.5,42.0,0.5840336134453782,762,0.5314587658835768,762,202315.0,platt
2023_16_BAL_SF,2023,16,202316,spread,away,0.494407158836689,-105.0,0.5121951219512195,win,1.0,0.9523809523809524,5.716281112975697,48.62580703488681,-6.5,47.5,0.5,738,0.49935343720693814,738,202315.0,platt
2023_16_BAL_SF,2023,16,202316,spread,home,0.5055928411633109,-115.0,0.5348837209302325,loss,0.0,-1.0,5.716281112975697,48.62580703488681,-6.5,47.5,0.5,738,0.5006465627930619,738,202315.0,platt
2023_16_BAL_SF,2023,16,202316,total,over,0.4519015659955257,-108.0,0.5192307692307693,win,1.0,0.925925925925926,5.716281112975697,48.62580703488681,-6.5,47.5,0.4754098360655737,762,0.4771212365038439,762,202315.0,platt
2023_16_BAL_SF,2023,16,202316,total,under,0.5480984340044743,-112.0,0.5283018867924528,loss,0.0,-1.0,5.716281112975697,48.62580703488681,-6.5,47.5,0.5245901639344261,762,0.5228787634961561,762,202315.0,platt
2023_16_BUF_LAC,2023,16,202316,spread,away,0.3266219239373602,-105.0,0.5121951219512195,loss,0.0,-1.0,-9.234333799287617,48.98544204778224,13.0,44.5,0.4354838709677419,738,0.4791028038061007,738,202315.0,platt
2023_16_BUF_LAC,2023,16,202316,spread,home,0.6733780760626398,-115.0,0.5348837209302325,win,1.0,0.8695652173913043,-9.234333799287617,48.98544204778224,13.0,44.5,0.5645161290322581,738,0.5208971961938993,738,202315.0,platt
2023_16_BUF_LAC,2023,16,202316,total,over,0.5727069351230425,-105.0,0.5121951219512195,win,1.0,0.9523809523809524,-9.234333799287617,48.98544204778224,13.0,44.5,0.5840336134453782,762,0.5346918071459074,762,202315.0,platt
2023_16_BUF_LAC,2023,16,202316,total,under,0.4272930648769575,-115.0,0.5348837209302325,loss,0.0,-1.0,-9.234333799287617,48.98544204778224,13.0,44.5,0.4159663865546218,762,0.46530819285409264,762,202315.0,platt
2023_16_CIN_PIT,2023,16,202316,spread,away,0.3982102908277405,-105.0,0.5121951219512195,loss,0.0,-1.0,-1.1304910318799986,41.63600896871446,3.0,39.5,0.5,738,0.4880685820455216,738,202315.0,platt
2023_16_CIN_PIT,2023,16,202316,spread,home,0.6017897091722595,-115.0,0.5348837209302325,win,1.0,0.8695652173913043,-1.1304910318799986,41.63600896871446,3.0,39.5,0.5,738,0.5119314179544783,738,202315.0,platt
2023_16_CIN_PIT,2023,16,202316,total,over,0.4809843400447427,-110.0,0.5238095238095238,win,1.0,0.9090909090909092,-1.1304910318799986,41.63600896871446,3.0,39.5,0.4839693192713322,762,0.4909732028077865,762,202315.0,platt
2023_16_CIN_PIT,2023,16,202316,total,under,0.5190156599552573,-110.0,0.5238095238095238,loss,0.0,-1.0,-1.1304910318799986,41.63600896871446,3.0,39.5,0.5160306807286699,762,0.5090267971922136,762,202315.0,platt
2023_16_CLE_HOU,2023,16,202316,spread,away,0.4250559284116331,-110.0,0.5238095238095238,win,1.0,0.9090909090909092,-1.8101655056743111,41.29636699849481,3.0,40.0,0.5,738,0.49127153303800364,738,202315.0,platt
2023_16_CLE_HOU,2023,16,202316,spread,home,0.5749440715883669,-110.0,0.5238095238095238,loss,0.0,-1.0,-1.8101655056743111,41.29636699849481,3.0,40.0,0.5,738,0.5087284669619964,738,202315.0,platt
2023_16_CLE_HOU,2023,16,202316,total,over,0.4586129753914988,-110.0,0.5238095238095238,win,1.0,0.9090909090909092,-1.8101655056743111,41.29636699849481,3.0,40.0,0.4754098360655737,762,0.48032590816182713,762,202315.0,platt
2023_16_CLE_HOU,2023,16,202316,total,under,0.5413870246085011,-110.0,0.5238095238095238,loss,0.0,-1.0,-1.8101655056743111,41.29636699849481,3.0,40.0,0.5245901639344261,762,0.5196740918381727,762,202315.0,platt
2023_16_DAL_MIA,2023,16,202316,spread,away,0.4697986577181208,-110.0,0.5238095238095238,loss,0.0,-1.0,1.5936396266112922,47.59460941945756,-1.5,48.5,0.5,738,0.49650450624185816,738,202315.0,platt
2023_16_DAL_MIA,2023,16,202316,spread,home,0.5302013422818792,-110.0,0.5238095238095238,win,1.0,0.9090909090909092,1.5936396266112922,47.59460941945756,-1.5,48.5,0.5,738,0.503495493758142,738,202315.0,platt
2023_16_DAL_MIA,2023,16,202316,total,over,0.3825503355704698,-120.0,0.5454545454545454,loss,0.0,-1.0,1.5936396266112922,47.59460941945756,-1.5,48.5,0.4159663865546218,762,0.443449676056897,762,202315.0,platt
2023_16_DAL_MIA,2023,16,202316,total,under,0.6174496644295302,100.0,0.5,win,1.0,1.0,1.5936396266112922,47.59460941945756,-1.5,48.5,0.5840336134453782,762,0.556550323943103,762,202315.0,platt
2023_16_DET_MIN,2023,16,202316,spread,away,0.4272930648769575,-125.0,0.5555555555555556,win,1.0,0.8,-1.4200067000264738,48.61841907844177,2.5,47.5,0.5,738,0.49153583351086344,738,202315.0,platt
2023_16_DET_MIN,2023,16,202316,spread,home,0.5727069351230425,105.0,0.4878048780487805,loss,0.0,-1.0,-1.4200067000264738,48.61841907844177,2.5,47.5,0.5,738,0.5084641664891365,738,202315.0,platt
2023_16_DET_MIN,2023,16,202316,total,over,0.4519015659955257,-118.0,0.5412844036697247,win,1.0,0.847457627118644,-1.4200067000264738,48.61841907844177,2.5,47.5,0.4754098360655737,762,0.4771212365038439,762,202315.0,platt
2023_16_DET_MIN,2023,16,202316,total,under,0.5480984340044743,-102.0,0.504950495049505,loss,0.0,-1.0,-1.4200067000264738,48.61841907844177,2.5,47.5,0.5245901639344261,762,0.5228787634961561,762,202315.0,platt
2023_16_GB_CAR,2023,16,202316,spread,away,0.5123042505592841,-112.0,0.5283018867924528,loss,0.0,-1.0,-4.591341698723861,42.08170403974905,3.5,39.5,0.5,738,0.5014226629965374,738,202315.0,platt
2023_16_GB_CAR,2023,16,202316,spread,home,0.4876957494407158,-108.0,0.5192307692307693,win,1.0,0.925925925925926,-4.591341698723861,42.08170403974905,3.5,39.5,0.5,738,0.4985773370034625,738,202315.0,platt
2023_16_GB_CAR,2023,16,202316,total,over,0.4876957494407158,-110.0,0.5238095238095238,win,1.0,0.9090909090909092,-4.591341698723861,42.08170403974905,3.5,39.5,0.5,762,0.49416040047648807,762,202315.0,platt
2023_16_GB_CAR,2023,16,202316,total,under,0.5123042505592841,-110.0,0.5238095238095238,loss,0.0,-1.0,-4.591341698723861,42.08170403974905,3.5,39.5,0.5,762,0.5058395995235119,762,202315.0,platt
2023_16_IND_ATL,2023,16,202316,spread,away,0.5906040268456376,-115.0,0.5348837209302325,loss,0.0,-1.0,-0.0981601220240204,45.65294715423495,-3.0,44.0,0.5,738,0.5105892570383753,738,202315.0,platt
2023_16_IND_ATL,2023,16,202316,spread,home,0.4093959731543624,-105.0,0.5121951219512195,win,1.0,0.9523809523809524,-0.0981601220240204,45.65294715423495,-3.0,44.0,0.5,738,0.4894107429616247,738,202315.0,platt
2023_16_IND_ATL,2023,16,202316,total,over,0.4720357941834452,-115.0,0.5348837209302325,loss,0.0,-1.0,-0.0981601220240204,45.65294715423495,-3.0,44.0,0.48,762,0.48671952150059805,762,202315.0,platt
2023_16_IND_ATL,2023,16,202316,total,under,0.5279642058165548,-105.0,0.5121951219512195,win,1.0,0.9523809523809524,-0.0981601220240204,45.65294715423495,-3.0,44.0,0.52,762,0.5132804784994021,762,202315.0,platt
2023_16_JAX_TB,2023,16,202316,spread,away,0.3333333333333333,-110.0,0.5238095238095238,loss,0.0,-1.0,1.540084854505717,46.37318128488308,2.0,43.0,0.4354838709677419,738,0.47997864153247577,738,202315.0,platt
2023_16_JAX_TB,2023,16,202316,spread,home,0.6666666666666666,-110.0,0.5238095238095238,win,1.0,0.9090909090909092,1.540084854505717,46.37318128488308,2.0,43.0,0.5645161290322581,738,0.5200213584675242,738,202315.0,platt
2023_16_JAX_TB,2023,16,202316,total,over,0.5190156599552572,-112.0,0.5283018867924528,loss,0.0,-1.0,1.540084854505717,46.37318128488308,2.0,43.0,0.5160306807286663,762,0.5090267971922134,762,202315.0,platt
2023_16_JAX_TB,2023,16,202316,total,under,0.4809843400447428,-108.0,0.5192307692307693,win,1.0,0.925925925925926,1.540084854505717,46.37318128488308,2.0,43.0,0.483969319271334,762,0.4909732028077866,762,202315.0,platt
2023_16_LV_KC,2023,16,202316,spread,away,0.563758389261745,-102.0,0.504950495049505,win,1.0,0.9803921568627452,8.566604652338867,37.94151488669179,-11.0,40.5,0.5,738,0.5074103137173726,738,202315.0,platt
2023_16_LV_KC,2023,16,202316,spread,home,0.436241610738255,-118.0,0.5412844036697247,loss,0.0,-1.0,8.566604652338867,37.94151488669179,-11.0,40.5,0.5,738,0.4925896862826274,738,202315.0,platt
2023_16_LV_KC,2023,16,202316,total,over,0.3355704697986577,-110.0,0.5238095238095238,loss,0.0,-1.0,8.566604652338867,37.94151488669179,-11.0,40.5,0.4159663865546218,762,0.41966538434336975,762,202315.0,platt
2023_16_LV_KC,2023,16,202316,total,under,0.6644295302013423,-110.0,0.5238095238095238,win,1.0,0.9090909090909092,8.566604652338867,37.94151488669179,-11.0,40.5,0.5840336134453782,762,0.5803346156566302,762,202315.0,platt
2023_16_NE_DEN,2023,16,202316,spread,away,0.6666666666666667,-110.0,0.5238095238095238,win,1.0,0.9090909090909092,1.920759196475904,36.099392254786814,-7.0,37.5,0.5645161290322581,738,0.5200213584675242,738,202315.0,platt
2023_16_NE_DEN,2023,16,202316,spread,home,0.3333333333333333,-110.0,0.5238095238095238,loss,0.0,-1.0,1.920759196475904,36.099392254786814,-7.0,37.5,0.4354838709677419,738,0.47997864153247577,738,202315.0,platt
2023_16_NE_DEN,2023,16,202316,total,over,0.3668903803131991,-110.0,0.5238095238095238,win,1.0,0.9090909090909092,1.920759196475904,36.099392254786814,-7.0,37.5,0.4159663865546218,762,0.43563607792764314,762,202315.0,platt
2023_16_NE_DEN,2023,16,202316,total,under,0.6331096196868009,-110.0,0.5238095238095238,loss,0.0,-1.0,1.920759196475904,36.099392254786814,-7.0,37.5,0.5840336134453782,762,0.564363922072357,762,202315.0,platt
2023_16_NO_LA,2023,16,202316,spread,away,0.6890380313199105,100.0,0.5,loss,0.0,-1.0,-1.9670958669842264,49.15896804887946,-4.0,45.5,0.5645161290322581,738,0.5229775246806326,738,202315.0,platt
2023_16_NO_LA,2023,16,202316,spread,home,0.3109619686800894,-120.0,0.5454545454545454,win,1.0,0.8333333333333334,-1.9670958669842264,49.15896804887946,-4.0,45.5,0.4354838709677419,738,0.4770224753193674,738,202315.0,platt
2023_16_NO_LA,2023,16,202316,total,over,0.5257270693512305,-108.0,0.5192307692307693,win,1.0,0.925925925925926,-1.9670958669842264,49.15896804887946,-4.0,45.5,0.52,762,0.5122165208283134,762,202315.0,platt
2023_16_NO_LA,2023,16,202316,total,under,0.4742729306487695,-112.0,0.5283018867924528,loss,0.0,-1.0,-1.9670958669842264,49.15896804887946,-4.0,45.5,0.48,762,0.48778347917168663,762,202315.0,platt
2023_16_NYG_PHI,2023,16,202316,spread,away,0.6890380313199105,-112.0,0.5283018867924528,win,1.0,0.8928571428571429,8.025101858745412,41.29717991146261,-14.0,41.0,0.5645161290322581,738,0.5229775246806326,738,202315.0,platt
2023_16_NYG_PHI,2023,16,202316,spread,home,0.3109619686800894,-108.0,0.5192307692307693,loss,0.0,-1.0,8.025101858745412,41.29717991146261,-14.0,41.0,0.4354838709677419,738,0.4770224753193674,738,202315.0,platt
2023_16_NYG_PHI,2023,16,202316,total,over,0.4295302013422818,-112.0,0.5283018867924528,win,1.0,0.8928571428571429,8.025101858745412,41.29717991146261,-14.0,41.0,0.4159663865546218,762,0.46638693455587404,762,202315.0,platt
2023_16_NYG_PHI,2023,16,202316,total,under,0.5704697986577181,-108.0,0.5192307692307693,loss,0.0,-1.0,8.025101858745412,41.29717991146261,-14.0,41.0,0.5840336134453782,762,0.5336130654441259,762,202315.0,platt
2023_16_SEA_TEN,2023,16,202316,spread,away,0.3780760626398211,-110.0,0.5238095238095238,push,,0.0,-0.6459766608648239,44.01315486567462,3.0,42.0,0.4625,738,0.48561970624341677,738,202315.0,platt
2023_16_SEA_TEN,2023,16,202316,spread,home,0.6219239373601789,-110.0,0.5238095238095238,push,,0.0,-0.6459766608648239,44.01315486567462,3.0,42.0,0.5375,738,0.5143802937565832,738,202315.0,platt
2023_16_SEA_TEN,2023,16,202316,total,over,0.4742729306487696,-112.0,0.5283018867924528,loss,0.0,-1.0,-0.6459766608648239,44.01315486567462,3.0,42.0,0.48,762,0.48778347917168674,762,202315.0,platt
2023_16_SEA_TEN,2023,16,202316,total,under,0.5257270693512304,-108.0,0.5192307692307693,win,1.0,0.925925925925926,-0.6459766608648239,44.01315486567462,3.0,42.0,0.52,762,0.5122165208283134,762,202315.0,platt
2023_16_WAS_NYJ,2023,16,202316,spread,away,0.6152125279642058,-108.0,0.5192307692307693,win,1.0,0.925925925925926,-0.974108272440806,36.19297703757367,-3.0,36.5,0.5375,738,0.5135588479125305,738,202315.0,platt
2023_16_WAS_NYJ,2023,16,202316,spread,home,0.3847874720357941,-112.0,0.5283018867924528,loss,0.0,-1.0,-0.974108272440806,36.19297703757367,-3.0,36.5,0.4625,738,0.48644115208746963,738,202315.0,platt
2023_16_WAS_NYJ,2023,16,202316,total,over,0.4026845637583892,-110.0,0.5238095238095238,win,1.0,0.9090909090909092,-0.974108272440806,36.19297703757367,-3.0,36.5,0.4159663865546218,762,0.4533605573163748,762,202315.0,platt
2023_16_WAS_NYJ,2023,16,202316,total,under,0.5973154362416108,-110.0,0.5238095238095238,loss,0.0,-1.0,-0.974108272440806,36.19297703757367,-3.0,36.5,0.5840336134453782,762,0.5466394426836252,762,202315.0,platt
2023_17_ARI_PHI,2023,17,202317,spread,away,0.4751619870410367,-110.0,0.5238095238095238,win,1.0,0.9090909090909092,11.763989464110754,45.612473638620905,-12.0,48.0,0.4999999999999999,768,0.4959398868795729,768,202316.0,platt
2023_17_ARI_PHI,2023,17,202317,spread,home,0.5248380129589633,-110.0,0.5238095238095238,loss,0.0,-1.0,11.763989464110754,45.612473638620905,-12.0,48.0,0.4999999999999999,768,0.5040601131204271,768,202316.0,platt
2023_17_ARI_PHI,2023,17,202317,total,over,0.3434125269978402,-110.0,0.5238095238095238,win,1.0,0.9090909090909092,11.763989464110754,45.612473638620905,-12.0,48.0,0.4206008583690987,794,0.427329438146595,794,202316.0,platt
2023_17_ARI_PHI,2023,17,202317,total,under,0.6565874730021598,-110.0,0.5238095238095238,loss,0.0,-1.0,11.763989464110754,45.612473638620905,-12.0,48.0,0.5793991416309013,794,0.5726705618534049,794,202316.0,platt
2023_17_ATL_CHI,2023,17,202317,spread,away,0.6652267818574513,-115.0,0.5348837209302325,loss,0.0,-1.0,-2.142100298192405,38.86998952339167,-3.0,39.0,0.582089552238806,768,0.5280097560360664,768,202316.0,platt
2023_17_ATL_CHI,2023,17,202317,spread,home,0.3347732181425486,-105.0,0.5121951219512195,win,1.0,0.9523809523809524,-2.142100298192405,38.86998952339167,-3.0,39.0,0.417910447761194,768,0.4719902439639335,768,202316.0,platt
2023_17_ATL_CHI,2023,17,202317,total,over,0.4146868250539957,-110.0,0.5238095238095238,win,1.0,0.9090909090909092,-2.142100298192405,38.86998952339167,-3.0,39.0,0.4206008583690987,794,0.46116205736825705,794,202316.0,platt
2023_17_ATL_CHI,2023,17,202317,total,under,0.5853131749460043,-110.0,0.5238095238095238,loss,0.0,-1.0,-2.142100298192405,38.86998952339167,-3.0,39.0,0.5793991416309013,794,0.5388379426317429,794,202316.0,platt
2023_17_CAR_JAX,2023,17,202317,spread,away,0.4362850971922246,-110.0,0.5238095238095238,loss,0.0,-1.0,4.354758090220047,42.5084381569537,-3.5,38.0,0.4999999999999999,768,0.4895379138282847,768,202316.0,platt
2023_17_CAR_JAX,2023,17,202317,spread,home,0.5637149028077754,-110.0,0.5238095238095238,win,1.0,0.9090909090909092,4.354758090220047,42.5084381569537,-3.5,38.0,0.4999999999999999,768,0.5104620861717152,768,202316.0,platt
2023_17_CAR_JAX,2023,17,202317,total,over,0.5831533477321814,-110.0,0.5238095238095238,loss,0.0,-1.0,4.354758090220047,42.5084381569537,-3.5,38.0,0.5793991416309013,794,0.537839760511062,794,202316.0,platt
2023_17_CAR_JAX,2023,17,202317,total,under,0.4168466522678186,-110.0,0.5238095238095238,win,1.0,0.9090909090909092,4.354758090220047,42.5084381569537,-3.5,38.0,0.4206008583690987,794,0.462160239488938,794,202316.0,platt
2023_17_CIN_KC,2023,17,202317,spread,away,0.4859611231101511,-115.0,0.5348837209302325,loss,0.0,-1.0,6.862197459250696,43.44418221676494,-7.5,46.0,0.4999999999999999,768,0.4977064051981825,768,202316.0,platt
2023_17_CIN_KC,2023,17,202317,spread,home,0.5140388768898488,-105.0,0.5121951219512195,win,1.0,0.9523809523809524,6.862197459250696,43.44418221676494,-7.5,46.0,0.4999999999999999,768,0.5022935948018175,768,202316.0,platt
2023_17_CIN_KC,2023,17,202317,total,over,0.3434125269978402,-108.0,0.5192307692307693,loss,0.0,-1.0,6.862197459250696,43.44418221676494,-7.5,46.0,0.4206008583690987,794,0.427329438146595,794,202316.0,platt
2023_17_CIN_KC,2023,17,202317,total,under,0.6565874730021598,-112.0,0.5283018867924528,win,1.0,0.8928571428571429,6.862197459250696,43.44418221676494,-7.5,46.0,0.5793991416309013,794,0.5726705618534049,794,202316.0,platt
2023_17_DET_DAL,2023,17,202317,spread,away,0.6371490280777538,-110.0,0.5238095238095238,win,1.0,0.9090909090909092,0.9360088699032212,53.49662781530591,-5.5,53.0,0.5432098765432098,768,0.5229733588716007,768,202316.0,platt
2023_17_DET_DAL,2023,17,202317,spread,home,0.3628509719222462,-110.0,0.5238095238095238,loss,0.0,-1.0,0.9360088699032212,53.49662781530591,-5.5,53.0,0.4567901234567901,768,0.4770266411283992,768,202316.0,platt
2023_17_DET_DAL,2023,17,202317,total,over,0.4406047516198704,-110.0,0.5238095238095238,loss,0.0,-1.0,0.9360088699032212,53.49662781530591,-5.5,53.0,0.4206008583690987,794,0.4730701611846132,794,202316.0,platt
2023_17_DET_DAL,2023,17,202317,total,under,0.5593952483801297,-110.0,0.5238095238095238,win,1.0,0.9090909090909092,0.9360088699032212,53.49662781530591,-5.5,53.0,0.5793991416309013,794,0.5269298388153869,794,202316.0,platt
2023_17_GB_MIN,2023,17,202317,spread,away,0.468682505399568,-112.0,0.5283018867924528,win,1.0,0.8928571428571429,1.0341361826121618,50.07456885850647,-1.0,42.5,0.4999999999999999,768,0.49487830241082076,768,202316.0,platt
2023_17_GB_MIN,2023,17,202317,spread,home,0.531317494600432,-108.0,0.5192307692307693,loss,0.0,-1.0,1.0341361826121618,50.07456885850647,-1.0,42.5,0.4999999999999999,768,0.5051216975891792,768,202316.0,platt
2023_17_GB_MIN,2023,17,202317,total,over,0.6803455723542117,-108.0,0.5192307692307693,win,1.0,0.925925925925926,1.0341361826121618,50.07456885850647,-1.0,42.5,0.5833333333333334,794,0.5844805167806177,794,202316.0,platt
2023_17_GB_MIN,2023,17,202317,total,under,0.3196544276457883,-112.0,0.5283018867924528,loss,0.0,-1.0,1.0341361826121618,50.07456885850647,-1.0,42.5,0.4166666666666667,794,0.4155194832193822,794,202316.0,platt
2023_17_LAC_DEN,2023,17,202317,spread,away,0.5723542116630669,-108.0,0.5192307692307693,loss,0.0,-1.0,0.8416561339894322,40.053568385882976,-3.5,39.5,0.4999999999999999,768,0.5118991060836564,768,202316.0,platt
2023_17_LAC_DEN,2023,17,202317,spread,home,0.427645788336933,-112.0,0.5283018867924528,win,1.0,0.8928571428571429,0.8416561339894322,40.053568385882976,-3.5,39.5,0.4999999999999999,768,0.4881008939163435,768,202316.0,platt
2023_17_LAC_DEN,2023,17,202317,total,over,0.4406047516198704,-110.0,0.5238095238095238,loss,0.0,-1.0,0.8416561339894322,40.053568385882976,-3.5,39.5,0.4206008583690987,794,0.4730701611846132,794,202316.0,platt
2023_17_LAC_DEN,2023,17,202317,total,under,0.5593952483801297,-110.0,0.5238095238095238,win,1.0,0.9090909090909092,0.8416561339894322,40.053568385882976,-3.5,39.5,0.5793991416309013,794,0.5269298388153869,794,202316.0,platt
2023_17_LA_NYG,2023,17,202317,spread,away,0.5723542116630669,-112.0,0.5283018867924528,loss,0.0,-1.0,-8.664813970331743,42.36487179440983,6.0,43.5,0.4999999999999999,768,0.5118991060836564,768,202316.0,platt
2023_17_LA_NYG,2023,17,202317,spread,home,0.427645788336933,-108.0,0.5192307692307693,win,1.0,0.925925925925926,-8.664813970331743,42.36487179440983,6.0,43.5,0.4999999999999999,768,0.4881008939163435,768,202316.0,platt
2023_17_LA_NYG,2023,17,202317,total,over,0.3822894168466522,-112.0,0.5283018867924528,win,1.0,0.8928571428571429,-8.664813970331743,42.36487179440983,6.0,43.5,0.4206008583690987,794,0.4460253387503085,794,202316.0,platt
2023_17_LA_NYG,2023,17,202317,total,under,0.6177105831533478,-108.0,0.5192307692307693,loss,0.0,-1.0,-8.664813970331743,42.36487179440983,6.0,43.5,0.5793991416309013,794,0.5539746612496915,794,202316.0,platt
2023_17_LV_IND,2023,17,202317,spread,away,0.5183585313174945,-110.0,0.5238095238095238,win,1.0,0.9090909090909092,2.092822908393699,42.92283917668035,-3.5,42.5,0.4999999999999999,768,0.5029998615510409,768,202316.0,platt
2023_17_LV_IND,2023,17,202317,spread,home,0.4816414686825054,-110.0,0.5238095238095238,loss,0.0,-1.0,2.092822908393699,42.92283917668035,-3.5,42.5,0.4999999999999999,768,0.49700013844895896,768,202316.0,platt
2023_17_LV_IND,2023,17,202317,total,over,0.4406047516198704,-115.0,0.5348837209302325,win,1.0,0.8695652173913043,2.092822908393699,42.92283917668035,-3.5,42.5,0.4206008583690987,794,0.4730701611846132,794,202316.0,platt
2023_17_LV_IND,2023,17,202317,total,under,0.5593952483801297,-105.0,0.5121951219512195,loss,0.0,-1.0,2.092822908393699,42.92283917668035,-3.5,42.5,0.5793991416309013,794,0.5269298388153869,794,202316.0,platt
2023_17_MIA_BAL,2023,17,202317,spread,away,0.5572354211663066,100.0,0.5,loss,0.0,-1.0,0.8126391941900959,46.71016470691563,-3.0,47.0,0.4999999999999999,768,0.5093884703792573,768,202316.0,platt
2023_17_MIA_BAL,2023,17,202317,spread,home,0.4427645788336933,-120.0,0.5454545454545454,win,1.0,0.8333333333333334,0.8126391941900959,46.71016470691563,-3.0,47.0,0.4999999999999999,768,0.49061152962074267,768,202316.0,platt
2023_17_MIA_BAL,2023,17,202317,total,over,0.4103671706263499,-112.0,0.5283018867924528,win,1.0,0.8928571428571429,0.8126391941900959,46.71016470691563,-3.0,47.0,0.4206008583690987,794,0.4591620454344141,794,202316.0,platt
2023_17_MIA_BAL,2023,17,202317,total,under,0.5896328293736501,-108.0,0.5192307692307693,loss,0.0,-1.0,0.8126391941900959,46.71016470691563,-3.0,47.0,0.5793991416309013,794,0.5408379545655859,794,202316.0,platt
2023_17_NE_BUF,2023,17,202317,spread,away,0.5982721382289418,-110.0,0.5238095238095238,win,1.0,0.9090909090909092,11.6924407169334,41.6914551576064,-15.0,40.0,0.4999999999999999,768,0.516256932870707,768,202316.0,platt
2023_17_NE_BUF,2023,17,202317,spread,home,0.4017278617710583,-110.0,0.5238095238095238,loss,0.0,-1.0,11.6924407169334,41.6914551576064,-15.0,40.0,0.4999999999999999,768,0.483743067129293,768,202316.0,platt
2023_17_NE_BUF,2023,17,202317,total,over,0.4773218142548596,-112.0,0.5283018867924528,win,1.0,0.8928571428571429,11.6924407169334,41.6914551576064,-15.0,40.0,0.4782608695652174,794,0.4897507363681303,794,202316.0,platt
2023_17_NE_BUF,2023,17,202317,total,under,0.5226781857451404,-108.0,0.5192307692307693,loss,0.0,-1.0,11.6924407169334,41.6914551576064,-15.0,40.0,0.5217391304347825,794,0.5102492636318696,794,202316.0,platt
2023_17_NO_TB,2023,17,202317,spread,away,0.6155507559395248,100.0,0.5,win,1.0,1.0,-1.524325776001908,45.99086150869351,-2.5,42.5,0.5432098765432098,768,0.5192109467034678,768,202316.0,platt
2023_17_NO_TB,2023,17,202317,spread,home,0.3844492440604751,-120.0,0.5454545454545454,loss,0.0,-1.0,-1.524325776001908,45.99086150869351,-2.5,42.5,0.4567901234567901,768,0.4807890532965322,768,202316.0,platt
2023_17_NO_TB,2023,17,202317,total,over,0.5269978401727862,-108.0,0.5192307692307693,loss,0.0,-1.0,-1.524325776001908,45.99086150869351,-2.5,42.5,0.5217391304347825,794,0.5122042887014564,794,202316.0,platt
2023_17_NO_TB,2023,17,202317,total,under,0.4730021598272138,-112.0,0.5283018867924528,win,1.0,0.8928571428571429,-1.524325776001908,45.99086150869351,-2.5,42.5,0.4782608695652174,794,0.4877957112985436,794,202316.0,platt
2023_17_NYJ_CLE,2023,17,202317,spread,away,0.4384449244060475,-105.0,0.5121951219512195,loss,0.0,-1.0,7.3213766832991665,35.2942766658481,-6.5,33.5,0.4999999999999999,768,0.4898961574272028,768,202316.0,platt
2023_17_NYJ_CLE,2023,17,202317,spread,home,0.5615550755939525,-115.0,0.5348837209302325,win,1.0,0.8695652173913043,7.3213766832991665,35.2942766658481,-6.5,33.5,0.4999999999999999,768,0.5101038425727972,768,202316.0,platt
2023_17_NYJ_CLE,2023,17,202317,total,over,0.4794816414686825,-110.0,0.5238095238095238,win,1.0,0.9090909090909092,7.3213766832991665,35.2942766658481,-6.5,33.5,0.4782608695652174,794,0.49072777618093355,794,202316.0,platt
2023_17_NYJ_CLE,2023,17,202317,total,under,0.5205183585313176,-110.0,0.5238095238095238,loss,0.0,-1.0,7.3213766832991665,35.2942766658481,-6.5,33.5,0.5217391304347825,794,0.5092722238190664,794,202316.0,platt
2023_17_PIT_SEA,2023,17,202317,spread,away,0.5917926565874729,-110.0,0.5238095238095238,win,1.0,0.9090909090909092,1.3640102773501366,43.52839488413364,-4.5,40.5,0.4999999999999999,768,0.5151600233795856,768,202316.0,platt
2023_17_PIT_SEA,2023,17,202317,spread,home,0.408207343412527,-110.0,0.5238095238095238,loss,0.0,-1.0,1.3640102773501366,43.52839488413364,-4.5,40.5,0.4999999999999999,768,0.48483997662041456,768,202316.0,platt
2023_17_PIT_SEA,2023,17,202317,total,over,0.5205183585313174,-112.0,0.5283018867924528,win,1.0,0.8928571428571429,1.3640102773501366,43.52839488413364,-4.5,40.5,0.5217391304347825,794,0.5092722238190664,794,202316.0,platt
2023_17_PIT_SEA,2023,17,202317,total,under,0.4794816414686825,-108.0,0.5192307692307693,loss,0.0,-1.0,1.3640102773501366,43.52839488413364,-4.5,40.5,0.4782608695652174,794,0.49072777618093355,794,202316.0,platt
2023_17_SF_WAS,2023,17,202317,spread,away,0.3909287257019438,-115.0,0.5348837209302325,win,1.0,0.8695652173913043,-11.959278427539251,45.85793120277147,14.0,49.0,0.4567901234567901,768,0.48190206720404716,768,202316.0,platt
2023_17_SF_WAS,2023,17,202317,spread,home,0.6090712742980562,-105.0,0.5121951219512195,loss,0.0,-1.0,-11.959278427539251,45.85793120277147,14.0,49.0,0.5432098765432098,768,0.5180979327959528,768,202316.0,platt
2023_17_SF_WAS,2023,17,202317,total,over,0.3326133909287257,-108.0,0.5192307692307693,loss,0.0,-1.0,-11.959278427539251,45.85793120277147,14.0,49.0,0.4206008583690987,794,0.42200291286220876,794,202316.0,platt
2023_17_SF_WAS,2023,17,202317,total,under,0.6673866090712743,-112.0,0.5283018867924528,win,1.0,0.8928571428571429,-11.959278427539251,45.85793120277147,14.0,49.0,0.5793991416309013,794,0.5779970871377912,794,202316.0,platt
2023_17_TEN_HOU,2023,17,202317,spread,away,0.6825053995680346,-105.0,0.5121951219512195,loss,0.0,-1.0,-0.8520670767844558,47.214621276613606,-5.0,44.0,0.582089552238806,768,0.531209400161572,768,202316.0,platt
2023_17_TEN_HOU,2023,17,202317,spread,home,0.3174946004319654,-115.0,0.5348837209302325,win,1.0,0.8695652173913043,-0.8520670767844558,47.214621276613606,-5.0,44.0,0.417910447761194,768,0.468790599838428,768,202316.0,platt
2023_17_TEN_HOU,2023,17,202317,total,over,0.5226781857451404,-112.0,0.5283018867924528,loss,0.0,-1.0,-0.8520670767844558,47.214621276613606,-5.0,44.0,0.5217391304347825,794,0.5102492636318696,794,202316.0,platt
2023_17_TEN_HOU,2023,17,202317,total,under,0.4773218142548596,-108.0,0.5192307692307693,win,1.0,0.925925925925926,-0.8520670767844558,47.214621276613606,-5.0,44.0,0.4782608695652174,794,0.4897507363681303,794,202316.0,platt
2023_18_ATL_NO,2023,18,202318,spread,away,0.4780793319415448,-122.0,0.5495495495495496,loss,0.0,-1.0,3.096293427993868,42.96504955265704,-3.5,41.5,0.5,800,0.4967340414803851,800,202317.0,platt
2023_18_ATL_NO,2023,18,202318,spread,home,0.5219206680584552,102.0,0.495049504950495,win,1.0,1.02,3.096293427993868,42.96504955265704,-3.5,41.5,0.5000000000000001,800,0.5032659585196149,800,202317.0,platt
2023_18_ATL_NO,2023,18,202318,total,over,0.4697286012526096,-112.0,0.5283018867924528,win,1.0,0.8928571428571429,3.096293427993868,42.96504955265704,-3.5,41.5,0.4883720930232558,826,0.486895717108851,826,202317.0,platt
2023_18_ATL_NO,2023,18,202318,total,under,0.5302713987473904,-108.0,0.5192307692307693,loss,0.0,-1.0,3.096293427993868,42.96504955265704,-3.5,41.5,0.5116279069767442,826,0.513104282891149,826,202317.0,platt
2023_18_BUF_MIA,2023,18,202318,spread,away,0.4217118997912317,-125.0,0.5555555555555556,win,1.0,0.8,-1.3723872727248183,46.42550696870001,2.5,47.5,0.5,800,0.48824865173078674,800,202317.0,platt
2023_18_BUF_MIA,2023,18,202318,spread,home,0.5782881002087683,105.0,0.4878048780487805,loss,0.0,-1.0,-1.3723872727248183,46.42550696870001,2.5,47.5,0.5000000000000001,800,0.5117513482692133,800,202317.0,platt
2023_18_BUF_MIA,2023,18,202318,total,over,0.3883089770354906,-110.0,0.5238095238095238,loss,0.0,-1.0,-1.3723872727248183,46.42550696870001,2.5,47.5,0.427536231884058,826,0.4510269349898042,826,202317.0,platt
2023_18_BUF_MIA,2023,18,202318,total,under,0.6116910229645094,-110.0,0.5238095238095238,win,1.0,0.9090909090909092,-1.3723872727248183,46.42550696870001,2.5,47.5,0.572463768115942,826,0.5489730650101957,826,202317.0,platt
2023_18_CHI_GB,2023,18,202318,spread,away,0.336116910229645,-102.0,0.504950495049505,loss,0.0,-1.0,5.968856024647931,44.75225005073681,-2.5,45.5,0.4347826086956521,800,0.4746851689358877,800,202317.0,platt
2023_18_CHI_GB,2023,18,202318,spread,home,0.6638830897703549,-118.0,0.5412844036697247,win,1.0,0.847457627118644,5.968856024647931,44.75225005073681,-2.5,45.5,0.5652173913043478,800,0.5253148310641124,800,202317.0,platt
2023_18_CHI_GB,2023,18,202318,total,over,0.3945720250521921,-112.0,0.5283018867924528,loss,0.0,-1.0,5.968856024647931,44.75225005073681,-2.5,45.5,0.427536231884058,826,0.4538437840564763,826,202317.0,platt
2023_18_CHI_GB,2023,18,202318,total,under,0.605427974947808,-108.0,0.5192307692307693,win,1.0,0.925925925925926,5.968856024647931,44.75225005073681,-2.5,45.5,0.572463768115942,826,0.5461562159435237,826,202317.0,platt
2023_18_CLE_CIN,2023,18,202318,spread,away,0.7515657620041754,-115.0,0.5348837209302325,loss,0.0,-1.0,-0.8478943386979818,41.66458265190561,-7.5,37.0,0.5652173913043478,800,0.5411133535205798,800,202317.0,platt
2023_18_CLE_CIN,2023,18,202318,spread,home,0.2484342379958246,-105.0,0.5121951219512195,win,1.0,0.9523809523809524,-0.8478943386979818,41.66458265190561,-7.5,37.0,0.4347826086956521,800,0.4588866464794203,800,202317.0,platt
2023_18_CLE_CIN,2023,18,202318,total,over,0.5845511482254697,-108.0,0.5192307692307693,win,1.0,0.925925925925926,-0.8478943386979818,41.66458265190561,-7.5,37.0,0.5714285714285713,826,0.5368529134337108,826,202317.0,platt
2023_18_CLE_CIN,2023,18,202318,total,under,0.4154488517745303,-112.0,0.5283018867924528,loss,0.0,-1.0,-0.8478943386979818,41.66458265190561,-7.5,37.0,0.4285714285714285,826,0.4631470865662891,826,202317.0,platt
2023_18_DAL_WAS,2023,18,202318,spread,away,0.3277661795407098,-115.0,0.5348837209302325,win,1.0,0.8695652173913043,-9.271139496538645,41.84890981989594,13.0,47.5,0.4347826086956521,800,0.4732871511272619,800,202317.0,platt
2023_18_DAL_WAS,2023,18,202318,spread,home,0.6722338204592901,-105.0,0.5121951219512195,loss,0.0,-1.0,-9.271139496538645,41.84890981989594,13.0,47.5,0.5652173913043478,800,0.5267128488727382,800,202317.0,platt
2023_18_DAL_WAS,2023,18,202318,total,over,0.2818371607515658,-110.0,0.5238095238095238,win,1.0,0.9090909090909092,-9.271139496538645,41.84890981989594,13.0,47.5,0.3888888888888889,826,0.40022891397309307,826,202317.0,platt
2023_18_DAL_WAS,2023,18,202318,total,under,0.7181628392484343,-110.0,0.5238095238095238,loss,0.0,-1.0,-9.271139496538645,41.84890981989594,13.0,47.5,0.6111111111111112,826,0.5997710860269069,826,202317.0,platt
2023_18_DEN_LV,2023,18,202318,spread,away,0.4926931106471816,-118.0,0.5412844036697247,loss,0.0,-1.0,2.694802148666541,45.99777214960609,-3.5,37.5,0.5,800,0.4989119537886811,800,202317.0,platt
2023_18_DEN_LV,2023,18,202318,spread,home,0.5073068893528184,-102.0,0.504950495049505,win,1.0,0.9803921568627452,2.694802148666541,45.99777214960609,-3.5,37.5,0.5,800,0.501088046211319,800,202317.0,platt
2023_18_DEN_LV,2023,18,202318,total,over,0.7035490605427975,-105.0,0.5121951219512195,win,1.0,0.9523809523809524,2.694802148666541,45.99777214960609,-3.5,37.5,0.6111111111111112,826,0.5923668574463671,826,202317.0,platt
2023_18_DEN_LV,2023,18,202318,total,under,0.2964509394572024,-115.0,0.5348837209302325,loss,0.0,-1.0,2.694802148666541,45.99777214960609,-3.5,37.5,0.3888888888888889,826,0.4076331425536329,826,202317.0,platt
2023_18_HOU_IND,2023,18,202318,spread,away,0.3632567849686847,-110.0,0.5238095238095238,win,1.0,0.9090909090909092,1.1363104825611563,46.972033018647615,1.5,47.5,0.4459459459459459,800,0.47911986501335346,800,202317.0,platt
2023_18_HOU_IND,2023,18,202318,spread,home,0.6367432150313153,-110.0,0.5238095238095238,loss,0.0,-1.0,1.1363104825611563,46.972033018647615,1.5,47.5,0.5540540540540541,800,0.5208801349866465,800,202317.0,platt
2023_18_HOU_IND,2023,18,202318,total,over,0.4008350730688935,-112.0,0.5283018867924528,loss,0.0,-1.0,1.1363104825611563,46.972033018647615,1.5,47.5,0.427536231884058,826,0.45664803625272915,826,202317.0,platt
2023_18_HOU_IND,2023,18,202318,total,under,0.5991649269311065,-108.0,0.5192307692307693,win,1.0,0.925925925925926,1.1363104825611563,46.972033018647615,1.5,47.5,0.572463768115942,826,0.5433519637472709,826,202317.0,platt
2023_18_JAX_TEN,2023,18,202318,spread,away,0.3966597077244259,-102.0,0.504950495049505,loss,0.0,-1.0,-1.6656109988804255,39.68718567448605,3.5,41.5,0.5,800,0.4843931729660829,800,202317.0,platt
2023_18_JAX_TEN,2023,18,202318,spread,home,0.6033402922755741,-118.0,0.5412844036697247,win,1.0,0.847457627118644,-1.6656109988804255,39.68718567448605,3.5,41.5,0.5000000000000001,800,0.5156068270339171,800,202317.0,platt
2023_18_JAX_TEN,2023,18,202318,total,over,0.3611691022964509,-108.0,0.5192307692307693,win,1.0,0.925925925925926,-1.6656109988804255,39.68718567448605,3.5,41.5,0.427536231884058,826,0.4386529633047588,826,202317.0,platt
2023_18_JAX_TEN,2023,18,202318,total,under,0.6388308977035491,-112.0,0.5283018867924528,loss,0.0,-1.0,-1.6656109988804255,39.68718567448605,3.5,41.5,0.572463768115942,826,0.5613470366952412,826,202317.0,platt
2023_18_KC_LAC,2023,18,202318,spread,away,0.8413361169102296,-115.0,0.5348837209302325,win,1.0,0.8695652173913043,-8.886438573633242,41.43251635760564,-3.5,35.0,0.5652173913043478,800,0.5617801043958949,800,202317.0,platt
2023_18_KC_LAC,2023,18,202318,spread,home,0.1586638830897703,-105.0,0.5121951219512195,loss,0.0,-1.0,-8.886438573633242,41.43251635760564,-3.5,35.0,0.4347826086956521,800,0.43821989560410507,800,202317.0,platt
2023_18_KC_LAC,2023,18,202318,total,over,0.6346555323590815,-115.0,0.5348837209302325,loss,0.0,-1.0,-8.886438573633242,41.43251635760564,-3.5,35.0,0.572463768115942,826,0.559423824800191,826,202317.0,platt
2023_18_KC_LAC,2023,18,202318,total,under,0.3653444676409185,-108.0,0.5192307692307693,win,1.0,0.925925925925926,-8.886438573633242,41.43251635760564,-3.5,35.0,0.427536231884058,826,0.44057617519980885,826,202317.0,platt
2023_18_LA_SF,2023,18,202318,spread,away,0.3736951983298539,-108.0,0.5192307692307693,win,1.0,0.925925925925926,7.885613795162746,42.112299456436816,-5.5,40.0,0.4459459459459459,800,0.4807870466754271,800,202317.0,platt
2023_18_LA_SF,2023,18,202318,spread,home,0.6263048016701461,-112.0,0.5283018867924528,loss,0.0,-1.0,7.885613795162746,42.112299456436816,-5.5,40.0,0.5540540540540541,800,0.519212953324573,800,202317.0,platt
2023_18_LA_SF,2023,18,202318,total,over,0.4885177453027139,-112.0,0.5283018867924528,win,1.0,0.8928571428571429,7.885613795162746,42.112299456436816,-5.5,40.0,0.5,826,0.4950336419939983,826,202317.0,platt
2023_18_LA_SF,2023,18,202318,total,under,0.511482254697286,-108.0,0.5192307692307693,loss,0.0,-1.0,7.885613795162746,42.112299456436816,-5.5,40.0,0.5,826,0.5049663580060016,826,202317.0,platt
2023_18_MIN_DET,2023,18,202318,spread,away,0.3277661795407098,-102.0,0.504950495049505,loss,0.0,-1.0,7.362405438113864,50.59682331661117,-3.5,47.5,0.4347826086956521,800,0.4732871511272619,800,202317.0,platt
2023_18_MIN_DET,2023,18,202318,spread,home,0.6722338204592901,-118.0,0.5412844036697247,win,1.0,0.847457627118644,7.362405438113864,50.59682331661117,-3.5,47.5,0.5652173913043478,800,0.5267128488727382,800,202317.0,platt
2023_18_MIN_DET,2023,18,202318,total,over,0.5219206680584552,-110.0,0.5238095238095238,win,1.0,0.9090909090909092,7.362405438113864,50.59682331661117,-3.5,47.5,0.5,826,0.5094848164625276,826,202317.0,platt
2023_18_MIN_DET,2023,18,202318,total,under,0.4780793319415448,-110.0,0.5238095238095238,loss,0.0,-1.0,7.362405438113864,50.59682331661117,-3.5,47.5,0.5,826,0.4905151835374724,826,202317.0,platt
2023_18_NYJ_NE,2023,18,202318,spread,away,0.465553235908142,-112.0,0.5283018867924528,win,1.0,0.8928571428571429,2.53210173525207,33.04690848183994,-2.5,28.5,0.5,800,0.49486303929833225,800,202317.0,platt
2023_18_NYJ_NE,2023,18,202318,spread,home,0.534446764091858,-108.0,0.5192307692307693,loss,0.0,-1.0,2.53210173525207,33.04690848183994,-2.5,28.5,0.5000000000000001,800,0.5051369607016677,800,202317.0,platt
2023_18_NYJ_NE,2023,18,202318,total,over,0.5824634655532359,-110.0,0.5238095238095238,loss,0.0,-1.0,2.53210173525207,33.04690848183994,-2.5,28.5,0.5714285714285713,826,0.535929080358604,826,202317.0,platt
2023_18_NYJ_NE,2023,18,202318,total,under,0.4175365344467641,-110.0,0.5238095238095238,win,1.0,0.9090909090909092,2.53210173525207,33.04690848183994,-2.5,28.5,0.4285714285714285,826,0.464070919641396,826,202317.0,platt
2023_18_PHI_NYG,2023,18,202318,spread,away,0.6638830897703549,-112.0,0.5283018867924528,loss,0.0,-1.0,-9.817020918832888,42.35673614109634,4.5,43.0,0.5652173913043478,800,0.5253148310641124,800,202317.0,platt
2023_18_PHI_NYG,2023,18,202318,spread,home,0.336116910229645,-108.0,0.5192307692307693,win,1.0,0.925925925925926,-9.817020918832888,42.35673614109634,4.5,43.0,0.4347826086956521,800,0.4746851689358877,800,202317.0,platt
2023_18_PHI_NYG,2023,18,202318,total,over,0.3966597077244259,-115.0,0.5348837209302325,loss,0.0,-1.0,-9.817020918832888,42.35673614109634,4.5,43.0,0.427536231884058,826,0.4547798915731165,826,202317.0,platt
2023_18_PHI_NYG,2023,18,202318,total,under,0.6033402922755742,-105.0,0.5121951219512195,win,1.0,0.9523809523809524,-9.817020918832888,42.35673614109634,4.5,43.0,0.572463768115942,826,0.5452201084268836,826,202317.0,platt
2023_18_PIT_BAL,2023,18,202318,spread,away,0.1461377870563674,-105.0,0.5121951219512195,win,1.0,0.9523809523809524,8.802024875581154,43.21091975414862,3.0,34.0,0.4114852803243476,800,0.43466690113842127,800,202317.0,platt
2023_18_PIT_BAL,2023,18,202318,spread,home,0.8538622129436325,-115.0,0.5348837209302325,loss,0.0,-1.0,8.802024875581154,43.21091975414862,3.0,34.0,0.5885147196756525,800,0.5653330988615788,800,202317.0,platt
2023_18_PIT_BAL,2023,18,202318,total,over,0.7202505219206681,-110.0,0.5238095238095238,loss,0.0,-1.0,8.802024875581154,43.21091975414862,3.0,34.0,0.6111111111111112,826,0.600843775172676,826,202317.0,platt
2023_18_PIT_BAL,2023,18,202318,total,under,0.2797494780793319,-110.0,0.5238095238095238,win,1.0,0.9090909090909092,8.802024875581154,43.21091975414862,3.0,34.0,0.3888888888888889,826,0.399156224827324,826,202317.0,platt
2023_18_SEA_ARI,2023,18,202318,spread,away,0.4947807933194155,-122.0,0.5495495495495496,loss,0.0,-1.0,-3.3710353554813715,49.42713841312843,2.5,48.0,0.5,800,0.49922285063527516,800,202317.0,platt
2023_18_SEA_ARI,2023,18,202318,spread,home,0.5052192066805845,102.0,0.495049504950495,win,1.0,1.02,-3.3710353554813715,49.42713841312843,2.5,48.0,0.5,800,0.5007771493647248,800,202317.0,platt
2023_18_SEA_ARI,2023,18,202318,total,over,0.4676409185803757,-110.0,0.5238095238095238,loss,0.0,-1.0,-3.3710353554813715,49.42713841312843,2.5,48.0,0.4883720930232558,826,0.4859899818428471,826,202317.0,platt
2023_18_SEA_ARI,2023,18,202318,total,under,0.5323590814196242,-110.0,0.5238095238095238,win,1.0,0.9090909090909092,-3.3710353554813715,49.42713841312843,2.5,48.0,0.5116279069767442,826,0.5140100181571529,826,202317.0,platt
2023_18_TB_CAR,2023,18,202318,spread,away,0.4008350730688935,-105.0,0.5121951219512195,win,1.0,0.9523809523809524,-3.2795859979454933,38.10725106426075,5.0,36.5,0.5,800,0.48504085420658327,800,202317.0,platt
2023_18_TB_CAR,2023,18,202318,spread,home,0.5991649269311065,-115.0,0.5348837209302325,loss,0.0,-1.0,-3.2795859979454933,38.10725106426075,5.0,36.5,0.5000000000000001,800,0.5149591457934167,800,202317.0,platt
2023_18_TB_CAR,2023,18,202318,total,over,0.4780793319415449,-110.0,0.5238095238095238,loss,0.0,-1.0,-3.2795859979454933,38.10725106426075,5.0,36.5,0.5,826,0.4905151835374724,826,202317.0,platt
2023_18_TB_CAR,2023,18,202318,total,under,0.5219206680584552,-110.0,0.5238095238095238,win,1.0,0.9090909090909092,-3.2795859979454933,38.10725106426075,5.0,36.5,0.5,826,0.5094848164625276,826,202317.0,platt
2024_01_ARI_BUF,2024,1,202401,spread,away,0.2909090909090909,-105.0,0.5121951219512195,win,1.0,0.9523809523809524,11.66700077577864,44.560974976670096,-6.5,46.0,0.4473684210526316,832,0.48071177802842013,832,202318.0,platt
2024_01_ARI_BUF,2024,1,202401,spread,home,0.7090909090909091,-115.0,0.5348837209302325,loss,0.0,-1.0,11.66700077577864,44.560974976670096,-6.5,46.0,0.5526315789473685,832,0.5192882219715799,832,202318.0,platt
2024_01_ARI_BUF,2024,1,202401,total,over,0.3717171717171717,-108.0,0.5192307692307693,win,1.0,0.925925925925926,11.66700077577864,44.560974976670096,-6.5,46.0,0.4236111111111111,858,0.44732070925527373,858,202318.0,platt
2024_01_ARI_BUF,2024,1,202401,total,under,0.6282828282828283,-112.0,0.5283018867924528,loss,0.0,-1.0,11.66700077577864,44.560974976670096,-6.5,46.0,0.5763888888888888,858,0.5526792907447263,858,202318.0,platt
2024_01_BAL_KC,2024,1,202401,spread,away,0.6727272727272727,-118.0,0.5412844036697247,loss,0.0,-1.0,-2.687854475144153,44.352481936524775,-3.0,46.0,0.5526315789473685,832,0.5156014174887124,832,202318.0,platt
2024_01_BAL_KC,2024,1,202401,spread,home,0.3272727272727272,-102.0,0.504950495049505,win,1.0,0.9803921568627452,-2.687854475144153,44.352481936524775,-3.0,46.0,0.4473684210526316,832,0.48439858251128765,832,202318.0,platt
2024_01_BAL_KC,2024,1,202401,total,over,0.3636363636363636,-110.0,0.5238095238095238,win,1.0,0.9090909090909092,-2.687854475144153,44.352481936524775,-3.0,46.0,0.4236111111111111,858,0.44386051097793394,858,202318.0,platt
2024_01_BAL_KC,2024,1,202401,total,under,0.6363636363636364,-110.0,0.5238095238095238,loss,0.0,-1.0,-2.687854475144153,44.352481936524775,-3.0,46.0,0.5763888888888888,858,0.556139489022066,858,202318.0,platt
2024_01_CAR_NO,2024,1,202401,spread,away,0.2383838383838383,-108.0,0.5192307692307693,loss,0.0,-1.0,10.754715094049285,42.93401057295917,-3.5,41.5,0.4473684210526316,832,0.4748626890559989,832,202318.0,platt
2024_01_CAR_NO,2024,1,202401,spread,home,0.7616161616161616,-112.0,0.5283018867924528,win,1.0,0.8928571428571429,10.754715094049285,42.93401057295917,-3.5,41.5,0.5526315789473685,832,0.5251373109440011,832,202318.0,platt
2024_01_CAR_NO,2024,1,202401,total,over,0.4646464646464646,-108.0,0.5192307692307693,win,1.0,0.925925925925926,10.754715094049285,42.93401057295917,-3.5,41.5,0.4851485148514851,858,0.4857336196292454,858,202318.0,platt
2024_01_CAR_NO,2024,1,202401,total,under,0.5353535353535354,-112.0,0.5283018867924528,loss,0.0,-1.0,10.754715094049285,42.93401057295917,-3.5,41.5,0.5148514851485149,858,0.5142663803707546,858,202318.0,platt
2024_01_DAL_CLE,2024,1,202401,spread,away,0.7595959595959596,-112.0,0.5283018867924528,win,1.0,0.8928571428571429,-6.147054655478728,42.7431628713518,-2.5,42.0,0.5526315789473685,832,0.5248976051545317,832,202318.0,platt
2024_01_DAL_CLE,2024,1,202401,spread,home,0.2404040404040404,-108.0,0.5192307692307693,loss,0.0,-1.0,-6.147054655478728,42.7431628713518,-2.5,42.0,0.4473684210526316,832,0.47510239484546835,832,202318.0,platt
2024_01_DAL_CLE,2024,1,202401,total,over,0.4444444444444444,-112.0,0.5283018867924528,win,1.0,0.8928571428571429,-6.147054655478728,42.7431628713518,-2.5,42.0,0.4851485148514851,858,0.47753505391087814,858,202318.0,platt
2024_01_DAL_CLE,2024,1,202401,total,under,0.5555555555555556,-108.0,0.5192307692307693,loss,0.0,-1.0,-6.147054655478728,42.7431628713518,-2.5,42.0,0.5148514851485149,858,0.5224649460891219,858,202318.0,platt
2024_01_GB_PHI,2024,1,202401,spread,away,0.6060606060606061,-110.0,0.5238095238095238,loss,0.0,-1.0,-1.8126029348339168,51.49708879715176,-2.0,49.5,0.5019305019305019,832,0.5093293486481969,832,202318.0,platt
2024_01_GB_PHI,2024,1,202401,spread,home,0.3939393939393939,-110.0,0.5238095238095238,win,1.0,0.9090909090909092,-1.8126029348339168,51.49708879715176,-2.0,49.5,0.4980694980694981,832,0.4906706513518031,832,202318.0,platt
2024_01_GB_PHI,2024,1,202401,total,over,0.4787878787878787,-108.0,0.5192307692307693,win,1.0,0.925925925925926,-1.8126029348339168,51.49708879715176,-2.0,49.5,0.4851485148514851,858,0.4914478360159273,858,202318.0,platt
2024_01_GB_PHI,2024,1,202401,total,under,0.5212121212121212,-112.0,0.5283018867924528,loss,0.0,-1.0,-1.8126029348339168,51.49708879715176,-2.0,49.5,0.5148514851485149,858,0.5085521639840727,858,202318.0,platt
2024_01_HOU_IND,2024,1,202401,spread,away,0.3393939393939393,-108.0,0.5192307692307693,loss,0.0,-1.0,0.4657128498746401,47.756739629774906,3.0,49.0,0.4473684210526316,832,0.4855790278816652,832,202318.0,platt
2024_01_HOU_IND,2024,1,202401,spread,home,0.6606060606060606,-112.0,0.5283018867924528,win,1.0,0.8928571428571429,0.4657128498746401,47.756739629774906,3.0,49.0,0.5526315789473685,832,0.5144209721183348,832,202318.0,platt
2024_01_HOU_IND,2024,1,202401,total,over,0.3777777777777777,-108.0,0.5192307692307693,win,1.0,0.925925925925926,0.4657128498746401,47.756739629774906,3.0,49.0,0.4236111111111111,858,0.4498989852011112,858,202318.0,platt
2024_01_HOU_IND,2024,1,202401,total,under,0.6222222222222222,-112.0,0.5283018867924528,loss,0.0,-1.0,0.4657128498746401,47.756739629774906,3.0,49.0,0.5763888888888888,858,0.5501010147988887,858,202318.0,platt
2024_01_JAX_MIA,2024,1,202401,spread,away,0.4323232323232323,-110.0,0.5238095238095238,win,1.0,0.9090909090909092,4.388189967270453,46.22330813429534,-3.5,49.5,0.4980694980694981,832,0.49410075849900886,832,202318.0,platt
2024_01_JAX_MIA,2024,1,202401,spread,home,0.5676767676767677,-110.0,0.5238095238095238,loss,0.0,-1.0,4.388189967270453,46.22330813429534,-3.5,49.5,0.5019305019305019,832,0.5058992415009911,832,202318.0,platt
2024_01_JAX_MIA,2024,1,202401,total,over,0.3333333333333333,-108.0,0.5192307692307693,loss,0.0,-1.0,4.388189967270453,46.22330813429534,-3.5,49.5,0.4236111111111111,858,0.4306209757763238,858,202318.0,platt
2024_01_JAX_MIA,2024,1,202401,total,under,0.6666666666666667,-112.0,0.5283018867924528,win,1.0,0.8928571428571429,4.388189967270453,46.22330813429534,-3.5,49.5,0.5763888888888888,858,0.5693790242236763,858,202318.0,platt
2024_01_LA_DET,2024,1,202401,spread,away,0.507070707070707,-108.0,0.5192307692307693,loss,0.0,-1.0,3.968803419889789,52.88700256623159,-5.0,54.0,0.5019305019305019,832,0.5006126251623793,832,202318.0,platt
2024_01_LA_DET,2024,1,202401,spread,home,0.4929292929292929,-112.0,0.5283018867924528,win,1.0,0.8928571428571429,3.968803419889789,52.88700256623159,-5.0,54.0,0.4980694980694981,832,0.49938737483762075,832,202318.0,platt
2024_01_LA_DET,2024,1,202401,total,over,0.3797979797979798,-108.0,0.5192307692307693,loss,0.0,-1.0,3.968803419889789,52.88700256623159,-5.0,54.0,0.4236111111111111,858,0.45075536304939523,858,202318.0,platt
2024_01_LA_DET,2024,1,202401,total,under,0.6202020202020202,-112.0,0.5283018867924528,win,1.0,0.8928571428571429,3.968803419889789,52.88700256623159,-5.0,54.0,0.5763888888888888,858,0.5492446369506048,858,202318.0,platt
2024_01_LV_LAC,2024,1,202401,spread,away,0.5979797979797981,-118.0,0.5412844036697247,loss,0.0,-1.0,-0.2956870783496155,43.32025251695079,-3.0,41.0,0.5019305019305019,832,0.508599054462728,832,202318.0,platt
2024_01_LV_LAC,2024,1,202401,spread,home,0.402020202020202,-102.0,0.504950495049505,win,1.0,0.9803921568627452,-0.2956870783496155,43.32025251695079,-3.0,41.0,0.4980694980694981,832,0.49140094553727204,832,202318.0,platt
2024_01_LV_LAC,2024,1,202401,total,over,0.4888888888888889,-112.0,0.5283018867924528,loss,0.0,-1.0,-0.2956870783496155,43.32025251695079,-3.0,41.0,0.5,858,0.49552192971384434,858,202318.0,platt
2024_01_LV_LAC,2024,1,202401,total,under,0.5111111111111111,-108.0,0.5192307692307693,win,1.0,0.925925925925926,-0.2956870783496155,43.32025251695079,-3.0,41.0,0.5,858,0.5044780702861557,858,202318.0,platt
2024_01_MIN_NYG,2024,1,202401,spread,away,0.4242424242424242,-108.0,0.5192307692307693,win,1.0,0.925925925925926,0.0336693183271077,40.65238627344445,1.0,42.5,0.4980694980694981,832,0.49338605067845526,832,202318.0,platt
2024_01_MIN_NYG,2024,1,202401,spread,home,0.5757575757575758,-112.0,0.5283018867924528,loss,0.0,-1.0,0.0336693183271077,40.65238627344445,1.0,42.5,0.5019305019305019,832,0.5066139493215447,832,202318.0,platt
2024_01_MIN_NYG,2024,1,202401,total,over,0.3555555555555555,-112.0,0.5283018867924528,loss,0.0,-1.0,0.0336693183271077,40.65238627344445,1.0,42.5,0.4236111111111111,858,0.44037271070775696,858,202318.0,platt
2024_01_MIN_NYG,2024,1,202401,total,under,0.6444444444444444,-108.0,0.5192307692307693,win,1.0,0.925925925925926,0.0336693183271077,40.65238627344445,1.0,42.5,0.5763888888888888,858,0.559627289292243,858,202318.0,platt
2024_01_NE_CIN,2024,1,202401,spread,away,0.4909090909090909,-110.0,0.5238095238095238,win,1.0,0.9090909090909092,7.1950708444791225,43.39516434125785,-8.0,40.5,0.4980694980694981,832,0.49921230503656316,832,202318.0,platt
2024_01_NE_CIN,2024,1,202401,spread,home,0.509090909090909,-110.0,0.5238095238095238,loss,0.0,-1.0,7.1950708444791225,43.39516434125785,-8.0,40.5,0.5019305019305019,832,0.5007876949634369,832,202318.0,platt
2024_01_NE_CIN,2024,1,202401,total,over,0.5070707070707071,-108.0,0.5192307692307693,loss,0.0,-1.0,7.1950708444791225,43.39516434125785,-8.0,40.5,0.5,858,0.5028494472383304,858,202318.0,platt
2024_01_NE_CIN,2024,1,202401,total,under,0.4929292929292929,-112.0,0.5283018867924528,win,1.0,0.8928571428571429,7.1950708444791225,43.39516434125785,-8.0,40.5,0.5,858,0.49715055276166964,858,202318.0,platt
2024_01_NYJ_SF,2024,1,202401,spread,away,0.1696969696969696,-115.0,0.5348837209302325,loss,0.0,-1.0,14.040476592827222,45.84932295302006,-3.5,43.0,0.4473684210526316,832,0.46566409317524304,832,202318.0,platt
2024_01_NYJ_SF,2024,1,202401,spread,home,0.8303030303030303,-105.0,0.5121951219512195,win,1.0,0.9523809523809524,14.040476592827222,45.84932295302006,-3.5,43.0,0.5526315789473685,832,0.534335906824757,832,202318.0,platt
2024_01_NYJ_SF,2024,1,202401,total,over,0.5050505050505051,-112.0,0.5283018867924528,win,1.0,0.8928571428571429,14.040476592827222,45.84932295302006,-3.5,43.0,0.5,858,0.5020352637883717,858,202318.0,platt
2024_01_NYJ_SF,2024,1,202401,total,under,0.4949494949494949,-108.0,0.5192307692307693,loss,0.0,-1.0,14.040476592827222,45.84932295302006,-3.5,43.0,0.5,858,0.4979647362116282,858,202318.0,platt
2024_01_PIT_ATL,2024,1,202401,spread,away,0.61010101010101,-110.0,0.5238095238095238,win,1.0,0.9090909090909092,0.1382250244063039,45.225711979418975,-4.0,43.0,0.5019305019305019,832,0.5096964246046225,832,202318.0,platt
2024_01_PIT_ATL,2024,1,202401,spread,home,0.3898989898989899,-110.0,0.5238095238095238,loss,0.0,-1.0,0.1382250244063039,45.225711979418975,-4.0,43.0,0.4980694980694981,832,0.4903035753953775,832,202318.0,platt
2024_01_PIT_ATL,2024,1,202401,total,over,0.4868686868686869,-105.0,0.5121951219512195,loss,0.0,-1.0,0.1382250244063039,45.225711979418975,-4.0,43.0,0.5,858,0.49470744550834106,858,202318.0,platt
2024_01_PIT_ATL,2024,1,202401,total,under,0.5131313131313131,-115.0,0.5348837209302325,win,1.0,0.8695652173913043,0.1382250244063039,45.225711979418975,-4.0,43.0,0.5,858,0.505292554491659,858,202318.0,platt
2024_02_ATL_PHI,2024,2,202402,spread,away,0.5492125984251969,-105.0,0.5121951219512195,win,1.0,0.9523809523809524,3.4237668273629374,47.53478723955456,-5.5,46.5,0.5,858,0.5056538647261851,858,202401.0,platt
2024_02_ATL_PHI,2024,2,202402,spread,home,0.4507874015748031,-115.0,0.5348837209302325,loss,0.0,-1.0,3.4237668273629374,47.53478723955456,-5.5,46.5,0.5,858,0.494346135273815,858,202401.0,platt
2024_02_ATL_PHI,2024,2,202402,total,over,0.4566929133858268,-110.0,0.5238095238095238,loss,0.0,-1.0,3.4237668273629374,47.53478723955456,-5.5,46.5,0.5000000000000001,884,0.48311028978242715,884,202401.0,platt
2024_02_ATL_PHI,2024,2,202402,total,under,0.5433070866141732,-110.0,0.5238095238095238,win,1.0,0.9090909090909092,3.4237668273629374,47.53478723955456,-5.5,46.5,0.5000000000000001,884,0.5168897102175729,884,202401.0,platt
2024_02_BUF_MIA,2024,2,202402,spread,away,0.6732283464566929,-110.0,0.5238095238095238,win,1.0,0.9090909090909092,-3.2808098200704934,46.71783607004372,-2.5,48.5,0.5609756097560976,858,0.5206825150463429,858,202401.0,platt
2024_02_BUF_MIA,2024,2,202402,spread,home,0.326771653543307,-110.0,0.5238095238095238,loss,0.0,-1.0,-3.2808098200704934,46.71783607004372,-2.5,48.5,0.4390243902439024,858,0.47931748495365717,858,202401.0,platt
2024_02_BUF_MIA,2024,2,202402,total,over,0.3641732283464567,-115.0,0.5348837209302325,loss,0.0,-1.0,-3.2808098200704934,46.71783607004372,-2.5,48.5,0.4266666666666667,884,0.44599082658095773,884,202401.0,platt
2024_02_BUF_MIA,2024,2,202402,total,under,0.6358267716535433,-105.0,0.5121951219512195,win,1.0,0.9523809523809524,-3.2808098200704934,46.71783607004372,-2.5,48.5,0.5733333333333334,884,0.5540091734190422,884,202401.0,platt
2024_02_CIN_KC,2024,2,202402,spread,away,0.6043307086614174,-105.0,0.5121951219512195,win,1.0,0.9523809523809524,3.060389633646288,44.4476269064559,-6.5,47.5,0.5,858,0.5121235976166851,858,202401.0,platt
2024_02_CIN_KC,2024,2,202402,spread,home,0.3956692913385827,-115.0,0.5348837209302325,loss,0.0,-1.0,3.060389633646288,44.4476269064559,-6.5,47.5,0.5,858,0.4878764023833149,858,202401.0,platt
2024_02_CIN_KC,2024,2,202402,total,over,0.3385826771653543,-112.0,0.5283018867924528,win,1.0,0.8928571428571429,3.060389633646288,44.4476269064559,-6.5,47.5,0.4266666666666667,884,0.4352175813346675,884,202401.0,platt
2024_02_CIN_KC,2024,2,202402,total,under,0.6614173228346456,-108.0,0.5192307692307693,loss,0.0,-1.0,3.060389633646288,44.4476269064559,-6.5,47.5,0.5733333333333334,884,0.5647824186653324,884,202401.0,platt
2024_02_CLE_JAX,2024,2,202402,spread,away,0.5216535433070866,100.0,0.5,win,1.0,1.0,1.4584266059089712,41.70890186693655,-3.0,41.5,0.5,858,0.5024812837391489,858,202401.0,platt
2024_02_CLE_JAX,2024,2,202402,spread,home,0.4783464566929133,-120.0,0.5454545454545454,loss,0.0,-1.0,1.4584266059089712,41.70890186693655,-3.0,41.5,0.5,858,0.4975187162608511,858,202401.0,platt
2024_02_CLE_JAX,2024,2,202402,total,over,0.4330708661417323,-112.0,0.5283018867924528,loss,0.0,-1.0,1.4584266059089712,41.70890186693655,-3.0,41.5,0.4299065420560747,884,0.4738199161435006,884,202401.0,platt
2024_02_CLE_JAX,2024,2,202402,total,under,0.5669291338582677,-108.0,0.5192307692307693,win,1.0,0.925925925925926,1.4584266059089712,41.70890186693655,-3.0,41.5,0.5700934579439251,884,0.5261800838564994,884,202401.0,platt
2024_02_IND_GB,2024,2,202402,spread,away,0.2401574803149606,-102.0,0.504950495049505,loss,0.0,-1.0,4.18914789271124,37.7353492457542,3.0,41.5,0.4390243902439024,858,0.46707138393273323,858,202401.0,platt
2024_02_IND_GB,2024,2,202402,spread,home,0.7598425196850394,-118.0,0.5412844036697247,win,1.0,0.847457627118644,4.18914789271124,37.7353492457542,3.0,41.5,0.5609756097560976,858,0.5329286160672667,858,202401.0,platt
2024_02_IND_GB,2024,2,202402,total,over,0.3208661417322834,-110.0,0.5238095238095238,loss,0.0,-1.0,4.18914789271124,37.7353492457542,3.0,41.5,0.4102564102564102,884,0.4275639584849865,884,202401.0,platt
2024_02_IND_GB,2024,2,202402,total,under,0.6791338582677166,-110.0,0.5238095238095238,win,1.0,0.9090909090909092,4.18914789271124,37.7353492457542,3.0,41.5,0.5897435897435898,884,0.5724360415150134,884,202401.0,platt
2024_02_LAC_CAR,2024,2,202402,spread,away,0.4724409448818898,-110.0,0.5238095238095238,win,1.0,0.9090909090909092,-5.127695851633806,36.31956323148178,5.0,39.0,0.5,858,0.4968407920451496,858,202401.0,platt
2024_02_LAC_CAR,2024,2,202402,spread,home,0.5275590551181102,-110.0,0.5238095238095238,loss,0.0,-1.0,-5.127695851633806,36.31956323148178,5.0,39.0,0.5,858,0.5031592079548505,858,202401.0,platt
2024_02_LAC_CAR,2024,2,202402,total,over,0.3425196850393701,-108.0,0.5192307692307693,loss,0.0,-1.0,-5.127695851633806,36.31956323148178,5.0,39.0,0.4266666666666667,884,0.43689531590691644,884,202401.0,platt
2024_02_LAC_CAR,2024,2,202402,total,under,0.6574803149606299,-112.0,0.5283018867924528,win,1.0,0.8928571428571429,-5.127695851633806,36.31956323148178,5.0,39.0,0.5733333333333334,884,0.5631046840930836,884,202401.0,platt
2024_02_LA_ARI,2024,2,202402,spread,away,0.6259842519685039,-105.0,0.5121951219512195,loss,0.0,-1.0,-5.3519533456110455,50.38080472388343,1.0,47.5,0.5432098765432098,858,0.5147408894201116,858,202401.0,platt
2024_02_LA_ARI,2024,2,202402,spread,home,0.374015748031496,-115.0,0.5348837209302325,win,1.0,0.8695652173913043,-5.3519533456110455,50.38080472388343,1.0,47.5,0.4567901234567901,858,0.4852591105798883,858,202401.0,platt
2024_02_LA_ARI,2024,2,202402,total,over,0.5078740157480315,-102.0,0.504950495049505,win,1.0,0.9803921568627452,-5.3519533456110455,50.38080472388343,1.0,47.5,0.5000000000000001,884,0.5030645426287101,884,202401.0,platt
2024_02_LA_ARI,2024,2,202402,total,under,0.4921259842519685,-118.0,0.5412844036697247,loss,0.0,-1.0,-5.3519533456110455,50.38080472388343,1.0,47.5,0.5000000000000001,884,0.49693545737128986,884,202401.0,platt
2024_02_LV_BAL,2024,2,202402,spread,away,0.4566929133858267,-112.0,0.5283018867924528,win,1.0,0.8928571428571429,9.279212955208676,43.70180930584363,-9.0,41.0,0.5,858,0.4950282014550509,858,202401.0,platt
2024_02_LV_BAL,2024,2,202402,spread,home,0.5433070866141733,-108.0,0.5192307692307693,loss,0.0,-1.0,9.279212955208676,43.70180930584363,-9.0,41.0,0.5,858,0.5049717985449491,858,202401.0,platt
2024_02_LV_BAL,2024,2,202402,total,over,0.4921259842519685,-112.0,0.5283018867924528,win,1.0,0.8928571428571429,9.279212955208676,43.70180930584363,-9.0,41.0,0.5000000000000001,884,0.49693545737128986,884,202401.0,platt
2024_02_LV_BAL,2024,2,202402,total,under,0.5078740157480315,-108.0,0.5192307692307693,loss,0.0,-1.0,9.279212955208676,43.70180930584363,-9.0,41.0,0.5000000000000001,884,0.5030645426287101,884,202401.0,platt
2024_02_NO_DAL,2024,2,202402,spread,away,0.5590551181102362,-112.0,0.5283018867924528,win,1.0,0.8928571428571429,4.301315935624097,51.8729646361757,-6.5,47.0,0.5,858,0.5067942557440482,858,202401.0,platt
2024_02_NO_DAL,2024,2,202402,spread,home,0.4409448818897638,-108.0,0.5192307692307693,loss,0.0,-1.0,4.301315935624097,51.8729646361757,-6.5,47.0,0.5,858,0.4932057442559517,858,202401.0,platt
2024_02_NO_DAL,2024,2,202402,total,over,0.5826771653543307,-112.0,0.5283018867924528,win,1.0,0.8928571428571429,4.301315935624097,51.8729646361757,-6.5,47.0,0.5700934579439251,884,0.5324280121876003,884,202401.0,platt
2024_02_NO_DAL,2024,2,202402,total,under,0.4173228346456693,-108.0,0.5192307692307693,loss,0.0,-1.0,4.301315935624097,51.8729646361757,-6.5,47.0,0.4299065420560747,884,0.4675719878123997,884,202401.0,platt
2024_02_NYJ_TEN,2024,2,202402,spread,away,0.3326771653543307,-112.0,0.5283018867924528,win,1.0,0.8928571428571429,0.4731559124055376,41.36426886684358,3.5,41.5,0.4390243902439024,858,0.4800812582256222,858,202401.0,platt
2024_02_NYJ_TEN,2024,2,202402,spread,home,0.6673228346456693,-108.0,0.5192307692307693,loss,0.0,-1.0,0.4731559124055376,41.36426886684358,3.5,41.5,0.5609756097560976,858,0.5199187417743778,858,202401.0,platt
2024_02_NYJ_TEN,2024,2,202402,total,over,0.4133858267716535,-108.0,0.5192307692307693,loss,0.0,-1.0,0.4731559124055376,41.36426886684358,3.5,41.5,0.4299065420560747,884,0.4660015693309952,884,202401.0,platt
2024_02_NYJ_TEN,2024,2,202402,total,under,0.5866141732283465,-112.0,0.5283018867924528,win,1.0,0.8928571428571429,0.4731559124055376,41.36426886684358,3.5,41.5,0.5700934579439251,884,0.5339984306690048,884,202401.0,platt
2024_02_SEA_NE,2024,2,202402,spread,away,0.3956692913385826,-102.0,0.504950495049505,loss,0.0,-1.0,-1.4965441924611782,42.35836637156144,3.5,39.0,0.5,858,0.4878764023833149,858,202401.0,platt
2024_02_SEA_NE,2024,2,202402,spread,home,0.6043307086614174,-118.0,0.5412844036697247,win,1.0,0.847457627118644,-1.4965441924611782,42.35836637156144,3.5,39.0,0.5,858,0.5121235976166851,858,202401.0,platt
2024_02_SEA_NE,2024,2,202402,total,over,0.5216535433070866,-110.0,0.5238095238095238,win,1.0,0.9090909090909092,-1.4965441924611782,42.35836637156144,3.5,39.0,0.5000000000000001,884,0.5084313758980601,884,202401.0,platt
2024_02_SEA_NE,2024,2,202402,total,under,0.4783464566929134,-110.0,0.5238095238095238,loss,0.0,-1.0,-1.4965441924611782,42.35836637156144,3.5,39.0,0.5000000000000001,884,0.49156862410193986,884,202401.0,platt
2024_02_SF_MIN,2024,2,202402,spread,away,0.5767716535433071,-112.0,0.5283018867924528,loss,0.0,-1.0,-7.207003979844384,48.424544890868304,4.5,46.5,0.5,858,0.508861005479212,858,202401.0,platt
2024_02_SF_MIN,2024,2,202402,spread,home,0.4232283464566929,-108.0,0.5192307692307693,win,1.0,0.925925925925926,-7.207003979844384,48.424544890868304,4.5,46.5,0.5,858,0.491138994520788,858,202401.0,platt
2024_02_SF_MIN,2024,2,202402,total,over,0.4803149606299212,-112.0,0.5283018867924528,loss,0.0,-1.0,-7.207003979844384,48.424544890868304,4.5,46.5,0.5000000000000001,884,0.49233581943816246,884,202401.0,platt
2024_02_SF_MIN,2024,2,202402,total,under,0.5196850393700787,-108.0,0.5192307692307693,win,1.0,0.925925925925926,-7.207003979844384,48.424544890868304,4.5,46.5,0.5000000000000001,884,0.5076641805618376,884,202401.0,platt
2024_02_TB_DET,2024,2,202402,spread,away,0.6003937007874016,-108.0,0.5192307692307693,win,1.0,0.925925925925926,4.184011614496348,51.92341702680575,-7.5,51.5,0.5,858,0.5116532733998518,858,202401.0,platt
2024_02_TB_DET,2024,2,202402,spread,home,0.3996062992125984,-112.0,0.5283018867924528,loss,0.0,-1.0,4.184011614496348,51.92341702680575,-7.5,51.5,0.5,858,0.4883467266001483,858,202401.0,platt
2024_02_TB_DET,2024,2,202402,total,over,0.4389763779527559,-108.0,0.5192307692307693,loss,0.0,-1.0,4.184011614496348,51.92341702680575,-7.5,51.5,0.4299065420560747,884,0.47615059178657776,884,202401.0,platt
2024_02_TB_DET,2024,2,202402,total,under,0.5610236220472441,-112.0,0.5283018867924528,win,1.0,0.8928571428571429,4.184011614496348,51.92341702680575,-7.5,51.5,0.5700934579439251,884,0.5238494082134222,884,202401.0,platt
2024_03_BAL_DAL,2024,3,202403,spread,away,0.4395393474088291,-110.0,0.5238095238095238,win,1.0,0.9090909090909092,-0.519365629621984,49.43807032895601,1.5,47.5,0.5,884,0.49133951248167457,884,202402.0,platt
2024_03_BAL_DAL,2024,3,202403,spread,home,0.5604606525911708,-110.0,0.5238095238095238,loss,0.0,-1.0,-0.519365629621984,49.43807032895601,1.5,47.5,0.5,884,0.5086604875183255,884,202402.0,platt
2024_03_BAL_DAL,2024,3,202403,total,over,0.4798464491362764,-108.0,0.5192307692307693,win,1.0,0.925925925925926,-0.519365629621984,49.43807032895601,1.5,47.5,0.4859813084112149,910,0.49099780577250207,910,202402.0,platt
2024_03_BAL_DAL,2024,3,202403,total,under,0.5201535508637236,-112.0,0.5283018867924528,loss,0.0,-1.0,-0.519365629621984,49.43807032895601,1.5,47.5,0.514018691588785,910,0.5090021942274979,910,202402.0,platt
2024_03_CAR_LV,2024,3,202403,spread,away,0.4318618042226487,-110.0,0.5238095238095238,win,1.0,0.9090909090909092,6.719038294526152,43.36531529501327,-5.5,40.0,0.5,884,0.49022699027445354,884,202402.0,platt
2024_03_CAR_LV,2024,3,202403,spread,home,0.5681381957773513,-110.0,0.5238095238095238,loss,0.0,-1.0,6.719038294526152,43.36531529501327,-5.5,40.0,0.5,884,0.5097730097255464,884,202402.0,platt
2024_03_CAR_LV,2024,3,202403,total,over,0.5201535508637236,-112.0,0.5283018867924528,win,1.0,0.8928571428571429,6.719038294526152,43.36531529501327,-5.5,40.0,0.514018691588785,910,0.5090021942274979,910,202402.0,platt
2024_03_CAR_LV,2024,3,202403,total,under,0.4798464491362764,-108.0,0.5192307692307693,loss,0.0,-1.0,6.719038294526152,43.36531529501327,-5.5,40.0,0.4859813084112149,910,0.49099780577250207,910,202402.0,platt
2024_03_CHI_IND,2024,3,202403,spread,away,0.5431861804222649,-108.0,0.5192307692307693,loss,0.0,-1.0,-0.2615837660794637,37.91093916480984,-1.5,43.0,0.5,884,0.5061714737495555,884,202402.0,platt
2024_03_CHI_IND,2024,3,202403,spread,home,0.4568138195777351,-112.0,0.5283018867924528,win,1.0,0.8928571428571429,-0.2615837660794637,37.91093916480984,-1.5,43.0,0.5,884,0.4938285262504445,884,202402.0,platt
2024_03_CHI_IND,2024,3,202403,total,over,0.291746641074856,-115.0,0.5348837209302325,loss,0.0,-1.0,-0.2615837660794637,37.91093916480984,-1.5,43.0,0.4,910,0.4022746949502261,910,202402.0,platt
2024_03_CHI_IND,2024,3,202403,total,under,0.708253358925144,-105.0,0.5121951219512195,win,1.0,0.9523809523809524,-0.2615837660794637,37.91093916480984,-1.5,43.0,0.6,910,0.5977253050497738,910,202402.0,platt
2024_03_DEN_TB,2024,3,202403,spread,away,0.3358925143953934,-112.0,0.5283018867924528,win,1.0,0.8928571428571429,10.203404838639631,40.761668926469824,-6.0,40.5,0.4352941176470588,884,0.4757258322450116,884,202402.0,platt
2024_03_DEN_TB,2024,3,202403,spread,home,0.6641074856046065,-108.0,0.5192307692307693,loss,0.0,-1.0,10.203404838639631,40.761668926469824,-6.0,40.5,0.5647058823529411,884,0.5242741677549885,884,202402.0,platt
2024_03_DEN_TB,2024,3,202403,total,over,0.4337811900191938,-112.0,0.5283018867924528,loss,0.0,-1.0,10.203404838639631,40.761668926469824,-6.0,40.5,0.4204545454545454,910,0.47029451564923413,910,202402.0,platt
2024_03_DEN_TB,2024,3,202403,total,under,0.5662188099808061,-108.0,0.5192307692307693,win,1.0,0.925925925925926,10.203404838639631,40.761668926469824,-6.0,40.5,0.5795454545454546,910,0.5297054843507658,910,202402.0,platt
2024_03_DET_ARI,2024,3,202403,spread,away,0.5470249520153551,-102.0,0.504950495049505,win,1.0,0.9803921568627452,-4.845581301976367,51.84340102128246,3.0,51.5,0.5,884,0.5067231111081766,884,202402.0,platt
2024_03_DET_ARI,2024,3,202403,spread,home,0.4529750479846449,-118.0,0.5412844036697247,loss,0.0,-1.0,-4.845581301976367,51.84340102128246,3.0,51.5,0.5,884,0.49327688889182336,884,202402.0,platt
2024_03_DET_ARI,2024,3,202403,total,over,0.4357005758157389,-108.0,0.5192307692307693,loss,0.0,-1.0,-4.845581301976367,51.84340102128246,3.0,51.5,0.4204545454545454,910,0.47116336025730315,910,202402.0,platt
2024_03_DET_ARI,2024,3,202403,total,under,0.564299424184261,-112.0,0.5283018867924528,win,1.0,0.8928571428571429,-4.845581301976367,51.84340102128246,3.0,51.5,0.5795454545454546,910,0.5288366397426969,910,202402.0,platt
2024_03_GB_TEN,2024,3,202403,spread,away,0.7255278310940498,-112.0,0.5283018867924528,win,1.0,0.8928571428571429,-4.42469863201203,41.53411441165708,-3.0,37.0,0.5647058823529411,884,0.5345873212338471,884,202402.0,platt
2024_03_GB_TEN,2024,3,202403,spread,home,0.2744721689059501,-108.0,0.5192307692307693,loss,0.0,-1.0,-4.42469863201203,41.53411441165708,-3.0,37.0,0.4352941176470588,884,0.4654126787661528,884,202402.0,platt
2024_03_GB_TEN,2024,3,202403,total,over,0.5719769673704415,-112.0,0.5283018867924528,win,1.0,0.8928571428571429,-4.42469863201203,41.53411441165708,-3.0,37.0,0.5795454545454546,910,0.5323164235549694,910,202402.0,platt
2024_03_GB_TEN,2024,3,202403,total,under,0.4280230326295585,-108.0,0.5192307692307693,loss,0.0,-1.0,-4.42469863201203,41.53411441165708,-3.0,37.0,0.4204545454545454,910,0.4676835764450305,910,202402.0,platt
2024_03_HOU_MIN,2024,3,202403,spread,away,0.3608445297504798,-112.0,0.5283018867924528,loss,0.0,-1.0,0.9070326801778604,45.3412310582451,2.0,46.0,0.4615384615384615,884,0.47963656783957126,884,202402.0,platt
2024_03_HOU_MIN,2024,3,202403,spread,home,0.6391554702495201,-108.0,0.5192307692307693,win,1.0,0.925925925925926,0.9070326801778604,45.3412310582451,2.0,46.0,0.5384615384615385,884,0.5203634321604288,884,202402.0,platt
2024_03_HOU_MIN,2024,3,202403,total,over,0.3915547024952015,-112.0,0.5283018867924528,loss,0.0,-1.0,0.9070326801778604,45.3412310582451,2.0,46.0,0.4204545454545454,910,0.4509574053039036,910,202402.0,platt
2024_03_HOU_MIN,2024,3,202403,total,under,0.6084452975047985,-108.0,0.5192307692307693,win,1.0,0.925925925925926,0.9070326801778604,45.3412310582451,2.0,46.0,0.5795454545454546,910,0.5490425946960964,910,202402.0,platt
2024_03_JAX_BUF,2024,3,202403,spread,away,0.272552783109405,-108.0,0.5192307692307693,loss,0.0,-1.0,9.945054556598375,46.42842041218352,-4.0,46.5,0.4352941176470588,884,0.4650700868439113,884,202402.0,platt
2024_03_JAX_BUF,2024,3,202403,spread,home,0.727447216890595,-112.0,0.5283018867924528,win,1.0,0.8928571428571429,9.945054556598375,46.42842041218352,-4.0,46.5,0.5647058823529411,884,0.5349299131560887,884,202402.0,platt
2024_03_JAX_BUF,2024,3,202403,total,over,0.4165067178502879,-110.0,0.5238095238095238,win,1.0,0.9090909090909092,9.945054556598375,46.42842041218352,-4.0,46.5,0.4204545454545454,910,0.4624398504393025,910,202402.0,platt
2024_03_JAX_BUF,2024,3,202403,total,under,0.5834932821497121,-110.0,0.5238095238095238,loss,0.0,-1.0,9.945054556598375,46.42842041218352,-4.0,46.5,0.5795454545454546,910,0.5375601495606974,910,202402.0,platt
2024_03_KC_ATL,2024,3,202403,spread,away,0.4088291746641075,-118.0,0.5412844036697247,win,1.0,0.847457627118644,-1.2054738876714175,48.14685028308151,3.0,46.0,0.5,884,0.48685917789425687,884,202402.0,platt
2024_03_KC_ATL,2024,3,202403,spread,home,0.5911708253358925,-102.0,0.504950495049505,loss,0.0,-1.0,-1.2054738876714175,48.14685028308151,3.0,46.0,0.5,884,0.5131408221057431,884,202402.0,platt
2024_03_KC_ATL,2024,3,202403,total,over,0.4856046065259117,-112.0,0.5283018867924528,loss,0.0,-1.0,-1.2054738876714175,48.14685028308151,3.0,46.0,0.5,910,0.4935712280071481,910,202402.0,platt
2024_03_KC_ATL,2024,3,202403,total,under,0.5143953934740884,-108.0,0.5192307692307693,win,1.0,0.925925925925926,-1.2054738876714175,48.14685028308151,3.0,46.0,0.5,910,0.506428771992852,910,202402.0,platt
2024_03_LAC_PIT,2024,3,202403,spread,away,0.564299424184261,-118.0,0.5412844036697247,loss,0.0,-1.0,0.8405700282323152,40.44714081790163,-3.0,36.0,0.5,884,0.5092162015656443,884,202402.0,platt
2024_03_LAC_PIT,2024,3,202403,spread,home,0.4357005758157389,-102.0,0.504950495049505,win,1.0,0.9803921568627452,0.8405700282323152,40.44714081790163,-3.0,36.0,0.5,884,0.4907837984343557,884,202402.0,platt
2024_03_LAC_PIT,2024,3,202403,total,over,0.5681381957773513,-105.0,0.5121951219512195,loss,0.0,-1.0,0.8405700282323152,40.44714081790163,-3.0,36.0,0.5795454545454546,910,0.5305750483679247,910,202402.0,platt
2024_03_LAC_PIT,2024,3,202403,total,under,0.4318618042226487,-115.0,0.5348837209302325,win,1.0,0.8695652173913043,0.8405700282323152,40.44714081790163,-3.0,36.0,0.4204545454545454,910,0.4694249516320752,910,202402.0,platt
2024_03_MIA_SEA,2024,3,202403,spread,away,0.5854126679462572,-110.0,0.5238095238095238,loss,0.0,-1.0,1.2568043915966702,41.52342174112812,-4.0,41.5,0.5,884,0.5122940855374879,884,202402.0,platt
2024_03_MIA_SEA,2024,3,202403,spread,home,0.4145873320537428,-110.0,0.5238095238095238,win,1.0,0.9090909090909092,1.2568043915966702,41.52342174112812,-4.0,41.5,0.5,884,0.4877059144625121,884,202402.0,platt
2024_03_MIA_SEA,2024,3,202403,total,over,0.4280230326295585,-110.0,0.5238095238095238,loss,0.0,-1.0,1.2568043915966702,41.52342174112812,-4.0,41.5,0.4204545454545454,910,0.4676835764450305,910,202402.0,platt
2024_03_MIA_SEA,2024,3,202403,total,under,0.5719769673704415,-110.0,0.5238095238095238,win,1.0,0.9090909090909092,1.2568043915966702,41.52342174112812,-4.0,41.5,0.5795454545454546,910,0.5323164235549694,910,202402.0,platt
2024_03_NE_NYJ,2024,3,202403,spread,away,0.6737044145873321,-110.0,0.5238095238095238,loss,0.0,-1.0,0.9933207920020966,38.89428838237227,-6.5,39.0,0.5647058823529411,884,0.5258146972358375,884,202402.0,platt
2024_03_NE_NYJ,2024,3,202403,spread,home,0.3262955854126679,-110.0,0.5238095238095238,win,1.0,0.9090909090909092,0.9933207920020966,38.89428838237227,-6.5,39.0,0.4352941176470588,884,0.47418530276416254,884,202402.0,platt
2024_03_NE_NYJ,2024,3,202403,total,over,0.4126679462571977,-112.0,0.5283018867924528,loss,0.0,-1.0,0.9933207920020966,38.89428838237227,-6.5,39.0,0.4204545454545454,910,0.4606847971810843,910,202402.0,platt
2024_03_NE_NYJ,2024,3,202403,total,under,0.5873320537428023,-108.0,0.5192307692307693,win,1.0,0.925925925925926,0.9933207920020966,38.89428838237227,-6.5,39.0,0.5795454545454546,910,0.5393152028189157,910,202402.0,platt
2024_03_NYG_CLE,2024,3,202403,spread,away,0.5566218809980806,-112.0,0.5283018867924528,win,1.0,0.8928571428571429,4.41758737598289,41.04114073022714,-6.5,38.0,0.5,884,0.5081057983210432,884,202402.0,platt
2024_03_NYG_CLE,2024,3,202403,spread,home,0.4433781190019193,-108.0,0.5192307692307693,loss,0.0,-1.0,4.41758737598289,41.04114073022714,-6.5,38.0,0.5,884,0.49189420167895687,884,202402.0,platt
2024_03_NYG_CLE,2024,3,202403,total,over,0.5163147792706334,-112.0,0.5283018867924528,loss,0.0,-1.0,4.41758737598289,41.04114073022714,-6.5,38.0,0.5,910,0.5072864004130864,910,202402.0,platt
2024_03_NYG_CLE,2024,3,202403,total,under,0.4836852207293666,-108.0,0.5192307692307693,win,1.0,0.925925925925926,4.41758737598289,41.04114073022714,-6.5,38.0,0.5,910,0.4927135995869136,910,202402.0,platt
2024_03_PHI_NO,2024,3,202403,spread,away,0.3378119001919386,-105.0,0.5121951219512195,win,1.0,0.9523809523809524,6.616370755024903,54.80162218226393,-2.5,49.0,0.4352941176470588,884,0.4760313413463536,884,202402.0,platt
2024_03_PHI_NO,2024,3,202403,spread,home,0.6621880998080614,-115.0,0.5348837209302325,loss,0.0,-1.0,6.616370755024903,54.80162218226393,-2.5,49.0,0.5647058823529411,884,0.5239686586536464,884,202402.0,platt
2024_03_PHI_NO,2024,3,202403,total,over,0.6161228406909789,-110.0,0.5238095238095238,loss,0.0,-1.0,6.616370755024903,54.80162218226393,-2.5,49.0,0.5795454545454546,910,0.5526153354293638,910,202402.0,platt
2024_03_PHI_NO,2024,3,202403,total,under,0.3838771593090211,-110.0,0.5238095238095238,win,1.0,0.9090909090909092,6.616370755024903,54.80162218226393,-2.5,49.0,0.4204545454545454,910,0.44738466457063614,910,202402.0,platt
2024_03_SF_LA,2024,3,202403,spread,away,0.4683301343570057,-108.0,0.5192307692307693,loss,0.0,-1.0,-5.7808065511102384,51.323008290645255,6.0,44.5,0.5,884,0.49547937115519747,884,202402.0,platt
2024_03_SF_LA,2024,3,202403,spread,home,0.5316698656429942,-112.0,0.5283018867924528,win,1.0,0.8928571428571429,-5.7808065511102384,51.323008290645255,6.0,44.5,0.5,884,0.5045206288448025,884,202402.0,platt
2024_03_SF_LA,2024,3,202403,total,over,0.6449136276391555,-110.0,0.5238095238095238,win,1.0,0.9090909090909092,-5.7808065511102384,51.323008290645255,6.0,44.5,0.5795454545454546,910,0.5662195151672585,910,202402.0,platt
2024_03_SF_LA,2024,3,202403,total,under,0.3550863723608445,-110.0,0.5238095238095238,loss,0.0,-1.0,-5.7808065511102384,51.323008290645255,6.0,44.5,0.4204545454545454,910,0.43378048483274145,910,202402.0,platt
2024_03_WAS_CIN,2024,3,202403,spread,away,0.5431861804222649,-115.0,0.5348837209302325,win,1.0,0.8695652173913043,5.7107626266517855,44.48419286321808,-7.5,46.0,0.5,884,0.5061714737495555,884,202402.0,platt
2024_03_WAS_CIN,2024,3,202403,spread,home,0.4568138195777351,-105.0,0.5121951219512195,loss,0.0,-1.0,5.7107626266517855,44.48419286321808,-7.5,46.0,0.5,884,0.4938285262504445,884,202402.0,platt
2024_03_WAS_CIN,2024,3,202403,total,over,0.3723608445297505,-108.0,0.5192307692307693,win,1.0,0.925925925925926,5.7107626266517855,44.48419286321808,-7.5,46.0,0.4204545454545454,910,0.44198459923438715,910,202402.0,platt
2024_03_WAS_CIN,2024,3,202403,total,under,0.6276391554702495,-112.0,0.5283018867924528,loss,0.0,-1.0,5.7107626266517855,44.48419286321808,-7.5,46.0,0.5795454545454546,910,0.5580154007656128,910,202402.0,platt
2024_04_BUF_BAL,2024,4,202404,spread,away,0.5754189944134078,-108.0,0.5192307692307693,loss,0.0,-1.0,0.008058052894986,50.31936254965869,-2.5,46.5,0.5000000000000002,916,0.5098285201330082,916,202403.0,platt
2024_04_BUF_BAL,2024,4,202404,spread,home,0.4245810055865922,-112.0,0.5283018867924528,win,1.0,0.8928571428571429,0.008058052894986,50.31936254965869,-2.5,46.5,0.5000000000000002,916,0.4901714798669919,916,202403.0,platt
2024_04_BUF_BAL,2024,4,202404,total,over,0.5307262569832403,-110.0,0.5238095238095238,loss,0.0,-1.0,0.008058052894986,50.31936254965869,-2.5,46.5,0.5137614678899083,942,0.5146040215360892,942,202403.0,platt
2024_04_BUF_BAL,2024,4,202404,total,under,0.4692737430167597,-110.0,0.5238095238095238,win,1.0,0.9090909090909092,0.008058052894986,50.31936254965869,-2.5,46.5,0.4862385321100917,942,0.48539597846391075,942,202403.0,platt
2024_04_CIN_CAR,2024,4,202404,spread,away,0.547486033519553,-112.0,0.5283018867924528,win,1.0,0.8928571428571429,-6.411875621600567,43.98019728164885,4.5,47.0,0.5000000000000002,916,0.5061601528575038,916,202403.0,platt
2024_04_CIN_CAR,2024,4,202404,spread,home,0.4525139664804469,-108.0,0.5192307692307693,loss,0.0,-1.0,-6.411875621600567,43.98019728164885,4.5,47.0,0.5000000000000002,916,0.4938398471424961,916,202403.0,platt
2024_04_CIN_CAR,2024,4,202404,total,over,0.3333333333333333,-112.0,0.5283018867924528,win,1.0,0.8928571428571429,-6.411875621600567,43.98019728164885,4.5,47.0,0.4181818181818181,942,0.41845292102138115,942,202403.0,platt
2024_04_CIN_CAR,2024,4,202404,total,under,0.6666666666666667,-108.0,0.5192307692307693,loss,0.0,-1.0,-6.411875621600567,43.98019728164885,4.5,47.0,0.5818181818181818,942,0.5815470789786189,942,202403.0,platt
2024_04_CLE_LV,2024,4,202404,spread,away,0.3389199255121042,-115.0,0.5348837209302325,loss,0.0,-1.0,1.6368431159018615,43.62546369248663,2.5,36.5,0.4444444444444444,916,0.4784098697125951,916,202403.0,platt
2024_04_CLE_LV,2024,4,202404,spread,home,0.6610800744878957,-105.0,0.5121951219512195,win,1.0,0.9523809523809524,1.6368431159018615,43.62546369248663,2.5,36.5,0.5555555555555556,916,0.5215901302874049,916,202403.0,platt
2024_04_CLE_LV,2024,4,202404,total,over,0.6629422718808193,-112.0,0.5283018867924528,loss,0.0,-1.0,1.6368431159018615,43.62546369248663,2.5,36.5,0.5818181818181818,942,0.5796145944421153,942,202403.0,platt
2024_04_CLE_LV,2024,4,202404,total,under,0.3370577281191806,-108.0,0.5192307692307693,win,1.0,0.925925925925926,1.6368431159018615,43.62546369248663,2.5,36.5,0.4181818181818181,942,0.4203854055578847,942,202403.0,platt
2024_04_DAL_NYG,2024,4,202404,spread,away,0.4227188081936686,-115.0,0.5348837209302325,loss,0.0,-1.0,-3.937911426065963,43.351717359035085,5.5,45.0,0.5000000000000002,916,0.4899249682349514,916,202403.0,platt
2024_04_DAL_NYG,2024,4,202404,spread,home,0.5772811918063314,-105.0,0.5121951219512195,win,1.0,0.9523809523809524,-3.937911426065963,43.351717359035085,5.5,45.0,0.5000000000000002,916,0.5100750317650485,916,202403.0,platt
2024_04_DAL_NYG,2024,4,202404,total,over,0.3631284916201117,-108.0,0.5192307692307693,loss,0.0,-1.0,-3.937911426065963,43.351717359035085,5.5,45.0,0.4181818181818181,942,0.4337014105933171,942,202403.0,platt
2024_04_DAL_NYG,2024,4,202404,total,under,0.6368715083798883,-112.0,0.5283018867924528,win,1.0,0.8928571428571429,-3.937911426065963,43.351717359035085,5.5,45.0,0.5818181818181818,942,0.5662985894066829,942,202403.0,platt
2024_04_DEN_NYJ,2024,4,202404,spread,away,0.4953445065176909,-108.0,0.5192307692307693,win,1.0,0.925925925925926,6.904262126338029,37.983427019635606,-7.5,39.5,0.5000000000000002,916,0.499397836029144,916,202403.0,platt
2024_04_DEN_NYJ,2024,4,202404,spread,home,0.5046554934823091,-112.0,0.5283018867924528,loss,0.0,-1.0,6.904262126338029,37.983427019635606,-7.5,39.5,0.5000000000000002,916,0.500602163970856,916,202403.0,platt
2024_04_DEN_NYJ,2024,4,202404,total,over,0.3705772811918063,-108.0,0.5192307692307693,loss,0.0,-1.0,6.904262126338029,37.983427019635606,-7.5,39.5,0.4181818181818181,942,0.4374451514233536,942,202403.0,platt
2024_04_DEN_NYJ,2024,4,202404,total,under,0.6294227188081937,-112.0,0.5283018867924528,win,1.0,0.8928571428571429,6.904262126338029,37.983427019635606,-7.5,39.5,0.5818181818181818,942,0.5625548485766463,942,202403.0,platt
2024_04_JAX_HOU,2024,4,202404,spread,away,0.5642458100558659,-108.0,0.5192307692307693,win,1.0,0.925925925925926,3.344859546073004,46.18646294395893,-5.5,44.5,0.5000000000000002,916,0.5083550382273853,916,202403.0,platt
2024_04_JAX_HOU,2024,4,202404,spread,home,0.435754189944134,-112.0,0.5283018867924528,loss,0.0,-1.0,3.344859546073004,46.18646294395893,-5.5,44.5,0.5000000000000002,916,0.4916449617726147,916,202403.0,platt
2024_04_JAX_HOU,2024,4,202404,total,over,0.4767225325884544,-112.0,0.5283018867924528,loss,0.0,-1.0,3.344859546073004,46.18646294395893,-5.5,44.5,0.4862385321100917,942,0.48894095287628553,942,202403.0,platt
2024_04_JAX_HOU,2024,4,202404,total,under,0.5232774674115457,-108.0,0.5192307692307693,win,1.0,0.925925925925926,3.344859546073004,46.18646294395893,-5.5,44.5,0.5137614678899083,942,0.5110590471237145,942,202403.0,platt
2024_04_KC_LAC,2024,4,202404,spread,away,0.2811918063314711,-108.0,0.5192307692307693,loss,0.0,-1.0,-1.8002938118439369,45.55367088956911,7.5,41.5,0.4444444444444444,916,0.4696886878770679,916,202403.0,platt
2024_04_KC_LAC,2024,4,202404,spread,home,0.7188081936685289,-112.0,0.5283018867924528,win,1.0,0.8928571428571429,-1.8002938118439369,45.55367088956911,7.5,41.5,0.5555555555555556,916,0.5303113121229321,916,202403.0,platt
2024_04_KC_LAC,2024,4,202404,total,over,0.547486033519553,-112.0,0.5283018867924528,loss,0.0,-1.0,-1.8002938118439369,45.55367088956911,7.5,41.5,0.5137614678899083,942,0.5226005749381581,942,202403.0,platt
2024_04_KC_LAC,2024,4,202404,total,under,0.4525139664804469,-108.0,0.5192307692307693,win,1.0,0.925925925925926,-1.8002938118439369,45.55367088956911,7.5,41.5,0.4862385321100917,942,0.47739942506184185,942,202403.0,platt
2024_04_LA_CHI,2024,4,202404,spread,away,0.5828677839851024,-112.0,0.5283018867924528,loss,0.0,-1.0,0.3140733185604352,38.47448730801536,-3.0,40.0,0.5000000000000002,916,0.5108163131806007,916,202403.0,platt
2024_04_LA_CHI,2024,4,202404,spread,home,0.4171322160148976,-108.0,0.5192307692307693,win,1.0,0.925925925925926,0.3140733185604352,38.47448730801536,-3.0,40.0,0.5000000000000002,916,0.48918368681939933,916,202403.0,platt
2024_04_LA_CHI,2024,4,202404,total,over,0.3705772811918063,-115.0,0.5348837209302325,win,1.0,0.8695652173913043,0.3140733185604352,38.47448730801536,-3.0,40.0,0.4181818181818181,942,0.4374451514233536,942,202403.0,platt
2024_04_LA_CHI,2024,4,202404,total,under,0.6294227188081937,-105.0,0.5121951219512195,loss,0.0,-1.0,0.3140733185604352,38.47448730801536,-3.0,40.0,0.5818181818181818,942,0.5625548485766463,942,202403.0,platt
2024_04_MIN_GB,2024,4,202404,spread,away,0.4525139664804469,-102.0,0.504950495049505,win,1.0,0.9803921568627452,3.3061003094064403,44.23399904143316,-2.5,44.0,0.5000000000000002,916,0.4938398471424961,916,202403.0,platt
2024_04_MIN_GB,2024,4,202404,spread,home,0.547486033519553,-118.0,0.5412844036697247,loss,0.0,-1.0,3.3061003094064403,44.23399904143316,-2.5,44.0,0.5000000000000002,916,0.5061601528575038,916,202403.0,platt
2024_04_MIN_GB,2024,4,202404,total,over,0.4283054003724394,-108.0,0.5192307692307693,win,1.0,0.925925925925926,3.3061003094064403,44.23399904143316,-2.5,44.0,0.4181818181818181,942,0.4657745775138895,942,202403.0,platt
2024_04_MIN_GB,2024,4,202404,total,under,0.5716945996275605,-112.0,0.5283018867924528,loss,0.0,-1.0,3.3061003094064403,44.23399904143316,-2.5,44.0,0.5818181818181818,942,0.5342254224861105,942,202403.0,platt
2024_04_NE_SF,2024,4,202404,spread,away,0.3873370577281192,-112.0,0.5283018867924528,loss,0.0,-1.0,12.87941393364,45.613896451295055,-10.5,41.5,0.4571428571428571,916,0.48517797912337646,916,202403.0,platt
2024_04_NE_SF,2024,4,202404,spread,home,0.6126629422718808,-108.0,0.5192307692307693,win,1.0,0.925925925925926,12.87941393364,45.613896451295055,-10.5,41.5,0.5428571428571428,916,0.5148220208766235,916,202403.0,platt
2024_04_NE_SF,2024,4,202404,total,over,0.547486033519553,-110.0,0.5238095238095238,win,1.0,0.9090909090909092,12.87941393364,45.613896451295055,-10.5,41.5,0.5137614678899083,942,0.5226005749381581,942,202403.0,platt
2024_04_NE_SF,2024,4,202404,total,under,0.4525139664804469,-110.0,0.5238095238095238,loss,0.0,-1.0,12.87941393364,45.613896451295055,-10.5,41.5,0.4862385321100917,942,0.47739942506184185,942,202403.0,platt
2024_04_NO_ATL,2024,4,202404,spread,away,0.6908752327746741,-105.0,0.5121951219512195,win,1.0,0.9523809523809524,-4.0624799706658585,48.463991889688,-2.5,41.5,0.5555555555555556,916,0.5259810773839421,916,202403.0,platt
2024_04_NO_ATL,2024,4,202404,spread,home,0.3091247672253259,-115.0,0.5348837209302325,loss,0.0,-1.0,-4.0624799706658585,48.463991889688,-2.5,41.5,0.4444444444444444,916,0.47401892261605794,916,202403.0,platt
2024_04_NO_ATL,2024,4,202404,total,over,0.6480446927374302,-108.0,0.5192307692307693,win,1.0,0.925925925925926,-4.0624799706658585,48.463991889688,-2.5,41.5,0.5818181818181818,942,0.5719625873446385,942,202403.0,platt
2024_04_NO_ATL,2024,4,202404,total,under,0.3519553072625698,-112.0,0.5283018867924528,loss,0.0,-1.0,-4.0624799706658585,48.463991889688,-2.5,41.5,0.4181818181818181,942,0.4280374126553616,942,202403.0,platt
2024_04_PHI_TB,2024,4,202404,spread,away,0.4115456238361266,-110.0,0.5238095238095238,loss,0.0,-1.0,0.8691765018497655,46.81227996823397,1.0,42.0,0.5000000000000002,916,0.48843962467098656,916,202403.0,platt
2024_04_PHI_TB,2024,4,202404,spread,home,0.5884543761638734,-110.0,0.5238095238095238,win,1.0,0.9090909090909092,0.8691765018497655,46.81227996823397,1.0,42.0,0.5000000000000002,916,0.5115603753290136,916,202403.0,platt
2024_04_PHI_TB,2024,4,202404,total,over,0.5772811918063314,-112.0,0.5283018867924528,win,1.0,0.8928571428571429,0.8691765018497655,46.81227996823397,1.0,42.0,0.5818181818181818,942,0.5369246082488268,942,202403.0,platt
2024_04_PHI_TB,2024,4,202404,total,under,0.4227188081936686,-108.0,0.5192307692307693,loss,0.0,-1.0,0.8691765018497655,46.81227996823397,1.0,42.0,0.4181818181818181,942,0.4630753917511732,942,202403.0,platt
2024_04_PIT_IND,2024,4,202404,spread,away,0.4748603351955307,-108.0,0.5192307692307693,loss,0.0,-1.0,-2.3688898204796485,45.41723014444469,2.5,40.0,0.5000000000000002,916,0.49674570872419677,916,202403.0,platt
2024_04_PIT_IND,2024,4,202404,spread,home,0.5251396648044693,-112.0,0.5283018867924528,win,1.0,0.8928571428571429,-2.3688898204796485,45.41723014444469,2.5,40.0,0.5000000000000002,916,0.5032542912758032,916,202403.0,platt
2024_04_PIT_IND,2024,4,202404,total,over,0.6052141527001862,-110.0,0.5238095238095238,win,1.0,0.9090909090909092,-2.3688898204796485,45.41723014444469,2.5,40.0,0.5818181818181818,942,0.5505433119830532,942,202403.0,platt
2024_04_PIT_IND,2024,4,202404,total,under,0.3947858472998138,-110.0,0.5238095238095238,loss,0.0,-1.0,-2.3688898204796485,45.41723014444469,2.5,40.0,0.4181818181818181,942,0.4494566880169468,942,202403.0,platt
2024_04_SEA_DET,2024,4,202404,spread,away,0.4376163873370577,-108.0,0.5192307692307693,loss,0.0,-1.0,4.693827474656365,49.58194128028232,-3.5,46.5,0.5000000000000002,916,0.491889679566882,916,202403.0,platt
2024_04_SEA_DET,2024,4,202404,spread,home,0.5623836126629422,-112.0,0.5283018867924528,win,1.0,0.8928571428571429,4.693827474656365,49.58194128028232,-3.5,46.5,0.5000000000000002,916,0.508110320433118,916,202403.0,platt
2024_04_SEA_DET,2024,4,202404,total,over,0.5139664804469274,-112.0,0.5283018867924528,win,1.0,0.8928571428571429,4.693827474656365,49.58194128028232,-3.5,46.5,0.5,942,0.5066330497337695,942,202403.0,platt
2024_04_SEA_DET,2024,4,202404,total,under,0.4860335195530726,-108.0,0.5192307692307693,loss,0.0,-1.0,4.693827474656365,49.58194128028232,-3.5,46.5,0.5,942,0.49336695026623045,942,202403.0,platt
2024_04_TEN_MIA,2024,4,202404,spread,away,0.3873370577281192,-108.0,0.5192307692307693,win,1.0,0.925925925925926,4.896484635036621,42.9628723786532,-2.5,37.0,0.4571428571428571,916,0.48517797912337646,916,202403.0,platt
2024_04_TEN_MIA,2024,4,202404,spread,home,0.6126629422718808,-112.0,0.5283018867924528,loss,0.0,-1.0,4.896484635036621,42.9628723786532,-2.5,37.0,0.5428571428571428,916,0.5148220208766235,916,202403.0,platt
2024_04_TEN_MIA,2024,4,202404,total,over,0.6145251396648045,-110.0,0.5238095238095238,win,1.0,0.9090909090909092,4.896484635036621,42.9628723786532,-2.5,37.0,0.5818181818181818,942,0.5551370130802271,942,202403.0,platt
2024_04_TEN_MIA,2024,4,202404,total,under,0.3854748603351955,-110.0,0.5238095238095238,loss,0.0,-1.0,4.896484635036621,42.9628723786532,-2.5,37.0,0.4181818181818181,942,0.4448629869197729,942,202403.0,platt
2024_04_WAS_ARI,2024,4,202404,spread,away,0.6219739292364991,-115.0,0.5348837209302325,win,1.0,0.8695652173913043,-0.5524641525804403,51.84430680736154,-3.5,49.0,0.5428571428571428,916,0.5160953083083306,916,202403.0,platt
2024_04_WAS_ARI,2024,4,202404,spread,home,0.3780260707635009,-105.0,0.5121951219512195,loss,0.0,-1.0,-0.5524641525804403,51.84430680736154,-3.5,49.0,0.4571428571428571,916,0.4839046916916694,916,202403.0,platt
2024_04_WAS_ARI,2024,4,202404,total,over,0.5027932960893855,-108.0,0.5192307692307693,win,1.0,0.925925925925926,-0.5524641525804403,51.84430680736154,-3.5,49.0,0.5,942,0.5013263533442474,942,202403.0,platt
2024_04_WAS_ARI,2024,4,202404,total,under,0.4972067039106145,-112.0,0.5283018867924528,loss,0.0,-1.0,-0.5524641525804403,51.84430680736154,-3.5,49.0,0.5,942,0.4986736466557526,942,202403.0,platt
2024_05_ARI_SF,2024,5,202405,spread,away,0.294755877034358,-105.0,0.5121951219512195,win,1.0,0.9523809523809524,12.358746132182556,49.78442491169119,-7.0,48.5,0.425531914893617,948,0.4603166908783798,948,202404.0,platt
2024_05_ARI_SF,2024,5,202405,spread,home,0.705244122965642,-115.0,0.5348837209302325,loss,0.0,-1.0,12.358746132182556,49.78442491169119,-7.0,48.5,0.574468085106383,948,0.5396833091216202,948,202404.0,platt
2024_05_ARI_SF,2024,5,202405,total,over,0.4665461121157324,-112.0,0.5283018867924528,loss,0.0,-1.0,12.358746132182556,49.78442491169119,-7.0,48.5,0.4867256637168141,974,0.48403668908685044,974,202404.0,platt
2024_05_ARI_SF,2024,5,202405,total,under,0.5334538878842676,-108.0,0.5192307692307693,win,1.0,0.925925925925926,12.358746132182556,49.78442491169119,-7.0,48.5,0.5132743362831859,974,0.5159633109131496,974,202404.0,platt
2024_05_BAL_CIN,2024,5,202405,spread,away,0.546112115732369,-118.0,0.5412844036697247,win,1.0,0.847457627118644,-4.3704219066519325,47.68181559556932,2.5,48.5,0.5,948,0.5084309795114431,948,202404.0,platt
2024_05_BAL_CIN,2024,5,202405,spread,home,0.4538878842676311,-102.0,0.504950495049505,loss,0.0,-1.0,-4.3704219066519325,47.68181559556932,2.5,48.5,0.5,948,0.49156902048855694,948,202404.0,platt
2024_05_BAL_CIN,2024,5,202405,total,over,0.3887884267631103,-108.0,0.5192307692307693,win,1.0,0.925925925925926,-4.3704219066519325,47.68181559556932,2.5,48.5,0.4175438596491228,974,0.44630094271148246,974,202404.0,platt
2024_05_BAL_CIN,2024,5,202405,total,under,0.6112115732368897,-112.0,0.5283018867924528,loss,0.0,-1.0,-4.3704219066519325,47.68181559556932,2.5,48.5,0.5824561403508772,974,0.5536990572885175,974,202404.0,platt
2024_05_BUF_HOU,2024,5,202405,spread,away,0.6763110307414104,-108.0,0.5192307692307693,loss,0.0,-1.0,-4.591660985984161,51.07548139644337,-1.0,48.0,0.5652173913043479,948,0.5335387268070111,948,202404.0,platt
2024_05_BUF_HOU,2024,5,202405,spread,home,0.3236889692585895,-112.0,0.5283018867924528,win,1.0,0.8928571428571429,-4.591660985984161,51.07548139644337,-1.0,48.0,0.4347826086956521,948,0.4664612731929889,948,202404.0,platt
2024_05_BUF_HOU,2024,5,202405,total,over,0.5189873417721519,-110.0,0.5238095238095238,loss,0.0,-1.0,-4.591660985984161,51.07548139644337,-1.0,48.0,0.5,974,0.5090531615961293,974,202404.0,platt
2024_05_BUF_HOU,2024,5,202405,total,under,0.4810126582278481,-110.0,0.5238095238095238,win,1.0,0.9090909090909092,-4.591660985984161,51.07548139644337,-1.0,48.0,0.5,974,0.49094683840387066,974,202404.0,platt
2024_05_CAR_CHI,2024,5,202405,spread,away,0.3688969258589512,-108.0,0.5192307692307693,loss,0.0,-1.0,6.699371650147334,38.70918466827371,-4.0,40.0,0.4534883720930232,948,0.475543346937973,948,202404.0,platt
2024_05_CAR_CHI,2024,5,202405,spread,home,0.6311030741410488,-112.0,0.5283018867924528,win,1.0,0.8928571428571429,6.699371650147334,38.70918466827371,-4.0,40.0,0.5465116279069768,948,0.524456653062027,948,202404.0,platt
2024_05_CAR_CHI,2024,5,202405,total,over,0.3779385171790235,-112.0,0.5283018867924528,win,1.0,0.8928571428571429,6.699371650147334,38.70918466827371,-4.0,40.0,0.4175438596491228,974,0.44090139493269714,974,202404.0,platt
2024_05_CAR_CHI,2024,5,202405,total,under,0.6220614828209765,-108.0,0.5192307692307693,loss,0.0,-1.0,6.699371650147334,38.70918466827371,-4.0,40.0,0.5824561403508772,974,0.5590986050673029,974,202404.0,platt
2024_05_CLE_WAS,2024,5,202405,spread,away,0.4104882459312838,-112.0,0.5283018867924528,loss,0.0,-1.0,4.871973950950912,46.20502147615404,-3.0,44.0,0.5,948,0.4835071329354322,948,202404.0,platt
2024_05_CLE_WAS,2024,5,202405,spread,home,0.5895117540687161,-108.0,0.5192307692307693,win,1.0,0.925925925925926,4.871973950950912,46.20502147615404,-3.0,44.0,0.5,948,0.5164928670645679,948,202404.0,platt
2024_05_CLE_WAS,2024,5,202405,total,over,0.488245931283906,-108.0,0.5192307692307693,win,1.0,0.925925925925926,4.871973950950912,46.20502147615404,-3.0,44.0,0.5,974,0.49439694681843854,974,202404.0,platt
2024_05_CLE_WAS,2024,5,202405,total,under,0.511754068716094,-112.0,0.5283018867924528,loss,0.0,-1.0,4.871973950950912,46.20502147615404,-3.0,44.0,0.5,974,0.5056030531815614,974,202404.0,platt
2024_05_DAL_PIT,2024,5,202405,spread,away,0.6365280289330922,-108.0,0.5192307692307693,win,1.0,0.925925925925926,-2.0188933896214194,44.60936326138436,-2.5,43.5,0.5465116279069768,948,0.5255194772925141,948,202404.0,platt
2024_05_DAL_PIT,2024,5,202405,spread,home,0.3634719710669077,-112.0,0.5283018867924528,loss,0.0,-1.0,-2.0188933896214194,44.60936326138436,-2.5,43.5,0.4534883720930232,948,0.4744805227074859,948,202404.0,platt
2024_05_DAL_PIT,2024,5,202405,total,over,0.4593128390596745,-112.0,0.5283018867924528,loss,0.0,-1.0,-2.0188933896214194,44.60936326138436,-2.5,43.5,0.4867256637168141,974,0.48057438512638245,974,202404.0,platt
2024_05_DAL_PIT,2024,5,202405,total,under,0.5406871609403254,-108.0,0.5192307692307693,win,1.0,0.925925925925926,-2.0188933896214194,44.60936326138436,-2.5,43.5,0.5132743362831859,974,0.5194256148736176,974,202404.0,platt
2024_05_GB_LA,2024,5,202405,spread,away,0.3670886075949366,-112.0,0.5283018867924528,win,1.0,0.8928571428571429,-0.1518084425384513,53.09988691948928,3.0,49.5,0.4534883720930232,948,0.4751897837048178,948,202404.0,platt
2024_05_GB_LA,2024,5,202405,spread,home,0.6329113924050633,-108.0,0.5192307692307693,loss,0.0,-1.0,-0.1518084425384513,53.09988691948928,3.0,49.5,0.5465116279069768,948,0.5248102162951823,948,202404.0,platt
2024_05_GB_LA,2024,5,202405,total,over,0.5280289330922242,-108.0,0.5192307692307693,loss,0.0,-1.0,-0.1518084425384513,53.09988691948928,3.0,49.5,0.5132743362831859,974,0.5133700565264188,974,202404.0,platt
2024_05_GB_LA,2024,5,202405,total,under,0.4719710669077758,-112.0,0.5283018867924528,win,1.0,0.8928571428571429,-0.1518084425384513,53.09988691948928,3.0,49.5,0.4867256637168141,974,0.48662994347358124,974,202404.0,platt
2024_05_IND_JAX,2024,5,202405,spread,away,0.596745027124774,-110.0,0.5238095238095238,win,1.0,0.9090909090909092,0.4832242842033156,43.33498195672112,-3.5,45.0,0.5,948,0.5178575540274957,948,202404.0,platt
2024_05_IND_JAX,2024,5,202405,spread,home,0.403254972875226,-110.0,0.5238095238095238,loss,0.0,-1.0,0.4832242842033156,43.33498195672112,-3.5,45.0,0.5,948,0.4821424459725043,948,202404.0,platt
2024_05_IND_JAX,2024,5,202405,total,over,0.3652802893309222,-110.0,0.5238095238095238,win,1.0,0.9090909090909092,0.4832242842033156,43.33498195672112,-3.5,45.0,0.4175438596491228,974,0.43454214114455525,974,202404.0,platt
2024_05_IND_JAX,2024,5,202405,total,under,0.6347197106690777,-110.0,0.5238095238095238,loss,0.0,-1.0,0.4832242842033156,43.33498195672112,-3.5,45.0,0.5824561403508772,974,0.5654578588554448,974,202404.0,platt
2024_05_LV_DEN,2024,5,202405,spread,away,0.6925858951175408,-112.0,0.5283018867924528,loss,0.0,-1.0,-3.2581203289207443,33.283482708368496,-3.0,36.0,0.574468085106383,948,0.536957116821058,948,202404.0,platt
2024_05_LV_DEN,2024,5,202405,spread,home,0.3074141048824593,-108.0,0.5192307692307693,win,1.0,0.925925925925926,-3.2581203289207443,33.283482708368496,-3.0,36.0,0.425531914893617,948,0.4630428831789421,948,202404.0,platt
2024_05_LV_DEN,2024,5,202405,total,over,0.3381555153707052,-112.0,0.5283018867924528,win,1.0,0.8928571428571429,-3.2581203289207443,33.283482708368496,-3.0,36.0,0.4175438596491228,974,0.42066017719953586,974,202404.0,platt
2024_05_LV_DEN,2024,5,202405,total,under,0.6618444846292948,-108.0,0.5192307692307693,loss,0.0,-1.0,-3.2581203289207443,33.283482708368496,-3.0,36.0,0.5824561403508772,974,0.5793398228004641,974,202404.0,platt
2024_05_MIA_NE,2024,5,202405,spread,away,0.4701627486437613,-112.0,0.5283018867924528,win,1.0,0.8928571428571429,-1.7911977816990108,37.817399721302095,2.0,37.0,0.5,948,0.4945533901865061,948,202404.0,platt
2024_05_MIA_NE,2024,5,202405,spread,home,0.5298372513562387,-108.0,0.5192307692307693,loss,0.0,-1.0,-1.7911977816990108,37.817399721302095,2.0,37.0,0.5,948,0.5054466098134939,948,202404.0,platt
2024_05_MIA_NE,2024,5,202405,total,over,0.4520795660036166,-112.0,0.5283018867924528,loss,0.0,-1.0,-1.7911977816990108,37.817399721302095,2.0,37.0,0.4867256637168141,974,0.4771057358841268,974,202404.0,platt
2024_05_MIA_NE,2024,5,202405,total,under,0.5479204339963833,-108.0,0.5192307692307693,win,1.0,0.925925925925926,-1.7911977816990108,37.817399721302095,2.0,37.0,0.5132743362831859,974,0.5228942641158731,974,202404.0,platt
2024_05_NO_KC,2024,5,202405,spread,away,0.6437613019891502,-112.0,0.5283018867924528,loss,0.0,-1.0,0.6657307265768458,45.55354561923096,-5.5,43.0,0.5465116279069768,948,0.526946893740357,948,202404.0,platt
2024_05_NO_KC,2024,5,202405,spread,home,0.3562386980108499,-108.0,0.5192307692307693,win,1.0,0.925925925925926,0.6657307265768458,45.55354561923096,-5.5,43.0,0.4534883720930232,948,0.4730531062596431,948,202404.0,platt
2024_05_NO_KC,2024,5,202405,total,over,0.4936708860759494,-110.0,0.5238095238095238,loss,0.0,-1.0,0.6657307265768458,45.55354561923096,-5.5,43.0,0.5,974,0.4969832764126462,974,202404.0,platt
2024_05_NO_KC,2024,5,202405,total,under,0.5063291139240507,-110.0,0.5238095238095238,win,1.0,0.9090909090909092,0.6657307265768458,45.55354561923096,-5.5,43.0,0.5,974,0.5030167235873538,974,202404.0,platt
2024_05_NYG_SEA,2024,5,202405,spread,away,0.5171790235081375,-112.0,0.5283018867924528,win,1.0,0.8928571428571429,5.945936870071023,44.26341943655537,-7.0,42.5,0.5,948,0.5031335172206362,948,202404.0,platt
2024_05_NYG_SEA,2024,5,202405,spread,home,0.4828209764918625,-108.0,0.5192307692307693,loss,0.0,-1.0,5.945936870071023,44.26341943655537,-7.0,42.5,0.5,948,0.49686648277936385,948,202404.0,platt
2024_05_NYG_SEA,2024,5,202405,total,over,0.4792043399638336,-110.0,0.5238095238095238,win,1.0,0.9090909090909092,5.945936870071023,44.26341943655537,-7.0,42.5,0.4867256637168141,974,0.4900838965934572,974,202404.0,platt
2024_05_NYG_SEA,2024,5,202405,total,under,0.5207956600361663,-110.0,0.5238095238095238,loss,0.0,-1.0,5.945936870071023,44.26341943655537,-7.0,42.5,0.5132743362831859,974,0.5099161034065428,974,202404.0,platt
2024_05_NYJ_MIN,2024,5,202405,spread,away,0.4122965641952983,-105.0,0.5121951219512195,loss,0.0,-1.0,4.289881626626847,39.81094153405513,-2.5,42.0,0.5,948,0.4838471795911232,948,202404.0,platt
2024_05_NYJ_MIN,2024,5,202405,spread,home,0.5877034358047016,-115.0,0.5348837209302325,win,1.0,0.8695652173913043,4.289881626626847,39.81094153405513,-2.5,42.0,0.5,948,0.5161528204088768,948,202404.0,platt
2024_05_NYJ_MIN,2024,5,202405,total,over,0.3508137432188065,-108.0,0.5192307692307693,loss,0.0,-1.0,4.289881626626847,39.81094153405513,-2.5,42.0,0.4175438596491228,974,0.4271853510899548,974,202404.0,platt
2024_05_NYJ_MIN,2024,5,202405,total,under,0.6491862567811935,-112.0,0.5283018867924528,win,1.0,0.8928571428571429,4.289881626626847,39.81094153405513,-2.5,42.0,0.5824561403508772,974,0.5728146489100452,974,202404.0,platt
2024_05_TB_ATL,2024,5,202405,spread,away,0.6383363471971066,-102.0,0.504950495049505,loss,0.0,-1.0,-2.184059217698401,45.37075278135261,-2.5,44.0,0.5465116279069768,948,0.5258752002977252,948,202404.0,platt
2024_05_TB_ATL,2024,5,202405,spread,home,0.3616636528028933,-118.0,0.5412844036697247,win,1.0,0.847457627118644,-2.184059217698401,45.37075278135261,-2.5,44.0,0.4534883720930232,948,0.4741247997022748,948,202404.0,platt
2024_05_TB_ATL,2024,5,202405,total,over,0.4683544303797468,-110.0,0.5238095238095238,win,1.0,0.9090909090909092,-2.184059217698401,45.37075278135261,-2.5,44.0,0.4867256637168141,974,0.4849014083203136,974,202404.0,platt
2024_05_TB_ATL,2024,5,202405,total,under,0.5316455696202531,-110.0,0.5238095238095238,loss,0.0,-1.0,-2.184059217698401,45.37075278135261,-2.5,44.0,0.5132743362831859,974,0.5150985916796863,974,202404.0,platt
2024_06_ARI_GB,2024,6,202406,spread,away,0.4532627865961199,-110.0,0.5238095238095238,loss,0.0,-1.0,6.169724084720999,49.1671412927866,-5.5,47.0,0.5,976,0.49301487474022637,976,202405.0,platt
2024_06_ARI_GB,2024,6,202406,spread,home,0.54673721340388,-110.0,0.5238095238095238,win,1.0,0.9090909090909092,6.169724084720999,49.1671412927866,-5.5,47.0,0.5,976,0.5069851252597738,976,202405.0,platt
2024_06_ARI_GB,2024,6,202406,total,over,0.4885361552028218,-110.0,0.5238095238095238,push,,0.0,6.169724084720999,49.1671412927866,-5.5,47.0,0.5,1002,0.495015453031847,1002,202405.0,platt
2024_06_ARI_GB,2024,6,202406,total,under,0.5114638447971782,-110.0,0.5238095238095238,push,,0.0,6.169724084720999,49.1671412927866,-5.5,47.0,0.5,1002,0.504984546968153,1002,202405.0,platt
2024_06_ATL_CAR,2024,6,202406,spread,away,0.3915343915343915,-112.0,0.5283018867924528,win,1.0,0.8928571428571429,-3.7195198424602185,43.45655642442321,6.0,45.5,0.4601769911504424,976,0.48358044461034566,976,202405.0,platt
2024_06_ATL_CAR,2024,6,202406,spread,home,0.6084656084656085,-108.0,0.5192307692307693,loss,0.0,-1.0,-3.7195198424602185,43.45655642442321,6.0,45.5,0.5398230088495575,976,0.5164195553896544,976,202405.0,platt
2024_06_ATL_CAR,2024,6,202406,total,over,0.3544973544973545,-110.0,0.5238095238095238,win,1.0,0.9090909090909092,-3.7195198424602185,43.45655642442321,6.0,45.5,0.4241379310344828,1002,0.43522741009644494,1002,202405.0,platt
2024_06_ATL_CAR,2024,6,202406,total,under,0.6455026455026456,-110.0,0.5238095238095238,loss,0.0,-1.0,-3.7195198424602185,43.45655642442321,6.0,45.5,0.5758620689655173,1002,0.5647725899035551,1002,202405.0,platt
2024_06_BUF_NYJ,2024,6,202406,spread,away,0.5890652557319225,-112.0,0.5283018867924528,win,1.0,0.8928571428571429,-3.929056218936177,40.56696972163041,1.0,42.0,0.5,976,0.5134131853441478,976,202405.0,platt
2024_06_BUF_NYJ,2024,6,202406,spread,home,0.4109347442680776,-108.0,0.5192307692307693,loss,0.0,-1.0,-3.929056218936177,40.56696972163041,1.0,42.0,0.5,976,0.4865868146558523,976,202405.0,platt
2024_06_BUF_NYJ,2024,6,202406,total,over,0.3756613756613756,-110.0,0.5238095238095238,win,1.0,0.9090909090909092,-3.929056218936177,40.56696972163041,1.0,42.0,0.4241379310344828,1002,0.44501031884101727,1002,202405.0,platt
2024_06_BUF_NYJ,2024,6,202406,total,under,0.6243386243386244,-110.0,0.5238095238095238,loss,0.0,-1.0,-3.929056218936177,40.56696972163041,1.0,42.0,0.5758620689655173,1002,0.5549896811589826,1002,202405.0,platt
2024_06_CIN_NYG,2024,6,202406,spread,away,0.4338624338624338,-112.0,0.5283018867924528,win,1.0,0.8928571428571429,-3.4230891477360488,47.3833877040657,4.5,46.0,0.5,976,0.4900868070016501,976,202405.0,platt
2024_06_CIN_NYG,2024,6,202406,spread,home,0.5661375661375662,-108.0,0.5192307692307693,loss,0.0,-1.0,-3.4230891477360488,47.3833877040657,4.5,46.0,0.5,976,0.5099131929983499,976,202405.0,platt
2024_06_CIN_NYG,2024,6,202406,total,over,0.4708994708994709,-118.0,0.5412844036697247,loss,0.0,-1.0,-3.4230891477360488,47.3833877040657,4.5,46.0,0.5,1002,0.4873371119942737,1002,202405.0,platt
2024_06_CIN_NYG,2024,6,202406,total,under,0.5291005291005291,-102.0,0.504950495049505,win,1.0,0.9803921568627452,-3.4230891477360488,47.3833877040657,4.5,46.0,0.5,1002,0.5126628880057262,1002,202405.0,platt
2024_06_CLE_PHI,2024,6,202406,spread,away,0.6031746031746033,-108.0,0.5192307692307693,win,1.0,0.925925925925926,4.70376364180864,43.72548738534452,-8.0,42.0,0.5398230088495575,976,0.5155949055262291,976,202405.0,platt
2024_06_CLE_PHI,2024,6,202406,spread,home,0.3968253968253968,-112.0,0.5283018867924528,loss,0.0,-1.0,4.70376364180864,43.72548738534452,-8.0,42.0,0.4601769911504424,976,0.48440509447377084,976,202405.0,platt
2024_06_CLE_PHI,2024,6,202406,total,over,0.4814814814814814,-110.0,0.5238095238095238,loss,0.0,-1.0,4.70376364180864,43.72548738534452,-8.0,42.0,0.5,1002,0.4919461963092651,1002,202405.0,platt
2024_06_CLE_PHI,2024,6,202406,total,under,0.5185185185185186,-110.0,0.5238095238095238,win,1.0,0.9090909090909092,4.70376364180864,43.72548738534452,-8.0,42.0,0.5,1002,0.5080538036907349,1002,202405.0,platt
2024_06_DET_DAL,2024,6,202406,spread,away,0.3615520282186949,-105.0,0.5121951219512195,win,1.0,0.9523809523809524,-0.5169227947146651,53.11601909006103,3.5,52.5,0.4601769911504424,976,0.4788269626592055,976,202405.0,platt
2024_06_DET_DAL,2024,6,202406,spread,home,0.6384479717813051,-115.0,0.5348837209302325,loss,0.0,-1.0,-0.5169227947146651,53.11601909006103,3.5,52.5,0.5398230088495575,976,0.5211730373407946,976,202405.0,platt
2024_06_DET_DAL,2024,6,202406,total,over,0.4462081128747795,-110.0,0.5238095238095238,win,1.0,0.9090909090909092,-0.5169227947146651,53.11601909006103,3.5,52.5,0.4794520547945205,1002,0.4765406771065444,1002,202405.0,platt
2024_06_DET_DAL,2024,6,202406,total,under,0.5537918871252205,-110.0,0.5238095238095238,loss,0.0,-1.0,-0.5169227947146651,53.11601909006103,3.5,52.5,0.5205479452054794,1002,0.5234593228934556,1002,202405.0,platt
2024_06_IND_TEN,2024,6,202406,spread,away,0.6067019400352733,-110.0,0.5238095238095238,win,1.0,0.9090909090909092,-0.9174102156597002,44.04240639710076,-2.5,42.0,0.5398230088495575,976,0.51614425073503,976,202405.0,platt
2024_06_IND_TEN,2024,6,202406,spread,home,0.3932980599647266,-110.0,0.5238095238095238,loss,0.0,-1.0,-0.9174102156597002,44.04240639710076,-2.5,42.0,0.4601769911504424,976,0.48385574926497005,976,202405.0,platt
2024_06_IND_TEN,2024,6,202406,total,over,0.4850088183421516,-108.0,0.5192307692307693,loss,0.0,-1.0,-0.9174102156597002,44.04240639710076,-2.5,42.0,0.5,1002,0.4934810881487186,1002,202405.0,platt
2024_06_IND_TEN,2024,6,202406,total,under,0.5149911816578483,-112.0,0.5283018867924528,win,1.0,0.8928571428571429,-0.9174102156597002,44.04240639710076,-2.5,42.0,0.5,1002,0.5065189118512813,1002,202405.0,platt
2024_06_JAX_CHI,2024,6,202406,spread,away,0.2522045855379189,-108.0,0.5192307692307693,loss,0.0,-1.0,5.242256065964842,41.90361693589399,1.5,44.5,0.4479166666666667,976,0.45959389490664565,976,202405.0,platt
2024_06_JAX_CHI,2024,6,202406,spread,home,0.7477954144620811,-112.0,0.5283018867924528,win,1.0,0.8928571428571429,5.242256065964842,41.90361693589399,1.5,44.5,0.5520833333333334,976,0.5404061050933544,976,202405.0,platt
2024_06_JAX_CHI,2024,6,202406,total,over,0.3439153439153439,-112.0,0.5283018867924528,win,1.0,0.8928571428571429,5.242256065964842,41.90361693589399,1.5,44.5,0.4241379310344828,1002,0.4302579715690275,1002,202405.0,platt
2024_06_JAX_CHI,2024,6,202406,total,under,0.656084656084656,-108.0,0.5192307692307693,loss,0.0,-1.0,5.242256065964842,41.90361693589399,1.5,44.5,0.5758620689655173,1002,0.5697420284309725,1002,202405.0,platt
2024_06_LAC_DEN,2024,6,202406,spread,away,0.4268077601410934,-105.0,0.5121951219512195,win,1.0,0.9523809523809524,-1.5771965779770216,35.674778314181246,3.0,37.0,0.5,976,0.4890150934852384,976,202405.0,platt
2024_06_LAC_DEN,2024,6,202406,spread,home,0.5731922398589065,-115.0,0.5348837209302325,loss,0.0,-1.0,-1.5771965779770216,35.674778314181246,3.0,37.0,0.5,976,0.5109849065147616,976,202405.0,platt
2024_06_LAC_DEN,2024,6,202406,total,over,0.3791887125220458,-112.0,0.5283018867924528,win,1.0,0.8928571428571429,-1.5771965779770216,35.674778314181246,3.0,37.0,0.4241379310344828,1002,0.44662270841253904,1002,202405.0,platt
2024_06_LAC_DEN,2024,6,202406,total,under,0.6208112874779541,-108.0,0.5192307692307693,loss,0.0,-1.0,-1.5771965779770216,35.674778314181246,3.0,37.0,0.5758620689655173,1002,0.5533772915874609,1002,202405.0,platt
2024_06_PIT_LV,2024,6,202406,spread,away,0.4109347442680776,-110.0,0.5238095238095238,win,1.0,0.9090909090909092,-1.778653841841061,42.694603692412976,3.5,36.5,0.5,976,0.4865868146558523,976,202405.0,platt
2024_06_PIT_LV,2024,6,202406,spread,home,0.5890652557319224,-110.0,0.5238095238095238,loss,0.0,-1.0,-1.778653841841061,42.694603692412976,3.5,36.5,0.5,976,0.5134131853441477,976,202405.0,platt
2024_06_PIT_LV,2024,6,202406,total,over,0.6261022927689595,-112.0,0.5283018867924528,win,1.0,0.8928571428571429,-1.778653841841061,42.694603692412976,3.5,36.5,0.5758620689655173,1002,0.5557976946699524,1002,202405.0,platt
2024_06_PIT_LV,2024,6,202406,total,under,0.3738977072310405,-108.0,0.5192307692307693,loss,0.0,-1.0,-1.778653841841061,42.694603692412976,3.5,36.5,0.4241379310344828,1002,0.44420230533004756,1002,202405.0,platt
2024_06_SF_SEA,2024,6,202406,spread,away,0.4902998236331569,-118.0,0.5412844036697247,win,1.0,0.847457627118644,-4.147700159329942,46.95023920214796,3.5,49.0,0.5,976,0.49855421784196446,976,202405.0,platt
2024_06_SF_SEA,2024,6,202406,spread,home,0.5097001763668431,-102.0,0.504950495049505,loss,0.0,-1.0,-4.147700159329942,46.95023920214796,3.5,49.0,0.5,976,0.5014457821580355,976,202405.0,platt
2024_06_SF_SEA,2024,6,202406,total,over,0.3544973544973545,-110.0,0.5238095238095238,win,1.0,0.9090909090909092,-4.147700159329942,46.95023920214796,3.5,49.0,0.4241379310344828,1002,0.43522741009644494,1002,202405.0,platt
2024_06_SF_SEA,2024,6,202406,total,under,0.6455026455026456,-110.0,0.5238095238095238,loss,0.0,-1.0,-4.147700159329942,46.95023920214796,3.5,49.0,0.5758620689655173,1002,0.5647725899035551,1002,202405.0,platt
2024_06_WAS_BAL,2024,6,202406,spread,away,0.4109347442680776,-108.0,0.5192307692307693,loss,0.0,-1.0,8.194919971674759,52.20344562209301,-6.5,51.5,0.5,976,0.4865868146558523,976,202405.0,platt
2024_06_WAS_BAL,2024,6,202406,spread,home,0.5890652557319224,-112.0,0.5283018867924528,win,1.0,0.8928571428571429,8.194919971674759,52.20344562209301,-6.5,51.5,0.5,976,0.5134131853441477,976,202405.0,platt
2024_06_WAS_BAL,2024,6,202406,total,over,0.4479717813051146,-110.0,0.5238095238095238,win,1.0,0.9090909090909092,8.194919971674759,52.20344562209301,-6.5,51.5,0.4794520547945205,1002,0.47731445418793117,1002,202405.0,platt
2024_06_WAS_BAL,2024,6,202406,total,under,0.5520282186948854,-110.0,0.5238095238095238,loss,0.0,-1.0,8.194919971674759,52.20344562209301,-6.5,51.5,0.5205479452054794,1002,0.5226855458120687,1002,202405.0,platt
2024_07_BAL_TB,2024,7,202407,spread,away,0.4300518134715025,-110.0,0.5238095238095238,win,1.0,0.9090909090909092,-3.0991430839745013,49.43208868327717,4.5,51.0,0.5,1000,0.48878226075190345,1000,202406.0,platt
2024_07_BAL_TB,2024,7,202407,spread,home,0.5699481865284974,-110.0,0.5238095238095238,loss,0.0,-1.0,-3.0991430839745013,49.43208868327717,4.5,51.0,0.5,1000,0.5112177392480967,1000,202406.0,platt
2024_07_BAL_TB,2024,7,202407,total,over,0.3730569948186528,-110.0,0.5238095238095238,win,1.0,0.9090909090909092,-3.0991430839745013,49.43208868327717,4.5,51.0,0.4324324324324324,1024,0.45192794064923747,1024,202406.0,platt
2024_07_BAL_TB,2024,7,202407,total,under,0.6269430051813472,-110.0,0.5238095238095238,loss,0.0,-1.0,-3.0991430839745013,49.43208868327717,4.5,51.0,0.5675675675675675,1024,0.5480720593507625,1024,202406.0,platt
2024_07_CAR_WAS,2024,7,202407,spread,away,0.5164075993091537,100.0,0.5,loss,0.0,-1.0,9.037517161888823,46.50539898199535,-10.0,51.0,0.5,1000,0.5026154191209523,1000,202406.0,platt
2024_07_CAR_WAS,2024,7,202407,spread,home,0.4835924006908463,-120.0,0.5454545454545454,win,1.0,0.8333333333333334,9.037517161888823,46.50539898199535,-10.0,51.0,0.5,1000,0.4973845808790478,1000,202406.0,platt
2024_07_CAR_WAS,2024,7,202407,total,over,0.2987910189982729,-110.0,0.5238095238095238,loss,0.0,-1.0,9.037517161888823,46.50539898199535,-10.0,51.0,0.3902439024390244,1024,0.4214166685832723,1024,202406.0,platt
2024_07_CAR_WAS,2024,7,202407,total,under,0.7012089810017271,-110.0,0.5238095238095238,win,1.0,0.9090909090909092,9.037517161888823,46.50539898199535,-10.0,51.0,0.6097560975609756,1024,0.5785833314167277,1024,202406.0,platt
2024_07_CIN_CLE,2024,7,202407,spread,away,0.5043177892918825,-110.0,0.5238095238095238,win,1.0,0.9090909090909092,-6.3150973848289365,39.382175447000165,5.5,42.0,0.5,1000,0.5006880440123073,1000,202406.0,platt
2024_07_CIN_CLE,2024,7,202407,spread,home,0.4956822107081174,-110.0,0.5238095238095238,loss,0.0,-1.0,-6.3150973848289365,39.382175447000165,5.5,42.0,0.5,1000,0.49931195598769273,1000,202406.0,platt
2024_07_CIN_CLE,2024,7,202407,total,over,0.3454231433506045,-108.0,0.5192307692307693,loss,0.0,-1.0,-6.3150973848289365,39.382175447000165,5.5,42.0,0.4324324324324324,1024,0.44090107784360805,1024,202406.0,platt
2024_07_CIN_CLE,2024,7,202407,total,under,0.6545768566493955,-112.0,0.5283018867924528,win,1.0,0.8928571428571429,-6.3150973848289365,39.382175447000165,5.5,42.0,0.5675675675675675,1024,0.559098922156392,1024,202406.0,platt
2024_07_DET_MIN,2024,7,202407,spread,away,0.6804835924006909,-108.0,0.5192307692307693,win,1.0,0.925925925925926,-4.816495831744021,49.03582985878044,-1.0,50.5,0.5531914893617021,1000,0.5300800443051725,1000,202406.0,platt
2024_07_DET_MIN,2024,7,202407,spread,home,0.3195164075993091,-112.0,0.5283018867924528,loss,0.0,-1.0,-4.816495831744021,49.03582985878044,-1.0,50.5,0.4468085106382978,1000,0.4699199556948274,1000,202406.0,platt
2024_07_DET_MIN,2024,7,202407,total,over,0.3799654576856649,-108.0,0.5192307692307693,win,1.0,0.925925925925926,-4.816495831744021,49.03582985878044,-1.0,50.5,0.4324324324324324,1024,0.4546377567004792,1024,202406.0,platt
2024_07_DET_MIN,2024,7,202407,total,under,0.6200345423143351,-112.0,0.5283018867924528,loss,0.0,-1.0,-4.816495831744021,49.03582985878044,-1.0,50.5,0.5675675675675675,1024,0.5453622432995209,1024,202406.0,platt
2024_07_HOU_GB,2024,7,202407,spread,away,0.4490500863557858,100.0,0.5,win,1.0,1.0,3.9604648167381855,48.8034782703325,-3.0,48.0,0.5,1000,0.4918537214362892,1000,202406.0,platt
2024_07_HOU_GB,2024,7,202407,spread,home,0.5509499136442142,-120.0,0.5454545454545454,loss,0.0,-1.0,3.9604648167381855,48.8034782703325,-3.0,48.0,0.5,1000,0.5081462785637109,1000,202406.0,platt
2024_07_HOU_GB,2024,7,202407,total,over,0.459412780656304,-112.0,0.5283018867924528,loss,0.0,-1.0,3.9604648167381855,48.8034782703325,-3.0,48.0,0.4918032786885246,1024,0.4848909035296732,1024,202406.0,platt
2024_07_HOU_GB,2024,7,202407,total,under,0.540587219343696,-108.0,0.5192307692307693,win,1.0,0.925925925925926,3.9604648167381855,48.8034782703325,-3.0,48.0,0.5081967213114754,1024,0.5151090964703269,1024,202406.0,platt
2024_07_KC_SF,2024,7,202407,spread,away,0.4369602763385146,-105.0,0.5121951219512195,win,1.0,0.9523809523809524,3.6762241598840713,47.86088568673096,-2.5,47.5,0.5,1000,0.4899024341288342,1000,202406.0,platt
2024_07_KC_SF,2024,7,202407,spread,home,0.5630397236614854,-115.0,0.5348837209302325,loss,0.0,-1.0,3.6762241598840713,47.86088568673096,-2.5,47.5,0.5,1000,0.5100975658711657,1000,202406.0,platt
2024_07_KC_SF,2024,7,202407,total,over,0.4455958549222797,-110.0,0.5238095238095238,loss,0.0,-1.0,3.6762241598840713,47.86088568673096,-2.5,47.5,0.4918032786885246,1024,0.47971658134318057,1024,202406.0,platt
2024_07_KC_SF,2024,7,202407,total,under,0.5544041450777202,-110.0,0.5238095238095238,win,1.0,0.9090909090909092,3.6762241598840713,47.86088568673096,-2.5,47.5,0.5081967213114754,1024,0.5202834186568194,1024,202406.0,platt
2024_07_LAC_ARI,2024,7,202407,spread,away,0.4611398963730569,-115.0,0.5348837209302325,loss,0.0,-1.0,-0.5227699857632366,46.891611082070895,1.0,44.0,0.5,1000,0.4937955590688781,1000,202406.0,platt
2024_07_LAC_ARI,2024,7,202407,spread,home,0.538860103626943,-105.0,0.5121951219512195,win,1.0,0.9523809523809524,-0.5227699857632366,46.891611082070895,1.0,44.0,0.5,1000,0.5062044409311219,1000,202406.0,platt
2024_07_LAC_ARI,2024,7,202407,total,over,0.5181347150259067,-112.0,0.5283018867924528,loss,0.0,-1.0,-0.5227699857632366,46.891611082070895,1.0,44.0,0.5,1024,0.5067406188735951,1024,202406.0,platt
2024_07_LAC_ARI,2024,7,202407,total,under,0.4818652849740933,-108.0,0.5192307692307693,win,1.0,0.925925925925926,-0.5227699857632366,46.891611082070895,1.0,44.0,0.5,1024,0.4932593811264049,1024,202406.0,platt
2024_07_LV_LA,2024,7,202407,spread,away,0.5699481865284974,-105.0,0.5121951219512195,win,1.0,0.9523809523809524,4.766875987685514,46.713583668251005,-7.0,43.0,0.5,1000,0.5112177392480967,1000,202406.0,platt
2024_07_LV_LA,2024,7,202407,spread,home,0.4300518134715025,-115.0,0.5348837209302325,loss,0.0,-1.0,4.766875987685514,46.713583668251005,-7.0,43.0,0.5,1000,0.48878226075190345,1000,202406.0,platt
2024_07_LV_LA,2024,7,202407,total,over,0.538860103626943,-115.0,0.5348837209302325,loss,0.0,-1.0,4.766875987685514,46.713583668251005,-7.0,43.0,0.5081967213114754,1024,0.5144638635075488,1024,202406.0,platt
2024_07_LV_LA,2024,7,202407,total,under,0.4611398963730569,-105.0,0.5121951219512195,win,1.0,0.9523809523809524,4.766875987685514,46.713583668251005,-7.0,43.0,0.4918032786885246,1024,0.48553613649245114,1024,202406.0,platt
2024_07_MIA_IND,2024,7,202407,spread,away,0.5664939550949913,-120.0,0.5454545454545454,loss,0.0,-1.0,0.8427328941838699,45.29398932624473,-3.0,44.0,0.5,1000,0.5106571420816187,1000,202406.0,platt
2024_07_MIA_IND,2024,7,202407,spread,home,0.4335060449050086,100.0,0.5,win,1.0,1.0,0.8427328941838699,45.29398932624473,-3.0,44.0,0.5,1000,0.4893428579183814,1000,202406.0,platt
2024_07_MIA_IND,2024,7,202407,total,over,0.4732297063903281,-112.0,0.5283018867924528,loss,0.0,-1.0,0.8427328941838699,45.29398932624473,-3.0,44.0,0.4918032786885246,1024,0.49004511964553016,1024,202406.0,platt
2024_07_MIA_IND,2024,7,202407,total,under,0.5267702936096719,-108.0,0.5192307692307693,win,1.0,0.925925925925926,0.8427328941838699,45.29398932624473,-3.0,44.0,0.5081967213114754,1024,0.5099548803544698,1024,202406.0,platt
2024_07_NYJ_PIT,2024,7,202407,spread,away,0.2469775474956822,-108.0,0.5192307692307693,loss,0.0,-1.0,4.181604617165538,39.92876741084953,3.0,40.0,0.44,1000,0.45570646486772415,1000,202406.0,platt
2024_07_NYJ_PIT,2024,7,202407,spread,home,0.7530224525043178,-112.0,0.5283018867924528,win,1.0,0.8928571428571429,4.181604617165538,39.92876741084953,3.0,40.0,0.5599999999999999,1000,0.5442935351322759,1000,202406.0,platt
2024_07_NYJ_PIT,2024,7,202407,total,over,0.4248704663212435,-110.0,0.5238095238095238,win,1.0,0.9090909090909092,4.181604617165538,39.92876741084953,3.0,40.0,0.4324324324324324,1024,0.4719017936921877,1024,202406.0,platt
2024_07_NYJ_PIT,2024,7,202407,total,under,0.5751295336787565,-110.0,0.5238095238095238,loss,0.0,-1.0,4.181604617165538,39.92876741084953,3.0,40.0,0.5675675675675675,1024,0.5280982063078123,1024,202406.0,platt
2024_07_PHI_NYG,2024,7,202407,spread,away,0.4559585492227979,-120.0,0.5454545454545454,win,1.0,0.8333333333333334,-2.2499156863157483,43.87304629571003,3.0,42.0,0.5,1000,0.49296435091924834,1000,202406.0,platt
2024_07_PHI_NYG,2024,7,202407,spread,home,0.5440414507772021,100.0,0.5,loss,0.0,-1.0,-2.2499156863157483,43.87304629571003,3.0,42.0,0.5,1000,0.5070356490807518,1000,202406.0,platt
2024_07_PHI_NYG,2024,7,202407,total,over,0.4870466321243523,-110.0,0.5238095238095238,loss,0.0,-1.0,-2.2499156863157483,43.87304629571003,3.0,42.0,0.5,1024,0.49518616416790207,1024,202406.0,platt
2024_07_PHI_NYG,2024,7,202407,total,under,0.5129533678756477,-110.0,0.5238095238095238,win,1.0,0.9090909090909092,-2.2499156863157483,43.87304629571003,3.0,42.0,0.5,1024,0.504813835832098,1024,202406.0,platt
2024_07_SEA_ATL,2024,7,202407,spread,away,0.5509499136442142,-115.0,0.5348837209302325,win,1.0,0.8695652173913043,1.062439012267792,50.33526761277028,-3.0,51.5,0.5,1000,0.5081462785637109,1000,202406.0,platt
2024_07_SEA_ATL,2024,7,202407,spread,home,0.4490500863557858,-105.0,0.5121951219512195,loss,0.0,-1.0,1.062439012267792,50.33526761277028,-3.0,51.5,0.5,1000,0.4918537214362892,1000,202406.0,platt
2024_07_SEA_ATL,2024,7,202407,total,over,0.385146804835924,-110.0,0.5238095238095238,loss,0.0,-1.0,1.062439012267792,50.33526761277028,-3.0,51.5,0.4324324324324324,1024,0.4566593262269807,1024,202406.0,platt
2024_07_SEA_ATL,2024,7,202407,total,under,0.614853195164076,-110.0,0.5238095238095238,win,1.0,0.9090909090909092,1.062439012267792,50.33526761277028,-3.0,51.5,0.5675675675675675,1024,0.5433406737730193,1024,202406.0,platt
2024_07_TEN_BUF,2024,7,202407,spread,away,0.4956822107081174,-110.0,0.5238095238095238,loss,0.0,-1.0,8.86834236325232,47.4076390802734,-9.5,41.0,0.5,1000,0.49931195598769273,1000,202406.0,platt
2024_07_TEN_BUF,2024,7,202407,spread,home,0.5043177892918825,-110.0,0.5238095238095238,win,1.0,0.9090909090909092,8.86834236325232,47.4076390802734,-9.5,41.0,0.5,1000,0.5006880440123073,1000,202406.0,platt
2024_07_TEN_BUF,2024,7,202407,total,over,0.6338514680483592,-112.0,0.5283018867924528,win,1.0,0.8928571428571429,8.86834236325232,47.4076390802734,-9.5,41.0,0.5675675675675675,1024,0.5507993964398893,1024,202406.0,platt
2024_07_TEN_BUF,2024,7,202407,total,under,0.3661485319516407,-108.0,0.5192307692307693,loss,0.0,-1.0,8.86834236325232,47.4076390802734,-9.5,41.0,0.4324324324324324,1024,0.44920060356011066,1024,202406.0,platt
2024_08_ARI_MIA,2024,8,202408,spread,away,0.5591216216216216,-108.0,0.5192307692307693,win,1.0,0.925925925925926,1.9225464284363003,41.57189685045478,-4.0,46.5,0.5,1026,0.5104553989949602,1026,202407.0,platt
2024_08_ARI_MIA,2024,8,202408,spread,home,0.4408783783783784,-112.0,0.5283018867924528,loss,0.0,-1.0,1.9225464284363003,41.57189685045478,-4.0,46.5,0.5,1026,0.4895446010050398,1026,202407.0,platt
2024_08_ARI_MIA,2024,8,202408,total,over,0.2922297297297297,-110.0,0.5238095238095238,win,1.0,0.9090909090909092,1.9225464284363003,41.57189685045478,-4.0,46.5,0.3809523809523809,1050,0.41375888467827643,1050,202407.0,platt
2024_08_ARI_MIA,2024,8,202408,total,under,0.7077702702702703,-110.0,0.5238095238095238,loss,0.0,-1.0,1.9225464284363003,41.57189685045478,-4.0,46.5,0.6190476190476191,1050,0.5862411153217236,1050,202407.0,platt
2024_08_ATL_TB,2024,8,202408,spread,away,0.277027027027027,-110.0,0.5238095238095238,win,1.0,0.9090909090909092,4.253051641350593,47.700135179342304,1.5,47.0,0.4313725490196078,1026,0.457882197695517,1026,202407.0,platt
2024_08_ATL_TB,2024,8,202408,spread,home,0.722972972972973,-110.0,0.5238095238095238,loss,0.0,-1.0,4.253051641350593,47.700135179342304,1.5,47.0,0.5686274509803922,1026,0.542117802304483,1026,202407.0,platt
2024_08_ATL_TB,2024,8,202408,total,over,0.4493243243243243,-112.0,0.5283018867924528,win,1.0,0.8928571428571429,4.253051641350593,47.700135179342304,1.5,47.0,0.4841269841269841,1050,0.47998010021978793,1050,202407.0,platt
2024_08_ATL_TB,2024,8,202408,total,under,0.5506756756756757,-108.0,0.5192307692307693,loss,0.0,-1.0,4.253051641350593,47.700135179342304,1.5,47.0,0.5158730158730159,1050,0.520019899780212,1050,202407.0,platt
2024_08_BAL_CLE,2024,8,202408,spread,away,0.6165540540540541,-110.0,0.5238095238095238,loss,0.0,-1.0,-11.046777087773684,47.19317203918264,7.5,44.5,0.5384615384615384,1026,0.5208907364757434,1026,202407.0,platt
2024_08_BAL_CLE,2024,8,202408,spread,home,0.3834459459459459,-110.0,0.5238095238095238,win,1.0,0.9090909090909092,-11.046777087773684,47.19317203918264,7.5,44.5,0.4615384615384615,1026,0.47910926352425653,1026,202407.0,platt
2024_08_BAL_CLE,2024,8,202408,total,over,0.5016891891891891,-115.0,0.5348837209302325,win,1.0,0.8695652173913043,-11.046777087773684,47.19317203918264,7.5,44.5,0.4999999999999999,1050,0.500665396614845,1050,202407.0,platt
2024_08_BAL_CLE,2024,8,202408,total,under,0.4983108108108108,-105.0,0.5121951219512195,loss,0.0,-1.0,-11.046777087773684,47.19317203918264,7.5,44.5,0.4999999999999999,1050,0.49933460338515495,1050,202407.0,platt
2024_08_BUF_SEA,2024,8,202408,spread,away,0.5320945945945945,-120.0,0.5454545454545454,win,1.0,0.8333333333333334,-4.491577898424053,47.19635690292479,3.0,45.5,0.5,1026,0.5056575980028603,1026,202407.0,platt
2024_08_BUF_SEA,2024,8,202408,spread,home,0.4679054054054054,100.0,0.5,loss,0.0,-1.0,-4.491577898424053,47.19635690292479,3.0,45.5,0.5,1026,0.4943424019971399,1026,202407.0,platt
2024_08_BUF_SEA,2024,8,202408,total,over,0.4814189189189189,-115.0,0.5348837209302325,loss,0.0,-1.0,-4.491577898424053,47.19635690292479,3.0,45.5,0.4999999999999999,1050,0.4926778120682655,1050,202407.0,platt
2024_08_BUF_SEA,2024,8,202408,total,under,0.5185810810810811,-105.0,0.5121951219512195,win,1.0,0.9523809523809524,-4.491577898424053,47.19635690292479,3.0,45.5,0.4999999999999999,1050,0.5073221879317344,1050,202407.0,platt
2024_08_CAR_DEN,2024,8,202408,spread,away,0.6165540540540541,-110.0,0.5238095238095238,loss,0.0,-1.0,9.378051381803523,36.132192566733295,-13.0,40.5,0.5384615384615384,1026,0.5208907364757434,1026,202407.0,platt
2024_08_CAR_DEN,2024,8,202408,spread,home,0.3834459459459459,-110.0,0.5238095238095238,win,1.0,0.9090909090909092,9.378051381803523,36.132192566733295,-13.0,40.5,0.4615384615384615,1026,0.47910926352425653,1026,202407.0,platt
2024_08_CAR_DEN,2024,8,202408,total,over,0.2989864864864865,-108.0,0.5192307692307693,win,1.0,0.925925925925926,9.378051381803523,36.132192566733295,-13.0,40.5,0.3809523809523809,1050,0.4168628689408135,1050,202407.0,platt
2024_08_CAR_DEN,2024,8,202408,total,under,0.7010135135135135,-112.0,0.5283018867924528,loss,0.0,-1.0,9.378051381803523,36.132192566733295,-13.0,40.5,0.6190476190476191,1050,0.5831371310591865,1050,202407.0,platt
2024_08_CHI_WAS,2024,8,202408,spread,away,0.4611486486486487,-110.0,0.5238095238095238,loss,0.0,-1.0,2.102206246428711,44.839925338991314,-1.5,46.5,0.5,1026,0.4931470672765487,1026,202407.0,platt
2024_08_CHI_WAS,2024,8,202408,spread,home,0.5388513513513513,-110.0,0.5238095238095238,win,1.0,0.9090909090909092,2.102206246428711,44.839925338991314,-1.5,46.5,0.5,1026,0.5068529327234512,1026,202407.0,platt
2024_08_CHI_WAS,2024,8,202408,total,over,0.3682432432432432,-112.0,0.5283018867924528,loss,0.0,-1.0,2.102206246428711,44.839925338991314,-1.5,46.5,0.4337748344370861,1050,0.4470445814809249,1050,202407.0,platt
2024_08_CHI_WAS,2024,8,202408,total,under,0.6317567567567568,-108.0,0.5192307692307693,win,1.0,0.925925925925926,2.102206246428711,44.839925338991314,-1.5,46.5,0.5662251655629139,1050,0.552955418519075,1050,202407.0,platt
2024_08_DAL_SF,2024,8,202408,spread,away,0.4527027027027027,-105.0,0.5121951219512195,loss,0.0,-1.0,6.283158216241754,48.006016546493015,-5.5,48.0,0.5,1026,0.4916494023552527,1026,202407.0,platt
2024_08_DAL_SF,2024,8,202408,spread,home,0.5472972972972973,-115.0,0.5348837209302325,win,1.0,0.8695652173913043,6.283158216241754,48.006016546493015,-5.5,48.0,0.5,1026,0.5083505976447473,1026,202407.0,platt
2024_08_DAL_SF,2024,8,202408,total,over,0.4307432432432432,-110.0,0.5238095238095238,win,1.0,0.9090909090909092,6.283158216241754,48.006016546493015,-5.5,48.0,0.4337748344370861,1050,0.4725698860419459,1050,202407.0,platt
2024_08_DAL_SF,2024,8,202408,total,under,0.5692567567567568,-110.0,0.5238095238095238,loss,0.0,-1.0,6.283158216241754,48.006016546493015,-5.5,48.0,0.5662251655629139,1050,0.5274301139580541,1050,202407.0,platt
2024_08_GB_JAX,2024,8,202408,spread,away,0.4577702702702703,-115.0,0.5348837209302325,loss,0.0,-1.0,-2.8002022219063574,49.24329176091038,3.5,49.0,0.5,1026,0.4925485085000525,1026,202407.0,platt
2024_08_GB_JAX,2024,8,202408,spread,home,0.5422297297297297,-105.0,0.5121951219512195,win,1.0,0.9523809523809524,-2.8002022219063574,49.24329176091038,3.5,49.0,0.5,1026,0.5074514914999475,1026,202407.0,platt
2024_08_GB_JAX,2024,8,202408,total,over,0.4375,-108.0,0.5192307692307693,win,1.0,0.925925925925926,-2.8002022219063574,49.24329176091038,3.5,49.0,0.4337748344370861,1050,0.47527115402882664,1050,202407.0,platt
2024_08_GB_JAX,2024,8,202408,total,under,0.5625,-112.0,0.5283018867924528,loss,0.0,-1.0,-2.8002022219063574,49.24329176091038,3.5,49.0,0.5662251655629139,1050,0.5247288459711734,1050,202407.0,platt
2024_08_IND_HOU,2024,8,202408,spread,away,0.491554054054054,-112.0,0.5283018867924528,win,1.0,0.8928571428571429,4.630414658680822,44.75814152230048,-5.0,45.0,0.5,1026,0.49851300495629863,1026,202407.0,platt
2024_08_IND_HOU,2024,8,202408,spread,home,0.5084459459459459,-108.0,0.5192307692307693,loss,0.0,-1.0,4.630414658680822,44.75814152230048,-5.0,45.0,0.5,1026,0.5014869950437013,1026,202407.0,platt
2024_08_IND_HOU,2024,8,202408,total,over,0.4138513513513513,-112.0,0.5283018867924528,loss,0.0,-1.0,4.630414658680822,44.75814152230048,-5.0,45.0,0.4337748344370861,1050,0.4657765633006986,1050,202407.0,platt
2024_08_IND_HOU,2024,8,202408,total,under,0.5861486486486487,-108.0,0.5192307692307693,win,1.0,0.925925925925926,4.630414658680822,44.75814152230048,-5.0,45.0,0.5662251655629139,1050,0.5342234366993013,1050,202407.0,platt
2024_08_KC_LV,2024,8,202408,spread,away,0.393581081081081,-112.0,0.5283018867924528,loss,0.0,-1.0,-6.821989362566828,42.6605490375922,9.0,42.0,0.4615384615384615,1026,0.48098392983341903,1026,202407.0,platt
2024_08_KC_LV,2024,8,202408,spread,home,0.606418918918919,-108.0,0.5192307692307693,win,1.0,0.925925925925926,-6.821989362566828,42.6605490375922,9.0,42.0,0.5384615384615384,1026,0.5190160701665811,1026,202407.0,platt
2024_08_KC_LV,2024,8,202408,total,over,0.4476351351351351,-112.0,0.5283018867924528,win,1.0,0.8928571428571429,-6.821989362566828,42.6605490375922,9.0,42.0,0.4841269841269841,1050,0.4793086792923909,1050,202407.0,platt
2024_08_KC_LV,2024,8,202408,total,under,0.5523648648648649,-108.0,0.5192307692307693,loss,0.0,-1.0,-6.821989362566828,42.6605490375922,9.0,42.0,0.5158730158730159,1050,0.5206913207076092,1050,202407.0,platt
2024_08_MIN_LA,2024,8,202408,spread,away,0.2972972972972972,-105.0,0.5121951219512195,loss,0.0,-1.0,2.299469896584675,47.06209157610181,3.0,47.5,0.4313725490196078,1026,0.46221386705703393,1026,202407.0,platt
2024_08_MIN_LA,2024,8,202408,spread,home,0.7027027027027027,-115.0,0.5348837209302325,win,1.0,0.8695652173913043,2.299469896584675,47.06209157610181,3.0,47.5,0.5686274509803922,1026,0.5377861329429661,1026,202407.0,platt
2024_08_MIN_LA,2024,8,202408,total,over,0.4087837837837837,-110.0,0.5238095238095238,win,1.0,0.9090909090909092,2.299469896584675,47.06209157610181,3.0,47.5,0.4337748344370861,1050,0.46372576928104725,1050,202407.0,platt
2024_08_MIN_LA,2024,8,202408,total,under,0.5912162162162162,-110.0,0.5238095238095238,loss,0.0,-1.0,2.299469896584675,47.06209157610181,3.0,47.5,0.5662251655629139,1050,0.5362742307189527,1050,202407.0,platt
2024_08_NO_LAC,2024,8,202408,spread,away,0.6469594594594594,-110.0,0.5238095238095238,loss,0.0,-1.0,2.1690554595527525,40.74882054349826,-7.0,41.5,0.5384615384615384,1026,0.526632263765813,1026,202407.0,platt
2024_08_NO_LAC,2024,8,202408,spread,home,0.3530405405405405,-110.0,0.5238095238095238,win,1.0,0.9090909090909092,2.1690554595527525,40.74882054349826,-7.0,41.5,0.4615384615384615,1026,0.473367736234187,1026,202407.0,platt
2024_08_NO_LAC,2024,8,202408,total,over,0.3952702702702703,-112.0,0.5283018867924528,loss,0.0,-1.0,2.1690554595527525,40.74882054349826,-7.0,41.5,0.4337748344370861,1050,0.45822344770482615,1050,202407.0,platt
2024_08_NO_LAC,2024,8,202408,total,under,0.6047297297297297,-108.0,0.5192307692307693,win,1.0,0.925925925925926,2.1690554595527525,40.74882054349826,-7.0,41.5,0.5662251655629139,1050,0.5417765522951739,1050,202407.0,platt
2024_08_NYG_PIT,2024,8,202408,spread,away,0.472972972972973,-105.0,0.5121951219512195,loss,0.0,-1.0,6.216903161517109,41.34193437105119,-6.0,37.5,0.5,1026,0.4952375563489987,1026,202407.0,platt
2024_08_NYG_PIT,2024,8,202408,spread,home,0.527027027027027,-115.0,0.5348837209302325,win,1.0,0.8695652173913043,6.216903161517109,41.34193437105119,-6.0,37.5,0.5,1026,0.5047624436510014,1026,202407.0,platt
2024_08_NYG_PIT,2024,8,202408,total,over,0.5456081081081081,-110.0,0.5238095238095238,win,1.0,0.9090909090909092,6.216903161517109,41.34193437105119,-6.0,37.5,0.5158730158730159,1050,0.5180079358605286,1050,202407.0,platt
2024_08_NYG_PIT,2024,8,202408,total,under,0.4543918918918919,-110.0,0.5238095238095238,loss,0.0,-1.0,6.216903161517109,41.34193437105119,-6.0,37.5,0.4841269841269841,1050,0.4819920641394714,1050,202407.0,platt
2024_08_NYJ_NE,2024,8,202408,spread,away,0.3378378378378378,-110.0,0.5238095238095238,loss,0.0,-1.0,-2.9461146993362486,38.86304369356437,7.0,41.0,0.4375,1026,0.4704176332627867,1026,202407.0,platt
2024_08_NYJ_NE,2024,8,202408,spread,home,0.6621621621621622,-110.0,0.5238095238095238,win,1.0,0.9090909090909092,-2.9461146993362486,38.86304369356437,7.0,41.0,0.5624999999999999,1026,0.5295823667372134,1026,202407.0,platt
2024_08_NYJ_NE,2024,8,202408,total,over,0.3564189189189189,-110.0,0.5238095238095238,win,1.0,0.9090909090909092,-2.9461146993362486,38.86304369356437,7.0,41.0,0.4337748344370861,1050,0.4420664274743283,1050,202407.0,platt
2024_08_NYJ_NE,2024,8,202408,total,under,0.6435810810810811,-110.0,0.5238095238095238,loss,0.0,-1.0,-2.9461146993362486,38.86304369356437,7.0,41.0,0.5662251655629139,1050,0.5579335725256718,1050,202407.0,platt
2024_08_PHI_CIN,2024,8,202408,spread,away,0.5709459459459459,100.0,0.5,win,1.0,1.0,0.1858520945718436,49.03339156357247,-2.5,47.5,0.5,1026,0.5125718031355888,1026,202407.0,platt
2024_08_PHI_CIN,2024,8,202408,spread,home,0.429054054054054,-120.0,0.5454545454545454,loss,0.0,-1.0,0.1858520945718436,49.03339156357247,-2.5,47.5,0.5,1026,0.48742819686441136,1026,202407.0,platt
2024_08_PHI_CIN,2024,8,202408,total,over,0.4763513513513513,-112.0,0.5283018867924528,win,1.0,0.8928571428571429,0.1858520945718436,49.03339156357247,-2.5,47.5,0.4841269841269841,1050,0.49067860173521194,1050,202407.0,platt
2024_08_PHI_CIN,2024,8,202408,total,under,0.5236486486486487,-108.0,0.5192307692307693,loss,0.0,-1.0,0.1858520945718436,49.03339156357247,-2.5,47.5,0.5158730158730159,1050,0.5093213982647881,1050,202407.0,platt
2024_08_TEN_DET,2024,8,202408,spread,away,0.4831081081081081,-105.0,0.5121951219512195,loss,0.0,-1.0,12.356843305530775,52.48834216557064,-12.5,45.0,0.5,1026,0.49702518701101367,1026,202407.0,platt
2024_08_TEN_DET,2024,8,202408,spread,home,0.5168918918918919,-115.0,0.5348837209302325,win,1.0,0.8695652173913043,12.356843305530775,52.48834216557064,-12.5,45.0,0.5,1026,0.5029748129889864,1026,202407.0,platt
2024_08_TEN_DET,2024,8,202408,total,over,0.6790540540540541,-112.0,0.5283018867924528,win,1.0,0.8928571428571429,12.356843305530775,52.48834216557064,-12.5,45.0,0.6190476190476191,1050,0.5732711057746313,1050,202407.0,platt
2024_08_TEN_DET,2024,8,202408,total,under,0.3209459459459459,-108.0,0.5192307692307693,loss,0.0,-1.0,12.356843305530775,52.48834216557064,-12.5,45.0,0.3809523809523809,1050,0.4267288942253687,1050,202407.0,platt
2024_09_CHI_ARI,2024,9,202409,spread,away,0.5888157894736843,-110.0,0.5238095238095238,loss,0.0,-1.0,-1.203668963778894,44.87079039027719,-1.5,44.5,0.5102040816326532,1058,0.5164020872383126,1058,202408.0,platt
2024_09_CHI_ARI,2024,9,202409,spread,home,0.4111842105263157,-110.0,0.5238095238095238,win,1.0,0.9090909090909092,-1.203668963778894,44.87079039027719,-1.5,44.5,0.4897959183673469,1058,0.4835979127616874,1058,202408.0,platt
2024_09_CHI_ARI,2024,9,202409,total,over,0.4539473684210526,-110.0,0.5238095238095238,loss,0.0,-1.0,-1.203668963778894,44.87079039027719,-1.5,44.5,0.4923076923076923,1082,0.48375270140515425,1082,202408.0,platt
2024_09_CHI_ARI,2024,9,202409,total,under,0.5460526315789473,-110.0,0.5238095238095238,win,1.0,0.9090909090909092,-1.203668963778894,44.87079039027719,-1.5,44.5,0.5076923076923077,1082,0.5162472985948457,1082,202408.0,platt
2024_09_DAL_ATL,2024,9,202409,spread,away,0.4884868421052631,-105.0,0.5121951219512195,loss,0.0,-1.0,2.7434662854737457,50.82364888776148,-3.0,52.0,0.492063492063492,1058,0.4978952427682028,1058,202408.0,platt
2024_09_DAL_ATL,2024,9,202409,spread,home,0.5115131578947368,-115.0,0.5348837209302325,win,1.0,0.8695652173913043,2.7434662854737457,50.82364888776148,-3.0,52.0,0.5079365079365079,1058,0.5021047572317973,1058,202408.0,platt
2024_09_DAL_ATL,2024,9,202409,total,over,0.3914473684210526,-108.0,0.5192307692307693,loss,0.0,-1.0,2.7434662854737457,50.82364888776148,-3.0,52.0,0.4368932038834951,1082,0.46125792004635996,1082,202408.0,platt
2024_09_DAL_ATL,2024,9,202409,total,under,0.6085526315789473,-112.0,0.5283018867924528,win,1.0,0.8928571428571429,2.7434662854737457,50.82364888776148,-3.0,52.0,0.5631067961165048,1082,0.53874207995364,1082,202408.0,platt
2024_09_DEN_BAL,2024,9,202409,spread,away,0.4078947368421053,-115.0,0.5348837209302325,loss,0.0,-1.0,10.795197636556884,47.52590158029142,-9.0,46.5,0.4897959183673469,1058,0.48297700165136936,1058,202408.0,platt
2024_09_DEN_BAL,2024,9,202409,spread,home,0.5921052631578947,-105.0,0.5121951219512195,win,1.0,0.9523809523809524,10.795197636556884,47.52590158029142,-9.0,46.5,0.5102040816326532,1058,0.5170229983486306,1058,202408.0,platt
2024_09_DEN_BAL,2024,9,202409,total,over,0.4703947368421052,-110.0,0.5238095238095238,win,1.0,0.9090909090909092,10.795197636556884,47.52590158029142,-9.0,46.5,0.4923076923076923,1082,0.4895705541577254,1082,202408.0,platt
2024_09_DEN_BAL,2024,9,202409,total,under,0.5296052631578947,-110.0,0.5238095238095238,loss,0.0,-1.0,10.795197636556884,47.52590158029142,-9.0,46.5,0.5076923076923077,1082,0.5104294458422746,1082,202408.0,platt
2024_09_DET_GB,2024,9,202409,spread,away,0.5328947368421053,-120.0,0.5454545454545454,win,1.0,0.8333333333333334,-4.082231810237087,49.58618315844682,2.5,47.5,0.5079365079365079,1058,0.5060209708094333,1058,202408.0,platt
2024_09_DET_GB,2024,9,202409,spread,home,0.4671052631578947,100.0,0.5,loss,0.0,-1.0,-4.082231810237087,49.58618315844682,2.5,47.5,0.492063492063492,1058,0.49397902919056663,1058,202408.0,platt
2024_09_DET_GB,2024,9,202409,total,over,0.4983552631578947,-112.0,0.5283018867924528,loss,0.0,-1.0,-4.082231810237087,49.58618315844682,2.5,47.5,0.5,1082,0.4994211783099801,1082,202408.0,platt
2024_09_DET_GB,2024,9,202409,total,under,0.5016447368421053,-108.0,0.5192307692307693,win,1.0,0.925925925925926,-4.082231810237087,49.58618315844682,2.5,47.5,0.5,1082,0.5005788216900199,1082,202408.0,platt
2024_09_HOU_NYJ,2024,9,202409,spread,away,0.5970394736842105,100.0,0.5,loss,0.0,-1.0,-0.4098478829312717,43.11219539650634,-2.5,43.5,0.5102040816326532,1058,0.5179572100331157,1058,202408.0,platt
2024_09_HOU_NYJ,2024,9,202409,spread,home,0.4029605263157895,-120.0,0.5454545454545454,win,1.0,0.8333333333333334,-0.4098478829312717,43.11219539650634,-2.5,43.5,0.4897959183673469,1058,0.4820427899668843,1058,202408.0,platt
2024_09_HOU_NYJ,2024,9,202409,total,over,0.4210526315789473,-115.0,0.5348837209302325,loss,0.0,-1.0,-0.4098478829312717,43.11219539650634,-2.5,43.5,0.4368932038834951,1082,0.4720115319290893,1082,202408.0,platt
2024_09_HOU_NYJ,2024,9,202409,total,under,0.5789473684210527,-105.0,0.5121951219512195,win,1.0,0.9523809523809524,-0.4098478829312717,43.11219539650634,-2.5,43.5,0.5631067961165048,1082,0.5279884680709106,1082,202408.0,platt
2024_09_IND_MIN,2024,9,202409,spread,away,0.544407894736842,-110.0,0.5238095238095238,loss,0.0,-1.0,4.782699167065723,48.78173350355365,-6.5,47.0,0.5079365079365079,1058,0.5081376880598453,1058,202408.0,platt
2024_09_IND_MIN,2024,9,202409,spread,home,0.4555921052631579,-110.0,0.5238095238095238,win,1.0,0.9090909090909092,4.782699167065723,48.78173350355365,-6.5,47.0,0.492063492063492,1058,0.49186231194015473,1058,202408.0,platt
2024_09_IND_MIN,2024,9,202409,total,over,0.4901315789473684,-110.0,0.5238095238095238,loss,0.0,-1.0,4.782699167065723,48.78173350355365,-6.5,47.0,0.5,1082,0.4965266856497856,1082,202408.0,platt
2024_09_IND_MIN,2024,9,202409,total,under,0.5098684210526316,-110.0,0.5238095238095238,win,1.0,0.9090909090909092,4.782699167065723,48.78173350355365,-6.5,47.0,0.5,1082,0.5034733143502144,1082,202408.0,platt
2024_09_JAX_PHI,2024,9,202409,spread,away,0.5526315789473684,-112.0,0.5283018867924528,win,1.0,0.8928571428571429,5.63637994458157,50.458654624510615,-7.5,46.0,0.5079365079365079,1058,0.5096546726420328,1058,202408.0,platt
2024_09_JAX_PHI,2024,9,202409,spread,home,0.4473684210526316,-108.0,0.5192307692307693,loss,0.0,-1.0,5.63637994458157,50.458654624510615,-7.5,46.0,0.492063492063492,1058,0.4903453273579671,1058,202408.0,platt
2024_09_JAX_PHI,2024,9,202409,total,over,0.5838815789473685,-110.0,0.5238095238095238,win,1.0,0.9090909090909092,5.63637994458157,50.458654624510615,-7.5,46.0,0.5631067961165048,1082,0.5297662853882488,1082,202408.0,platt
2024_09_JAX_PHI,2024,9,202409,total,under,0.4161184210526315,-110.0,0.5238095238095238,loss,0.0,-1.0,5.63637994458157,50.458654624510615,-7.5,46.0,0.4368932038834951,1082,0.4702337146117511,1082,202408.0,platt
2024_09_LAC_CLE,2024,9,202409,spread,away,0.4144736842105263,-110.0,0.5238095238095238,win,1.0,0.9090909090909092,-0.3849409999840505,41.84662306707476,2.0,42.5,0.4897959183673469,1058,0.4842173775855911,1058,202408.0,platt
2024_09_LAC_CLE,2024,9,202409,spread,home,0.5855263157894737,-110.0,0.5238095238095238,loss,0.0,-1.0,-0.3849409999840505,41.84662306707476,2.0,42.5,0.5102040816326532,1058,0.515782622414409,1058,202408.0,platt
2024_09_LAC_CLE,2024,9,202409,total,over,0.40625,-112.0,0.5283018867924528,loss,0.0,-1.0,-0.3849409999840505,41.84662306707476,2.0,42.5,0.4368932038834951,1082,0.46666180476699953,1082,202408.0,platt
2024_09_LAC_CLE,2024,9,202409,total,under,0.59375,-108.0,0.5192307692307693,win,1.0,0.925925925925926,-0.3849409999840505,41.84662306707476,2.0,42.5,0.5631067961165048,1082,0.5333381952330004,1082,202408.0,platt
2024_09_LA_SEA,2024,9,202409,spread,away,0.4819078947368421,-112.0,0.5283018867924528,win,1.0,0.8928571428571429,-1.553387502947177,44.13803412116844,1.5,48.5,0.492063492063492,1058,0.49669169335573593,1058,202408.0,platt
2024_09_LA_SEA,2024,9,202409,spread,home,0.5180921052631579,-108.0,0.5192307692307693,loss,0.0,-1.0,-1.553387502947177,44.13803412116844,1.5,48.5,0.5079365079365079,1058,0.503308306644264,1058,202408.0,platt
2024_09_LA_SEA,2024,9,202409,total,over,0.3059210526315789,-110.0,0.5238095238095238,loss,0.0,-1.0,-1.553387502947177,44.13803412116844,1.5,48.5,0.4,1082,0.42841630345611115,1082,202408.0,platt
2024_09_LA_SEA,2024,9,202409,total,under,0.694078947368421,-110.0,0.5238095238095238,win,1.0,0.9090909090909092,-1.553387502947177,44.13803412116844,1.5,48.5,0.6,1082,0.5715836965438889,1082,202408.0,platt
2024_09_LV_CIN,2024,9,202409,spread,away,0.6052631578947368,-110.0,0.5238095238095238,loss,0.0,-1.0,4.851547645408354,45.28458740578373,-8.0,45.0,0.5289256198347108,1058,0.519522334619809,1058,202408.0,platt
2024_09_LV_CIN,2024,9,202409,spread,home,0.3947368421052631,-110.0,0.5238095238095238,win,1.0,0.9090909090909092,4.851547645408354,45.28458740578373,-8.0,45.0,0.4710743801652892,1058,0.48047766538019104,1058,202408.0,platt
2024_09_LV_CIN,2024,9,202409,total,over,0.4473684210526316,-112.0,0.5283018867924528,win,1.0,0.8928571428571429,4.851547645408354,45.28458740578373,-8.0,45.0,0.4923076923076923,1082,0.481417457940162,1082,202408.0,platt
2024_09_LV_CIN,2024,9,202409,total,under,0.5526315789473684,-108.0,0.5192307692307693,loss,0.0,-1.0,4.851547645408354,45.28458740578373,-8.0,45.0,0.5076923076923077,1082,0.518582542059838,1082,202408.0,platt
2024_09_MIA_BUF,2024,9,202409,spread,away,0.3651315789473685,-110.0,0.5238095238095238,win,1.0,0.9090909090909092,9.224583604038086,48.14952309758398,-6.5,49.0,0.4710743801652892,1058,0.4747445939933054,1058,202408.0,platt
2024_09_MIA_BUF,2024,9,202409,spread,home,0.6348684210526315,-110.0,0.5238095238095238,loss,0.0,-1.0,9.224583604038086,48.14952309758398,-6.5,49.0,0.5289256198347108,1058,0.5252554060066946,1058,202408.0,platt
2024_09_MIA_BUF,2024,9,202409,total,over,0.3980263157894737,-112.0,0.5283018867924528,win,1.0,0.8928571428571429,9.224583604038086,48.14952309758398,-6.5,49.0,0.4368932038834951,1082,0.4636669583455709,1082,202408.0,platt
2024_09_MIA_BUF,2024,9,202409,total,under,0.6019736842105263,-108.0,0.5192307692307693,loss,0.0,-1.0,9.224583604038086,48.14952309758398,-6.5,49.0,0.5631067961165048,1082,0.536333041654429,1082,202408.0,platt
2024_09_NE_TEN,2024,9,202409,spread,away,0.4671052631578947,-105.0,0.5121951219512195,push,,0.0,3.2689164429771136,39.61631264161683,-3.0,38.5,0.492063492063492,1058,0.49397902919056663,1058,202408.0,platt
2024_09_NE_TEN,2024,9,202409,spread,home,0.5328947368421053,-115.0,0.5348837209302325,push,,0.0,3.2689164429771136,39.61631264161683,-3.0,38.5,0.5079365079365079,1058,0.5060209708094333,1058,202408.0,platt
2024_09_NE_TEN,2024,9,202409,total,over,0.4720394736842105,-110.0,0.5238095238095238,loss,0.0,-1.0,3.2689164429771136,39.61631264161683,-3.0,38.5,0.4923076923076923,1082,0.4901510601581101,1082,202408.0,platt
2024_09_NE_TEN,2024,9,202409,total,under,0.5279605263157895,-110.0,0.5238095238095238,win,1.0,0.9090909090909092,3.2689164429771136,39.61631264161683,-3.0,38.5,0.5076923076923077,1082,0.50984893984189,1082,202408.0,platt
2024_09_NO_CAR,2024,9,202409,spread,away,0.46875,-118.0,0.5412844036697247,loss,0.0,-1.0,-6.753399762136498,42.496397472417485,7.0,43.5,0.492063492063492,1058,0.49428085814343903,1058,202408.0,platt
2024_09_NO_CAR,2024,9,202409,spread,home,0.53125,-102.0,0.504950495049505,win,1.0,0.9803921568627452,-6.753399762136498,42.496397472417485,7.0,43.5,0.5079365079365079,1058,0.505719141856561,1058,202408.0,platt
2024_09_NO_CAR,2024,9,202409,total,over,0.3980263157894737,-112.0,0.5283018867924528,win,1.0,0.8928571428571429,-6.753399762136498,42.496397472417485,7.0,43.5,0.4368932038834951,1082,0.4636669583455709,1082,202408.0,platt
2024_09_NO_CAR,2024,9,202409,total,under,0.6019736842105263,-108.0,0.5192307692307693,loss,0.0,-1.0,-6.753399762136498,42.496397472417485,7.0,43.5,0.5631067961165048,1082,0.536333041654429,1082,202408.0,platt
2024_09_TB_KC,2024,9,202409,spread,away,0.6332236842105263,-110.0,0.5238095238095238,win,1.0,0.9090909090909092,4.806513916763166,45.90405361954666,-9.0,45.5,0.5289256198347108,1058,0.5249323128311093,1058,202408.0,platt
2024_09_TB_KC,2024,9,202409,spread,home,0.3667763157894737,-110.0,0.5238095238095238,loss,0.0,-1.0,4.806513916763166,45.90405361954666,-9.0,45.5,0.4710743801652892,1058,0.47506768716889075,1058,202408.0,platt
2024_09_TB_KC,2024,9,202409,total,over,0.4539473684210526,-112.0,0.5283018867924528,win,1.0,0.8928571428571429,4.806513916763166,45.90405361954666,-9.0,45.5,0.4923076923076923,1082,0.48375270140515425,1082,202408.0,platt
2024_09_TB_KC,2024,9,202409,total,under,0.5460526315789473,-108.0,0.5192307692307693,loss,0.0,-1.0,4.806513916763166,45.90405361954666,-9.0,45.5,0.5076923076923077,1082,0.5162472985948457,1082,202408.0,platt
2024_09_WAS_NYG,2024,9,202409,spread,away,0.5296052631578947,-108.0,0.5192307692307693,win,1.0,0.925925925925926,-5.791235565500802,44.09460227614299,4.5,44.5,0.5079365079365079,1058,0.5054174333066822,1058,202408.0,platt
2024_09_WAS_NYG,2024,9,202409,spread,home,0.4703947368421052,-112.0,0.5283018867924528,loss,0.0,-1.0,-5.791235565500802,44.09460227614299,4.5,44.5,0.492063492063492,1058,0.49458256669331785,1058,202408.0,platt
2024_09_WAS_NYG,2024,9,202409,total,over,0.4194078947368421,-110.0,0.5238095238095238,win,1.0,0.9090909090909092,-5.791235565500802,44.09460227614299,4.5,44.5,0.4368932038834951,1082,0.47141949476962436,1082,202408.0,platt
2024_09_WAS_NYG,2024,9,202409,total,under,0.580592105263158,-110.0,0.5238095238095238,loss,0.0,-1.0,-5.791235565500802,44.09460227614299,4.5,44.5,0.5631067961165048,1082,0.5285805052303757,1082,202408.0,platt
2024_10_ATL_NO,2024,10,202410,spread,away,0.3964686998394864,-112.0,0.5283018867924528,loss,0.0,-1.0,-1.4511346285728228,51.45681946733794,3.5,46.5,0.4758064516129032,1086,0.4821854116025562,1086,202409.0,platt
2024_10_ATL_NO,2024,10,202410,spread,home,0.6035313001605136,-108.0,0.5192307692307693,win,1.0,0.925925925925926,-1.4511346285728228,51.45681946733794,3.5,46.5,0.5241935483870968,1086,0.5178145883974439,1086,202409.0,platt
2024_10_ATL_NO,2024,10,202410,total,over,0.6035313001605136,-108.0,0.5192307692307693,loss,0.0,-1.0,-1.4511346285728228,51.45681946733794,3.5,46.5,0.5632911392405063,1112,0.5382542432164217,1112,202409.0,platt
2024_10_ATL_NO,2024,10,202410,total,under,0.3964686998394864,-112.0,0.5283018867924528,win,1.0,0.8928571428571429,-1.4511346285728228,51.45681946733794,3.5,46.5,0.4367088607594936,1112,0.46174575678357843,1112,202409.0,platt
2024_10_BUF_IND,2024,10,202410,spread,away,0.6324237560192616,-115.0,0.5348837209302325,win,1.0,0.8695652173913043,-8.685592771309867,50.45151528511428,4.5,46.5,0.5241935483870968,1086,0.5229984805132093,1086,202409.0,platt
2024_10_BUF_IND,2024,10,202410,spread,home,0.3675762439807383,-105.0,0.5121951219512195,loss,0.0,-1.0,-8.685592771309867,50.45151528511428,4.5,46.5,0.4758064516129032,1086,0.47700151948679065,1086,202409.0,platt
2024_10_BUF_IND,2024,10,202410,total,over,0.5634028892455859,-112.0,0.5283018867924528,win,1.0,0.8928571428571429,-8.685592771309867,50.45151528511428,4.5,46.5,0.5632911392405063,1112,0.5232419403018717,1112,202409.0,platt
2024_10_BUF_IND,2024,10,202410,total,under,0.4365971107544141,-108.0,0.5192307692307693,loss,0.0,-1.0,-8.685592771309867,50.45151528511428,4.5,46.5,0.4367088607594936,1112,0.4767580596981283,1112,202409.0,platt
2024_10_CIN_BAL,2024,10,202410,spread,away,0.3932584269662921,-108.0,0.5192307692307693,win,1.0,0.925925925925926,8.07679285473223,54.5470525608872,-6.0,53.0,0.4758064516129032,1086,0.481616327132614,1086,202409.0,platt
2024_10_CIN_BAL,2024,10,202410,spread,home,0.6067415730337079,-112.0,0.5283018867924528,loss,0.0,-1.0,8.07679285473223,54.5470525608872,-6.0,53.0,0.5241935483870968,1086,0.5183836728673861,1086,202409.0,platt
2024_10_CIN_BAL,2024,10,202410,total,over,0.4847512038523274,-112.0,0.5283018867924528,win,1.0,0.8928571428571429,8.07679285473223,54.5470525608872,-6.0,53.0,0.4941176470588235,1112,0.49443475109519947,1112,202409.0,platt
2024_10_CIN_BAL,2024,10,202410,total,under,0.5152487961476726,-108.0,0.5192307692307693,loss,0.0,-1.0,8.07679285473223,54.5470525608872,-6.0,53.0,0.5058823529411764,1112,0.5055652489048006,1112,202409.0,platt
2024_10_DEN_KC,2024,10,202410,spread,away,0.3579454253611557,-115.0,0.5348837209302325,win,1.0,0.8695652173913043,10.413203559219172,39.85749453565439,-7.5,42.5,0.4758064516129032,1086,0.4752384470056208,1086,202409.0,platt
2024_10_DEN_KC,2024,10,202410,spread,home,0.6420545746388443,-105.0,0.5121951219512195,loss,0.0,-1.0,10.413203559219172,39.85749453565439,-7.5,42.5,0.5241935483870968,1086,0.5247615529943792,1086,202409.0,platt
2024_10_DEN_KC,2024,10,202410,total,over,0.3515248796147672,-110.0,0.5238095238095238,loss,0.0,-1.0,10.413203559219172,39.85749453565439,-7.5,42.5,0.4367088607594936,1112,0.44437554073208696,1112,202409.0,platt
2024_10_DEN_KC,2024,10,202410,total,under,0.6484751203852328,-110.0,0.5238095238095238,win,1.0,0.9090909090909092,10.413203559219172,39.85749453565439,-7.5,42.5,0.5632911392405063,1112,0.555624459267913,1112,202409.0,platt
2024_10_DET_HOU,2024,10,202410,spread,away,0.5473515248796148,-110.0,0.5238095238095238,loss,0.0,-1.0,-6.2508139817363375,52.51539295034955,4.5,49.0,0.5096153846153846,1086,0.508056799792411,1086,202409.0,platt
2024_10_DET_HOU,2024,10,202410,spread,home,0.4526484751203852,-110.0,0.5238095238095238,win,1.0,0.9090909090909092,-6.2508139817363375,52.51539295034955,4.5,49.0,0.4903846153846153,1086,0.49194320020758914,1086,202409.0,platt
2024_10_DET_HOU,2024,10,202410,total,over,0.5441412520064205,-112.0,0.5283018867924528,push,,0.0,-6.2508139817363375,52.51539295034955,4.5,49.0,0.5058823529411764,1112,0.5161420267499528,1112,202409.0,platt
2024_10_DET_HOU,2024,10,202410,total,under,0.4558587479935795,-110.0,0.5238095238095238,push,,0.0,-6.2508139817363375,52.51539295034955,4.5,49.0,0.4941176470588235,1112,0.48385797325004715,1112,202409.0,platt
2024_10_MIA_LA,2024,10,202410,spread,away,0.449438202247191,-102.0,0.504950495049505,win,1.0,0.9803921568627452,3.1984975935641824,49.28000082436684,-2.5,49.5,0.4903846153846153,1086,0.491393445049427,1086,202409.0,platt
2024_10_MIA_LA,2024,10,202410,spread,home,0.550561797752809,-118.0,0.5412844036697247,loss,0.0,-1.0,3.1984975935641824,49.28000082436684,-2.5,49.5,0.5096153846153846,1086,0.508606554950573,1086,202409.0,platt
2024_10_MIA_LA,2024,10,202410,total,over,0.4269662921348314,-112.0,0.5283018867924528,loss,0.0,-1.0,3.1984975935641824,49.28000082436684,-2.5,49.5,0.4367088607594936,1112,0.4731863235817615,1112,202409.0,platt
2024_10_MIA_LA,2024,10,202410,total,under,0.5730337078651686,-108.0,0.5192307692307693,win,1.0,0.925925925925926,3.1984975935641824,49.28000082436684,-2.5,49.5,0.5632911392405063,1112,0.5268136764182386,1112,202409.0,platt
2024_10_MIN_JAX,2024,10,202410,spread,away,0.3290529695024077,-120.0,0.5454545454545454,loss,0.0,-1.0,-2.6395153746198288,43.83403198827386,7.0,42.5,0.4313725490196078,1086,0.4698184225832858,1086,202409.0,platt
2024_10_MIN_JAX,2024,10,202410,spread,home,0.6709470304975923,100.0,0.5,win,1.0,1.0,-2.6395153746198288,43.83403198827386,7.0,42.5,0.5686274509803921,1086,0.5301815774167142,1086,202409.0,platt
2024_10_MIN_JAX,2024,10,202410,total,over,0.4799357945425361,-112.0,0.5283018867924528,loss,0.0,-1.0,-2.6395153746198288,43.83403198827386,7.0,42.5,0.4941176470588235,1112,0.49267586321815526,1112,202409.0,platt
2024_10_MIN_JAX,2024,10,202410,total,under,0.5200642054574639,-108.0,0.5192307692307693,win,1.0,0.925925925925926,-2.6395153746198288,43.83403198827386,7.0,42.5,0.5058823529411764,1112,0.5073241367818446,1112,202409.0,platt
2024_10_NE_CHI,2024,10,202410,spread,away,0.4478330658105939,-110.0,0.5238095238095238,win,1.0,0.9090909090909092,7.215892426085789,39.25433609303072,-6.5,37.5,0.4903846153846153,1086,0.491118307533154,1086,202409.0,platt
2024_10_NE_CHI,2024,10,202410,spread,home,0.5521669341894061,-110.0,0.5238095238095238,loss,0.0,-1.0,7.215892426085789,39.25433609303072,-6.5,37.5,0.5096153846153846,1086,0.5088816924668461,1086,202409.0,platt
2024_10_NE_CHI,2024,10,202410,total,over,0.4895666131621188,-108.0,0.5192307692307693,loss,0.0,-1.0,7.215892426085789,39.25433609303072,-6.5,37.5,0.4941176470588235,1112,0.4961927426725014,1112,202409.0,platt
2024_10_NE_CHI,2024,10,202410,total,under,0.5104333868378812,-112.0,0.5283018867924528,win,1.0,0.8928571428571429,7.215892426085789,39.25433609303072,-6.5,37.5,0.5058823529411764,1112,0.5038072573274985,1112,202409.0,platt
2024_10_NYG_CAR,2024,10,202410,spread,away,0.3932584269662921,-118.0,0.5412844036697247,loss,0.0,-1.0,-4.422867335961543,40.19477696474034,6.5,40.5,0.4758064516129032,1086,0.481616327132614,1086,202409.0,platt
2024_10_NYG_CAR,2024,10,202410,spread,home,0.6067415730337079,-102.0,0.504950495049505,win,1.0,0.9803921568627452,-4.422867335961543,40.19477696474034,6.5,40.5,0.5241935483870968,1086,0.5183836728673861,1086,202409.0,platt
2024_10_NYG_CAR,2024,10,202410,total,over,0.4253611556982343,-105.0,0.5121951219512195,loss,0.0,-1.0,-4.422867335961543,40.19477696474034,6.5,40.5,0.4367088607594936,1112,0.472589369000341,1112,202409.0,platt
2024_10_NYG_CAR,2024,10,202410,total,under,0.5746388443017656,-115.0,0.5348837209302325,win,1.0,0.8695652173913043,-4.422867335961543,40.19477696474034,6.5,40.5,0.5632911392405063,1112,0.527410630999659,1112,202409.0,platt
2024_10_NYJ_ARI,2024,10,202410,spread,away,0.333868378812199,-110.0,0.5238095238095238,loss,0.0,-1.0,1.833859632333041,47.33931374109268,2.0,45.5,0.4313725490196078,1086,0.4707368508731309,1086,202409.0,platt
2024_10_NYJ_ARI,2024,10,202410,spread,home,0.666131621187801,-110.0,0.5238095238095238,win,1.0,0.9090909090909092,1.833859632333041,47.33931374109268,2.0,45.5,0.5686274509803921,1086,0.5292631491268692,1086,202409.0,platt
2024_10_NYJ_ARI,2024,10,202410,total,over,0.492776886035313,-112.0,0.5283018867924528,loss,0.0,-1.0,1.833859632333041,47.33931374109268,2.0,45.5,0.5,1112,0.4973643791888089,1112,202409.0,platt
2024_10_NYJ_ARI,2024,10,202410,total,under,0.507223113964687,-108.0,0.5192307692307693,win,1.0,0.925925925925926,1.833859632333041,47.33931374109268,2.0,45.5,0.5,1112,0.502635620811191,1112,202409.0,platt
2024_10_PHI_DAL,2024,10,202410,spread,away,0.319422150882825,-108.0,0.5192307692307693,win,1.0,0.925925925925926,-2.9952011877213995,51.76987445840126,7.5,44.5,0.4313725490196078,1086,0.46796127040749225,1086,202409.0,platt
2024_10_PHI_DAL,2024,10,202410,spread,home,0.680577849117175,-112.0,0.5283018867924528,loss,0.0,-1.0,-2.9952011877213995,51.76987445840126,7.5,44.5,0.5686274509803921,1086,0.5320387295925078,1086,202409.0,platt
2024_10_PHI_DAL,2024,10,202410,total,over,0.6853932584269663,-110.0,0.5238095238095238,loss,0.0,-1.0,-2.9952011877213995,51.76987445840126,7.5,44.5,0.6086956521739131,1112,0.5705533685815712,1112,202409.0,platt
2024_10_PHI_DAL,2024,10,202410,total,under,0.3146067415730337,-110.0,0.5238095238095238,win,1.0,0.9090909090909092,-2.9952011877213995,51.76987445840126,7.5,44.5,0.391304347826087,1112,0.42944663141842876,1112,202409.0,platt
2024_10_PIT_WAS,2024,10,202410,spread,away,0.3788121990369181,-110.0,0.5238095238095238,win,1.0,0.9090909090909092,3.886361536839399,48.48675996497676,-1.5,45.0,0.4758064516129032,1086,0.47903494824203835,1086,202409.0,platt
2024_10_PIT_WAS,2024,10,202410,spread,home,0.6211878009630819,-110.0,0.5238095238095238,loss,0.0,-1.0,3.886361536839399,48.48675996497676,-1.5,45.0,0.5241935483870968,1086,0.5209650517579617,1086,202409.0,platt
2024_10_PIT_WAS,2024,10,202410,total,over,0.5425361155698234,-112.0,0.5283018867924528,win,1.0,0.8928571428571429,3.886361536839399,48.48675996497676,-1.5,45.0,0.5058823529411764,1112,0.515552527536502,1112,202409.0,platt
2024_10_PIT_WAS,2024,10,202410,total,under,0.4574638844301766,-108.0,0.5192307692307693,loss,0.0,-1.0,3.886361536839399,48.48675996497676,-1.5,45.0,0.4941176470588235,1112,0.484447472463498,1112,202409.0,platt
2024_10_SF_TB,2024,10,202410,spread,away,0.333868378812199,-118.0,0.5412844036697247,loss,0.0,-1.0,-2.484935178560078,50.61130020326368,6.5,50.5,0.4313725490196078,1086,0.4707368508731309,1086,202409.0,platt
2024_10_SF_TB,2024,10,202410,spread,home,0.666131621187801,-102.0,0.504950495049505,win,1.0,0.9803921568627452,-2.484935178560078,50.61130020326368,6.5,50.5,0.5686274509803921,1086,0.5292631491268692,1086,202409.0,platt
2024_10_SF_TB,2024,10,202410,total,over,0.4462279293739968,-108.0,0.5192307692307693,loss,0.0,-1.0,-2.484935178560078,50.61130020326368,6.5,50.5,0.4941176470588235,1112,0.4803144639430252,1112,202409.0,platt
2024_10_SF_TB,2024,10,202410,total,under,0.5537720706260032,-112.0,0.5283018867924528,win,1.0,0.8928571428571429,-2.484935178560078,50.61130020326368,6.5,50.5,0.5058823529411764,1112,0.5196855360569749,1112,202409.0,platt
2024_10_TEN_LAC,2024,10,202410,spread,away,0.6019261637239166,-108.0,0.5192307692307693,loss,0.0,-1.0,4.984288642882055,47.29319609262092,-8.0,40.0,0.5241935483870968,1086,0.517530624431009,1086,202409.0,platt
2024_10_TEN_LAC,2024,10,202410,spread,home,0.3980738362760834,-112.0,0.5283018867924528,win,1.0,0.8928571428571429,4.984288642882055,47.29319609262092,-8.0,40.0,0.4758064516129032,1086,0.48246937556899117,1086,202409.0,platt
2024_10_TEN_LAC,2024,10,202410,total,over,0.6853932584269663,-110.0,0.5238095238095238,win,1.0,0.9090909090909092,4.984288642882055,47.29319609262092,-8.0,40.0,0.6086956521739131,1112,0.5705533685815712,1112,202409.0,platt
2024_10_TEN_LAC,2024,10,202410,total,under,0.3146067415730337,-110.0,0.5238095238095238,loss,0.0,-1.0,4.984288642882055,47.29319609262092,-8.0,40.0,0.391304347826087,1112,0.42944663141842876,1112,202409.0,platt
2024_11_ATL_DEN,2024,11,202411,spread,away,0.6781789638932496,-108.0,0.5192307692307693,loss,0.0,-1.0,-3.428377828851396,43.56467148954046,-2.0,44.5,0.5754716981132076,1114,0.5312793087768961,1114,202410.0,platt
2024_11_ATL_DEN,2024,11,202411,spread,home,0.3218210361067504,-112.0,0.5283018867924528,win,1.0,0.8928571428571429,-3.428377828851396,43.56467148954046,-2.0,44.5,0.4245283018867924,1114,0.4687206912231039,1114,202410.0,platt
2024_11_ATL_DEN,2024,11,202411,total,over,0.3940345368916798,-108.0,0.5192307692307693,loss,0.0,-1.0,-3.428377828851396,43.56467148954046,-2.0,44.5,0.4330218068535825,1138,0.458458650870529,1138,202410.0,platt
2024_11_ATL_DEN,2024,11,202411,total,under,0.6059654631083202,-112.0,0.5283018867924528,win,1.0,0.8928571428571429,-3.428377828851396,43.56467148954046,-2.0,44.5,0.5669781931464174,1138,0.5415413491294709,1138,202410.0,platt
2024_11_BAL_PIT,2024,11,202411,spread,away,0.6295133437990581,-120.0,0.5454545454545454,loss,0.0,-1.0,-7.099843060645069,51.43716025123364,3.0,48.0,0.5190839694656488,1114,0.5222597908298672,1114,202410.0,platt
2024_11_BAL_PIT,2024,11,202411,spread,home,0.3704866562009419,100.0,0.5,win,1.0,1.0,-7.099843060645069,51.43716025123364,3.0,48.0,0.4809160305343511,1114,0.4777402091701329,1114,202410.0,platt
2024_11_BAL_PIT,2024,11,202411,total,over,0.5384615384615384,-112.0,0.5283018867924528,loss,0.0,-1.0,-7.099843060645069,51.43716025123364,3.0,48.0,0.5151515151515151,1138,0.5149088108808313,1138,202410.0,platt
2024_11_BAL_PIT,2024,11,202411,total,under,0.4615384615384615,-108.0,0.5192307692307693,win,1.0,0.925925925925926,-7.099843060645069,51.43716025123364,3.0,48.0,0.4848484848484848,1138,0.4850911891191686,1138,202410.0,platt
2024_11_CIN_LAC,2024,11,202411,spread,away,0.5729984301412873,-118.0,0.5412844036697247,loss,0.0,-1.0,-1.3580328088007383,51.49693898886523,-1.0,48.0,0.5047619047619047,1114,0.5123545187869767,1114,202410.0,platt
2024_11_CIN_LAC,2024,11,202411,spread,home,0.4270015698587127,-102.0,0.504950495049505,win,1.0,0.9803921568627452,-1.3580328088007383,51.49693898886523,-1.0,48.0,0.4952380952380952,1114,0.4876454812130233,1114,202410.0,platt
2024_11_CIN_LAC,2024,11,202411,total,over,0.5400313971742543,-115.0,0.5348837209302325,win,1.0,0.8695652173913043,-1.3580328088007383,51.49693898886523,-1.0,48.0,0.5151515151515151,1138,0.515519512296774,1138,202410.0,platt
2024_11_CIN_LAC,2024,11,202411,total,under,0.4599686028257457,-105.0,0.5121951219512195,loss,0.0,-1.0,-1.3580328088007383,51.49693898886523,-1.0,48.0,0.4848484848484848,1138,0.4844804877032261,1138,202410.0,platt
2024_11_CLE_NO,2024,11,202411,spread,away,0.3642072213500785,-110.0,0.5238095238095238,loss,0.0,-1.0,1.768642409990428,48.47124122671628,1.0,44.0,0.4809160305343511,1114,0.47660727042650414,1114,202410.0,platt
2024_11_CLE_NO,2024,11,202411,spread,home,0.6357927786499215,-110.0,0.5238095238095238,win,1.0,0.9090909090909092,1.768642409990428,48.47124122671628,1.0,44.0,0.5190839694656488,1114,0.5233927295734959,1114,202410.0,platt
2024_11_CLE_NO,2024,11,202411,total,over,0.5839874411302983,-110.0,0.5238095238095238,win,1.0,0.9090909090909092,1.768642409990428,48.47124122671628,1.0,44.0,0.5669781931464174,1138,0.5327652351885691,1138,202410.0,platt
2024_11_CLE_NO,2024,11,202411,total,under,0.4160125588697017,-110.0,0.5238095238095238,loss,0.0,-1.0,1.768642409990428,48.47124122671628,1.0,44.0,0.4330218068535825,1138,0.4672347648114308,1138,202410.0,platt
2024_11_GB_CHI,2024,11,202411,spread,away,0.3343799058084772,-115.0,0.5348837209302325,loss,0.0,-1.0,-1.875851879309968,42.832109799320015,6.0,41.0,0.4245283018867924,1114,0.47110591495508736,1114,202410.0,platt
2024_11_GB_CHI,2024,11,202411,spread,home,0.6656200941915228,-105.0,0.5121951219512195,win,1.0,0.9523809523809524,-1.875851879309968,42.832109799320015,6.0,41.0,0.5754716981132076,1114,0.5288940850449126,1114,202410.0,platt
2024_11_GB_CHI,2024,11,202411,total,over,0.4866562009419152,-112.0,0.5283018867924528,loss,0.0,-1.0,-1.875851879309968,42.832109799320015,6.0,41.0,0.4848484848484848,1138,0.4948352001642632,1138,202410.0,platt
2024_11_GB_CHI,2024,11,202411,total,under,0.5133437990580847,-108.0,0.5192307692307693,win,1.0,0.925925925925926,-1.875851879309968,42.832109799320015,6.0,41.0,0.5151515151515151,1138,0.5051647998357369,1138,202410.0,platt
2024_11_HOU_DAL,2024,11,202411,spread,away,0.2731554160125589,100.0,0.5,win,1.0,1.0,-1.683635778667477,45.54442124168597,7.5,41.5,0.4245283018867924,1114,0.45897150158333627,1114,202410.0,platt
2024_11_HOU_DAL,2024,11,202411,spread,home,0.7268445839874411,-120.0,0.5454545454545454,loss,0.0,-1.0,-1.683635778667477,45.54442124168597,7.5,41.5,0.5754716981132076,1114,0.5410284984166637,1114,202410.0,platt
2024_11_HOU_DAL,2024,11,202411,total,over,0.565149136577708,-115.0,0.5348837209302325,win,1.0,0.8695652173913043,-1.683635778667477,45.54442124168597,7.5,41.5,0.5669781931464174,1138,0.5253337196493864,1138,202410.0,platt
2024_11_HOU_DAL,2024,11,202411,total,under,0.4348508634222919,-105.0,0.5121951219512195,loss,0.0,-1.0,-1.683635778667477,45.54442124168597,7.5,41.5,0.4330218068535825,1138,0.47466628035061365,1138,202410.0,platt
2024_11_IND_NYJ,2024,11,202411,spread,away,0.4583987441130298,-110.0,0.5238095238095238,win,1.0,0.9090909090909092,4.478063751415224,39.22896683654424,-4.0,43.0,0.4952380952380952,1114,0.4929923992899844,1114,202410.0,platt
2024_11_IND_NYJ,2024,11,202411,spread,home,0.5416012558869702,-110.0,0.5238095238095238,loss,0.0,-1.0,4.478063751415224,39.22896683654424,-4.0,43.0,0.5047619047619047,1114,0.5070076007100155,1114,202410.0,platt
2024_11_IND_NYJ,2024,11,202411,total,over,0.3171114599686028,-110.0,0.5238095238095238,win,1.0,0.9090909090909092,4.478063751415224,39.22896683654424,-4.0,43.0,0.3958333333333333,1138,0.4263295500063872,1138,202410.0,platt
2024_11_IND_NYJ,2024,11,202411,total,under,0.6828885400313971,-110.0,0.5238095238095238,loss,0.0,-1.0,4.478063751415224,39.22896683654424,-4.0,43.0,0.6041666666666666,1138,0.5736704499936127,1138,202410.0,platt
2024_11_JAX_DET,2024,11,202411,spread,away,0.5886970172684458,-105.0,0.5121951219512195,loss,0.0,-1.0,11.31234053798455,50.19676676947417,-14.0,47.5,0.5047619047619047,1114,0.515062000708631,1114,202410.0,platt
2024_11_JAX_DET,2024,11,202411,spread,home,0.4113029827315541,-115.0,0.5348837209302325,win,1.0,0.8695652173913043,11.31234053798455,50.19676676947417,-14.0,47.5,0.4952380952380952,1114,0.4849379992913691,1114,202410.0,platt
2024_11_JAX_DET,2024,11,202411,total,over,0.5054945054945055,-110.0,0.5238095238095238,win,1.0,0.9090909090909092,11.31234053798455,50.19676676947417,-14.0,47.5,0.5151515151515151,1138,0.5021263256969919,1138,202410.0,platt
2024_11_JAX_DET,2024,11,202411,total,under,0.4945054945054945,-110.0,0.5238095238095238,loss,0.0,-1.0,11.31234053798455,50.19676676947417,-14.0,47.5,0.4848484848484848,1138,0.4978736743030081,1138,202410.0,platt
2024_11_KC_BUF,2024,11,202411,spread,away,0.4474097331240189,-108.0,0.5192307692307693,loss,0.0,-1.0,3.3407109680074054,48.383522184305626,-2.5,46.5,0.4952380952380952,1114,0.4911293544447177,1114,202410.0,platt
2024_11_KC_BUF,2024,11,202411,spread,home,0.5525902668759811,-112.0,0.5283018867924528,win,1.0,0.8928571428571429,3.3407109680074054,48.383522184305626,-2.5,46.5,0.5047619047619047,1114,0.5088706455552822,1114,202410.0,platt
2024_11_KC_BUF,2024,11,202411,total,over,0.488226059654631,-112.0,0.5283018867924528,win,1.0,0.8928571428571429,3.3407109680074054,48.383522184305626,-2.5,46.5,0.4848484848484848,1138,0.4954430274868564,1138,202410.0,platt
2024_11_KC_BUF,2024,11,202411,total,under,0.5117739403453689,-108.0,0.5192307692307693,loss,0.0,-1.0,3.3407109680074054,48.383522184305626,-2.5,46.5,0.5151515151515151,1138,0.5045569725131436,1138,202410.0,platt
2024_11_LA_NE,2024,11,202411,spread,away,0.5196232339089482,-108.0,0.5192307692307693,win,1.0,0.925925925925926,-4.951823984195633,40.216837569705305,4.0,42.5,0.5047619047619047,1114,0.5032996932754578,1114,202410.0,platt
2024_11_LA_NE,2024,11,202411,spread,home,0.4803767660910518,-112.0,0.5283018867924528,loss,0.0,-1.0,-4.951823984195633,40.216837569705305,4.0,42.5,0.4952380952380952,1114,0.49670030672454224,1114,202410.0,platt
2024_11_LA_NE,2024,11,202411,total,over,0.3594976452119309,-108.0,0.5192307692307693,win,1.0,0.925925925925926,-4.951823984195633,40.216837569705305,4.0,42.5,0.4330218068535825,1138,0.4443571024254718,1138,202410.0,platt
2024_11_LA_NE,2024,11,202411,total,under,0.640502354788069,-112.0,0.5283018867924528,loss,0.0,-1.0,-4.951823984195633,40.216837569705305,4.0,42.5,0.5669781931464174,1138,0.5556428975745282,1138,202410.0,platt
2024_11_LV_MIA,2024,11,202411,spread,away,0.5902668759811617,-105.0,0.5121951219512195,loss,0.0,-1.0,5.245613306166433,40.972964046881,-8.0,43.5,0.5047619047619047,1114,0.5153343228383592,1114,202410.0,platt
2024_11_LV_MIA,2024,11,202411,spread,home,0.4097331240188383,-115.0,0.5348837209302325,win,1.0,0.8695652173913043,5.245613306166433,40.972964046881,-8.0,43.5,0.4952380952380952,1114,0.4846656771616409,1114,202410.0,platt
2024_11_LV_MIA,2024,11,202411,total,over,0.3500784929356358,-108.0,0.5192307692307693,win,1.0,0.925925925925926,5.245613306166433,40.972964046881,-8.0,43.5,0.4330218068535825,1138,0.4404290251725077,1138,202410.0,platt
2024_11_LV_MIA,2024,11,202411,total,under,0.6499215070643642,-112.0,0.5283018867924528,loss,0.0,-1.0,5.245613306166433,40.972964046881,-8.0,43.5,0.5669781931464174,1138,0.5595709748274923,1138,202410.0,platt
2024_11_MIN_TEN,2024,11,202411,spread,away,0.4583987441130298,-118.0,0.5412844036697247,win,1.0,0.847457627118644,-5.506090358938685,43.997805249375,6.0,40.0,0.4952380952380952,1114,0.4929923992899844,1114,202410.0,platt
2024_11_MIN_TEN,2024,11,202411,spread,home,0.5416012558869702,-102.0,0.504950495049505,loss,0.0,-1.0,-5.506090358938685,43.997805249375,6.0,40.0,0.5047619047619047,1114,0.5070076007100155,1114,202410.0,platt
2024_11_MIN_TEN,2024,11,202411,total,over,0.5635792778649922,-110.0,0.5238095238095238,loss,0.0,-1.0,-5.506090358938685,43.997805249375,6.0,40.0,0.5669781931464174,1138,0.524717529326339,1138,202410.0,platt
2024_11_MIN_TEN,2024,11,202411,total,under,0.4364207221350078,-110.0,0.5238095238095238,win,1.0,0.9090909090909092,-5.506090358938685,43.997805249375,6.0,40.0,0.4330218068535825,1138,0.475282470673661,1138,202410.0,platt
2024_11_SEA_SF,2024,11,202411,spread,away,0.3328100470957613,-110.0,0.5238095238095238,win,1.0,0.9090909090909092,10.201490356227334,48.55460745692324,-6.0,49.0,0.4245283018867924,1114,0.4708102077573795,1114,202410.0,platt
2024_11_SEA_SF,2024,11,202411,spread,home,0.6671899529042387,-110.0,0.5238095238095238,loss,0.0,-1.0,10.201490356227334,48.55460745692324,-6.0,49.0,0.5754716981132076,1114,0.5291897922426206,1114,202410.0,platt
2024_11_SEA_SF,2024,11,202411,total,over,0.4144427001569858,-108.0,0.5192307692307693,loss,0.0,-1.0,10.201490356227334,48.55460745692324,-6.0,49.0,0.4330218068535825,1138,0.4666120210275152,1138,202410.0,platt
2024_11_SEA_SF,2024,11,202411,total,under,0.5855572998430141,-112.0,0.5283018867924528,win,1.0,0.8928571428571429,10.201490356227334,48.55460745692324,-6.0,49.0,0.5669781931464174,1138,0.5333879789724848,1138,202410.0,platt
2024_11_WAS_PHI,2024,11,202411,spread,away,0.554160125588697,-110.0,0.5238095238095238,loss,0.0,-1.0,2.5459653769715294,48.05543053536506,-4.5,49.5,0.5047619047619047,1114,0.5091374442639516,1114,202410.0,platt
2024_11_WAS_PHI,2024,11,202411,spread,home,0.4458398744113029,-110.0,0.5238095238095238,win,1.0,0.9090909090909092,2.5459653769715294,48.05543053536506,-4.5,49.5,0.4952380952380952,1114,0.4908625557360483,1114,202410.0,platt
2024_11_WAS_PHI,2024,11,202411,total,over,0.3830455259026687,-110.0,0.5238095238095238,loss,0.0,-1.0,2.5459653769715294,48.05543053536506,-4.5,49.5,0.4330218068535825,1138,0.45401785566144864,1138,202410.0,platt
2024_11_WAS_PHI,2024,11,202411,total,under,0.6169544740973312,-110.0,0.5238095238095238,win,1.0,0.9090909090909092,2.5459653769715294,48.05543053536506,-4.5,49.5,0.5669781931464174,1138,0.5459821443385513,1138,202410.0,platt
2024_12_ARI_SEA,2024,12,202412,spread,away,0.533026113671275,-110.0,0.5238095238095238,loss,0.0,-1.0,-2.4416400655317605,43.896728545289385,1.0,46.5,0.5,1142,0.5040749677539337,1142,202411.0,platt
2024_12_ARI_SEA,2024,12,202412,spread,home,0.466973886328725,-110.0,0.5238095238095238,win,1.0,0.9090909090909092,-2.4416400655317605,43.896728545289385,1.0,46.5,0.5,1142,0.49592503224606643,1142,202411.0,platt
2024_12_ARI_SEA,2024,12,202412,total,over,0.3502304147465437,-112.0,0.5283018867924528,loss,0.0,-1.0,-2.4416400655317605,43.896728545289385,1.0,46.5,0.4316109422492401,1166,0.44265320069304454,1166,202411.0,platt
2024_12_ARI_SEA,2024,12,202412,total,under,0.6497695852534562,-108.0,0.5192307692307693,win,1.0,0.925925925925926,-2.4416400655317605,43.896728545289385,1.0,46.5,0.5683890577507597,1166,0.5573467993069554,1166,202411.0,platt
2024_12_BAL_LAC,2024,12,202412,spread,away,0.65284178187404,-110.0,0.5238095238095238,win,1.0,0.9090909090909092,-7.864827719650698,53.53636075277558,3.0,51.0,0.518796992481203,1142,0.5194435287948018,1142,202411.0,platt
2024_12_BAL_LAC,2024,12,202412,spread,home,0.34715821812596,-110.0,0.5238095238095238,loss,0.0,-1.0,-7.864827719650698,53.53636075277558,3.0,51.0,0.4812030075187969,1142,0.4805564712051982,1142,202411.0,platt
2024_12_BAL_LAC,2024,12,202412,total,over,0.5053763440860215,-108.0,0.5192307692307693,win,1.0,0.925925925925926,-7.864827719650698,53.53636075277558,3.0,51.0,0.5172413793103449,1166,0.5020043740922653,1166,202411.0,platt
2024_12_BAL_LAC,2024,12,202412,total,under,0.4946236559139785,-112.0,0.5283018867924528,loss,0.0,-1.0,-7.864827719650698,53.53636075277558,3.0,51.0,0.4827586206896552,1166,0.49799562590773466,1166,202411.0,platt
2024_12_DAL_WAS,2024,12,202412,spread,away,0.5591397849462365,-112.0,0.5283018867924528,win,1.0,0.8928571428571429,8.432209345686976,44.01615663857695,-10.5,45.0,0.5,1142,0.5073203170288033,1142,202411.0,platt
2024_12_DAL_WAS,2024,12,202412,spread,home,0.4408602150537634,-108.0,0.5192307692307693,loss,0.0,-1.0,8.432209345686976,44.01615663857695,-10.5,45.0,0.5,1142,0.49267968297119674,1142,202411.0,platt
2024_12_DAL_WAS,2024,12,202412,total,over,0.3947772657450076,-110.0,0.5238095238095238,win,1.0,0.9090909090909092,8.432209345686976,44.01615663857695,-10.5,45.0,0.4316109422492401,1166,0.46026184418424626,1166,202411.0,platt
2024_12_DAL_WAS,2024,12,202412,total,under,0.6052227342549923,-110.0,0.5238095238095238,loss,0.0,-1.0,8.432209345686976,44.01615663857695,-10.5,45.0,0.5683890577507597,1166,0.5397381558157537,1166,202411.0,platt
2024_12_DEN_LV,2024,12,202412,spread,away,0.3317972350230415,-105.0,0.5121951219512195,win,1.0,0.9523809523809524,-2.285549583270361,44.26059626612458,6.5,41.5,0.4363636363636363,1142,0.478449646967735,1142,202411.0,platt
2024_12_DEN_LV,2024,12,202412,spread,home,0.6682027649769585,-115.0,0.5348837209302325,loss,0.0,-1.0,-2.285549583270361,44.26059626612458,6.5,41.5,0.5636363636363636,1142,0.521550353032265,1142,202411.0,platt
2024_12_DEN_LV,2024,12,202412,total,over,0.511520737327189,-112.0,0.5283018867924528,win,1.0,0.8928571428571429,-2.285549583270361,44.26059626612458,6.5,41.5,0.5172413793103449,1166,0.504295599438214,1166,202411.0,platt
2024_12_DEN_LV,2024,12,202412,total,under,0.488479262672811,-108.0,0.5192307692307693,loss,0.0,-1.0,-2.285549583270361,44.26059626612458,6.5,41.5,0.4827586206896552,1166,0.49570440056178594,1166,202411.0,platt
2024_12_DET_IND,2024,12,202412,spread,away,0.6543778801843319,-122.0,0.5495495495495496,win,1.0,0.819672131147541,-11.935867661785778,52.71105735584101,7.0,50.5,0.518796992481203,1142,0.5196521962058985,1142,202411.0,platt
2024_12_DET_IND,2024,12,202412,spread,home,0.3456221198156682,102.0,0.495049504950495,loss,0.0,-1.0,-11.935867661785778,52.71105735584101,7.0,50.5,0.4812030075187969,1142,0.4803478037941015,1142,202411.0,platt
2024_12_DET_IND,2024,12,202412,total,over,0.499231950844854,-110.0,0.5238095238095238,loss,0.0,-1.0,-11.935867661785778,52.71105735584101,7.0,50.5,0.5,1166,0.49971367015214896,1166,202411.0,platt
2024_12_DET_IND,2024,12,202412,total,under,0.500768049155146,-110.0,0.5238095238095238,win,1.0,0.9090909090909092,-11.935867661785778,52.71105735584101,7.0,50.5,0.5,1166,0.500286329847851,1166,202411.0,platt
2024_12_KC_CAR,2024,12,202412,spread,away,0.5238095238095238,-112.0,0.5283018867924528,loss,0.0,-1.0,-12.157746812743635,41.458246679126894,11.0,43.0,0.5,1142,0.5029357416637622,1142,202411.0,platt
2024_12_KC_CAR,2024,12,202412,spread,home,0.4761904761904761,-108.0,0.5192307692307693,win,1.0,0.925925925925926,-12.157746812743635,41.458246679126894,11.0,43.0,0.5,1142,0.49706425833623774,1142,202411.0,platt
2024_12_KC_CAR,2024,12,202412,total,over,0.3778801843317972,-110.0,0.5238095238095238,win,1.0,0.9090909090909092,-12.157746812743635,41.458246679126894,11.0,43.0,0.4316109422492401,1166,0.45366777484367476,1166,202411.0,platt
2024_12_KC_CAR,2024,12,202412,total,under,0.6221198156682028,-110.0,0.5238095238095238,loss,0.0,-1.0,-12.157746812743635,41.458246679126894,11.0,43.0,0.5683890577507597,1166,0.5463322251563253,1166,202411.0,platt
2024_12_MIN_CHI,2024,12,202412,spread,away,0.4301075268817204,-120.0,0.5454545454545454,push,,0.0,-1.9341412920424288,40.27441519732236,3.0,39.5,0.5,1142,0.49133270947393004,1142,202411.0,platt
2024_12_MIN_CHI,2024,12,202412,spread,home,0.5698924731182796,100.0,0.5,push,,0.0,-1.9341412920424288,40.27441519732236,3.0,39.5,0.5,1142,0.50866729052607,1142,202411.0,platt
2024_12_MIN_CHI,2024,12,202412,total,over,0.4623655913978494,-112.0,0.5283018867924528,win,1.0,0.8928571428571429,-1.9341412920424288,40.27441519732236,3.0,39.5,0.4827586206896552,1166,0.4859469632342659,1166,202411.0,platt
2024_12_MIN_CHI,2024,12,202412,total,under,0.5376344086021505,-108.0,0.5192307692307693,loss,0.0,-1.0,-1.9341412920424288,40.27441519732236,3.0,39.5,0.5172413793103449,1166,0.514053036765734,1166,202411.0,platt
2024_12_NE_MIA,2024,12,202412,spread,away,0.5038402457757296,-115.0,0.5348837209302325,loss,0.0,-1.0,6.686829935704575,42.956173453520734,-7.5,46.0,0.5,1142,0.5004731631996234,1142,202411.0,platt
2024_12_NE_MIA,2024,12,202412,spread,home,0.4961597542242703,-105.0,0.5121951219512195,win,1.0,0.9523809523809524,6.686829935704575,42.956173453520734,-7.5,46.0,0.5,1142,0.4995268368003766,1142,202411.0,platt
2024_12_NE_MIA,2024,12,202412,total,over,0.3379416282642089,-112.0,0.5283018867924528,win,1.0,0.8928571428571429,6.686829935704575,42.956173453520734,-7.5,46.0,0.4316109422492401,1166,0.437650828818566,1166,202411.0,platt
2024_12_NE_MIA,2024,12,202412,total,under,0.6620583717357911,-108.0,0.5192307692307693,loss,0.0,-1.0,6.686829935704575,42.956173453520734,-7.5,46.0,0.5683890577507597,1166,0.5623491711814339,1166,202411.0,platt
2024_12_PHI_LA,2024,12,202412,spread,away,0.3640552995391705,-112.0,0.5283018867924528,win,1.0,0.8928571428571429,-0.3272297738812384,51.62396147039678,3.0,49.0,0.4812030075187969,1142,0.4828250416899159,1142,202411.0,platt
2024_12_PHI_LA,2024,12,202412,spread,home,0.6359447004608295,-108.0,0.5192307692307693,loss,0.0,-1.0,-0.3272297738812384,51.62396147039678,3.0,49.0,0.518796992481203,1142,0.5171749583100842,1142,202411.0,platt
2024_12_PHI_LA,2024,12,202412,total,over,0.5084485407066052,-112.0,0.5283018867924528,win,1.0,0.8928571428571429,-0.3272297738812384,51.62396147039678,3.0,49.0,0.5172413793103449,1166,0.5031498843251807,1166,202411.0,platt
2024_12_PHI_LA,2024,12,202412,total,under,0.4915514592933948,-108.0,0.5192307692307693,loss,0.0,-1.0,-0.3272297738812384,51.62396147039678,3.0,49.0,0.4827586206896552,1166,0.4968501156748193,1166,202411.0,platt
2024_12_PIT_CLE,2024,12,202412,spread,away,0.4024577572964669,-115.0,0.5348837209302325,loss,0.0,-1.0,-1.6900005423294928,40.75034178519381,3.5,36.5,0.5,1142,0.4878282521121165,1142,202411.0,platt
2024_12_PIT_CLE,2024,12,202412,spread,home,0.5975422427035331,-105.0,0.5121951219512195,win,1.0,0.9523809523809524,-1.6900005423294928,40.75034178519381,3.5,36.5,0.5,1142,0.5121717478878836,1142,202411.0,platt
2024_12_PIT_CLE,2024,12,202412,total,over,0.5775729646697388,-112.0,0.5283018867924528,win,1.0,0.8928571428571429,-1.6900005423294928,40.75034178519381,3.5,36.5,0.5683890577507597,1166,0.5291217393373882,1166,202411.0,platt
2024_12_PIT_CLE,2024,12,202412,total,under,0.4224270353302611,-108.0,0.5192307692307693,loss,0.0,-1.0,-1.6900005423294928,40.75034178519381,3.5,36.5,0.4316109422492401,1166,0.4708782606626118,1166,202411.0,platt
2024_12_SF_GB,2024,12,202412,spread,away,0.7511520737327189,-112.0,0.5283018867924528,loss,0.0,-1.0,-1.7553855563644576,43.51511000623317,-6.5,44.5,0.5636363636363636,1142,0.5339769251298984,1142,202411.0,platt
2024_12_SF_GB,2024,12,202412,spread,home,0.2488479262672811,-108.0,0.5192307692307693,win,1.0,0.925925925925926,-1.7553855563644576,43.51511000623317,-6.5,44.5,0.4363636363636363,1142,0.46602307487010164,1142,202411.0,platt
2024_12_SF_GB,2024,12,202412,total,over,0.3947772657450076,-112.0,0.5283018867924528,win,1.0,0.8928571428571429,-1.7553855563644576,43.51511000623317,-6.5,44.5,0.4316109422492401,1166,0.46026184418424626,1166,202411.0,platt
2024_12_SF_GB,2024,12,202412,total,under,0.6052227342549923,-108.0,0.5192307692307693,loss,0.0,-1.0,-1.7553855563644576,43.51511000623317,-6.5,44.5,0.5683890577507597,1166,0.5397381558157537,1166,202411.0,platt
2024_12_TB_NYG,2024,12,202412,spread,away,0.3717357910906298,-108.0,0.5192307692307693,win,1.0,0.925925925925926,-3.974120721072228,43.2228669945227,6.5,40.5,0.4812030075187969,1142,0.48384126261246097,1142,202411.0,platt
2024_12_TB_NYG,2024,12,202412,spread,home,0.6282642089093702,-112.0,0.5283018867924528,loss,0.0,-1.0,-3.974120721072228,43.2228669945227,6.5,40.5,0.518796992481203,1142,0.516158737387539,1142,202411.0,platt
2024_12_TB_NYG,2024,12,202412,total,over,0.5099846390168971,-110.0,0.5238095238095238,loss,0.0,-1.0,-3.974120721072228,43.2228669945227,6.5,40.5,0.5172413793103449,1166,0.5037227116098711,1166,202411.0,platt
2024_12_TB_NYG,2024,12,202412,total,under,0.4900153609831029,-110.0,0.5238095238095238,win,1.0,0.9090909090909092,-3.974120721072228,43.2228669945227,6.5,40.5,0.4827586206896552,1166,0.49627728839012886,1166,202411.0,platt
2024_12_TEN_HOU,2024,12,202412,spread,away,0.5207373271889402,-112.0,0.5283018867924528,win,1.0,0.8928571428571429,6.974127701565665,47.62581898408473,-8.0,40.5,0.5,1142,0.5025564760447262,1142,202411.0,platt
2024_12_TEN_HOU,2024,12,202412,spread,home,0.4792626728110599,-108.0,0.5192307692307693,loss,0.0,-1.0,6.974127701565665,47.62581898408473,-8.0,40.5,0.5,1142,0.49744352395527386,1142,202411.0,platt
2024_12_TEN_HOU,2024,12,202412,total,over,0.6774193548387096,-108.0,0.5192307692307693,win,1.0,0.925925925925926,6.974127701565665,47.62581898408473,-8.0,40.5,0.5918367346938775,1166,0.5687112801065518,1166,202411.0,platt
2024_12_TEN_HOU,2024,12,202412,total,under,0.3225806451612903,-112.0,0.5283018867924528,loss,0.0,-1.0,6.974127701565665,47.62581898408473,-8.0,40.5,0.4081632653061224,1166,0.4312887198934482,1166,202411.0,platt
2024_13_ARI_MIN,2024,13,202413,spread,away,0.5195783132530121,-110.0,0.5238095238095238,win,1.0,0.9090909090909092,2.497101971402809,47.43452309992391,-3.5,45.5,0.5,1166,0.5020606048323248,1166,202412.0,platt
2024_13_ARI_MIN,2024,13,202413,spread,home,0.4804216867469879,-110.0,0.5238095238095238,loss,0.0,-1.0,2.497101971402809,47.43452309992391,-3.5,45.5,0.5,1166,0.4979393951676751,1166,202412.0,platt
2024_13_ARI_MIN,2024,13,202413,total,over,0.4969879518072289,-108.0,0.5192307692307693,loss,0.0,-1.0,2.497101971402809,47.43452309992391,-3.5,45.5,0.4786729857819905,1192,0.49892398062660126,1192,202412.0,platt
2024_13_ARI_MIN,2024,13,202413,total,under,0.5030120481927711,-112.0,0.5283018867924528,win,1.0,0.8928571428571429,2.497101971402809,47.43452309992391,-3.5,45.5,0.5213270142180095,1192,0.5010760193733987,1192,202412.0,platt
2024_13_CHI_DET,2024,13,202413,spread,away,0.3885542168674698,-102.0,0.504950495049505,win,1.0,0.9803921568627452,11.675152062910003,48.34981185815354,-9.5,47.5,0.4883720930232558,1166,0.48807844671084044,1166,202412.0,platt
2024_13_CHI_DET,2024,13,202413,spread,home,0.6114457831325302,-118.0,0.5412844036697247,loss,0.0,-1.0,11.675152062910003,48.34981185815354,-9.5,47.5,0.5116279069767442,1166,0.5119215532891596,1166,202412.0,platt
2024_13_CHI_DET,2024,13,202413,total,over,0.4698795180722891,-120.0,0.5454545454545454,loss,0.0,-1.0,11.675152062910003,48.34981185815354,-9.5,47.5,0.4786729857819905,1192,0.4892285421858868,1192,202412.0,platt
2024_13_CHI_DET,2024,13,202413,total,under,0.5301204819277108,100.0,0.5,win,1.0,1.0,11.675152062910003,48.34981185815354,-9.5,47.5,0.5213270142180095,1192,0.5107714578141132,1192,202412.0,platt
2024_13_CLE_DEN,2024,13,202413,spread,away,0.5421686746987953,-108.0,0.5192307692307693,loss,0.0,-1.0,4.806002861496545,42.4302316855079,-6.5,41.5,0.5,1166,0.504446426984634,1166,202412.0,platt
2024_13_CLE_DEN,2024,13,202413,spread,home,0.4578313253012048,-112.0,0.5283018867924528,win,1.0,0.8928571428571429,4.806002861496545,42.4302316855079,-6.5,41.5,0.5,1166,0.49555357301536584,1166,202412.0,platt
2024_13_CLE_DEN,2024,13,202413,total,over,0.4728915662650602,-110.0,0.5238095238095238,win,1.0,0.9090909090909092,4.806002861496545,42.4302316855079,-6.5,41.5,0.4786729857819905,1192,0.49030763668934685,1192,202412.0,platt
2024_13_CLE_DEN,2024,13,202413,total,under,0.5271084337349398,-110.0,0.5238095238095238,loss,0.0,-1.0,4.806002861496545,42.4302316855079,-6.5,41.5,0.5213270142180095,1192,0.509692363310653,1192,202412.0,platt
2024_13_HOU_JAX,2024,13,202413,spread,away,0.552710843373494,-110.0,0.5238095238095238,loss,0.0,-1.0,-5.414429695657034,40.471681728426624,3.5,44.5,0.5,1166,0.5055654271197292,1166,202412.0,platt
2024_13_HOU_JAX,2024,13,202413,spread,home,0.447289156626506,-110.0,0.5238095238095238,win,1.0,0.9090909090909092,-5.414429695657034,40.471681728426624,3.5,44.5,0.5,1166,0.4944345728802709,1166,202412.0,platt
2024_13_HOU_JAX,2024,13,202413,total,over,0.3117469879518072,-112.0,0.5283018867924528,loss,0.0,-1.0,-5.414429695657034,40.471681728426624,3.5,44.5,0.4,1192,0.42973872987091943,1192,202412.0,platt
2024_13_HOU_JAX,2024,13,202413,total,under,0.6882530120481928,-108.0,0.5192307692307693,win,1.0,0.925925925925926,-5.414429695657034,40.471681728426624,3.5,44.5,0.6,1192,0.5702612701290805,1192,202412.0,platt
2024_13_IND_NE,2024,13,202413,spread,away,0.3027108433734939,-115.0,0.5348837209302325,loss,0.0,-1.0,2.5089543674497667,38.456986330750325,2.5,41.5,0.4416666666666666,1166,0.4780695826671386,1166,202412.0,platt
2024_13_IND_NE,2024,13,202413,spread,home,0.697289156626506,-105.0,0.5121951219512195,win,1.0,0.9523809523809524,2.5089543674497667,38.456986330750325,2.5,41.5,0.5583333333333333,1166,0.5219304173328613,1166,202412.0,platt
2024_13_IND_NE,2024,13,202413,total,over,0.3433734939759036,-110.0,0.5238095238095238,win,1.0,0.9090909090909092,2.5089543674497667,38.456986330750325,2.5,41.5,0.435820895522388,1192,0.4423588999975759,1192,202412.0,platt
2024_13_IND_NE,2024,13,202413,total,under,0.6566265060240963,-110.0,0.5238095238095238,loss,0.0,-1.0,2.5089543674497667,38.456986330750325,2.5,41.5,0.5641791044776119,1192,0.557641100002424,1192,202412.0,platt
2024_13_LAC_ATL,2024,13,202413,spread,away,0.338855421686747,-108.0,0.5192307692307693,win,1.0,0.925925925925926,2.764261566043782,48.78238980248034,1.0,47.0,0.4416666666666666,1166,0.4824289900289457,1166,202412.0,platt
2024_13_LAC_ATL,2024,13,202413,spread,home,0.661144578313253,-112.0,0.5283018867924528,loss,0.0,-1.0,2.764261566043782,48.78238980248034,1.0,47.0,0.5583333333333333,1166,0.5175710099710544,1166,202412.0,platt
2024_13_LAC_ATL,2024,13,202413,total,over,0.4939759036144578,-110.0,0.5238095238095238,loss,0.0,-1.0,2.764261566043782,48.78238980248034,1.0,47.0,0.4786729857819905,1192,0.4978478931166778,1192,202412.0,platt
2024_13_LAC_ATL,2024,13,202413,total,under,0.5060240963855422,-110.0,0.5238095238095238,win,1.0,0.9090909090909092,2.764261566043782,48.78238980248034,1.0,47.0,0.5213270142180095,1192,0.5021521068833221,1192,202412.0,platt
2024_13_LA_NO,2024,13,202413,spread,away,0.4533132530120481,-115.0,0.5348837209302325,win,1.0,0.8695652173913043,-1.846528387430768,50.98998082608739,2.5,48.5,0.5,1166,0.49507454562313735,1166,202412.0,platt
2024_13_LA_NO,2024,13,202413,spread,home,0.5466867469879518,-105.0,0.5121951219512195,loss,0.0,-1.0,-1.846528387430768,50.98998082608739,2.5,48.5,0.5,1166,0.5049254543768625,1166,202412.0,platt
2024_13_LA_NO,2024,13,202413,total,over,0.5105421686746988,-112.0,0.5283018867924528,loss,0.0,-1.0,-1.846528387430768,50.98998082608739,2.5,48.5,0.5213270142180095,1192,0.503766515026352,1192,202412.0,platt
2024_13_LA_NO,2024,13,202413,total,under,0.4894578313253012,-108.0,0.5192307692307693,win,1.0,0.925925925925926,-1.846528387430768,50.98998082608739,2.5,48.5,0.4786729857819905,1192,0.49623348497364805,1192,202412.0,platt
2024_13_LV_KC,2024,13,202413,spread,away,0.5858433734939759,-108.0,0.5192307692307693,win,1.0,0.925925925925926,10.791697609134498,41.69454595626223,-13.5,42.0,0.5,1166,0.5091197104476698,1166,202412.0,platt
2024_13_LV_KC,2024,13,202413,spread,home,0.4141566265060241,-112.0,0.5283018867924528,loss,0.0,-1.0,10.791697609134498,41.69454595626223,-13.5,42.0,0.5,1166,0.49088028955233015,1166,202412.0,platt
2024_13_LV_KC,2024,13,202413,total,over,0.4277108433734939,-112.0,0.5283018867924528,loss,0.0,-1.0,10.791697609134498,41.69454595626223,-13.5,42.0,0.435820895522388,1192,0.474017009900084,1192,202412.0,platt
2024_13_LV_KC,2024,13,202413,total,under,0.572289156626506,-108.0,0.5192307692307693,win,1.0,0.925925925925926,10.791697609134498,41.69454595626223,-13.5,42.0,0.5641791044776119,1192,0.5259829900999159,1192,202412.0,platt
2024_13_MIA_GB,2024,13,202413,spread,away,0.5195783132530121,-115.0,0.5348837209302325,loss,0.0,-1.0,2.540275142701552,47.21584244783103,-3.5,47.5,0.5,1166,0.5020606048323248,1166,202412.0,platt
2024_13_MIA_GB,2024,13,202413,spread,home,0.4804216867469879,-105.0,0.5121951219512195,win,1.0,0.9523809523809524,2.540275142701552,47.21584244783103,-3.5,47.5,0.5,1166,0.4979393951676751,1166,202412.0,platt
2024_13_MIA_GB,2024,13,202413,total,over,0.4277108433734939,-110.0,0.5238095238095238,loss,0.0,-1.0,2.540275142701552,47.21584244783103,-3.5,47.5,0.435820895522388,1192,0.474017009900084,1192,202412.0,platt
2024_13_MIA_GB,2024,13,202413,total,under,0.572289156626506,-110.0,0.5238095238095238,win,1.0,0.9090909090909092,2.540275142701552,47.21584244783103,-3.5,47.5,0.5641791044776119,1192,0.5259829900999159,1192,202412.0,platt
2024_13_NYG_DAL,2024,13,202413,spread,away,0.5060240963855422,-110.0,0.5238095238095238,loss,0.0,-1.0,3.668163474217371,45.135441424091056,-4.5,39.0,0.5,1166,0.5006337419960222,1166,202412.0,platt
2024_13_NYG_DAL,2024,13,202413,spread,home,0.4939759036144578,-110.0,0.5238095238095238,win,1.0,0.9090909090909092,3.668163474217371,45.135441424091056,-4.5,39.0,0.5,1166,0.4993662580039778,1166,202412.0,platt
2024_13_NYG_DAL,2024,13,202413,total,over,0.6370481927710844,-110.0,0.5238095238095238,win,1.0,0.9090909090909092,3.668163474217371,45.135441424091056,-4.5,39.0,0.5641791044776119,1192,0.55007441774007,1192,202412.0,platt
2024_13_NYG_DAL,2024,13,202413,total,under,0.3629518072289156,-110.0,0.5238095238095238,loss,0.0,-1.0,3.668163474217371,45.135441424091056,-4.5,39.0,0.435820895522388,1192,0.44992558225992996,1192,202412.0,platt
2024_13_PHI_BAL,2024,13,202413,spread,away,0.4141566265060241,-110.0,0.5238095238095238,win,1.0,0.9090909090909092,4.597494191725234,54.10772325853068,-3.0,50.0,0.5,1166,0.49088028955233015,1166,202412.0,platt
2024_13_PHI_BAL,2024,13,202413,spread,home,0.5858433734939759,-110.0,0.5238095238095238,loss,0.0,-1.0,4.597494191725234,54.10772325853068,-3.0,50.0,0.5,1166,0.5091197104476698,1166,202412.0,platt
2024_13_PHI_BAL,2024,13,202413,total,over,0.5737951807228916,-110.0,0.5238095238095238,loss,0.0,-1.0,4.597494191725234,54.10772325853068,-3.0,50.0,0.5641791044776119,1192,0.5265312101934763,1192,202412.0,platt
2024_13_PHI_BAL,2024,13,202413,total,under,0.4262048192771084,-110.0,0.5238095238095238,win,1.0,0.9090909090909092,4.597494191725234,54.10772325853068,-3.0,50.0,0.435820895522388,1192,0.4734687898065238,1192,202412.0,platt
2024_13_PIT_CIN,2024,13,202413,spread,away,0.4307228915662651,-110.0,0.5238095238095238,win,1.0,0.9090909090909092,4.073401156085794,47.79585367991072,-3.0,46.0,0.5,1166,0.4926656627283656,1166,202412.0,platt
2024_13_PIT_CIN,2024,13,202413,spread,home,0.5692771084337349,-110.0,0.5238095238095238,loss,0.0,-1.0,4.073401156085794,47.79585367991072,-3.0,46.0,0.5,1166,0.5073343372716344,1166,202412.0,platt
2024_13_PIT_CIN,2024,13,202413,total,over,0.4954819277108434,-112.0,0.5283018867924528,win,1.0,0.8928571428571429,4.073401156085794,47.79585367991072,-3.0,46.0,0.4786729857819905,1192,0.4983859496479804,1192,202412.0,platt
2024_13_PIT_CIN,2024,13,202413,total,under,0.5045180722891567,-108.0,0.5192307692307693,loss,0.0,-1.0,4.073401156085794,47.79585367991072,-3.0,46.0,0.5213270142180095,1192,0.5016140503520197,1192,202412.0,platt
2024_13_SEA_NYJ,2024,13,202413,spread,away,0.4969879518072289,-110.0,0.5238095238095238,win,1.0,0.9090909090909092,0.2557806122829962,43.56610676412773,-1.0,41.5,0.5,1166,0.4996831403745866,1166,202412.0,platt
2024_13_SEA_NYJ,2024,13,202413,spread,home,0.5030120481927711,-110.0,0.5238095238095238,loss,0.0,-1.0,0.2557806122829962,43.56610676412773,-1.0,41.5,0.5,1166,0.5003168596254134,1166,202412.0,platt
2024_13_SEA_NYJ,2024,13,202413,total,over,0.4984939759036144,-110.0,0.5238095238095238,win,1.0,0.9090909090909092,0.2557806122829962,43.56610676412773,-1.0,41.5,0.4786729857819905,1192,0.4994619945715154,1192,202412.0,platt
2024_13_SEA_NYJ,2024,13,202413,total,under,0.5015060240963856,-110.0,0.5238095238095238,loss,0.0,-1.0,0.2557806122829962,43.56610676412773,-1.0,41.5,0.5213270142180095,1192,0.5005380054284847,1192,202412.0,platt
2024_13_SF_BUF,2024,13,202413,spread,away,0.6219879518072289,-102.0,0.504950495049505,loss,0.0,-1.0,2.491643539485654,49.04729646447642,-6.5,45.0,0.5116279069767442,1166,0.5130937840575643,1166,202412.0,platt
2024_13_SF_BUF,2024,13,202413,spread,home,0.378012048192771,-118.0,0.5412844036697247,win,1.0,0.847457627118644,2.491643539485654,49.04729646447642,-6.5,45.0,0.4883720930232558,1166,0.48690621594243555,1166,202412.0,platt
2024_13_SF_BUF,2024,13,202413,total,over,0.572289156626506,-110.0,0.5238095238095238,push,,0.0,2.491643539485654,49.04729646447642,-6.5,45.0,0.5641791044776119,1192,0.5259829900999159,1192,202412.0,platt
2024_13_SF_BUF,2024,13,202413,total,under,0.4277108433734939,-110.0,0.5238095238095238,push,,0.0,2.491643539485654,49.04729646447642,-6.5,45.0,0.435820895522388,1192,0.474017009900084,1192,202412.0,platt
2024_13_TB_CAR,2024,13,202413,spread,away,0.6009036144578312,-115.0,0.5348837209302325,loss,0.0,-1.0,-9.58632385361762,44.27989970200628,6.5,46.0,0.5116279069767442,1166,0.5107607338192772,1166,202412.0,platt
2024_13_TB_CAR,2024,13,202413,spread,home,0.3990963855421687,-105.0,0.5121951219512195,win,1.0,0.9523809523809524,-9.58632385361762,44.27989970200628,6.5,46.0,0.4883720930232558,1166,0.4892392661807227,1166,202412.0,platt
2024_13_TB_CAR,2024,13,202413,total,over,0.3825301204819277,-110.0,0.5238095238095238,win,1.0,0.9090909090909092,-9.58632385361762,44.27989970200628,6.5,46.0,0.435820895522388,1192,0.45734092863767795,1192,202412.0,platt
2024_13_TB_CAR,2024,13,202413,total,under,0.6174698795180723,-110.0,0.5238095238095238,loss,0.0,-1.0,-9.58632385361762,44.27989970200628,6.5,46.0,0.5641791044776119,1192,0.5426590713623219,1192,202412.0,platt
2024_13_TEN_WAS,2024,13,202413,spread,away,0.4292168674698795,-112.0,0.5283018867924528,loss,0.0,-1.0,7.175866398550765,46.79471294851345,-6.0,45.0,0.5,1166,0.492504100172544,1166,202412.0,platt
2024_13_TEN_WAS,2024,13,202413,spread,home,0.5707831325301205,-108.0,0.5192307692307693,win,1.0,0.925925925925926,7.175866398550765,46.79471294851345,-6.0,45.0,0.5,1166,0.507495899827456,1166,202412.0,platt
2024_13_TEN_WAS,2024,13,202413,total,over,0.4954819277108434,-112.0,0.5283018867924528,win,1.0,0.8928571428571429,7.175866398550765,46.79471294851345,-6.0,45.0,0.4786729857819905,1192,0.4983859496479804,1192,202412.0,platt
2024_13_TEN_WAS,2024,13,202413,total,under,0.5045180722891567,-108.0,0.5192307692307693,loss,0.0,-1.0,7.175866398550765,46.79471294851345,-6.0,45.0,0.5213270142180095,1192,0.5016140503520197,1192,202412.0,platt
2024_14_ATL_MIN,2024,14,202414,spread,away,0.5735294117647058,-110.0,0.5238095238095238,loss,0.0,-1.0,3.6147384506592233,47.14467779515334,-6.0,46.5,0.5,1198,0.5059322535371251,1198,202413.0,platt
2024_14_ATL_MIN,2024,14,202414,spread,home,0.4264705882352941,-110.0,0.5238095238095238,win,1.0,0.9090909090909092,3.6147384506592233,47.14467779515334,-6.0,46.5,0.5,1198,0.49406774646287493,1198,202413.0,platt
2024_14_ATL_MIN,2024,14,202414,total,over,0.4632352941176471,-112.0,0.5283018867924528,win,1.0,0.8928571428571429,3.6147384506592233,47.14467779515334,-6.0,46.5,0.4837209302325581,1222,0.4867505667717091,1222,202413.0,platt
2024_14_ATL_MIN,2024,14,202414,total,under,0.5367647058823529,-108.0,0.5192307692307693,loss,0.0,-1.0,3.6147384506592233,47.14467779515334,-6.0,46.5,0.5162790697674419,1222,0.513249433228291,1222,202413.0,platt
2024_14_BUF_LA,2024,14,202414,spread,away,0.4588235294117647,-118.0,0.5412844036697247,loss,0.0,-1.0,-2.903143062577452,51.40604089684022,3.5,49.5,0.5,1198,0.496694432614468,1198,202413.0,platt
2024_14_BUF_LA,2024,14,202414,spread,home,0.5411764705882353,-102.0,0.504950495049505,win,1.0,0.9803921568627452,-2.903143062577452,51.40604089684022,3.5,49.5,0.5,1198,0.503305567385532,1198,202413.0,platt
2024_14_BUF_LA,2024,14,202414,total,over,0.4985294117647059,-112.0,0.5283018867924528,win,1.0,0.8928571428571429,-2.903143062577452,51.40604089684022,3.5,49.5,0.5,1222,0.49947085396763413,1222,202413.0,platt
2024_14_BUF_LA,2024,14,202414,total,under,0.5014705882352941,-108.0,0.5192307692307693,loss,0.0,-1.0,-2.903143062577452,51.40604089684022,3.5,49.5,0.5,1222,0.5005291460323659,1222,202413.0,platt
2024_14_CAR_PHI,2024,14,202414,spread,away,0.5205882352941176,-112.0,0.5283018867924528,win,1.0,0.8928571428571429,13.024660749790211,44.89136287649961,-14.0,44.5,0.5,1198,0.5016499914970782,1198,202413.0,platt
2024_14_CAR_PHI,2024,14,202414,spread,home,0.4794117647058823,-108.0,0.5192307692307693,loss,0.0,-1.0,13.024660749790211,44.89136287649961,-14.0,44.5,0.5,1198,0.49835000850292177,1198,202413.0,platt
2024_14_CAR_PHI,2024,14,202414,total,over,0.4588235294117647,-108.0,0.5192307692307693,loss,0.0,-1.0,13.024660749790211,44.89136287649961,-14.0,44.5,0.4837209302325581,1222,0.48515468166390635,1222,202413.0,platt
2024_14_CAR_PHI,2024,14,202414,total,under,0.5411764705882354,-112.0,0.5283018867924528,win,1.0,0.8928571428571429,13.024660749790211,44.89136287649961,-14.0,44.5,0.5162790697674419,1222,0.5148453183360936,1222,202413.0,platt
2024_14_CHI_SF,2024,14,202414,spread,away,0.4529411764705882,-110.0,0.5238095238095238,loss,0.0,-1.0,3.713842223391589,43.153459013391206,-3.0,43.5,0.5,1198,0.4962195925094434,1198,202413.0,platt
2024_14_CHI_SF,2024,14,202414,spread,home,0.5470588235294118,-110.0,0.5238095238095238,win,1.0,0.9090909090909092,3.713842223391589,43.153459013391206,-3.0,43.5,0.5,1198,0.5037804074905566,1198,202413.0,platt
2024_14_CHI_SF,2024,14,202414,total,over,0.4279411764705882,-112.0,0.5283018867924528,win,1.0,0.8928571428571429,3.713842223391589,43.153459013391206,-3.0,43.5,0.436950146627566,1222,0.4739138379846471,1222,202413.0,platt
2024_14_CHI_SF,2024,14,202414,total,under,0.5720588235294117,-108.0,0.5192307692307693,loss,0.0,-1.0,3.713842223391589,43.153459013391206,-3.0,43.5,0.5630498533724341,1222,0.5260861620153529,1222,202413.0,platt
2024_14_CIN_DAL,2024,14,202414,spread,away,0.4058823529411764,-110.0,0.5238095238095238,win,1.0,0.9090909090909092,-3.134050053759636,51.48846189700584,5.0,51.0,0.5,1198,0.492371032212198,1198,202413.0,platt
2024_14_CIN_DAL,2024,14,202414,spread,home,0.5941176470588235,-110.0,0.5238095238095238,loss,0.0,-1.0,-3.134050053759636,51.48846189700584,5.0,51.0,0.5,1198,0.5076289677878019,1198,202413.0,platt
2024_14_CIN_DAL,2024,14,202414,total,over,0.4602941176470588,-108.0,0.5192307692307693,loss,0.0,-1.0,-3.134050053759636,51.48846189700584,5.0,51.0,0.4837209302325581,1222,0.485686858300064,1222,202413.0,platt
2024_14_CIN_DAL,2024,14,202414,total,under,0.5397058823529413,-112.0,0.5283018867924528,win,1.0,0.8928571428571429,-3.134050053759636,51.48846189700584,5.0,51.0,0.5162790697674419,1222,0.514313141699936,1222,202413.0,platt
2024_14_CLE_PIT,2024,14,202414,spread,away,0.538235294117647,-112.0,0.5283018867924528,loss,0.0,-1.0,4.404221244470698,44.932741349265456,-6.0,43.0,0.5,1198,0.5030685006145856,1198,202413.0,platt
2024_14_CLE_PIT,2024,14,202414,spread,home,0.4617647058823529,-108.0,0.5192307692307693,win,1.0,0.925925925925926,4.404221244470698,44.932741349265456,-6.0,43.0,0.5,1198,0.4969314993854143,1198,202413.0,platt
2024_14_CLE_PIT,2024,14,202414,total,over,0.4985294117647059,-110.0,0.5238095238095238,loss,0.0,-1.0,4.404221244470698,44.932741349265456,-6.0,43.0,0.5,1222,0.49947085396763413,1222,202413.0,platt
2024_14_CLE_PIT,2024,14,202414,total,under,0.5014705882352941,-110.0,0.5238095238095238,win,1.0,0.9090909090909092,4.404221244470698,44.932741349265456,-6.0,43.0,0.5,1222,0.5005291460323659,1222,202413.0,platt
2024_14_GB_DET,2024,14,202414,spread,away,0.3470588235294117,100.0,0.5,push,,0.0,6.544972617578351,54.52540563302854,-3.0,53.0,0.4426229508196721,1198,0.4873474543011268,1198,202413.0,platt
2024_14_GB_DET,2024,14,202414,spread,home,0.6529411764705882,-120.0,0.5454545454545454,push,,0.0,6.544972617578351,54.52540563302854,-3.0,53.0,0.5573770491803278,1198,0.5126525456988733,1198,202413.0,platt
2024_14_GB_DET,2024,14,202414,total,over,0.488235294117647,-110.0,0.5238095238095238,win,1.0,0.9090909090909092,6.544972617578351,54.52540563302854,-3.0,53.0,0.4837209302325581,1222,0.4957661620971935,1222,202413.0,platt
2024_14_GB_DET,2024,14,202414,total,under,0.5117647058823529,-110.0,0.5238095238095238,loss,0.0,-1.0,6.544972617578351,54.52540563302854,-3.0,53.0,0.5162790697674419,1222,0.5042338379028064,1222,202413.0,platt
2024_14_JAX_TEN,2024,14,202414,spread,away,0.5235294117647059,-105.0,0.5121951219512195,win,1.0,0.9523809523809524,1.928110578619832,44.35379859872409,-3.0,40.0,0.5,1198,0.5018860292977662,1198,202413.0,platt
2024_14_JAX_TEN,2024,14,202414,spread,home,0.4764705882352941,-115.0,0.5348837209302325,loss,0.0,-1.0,1.928110578619832,44.35379859872409,-3.0,40.0,0.5,1198,0.49811397070223384,1198,202413.0,platt
2024_14_JAX_TEN,2024,14,202414,total,over,0.586764705882353,-112.0,0.5283018867924528,loss,0.0,-1.0,1.928110578619832,44.35379859872409,-3.0,40.0,0.5630498533724341,1222,0.531496927843016,1222,202413.0,platt
2024_14_JAX_TEN,2024,14,202414,total,under,0.413235294117647,-108.0,0.5192307692307693,win,1.0,0.925925925925926,1.928110578619832,44.35379859872409,-3.0,40.0,0.436950146627566,1222,0.46850307215698384,1222,202413.0,platt
2024_14_LAC_KC,2024,14,202414,spread,away,0.3779411764705882,-115.0,0.5348837209302325,win,1.0,0.8695652173913043,7.466091111541218,43.65109894968791,-5.0,43.5,0.4999999999999999,1198,0.49002326641636873,1198,202413.0,platt
2024_14_LAC_KC,2024,14,202414,spread,home,0.6220588235294118,-105.0,0.5121951219512195,loss,0.0,-1.0,7.466091111541218,43.65109894968791,-5.0,43.5,0.5,1198,0.5099767335836313,1198,202413.0,platt
2024_14_LAC_KC,2024,14,202414,total,over,0.4485294117647059,-110.0,0.5238095238095238,loss,0.0,-1.0,7.466091111541218,43.65109894968791,-5.0,43.5,0.4837209302325581,1222,0.4814226534913983,1222,202413.0,platt
2024_14_LAC_KC,2024,14,202414,total,under,0.5514705882352942,-110.0,0.5238095238095238,win,1.0,0.9090909090909092,7.466091111541218,43.65109894968791,-5.0,43.5,0.5162790697674419,1222,0.5185773465086017,1222,202413.0,platt
2024_14_LV_TB,2024,14,202414,spread,away,0.4808823529411764,-115.0,0.5348837209302325,loss,0.0,-1.0,7.065444026929775,45.16878264131636,-7.0,47.0,0.5,1198,0.498467983714252,1198,202413.0,platt
2024_14_LV_TB,2024,14,202414,spread,home,0.5191176470588236,-105.0,0.5121951219512195,win,1.0,0.9523809523809524,7.065444026929775,45.16878264131636,-7.0,47.0,0.5,1198,0.501532016285748,1198,202413.0,platt
2024_14_LV_TB,2024,14,202414,total,over,0.3794117647058823,-108.0,0.5192307692307693,loss,0.0,-1.0,7.065444026929775,45.16878264131636,-7.0,47.0,0.436950146627566,1222,0.45585348008688487,1222,202413.0,platt
2024_14_LV_TB,2024,14,202414,total,under,0.6205882352941177,-112.0,0.5283018867924528,win,1.0,0.8928571428571429,7.065444026929775,45.16878264131636,-7.0,47.0,0.5630498533724341,1222,0.5441465199131151,1222,202413.0,platt
2024_14_NO_NYG,2024,14,202414,spread,away,0.3485294117647058,-115.0,0.5348837209302325,loss,0.0,-1.0,-1.987210346087464,45.33355355188817,5.5,41.0,0.4943997999928547,1198,0.4874771924877505,1198,202413.0,platt
2024_14_NO_NYG,2024,14,202414,spread,home,0.6514705882352941,-105.0,0.5121951219512195,win,1.0,0.9523809523809524,-1.987210346087464,45.33355355188817,5.5,41.0,0.5056002000071451,1198,0.5125228075122494,1198,202413.0,platt
2024_14_NO_NYG,2024,14,202414,total,over,0.5852941176470589,-110.0,0.5238095238095238,loss,0.0,-1.0,-1.987210346087464,45.33355355188817,5.5,41.0,0.5630498533724341,1222,0.5309537665885279,1222,202413.0,platt
2024_14_NO_NYG,2024,14,202414,total,under,0.4147058823529411,-110.0,0.5238095238095238,win,1.0,0.9090909090909092,-1.987210346087464,45.33355355188817,5.5,41.0,0.436950146627566,1222,0.46904623341147206,1222,202413.0,platt
2024_14_NYJ_MIA,2024,14,202414,spread,away,0.4588235294117647,-108.0,0.5192307692307693,win,1.0,0.925925925925926,7.056130752590828,43.02423433485633,-6.5,45.0,0.5,1198,0.496694432614468,1198,202413.0,platt
2024_14_NYJ_MIA,2024,14,202414,spread,home,0.5411764705882353,-112.0,0.5283018867924528,loss,0.0,-1.0,7.056130752590828,43.02423433485633,-6.5,45.0,0.5,1198,0.503305567385532,1198,202413.0,platt
2024_14_NYJ_MIA,2024,14,202414,total,over,0.375,-108.0,0.5192307692307693,win,1.0,0.925925925925926,7.056130752590828,43.02423433485633,-6.5,45.0,0.436950146627566,1222,0.4541778179354221,1222,202413.0,platt
2024_14_NYJ_MIA,2024,14,202414,total,under,0.625,-112.0,0.5283018867924528,loss,0.0,-1.0,7.056130752590828,43.02423433485633,-6.5,45.0,0.5630498533724341,1222,0.545822182064578,1222,202413.0,platt
2024_14_SEA_ARI,2024,14,202414,spread,away,0.4088235294117647,-105.0,0.5121951219512195,win,1.0,0.9523809523809524,4.771563403957652,48.33609589026472,-3.0,45.5,0.5,1198,0.49261493467992534,1198,202413.0,platt
2024_14_SEA_ARI,2024,14,202414,spread,home,0.5911764705882353,-115.0,0.5348837209302325,loss,0.0,-1.0,4.771563403957652,48.33609589026472,-3.0,45.5,0.5,1198,0.5073850653200745,1198,202413.0,platt
2024_14_SEA_ARI,2024,14,202414,total,over,0.5308823529411765,-110.0,0.5238095238095238,win,1.0,0.9090909090909092,4.771563403957652,48.33609589026472,-3.0,45.5,0.5162790697674419,1222,0.511124365490807,1222,202413.0,platt
2024_14_SEA_ARI,2024,14,202414,total,under,0.4691176470588235,-110.0,0.5238095238095238,loss,0.0,-1.0,4.771563403957652,48.33609589026472,-3.0,45.5,0.4837209302325581,1222,0.48887563450919297,1222,202413.0,platt
2024_15_ATL_LV,2024,15,202415,spread,away,0.3405483405483406,-110.0,0.5238095238095238,loss,0.0,-1.0,-2.683141661411635,46.45033945581944,6.5,44.5,0.4390243902439024,1222,0.4884636976785584,1222,202414.0,platt
2024_15_ATL_LV,2024,15,202415,spread,home,0.6594516594516594,-110.0,0.5238095238095238,win,1.0,0.9090909090909092,-2.683141661411635,46.45033945581944,6.5,44.5,0.5609756097560976,1222,0.5115363023214416,1222,202414.0,platt
2024_15_ATL_LV,2024,15,202415,total,over,0.4978354978354978,-110.0,0.5238095238095238,loss,0.0,-1.0,-2.683141661411635,46.45033945581944,6.5,44.5,0.4796380090497738,1248,0.4992493639687858,1248,202414.0,platt
2024_15_ATL_LV,2024,15,202415,total,under,0.5021645021645021,-110.0,0.5238095238095238,win,1.0,0.9090909090909092,-2.683141661411635,46.45033945581944,6.5,44.5,0.5203619909502262,1248,0.5007506360312143,1248,202414.0,platt
2024_15_BAL_NYG,2024,15,202415,spread,away,0.4069264069264069,-112.0,0.5283018867924528,win,1.0,0.8928571428571429,-14.659649459240509,43.44824830121081,16.5,43.5,0.5000000000000003,1222,0.4934235068307088,1222,202414.0,platt
2024_15_BAL_NYG,2024,15,202415,spread,home,0.5930735930735931,-108.0,0.5192307692307693,loss,0.0,-1.0,-14.659649459240509,43.44824830121081,16.5,43.5,0.5000000000000003,1222,0.5065764931692912,1222,202414.0,platt
2024_15_BAL_NYG,2024,15,202415,total,over,0.4372294372294372,-108.0,0.5192307692307693,win,1.0,0.925925925925926,-14.659649459240509,43.44824830121081,16.5,43.5,0.4421965317919075,1248,0.4781301833495155,1248,202414.0,platt
2024_15_BAL_NYG,2024,15,202415,total,under,0.5627705627705628,-112.0,0.5283018867924528,loss,0.0,-1.0,-14.659649459240509,43.44824830121081,16.5,43.5,0.5578034682080925,1248,0.5218698166504845,1248,202414.0,platt
2024_15_BUF_DET,2024,15,202415,spread,away,0.4516594516594516,-110.0,0.5238095238095238,win,1.0,0.9090909090909092,3.356183284261633,56.11355446538272,-2.5,55.5,0.5000000000000003,1222,0.49661340423890615,1222,202414.0,platt
2024_15_BUF_DET,2024,15,202415,spread,home,0.5483405483405484,-110.0,0.5238095238095238,loss,0.0,-1.0,3.356183284261633,56.11355446538272,-2.5,55.5,0.5000000000000003,1222,0.5033865957610938,1222,202414.0,platt
2024_15_BUF_DET,2024,15,202415,total,over,0.4632034632034632,-110.0,0.5238095238095238,win,1.0,0.9090909090909092,3.356183284261633,56.11355446538272,-2.5,55.5,0.4796380090497738,1248,0.4872189302115533,1248,202414.0,platt
2024_15_BUF_DET,2024,15,202415,total,under,0.5367965367965368,-110.0,0.5238095238095238,loss,0.0,-1.0,3.356183284261633,56.11355446538272,-2.5,55.5,0.5203619909502262,1248,0.5127810697884467,1248,202414.0,platt
2024_15_CHI_MIN,2024,15,202415,spread,away,0.4877344877344877,-115.0,0.5348837209302325,loss,0.0,-1.0,6.864285910213612,44.96033407975654,-7.0,43.5,0.5000000000000003,1222,0.4991432143773736,1222,202414.0,platt
2024_15_CHI_MIN,2024,15,202415,spread,home,0.5122655122655123,-105.0,0.5121951219512195,win,1.0,0.9523809523809524,6.864285910213612,44.96033407975654,-7.0,43.5,0.5000000000000003,1222,0.5008567856226264,1222,202414.0,platt
2024_15_CHI_MIN,2024,15,202415,total,over,0.4848484848484848,-110.0,0.5238095238095238,loss,0.0,-1.0,6.864285910213612,44.96033407975654,-7.0,43.5,0.4796380090497738,1248,0.49474416103271274,1248,202414.0,platt
2024_15_CHI_MIN,2024,15,202415,total,under,0.5151515151515151,-110.0,0.5238095238095238,win,1.0,0.9090909090909092,6.864285910213612,44.96033407975654,-7.0,43.5,0.5203619909502262,1248,0.5052558389672872,1248,202414.0,platt
2024_15_CIN_TEN,2024,15,202415,spread,away,0.4660894660894661,-110.0,0.5238095238095238,win,1.0,0.9090909090909092,-5.59996139114538,47.17079797018102,6.0,46.5,0.5000000000000003,1222,0.49762808926137225,1222,202414.0,platt
2024_15_CIN_TEN,2024,15,202415,spread,home,0.5339105339105339,-110.0,0.5238095238095238,loss,0.0,-1.0,-5.59996139114538,47.17079797018102,6.0,46.5,0.5000000000000003,1222,0.5023719107386277,1222,202414.0,platt
2024_15_CIN_TEN,2024,15,202415,total,over,0.4632034632034632,-108.0,0.5192307692307693,win,1.0,0.925925925925926,-5.59996139114538,47.17079797018102,6.0,46.5,0.4796380090497738,1248,0.4872189302115533,1248,202414.0,platt
2024_15_CIN_TEN,2024,15,202415,total,under,0.5367965367965368,-112.0,0.5283018867924528,loss,0.0,-1.0,-5.59996139114538,47.17079797018102,6.0,46.5,0.5203619909502262,1248,0.5127810697884467,1248,202414.0,platt
2024_15_DAL_CAR,2024,15,202415,spread,away,0.6334776334776335,100.0,0.5,win,1.0,1.0,-1.792864425437534,39.94997522738115,-2.5,42.0,0.5000000000000003,1222,0.5095522428550728,1222,202414.0,platt
2024_15_DAL_CAR,2024,15,202415,spread,home,0.3665223665223665,-120.0,0.5454545454545454,loss,0.0,-1.0,-1.792864425437534,39.94997522738115,-2.5,42.0,0.5000000000000003,1222,0.49044775714492717,1222,202414.0,platt
2024_15_DAL_CAR,2024,15,202415,total,over,0.3722943722943723,-108.0,0.5192307692307693,win,1.0,0.925925925925926,-1.792864425437534,39.94997522738115,-2.5,42.0,0.4421965317919075,1248,0.45483360544871954,1248,202414.0,platt
2024_15_DAL_CAR,2024,15,202415,total,under,0.6277056277056277,-112.0,0.5283018867924528,loss,0.0,-1.0,-1.792864425437534,39.94997522738115,-2.5,42.0,0.5578034682080925,1248,0.5451663945512805,1248,202414.0,platt
2024_15_GB_SEA,2024,15,202415,spread,away,0.4660894660894661,-110.0,0.5238095238095238,win,1.0,0.9090909090909092,-2.5638763256622696,47.498681629918565,3.0,48.0,0.5000000000000003,1222,0.49762808926137225,1222,202414.0,platt
2024_15_GB_SEA,2024,15,202415,spread,home,0.5339105339105339,-110.0,0.5238095238095238,loss,0.0,-1.0,-2.5638763256622696,47.498681629918565,3.0,48.0,0.5000000000000003,1222,0.5023719107386277,1222,202414.0,platt
2024_15_GB_SEA,2024,15,202415,total,over,0.4199134199134199,-110.0,0.5238095238095238,loss,0.0,-1.0,-2.5638763256622696,47.498681629918565,3.0,48.0,0.4421965317919075,1248,0.47201466066987324,1248,202414.0,platt
2024_15_GB_SEA,2024,15,202415,total,under,0.5800865800865801,-110.0,0.5238095238095238,win,1.0,0.9090909090909092,-2.5638763256622696,47.498681629918565,3.0,48.0,0.5578034682080925,1248,0.5279853393301267,1248,202414.0,platt
2024_15_IND_DEN,2024,15,202415,spread,away,0.4069264069264069,-105.0,0.5121951219512195,loss,0.0,-1.0,6.366590451409774,40.06842349999104,-4.5,43.5,0.5000000000000003,1222,0.4934235068307088,1222,202414.0,platt
2024_15_IND_DEN,2024,15,202415,spread,home,0.5930735930735931,-115.0,0.5348837209302325,win,1.0,0.8695652173913043,6.366590451409774,40.06842349999104,-4.5,43.5,0.5000000000000003,1222,0.5065764931692912,1222,202414.0,platt
2024_15_IND_DEN,2024,15,202415,total,over,0.3347763347763348,-112.0,0.5283018867924528,win,1.0,0.8928571428571429,6.366590451409774,40.06842349999104,-4.5,43.5,0.4421965317919075,1248,0.44074763181526116,1248,202414.0,platt
2024_15_IND_DEN,2024,15,202415,total,under,0.6652236652236652,-108.0,0.5192307692307693,loss,0.0,-1.0,6.366590451409774,40.06842349999104,-4.5,43.5,0.5578034682080925,1248,0.5592523681847388,1248,202414.0,platt
2024_15_KC_CLE,2024,15,202415,spread,away,0.5541125541125541,-110.0,0.5238095238095238,win,1.0,0.9090909090909092,-6.357658226389034,41.36557714725906,4.5,41.5,0.5000000000000003,1222,0.5037939684529462,1222,202414.0,platt
2024_15_KC_CLE,2024,15,202415,spread,home,0.4458874458874459,-110.0,0.5238095238095238,loss,0.0,-1.0,-6.357658226389034,41.36557714725906,4.5,41.5,0.5000000000000003,1222,0.4962060315470537,1222,202414.0,platt
2024_15_KC_CLE,2024,15,202415,total,over,0.4329004329004329,-108.0,0.5192307692307693,loss,0.0,-1.0,-6.357658226389034,41.36557714725906,4.5,41.5,0.4421965317919075,1248,0.47660628383551945,1248,202414.0,platt
2024_15_KC_CLE,2024,15,202415,total,under,0.5670995670995671,-112.0,0.5283018867924528,win,1.0,0.8928571428571429,-6.357658226389034,41.36557714725906,4.5,41.5,0.5578034682080925,1248,0.5233937161644805,1248,202414.0,platt
2024_15_LA_SF,2024,15,202415,spread,away,0.5541125541125541,-118.0,0.5412844036697247,win,1.0,0.847457627118644,1.1041993216405936,49.58668427740238,-3.0,48.5,0.5000000000000003,1222,0.5037939684529462,1222,202414.0,platt
2024_15_LA_SF,2024,15,202415,spread,home,0.4458874458874459,-102.0,0.504950495049505,loss,0.0,-1.0,1.1041993216405936,49.58668427740238,-3.0,48.5,0.5000000000000003,1222,0.4962060315470537,1222,202414.0,platt
2024_15_LA_SF,2024,15,202415,total,over,0.4761904761904761,-110.0,0.5238095238095238,loss,0.0,-1.0,1.1041993216405936,49.58668427740238,-3.0,48.5,0.4796380090497738,1248,0.49173755165142063,1248,202414.0,platt
2024_15_LA_SF,2024,15,202415,total,under,0.5238095238095238,-110.0,0.5238095238095238,win,1.0,0.9090909090909092,1.1041993216405936,49.58668427740238,-3.0,48.5,0.5203619909502262,1248,0.5082624483485794,1248,202414.0,platt
2024_15_MIA_HOU,2024,15,202415,spread,away,0.6738816738816739,-105.0,0.5121951219512195,loss,0.0,-1.0,-2.895694235069096,50.3967486722082,-2.5,46.5,0.5609756097560976,1222,0.5126695248710963,1222,202414.0,platt
2024_15_MIA_HOU,2024,15,202415,spread,home,0.3261183261183261,-115.0,0.5348837209302325,win,1.0,0.8695652173913043,-2.895694235069096,50.3967486722082,-2.5,46.5,0.4390243902439024,1222,0.4873304751289036,1222,202414.0,platt
2024_15_MIA_HOU,2024,15,202415,total,over,0.5642135642135642,-108.0,0.5192307692307693,loss,0.0,-1.0,-2.895694235069096,50.3967486722082,-2.5,46.5,0.5578034682080925,1248,0.5223774439934246,1248,202414.0,platt
2024_15_MIA_HOU,2024,15,202415,total,under,0.4357864357864358,-112.0,0.5283018867924528,win,1.0,0.8928571428571429,-2.895694235069096,50.3967486722082,-2.5,46.5,0.4421965317919075,1248,0.4776225560065755,1248,202414.0,platt
2024_15_NE_ARI,2024,15,202415,spread,away,0.531024531024531,-108.0,0.5192307692307693,loss,0.0,-1.0,4.770307129645493,46.571468671638485,-6.0,46.5,0.5000000000000003,1222,0.5021695044987778,1222,202414.0,platt
2024_15_NE_ARI,2024,15,202415,spread,home,0.468975468975469,-112.0,0.5283018867924528,win,1.0,0.8928571428571429,4.770307129645493,46.571468671638485,-6.0,46.5,0.5000000000000003,1222,0.4978304955012222,1222,202414.0,platt
2024_15_NE_ARI,2024,15,202415,total,over,0.4473304473304473,-110.0,0.5238095238095238,win,1.0,0.9090909090909092,4.770307129645493,46.571468671638485,-6.0,46.5,0.4796380090497738,1248,0.4816748224032345,1248,202414.0,platt
2024_15_NE_ARI,2024,15,202415,total,under,0.5526695526695526,-110.0,0.5238095238095238,loss,0.0,-1.0,4.770307129645493,46.571468671638485,-6.0,46.5,0.5203619909502262,1248,0.5183251775967654,1248,202414.0,platt
2024_15_NYJ_JAX,2024,15,202415,spread,away,0.4213564213564214,-102.0,0.504950495049505,win,1.0,0.9803921568627452,-2.013926976468432,42.24642801542005,3.5,41.5,0.5000000000000003,1222,0.49446183830188256,1222,202414.0,platt
2024_15_NYJ_JAX,2024,15,202415,spread,home,0.5786435786435786,-118.0,0.5412844036697247,loss,0.0,-1.0,-2.013926976468432,42.24642801542005,3.5,41.5,0.5000000000000003,1222,0.5055381616981173,1222,202414.0,platt
2024_15_NYJ_JAX,2024,15,202415,total,over,0.4675324675324675,-108.0,0.5192307692307693,win,1.0,0.925925925925926,-2.013926976468432,42.24642801542005,3.5,41.5,0.4796380090497738,1248,0.48872656672638665,1248,202414.0,platt
2024_15_NYJ_JAX,2024,15,202415,total,under,0.5324675324675325,-112.0,0.5283018867924528,loss,0.0,-1.0,-2.013926976468432,42.24642801542005,3.5,41.5,0.5203619909502262,1248,0.5112734332736134,1248,202414.0,platt
2024_15_PIT_PHI,2024,15,202415,spread,away,0.4430014430014429,-110.0,0.5238095238095238,loss,0.0,-1.0,6.505658235545173,49.12886628214513,-5.5,43.0,0.5000000000000003,1222,0.4960019675139407,1222,202414.0,platt
2024_15_PIT_PHI,2024,15,202415,spread,home,0.556998556998557,-110.0,0.5238095238095238,win,1.0,0.9090909090909092,6.505658235545173,49.12886628214513,-5.5,43.0,0.5000000000000003,1222,0.5039980324860593,1222,202414.0,platt
2024_15_PIT_PHI,2024,15,202415,total,over,0.6406926406926406,-110.0,0.5238095238095238,loss,0.0,-1.0,6.505658235545173,49.12886628214513,-5.5,43.0,0.5578034682080925,1248,0.5499762242862211,1248,202414.0,platt
2024_15_PIT_PHI,2024,15,202415,total,under,0.3593073593073593,-110.0,0.5238095238095238,win,1.0,0.9090909090909092,6.505658235545173,49.12886628214513,-5.5,43.0,0.4421965317919075,1248,0.45002377571377894,1248,202414.0,platt
2024_15_TB_LAC,2024,15,202415,spread,away,0.696969696969697,-105.0,0.5121951219512195,win,1.0,0.9523809523809524,-3.5795950040471936,50.0865228772233,-3.0,46.0,0.5609756097560976,1222,0.5145383445421123,1222,202414.0,platt
2024_15_TB_LAC,2024,15,202415,spread,home,0.303030303030303,-115.0,0.5348837209302325,loss,0.0,-1.0,-3.5795950040471936,50.0865228772233,-3.0,46.0,0.4390243902439024,1222,0.48546165545788766,1222,202414.0,platt
2024_15_TB_LAC,2024,15,202415,total,over,0.5757575757575758,-112.0,0.5283018867924528,win,1.0,0.8928571428571429,-3.5795950040471936,50.0865228772233,-3.0,46.0,0.5578034682080925,1248,0.5264512560358706,1248,202414.0,platt
2024_15_TB_LAC,2024,15,202415,total,under,0.4242424242424242,-108.0,0.5192307692307693,loss,0.0,-1.0,-3.5795950040471936,50.0865228772233,-3.0,46.0,0.4421965317919075,1248,0.47354874396412944,1248,202414.0,platt
2024_15_WAS_NO,2024,15,202415,spread,away,0.3405483405483406,-112.0,0.5283018867924528,loss,0.0,-1.0,-3.702633708335749,46.93456700250975,7.5,44.5,0.4390243902439024,1222,0.4884636976785584,1222,202414.0,platt
2024_15_WAS_NO,2024,15,202415,spread,home,0.6594516594516594,-108.0,0.5192307692307693,win,1.0,0.925925925925926,-3.702633708335749,46.93456700250975,7.5,44.5,0.5609756097560976,1222,0.5115363023214416,1222,202414.0,platt
2024_15_WAS_NO,2024,15,202415,total,over,0.5108225108225108,-112.0,0.5283018867924528,loss,0.0,-1.0,-3.702633708335749,46.93456700250975,7.5,44.5,0.5203619909502262,1248,0.503753675300506,1248,202414.0,platt
2024_15_WAS_NO,2024,15,202415,total,under,0.4891774891774891,-108.0,0.5192307692307693,win,1.0,0.925925925925926,-3.702633708335749,46.93456700250975,7.5,44.5,0.4796380090497738,1248,0.49624632469949403,1248,202414.0,platt
2024_16_ARI_CAR,2024,16,202416,spread,away,0.5557122708039492,-110.0,0.5238095238095238,loss,0.0,-1.0,-7.357310900194667,43.41869928855474,5.5,47.0,0.5000000000000001,1254,0.5051842878696466,1254,202415.0,platt
2024_16_ARI_CAR,2024,16,202416,spread,home,0.4442877291960507,-110.0,0.5238095238095238,win,1.0,0.9090909090909092,-7.357310900194667,43.41869928855474,5.5,47.0,0.5000000000000001,1254,0.49481571213035336,1254,202415.0,platt
2024_16_ARI_CAR,2024,16,202416,total,over,0.3314527503526093,-110.0,0.5238095238095238,win,1.0,0.9090909090909092,-7.357310900194667,43.41869928855474,5.5,47.0,0.4463276836158192,1280,0.4462432581880041,1280,202415.0,platt
2024_16_ARI_CAR,2024,16,202416,total,under,0.6685472496473908,-110.0,0.5238095238095238,loss,0.0,-1.0,-7.357310900194667,43.41869928855474,5.5,47.0,0.5536723163841807,1280,0.553756741811996,1280,202415.0,platt
2024_16_CLE_CIN,2024,16,202416,spread,away,0.5007052186177715,-108.0,0.5192307692307693,loss,0.0,-1.0,9.53690204007098,40.39675553029049,-10.0,46.5,0.5000000000000001,1254,0.5000653537941391,1254,202415.0,platt
2024_16_CLE_CIN,2024,16,202416,spread,home,0.4992947813822285,-112.0,0.5283018867924528,win,1.0,0.8928571428571429,9.53690204007098,40.39675553029049,-10.0,46.5,0.5000000000000001,1254,0.499934646205861,1254,202415.0,platt
2024_16_CLE_CIN,2024,16,202416,total,over,0.2708039492242595,-108.0,0.5192307692307693,loss,0.0,-1.0,9.53690204007098,40.39675553029049,-10.0,46.5,0.392156862745098,1280,0.424396162859441,1280,202415.0,platt
2024_16_CLE_CIN,2024,16,202416,total,under,0.7291960507757405,-112.0,0.5283018867924528,win,1.0,0.8928571428571429,9.53690204007098,40.39675553029049,-10.0,46.5,0.6078431372549019,1280,0.5756038371405591,1280,202415.0,platt
2024_16_DEN_LAC,2024,16,202416,spread,away,0.6685472496473908,-120.0,0.5454545454545454,loss,0.0,-1.0,-2.242479066580341,45.68950760054463,-3.0,41.5,0.5669291338582677,1254,0.5162493829065162,1254,202415.0,platt
2024_16_DEN_LAC,2024,16,202416,spread,home,0.3314527503526093,100.0,0.5,win,1.0,1.0,-2.242479066580341,45.68950760054463,-3.0,41.5,0.4330708661417323,1254,0.48375061709348377,1254,202415.0,platt
2024_16_DEN_LAC,2024,16,202416,total,over,0.5839210155148096,-110.0,0.5238095238095238,win,1.0,0.9090909090909092,-2.242479066580341,45.68950760054463,-3.0,41.5,0.5536723163841807,1280,0.5260422213138332,1280,202415.0,platt
2024_16_DEN_LAC,2024,16,202416,total,under,0.4160789844851904,-110.0,0.5238095238095238,loss,0.0,-1.0,-2.242479066580341,45.68950760054463,-3.0,41.5,0.4463276836158192,1280,0.4739577786861668,1280,202415.0,platt
2024_16_DET_CHI,2024,16,202416,spread,away,0.5712270803949224,-110.0,0.5238095238095238,win,1.0,0.9090909090909092,-9.268483915976873,45.66856964790855,7.0,47.5,0.5000000000000001,1254,0.5066455391139545,1254,202415.0,platt
2024_16_DET_CHI,2024,16,202416,spread,home,0.4287729196050776,-110.0,0.5238095238095238,loss,0.0,-1.0,-9.268483915976873,45.66856964790855,7.0,47.5,0.5000000000000001,1254,0.4933544608860455,1254,202415.0,platt
2024_16_DET_CHI,2024,16,202416,total,over,0.3808180535966149,-110.0,0.5238095238095238,win,1.0,0.9090909090909092,-9.268483915976873,45.66856964790855,7.0,47.5,0.4463276836158192,1280,0.4626828213402195,1280,202415.0,platt
2024_16_DET_CHI,2024,16,202416,total,under,0.619181946403385,-110.0,0.5238095238095238,loss,0.0,-1.0,-9.268483915976873,45.66856964790855,7.0,47.5,0.5536723163841807,1280,0.5373171786597805,1280,202415.0,platt
2024_16_HOU_KC,2024,16,202416,spread,away,0.3582510578279266,-120.0,0.5454545454545454,loss,0.0,-1.0,6.877735461570262,40.990774006507706,-3.5,42.5,0.5,1254,0.48649724914206294,1254,202415.0,platt
2024_16_HOU_KC,2024,16,202416,spread,home,0.6417489421720733,100.0,0.5,win,1.0,1.0,6.877735461570262,40.990774006507706,-3.5,42.5,0.5000000000000001,1254,0.5135027508579371,1254,202415.0,platt
2024_16_HOU_KC,2024,16,202416,total,over,0.3935119887165021,-112.0,0.5283018867924528,win,1.0,0.8928571428571429,6.877735461570262,40.990774006507706,-3.5,42.5,0.4463276836158192,1280,0.4667775890676231,1280,202415.0,platt
2024_16_HOU_KC,2024,16,202416,total,under,0.6064880112834978,-108.0,0.5192307692307693,loss,0.0,-1.0,6.877735461570262,40.990774006507706,-3.5,42.5,0.5536723163841807,1280,0.5332224109323769,1280,202415.0,platt
2024_16_JAX_LV,2024,16,202416,spread,away,0.5007052186177715,-110.0,0.5238095238095238,loss,0.0,-1.0,2.030694800088683,44.46537026516056,-2.5,41.5,0.5000000000000001,1254,0.5000653537941391,1254,202415.0,platt
2024_16_JAX_LV,2024,16,202416,spread,home,0.4992947813822285,-110.0,0.5238095238095238,win,1.0,0.9090909090909092,2.030694800088683,44.46537026516056,-2.5,41.5,0.5000000000000001,1254,0.499934646205861,1254,202415.0,platt
2024_16_JAX_LV,2024,16,202416,total,over,0.535966149506347,-108.0,0.5192307692307693,loss,0.0,-1.0,2.030694800088683,44.46537026516056,-2.5,41.5,0.5152838427947599,1280,0.5110826901661486,1280,202415.0,platt
2024_16_JAX_LV,2024,16,202416,total,under,0.464033850493653,-112.0,0.5283018867924528,win,1.0,0.8928571428571429,2.030694800088683,44.46537026516056,-2.5,41.5,0.4847161572052402,1280,0.48891730983385134,1280,202415.0,platt
2024_16_LA_NYJ,2024,16,202416,spread,away,0.4936530324400564,-105.0,0.5121951219512195,win,1.0,0.9523809523809524,-3.19430276936127,44.3956409743608,3.0,47.0,0.5000000000000001,1254,0.49941178491521276,1254,202415.0,platt
2024_16_LA_NYJ,2024,16,202416,spread,home,0.5063469675599436,-115.0,0.5348837209302325,loss,0.0,-1.0,-3.19430276936127,44.3956409743608,3.0,47.0,0.5000000000000001,1254,0.5005882150847873,1254,202415.0,platt
2024_16_LA_NYJ,2024,16,202416,total,over,0.3582510578279266,-110.0,0.5238095238095238,loss,0.0,-1.0,-3.19430276936127,44.3956409743608,3.0,47.0,0.4463276836158192,1280,0.4552811382466216,1280,202415.0,platt
2024_16_LA_NYJ,2024,16,202416,total,under,0.6417489421720733,-110.0,0.5238095238095238,win,1.0,0.9090909090909092,-3.19430276936127,44.3956409743608,3.0,47.0,0.5536723163841807,1280,0.5447188617533784,1280,202415.0,platt
2024_16_MIN_SEA,2024,16,202416,spread,away,0.6078984485190408,-115.0,0.5348837209302325,win,1.0,0.8695652173913043,-5.750331816306639,44.97095673971984,2.5,43.0,0.5000000000000001,1254,0.5101574268750663,1254,202415.0,platt
2024_16_MIN_SEA,2024,16,202416,spread,home,0.3921015514809591,-105.0,0.5121951219512195,loss,0.0,-1.0,-5.750331816306639,44.97095673971984,2.5,43.0,0.5000000000000001,1254,0.4898425731249338,1254,202415.0,platt
2024_16_MIN_SEA,2024,16,202416,total,over,0.4978843441466855,-105.0,0.5121951219512195,win,1.0,0.9523809523809524,-5.750331816306639,44.97095673971984,2.5,43.0,0.4847161572052402,1280,0.49934909288196017,1280,202415.0,platt
2024_16_MIN_SEA,2024,16,202416,total,under,0.5021156558533145,-115.0,0.5348837209302325,loss,0.0,-1.0,-5.750331816306639,44.97095673971984,2.5,43.0,0.5152838427947599,1280,0.5006509071180398,1280,202415.0,platt
2024_16_NE_BUF,2024,16,202416,spread,away,0.623413258110014,-110.0,0.5238095238095238,win,1.0,0.9090909090909092,10.112459790689298,46.94304088500987,-14.0,48.0,0.5000000000000001,1254,0.5116759194189394,1254,202415.0,platt
2024_16_NE_BUF,2024,16,202416,spread,home,0.3765867418899859,-110.0,0.5238095238095238,loss,0.0,-1.0,10.112459790689298,46.94304088500987,-14.0,48.0,0.5000000000000001,1254,0.48832408058106064,1254,202415.0,platt
2024_16_NE_BUF,2024,16,202416,total,over,0.4019746121297602,-110.0,0.5238095238095238,loss,0.0,-1.0,10.112459790689298,46.94304088500987,-14.0,48.0,0.4463276836158192,1280,0.46948388840399896,1280,202415.0,platt
2024_16_NE_BUF,2024,16,202416,total,under,0.5980253878702397,-110.0,0.5238095238095238,win,1.0,0.9090909090909092,10.112459790689298,46.94304088500987,-14.0,48.0,0.5536723163841807,1280,0.5305161115960011,1280,202415.0,platt
2024_16_NO_GB,2024,16,202416,spread,away,0.7023977433004231,-105.0,0.5121951219512195,loss,0.0,-1.0,7.26434531612972,41.34731663796551,-14.0,44.0,0.5669291338582677,1254,0.5198847582885001,1254,202415.0,platt
2024_16_NO_GB,2024,16,202416,spread,home,0.2976022566995768,-115.0,0.5348837209302325,win,1.0,0.8695652173913043,7.26434531612972,41.34731663796551,-14.0,44.0,0.4330708661417323,1254,0.4801152417114999,1254,202415.0,platt
2024_16_NO_GB,2024,16,202416,total,over,0.3540197461212976,-110.0,0.5238095238095238,loss,0.0,-1.0,7.26434531612972,41.34731663796551,-14.0,44.0,0.4463276836158192,1280,0.4538735310373898,1280,202415.0,platt
2024_16_NO_GB,2024,16,202416,total,under,0.6459802538787024,-110.0,0.5238095238095238,win,1.0,0.9090909090909092,7.26434531612972,41.34731663796551,-14.0,44.0,0.5536723163841807,1280,0.5461264689626101,1280,202415.0,platt
2024_16_PHI_WAS,2024,16,202416,spread,away,0.3427362482369535,-115.0,0.5348837209302325,loss,0.0,-1.0,0.0766117162746686,44.28433837975194,4.0,47.0,0.4330708661417323,1254,0.48491939217577823,1254,202415.0,platt
2024_16_PHI_WAS,2024,16,202416,spread,home,0.6572637517630465,-105.0,0.5121951219512195,win,1.0,0.9523809523809524,0.0766117162746686,44.28433837975194,4.0,47.0,0.5669291338582677,1254,0.5150806078242217,1254,202415.0,platt
2024_16_PHI_WAS,2024,16,202416,total,over,0.3526093088857546,-110.0,0.5238095238095238,win,1.0,0.9090909090909092,0.0766117162746686,44.28433837975194,4.0,47.0,0.4463276836158192,1280,0.4534028126569595,1280,202415.0,platt
2024_16_PHI_WAS,2024,16,202416,total,under,0.6473906911142454,-110.0,0.5238095238095238,loss,0.0,-1.0,0.0766117162746686,44.28433837975194,4.0,47.0,0.5536723163841807,1280,0.5465971873430405,1280,202415.0,platt
2024_16_PIT_BAL,2024,16,202416,spread,away,0.3074753173483779,-115.0,0.5348837209302325,loss,0.0,-1.0,12.130493023128738,50.06903019431313,-7.0,44.5,0.4330708661417323,1254,0.48119771169208037,1254,202415.0,platt
2024_16_PIT_BAL,2024,16,202416,spread,home,0.692524682651622,-105.0,0.5121951219512195,win,1.0,0.9523809523809524,12.130493023128738,50.06903019431313,-7.0,44.5,0.5669291338582677,1254,0.5188022883079196,1254,202415.0,platt
2024_16_PIT_BAL,2024,16,202416,total,over,0.6304654442877292,-108.0,0.5192307692307693,win,1.0,0.925925925925926,12.130493023128738,50.06903019431313,-7.0,44.5,0.5536723163841807,1280,0.5409968888178465,1280,202415.0,platt
2024_16_PIT_BAL,2024,16,202416,total,under,0.3695345557122708,-112.0,0.5283018867924528,loss,0.0,-1.0,12.130493023128738,50.06903019431313,-7.0,44.5,0.4463276836158192,1280,0.45900311118215353,1280,202415.0,platt
2024_16_SF_MIA,2024,16,202416,spread,away,0.2990126939351198,-108.0,0.5192307692307693,loss,0.0,-1.0,3.2998801247597003,46.27106359948596,2.0,44.0,0.4330708661417323,1254,0.4802711065298697,1254,202415.0,platt
2024_16_SF_MIA,2024,16,202416,spread,home,0.7009873060648801,-112.0,0.5283018867924528,win,1.0,0.8928571428571429,3.2998801247597003,46.27106359948596,2.0,44.0,0.5669291338582677,1254,0.5197288934701303,1254,202415.0,platt
2024_16_SF_MIA,2024,16,202416,total,over,0.5063469675599436,-112.0,0.5283018867924528,win,1.0,0.8928571428571429,3.2998801247597003,46.27106359948596,2.0,44.0,0.5152838427947599,1280,0.5019528057681326,1280,202415.0,platt
2024_16_SF_MIA,2024,16,202416,total,under,0.4936530324400564,-108.0,0.5192307692307693,loss,0.0,-1.0,3.2998801247597003,46.27106359948596,2.0,44.0,0.4847161572052402,1280,0.49804719423186744,1280,202415.0,platt
2024_16_TB_DAL,2024,16,202416,spread,away,0.4598025387870239,-105.0,0.5121951219512195,loss,0.0,-1.0,-3.791559970011841,50.60585318093237,4.5,47.5,0.5000000000000001,1254,0.49626684861520165,1254,202415.0,platt
2024_16_TB_DAL,2024,16,202416,spread,home,0.5401974612129761,-115.0,0.5348837209302325,win,1.0,0.8695652173913043,-3.791559970011841,50.60585318093237,4.5,47.5,0.5000000000000001,1254,0.5037331513847982,1254,202415.0,platt
2024_16_TB_DAL,2024,16,202416,total,over,0.538787023977433,-110.0,0.5238095238095238,win,1.0,0.9090909090909092,-3.791559970011841,50.60585318093237,4.5,47.5,0.5152838427947599,1280,0.5119549775444998,1280,202415.0,platt
2024_16_TB_DAL,2024,16,202416,total,under,0.4612129760225669,-110.0,0.5238095238095238,loss,0.0,-1.0,-3.791559970011841,50.60585318093237,4.5,47.5,0.4847161572052402,1280,0.4880450224555002,1280,202415.0,platt
2024_16_TEN_IND,2024,16,202416,spread,away,0.619181946403385,-112.0,0.5283018867924528,loss,0.0,-1.0,0.3533081746331334,46.56984551416553,-4.0,42.5,0.5000000000000001,1254,0.511259492350907,1254,202415.0,platt
2024_16_TEN_IND,2024,16,202416,spread,home,0.3808180535966149,-108.0,0.5192307692307693,win,1.0,0.925925925925926,0.3533081746331334,46.56984551416553,-4.0,42.5,0.5000000000000001,1254,0.48874050764909305,1254,202415.0,platt
2024_16_TEN_IND,2024,16,202416,total,over,0.5754583921015515,-112.0,0.5283018867924528,win,1.0,0.8928571428571429,0.3533081746331334,46.56984551416553,-4.0,42.5,0.5536723163841807,1280,0.5233772054464002,1280,202415.0,platt
2024_16_TEN_IND,2024,16,202416,total,under,0.4245416078984485,-108.0,0.5192307692307693,loss,0.0,-1.0,0.3533081746331334,46.56984551416553,-4.0,42.5,0.4463276836158192,1280,0.4766227945535998,1280,202415.0,platt
2024_17_ARI_LA,2024,17,202417,spread,away,0.6063535911602209,100.0,0.5,win,1.0,1.0,3.2437572269523605,49.86077813589382,-6.5,48.0,0.5060240963855421,1284,0.5124145794604844,1284,202416.0,platt
2024_17_ARI_LA,2024,17,202417,spread,home,0.393646408839779,-120.0,0.5454545454545454,loss,0.0,-1.0,3.2437572269523605,49.86077813589382,-6.5,48.0,0.4939759036144578,1284,0.4875854205395156,1284,202416.0,platt
2024_17_ARI_LA,2024,17,202417,total,over,0.5,-108.0,0.5192307692307693,loss,0.0,-1.0,3.2437572269523605,49.86077813589382,-6.5,48.0,0.5,1310,0.5,1310,202416.0,platt
2024_17_ARI_LA,2024,17,202417,total,under,0.5,-112.0,0.5283018867924528,win,1.0,0.8928571428571429,3.2437572269523605,49.86077813589382,-6.5,48.0,0.5,1310,0.5,1310,202416.0,platt
2024_17_BAL_HOU,2024,17,202417,spread,away,0.6215469613259669,-108.0,0.5192307692307693,win,1.0,0.925925925925926,-9.50511955326669,53.01405892471384,5.5,46.5,0.5060240963855421,1284,0.5142559380732294,1284,202416.0,platt
2024_17_BAL_HOU,2024,17,202417,spread,home,0.3784530386740331,-112.0,0.5283018867924528,loss,0.0,-1.0,-9.50511955326669,53.01405892471384,5.5,46.5,0.4939759036144578,1284,0.4857440619267705,1284,202416.0,platt
2024_17_BAL_HOU,2024,17,202417,total,over,0.6533149171270718,-108.0,0.5192307692307693,loss,0.0,-1.0,-9.50511955326669,53.01405892471384,5.5,46.5,0.5549450549450551,1310,0.5512542561629771,1310,202416.0,platt
2024_17_BAL_HOU,2024,17,202417,total,under,0.3466850828729282,-112.0,0.5283018867924528,win,1.0,0.8928571428571429,-9.50511955326669,53.01405892471384,5.5,46.5,0.445054945054945,1310,0.448745743837023,1310,202416.0,platt
2024_17_CAR_TB,2024,17,202417,spread,away,0.3439226519337016,-105.0,0.5121951219512195,loss,0.0,-1.0,13.240494419592864,46.92540750076239,-9.5,47.5,0.4318181818181818,1284,0.4814447234733417,1284,202416.0,platt
2024_17_CAR_TB,2024,17,202417,spread,home,0.6560773480662984,-115.0,0.5348837209302325,win,1.0,0.8695652173913043,13.240494419592864,46.92540750076239,-9.5,47.5,0.5681818181818182,1284,0.5185552765266582,1284,202416.0,platt
2024_17_CAR_TB,2024,17,202417,total,over,0.4171270718232044,-112.0,0.5283018867924528,win,1.0,0.8928571428571429,13.240494419592864,46.92540750076239,-9.5,47.5,0.445054945054945,1310,0.47286781472661626,1310,202416.0,platt
2024_17_CAR_TB,2024,17,202417,total,under,0.5828729281767956,-108.0,0.5192307692307693,loss,0.0,-1.0,13.240494419592864,46.92540750076239,-9.5,47.5,0.5549450549450551,1310,0.5271321852733838,1310,202416.0,platt
2024_17_DAL_PHI,2024,17,202417,spread,away,0.4806629834254143,-112.0,0.5283018867924528,loss,0.0,-1.0,7.535818108055739,44.37415794673079,-7.5,37.5,0.5000000000000001,1284,0.49777571462359105,1284,202416.0,platt
2024_17_DAL_PHI,2024,17,202417,spread,home,0.5193370165745856,-108.0,0.5192307692307693,win,1.0,0.925925925925926,7.535818108055739,44.37415794673079,-7.5,37.5,0.5000000000000001,1284,0.5022242853764088,1284,202416.0,platt
2024_17_DAL_PHI,2024,17,202417,total,over,0.6685082872928176,-112.0,0.5283018867924528,win,1.0,0.8928571428571429,7.535818108055739,44.37415794673079,-7.5,37.5,0.5549450549450551,1310,0.5566939086572792,1310,202416.0,platt
2024_17_DAL_PHI,2024,17,202417,total,under,0.3314917127071823,-108.0,0.5192307692307693,loss,0.0,-1.0,7.535818108055739,44.37415794673079,-7.5,37.5,0.445054945054945,1310,0.44330609134272075,1310,202416.0,platt
2024_17_DEN_CIN,2024,17,202417,spread,away,0.4185082872928176,-115.0,0.5348837209302325,loss,0.0,-1.0,5.02440226565691,48.562478360636746,-3.5,50.5,0.5000000000000001,1284,0.49054765827987273,1284,202416.0,platt
2024_17_DEN_CIN,2024,17,202417,spread,home,0.5814917127071824,-105.0,0.5121951219512195,win,1.0,0.9523809523809524,5.02440226565691,48.562478360636746,-3.5,50.5,0.5000000000000001,1284,0.5094523417201273,1284,202416.0,platt
2024_17_DEN_CIN,2024,17,202417,total,over,0.3784530386740331,-110.0,0.5238095238095238,win,1.0,0.9090909090909092,5.02440226565691,48.562478360636746,-3.5,50.5,0.445054945054945,1310,0.45981514536219403,1310,202416.0,platt
2024_17_DEN_CIN,2024,17,202417,total,under,0.6215469613259669,-110.0,0.5238095238095238,loss,0.0,-1.0,5.02440226565691,48.562478360636746,-3.5,50.5,0.5549450549450551,1310,0.5401848546378061,1310,202416.0,platt
2024_17_DET_SF,2024,17,202417,spread,away,0.5497237569060773,-112.0,0.5283018867924528,win,1.0,0.8928571428571429,-5.840203631541593,51.335127360582206,4.0,50.5,0.5000000000000001,1284,0.5057354829609424,1284,202416.0,platt
2024_17_DET_SF,2024,17,202417,spread,home,0.4502762430939226,-108.0,0.5192307692307693,loss,0.0,-1.0,-5.840203631541593,51.335127360582206,4.0,50.5,0.5000000000000001,1284,0.49426451703905755,1284,202416.0,platt
2024_17_DET_SF,2024,17,202417,total,over,0.4765193370165745,-110.0,0.5238095238095238,win,1.0,0.9090909090909092,-5.840203631541593,51.335127360582206,4.0,50.5,0.4849785407725321,1310,0.4923709574652013,1310,202416.0,platt
2024_17_DET_SF,2024,17,202417,total,under,0.5234806629834254,-110.0,0.5238095238095238,loss,0.0,-1.0,-5.840203631541593,51.335127360582206,4.0,50.5,0.5150214592274678,1310,0.5076290425347987,1310,202416.0,platt
2024_17_GB_MIN,2024,17,202417,spread,away,0.4033149171270718,-105.0,0.5121951219512195,loss,0.0,-1.0,0.9683544683816836,50.783326412501374,1.0,49.0,0.5000000000000001,1284,0.48874420544152664,1284,202416.0,platt
2024_17_GB_MIN,2024,17,202417,spread,home,0.5966850828729282,-115.0,0.5348837209302325,win,1.0,0.8695652173913043,0.9683544683816836,50.783326412501374,1.0,49.0,0.5000000000000001,1284,0.5112557945584734,1284,202416.0,platt
2024_17_GB_MIN,2024,17,202417,total,over,0.4986187845303867,-110.0,0.5238095238095238,win,1.0,0.9090909090909092,0.9683544683816836,50.783326412501374,1.0,49.0,0.5,1310,0.4995515270595197,1310,202416.0,platt
2024_17_GB_MIN,2024,17,202417,total,under,0.5013812154696133,-110.0,0.5238095238095238,loss,0.0,-1.0,0.9683544683816836,50.783326412501374,1.0,49.0,0.5,1310,0.5004484729404803,1310,202416.0,platt
2024_17_IND_NYG,2024,17,202417,spread,away,0.3066298342541437,-112.0,0.5283018867924528,loss,0.0,-1.0,-2.475973895907921,42.15208028211917,7.5,40.5,0.4318181818181818,1284,0.47656537693697515,1284,202416.0,platt
2024_17_IND_NYG,2024,17,202417,spread,home,0.6933701657458563,-108.0,0.5192307692307693,win,1.0,0.925925925925926,-2.475973895907921,42.15208028211917,7.5,40.5,0.5681818181818182,1284,0.5234346230630249,1284,202416.0,platt
2024_17_IND_NYG,2024,17,202417,total,over,0.4972375690607735,-108.0,0.5192307692307693,win,1.0,0.925925925925926,-2.475973895907921,42.15208028211917,7.5,40.5,0.4849785407725321,1310,0.49910304799590727,1310,202416.0,platt
2024_17_IND_NYG,2024,17,202417,total,under,0.5027624309392265,-112.0,0.5283018867924528,loss,0.0,-1.0,-2.475973895907921,42.15208028211917,7.5,40.5,0.5150214592274678,1310,0.5008969520040928,1310,202416.0,platt
2024_17_KC_PIT,2024,17,202417,spread,away,0.6201657458563536,-105.0,0.5121951219512195,win,1.0,0.9523809523809524,-6.947007299850995,43.97459938440935,3.0,43.5,0.5060240963855421,1284,0.5140874205363759,1284,202416.0,platt
2024_17_KC_PIT,2024,17,202417,spread,home,0.3798342541436464,-115.0,0.5348837209302325,loss,0.0,-1.0,-6.947007299850995,43.97459938440935,3.0,43.5,0.4939759036144578,1284,0.48591257946362404,1284,202416.0,platt
2024_17_KC_PIT,2024,17,202417,total,over,0.4640883977900552,-110.0,0.5238095238095238,loss,0.0,-1.0,-6.947007299850995,43.97459938440935,3.0,43.5,0.4849785407725321,1310,0.48832174197282413,1310,202416.0,platt
2024_17_KC_PIT,2024,17,202417,total,under,0.5359116022099448,-110.0,0.5238095238095238,win,1.0,0.9090909090909092,-6.947007299850995,43.97459938440935,3.0,43.5,0.5150214592274678,1310,0.5116782580271758,1310,202416.0,platt
2024_17_LAC_NE,2024,17,202417,spread,away,0.2196132596685083,-118.0,0.5412844036697247,win,1.0,0.847457627118644,1.771799431714539,44.24563514974463,6.0,42.0,0.4318181818181818,1284,0.4636209366977586,1284,202416.0,platt
2024_17_LAC_NE,2024,17,202417,spread,home,0.7803867403314917,-102.0,0.504950495049505,loss,0.0,-1.0,1.771799431714539,44.24563514974463,6.0,42.0,0.5681818181818182,1284,0.5363790633022414,1284,202416.0,platt
2024_17_LAC_NE,2024,17,202417,total,over,0.511049723756906,-112.0,0.5283018867924528,win,1.0,0.8928571428571429,1.771799431714539,44.24563514974463,6.0,42.0,0.5150214592274678,1310,0.5035882979983586,1310,202416.0,platt
2024_17_LAC_NE,2024,17,202417,total,under,0.4889502762430939,-108.0,0.5192307692307693,loss,0.0,-1.0,1.771799431714539,44.24563514974463,6.0,42.0,0.4849785407725321,1310,0.4964117020016415,1310,202416.0,platt
2024_17_LV_NO,2024,17,202417,spread,away,0.3853591160220995,-110.0,0.5238095238095238,win,1.0,0.9090909090909092,0.4013751744933147,40.7030793102229,2.0,37.5,0.4939759036144578,1284,0.48658434169576026,1284,202416.0,platt
2024_17_LV_NO,2024,17,202417,spread,home,0.6146408839779005,-110.0,0.5238095238095238,loss,0.0,-1.0,0.4013751744933147,40.7030793102229,2.0,37.5,0.5060240963855421,1284,0.5134156583042397,1284,202416.0,platt
2024_17_LV_NO,2024,17,202417,total,over,0.5455801104972375,-108.0,0.5192307692307693,loss,0.0,-1.0,0.4013751744933147,40.7030793102229,2.0,37.5,0.5150214592274678,1310,0.5148364180472332,1310,202416.0,platt
2024_17_LV_NO,2024,17,202417,total,under,0.4544198895027624,-112.0,0.5283018867924528,win,1.0,0.8928571428571429,0.4013751744933147,40.7030793102229,2.0,37.5,0.4849785407725321,1310,0.4851635819527668,1310,202416.0,platt
2024_17_MIA_CLE,2024,17,202417,spread,away,0.6160220994475138,-115.0,0.5348837209302325,win,1.0,0.8695652173913043,-6.571379399562218,32.56182536234975,3.0,32.5,0.5060240963855421,1284,0.5135832592901324,1284,202416.0,platt
2024_17_MIA_CLE,2024,17,202417,spread,home,0.3839779005524862,-105.0,0.5121951219512195,loss,0.0,-1.0,-6.571379399562218,32.56182536234975,3.0,32.5,0.4939759036144578,1284,0.48641674070986757,1284,202416.0,platt
2024_17_MIA_CLE,2024,17,202417,total,over,0.4502762430939226,-108.0,0.5192307692307693,loss,0.0,-1.0,-6.571379399562218,32.56182536234975,3.0,32.5,0.4849785407725321,1310,0.4838071339791746,1310,202416.0,platt
2024_17_MIA_CLE,2024,17,202417,total,under,0.5497237569060773,-112.0,0.5283018867924528,win,1.0,0.8928571428571429,-6.571379399562218,32.56182536234975,3.0,32.5,0.5150214592274678,1310,0.5161928660208255,1310,202416.0,platt
2024_17_NYJ_BUF,2024,17,202417,spread,away,0.4972375690607734,-105.0,0.5121951219512195,loss,0.0,-1.0,9.275384164594442,49.25452650808302,-10.0,44.5,0.5000000000000001,1284,0.49968239814561605,1284,202416.0,platt
2024_17_NYJ_BUF,2024,17,202417,spread,home,0.5027624309392266,-115.0,0.5348837209302325,win,1.0,0.8695652173913043,9.275384164594442,49.25452650808302,-10.0,44.5,0.5000000000000001,1284,0.5003176018543839,1284,202416.0,platt
2024_17_NYJ_BUF,2024,17,202417,total,over,0.6049723756906077,-108.0,0.5192307692307693,win,1.0,0.925925925925926,9.275384164594442,49.25452650808302,-10.0,44.5,0.5549450549450551,1310,0.5345431949766377,1310,202416.0,platt
2024_17_NYJ_BUF,2024,17,202417,total,under,0.3950276243093923,-112.0,0.5283018867924528,loss,0.0,-1.0,9.275384164594442,49.25452650808302,-10.0,44.5,0.445054945054945,1310,0.46545680502336234,1310,202416.0,platt
2024_17_SEA_CHI,2024,17,202417,spread,away,0.3535911602209944,-118.0,0.5412844036697247,loss,0.0,-1.0,-0.0348825033775308,45.201383362776944,3.5,43.5,0.4888888888888889,1284,0.4826667530843482,1284,202416.0,platt
2024_17_SEA_CHI,2024,17,202417,spread,home,0.6464088397790055,-102.0,0.504950495049505,win,1.0,0.9803921568627452,-0.0348825033775308,45.201383362776944,3.5,43.5,0.5111111111111111,1284,0.5173332469156519,1284,202416.0,platt
2024_17_SEA_CHI,2024,17,202417,total,over,0.4972375690607735,-108.0,0.5192307692307693,loss,0.0,-1.0,-0.0348825033775308,45.201383362776944,3.5,43.5,0.4849785407725321,1310,0.49910304799590727,1310,202416.0,platt
2024_17_SEA_CHI,2024,17,202417,total,under,0.5027624309392265,-112.0,0.5283018867924528,win,1.0,0.8928571428571429,-0.0348825033775308,45.201383362776944,3.5,43.5,0.5150214592274678,1310,0.5008969520040928,1310,202416.0,platt
2024_17_TEN_JAX,2024,17,202417,spread,away,0.4488950276243094,-105.0,0.5121951219512195,loss,0.0,-1.0,-0.1237543346815681,42.48473273748453,1.0,38.0,0.5000000000000001,1284,0.49410410830058527,1284,202416.0,platt
2024_17_TEN_JAX,2024,17,202417,spread,home,0.5511049723756906,-115.0,0.5348837209302325,win,1.0,0.8695652173913043,-0.1237543346815681,42.48473273748453,1.0,38.0,0.5000000000000001,1284,0.5058958916994147,1284,202416.0,platt
2024_17_TEN_JAX,2024,17,202417,total,over,0.5966850828729282,-110.0,0.5238095238095238,loss,0.0,-1.0,-0.1237543346815681,42.48473273748453,1.0,38.0,0.5549450549450551,1310,0.5317505569680893,1310,202416.0,platt
2024_17_TEN_JAX,2024,17,202417,total,under,0.4033149171270718,-110.0,0.5238095238095238,win,1.0,0.9090909090909092,-0.1237543346815681,42.48473273748453,1.0,38.0,0.445054945054945,1310,0.46824944303191074,1310,202416.0,platt
2024_18_CAR_ATL,2024,18,202418,spread,away,0.2949932341001353,-105.0,0.5121951219512195,win,1.0,0.9523809523809524,12.896305074957327,47.53671704204747,-7.5,48.5,0.4296296296296296,1314,0.4666208091903295,1314,202417.0,platt
2024_18_CAR_ATL,2024,18,202418,spread,home,0.7050067658998647,-115.0,0.5348837209302325,loss,0.0,-1.0,12.896305074957327,47.53671704204747,-7.5,48.5,0.5703703703703704,1314,0.5333791908096704,1314,202417.0,platt
2024_18_CAR_ATL,2024,18,202418,total,over,0.4073071718538565,-112.0,0.5283018867924528,win,1.0,0.8928571428571429,12.896305074957327,47.53671704204747,-7.5,48.5,0.4486486486486487,1340,0.47101748169609586,1340,202417.0,platt
2024_18_CAR_ATL,2024,18,202418,total,under,0.5926928281461434,-108.0,0.5192307692307693,loss,0.0,-1.0,12.896305074957327,47.53671704204747,-7.5,48.5,0.5513513513513514,1340,0.5289825183039041,1340,202417.0,platt
2024_18_CHI_GB,2024,18,202418,spread,away,0.564276048714479,-115.0,0.5348837209302325,win,1.0,0.8695652173913043,7.840239803228336,33.60151579833142,-10.0,41.5,0.5014245014245015,1314,0.5099183351431504,1314,202417.0,platt
2024_18_CHI_GB,2024,18,202418,spread,home,0.435723951285521,-105.0,0.5121951219512195,loss,0.0,-1.0,7.840239803228336,33.60151579833142,-10.0,41.5,0.4985754985754986,1314,0.49008166485684956,1314,202417.0,platt
2024_18_CHI_GB,2024,18,202418,total,over,0.2354533152909337,-112.0,0.5283018867924528,win,1.0,0.8928571428571429,7.840239803228336,33.60151579833142,-10.0,41.5,0.3846153846153846,1340,0.4098931586589154,1340,202417.0,platt
2024_18_CHI_GB,2024,18,202418,total,under,0.7645466847090663,-108.0,0.5192307692307693,loss,0.0,-1.0,7.840239803228336,33.60151579833142,-10.0,41.5,0.6153846153846154,1340,0.5901068413410846,1340,202417.0,platt
2024_18_CIN_PIT,2024,18,202418,spread,away,0.6400541271989175,-118.0,0.5412844036697247,loss,0.0,-1.0,-7.08898077140058,44.73730136049624,2.5,48.5,0.5223880597014925,1314,0.5220706303269056,1314,202417.0,platt
2024_18_CIN_PIT,2024,18,202418,spread,home,0.3599458728010825,-102.0,0.504950495049505,win,1.0,0.9803921568627452,-7.08898077140058,44.73730136049624,2.5,48.5,0.4776119402985074,1314,0.47792936967309446,1314,202417.0,platt
2024_18_CIN_PIT,2024,18,202418,total,over,0.3288227334235453,-108.0,0.5192307692307693,loss,0.0,-1.0,-7.08898077140058,44.73730136049624,2.5,48.5,0.4486486486486487,1340,0.4450319792053968,1340,202417.0,platt
2024_18_CIN_PIT,2024,18,202418,total,under,0.6711772665764546,-112.0,0.5283018867924528,win,1.0,0.8928571428571429,-7.08898077140058,44.73730136049624,2.5,48.5,0.5513513513513514,1340,0.5549680207946031,1340,202417.0,platt
2024_18_CLE_BAL,2024,18,202418,spread,away,0.5142083897158323,-105.0,0.5121951219512195,loss,0.0,-1.0,18.579711994202626,44.02907650787469,-19.5,42.5,0.5014245014245015,1314,0.5021812025099532,1314,202417.0,platt
2024_18_CLE_BAL,2024,18,202418,spread,home,0.4857916102841678,-115.0,0.5348837209302325,win,1.0,0.8695652173913043,18.579711994202626,44.02907650787469,-19.5,42.5,0.4985754985754986,1314,0.49781879749004676,1314,202417.0,platt
2024_18_CLE_BAL,2024,18,202418,total,over,0.4925575101488498,-112.0,0.5283018867924528,win,1.0,0.8928571428571429,18.579711994202626,44.02907650787469,-19.5,42.5,0.4833333333333333,1340,0.49769710887866775,1340,202417.0,platt
2024_18_CLE_BAL,2024,18,202418,total,under,0.5074424898511503,-108.0,0.5192307692307693,loss,0.0,-1.0,18.579711994202626,44.02907650787469,-19.5,42.5,0.5166666666666666,1340,0.5023028911213323,1340,202417.0,platt
2024_18_HOU_TEN,2024,18,202418,spread,away,0.530446549391069,-108.0,0.5192307692307693,win,1.0,0.925925925925926,1.2707002707062791,42.15539676975724,-2.5,36.5,0.5014245014245015,1314,0.5046784284894595,1314,202417.0,platt
2024_18_HOU_TEN,2024,18,202418,spread,home,0.469553450608931,-112.0,0.5283018867924528,loss,0.0,-1.0,1.2707002707062791,42.15539676975724,-2.5,36.5,0.4985754985754986,1314,0.4953215715105404,1314,202417.0,platt
2024_18_HOU_TEN,2024,18,202418,total,over,0.6359945872801083,-112.0,0.5283018867924528,win,1.0,0.8928571428571429,1.2707002707062791,42.15539676975724,-2.5,36.5,0.5513513513513514,1340,0.5430566242440336,1340,202417.0,platt
2024_18_HOU_TEN,2024,18,202418,total,under,0.3640054127198917,-108.0,0.5192307692307693,loss,0.0,-1.0,1.2707002707062791,42.15539676975724,-2.5,36.5,0.4486486486486487,1340,0.4569433757559665,1340,202417.0,platt
2024_18_JAX_IND,2024,18,202418,spread,away,0.5345060893098782,-110.0,0.5238095238095238,win,1.0,0.9090909090909092,2.113674474263985,48.12351559116608,-3.5,45.5,0.5014245014245015,1314,0.5053040460870714,1314,202417.0,platt
2024_18_JAX_IND,2024,18,202418,spread,home,0.4654939106901218,-110.0,0.5238095238095238,loss,0.0,-1.0,2.113674474263985,48.12351559116608,-3.5,45.5,0.4985754985754986,1314,0.4946959539129286,1314,202417.0,platt
2024_18_JAX_IND,2024,18,202418,total,over,0.5196211096075778,-110.0,0.5238095238095238,win,1.0,0.9090909090909092,2.113674474263985,48.12351559116608,-3.5,45.5,0.5166666666666666,1340,0.5060736733139,1340,202417.0,platt
2024_18_JAX_IND,2024,18,202418,total,under,0.4803788903924222,-105.0,0.5121951219512195,loss,0.0,-1.0,2.113674474263985,48.12351559116608,-3.5,45.5,0.4833333333333333,1340,0.4939263266860999,1340,202417.0,platt
2024_18_KC_DEN,2024,18,202418,spread,away,0.86468200270636,-115.0,0.5348837209302325,loss,0.0,-1.0,-3.4094092504878915,39.73362132856201,-10.5,40.5,0.6469927270261591,1314,0.5706870592384716,1314,202417.0,platt
2024_18_KC_DEN,2024,18,202418,spread,home,0.13531799729364,-105.0,0.5121951219512195,win,1.0,0.9523809523809524,-3.4094092504878915,39.73362132856201,-10.5,40.5,0.3530072729738411,1314,0.42931294076152837,1314,202417.0,platt
2024_18_KC_DEN,2024,18,202418,total,over,0.4140730717185386,-105.0,0.5121951219512195,loss,0.0,-1.0,-3.4094092504878915,39.73362132856201,-10.5,40.5,0.4486486486486487,1340,0.4731731702128912,1340,202417.0,platt
2024_18_KC_DEN,2024,18,202418,total,under,0.5859269282814614,-115.0,0.5348837209302325,win,1.0,0.8695652173913043,-3.4094092504878915,39.73362132856201,-10.5,40.5,0.5513513513513514,1340,0.5268268297871088,1340,202417.0,platt
2024_18_LAC_LV,2024,18,202418,spread,away,0.2611637347767253,-118.0,0.5412844036697247,win,1.0,0.847457627118644,-0.6386522081600237,45.051062078269766,7.0,42.5,0.4296296296296296,1314,0.4601837808312448,1314,202417.0,platt
2024_18_LAC_LV,2024,18,202418,spread,home,0.7388362652232747,-102.0,0.504950495049505,loss,0.0,-1.0,-0.6386522081600237,45.051062078269766,7.0,42.5,0.5703703703703704,1314,0.5398162191687552,1314,202417.0,platt
2024_18_LAC_LV,2024,18,202418,total,over,0.516914749661705,-108.0,0.5192307692307693,win,1.0,0.925925925925926,-0.6386522081600237,45.051062078269766,7.0,42.5,0.5166666666666666,1340,0.5052353004026212,1340,202417.0,platt
2024_18_LAC_LV,2024,18,202418,total,under,0.4830852503382949,-112.0,0.5283018867924528,loss,0.0,-1.0,-0.6386522081600237,45.051062078269766,7.0,42.5,0.4833333333333333,1340,0.49476469959737873,1340,202417.0,platt
2024_18_MIA_NYJ,2024,18,202418,spread,away,0.6062246278755075,-110.0,0.5238095238095238,loss,0.0,-1.0,-1.7405689359421603,40.957394868575015,-1.5,39.5,0.5223880597014925,1314,0.5165488896932036,1314,202417.0,platt
2024_18_MIA_NYJ,2024,18,202418,spread,home,0.3937753721244925,-110.0,0.5238095238095238,win,1.0,0.9090909090909092,-1.7405689359421603,40.957394868575015,-1.5,39.5,0.4776119402985074,1314,0.48345111030679644,1314,202417.0,platt
2024_18_MIA_NYJ,2024,18,202418,total,over,0.489851150202977,-108.0,0.5192307692307693,win,1.0,0.925925925925926,-1.7405689359421603,40.957394868575015,-1.5,39.5,0.4833333333333333,1340,0.49685951361602887,1340,202417.0,platt
2024_18_MIA_NYJ,2024,18,202418,total,under,0.510148849797023,-112.0,0.5283018867924528,loss,0.0,-1.0,-1.7405689359421603,40.957394868575015,-1.5,39.5,0.5166666666666666,1340,0.503140486383971,1340,202417.0,platt
2024_18_MIN_DET,2024,18,202418,spread,away,0.4100135317997293,-118.0,0.5412844036697247,loss,0.0,-1.0,4.771997065159142,55.40802283012308,-3.0,56.5,0.4985754985754986,1314,0.48604090063521793,1314,202417.0,platt
2024_18_MIN_DET,2024,18,202418,spread,home,0.5899864682002707,-102.0,0.504950495049505,win,1.0,0.9803921568627452,4.771997065159142,55.40802283012308,-3.0,56.5,0.5014245014245015,1314,0.513959099364782,1314,202417.0,platt
2024_18_MIN_DET,2024,18,202418,total,over,0.4059539918809202,-118.0,0.5412844036697247,loss,0.0,-1.0,4.771997065159142,55.40802283012308,-3.0,56.5,0.4486486486486487,1340,0.47058515383655625,1340,202417.0,platt
2024_18_MIN_DET,2024,18,202418,total,under,0.5940460081190798,-102.0,0.504950495049505,win,1.0,0.9803921568627452,4.771997065159142,55.40802283012308,-3.0,56.5,0.5513513513513514,1340,0.5294148461634438,1340,202417.0,platt
2024_18_NO_TB,2024,18,202418,spread,away,0.5520974289580514,-102.0,0.504950495049505,win,1.0,0.9803921568627452,12.556367301954314,41.54641872200887,-14.5,44.5,0.5014245014245015,1314,0.508024076103485,1314,202417.0,platt
2024_18_NO_TB,2024,18,202418,spread,home,0.4479025710419486,-118.0,0.5412844036697247,loss,0.0,-1.0,12.556367301954314,41.54641872200887,-14.5,44.5,0.4985754985754986,1314,0.491975923896515,1314,202417.0,platt
2024_18_NO_TB,2024,18,202418,total,over,0.3518267929634641,-108.0,0.5192307692307693,win,1.0,0.925925925925926,12.556367301954314,41.54641872200887,-14.5,44.5,0.4486486486486487,1340,0.4528773134264282,1340,202417.0,platt
2024_18_NO_TB,2024,18,202418,total,under,0.6481732070365358,-112.0,0.5283018867924528,loss,0.0,-1.0,12.556367301954314,41.54641872200887,-14.5,44.5,0.5513513513513514,1340,0.5471226865735719,1340,202417.0,platt
2024_18_SEA_LA,2024,18,202418,spread,away,0.1190798376184032,-110.0,0.5238095238095238,loss,0.0,-1.0,6.11381735106445,46.1964544712646,7.5,38.5,0.2380137204784181,1314,0.4238155482986752,1314,202417.0,platt
2024_18_SEA_LA,2024,18,202418,spread,home,0.8809201623815968,-110.0,0.5238095238095238,win,1.0,0.9090909090909092,6.11381735106445,46.1964544712646,7.5,38.5,0.7619862795215819,1314,0.5761844517013247,1314,202417.0,platt
2024_18_SEA_LA,2024,18,202418,total,over,0.7009472259810555,-108.0,0.5192307692307693,win,1.0,0.925925925925926,6.11381735106445,46.1964544712646,7.5,38.5,0.6153846153846154,1340,0.5655098264618849,1340,202417.0,platt
2024_18_SEA_LA,2024,18,202418,total,under,0.2990527740189445,-112.0,0.5283018867924528,loss,0.0,-1.0,6.11381735106445,46.1964544712646,7.5,38.5,0.3846153846153846,1340,0.43449017353811514,1340,202417.0,platt
2024_18_SF_ARI,2024,18,202418,spread,away,0.5358592692828146,-110.0,0.5238095238095238,loss,0.0,-1.0,3.030521308590264,46.23189066878659,-4.5,42.5,0.5014245014245015,1314,0.5055127341506416,1314,202417.0,platt
2024_18_SF_ARI,2024,18,202418,spread,home,0.4641407307171853,-110.0,0.5238095238095238,win,1.0,0.9090909090909092,3.030521308590264,46.23189066878659,-4.5,42.5,0.4985754985754986,1314,0.4944872658493583,1314,202417.0,platt
2024_18_SF_ARI,2024,18,202418,total,over,0.5588633288227334,-110.0,0.5238095238095238,win,1.0,0.9090909090909092,3.030521308590264,46.23189066878659,-4.5,42.5,0.5513513513513514,1340,0.5182892413745297,1340,202417.0,platt
2024_18_SF_ARI,2024,18,202418,total,under,0.4411366711772666,-110.0,0.5238095238095238,loss,0.0,-1.0,3.030521308590264,46.23189066878659,-4.5,42.5,0.4486486486486487,1340,0.4817107586254703,1340,202417.0,platt
2024_18_WAS_DAL,2024,18,202418,spread,away,0.5331529093369418,-108.0,0.5192307692307693,loss,0.0,-1.0,-8.29117143063354,48.40182727991275,7.0,43.5,0.5014245014245015,1314,0.5050954344891736,1314,202417.0,platt
2024_18_WAS_DAL,2024,18,202418,spread,home,0.4668470906630582,-112.0,0.5283018867924528,win,1.0,0.8928571428571429,-8.29117143063354,48.40182727991275,7.0,43.5,0.4985754985754986,1314,0.4949045655108264,1314,202417.0,platt
2024_18_WAS_DAL,2024,18,202418,total,over,0.6089309878213802,-102.0,0.504950495049505,loss,0.0,-1.0,-8.29117143063354,48.40182727991275,7.0,43.5,0.5513513513513514,1340,0.5341991747379167,1340,202417.0,platt
2024_18_WAS_DAL,2024,18,202418,total,under,0.3910690121786198,-118.0,0.5412844036697247,win,1.0,0.847457627118644,-8.29117143063354,48.40182727991275,7.0,43.5,0.4486486486486487,1340,0.46580082526208333,1340,202417.0,platt
2025_01_ARI_NO,2025,1,202501,spread,away,0.4860557768924303,-108.0,0.5192307692307693,win,1.0,0.925925925925926,-6.225271260052931,45.7343424548257,6.0,44.5,0.4959568733153637,1342,0.498303685938186,1342,202418.0,platt
2025_01_ARI_NO,2025,1,202501,spread,home,0.5139442231075697,-112.0,0.5283018867924528,loss,0.0,-1.0,-6.225271260052931,45.7343424548257,6.0,44.5,0.5040431266846362,1342,0.501696314061814,1342,202418.0,platt
2025_01_ARI_NO,2025,1,202501,total,over,0.4873837981407702,-108.0,0.5192307692307693,loss,0.0,-1.0,-6.225271260052931,45.7343424548257,6.0,44.5,0.4836065573770491,1368,0.49610792195621223,1368,202418.0,platt
2025_01_ARI_NO,2025,1,202501,total,under,0.5126162018592297,-112.0,0.5283018867924528,win,1.0,0.8928571428571429,-6.225271260052931,45.7343424548257,6.0,44.5,0.5163934426229508,1368,0.5038920780437879,1368,202418.0,platt
2025_01_BAL_BUF,2025,1,202501,spread,away,0.5590969455511288,-118.0,0.5412844036697247,loss,0.0,-1.0,-3.592149986206185,55.63895474841697,1.5,50.5,0.5040431266846362,1342,0.5072205536609998,1342,202418.0,platt
2025_01_BAL_BUF,2025,1,202501,spread,home,0.4409030544488712,-102.0,0.504950495049505,win,1.0,0.9803921568627452,-3.592149986206185,55.63895474841697,1.5,50.5,0.4959568733153637,1342,0.4927794463390002,1342,202418.0,platt
2025_01_BAL_BUF,2025,1,202501,total,over,0.6215139442231076,-115.0,0.5348837209302325,win,1.0,0.8695652173913043,-3.592149986206185,55.63895474841697,1.5,50.5,0.5528455284552847,1368,0.5381704316267416,1368,202418.0,platt
2025_01_BAL_BUF,2025,1,202501,total,under,0.3784860557768924,-105.0,0.5121951219512195,loss,0.0,-1.0,-3.592149986206185,55.63895474841697,1.5,50.5,0.4471544715447154,1368,0.46182956837325845,1368,202418.0,platt
2025_01_CAR_JAX,2025,1,202501,spread,away,0.4581673306772909,-110.0,0.5238095238095238,loss,0.0,-1.0,5.037517791212031,49.23485759129715,-4.5,45.5,0.4959568733153637,1342,0.4949006136340024,1342,202418.0,platt
2025_01_CAR_JAX,2025,1,202501,spread,home,0.5418326693227091,-110.0,0.5238095238095238,win,1.0,0.9090909090909092,5.037517791212031,49.23485759129715,-4.5,45.5,0.5040431266846362,1342,0.5050993863659976,1342,202418.0,platt
2025_01_CAR_JAX,2025,1,202501,total,over,0.5617529880478087,-112.0,0.5283018867924528,loss,0.0,-1.0,5.037517791212031,49.23485759129715,-4.5,45.5,0.5528455284552847,1368,0.5191354305152329,1368,202418.0,platt
2025_01_CAR_JAX,2025,1,202501,total,under,0.4382470119521913,-108.0,0.5192307692307693,win,1.0,0.925925925925926,5.037517791212031,49.23485759129715,-4.5,45.5,0.4471544715447154,1368,0.4808645694847671,1368,202418.0,platt
2025_01_CIN_CLE,2025,1,202501,spread,away,0.6401062416998672,-105.0,0.5121951219512195,loss,0.0,-1.0,-10.14028593653094,44.11382282251771,5.5,47.5,0.5161290322580645,1342,0.5175006539050498,1342,202418.0,platt
2025_01_CIN_CLE,2025,1,202501,spread,home,0.3598937583001328,-115.0,0.5348837209302325,win,1.0,0.8695652173913043,-10.14028593653094,44.11382282251771,5.5,47.5,0.4838709677419355,1342,0.4824993460949502,1342,202418.0,platt
2025_01_CIN_CLE,2025,1,202501,total,over,0.3452855245683931,-120.0,0.5454545454545454,loss,0.0,-1.0,-10.14028593653094,44.11382282251771,5.5,47.5,0.4471544715447154,1368,0.45082253771387865,1368,202418.0,platt
2025_01_CIN_CLE,2025,1,202501,total,under,0.6547144754316069,100.0,0.5,win,1.0,1.0,-10.14028593653094,44.11382282251771,5.5,47.5,0.5528455284552847,1368,0.5491774622861214,1368,202418.0,platt
2025_01_DAL_PHI,2025,1,202501,spread,away,0.3665338645418327,-110.0,0.5238095238095238,win,1.0,0.9090909090909092,11.570974463957535,48.28028655981262,-8.5,47.5,0.4838709677419355,1342,0.4833712384594951,1342,202418.0,platt
2025_01_DAL_PHI,2025,1,202501,spread,home,0.6334661354581673,-110.0,0.5238095238095238,loss,0.0,-1.0,11.570974463957535,48.28028655981262,-8.5,47.5,0.5161290322580645,1342,0.516628761540505,1342,202418.0,platt
2025_01_DAL_PHI,2025,1,202501,total,over,0.4794156706507304,-110.0,0.5238095238095238,loss,0.0,-1.0,11.570974463957535,48.28028655981262,-8.5,47.5,0.4836065573770491,1368,0.49364773832047876,1368,202418.0,platt
2025_01_DAL_PHI,2025,1,202501,total,under,0.5205843293492696,-110.0,0.5238095238095238,win,1.0,0.9090909090909092,11.570974463957535,48.28028655981262,-8.5,47.5,0.5163934426229508,1368,0.5063522616795213,1368,202418.0,platt
2025_01_DET_GB,2025,1,202501,spread,away,0.6361221779548473,-115.0,0.5348837209302325,loss,0.0,-1.0,-2.9647692530177583,50.56602225668802,-1.5,48.5,0.5161290322580645,1342,0.5169767109113982,1342,202418.0,platt
2025_01_DET_GB,2025,1,202501,spread,home,0.3638778220451527,-105.0,0.5121951219512195,win,1.0,0.9523809523809524,-2.9647692530177583,50.56602225668802,-1.5,48.5,0.4838709677419355,1342,0.4830232890886019,1342,202418.0,platt
2025_01_DET_GB,2025,1,202501,total,over,0.5086321381142098,-105.0,0.5121951219512195,loss,0.0,-1.0,-2.9647692530177583,50.56602225668802,-1.5,48.5,0.5163934426229508,1368,0.5026627286909505,1368,202418.0,platt
2025_01_DET_GB,2025,1,202501,total,under,0.4913678618857902,-115.0,0.5348837209302325,win,1.0,0.8695652173913043,-2.9647692530177583,50.56602225668802,-1.5,48.5,0.4836065573770491,1368,0.4973372713090495,1368,202418.0,platt
2025_01_HOU_LA,2025,1,202501,spread,away,0.4023904382470119,-118.0,0.5412844036697247,loss,0.0,-1.0,5.524463582865722,46.9383821719135,-3.5,43.5,0.4959568733153637,1342,0.4879768028275581,1342,202418.0,platt
2025_01_HOU_LA,2025,1,202501,spread,home,0.5976095617529881,-102.0,0.504950495049505,win,1.0,0.9803921568627452,5.524463582865722,46.9383821719135,-3.5,43.5,0.5040431266846362,1342,0.5120231971724418,1342,202418.0,platt
2025_01_HOU_LA,2025,1,202501,total,over,0.5524568393094289,-105.0,0.5121951219512195,loss,0.0,-1.0,5.524463582865722,46.9383821719135,-3.5,43.5,0.5163934426229508,1368,0.5162337927419505,1368,202418.0,platt
2025_01_HOU_LA,2025,1,202501,total,under,0.4475431606905711,-115.0,0.5348837209302325,win,1.0,0.8695652173913043,5.524463582865722,46.9383821719135,-3.5,43.5,0.4836065573770491,1368,0.4837662072580496,1368,202418.0,platt
2025_01_KC_LAC,2025,1,202501,spread,away,0.3187250996015937,-120.0,0.5454545454545454,loss,0.0,-1.0,1.775397473039147,47.91189863325132,3.0,47.5,0.4420289855072464,1342,0.4769198672318757,1342,202418.0,platt
2025_01_KC_LAC,2025,1,202501,spread,home,0.6812749003984063,100.0,0.5,win,1.0,1.0,1.775397473039147,47.91189863325132,3.0,47.5,0.5579710144927537,1342,0.5230801327681244,1342,202418.0,platt
2025_01_KC_LAC,2025,1,202501,total,over,0.4674634794156706,-110.0,0.5238095238095238,win,1.0,0.9090909090909092,1.775397473039147,47.91189863325132,3.0,47.5,0.4836065573770491,1368,0.4899516152814032,1368,202418.0,platt
2025_01_KC_LAC,2025,1,202501,total,under,0.5325365205843293,-110.0,0.5238095238095238,loss,0.0,-1.0,1.775397473039147,47.91189863325132,3.0,47.5,0.5163934426229508,1368,0.5100483847185967,1368,202418.0,platt
2025_01_LV_NE,2025,1,202501,spread,away,0.5511288180610889,100.0,0.5,win,1.0,1.0,0.6086795569326187,43.77937137745285,-2.5,44.5,0.5040431266846362,1342,0.5062397161832388,1342,202418.0,platt
2025_01_LV_NE,2025,1,202501,spread,home,0.448871181938911,-120.0,0.5454545454545454,loss,0.0,-1.0,0.6086795569326187,43.77937137745285,-2.5,44.5,0.4959568733153637,1342,0.4937602838167611,1342,202418.0,platt
2025_01_LV_NE,2025,1,202501,total,over,0.4183266932270916,-105.0,0.5121951219512195,loss,0.0,-1.0,0.6086795569326187,43.77937137745285,-2.5,44.5,0.4471544715447154,1368,0.47460292227482936,1368,202418.0,platt
2025_01_LV_NE,2025,1,202501,total,under,0.5816733067729083,-115.0,0.5348837209302325,win,1.0,0.8695652173913043,0.6086795569326187,43.77937137745285,-2.5,44.5,0.5528455284552847,1368,0.5253970777251706,1368,202418.0,platt
2025_01_MIA_IND,2025,1,202501,spread,away,0.6640106241699868,-118.0,0.5412844036697247,loss,0.0,-1.0,-3.661576323142248,47.49077135012406,-1.5,47.5,0.5579710144927537,1342,0.5207004206679526,1342,202418.0,platt
2025_01_MIA_IND,2025,1,202501,spread,home,0.3359893758300132,-102.0,0.504950495049505,win,1.0,0.9803921568627452,-3.661576323142248,47.49077135012406,-1.5,47.5,0.4420289855072464,1342,0.47929957933204725,1342,202418.0,platt
2025_01_MIA_IND,2025,1,202501,total,over,0.450199203187251,100.0,0.5,loss,0.0,-1.0,-3.661576323142248,47.49077135012406,-1.5,47.5,0.4836065573770491,1368,0.4845932646532428,1368,202418.0,platt
2025_01_MIA_IND,2025,1,202501,total,under,0.549800796812749,-120.0,0.5454545454545454,win,1.0,0.8333333333333334,-3.661576323142248,47.49077135012406,-1.5,47.5,0.5163934426229508,1368,0.5154067353467572,1368,202418.0,platt
2025_01_NYG_WAS,2025,1,202501,spread,away,0.3067729083665338,-108.0,0.5192307692307693,loss,0.0,-1.0,11.049602564288175,49.05105194617079,-6.0,45.5,0.4420289855072464,1342,0.4752328436824196,1342,202418.0,platt
2025_01_NYG_WAS,2025,1,202501,spread,home,0.6932270916334662,-112.0,0.5283018867924528,win,1.0,0.8928571428571429,11.049602564288175,49.05105194617079,-6.0,45.5,0.5579710144927537,1342,0.5247671563175804,1342,202418.0,platt
2025_01_NYG_WAS,2025,1,202501,total,over,0.5551128818061088,-110.0,0.5238095238095238,loss,0.0,-1.0,11.049602564288175,49.05105194617079,-6.0,45.5,0.5163934426229508,1368,0.5170616937248929,1368,202418.0,platt
2025_01_NYG_WAS,2025,1,202501,total,under,0.4448871181938911,-110.0,0.5238095238095238,win,1.0,0.9090909090909092,11.049602564288175,49.05105194617079,-6.0,45.5,0.4836065573770491,1368,0.4829383062751072,1368,202418.0,platt
2025_01_PIT_NYJ,2025,1,202501,spread,away,0.3041168658698538,-110.0,0.5238095238095238,loss,0.0,-1.0,2.163385558058941,43.875672331862376,3.0,37.5,0.4420289855072464,1342,0.47485313098868615,1342,202418.0,platt
2025_01_PIT_NYJ,2025,1,202501,spread,home,0.6958831341301461,-110.0,0.5238095238095238,win,1.0,0.9090909090909092,2.163385558058941,43.875672331862376,3.0,37.5,0.5579710144927537,1342,0.5251468690113139,1342,202418.0,platt
2025_01_PIT_NYJ,2025,1,202501,total,over,0.6547144754316069,-112.0,0.5283018867924528,win,1.0,0.8928571428571429,2.163385558058941,43.875672331862376,3.0,37.5,0.5528455284552847,1368,0.5491774622861214,1368,202418.0,platt
2025_01_PIT_NYJ,2025,1,202501,total,under,0.3452855245683931,-108.0,0.5192307692307693,loss,0.0,-1.0,2.163385558058941,43.875672331862376,3.0,37.5,0.4471544715447154,1368,0.45082253771387865,1368,202418.0,platt
2025_01_SF_SEA,2025,1,202501,spread,away,0.3784860557768924,-105.0,0.5121951219512195,win,1.0,0.9523809523809524,0.0964614053390187,47.71795867920781,2.5,43.5,0.4838709677419355,1342,0.48492446555060603,1342,202418.0,platt
2025_01_SF_SEA,2025,1,202501,spread,home,0.6215139442231076,-115.0,0.5348837209302325,loss,0.0,-1.0,0.0964614053390187,47.71795867920781,2.5,43.5,0.5161290322580645,1342,0.515075534449394,1342,202418.0,platt
2025_01_SF_SEA,2025,1,202501,total,over,0.5883134130146083,-108.0,0.5192307692307693,loss,0.0,-1.0,0.0964614053390187,47.71795867920781,2.5,43.5,0.5528455284552847,1368,0.5275002184696478,1368,202418.0,platt
2025_01_SF_SEA,2025,1,202501,total,under,0.4116865869853917,-112.0,0.5283018867924528,win,1.0,0.8928571428571429,0.0964614053390187,47.71795867920781,2.5,43.5,0.4471544715447154,1368,0.47249978153035216,1368,202418.0,platt
2025_01_TB_ATL,2025,1,202501,spread,away,0.5405046480743692,-102.0,0.504950495049505,win,1.0,0.9803921568627452,-3.1711324014768394,53.84299875304937,1.5,47.5,0.5040431266846362,1342,0.5049367877635469,1342,202418.0,platt
2025_01_TB_ATL,2025,1,202501,spread,home,0.4594953519256308,-118.0,0.5412844036697247,loss,0.0,-1.0,-3.1711324014768394,53.84299875304937,1.5,47.5,0.4959568733153637,1342,0.49506321223645317,1342,202418.0,platt
2025_01_TB_ATL,2025,1,202501,total,over,0.6547144754316069,-115.0,0.5348837209302325,loss,0.0,-1.0,-3.1711324014768394,53.84299875304937,1.5,47.5,0.5528455284552847,1368,0.5491774622861214,1368,202418.0,platt
2025_01_TB_ATL,2025,1,202501,total,under,0.3452855245683931,-105.0,0.5121951219512195,win,1.0,0.9523809523809524,-3.1711324014768394,53.84299875304937,1.5,47.5,0.4471544715447154,1368,0.45082253771387865,1368,202418.0,platt
2025_02_BUF_NYJ,2025,2,202502,spread,away,0.4876140808344198,-112.0,0.5283018867924528,win,1.0,0.8928571428571429,-6.242546046613978,49.46070147054011,6.0,47.5,0.5,1370,0.4985009567440296,1370,202501.0,platt
2025_02_BUF_NYJ,2025,2,202502,spread,home,0.5123859191655802,-108.0,0.5192307692307693,loss,0.0,-1.0,-6.242546046613978,49.46070147054011,6.0,47.5,0.5,1370,0.5014990432559705,1370,202501.0,platt
2025_02_BUF_NYJ,2025,2,202502,total,over,0.5019556714471969,-110.0,0.5238095238095238,loss,0.0,-1.0,-6.242546046613978,49.46070147054011,6.0,47.5,0.5139442231075697,1396,0.5006126574584764,1396,202501.0,platt
2025_02_BUF_NYJ,2025,2,202502,total,under,0.4980443285528031,-110.0,0.5238095238095238,win,1.0,0.9090909090909092,-6.242546046613978,49.46070147054011,6.0,47.5,0.4860557768924303,1396,0.49938734254152367,1396,202501.0,platt
2025_02_CAR_ARI,2025,2,202502,spread,away,0.3246414602346805,-110.0,0.5238095238095238,win,1.0,0.9090909090909092,11.526999570975912,51.75313004531753,-7.0,45.5,0.4366197183098591,1370,0.4778550328103732,1370,202501.0,platt
2025_02_CAR_ARI,2025,2,202502,spread,home,0.6753585397653195,-110.0,0.5238095238095238,loss,0.0,-1.0,11.526999570975912,51.75313004531753,-7.0,45.5,0.5633802816901409,1370,0.5221449671896268,1370,202501.0,platt
2025_02_CAR_ARI,2025,2,202502,total,over,0.6466753585397653,-110.0,0.5238095238095238,win,1.0,0.9090909090909092,11.526999570975912,51.75313004531753,-7.0,45.5,0.5531914893617021,1396,0.5471987327009862,1396,202501.0,platt
2025_02_CAR_ARI,2025,2,202502,total,under,0.3533246414602347,-110.0,0.5238095238095238,loss,0.0,-1.0,11.526999570975912,51.75313004531753,-7.0,45.5,0.4468085106382978,1396,0.45280126729901377,1396,202501.0,platt
2025_02_CHI_DET,2025,2,202502,spread,away,0.2477183833116036,-110.0,0.5238095238095238,loss,0.0,-1.0,13.04020198010918,49.75378415524157,-6.0,46.5,0.4366197183098591,1370,0.4664472448938666,1370,202501.0,platt
2025_02_CHI_DET,2025,2,202502,spread,home,0.7522816166883963,-110.0,0.5238095238095238,win,1.0,0.9090909090909092,13.04020198010918,49.75378415524157,-6.0,46.5,0.5633802816901409,1370,0.5335527551061335,1370,202501.0,platt
2025_02_CHI_DET,2025,2,202502,total,over,0.5423728813559322,-108.0,0.5192307692307693,win,1.0,0.925925925925926,13.04020198010918,49.75378415524157,-6.0,46.5,0.5139442231075697,1396,0.5133029589540907,1396,202501.0,platt
2025_02_CHI_DET,2025,2,202502,total,under,0.4576271186440678,-112.0,0.5283018867924528,loss,0.0,-1.0,13.04020198010918,49.75378415524157,-6.0,46.5,0.4860557768924303,1396,0.4866970410459093,1396,202501.0,platt
2025_02_CLE_BAL,2025,2,202502,spread,away,0.2933507170795306,-105.0,0.5121951219512195,loss,0.0,-1.0,17.876376578570262,49.50311965794956,-12.5,46.5,0.4366197183098591,1370,0.47342949859468747,1370,202501.0,platt
2025_02_CLE_BAL,2025,2,202502,spread,home,0.7066492829204694,-115.0,0.5348837209302325,win,1.0,0.8695652173913043,17.876376578570262,49.50311965794956,-12.5,46.5,0.5633802816901409,1370,0.5265705014053126,1370,202501.0,platt
2025_02_CLE_BAL,2025,2,202502,total,over,0.5384615384615384,-110.0,0.5238095238095238,win,1.0,0.9090909090909092,17.876376578570262,49.50311965794956,-12.5,46.5,0.5139442231075697,1396,0.512070378775782,1396,202501.0,platt
2025_02_CLE_BAL,2025,2,202502,total,under,0.4615384615384615,-110.0,0.5238095238095238,loss,0.0,-1.0,17.876376578570262,49.50311965794956,-12.5,46.5,0.4860557768924303,1396,0.4879296212242179,1396,202501.0,platt
2025_02_DEN_IND,2025,2,202502,spread,away,0.4810951760104303,-105.0,0.5121951219512195,loss,0.0,-1.0,-2.549961854550096,47.43769652654468,2.5,43.5,0.4949290060851927,1370,0.4977113728164063,1370,202501.0,platt
2025_02_DEN_IND,2025,2,202502,spread,home,0.5189048239895697,-115.0,0.5348837209302325,win,1.0,0.8695652173913043,-2.549961854550096,47.43769652654468,2.5,43.5,0.5050709939148073,1370,0.5022886271835936,1370,202501.0,platt
2025_02_DEN_IND,2025,2,202502,total,over,0.5658409387222947,-108.0,0.5192307692307693,win,1.0,0.925925925925926,-2.549961854550096,47.43769652654468,2.5,43.5,0.5531914893617021,1396,0.5207346167910747,1396,202501.0,platt
2025_02_DEN_IND,2025,2,202502,total,under,0.4341590612777053,-112.0,0.5283018867924528,loss,0.0,-1.0,-2.549961854550096,47.43769652654468,2.5,43.5,0.4468085106382978,1396,0.47926538320892537,1396,202501.0,platt
2025_02_JAX_CIN,2025,2,202502,spread,away,0.408083441981747,-115.0,0.5348837209302325,loss,0.0,-1.0,5.251030050709905,48.57251283194537,-3.5,49.5,0.4949290060851927,1370,0.4887517677235921,1370,202501.0,platt
2025_02_JAX_CIN,2025,2,202502,spread,home,0.5919165580182529,-105.0,0.5121951219512195,win,1.0,0.9523809523809524,5.251030050709905,48.57251283194537,-3.5,49.5,0.5050709939148073,1370,0.5112482322764079,1370,202501.0,platt
2025_02_JAX_CIN,2025,2,202502,total,over,0.4067796610169492,-105.0,0.5121951219512195,win,1.0,0.9523809523809524,5.251030050709905,48.57251283194537,-3.5,49.5,0.4468085106382978,1396,0.47048554131991155,1396,202501.0,platt
2025_02_JAX_CIN,2025,2,202502,total,under,0.5932203389830508,-115.0,0.5348837209302325,loss,0.0,-1.0,5.251030050709905,48.57251283194537,-3.5,49.5,0.5531914893617021,1396,0.5295144586800885,1396,202501.0,platt
2025_02_LAC_LV,2025,2,202502,spread,away,0.4876140808344198,-105.0,0.5121951219512195,win,1.0,0.9523809523809524,-3.780491448460241,45.46673863500703,3.5,46.5,0.5,1370,0.4985009567440296,1370,202501.0,platt
2025_02_LAC_LV,2025,2,202502,spread,home,0.5123859191655802,-115.0,0.5348837209302325,loss,0.0,-1.0,-3.780491448460241,45.46673863500703,3.5,46.5,0.5,1370,0.5014990432559705,1370,202501.0,platt
2025_02_LAC_LV,2025,2,202502,total,over,0.4041720990873533,-118.0,0.5412844036697247,loss,0.0,-1.0,-3.780491448460241,45.46673863500703,3.5,46.5,0.4468085106382978,1396,0.4696414267647987,1396,202501.0,platt
2025_02_LAC_LV,2025,2,202502,total,under,0.5958279009126467,-102.0,0.504950495049505,win,1.0,0.9803921568627452,-3.780491448460241,45.46673863500703,3.5,46.5,0.5531914893617021,1396,0.5303585732352012,1396,202501.0,platt
2025_02_NE_MIA,2025,2,202502,spread,away,0.3285528031290743,-110.0,0.5238095238095238,win,1.0,0.9090909090909092,5.955328547079893,43.05271084126588,-1.5,43.5,0.4366197183098591,1370,0.47839200106886737,1370,202501.0,platt
2025_02_NE_MIA,2025,2,202502,spread,home,0.6714471968709257,-110.0,0.5238095238095238,loss,0.0,-1.0,5.955328547079893,43.05271084126588,-1.5,43.5,0.5633802816901409,1370,0.5216079989311326,1370,202501.0,platt
2025_02_NE_MIA,2025,2,202502,total,over,0.4263363754889178,-105.0,0.5121951219512195,win,1.0,0.9523809523809524,5.955328547079893,43.05271084126588,-1.5,43.5,0.4468085106382978,1396,0.47677090507558134,1396,202501.0,platt
2025_02_NE_MIA,2025,2,202502,total,under,0.5736636245110822,-115.0,0.5348837209302325,loss,0.0,-1.0,5.955328547079893,43.05271084126588,-1.5,43.5,0.5531914893617021,1396,0.5232290949244187,1396,202501.0,platt
2025_02_NYG_DAL,2025,2,202502,spread,away,0.4576271186440678,100.0,0.5,win,1.0,1.0,5.01695903942314,47.28075377437735,-4.5,44.5,0.4949290060851927,1370,0.49486058134291644,1370,202501.0,platt
2025_02_NYG_DAL,2025,2,202502,spread,home,0.5423728813559322,-120.0,0.5454545454545454,loss,0.0,-1.0,5.01695903942314,47.28075377437735,-4.5,44.5,0.5050709939148073,1370,0.5051394186570836,1370,202501.0,platt
2025_02_NYG_DAL,2025,2,202502,total,over,0.5241199478487614,-110.0,0.5238095238095238,win,1.0,0.9090909090909092,5.01695903942314,47.28075377437735,-4.5,44.5,0.5139442231075697,1396,0.5075613668158778,1396,202501.0,platt
2025_02_NYG_DAL,2025,2,202502,total,under,0.4758800521512386,-110.0,0.5238095238095238,loss,0.0,-1.0,5.01695903942314,47.28075377437735,-4.5,44.5,0.4860557768924303,1396,0.49243863318412223,1396,202501.0,platt
2025_02_PHI_KC,2025,2,202502,spread,away,0.5801825293350718,-110.0,0.5238095238095238,win,1.0,0.9090909090909092,-4.146853589989815,49.56220829187758,1.5,46.5,0.5050709939148073,1370,0.5097856059734537,1370,202501.0,platt
2025_02_PHI_KC,2025,2,202502,spread,home,0.4198174706649283,-110.0,0.5238095238095238,loss,0.0,-1.0,-4.146853589989815,49.56220829187758,1.5,46.5,0.4949290060851927,1370,0.4902143940265464,1370,202501.0,platt
2025_02_PHI_KC,2025,2,202502,total,over,0.5397653194263363,-118.0,0.5412844036697247,loss,0.0,-1.0,-4.146853589989815,49.56220829187758,1.5,46.5,0.5139442231075697,1396,0.5124810825007832,1396,202501.0,platt
2025_02_PHI_KC,2025,2,202502,total,under,0.4602346805736637,-102.0,0.504950495049505,win,1.0,0.9803921568627452,-4.146853589989815,49.56220829187758,1.5,46.5,0.4860557768924303,1396,0.4875189174992167,1396,202501.0,platt
2025_02_SEA_PIT,2025,2,202502,spread,away,0.620599739243807,-110.0,0.5238095238095238,win,1.0,0.9090909090909092,-0.5880464743074947,43.5401391407366,-3.5,40.5,0.5050709939148073,1370,0.5148819098518062,1370,202501.0,platt
2025_02_SEA_PIT,2025,2,202502,spread,home,0.379400260756193,-110.0,0.5238095238095238,loss,0.0,-1.0,-0.5880464743074947,43.5401391407366,-3.5,40.5,0.4949290060851927,1370,0.48511809014819385,1370,202501.0,platt
2025_02_SEA_PIT,2025,2,202502,total,over,0.5397653194263363,-112.0,0.5283018867924528,win,1.0,0.8928571428571429,-0.5880464743074947,43.5401391407366,-3.5,40.5,0.5139442231075697,1396,0.5124810825007832,1396,202501.0,platt
2025_02_SEA_PIT,2025,2,202502,total,under,0.4602346805736637,-108.0,0.5192307692307693,loss,0.0,-1.0,-0.5880464743074947,43.5401391407366,-3.5,40.5,0.4860557768924303,1396,0.4875189174992167,1396,202501.0,platt
2025_02_SF_NO,2025,2,202502,spread,away,0.5345501955671448,-110.0,0.5238095238095238,win,1.0,0.9090909090909092,-4.517290571902352,44.82834258885796,3.0,40.5,0.5050709939148073,1370,0.504187274099407,1370,202501.0,platt
2025_02_SF_NO,2025,2,202502,spread,home,0.4654498044328553,-110.0,0.5238095238095238,loss,0.0,-1.0,-4.517290571902352,44.82834258885796,3.0,40.5,0.4949290060851927,1370,0.4958127259005931,1370,202501.0,platt
2025_02_SF_NO,2025,2,202502,total,over,0.5840938722294654,-115.0,0.5348837209302325,win,1.0,0.8695652173913043,-4.517290571902352,44.82834258885796,3.0,40.5,0.5531914893617021,1396,0.5265717950580567,1396,202501.0,platt
2025_02_SF_NO,2025,2,202502,total,under,0.4159061277705346,-105.0,0.5121951219512195,loss,0.0,-1.0,-4.517290571902352,44.82834258885796,3.0,40.5,0.4468085106382978,1396,0.47342820494194326,1396,202501.0,platt
2025_02_TB_HOU,2025,2,202502,spread,away,0.7940026075619295,-110.0,0.5238095238095238,win,1.0,0.9090909090909092,-7.5142863422379005,48.94053505807139,-2.5,42.5,0.5633802816901409,1370,0.5407248074404086,1370,202501.0,platt
2025_02_TB_HOU,2025,2,202502,spread,home,0.2059973924380704,-110.0,0.5238095238095238,loss,0.0,-1.0,-7.5142863422379005,48.94053505807139,-2.5,42.5,0.4366197183098591,1370,0.4592751925595914,1370,202501.0,platt
2025_02_TB_HOU,2025,2,202502,total,over,0.6492829204693612,-110.0,0.5238095238095238,loss,0.0,-1.0,-7.5142863422379005,48.94053505807139,-2.5,42.5,0.5531914893617021,1396,0.5480858997100112,1396,202501.0,platt
2025_02_TB_HOU,2025,2,202502,total,under,0.3507170795306388,-110.0,0.5238095238095238,win,1.0,0.9090909090909092,-7.5142863422379005,48.94053505807139,-2.5,42.5,0.4468085106382978,1396,0.45191410028998863,1396,202501.0,platt
2025_02_WAS_GB,2025,2,202502,spread,away,0.5775749674054759,-118.0,0.5412844036697247,loss,0.0,-1.0,0.9146096457296136,48.66400799181037,-3.5,48.5,0.5050709939148073,1370,0.509462147587759,1370,202501.0,platt
2025_02_WAS_GB,2025,2,202502,spread,home,0.4224250325945241,-102.0,0.504950495049505,win,1.0,0.9803921568627452,0.9146096457296136,48.66400799181037,-3.5,48.5,0.4949290060851927,1370,0.4905378524122411,1370,202501.0,platt
2025_02_WAS_GB,2025,2,202502,total,over,0.4511082138200782,-115.0,0.5348837209302325,loss,0.0,-1.0,0.9146096457296136,48.66400799181037,-3.5,48.5,0.4860557768924303,1396,0.4846393707045628,1396,202501.0,platt
2025_02_WAS_GB,2025,2,202502,total,under,0.5488917861799218,-105.0,0.5121951219512195,win,1.0,0.9523809523809524,0.9146096457296136,48.66400799181037,-3.5,48.5,0.5139442231075697,1396,0.5153606292954372,1396,202501.0,platt
2025_03_ARI_SF,2025,3,202503,spread,away,0.5288092189500639,-112.0,0.5283018867924528,win,1.0,0.8928571428571429,0.3408256464351755,46.882856725104496,-1.5,44.5,0.508,1398,0.5042340941650885,1398,202502.0,platt
2025_03_ARI_SF,2025,3,202503,spread,home,0.471190781049936,-108.0,0.5192307692307693,loss,0.0,-1.0,0.3408256464351755,46.882856725104496,-1.5,44.5,0.492,1398,0.4957659058349116,1398,202502.0,platt
2025_03_ARI_SF,2025,3,202503,total,over,0.5134443021766966,-108.0,0.5192307692307693,loss,0.0,-1.0,0.3408256464351755,46.882856725104496,-1.5,44.5,0.5221674876847291,1424,0.5043608380376795,1424,202502.0,platt
2025_03_ARI_SF,2025,3,202503,total,under,0.4865556978233034,-112.0,0.5283018867924528,win,1.0,0.8928571428571429,0.3408256464351755,46.882856725104496,-1.5,44.5,0.4778325123152709,1424,0.49563916196232044,1424,202502.0,platt
2025_03_ATL_CAR,2025,3,202503,spread,away,0.5902688860435339,-105.0,0.5121951219512195,loss,0.0,-1.0,-8.402830570661456,44.16433834666692,5.5,44.5,0.508,1398,0.5133961099784061,1398,202502.0,platt
2025_03_ATL_CAR,2025,3,202503,spread,home,0.409731113956466,-115.0,0.5348837209302325,win,1.0,0.8695652173913043,-8.402830570661456,44.16433834666692,5.5,44.5,0.492,1398,0.48660389002159393,1398,202502.0,platt
2025_03_ATL_CAR,2025,3,202503,total,over,0.4340588988476312,-105.0,0.5121951219512195,loss,0.0,-1.0,-8.402830570661456,44.16433834666692,5.5,44.5,0.4464751958224543,1424,0.4785037118955122,1424,202502.0,platt
2025_03_ATL_CAR,2025,3,202503,total,under,0.5659411011523687,-115.0,0.5348837209302325,win,1.0,0.8695652173913043,-8.402830570661456,44.16433834666692,5.5,44.5,0.5535248041775456,1424,0.5214962881044878,1424,202502.0,platt
2025_03_CIN_MIN,2025,3,202503,spread,away,0.6325224071702945,-110.0,0.5238095238095238,loss,0.0,-1.0,-1.3012409921994184,46.10311237045012,-3.0,41.5,0.508,1398,0.5199209766325567,1398,202502.0,platt
2025_03_CIN_MIN,2025,3,202503,spread,home,0.3674775928297055,-110.0,0.5238095238095238,win,1.0,0.9090909090909092,-1.3012409921994184,46.10311237045012,-3.0,41.5,0.492,1398,0.4800790233674433,1398,202502.0,platt
2025_03_CIN_MIN,2025,3,202503,total,over,0.5992317541613317,-115.0,0.5348837209302325,win,1.0,0.8695652173913043,-1.3012409921994184,46.10311237045012,-3.0,41.5,0.5535248041775456,1424,0.5325668007099061,1424,202502.0,platt
2025_03_CIN_MIN,2025,3,202503,total,under,0.4007682458386683,-105.0,0.5121951219512195,loss,0.0,-1.0,-1.3012409921994184,46.10311237045012,-3.0,41.5,0.4464751958224543,1424,0.46743319929009386,1424,202502.0,platt
2025_03_DAL_CHI,2025,3,202503,spread,away,0.4635083226632522,-115.0,0.5348837209302325,loss,0.0,-1.0,-1.085110908736511,45.15206447208812,1.5,49.5,0.492,1398,0.49463328976025467,1398,202502.0,platt
2025_03_DAL_CHI,2025,3,202503,spread,home,0.5364916773367477,-105.0,0.5121951219512195,win,1.0,0.9523809523809524,-1.085110908736511,45.15206447208812,1.5,49.5,0.508,1398,0.5053667102397453,1398,202502.0,platt
2025_03_DAL_CHI,2025,3,202503,total,over,0.3162612035851472,-120.0,0.5454545454545454,loss,0.0,-1.0,-1.085110908736511,45.15206447208812,1.5,49.5,0.3888888888888889,1424,0.43781547885005007,1424,202502.0,platt
2025_03_DAL_CHI,2025,3,202503,total,under,0.6837387964148527,100.0,0.5,win,1.0,1.0,-1.085110908736511,45.15206447208812,1.5,49.5,0.6111111111111112,1424,0.56218452114995,1424,202502.0,platt
2025_03_DEN_LAC,2025,3,202503,spread,away,0.4955185659411011,100.0,0.5,loss,0.0,-1.0,1.912853257324677,48.868034815385656,-2.5,45.5,0.5,1398,0.49934205967670675,1398,202502.0,platt
2025_03_DEN_LAC,2025,3,202503,spread,home,0.5044814340588989,-120.0,0.5454545454545454,win,1.0,0.8333333333333334,1.912853257324677,48.868034815385656,-2.5,45.5,0.5,1398,0.5006579403232932,1398,202502.0,platt
2025_03_DEN_LAC,2025,3,202503,total,over,0.5467349551856594,-110.0,0.5238095238095238,loss,0.0,-1.0,1.912853257324677,48.868034815385656,-2.5,45.5,0.5221674876847291,1424,0.5151955228098137,1424,202502.0,platt
2025_03_DEN_LAC,2025,3,202503,total,under,0.4532650448143406,-110.0,0.5238095238095238,win,1.0,0.9090909090909092,1.912853257324677,48.868034815385656,-2.5,45.5,0.4778325123152709,1424,0.48480447719018627,1424,202502.0,platt
2025_03_DET_BAL,2025,3,202503,spread,away,0.5556978233034571,-105.0,0.5121951219512195,win,1.0,0.9523809523809524,2.50444479458684,56.350265499610174,-4.5,53.5,0.508,1398,0.5082103830098108,1398,202502.0,platt
2025_03_DET_BAL,2025,3,202503,spread,home,0.4443021766965428,-115.0,0.5348837209302325,loss,0.0,-1.0,2.50444479458684,56.350265499610174,-4.5,53.5,0.492,1398,0.49178961699018914,1398,202502.0,platt
2025_03_DET_BAL,2025,3,202503,total,over,0.5326504481434059,-115.0,0.5348837209302325,win,1.0,0.8695652173913043,2.50444479458684,56.350265499610174,-4.5,53.5,0.5221674876847291,1424,0.5106018219478826,1424,202502.0,platt
2025_03_DET_BAL,2025,3,202503,total,under,0.4673495518565941,-105.0,0.5121951219512195,loss,0.0,-1.0,2.50444479458684,56.350265499610174,-4.5,53.5,0.4778325123152709,1424,0.48939817805211744,1424,202502.0,platt
2025_03_GB_CLE,2025,3,202503,spread,away,0.5685019206145967,-102.0,0.504950495049505,loss,0.0,-1.0,-10.866293636886745,43.37750274222921,8.5,41.5,0.508,1398,0.5101190830654864,1398,202502.0,platt
2025_03_GB_CLE,2025,3,202503,spread,home,0.4314980793854033,-118.0,0.5412844036697247,win,1.0,0.847457627118644,-10.866293636886745,43.37750274222921,8.5,41.5,0.492,1398,0.4898809169345137,1398,202502.0,platt
2025_03_GB_CLE,2025,3,202503,total,over,0.5019206145966709,-105.0,0.5121951219512195,loss,0.0,-1.0,-10.866293636886745,43.37750274222921,8.5,41.5,0.5,1424,0.5006228452310137,1424,202502.0,platt
2025_03_GB_CLE,2025,3,202503,total,under,0.4980793854033291,-115.0,0.5348837209302325,win,1.0,0.8695652173913043,-10.866293636886745,43.37750274222921,8.5,41.5,0.5,1424,0.49937715476898625,1424,202502.0,platt
2025_03_HOU_JAX,2025,3,202503,spread,away,0.3764404609475031,-108.0,0.5192307692307693,loss,0.0,-1.0,4.080441132431907,42.87759326370388,-1.5,43.5,0.492,1398,0.4814851862768864,1398,202502.0,platt
2025_03_HOU_JAX,2025,3,202503,spread,home,0.6235595390524968,-112.0,0.5283018867924528,win,1.0,0.8928571428571429,4.080441132431907,42.87759326370388,-1.5,43.5,0.508,1398,0.5185148137231136,1398,202502.0,platt
2025_03_HOU_JAX,2025,3,202503,total,over,0.4186939820742638,-105.0,0.5121951219512195,loss,0.0,-1.0,4.080441132431907,42.87759326370388,-1.5,43.5,0.4464751958224543,1424,0.47342191361544056,1424,202502.0,platt
2025_03_HOU_JAX,2025,3,202503,total,under,0.5813060179257362,-115.0,0.5348837209302325,win,1.0,0.8695652173913043,4.080441132431907,42.87759326370388,-1.5,43.5,0.5535248041775456,1424,0.5265780863845594,1424,202502.0,platt
2025_03_IND_TEN,2025,3,202503,spread,away,0.560819462227913,-108.0,0.5192307692307693,win,1.0,0.925925925925926,-8.104119897401693,40.8399516080691,6.0,43.5,0.508,1398,0.5089724256926395,1398,202502.0,platt
2025_03_IND_TEN,2025,3,202503,spread,home,0.439180537772087,-112.0,0.5283018867924528,loss,0.0,-1.0,-8.104119897401693,40.8399516080691,6.0,43.5,0.492,1398,0.49102757430736066,1398,202502.0,platt
2025_03_IND_TEN,2025,3,202503,total,over,0.3585147247119078,-105.0,0.5121951219512195,win,1.0,0.9523809523809524,-8.104119897401693,40.8399516080691,6.0,43.5,0.4464751958224543,1424,0.45296963870084955,1424,202502.0,platt
2025_03_IND_TEN,2025,3,202503,total,under,0.6414852752880922,-115.0,0.5348837209302325,loss,0.0,-1.0,-8.104119897401693,40.8399516080691,6.0,43.5,0.5535248041775456,1424,0.5470303612991504,1424,202502.0,platt
2025_03_KC_NYG,2025,3,202503,spread,away,0.4302176696542894,-115.0,0.5348837209302325,win,1.0,0.8695652173913043,-4.836787284990103,44.88445092874729,6.0,44.5,0.492,1398,0.4896893540898962,1398,202502.0,platt
2025_03_KC_NYG,2025,3,202503,spread,home,0.5697823303457106,-105.0,0.5121951219512195,loss,0.0,-1.0,-4.836787284990103,44.88445092874729,6.0,44.5,0.508,1398,0.5103106459101038,1398,202502.0,platt
2025_03_KC_NYG,2025,3,202503,total,over,0.4647887323943662,-115.0,0.5348837209302325,loss,0.0,-1.0,-4.836787284990103,44.88445092874729,6.0,44.5,0.4778325123152709,1424,0.488564282784342,1424,202502.0,platt
2025_03_KC_NYG,2025,3,202503,total,under,0.5352112676056338,-105.0,0.5121951219512195,win,1.0,0.9523809523809524,-4.836787284990103,44.88445092874729,6.0,44.5,0.5221674876847291,1424,0.5114357172156581,1424,202502.0,platt
2025_03_LA_PHI,2025,3,202503,spread,away,0.4289372599231754,-108.0,0.5192307692307693,loss,0.0,-1.0,4.700474915841034,47.99230325552136,-3.5,45.5,0.492,1398,0.4894976545759807,1398,202502.0,platt
2025_03_LA_PHI,2025,3,202503,spread,home,0.5710627400768246,-112.0,0.5283018867924528,win,1.0,0.8928571428571429,4.700474915841034,47.99230325552136,-3.5,45.5,0.508,1398,0.5105023454240193,1398,202502.0,platt
2025_03_LA_PHI,2025,3,202503,total,over,0.5160051216389244,-112.0,0.5283018867924528,win,1.0,0.8928571428571429,4.700474915841034,47.99230325552136,-3.5,45.5,0.5221674876847291,1424,0.5051919413284526,1424,202502.0,platt
2025_03_LA_PHI,2025,3,202503,total,under,0.4839948783610756,-108.0,0.5192307692307693,loss,0.0,-1.0,4.700474915841034,47.99230325552136,-3.5,45.5,0.4778325123152709,1424,0.4948080586715473,1424,202502.0,platt
2025_03_LV_WAS,2025,3,202503,spread,away,0.261203585147247,100.0,0.5,loss,0.0,-1.0,8.945074737454421,47.01209148927581,-2.5,43.5,0.4285714285714285,1398,0.4619132978880089,1398,202502.0,platt
2025_03_LV_WAS,2025,3,202503,spread,home,0.7387964148527529,-120.0,0.5454545454545454,win,1.0,0.8333333333333334,8.945074737454421,47.01209148927581,-2.5,43.5,0.5714285714285714,1398,0.538086702111991,1398,202502.0,platt
2025_03_LV_WAS,2025,3,202503,total,over,0.5492957746478874,-110.0,0.5238095238095238,win,1.0,0.9090909090909092,8.945074737454421,47.01209148927581,-2.5,43.5,0.5221674876847291,1424,0.5160328934428028,1424,202502.0,platt
2025_03_LV_WAS,2025,3,202503,total,under,0.4507042253521126,-110.0,0.5238095238095238,loss,0.0,-1.0,8.945074737454421,47.01209148927581,-2.5,43.5,0.4778325123152709,1424,0.4839671065571971,1424,202502.0,platt
2025_03_MIA_BUF,2025,3,202503,spread,away,0.6875800256081946,-110.0,0.5238095238095238,win,1.0,0.9090909090909092,6.502804991799047,52.06312489352828,-12.5,50.5,0.5698904168814537,1398,0.5289198785400818,1398,202502.0,platt
2025_03_MIA_BUF,2025,3,202503,spread,home,0.3124199743918053,-110.0,0.5238095238095238,loss,0.0,-1.0,6.502804991799047,52.06312489352828,-12.5,50.5,0.4301095831185459,1398,0.4710801214599181,1398,202502.0,platt
2025_03_MIA_BUF,2025,3,202503,total,over,0.4942381562099872,-108.0,0.5192307692307693,win,1.0,0.925925925925926,6.502804991799047,52.06312489352828,-12.5,50.5,0.4901960784313725,1424,0.49813139851287946,1424,202502.0,platt
2025_03_MIA_BUF,2025,3,202503,total,under,0.5057618437900129,-112.0,0.5283018867924528,loss,0.0,-1.0,6.502804991799047,52.06312489352828,-12.5,50.5,0.5098039215686274,1424,0.5018686014871205,1424,202502.0,platt
2025_03_NO_SEA,2025,3,202503,spread,away,0.5390524967989756,-115.0,0.5348837209302325,loss,0.0,-1.0,5.8983362500322505,38.721450622869085,-7.5,41.5,0.508,1398,0.5057447783031049,1398,202502.0,platt
2025_03_NO_SEA,2025,3,202503,spread,home,0.4609475032010243,-105.0,0.5121951219512195,win,1.0,0.9523809523809524,5.8983362500322505,38.721450622869085,-7.5,41.5,0.492,1398,0.49425522169689506,1398,202502.0,platt
2025_03_NO_SEA,2025,3,202503,total,over,0.3572343149807938,-112.0,0.5283018867924528,win,1.0,0.8928571428571429,5.8983362500322505,38.721450622869085,-7.5,41.5,0.4464751958224543,1424,0.4525219458676734,1424,202502.0,platt
2025_03_NO_SEA,2025,3,202503,total,under,0.6427656850192062,-108.0,0.5192307692307693,loss,0.0,-1.0,5.8983362500322505,38.721450622869085,-7.5,41.5,0.5535248041775456,1424,0.5474780541323266,1424,202502.0,platt
2025_03_NYJ_TB,2025,3,202503,spread,away,0.3175416133162612,-105.0,0.5121951219512195,win,1.0,0.9523809523809524,11.202207460624637,47.69700342297473,-6.5,43.5,0.4415584415584415,1398,0.4719485127167805,1398,202502.0,platt
2025_03_NYJ_TB,2025,3,202503,spread,home,0.6824583866837388,-115.0,0.5348837209302325,loss,0.0,-1.0,11.202207460624637,47.69700342297473,-6.5,43.5,0.5584415584415585,1398,0.5280514872832195,1398,202502.0,platt
2025_03_NYJ_TB,2025,3,202503,total,over,0.5838668373879642,-105.0,0.5121951219512195,win,1.0,0.9523809523809524,11.202207460624637,47.69700342297473,-6.5,43.5,0.5535248041775456,1424,0.5274293467732495,1424,202502.0,platt
2025_03_NYJ_TB,2025,3,202503,total,under,0.4161331626120358,-115.0,0.5348837209302325,loss,0.0,-1.0,11.202207460624637,47.69700342297473,-6.5,43.5,0.4464751958224543,1424,0.4725706532267505,1424,202502.0,platt
2025_03_PIT_NE,2025,3,202503,spread,away,0.3085787451984635,-105.0,0.5121951219512195,win,1.0,0.9523809523809524,3.449110486930117,44.91698294940376,1.5,44.5,0.4285714285714285,1398,0.47042384254061637,1398,202502.0,platt
2025_03_PIT_NE,2025,3,202503,spread,home,0.6914212548015365,-115.0,0.5348837209302325,loss,0.0,-1.0,3.449110486930117,44.91698294940376,1.5,44.5,0.5714285714285714,1398,0.5295761574593836,1398,202502.0,platt
2025_03_PIT_NE,2025,3,202503,total,over,0.4647887323943662,-108.0,0.5192307692307693,loss,0.0,-1.0,3.449110486930117,44.91698294940376,1.5,44.5,0.4778325123152709,1424,0.488564282784342,1424,202502.0,platt
2025_03_PIT_NE,2025,3,202503,total,under,0.5352112676056338,-112.0,0.5283018867924528,win,1.0,0.8928571428571429,3.449110486930117,44.91698294940376,1.5,44.5,0.5221674876847291,1424,0.5114357172156581,1424,202502.0,platt
2025_04_BAL_KC,2025,4,202504,spread,away,0.5972396486825595,-120.0,0.5454545454545454,loss,0.0,-1.0,-5.51923070412276,51.63383779456012,2.5,48.5,0.5088062622309197,1430,0.5143289231438699,1430,202503.0,platt
2025_04_BAL_KC,2025,4,202504,spread,home,0.4027603513174404,100.0,0.5,win,1.0,1.0,-5.51923070412276,51.63383779456012,2.5,48.5,0.4911937377690802,1430,0.4856710768561301,1430,202503.0,platt
2025_04_BAL_KC,2025,4,202504,total,over,0.5420326223337516,-120.0,0.5454545454545454,win,1.0,0.8333333333333334,-5.51923070412276,51.63383779456012,2.5,48.5,0.5285714285714286,1456,0.5143501835708358,1456,202503.0,platt
2025_04_BAL_KC,2025,4,202504,total,under,0.4579673776662484,100.0,0.5,loss,0.0,-1.0,-5.51923070412276,51.63383779456012,2.5,48.5,0.4714285714285714,1456,0.4856498164291642,1456,202503.0,platt
2025_04_CAR_NE,2025,4,202504,spread,away,0.49435382685069,-108.0,0.5192307692307693,loss,0.0,-1.0,4.79964220819266,45.172647940954334,-5.5,42.5,0.5,1430,0.49917833617251856,1430,202503.0,platt
2025_04_CAR_NE,2025,4,202504,spread,home,0.5056461731493099,-112.0,0.5283018867924528,win,1.0,0.8928571428571429,4.79964220819266,45.172647940954334,-5.5,42.5,0.5,1430,0.5008216638274814,1430,202503.0,platt
2025_04_CAR_NE,2025,4,202504,total,over,0.5194479297365119,-112.0,0.5283018867924528,win,1.0,0.8928571428571429,4.79964220819266,45.172647940954334,-5.5,42.5,0.5285714285714286,1456,0.5066287425335746,1456,202503.0,platt
2025_04_CAR_NE,2025,4,202504,total,under,0.4805520702634881,-108.0,0.5192307692307693,loss,0.0,-1.0,4.79964220819266,45.172647940954334,-5.5,42.5,0.4714285714285714,1456,0.4933712574664254,1456,202503.0,platt
2025_04_CHI_LV,2025,4,202504,spread,away,0.4805520702634881,-110.0,0.5238095238095238,win,1.0,0.9090909090909092,1.3597230007988,45.41758974073148,-1.5,47.5,0.4911937377690802,1430,0.4971685441332904,1430,202503.0,platt
2025_04_CHI_LV,2025,4,202504,spread,home,0.5194479297365119,-110.0,0.5238095238095238,loss,0.0,-1.0,1.3597230007988,45.41758974073148,-1.5,47.5,0.5088062622309197,1430,0.5028314558667095,1430,202503.0,platt
2025_04_CHI_LV,2025,4,202504,total,over,0.3801756587202007,-115.0,0.5348837209302325,win,1.0,0.8695652173913043,1.3597230007988,45.41758974073148,-1.5,47.5,0.4447300771208226,1456,0.4584629535708771,1456,202503.0,platt
2025_04_CHI_LV,2025,4,202504,total,under,0.6198243412797992,-105.0,0.5121951219512195,loss,0.0,-1.0,1.3597230007988,45.41758974073148,-1.5,47.5,0.5552699228791775,1456,0.5415370464291229,1456,202503.0,platt
2025_04_CIN_DEN,2025,4,202504,spread,away,0.5495608531994981,-115.0,0.5348837209302325,loss,0.0,-1.0,5.664431993870601,46.414178673191294,-7.5,44.5,0.5088062622309197,1430,0.5072353373750279,1430,202503.0,platt
2025_04_CIN_DEN,2025,4,202504,spread,home,0.4504391468005019,-105.0,0.5121951219512195,win,1.0,0.9523809523809524,5.664431993870601,46.414178673191294,-7.5,44.5,0.4911937377690802,1430,0.49276466262497215,1430,202503.0,platt
2025_04_CIN_DEN,2025,4,202504,total,over,0.5031367628607277,-105.0,0.5121951219512195,loss,0.0,-1.0,5.664431993870601,46.414178673191294,-7.5,44.5,0.5,1456,0.5010686876411179,1456,202503.0,platt
2025_04_CIN_DEN,2025,4,202504,total,under,0.4968632371392723,-115.0,0.5348837209302325,win,1.0,0.8695652173913043,5.664431993870601,46.414178673191294,-7.5,44.5,0.5,1456,0.4989313123588821,1456,202503.0,platt
2025_04_CLE_DET,2025,4,202504,spread,away,0.2170639899623588,-108.0,0.5192307692307693,loss,0.0,-1.0,18.084223634495626,51.52301064097972,-10.0,44.5,0.4246575342465753,1430,0.4534647489532896,1430,202503.0,platt
2025_04_CLE_DET,2025,4,202504,spread,home,0.7829360100376411,-112.0,0.5283018867924528,win,1.0,0.8928571428571429,18.084223634495626,51.52301064097972,-10.0,44.5,0.5753424657534246,1430,0.5465352510467104,1430,202503.0,platt
2025_04_CLE_DET,2025,4,202504,total,over,0.671267252195734,-105.0,0.5121951219512195,loss,0.0,-1.0,18.084223634495626,51.52301064097972,-10.0,44.5,0.5555555555555556,1456,0.5605091793605219,1456,202503.0,platt
2025_04_CLE_DET,2025,4,202504,total,under,0.328732747804266,-115.0,0.5348837209302325,win,1.0,0.8695652173913043,18.084223634495626,51.52301064097972,-10.0,44.5,0.4444444444444444,1456,0.43949082063947814,1456,202503.0,platt
2025_04_GB_DAL,2025,4,202504,spread,away,0.4767879548306147,-105.0,0.5121951219512195,loss,0.0,-1.0,-6.953303723537863,49.65500103383366,7.0,47.5,0.4911937377690802,1430,0.49661981099402497,1430,202503.0,platt
2025_04_GB_DAL,2025,4,202504,spread,home,0.5232120451693852,-115.0,0.5348837209302325,win,1.0,0.8695652173913043,-6.953303723537863,49.65500103383366,7.0,47.5,0.5088062622309197,1430,0.503380189005975,1430,202503.0,platt
2025_04_GB_DAL,2025,4,202504,total,over,0.5081555834378921,-105.0,0.5121951219512195,win,1.0,0.9523809523809524,-6.953303723537863,49.65500103383366,7.0,47.5,0.5,1456,0.5027787734908223,1456,202503.0,platt
2025_04_GB_DAL,2025,4,202504,total,under,0.4918444165621078,-115.0,0.5348837209302325,loss,0.0,-1.0,-6.953303723537863,49.65500103383366,7.0,47.5,0.5,1456,0.49722122650917766,1456,202503.0,platt
2025_04_IND_LA,2025,4,202504,spread,away,0.5633626097867002,-105.0,0.5121951219512195,loss,0.0,-1.0,1.2695913551747546,50.698405534364426,-3.5,49.5,0.5088062622309197,1430,0.5092692876815248,1430,202503.0,platt
2025_04_IND_LA,2025,4,202504,spread,home,0.4366373902132999,-115.0,0.5348837209302325,win,1.0,0.8695652173913043,1.2695913551747546,50.698405534364426,-3.5,49.5,0.4911937377690802,1430,0.4907307123184752,1430,202503.0,platt
2025_04_IND_LA,2025,4,202504,total,over,0.4855708908406524,-115.0,0.5348837209302325,loss,0.0,-1.0,1.2695913551747546,50.698405534364426,-3.5,49.5,0.4714285714285714,1456,0.49508288704962444,1456,202503.0,platt
2025_04_IND_LA,2025,4,202504,total,under,0.5144291091593476,-105.0,0.5121951219512195,win,1.0,0.9523809523809524,1.2695913551747546,50.698405534364426,-3.5,49.5,0.5285714285714286,1456,0.5049171129503756,1456,202503.0,platt
2025_04_JAX_SF,2025,4,202504,spread,away,0.4127979924717692,-120.0,0.5454545454545454,win,1.0,0.8333333333333334,5.104064616507615,46.33030584169755,-3.5,45.5,0.4911937377690802,1430,0.48718213643532904,1430,202503.0,platt
2025_04_JAX_SF,2025,4,202504,spread,home,0.5872020075282308,100.0,0.5,loss,0.0,-1.0,5.104064616507615,46.33030584169755,-3.5,45.5,0.5088062622309197,1430,0.512817863564671,1430,202503.0,platt
2025_04_JAX_SF,2025,4,202504,total,over,0.479297365119197,-112.0,0.5283018867924528,win,1.0,0.8928571428571429,5.104064616507615,46.33030584169755,-3.5,45.5,0.4714285714285714,1456,0.4929431771355419,1456,202503.0,platt
2025_04_JAX_SF,2025,4,202504,total,under,0.520702634880803,-108.0,0.5192307692307693,loss,0.0,-1.0,5.104064616507615,46.33030584169755,-3.5,45.5,0.5285714285714286,1456,0.507056822864458,1456,202503.0,platt
2025_04_MIN_PIT,2025,4,202504,spread,away,0.5319949811794229,-125.0,0.5555555555555556,loss,0.0,-1.0,-3.8604647809208927,41.19808241881499,2.5,41.5,0.5088062622309197,1430,0.5046621366992672,1430,202503.0,platt
2025_04_MIN_PIT,2025,4,202504,spread,home,0.4680050188205771,105.0,0.4878048780487805,win,1.0,1.05,-3.8604647809208927,41.19808241881499,2.5,41.5,0.4911937377690802,1430,0.4953378633007329,1430,202503.0,platt
2025_04_MIN_PIT,2025,4,202504,total,over,0.4353826850690088,-105.0,0.5121951219512195,win,1.0,0.9523809523809524,-3.8604647809208927,41.19808241881499,2.5,41.5,0.4447300771208226,1456,0.4778759425061281,1456,202503.0,platt
2025_04_MIN_PIT,2025,4,202504,total,under,0.5646173149309912,-115.0,0.5348837209302325,loss,0.0,-1.0,-3.8604647809208927,41.19808241881499,2.5,41.5,0.5552699228791775,1456,0.5221240574938719,1456,202503.0,platt
2025_04_NO_BUF,2025,4,202504,spread,away,0.5821831869510665,-115.0,0.5348837209302325,win,1.0,0.8695652173913043,12.767029690966464,47.91232225158194,-15.5,48.5,0.5088062622309197,1430,0.5120664112574069,1430,202503.0,platt
2025_04_NO_BUF,2025,4,202504,spread,home,0.4178168130489335,-105.0,0.5121951219512195,loss,0.0,-1.0,12.767029690966464,47.91232225158194,-15.5,48.5,0.4911937377690802,1430,0.48793358874259307,1430,202503.0,platt
2025_04_NO_BUF,2025,4,202504,total,over,0.4203262233375157,-105.0,0.5121951219512195,win,1.0,0.9523809523809524,12.767029690966464,47.91232225158194,-15.5,48.5,0.4447300771208226,1456,0.4726496651585149,1456,202503.0,platt
2025_04_NO_BUF,2025,4,202504,total,under,0.5796737766624843,-115.0,0.5348837209302325,loss,0.0,-1.0,12.767029690966464,47.91232225158194,-15.5,48.5,0.5552699228791775,1456,0.5273503348414851,1456,202503.0,platt
2025_04_NYJ_MIA,2025,4,202504,spread,away,0.4178168130489335,-105.0,0.5121951219512195,loss,0.0,-1.0,3.956681953698266,44.75361943293883,-2.5,44.5,0.4911937377690802,1430,0.48793358874259307,1430,202503.0,platt
2025_04_NYJ_MIA,2025,4,202504,spread,home,0.5821831869510665,-115.0,0.5348837209302325,win,1.0,0.8695652173913043,3.956681953698266,44.75361943293883,-2.5,44.5,0.5088062622309197,1430,0.5120664112574069,1430,202503.0,platt
2025_04_NYJ_MIA,2025,4,202504,total,over,0.4579673776662484,100.0,0.5,win,1.0,1.0,3.956681953698266,44.75361943293883,-2.5,44.5,0.4714285714285714,1456,0.4856498164291642,1456,202503.0,platt
2025_04_NYJ_MIA,2025,4,202504,total,under,0.5420326223337515,-120.0,0.5454545454545454,loss,0.0,-1.0,3.956681953698266,44.75361943293883,-2.5,44.5,0.5285714285714286,1456,0.5143501835708358,1456,202503.0,platt
2025_04_PHI_TB,2025,4,202504,spread,away,0.2923462986198243,-102.0,0.504950495049505,win,1.0,0.9803921568627452,1.9502653504892515,52.45116181166177,3.5,44.5,0.4246575342465753,1430,0.46788384089603247,1430,202503.0,platt
2025_04_PHI_TB,2025,4,202504,spread,home,0.7076537013801757,-118.0,0.5412844036697247,loss,0.0,-1.0,1.9502653504892515,52.45116181166177,3.5,44.5,0.5753424657534246,1430,0.5321161591039676,1430,202503.0,platt
2025_04_PHI_TB,2025,4,202504,total,over,0.7013801756587202,-102.0,0.504950495049505,win,1.0,0.9803921568627452,1.9502653504892515,52.45116181166177,3.5,44.5,0.6181818181818182,1456,0.5722191709397625,1456,202503.0,platt
2025_04_PHI_TB,2025,4,202504,total,under,0.2986198243412797,-118.0,0.5412844036697247,loss,0.0,-1.0,1.9502653504892515,52.45116181166177,3.5,44.5,0.3818181818181818,1456,0.42778082906023746,1456,202503.0,platt
2025_04_SEA_ARI,2025,4,202504,spread,away,0.3437892095357591,-110.0,0.5238095238095238,win,1.0,0.9090909090909092,2.146670323953209,49.69703018829591,1.5,43.5,0.4487179487179487,1430,0.47649939723959334,1430,202503.0,platt
2025_04_SEA_ARI,2025,4,202504,spread,home,0.6562107904642409,-110.0,0.5238095238095238,loss,0.0,-1.0,2.146670323953209,49.69703018829591,1.5,43.5,0.5512820512820513,1430,0.5235006027604067,1430,202503.0,platt
2025_04_SEA_ARI,2025,4,202504,total,over,0.64366373902133,-112.0,0.5283018867924528,loss,0.0,-1.0,2.146670323953209,49.69703018829591,1.5,43.5,0.5552699228791775,1456,0.5501935420227826,1456,202503.0,platt
2025_04_SEA_ARI,2025,4,202504,total,under,0.35633626097867,-108.0,0.5192307692307693,win,1.0,0.925925925925926,2.146670323953209,49.69703018829591,1.5,43.5,0.4447300771208226,1456,0.4498064579772174,1456,202503.0,platt
2025_04_TEN_HOU,2025,4,202504,spread,away,0.4905897114178168,-115.0,0.5348837209302325,loss,0.0,-1.0,6.995406807074284,39.31350071979077,-7.5,39.5,0.5,1430,0.49863045897157976,1430,202503.0,platt
2025_04_TEN_HOU,2025,4,202504,spread,home,0.5094102885821832,-105.0,0.5121951219512195,win,1.0,0.9523809523809524,6.995406807074284,39.31350071979077,-7.5,39.5,0.5,1430,0.5013695410284202,1430,202503.0,platt
2025_04_TEN_HOU,2025,4,202504,total,over,0.439146800501882,-115.0,0.5348837209302325,loss,0.0,-1.0,6.995406807074284,39.31350071979077,-7.5,39.5,0.4447300771208226,1456,0.4791764671755234,1456,202503.0,platt
2025_04_TEN_HOU,2025,4,202504,total,under,0.560853199498118,-105.0,0.5121951219512195,win,1.0,0.9523809523809524,6.995406807074284,39.31350071979077,-7.5,39.5,0.5552699228791775,1456,0.5208235328244766,1456,202503.0,platt
2025_04_WAS_ATL,2025,4,202504,spread,away,0.6398996235884566,-110.0,0.5238095238095238,loss,0.0,-1.0,-2.0538640544827427,49.7974190113099,-2.5,43.5,0.5088062622309197,1430,0.520903669973778,1430,202503.0,platt
2025_04_WAS_ATL,2025,4,202504,spread,home,0.3601003764115433,-110.0,0.5238095238095238,win,1.0,0.9090909090909092,-2.0538640544827427,49.7974190113099,-2.5,43.5,0.4911937377690802,1430,0.479096330026222,1430,202503.0,platt
2025_04_WAS_ATL,2025,4,202504,total,over,0.6486825595984943,-108.0,0.5192307692307693,win,1.0,0.925925925925926,-2.0538640544827427,49.7974190113099,-2.5,43.5,0.5552699228791775,1456,0.5520436951326028,1456,202503.0,platt
2025_04_WAS_ATL,2025,4,202504,total,under,0.3513174404015057,-112.0,0.5283018867924528,loss,0.0,-1.0,-2.0538640544827427,49.7974190113099,-2.5,43.5,0.4447300771208226,1456,0.44795630486739724,1456,202503.0,platt
2025_05_DAL_NYJ,2025,5,202505,spread,away,0.4236453201970444,-120.0,0.5454545454545454,win,1.0,0.8333333333333334,2.7028447293364968,49.166737005203714,-1.5,48.5,0.4952015355086372,1460,0.49015578926900955,1460,202504.0,platt
2025_05_DAL_NYJ,2025,5,202505,spread,home,0.5763546798029556,100.0,0.5,loss,0.0,-1.0,2.7028447293364968,49.166737005203714,-1.5,48.5,0.5047984644913628,1460,0.5098442107309905,1460,202504.0,platt
2025_05_DAL_NYJ,2025,5,202505,total,over,0.4753694581280788,-110.0,0.5238095238095238,win,1.0,0.9090909090909092,2.7028447293364968,49.166737005203714,-1.5,48.5,0.4697674418604651,1486,0.49199213454282925,1486,202504.0,platt
2025_05_DAL_NYJ,2025,5,202505,total,under,0.5246305418719213,-110.0,0.5238095238095238,loss,0.0,-1.0,2.7028447293364968,49.166737005203714,-1.5,48.5,0.5302325581395348,1486,0.5080078654571708,1486,202504.0,platt
2025_05_DEN_PHI,2025,5,202505,spread,away,0.4913793103448276,-105.0,0.5121951219512195,win,1.0,0.9523809523809524,2.779676575536516,47.25932936845332,-3.5,44.5,0.5,1460,0.4988970008851961,1460,202504.0,platt
2025_05_DEN_PHI,2025,5,202505,spread,home,0.5086206896551724,-115.0,0.5348837209302325,loss,0.0,-1.0,2.779676575536516,47.25932936845332,-3.5,44.5,0.5,1460,0.5011029991148038,1460,202504.0,platt
2025_05_DEN_PHI,2025,5,202505,total,over,0.5258620689655172,-105.0,0.5121951219512195,loss,0.0,-1.0,2.779676575536516,47.25932936845332,-3.5,44.5,0.5302325581395348,1486,0.5084088836087108,1486,202504.0,platt
2025_05_DEN_PHI,2025,5,202505,total,under,0.4741379310344827,-115.0,0.5348837209302325,win,1.0,0.8695652173913043,2.779676575536516,47.25932936845332,-3.5,44.5,0.4697674418604651,1486,0.49159111639128905,1486,202504.0,platt
2025_05_DET_CIN,2025,5,202505,spread,away,0.4815270935960591,-102.0,0.504950495049505,win,1.0,0.9803921568627452,-10.7049403616707,49.396359604058944,10.5,49.5,0.4952015355086372,1460,0.4976356022841277,1460,202504.0,platt
2025_05_DET_CIN,2025,5,202505,spread,home,0.5184729064039408,-118.0,0.5412844036697247,loss,0.0,-1.0,-10.7049403616707,49.396359604058944,10.5,49.5,0.5047984644913628,1460,0.5023643977158724,1460,202504.0,platt
2025_05_DET_CIN,2025,5,202505,total,over,0.4433497536945813,-108.0,0.5192307692307693,win,1.0,0.925925925925926,-10.7049403616707,49.396359604058944,10.5,49.5,0.4697674418604651,1486,0.4815242931668241,1486,202504.0,platt
2025_05_DET_CIN,2025,5,202505,total,under,0.5566502463054187,-112.0,0.5283018867924528,loss,0.0,-1.0,-10.7049403616707,49.396359604058944,10.5,49.5,0.5302325581395348,1486,0.5184757068331759,1486,202504.0,platt
2025_05_HOU_BAL,2025,5,202505,spread,away,0.1293103448275862,-118.0,0.5412844036697247,win,1.0,0.847457627118644,9.873032429170868,46.04197713868252,2.5,41.5,0.268812260536398,1460,0.439305320294129,1460,202504.0,platt
2025_05_HOU_BAL,2025,5,202505,spread,home,0.8706896551724138,-102.0,0.504950495049505,loss,0.0,-1.0,9.873032429170868,46.04197713868252,2.5,41.5,0.7311877394636015,1460,0.560694679705871,1460,202504.0,platt
2025_05_HOU_BAL,2025,5,202505,total,over,0.6009852216748769,-105.0,0.5121951219512195,win,1.0,0.9523809523809524,9.873032429170868,46.04197713868252,2.5,41.5,0.5506172839506174,1486,0.5332168381107327,1486,202504.0,platt
2025_05_HOU_BAL,2025,5,202505,total,under,0.3990147783251231,-115.0,0.5348837209302325,loss,0.0,-1.0,9.873032429170868,46.04197713868252,2.5,41.5,0.4493827160493827,1486,0.4667831618892673,1486,202504.0,platt
2025_05_KC_JAX,2025,5,202505,spread,away,0.3866995073891626,-110.0,0.5238095238095238,loss,0.0,-1.0,-1.225761291842071,44.64549292191566,3.5,45.5,0.4952015355086372,1460,0.4852530968844145,1460,202504.0,platt
2025_05_KC_JAX,2025,5,202505,spread,home,0.6133004926108374,-110.0,0.5238095238095238,win,1.0,0.9090909090909092,-1.225761291842071,44.64549292191566,3.5,45.5,0.5047984644913628,1460,0.5147469031155856,1460,202504.0,platt
2025_05_KC_JAX,2025,5,202505,total,over,0.4150246305418719,-112.0,0.5283018867924528,win,1.0,0.8928571428571429,-1.225761291842071,44.64549292191566,3.5,45.5,0.4493827160493827,1486,0.47215121855623965,1486,202504.0,platt
2025_05_KC_JAX,2025,5,202505,total,under,0.5849753694581281,-108.0,0.5192307692307693,loss,0.0,-1.0,-1.225761291842071,44.64549292191566,3.5,45.5,0.5506172839506174,1486,0.5278487814437604,1486,202504.0,platt
2025_05_LV_IND,2025,5,202505,spread,away,0.4889162561576354,100.0,0.5,loss,0.0,-1.0,6.43641939235359,49.95813309516016,-7.0,46.5,0.5,1460,0.4985817679804694,1460,202504.0,platt
2025_05_LV_IND,2025,5,202505,spread,home,0.5110837438423645,-120.0,0.5454545454545454,win,1.0,0.8333333333333334,6.43641939235359,49.95813309516016,-7.0,46.5,0.5,1460,0.5014182320195305,1460,202504.0,platt
2025_05_LV_IND,2025,5,202505,total,over,0.5504926108374384,-112.0,0.5283018867924528,loss,0.0,-1.0,6.43641939235359,49.95813309516016,-7.0,46.5,0.5302325581395348,1486,0.5164544029360497,1486,202504.0,platt
2025_05_LV_IND,2025,5,202505,total,under,0.4495073891625616,-108.0,0.5192307692307693,win,1.0,0.925925925925926,6.43641939235359,49.95813309516016,-7.0,46.5,0.4697674418604651,1486,0.4835455970639502,1486,202504.0,platt
2025_05_MIA_CAR,2025,5,202505,spread,away,0.5295566502463054,-105.0,0.5121951219512195,loss,0.0,-1.0,-2.9025810676856105,46.84779872486322,1.5,44.5,0.5047984644913628,1460,0.5037856840331559,1460,202504.0,platt
2025_05_MIA_CAR,2025,5,202505,spread,home,0.4704433497536945,-115.0,0.5348837209302325,win,1.0,0.8695652173913043,-2.9025810676856105,46.84779872486322,1.5,44.5,0.4952015355086372,1460,0.4962143159668441,1460,202504.0,platt
2025_05_MIA_CAR,2025,5,202505,total,over,0.5172413793103449,-115.0,0.5348837209302325,win,1.0,0.8695652173913043,-2.9025810676856105,46.84779872486322,1.5,44.5,0.5302325581395348,1486,0.5056034347725465,1486,202504.0,platt
2025_05_MIA_CAR,2025,5,202505,total,under,0.4827586206896551,-105.0,0.5121951219512195,loss,0.0,-1.0,-2.9025810676856105,46.84779872486322,1.5,44.5,0.4697674418604651,1486,0.4943965652274535,1486,202504.0,platt
2025_05_NE_BUF,2025,5,202505,spread,away,0.4273399014778325,-105.0,0.5121951219512195,win,1.0,0.9523809523809524,8.565646826268345,53.21841758872042,-7.5,49.5,0.4952015355086372,1460,0.4906390153513551,1460,202504.0,platt
2025_05_NE_BUF,2025,5,202505,spread,home,0.5726600985221675,-115.0,0.5348837209302325,loss,0.0,-1.0,8.565646826268345,53.21841758872042,-7.5,49.5,0.5047984644913628,1460,0.5093609846486449,1460,202504.0,platt
2025_05_NE_BUF,2025,5,202505,total,over,0.5603448275862069,-112.0,0.5283018867924528,loss,0.0,-1.0,8.565646826268345,53.21841758872042,-7.5,49.5,0.5506172839506174,1486,0.5196909072807125,1486,202504.0,platt
2025_05_NE_BUF,2025,5,202505,total,under,0.4396551724137931,-108.0,0.5192307692307693,win,1.0,0.925925925925926,8.565646826268345,53.21841758872042,-7.5,49.5,0.4493827160493827,1486,0.4803090927192874,1486,202504.0,platt
2025_05_SF_LA,2025,5,202505,spread,away,0.6687192118226601,-110.0,0.5238095238095238,win,1.0,0.9090909090909092,3.015789786744044,48.24775529728833,-8.5,43.5,0.5443037974683544,1460,0.5224502895404932,1460,202504.0,platt
2025_05_SF_LA,2025,5,202505,spread,home,0.3312807881773399,-110.0,0.5238095238095238,loss,0.0,-1.0,3.015789786744044,48.24775529728833,-8.5,43.5,0.4556962025316455,1460,0.4775497104595067,1460,202504.0,platt
2025_05_SF_LA,2025,5,202505,total,over,0.603448275862069,-112.0,0.5283018867924528,win,1.0,0.8928571428571429,3.015789786744044,48.24775529728833,-8.5,43.5,0.5506172839506174,1486,0.5340481700013627,1486,202504.0,platt
2025_05_SF_LA,2025,5,202505,total,under,0.396551724137931,-108.0,0.5192307692307693,loss,0.0,-1.0,3.015789786744044,48.24775529728833,-8.5,43.5,0.4493827160493827,1486,0.46595182999863727,1486,202504.0,platt
2025_05_TB_SEA,2025,5,202505,spread,away,0.6391625615763548,-115.0,0.5348837209302325,win,1.0,0.8695652173913043,-1.2098829218716751,48.64352459514659,-3.5,44.5,0.5047984644913628,1460,0.5182780225390993,1460,202504.0,platt
2025_05_TB_SEA,2025,5,202505,spread,home,0.3608374384236453,-105.0,0.5121951219512195,loss,0.0,-1.0,-1.2098829218716751,48.64352459514659,-3.5,44.5,0.4952015355086372,1460,0.4817219774609008,1460,202504.0,platt
2025_05_TB_SEA,2025,5,202505,total,over,0.5825123152709359,-110.0,0.5238095238095238,win,1.0,0.9090909090909092,-1.2098829218716751,48.64352459514659,-3.5,44.5,0.5506172839506174,1486,0.527027956883973,1486,202504.0,platt
2025_05_TB_SEA,2025,5,202505,total,under,0.417487684729064,-110.0,0.5238095238095238,loss,0.0,-1.0,-1.2098829218716751,48.64352459514659,-3.5,44.5,0.4493827160493827,1486,0.472972043116027,1486,202504.0,platt
2025_05_TEN_ARI,2025,5,202505,spread,away,0.2869458128078818,-108.0,0.5192307692307693,win,1.0,0.925925925925926,13.031226453480691,43.20421546915574,-7.5,41.5,0.4266666666666666,1460,0.47091910442602064,1460,202504.0,platt
2025_05_TEN_ARI,2025,5,202505,spread,home,0.7130541871921182,-112.0,0.5283018867924528,loss,0.0,-1.0,13.031226453480691,43.20421546915574,-7.5,41.5,0.5733333333333334,1460,0.5290808955739794,1460,202504.0,platt
2025_05_TEN_ARI,2025,5,202505,total,over,0.5012315270935961,-110.0,0.5238095238095238,win,1.0,0.9090909090909092,13.031226453480691,43.20421546915574,-7.5,41.5,0.5,1486,0.5004001041263461,1486,202504.0,platt
2025_05_TEN_ARI,2025,5,202505,total,under,0.4987684729064039,-110.0,0.5238095238095238,loss,0.0,-1.0,13.031226453480691,43.20421546915574,-7.5,41.5,0.5,1486,0.49959989587365405,1486,202504.0,platt
2025_05_WAS_LAC,2025,5,202505,spread,away,0.5455665024630543,100.0,0.5,win,1.0,1.0,0.5550580978152488,48.55655473264235,-2.5,47.5,0.5047984644913628,1460,0.505845523075109,1460,202504.0,platt
2025_05_WAS_LAC,2025,5,202505,spread,home,0.4544334975369458,-120.0,0.5454545454545454,loss,0.0,-1.0,0.5550580978152488,48.55655473264235,-2.5,47.5,0.4952015355086372,1460,0.4941544769248909,1460,202504.0,platt
2025_05_WAS_LAC,2025,5,202505,total,over,0.4864532019704433,-105.0,0.5121951219512195,loss,0.0,-1.0,0.5550580978152488,48.55655473264235,-2.5,47.5,0.4697674418604651,1486,0.49559789893907086,1486,202504.0,platt
2025_05_WAS_LAC,2025,5,202505,total,under,0.5135467980295567,-115.0,0.5348837209302325,win,1.0,0.8695652173913043,0.5550580978152488,48.55655473264235,-2.5,47.5,0.5302325581395348,1486,0.5044021010609291,1486,202504.0,platt
2025_06_ARI_IND,2025,6,202506,spread,away,0.6189320388349515,-110.0,0.5238095238095238,win,1.0,0.9090909090909092,4.513840427995868,50.48578235188713,-8.5,46.5,0.5074626865671642,1484,0.5130018453397702,1484,202505.0,platt
2025_06_ARI_IND,2025,6,202506,spread,home,0.3810679611650485,-110.0,0.5238095238095238,loss,0.0,-1.0,4.513840427995868,50.48578235188713,-8.5,46.5,0.4925373134328357,1484,0.4869981546602298,1484,202505.0,platt
2025_06_ARI_IND,2025,6,202506,total,over,0.5776699029126213,102.0,0.495049504950495,win,1.0,1.02,4.513840427995868,50.48578235188713,-8.5,46.5,0.551219512195122,1510,0.5253577079807358,1510,202505.0,platt
2025_06_ARI_IND,2025,6,202506,total,under,0.4223300970873787,-122.0,0.5495495495495496,loss,0.0,-1.0,4.513840427995868,50.48578235188713,-8.5,46.5,0.448780487804878,1510,0.4746422920192642,1510,202505.0,platt
2025_06_BUF_ATL,2025,6,202506,spread,away,0.4563106796116505,-120.0,0.5454545454545454,loss,0.0,-1.0,-2.901935106609024,53.06606025755113,3.5,49.5,0.4974619289340102,1484,0.4953023922690632,1484,202505.0,platt
2025_06_BUF_ATL,2025,6,202506,spread,home,0.5436893203883495,100.0,0.5,win,1.0,1.0,-2.901935106609024,53.06606025755113,3.5,49.5,0.5025380710659898,1484,0.5046976077309369,1484,202505.0,platt
2025_06_BUF_ATL,2025,6,202506,total,over,0.5546116504854369,-118.0,0.5412844036697247,loss,0.0,-1.0,-2.901935106609024,53.06606025755113,3.5,49.5,0.5248868778280543,1510,0.5177638930504319,1510,202505.0,platt
2025_06_BUF_ATL,2025,6,202506,total,under,0.4453883495145631,-102.0,0.504950495049505,win,1.0,0.9803921568627452,-2.901935106609024,53.06606025755113,3.5,49.5,0.4751131221719457,1510,0.48223610694956803,1510,202505.0,platt
2025_06_CHI_WAS,2025,6,202506,spread,away,0.3228155339805825,-108.0,0.5192307692307693,win,1.0,0.925925925925926,10.157391300510549,47.83312678242624,-5.5,49.5,0.45,1484,0.4801457002114562,1484,202505.0,platt
2025_06_CHI_WAS,2025,6,202506,spread,home,0.6771844660194175,-112.0,0.5283018867924528,loss,0.0,-1.0,10.157391300510549,47.83312678242624,-5.5,49.5,0.55,1484,0.5198542997885438,1484,202505.0,platt
2025_06_CHI_WAS,2025,6,202506,total,over,0.3968446601941747,-115.0,0.5348837209302325,loss,0.0,-1.0,10.157391300510549,47.83312678242624,-5.5,49.5,0.448780487804878,1510,0.46613084934264487,1510,202505.0,platt
2025_06_CHI_WAS,2025,6,202506,total,under,0.6031553398058253,-105.0,0.5121951219512195,win,1.0,0.9523809523809524,10.157391300510549,47.83312678242624,-5.5,49.5,0.551219512195122,1510,0.5338691506573552,1510,202505.0,platt
2025_06_CIN_GB,2025,6,202506,spread,away,0.5837378640776699,-110.0,0.5238095238095238,win,1.0,0.9090909090909092,11.186801951333198,46.22510749601765,-14.0,44.5,0.5025380710659898,1484,0.5090654665986566,1484,202505.0,platt
2025_06_CIN_GB,2025,6,202506,spread,home,0.4162621359223301,-110.0,0.5238095238095238,loss,0.0,-1.0,11.186801951333198,46.22510749601765,-14.0,44.5,0.4974619289340102,1484,0.49093453340134346,1484,202505.0,platt
2025_06_CIN_GB,2025,6,202506,total,over,0.5036407766990292,-110.0,0.5238095238095238,win,1.0,0.9090909090909092,11.186801951333198,46.22510749601765,-14.0,44.5,0.5,1510,0.5011800504825888,1510,202505.0,platt
2025_06_CIN_GB,2025,6,202506,total,under,0.4963592233009708,-110.0,0.5238095238095238,loss,0.0,-1.0,11.186801951333198,46.22510749601765,-14.0,44.5,0.5,1510,0.49881994951741127,1510,202505.0,platt
2025_06_DAL_CAR,2025,6,202506,spread,away,0.4089805825242718,-118.0,0.5412844036697247,loss,0.0,-1.0,-1.2750263101014714,47.51910473416732,3.0,47.5,0.4974619289340102,1484,0.4901292429734148,1484,202505.0,platt
2025_06_DAL_CAR,2025,6,202506,spread,home,0.5910194174757282,-102.0,0.504950495049505,win,1.0,0.9803921568627452,-1.2750263101014714,47.51910473416732,3.0,47.5,0.5025380710659898,1484,0.5098707570265851,1484,202505.0,platt
2025_06_DAL_CAR,2025,6,202506,total,over,0.4575242718446602,-115.0,0.5348837209302325,win,1.0,0.8695652173913043,-1.2750263101014714,47.51910473416732,3.0,47.5,0.4751131221719457,1510,0.48620320348543844,1510,202505.0,platt
2025_06_DAL_CAR,2025,6,202506,total,under,0.5424757281553398,-105.0,0.5121951219512195,loss,0.0,-1.0,-1.2750263101014714,47.51910473416732,3.0,47.5,0.5248868778280543,1510,0.5137967965145617,1510,202505.0,platt
2025_06_DEN_NYJ,2025,6,202506,spread,away,0.3385922330097087,100.0,0.5,loss,0.0,-1.0,-3.322072220901635,45.08757844649062,7.5,43.5,0.45,1484,0.4820544285256391,1484,202505.0,platt
2025_06_DEN_NYJ,2025,6,202506,spread,home,0.6614077669902912,-120.0,0.5454545454545454,win,1.0,0.8333333333333334,-3.322072220901635,45.08757844649062,7.5,43.5,0.55,1484,0.5179455714743608,1484,202505.0,platt
2025_06_DEN_NYJ,2025,6,202506,total,over,0.5012135922330098,-108.0,0.5192307692307693,loss,0.0,-1.0,-3.322072220901635,45.08757844649062,7.5,43.5,0.5,1510,0.5003933446304262,1510,202505.0,platt
2025_06_DEN_NYJ,2025,6,202506,total,under,0.4987864077669902,-112.0,0.5283018867924528,win,1.0,0.8928571428571429,-3.322072220901635,45.08757844649062,7.5,43.5,0.5,1510,0.49960665536957366,1510,202505.0,platt
2025_06_DET_KC,2025,6,202506,spread,away,0.6966019417475728,-105.0,0.5121951219512195,loss,0.0,-1.0,-4.035103934178592,51.02902558292152,-2.5,51.5,0.5584415584415584,1484,0.522271367567049,1484,202505.0,platt
2025_06_DET_KC,2025,6,202506,spread,home,0.3033980582524271,-115.0,0.5348837209302325,win,1.0,0.8695652173913043,-4.035103934178592,51.02902558292152,-2.5,51.5,0.4415584415584415,1484,0.47772863243295094,1484,202505.0,platt
2025_06_DET_KC,2025,6,202506,total,over,0.4344660194174757,-115.0,0.5348837209302325,loss,0.0,-1.0,-4.035103934178592,51.02902558292152,-2.5,51.5,0.448780487804878,1510,0.4786495196079211,1510,202505.0,platt
2025_06_DET_KC,2025,6,202506,total,under,0.5655339805825244,-105.0,0.5121951219512195,win,1.0,0.9523809523809524,-4.035103934178592,51.02902558292152,-2.5,51.5,0.551219512195122,1510,0.521350480392079,1510,202505.0,platt
2025_06_LAC_MIA,2025,6,202506,spread,away,0.3640776699029125,-115.0,0.5348837209302325,loss,0.0,-1.0,-0.4107435784100293,46.50277190394163,3.5,45.5,0.4925373134328357,1484,0.48505060404078787,1484,202505.0,platt
2025_06_LAC_MIA,2025,6,202506,spread,home,0.6359223300970874,-105.0,0.5121951219512195,win,1.0,0.9523809523809524,-0.4107435784100293,46.50277190394163,3.5,45.5,0.5074626865671642,1484,0.5149493959592121,1484,202505.0,platt
2025_06_LAC_MIA,2025,6,202506,total,over,0.4890776699029126,-105.0,0.5121951219512195,win,1.0,0.9523809523809524,-0.4107435784100293,46.50277190394163,3.5,45.5,0.5,1510,0.49645940046901926,1510,202505.0,platt
2025_06_LAC_MIA,2025,6,202506,total,under,0.5109223300970873,-115.0,0.5348837209302325,loss,0.0,-1.0,-0.4107435784100293,46.50277190394163,3.5,45.5,0.5,1510,0.5035405995309806,1510,202505.0,platt
2025_06_LA_BAL,2025,6,202506,spread,away,0.2160194174757281,-105.0,0.5121951219512195,win,1.0,0.9523809523809524,1.1293382069784863,46.18002285206907,7.0,43.5,0.4415584415584415,1484,0.465492568660998,1484,202505.0,platt
2025_06_LA_BAL,2025,6,202506,spread,home,0.7839805825242718,-115.0,0.5348837209302325,loss,0.0,-1.0,1.1293382069784863,46.18002285206907,7.0,43.5,0.5584415584415584,1484,0.534507431339002,1484,202505.0,platt
2025_06_LA_BAL,2025,6,202506,total,over,0.5242718446601942,-112.0,0.5283018867924528,loss,0.0,-1.0,1.1293382069784863,46.18002285206907,7.0,43.5,0.5248868778280543,1510,0.5078724163209305,1510,202505.0,platt
2025_06_LA_BAL,2025,6,202506,total,under,0.4757281553398058,-108.0,0.5192307692307693,win,1.0,0.925925925925926,1.1293382069784863,46.18002285206907,7.0,43.5,0.4751131221719457,1510,0.49212758367906956,1510,202505.0,platt
2025_06_NE_NO,2025,6,202506,spread,away,0.4053398058252427,-105.0,0.5121951219512195,win,1.0,0.9523809523809524,-1.687975066423805,48.36076980318957,3.5,46.5,0.4974619289340102,1484,0.48972498125662983,1484,202505.0,platt
2025_06_NE_NO,2025,6,202506,spread,home,0.5946601941747572,-115.0,0.5348837209302325,loss,0.0,-1.0,-1.687975066423805,48.36076980318957,3.5,46.5,0.5025380710659898,1484,0.5102750187433701,1484,202505.0,platt
2025_06_NE_NO,2025,6,202506,total,over,0.5072815533980582,-105.0,0.5121951219512195,loss,0.0,-1.0,-1.687975066423805,48.36076980318957,3.5,46.5,0.5,1510,0.5023602129694072,1510,202505.0,platt
2025_06_NE_NO,2025,6,202506,total,under,0.4927184466019417,-115.0,0.5348837209302325,win,1.0,0.8695652173913043,-1.687975066423805,48.36076980318957,3.5,46.5,0.5,1510,0.49763978703059275,1510,202505.0,platt
2025_06_PHI_NYG,2025,6,202506,spread,away,0.4308252427184466,-120.0,0.5454545454545454,loss,0.0,-1.0,-5.888672852295638,42.69463659925098,7.0,40.5,0.4974619289340102,1484,0.49253353935719923,1484,202505.0,platt
2025_06_PHI_NYG,2025,6,202506,spread,home,0.5691747572815534,100.0,0.5,win,1.0,1.0,-5.888672852295638,42.69463659925098,7.0,40.5,0.5025380710659898,1484,0.5074664606428008,1484,202505.0,platt
2025_06_PHI_NYG,2025,6,202506,total,over,0.5157766990291263,-115.0,0.5348837209302325,win,1.0,0.8695652173913043,-5.888672852295638,42.69463659925098,7.0,40.5,0.5248868778280543,1510,0.5051149907993815,1510,202505.0,platt
2025_06_PHI_NYG,2025,6,202506,total,under,0.4842233009708737,-105.0,0.5121951219512195,loss,0.0,-1.0,-5.888672852295638,42.69463659925098,7.0,40.5,0.4751131221719457,1510,0.49488500920061834,1510,202505.0,platt
2025_06_SEA_JAX,2025,6,202506,spread,away,0.5024271844660194,100.0,0.5,win,1.0,1.0,-2.298802998856174,48.20246017894508,1.5,47.5,0.5000000000000002,1484,0.5002603223386576,1484,202505.0,platt
2025_06_SEA_JAX,2025,6,202506,spread,home,0.4975728155339806,-120.0,0.5454545454545454,loss,0.0,-1.0,-2.298802998856174,48.20246017894508,1.5,47.5,0.5000000000000002,1484,0.4997396776613425,1484,202505.0,platt
2025_06_SEA_JAX,2025,6,202506,total,over,0.4793689320388349,-105.0,0.5121951219512195,loss,0.0,-1.0,-2.298802998856174,48.20246017894508,1.5,47.5,0.4751131221719457,1510,0.4933097535366364,1510,202505.0,platt
2025_06_SEA_JAX,2025,6,202506,total,under,0.520631067961165,-115.0,0.5348837209302325,win,1.0,0.8695652173913043,-2.298802998856174,48.20246017894508,1.5,47.5,0.5248868778280543,1510,0.5066902464633636,1510,202505.0,platt
2025_06_SF_TB,2025,6,202506,spread,away,0.470873786407767,-105.0,0.5121951219512195,loss,0.0,-1.0,3.714193579620448,50.31850285267553,-3.5,46.5,0.4974619289340102,1484,0.4968726563361205,1484,202505.0,platt
2025_06_SF_TB,2025,6,202506,spread,home,0.529126213592233,-115.0,0.5348837209302325,win,1.0,0.8695652173913043,3.714193579620448,50.31850285267553,-3.5,46.5,0.5025380710659898,1484,0.5031273436638796,1484,202505.0,platt
2025_06_SF_TB,2025,6,202506,total,over,0.5643203883495146,-115.0,0.5348837209302325,win,1.0,0.8695652173913043,3.714193579620448,50.31850285267553,-3.5,46.5,0.551219512195122,1510,0.5209511058066288,1510,202505.0,platt
2025_06_SF_TB,2025,6,202506,total,under,0.4356796116504854,-105.0,0.5121951219512195,loss,0.0,-1.0,3.714193579620448,50.31850285267553,-3.5,46.5,0.448780487804878,1510,0.47904889419337116,1510,202505.0,platt
2025_06_TEN_LV,2025,6,202506,spread,away,0.3640776699029125,-110.0,0.5238095238095238,loss,0.0,-1.0,6.509009343653375,38.66609672034007,-3.5,41.5,0.4925373134328357,1484,0.48505060404078787,1484,202505.0,platt
2025_06_TEN_LV,2025,6,202506,spread,home,0.6359223300970874,-110.0,0.5238095238095238,win,1.0,0.9090909090909092,6.509009343653375,38.66609672034007,-3.5,41.5,0.5074626865671642,1484,0.5149493959592121,1484,202505.0,platt
2025_06_TEN_LV,2025,6,202506,total,over,0.3640776699029126,-115.0,0.5348837209302325,loss,0.0,-1.0,6.509009343653375,38.66609672034007,-3.5,41.5,0.448780487804878,1510,0.45493211244175186,1510,202505.0,platt
2025_06_TEN_LV,2025,6,202506,total,under,0.6359223300970873,-105.0,0.5121951219512195,win,1.0,0.9523809523809524,6.509009343653375,38.66609672034007,-3.5,41.5,0.551219512195122,1510,0.5450678875582482,1510,202505.0,platt
2025_07_ATL_SF,2025,7,202507,spread,away,0.5346062052505967,-120.0,0.5454545454545454,loss,0.0,-1.0,-0.0285751979927604,44.35799774931866,-1.5,46.5,0.5075,1512,0.5037375636088094,1512,202506.0,platt
2025_07_ATL_SF,2025,7,202507,spread,home,0.4653937947494033,100.0,0.5,win,1.0,1.0,-0.0285751979927604,44.35799774931866,-1.5,46.5,0.4925,1512,0.4962624363911907,1512,202506.0,platt
2025_07_ATL_SF,2025,7,202507,total,over,0.383054892601432,-108.0,0.5192307692307693,loss,0.0,-1.0,-0.0285751979927604,44.35799774931866,-1.5,46.5,0.4433734939759036,1538,0.4591415952585686,1538,202506.0,platt
2025_07_ATL_SF,2025,7,202507,total,under,0.616945107398568,-112.0,0.5283018867924528,win,1.0,0.8928571428571429,-0.0285751979927604,44.35799774931866,-1.5,46.5,0.5566265060240964,1538,0.5408584047414314,1538,202506.0,platt
2025_07_CAR_NYJ,2025,7,202507,spread,away,0.4928400954653937,-125.0,0.5555555555555556,win,1.0,0.8,0.8566382813361824,43.47944791458207,-1.5,39.5,0.5,1512,0.49922788078990055,1512,202506.0,platt
2025_07_CAR_NYJ,2025,7,202507,spread,home,0.5071599045346062,105.0,0.4878048780487805,loss,0.0,-1.0,0.8566382813361824,43.47944791458207,-1.5,39.5,0.5,1512,0.5007721192100995,1512,202506.0,platt
2025_07_CAR_NYJ,2025,7,202507,total,over,0.5751789976133651,-118.0,0.5412844036697247,loss,0.0,-1.0,0.8566382813361824,43.47944791458207,-1.5,39.5,0.5566265060240964,1538,0.5260114659483914,1538,202506.0,platt
2025_07_CAR_NYJ,2025,7,202507,total,under,0.4248210023866349,-102.0,0.504950495049505,win,1.0,0.9803921568627452,0.8566382813361824,43.47944791458207,-1.5,39.5,0.4433734939759036,1538,0.47398853405160857,1538,202506.0,platt
2025_07_GB_ARI,2025,7,202507,spread,away,0.3723150357995226,-115.0,0.5348837209302325,loss,0.0,-1.0,-4.359660393367644,51.64200097686763,7.0,44.5,0.4817518248175182,1512,0.4859236065059152,1512,202506.0,platt
2025_07_GB_ARI,2025,7,202507,spread,home,0.6276849642004774,-105.0,0.5121951219512195,win,1.0,0.9523809523809524,-4.359660393367644,51.64200097686763,7.0,44.5,0.5182481751824818,1512,0.5140763934940847,1512,202506.0,platt
2025_07_GB_ARI,2025,7,202507,total,over,0.684964200477327,-110.0,0.5238095238095238,win,1.0,0.9090909090909092,-4.359660393367644,51.64200097686763,7.0,44.5,0.625,1538,0.5663390937244985,1538,202506.0,platt
2025_07_GB_ARI,2025,7,202507,total,under,0.315035799522673,-110.0,0.5238095238095238,loss,0.0,-1.0,-4.359660393367644,51.64200097686763,7.0,44.5,0.375,1538,0.43366090627550147,1538,202506.0,platt
2025_07_HOU_SEA,2025,7,202507,spread,away,0.4821002386634845,-110.0,0.5238095238095238,loss,0.0,-1.0,2.8548600441752106,45.797146451086775,-3.0,41.5,0.4925,1512,0.498069016782179,1512,202506.0,platt
2025_07_HOU_SEA,2025,7,202507,spread,home,0.5178997613365155,-110.0,0.5238095238095238,win,1.0,0.9090909090909092,2.8548600441752106,45.797146451086775,-3.0,41.5,0.5075,1512,0.501930983217821,1512,202506.0,platt
2025_07_HOU_SEA,2025,7,202507,total,over,0.5894988066825776,-110.0,0.5238095238095238,win,1.0,0.9090909090909092,2.8548600441752106,45.797146451086775,-3.0,41.5,0.5566265060240964,1538,0.5310539701812619,1538,202506.0,platt
2025_07_HOU_SEA,2025,7,202507,total,under,0.4105011933174224,-110.0,0.5238095238095238,loss,0.0,-1.0,2.8548600441752106,45.797146451086775,-3.0,41.5,0.4433734939759036,1538,0.4689460298187381,1538,202506.0,platt
2025_07_IND_LAC,2025,7,202507,spread,away,0.5966587112171837,-108.0,0.5192307692307693,win,1.0,0.925925925925926,-0.6298814702675164,49.342866266108445,-2.5,48.5,0.5075,1512,0.5105541689300788,1512,202506.0,platt
2025_07_IND_LAC,2025,7,202507,spread,home,0.4033412887828162,-112.0,0.5283018867924528,loss,0.0,-1.0,-0.6298814702675164,49.342866266108445,-2.5,48.5,0.4925,1512,0.48944583106992123,1512,202506.0,platt
2025_07_IND_LAC,2025,7,202507,total,over,0.4832935560859188,-110.0,0.5238095238095238,win,1.0,0.9090909090909092,-0.6298814702675164,49.342866266108445,-2.5,48.5,0.4778761061946903,1538,0.4942564306445635,1538,202506.0,platt
2025_07_IND_LAC,2025,7,202507,total,under,0.5167064439140812,-110.0,0.5238095238095238,loss,0.0,-1.0,-0.6298814702675164,49.342866266108445,-2.5,48.5,0.5221238938053097,1538,0.5057435693554366,1538,202506.0,platt
2025_07_LA_JAX,2025,7,202507,spread,away,0.4904534606205251,-115.0,0.5348837209302325,win,1.0,0.8695652173913043,-3.4586256012820344,44.6977559078523,3.0,44.5,0.5,1512,0.4989704536107658,1512,202506.0,platt
2025_07_LA_JAX,2025,7,202507,spread,home,0.5095465393794749,-105.0,0.5121951219512195,loss,0.0,-1.0,-3.4586256012820344,44.6977559078523,3.0,44.5,0.5,1512,0.5010295463892341,1512,202506.0,platt
2025_07_LA_JAX,2025,7,202507,total,over,0.4606205250596659,-115.0,0.5348837209302325,loss,0.0,-1.0,-3.4586256012820344,44.6977559078523,3.0,44.5,0.4778761061946903,1538,0.4864412676461491,1538,202506.0,platt
2025_07_LA_JAX,2025,7,202507,total,under,0.5393794749403341,-105.0,0.5121951219512195,win,1.0,0.9523809523809524,-3.4586256012820344,44.6977559078523,3.0,44.5,0.5221238938053097,1538,0.513558732353851,1538,202506.0,platt
2025_07_LV_KC,2025,7,202507,spread,away,0.6133651551312649,-115.0,0.5348837209302325,loss,0.0,-1.0,9.710347181857353,46.55869086708248,-13.5,44.5,0.5182481751824818,1512,0.5124380080539308,1512,202506.0,platt
2025_07_LV_KC,2025,7,202507,spread,home,0.386634844868735,-105.0,0.5121951219512195,win,1.0,0.9523809523809524,9.710347181857353,46.55869086708248,-13.5,44.5,0.4817518248175182,1512,0.4875619919460692,1512,202506.0,platt
2025_07_LV_KC,2025,7,202507,total,over,0.5107398568019093,-105.0,0.5121951219512195,loss,0.0,-1.0,9.710347181857353,46.55869086708248,-13.5,44.5,0.5,1538,0.5036915832207421,1538,202506.0,platt
2025_07_LV_KC,2025,7,202507,total,under,0.4892601431980907,-115.0,0.5348837209302325,win,1.0,0.8695652173913043,9.710347181857353,46.55869086708248,-13.5,44.5,0.5,1538,0.4963084167792579,1538,202506.0,platt
2025_07_MIA_CLE,2025,7,202507,spread,away,0.7494033412887828,-102.0,0.504950495049505,loss,0.0,-1.0,-5.635231148393903,42.07534493294356,-2.5,34.5,0.546583850931677,1512,0.5294963924677699,1512,202506.0,platt
2025_07_MIA_CLE,2025,7,202507,spread,home,0.2505966587112171,-118.0,0.5412844036697247,win,1.0,0.847457627118644,-5.635231148393903,42.07534493294356,-2.5,34.5,0.453416149068323,1512,0.4705036075322301,1512,202506.0,platt
2025_07_MIA_CLE,2025,7,202507,total,over,0.6921241050119332,-108.0,0.5192307692307693,win,1.0,0.925925925925926,-5.635231148393903,42.07534493294356,-2.5,34.5,0.625,1538,0.5691551425180413,1538,202506.0,platt
2025_07_MIA_CLE,2025,7,202507,total,under,0.3078758949880668,-112.0,0.5283018867924528,loss,0.0,-1.0,-5.635231148393903,42.07534493294356,-2.5,34.5,0.375,1538,0.4308448574819586,1538,202506.0,platt
2025_07_NE_TEN,2025,7,202507,spread,away,0.5489260143198091,-108.0,0.5192307692307693,win,1.0,0.925925925925926,-8.351660348886089,40.05855382765099,6.5,40.5,0.5075,1512,0.5052925298015928,1512,202506.0,platt
2025_07_NE_TEN,2025,7,202507,spread,home,0.4510739856801909,-112.0,0.5283018867924528,loss,0.0,-1.0,-8.351660348886089,40.05855382765099,6.5,40.5,0.4925,1512,0.4947074701984073,1512,202506.0,platt
2025_07_NE_TEN,2025,7,202507,total,over,0.4343675417661098,-112.0,0.5283018867924528,win,1.0,0.8928571428571429,-8.351660348886089,40.05855382765099,6.5,40.5,0.4433734939759036,1538,0.4773280326053235,1538,202506.0,platt
2025_07_NE_TEN,2025,7,202507,total,under,0.5656324582338902,-108.0,0.5192307692307693,loss,0.0,-1.0,-8.351660348886089,40.05855382765099,6.5,40.5,0.5566265060240964,1538,0.5226719673946765,1538,202506.0,platt
2025_07_NO_CHI,2025,7,202507,spread,away,0.5632458233890214,-120.0,0.5454545454545454,loss,0.0,-1.0,2.238563174863459,42.98508771032571,-4.5,43.5,0.5075,1512,0.5068562222603927,1512,202506.0,platt
2025_07_NO_CHI,2025,7,202507,spread,home,0.4367541766109785,100.0,0.5,win,1.0,1.0,2.238563174863459,42.98508771032571,-4.5,43.5,0.4925,1512,0.49314377773960727,1512,202506.0,platt
2025_07_NO_CHI,2025,7,202507,total,over,0.431980906921241,-110.0,0.5238095238095238,loss,0.0,-1.0,2.238563174863459,42.98508771032571,-4.5,43.5,0.4433734939759036,1538,0.4764946531449637,1538,202506.0,platt
2025_07_NO_CHI,2025,7,202507,total,under,0.568019093078759,-110.0,0.5238095238095238,win,1.0,0.9090909090909092,2.238563174863459,42.98508771032571,-4.5,43.5,0.5566265060240964,1538,0.5235053468550365,1538,202506.0,platt
2025_07_NYG_DEN,2025,7,202507,spread,away,0.4844868735083532,-105.0,0.5121951219512195,win,1.0,0.9523809523809524,7.317594955167058,41.43557703472038,-7.5,39.5,0.4925,1512,0.498326657241332,1512,202506.0,platt
2025_07_NYG_DEN,2025,7,202507,spread,home,0.5155131264916468,-115.0,0.5348837209302325,loss,0.0,-1.0,7.317594955167058,41.43557703472038,-7.5,39.5,0.5075,1512,0.501673342758668,1512,202506.0,platt
2025_07_NYG_DEN,2025,7,202507,total,over,0.5083532219570406,-115.0,0.5348837209302325,win,1.0,0.8695652173913043,7.317594955167058,41.43557703472038,-7.5,39.5,0.5,1538,0.5028710775079598,1538,202506.0,platt
2025_07_NYG_DEN,2025,7,202507,total,under,0.4916467780429594,-105.0,0.5121951219512195,loss,0.0,-1.0,7.317594955167058,41.43557703472038,-7.5,39.5,0.5,1538,0.49712892249204016,1538,202506.0,platt
2025_07_PHI_MIN,2025,7,202507,spread,away,0.3627684964200477,-110.0,0.5238095238095238,win,1.0,0.9090909090909092,0.5297763403372878,47.49469097670085,2.5,43.5,0.4817518248175182,1512,0.4848173863840941,1512,202506.0,platt
2025_07_PHI_MIN,2025,7,202507,spread,home,0.6372315035799523,-110.0,0.5238095238095238,loss,0.0,-1.0,0.5297763403372878,47.49469097670085,2.5,43.5,0.5182481751824818,1512,0.5151826136159059,1512,202506.0,platt
2025_07_PHI_MIN,2025,7,202507,total,over,0.5763723150357996,-115.0,0.5348837209302325,win,1.0,0.8695652173913043,0.5297763403372878,47.49469097670085,2.5,43.5,0.5566265060240964,1538,0.5264300730230954,1538,202506.0,platt
2025_07_PHI_MIN,2025,7,202507,total,under,0.4236276849642004,-105.0,0.5121951219512195,loss,0.0,-1.0,0.5297763403372878,47.49469097670085,2.5,43.5,0.4433734939759036,1538,0.47356992697690453,1538,202506.0,platt
2025_07_PIT_CIN,2025,7,202507,spread,away,0.3556085918854416,-105.0,0.5121951219512195,loss,0.0,-1.0,-2.156373010755172,45.48266132753725,5.5,45.5,0.4817518248175182,1512,0.48397960642123106,1512,202506.0,platt
2025_07_PIT_CIN,2025,7,202507,spread,home,0.6443914081145584,-115.0,0.5348837209302325,win,1.0,0.8695652173913043,-2.156373010755172,45.48266132753725,5.5,45.5,0.5182481751824818,1512,0.516020393578769,1512,202506.0,platt
2025_07_PIT_CIN,2025,7,202507,total,over,0.4510739856801909,-105.0,0.5121951219512195,win,1.0,0.9523809523809524,-2.156373010755172,45.48266132753725,5.5,45.5,0.4778761061946903,1538,0.4831374878619288,1538,202506.0,platt
2025_07_PIT_CIN,2025,7,202507,total,under,0.5489260143198091,-115.0,0.5348837209302325,loss,0.0,-1.0,-2.156373010755172,45.48266132753725,5.5,45.5,0.5221238938053097,1538,0.5168625121380712,1538,202506.0,platt
2025_07_TB_DET,2025,7,202507,spread,away,0.5286396181384247,-112.0,0.5283018867924528,loss,0.0,-1.0,4.7980396362893245,59.14778801742321,-6.0,54.5,0.5075,1512,0.5030916128869839,1512,202506.0,platt
2025_07_TB_DET,2025,7,202507,spread,home,0.4713603818615752,-108.0,0.5192307692307693,win,1.0,0.925925925925926,4.7980396362893245,59.14778801742321,-6.0,54.5,0.4925,1512,0.49690838711301627,1512,202506.0,platt
2025_07_TB_DET,2025,7,202507,total,over,0.6050119331742243,-105.0,0.5121951219512195,loss,0.0,-1.0,4.7980396362893245,59.14778801742321,-6.0,54.5,0.5566265060240964,1538,0.5365703172186074,1538,202506.0,platt
2025_07_TB_DET,2025,7,202507,total,under,0.3949880668257757,-115.0,0.5348837209302325,win,1.0,0.8695652173913043,4.7980396362893245,59.14778801742321,-6.0,54.5,0.4433734939759036,1538,0.46342968278139257,1538,202506.0,platt
2025_07_WAS_DAL,2025,7,202507,spread,away,0.6646778042959427,-108.0,0.5192307692307693,loss,0.0,-1.0,-3.682191568130502,53.9603524426513,-1.5,54.5,0.546583850931677,1512,0.5184365913140424,1512,202506.0,platt
2025_07_WAS_DAL,2025,7,202507,spread,home,0.3353221957040573,-112.0,0.5283018867924528,win,1.0,0.8928571428571429,-3.682191568130502,53.9603524426513,-1.5,54.5,0.453416149068323,1512,0.48156340868595765,1512,202506.0,platt
2025_07_WAS_DAL,2025,7,202507,total,over,0.4284009546539379,-112.0,0.5283018867924528,win,1.0,0.8928571428571429,-3.682191568130502,53.9603524426513,-1.5,54.5,0.4433734939759036,1538,0.4752427494050623,1538,202506.0,platt
2025_07_WAS_DAL,2025,7,202507,total,under,0.571599045346062,-108.0,0.5192307692307693,loss,0.0,-1.0,-3.682191568130502,53.9603524426513,-1.5,54.5,0.5566265060240964,1538,0.5247572505949377,1538,202506.0,platt
2025_08_BUF_CAR,2025,8,202508,spread,away,0.4267291910902696,-115.0,0.5348837209302325,win,1.0,0.8695652173913043,-5.75718759540594,46.790639334161895,7.0,47.5,0.4950819672131147,1542,0.4933552476111223,1542,202507.0,platt
2025_08_BUF_CAR,2025,8,202508,spread,home,0.5732708089097304,-105.0,0.5121951219512195,loss,0.0,-1.0,-5.75718759540594,46.790639334161895,7.0,47.5,0.5049180327868853,1542,0.5066447523888777,1542,202507.0,platt
2025_08_BUF_CAR,2025,8,202508,total,over,0.4208675263774912,-112.0,0.5283018867924528,win,1.0,0.8928571428571429,-5.75718759540594,46.790639334161895,7.0,47.5,0.4444444444444444,1568,0.47113548299866503,1568,202507.0,platt
2025_08_BUF_CAR,2025,8,202508,total,under,0.5791324736225087,-108.0,0.5192307692307693,loss,0.0,-1.0,-5.75718759540594,46.790639334161895,7.0,47.5,0.5555555555555556,1568,0.528864517001335,1568,202507.0,platt
2025_08_CHI_BAL,2025,8,202508,spread,away,0.406799531066823,-102.0,0.504950495049505,loss,0.0,-1.0,4.273961956543478,45.00085162916,-2.5,45.5,0.4897959183673469,1542,0.4915097796767201,1542,202507.0,platt
2025_08_CHI_BAL,2025,8,202508,spread,home,0.593200468933177,-118.0,0.5412844036697247,win,1.0,0.847457627118644,4.273961956543478,45.00085162916,-2.5,45.5,0.5102040816326531,1542,0.5084902203232798,1542,202507.0,platt
2025_08_CHI_BAL,2025,8,202508,total,over,0.4314185228604923,-108.0,0.5192307692307693,win,1.0,0.925925925925926,4.273961956543478,45.00085162916,-2.5,45.5,0.4444444444444444,1568,0.4750300247677424,1568,202507.0,platt
2025_08_CHI_BAL,2025,8,202508,total,under,0.5685814771395077,-112.0,0.5283018867924528,loss,0.0,-1.0,4.273961956543478,45.00085162916,-2.5,45.5,0.5555555555555556,1568,0.5249699752322576,1568,202507.0,platt
2025_08_CLE_NE,2025,8,202508,spread,away,0.3528722157092614,-115.0,0.5348837209302325,loss,0.0,-1.0,10.498066894953752,43.67924454596452,-7.0,40.5,0.4822695035460992,1542,0.48635248134529313,1542,202507.0,platt
2025_08_CLE_NE,2025,8,202508,spread,home,0.6471277842907386,-105.0,0.5121951219512195,win,1.0,0.9523809523809524,10.498066894953752,43.67924454596452,-7.0,40.5,0.5177304964539007,1542,0.5136475186547069,1542,202507.0,platt
2025_08_CLE_NE,2025,8,202508,total,over,0.5486518171160609,-105.0,0.5121951219512195,win,1.0,0.9523809523809524,10.498066894953752,43.67924454596452,-7.0,40.5,0.519650655021834,1568,0.5176653091646478,1568,202507.0,platt
2025_08_CLE_NE,2025,8,202508,total,under,0.4513481828839391,-115.0,0.5348837209302325,loss,0.0,-1.0,10.498066894953752,43.67924454596452,-7.0,40.5,0.4803493449781659,1568,0.48233469083535213,1568,202507.0,platt
2025_08_DAL_DEN,2025,8,202508,spread,away,0.4044548651817116,-110.0,0.5238095238095238,loss,0.0,-1.0,5.331308230553699,50.56712445147277,-3.5,51.5,0.4897959183673469,1542,0.49129093159080456,1542,202507.0,platt
2025_08_DAL_DEN,2025,8,202508,spread,home,0.5955451348182884,-110.0,0.5238095238095238,win,1.0,0.9090909090909092,5.331308230553699,50.56712445147277,-3.5,51.5,0.5102040816326531,1542,0.5087090684091954,1542,202507.0,platt
2025_08_DAL_DEN,2025,8,202508,total,over,0.4126611957796014,-110.0,0.5238095238095238,win,1.0,0.9090909090909092,5.331308230553699,50.56712445147277,-3.5,51.5,0.4444444444444444,1568,0.46809050713924305,1568,202507.0,platt
2025_08_DAL_DEN,2025,8,202508,total,under,0.5873388042203986,-110.0,0.5238095238095238,loss,0.0,-1.0,5.331308230553699,50.56712445147277,-3.5,51.5,0.5555555555555556,1568,0.531909492860757,1568,202507.0,platt
2025_08_GB_PIT,2025,8,202508,spread,away,0.5322391559202814,100.0,0.5,win,1.0,1.0,-4.391249732846731,49.04330564393096,3.0,46.5,0.5049180327868853,1542,0.5029068126048155,1542,202507.0,platt
2025_08_GB_PIT,2025,8,202508,spread,home,0.4677608440797186,-120.0,0.5454545454545454,loss,0.0,-1.0,-4.391249732846731,49.04330564393096,3.0,46.5,0.4950819672131147,1542,0.49709318739518443,1542,202507.0,platt
2025_08_GB_PIT,2025,8,202508,total,over,0.5216881594372802,-105.0,0.5121951219512195,win,1.0,0.9523809523809524,-4.391249732846731,49.04330564393096,3.0,46.5,0.519650655021834,1568,0.507857533268648,1568,202507.0,platt
2025_08_GB_PIT,2025,8,202508,total,under,0.4783118405627198,-115.0,0.5348837209302325,loss,0.0,-1.0,-4.391249732846731,49.04330564393096,3.0,46.5,0.4803493449781659,1568,0.4921424667313519,1568,202507.0,platt
2025_08_MIA_ATL,2025,8,202508,spread,away,0.52989449003517,-115.0,0.5348837209302325,win,1.0,0.8695652173913043,5.70100244405756,48.59138022702548,-7.0,44.5,0.5049180327868853,1542,0.502694887042581,1542,202507.0,platt
2025_08_MIA_ATL,2025,8,202508,spread,home,0.47010550996483,-105.0,0.5121951219512195,loss,0.0,-1.0,5.70100244405756,48.59138022702548,-7.0,44.5,0.4950819672131147,1542,0.497305112957419,1542,202507.0,platt
2025_08_MIA_ATL,2025,8,202508,total,over,0.5826494724501758,-105.0,0.5121951219512195,loss,0.0,-1.0,5.70100244405756,48.59138022702548,-7.0,44.5,0.5555555555555556,1568,0.530167692755269,1568,202507.0,platt
2025_08_MIA_ATL,2025,8,202508,total,under,0.4173505275498241,-115.0,0.5348837209302325,win,1.0,0.8695652173913043,5.70100244405756,48.59138022702548,-7.0,44.5,0.4444444444444444,1568,0.46983230724473096,1568,202507.0,platt
2025_08_MIN_LAC,2025,8,202508,spread,away,0.5744431418522861,100.0,0.5,loss,0.0,-1.0,0.4748049503744057,45.50623542256395,-3.0,45.5,0.5049180327868853,1542,0.5067526444562089,1542,202507.0,platt
2025_08_MIN_LAC,2025,8,202508,spread,home,0.4255568581477139,-120.0,0.5454545454545454,win,1.0,0.8333333333333334,0.4748049503744057,45.50623542256395,-3.0,45.5,0.4950819672131147,1542,0.49324735554379107,1542,202507.0,platt
2025_08_MIN_LAC,2025,8,202508,total,over,0.4536928487690504,-110.0,0.5238095238095238,win,1.0,0.9090909090909092,0.4748049503744057,45.50623542256395,-3.0,45.5,0.4803493449781659,1568,0.48319039922532014,1568,202507.0,platt
2025_08_MIN_LAC,2025,8,202508,total,under,0.5463071512309496,-110.0,0.5238095238095238,loss,0.0,-1.0,0.4748049503744057,45.50623542256395,-3.0,45.5,0.519650655021834,1568,0.5168096007746799,1568,202507.0,platt
2025_08_NYG_PHI,2025,8,202508,spread,away,0.4982415005861664,-102.0,0.504950495049505,loss,0.0,-1.0,6.2476427409381365,45.10095133201975,-7.0,43.5,0.5000000000000001,1542,0.499841664124055,1542,202507.0,platt
2025_08_NYG_PHI,2025,8,202508,spread,home,0.5017584994138335,-118.0,0.5412844036697247,win,1.0,0.847457627118644,6.2476427409381365,45.10095133201975,-7.0,43.5,0.5000000000000001,1542,0.5001583358759449,1542,202507.0,platt
2025_08_NYG_PHI,2025,8,202508,total,over,0.5017584994138335,-112.0,0.5283018867924528,win,1.0,0.8928571428571429,6.2476427409381365,45.10095133201975,-7.0,43.5,0.5,1568,0.5006367522267025,1568,202507.0,platt
2025_08_NYG_PHI,2025,8,202508,total,under,0.4982415005861664,-108.0,0.5192307692307693,loss,0.0,-1.0,6.2476427409381365,45.10095133201975,-7.0,43.5,0.5,1568,0.4993632477732976,1568,202507.0,platt
2025_08_NYJ_CIN,2025,8,202508,spread,away,0.6131301289566237,-112.0,0.5283018867924528,win,1.0,0.8928571428571429,1.6233233814425183,45.04279245283427,-5.5,43.5,0.5177304964539007,1542,0.5103641145240375,1542,202507.0,platt
2025_08_NYJ_CIN,2025,8,202508,spread,home,0.3868698710433763,-108.0,0.5192307692307693,loss,0.0,-1.0,1.6233233814425183,45.04279245283427,-5.5,43.5,0.4822695035460992,1542,0.48963588547596243,1542,202507.0,platt
2025_08_NYJ_CIN,2025,8,202508,total,over,0.4982415005861664,-118.0,0.5412844036697247,win,1.0,0.847457627118644,1.6233233814425183,45.04279245283427,-5.5,43.5,0.5,1568,0.4993632477732976,1568,202507.0,platt
2025_08_NYJ_CIN,2025,8,202508,total,under,0.5017584994138335,-102.0,0.504950495049505,loss,0.0,-1.0,1.6233233814425183,45.04279245283427,-5.5,43.5,0.5,1568,0.5006367522267025,1568,202507.0,platt
2025_08_SF_HOU,2025,8,202508,spread,away,0.5615474794841735,100.0,0.5,loss,0.0,-1.0,0.2770076665549126,44.815650004993394,-2.5,41.5,0.5049180327868853,1542,0.5055697499810177,1542,202507.0,platt
2025_08_SF_HOU,2025,8,202508,spread,home,0.4384525205158265,-120.0,0.5454545454545454,win,1.0,0.8333333333333334,0.2770076665549126,44.815650004993394,-2.5,41.5,0.4950819672131147,1542,0.49443025001898233,1542,202507.0,platt
2025_08_SF_HOU,2025,8,202508,total,over,0.5509964830011723,-108.0,0.5192307692307693,loss,0.0,-1.0,0.2770076665549126,44.815650004993394,-2.5,41.5,0.519650655021834,1568,0.5185217025515315,1568,202507.0,platt
2025_08_SF_HOU,2025,8,202508,total,under,0.4490035169988277,-112.0,0.5283018867924528,win,1.0,0.8928571428571429,0.2770076665549126,44.815650004993394,-2.5,41.5,0.4803493449781659,1568,0.48147829744846843,1568,202507.0,platt
2025_08_TEN_IND,2025,8,202508,spread,away,0.5005861664712778,-115.0,0.5348837209302325,loss,0.0,-1.0,14.727074475839808,46.699660595199646,-15.5,47.5,0.5000000000000001,1542,0.5000527784334502,1542,202507.0,platt
2025_08_TEN_IND,2025,8,202508,spread,home,0.4994138335287221,-105.0,0.5121951219512195,win,1.0,0.9523809523809524,14.727074475839808,46.699660595199646,-15.5,47.5,0.5000000000000001,1542,0.4999472215665497,1542,202507.0,platt
2025_08_TEN_IND,2025,8,202508,total,over,0.4161781946072684,-118.0,0.5412844036697247,win,1.0,0.847457627118644,14.727074475839808,46.699660595199646,-15.5,47.5,0.4444444444444444,1568,0.4693973201190131,1568,202507.0,platt
2025_08_TEN_IND,2025,8,202508,total,under,0.5838218053927315,-102.0,0.504950495049505,loss,0.0,-1.0,14.727074475839808,46.699660595199646,-15.5,47.5,0.5555555555555556,1568,0.530602679880987,1568,202507.0,platt
2025_08_WAS_KC,2025,8,202508,spread,away,0.6412661195779601,-105.0,0.5121951219512195,loss,0.0,-1.0,5.79404657659626,49.56656254166823,-10.5,48.5,0.5177304964539007,1542,0.513072257366836,1542,202507.0,platt
2025_08_WAS_KC,2025,8,202508,spread,home,0.3587338804220398,-115.0,0.5348837209302325,win,1.0,0.8695652173913043,5.79404657659626,49.56656254166823,-10.5,48.5,0.4822695035460992,1542,0.486927742633164,1542,202507.0,platt
2025_08_WAS_KC,2025,8,202508,total,over,0.4865181711606096,-105.0,0.5121951219512195,loss,0.0,-1.0,5.79404657659626,49.56656254166823,-10.5,48.5,0.4803493449781659,1568,0.4951172220533865,1568,202507.0,platt
2025_08_WAS_KC,2025,8,202508,total,under,0.5134818288393903,-115.0,0.5348837209302325,win,1.0,0.8695652173913043,5.79404657659626,49.56656254166823,-10.5,48.5,0.519650655021834,1568,0.5048827779466135,1568,202507.0,platt
2025_09_ARI_DAL,2025,9,202509,spread,away,0.5572254335260116,-115.0,0.5348837209302325,win,1.0,0.8695652173913043,1.3087737498789995,53.84167050131818,-3.5,53.5,0.5032258064516129,1566,0.5055042407728169,1566,202508.0,platt
2025_09_ARI_DAL,2025,9,202509,spread,home,0.4427745664739884,-105.0,0.5121951219512195,loss,0.0,-1.0,1.3087737498789995,53.84167050131818,-3.5,53.5,0.4967741935483871,1566,0.4944957592271832,1566,202508.0,platt
2025_09_ARI_DAL,2025,9,202509,total,over,0.4728323699421965,-115.0,0.5348837209302325,loss,0.0,-1.0,1.3087737498789995,53.84167050131818,-3.5,53.5,0.4786324786324786,1592,0.4908873789384805,1592,202508.0,platt
2025_09_ARI_DAL,2025,9,202509,total,under,0.5271676300578034,-105.0,0.5121951219512195,win,1.0,0.9523809523809524,1.3087737498789995,53.84167050131818,-3.5,53.5,0.5213675213675214,1592,0.5091126210615194,1592,202508.0,platt
2025_09_ATL_NE,2025,9,202509,spread,away,0.4901734104046242,-110.0,0.5238095238095238,win,1.0,0.9090909090909092,4.9379062377469305,46.08544322309946,-5.5,45.5,0.5,1566,0.49905881070212804,1566,202508.0,platt
2025_09_ATL_NE,2025,9,202509,spread,home,0.5098265895953757,-110.0,0.5238095238095238,loss,0.0,-1.0,4.9379062377469305,46.08544322309946,-5.5,45.5,0.5,1566,0.500941189297872,1566,202508.0,platt
2025_09_ATL_NE,2025,9,202509,total,over,0.4774566473988439,-108.0,0.5192307692307693,win,1.0,0.925925925925926,4.9379062377469305,46.08544322309946,-5.5,45.5,0.4786324786324786,1592,0.4924405246166802,1592,202508.0,platt
2025_09_ATL_NE,2025,9,202509,total,under,0.522543352601156,-112.0,0.5283018867924528,loss,0.0,-1.0,4.9379062377469305,46.08544322309946,-5.5,45.5,0.5213675213675214,1592,0.5075594753833198,1592,202508.0,platt
2025_09_BAL_MIA,2025,9,202509,spread,away,0.3433526011560693,-120.0,0.5454545454545454,win,1.0,0.8333333333333334,-3.7102638449209993,50.685281944952266,7.5,51.5,0.4601226993865031,1566,0.48448130948813933,1566,202508.0,platt
2025_09_BAL_MIA,2025,9,202509,spread,home,0.6566473988439306,100.0,0.5,loss,0.0,-1.0,-3.7102638449209993,50.685281944952266,7.5,51.5,0.5398773006134969,1566,0.5155186905118606,1566,202508.0,platt
2025_09_BAL_MIA,2025,9,202509,total,over,0.4208092485549133,-110.0,0.5238095238095238,loss,0.0,-1.0,-3.7102638449209993,50.685281944952266,7.5,51.5,0.4509345794392523,1592,0.4732611254809866,1592,202508.0,platt
2025_09_BAL_MIA,2025,9,202509,total,under,0.5791907514450867,-110.0,0.5238095238095238,win,1.0,0.9090909090909092,-3.7102638449209993,50.685281944952266,7.5,51.5,0.5490654205607476,1592,0.5267388745190135,1592,202508.0,platt
2025_09_CAR_GB,2025,9,202509,spread,away,0.4924855491329479,-102.0,0.504950495049505,win,1.0,0.9803921568627452,11.783978981586785,47.40405750436496,-12.5,43.5,0.5,1566,0.49928030514049837,1566,202508.0,platt
2025_09_CAR_GB,2025,9,202509,spread,home,0.507514450867052,-118.0,0.5412844036697247,loss,0.0,-1.0,11.783978981586785,47.40405750436496,-12.5,43.5,0.5,1566,0.5007196948595016,1566,202508.0,platt
2025_09_CAR_GB,2025,9,202509,total,over,0.5757225433526012,-105.0,0.5121951219512195,loss,0.0,-1.0,11.783978981586785,47.40405750436496,-12.5,43.5,0.5490654205607476,1592,0.5255512508112007,1592,202508.0,platt
2025_09_CAR_GB,2025,9,202509,total,under,0.4242774566473988,-115.0,0.5348837209302325,win,1.0,0.8695652173913043,11.783978981586785,47.40405750436496,-12.5,43.5,0.4509345794392523,1592,0.4744487491887993,1592,202508.0,platt
2025_09_CHI_CIN,2025,9,202509,spread,away,0.3364161849710982,-105.0,0.5121951219512195,win,1.0,0.9523809523809524,1.2055580683519838,48.69641745569977,3.0,51.5,0.4601226993865031,1566,0.4837418486995035,1566,202508.0,platt
2025_09_CHI_CIN,2025,9,202509,spread,home,0.6635838150289017,-115.0,0.5348837209302325,loss,0.0,-1.0,1.2055580683519838,48.69641745569977,3.0,51.5,0.5398773006134969,1566,0.5162581513004966,1566,202508.0,platt
2025_09_CHI_CIN,2025,9,202509,total,over,0.3630057803468208,-112.0,0.5283018867924528,win,1.0,0.8928571428571429,1.2055580683519838,48.69641745569977,3.0,51.5,0.4509345794392523,1592,0.4530247185833066,1592,202508.0,platt
2025_09_CHI_CIN,2025,9,202509,total,under,0.6369942196531793,-108.0,0.5192307692307693,loss,0.0,-1.0,1.2055580683519838,48.69641745569977,3.0,51.5,0.5490654205607476,1592,0.5469752814166934,1592,202508.0,platt
2025_09_DEN_HOU,2025,9,202509,spread,away,0.6473988439306358,-110.0,0.5238095238095238,win,1.0,0.9090909090909092,-3.4256722892201896,45.90958009982639,-1.5,40.5,0.5208333333333334,1566,0.5145435983781498,1566,202508.0,platt
2025_09_DEN_HOU,2025,9,202509,spread,home,0.3526011560693641,-110.0,0.5238095238095238,loss,0.0,-1.0,-3.4256722892201896,45.90958009982639,-1.5,40.5,0.4791666666666667,1566,0.4854564016218502,1566,202508.0,platt
2025_09_DEN_HOU,2025,9,202509,total,over,0.6369942196531792,-115.0,0.5348837209302325,loss,0.0,-1.0,-3.4256722892201896,45.90958009982639,-1.5,40.5,0.5490654205607476,1592,0.5469752814166934,1592,202508.0,platt
2025_09_DEN_HOU,2025,9,202509,total,under,0.3630057803468208,-105.0,0.5121951219512195,win,1.0,0.9523809523809524,-3.4256722892201896,45.90958009982639,-1.5,40.5,0.4509345794392523,1592,0.4530247185833066,1592,202508.0,platt
2025_09_IND_PIT,2025,9,202509,spread,away,0.5445086705202312,100.0,0.5,loss,0.0,-1.0,-5.422628368814895,50.25421054646907,3.5,51.5,0.5032258064516129,1566,0.5042736985287688,1566,202508.0,platt
2025_09_IND_PIT,2025,9,202509,spread,home,0.4554913294797688,-120.0,0.5454545454545454,win,1.0,0.8333333333333334,-5.422628368814895,50.25421054646907,3.5,51.5,0.4967741935483871,1566,0.49572630147123115,1566,202508.0,platt
2025_09_IND_PIT,2025,9,202509,total,over,0.4080924855491329,-115.0,0.5348837209302325,loss,0.0,-1.0,-5.422628368814895,50.25421054646907,3.5,51.5,0.4509345794392523,1592,0.4688852992008941,1592,202508.0,platt
2025_09_IND_PIT,2025,9,202509,total,under,0.591907514450867,-105.0,0.5121951219512195,win,1.0,0.9523809523809524,-5.422628368814895,50.25421054646907,3.5,51.5,0.5490654205607476,1592,0.5311147007991059,1592,202508.0,platt
2025_09_JAX_LV,2025,9,202509,spread,away,0.530635838150289,-105.0,0.5121951219512195,loss,0.0,-1.0,-4.036227635428639,41.739515670091386,2.5,43.5,0.5032258064516129,1566,0.5029375677049639,1566,202508.0,platt
2025_09_JAX_LV,2025,9,202509,spread,home,0.4693641618497109,-115.0,0.5348837209302325,win,1.0,0.8695652173913043,-4.036227635428639,41.739515670091386,2.5,43.5,0.4967741935483871,1566,0.49706243229503605,1566,202508.0,platt
2025_09_JAX_LV,2025,9,202509,total,over,0.3942196531791908,-115.0,0.5348837209302325,win,1.0,0.8695652173913043,-4.036227635428639,41.739515670091386,2.5,43.5,0.4509345794392523,1592,0.4640684453043464,1592,202508.0,platt
2025_09_JAX_LV,2025,9,202509,total,under,0.6057803468208092,-105.0,0.5121951219512195,loss,0.0,-1.0,-4.036227635428639,41.739515670091386,2.5,43.5,0.5490654205607476,1592,0.5359315546956536,1592,202508.0,platt
2025_09_KC_BUF,2025,9,202509,spread,away,0.3803468208092485,-105.0,0.5121951219512195,loss,0.0,-1.0,-0.1111564475680813,50.31645711782961,2.5,53.5,0.4791666666666667,1566,0.4883166465242251,1566,202508.0,platt
2025_09_KC_BUF,2025,9,202509,spread,home,0.6196531791907515,-115.0,0.5348837209302325,win,1.0,0.8695652173913043,-0.1111564475680813,50.31645711782961,2.5,53.5,0.5208333333333334,1566,0.511683353475775,1566,202508.0,platt
2025_09_KC_BUF,2025,9,202509,total,over,0.3572254335260115,-105.0,0.5121951219512195,loss,0.0,-1.0,-0.1111564475680813,50.31645711782961,2.5,53.5,0.4509345794392523,1592,0.45094241165820315,1592,202508.0,platt
2025_09_KC_BUF,2025,9,202509,total,under,0.6427745664739885,-115.0,0.5348837209302325,win,1.0,0.8695652173913043,-0.1111564475680813,50.31645711782961,2.5,53.5,0.5490654205607476,1592,0.5490575883417967,1592,202508.0,platt
2025_09_LAC_TEN,2025,9,202509,spread,away,0.4786127167630057,-112.0,0.5283018867924528,loss,0.0,-1.0,-10.158171479008784,39.7658678531808,10.0,44.5,0.4967741935483871,1566,0.4979505514485688,1566,202508.0,platt
2025_09_LAC_TEN,2025,9,202509,spread,home,0.5213872832369942,-108.0,0.5192307692307693,win,1.0,0.925925925925926,-10.158171479008784,39.7658678531808,10.0,44.5,0.5032258064516129,1566,0.5020494485514312,1566,202508.0,platt
2025_09_LAC_TEN,2025,9,202509,total,over,0.3121387283236994,-110.0,0.5238095238095238,win,1.0,0.9090909090909092,-10.158171479008784,39.7658678531808,10.0,44.5,0.3620689655172414,1592,0.43418450889232757,1592,202508.0,platt
2025_09_LAC_TEN,2025,9,202509,total,under,0.6878612716763006,-110.0,0.5238095238095238,loss,0.0,-1.0,-10.158171479008784,39.7658678531808,10.0,44.5,0.6379310344827587,1592,0.5658154911076724,1592,202508.0,platt
2025_09_MIN_DET,2025,9,202509,spread,away,0.3942196531791907,-108.0,0.5192307692307693,win,1.0,0.925925925925926,11.612519130627737,46.90369736785871,-9.5,47.5,0.48,1566,0.4897157865007419,1566,202508.0,platt
2025_09_MIN_DET,2025,9,202509,spread,home,0.6057803468208093,-112.0,0.5283018867924528,loss,0.0,-1.0,11.612519130627737,46.90369736785871,-9.5,47.5,0.52,1566,0.5102842134992582,1566,202508.0,platt
2025_09_MIN_DET,2025,9,202509,total,over,0.4300578034682081,-115.0,0.5348837209302325,win,1.0,0.8695652173913043,11.612519130627737,46.90369736785871,-9.5,47.5,0.4509345794392523,1592,0.47642314880997544,1592,202508.0,platt
2025_09_MIN_DET,2025,9,202509,total,under,0.5699421965317919,-105.0,0.5121951219512195,loss,0.0,-1.0,11.612519130627737,46.90369736785871,-9.5,47.5,0.5490654205607476,1592,0.5235768511900246,1592,202508.0,platt
2025_09_SEA_WAS,2025,9,202509,spread,away,0.3421965317919075,-120.0,0.5454545454545454,win,1.0,0.8333333333333334,1.3072476390304333,48.60891324909275,2.5,47.5,0.4601226993865031,1566,0.4843585660957516,1566,202508.0,platt
2025_09_SEA_WAS,2025,9,202509,spread,home,0.6578034682080924,100.0,0.5,loss,0.0,-1.0,1.3072476390304333,48.60891324909275,2.5,47.5,0.5398773006134969,1566,0.5156414339042483,1566,202508.0,platt
2025_09_SEA_WAS,2025,9,202509,total,over,0.4901734104046242,-105.0,0.5121951219512195,win,1.0,0.9523809523809524,1.3072476390304333,48.60891324909275,2.5,47.5,0.5,1592,0.49670645069432395,1592,202508.0,platt
2025_09_SEA_WAS,2025,9,202509,total,under,0.5098265895953757,-115.0,0.5348837209302325,loss,0.0,-1.0,1.3072476390304333,48.60891324909275,2.5,47.5,0.5,1592,0.5032935493056759,1592,202508.0,platt
2025_09_SF_NYG,2025,9,202509,spread,away,0.4416184971098266,-120.0,0.5454545454545454,win,1.0,0.8333333333333334,-1.6273894023177646,44.55793981735796,2.5,47.5,0.4967741935483871,1566,0.49438355929302386,1566,202508.0,platt
2025_09_SF_NYG,2025,9,202509,spread,home,0.5583815028901734,100.0,0.5,loss,0.0,-1.0,-1.6273894023177646,44.55793981735796,2.5,47.5,0.5032258064516129,1566,0.5056164407069761,1566,202508.0,platt
2025_09_SF_NYG,2025,9,202509,total,over,0.3595375722543352,-112.0,0.5283018867924528,win,1.0,0.8928571428571429,-1.6273894023177646,44.55793981735796,2.5,47.5,0.4509345794392523,1592,0.45177688917605147,1592,202508.0,platt
2025_09_SF_NYG,2025,9,202509,total,under,0.6404624277456648,-108.0,0.5192307692307693,loss,0.0,-1.0,-1.6273894023177646,44.55793981735796,2.5,47.5,0.5490654205607476,1592,0.5482231108239485,1592,202508.0,platt
2025_10_ARI_SEA,2025,10,202510,spread,away,0.5569476082004556,-115.0,0.5348837209302325,loss,0.0,-1.0,4.858141858679273,48.14778286171834,-7.0,44.5,0.5015873015873016,1592,0.5045437760152253,1592,202509.0,platt
2025_10_ARI_SEA,2025,10,202510,spread,home,0.4430523917995444,-105.0,0.5121951219512195,win,1.0,0.9523809523809524,4.858141858679273,48.14778286171834,-7.0,44.5,0.4984126984126984,1592,0.4954562239847748,1592,202509.0,platt
2025_10_ARI_SEA,2025,10,202510,total,over,0.5626423690205011,-118.0,0.5412844036697247,win,1.0,0.847457627118644,4.858141858679273,48.14778286171834,-7.0,44.5,0.5446224256292903,1618,0.5186147208365165,1618,202509.0,platt
2025_10_ARI_SEA,2025,10,202510,total,under,0.4373576309794988,-102.0,0.504950495049505,loss,0.0,-1.0,4.858141858679273,48.14778286171834,-7.0,44.5,0.4553775743707093,1618,0.48138527916348345,1618,202509.0,platt
2025_10_ATL_IND,2025,10,202510,spread,away,0.4851936218678815,-112.0,0.5283018867924528,win,1.0,0.8928571428571429,6.205411727526159,50.042023607264014,-6.5,48.5,0.5,1592,0.4988233701447695,1592,202509.0,platt
2025_10_ATL_IND,2025,10,202510,spread,home,0.5148063781321185,-108.0,0.5192307692307693,loss,0.0,-1.0,6.205411727526159,50.042023607264014,-6.5,48.5,0.5,1592,0.5011766298552306,1592,202509.0,platt
2025_10_ATL_IND,2025,10,202510,total,over,0.5034168564920274,-108.0,0.5192307692307693,win,1.0,0.925925925925926,6.205411727526159,50.042023607264014,-6.5,48.5,0.5,1618,0.50101049497552,1618,202509.0,platt
2025_10_ATL_IND,2025,10,202510,total,under,0.4965831435079726,-112.0,0.5283018867924528,loss,0.0,-1.0,6.205411727526159,50.042023607264014,-6.5,48.5,0.5,1618,0.49898950502448003,1618,202509.0,platt
2025_10_BAL_MIN,2025,10,202510,spread,away,0.5216400911161732,-105.0,0.5121951219512195,win,1.0,0.9523809523809524,-5.59154584494992,47.51618225366439,4.5,48.5,0.5015873015873016,1592,0.5017202580381426,1592,202509.0,platt
2025_10_BAL_MIN,2025,10,202510,spread,home,0.4783599088838269,-115.0,0.5348837209302325,loss,0.0,-1.0,-5.59154584494992,47.51618225366439,4.5,48.5,0.4984126984126984,1592,0.49827974196185737,1592,202509.0,platt
2025_10_BAL_MIN,2025,10,202510,total,over,0.4168564920273349,-115.0,0.5348837209302325,loss,0.0,-1.0,-5.59154584494992,47.51618225366439,4.5,48.5,0.4553775743707093,1618,0.47520153191656966,1618,202509.0,platt
2025_10_BAL_MIN,2025,10,202510,total,under,0.5831435079726651,-105.0,0.5121951219512195,win,1.0,0.9523809523809524,-5.59154584494992,47.51618225366439,4.5,48.5,0.5446224256292903,1618,0.5247984680834303,1618,202509.0,platt
2025_10_BUF_MIA,2025,10,202510,spread,away,0.4783599088838268,-105.0,0.5121951219512195,loss,0.0,-1.0,-8.46957100957908,48.15089001993284,8.5,50.5,0.4984126984126984,1592,0.49827974196185726,1592,202509.0,platt
2025_10_BUF_MIA,2025,10,202510,spread,home,0.5216400911161732,-115.0,0.5348837209302325,win,1.0,0.8695652173913043,-8.46957100957908,48.15089001993284,8.5,50.5,0.5015873015873016,1592,0.5017202580381426,1592,202509.0,platt
2025_10_BUF_MIA,2025,10,202510,total,over,0.378132118451025,-105.0,0.5121951219512195,loss,0.0,-1.0,-8.46957100957908,48.15089001993284,8.5,50.5,0.4553775743707093,1618,0.4632854672294806,1618,202509.0,platt
2025_10_BUF_MIA,2025,10,202510,total,under,0.6218678815489749,-115.0,0.5348837209302325,win,1.0,0.8695652173913043,-8.46957100957908,48.15089001993284,8.5,50.5,0.5446224256292903,1618,0.5367145327705194,1618,202509.0,platt
2025_10_CLE_NYJ,2025,10,202510,spread,away,0.1993166287015945,-115.0,0.5348837209302325,loss,0.0,-1.0,7.572991370441359,40.8954764963127,1.5,37.5,0.4625,1592,0.4724096882275431,1592,202509.0,platt
2025_10_CLE_NYJ,2025,10,202510,spread,home,0.8006833712984055,-105.0,0.5121951219512195,win,1.0,0.9523809523809524,7.572991370441359,40.8954764963127,1.5,37.5,0.5375,1592,0.5275903117724569,1592,202509.0,platt
2025_10_CLE_NYJ,2025,10,202510,total,over,0.5569476082004556,-105.0,0.5121951219512195,win,1.0,0.9523809523809524,7.572991370441359,40.8954764963127,1.5,37.5,0.5234486271524819,1618,0.5169082887898474,1618,202509.0,platt
2025_10_CLE_NYJ,2025,10,202510,total,under,0.4430523917995443,-115.0,0.5348837209302325,loss,0.0,-1.0,7.572991370441359,40.8954764963127,1.5,37.5,0.4765513728475162,1618,0.48309171121015254,1618,202509.0,platt
2025_10_DET_WAS,2025,10,202510,spread,away,0.3564920273348519,-105.0,0.5121951219512195,win,1.0,0.9523809523809524,-5.089906964124396,50.286983441885575,8.5,49.5,0.4741379310344827,1592,0.48827169666048303,1592,202509.0,platt
2025_10_DET_WAS,2025,10,202510,spread,home,0.643507972665148,-115.0,0.5348837209302325,loss,0.0,-1.0,-5.089906964124396,50.286983441885575,8.5,49.5,0.5258620689655173,1592,0.5117283033395169,1592,202509.0,platt
2025_10_DET_WAS,2025,10,202510,total,over,0.4863325740318907,-108.0,0.5192307692307693,win,1.0,0.925925925925926,-5.089906964124396,50.286983441885575,8.5,49.5,0.4788135593220338,1618,0.49595715847171923,1618,202509.0,platt
2025_10_DET_WAS,2025,10,202510,total,under,0.5136674259681093,-112.0,0.5283018867924528,loss,0.0,-1.0,-5.089906964124396,50.286983441885575,8.5,49.5,0.5211864406779662,1618,0.5040428415282807,1618,202509.0,platt
2025_10_JAX_HOU,2025,10,202510,spread,away,0.3656036446469248,100.0,0.5,loss,0.0,-1.0,1.5265181650324118,44.30645514473648,1.5,37.5,0.4741379310344827,1592,0.4890557781757974,1592,202509.0,platt
2025_10_JAX_HOU,2025,10,202510,spread,home,0.6343963553530751,-120.0,0.5454545454545454,win,1.0,0.8333333333333334,1.5265181650324118,44.30645514473648,1.5,37.5,0.5258620689655173,1592,0.5109442218242025,1592,202509.0,platt
2025_10_JAX_HOU,2025,10,202510,total,over,0.6719817767653758,-108.0,0.5192307692307693,win,1.0,0.925925925925926,1.5265181650324118,44.30645514473648,1.5,37.5,0.5446224256292903,1618,0.5528244366916777,1618,202509.0,platt
2025_10_JAX_HOU,2025,10,202510,total,under,0.3280182232346241,-112.0,0.5283018867924528,loss,0.0,-1.0,1.5265181650324118,44.30645514473648,1.5,37.5,0.4553775743707093,1618,0.44717556330832225,1618,202509.0,platt
2025_10_LA_SF,2025,10,202510,spread,away,0.4157175398633257,-115.0,0.5348837209302325,win,1.0,0.8695652173913043,-3.9086404069128537,45.74777104343177,5.5,49.5,0.4851485148514851,1592,0.49324009660791424,1592,202509.0,platt
2025_10_LA_SF,2025,10,202510,spread,home,0.5842824601366743,-105.0,0.5121951219512195,loss,0.0,-1.0,-3.9086404069128537,45.74777104343177,5.5,49.5,0.5148514851485149,1592,0.5067599033920857,1592,202509.0,platt
2025_10_LA_SF,2025,10,202510,total,over,0.337129840546697,-110.0,0.5238095238095238,win,1.0,0.9090909090909092,-3.9086404069128537,45.74777104343177,5.5,49.5,0.4553775743707093,1618,0.4501786247711804,1618,202509.0,platt
2025_10_LA_SF,2025,10,202510,total,under,0.662870159453303,-110.0,0.5238095238095238,loss,0.0,-1.0,-3.9086404069128537,45.74777104343177,5.5,49.5,0.5446224256292903,1618,0.5498213752288196,1618,202509.0,platt
2025_10_LV_DEN,2025,10,202510,spread,away,0.4464692482915717,-112.0,0.5283018867924528,win,1.0,0.8928571428571429,10.31576165633762,44.65866319895064,-9.5,42.5,0.4984126984126984,1592,0.4957310089768908,1592,202509.0,platt
2025_10_LV_DEN,2025,10,202510,spread,home,0.5535307517084282,-108.0,0.5192307692307693,loss,0.0,-1.0,10.31576165633762,44.65866319895064,-9.5,42.5,0.5015873015873016,1592,0.5042689910231092,1592,202509.0,platt
2025_10_LV_DEN,2025,10,202510,total,over,0.5182232346241458,-110.0,0.5238095238095238,loss,0.0,-1.0,10.31576165633762,44.65866319895064,-9.5,42.5,0.5211864406779662,1618,0.5053914091694268,1618,202509.0,platt
2025_10_LV_DEN,2025,10,202510,total,under,0.4817767653758542,-110.0,0.5238095238095238,win,1.0,0.9090909090909092,10.31576165633762,44.65866319895064,-9.5,42.5,0.4788135593220338,1618,0.4946085908305732,1618,202509.0,platt
2025_10_NE_TB,2025,10,202510,spread,away,0.529612756264237,100.0,0.5,win,1.0,1.0,1.1828640984814227,50.534106866083285,-2.5,48.5,0.5015873015873016,1592,0.5023553150842793,1592,202509.0,platt
2025_10_NE_TB,2025,10,202510,spread,home,0.470387243735763,-120.0,0.5454545454545454,loss,0.0,-1.0,1.1828640984814227,50.534106866083285,-2.5,48.5,0.4984126984126984,1592,0.4976446849157207,1592,202509.0,platt
2025_10_NE_TB,2025,10,202510,total,over,0.5159453302961275,-115.0,0.5348837209302325,win,1.0,0.8695652173913043,1.1828640984814227,50.534106866083285,-2.5,48.5,0.5211864406779662,1618,0.5047170358620305,1618,202509.0,platt
2025_10_NE_TB,2025,10,202510,total,under,0.4840546697038724,-105.0,0.5121951219512195,loss,0.0,-1.0,1.1828640984814227,50.534106866083285,-2.5,48.5,0.4788135593220338,1618,0.4952829641379695,1618,202509.0,platt
2025_10_NO_CAR,2025,10,202510,spread,away,0.4954441913439635,-112.0,0.5283018867924528,win,1.0,0.8928571428571429,4.802091295478672,34.336852200496004,-5.5,38.5,0.5,1592,0.4996380552739114,1592,202509.0,platt
2025_10_NO_CAR,2025,10,202510,spread,home,0.5045558086560364,-108.0,0.5192307692307693,loss,0.0,-1.0,4.802091295478672,34.336852200496004,-5.5,38.5,0.5,1592,0.5003619447260885,1592,202509.0,platt
2025_10_NO_CAR,2025,10,202510,total,over,0.3200455580865604,-115.0,0.5348837209302325,loss,0.0,-1.0,4.802091295478672,34.336852200496004,-5.5,38.5,0.3728813559322034,1618,0.44451593180578264,1618,202509.0,platt
2025_10_NO_CAR,2025,10,202510,total,under,0.6799544419134396,-105.0,0.5121951219512195,win,1.0,0.9523809523809524,4.802091295478672,34.336852200496004,-5.5,38.5,0.6271186440677966,1618,0.5554840681942174,1618,202509.0,platt
2025_10_NYG_CHI,2025,10,202510,spread,away,0.5250569476082004,-108.0,0.5192307692307693,win,1.0,0.925925925925926,3.3291171414515004,46.121277715085,-4.5,45.5,0.5015873015873016,1592,0.5019922996550699,1592,202509.0,platt
2025_10_NYG_CHI,2025,10,202510,spread,home,0.4749430523917995,-112.0,0.5283018867924528,loss,0.0,-1.0,3.3291171414515004,46.121277715085,-4.5,45.5,0.4984126984126984,1592,0.49800770034493014,1592,202509.0,platt
2025_10_NYG_CHI,2025,10,202510,total,over,0.4806378132118451,-108.0,0.5192307692307693,loss,0.0,-1.0,3.3291171414515004,46.121277715085,-4.5,45.5,0.4788135593220338,1618,0.49427132903613874,1618,202509.0,platt
2025_10_NYG_CHI,2025,10,202510,total,under,0.5193621867881548,-112.0,0.5283018867924528,win,1.0,0.8928571428571429,3.3291171414515004,46.121277715085,-4.5,45.5,0.5211864406779662,1618,0.5057286709638613,1618,202509.0,platt
2025_10_PHI_GB,2025,10,202510,spread,away,0.4214123006833713,-122.0,0.5495495495495496,win,1.0,0.819672131147541,2.9724980328857047,51.84239993754821,-1.5,45.5,0.4984126984126984,1592,0.49370476974296384,1592,202509.0,platt
2025_10_PHI_GB,2025,10,202510,spread,home,0.5785876993166287,102.0,0.495049504950495,loss,0.0,-1.0,2.9724980328857047,51.84239993754821,-1.5,45.5,0.5015873015873016,1592,0.5062952302570362,1592,202509.0,platt
2025_10_PHI_GB,2025,10,202510,total,over,0.6571753986332574,-112.0,0.5283018867924528,loss,0.0,-1.0,2.9724980328857047,51.84239993754821,-1.5,45.5,0.5446224256292903,1618,0.5479629611366443,1618,202509.0,platt
2025_10_PHI_GB,2025,10,202510,total,under,0.3428246013667426,-108.0,0.5192307692307693,win,1.0,0.925925925925926,2.9724980328857047,51.84239993754821,-1.5,45.5,0.4553775743707093,1618,0.4520370388633556,1618,202509.0,platt
2025_10_PIT_LAC,2025,10,202510,spread,away,0.3451025056947608,-118.0,0.5412844036697247,loss,0.0,-1.0,6.872455010661704,49.04754892702299,-3.0,45.5,0.4741379310344827,1592,0.4872789403978787,1592,202509.0,platt
2025_10_PIT_LAC,2025,10,202510,spread,home,0.6548974943052391,-102.0,0.504950495049505,win,1.0,0.9803921568627452,6.872455010661704,49.04754892702299,-3.0,45.5,0.5258620689655173,1592,0.5127210596021213,1592,202509.0,platt
2025_10_PIT_LAC,2025,10,202510,total,over,0.5603644646924829,-105.0,0.5121951219512195,loss,0.0,-1.0,6.872455010661704,49.04754892702299,-3.0,45.5,0.5446224256292903,1618,0.5179316300677586,1618,202509.0,platt
2025_10_PIT_LAC,2025,10,202510,total,under,0.4396355353075171,-115.0,0.5348837209302325,win,1.0,0.8695652173913043,6.872455010661704,49.04754892702299,-3.0,45.5,0.4553775743707093,1618,0.48206836993224134,1618,202509.0,platt
2025_11_CAR_ATL,2025,11,202511,spread,away,0.4517937219730942,-118.0,0.5412844036697247,win,1.0,0.847457627118644,5.210273484566125,45.878152707682034,-4.5,42.5,0.4968944099378883,1620,0.4956723175184083,1620,202510.0,platt
2025_11_CAR_ATL,2025,11,202511,spread,home,0.5482062780269058,-102.0,0.504950495049505,loss,0.0,-1.0,5.210273484566125,45.878152707682034,-4.5,42.5,0.5031055900621118,1620,0.5043276824815917,1620,202510.0,platt
2025_11_CAR_ATL,2025,11,202511,total,over,0.5582959641255605,-110.0,0.5238095238095238,win,1.0,0.9090909090909092,5.210273484566125,45.878152707682034,-4.5,42.5,0.5460674157303371,1646,0.5180458038088221,1646,202510.0,platt
2025_11_CAR_ATL,2025,11,202511,total,under,0.4417040358744395,-110.0,0.5238095238095238,loss,0.0,-1.0,5.210273484566125,45.878152707682034,-4.5,42.5,0.4539325842696629,1646,0.4819541961911778,1646,202510.0,platt
2025_11_CHI_MIN,2025,11,202511,spread,away,0.6378923766816144,-115.0,0.5348837209302325,win,1.0,0.8695652173913043,-1.5681258597676908,43.83354044536487,-3.0,47.5,0.5267175572519084,1620,0.512666308045349,1620,202510.0,platt
2025_11_CHI_MIN,2025,11,202511,spread,home,0.3621076233183856,-105.0,0.5121951219512195,loss,0.0,-1.0,-1.5681258597676908,43.83354044536487,-3.0,47.5,0.4732824427480916,1620,0.4873336919546511,1620,202510.0,platt
2025_11_CHI_MIN,2025,11,202511,total,over,0.3419282511210762,-118.0,0.5412844036697247,loss,0.0,-1.0,-1.5681258597676908,43.83354044536487,-3.0,47.5,0.4539325842696629,1646,0.44971169523810334,1646,202510.0,platt
2025_11_CHI_MIN,2025,11,202511,total,under,0.6580717488789238,-102.0,0.504950495049505,win,1.0,0.9803921568627452,-1.5681258597676908,43.83354044536487,-3.0,47.5,0.5460674157303371,1646,0.5502883047618967,1646,202510.0,platt
2025_11_CIN_PIT,2025,11,202511,spread,away,0.6401345291479821,-108.0,0.5192307692307693,loss,0.0,-1.0,0.8417110887926801,44.22328434538727,-5.5,48.5,0.5267175572519084,1620,0.5128836447689155,1620,202510.0,platt
2025_11_CIN_PIT,2025,11,202511,spread,home,0.3598654708520179,-112.0,0.5283018867924528,win,1.0,0.8928571428571429,0.8417110887926801,44.22328434538727,-5.5,48.5,0.4732824427480916,1620,0.48711635523108454,1620,202510.0,platt
2025_11_CIN_PIT,2025,11,202511,total,over,0.3217488789237668,-110.0,0.5238095238095238,loss,0.0,-1.0,0.8417110887926801,44.22328434538727,-5.5,48.5,0.3666666666666666,1646,0.4427769554107847,1646,202510.0,platt
2025_11_CIN_PIT,2025,11,202511,total,under,0.6782511210762332,-110.0,0.5238095238095238,win,1.0,0.9090909090909092,0.8417110887926801,44.22328434538727,-5.5,48.5,0.6333333333333333,1646,0.5572230445892152,1646,202510.0,platt
2025_11_DAL_LV,2025,11,202511,spread,away,0.4663677130044843,-115.0,0.5348837209302325,win,1.0,0.8695652173913043,-3.1949266117475927,46.7108273218034,3.5,48.5,0.4968944099378883,1620,0.4969854745423766,1620,202510.0,platt
2025_11_DAL_LV,2025,11,202511,spread,home,0.5336322869955157,-105.0,0.5121951219512195,loss,0.0,-1.0,-3.1949266117475927,46.7108273218034,3.5,48.5,0.5031055900621118,1620,0.5030145254576234,1620,202510.0,platt
2025_11_DAL_LV,2025,11,202511,total,over,0.3957399103139013,-105.0,0.5121951219512195,win,1.0,0.9523809523809524,-3.1949266117475927,46.7108273218034,3.5,48.5,0.4539325842696629,1646,0.46742640209846914,1646,202510.0,platt
2025_11_DAL_LV,2025,11,202511,total,under,0.6042600896860987,-115.0,0.5348837209302325,loss,0.0,-1.0,-3.1949266117475927,46.7108273218034,3.5,48.5,0.5460674157303371,1646,0.5325735979015308,1646,202510.0,platt
2025_11_DET_PHI,2025,11,202511,spread,away,0.6771300448430493,-102.0,0.504950495049505,loss,0.0,-1.0,-3.2959003798523705,49.99632489423112,-2.5,46.5,0.5288461538461539,1620,0.5165647289869408,1620,202510.0,platt
2025_11_DET_PHI,2025,11,202511,spread,home,0.3228699551569506,-118.0,0.5412844036697247,win,1.0,0.847457627118644,-3.2959003798523705,49.99632489423112,-2.5,46.5,0.4711538461538461,1620,0.4834352710130591,1620,202510.0,platt
2025_11_DET_PHI,2025,11,202511,total,over,0.5605381165919282,-112.0,0.5283018867924528,loss,0.0,-1.0,-3.2959003798523705,49.99632489423112,-2.5,46.5,0.5460674157303371,1646,0.5187459698473245,1646,202510.0,platt
2025_11_DET_PHI,2025,11,202511,total,under,0.4394618834080718,-108.0,0.5192307692307693,win,1.0,0.925925925925926,-3.2959003798523705,49.99632489423112,-2.5,46.5,0.4539325842696629,1646,0.48125403015267554,1646,202510.0,platt
2025_11_GB_NYG,2025,11,202511,spread,away,0.4943946188340807,-110.0,0.5238095238095238,loss,0.0,-1.0,-8.018820769771185,45.50937755632233,7.5,41.5,0.5000000000000001,1620,0.4994983108166192,1620,202510.0,platt
2025_11_GB_NYG,2025,11,202511,spread,home,0.5056053811659192,-110.0,0.5238095238095238,win,1.0,0.9090909090909092,-8.018820769771185,45.50937755632233,7.5,41.5,0.5000000000000001,1620,0.5005016891833807,1620,202510.0,platt
2025_11_GB_NYG,2025,11,202511,total,over,0.5852017937219731,-110.0,0.5238095238095238,win,1.0,0.9090909090909092,-8.018820769771185,45.50937755632233,7.5,41.5,0.5460674157303371,1646,0.5265000008452493,1646,202510.0,platt
2025_11_GB_NYG,2025,11,202511,total,under,0.4147982062780269,-110.0,0.5238095238095238,loss,0.0,-1.0,-8.018820769771185,45.50937755632233,7.5,41.5,0.4539325842696629,1646,0.4734999991547507,1646,202510.0,platt
2025_11_HOU_TEN,2025,11,202511,spread,away,0.5582959641255605,-108.0,0.5192307692307693,loss,0.0,-1.0,-7.607056356252404,36.988507071380525,5.5,37.5,0.5031055900621118,1620,0.5052409944159933,1620,202510.0,platt
2025_11_HOU_TEN,2025,11,202511,spread,home,0.4417040358744394,-112.0,0.5283018867924528,win,1.0,0.8928571428571429,-7.607056356252404,36.988507071380525,5.5,37.5,0.4968944099378883,1620,0.4947590055840066,1620,202510.0,platt
2025_11_HOU_TEN,2025,11,202511,total,over,0.437219730941704,-102.0,0.504950495049505,loss,0.0,-1.0,-7.607056356252404,36.988507071380525,5.5,37.5,0.4539325842696629,1646,0.48055316580417196,1646,202510.0,platt
2025_11_HOU_TEN,2025,11,202511,total,under,0.5627802690582959,-118.0,0.5412844036697247,win,1.0,0.847457627118644,-7.607056356252404,36.988507071380525,5.5,37.5,0.5460674157303371,1646,0.519446834195828,1646,202510.0,platt
2025_11_KC_DEN,2025,11,202511,spread,away,0.4147982062780269,-120.0,0.5454545454545454,loss,0.0,-1.0,-1.890948963376063,44.47280097961374,3.5,44.5,0.4901960784313725,1620,0.4923001300978609,1620,202510.0,platt
2025_11_KC_DEN,2025,11,202511,spread,home,0.5852017937219731,100.0,0.5,win,1.0,1.0,-1.890948963376063,44.47280097961374,3.5,44.5,0.5098039215686275,1620,0.5076998699021391,1620,202510.0,platt
2025_11_KC_DEN,2025,11,202511,total,over,0.4573991031390134,-110.0,0.5238095238095238,loss,0.0,-1.0,-1.890948963376063,44.47280097961374,3.5,44.5,0.4791666666666666,1646,0.4868380735197424,1646,202510.0,platt
2025_11_KC_DEN,2025,11,202511,total,under,0.5426008968609866,-110.0,0.5238095238095238,win,1.0,0.9090909090909092,-1.890948963376063,44.47280097961374,3.5,44.5,0.5208333333333334,1646,0.5131619264802576,1646,202510.0,platt
2025_11_LAC_JAX,2025,11,202511,spread,away,0.539237668161435,-105.0,0.5121951219512195,loss,0.0,-1.0,-4.655852803228576,44.63795549244731,3.0,43.5,0.5031055900621118,1620,0.5035188557387497,1620,202510.0,platt
2025_11_LAC_JAX,2025,11,202511,spread,home,0.460762331838565,-115.0,0.5348837209302325,win,1.0,0.8695652173913043,-4.655852803228576,44.63795549244731,3.0,43.5,0.4968944099378883,1620,0.49648114426125034,1620,202510.0,platt
2025_11_LAC_JAX,2025,11,202511,total,over,0.492152466367713,-110.0,0.5238095238095238,loss,0.0,-1.0,-4.655852803228576,44.63795549244731,3.0,43.5,0.5,1646,0.4975805742166242,1646,202510.0,platt
2025_11_LAC_JAX,2025,11,202511,total,under,0.507847533632287,-110.0,0.5238095238095238,win,1.0,0.9090909090909092,-4.655852803228576,44.63795549244731,3.0,43.5,0.5,1646,0.5024194257833758,1646,202510.0,platt
2025_11_NYJ_NE,2025,11,202511,spread,away,0.6154708520179373,-105.0,0.5121951219512195,loss,0.0,-1.0,8.603739111893708,47.12749774533188,-12.5,43.5,0.5267175572519084,1620,0.5105226513364111,1620,202510.0,platt
2025_11_NYJ_NE,2025,11,202511,spread,home,0.3845291479820628,-115.0,0.5348837209302325,win,1.0,0.8695652173913043,8.603739111893708,47.12749774533188,-12.5,43.5,0.4732824427480916,1620,0.4894773486635889,1620,202510.0,platt
2025_11_NYJ_NE,2025,11,202511,total,over,0.5639013452914798,-105.0,0.5121951219512195,loss,0.0,-1.0,8.603739111893708,47.12749774533188,-12.5,43.5,0.5460674157303371,1646,0.5197975367884915,1646,202510.0,platt
2025_11_NYJ_NE,2025,11,202511,total,under,0.4360986547085201,-115.0,0.5348837209302325,win,1.0,0.8695652173913043,8.603739111893708,47.12749774533188,-12.5,43.5,0.4539325842696629,1646,0.48020246321150845,1646,202510.0,platt
2025_11_SEA_LA,2025,11,202511,spread,away,0.4114349775784753,100.0,0.5,win,1.0,1.0,4.66969075948527,54.01141435430812,-3.0,49.5,0.4901960784313725,1620,0.4919898326789376,1620,202510.0,platt
2025_11_SEA_LA,2025,11,202511,spread,home,0.5885650224215246,-120.0,0.5454545454545454,loss,0.0,-1.0,4.66969075948527,54.01141435430812,-3.0,49.5,0.5098039215686275,1620,0.5080101673210625,1620,202510.0,platt
2025_11_SEA_LA,2025,11,202511,total,over,0.6087443946188341,-115.0,0.5348837209302325,loss,0.0,-1.0,4.66969075948527,54.01141435430812,-3.0,49.5,0.5460674157303371,1646,0.5340153170225123,1646,202510.0,platt
2025_11_SEA_LA,2025,11,202511,total,under,0.3912556053811659,-105.0,0.5121951219512195,win,1.0,0.9523809523809524,4.66969075948527,54.01141435430812,-3.0,49.5,0.4539325842696629,1646,0.4659846829774877,1646,202510.0,platt
2025_11_SF_ARI,2025,11,202511,spread,away,0.3598654708520179,-105.0,0.5121951219512195,win,1.0,0.9523809523809524,-0.1659943198482785,51.50544010361808,3.5,48.5,0.4732824427480916,1620,0.48711635523108454,1620,202510.0,platt
2025_11_SF_ARI,2025,11,202511,spread,home,0.6401345291479821,-115.0,0.5348837209302325,loss,0.0,-1.0,-0.1659943198482785,51.50544010361808,3.5,48.5,0.5267175572519084,1620,0.5128836447689155,1620,202510.0,platt
2025_11_SF_ARI,2025,11,202511,total,over,0.5515695067264574,-108.0,0.5192307692307693,win,1.0,0.925925925925926,-0.1659943198482785,51.50544010361808,3.5,48.5,0.5208333333333334,1646,0.5159492241011135,1646,202510.0,platt
2025_11_SF_ARI,2025,11,202511,total,under,0.4484304932735425,-112.0,0.5283018867924528,loss,0.0,-1.0,-0.1659943198482785,51.50544010361808,3.5,48.5,0.4791666666666666,1646,0.4840507758988864,1646,202510.0,platt
2025_11_TB_BUF,2025,11,202511,spread,away,0.5482062780269058,-108.0,0.5192307692307693,loss,0.0,-1.0,4.178025149361848,47.79230248960903,-6.0,46.5,0.5031055900621118,1620,0.5043276824815917,1620,202510.0,platt
2025_11_TB_BUF,2025,11,202511,spread,home,0.4517937219730942,-112.0,0.5283018867924528,win,1.0,0.8928571428571429,4.178025149361848,47.79230248960903,-6.0,46.5,0.4968944099378883,1620,0.4956723175184083,1620,202510.0,platt
2025_11_TB_BUF,2025,11,202511,total,over,0.4966367713004484,-108.0,0.5192307692307693,win,1.0,0.925925925925926,4.178025149361848,47.79230248960903,-6.0,46.5,0.5,1646,0.4989631661391013,1646,202510.0,platt
2025_11_TB_BUF,2025,11,202511,total,under,0.5033632286995515,-112.0,0.5283018867924528,loss,0.0,-1.0,4.178025149361848,47.79230248960903,-6.0,46.5,0.5,1646,0.5010368338608987,1646,202510.0,platt
2025_11_WAS_MIA,2025,11,202511,spread,away,0.5695067264573991,100.0,0.5,loss,0.0,-1.0,0.042676258399233,49.61045757076367,-2.5,47.5,0.5031055900621118,1620,0.5062609022602637,1620,202510.0,platt
2025_11_WAS_MIA,2025,11,202511,spread,home,0.4304932735426009,-120.0,0.5454545454545454,win,1.0,0.8333333333333334,0.042676258399233,49.61045757076367,-2.5,47.5,0.4968944099378883,1620,0.49373909773973634,1620,202510.0,platt
2025_11_WAS_MIA,2025,11,202511,total,over,0.5190582959641256,-110.0,0.5238095238095238,loss,0.0,-1.0,0.042676258399233,49.61045757076367,-2.5,47.5,0.5208333333333334,1646,0.5058778887404324,1646,202510.0,platt
2025_11_WAS_MIA,2025,11,202511,total,under,0.4809417040358744,-110.0,0.5238095238095238,win,1.0,0.9090909090909092,0.042676258399233,49.61045757076367,-2.5,47.5,0.4791666666666666,1646,0.49412211125956756,1646,202510.0,platt
2025_12_ATL_NO,2025,12,202512,spread,away,0.620309050772627,-112.0,0.5283018867924528,win,1.0,0.8928571428571429,-2.631772806112793,42.59691609673504,-1.5,41.5,0.5185185185185185,1648,0.5073046491051504,1648,202511.0,platt
2025_12_ATL_NO,2025,12,202512,spread,home,0.379690949227373,-108.0,0.5192307692307693,loss,0.0,-1.0,-2.631772806112793,42.59691609673504,-1.5,41.5,0.4814814814814814,1648,0.4926953508948496,1648,202511.0,platt
2025_12_ATL_NO,2025,12,202512,total,over,0.4900662251655629,-102.0,0.504950495049505,loss,0.0,-1.0,-2.631772806112793,42.59691609673504,-1.5,41.5,0.5,1674,0.4968086769359275,1674,202511.0,platt
2025_12_ATL_NO,2025,12,202512,total,under,0.509933774834437,-118.0,0.5412844036697247,win,1.0,0.847457627118644,-2.631772806112793,42.59691609673504,-1.5,41.5,0.5,1674,0.5031913230640725,1674,202511.0,platt
2025_12_BUF_HOU,2025,12,202512,spread,away,0.4061810154525386,-108.0,0.5192307692307693,loss,0.0,-1.0,-3.603083490751133,49.456142640672326,5.5,43.5,0.4903846153846153,1648,0.4943482748725744,1648,202511.0,platt
2025_12_BUF_HOU,2025,12,202512,spread,home,0.5938189845474614,-112.0,0.5283018867924528,win,1.0,0.8928571428571429,-3.603083490751133,49.456142640672326,5.5,43.5,0.5096153846153845,1648,0.5056517251274256,1648,202511.0,platt
2025_12_BUF_HOU,2025,12,202512,total,over,0.6467991169977925,-115.0,0.5348837209302325,loss,0.0,-1.0,-3.603083490751133,49.456142640672326,5.5,43.5,0.5452488687782807,1674,0.5484323866917578,1674,202511.0,platt
2025_12_BUF_HOU,2025,12,202512,total,under,0.3532008830022075,-105.0,0.5121951219512195,win,1.0,0.9523809523809524,-3.603083490751133,49.456142640672326,5.5,43.5,0.4547511312217194,1674,0.4515676133082422,1674,202511.0,platt
2025_12_CAR_SF,2025,12,202512,spread,away,0.4911699779249447,-115.0,0.5348837209302325,loss,0.0,-1.0,7.043137272687245,48.656239800016586,-7.5,48.5,0.5,1648,0.499474298494308,1648,202511.0,platt
2025_12_CAR_SF,2025,12,202512,spread,home,0.5088300220750552,-105.0,0.5121951219512195,win,1.0,0.9523809523809524,7.043137272687245,48.656239800016586,-7.5,48.5,0.5,1648,0.5005257015056921,1648,202511.0,platt
2025_12_CAR_SF,2025,12,202512,total,over,0.4646799116997792,-115.0,0.5348837209302325,loss,0.0,-1.0,7.043137272687245,48.656239800016586,-7.5,48.5,0.477366255144033,1674,0.48863744086076644,1674,202511.0,platt
2025_12_CAR_SF,2025,12,202512,total,under,0.5353200883002207,-105.0,0.5121951219512195,win,1.0,0.9523809523809524,7.043137272687245,48.656239800016586,-7.5,48.5,0.522633744855967,1674,0.5113625591392336,1674,202511.0,platt
2025_12_IND_KC,2025,12,202512,spread,away,0.5584988962472406,100.0,0.5,win,1.0,1.0,1.3430704983214792,49.61050520824501,-3.5,50.5,0.5,1648,0.5034983760113848,1648,202511.0,platt
2025_12_IND_KC,2025,12,202512,spread,home,0.4415011037527593,-120.0,0.5454545454545454,loss,0.0,-1.0,1.3430704983214792,49.61050520824501,-3.5,50.5,0.5,1648,0.4965016239886152,1648,202511.0,platt
2025_12_IND_KC,2025,12,202512,total,over,0.4205298013245033,-108.0,0.5192307692307693,loss,0.0,-1.0,1.3430704983214792,49.61050520824501,-3.5,50.5,0.4547511312217194,1674,0.4742768806015899,1674,202511.0,platt
2025_12_IND_KC,2025,12,202512,total,under,0.5794701986754967,-112.0,0.5283018867924528,win,1.0,0.8928571428571429,1.3430704983214792,49.61050520824501,-3.5,50.5,0.5452488687782807,1674,0.5257231193984102,1674,202511.0,platt
2025_12_JAX_ARI,2025,12,202512,spread,away,0.3675496688741722,-108.0,0.5192307692307693,win,1.0,0.925925925925926,0.3677745278548234,47.67751372288811,2.5,47.5,0.4814814814814814,1648,0.4919233905942418,1648,202511.0,platt
2025_12_JAX_ARI,2025,12,202512,spread,home,0.6324503311258278,-112.0,0.5283018867924528,loss,0.0,-1.0,0.3677745278548234,47.67751372288811,2.5,47.5,0.5185185185185185,1648,0.5080766094057583,1648,202511.0,platt
2025_12_JAX_ARI,2025,12,202512,total,over,0.4657836644591611,-105.0,0.5121951219512195,win,1.0,0.9523809523809524,0.3677745278548234,47.67751372288811,2.5,47.5,0.477366255144033,1674,0.4889935350197378,1674,202511.0,platt
2025_12_JAX_ARI,2025,12,202512,total,under,0.5342163355408389,-115.0,0.5348837209302325,loss,0.0,-1.0,0.3677745278548234,47.67751372288811,2.5,47.5,0.522633744855967,1674,0.5110064649802623,1674,202511.0,platt
2025_12_MIN_GB,2025,12,202512,spread,away,0.3543046357615894,-112.0,0.5283018867924528,loss,0.0,-1.0,9.96272085637546,41.10185313695372,-6.5,41.5,0.4761904761904761,1648,0.49106898007201627,1648,202511.0,platt
2025_12_MIN_GB,2025,12,202512,spread,home,0.6456953642384106,-108.0,0.5192307692307693,win,1.0,0.925925925925926,9.96272085637546,41.10185313695372,-6.5,41.5,0.5238095238095238,1648,0.5089310199279837,1648,202511.0,platt
2025_12_MIN_GB,2025,12,202512,total,over,0.4448123620309051,-108.0,0.5192307692307693,loss,0.0,-1.0,9.96272085637546,41.10185313695372,-6.5,41.5,0.477366255144033,1674,0.48220751515964605,1674,202511.0,platt
2025_12_MIN_GB,2025,12,202512,total,under,0.555187637969095,-112.0,0.5283018867924528,win,1.0,0.8928571428571429,9.96272085637546,41.10185313695372,-6.5,41.5,0.522633744855967,1674,0.517792484840354,1674,202511.0,platt
2025_12_NE_CIN,2025,12,202512,spread,away,0.4072847682119205,-108.0,0.5192307692307693,loss,0.0,-1.0,-5.707865863792925,52.51158862870787,7.5,50.5,0.4903846153846153,1648,0.4944163408467329,1648,202511.0,platt
2025_12_NE_CIN,2025,12,202512,spread,home,0.5927152317880795,-112.0,0.5283018867924528,win,1.0,0.8928571428571429,-5.707865863792925,52.51158862870787,7.5,50.5,0.5096153846153845,1648,0.505583659153267,1648,202511.0,platt
2025_12_NE_CIN,2025,12,202512,total,over,0.5143487858719646,-118.0,0.5412844036697247,loss,0.0,-1.0,-5.707865863792925,52.51158862870787,7.5,50.5,0.522633744855967,1674,0.5046102801387023,1674,202511.0,platt
2025_12_NE_CIN,2025,12,202512,total,under,0.4856512141280353,-102.0,0.504950495049505,win,1.0,0.9803921568627452,-5.707865863792925,52.51158862870787,7.5,50.5,0.477366255144033,1674,0.49538971986129765,1674,202511.0,platt
2025_12_NYG_DET,2025,12,202512,spread,away,0.5529801324503312,-115.0,0.5348837209302325,win,1.0,0.8695652173913043,11.961100089620448,52.10190004260415,-14.0,50.5,0.5,1648,0.5031657236018601,1648,202511.0,platt
2025_12_NYG_DET,2025,12,202512,spread,home,0.4470198675496689,-105.0,0.5121951219512195,loss,0.0,-1.0,11.961100089620448,52.10190004260415,-14.0,50.5,0.5,1648,0.4968342763981399,1648,202511.0,platt
2025_12_NYG_DET,2025,12,202512,total,over,0.5066225165562914,-120.0,0.5454545454545454,win,1.0,0.8333333333333334,11.961100089620448,52.10190004260415,-14.0,50.5,0.5,1674,0.5021274092123221,1674,202511.0,platt
2025_12_NYG_DET,2025,12,202512,total,under,0.4933774834437086,100.0,0.5,loss,0.0,-1.0,11.961100089620448,52.10190004260415,-14.0,50.5,0.5,1674,0.4978725907876778,1674,202511.0,platt
2025_12_NYJ_BAL,2025,12,202512,spread,away,0.5949227373068433,-110.0,0.5238095238095238,win,1.0,0.9090909090909092,10.838749060665853,45.88148858047381,-14.0,44.5,0.5096153846153845,1648,0.5057198493623257,1648,202511.0,platt
2025_12_NYJ_BAL,2025,12,202512,spread,home,0.4050772626931567,-110.0,0.5238095238095238,loss,0.0,-1.0,10.838749060665853,45.88148858047381,-14.0,44.5,0.4903846153846153,1648,0.4942801506376743,1648,202511.0,platt
2025_12_NYJ_BAL,2025,12,202512,total,over,0.4988962472406181,-118.0,0.5412844036697247,loss,0.0,-1.0,10.838749060665853,45.88148858047381,-14.0,44.5,0.5,1674,0.4996454498769594,1674,202511.0,platt
2025_12_NYJ_BAL,2025,12,202512,total,under,0.5011037527593819,-102.0,0.504950495049505,win,1.0,0.9803921568627452,10.838749060665853,45.88148858047381,-14.0,44.5,0.5,1674,0.5003545501230406,1674,202511.0,platt
2025_12_PHI_DAL,2025,12,202512,spread,away,0.4061810154525386,-105.0,0.5121951219512195,loss,0.0,-1.0,-1.1899362961165223,53.13500916628345,3.0,47.5,0.4903846153846153,1648,0.4943482748725744,1648,202511.0,platt
2025_12_PHI_DAL,2025,12,202512,spread,home,0.5938189845474614,-115.0,0.5348837209302325,win,1.0,0.8695652173913043,-1.1899362961165223,53.13500916628345,3.0,47.5,0.5096153846153845,1648,0.5056517251274256,1648,202511.0,platt
2025_12_PHI_DAL,2025,12,202512,total,over,0.6423841059602649,-120.0,0.5454545454545454,loss,0.0,-1.0,-1.1899362961165223,53.13500916628345,3.0,47.5,0.5452488687782807,1674,0.5468988166976526,1674,202511.0,platt
2025_12_PHI_DAL,2025,12,202512,total,under,0.3576158940397351,100.0,0.5,win,1.0,1.0,-1.1899362961165223,53.13500916628345,3.0,47.5,0.4547511312217194,1674,0.45310118330234733,1674,202511.0,platt
2025_12_PIT_CHI,2025,12,202512,spread,away,0.4933774834437086,-115.0,0.5348837209302325,push,,0.0,2.361565555255092,47.05536724778259,-3.0,46.5,0.5,1648,0.499605741743045,1648,202511.0,platt
2025_12_PIT_CHI,2025,12,202512,spread,home,0.5066225165562914,-105.0,0.5121951219512195,push,,0.0,2.361565555255092,47.05536724778259,-3.0,46.5,0.5,1648,0.5003942582569549,1648,202511.0,platt
2025_12_PIT_CHI,2025,12,202512,total,over,0.477924944812362,-112.0,0.5283018867924528,win,1.0,0.8928571428571429,2.361565555255092,47.05536724778259,-3.0,46.5,0.477366255144033,1674,0.4929048714335101,1674,202511.0,platt
2025_12_PIT_CHI,2025,12,202512,total,under,0.522075055187638,-108.0,0.5192307692307693,loss,0.0,-1.0,2.361565555255092,47.05536724778259,-3.0,46.5,0.522633744855967,1674,0.50709512856649,1674,202511.0,platt
2025_12_SEA_TEN,2025,12,202512,spread,away,0.4061810154525386,-115.0,0.5348837209302325,loss,0.0,-1.0,-10.675523863491298,43.37695435944261,12.5,41.5,0.4903846153846153,1648,0.4943482748725744,1648,202511.0,platt
2025_12_SEA_TEN,2025,12,202512,spread,home,0.5938189845474614,-105.0,0.5121951219512195,win,1.0,0.9523809523809524,-10.675523863491298,43.37695435944261,12.5,41.5,0.5096153846153845,1648,0.5056517251274256,1648,202511.0,platt
2025_12_SEA_TEN,2025,12,202512,total,over,0.5132450331125827,-110.0,0.5238095238095238,win,1.0,0.9090909090909092,-10.675523863491298,43.37695435944261,12.5,41.5,0.522633744855967,1674,0.5042554881254475,1674,202511.0,platt
2025_12_SEA_TEN,2025,12,202512,total,under,0.4867549668874172,-110.0,0.5238095238095238,loss,0.0,-1.0,-10.675523863491298,43.37695435944261,12.5,41.5,0.477366255144033,1674,0.4957445118745525,1674,202511.0,platt
2025_12_TB_LA,2025,12,202512,spread,away,0.5286975717439293,-110.0,0.5238095238095238,loss,0.0,-1.0,5.781120796529424,51.356199813132335,-7.0,49.5,0.5,1648,0.5017102258247003,1648,202511.0,platt
2025_12_TB_LA,2025,12,202512,spread,home,0.4713024282560706,-110.0,0.5238095238095238,win,1.0,0.9090909090909092,5.781120796529424,51.356199813132335,-7.0,49.5,0.5,1648,0.4982897741752997,1648,202511.0,platt
2025_12_TB_LA,2025,12,202512,total,over,0.5121412803532008,-120.0,0.5454545454545454,loss,0.0,-1.0,5.781120796529424,51.356199813132335,-7.0,49.5,0.522633744855967,1674,0.5039007333483768,1674,202511.0,platt
2025_12_TB_LA,2025,12,202512,total,under,0.4878587196467991,100.0,0.5,win,1.0,1.0,5.781120796529424,51.356199813132335,-7.0,49.5,0.477366255144033,1674,0.49609926665162324,1674,202511.0,platt
2025_13_ARI_TB,2025,13,202513,spread,away,0.5875952121871599,-115.0,0.5348837209302325,win,1.0,0.8695652173913043,1.5308686552825352,47.42788297596548,-4.5,44.5,0.524390243902439,1672,0.5076404556901762,1672,202512.0,platt
2025_13_ARI_TB,2025,13,202513,spread,home,0.41240478781284,-105.0,0.5121951219512195,loss,0.0,-1.0,1.5308686552825352,47.42788297596548,-4.5,44.5,0.4756097560975609,1672,0.49235954430982376,1672,202512.0,platt
2025_13_ARI_TB,2025,13,202513,total,over,0.5418933623503809,-112.0,0.5283018867924528,loss,0.0,-1.0,1.5308686552825352,47.42788297596548,-4.5,44.5,0.5204918032786885,1700,0.5129727364996287,1700,202512.0,platt
2025_13_ARI_TB,2025,13,202513,total,under,0.4581066376496191,-108.0,0.5192307692307693,win,1.0,0.925925925925926,1.5308686552825352,47.42788297596548,-4.5,44.5,0.4795081967213114,1700,0.4870272635003712,1700,202512.0,platt
2025_13_ATL_NYJ,2025,13,202513,spread,away,0.4613710554951034,-112.0,0.5283018867924528,loss,0.0,-1.0,-2.675324377287376,41.89307946713009,3.0,38.5,0.5,1672,0.4966584952446136,1672,202512.0,platt
2025_13_ATL_NYJ,2025,13,202513,spread,home,0.5386289445048966,-108.0,0.5192307692307693,win,1.0,0.925925925925926,-2.675324377287376,41.89307946713009,3.0,38.5,0.5,1672,0.5033415047553864,1672,202512.0,platt
2025_13_ATL_NYJ,2025,13,202513,total,over,0.5527747551686616,-115.0,0.5348837209302325,win,1.0,0.8695652173913043,-2.675324377287376,41.89307946713009,3.0,38.5,0.5204918032786885,1700,0.5163627468716969,1700,202512.0,platt
2025_13_ATL_NYJ,2025,13,202513,total,under,0.4472252448313384,-105.0,0.5121951219512195,loss,0.0,-1.0,-2.675324377287376,41.89307946713009,3.0,38.5,0.4795081967213114,1700,0.48363725312830297,1700,202512.0,platt
2025_13_BUF_PIT,2025,13,202513,spread,away,0.4820457018498367,-115.0,0.5348837209302325,win,1.0,0.8695652173913043,-3.209450478116258,45.70518467077296,3.0,44.5,0.5,1672,0.49844931636601547,1672,202512.0,platt
2025_13_BUF_PIT,2025,13,202513,spread,home,0.5179542981501633,-105.0,0.5121951219512195,loss,0.0,-1.0,-3.209450478116258,45.70518467077296,3.0,44.5,0.5,1672,0.5015506836339845,1672,202512.0,platt
2025_13_BUF_PIT,2025,13,202513,total,over,0.4896626768226333,-108.0,0.5192307692307693,loss,0.0,-1.0,-3.209450478116258,45.70518467077296,3.0,44.5,0.4929577464788732,1700,0.49680531129192734,1700,202512.0,platt
2025_13_BUF_PIT,2025,13,202513,total,under,0.5103373231773667,-112.0,0.5283018867924528,win,1.0,0.8928571428571429,-3.209450478116258,45.70518467077296,3.0,44.5,0.5070422535211268,1700,0.5031946887080726,1700,202512.0,platt
2025_13_CHI_PHI,2025,13,202513,spread,away,0.5712731229597389,-105.0,0.5121951219512195,win,1.0,0.9523809523809524,4.480321342137467,43.71815439691164,-7.0,43.5,0.5,1672,0.5061949916560412,1672,202512.0,platt
2025_13_CHI_PHI,2025,13,202513,spread,home,0.4287268770402611,-115.0,0.5348837209302325,loss,0.0,-1.0,4.480321342137467,43.71815439691164,-7.0,43.5,0.5,1672,0.49380500834395874,1672,202512.0,platt
2025_13_CHI_PHI,2025,13,202513,total,over,0.4657236126224157,-105.0,0.5121951219512195,loss,0.0,-1.0,4.480321342137467,43.71815439691164,-7.0,43.5,0.4795081967213114,1700,0.48939340300681217,1700,202512.0,platt
2025_13_CHI_PHI,2025,13,202513,total,under,0.5342763873775843,-115.0,0.5348837209302325,win,1.0,0.8695652173913043,4.480321342137467,43.71815439691164,-7.0,43.5,0.5204918032786885,1700,0.5106065969931878,1700,202512.0,platt
2025_13_CIN_BAL,2025,13,202513,spread,away,0.4776931447225244,100.0,0.5,win,1.0,1.0,7.003196620922812,50.20870311945375,-7.0,52.5,0.5,1672,0.49807294557499293,1672,202512.0,platt
2025_13_CIN_BAL,2025,13,202513,spread,home,0.5223068552774756,-120.0,0.5454545454545454,loss,0.0,-1.0,7.003196620922812,50.20870311945375,-7.0,52.5,0.5,1672,0.5019270544250071,1672,202512.0,platt
2025_13_CIN_BAL,2025,13,202513,total,over,0.3775843307943416,-105.0,0.5121951219512195,loss,0.0,-1.0,7.003196620922812,50.20870311945375,-7.0,52.5,0.4561797752808988,1700,0.46146538661275227,1700,202512.0,platt
2025_13_CIN_BAL,2025,13,202513,total,under,0.6224156692056584,-115.0,0.5348837209302325,win,1.0,0.8695652173913043,7.003196620922812,50.20870311945375,-7.0,52.5,0.543820224719101,1700,0.5385346133872477,1700,202512.0,platt
2025_13_DEN_WAS,2025,13,202513,spread,away,0.279651795429815,-105.0,0.5121951219512195,loss,0.0,-1.0,-0.5956049337249649,45.95225948044728,6.5,43.5,0.4567901234567901,1672,0.4795898536377403,1672,202512.0,platt
2025_13_DEN_WAS,2025,13,202513,spread,home,0.720348204570185,-115.0,0.5348837209302325,win,1.0,0.8695652173913043,-0.5956049337249649,45.95225948044728,6.5,43.5,0.5432098765432098,1672,0.5204101463622597,1672,202512.0,platt
2025_13_DEN_WAS,2025,13,202513,total,over,0.5223068552774756,-108.0,0.5192307692307693,win,1.0,0.925925925925926,-0.5956049337249649,45.95225948044728,6.5,43.5,0.5204918032786885,1700,0.5068970545534854,1700,202512.0,platt
2025_13_DEN_WAS,2025,13,202513,total,under,0.4776931447225244,-112.0,0.5283018867924528,loss,0.0,-1.0,-0.5956049337249649,45.95225948044728,6.5,43.5,0.4795081967213114,1700,0.4931029454465145,1700,202512.0,platt
2025_13_GB_DET,2025,13,202513,spread,away,0.5266594124047879,105.0,0.4878048780487805,win,1.0,1.05,1.2384502332870369,51.95288719282758,-2.5,48.5,0.5,1672,0.5023037160817927,1672,202512.0,platt
2025_13_GB_DET,2025,13,202513,spread,home,0.4733405875952122,-125.0,0.5555555555555556,loss,0.0,-1.0,1.2384502332870369,51.95288719282758,-2.5,48.5,0.5,1672,0.4976962839182073,1672,202512.0,platt
2025_13_GB_DET,2025,13,202513,total,over,0.5538628944504896,-110.0,0.5238095238095238,win,1.0,0.9090909090909092,1.2384502332870369,51.95288719282758,-2.5,48.5,0.5204918032786885,1700,0.5167024823958193,1700,202512.0,platt
2025_13_GB_DET,2025,13,202513,total,under,0.4461371055495103,-110.0,0.5238095238095238,loss,0.0,-1.0,1.2384502332870369,51.95288719282758,-2.5,48.5,0.4795081967213114,1700,0.48329751760418066,1700,202512.0,platt
2025_13_HOU_IND,2025,13,202513,spread,away,0.441784548422198,-105.0,0.5121951219512195,win,1.0,0.9523809523809524,3.8179843521351007,49.29973872212151,-3.0,44.5,0.5,1672,0.49495144624154963,1672,202512.0,platt
2025_13_HOU_IND,2025,13,202513,spread,home,0.558215451577802,-115.0,0.5348837209302325,loss,0.0,-1.0,3.8179843521351007,49.29973872212151,-3.0,44.5,0.5,1672,0.5050485537584504,1672,202512.0,platt
2025_13_HOU_IND,2025,13,202513,total,over,0.6093579978237215,-108.0,0.5192307692307693,loss,0.0,-1.0,3.8179843521351007,49.29973872212151,-3.0,44.5,0.543820224719101,1700,0.534293011825891,1700,202512.0,platt
2025_13_HOU_IND,2025,13,202513,total,under,0.3906420021762785,-112.0,0.5283018867924528,win,1.0,0.8928571428571429,3.8179843521351007,49.29973872212151,-3.0,44.5,0.4561797752808988,1700,0.46570698817410894,1700,202512.0,platt
2025_13_JAX_TEN,2025,13,202513,spread,away,0.529923830250272,-108.0,0.5192307692307693,win,1.0,0.925925925925926,-7.336022784452052,39.84070408803579,6.0,42.5,0.5,1672,0.5025864376908235,1672,202512.0,platt
2025_13_JAX_TEN,2025,13,202513,spread,home,0.470076169749728,-112.0,0.5283018867924528,loss,0.0,-1.0,-7.336022784452052,39.84070408803579,6.0,42.5,0.5,1672,0.49741356230917644,1672,202512.0,platt
2025_13_JAX_TEN,2025,13,202513,total,over,0.3634385201305767,-115.0,0.5348837209302325,loss,0.0,-1.0,-7.336022784452052,39.84070408803579,6.0,42.5,0.4561797752808988,1700,0.45681092631053616,1700,202512.0,platt
2025_13_JAX_TEN,2025,13,202513,total,under,0.6365614798694232,-105.0,0.5121951219512195,win,1.0,0.9523809523809524,-7.336022784452052,39.84070408803579,6.0,42.5,0.543820224719101,1700,0.5431890736894639,1700,202512.0,platt
2025_13_KC_DAL,2025,13,202513,spread,away,0.4613710554951034,-105.0,0.5121951219512195,loss,0.0,-1.0,-3.188358381441617,51.60992955114391,3.5,53.5,0.5,1672,0.4966584952446136,1672,202512.0,platt
2025_13_KC_DAL,2025,13,202513,spread,home,0.5386289445048966,-115.0,0.5348837209302325,win,1.0,0.8695652173913043,-3.188358381441617,51.60992955114391,3.5,53.5,0.5,1672,0.5033415047553864,1672,202512.0,platt
2025_13_KC_DAL,2025,13,202513,total,over,0.3884657236126224,-110.0,0.5238095238095238,win,1.0,0.9090909090909092,-3.188358381441617,51.60992955114391,3.5,53.5,0.4561797752808988,1700,0.4650034060360706,1700,202512.0,platt
2025_13_KC_DAL,2025,13,202513,total,under,0.6115342763873776,-110.0,0.5238095238095238,loss,0.0,-1.0,-3.188358381441617,51.60992955114391,3.5,53.5,0.543820224719101,1700,0.5349965939639294,1700,202512.0,platt
2025_13_LA_CAR,2025,13,202513,spread,away,0.4907508161044613,-110.0,0.5238095238095238,loss,0.0,-1.0,-10.568416365264529,41.123893221285655,10.0,44.5,0.5,1672,0.49920141346320346,1672,202512.0,platt
2025_13_LA_CAR,2025,13,202513,spread,home,0.5092491838955386,-110.0,0.5238095238095238,win,1.0,0.9090909090909092,-10.568416365264529,41.123893221285655,10.0,44.5,0.5,1672,0.5007985865367965,1672,202512.0,platt
2025_13_LA_CAR,2025,13,202513,total,over,0.3492927094668117,-115.0,0.5348837209302325,win,1.0,0.8695652173913043,-10.568416365264529,41.123893221285655,10.0,44.5,0.4561797752808988,1700,0.452085758263294,1700,202512.0,platt
2025_13_LA_CAR,2025,13,202513,total,under,0.6507072905331883,-105.0,0.5121951219512195,loss,0.0,-1.0,-10.568416365264529,41.123893221285655,10.0,44.5,0.543820224719101,1700,0.547914241736706,1700,202512.0,platt
2025_13_LV_LAC,2025,13,202513,spread,away,0.5266594124047879,-115.0,0.5348837209302325,loss,0.0,-1.0,8.75657318991699,42.617607490377935,-10.0,40.5,0.5,1672,0.5023037160817927,1672,202512.0,platt
2025_13_LV_LAC,2025,13,202513,spread,home,0.4733405875952122,-105.0,0.5121951219512195,win,1.0,0.9523809523809524,8.75657318991699,42.617607490377935,-10.0,40.5,0.5,1672,0.4976962839182073,1672,202512.0,platt
2025_13_LV_LAC,2025,13,202513,total,over,0.514689880304679,-112.0,0.5283018867924528,win,1.0,0.8928571428571429,8.75657318991699,42.617607490377935,-10.0,40.5,0.5204918032786885,1700,0.5045404175694109,1700,202512.0,platt
2025_13_LV_LAC,2025,13,202513,total,under,0.485310119695321,-108.0,0.5192307692307693,loss,0.0,-1.0,8.75657318991699,42.617607490377935,-10.0,40.5,0.4795081967213114,1700,0.49545958243058913,1700,202512.0,platt
2025_13_NO_MIA,2025,13,202513,spread,away,0.4951033732317736,-110.0,0.5238095238095238,win,1.0,0.9090909090909092,4.763217045830225,39.54468903782247,-5.5,41.5,0.5,1672,0.4995772533464773,1672,202512.0,platt
2025_13_NO_MIA,2025,13,202513,spread,home,0.5048966267682263,-110.0,0.5238095238095238,loss,0.0,-1.0,4.763217045830225,39.54468903782247,-5.5,41.5,0.5,1672,0.5004227466535227,1672,202512.0,platt
2025_13_NO_MIA,2025,13,202513,total,over,0.3873775843307943,-115.0,0.5348837209302325,loss,0.0,-1.0,4.763217045830225,39.54468903782247,-5.5,41.5,0.4561797752808988,1700,0.4646511295157982,1700,202512.0,platt
2025_13_NO_MIA,2025,13,202513,total,under,0.6126224156692057,-105.0,0.5121951219512195,win,1.0,0.9523809523809524,4.763217045830225,39.54468903782247,-5.5,41.5,0.543820224719101,1700,0.5353488704842019,1700,202512.0,platt
2025_13_NYG_NE,2025,13,202513,spread,away,0.4515778019586507,-105.0,0.5121951219512195,loss,0.0,-1.0,7.571972812193936,47.26074365692494,-7.0,46.5,0.5,1672,0.4958065932759977,1672,202512.0,platt
2025_13_NYG_NE,2025,13,202513,spread,home,0.5484221980413493,-115.0,0.5348837209302325,win,1.0,0.8695652173913043,7.571972812193936,47.26074365692494,-7.0,46.5,0.5,1672,0.5041934067240023,1672,202512.0,platt
2025_13_NYG_NE,2025,13,202513,total,over,0.4809575625680087,-115.0,0.5348837209302325,win,1.0,0.8695652173913043,7.571972812193936,47.26074365692494,-7.0,46.5,0.4795081967213114,1700,0.4941132302488927,1700,202512.0,platt
2025_13_NYG_NE,2025,13,202513,total,under,0.5190424374319913,-105.0,0.5121951219512195,loss,0.0,-1.0,7.571972812193936,47.26074365692494,-7.0,46.5,0.5204918032786885,1700,0.5058867697511074,1700,202512.0,platt
2025_13_SF_CLE,2025,13,202513,spread,away,0.6430903155603918,-108.0,0.5192307692307693,win,1.0,0.925925925925926,-10.21428291372814,36.19362346092528,5.5,35.5,0.524390243902439,1672,0.5127053162864922,1672,202512.0,platt
2025_13_SF_CLE,2025,13,202513,spread,home,0.3569096844396082,-112.0,0.5283018867924528,loss,0.0,-1.0,-10.21428291372814,36.19362346092528,5.5,35.5,0.4756097560975609,1672,0.4872946837135078,1672,202512.0,platt
2025_13_SF_CLE,2025,13,202513,total,over,0.4787812840043525,-108.0,0.5192307692307693,loss,0.0,-1.0,-10.21428291372814,36.19362346092528,5.5,35.5,0.4795081967213114,1700,0.49343976244500376,1700,202512.0,platt
2025_13_SF_CLE,2025,13,202513,total,under,0.5212187159956474,-112.0,0.5283018867924528,win,1.0,0.8928571428571429,-10.21428291372814,36.19362346092528,5.5,35.5,0.5204918032786885,1700,0.5065602375549962,1700,202512.0,platt
2025_14_CHI_GB,2025,14,202514,spread,away,0.4154175588865096,-105.0,0.5121951219512195,loss,0.0,-1.0,8.03085127964494,44.231690475729714,-6.5,44.5,0.4718614718614718,1702,0.49079235951172073,1702,202513.0,platt
2025_14_CHI_GB,2025,14,202514,spread,home,0.5845824411134903,-115.0,0.5348837209302325,win,1.0,0.8695652173913043,8.03085127964494,44.231690475729714,-6.5,44.5,0.5281385281385281,1702,0.5092076404882794,1702,202513.0,platt
2025_14_CHI_GB,2025,14,202514,total,over,0.4443254817987152,-105.0,0.5121951219512195,win,1.0,0.9523809523809524,8.03085127964494,44.231690475729714,-6.5,44.5,0.4722222222222222,1730,0.48247652795112017,1730,202513.0,platt
2025_14_CHI_GB,2025,14,202514,total,under,0.5556745182012848,-115.0,0.5348837209302325,loss,0.0,-1.0,8.03085127964494,44.231690475729714,-6.5,44.5,0.5277777777777778,1730,0.5175234720488799,1730,202513.0,platt
2025_14_CIN_BUF,2025,14,202514,spread,away,0.4239828693790149,-108.0,0.5192307692307693,win,1.0,0.925925925925926,7.25636080350661,49.6683085871935,-6.0,54.5,0.5000000000000001,1702,0.4917401081356875,1702,202513.0,platt
2025_14_CIN_BUF,2025,14,202514,spread,home,0.576017130620985,-112.0,0.5283018867924528,loss,0.0,-1.0,7.25636080350661,49.6683085871935,-6.0,54.5,0.5000000000000001,1702,0.5082598918643125,1702,202513.0,platt
2025_14_CIN_BUF,2025,14,202514,total,over,0.3083511777301927,-112.0,0.5283018867924528,win,1.0,0.8928571428571429,7.25636080350661,49.6683085871935,-6.0,54.5,0.360655737704918,1730,0.43700760120763127,1730,202513.0,platt
2025_14_CIN_BUF,2025,14,202514,total,under,0.6916488222698073,-108.0,0.5192307692307693,loss,0.0,-1.0,7.25636080350661,49.6683085871935,-6.0,54.5,0.639344262295082,1730,0.5629923987923688,1730,202513.0,platt
2025_14_DAL_DET,2025,14,202514,spread,away,0.4047109207708779,-110.0,0.5238095238095238,loss,0.0,-1.0,5.43123316201959,54.793205100507,-3.5,55.5,0.4718614718614718,1702,0.48959971506007954,1702,202513.0,platt
2025_14_DAL_DET,2025,14,202514,spread,home,0.5952890792291221,-110.0,0.5238095238095238,win,1.0,0.9090909090909092,5.43123316201959,54.793205100507,-3.5,55.5,0.5281385281385281,1702,0.5104002849399205,1702,202513.0,platt
2025_14_DAL_DET,2025,14,202514,total,over,0.4261241970021413,-110.0,0.5238095238095238,win,1.0,0.9090909090909092,5.43123316201959,54.793205100507,-3.5,55.5,0.4567627494456763,1730,0.47668074727715765,1730,202513.0,platt
2025_14_DAL_DET,2025,14,202514,total,under,0.5738758029978587,-110.0,0.5238095238095238,loss,0.0,-1.0,5.43123316201959,54.793205100507,-3.5,55.5,0.543237250554324,1730,0.5233192527228424,1730,202513.0,platt
2025_14_DEN_LV,2025,14,202514,spread,away,0.4507494646680942,-110.0,0.5238095238095238,loss,0.0,-1.0,-7.870605614109696,40.72675330320118,8.5,40.5,0.5000000000000001,1702,0.49467245308695185,1702,202513.0,platt
2025_14_DEN_LV,2025,14,202514,spread,home,0.5492505353319058,-110.0,0.5238095238095238,win,1.0,0.9090909090909092,-7.870605614109696,40.72675330320118,8.5,40.5,0.5000000000000001,1702,0.5053275469130482,1702,202513.0,platt
2025_14_DEN_LV,2025,14,202514,total,over,0.4657387580299786,-105.0,0.5121951219512195,win,1.0,0.9523809523809524,-7.870605614109696,40.72675330320118,8.5,40.5,0.4722222222222222,1730,0.48924143938788967,1730,202513.0,platt
2025_14_DEN_LV,2025,14,202514,total,under,0.5342612419700214,-115.0,0.5348837209302325,loss,0.0,-1.0,-7.870605614109696,40.72675330320118,8.5,40.5,0.5277777777777778,1730,0.5107585606121103,1730,202513.0,platt
2025_14_HOU_KC,2025,14,202514,spread,away,0.4882226980728051,-115.0,0.5348837209302325,win,1.0,0.8695652173913043,4.135929742903679,44.32173663675486,-4.5,41.5,0.5000000000000001,1702,0.49872987208841923,1702,202513.0,platt
2025_14_HOU_KC,2025,14,202514,spread,home,0.5117773019271948,-105.0,0.5121951219512195,loss,0.0,-1.0,4.135929742903679,44.32173663675486,-4.5,41.5,0.5000000000000001,1702,0.5012701279115807,1702,202513.0,platt
2025_14_HOU_KC,2025,14,202514,total,over,0.5374732334047109,-110.0,0.5238095238095238,loss,0.0,-1.0,4.135929742903679,44.32173663675486,-4.5,41.5,0.5277777777777778,1730,0.5117704495673009,1730,202513.0,platt
2025_14_HOU_KC,2025,14,202514,total,under,0.4625267665952891,-110.0,0.5238095238095238,win,1.0,0.9090909090909092,4.135929742903679,44.32173663675486,-4.5,41.5,0.4722222222222222,1730,0.4882295504326991,1730,202513.0,platt
2025_14_LA_ARI,2025,14,202514,spread,away,0.3404710920770878,-110.0,0.5238095238095238,win,1.0,0.9090909090909092,-5.372262572049702,47.24207833149954,9.5,49.5,0.4715447154471545,1702,0.48218407812196046,1702,202513.0,platt
2025_14_LA_ARI,2025,14,202514,spread,home,0.6595289079229122,-110.0,0.5238095238095238,loss,0.0,-1.0,-5.372262572049702,47.24207833149954,9.5,49.5,0.5284552845528454,1702,0.5178159218780395,1702,202513.0,platt
2025_14_LA_ARI,2025,14,202514,total,over,0.380085653104925,-110.0,0.5238095238095238,win,1.0,0.9090909090909092,-5.372262572049702,47.24207833149954,9.5,49.5,0.4567627494456763,1730,0.4617263874278697,1730,202513.0,platt
2025_14_LA_ARI,2025,14,202514,total,under,0.619914346895075,-110.0,0.5238095238095238,loss,0.0,-1.0,-5.372262572049702,47.24207833149954,9.5,49.5,0.543237250554324,1730,0.5382736125721302,1730,202513.0,platt
2025_14_NO_TB,2025,14,202514,spread,away,0.576017130620985,-102.0,0.504950495049505,win,1.0,0.9803921568627452,4.8454325847544375,40.0315862006816,-7.5,41.5,0.5000000000000001,1702,0.5082598918643125,1702,202513.0,platt
2025_14_NO_TB,2025,14,202514,spread,home,0.4239828693790149,-118.0,0.5412844036697247,loss,0.0,-1.0,4.8454325847544375,40.0315862006816,-7.5,41.5,0.5000000000000001,1702,0.4917401081356875,1702,202513.0,platt
2025_14_NO_TB,2025,14,202514,total,over,0.4036402569593147,-115.0,0.5348837209302325,win,1.0,0.8695652173913043,4.8454325847544375,40.0315862006816,-7.5,41.5,0.4567627494456763,1730,0.4694397996575413,1730,202513.0,platt
2025_14_NO_TB,2025,14,202514,total,under,0.5963597430406853,-105.0,0.5121951219512195,loss,0.0,-1.0,4.8454325847544375,40.0315862006816,-7.5,41.5,0.543237250554324,1730,0.5305602003424588,1730,202513.0,platt
2025_14_PHI_LAC,2025,14,202514,spread,away,0.3736616702355461,-105.0,0.5121951219512195,loss,0.0,-1.0,1.1397436006141253,48.3698603900497,1.5,41.5,0.4718614718614718,1702,0.48607952983587543,1702,202513.0,platt
2025_14_PHI_LAC,2025,14,202514,spread,home,0.6263383297644539,-115.0,0.5348837209302325,win,1.0,0.8695652173913043,1.1397436006141253,48.3698603900497,1.5,41.5,0.5281385281385281,1702,0.5139204701641246,1702,202513.0,platt
2025_14_PHI_LAC,2025,14,202514,total,over,0.671306209850107,-115.0,0.5348837209302325,loss,0.0,-1.0,1.1397436006141253,48.3698603900497,1.5,41.5,0.5454545454545454,1730,0.5557475703373734,1730,202513.0,platt
2025_14_PHI_LAC,2025,14,202514,total,under,0.328693790149893,-105.0,0.5121951219512195,win,1.0,0.9523809523809524,1.1397436006141253,48.3698603900497,1.5,41.5,0.4545454545454545,1730,0.44425242966262657,1730,202513.0,platt
2025_14_PIT_BAL,2025,14,202514,spread,away,0.45610278372591,100.0,0.5,win,1.0,1.0,6.010331559443648,42.129319469005694,-5.5,43.5,0.5000000000000001,1702,0.4952546772043364,1702,202513.0,platt
2025_14_PIT_BAL,2025,14,202514,spread,home,0.5438972162740899,-120.0,0.5454545454545454,loss,0.0,-1.0,6.010331559443648,42.129319469005694,-5.5,43.5,0.5000000000000001,1702,0.5047453227956635,1702,202513.0,platt
2025_14_PIT_BAL,2025,14,202514,total,over,0.4036402569593147,-115.0,0.5348837209302325,win,1.0,0.8695652173913043,6.010331559443648,42.129319469005694,-5.5,43.5,0.4567627494456763,1730,0.4694397996575413,1730,202513.0,platt
2025_14_PIT_BAL,2025,14,202514,total,under,0.5963597430406853,-105.0,0.5121951219512195,loss,0.0,-1.0,6.010331559443648,42.129319469005694,-5.5,43.5,0.543237250554324,1730,0.5305602003424588,1730,202513.0,platt
2025_14_SEA_ATL,2025,14,202514,spread,away,0.341541755888651,100.0,0.5,win,1.0,1.0,-2.9109733163719795,48.6498549615,7.0,44.5,0.4715447154471545,1702,0.48231234783661536,1702,202513.0,platt
2025_14_SEA_ATL,2025,14,202514,spread,home,0.658458244111349,-120.0,0.5454545454545454,loss,0.0,-1.0,-2.9109733163719795,48.6498549615,7.0,44.5,0.5284552845528454,1702,0.5176876521633846,1702,202513.0,platt
2025_14_SEA_ATL,2025,14,202514,total,over,0.5877944325481799,-112.0,0.5283018867924528,win,1.0,0.8928571428571429,-2.9109733163719795,48.6498549615,7.0,44.5,0.543237250554324,1730,0.5277894715714115,1730,202513.0,platt
2025_14_SEA_ATL,2025,14,202514,total,under,0.4122055674518201,-108.0,0.5192307692307693,loss,0.0,-1.0,-2.9109733163719795,48.6498549615,7.0,44.5,0.4567627494456763,1730,0.47221052842858846,1730,202513.0,platt
2025_14_TEN_CLE,2025,14,202514,spread,away,0.576017130620985,-120.0,0.5454545454545454,win,1.0,0.8333333333333334,1.826498954360512,32.1295072021294,-4.5,33.5,0.5000000000000001,1702,0.5082598918643125,1702,202513.0,platt
2025_14_TEN_CLE,2025,14,202514,spread,home,0.4239828693790149,100.0,0.5,loss,0.0,-1.0,1.826498954360512,32.1295072021294,-4.5,33.5,0.5000000000000001,1702,0.4917401081356875,1702,202513.0,platt
2025_14_TEN_CLE,2025,14,202514,total,over,0.4036402569593147,-115.0,0.5348837209302325,win,1.0,0.8695652173913043,1.826498954360512,32.1295072021294,-4.5,33.5,0.4567627494456763,1730,0.4694397996575413,1730,202513.0,platt
2025_14_TEN_CLE,2025,14,202514,total,under,0.5963597430406853,-105.0,0.5121951219512195,loss,0.0,-1.0,1.826498954360512,32.1295072021294,-4.5,33.5,0.543237250554324,1730,0.5305602003424588,1730,202513.0,platt
2025_14_WAS_MIN,2025,14,202514,spread,away,0.6167023554603854,-102.0,0.504950495049505,loss,0.0,-1.0,-5.467028597713705,41.456683124213896,1.5,43.5,0.5281385281385281,1702,0.5128169834409826,1702,202513.0,platt
2025_14_WAS_MIN,2025,14,202514,spread,home,0.3832976445396145,-118.0,0.5412844036697247,win,1.0,0.847457627118644,-5.467028597713705,41.456683124213896,1.5,43.5,0.4718614718614718,1702,0.4871830165590174,1702,202513.0,platt
2025_14_WAS_MIN,2025,14,202514,total,over,0.3854389721627409,-118.0,0.5412844036697247,loss,0.0,-1.0,-5.467028597713705,41.456683124213896,1.5,43.5,0.4567627494456763,1730,0.46349278318849046,1730,202513.0,platt
2025_14_WAS_MIN,2025,14,202514,total,under,0.6145610278372591,-102.0,0.504950495049505,win,1.0,0.9803921568627452,-5.467028597713705,41.456683124213896,1.5,43.5,0.543237250554324,1730,0.5365072168115095,1730,202513.0,platt
2025_15_ARI_HOU,2025,15,202515,spread,away,0.6955602536997886,-110.0,0.5238095238095238,loss,0.0,-1.0,4.249834008397111,47.19997558817538,-10.5,42.5,0.5487804878048781,1726,0.5215571782122524,1726,202514.0,platt
2025_15_ARI_HOU,2025,15,202515,spread,home,0.3044397463002114,-110.0,0.5238095238095238,win,1.0,0.9090909090909092,4.249834008397111,47.19997558817538,-10.5,42.5,0.4512195121951219,1726,0.4784428217877476,1726,202514.0,platt
2025_15_ARI_HOU,2025,15,202515,total,over,0.6099365750528541,-108.0,0.5192307692307693,win,1.0,0.925925925925926,4.249834008397111,47.19997558817538,-10.5,42.5,0.5382978723404256,1754,0.5295719098145587,1754,202514.0,platt
2025_15_ARI_HOU,2025,15,202515,total,under,0.3900634249471458,-112.0,0.5283018867924528,loss,0.0,-1.0,4.249834008397111,47.19997558817538,-10.5,42.5,0.4617021276595744,1754,0.47042809018544135,1754,202514.0,platt
2025_15_ATL_TB,2025,15,202515,spread,away,0.6448202959830867,-112.0,0.5283018867924528,win,1.0,0.8928571428571429,1.3163912369509534,44.73101687035186,-6.0,43.5,0.5277777777777778,1726,0.5155636682557935,1726,202514.0,platt
2025_15_ATL_TB,2025,15,202515,spread,home,0.3551797040169133,-108.0,0.5192307692307693,loss,0.0,-1.0,1.3163912369509534,44.73101687035186,-6.0,43.5,0.4722222222222222,1726,0.48443633174420664,1726,202514.0,platt
2025_15_ATL_TB,2025,15,202515,total,over,0.492600422832981,-110.0,0.5238095238095238,win,1.0,0.9090909090909092,1.3163912369509534,44.73101687035186,-6.0,43.5,0.4861111111111111,1754,0.49803966154130297,1754,202514.0,platt
2025_15_ATL_TB,2025,15,202515,total,under,0.507399577167019,-110.0,0.5238095238095238,loss,0.0,-1.0,1.3163912369509534,44.73101687035186,-6.0,43.5,0.5138888888888888,1754,0.501960338458697,1754,202514.0,platt
2025_15_BAL_CIN,2025,15,202515,spread,away,0.4260042283298098,-125.0,0.5555555555555556,win,1.0,0.8,-1.2385821104177432,44.81409230543352,2.5,51.5,0.5,1726,0.49221630975255853,1726,202514.0,platt
2025_15_BAL_CIN,2025,15,202515,spread,home,0.5739957716701902,105.0,0.4878048780487805,loss,0.0,-1.0,-1.2385821104177432,44.81409230543352,2.5,51.5,0.5000000000000001,1726,0.5077836902474415,1726,202514.0,platt
2025_15_BAL_CIN,2025,15,202515,total,over,0.2684989429175475,-110.0,0.5238095238095238,loss,0.0,-1.0,-1.2385821104177432,44.81409230543352,2.5,51.5,0.3709677419354839,1754,0.43401112739151926,1754,202514.0,platt
2025_15_BAL_CIN,2025,15,202515,total,under,0.7315010570824525,-110.0,0.5238095238095238,win,1.0,0.9090909090909092,-1.2385821104177432,44.81409230543352,2.5,51.5,0.6290322580645161,1754,0.5659888726084807,1754,202514.0,platt
2025_15_BUF_NE,2025,15,202515,spread,away,0.3847780126849894,-110.0,0.5238095238095238,win,1.0,0.9090909090909092,-0.097161984156344,50.07620076339981,2.5,49.5,0.4722222222222222,1726,0.48775012519225663,1726,202514.0,platt
2025_15_BUF_NE,2025,15,202515,spread,home,0.6152219873150105,-110.0,0.5238095238095238,loss,0.0,-1.0,-0.097161984156344,50.07620076339981,2.5,49.5,0.5277777777777778,1726,0.5122498748077434,1726,202514.0,platt
2025_15_BUF_NE,2025,15,202515,total,over,0.4778012684989429,-115.0,0.5348837209302325,win,1.0,0.8695652173913043,-0.097161984156344,50.07620076339981,2.5,49.5,0.4784313725490196,1754,0.49411578712454146,1754,202514.0,platt
2025_15_BUF_NE,2025,15,202515,total,under,0.522198731501057,-105.0,0.5121951219512195,loss,0.0,-1.0,-0.097161984156344,50.07620076339981,2.5,49.5,0.5215686274509804,1754,0.5058842128754585,1754,202514.0,platt
2025_15_CAR_NO,2025,15,202515,spread,away,0.3128964059196617,-118.0,0.5412844036697247,loss,0.0,-1.0,2.481268517413449,43.37402551986419,2.5,41.5,0.4565827213219693,1726,0.47947563963880496,1726,202514.0,platt
2025_15_CAR_NO,2025,15,202515,spread,home,0.6871035940803383,-102.0,0.504950495049505,win,1.0,0.9803921568627452,2.481268517413449,43.37402551986419,2.5,41.5,0.5434172786780307,1726,0.5205243603611951,1726,202514.0,platt
2025_15_CAR_NO,2025,15,202515,total,over,0.5126849894291755,-112.0,0.5283018867924528,loss,0.0,-1.0,2.481268517413449,43.37402551986419,2.5,41.5,0.5138888888888888,1754,0.503361022680873,1754,202514.0,platt
2025_15_CAR_NO,2025,15,202515,total,under,0.4873150105708245,-108.0,0.5192307692307693,win,1.0,0.925925925925926,2.481268517413449,43.37402551986419,2.5,41.5,0.4861111111111111,1754,0.49663897731912704,1754,202514.0,platt
2025_15_CLE_CHI,2025,15,202515,spread,away,0.4101479915433403,-112.0,0.5283018867924528,loss,0.0,-1.0,9.152845015372163,31.553541489072312,-7.5,38.5,0.4722222222222222,1726,0.49051515884763497,1726,202514.0,platt
2025_15_CLE_CHI,2025,15,202515,spread,home,0.5898520084566596,-108.0,0.5192307692307693,win,1.0,0.925925925925926,9.152845015372163,31.553541489072312,-7.5,38.5,0.5277777777777778,1726,0.509484841152365,1726,202514.0,platt
2025_15_CLE_CHI,2025,15,202515,total,over,0.2642706131078224,-105.0,0.5121951219512195,loss,0.0,-1.0,9.152845015372163,31.553541489072312,-7.5,38.5,0.3709677419354839,1754,0.43260366715727594,1754,202514.0,platt
2025_15_CLE_CHI,2025,15,202515,total,under,0.7357293868921776,-115.0,0.5348837209302325,win,1.0,0.8695652173913043,9.152845015372163,31.553541489072312,-7.5,38.5,0.6290322580645161,1754,0.5673963328427241,1754,202514.0,platt
2025_15_DET_LA,2025,15,202515,spread,away,0.4873150105708245,-105.0,0.5121951219512195,loss,0.0,-1.0,5.266317534057023,53.31843924636946,-5.5,54.5,0.5,1726,0.4986750638332553,1726,202514.0,platt
2025_15_DET_LA,2025,15,202515,spread,home,0.5126849894291755,-115.0,0.5348837209302325,win,1.0,0.8695652173913043,5.266317534057023,53.31843924636946,-5.5,54.5,0.5,1726,0.5013249361667447,1726,202514.0,platt
2025_15_DET_LA,2025,15,202515,total,over,0.4112050739957716,-115.0,0.5348837209302325,win,1.0,0.8695652173913043,5.266317534057023,53.31843924636946,-5.5,54.5,0.4617021276595744,1754,0.4762433641871081,1754,202514.0,platt
2025_15_DET_LA,2025,15,202515,total,under,0.5887949260042283,-105.0,0.5121951219512195,loss,0.0,-1.0,5.266317534057023,53.31843924636946,-5.5,54.5,0.5382978723404256,1754,0.5237566358128919,1754,202514.0,platt
2025_15_GB_DEN,2025,15,202515,spread,away,0.452431289640592,-108.0,0.5192307692307693,loss,0.0,-1.0,-0.8535417925935194,47.89538836662668,1.5,42.5,0.5,1726,0.49501763987205083,1726,202514.0,platt
2025_15_GB_DEN,2025,15,202515,spread,home,0.547568710359408,-112.0,0.5283018867924528,win,1.0,0.8928571428571429,-0.8535417925935194,47.89538836662668,1.5,42.5,0.5000000000000001,1726,0.5049823601279493,1726,202514.0,platt
2025_15_GB_DEN,2025,15,202515,total,over,0.6363636363636364,-105.0,0.5121951219512195,win,1.0,0.9523809523809524,-0.8535417925935194,47.89538836662668,1.5,42.5,0.5382978723404256,1754,0.536993913995983,1754,202514.0,platt
2025_15_GB_DEN,2025,15,202515,total,under,0.3636363636363636,-115.0,0.5348837209302325,loss,0.0,-1.0,-0.8535417925935194,47.89538836662668,1.5,42.5,0.4617021276595744,1754,0.463006086004017,1754,202514.0,platt
2025_15_IND_SEA,2025,15,202515,spread,away,0.7536997885835095,-105.0,0.5121951219512195,win,1.0,0.9523809523809524,5.269027829639152,48.41991795783575,-13.5,41.5,0.5487804878048781,1726,0.5291657542592922,1726,202514.0,platt
2025_15_IND_SEA,2025,15,202515,spread,home,0.2463002114164905,-115.0,0.5348837209302325,loss,0.0,-1.0,5.269027829639152,48.41991795783575,-13.5,41.5,0.4512195121951219,1726,0.4708342457407078,1726,202514.0,platt
2025_15_IND_SEA,2025,15,202515,total,over,0.6765327695560254,-112.0,0.5283018867924528,loss,0.0,-1.0,5.269027829639152,48.41991795783575,-13.5,41.5,0.6290322580645161,1754,0.5487127310129045,1754,202514.0,platt
2025_15_IND_SEA,2025,15,202515,total,under,0.3234672304439746,-108.0,0.5192307692307693,win,1.0,0.925925925925926,5.269027829639152,48.41991795783575,-13.5,41.5,0.3709677419354839,1754,0.4512872689870955,1754,202514.0,platt
2025_15_LAC_KC,2025,15,202515,spread,away,0.5591966173361522,100.0,0.5,win,1.0,1.0,3.4044901640782443,43.390530871794695,-5.5,41.5,0.5000000000000001,1726,0.5062105320770413,1726,202514.0,platt
2025_15_LAC_KC,2025,15,202515,spread,home,0.4408033826638478,-120.0,0.5454545454545454,loss,0.0,-1.0,3.4044901640782443,43.390530871794695,-5.5,41.5,0.5,1726,0.49378946792295886,1726,202514.0,platt
2025_15_LAC_KC,2025,15,202515,total,over,0.5126849894291755,-112.0,0.5283018867924528,loss,0.0,-1.0,3.4044901640782443,43.390530871794695,-5.5,41.5,0.5138888888888888,1754,0.503361022680873,1754,202514.0,platt
2025_15_LAC_KC,2025,15,202515,total,under,0.4873150105708245,-108.0,0.5192307692307693,win,1.0,0.925925925925926,3.4044901640782443,43.390530871794695,-5.5,41.5,0.4861111111111111,1754,0.49663897731912704,1754,202514.0,platt
2025_15_LV_PHI,2025,15,202515,spread,away,0.5676532769556025,-108.0,0.5192307692307693,loss,0.0,-1.0,10.182224454566102,39.13097269283946,-12.5,37.5,0.5000000000000001,1726,0.5071079414125773,1726,202514.0,platt
2025_15_LV_PHI,2025,15,202515,spread,home,0.4323467230443975,-112.0,0.5283018867924528,win,1.0,0.8928571428571429,10.182224454566102,39.13097269283946,-12.5,37.5,0.5,1726,0.49289205858742274,1726,202514.0,platt
2025_15_LV_PHI,2025,15,202515,total,over,0.5063424947145877,-102.0,0.504950495049505,loss,0.0,-1.0,10.182224454566102,39.13097269283946,-12.5,37.5,0.5138888888888888,1754,0.5016802598418276,1754,202514.0,platt
2025_15_LV_PHI,2025,15,202515,total,under,0.4936575052854123,-118.0,0.5412844036697247,win,1.0,0.847457627118644,10.182224454566102,39.13097269283946,-12.5,37.5,0.4861111111111111,1754,0.4983197401581725,1754,202514.0,platt
2025_15_MIA_PIT,2025,15,202515,spread,away,0.6236786469344608,-102.0,0.504950495049505,loss,0.0,-1.0,-1.1428613197133506,41.53157624403859,-3.0,42.5,0.5277777777777778,1726,0.5131858538351629,1726,202514.0,platt
2025_15_MIA_PIT,2025,15,202515,spread,home,0.3763213530655391,-118.0,0.5412844036697247,win,1.0,0.847457627118644,-1.1428613197133506,41.53157624403859,-3.0,42.5,0.4722222222222222,1726,0.4868141461648371,1726,202514.0,platt
2025_15_MIA_PIT,2025,15,202515,total,over,0.4186046511627907,-115.0,0.5348837209302325,win,1.0,0.8695652173913043,-1.1428613197133506,41.53157624403859,-3.0,42.5,0.4617021276595744,1754,0.4782579006635887,1754,202514.0,platt
2025_15_MIA_PIT,2025,15,202515,total,under,0.5813953488372092,-105.0,0.5121951219512195,loss,0.0,-1.0,-1.1428613197133506,41.53157624403859,-3.0,42.5,0.5382978723404256,1754,0.5217420993364112,1754,202514.0,platt
2025_15_MIN_DAL,2025,15,202515,spread,away,0.4989429175475687,-110.0,0.5238095238095238,win,1.0,0.9090909090909092,4.775365117171986,46.15973250708016,-5.5,47.5,0.5,1726,0.4998896119240224,1726,202514.0,platt
2025_15_MIN_DAL,2025,15,202515,spread,home,0.5010570824524313,-110.0,0.5238095238095238,loss,0.0,-1.0,4.775365117171986,46.15973250708016,-5.5,47.5,0.5,1726,0.5001103880759776,1726,202514.0,platt
2025_15_MIN_DAL,2025,15,202515,total,over,0.4080338266384778,-118.0,0.5412844036697247,win,1.0,0.847457627118644,4.775365117171986,46.15973250708016,-5.5,47.5,0.4617021276595744,1754,0.4753769289871389,1754,202514.0,platt
2025_15_MIN_DAL,2025,15,202515,total,under,0.5919661733615222,-102.0,0.504950495049505,loss,0.0,-1.0,4.775365117171986,46.15973250708016,-5.5,47.5,0.5382978723404256,1754,0.5246230710128612,1754,202514.0,platt
2025_15_TEN_SF,2025,15,202515,spread,away,0.4894291754756871,-108.0,0.5192307692307693,loss,0.0,-1.0,12.161099672357786,44.44659185573804,-12.5,44.5,0.5,1726,0.4988959581504424,1726,202514.0,platt
2025_15_TEN_SF,2025,15,202515,spread,home,0.5105708245243129,-112.0,0.5283018867924528,win,1.0,0.8928571428571429,12.161099672357786,44.44659185573804,-12.5,44.5,0.5,1726,0.5011040418495576,1726,202514.0,platt
2025_15_TEN_SF,2025,15,202515,total,over,0.4556025369978858,-108.0,0.5192307692307693,win,1.0,0.925925925925926,12.161099672357786,44.44659185573804,-12.5,44.5,0.4784313725490196,1754,0.48820989596351905,1754,202514.0,platt
2025_15_TEN_SF,2025,15,202515,total,under,0.5443974630021142,-112.0,0.5283018867924528,loss,0.0,-1.0,12.161099672357786,44.44659185573804,-12.5,44.5,0.5215686274509804,1754,0.5117901040364811,1754,202514.0,platt
2025_15_WAS_NYG,2025,15,202515,spread,away,0.5602536997885835,-105.0,0.5121951219512195,win,1.0,0.9523809523809524,0.3690930815911113,45.94734317254414,-2.5,46.5,0.5000000000000001,1726,0.5063225002995645,1726,202514.0,platt
2025_15_WAS_NYG,2025,15,202515,spread,home,0.4397463002114165,-115.0,0.5348837209302325,loss,0.0,-1.0,0.3690930815911113,45.94734317254414,-2.5,46.5,0.5,1726,0.4936774997004355,1726,202514.0,platt
2025_15_WAS_NYG,2025,15,202515,total,over,0.4334038054968288,-105.0,0.5121951219512195,win,1.0,0.9523809523809524,0.3690930815911113,45.94734317254414,-2.5,46.5,0.4617021276595744,1754,0.4822601528212742,1754,202514.0,platt
2025_15_WAS_NYG,2025,15,202515,total,under,0.5665961945031712,-115.0,0.5348837209302325,loss,0.0,-1.0,0.3690930815911113,45.94734317254414,-2.5,46.5,0.5382978723404256,1754,0.5177398471787258,1754,202514.0,platt
2025_16_ATL_ARI,2025,16,202516,spread,away,0.3714880332986472,-115.0,0.5348837209302325,win,1.0,0.8695652173913043,0.2494348835869002,49.4663258191657,2.5,48.5,0.4725274725274725,1756,0.48504287287210973,1756,202515.0,platt
2025_16_ATL_ARI,2025,16,202516,spread,home,0.6285119667013528,-105.0,0.5121951219512195,loss,0.0,-1.0,0.2494348835869002,49.4663258191657,2.5,48.5,0.5274725274725276,1756,0.5149571271278902,1756,202515.0,platt
2025_16_ATL_ARI,2025,16,202516,total,over,0.4921956295525494,-115.0,0.5348837209302325,loss,0.0,-1.0,0.2494348835869002,49.4663258191657,2.5,48.5,0.5,1784,0.4979256424875742,1784,202515.0,platt
2025_16_ATL_ARI,2025,16,202516,total,under,0.5078043704474506,-105.0,0.5121951219512195,win,1.0,0.9523809523809524,0.2494348835869002,49.4663258191657,2.5,48.5,0.5,1784,0.5020743575124259,1784,202515.0,platt
2025_16_BUF_CLE,2025,16,202516,spread,away,0.5983350676378771,-110.0,0.5238095238095238,loss,0.0,-1.0,-13.634043953034835,37.69888078770151,10.5,41.5,0.5274725274725276,1756,0.5113374386892279,1756,202515.0,platt
2025_16_BUF_CLE,2025,16,202516,spread,home,0.4016649323621228,-110.0,0.5238095238095238,win,1.0,0.9090909090909092,-13.634043953034835,37.69888078770151,10.5,41.5,0.4725274725274725,1756,0.4886625613107721,1756,202515.0,platt
2025_16_BUF_CLE,2025,16,202516,total,over,0.3392299687825182,-102.0,0.504950495049505,win,1.0,0.9803921568627452,-13.634043953034835,37.69888078770151,10.5,41.5,0.4644351464435146,1784,0.45581578983868665,1784,202515.0,platt
2025_16_BUF_CLE,2025,16,202516,total,under,0.6607700312174818,-118.0,0.5412844036697247,loss,0.0,-1.0,-13.634043953034835,37.69888078770151,10.5,41.5,0.5355648535564852,1784,0.5441842101613134,1784,202515.0,platt
2025_16_GB_CHI,2025,16,202516,spread,away,0.6160249739854318,-115.0,0.5348837209302325,loss,0.0,-1.0,-2.374222720058362,48.76846012980191,-1.5,45.5,0.5274725274725276,1756,0.5134466937966935,1756,202515.0,platt
2025_16_GB_CHI,2025,16,202516,spread,home,0.3839750260145682,-105.0,0.5121951219512195,win,1.0,0.9523809523809524,-2.374222720058362,48.76846012980191,-1.5,45.5,0.4725274725274725,1756,0.4865533062033065,1756,202515.0,platt
2025_16_GB_CHI,2025,16,202516,total,over,0.5556711758584808,-105.0,0.5121951219512195,loss,0.0,-1.0,-2.374222720058362,48.76846012980191,-1.5,45.5,0.5175097276264592,1784,0.5148531965494197,1784,202515.0,platt
2025_16_GB_CHI,2025,16,202516,total,under,0.4443288241415192,-115.0,0.5348837209302325,win,1.0,0.8695652173913043,-2.374222720058362,48.76846012980191,-1.5,45.5,0.482490272373541,1784,0.48514680345058026,1784,202515.0,platt
2025_16_JAX_DEN,2025,16,202516,spread,away,0.5182101977107181,-120.0,0.5454545454545454,win,1.0,0.8333333333333334,2.5588479959766453,46.77297490110576,-3.5,46.5,0.5014245014245013,1756,0.5020734318461083,1756,202515.0,platt
2025_16_JAX_DEN,2025,16,202516,spread,home,0.481789802289282,100.0,0.5,loss,0.0,-1.0,2.5588479959766453,46.77297490110576,-3.5,46.5,0.4985754985754986,1756,0.4979265681538918,1756,202515.0,platt
2025_16_JAX_DEN,2025,16,202516,total,over,0.473465140478668,-112.0,0.5283018867924528,win,1.0,0.8928571428571429,2.5588479959766453,46.77297490110576,-3.5,46.5,0.482490272373541,1784,0.49294155385803273,1784,202515.0,platt
2025_16_JAX_DEN,2025,16,202516,total,under,0.5265348595213319,-108.0,0.5192307692307693,loss,0.0,-1.0,2.5588479959766453,46.77297490110576,-3.5,46.5,0.5175097276264592,1784,0.5070584461419673,1784,202515.0,platt
2025_16_LAC_DAL,2025,16,202516,spread,away,0.5452653485952133,-115.0,0.5348837209302325,win,1.0,0.8695652173913043,-0.2163975473946513,50.32619701758588,-1.5,50.5,0.5014245014245013,1756,0.5051656690242265,1756,202515.0,platt
2025_16_LAC_DAL,2025,16,202516,spread,home,0.4547346514047867,-105.0,0.5121951219512195,loss,0.0,-1.0,-0.2163975473946513,50.32619701758588,-1.5,50.5,0.4985754985754986,1756,0.4948343309757735,1756,202515.0,platt
2025_16_LAC_DAL,2025,16,202516,total,over,0.4547346514047867,-118.0,0.5412844036697247,win,1.0,0.847457627118644,-0.2163975473946513,50.32619701758588,-1.5,50.5,0.482490272373541,1784,0.48793894594771325,1784,202515.0,platt
2025_16_LAC_DAL,2025,16,202516,total,under,0.5452653485952133,-102.0,0.504950495049505,loss,0.0,-1.0,-0.2163975473946513,50.32619701758588,-1.5,50.5,0.5175097276264592,1784,0.5120610540522867,1784,202515.0,platt
2025_16_LA_SEA,2025,16,202516,spread,away,0.6087408949011446,-110.0,0.5238095238095238,win,1.0,0.9090909090909092,-1.904812034385336,43.61614245058151,-1.5,42.5,0.5274725274725276,1756,0.5125741450486933,1756,202515.0,platt
2025_16_LA_SEA,2025,16,202516,spread,home,0.3912591050988553,-110.0,0.5238095238095238,loss,0.0,-1.0,-1.904812034385336,43.61614245058151,-1.5,42.5,0.4725274725274725,1756,0.48742585495130675,1756,202515.0,platt
2025_16_LA_SEA,2025,16,202516,total,over,0.4932362122788761,-115.0,0.5348837209302325,win,1.0,0.8695652173913043,-1.904812034385336,43.61614245058151,-1.5,42.5,0.5,1784,0.4982022572657369,1784,202515.0,platt
2025_16_LA_SEA,2025,16,202516,total,under,0.5067637877211238,-105.0,0.5121951219512195,loss,0.0,-1.0,-1.904812034385336,43.61614245058151,-1.5,42.5,0.5,1784,0.501797742734263,1784,202515.0,platt
2025_16_LV_HOU,2025,16,202516,spread,away,0.5535900104058273,-115.0,0.5348837209302325,win,1.0,0.8695652173913043,12.607227793024254,44.89385461290692,-14.5,39.5,0.5014245014245013,1756,0.5061223608917332,1756,202515.0,platt
2025_16_LV_HOU,2025,16,202516,spread,home,0.4464099895941727,-105.0,0.5121951219512195,loss,0.0,-1.0,12.607227793024254,44.89385461290692,-14.5,39.5,0.4985754985754986,1756,0.4938776391082669,1756,202515.0,platt
2025_16_LV_HOU,2025,16,202516,total,over,0.6368366285119667,-110.0,0.5238095238095238,win,1.0,0.9090909090909092,12.607227793024254,44.89385461290692,-14.5,39.5,0.5355648535564852,1784,0.5372495759020869,1784,202515.0,platt
2025_16_LV_HOU,2025,16,202516,total,under,0.3631633714880333,-110.0,0.5238095238095238,loss,0.0,-1.0,12.607227793024254,44.89385461290692,-14.5,39.5,0.4644351464435146,1784,0.46275042409791306,1784,202515.0,platt
2025_16_MIN_NYG,2025,16,202516,spread,away,0.355879292403746,-118.0,0.5412844036697247,win,1.0,0.847457627118644,0.9005273439782104,38.68553250229044,2.5,41.5,0.4725274725274725,1756,0.4831255024885761,1756,202515.0,platt
2025_16_MIN_NYG,2025,16,202516,spread,home,0.644120707596254,-102.0,0.504950495049505,loss,0.0,-1.0,0.9005273439782104,38.68553250229044,2.5,41.5,0.5274725274725276,1756,0.5168744975114239,1756,202515.0,platt
2025_16_MIN_NYG,2025,16,202516,total,over,0.3673257023933403,-105.0,0.5121951219512195,loss,0.0,-1.0,0.9005273439782104,38.68553250229044,2.5,41.5,0.4644351464435146,1784,0.4639369089870971,1784,202515.0,platt
2025_16_MIN_NYG,2025,16,202516,total,under,0.6326742976066597,-115.0,0.5348837209302325,win,1.0,0.8695652173913043,0.9005273439782104,38.68553250229044,2.5,41.5,0.5355648535564852,1784,0.536063091012903,1784,202515.0,platt
2025_16_NE_BAL,2025,16,202516,spread,away,0.6222684703433923,-115.0,0.5348837209302325,win,1.0,0.8695652173913043,-0.5970711721862816,46.93099911980137,-3.5,48.5,0.5274725274725276,1756,0.5141994898505343,1756,202515.0,platt
2025_16_NE_BAL,2025,16,202516,spread,home,0.3777315296566077,-105.0,0.5121951219512195,loss,0.0,-1.0,-0.5970711721862816,46.93099911980137,-3.5,48.5,0.4725274725274725,1756,0.4858005101494657,1756,202515.0,platt
2025_16_NE_BAL,2025,16,202516,total,over,0.4027055150884495,-108.0,0.5192307692307693,win,1.0,0.925925925925926,-0.5970711721862816,46.93099911980137,-3.5,48.5,0.4644351464435146,1784,0.473831564560334,1784,202515.0,platt
2025_16_NE_BAL,2025,16,202516,total,under,0.5972944849115505,-112.0,0.5283018867924528,loss,0.0,-1.0,-0.5970711721862816,46.93099911980137,-3.5,48.5,0.5355648535564852,1784,0.5261684354396661,1784,202515.0,platt
2025_16_NYJ_NO,2025,16,202516,spread,away,0.4308012486992716,-105.0,0.5121951219512195,loss,0.0,-1.0,7.609604603862782,36.927775966271525,-6.5,39.5,0.4985754985754986,1756,0.49207419409251385,1756,202515.0,platt
2025_16_NYJ_NO,2025,16,202516,spread,home,0.5691987513007284,-115.0,0.5348837209302325,win,1.0,0.8695652173913043,7.609604603862782,36.927775966271525,-6.5,39.5,0.5014245014245013,1756,0.507925805907486,1756,202515.0,platt
2025_16_NYJ_NO,2025,16,202516,total,over,0.372528616024974,-115.0,0.5348837209302325,loss,0.0,-1.0,7.609604603862782,36.927775966271525,-6.5,39.5,0.4644351464435146,1784,0.46541269877376695,1784,202515.0,platt
2025_16_NYJ_NO,2025,16,202516,total,under,0.627471383975026,-105.0,0.5121951219512195,win,1.0,0.9523809523809524,7.609604603862782,36.927775966271525,-6.5,39.5,0.5355648535564852,1784,0.534587301226233,1784,202515.0,platt
2025_16_PHI_WAS,2025,16,202516,spread,away,0.3652445369406868,-120.0,0.5454545454545454,win,1.0,0.8333333333333334,-3.8838157066977743,46.08542044791379,7.0,43.5,0.4725274725274725,1756,0.48428007927319344,1756,202515.0,platt
2025_16_PHI_WAS,2025,16,202516,spread,home,0.6347554630593132,100.0,0.5,loss,0.0,-1.0,-3.8838157066977743,46.08542044791379,7.0,43.5,0.5274725274725276,1756,0.5157199207268066,1756,202515.0,platt
2025_16_PHI_WAS,2025,16,202516,total,over,0.5286160249739854,-110.0,0.5238095238095238,win,1.0,0.9090909090909092,-3.8838157066977743,46.08542044791379,7.0,43.5,0.5175097276264592,1784,0.5076131352382268,1784,202515.0,platt
2025_16_PHI_WAS,2025,16,202516,total,under,0.4713839750260146,-110.0,0.5238095238095238,loss,0.0,-1.0,-3.8838157066977743,46.08542044791379,7.0,43.5,0.482490272373541,1784,0.4923868647617733,1784,202515.0,platt
2025_16_PIT_DET,2025,16,202516,spread,away,0.5660770031217481,-105.0,0.5121951219512195,win,1.0,0.9523809523809524,5.297563368070717,52.77777715915451,-7.5,52.5,0.5014245014245013,1756,0.5075639783512225,1756,202515.0,platt
2025_16_PIT_DET,2025,16,202516,spread,home,0.4339229968782518,-115.0,0.5348837209302325,loss,0.0,-1.0,5.297563368070717,52.77777715915451,-7.5,52.5,0.4985754985754986,1756,0.4924360216487775,1756,202515.0,platt
2025_16_PIT_DET,2025,16,202516,total,over,0.473465140478668,-105.0,0.5121951219512195,win,1.0,0.9523809523809524,5.297563368070717,52.77777715915451,-7.5,52.5,0.482490272373541,1784,0.49294155385803273,1784,202515.0,platt
2025_16_PIT_DET,2025,16,202516,total,under,0.5265348595213319,-115.0,0.5348837209302325,loss,0.0,-1.0,5.297563368070717,52.77777715915451,-7.5,52.5,0.5175097276264592,1784,0.5070584461419673,1784,202515.0,platt
2025_16_SF_IND,2025,16,202516,spread,away,0.3100936524453694,-105.0,0.5121951219512195,win,1.0,0.9523809523809524,0.5414360160228012,55.116345837661456,4.5,46.5,0.4470588235294118,1756,0.47726249116765773,1756,202515.0,platt
2025_16_SF_IND,2025,16,202516,spread,home,0.6899063475546305,-115.0,0.5348837209302325,loss,0.0,-1.0,0.5414360160228012,55.116345837661456,4.5,46.5,0.5529411764705883,1756,0.5227375088323423,1756,202515.0,platt
2025_16_SF_IND,2025,16,202516,total,over,0.7294484911550468,-102.0,0.504950495049505,win,1.0,0.9803921568627452,0.5414360160228012,55.116345837661456,4.5,46.5,0.6349206349206349,1784,0.565521513935967,1784,202515.0,platt
2025_16_SF_IND,2025,16,202516,total,under,0.2705515088449531,-118.0,0.5412844036697247,loss,0.0,-1.0,0.5414360160228012,55.116345837661456,4.5,46.5,0.365079365079365,1784,0.434478486064033,1784,202515.0,platt
2025_16_TB_CAR,2025,16,202516,spread,away,0.4172736732570239,100.0,0.5,loss,0.0,-1.0,-1.4292463851692705,45.07033393469826,3.0,44.5,0.4725274725274725,1756,0.4904985998877132,1756,202515.0,platt
2025_16_TB_CAR,2025,16,202516,spread,home,0.5827263267429761,-120.0,0.5454545454545454,win,1.0,0.8333333333333334,-1.4292463851692705,45.07033393469826,3.0,44.5,0.5274725274725276,1756,0.5095014001122867,1756,202515.0,platt
2025_16_TB_CAR,2025,16,202516,total,over,0.4807492195629552,-112.0,0.5283018867924528,loss,0.0,-1.0,-1.4292463851692705,45.07033393469826,3.0,44.5,0.482490272373541,1784,0.49488128614624394,1784,202515.0,platt
2025_16_TB_CAR,2025,16,202516,total,under,0.5192507804370448,-108.0,0.5192307692307693,win,1.0,0.925925925925926,-1.4292463851692705,45.07033393469826,3.0,44.5,0.5175097276264592,1784,0.5051187138537561,1784,202515.0,platt
2025_17_ARI_CIN,2025,17,202517,spread,away,0.6184615384615384,-110.0,0.5238095238095238,loss,0.0,-1.0,3.073204507758301,50.082870710730646,-7.0,52.5,0.524193548387097,1784,0.5124550582725752,1784,202516.0,platt
2025_17_ARI_CIN,2025,17,202517,spread,home,0.3815384615384615,-110.0,0.5238095238095238,win,1.0,0.9090909090909092,3.073204507758301,50.082870710730646,-7.0,52.5,0.4758064516129032,1784,0.48754494172742474,1784,202516.0,platt
2025_17_ARI_CIN,2025,17,202517,total,over,0.3794871794871794,-115.0,0.5348837209302325,loss,0.0,-1.0,3.073204507758301,50.082870710730646,-7.0,52.5,0.463768115942029,1812,0.4661019934551565,1812,202516.0,platt
2025_17_ARI_CIN,2025,17,202517,total,under,0.6205128205128205,-105.0,0.5121951219512195,win,1.0,0.9523809523809524,3.073204507758301,50.082870710730646,-7.0,52.5,0.5362318840579711,1812,0.5338980065448435,1812,202516.0,platt
2025_17_BAL_GB,2025,17,202517,spread,away,0.5446153846153846,-108.0,0.5192307692307693,win,1.0,0.925925925925926,0.8127889939608417,40.81959207751146,-2.5,38.5,0.5084269662921349,1784,0.5046148376860935,1784,202516.0,platt
2025_17_BAL_GB,2025,17,202517,spread,home,0.4553846153846154,-112.0,0.5283018867924528,loss,0.0,-1.0,0.8127889939608417,40.81959207751146,-2.5,38.5,0.4915730337078651,1784,0.49538516231390645,1784,202516.0,platt
2025_17_BAL_GB,2025,17,202517,total,over,0.5292307692307693,-105.0,0.5121951219512195,win,1.0,0.9523809523809524,0.8127889939608417,40.81959207751146,-2.5,38.5,0.5133079847908745,1812,0.5080812045937023,1812,202516.0,platt
2025_17_BAL_GB,2025,17,202517,total,under,0.4707692307692307,-115.0,0.5348837209302325,loss,0.0,-1.0,0.8127889939608417,40.81959207751146,-2.5,38.5,0.4866920152091255,1812,0.4919187954062976,1812,202516.0,platt
2025_17_CHI_SF,2025,17,202517,spread,away,0.4635897435897436,-105.0,0.5121951219512195,loss,0.0,-1.0,3.964469121673381,50.10951634225681,-3.5,51.5,0.4915730337078651,1784,0.49623718852291604,1784,202516.0,platt
2025_17_CHI_SF,2025,17,202517,spread,home,0.5364102564102564,-115.0,0.5348837209302325,win,1.0,0.8695652173913043,3.964469121673381,50.10951634225681,-3.5,51.5,0.5084269662921349,1784,0.503762811477084,1784,202516.0,platt
2025_17_CHI_SF,2025,17,202517,total,over,0.4092307692307692,-108.0,0.5192307692307693,win,1.0,0.925925925925926,3.964469121673381,50.10951634225681,-3.5,51.5,0.463768115942029,1812,0.4746729030135478,1812,202516.0,platt
2025_17_CHI_SF,2025,17,202517,total,under,0.5907692307692307,-112.0,0.5283018867924528,loss,0.0,-1.0,3.964469121673381,50.10951634225681,-3.5,51.5,0.5362318840579711,1812,0.5253270969864522,1812,202516.0,platt
2025_17_DAL_WAS,2025,17,202517,spread,away,0.2297435897435897,-120.0,0.5454545454545454,loss,0.0,-1.0,-0.6990922988265422,49.05017071846229,8.5,50.5,0.4534883720930232,1784,0.46883957475828736,1784,202516.0,platt
2025_17_DAL_WAS,2025,17,202517,spread,home,0.7702564102564102,100.0,0.5,win,1.0,1.0,-0.6990922988265422,49.05017071846229,8.5,50.5,0.5465116279069767,1784,0.5311604252417127,1784,202516.0,platt
2025_17_DAL_WAS,2025,17,202517,total,over,0.4092307692307692,-112.0,0.5283018867924528,win,1.0,0.8928571428571429,-0.6990922988265422,49.05017071846229,8.5,50.5,0.463768115942029,1812,0.4746729030135478,1812,202516.0,platt
2025_17_DAL_WAS,2025,17,202517,total,under,0.5907692307692307,-108.0,0.5192307692307693,loss,0.0,-1.0,-0.6990922988265422,49.05017071846229,8.5,50.5,0.5362318840579711,1812,0.5253270969864522,1812,202516.0,platt
2025_17_HOU_LAC,2025,17,202517,spread,away,0.443076923076923,-115.0,0.5348837209302325,win,1.0,0.8695652173913043,2.465018333453243,46.68442986429969,-1.5,40.5,0.4915730337078651,1784,0.49410230070343236,1784,202516.0,platt
2025_17_HOU_LAC,2025,17,202517,spread,home,0.556923076923077,-105.0,0.5121951219512195,loss,0.0,-1.0,2.465018333453243,46.68442986429969,-1.5,40.5,0.5084269662921349,1784,0.5058976992965676,1784,202516.0,platt
2025_17_HOU_LAC,2025,17,202517,total,over,0.6533333333333333,-115.0,0.5348837209302325,loss,0.0,-1.0,2.465018333453243,46.68442986429969,-1.5,40.5,0.5362318840579711,1812,0.5436426977596269,1812,202516.0,platt
2025_17_HOU_LAC,2025,17,202517,total,under,0.3466666666666667,-105.0,0.5121951219512195,win,1.0,0.9523809523809524,2.465018333453243,46.68442986429969,-1.5,40.5,0.463768115942029,1812,0.4563573022403731,1812,202516.0,platt
2025_17_JAX_IND,2025,17,202517,spread,away,0.3846153846153846,-115.0,0.5348837209302325,win,1.0,0.8695652173913043,-1.0224456836185014,52.28505428562063,3.5,48.5,0.4758064516129032,1784,0.4878805298228298,1784,202516.0,platt
2025_17_JAX_IND,2025,17,202517,spread,home,0.6153846153846154,-105.0,0.5121951219512195,loss,0.0,-1.0,-1.0224456836185014,52.28505428562063,3.5,48.5,0.524193548387097,1784,0.5121194701771703,1784,202516.0,platt
2025_17_JAX_IND,2025,17,202517,total,over,0.5743589743589743,-112.0,0.5283018867924528,loss,0.0,-1.0,-1.0224456836185014,52.28505428562063,3.5,48.5,0.5362318840579711,1812,0.5206774355800736,1812,202516.0,platt
2025_17_JAX_IND,2025,17,202517,total,under,0.4256410256410257,-108.0,0.5192307692307693,win,1.0,0.925925925925926,-1.0224456836185014,52.28505428562063,3.5,48.5,0.463768115942029,1812,0.4793225644199263,1812,202516.0,platt
2025_17_LA_ATL,2025,17,202517,spread,away,0.4892307692307692,-102.0,0.504950495049505,loss,0.0,-1.0,-7.749098729248585,50.07587015813135,7.5,48.5,0.5,1784,0.49888883480871693,1784,202516.0,platt
2025_17_LA_ATL,2025,17,202517,spread,home,0.5107692307692308,-118.0,0.5412844036697247,win,1.0,0.847457627118644,-7.749098729248585,50.07587015813135,7.5,48.5,0.5,1784,0.5011111651912831,1784,202516.0,platt
2025_17_LA_ATL,2025,17,202517,total,over,0.5097435897435898,-115.0,0.5348837209302325,win,1.0,0.8695652173913043,-7.749098729248585,50.07587015813135,7.5,48.5,0.5,1812,0.5026912122602184,1812,202516.0,platt
2025_17_LA_ATL,2025,17,202517,total,under,0.4902564102564102,-105.0,0.5121951219512195,loss,0.0,-1.0,-7.749098729248585,50.07587015813135,7.5,48.5,0.5,1812,0.4973087877397816,1812,202516.0,platt
2025_17_NE_NYJ,2025,17,202517,spread,away,0.4584615384615385,-120.0,0.5454545454545454,win,1.0,0.8333333333333334,-11.958626478039664,42.73213623421608,12.5,42.5,0.4915730337078651,1784,0.49570493887236305,1784,202516.0,platt
2025_17_NE_NYJ,2025,17,202517,spread,home,0.5415384615384615,100.0,0.5,loss,0.0,-1.0,-11.958626478039664,42.73213623421608,12.5,42.5,0.5084269662921349,1784,0.5042950611276369,1784,202516.0,platt
2025_17_NE_NYJ,2025,17,202517,total,over,0.4728205128205128,-108.0,0.5192307692307693,win,1.0,0.925925925925926,-11.958626478039664,42.73213623421608,12.5,42.5,0.4866920152091255,1812,0.49248697113844486,1812,202516.0,platt
2025_17_NE_NYJ,2025,17,202517,total,under,0.5271794871794873,-112.0,0.5283018867924528,loss,0.0,-1.0,-11.958626478039664,42.73213623421608,12.5,42.5,0.5133079847908745,1812,0.5075130288615551,1812,202516.0,platt
2025_17_NO_TEN,2025,17,202517,spread,away,0.5928205128205128,-110.0,0.5238095238095238,win,1.0,0.9090909090909092,-4.446614559013762,36.87962882279165,1.5,39.5,0.524193548387097,1784,0.5096868415534535,1784,202516.0,platt
2025_17_NO_TEN,2025,17,202517,spread,home,0.4071794871794871,-110.0,0.5238095238095238,loss,0.0,-1.0,-4.446614559013762,36.87962882279165,1.5,39.5,0.4758064516129032,1784,0.4903131584465466,1784,202516.0,platt
2025_17_NO_TEN,2025,17,202517,total,over,0.3712820512820513,-102.0,0.504950495049505,win,1.0,0.9803921568627452,-4.446614559013762,36.87962882279165,1.5,39.5,0.463768115942029,1812,0.46369773492108773,1812,202516.0,platt
2025_17_NO_TEN,2025,17,202517,total,under,0.6287179487179487,-118.0,0.5412844036697247,loss,0.0,-1.0,-4.446614559013762,36.87962882279165,1.5,39.5,0.5362318840579711,1812,0.5363022650789122,1812,202516.0,platt
2025_17_NYG_LV,2025,17,202517,spread,away,0.4112820512820513,-102.0,0.504950495049505,win,1.0,0.9803921568627452,-1.1505343368138796,42.12846290795804,3.0,40.5,0.4758064516129032,1784,0.49075066423581776,1784,202516.0,platt
2025_17_NYG_LV,2025,17,202517,spread,home,0.5887179487179487,-118.0,0.5412844036697247,loss,0.0,-1.0,-1.1505343368138796,42.12846290795804,3.0,40.5,0.524193548387097,1784,0.5092493357641822,1784,202516.0,platt
2025_17_NYG_LV,2025,17,202517,total,over,0.5107692307692308,-108.0,0.5192307692307693,win,1.0,0.925925925925926,-1.1505343368138796,42.12846290795804,3.0,40.5,0.5,1812,0.5029745748651133,1812,202516.0,platt
2025_17_NYG_LV,2025,17,202517,total,under,0.4892307692307692,-112.0,0.5283018867924528,loss,0.0,-1.0,-1.1505343368138796,42.12846290795804,3.0,40.5,0.5,1812,0.4970254251348868,1812,202516.0,platt
2025_17_PHI_BUF,2025,17,202517,spread,away,0.5446153846153846,-108.0,0.5192307692307693,win,1.0,0.925925925925926,1.3125364656199567,50.76589889029346,-3.0,45.5,0.5084269662921349,1784,0.5046148376860935,1784,202516.0,platt
2025_17_PHI_BUF,2025,17,202517,spread,home,0.4553846153846154,-112.0,0.5283018867924528,loss,0.0,-1.0,1.3125364656199567,50.76589889029346,-3.0,45.5,0.4915730337078651,1784,0.49538516231390645,1784,202516.0,platt
2025_17_PHI_BUF,2025,17,202517,total,over,0.6328205128205128,-105.0,0.5121951219512195,loss,0.0,-1.0,1.3125364656199567,50.76589889029346,-3.0,45.5,0.5362318840579711,1812,0.537511847886103,1812,202516.0,platt
2025_17_PHI_BUF,2025,17,202517,total,under,0.3671794871794872,-115.0,0.5348837209302325,win,1.0,0.8695652173913043,1.3125364656199567,50.76589889029346,-3.0,45.5,0.463768115942029,1812,0.462488152113897,1812,202516.0,platt
2025_17_PIT_CLE,2025,17,202517,spread,away,0.6102564102564103,-108.0,0.5192307692307693,loss,0.0,-1.0,-7.967067890244447,35.52510256203365,4.5,35.5,0.524193548387097,1784,0.5115623505662602,1784,202516.0,platt
2025_17_PIT_CLE,2025,17,202517,spread,home,0.3897435897435897,-112.0,0.5283018867924528,win,1.0,0.8928571428571429,-7.967067890244447,35.52510256203365,4.5,35.5,0.4758064516129032,1784,0.48843764943373974,1784,202516.0,platt
2025_17_PIT_CLE,2025,17,202517,total,over,0.4666666666666667,-108.0,0.5192307692307693,loss,0.0,-1.0,-7.967067890244447,35.52510256203365,4.5,35.5,0.4866920152091255,1812,0.49078166798103,1812,202516.0,platt
2025_17_PIT_CLE,2025,17,202517,total,under,0.5333333333333333,-112.0,0.5283018867924528,win,1.0,0.8928571428571429,-7.967067890244447,35.52510256203365,4.5,35.5,0.5133079847908745,1812,0.5092183320189699,1812,202516.0,platt
2025_17_SEA_CAR,2025,17,202517,spread,away,0.522051282051282,-118.0,0.5412844036697247,win,1.0,0.847457627118644,-7.499114389353924,44.66846454246348,6.5,42.5,0.5084269662921349,1784,0.50227635579337,1784,202516.0,platt
2025_17_SEA_CAR,2025,17,202517,spread,home,0.4779487179487179,-102.0,0.504950495049505,loss,0.0,-1.0,-7.499114389353924,44.66846454246348,6.5,42.5,0.4915730337078651,1784,0.4977236442066299,1784,202516.0,platt
2025_17_SEA_CAR,2025,17,202517,total,over,0.5251282051282051,-110.0,0.5238095238095238,loss,0.0,-1.0,-7.499114389353924,44.66846454246348,6.5,42.5,0.5133079847908745,1812,0.5069450878502489,1812,202516.0,platt
2025_17_SEA_CAR,2025,17,202517,total,under,0.4748717948717949,-110.0,0.5238095238095238,win,1.0,0.9090909090909092,-7.499114389353924,44.66846454246348,6.5,42.5,0.4866920152091255,1812,0.4930549121497511,1812,202516.0,platt
2025_18_ARI_LA,2025,18,202518,spread,away,0.5850202429149798,-115.0,0.5348837209302325,loss,0.0,-1.0,11.797197275810277,52.05388436247239,-14.5,49.5,0.5189393939393939,1810,0.5088061409564757,1810,202517.0,platt
2025_18_ARI_LA,2025,18,202518,spread,home,0.4149797570850202,-105.0,0.5121951219512195,win,1.0,0.9523809523809524,11.797197275810277,52.05388436247239,-14.5,49.5,0.4810606060606061,1810,0.49119385904352436,1810,202517.0,platt
2025_18_ARI_LA,2025,18,202518,total,over,0.5334008097165992,-112.0,0.5283018867924528,win,1.0,0.8928571428571429,11.797197275810277,52.05388436247239,-14.5,49.5,0.5131086142322098,1838,0.5082151409217807,1838,202517.0,platt
2025_18_ARI_LA,2025,18,202518,total,under,0.4665991902834008,-108.0,0.5192307692307693,loss,0.0,-1.0,11.797197275810277,52.05388436247239,-14.5,49.5,0.4868913857677903,1838,0.49178485907821934,1838,202517.0,platt
2025_18_BAL_PIT,2025,18,202518,spread,away,0.3704453441295546,-105.0,0.5121951219512195,loss,0.0,-1.0,-1.3107452431993576,43.99156798839872,4.5,41.5,0.4810606060606061,1810,0.4864034350553027,1810,202517.0,platt
2025_18_BAL_PIT,2025,18,202518,spread,home,0.6295546558704453,-115.0,0.5348837209302325,win,1.0,0.8695652173913043,-1.3107452431993576,43.99156798839872,4.5,41.5,0.5189393939393939,1810,0.5135965649446973,1810,202517.0,platt
2025_18_BAL_PIT,2025,18,202518,total,over,0.5334008097165992,-110.0,0.5238095238095238,win,1.0,0.9090909090909092,-1.3107452431993576,43.99156798839872,4.5,41.5,0.5131086142322098,1838,0.5082151409217807,1838,202517.0,platt
2025_18_BAL_PIT,2025,18,202518,total,under,0.4665991902834008,-110.0,0.5238095238095238,loss,0.0,-1.0,-1.3107452431993576,43.99156798839872,4.5,41.5,0.4868913857677903,1838,0.49178485907821934,1838,202517.0,platt
2025_18_CAR_TB,2025,18,202518,spread,away,0.3846153846153846,-115.0,0.5348837209302325,win,1.0,0.8695652173913043,5.620285696072546,44.5156475230016,-3.0,43.5,0.4810606060606061,1810,0.4879489131586503,1810,202517.0,platt
2025_18_CAR_TB,2025,18,202518,spread,home,0.6153846153846154,-105.0,0.5121951219512195,loss,0.0,-1.0,5.620285696072546,44.5156475230016,-3.0,43.5,0.5189393939393939,1810,0.5120510868413497,1810,202517.0,platt
2025_18_CAR_TB,2025,18,202518,total,over,0.4959514170040486,-102.0,0.504950495049505,loss,0.0,-1.0,5.620285696072546,44.5156475230016,-3.0,43.5,0.5,1838,0.4990055984026319,1838,202517.0,platt
2025_18_CAR_TB,2025,18,202518,total,under,0.5040485829959513,-118.0,0.5412844036697247,win,1.0,0.847457627118644,5.620285696072546,44.5156475230016,-3.0,43.5,0.5,1838,0.5009944015973681,1838,202517.0,platt
2025_18_CLE_CIN,2025,18,202518,spread,away,0.3866396761133603,-112.0,0.5283018867924528,win,1.0,0.8928571428571429,11.99610861705981,40.73563610788769,-9.5,47.5,0.4810606060606061,1810,0.4881679087427089,1810,202517.0,platt
2025_18_CLE_CIN,2025,18,202518,spread,home,0.6133603238866396,-108.0,0.5192307692307693,loss,0.0,-1.0,11.99610861705981,40.73563610788769,-9.5,47.5,0.5189393939393939,1810,0.5118320912572911,1810,202517.0,platt
2025_18_CLE_CIN,2025,18,202518,total,over,0.2712550607287449,-102.0,0.504950495049505,loss,0.0,-1.0,11.99610861705981,40.73563610788769,-9.5,47.5,0.3333333333333333,1838,0.439613768374516,1838,202517.0,platt
2025_18_CLE_CIN,2025,18,202518,total,under,0.728744939271255,-118.0,0.5412844036697247,win,1.0,0.847457627118644,11.99610861705981,40.73563610788769,-9.5,47.5,0.6666666666666666,1838,0.560386231625484,1838,202517.0,platt
2025_18_DET_CHI,2025,18,202518,spread,away,0.5840080971659919,-110.0,0.5238095238095238,win,1.0,0.9090909090909092,0.8391057348181092,49.37916856790048,-3.5,51.5,0.5189393939393939,1810,0.5086992925671975,1810,202517.0,platt
2025_18_DET_CHI,2025,18,202518,spread,home,0.4159919028340081,-110.0,0.5238095238095238,loss,0.0,-1.0,0.8391057348181092,49.37916856790048,-3.5,51.5,0.4810606060606061,1810,0.49130070743280263,1810,202517.0,platt
2025_18_DET_CHI,2025,18,202518,total,over,0.3896761133603239,-105.0,0.5121951219512195,loss,0.0,-1.0,0.8391057348181092,49.37916856790048,-3.5,51.5,0.4693877551020408,1838,0.4724779086425399,1838,202517.0,platt
2025_18_DET_CHI,2025,18,202518,total,under,0.6103238866396761,-115.0,0.5348837209302325,win,1.0,0.8695652173913043,0.8391057348181092,49.37916856790048,-3.5,51.5,0.5306122448979594,1838,0.52752209135746,1838,202517.0,platt
2025_18_KC_LV,2025,18,202518,spread,away,0.4919028340080972,-112.0,0.5283018867924528,loss,0.0,-1.0,-3.724845485391602,41.29964642150185,3.5,36.5,0.5,1810,0.49916930857813163,1810,202517.0,platt
2025_18_KC_LV,2025,18,202518,spread,home,0.5080971659919028,-108.0,0.5192307692307693,win,1.0,0.925925925925926,-3.724845485391602,41.29964642150185,3.5,36.5,0.5,1810,0.5008306914218683,1810,202517.0,platt
2025_18_KC_LV,2025,18,202518,total,over,0.6174089068825911,-102.0,0.504950495049505,loss,0.0,-1.0,-3.724845485391602,41.29964642150185,3.5,36.5,0.5306122448979594,1838,0.5293515445068906,1838,202517.0,platt
2025_18_KC_LV,2025,18,202518,total,under,0.3825910931174089,-118.0,0.5412844036697247,win,1.0,0.847457627118644,-3.724845485391602,41.29964642150185,3.5,36.5,0.4693877551020408,1838,0.4706484554931093,1838,202517.0,platt
2025_18_LAC_DEN,2025,18,202518,spread,away,0.7176113360323887,-108.0,0.5192307692307693,loss,0.0,-1.0,7.349674330497885,41.814634114177615,-14.5,37.5,0.5517241379310345,1810,0.523899775272517,1810,202517.0,platt
2025_18_LAC_DEN,2025,18,202518,spread,home,0.2823886639676113,-112.0,0.5283018867924528,win,1.0,0.8928571428571429,7.349674330497885,41.814634114177615,-14.5,37.5,0.4482758620689655,1810,0.476100224727483,1810,202517.0,platt
2025_18_LAC_DEN,2025,18,202518,total,over,0.5991902834008097,-115.0,0.5348837209302325,loss,0.0,-1.0,7.349674330497885,41.814634114177615,-14.5,37.5,0.5306122448979594,1838,0.5246696485960359,1838,202517.0,platt
2025_18_LAC_DEN,2025,18,202518,total,under,0.4008097165991903,-105.0,0.5121951219512195,win,1.0,0.9523809523809524,7.349674330497885,41.814634114177615,-14.5,37.5,0.4693877551020408,1838,0.47533035140396407,1838,202517.0,platt
2025_18_MIA_NE,2025,18,202518,spread,away,0.5921052631578947,-112.0,0.5283018867924528,loss,0.0,-1.0,11.08557378788085,51.8181767298429,-14.0,44.5,0.5189393939393939,1810,0.5095562350945202,1810,202517.0,platt
2025_18_MIA_NE,2025,18,202518,spread,home,0.4078947368421052,-108.0,0.5192307692307693,win,1.0,0.925925925925926,11.08557378788085,51.8181767298429,-14.0,44.5,0.4810606060606061,1810,0.4904437649054798,1810,202517.0,platt
2025_18_MIA_NE,2025,18,202518,total,over,0.6912955465587044,-108.0,0.5192307692307693,win,1.0,0.925925925925926,11.08557378788085,51.8181767298429,-14.0,44.5,0.6363636363636364,1838,0.5493409847891338,1838,202517.0,platt
2025_18_MIA_NE,2025,18,202518,total,under,0.3087044534412956,-112.0,0.5283018867924528,loss,0.0,-1.0,11.08557378788085,51.8181767298429,-14.0,44.5,0.3636363636363636,1838,0.45065901521086615,1838,202517.0,platt
2025_18_NO_ATL,2025,18,202518,spread,away,0.6022267206477733,-115.0,0.5348837209302325,win,1.0,0.8695652173913043,1.4112681191599274,46.10362856776296,-4.5,43.5,0.5189393939393939,1810,0.5106348627654194,1810,202517.0,platt
2025_18_NO_ATL,2025,18,202518,spread,home,0.3977732793522267,-105.0,0.5121951219512195,loss,0.0,-1.0,1.4112681191599274,46.10362856776296,-4.5,43.5,0.4810606060606061,1810,0.4893651372345805,1810,202517.0,platt
2025_18_NO_ATL,2025,18,202518,total,over,0.5334008097165992,-108.0,0.5192307692307693,loss,0.0,-1.0,1.4112681191599274,46.10362856776296,-4.5,43.5,0.5131086142322098,1838,0.5082151409217807,1838,202517.0,platt
2025_18_NO_ATL,2025,18,202518,total,under,0.4665991902834008,-112.0,0.5283018867924528,win,1.0,0.8928571428571429,1.4112681191599274,46.10362856776296,-4.5,43.5,0.4868913857677903,1838,0.49178485907821934,1838,202517.0,platt
2025_18_NYJ_BUF,2025,18,202518,spread,away,0.368421052631579,-112.0,0.5283018867924528,loss,0.0,-1.0,15.746291374653085,37.86349587220752,-12.5,39.5,0.4810606060606061,1810,0.48618075084878876,1810,202517.0,platt
2025_18_NYJ_BUF,2025,18,202518,spread,home,0.631578947368421,-108.0,0.5192307692307693,win,1.0,0.925925925925926,15.746291374653085,37.86349587220752,-12.5,39.5,0.5189393939393939,1810,0.5138192491512114,1810,202517.0,platt
2025_18_NYJ_BUF,2025,18,202518,total,over,0.4018218623481781,-105.0,0.5121951219512195,win,1.0,0.9523809523809524,15.746291374653085,37.86349587220752,-12.5,39.5,0.4693877551020408,1838,0.47558840003865793,1838,202517.0,platt
2025_18_NYJ_BUF,2025,18,202518,total,under,0.5981781376518218,-115.0,0.5348837209302325,loss,0.0,-1.0,15.746291374653085,37.86349587220752,-12.5,39.5,0.5306122448979594,1838,0.5244115999613421,1838,202517.0,platt
2025_18_SEA_SF,2025,18,202518,spread,away,0.4149797570850202,-120.0,0.5454545454545454,win,1.0,0.8333333333333334,-0.608367036701684,50.62190612856763,2.5,47.5,0.4810606060606061,1810,0.49119385904352436,1810,202517.0,platt
2025_18_SEA_SF,2025,18,202518,spread,home,0.5850202429149798,100.0,0.5,loss,0.0,-1.0,-0.608367036701684,50.62190612856763,2.5,47.5,0.5189393939393939,1810,0.5088061409564757,1810,202517.0,platt
2025_18_SEA_SF,2025,18,202518,total,over,0.5566801619433198,-115.0,0.5348837209302325,loss,0.0,-1.0,-0.608367036701684,50.62190612856763,2.5,47.5,0.5131086142322098,1838,0.513977789855286,1838,202517.0,platt
2025_18_SEA_SF,2025,18,202518,total,under,0.4433198380566802,-105.0,0.5121951219512195,win,1.0,0.9523809523809524,-0.608367036701684,50.62190612856763,2.5,47.5,0.4868913857677903,1838,0.4860222101447141,1838,202517.0,platt
2025_18_TEN_JAX,2025,18,202518,spread,away,0.5010121457489878,-110.0,0.5238095238095238,loss,0.0,-1.0,11.874758071216371,43.7121314269227,-12.5,46.5,0.5,1810,0.5001038275856989,1810,202517.0,platt
2025_18_TEN_JAX,2025,18,202518,spread,home,0.4989878542510121,-110.0,0.5238095238095238,win,1.0,0.9090909090909092,11.874758071216371,43.7121314269227,-12.5,46.5,0.5,1810,0.49989617241430107,1810,202517.0,platt
2025_18_TEN_JAX,2025,18,202518,total,over,0.3674089068825911,-108.0,0.5192307692307693,win,1.0,0.925925925925926,11.874758071216371,43.7121314269227,-12.5,46.5,0.4693877551020408,1838,0.46668616010427816,1838,202517.0,platt
2025_18_TEN_JAX,2025,18,202518,total,under,0.6325910931174089,-112.0,0.5283018867924528,loss,0.0,-1.0,11.874758071216371,43.7121314269227,-12.5,46.5,0.5306122448979594,1838,0.5333138398957218,1838,202517.0,platt
