game_id,season,week,week_key,market,side,raw_probability,odds,break_even,result,win,profit,pred_margin,pred_total,home_spread,total_line,calibrated_probability,calibration_rows,selected_lambda,selected_threshold,selection_mode,selected_probability,selected_edge,bet
2022_05_ATL_TB,2022,5,202205,spread,home,0.6612903225806451,102.0,0.49504950495049505,loss,0.0,-1.0,13.340657595410754,44.360299993267525,-10.5,46.0,0.6612903225806451,0,0.5,0.03,fallback,0.5806451612903225,0.08559565633982746,True
2022_05_CHI_MIN,2022,5,202205,spread,away,0.6290322580645161,-116.0,0.5370370370370371,win,1.0,0.8620689655172413,5.461748514179739,43.56533126088394,-10.0,44.0,0.6290322580645161,0,0.5,0.03,fallback,0.564516129032258,0.027479091995220917,False
2022_05_CIN_BAL,2022,5,202205,spread,away,0.5483870967741935,103.0,0.49261083743842365,win,1.0,1.03,0.6911515908017076,49.17928489342789,-3.0,47.5,0.5483870967741935,0,0.5,0.03,fallback,0.5241935483870968,0.0315827109486731,True
2022_05_DAL_LA,2022,5,202205,spread,away,0.6290322580645161,-112.0,0.5283018867924528,win,1.0,0.8928571428571429,0.7627396651689802,48.46962707997727,-5.5,42.0,0.6290322580645161,0,0.5,0.03,fallback,0.564516129032258,0.03621424223980518,True
2022_05_HOU_JAX,2022,5,202205,spread,home,0.5967741935483871,102.0,0.49504950495049505,loss,0.0,-1.0,8.562058414204063,42.793375064598266,-7.0,44.0,0.5967741935483871,0,0.5,0.03,fallback,0.5483870967741935,0.05333759182369846,True
2022_05_IND_DEN,2022,5,202205,spread,away,0.6774193548387097,-114.0,0.5327102803738317,win,1.0,0.8771929824561403,-2.622145485867591,42.357761409422565,-3.5,42.0,0.6774193548387097,0,0.5,0.03,fallback,0.5887096774193549,0.05599939704552315,True
2022_05_LAC_CLE,2022,5,202205,spread,home,0.5645161290322581,-104.0,0.5098039215686274,loss,0.0,-1.0,-0.2324552494255257,50.09927564672985,1.0,47.0,0.5645161290322581,0,0.5,0.03,fallback,0.532258064516129,0.022454142947501587,False
2022_05_LV_KC,2022,5,202205,spread,home,0.5806451612903226,113.0,0.4694835680751174,loss,0.0,-1.0,8.592657251855005,49.99330283857318,-7.5,51.5,0.5806451612903226,0,0.5,0.03,fallback,0.5403225806451613,0.07083901257004388,True
2022_05_NYG_GB,2022,5,202205,spread,home,0.6290322580645161,-115.0,0.5348837209302325,loss,0.0,-1.0,11.071488638173314,43.99097836083487,-8.5,42.0,0.6290322580645161,0,0.5,0.03,fallback,0.564516129032258,0.029632408102025498,False
2022_05_PHI_ARI,2022,5,202205,spread,home,0.7419354838709677,-111.0,0.5260663507109005,win,1.0,0.9009009009009009,-0.0466585871484318,48.43062970936413,5.5,48.5,0.7419354838709677,0,0.5,0.03,fallback,0.6209677419354839,0.09490139122458341,True
2022_05_SEA_NO,2022,5,202205,spread,away,0.5967741935483871,-106.0,0.5145631067961165,loss,0.0,-1.0,1.1632620198481274,48.06804644442526,-5.5,45.5,0.5967741935483871,0,0.5,0.03,fallback,0.5483870967741935,0.03382398997807701,True
2022_05_SF_CAR,2022,5,202205,spread,away,0.5967741935483871,-102.0,0.504950495049505,win,1.0,0.9803921568627451,-10.1901008822163,41.98345717654709,6.0,40.0,0.5967741935483871,0,0.5,0.03,fallback,0.5483870967741935,0.04343660172468855,True
2022_05_TEN_WAS,2022,5,202205,spread,away,0.5967741935483871,-102.0,0.504950495049505,win,1.0,0.9803921568627451,-4.76659823581275,43.8991591970334,1.0,43.0,0.5967741935483871,0,0.5,0.03,fallback,0.5483870967741935,0.04343660172468855,True
2022_05_ATL_TB,2022,5,202205,total,under,0.6612903225806452,101.0,0.4975124378109453,win,1.0,1.01,13.340657595410754,44.360299993267525,-10.5,46.0,0.6612903225806452,0,0.5,0.03,fallback,0.5806451612903226,0.08313272347937734,True
2022_05_CHI_MIN,2022,5,202205,total,under,0.6451612903225806,-106.0,0.5145631067961165,loss,0.0,-1.0,5.461748514179739,43.56533126088394,-10.0,44.0,0.6451612903225806,0,0.5,0.03,fallback,0.5725806451612903,0.05801753836517376,True
2022_05_CIN_BAL,2022,5,202205,total,under,0.5967741935483871,-104.0,0.5098039215686274,win,1.0,0.9615384615384616,0.6911515908017076,49.17928489342789,-3.0,47.5,0.5967741935483871,0,0.5,0.03,fallback,0.5483870967741935,0.03858317520556609,True
2022_05_DAL_LA,2022,5,202205,total,over,0.5967741935483871,-106.0,0.5145631067961165,loss,0.0,-1.0,0.7627396651689802,48.46962707997727,-5.5,42.0,0.5967741935483871,0,0.5,0.03,fallback,0.5483870967741935,0.03382398997807701,True
2022_05_HOU_JAX,2022,5,202205,total,under,0.6451612903225806,-112.0,0.5283018867924528,win,1.0,0.8928571428571429,8.562058414204063,42.793375064598266,-7.0,44.0,0.6451612903225806,0,0.5,0.03,fallback,0.5725806451612903,0.044278758368837434,True
2022_05_IND_DEN,2022,5,202205,total,under,0.6129032258064516,-106.0,0.5145631067961165,win,1.0,0.9433962264150944,-2.622145485867591,42.357761409422565,-3.5,42.0,0.6129032258064516,0,0.5,0.03,fallback,0.5564516129032258,0.04188850610710926,True
2022_05_LAC_CLE,2022,5,202205,total,under,0.564516129032258,-114.0,0.5327102803738317,loss,0.0,-1.0,-0.2324552494255257,50.09927564672985,1.0,47.0,0.564516129032258,0,0.5,0.03,fallback,0.532258064516129,-0.0004522158577027202,False
2022_05_LV_KC,2022,5,202205,total,under,0.6612903225806452,-109.0,0.5215311004784688,loss,0.0,-1.0,8.592657251855005,49.99330283857318,-7.5,51.5,0.6612903225806452,0,0.5,0.03,fallback,0.5806451612903226,0.059114060811853775,True
2022_05_NYG_GB,2022,5,202205,total,under,0.5806451612903225,-110.0,0.5238095238095238,loss,0.0,-1.0,11.071488638173314,43.99097836083487,-8.5,42.0,0.5806451612903225,0,0.5,0.03,fallback,0.5403225806451613,0.01651305683563742,False
2022_05_PHI_ARI,2022,5,202205,total,under,0.6290322580645161,101.0,0.4975124378109453,win,1.0,1.01,-0.0466585871484318,48.43062970936413,5.5,48.5,0.6290322580645161,0,0.5,0.03,fallback,0.564516129032258,0.06700369122131272,True
2022_05_SEA_NO,2022,5,202205,total,under,0.5806451612903225,-113.0,0.5305164319248826,loss,0.0,-1.0,1.1632620198481274,48.06804644442526,-5.5,45.5,0.5806451612903225,0,0.5,0.03,fallback,0.5403225806451613,0.009806148720278629,False
2022_05_SF_CAR,2022,5,202205,total,under,0.5806451612903225,-104.0,0.5098039215686274,loss,0.0,-1.0,-10.1901008822163,41.98345717654709,6.0,40.0,0.5806451612903225,0,0.5,0.03,fallback,0.5403225806451613,0.03051865907653384,True
2022_05_TEN_WAS,2022,5,202205,total,under,0.5967741935483871,-106.0,0.5145631067961165,win,1.0,0.9433962264150944,-4.76659823581275,43.8991591970334,1.0,43.0,0.5967741935483871,0,0.5,0.03,fallback,0.5483870967741935,0.03382398997807701,True
2022_06_ARI_SEA,2022,6,202206,spread,home,0.6533333333333333,-104.0,0.5098039215686274,win,1.0,0.9615384615384616,1.3154797300502183,49.84722897713262,2.5,50.0,0.6533333333333333,26,0.5,0.03,fallback,0.5766666666666667,0.06686274509803924,True
2022_06_BAL_NYG,2022,6,202206,spread,home,0.5733333333333334,-103.0,0.5073891625615764,win,1.0,0.970873786407767,-3.325729293459332,43.00201610742632,5.5,46.0,0.5733333333333334,26,0.5,0.03,fallback,0.5366666666666666,0.029277504105090224,False
2022_06_BUF_KC,2022,6,202206,spread,home,0.5733333333333334,105.0,0.4878048780487805,loss,0.0,-1.0,-0.6639683724479809,52.53851788278188,2.5,54.0,0.5733333333333334,26,0.5,0.03,fallback,0.5366666666666666,0.04886178861788615,True
2022_06_CAR_LA,2022,6,202206,spread,away,0.5866666666666667,-112.0,0.5283018867924528,loss,0.0,-1.0,8.164063382249296,47.91742997076828,-10.0,41.5,0.5866666666666667,26,0.5,0.03,fallback,0.5433333333333333,0.015031446540880511,False
2022_06_CIN_NO,2022,6,202206,spread,home,0.72,100.0,0.5,loss,0.0,-1.0,3.391984002215138,47.556656427903,3.0,42.5,0.72,26,0.5,0.03,fallback,0.61,0.10999999999999999,True
2022_06_DAL_PHI,2022,6,202206,spread,away,0.6799999999999999,109.0,0.4784688995215311,loss,0.0,-1.0,1.4195817621730529,45.78772161062133,-6.5,42.5,0.6799999999999999,26,0.5,0.03,fallback,0.59,0.11153110047846887,True
2022_06_DEN_LAC,2022,6,202206,spread,home,0.72,-107.0,0.5169082125603864,loss,0.0,-1.0,9.440500845867373,50.19812507342031,-3.5,45.5,0.72,26,0.5,0.03,fallback,0.61,0.09309178743961355,True
2022_06_JAX_IND,2022,6,202206,spread,away,0.5066666666666666,103.0,0.49261083743842365,loss,0.0,-1.0,0.5084733415493917,40.76036755387336,-1.0,41.0,0.5066666666666666,26,0.5,0.03,fallback,0.5033333333333333,0.010722495894909645,False
2022_06_MIN_MIA,2022,6,202206,spread,home,0.7066666666666667,109.0,0.4784688995215311,loss,0.0,-1.0,1.7409705839549234,46.24286910745644,3.0,45.0,0.7066666666666667,26,0.5,0.03,fallback,0.6033333333333333,0.12486443381180218,True
2022_06_NE_CLE,2022,6,202206,spread,away,0.6533333333333333,101.0,0.4975124378109453,win,1.0,1.01,-0.6151500699266966,42.5216931554741,-2.5,43.0,0.6533333333333333,26,0.5,0.03,fallback,0.5766666666666667,0.07915422885572138,True
2022_06_NYJ_GB,2022,6,202206,spread,home,0.7066666666666667,-109.0,0.5215311004784688,loss,0.0,-1.0,12.374979884877442,44.09487577965693,-7.5,44.5,0.7066666666666667,26,0.5,0.03,fallback,0.6033333333333333,0.08180223285486443,True
2022_06_SF_ATL,2022,6,202206,spread,away,0.7333333333333334,-100.0,0.5,loss,0.0,-1.0,-9.497853489218905,47.41068470546519,3.5,46.0,0.7333333333333334,26,0.5,0.03,fallback,0.6166666666666667,0.1166666666666667,True
2022_06_WAS_CHI,2022,6,202206,spread,away,0.6,-112.0,0.5283018867924528,win,1.0,0.8928571428571429,-3.213016247925148,41.0776637825773,1.0,38.5,0.6,26,0.5,0.03,fallback,0.55,0.02169811320754722,False
2022_06_ARI_SEA,2022,6,202206,total,under,0.6133333333333333,-102.0,0.504950495049505,win,1.0,0.9803921568627451,1.3154797300502183,49.84722897713262,2.5,50.0,0.6133333333333333,26,0.5,0.03,fallback,0.5566666666666666,0.05171617161716169,True
2022_06_BAL_NYG,2022,6,202206,total,under,0.6799999999999999,-110.0,0.5238095238095238,win,1.0,0.9090909090909091,-3.325729293459332,43.00201610742632,5.5,46.0,0.6799999999999999,26,0.5,0.03,fallback,0.59,0.06619047619047613,True
2022_06_BUF_KC,2022,6,202206,total,under,0.64,-105.0,0.5121951219512195,win,1.0,0.9523809523809523,-0.6639683724479809,52.53851788278188,2.5,54.0,0.64,26,0.5,0.03,fallback,0.5700000000000001,0.05780487804878054,True
2022_06_CAR_LA,2022,6,202206,total,over,0.5866666666666667,-103.0,0.5073891625615764,loss,0.0,-1.0,8.164063382249296,47.91742997076828,-10.0,41.5,0.5866666666666667,26,0.5,0.03,fallback,0.5433333333333333,0.035944170771756934,True
2022_06_CIN_NO,2022,6,202206,total,over,0.5333333333333333,-108.0,0.5192307692307693,win,1.0,0.9259259259259259,3.391984002215138,47.556656427903,3.0,42.5,0.5333333333333333,26,0.5,0.03,fallback,0.5166666666666666,-0.002564102564102666,False
2022_06_DAL_PHI,2022,6,202206,total,under,0.5466666666666666,-104.0,0.5098039215686274,loss,0.0,-1.0,1.4195817621730529,45.78772161062133,-6.5,42.5,0.5466666666666666,26,0.5,0.03,fallback,0.5233333333333333,0.013529411764705901,False
2022_06_DEN_LAC,2022,6,202206,total,over,0.52,102.0,0.49504950495049505,loss,0.0,-1.0,9.440500845867373,50.19812507342031,-3.5,45.5,0.52,26,0.5,0.03,fallback,0.51,0.014950495049504964,False
2022_06_JAX_IND,2022,6,202206,total,under,0.6133333333333333,100.0,0.5,loss,0.0,-1.0,0.5084733415493917,40.76036755387336,-1.0,41.0,0.6133333333333333,26,0.5,0.03,fallback,0.5566666666666666,0.05666666666666664,True
2022_06_MIN_MIA,2022,6,202206,total,under,0.5866666666666667,-107.0,0.5169082125603864,win,1.0,0.9345794392523364,1.7409705839549234,46.24286910745644,3.0,45.0,0.5866666666666667,26,0.5,0.03,fallback,0.5433333333333333,0.026425120772946897,False
2022_06_NE_CLE,2022,6,202206,total,under,0.6266666666666667,-104.0,0.5098039215686274,loss,0.0,-1.0,-0.6151500699266966,42.5216931554741,-2.5,43.0,0.6266666666666667,26,0.5,0.03,fallback,0.5633333333333334,0.053529411764705936,True
2022_06_NYJ_GB,2022,6,202206,total,under,0.6266666666666667,-101.0,0.5024875621890548,win,1.0,0.9900990099009901,12.374979884877442,44.09487577965693,-7.5,44.5,0.6266666666666667,26,0.5,0.03,fallback,0.5633333333333334,0.06084577114427858,True
2022_06_SF_ATL,2022,6,202206,total,under,0.5866666666666667,-109.0,0.5215311004784688,win,1.0,0.9174311926605505,-9.497853489218905,47.41068470546519,3.5,46.0,0.5866666666666667,26,0.5,0.03,fallback,0.5433333333333333,0.02180223285486449,False
2022_06_WAS_CHI,2022,6,202206,total,under,0.5733333333333333,-105.0,0.5121951219512195,win,1.0,0.9523809523809523,-3.213016247925148,41.0776637825773,1.0,38.5,0.5733333333333333,26,0.5,0.03,fallback,0.5366666666666666,0.024471544715447102,False
2022_07_ATL_CIN,2022,7,202207,spread,home,0.5454545454545454,-110.0,0.5238095238095238,win,1.0,0.9090909090909091,8.023255801622263,46.795210298026326,-6.5,47.5,0.5454545454545454,52,0.5,0.03,fallback,0.5227272727272727,-0.0010822510822511289,False
2022_07_CHI_NE,2022,7,202207,spread,home,0.6136363636363636,-100.0,0.5,loss,0.0,-1.0,12.316921191684896,40.42849114654645,-9.5,40.0,0.6136363636363636,52,0.5,0.03,fallback,0.5568181818181819,0.05681818181818188,True
2022_07_CLE_BAL,2022,7,202207,spread,away,0.6363636363636364,100.0,0.5,win,1.0,1.0,2.0482911032054827,46.04371683068405,-6.5,46.0,0.6363636363636364,52,0.5,0.03,fallback,0.5681818181818181,0.06818181818181812,True
2022_07_DET_DAL,2022,7,202207,spread,home,0.625,102.0,0.49504950495049505,win,1.0,1.02,10.100073377065144,51.86624397995771,-7.0,49.5,0.625,52,0.5,0.03,fallback,0.5625,0.06745049504950495,True
2022_07_GB_WAS,2022,7,202207,spread,away,0.5795454545454546,-102.0,0.504950495049505,loss,0.0,-1.0,-5.610467231695372,42.939482732821,4.0,41.5,0.5795454545454546,52,0.5,0.03,fallback,0.5397727272727273,0.03482223222322234,True
2022_07_HOU_LV,2022,7,202207,spread,away,0.4772727272727273,104.0,0.49019607843137253,loss,0.0,-1.0,7.867829975377076,45.95738972276585,-7.0,46.0,0.4772727272727273,52,0.5,0.03,fallback,0.48863636363636365,-0.0015597147950088819,False
2022_07_IND_TEN,2022,7,202207,spread,home,0.5454545454545454,-108.0,0.5192307692307693,win,1.0,0.9259259259259259,4.066002751779408,44.357429482122924,-2.5,43.0,0.5454545454545454,52,0.5,0.03,fallback,0.5227272727272727,0.0034965034965034336,False
2022_07_KC_SF,2022,7,202207,spread,away,0.5113636363636364,102.0,0.49504950495049505,win,1.0,1.02,-1.0817771312453428,51.85624935593424,1.0,49.0,0.5113636363636364,52,0.5,0.03,fallback,0.5056818181818181,0.010632313231323076,False
2022_07_NO_ARI,2022,7,202207,spread,away,0.6363636363636364,-101.0,0.5024875621890548,loss,0.0,-1.0,-1.761991144308387,42.401969803431214,-2.5,44.0,0.6363636363636364,52,0.5,0.03,fallback,0.5681818181818181,0.06569425599276335,True
2022_07_NYG_JAX,2022,7,202207,spread,away,0.5113636363636364,102.0,0.49504950495049505,win,1.0,1.02,2.993855547857829,42.88438934542995,-3.0,44.0,0.5113636363636364,52,0.5,0.03,fallback,0.5056818181818181,0.010632313231323076,False
2022_07_PIT_MIA,2022,7,202207,spread,away,0.6136363636363636,-119.0,0.54337899543379,win,1.0,0.8403361344537815,4.960832989564264,45.078438775825205,-7.5,44.5,0.6136363636363636,52,0.5,0.03,fallback,0.5568181818181819,0.013439186384391899,False
2022_07_SEA_LAC,2022,7,202207,spread,away,0.6363636363636364,-111.0,0.5260663507109005,win,1.0,0.9009009009009009,1.5124055663789413,52.443476560679926,-5.5,51.5,0.6363636363636364,52,0.5,0.03,fallback,0.5681818181818181,0.042115467470917656,True
2022_07_TB_CAR,2022,7,202207,spread,home,0.5227272727272727,-107.0,0.5169082125603864,win,1.0,0.9345794392523364,-12.15012511465386,43.11098918898956,13.0,39.5,0.5227272727272727,52,0.5,0.03,fallback,0.5113636363636364,-0.005544576196750084,False
2022_07_ATL_CIN,2022,7,202207,total,under,0.6363636363636364,100.0,0.5,loss,0.0,-1.0,8.023255801622263,46.795210298026326,-6.5,47.5,0.6363636363636364,52,0.5,0.03,fallback,0.5681818181818181,0.06818181818181812,True
2022_07_CHI_NE,2022,7,202207,total,under,0.6136363636363636,-106.0,0.5145631067961165,loss,0.0,-1.0,12.316921191684896,40.42849114654645,-9.5,40.0,0.6136363636363636,52,0.5,0.03,fallback,0.5568181818181819,0.04225507502206538,True
2022_07_CLE_BAL,2022,7,202207,total,under,0.6136363636363636,-100.0,0.5,win,1.0,1.0,2.0482911032054827,46.04371683068405,-6.5,46.0,0.6136363636363636,52,0.5,0.03,fallback,0.5568181818181819,0.05681818181818188,True
2022_07_DET_DAL,2022,7,202207,total,under,0.5909090909090908,-102.0,0.504950495049505,win,1.0,0.9803921568627451,10.100073377065144,51.86624397995771,-7.0,49.5,0.5909090909090908,52,0.5,0.03,fallback,0.5454545454545454,0.04050405040504046,True
2022_07_GB_WAS,2022,7,202207,total,under,0.6022727272727273,-105.0,0.5121951219512195,loss,0.0,-1.0,-5.610467231695372,42.939482732821,4.0,41.5,0.6022727272727273,52,0.5,0.03,fallback,0.5511363636363636,0.03894124168514412,True
2022_07_HOU_LV,2022,7,202207,total,under,0.625,-104.0,0.5098039215686274,loss,0.0,-1.0,7.867829975377076,45.95738972276585,-7.0,46.0,0.625,52,0.5,0.03,fallback,0.5625,0.052696078431372584,True
2022_07_IND_TEN,2022,7,202207,total,under,0.6022727272727273,-104.0,0.5098039215686274,win,1.0,0.9615384615384616,4.066002751779408,44.357429482122924,-2.5,43.0,0.6022727272727273,52,0.5,0.03,fallback,0.5511363636363636,0.04133244206773623,True
2022_07_KC_SF,2022,7,202207,total,under,0.5795454545454546,-114.0,0.5327102803738317,loss,0.0,-1.0,-1.0817771312453428,51.85624935593424,1.0,49.0,0.5795454545454546,52,0.5,0.03,fallback,0.5397727272727273,0.007062446898895569,False
2022_07_NO_ARI,2022,7,202207,total,under,0.6590909090909092,-114.0,0.5327102803738317,loss,0.0,-1.0,-1.761991144308387,42.401969803431214,-2.5,44.0,0.6590909090909092,52,0.5,0.03,fallback,0.5795454545454546,0.04683517417162286,True
2022_07_NYG_JAX,2022,7,202207,total,under,0.6477272727272727,-105.0,0.5121951219512195,win,1.0,0.9523809523809523,2.993855547857829,42.88438934542995,-3.0,44.0,0.6477272727272727,52,0.5,0.03,fallback,0.5738636363636364,0.06166851441241683,True
2022_07_PIT_MIA,2022,7,202207,total,under,0.6136363636363636,-107.0,0.5169082125603864,win,1.0,0.9345794392523364,4.960832989564264,45.078438775825205,-7.5,44.5,0.6136363636363636,52,0.5,0.03,fallback,0.5568181818181819,0.03990996925779544,True
2022_07_SEA_LAC,2022,7,202207,total,under,0.6022727272727273,-114.0,0.5327102803738317,loss,0.0,-1.0,1.5124055663789413,52.443476560679926,-5.5,51.5,0.6022727272727273,52,0.5,0.03,fallback,0.5511363636363636,0.018426083262531923,False
2022_07_TB_CAR,2022,7,202207,total,under,0.5454545454545454,-116.0,0.5370370370370371,win,1.0,0.8620689655172413,-12.15012511465386,43.11098918898956,13.0,39.5,0.5454545454545454,52,0.5,0.03,fallback,0.5227272727272727,-0.014309764309764383,False
2022_08_ARI_MIN,2022,8,202208,spread,away,0.6138613861386139,-105.0,0.5121951219512195,loss,0.0,-1.0,0.4019847586318928,49.15734750196816,-4.0,48.5,0.6138613861386139,78,0.25,0.03,lambda_only,0.5284653465346535,0.016270224583433968,False
2022_08_BAL_TB,2022,8,202208,spread,home,0.6534653465346535,-106.0,0.5145631067961165,loss,0.0,-1.0,5.627866052804465,44.27306983042064,-2.0,46.0,0.6534653465346535,78,0.25,0.03,lambda_only,0.5383663366336634,0.023803229837546902,False
2022_08_CAR_ATL,2022,8,202208,spread,away,0.6138613861386139,-110.0,0.5238095238095238,win,1.0,0.9090909090909091,0.8359646667355487,50.86047444475741,-4.5,41.0,0.6138613861386139,78,0.25,0.03,lambda_only,0.5284653465346535,0.004655822725129655,False
2022_08_CHI_DAL,2022,8,202208,spread,home,0.5148514851485149,109.0,0.4784688995215311,win,1.0,1.09,10.243667020015174,41.38703234008683,-10.5,43.0,0.5148514851485149,78,0.25,0.03,lambda_only,0.5037128712871287,0.025243971765597617,False
2022_08_CIN_CLE,2022,8,202208,spread,home,0.5148514851485149,102.0,0.49504950495049505,win,1.0,1.02,-2.69462220871659,48.84276406485576,3.0,45.0,0.5148514851485149,78,0.25,0.03,lambda_only,0.5037128712871287,0.008663366336633671,False
2022_08_DEN_JAX,2022,8,202208,spread,home,0.6633663366336634,101.0,0.4975124378109453,loss,0.0,-1.0,5.419076079559735,42.51893018445223,-1.0,41.0,0.6633663366336634,78,0.25,0.03,lambda_only,0.5408415841584159,0.04332914634747059,True
2022_08_GB_BUF,2022,8,202208,spread,away,0.6138613861386139,-110.0,0.5238095238095238,win,1.0,0.9090909090909091,6.864819467795389,48.63055548046008,-10.5,47.0,0.6138613861386139,78,0.25,0.03,lambda_only,0.5284653465346535,0.004655822725129655,False
2022_08_LV_NO,2022,8,202208,spread,home,0.6534653465346535,101.0,0.4975124378109453,win,1.0,1.01,2.669193497357088,49.532649618194704,1.0,48.5,0.6534653465346535,78,0.25,0.03,lambda_only,0.5383663366336634,0.040853898822718115,True
2022_08_MIA_DET,2022,8,202208,spread,away,0.6039603960396039,-112.0,0.5283018867924528,win,1.0,0.8928571428571429,-6.382163649519223,49.89863884193695,3.5,52.0,0.6039603960396039,78,0.25,0.03,lambda_only,0.525990099009901,-0.0023117877825518107,False
2022_08_NE_NYJ,2022,8,202208,spread,away,0.6435643564356436,-103.0,0.5073891625615764,win,1.0,0.970873786407767,-8.133706543306909,44.9390018157377,3.0,40.0,0.6435643564356436,78,0.25,0.03,lambda_only,0.5358910891089109,0.028501926547334522,False
2022_08_NYG_SEA,2022,8,202208,spread,home,0.5841584158415841,-110.0,0.5238095238095238,win,1.0,0.9090909090909091,4.800818107871055,47.64870233230106,-3.0,44.5,0.5841584158415841,78,0.25,0.03,lambda_only,0.5210396039603961,-0.0027699198491277777,False
2022_08_PIT_PHI,2022,8,202208,spread,away,0.6435643564356436,102.0,0.49504950495049505,loss,0.0,-1.0,5.862229945423388,46.43705746280625,-11.0,43.0,0.6435643564356436,78,0.25,0.03,lambda_only,0.5358910891089109,0.04084158415841588,True
2022_08_SF_LA,2022,8,202208,spread,home,0.6138613861386139,-114.0,0.5327102803738317,loss,0.0,-1.0,1.70408134959935,47.90822312511659,1.0,42.0,0.6138613861386139,78,0.25,0.03,lambda_only,0.5284653465346535,-0.004244933839178233,False
2022_08_ARI_MIN,2022,8,202208,total,under,0.5841584158415842,-106.0,0.5145631067961165,loss,0.0,-1.0,0.4019847586318928,49.15734750196816,-4.0,48.5,0.5841584158415842,78,0.25,0.03,lambda_only,0.5210396039603961,0.00647649716427956,False
2022_08_BAL_TB,2022,8,202208,total,under,0.6435643564356436,-102.0,0.504950495049505,loss,0.0,-1.0,5.627866052804465,44.27306983042064,-2.0,46.0,0.6435643564356436,78,0.25,0.03,lambda_only,0.5358910891089109,0.030940594059405968,True
2022_08_CAR_ATL,2022,8,202208,total,over,0.6732673267326733,-106.0,0.5145631067961165,win,1.0,0.9433962264150944,0.8359646667355487,50.86047444475741,-4.5,41.0,0.6732673267326733,78,0.25,0.03,lambda_only,0.5433168316831684,0.028753724887051857,False
2022_08_CHI_DAL,2022,8,202208,total,under,0.6435643564356436,-108.0,0.5192307692307693,loss,0.0,-1.0,10.243667020015174,41.38703234008683,-10.5,43.0,0.6435643564356436,78,0.25,0.03,lambda_only,0.5358910891089109,0.01666031987814165,False
2022_08_CIN_CLE,2022,8,202208,total,under,0.5148514851485149,-102.0,0.504950495049505,push,,0.0,-2.69462220871659,48.84276406485576,3.0,45.0,0.5148514851485149,78,0.25,0.03,lambda_only,0.5037128712871287,-0.0012376237623762387,False
2022_08_DEN_JAX,2022,8,202208,total,under,0.5841584158415842,-103.0,0.5073891625615764,win,1.0,0.970873786407767,5.419076079559735,42.51893018445223,-1.0,41.0,0.5841584158415842,78,0.25,0.03,lambda_only,0.5210396039603961,0.013650441398819657,False
2022_08_GB_BUF,2022,8,202208,total,under,0.5841584158415842,-104.0,0.5098039215686274,win,1.0,0.9615384615384616,6.864819467795389,48.63055548046008,-10.5,47.0,0.5841584158415842,78,0.25,0.03,lambda_only,0.5210396039603961,0.011235682391768642,False
2022_08_LV_NO,2022,8,202208,total,under,0.5841584158415842,-111.0,0.5260663507109005,win,1.0,0.9009009009009009,2.669193497357088,49.532649618194704,1.0,48.5,0.5841584158415842,78,0.25,0.03,lambda_only,0.5210396039603961,-0.005026746750504407,False
2022_08_MIA_DET,2022,8,202208,total,under,0.6633663366336633,-108.0,0.5192307692307693,loss,0.0,-1.0,-6.382163649519223,49.89863884193695,3.5,52.0,0.6633663366336633,78,0.25,0.03,lambda_only,0.5408415841584158,0.021610814927646493,False
2022_08_NE_NYJ,2022,8,202208,total,under,0.4653465346534653,-102.0,0.504950495049505,win,1.0,0.9803921568627451,-8.133706543306909,44.9390018157377,3.0,40.0,0.4653465346534653,78,0.25,0.03,lambda_only,0.49133663366336633,-0.013613861386138626,False
2022_08_NYG_SEA,2022,8,202208,total,over,0.4752475247524752,-102.0,0.504950495049505,loss,0.0,-1.0,4.800818107871055,47.64870233230106,-3.0,44.5,0.4752475247524752,78,0.25,0.03,lambda_only,0.4938118811881188,-0.011138613861386149,False
2022_08_PIT_PHI,2022,8,202208,total,over,0.4752475247524752,-102.0,0.504950495049505,win,1.0,0.9803921568627451,5.862229945423388,46.43705746280625,-11.0,43.0,0.4752475247524752,78,0.25,0.03,lambda_only,0.4938118811881188,-0.011138613861386149,False
2022_08_SF_LA,2022,8,202208,total,over,0.5742574257425742,-109.0,0.5215311004784688,win,1.0,0.9174311926605505,1.70408134959935,47.90822312511659,1.0,42.0,0.5742574257425742,78,0.25,0.03,lambda_only,0.5185643564356436,-0.0029667440428252645,False
2022_09_BAL_NO,2022,9,202209,spread,home,0.7017543859649122,106.0,0.4854368932038835,loss,0.0,-1.0,4.3517702635912405,46.660571980411696,1.0,46.0,0.56,104,0.25,0.03,lambda_only,0.515,0.02956310679611651,False
2022_09_BUF_NYJ,2022,9,202209,spread,away,0.5350877192982456,103.0,0.49261083743842365,loss,0.0,-1.0,-13.089644007617975,45.79664770736842,11.0,46.0,0.56,104,0.25,0.03,lambda_only,0.515,0.02238916256157636,False
2022_09_CAR_CIN,2022,9,202209,spread,home,0.6578947368421053,-110.0,0.5238095238095238,win,1.0,0.9090909090909091,10.574166250370991,43.11989166570078,-7.0,43.0,0.56,104,0.25,0.03,lambda_only,0.515,-0.008809523809523823,False
2022_09_GB_DET,2022,9,202209,spread,away,0.5263157894736843,-107.0,0.5169082125603864,loss,0.0,-1.0,-5.966053899041399,50.8675610311681,4.0,49.5,0.56,104,0.25,0.03,lambda_only,0.515,-0.0019082125603864242,False
2022_09_LAC_ATL,2022,9,202209,spread,home,0.4298245614035088,103.0,0.49261083743842365,loss,0.0,-1.0,-4.905397333892709,52.04432610051573,2.5,49.5,0.44,104,0.25,0.03,lambda_only,0.485,-0.007610837438423668,False
2022_09_LA_TB,2022,9,202209,spread,home,0.543859649122807,-106.0,0.5145631067961165,push,,0.0,3.299148059441438,45.315843525363206,-3.0,43.0,0.56,104,0.25,0.03,lambda_only,0.515,0.00043689320388351494,False
2022_09_LV_JAX,2022,9,202209,spread,home,0.6666666666666666,-108.0,0.5192307692307693,win,1.0,0.9259259259259259,1.2204086973935917,42.453196402446856,2.5,47.5,0.56,104,0.25,0.03,lambda_only,0.515,-0.00423076923076926,False
2022_09_MIA_CHI,2022,9,202209,spread,away,0.5789473684210527,-103.0,0.5073891625615764,loss,0.0,-1.0,-6.95011342125312,45.49402658621111,4.0,46.0,0.56,104,0.25,0.03,lambda_only,0.515,0.007610837438423612,False
2022_09_MIN_WAS,2022,9,202209,spread,home,0.5526315789473685,108.0,0.4807692307692308,push,,0.0,-2.617737086991004,42.48719640575939,3.0,43.5,0.56,104,0.25,0.03,lambda_only,0.515,0.03423076923076923,True
2022_09_PHI_HOU,2022,9,202209,spread,away,0.4122807017543859,102.0,0.49504950495049505,loss,0.0,-1.0,-12.7197106119067,48.32813021479244,14.0,45.5,0.44,104,0.25,0.03,lambda_only,0.485,-0.010049504950495058,False
2022_09_SEA_ARI,2022,9,202209,spread,away,0.6052631578947368,102.0,0.49504950495049505,win,1.0,1.02,-2.1676451123747187,46.46577240701306,-1.5,49.5,0.56,104,0.25,0.03,lambda_only,0.515,0.019950495049504968,False
2022_09_BAL_NO,2022,9,202209,total,over,0.42105263157894735,-104.0,0.5098039215686274,loss,0.0,-1.0,4.3517702635912405,46.660571980411696,1.0,46.0,0.5,102,0.25,0.03,lambda_only,0.5,-0.009803921568627416,False
2022_09_BUF_NYJ,2022,9,202209,total,under,0.5964912280701755,-102.0,0.504950495049505,win,1.0,0.9803921568627451,-13.089644007617975,45.79664770736842,11.0,46.0,0.5428571428571428,102,0.25,0.03,lambda_only,0.5107142857142857,0.005763790664780721,False
2022_09_CAR_CIN,2022,9,202209,total,over,0.41228070175438597,101.0,0.4975124378109453,win,1.0,1.01,10.574166250370991,43.11989166570078,-7.0,43.0,0.45714285714285713,102,0.25,0.03,lambda_only,0.48928571428571427,-0.008226723525231017,False
2022_09_GB_DET,2022,9,202209,total,over,0.42105263157894735,-105.0,0.5121951219512195,loss,0.0,-1.0,-5.966053899041399,50.8675610311681,4.0,49.5,0.5,102,0.25,0.03,lambda_only,0.5,-0.012195121951219523,False
2022_09_LAC_ATL,2022,9,202209,total,under,0.5701754385964912,-105.0,0.5121951219512195,win,1.0,0.9523809523809523,-4.905397333892709,52.04432610051573,2.5,49.5,0.5,102,0.25,0.03,lambda_only,0.5,-0.012195121951219523,False
2022_09_LA_TB,2022,9,202209,total,over,0.4298245614035088,-104.0,0.5098039215686274,loss,0.0,-1.0,3.299148059441438,45.315843525363206,-3.0,43.0,0.5,102,0.25,0.03,lambda_only,0.5,-0.009803921568627416,False
2022_09_LV_JAX,2022,9,202209,total,under,0.7105263157894737,105.0,0.4878048780487805,win,1.0,1.05,1.2204086973935917,42.453196402446856,2.5,47.5,1.0,102,0.25,0.03,lambda_only,0.625,0.13719512195121952,True
2022_09_MIA_CHI,2022,9,202209,total,under,0.6052631578947368,-104.0,0.5098039215686274,loss,0.0,-1.0,-6.95011342125312,45.49402658621111,4.0,46.0,0.5428571428571428,102,0.25,0.03,lambda_only,0.5107142857142857,0.0009103641456582601,False
2022_09_MIN_WAS,2022,9,202209,total,under,0.6140350877192983,-106.0,0.5145631067961165,win,1.0,0.9433962264150944,-2.617737086991004,42.48719640575939,3.0,43.5,0.5428571428571428,102,0.25,0.03,lambda_only,0.5107142857142857,-0.003848821081830822,False
2022_09_PHI_HOU,2022,9,202209,total,over,0.43859649122807015,-101.0,0.5024875621890548,win,1.0,0.9900990099009901,-12.7197106119067,48.32813021479244,14.0,45.5,0.5,102,0.25,0.03,lambda_only,0.5,-0.0024875621890547706,False
2022_09_SEA_ARI,2022,9,202209,total,under,0.6666666666666667,-115.0,0.5348837209302325,loss,0.0,-1.0,-2.1676451123747187,46.46577240701306,-1.5,49.5,0.6952380952381003,102,0.25,0.03,lambda_only,0.5488095238095251,0.01392580287929257,False
2022_10_ATL_CAR,2022,10,202210,spread,home,0.6,-107.0,0.5169082125603864,win,1.0,0.9345794392523364,-1.4408548429783514,42.20986375432491,2.5,41.5,0.559322033898305,122,0.25,0.03,lambda_only,0.5148305084745762,-0.002077704085810206,False
2022_10_CLE_MIA,2022,10,202210,spread,away,0.52,112.0,0.4716981132075472,loss,0.0,-1.0,1.4451720130839618,48.72470677367485,-3.0,49.0,0.559322033898305,122,0.25,0.03,lambda_only,0.5148305084745762,0.043132395267029056,True
2022_10_DAL_GB,2022,10,202210,spread,home,0.512,102.0,0.49504950495049505,win,1.0,1.02,-4.435293063479498,44.33787618304483,3.5,44.5,0.559322033898305,122,0.25,0.03,lambda_only,0.5148305084745762,0.019781003524081187,False
2022_10_DEN_TEN,2022,10,202210,spread,home,0.688,-105.0,0.5121951219512195,win,1.0,0.9523809523809523,6.749576648402332,42.13557206952557,-2.5,40.0,0.559322033898305,122,0.25,0.03,lambda_only,0.5148305084745762,0.0026353865233567086,False
2022_10_DET_CHI,2022,10,202210,spread,away,0.5760000000000001,-105.0,0.5121951219512195,win,1.0,0.9523809523809523,0.0522724738348067,42.5999530232785,-3.0,48.5,0.559322033898305,122,0.25,0.03,lambda_only,0.5148305084745762,0.0026353865233567086,False
2022_10_HOU_NYG,2022,10,202210,spread,home,0.68,102.0,0.49504950495049505,win,1.0,1.02,9.38783502723837,42.59912826970308,-5.5,41.5,0.559322033898305,122,0.25,0.03,lambda_only,0.5148305084745762,0.019781003524081187,False
2022_10_IND_LV,2022,10,202210,spread,home,0.392,101.0,0.4975124378109453,loss,0.0,-1.0,0.525875630820881,44.83000636065004,-4.5,41.0,0.4406779661016949,122,0.25,0.03,lambda_only,0.4851694915254237,-0.012342946285521572,False
2022_10_JAX_KC,2022,10,202210,spread,home,0.4,109.0,0.4784688995215311,push,,0.0,6.851847111214441,48.71189048832261,-10.0,51.5,0.4406779661016949,122,0.25,0.03,lambda_only,0.4851694915254237,0.006700592003892614,False
2022_10_LAC_SF,2022,10,202210,spread,away,0.6,-105.0,0.5121951219512195,win,1.0,0.9523809523809523,4.789419488528965,50.22746096415427,-8.5,45.5,0.559322033898305,122,0.25,0.03,lambda_only,0.5148305084745762,0.0026353865233567086,False
2022_10_MIN_BUF,2022,10,202210,spread,home,0.584,-106.0,0.5145631067961165,loss,0.0,-1.0,7.174135563326595,46.65766081123592,-6.5,47.0,0.559322033898305,122,0.25,0.03,lambda_only,0.5148305084745762,0.0002674016784597333,False
2022_10_NO_PIT,2022,10,202210,spread,away,0.696,-103.0,0.5073891625615764,loss,0.0,-1.0,-5.633125531034899,41.05058592497127,-1.0,39.5,0.559322033898305,122,0.25,0.03,lambda_only,0.5148305084745762,0.0074413459129998305,False
2022_10_SEA_TB,2022,10,202210,spread,away,0.44799999999999995,103.0,0.49261083743842365,loss,0.0,-1.0,1.8897163596455384,47.18241328301536,-2.5,45.0,0.4406779661016949,122,0.25,0.03,lambda_only,0.4851694915254237,-0.0074413459129999415,False
2022_10_WAS_PHI,2022,10,202210,spread,away,0.544,-107.0,0.5169082125603864,win,1.0,0.9345794392523364,8.78050776865999,43.41043503439115,-11.0,43.0,0.559322033898305,122,0.25,0.03,lambda_only,0.5148305084745762,-0.002077704085810206,False
2022_10_ATL_CAR,2022,10,202210,total,under,0.5840000000000001,-106.0,0.5145631067961165,win,1.0,0.9433962264150944,-1.4408548429783514,42.20986375432491,2.5,41.5,0.54,124,0.25,0.03,lambda_only,0.51,-0.0045631067961164895,False
2022_10_CLE_MIA,2022,10,202210,total,under,0.6,-102.0,0.504950495049505,loss,0.0,-1.0,1.4451720130839618,48.72470677367485,-3.0,49.0,0.54,124,0.25,0.03,lambda_only,0.51,0.005049504950495054,False
2022_10_DAL_GB,2022,10,202210,total,under,0.6,-104.0,0.5098039215686274,loss,0.0,-1.0,-4.435293063479498,44.33787618304483,3.5,44.5,0.54,124,0.25,0.03,lambda_only,0.51,0.00019607843137259273,False
2022_10_DEN_TEN,2022,10,202210,total,under,0.5760000000000001,-107.0,0.5169082125603864,win,1.0,0.9345794392523364,6.749576648402332,42.13557206952557,-2.5,40.0,0.54,124,0.25,0.03,lambda_only,0.51,-0.006908212560386429,False
2022_10_DET_CHI,2022,10,202210,total,under,0.736,-114.0,0.5327102803738317,loss,0.0,-1.0,0.0522724738348067,42.5999530232785,-3.0,48.5,1.0,124,0.25,0.03,lambda_only,0.625,0.09228971962616828,True
2022_10_HOU_NYG,2022,10,202210,total,under,0.5840000000000001,-109.0,0.5215311004784688,win,1.0,0.9174311926605505,9.38783502723837,42.59912826970308,-5.5,41.5,0.54,124,0.25,0.03,lambda_only,0.51,-0.011531100478468836,False
2022_10_IND_LV,2022,10,202210,total,under,0.512,101.0,0.4975124378109453,loss,0.0,-1.0,0.525875630820881,44.83000636065004,-4.5,41.0,0.5,124,0.25,0.03,lambda_only,0.5,0.002487562189054715,False
2022_10_JAX_KC,2022,10,202210,total,under,0.6639999999999999,-110.0,0.5238095238095238,win,1.0,0.9090909090909091,6.851847111214441,48.71189048832261,-10.0,51.5,0.54,124,0.25,0.03,lambda_only,0.51,-0.013809523809523827,False
2022_10_LAC_SF,2022,10,202210,total,under,0.45599999999999996,101.0,0.4975124378109453,win,1.0,1.01,4.789419488528965,50.22746096415427,-8.5,45.5,0.5,124,0.25,0.03,lambda_only,0.5,0.002487562189054715,False
2022_10_MIN_BUF,2022,10,202210,total,under,0.608,-105.0,0.5121951219512195,loss,0.0,-1.0,7.174135563326595,46.65766081123592,-6.5,47.0,0.54,124,0.25,0.03,lambda_only,0.51,-0.002195121951219514,False
2022_10_NO_PIT,2022,10,202210,total,under,0.5840000000000001,-104.0,0.5098039215686274,win,1.0,0.9615384615384616,-5.633125531034899,41.05058592497127,-1.0,39.5,0.54,124,0.25,0.03,lambda_only,0.51,0.00019607843137259273,False
2022_10_SEA_TB,2022,10,202210,total,under,0.5760000000000001,-104.0,0.5098039215686274,win,1.0,0.9615384615384616,1.8897163596455384,47.18241328301536,-2.5,45.0,0.54,124,0.25,0.03,lambda_only,0.51,0.00019607843137259273,False
2022_10_WAS_PHI,2022,10,202210,total,under,0.5920000000000001,-103.0,0.5073891625615764,loss,0.0,-1.0,8.78050776865999,43.41043503439115,-11.0,43.0,0.54,124,0.25,0.03,lambda_only,0.51,0.0026108374384236077,False
2022_11_CAR_BAL,2022,11,202211,spread,home,0.43478260869565216,106.0,0.4854368932038835,loss,0.0,-1.0,10.462461943678962,43.7620964537259,-13.0,42.0,0.4084507042253521,146,0.25,0.03,lambda_only,0.477112676056338,-0.008324217147545498,False
2022_11_CHI_ATL,2022,11,202211,spread,home,0.4782608695652174,110.0,0.47619047619047616,push,,0.0,1.399381844915912,47.97483688655452,-3.0,48.5,0.4084507042253521,146,0.25,0.03,lambda_only,0.477112676056338,0.0009221998658618391,False
2022_11_CIN_PIT,2022,11,202211,spread,away,0.536231884057971,101.0,0.4975124378109453,win,1.0,1.01,-5.656837971581877,43.45314081023635,3.5,39.0,0.5915492957746479,146,0.25,0.03,lambda_only,0.522887323943662,0.025374886132716712,False
2022_11_CLE_BUF,2022,11,202211,spread,away,0.49275362318840576,-103.0,0.5073891625615764,loss,0.0,-1.0,6.526282953174557,50.058642909184414,-7.5,50.5,0.48870078817928525,146,0.25,0.03,lambda_only,0.4971751970448213,-0.010213965516755075,False
2022_11_DAL_MIN,2022,11,202211,spread,away,0.5652173913043479,-115.0,0.5348837209302325,win,1.0,0.8695652173913043,-4.274125596191789,49.9125171307667,1.5,48.5,0.5915492957746479,146,0.25,0.03,lambda_only,0.522887323943662,-0.011996396986570512,False
2022_11_DET_NYG,2022,11,202211,spread,home,0.5579710144927537,-107.0,0.5169082125603864,loss,0.0,-1.0,2.805463296790622,43.22147380029643,-3.0,44.0,0.5915492957746479,146,0.25,0.03,lambda_only,0.522887323943662,0.005979111383275559,False
2022_11_KC_LAC,2022,11,202211,spread,away,0.6014492753623188,-102.0,0.504950495049505,loss,0.0,-1.0,-8.637272125313022,55.81535850105257,5.5,52.5,0.5915492957746479,146,0.25,0.03,lambda_only,0.522887323943662,0.017936828894157042,False
2022_11_LA_NO,2022,11,202211,spread,home,0.6086956521739131,104.0,0.49019607843137253,win,1.0,1.04,3.6002921376781587,44.5108474645882,-2.5,39.5,0.5915492957746479,146,0.25,0.03,lambda_only,0.522887323943662,0.03269124551228947,True
2022_11_LV_DEN,2022,11,202211,spread,away,0.6086956521739131,106.0,0.4854368932038835,win,1.0,1.06,-0.7146877277945439,44.76394205200656,-2.5,41.5,0.5915492957746479,146,0.25,0.03,lambda_only,0.522887323943662,0.037450430739778495,True
2022_11_NYJ_NE,2022,11,202211,spread,home,0.6811594202898551,-102.0,0.504950495049505,win,1.0,0.9803921568627451,7.021437524509149,37.31557868996764,-3.5,38.5,0.5915492957746479,146,0.25,0.03,lambda_only,0.522887323943662,0.017936828894157042,False
2022_11_PHI_IND,2022,11,202211,spread,home,0.6376811594202898,-102.0,0.504950495049505,win,1.0,0.9803921568627451,-4.395607123438179,45.53809238876453,6.5,45.5,0.5915492957746479,146,0.25,0.03,lambda_only,0.522887323943662,0.017936828894157042,False
2022_11_SF_ARI,2022,11,202211,spread,home,0.6884057971014492,-113.0,0.5305164319248826,loss,0.0,-1.0,-6.036251976113302,47.3592276999137,10.0,43.5,0.5915492957746479,146,0.25,0.03,lambda_only,0.522887323943662,-0.007629107981220629,False
2022_11_TEN_GB,2022,11,202211,spread,away,0.5217391304347826,106.0,0.4854368932038835,win,1.0,1.06,1.1511794589892368,42.07670616610197,-3.0,40.5,0.5915492957746479,146,0.25,0.03,lambda_only,0.522887323943662,0.037450430739778495,True
2022_11_WAS_HOU,2022,11,202211,spread,away,0.6086956521739131,-100.0,0.5,win,1.0,1.0,-6.849967295188672,43.56443937210256,3.0,41.0,0.5915492957746479,146,0.25,0.03,lambda_only,0.522887323943662,0.022887323943661997,False
2022_11_CAR_BAL,2022,11,202211,total,over,0.42028985507246375,-100.0,0.5,loss,0.0,-1.0,10.462461943678962,43.7620964537259,-13.0,42.0,0.45,150,0.25,0.03,lambda_only,0.4875,-0.012500000000000011,False
2022_11_CHI_ATL,2022,11,202211,total,under,0.6086956521739131,-108.0,0.5192307692307693,loss,0.0,-1.0,1.399381844915912,47.97483688655452,-3.0,48.5,0.55,150,0.25,0.03,lambda_only,0.5125,-0.006730769230769318,False
2022_11_CIN_PIT,2022,11,202211,total,under,0.46376811594202894,100.0,0.5,loss,0.0,-1.0,-5.656837971581877,43.45314081023635,3.5,39.0,0.5,150,0.25,0.03,lambda_only,0.5,0.0,False
2022_11_CLE_BUF,2022,11,202211,total,under,0.6086956521739131,-103.0,0.5073891625615764,loss,0.0,-1.0,6.526282953174557,50.058642909184414,-7.5,50.5,0.55,150,0.25,0.03,lambda_only,0.5125,0.005110837438423554,False
2022_11_DAL_MIN,2022,11,202211,total,under,0.5797101449275363,-109.0,0.5215311004784688,win,1.0,0.9174311926605505,-4.274125596191789,49.9125171307667,1.5,48.5,0.55,150,0.25,0.03,lambda_only,0.5125,-0.00903110047846889,False
2022_11_DET_NYG,2022,11,202211,total,under,0.6086956521739131,103.0,0.49261083743842365,loss,0.0,-1.0,2.805463296790622,43.22147380029643,-3.0,44.0,0.55,150,0.25,0.03,lambda_only,0.5125,0.0198891625615763,False
2022_11_KC_LAC,2022,11,202211,total,under,0.5072463768115942,-102.0,0.504950495049505,loss,0.0,-1.0,-8.637272125313022,55.81535850105257,5.5,52.5,0.5,150,0.25,0.03,lambda_only,0.5,-0.004950495049504955,False
2022_11_LA_NO,2022,11,202211,total,over,0.5652173913043478,-106.0,0.5145631067961165,win,1.0,0.9433962264150944,3.6002921376781587,44.5108474645882,-2.5,39.5,0.5061956521739132,150,0.25,0.03,lambda_only,0.5015489130434783,-0.013014193752638237,False
2022_11_LV_DEN,2022,11,202211,total,over,0.4927536231884058,100.0,0.5,loss,0.0,-1.0,-0.7146877277945439,44.76394205200656,-2.5,41.5,0.5,150,0.25,0.03,lambda_only,0.5,0.0,False
2022_11_NYJ_NE,2022,11,202211,total,under,0.6231884057971014,-103.0,0.5073891625615764,win,1.0,0.970873786407767,7.021437524509149,37.31557868996764,-3.5,38.5,0.55,150,0.25,0.03,lambda_only,0.5125,0.005110837438423554,False
2022_11_PHI_IND,2022,11,202211,total,under,0.5942028985507246,-103.0,0.5073891625615764,win,1.0,0.970873786407767,-4.395607123438179,45.53809238876453,6.5,45.5,0.55,150,0.25,0.03,lambda_only,0.5125,0.005110837438423554,False
2022_11_SF_ARI,2022,11,202211,total,over,0.5072463768115942,101.0,0.4975124378109453,win,1.0,1.01,-6.036251976113302,47.3592276999137,10.0,43.5,0.5,150,0.25,0.03,lambda_only,0.5,0.002487562189054715,False
2022_11_TEN_GB,2022,11,202211,total,under,0.5797101449275363,-109.0,0.5215311004784688,loss,0.0,-1.0,1.1511794589892368,42.07670616610197,-3.0,40.5,0.55,150,0.25,0.03,lambda_only,0.5125,-0.00903110047846889,False
2022_11_WAS_HOU,2022,11,202211,total,over,0.4420289855072464,-106.0,0.5145631067961165,loss,0.0,-1.0,-6.849967295188672,43.56443937210256,3.0,41.0,0.5,150,0.25,0.03,lambda_only,0.5,-0.014563106796116498,False
2022_12_ATL_WAS,2022,12,202212,spread,home,0.5460526315789473,-100.0,0.5,win,1.0,1.0,3.580952721262553,41.33841195023104,-3.5,40.5,0.6190476190476191,172,0.25,0.03,lambda_only,0.5297619047619048,0.029761904761904767,False
2022_12_BAL_JAX,2022,12,202212,spread,away,0.368421052631579,111.0,0.47393364928909953,loss,0.0,-1.0,-1.4432555247883745,40.221455817434745,3.5,43.0,0.38095238095238093,172,0.25,0.03,lambda_only,0.47023809523809523,-0.0036955540510043017,False
2022_12_BUF_DET,2022,12,202212,spread,home,0.631578947368421,-116.0,0.5370370370370371,win,1.0,0.8620689655172413,-8.149897484443214,52.06068725473082,10.0,54.0,0.6190476190476191,172,0.25,0.03,lambda_only,0.5297619047619048,-0.007275132275132323,False
2022_12_CHI_NYJ,2022,12,202212,spread,away,0.8092105263157895,-107.0,0.5169082125603864,loss,0.0,-1.0,-0.365014042990993,45.33594159802086,-8.5,36.5,1.0,172,0.25,0.03,lambda_only,0.625,0.10809178743961356,True
2022_12_CIN_TEN,2022,12,202212,spread,away,0.513157894736842,102.0,0.49504950495049505,win,1.0,1.02,-2.082055905666993,47.86176573566416,1.0,43.0,0.6190476190476191,172,0.25,0.03,lambda_only,0.5297619047619048,0.03471239981140972,True
2022_12_DEN_CAR,2022,12,202212,spread,home,0.5394736842105263,-101.0,0.5024875621890548,win,1.0,0.9900990099009901,-1.0918971965093125,38.95029824953309,1.0,36.5,0.6190476190476191,172,0.25,0.03,lambda_only,0.5297619047619048,0.027274342572849997,False
2022_12_GB_PHI,2022,12,202212,spread,away,0.513157894736842,-105.0,0.5121951219512195,loss,0.0,-1.0,5.353602862584789,40.537005555724136,-6.5,46.0,0.6190476190476191,172,0.25,0.03,lambda_only,0.5297619047619048,0.017566782810685244,False
2022_12_HOU_MIA,2022,12,202212,spread,away,0.506578947368421,-101.0,0.5024875621890548,loss,0.0,-1.0,12.980004175253791,47.94118606643214,-14.0,47.0,0.5,172,0.25,0.03,lambda_only,0.5,-0.0024875621890547706,False
2022_12_LAC_ARI,2022,12,202212,spread,home,0.618421052631579,-102.0,0.504950495049505,win,1.0,0.9803921568627451,-0.8341189047136467,49.77848751739966,2.5,48.5,0.6190476190476191,172,0.25,0.03,lambda_only,0.5297619047619048,0.024811409712399812,False
2022_12_LV_SEA,2022,12,202212,spread,home,0.6842105263157895,-103.0,0.5073891625615764,loss,0.0,-1.0,8.500706532857823,48.263030673825554,-4.0,47.5,0.6190476190476191,172,0.25,0.03,lambda_only,0.5297619047619048,0.022372742200328366,False
2022_12_NE_MIN,2022,12,202212,spread,away,0.756578947368421,-102.0,0.504950495049505,loss,0.0,-1.0,-5.064245391441881,44.766004683869696,-2.5,42.5,1.0,172,0.25,0.03,lambda_only,0.625,0.12004950495049505,True
2022_12_NO_SF,2022,12,202212,spread,away,0.6447368421052632,-113.0,0.5305164319248826,loss,0.0,-1.0,5.165073750167249,48.24138184910898,-9.5,44.0,0.6190476190476191,172,0.25,0.03,lambda_only,0.5297619047619048,-0.0007545271629778583,False
2022_12_NYG_DAL,2022,12,202212,spread,away,0.513157894736842,-114.0,0.5327102803738317,win,1.0,0.8771929824561403,9.4355932517647,51.86358340930991,-10.5,45.5,0.6190476190476191,172,0.25,0.03,lambda_only,0.5297619047619048,-0.0029483756119269566,False
2022_12_PIT_IND,2022,12,202212,spread,away,0.5197368421052632,-110.0,0.5238095238095238,win,1.0,0.9090909090909091,1.2459095665885755,44.51082037578492,-2.5,40.0,0.6190476190476191,172,0.25,0.03,lambda_only,0.5297619047619048,0.005952380952380931,False
2022_12_TB_CLE,2022,12,202212,spread,home,0.5394736842105263,107.0,0.4830917874396135,win,1.0,1.07,-3.1011371393589218,45.56862676231325,3.0,42.0,0.6190476190476191,172,0.25,0.03,lambda_only,0.5297619047619048,0.04667011732229126,True
2022_12_ATL_WAS,2022,12,202212,total,over,0.4342105263157895,101.0,0.4975124378109453,loss,0.0,-1.0,3.580952721262553,41.33841195023104,-3.5,40.5,0.4492753623188406,178,0.25,0.03,lambda_only,0.48731884057971014,-0.01019359723123514,False
2022_12_BAL_JAX,2022,12,202212,total,under,0.6644736842105263,-102.0,0.504950495049505,loss,0.0,-1.0,-1.4432555247883745,40.221455817434745,3.5,43.0,0.5507246376811594,178,0.25,0.03,lambda_only,0.5126811594202898,0.0077306643707848455,False
2022_12_BUF_DET,2022,12,202212,total,under,0.6447368421052632,-102.0,0.504950495049505,win,1.0,0.9803921568627451,-8.149897484443214,52.06068725473082,10.0,54.0,0.5507246376811594,178,0.25,0.03,lambda_only,0.5126811594202898,0.0077306643707848455,False
2022_12_CHI_NYJ,2022,12,202212,total,over,0.6907894736842105,-109.0,0.5215311004784688,win,1.0,0.9174311926605505,-0.365014042990993,45.33594159802086,-8.5,36.5,0.75,178,0.25,0.03,lambda_only,0.5625,0.040968899521531155,True
2022_12_CIN_TEN,2022,12,202212,total,over,0.5657894736842105,105.0,0.4878048780487805,loss,0.0,-1.0,-2.082055905666993,47.86176573566416,1.0,43.0,0.5507246376811594,178,0.25,0.03,lambda_only,0.5126811594202898,0.024876281371509323,False
2022_12_DEN_CAR,2022,12,202212,total,over,0.45394736842105265,-101.0,0.5024875621890548,loss,0.0,-1.0,-1.0918971965093125,38.95029824953309,1.0,36.5,0.5,178,0.25,0.03,lambda_only,0.5,-0.0024875621890547706,False
2022_12_GB_PHI,2022,12,202212,total,under,0.7236842105263157,-106.0,0.5145631067961165,loss,0.0,-1.0,5.353602862584789,40.537005555724136,-6.5,46.0,0.75,178,0.25,0.03,lambda_only,0.5625,0.0479368932038835,True
2022_12_HOU_MIA,2022,12,202212,total,under,0.5657894736842105,-103.0,0.5073891625615764,win,1.0,0.970873786407767,12.980004175253791,47.94118606643214,-14.0,47.0,0.5507246376811594,178,0.25,0.03,lambda_only,0.5126811594202898,0.005291996858713399,False
2022_12_LAC_ARI,2022,12,202212,total,under,0.5657894736842105,-100.0,0.5,loss,0.0,-1.0,-0.8341189047136467,49.77848751739966,2.5,48.5,0.5507246376811594,178,0.25,0.03,lambda_only,0.5126811594202898,0.0126811594202898,False
2022_12_LV_SEA,2022,12,202212,total,under,0.5657894736842105,-103.0,0.5073891625615764,loss,0.0,-1.0,8.500706532857823,48.263030673825554,-4.0,47.5,0.5507246376811594,178,0.25,0.03,lambda_only,0.5126811594202898,0.005291996858713399,False
2022_12_NE_MIN,2022,12,202212,total,over,0.4473684210526316,-106.0,0.5145631067961165,win,1.0,0.9433962264150944,-5.064245391441881,44.766004683869696,-2.5,42.5,0.5,178,0.25,0.03,lambda_only,0.5,-0.014563106796116498,False
2022_12_NO_SF,2022,12,202212,total,over,0.5263157894736842,103.0,0.49261083743842365,loss,0.0,-1.0,5.165073750167249,48.24138184910898,-9.5,44.0,0.5,178,0.25,0.03,lambda_only,0.5,0.007389162561576346,False
2022_12_NYG_DAL,2022,12,202212,total,over,0.6118421052631579,-106.0,0.5145631067961165,win,1.0,0.9433962264150944,9.4355932517647,51.86358340930991,-10.5,45.5,0.5507246376811594,178,0.25,0.03,lambda_only,0.5126811594202898,-0.001881947375826698,False
2022_12_PIT_IND,2022,12,202212,total,over,0.5394736842105263,101.0,0.4975124378109453,win,1.0,1.01,1.2459095665885755,44.51082037578492,-2.5,40.0,0.5,178,0.25,0.03,lambda_only,0.5,0.002487562189054715,False
2022_12_TB_CLE,2022,12,202212,total,under,0.5,-103.0,0.5073891625615764,win,1.0,0.970873786407767,-3.1011371393589218,45.56862676231325,3.0,42.0,0.5,178,0.25,0.03,lambda_only,0.5,-0.007389162561576401,False
2022_13_BUF_NE,2022,13,202213,spread,home,0.5988023952095808,-105.0,0.5121951219512195,loss,0.0,-1.0,-2.7603712782258305,43.9501593701893,3.5,43.5,0.6262626262626263,202,0.25,0.03,lambda_only,0.5315656565656566,0.01937053461443705,False
2022_13_CLE_HOU,2022,13,202213,spread,home,0.5449101796407185,-102.0,0.504950495049505,loss,0.0,-1.0,-7.904856843151157,49.07822150457553,7.5,47.0,0.6262626262626263,202,0.25,0.03,lambda_only,0.5315656565656566,0.02661516151615162,False
2022_13_DEN_BAL,2022,13,202213,spread,home,0.5508982035928144,112.0,0.4716981132075472,loss,0.0,-1.0,9.312859453401602,41.6427731397161,-9.5,40.5,0.6262626262626263,202,0.25,0.03,lambda_only,0.5315656565656566,0.0598675433581094,True
2022_13_GB_CHI,2022,13,202213,spread,home,0.5688622754491018,-116.0,0.5370370370370371,loss,0.0,-1.0,-3.623255365495264,45.51492991905136,4.0,45.0,0.6262626262626263,202,0.25,0.03,lambda_only,0.5315656565656566,-0.005471380471380516,False
2022_13_IND_DAL,2022,13,202213,spread,home,0.5089820359281437,-101.0,0.5024875621890548,win,1.0,0.9900990099009901,10.0139602635,47.89773644067886,-11.0,44.5,0.6262626262626263,202,0.25,0.03,lambda_only,0.5315656565656566,0.029078094376601804,False
2022_13_JAX_DET,2022,13,202213,spread,away,0.6047904191616766,-100.0,0.5,loss,0.0,-1.0,-2.1310054853120204,52.42093358310441,-1.0,51.5,0.6262626262626263,202,0.25,0.03,lambda_only,0.5315656565656566,0.031565656565656575,True
2022_13_KC_CIN,2022,13,202213,spread,home,0.5508982035928144,-102.0,0.504950495049505,win,1.0,0.9803921568627451,-2.516308347854595,55.28786090665354,2.5,53.0,0.6262626262626263,202,0.25,0.03,lambda_only,0.5315656565656566,0.02661516151615162,False
2022_13_LAC_LV,2022,13,202213,spread,away,0.6407185628742516,-102.0,0.504950495049505,loss,0.0,-1.0,-1.7846736626839483,52.16637501885009,-2.5,49.0,0.6262626262626263,202,0.25,0.03,lambda_only,0.5315656565656566,0.02661516151615162,False
2022_13_NO_TB,2022,13,202213,spread,home,0.5449101796407185,-105.0,0.5121951219512195,loss,0.0,-1.0,2.911096839605464,44.55984505669026,-3.5,41.0,0.6262626262626263,202,0.25,0.03,lambda_only,0.5315656565656566,0.01937053461443705,False
2022_13_NYJ_MIN,2022,13,202213,spread,away,0.5389221556886228,-117.0,0.5391705069124424,loss,0.0,-1.0,1.058710932001893,48.32895063290754,-3.0,44.0,0.6262626262626263,202,0.25,0.03,lambda_only,0.5315656565656566,-0.007604850346785819,False
2022_13_PIT_ATL,2022,13,202213,spread,home,0.5449101796407185,-105.0,0.5121951219512195,loss,0.0,-1.0,-1.500827883301056,48.71579004455191,1.0,43.0,0.6262626262626263,202,0.25,0.03,lambda_only,0.5315656565656566,0.01937053461443705,False
2022_13_SEA_LA,2022,13,202213,spread,home,0.5568862275449101,-118.0,0.5412844036697247,win,1.0,0.847457627118644,-6.900056397082914,48.57983954649946,7.0,41.0,0.6262626262626263,202,0.25,0.03,lambda_only,0.5315656565656566,-0.00971874710406817,False
2022_13_TEN_PHI,2022,13,202213,spread,away,0.5329341317365269,-109.0,0.5215311004784688,loss,0.0,-1.0,3.28472774468831,47.40202126036745,-5.0,44.5,0.6262626262626263,202,0.25,0.03,lambda_only,0.5315656565656566,0.01003455608718773,False
2022_13_WAS_NYG,2022,13,202213,spread,home,0.5688622754491018,-116.0,0.5370370370370371,win,1.0,0.8620689655172413,-2.1463166872411708,43.1124354445228,2.5,40.0,0.6262626262626263,202,0.25,0.03,lambda_only,0.5315656565656566,-0.005471380471380516,False
2022_13_BUF_NE,2022,13,202213,total,under,0.5808383233532934,-103.0,0.5073891625615764,win,1.0,0.970873786407767,-2.7603712782258305,43.9501593701893,3.5,43.5,0.5492957746478874,208,0.25,0.03,lambda_only,0.5123239436619719,0.004934781100395469,False
2022_13_CLE_HOU,2022,13,202213,total,over,0.437125748502994,106.0,0.4854368932038835,loss,0.0,-1.0,-7.904856843151157,49.07822150457553,7.5,47.0,0.5,208,0.25,0.03,lambda_only,0.5,0.014563106796116498,False
2022_13_DEN_BAL,2022,13,202213,total,under,0.5688622754491017,100.0,0.5,win,1.0,1.0,9.312859453401602,41.6427731397161,-9.5,40.5,0.5345365606814534,208,0.25,0.03,lambda_only,0.5086341401703633,0.008634140170363347,False
2022_13_GB_CHI,2022,13,202213,total,over,0.41916167664670656,101.0,0.4975124378109453,win,1.0,1.01,-3.623255365495264,45.51492991905136,4.0,45.0,0.4507042253521127,208,0.25,0.03,lambda_only,0.4876760563380282,-0.0098363814729171,False
2022_13_IND_DAL,2022,13,202213,total,under,0.5029940119760479,-104.0,0.5098039215686274,loss,0.0,-1.0,10.0139602635,47.89773644067886,-11.0,44.5,0.5,208,0.25,0.03,lambda_only,0.5,-0.009803921568627416,False
2022_13_JAX_DET,2022,13,202213,total,over,0.4311377245508982,101.0,0.4975124378109453,win,1.0,1.01,-2.1310054853120204,52.42093358310441,-1.0,51.5,0.46546343931854606,208,0.25,0.03,lambda_only,0.49136585982963654,-0.006146577981308743,False
2022_13_KC_CIN,2022,13,202213,total,over,0.4431137724550898,-105.0,0.5121951219512195,loss,0.0,-1.0,-2.516308347854595,55.28786090665354,2.5,53.0,0.5,208,0.25,0.03,lambda_only,0.5,-0.012195121951219523,False
2022_13_LAC_LV,2022,13,202213,total,under,0.5029940119760479,102.0,0.49504950495049505,win,1.0,1.02,-1.7846736626839483,52.16637501885009,-2.5,49.0,0.5,208,0.25,0.03,lambda_only,0.5,0.004950495049504955,False
2022_13_NO_TB,2022,13,202213,total,over,0.5029940119760479,-105.0,0.5121951219512195,loss,0.0,-1.0,2.911096839605464,44.55984505669026,-3.5,41.0,0.5,208,0.25,0.03,lambda_only,0.5,-0.012195121951219523,False
2022_13_NYJ_MIN,2022,13,202213,total,over,0.5329341317365269,-104.0,0.5098039215686274,win,1.0,0.9615384615384616,1.058710932001893,48.32895063290754,-3.0,44.0,0.5,208,0.25,0.03,lambda_only,0.5,-0.009803921568627416,False
2022_13_PIT_ATL,2022,13,202213,total,over,0.6047904191616766,-104.0,0.5098039215686274,loss,0.0,-1.0,-1.500827883301056,48.71579004455191,1.0,43.0,0.5492957746478874,208,0.25,0.03,lambda_only,0.5123239436619719,0.002520022093344454,False
2022_13_SEA_LA,2022,13,202213,total,over,0.6766467065868264,-114.0,0.5327102803738317,win,1.0,0.8771929824561403,-6.900056397082914,48.57983954649946,7.0,41.0,0.6666666666666666,208,0.25,0.03,lambda_only,0.5416666666666666,0.008956386292834906,False
2022_13_TEN_PHI,2022,13,202213,total,under,0.5329341317365269,101.0,0.4975124378109453,loss,0.0,-1.0,3.28472774468831,47.40202126036745,-5.0,44.5,0.5,208,0.25,0.03,lambda_only,0.5,0.002487562189054715,False
2022_13_WAS_NYG,2022,13,202213,total,under,0.5089820359281437,-104.0,0.5098039215686274,push,,0.0,-2.1463166872411708,43.1124354445228,2.5,40.0,0.5,208,0.25,0.03,lambda_only,0.5,-0.009803921568627416,False
2022_14_BAL_PIT,2022,14,202214,spread,away,0.6408839779005524,-101.0,0.5024875621890548,win,1.0,0.9900990099009901,-2.8656673750080057,39.358121328581376,-1.5,37.0,0.584070796460177,230,0.25,0.0,tuned,0.5210176991150443,0.018530136925989482,True
2022_14_CAR_SEA,2022,14,202214,spread,away,0.24309392265193375,106.0,0.4854368932038835,win,1.0,1.06,10.300888903946026,43.09608537784965,-3.5,44.5,0.415929203539823,230,0.25,0.0,tuned,0.47898230088495575,-0.006454592318927754,False
2022_14_CLE_CIN,2022,14,202214,spread,home,0.6132596685082873,-102.0,0.504950495049505,win,1.0,0.9803921568627451,5.733293267348782,50.7014437482227,-4.5,47.0,0.584070796460177,230,0.25,0.0,tuned,0.5210176991150443,0.016067204065539298,True
2022_14_HOU_DAL,2022,14,202214,spread,away,0.3646408839779005,104.0,0.49019607843137253,win,1.0,1.04,18.576114045097547,47.21076729364631,-17.0,44.5,0.415929203539823,230,0.25,0.0,tuned,0.47898230088495575,-0.011213777546416781,False
2022_14_JAX_TEN,2022,14,202214,spread,away,0.580110497237569,106.0,0.4854368932038835,win,1.0,1.06,0.3722247113638626,47.99457048781758,-3.0,42.0,0.584070796460177,230,0.25,0.0,tuned,0.5210176991150443,0.03558080591116075,True
2022_14_KC_DEN,2022,14,202214,spread,away,0.6298342541436464,-108.0,0.5192307692307693,loss,0.0,-1.0,-12.220412706136514,48.085347964917126,8.5,44.5,0.584070796460177,230,0.25,0.0,tuned,0.5210176991150443,0.0017869298842749792,True
2022_14_LV_LA,2022,14,202214,spread,home,0.6961325966850829,101.0,0.4975124378109453,win,1.0,1.01,-2.3931044827935275,49.05126000493267,6.5,42.5,0.584070796460177,230,0.25,0.0,tuned,0.5210176991150443,0.023505261304098968,True
2022_14_MIA_LAC,2022,14,202214,spread,home,0.5911602209944752,102.0,0.49504950495049505,win,1.0,1.02,-2.39361079003858,51.87529878020875,3.0,54.5,0.584070796460177,230,0.25,0.0,tuned,0.5210176991150443,0.025968194164549208,True
2022_14_MIN_DET,2022,14,202214,spread,home,0.5524861878453039,-102.0,0.504950495049505,win,1.0,0.9803921568627451,2.421523067977758,52.44674599248171,-2.5,51.5,0.584070796460177,230,0.25,0.0,tuned,0.5210176991150443,0.016067204065539298,True
2022_14_NE_ARI,2022,14,202214,spread,away,0.5193370165745856,-104.0,0.5098039215686274,win,1.0,0.9615384615384616,-3.60877826189325,45.94034184501306,2.0,44.0,0.584070796460177,230,0.25,0.0,tuned,0.5210176991150443,0.011213777546416837,True
2022_14_NYJ_BUF,2022,14,202214,spread,home,0.5469613259668509,-102.0,0.504950495049505,loss,0.0,-1.0,9.669779232629478,45.25938097796815,-10.0,43.5,0.584070796460177,230,0.25,0.0,tuned,0.5210176991150443,0.016067204065539298,True
2022_14_PHI_NYG,2022,14,202214,spread,away,0.4033149171270718,104.0,0.49019607843137253,win,1.0,1.04,-6.663393395226376,44.97562998559957,7.5,44.5,0.415929203539823,230,0.25,0.0,tuned,0.47898230088495575,-0.011213777546416781,False
2022_14_BAL_PIT,2022,14,202214,total,over,0.4419889502762431,101.0,0.4975124378109453,loss,0.0,-1.0,-2.8656673750080057,39.358121328581376,-1.5,37.0,0.4574468085106383,234,0.25,0.0,tuned,0.48936170212765956,-0.008150735683285726,False
2022_14_CAR_SEA,2022,14,202214,total,under,0.6408839779005524,-109.0,0.5215311004784688,loss,0.0,-1.0,10.300888903946026,43.09608537784965,-3.5,44.5,0.5425531914893617,234,0.25,0.0,tuned,0.5106382978723404,-0.01089280260612846,False
2022_14_CLE_CIN,2022,14,202214,total,over,0.5082872928176796,-105.0,0.5121951219512195,loss,0.0,-1.0,5.733293267348782,50.7014437482227,-4.5,47.0,0.5,234,0.25,0.0,tuned,0.5,-0.012195121951219523,False
2022_14_HOU_DAL,2022,14,202214,total,under,0.5469613259668509,-108.0,0.5192307692307693,loss,0.0,-1.0,18.576114045097547,47.21076729364631,-17.0,44.5,0.5425531914893617,234,0.25,0.0,tuned,0.5106382978723404,-0.008592471358428888,False
2022_14_JAX_TEN,2022,14,202214,total,over,0.6243093922651933,-101.0,0.5024875621890548,win,1.0,0.9900990099009901,0.3722247113638626,47.99457048781758,-3.0,42.0,0.5425531914893617,234,0.25,0.0,tuned,0.5106382978723404,0.008150735683285615,True
2022_14_KC_DEN,2022,14,202214,total,over,0.5082872928176796,-100.0,0.5,win,1.0,1.0,-12.220412706136514,48.085347964917126,8.5,44.5,0.5,234,0.25,0.0,tuned,0.5,0.0,True
2022_14_LV_LA,2022,14,202214,total,over,0.6353591160220995,102.0,0.49504950495049505,loss,0.0,-1.0,-2.3931044827935275,49.05126000493267,6.5,42.5,0.5425531914893617,234,0.25,0.0,tuned,0.5106382978723404,0.01558879292184534,True
2022_14_MIA_LAC,2022,14,202214,total,under,0.6906077348066298,-102.0,0.504950495049505,win,1.0,0.9803921568627451,-2.39361079003858,51.87529878020875,3.0,54.5,0.7142857142857143,234,0.25,0.0,tuned,0.5535714285714286,0.04862093352192365,True
2022_14_MIN_DET,2022,14,202214,total,under,0.574585635359116,-110.0,0.5238095238095238,loss,0.0,-1.0,2.421523067977758,52.44674599248171,-2.5,51.5,0.5425531914893617,234,0.25,0.0,tuned,0.5106382978723404,-0.01317122593718345,False
2022_14_NE_ARI,2022,14,202214,total,under,0.574585635359116,-103.0,0.5073891625615764,win,1.0,0.970873786407767,-3.60877826189325,45.94034184501306,2.0,44.0,0.5425531914893617,234,0.25,0.0,tuned,0.5106382978723404,0.003249135310763984,True
2022_14_NYJ_BUF,2022,14,202214,total,under,0.574585635359116,-104.0,0.5098039215686274,win,1.0,0.9615384615384616,9.669779232629478,45.25938097796815,-10.0,43.5,0.5425531914893617,234,0.25,0.0,tuned,0.5106382978723404,0.0008343763037129692,True
2022_14_PHI_NYG,2022,14,202214,total,under,0.5856353591160222,-109.0,0.5215311004784688,loss,0.0,-1.0,-6.663393395226376,44.97562998559957,7.5,44.5,0.5425531914893617,234,0.25,0.0,tuned,0.5106382978723404,-0.01089280260612846,False
2022_15_ARI_DEN,2022,15,202215,spread,away,0.5284974093264249,-104.0,0.5098039215686274,loss,0.0,-1.0,-0.390997609858977,40.08711371452221,-1.5,37.5,0.584,254,0.25,0.0,tuned,0.521,0.011196078431372603,True
2022_15_BAL_CLE,2022,15,202215,spread,away,0.6321243523316062,113.0,0.4694835680751174,loss,0.0,-1.0,-0.9092583935092104,41.78213506151457,-2.5,39.5,0.584,254,0.25,0.0,tuned,0.521,0.051516431924882644,True
2022_15_CIN_TB,2022,15,202215,spread,away,0.3471502590673575,108.0,0.4807692307692308,win,1.0,1.08,-1.3492506895008578,47.770727205459146,3.5,47.0,0.416,254,0.25,0.0,tuned,0.479,-0.0017692307692308007,False
2022_15_DAL_JAX,2022,15,202215,spread,away,0.5284974093264249,100.0,0.5,loss,0.0,-1.0,-5.804422386319116,49.225191220476574,4.0,48.5,0.584,254,0.25,0.0,tuned,0.521,0.02100000000000002,True
2022_15_DET_NYJ,2022,15,202215,spread,away,0.7046632124352332,-100.0,0.5,win,1.0,1.0,-3.977677415176304,46.37291666597301,-2.0,44.0,0.584,254,0.25,0.0,tuned,0.521,0.02100000000000002,True
2022_15_IND_MIN,2022,15,202215,spread,home,0.5440414507772021,-107.0,0.5169082125603864,loss,0.0,-1.0,2.966542091983024,46.305202722327216,-3.5,46.5,0.584,254,0.25,0.0,tuned,0.521,0.004091787439613581,True
2022_15_KC_HOU,2022,15,202215,spread,away,0.538860103626943,109.0,0.4784688995215311,loss,0.0,-1.0,-16.487484454514565,50.10556044380211,14.5,48.5,0.584,254,0.25,0.0,tuned,0.521,0.04253110047846892,True
2022_15_LA_GB,2022,15,202215,spread,home,0.5440414507772021,101.0,0.4975124378109453,win,1.0,1.01,7.611276969628606,39.27237284603407,-8.0,39.5,0.584,254,0.25,0.0,tuned,0.521,0.023487562189054734,True
2022_15_MIA_BUF,2022,15,202215,spread,away,0.5803108808290156,-104.0,0.5098039215686274,win,1.0,0.9615384615384616,4.492717235761225,46.85753225354628,-7.0,44.0,0.584,254,0.25,0.0,tuned,0.521,0.011196078431372603,True
2022_15_NE_LV,2022,15,202215,spread,away,0.6528497409326425,111.0,0.47393364928909953,loss,0.0,-1.0,-3.65042514782382,46.029330764965934,-1.0,45.0,0.584,254,0.25,0.0,tuned,0.521,0.047066350710900484,True
2022_15_NYG_WAS,2022,15,202215,spread,home,0.5233160621761658,103.0,0.49261083743842365,loss,0.0,-1.0,3.686239517093572,40.23508517993507,-4.5,40.5,0.584,254,0.25,0.0,tuned,0.521,0.028389162561576364,True
2022_15_PHI_CHI,2022,15,202215,spread,away,0.5284974093264249,-104.0,0.5098039215686274,loss,0.0,-1.0,-10.279803272507088,40.90165416369017,8.5,48.0,0.584,254,0.25,0.0,tuned,0.521,0.011196078431372603,True
2022_15_PIT_CAR,2022,15,202215,spread,away,0.6424870466321244,-100.0,0.5,win,1.0,1.0,-1.911779818319676,40.73186749104814,-2.5,36.5,0.584,254,0.25,0.0,tuned,0.521,0.02100000000000002,True
2022_15_SF_SEA,2022,15,202215,spread,home,0.47150259067357514,104.0,0.49019607843137253,loss,0.0,-1.0,-4.805315007368708,47.33815303220053,3.0,43.0,0.416,254,0.25,0.0,tuned,0.479,-0.011196078431372547,False
2022_15_TEN_LAC,2022,15,202215,spread,home,0.5440414507772021,-102.0,0.504950495049505,push,,0.0,2.6953715369196622,49.30437759694487,-3.0,46.5,0.584,254,0.25,0.0,tuned,0.521,0.016049504950495064,True
2022_15_ARI_DEN,2022,15,202215,total,over,0.45077720207253885,-103.0,0.5073891625615764,win,1.0,0.970873786407767,-0.390997609858977,40.08711371452221,-1.5,37.5,0.5,258,0.25,0.0,tuned,0.5,-0.007389162561576401,False
2022_15_BAL_CLE,2022,15,202215,total,under,0.5595854922279793,-107.0,0.5169082125603864,win,1.0,0.9345794392523364,-0.9092583935092104,41.78213506151457,-2.5,39.5,0.5368421052631579,258,0.25,0.0,tuned,0.5092105263157894,-0.007697686244596991,False
2022_15_CIN_TB,2022,15,202215,total,under,0.5751295336787565,101.0,0.4975124378109453,loss,0.0,-1.0,-1.3492506895008578,47.770727205459146,3.5,47.0,0.5368421052631579,258,0.25,0.0,tuned,0.5092105263157894,0.011698088504844162,True
2022_15_DAL_JAX,2022,15,202215,total,under,0.5751295336787565,-103.0,0.5073891625615764,loss,0.0,-1.0,-5.804422386319116,49.225191220476574,4.0,48.5,0.5368421052631579,258,0.25,0.0,tuned,0.5092105263157894,0.0018213637542130456,True
2022_15_DET_NYJ,2022,15,202215,total,over,0.44559585492227977,-103.0,0.5073891625615764,loss,0.0,-1.0,-3.977677415176304,46.37291666597301,-2.0,44.0,0.4846508903231017,258,0.25,0.0,tuned,0.49616272258077543,-0.011226439980800973,False
2022_15_IND_MIN,2022,15,202215,total,under,0.5906735751295337,-107.0,0.5169082125603864,loss,0.0,-1.0,2.966542091983024,46.305202722327216,-3.5,46.5,0.5368421052631579,258,0.25,0.0,tuned,0.5092105263157894,-0.007697686244596991,False
2022_15_KC_HOU,2022,15,202215,total,under,0.5699481865284974,-109.0,0.5215311004784688,loss,0.0,-1.0,-16.487484454514565,50.10556044380211,14.5,48.5,0.5368421052631579,258,0.25,0.0,tuned,0.5092105263157894,-0.012320574162679399,False
2022_15_LA_GB,2022,15,202215,total,under,0.5906735751295337,-101.0,0.5024875621890548,win,1.0,0.9900990099009901,7.611276969628606,39.27237284603407,-8.0,39.5,0.5368421052631579,258,0.25,0.0,tuned,0.5092105263157894,0.006722964126734676,True
2022_15_MIA_BUF,2022,15,202215,total,under,0.538860103626943,106.0,0.4854368932038835,loss,0.0,-1.0,4.492717235761225,46.85753225354628,-7.0,44.0,0.5,258,0.25,0.0,tuned,0.5,0.014563106796116498,True
2022_15_NE_LV,2022,15,202215,total,under,0.5699481865284974,-105.0,0.5121951219512195,loss,0.0,-1.0,-3.65042514782382,46.029330764965934,-1.0,45.0,0.5368421052631579,258,0.25,0.0,tuned,0.5092105263157894,-0.0029845956354300762,False
2022_15_NYG_WAS,2022,15,202215,total,under,0.5906735751295337,-104.0,0.5098039215686274,win,1.0,0.9615384615384616,3.686239517093572,40.23508517993507,-4.5,40.5,0.5368421052631579,258,0.25,0.0,tuned,0.5092105263157894,-0.0005933952528379693,False
2022_15_PHI_CHI,2022,15,202215,total,under,0.7564766839378239,-110.0,0.5238095238095238,win,1.0,0.9090909090909091,-10.279803272507088,40.90165416369017,8.5,48.0,0.75,258,0.25,0.0,tuned,0.5625,0.038690476190476164,True
2022_15_PIT_CAR,2022,15,202215,total,under,0.47150259067357514,101.0,0.4975124378109453,loss,0.0,-1.0,-1.911779818319676,40.73186749104814,-2.5,36.5,0.5,258,0.25,0.0,tuned,0.5,0.002487562189054715,True
2022_15_SF_SEA,2022,15,202215,total,over,0.538860103626943,-103.0,0.5073891625615764,loss,0.0,-1.0,-4.805315007368708,47.33815303220053,3.0,43.0,0.5,258,0.25,0.0,tuned,0.5,-0.007389162561576401,False
2022_15_TEN_LAC,2022,15,202215,total,under,0.538860103626943,-101.0,0.5024875621890548,win,1.0,0.9900990099009901,2.6953715369196622,49.30437759694487,-3.0,46.5,0.5,258,0.25,0.0,tuned,0.5,-0.0024875621890547706,False
2022_16_BUF_CHI,2022,16,202216,spread,away,0.5240384615384616,-110.0,0.5238095238095238,win,1.0,0.9090909090909091,-9.60787059273498,39.9827831888198,8.0,40.0,0.5611510791366906,282,0.25,0.0,tuned,0.5152877697841727,-0.008521754025351158,False
2022_16_CIN_NE,2022,16,202216,spread,away,0.5,100.0,0.5,win,1.0,1.0,-4.063800030659022,44.006242119712525,3.0,42.0,0.5,282,0.25,0.0,tuned,0.5,0.0,True
2022_16_DEN_LA,2022,16,202216,spread,home,0.6490384615384616,105.0,0.4878048780487805,win,1.0,1.05,-1.1279384184289103,44.30255240245583,3.0,36.5,0.5611510791366906,282,0.25,0.0,tuned,0.5152877697841727,0.0274828917353922,True
2022_16_DET_CAR,2022,16,202216,spread,away,0.5432692307692308,101.0,0.4975124378109453,loss,0.0,-1.0,-4.636049350786524,43.34769374564715,2.5,43.5,0.5611510791366906,282,0.25,0.0,tuned,0.5152877697841727,0.017775331973227393,True
2022_16_GB_MIA,2022,16,202216,spread,away,0.625,-107.0,0.5169082125603864,win,1.0,0.9345794392523364,-0.171985454207128,45.42174035438104,-3.5,49.0,0.5611510791366906,282,0.25,0.0,tuned,0.5152877697841727,-0.0016204427762137597,False
2022_16_HOU_TEN,2022,16,202216,spread,away,0.2451923076923077,103.0,0.49261083743842365,win,1.0,1.03,10.207393002043856,35.46460143747086,-3.0,34.0,0.43884892086330934,282,0.25,0.0,tuned,0.4847122302158273,-0.007898607222596332,False
2022_16_JAX_NYJ,2022,16,202216,spread,away,0.7259615384615384,-104.0,0.5098039215686274,win,1.0,0.9615384615384616,-4.620732865760494,44.71413192889256,-2.5,36.5,0.5611510791366906,282,0.25,0.0,tuned,0.5152877697841727,0.005483848215545262,True
2022_16_LAC_IND,2022,16,202216,spread,away,0.4951923076923077,-102.0,0.504950495049505,win,1.0,0.9803921568627451,-4.497095004036422,45.3248651004529,3.5,44.5,0.5,282,0.25,0.0,tuned,0.5,-0.004950495049504955,False
2022_16_LV_PIT,2022,16,202216,spread,home,0.6826923076923077,-102.0,0.504950495049505,win,1.0,0.9803921568627451,5.470954763905857,35.9627895258935,-2.5,38.5,0.5611510791366906,282,0.25,0.0,tuned,0.5152877697841727,0.010337274734667723,True
2022_16_NO_CLE,2022,16,202216,spread,away,0.5576923076923077,111.0,0.47393364928909953,win,1.0,1.11,0.7177854004608525,31.663880133623277,-3.0,32.0,0.5611510791366906,282,0.25,0.0,tuned,0.5152877697841727,0.04135412049507314,True
2022_16_NYG_MIN,2022,16,202216,spread,away,0.6394230769230769,-102.0,0.504950495049505,win,1.0,0.9803921568627451,0.0550964428192719,50.60109615226624,-4.5,48.0,0.5611510791366906,282,0.25,0.0,tuned,0.5152877697841727,0.010337274734667723,True
2022_16_PHI_DAL,2022,16,202216,spread,away,0.5817307692307692,-104.0,0.5098039215686274,loss,0.0,-1.0,1.100464621131144,52.4223907743364,-4.0,48.0,0.5611510791366906,282,0.25,0.0,tuned,0.5152877697841727,0.005483848215545262,True
2022_16_SEA_KC,2022,16,202216,spread,home,0.4951923076923077,-103.0,0.5073891625615764,win,1.0,0.970873786407767,9.26368123739521,46.01713239350104,-10.5,50.5,0.5,282,0.25,0.0,tuned,0.5,-0.007389162561576401,False
2022_16_WAS_SF,2022,16,202216,spread,home,0.6634615384615384,-103.0,0.5073891625615764,win,1.0,0.970873786407767,8.907278072608317,40.77377334914226,-6.5,37.5,0.5611510791366906,282,0.25,0.0,tuned,0.5152877697841727,0.007898607222596277,True
2022_16_BUF_CHI,2022,16,202216,total,under,0.5817307692307692,102.0,0.49504950495049505,loss,0.0,-1.0,-9.60787059273498,39.9827831888198,8.0,40.0,0.5288461538461539,288,0.25,0.0,tuned,0.5072115384615384,0.01216203351104339,True
2022_16_CIN_NE,2022,16,202216,total,over,0.44711538461538464,-103.0,0.5073891625615764,loss,0.0,-1.0,-4.063800030659022,44.006242119712525,3.0,42.0,0.49588216886663666,288,0.25,0.0,tuned,0.49897054221665915,-0.00841862034491725,False
2022_16_DEN_LA,2022,16,202216,total,over,0.6730769230769231,-103.0,0.5073891625615764,win,1.0,0.970873786407767,-1.1279384184289103,44.30255240245583,3.0,36.5,0.7436205621301778,288,0.25,0.0,tuned,0.5609051405325445,0.053515977970968076,True
2022_16_DET_CAR,2022,16,202216,total,over,0.4182692307692308,-100.0,0.5,win,1.0,1.0,-4.636049350786524,43.34769374564715,2.5,43.5,0.47115384615384615,288,0.25,0.0,tuned,0.49278846153846156,-0.007211538461538436,False
2022_16_GB_MIA,2022,16,202216,total,under,0.6778846153846154,-103.0,0.5073891625615764,win,1.0,0.970873786407767,-0.171985454207128,45.42174035438104,-3.5,49.0,0.75,288,0.25,0.0,tuned,0.5625,0.0551108374384236,True
2022_16_HOU_TEN,2022,16,202216,total,over,0.4423076923076923,-101.0,0.5024875621890548,loss,0.0,-1.0,10.207393002043856,35.46460143747086,-3.0,34.0,0.47115384615384615,288,0.25,0.0,tuned,0.49278846153846156,-0.009699100650593206,False
2022_16_JAX_NYJ,2022,16,202216,total,over,0.6778846153846154,-106.0,0.5145631067961165,loss,0.0,-1.0,-4.620732865760494,44.71413192889256,-2.5,36.5,0.75,288,0.25,0.0,tuned,0.5625,0.0479368932038835,True
2022_16_LAC_IND,2022,16,202216,total,under,0.5625,-103.0,0.5073891625615764,win,1.0,0.970873786407767,-4.497095004036422,45.3248651004529,3.5,44.5,0.5288461538461539,288,0.25,0.0,tuned,0.5072115384615384,-0.00017762410003796525,False
2022_16_LV_PIT,2022,16,202216,total,under,0.6682692307692308,-110.0,0.5238095238095238,win,1.0,0.9090909090909091,5.470954763905857,35.9627895258935,-2.5,38.5,0.5825397559171598,288,0.25,0.0,tuned,0.5206349389792899,-0.0031745848302339175,False
2022_16_NO_CLE,2022,16,202216,total,under,0.5913461538461539,-108.0,0.5192307692307693,win,1.0,0.9259259259259259,0.7177854004608525,31.663880133623277,-3.0,32.0,0.5288461538461539,288,0.25,0.0,tuned,0.5072115384615384,-0.012019230769230838,False
2022_16_NYG_MIN,2022,16,202216,total,over,0.46634615384615385,-104.0,0.5098039215686274,win,1.0,0.9615384615384616,0.0550964428192719,50.60109615226624,-4.5,48.0,0.5,288,0.25,0.0,tuned,0.5,-0.009803921568627416,False
2022_16_PHI_DAL,2022,16,202216,total,over,0.5528846153846154,-101.0,0.5024875621890548,win,1.0,0.9900990099009901,1.100464621131144,52.4223907743364,-4.0,48.0,0.5041178311333652,288,0.25,0.0,tuned,0.5010294577833413,-0.0014581044057134784,False
2022_16_SEA_KC,2022,16,202216,total,under,0.6971153846153846,-105.0,0.5121951219512195,win,1.0,0.9523809523809523,9.26368123739521,46.01713239350104,-10.5,50.5,0.75,288,0.25,0.0,tuned,0.5625,0.05030487804878048,True
2022_16_WAS_SF,2022,16,202216,total,over,0.5096153846153846,102.0,0.49504950495049505,win,1.0,1.02,8.907278072608317,40.77377334914226,-6.5,37.5,0.5,288,0.25,0.0,tuned,0.5,0.004950495049504955,True
2022_17_ARI_ATL,2022,17,202217,spread,home,0.4189189189189189,108.0,0.4807692307692308,loss,0.0,-1.0,4.196860734759873,45.47619184164554,-7.0,41.0,0.4247787610619469,310,0.25,0.0,tuned,0.4811946902654867,0.00042545949625594215,True
2022_17_CAR_TB,2022,17,202217,spread,home,0.6306306306306306,-100.0,0.5,win,1.0,1.0,5.173454337544492,43.44294456580602,-3.5,40.5,0.5752212389380531,310,0.25,0.0,tuned,0.5188053097345133,0.01880530973451333,True
2022_17_CHI_DET,2022,17,202217,spread,home,0.6531531531531531,-105.0,0.5121951219512195,win,1.0,0.9523809523809523,6.917911616882361,51.03084162963978,-4.5,52.5,0.5752212389380531,310,0.25,0.0,tuned,0.5188053097345133,0.006610187783293808,True
2022_17_CLE_WAS,2022,17,202217,spread,away,0.5315315315315315,-101.0,0.5024875621890548,win,1.0,0.9900990099009901,-0.7643126738038094,41.07146589809503,-1.0,41.5,0.5675675675675675,310,0.25,0.0,tuned,0.5168918918918919,0.014404329702837115,True
2022_17_DEN_KC,2022,17,202217,spread,home,0.6666666666666666,104.0,0.49019607843137253,loss,0.0,-1.0,16.265416700723062,45.85775447972159,-13.5,46.0,0.5752212389380531,310,0.25,0.0,tuned,0.5188053097345133,0.028609231303140803,True
2022_17_IND_NYG,2022,17,202217,spread,home,0.6396396396396397,-105.0,0.5121951219512195,win,1.0,0.9523809523809523,7.322844269150694,40.39257966827642,-5.5,38.5,0.5752212389380531,310,0.25,0.0,tuned,0.5188053097345133,0.006610187783293808,True
2022_17_JAX_HOU,2022,17,202217,spread,away,0.7297297297297297,-104.0,0.5098039215686274,win,1.0,0.9615384615384616,-10.640596096623156,46.352800985038826,3.5,43.0,0.5752212389380531,310,0.25,0.0,tuned,0.5188053097345133,0.009001388165885915,True
2022_17_LA_LAC,2022,17,202217,spread,home,0.5630630630630631,-108.0,0.5192307692307693,win,1.0,0.9259259259259259,6.774330309870785,44.83093885453293,-6.5,41.5,0.5752212389380531,310,0.25,0.0,tuned,0.5188053097345133,-0.00042545949625594215,False
2022_17_MIN_GB,2022,17,202217,spread,away,0.44594594594594594,106.0,0.4854368932038835,loss,0.0,-1.0,2.987167577127751,47.9864686745337,-3.0,47.5,0.4247787610619469,310,0.25,0.0,tuned,0.4811946902654867,-0.004242202938396777,False
2022_17_NO_PHI,2022,17,202217,spread,home,0.4954954954954955,-100.0,0.5,loss,0.0,-1.0,4.397055315765591,44.51489518864075,-5.5,41.5,0.5,310,0.25,0.0,tuned,0.5,0.0,True
2022_17_NYJ_SEA,2022,17,202217,spread,home,0.7027027027027027,-105.0,0.5121951219512195,win,1.0,0.9523809523809523,3.632913732866402,43.53834649112671,1.0,43.0,0.5752212389380531,310,0.25,0.0,tuned,0.5188053097345133,0.006610187783293808,True
2022_17_PIT_BAL,2022,17,202217,spread,away,0.5180180180180181,102.0,0.49504950495049505,win,1.0,1.02,-0.5174820687373501,40.74881652224277,-1.0,35.5,0.5675675675675675,310,0.25,0.0,tuned,0.5168918918918919,0.02184238694139684,True
2022_17_ARI_ATL,2022,17,202217,total,over,0.5630630630630631,100.0,0.5,loss,0.0,-1.0,4.196860734759873,45.47619184164554,-7.0,41.0,0.5405405405405406,316,0.25,0.0,tuned,0.5101351351351351,0.010135135135135087,True
2022_17_CAR_TB,2022,17,202217,total,under,0.509009009009009,-103.0,0.5073891625615764,loss,0.0,-1.0,5.173454337544492,43.44294456580602,-3.5,40.5,0.5,316,0.25,0.0,tuned,0.5,-0.007389162561576401,False
2022_17_CHI_DET,2022,17,202217,total,over,0.36936936936936937,-101.0,0.5024875621890548,loss,0.0,-1.0,6.917911616882361,51.03084162963978,-4.5,52.5,0.4594594594594595,316,0.25,0.0,tuned,0.48986486486486486,-0.012622697324189913,False
2022_17_CLE_WAS,2022,17,202217,total,under,0.5900900900900901,-109.0,0.5215311004784688,win,1.0,0.9174311926605505,-0.7643126738038094,41.07146589809503,-1.0,41.5,0.5405405405405406,316,0.25,0.0,tuned,0.5101351351351351,-0.011395965343333758,False
2022_17_DEN_KC,2022,17,202217,total,under,0.5765765765765766,-104.0,0.5098039215686274,loss,0.0,-1.0,16.265416700723062,45.85775447972159,-13.5,46.0,0.5405405405405406,316,0.25,0.0,tuned,0.5101351351351351,0.000331213566507671,True
2022_17_IND_NYG,2022,17,202217,total,under,0.5540540540540541,-103.0,0.5073891625615764,loss,0.0,-1.0,7.322844269150694,40.39257966827642,-5.5,38.5,0.5405405405405406,316,0.25,0.0,tuned,0.5101351351351351,0.002745972573558686,True
2022_17_JAX_HOU,2022,17,202217,total,under,0.4864864864864865,102.0,0.49504950495049505,win,1.0,1.02,-10.640596096623156,46.352800985038826,3.5,43.0,0.5,316,0.25,0.0,tuned,0.5,0.004950495049504955,True
2022_17_LA_LAC,2022,17,202217,total,over,0.5135135135135135,-100.0,0.5,loss,0.0,-1.0,6.774330309870785,44.83093885453293,-6.5,41.5,0.5,316,0.25,0.0,tuned,0.5,0.0,True
2022_17_MIN_GB,2022,17,202217,total,under,0.572072072072072,-103.0,0.5073891625615764,loss,0.0,-1.0,2.987167577127751,47.9864686745337,-3.0,47.5,0.5405405405405406,316,0.25,0.0,tuned,0.5101351351351351,0.002745972573558686,True
2022_17_NO_PHI,2022,17,202217,total,under,0.5045045045045045,101.0,0.4975124378109453,win,1.0,1.01,4.397055315765591,44.51489518864075,-5.5,41.5,0.5,316,0.25,0.0,tuned,0.5,0.002487562189054715,True
2022_17_NYJ_SEA,2022,17,202217,total,under,0.572072072072072,-103.0,0.5073891625615764,win,1.0,0.970873786407767,3.632913732866402,43.53834649112671,1.0,43.0,0.5405405405405406,316,0.25,0.0,tuned,0.5101351351351351,0.002745972573558686,True
2022_17_PIT_BAL,2022,17,202217,total,over,0.5900900900900901,-107.0,0.5169082125603864,loss,0.0,-1.0,-0.5174820687373501,40.74881652224277,-1.0,35.5,0.5405405405405406,316,0.25,0.0,tuned,0.5101351351351351,-0.00677307742525135,False
2022_18_ARI_SF,2022,18,202218,spread,home,0.5811965811965812,-111.0,0.5260663507109005,win,1.0,0.9009009009009009,14.46960366595946,43.45725202727897,-14.0,40.0,0.5983606557377049,334,0.25,0.0,tuned,0.5245901639344263,-0.0014761867764742087,False
2022_18_CAR_NO,2022,18,202218,spread,home,0.6324786324786325,103.0,0.49261083743842365,loss,0.0,-1.0,5.305880483938495,46.87981042978596,-3.5,41.5,0.5983606557377049,334,0.25,0.0,tuned,0.5245901639344263,0.0319793264960026,True
2022_18_CLE_PIT,2022,18,202218,spread,home,0.6111111111111112,-109.0,0.5215311004784688,win,1.0,0.9174311926605505,3.989786530058464,41.81664672090421,-2.5,40.0,0.5983606557377049,334,0.25,0.0,tuned,0.5245901639344263,0.0030590634559574115,True
2022_18_DET_GB,2022,18,202218,spread,away,0.6239316239316239,-110.0,0.5238095238095238,win,1.0,0.9090909090909091,1.918847425966275,48.17635284707183,-5.5,49.0,0.5983606557377049,334,0.25,0.0,tuned,0.5245901639344263,0.0007806401249024209,True
2022_18_HOU_IND,2022,18,202218,spread,home,0.6196581196581197,108.0,0.4807692307692308,loss,0.0,-1.0,4.571815294192263,43.78411463961733,-3.0,38.0,0.5983606557377049,334,0.25,0.0,tuned,0.5245901639344263,0.043820933165195475,True
2022_18_LAC_DEN,2022,18,202218,spread,away,0.9188034188034188,-104.0,0.5098039215686274,win,1.0,0.9615384615384616,-10.765050246912638,42.03887126694689,-6.0,38.5,0.5983606557377049,334,0.25,0.0,tuned,0.5245901639344263,0.01478624236579884,True
2022_18_LA_SEA,2022,18,202218,spread,home,0.5811965811965812,102.0,0.49504950495049505,loss,0.0,-1.0,5.999605936330233,41.50582085155808,-5.5,41.5,0.5983606557377049,334,0.25,0.0,tuned,0.5245901639344263,0.02954065898393121,True
2022_18_MIN_CHI,2022,18,202218,spread,away,0.49572649572649574,-104.0,0.5098039215686274,win,1.0,0.9615384615384616,-7.437560753042768,40.37440077072264,6.5,42.5,0.5,334,0.25,0.0,tuned,0.5,-0.009803921568627416,False
2022_18_NE_BUF,2022,18,202218,spread,home,0.6666666666666666,-115.0,0.5348837209302325,win,1.0,0.8695652173913043,10.825754634536466,43.20478025261927,-8.0,44.0,0.5983606557377049,334,0.25,0.0,tuned,0.5245901639344263,-0.010293556995806252,False
2022_18_NYJ_MIA,2022,18,202218,spread,home,0.688034188034188,-107.0,0.5169082125603864,win,1.0,0.9345794392523364,7.644654544044684,40.7644791034794,-3.5,37.5,0.5983606557377049,334,0.25,0.0,tuned,0.5245901639344263,0.007681951374039819,True
2022_18_TB_ATL,2022,18,202218,spread,away,0.8504273504273504,-110.0,0.5238095238095238,loss,0.0,-1.0,-5.322976611526191,48.72788190252181,-6.0,40.5,0.5983606557377049,334,0.25,0.0,tuned,0.5245901639344263,0.0007806401249024209,True
2022_18_ARI_SF,2022,18,202218,total,over,0.5085470085470085,-105.0,0.5121951219512195,win,1.0,0.9523809523809523,14.46960366595946,43.45725202727897,-14.0,40.0,0.5,340,0.25,0.0,tuned,0.5,-0.012195121951219523,False
2022_18_CAR_NO,2022,18,202218,total,over,0.5854700854700855,-105.0,0.5121951219512195,loss,0.0,-1.0,5.305880483938495,46.87981042978596,-3.5,41.5,0.5287356321839081,340,0.25,0.0,tuned,0.507183908045977,-0.005011213905242506,False
2022_18_CLE_PIT,2022,18,202218,total,under,0.5555555555555556,-106.0,0.5145631067961165,loss,0.0,-1.0,3.989786530058464,41.81664672090421,-2.5,40.0,0.5287356321839081,340,0.25,0.0,tuned,0.507183908045977,-0.007379198750139482,False
2022_18_DET_GB,2022,18,202218,total,over,0.39316239316239315,101.0,0.4975124378109453,loss,0.0,-1.0,1.918847425966275,48.17635284707183,-5.5,49.0,0.47126436781609193,340,0.25,0.0,tuned,0.492816091954023,-0.0046963458569223016,False
2022_18_HOU_IND,2022,18,202218,total,over,0.6068376068376068,-101.0,0.5024875621890548,win,1.0,0.9900990099009901,4.571815294192263,43.78411463961733,-3.0,38.0,0.5287356321839081,340,0.25,0.0,tuned,0.507183908045977,0.004696345856922246,True
2022_18_LAC_DEN,2022,18,202218,total,under,0.4871794871794872,-103.0,0.5073891625615764,loss,0.0,-1.0,-10.765050246912638,42.03887126694689,-6.0,38.5,0.5,340,0.25,0.0,tuned,0.5,-0.007389162561576401,False
2022_18_LA_SEA,2022,18,202218,total,under,0.5811965811965811,-101.0,0.5024875621890548,win,1.0,0.9900990099009901,5.999605936330233,41.50582085155808,-5.5,41.5,0.5287356321839081,340,0.25,0.0,tuned,0.507183908045977,0.004696345856922246,True
2022_18_MIN_CHI,2022,18,202218,total,under,0.6581196581196581,-103.0,0.5073891625615764,win,1.0,0.970873786407767,-7.437560753042768,40.37440077072264,6.5,42.5,0.53125,340,0.25,0.0,tuned,0.5078125,0.00042333743842359883,True
2022_18_NE_BUF,2022,18,202218,total,under,0.6068376068376069,-104.0,0.5098039215686274,loss,0.0,-1.0,10.825754634536466,43.20478025261927,-8.0,44.0,0.5287356321839081,340,0.25,0.0,tuned,0.507183908045977,-0.0026200135226503996,False
2022_18_NYJ_MIA,2022,18,202218,total,over,0.5042735042735043,-103.0,0.5073891625615764,loss,0.0,-1.0,7.644654544044684,40.7644791034794,-3.5,37.5,0.5,340,0.25,0.0,tuned,0.5,-0.007389162561576401,False
2022_18_TB_ATL,2022,18,202218,total,over,0.6794871794871795,-106.0,0.5145631067961165,win,1.0,0.9433962264150944,-5.322976611526191,48.72788190252181,-6.0,40.5,0.7692307692307693,340,0.25,0.0,tuned,0.5673076923076923,0.05274458551157579,True
2023_01_BUF_NYJ,2023,1,202301,spread,away,0.7877551020408163,-110.0,0.5238095238095238,loss,0.0,-1.0,-11.296868565896364,41.45813430048559,2.5,44.5,0.5954198473282443,356,0.25,0.0,tuned,0.523854961832061,4.543802253720308e-05,True
2023_01_CIN_CLE,2023,1,202301,spread,away,0.6081632653061224,-105.0,0.5121951219512195,loss,0.0,-1.0,-4.144090244973476,46.45728334541625,1.0,46.5,0.5954198473282443,356,0.25,0.0,tuned,0.523854961832061,0.011659839880841516,True
2023_01_DAL_NYG,2023,1,202301,spread,home,0.6326530612244898,-120.0,0.5454545454545454,loss,0.0,-1.0,-1.3076417655810622,46.23413351828787,3.5,44.5,0.5954198473282443,356,0.25,0.0,tuned,0.523854961832061,-0.021599583622484375,False
2023_01_DET_KC,2023,1,202301,spread,home,0.689795918367347,-110.0,0.5238095238095238,loss,0.0,-1.0,8.490226255127164,51.4282337782258,-4.0,53.0,0.5954198473282443,356,0.25,0.0,tuned,0.523854961832061,4.543802253720308e-05,True
2023_01_LA_SEA,2023,1,202301,spread,away,0.5224489795918368,-110.0,0.5238095238095238,win,1.0,0.9090909090909091,3.049949655405076,43.12698525923281,-4.5,45.0,0.5897435897435898,356,0.25,0.0,tuned,0.5224358974358975,-0.0013736263736263687,False
2023_01_LV_DEN,2023,1,202301,spread,away,0.7224489795918367,-105.0,0.5121951219512195,win,1.0,0.9523809523809523,-4.316344842930389,46.64254562526232,-3.0,43.0,0.5954198473282443,356,0.25,0.0,tuned,0.523854961832061,0.011659839880841516,True
2023_01_MIA_LAC,2023,1,202301,spread,home,0.5795918367346938,-110.0,0.5238095238095238,loss,0.0,-1.0,3.8365517312263817,48.97412821866959,-3.0,50.5,0.5954198473282443,356,0.25,0.0,tuned,0.523854961832061,4.543802253720308e-05,True
2023_01_PHI_NE,2023,1,202301,spread,home,0.5673469387755102,-110.0,0.5238095238095238,loss,0.0,-1.0,-3.116201269822682,45.54372599699624,3.5,44.5,0.5954198473282443,356,0.25,0.0,tuned,0.523854961832061,4.543802253720308e-05,True
2023_01_SF_PIT,2023,1,202301,spread,away,0.5795918367346939,-108.0,0.5192307692307693,win,1.0,0.9259259259259259,-4.280580198563375,45.6231477834076,1.5,41.5,0.5954198473282443,356,0.25,0.0,tuned,0.523854961832061,0.004624192601291766,True
2023_01_TB_MIN,2023,1,202301,spread,home,0.5306122448979592,-110.0,0.5238095238095238,loss,0.0,-1.0,3.6627785135643895,46.26867506575064,-4.0,45.0,0.5897435897435898,356,0.25,0.0,tuned,0.5224358974358975,-0.0013736263736263687,False
2023_01_TEN_NO,2023,1,202301,spread,home,0.5510204081632653,-102.0,0.504950495049505,loss,0.0,-1.0,3.027247108816554,42.56964686859597,-3.0,41.0,0.5954198473282443,356,0.25,0.0,tuned,0.523854961832061,0.018904466782556084,True
2023_01_BUF_NYJ,2023,1,202301,total,under,0.6734693877551021,-110.0,0.5238095238095238,win,1.0,0.9090909090909091,-11.296868565896364,41.45813430048559,2.5,44.5,0.7857142857142857,362,0.5,0.01,tuned,0.6428571428571428,0.11904761904761896,True
2023_01_CIN_CLE,2023,1,202301,total,under,0.5755102040816327,-110.0,0.5238095238095238,win,1.0,0.9090909090909091,-4.144090244973476,46.45728334541625,1.0,46.5,0.5268817204301076,362,0.5,0.01,tuned,0.5134408602150538,-0.010368663594470084,False
2023_01_DAL_NYG,2023,1,202301,total,over,0.4530612244897959,-110.0,0.5238095238095238,loss,0.0,-1.0,-1.3076417655810622,46.23413351828787,3.5,44.5,0.5,362,0.5,0.01,tuned,0.5,-0.023809523809523836,False
2023_01_DET_KC,2023,1,202301,total,under,0.636734693877551,-110.0,0.5238095238095238,win,1.0,0.9090909090909091,8.490226255127164,51.4282337782258,-4.0,53.0,0.5454545454545454,362,0.5,0.01,tuned,0.5227272727272727,-0.0010822510822511289,False
2023_01_LA_SEA,2023,1,202301,total,under,0.6448979591836734,-110.0,0.5238095238095238,win,1.0,0.9090909090909091,3.049949655405076,43.12698525923281,-4.5,45.0,0.5454545454545454,362,0.5,0.01,tuned,0.5227272727272727,-0.0010822510822511289,False
2023_01_LV_DEN,2023,1,202301,total,over,0.5224489795918368,-110.0,0.5238095238095238,loss,0.0,-1.0,-4.316344842930389,46.64254562526232,-3.0,43.0,0.5,362,0.5,0.01,tuned,0.5,-0.023809523809523836,False
2023_01_MIA_LAC,2023,1,202301,total,under,0.6326530612244898,-110.0,0.5238095238095238,loss,0.0,-1.0,3.8365517312263817,48.97412821866959,-3.0,50.5,0.5454545454545454,362,0.5,0.01,tuned,0.5227272727272727,-0.0010822510822511289,False
2023_01_PHI_NE,2023,1,202301,total,under,0.5551020408163265,-112.0,0.5283018867924528,loss,0.0,-1.0,-3.116201269822682,45.54372599699624,3.5,44.5,0.5268817204301076,362,0.5,0.01,tuned,0.5134408602150538,-0.014861026577399072,False
2023_01_SF_PIT,2023,1,202301,total,over,0.5428571428571428,-110.0,0.5238095238095238,loss,0.0,-1.0,-4.280580198563375,45.6231477834076,1.5,41.5,0.5,362,0.5,0.01,tuned,0.5,-0.023809523809523836,False
2023_01_TB_MIN,2023,1,202301,total,over,0.4489795918367347,-110.0,0.5238095238095238,loss,0.0,-1.0,3.6627785135643895,46.26867506575064,-4.0,45.0,0.5,362,0.5,0.01,tuned,0.5,-0.023809523809523836,False
2023_01_TEN_NO,2023,1,202301,total,over,0.4489795918367347,-110.0,0.5238095238095238,loss,0.0,-1.0,3.027247108816554,42.56964686859597,-3.0,41.0,0.5,362,0.5,0.01,tuned,0.5,-0.023809523809523836,False
2023_02_BAL_CIN,2023,2,202302,spread,home,0.49609375,-102.0,0.504950495049505,loss,0.0,-1.0,2.65209793912244,41.10922521387384,-3.5,45.5,0.5,378,0.25,0.0,tuned,0.5,-0.004950495049504955,False
2023_02_CHI_TB,2023,2,202302,spread,home,0.6953125,-110.0,0.5238095238095238,win,1.0,0.9090909090909091,7.708429874800272,41.619510341686976,-2.5,41.0,0.574585635359116,378,0.25,0.0,tuned,0.518646408839779,-0.005163114969744864,False
2023_02_CLE_PIT,2023,2,202302,spread,home,0.671875,-105.0,0.5121951219512195,win,1.0,0.9523809523809523,0.960114406116377,39.4918401589098,2.5,39.0,0.574585635359116,378,0.25,0.0,tuned,0.518646408839779,0.006451286888559449,True
2023_02_GB_ATL,2023,2,202302,spread,away,0.6328125,-115.0,0.5348837209302325,win,1.0,0.8695652173913043,-0.5532173789748567,46.54577620620653,-3.0,40.5,0.574585635359116,378,0.25,0.0,tuned,0.518646408839779,-0.016237312090453537,False
2023_02_KC_JAX,2023,2,202302,spread,away,0.53125,-102.0,0.504950495049505,win,1.0,0.9803921568627451,-4.951960440039279,46.64847314036545,3.5,50.5,0.574585635359116,378,0.25,0.0,tuned,0.518646408839779,0.013695913790274017,True
2023_02_LAC_TEN,2023,2,202302,spread,away,0.6328125,-118.0,0.5412844036697247,loss,0.0,-1.0,-6.03869467580815,44.85507375671972,2.5,45.5,0.574585635359116,378,0.25,0.0,tuned,0.518646408839779,-0.022637994829945773,False
2023_02_LV_BUF,2023,2,202302,spread,home,0.57421875,-110.0,0.5238095238095238,win,1.0,0.9090909090909091,8.725111241894178,49.15639120434589,-7.5,47.0,0.574585635359116,378,0.25,0.0,tuned,0.518646408839779,-0.005163114969744864,False
2023_02_MIA_NE,2023,2,202302,spread,home,0.5390625,-108.0,0.5192307692307693,loss,0.0,-1.0,-1.92885424652879,43.98691083183461,2.0,46.5,0.574585635359116,378,0.25,0.0,tuned,0.518646408839779,-0.0005843603909903017,False
2023_02_MIN_PHI,2023,2,202302,spread,away,0.65234375,-110.0,0.5238095238095238,push,,0.0,1.4928293899217602,49.05522209617405,-6.0,49.0,0.574585635359116,378,0.25,0.0,tuned,0.518646408839779,-0.005163114969744864,False
2023_02_NYG_ARI,2023,2,202302,spread,home,0.52734375,-110.0,0.5238095238095238,win,1.0,0.9090909090909091,-5.155883753471644,44.409635458459285,5.0,40.0,0.574585635359116,378,0.25,0.0,tuned,0.518646408839779,-0.005163114969744864,False
2023_02_NYJ_DAL,2023,2,202302,spread,home,0.67578125,-110.0,0.5238095238095238,win,1.0,0.9090909090909091,12.39455660592199,40.08954142718754,-8.5,38.5,0.574585635359116,378,0.25,0.0,tuned,0.518646408839779,-0.005163114969744864,False
2023_02_SEA_DET,2023,2,202302,spread,home,0.5625,-110.0,0.5238095238095238,loss,0.0,-1.0,5.206471111843312,51.35412068031376,-4.5,47.5,0.574585635359116,378,0.25,0.0,tuned,0.518646408839779,-0.005163114969744864,False
2023_02_SF_LA,2023,2,202302,spread,home,0.5390625,-115.0,0.5348837209302325,win,1.0,0.8695652173913043,-7.370319096465701,49.7251017636106,7.5,45.0,0.574585635359116,378,0.25,0.0,tuned,0.518646408839779,-0.016237312090453537,False
2023_02_WAS_DEN,2023,2,202302,spread,away,0.671875,-110.0,0.5238095238095238,win,1.0,0.9090909090909091,-1.4275271883130525,39.07462472580408,-4.0,38.5,0.574585635359116,378,0.25,0.0,tuned,0.518646408839779,-0.005163114969744864,False
2023_02_BAL_CIN,2023,2,202302,total,under,0.69921875,-110.0,0.5238095238095238,loss,0.0,-1.0,2.65209793912244,41.10922521387384,-3.5,45.5,0.8,384,0.5,0.01,tuned,0.65,0.1261904761904762,True
2023_02_CHI_TB,2023,2,202302,total,under,0.5703125,-110.0,0.5238095238095238,loss,0.0,-1.0,7.708429874800272,41.619510341686976,-2.5,41.0,0.5306122448979592,384,0.5,0.01,tuned,0.5153061224489797,-0.008503401360544172,False
2023_02_CLE_PIT,2023,2,202302,total,under,0.578125,-110.0,0.5238095238095238,loss,0.0,-1.0,0.960114406116377,39.4918401589098,2.5,39.0,0.5306122448979592,384,0.5,0.01,tuned,0.5153061224489797,-0.008503401360544172,False
2023_02_GB_ATL,2023,2,202302,total,over,0.61328125,-110.0,0.5238095238095238,win,1.0,0.9090909090909091,-0.5532173789748567,46.54577620620653,-3.0,40.5,0.5555555555555556,384,0.5,0.01,tuned,0.5277777777777778,0.003968253968253954,False
2023_02_KC_JAX,2023,2,202302,total,under,0.68359375,-110.0,0.5238095238095238,win,1.0,0.9090909090909091,-4.951960440039279,46.64847314036545,3.5,50.5,0.8,384,0.5,0.01,tuned,0.65,0.1261904761904762,True
2023_02_LAC_TEN,2023,2,202302,total,under,0.61328125,-110.0,0.5238095238095238,loss,0.0,-1.0,-6.03869467580815,44.85507375671972,2.5,45.5,0.5555555555555556,384,0.5,0.01,tuned,0.5277777777777778,0.003968253968253954,False
2023_02_LV_BUF,2023,2,202302,total,under,0.55078125,-110.0,0.5238095238095238,loss,0.0,-1.0,8.725111241894178,49.15639120434589,-7.5,47.0,0.5265395220588245,384,0.5,0.01,tuned,0.5132697610294122,-0.010539762780111595,False
2023_02_MIA_NE,2023,2,202302,total,under,0.67578125,-112.0,0.5283018867924528,win,1.0,0.8928571428571429,-1.92885424652879,43.98691083183461,2.0,46.5,0.8,384,0.5,0.01,tuned,0.65,0.1216981132075472,True
2023_02_MIN_PHI,2023,2,202302,total,under,0.58203125,-110.0,0.5238095238095238,loss,0.0,-1.0,1.4928293899217602,49.05522209617405,-6.0,49.0,0.5306122448979592,384,0.5,0.01,tuned,0.5153061224489797,-0.008503401360544172,False
2023_02_NYG_ARI,2023,2,202302,total,over,0.55078125,-110.0,0.5238095238095238,win,1.0,0.9090909090909091,-5.155883753471644,44.409635458459285,5.0,40.0,0.5265395220588245,384,0.5,0.01,tuned,0.5132697610294122,-0.010539762780111595,False
2023_02_NYJ_DAL,2023,2,202302,total,under,0.55859375,-110.0,0.5238095238095238,loss,0.0,-1.0,12.39455660592199,40.08954142718754,-8.5,38.5,0.5306122448979592,384,0.5,0.01,tuned,0.5153061224489797,-0.008503401360544172,False
2023_02_SEA_DET,2023,2,202302,total,under,0.4765625,-108.0,0.5192307692307693,loss,0.0,-1.0,5.206471111843312,51.35412068031376,-4.5,47.5,0.5,384,0.5,0.01,tuned,0.5,-0.019230769230769273,False
2023_02_SF_LA,2023,2,202302,total,over,0.5703125,-110.0,0.5238095238095238,win,1.0,0.9090909090909091,-7.370319096465701,49.7251017636106,7.5,45.0,0.5306122448979592,384,0.5,0.01,tuned,0.5153061224489797,-0.008503401360544172,False
2023_02_WAS_DEN,2023,2,202302,total,under,0.57421875,-110.0,0.5238095238095238,loss,0.0,-1.0,-1.4275271883130525,39.07462472580408,-4.0,38.5,0.5306122448979592,384,0.5,0.01,tuned,0.5153061224489797,-0.008503401360544172,False
2023_03_ATL_DET,2023,3,202303,spread,away,0.39629629629629626,100.0,0.5,loss,0.0,-1.0,4.642777018412726,49.04550515294096,-3.0,47.5,0.41414141414141414,404,0.25,0.0,tuned,0.47853535353535354,-0.021464646464646464,False
2023_03_BUF_WAS,2023,3,202303,spread,away,0.674074074074074,-115.0,0.5348837209302325,win,1.0,0.8695652173913043,-10.681020205522742,44.08910135421743,5.5,44.0,0.5858585858585859,404,0.25,0.0,tuned,0.5214646464646464,-0.0134190744655861,False
2023_03_CAR_SEA,2023,3,202303,spread,away,0.5481481481481482,-110.0,0.5238095238095238,loss,0.0,-1.0,3.0185335754053417,42.63445543943515,-5.0,42.5,0.5851063829787235,404,0.25,0.0,tuned,0.5212765957446809,-0.002532928064842954,False
2023_03_CHI_KC,2023,3,202303,spread,home,0.7037037037037037,-110.0,0.5238095238095238,win,1.0,0.9090909090909091,18.223062968126506,42.83687600642223,-13.0,48.0,0.5858585858585859,404,0.25,0.0,tuned,0.5214646464646464,-0.0023448773448774274,False
2023_03_DAL_ARI,2023,3,202303,spread,home,0.5666666666666667,-110.0,0.5238095238095238,win,1.0,0.9090909090909091,-11.012519540900303,44.97795366698348,11.5,43.5,0.5851063829787235,404,0.25,0.0,tuned,0.5212765957446809,-0.002532928064842954,False
2023_03_DEN_MIA,2023,3,202303,spread,home,0.6518518518518519,-110.0,0.5238095238095238,win,1.0,0.9090909090909091,8.79882797692903,46.7890611013,-6.0,47.5,0.5858585858585859,404,0.25,0.0,tuned,0.5214646464646464,-0.0023448773448774274,False
2023_03_HOU_JAX,2023,3,202303,spread,home,0.6555555555555556,-110.0,0.5238095238095238,loss,0.0,-1.0,10.39553619477852,41.07517198973083,-7.5,43.5,0.5858585858585859,404,0.25,0.0,tuned,0.5214646464646464,-0.0023448773448774274,False
2023_03_IND_BAL,2023,3,202303,spread,home,0.6074074074074074,-110.0,0.5238095238095238,loss,0.0,-1.0,9.191961958570944,46.13366344545277,-7.5,43.5,0.5858585858585859,404,0.25,0.0,tuned,0.5214646464646464,-0.0023448773448774274,False
2023_03_LAC_MIN,2023,3,202303,spread,away,0.6037037037037036,-115.0,0.5348837209302325,win,1.0,0.8695652173913043,-2.02770779454962,51.5653428228016,-1.0,54.0,0.5858585858585859,404,0.25,0.0,tuned,0.5214646464646464,-0.0134190744655861,False
2023_03_LA_CIN,2023,3,202303,spread,away,0.43333333333333335,100.0,0.5,push,,0.0,3.535983368759532,44.82271375092585,-3.0,45.5,0.4148936170212766,404,0.25,0.0,tuned,0.4787234042553191,-0.021276595744680882,False
2023_03_NE_NYJ,2023,3,202303,spread,away,0.5888888888888889,-112.0,0.5283018867924528,win,1.0,0.8928571428571429,-5.110419940390109,36.01707418229799,2.5,35.5,0.5851063829787235,404,0.25,0.0,tuned,0.5212765957446809,-0.007025291047771942,False
2023_03_NO_GB,2023,3,202303,spread,home,0.6333333333333333,-110.0,0.5238095238095238,win,1.0,0.9090909090909091,0.7993725983238316,42.15034195434806,1.5,41.5,0.5858585858585859,404,0.25,0.0,tuned,0.5214646464646464,-0.0023448773448774274,False
2023_03_NYG_SF,2023,3,202303,spread,away,0.5740740740740741,-105.0,0.5121951219512195,loss,0.0,-1.0,8.18183689662722,44.12416771779208,-10.5,43.5,0.5851063829787235,404,0.25,0.0,tuned,0.5212765957446809,0.009081473793461359,True
2023_03_PHI_TB,2023,3,202303,spread,home,0.6962962962962963,-110.0,0.5238095238095238,loss,0.0,-1.0,-1.0437560687886844,46.986895887368206,6.0,44.0,0.5858585858585859,404,0.25,0.0,tuned,0.5214646464646464,-0.0023448773448774274,False
2023_03_PIT_LV,2023,3,202303,spread,away,0.6222222222222222,-110.0,0.5238095238095238,win,1.0,0.9090909090909091,-0.2176549189832448,45.908889789172974,-3.0,43.5,0.5858585858585859,404,0.25,0.0,tuned,0.5214646464646464,-0.0023448773448774274,False
2023_03_TEN_CLE,2023,3,202303,spread,home,0.6296296296296297,-110.0,0.5238095238095238,win,1.0,0.9090909090909091,5.726310983382324,40.757819970913694,-3.5,38.0,0.5858585858585859,404,0.25,0.0,tuned,0.5214646464646464,-0.0023448773448774274,False
2023_03_ATL_DET,2023,3,202303,total,under,0.537037037037037,-108.0,0.5192307692307693,win,1.0,0.9259259259259259,4.642777018412726,49.04550515294096,-3.0,47.5,0.5,412,0.5,0.01,tuned,0.5,-0.019230769230769273,False
2023_03_BUF_WAS,2023,3,202303,total,under,0.5666666666666667,-108.0,0.5192307692307693,win,1.0,0.9259259259259259,-10.681020205522742,44.08910135421743,5.5,44.0,0.5096153846153846,412,0.5,0.01,tuned,0.5048076923076923,-0.014423076923076983,False
2023_03_CAR_SEA,2023,3,202303,total,under,0.5592592592592592,-110.0,0.5238095238095238,loss,0.0,-1.0,3.0185335754053417,42.63445543943515,-5.0,42.5,0.5096153846153846,412,0.5,0.01,tuned,0.5048076923076923,-0.019001831501831545,False
2023_03_CHI_KC,2023,3,202303,total,under,0.7148148148148148,-110.0,0.5238095238095238,loss,0.0,-1.0,18.223062968126506,42.83687600642223,-13.0,48.0,0.7777777777777778,412,0.5,0.01,tuned,0.6388888888888888,0.115079365079365,True
2023_03_DAL_ARI,2023,3,202303,total,over,0.46296296296296297,-110.0,0.5238095238095238,win,1.0,0.9090909090909091,-11.012519540900303,44.97795366698348,11.5,43.5,0.5,412,0.5,0.01,tuned,0.5,-0.023809523809523836,False
2023_03_DEN_MIA,2023,3,202303,total,under,0.6,-110.0,0.5238095238095238,loss,0.0,-1.0,8.79882797692903,46.7890611013,-6.0,47.5,0.5096153846153846,412,0.5,0.01,tuned,0.5048076923076923,-0.019001831501831545,False
2023_03_HOU_JAX,2023,3,202303,total,under,0.6518518518518519,-110.0,0.5238095238095238,loss,0.0,-1.0,10.39553619477852,41.07517198973083,-7.5,43.5,0.5526315789473685,412,0.5,0.01,tuned,0.5263157894736843,0.0025062656641604564,False
2023_03_IND_BAL,2023,3,202303,total,over,0.4888888888888889,-110.0,0.5238095238095238,loss,0.0,-1.0,9.191961958570944,46.13366344545277,-7.5,43.5,0.5,412,0.5,0.01,tuned,0.5,-0.023809523809523836,False
2023_03_LAC_MIN,2023,3,202303,total,under,0.6518518518518519,-110.0,0.5238095238095238,win,1.0,0.9090909090909091,-2.02770779454962,51.5653428228016,-1.0,54.0,0.5526315789473685,412,0.5,0.01,tuned,0.5263157894736843,0.0025062656641604564,False
2023_03_LA_CIN,2023,3,202303,total,under,0.6,-108.0,0.5192307692307693,win,1.0,0.9259259259259259,3.535983368759532,44.82271375092585,-3.0,45.5,0.5096153846153846,412,0.5,0.01,tuned,0.5048076923076923,-0.014423076923076983,False
2023_03_NE_NYJ,2023,3,202303,total,under,0.5592592592592592,-110.0,0.5238095238095238,win,1.0,0.9090909090909091,-5.110419940390109,36.01707418229799,2.5,35.5,0.5096153846153846,412,0.5,0.01,tuned,0.5048076923076923,-0.019001831501831545,False
2023_03_NO_GB,2023,3,202303,total,under,0.5518518518518518,-110.0,0.5238095238095238,win,1.0,0.9090909090909091,0.7993725983238316,42.15034195434806,1.5,41.5,0.5096153846153846,412,0.5,0.01,tuned,0.5048076923076923,-0.019001831501831545,False
2023_03_NYG_SF,2023,3,202303,total,under,0.5518518518518518,-108.0,0.5192307692307693,win,1.0,0.9259259259259259,8.18183689662722,44.12416771779208,-10.5,43.5,0.5096153846153846,412,0.5,0.01,tuned,0.5048076923076923,-0.014423076923076983,False
2023_03_PHI_TB,2023,3,202303,total,under,0.49629629629629635,-108.0,0.5192307692307693,win,1.0,0.9259259259259259,-1.0437560687886844,46.986895887368206,6.0,44.0,0.5,412,0.5,0.01,tuned,0.5,-0.019230769230769273,False
2023_03_PIT_LV,2023,3,202303,total,over,0.48148148148148145,-110.0,0.5238095238095238,loss,0.0,-1.0,-0.2176549189832448,45.908889789172974,-3.0,43.5,0.5,412,0.5,0.01,tuned,0.5,-0.023809523809523836,False
2023_03_TEN_CLE,2023,3,202303,total,over,0.4888888888888889,-110.0,0.5238095238095238,loss,0.0,-1.0,5.726310983382324,40.757819970913694,-3.5,38.0,0.5,412,0.5,0.01,tuned,0.5,-0.023809523809523836,False
2023_04_ARI_SF,2023,4,202304,spread,away,0.5174825174825175,-108.0,0.5192307692307693,loss,0.0,-1.0,13.951650005491029,45.747957910592255,-15.0,44.0,0.5816326530612244,434,0.25,0.0,tuned,0.5204081632653061,0.0011773940345368716,True
2023_04_ATL_JAX,2023,4,202304,spread,home,0.5769230769230769,-110.0,0.5238095238095238,win,1.0,0.9090909090909091,4.37104431832518,39.59361707597775,-3.5,42.5,0.5816326530612244,434,0.25,0.0,tuned,0.5204081632653061,-0.003401360544217691,False
2023_04_CIN_TEN,2023,4,202304,spread,away,0.6328671328671329,-120.0,0.5454545454545454,loss,0.0,-1.0,-6.212780447197018,42.65976818112632,2.5,41.5,0.6,434,0.25,0.0,tuned,0.525,-0.020454545454545392,False
2023_04_DEN_CHI,2023,4,202304,spread,home,0.6433566433566433,-108.0,0.5192307692307693,push,,0.0,-0.4542017174327932,44.39281019476965,3.0,47.0,0.6,434,0.25,0.0,tuned,0.525,0.005769230769230749,True
2023_04_DET_GB,2023,4,202304,spread,home,0.5594405594405595,-102.0,0.504950495049505,loss,0.0,-1.0,-2.0807509004399583,47.62074541178472,2.5,45.0,0.5816326530612244,434,0.25,0.0,tuned,0.5204081632653061,0.01545766821580119,True
2023_04_KC_NYJ,2023,4,202304,spread,away,0.7482517482517482,-110.0,0.5238095238095238,loss,0.0,-1.0,-17.24927397912213,43.110788227820215,9.5,41.5,0.6,434,0.25,0.0,tuned,0.525,0.0011904761904761862,True
2023_04_MIA_BUF,2023,4,202304,spread,away,0.42307692307692313,100.0,0.5,loss,0.0,-1.0,3.3375673749546646,49.45465467168157,-2.5,53.0,0.41836734693877553,434,0.25,0.0,tuned,0.47959183673469385,-0.020408163265306145,False
2023_04_MIN_CAR,2023,4,202304,spread,home,0.6608391608391608,-108.0,0.5192307692307693,loss,0.0,-1.0,-1.5006610391549342,44.79201242490959,4.5,46.5,0.6,434,0.25,0.0,tuned,0.525,0.005769230769230749,True
2023_04_NE_DAL,2023,4,202304,spread,home,0.5174825174825175,-112.0,0.5283018867924528,win,1.0,0.8928571428571429,6.044031402198283,46.73197670254359,-6.5,43.0,0.5816326530612244,434,0.25,0.0,tuned,0.5204081632653061,-0.007893723527146679,False
2023_04_PIT_HOU,2023,4,202304,spread,away,0.49650349650349646,-110.0,0.5238095238095238,loss,0.0,-1.0,-3.793449660562074,41.5399367560208,3.0,41.5,0.5,434,0.25,0.0,tuned,0.5,-0.023809523809523836,False
2023_04_SEA_NYG,2023,4,202304,spread,home,0.5734265734265734,-105.0,0.5121951219512195,loss,0.0,-1.0,-1.815995371969733,45.886317149526015,2.5,46.5,0.5816326530612244,434,0.25,0.0,tuned,0.5204081632653061,0.008213041314086622,True
2023_04_TB_NO,2023,4,202304,spread,away,0.5244755244755245,-110.0,0.5238095238095238,win,1.0,0.9090909090909091,2.77325530168587,42.57668763890788,-4.0,41.0,0.5816326530612244,434,0.25,0.0,tuned,0.5204081632653061,-0.003401360544217691,False
2023_04_WAS_PHI,2023,4,202304,spread,home,0.5174825174825175,-110.0,0.5238095238095238,loss,0.0,-1.0,8.88825499055745,39.5105969920829,-9.5,43.0,0.5816326530612244,434,0.25,0.0,tuned,0.5204081632653061,-0.003401360544217691,False
2023_04_ARI_SF,2023,4,202304,total,under,0.5384615384615384,-105.0,0.5121951219512195,loss,0.0,-1.0,13.951650005491029,45.747957910592255,-15.0,44.0,0.5111111111111111,444,0.25,0.0,tuned,0.5027777777777778,-0.009417344173441755,False
2023_04_ATL_JAX,2023,4,202304,total,under,0.6713286713286714,-112.0,0.5283018867924528,win,1.0,0.8928571428571429,4.37104431832518,39.59361707597775,-3.5,42.5,0.7368421052631579,444,0.25,0.0,tuned,0.5592105263157895,0.030908639523336667,True
2023_04_CIN_TEN,2023,4,202304,total,under,0.541958041958042,-108.0,0.5192307692307693,win,1.0,0.9259259259259259,-6.212780447197018,42.65976818112632,2.5,41.5,0.5111111111111111,444,0.25,0.0,tuned,0.5027777777777778,-0.016452991452991506,False
2023_04_DEN_CHI,2023,4,202304,total,under,0.6678321678321678,-110.0,0.5238095238095238,loss,0.0,-1.0,-0.4542017174327932,44.39281019476965,3.0,47.0,0.6858851674641042,444,0.25,0.0,tuned,0.546471291866026,0.02266176805650222,True
2023_04_DET_GB,2023,4,202304,total,under,0.513986013986014,-110.0,0.5238095238095238,loss,0.0,-1.0,-2.0807509004399583,47.62074541178472,2.5,45.0,0.5111111111111111,444,0.25,0.0,tuned,0.5027777777777778,-0.021031746031746068,False
2023_04_KC_NYJ,2023,4,202304,total,under,0.541958041958042,-105.0,0.5121951219512195,loss,0.0,-1.0,-17.24927397912213,43.110788227820215,9.5,41.5,0.5111111111111111,444,0.25,0.0,tuned,0.5027777777777778,-0.009417344173441755,False
2023_04_MIA_BUF,2023,4,202304,total,under,0.6783216783216783,-110.0,0.5238095238095238,loss,0.0,-1.0,3.3375673749546646,49.45465467168157,-2.5,53.0,0.7368421052631579,444,0.25,0.0,tuned,0.5592105263157895,0.035401002506265655,True
2023_04_MIN_CAR,2023,4,202304,total,under,0.6433566433566433,-110.0,0.5238095238095238,win,1.0,0.9090909090909091,-1.5006610391549342,44.79201242490959,4.5,46.5,0.55,444,0.25,0.0,tuned,0.5125,-0.01130952380952388,False
2023_04_NE_DAL,2023,4,202304,total,over,0.5314685314685315,-110.0,0.5238095238095238,loss,0.0,-1.0,6.044031402198283,46.73197670254359,-6.5,43.0,0.5111111111111111,444,0.25,0.0,tuned,0.5027777777777778,-0.021031746031746068,False
2023_04_PIT_HOU,2023,4,202304,total,under,0.5734265734265734,-110.0,0.5238095238095238,win,1.0,0.9090909090909091,-3.793449660562074,41.5399367560208,3.0,41.5,0.5225225225225225,444,0.25,0.0,tuned,0.5056306306306306,-0.018178893178893207,False
2023_04_SEA_NYG,2023,4,202304,total,over,0.3986013986013986,-105.0,0.5121951219512195,loss,0.0,-1.0,-1.815995371969733,45.886317149526015,2.5,46.5,0.4774774774774775,444,0.25,0.0,tuned,0.49436936936936937,-0.01782575258185015,False
2023_04_TB_NO,2023,4,202304,total,under,0.541958041958042,-110.0,0.5238095238095238,win,1.0,0.9090909090909091,2.77325530168587,42.57668763890788,-4.0,41.0,0.5111111111111111,444,0.25,0.0,tuned,0.5027777777777778,-0.021031746031746068,False
2023_04_WAS_PHI,2023,4,202304,total,under,0.6783216783216783,-110.0,0.5238095238095238,loss,0.0,-1.0,8.88825499055745,39.5105969920829,-9.5,43.0,0.7368421052631579,444,0.25,0.0,tuned,0.5592105263157895,0.035401002506265655,True
2023_05_BAL_PIT,2023,5,202305,spread,home,0.5183946488294314,-108.0,0.5192307692307693,win,1.0,0.9259259259259259,-4.975384335042948,37.74727712356772,4.5,38.5,0.5754716981132075,458,0.25,0.01,tuned,0.5188679245283019,-0.00036284470246739087,False
2023_05_CAR_DET,2023,5,202305,spread,away,0.548494983277592,-110.0,0.5238095238095238,loss,0.0,-1.0,7.499362913558775,49.16556580301174,-9.5,43.5,0.5754716981132075,458,0.25,0.01,tuned,0.5188679245283019,-0.004941599281221953,False
2023_05_CHI_WAS,2023,5,202305,spread,away,0.5418060200668897,-110.0,0.5238095238095238,win,1.0,0.9090909090909091,4.32452688817959,41.85785415068428,-6.0,45.5,0.5754716981132075,458,0.25,0.01,tuned,0.5188679245283019,-0.004941599281221953,False
2023_05_CIN_ARI,2023,5,202305,spread,home,0.4214046822742475,100.0,0.5,loss,0.0,-1.0,-5.429530429747857,47.19695217542885,3.0,45.5,0.42452830188679247,458,0.25,0.01,tuned,0.4811320754716981,-0.018867924528301883,False
2023_05_DAL_SF,2023,5,202305,spread,home,0.5852842809364549,-105.0,0.5121951219512195,win,1.0,0.9523809523809523,4.794980923326767,49.129103709968085,-3.5,45.0,0.5754716981132075,458,0.25,0.01,tuned,0.5188679245283019,0.00667280257708236,False
2023_05_GB_LV,2023,5,202305,spread,home,0.5585284280936454,-110.0,0.5238095238095238,win,1.0,0.9090909090909091,1.4394886215303315,48.87083114600178,-1.0,45.0,0.5754716981132075,458,0.25,0.01,tuned,0.5188679245283019,-0.004941599281221953,False
2023_05_HOU_ATL,2023,5,202305,spread,home,0.5451505016722408,-110.0,0.5238095238095238,loss,0.0,-1.0,2.656970460878474,42.58429888218073,-2.5,42.0,0.5754716981132075,458,0.25,0.01,tuned,0.5188679245283019,-0.004941599281221953,False
2023_05_JAX_BUF,2023,5,202305,spread,home,0.6822742474916388,-110.0,0.5238095238095238,loss,0.0,-1.0,9.831182343197517,46.30386141962978,-5.5,48.5,0.584070796460177,458,0.25,0.01,tuned,0.5210176991150443,-0.0027918246944795833,False
2023_05_KC_MIN,2023,5,202305,spread,away,0.6488294314381271,-105.0,0.5121951219512195,win,1.0,0.9523809523809523,-8.301958067771842,50.47079893328009,3.5,52.5,0.584070796460177,458,0.25,0.01,tuned,0.5210176991150443,0.00882257716382473,False
2023_05_NO_NE,2023,5,202305,spread,away,0.5719063545150502,-110.0,0.5238095238095238,win,1.0,0.9090909090909091,0.1313969864979707,37.5412529601925,-2.5,38.5,0.5754716981132075,458,0.25,0.01,tuned,0.5188679245283019,-0.004941599281221953,False
2023_05_NYG_MIA,2023,5,202305,spread,away,0.6488294314381271,-110.0,0.5238095238095238,loss,0.0,-1.0,7.696808384428272,45.783112089512414,-12.5,47.5,0.584070796460177,458,0.25,0.01,tuned,0.5210176991150443,-0.0027918246944795833,False
2023_05_NYJ_DEN,2023,5,202305,spread,home,0.5852842809364549,-110.0,0.5238095238095238,loss,0.0,-1.0,3.7946373179027857,40.50128671755142,-2.5,42.5,0.5754716981132075,458,0.25,0.01,tuned,0.5188679245283019,-0.004941599281221953,False
2023_05_PHI_LA,2023,5,202305,spread,home,0.6020066889632107,-110.0,0.5238095238095238,loss,0.0,-1.0,-1.901708989664476,51.91878526964038,3.5,50.5,0.584070796460177,458,0.25,0.01,tuned,0.5210176991150443,-0.0027918246944795833,False
2023_05_TEN_IND,2023,5,202305,spread,home,0.6521739130434783,-110.0,0.5238095238095238,win,1.0,0.9090909090909091,0.2736249135274098,43.6532872806541,2.5,43.5,0.584070796460177,458,0.25,0.01,tuned,0.5210176991150443,-0.0027918246944795833,False
2023_05_BAL_PIT,2023,5,202305,total,under,0.6086956521739131,-110.0,0.5238095238095238,win,1.0,0.9090909090909091,-4.975384335042948,37.74727712356772,4.5,38.5,0.5309734513274337,470,0.25,0.0,tuned,0.5077433628318584,-0.016066160977665445,False
2023_05_CAR_DET,2023,5,202305,total,over,0.6086956521739131,-110.0,0.5238095238095238,win,1.0,0.9090909090909091,7.499362913558775,49.16556580301174,-9.5,43.5,0.5309734513274337,470,0.25,0.0,tuned,0.5077433628318584,-0.016066160977665445,False
2023_05_CHI_WAS,2023,5,202305,total,under,0.6755852842809364,-112.0,0.5283018867924528,loss,0.0,-1.0,4.32452688817959,41.85785415068428,-6.0,45.5,0.6818181818181818,470,0.25,0.0,tuned,0.5454545454545454,0.01715265866209259,True
2023_05_CIN_ARI,2023,5,202305,total,over,0.45819397993311034,-110.0,0.5238095238095238,win,1.0,0.9090909090909091,-5.429530429747857,47.19695217542885,3.0,45.5,0.5,470,0.25,0.0,tuned,0.5,-0.023809523809523836,False
2023_05_DAL_SF,2023,5,202305,total,under,0.45150501672240806,-105.0,0.5121951219512195,loss,0.0,-1.0,4.794980923326767,49.129103709968085,-3.5,45.0,0.5,470,0.25,0.0,tuned,0.5,-0.012195121951219523,False
2023_05_GB_LV,2023,5,202305,total,over,0.5384615384615384,-110.0,0.5238095238095238,loss,0.0,-1.0,1.4394886215303315,48.87083114600178,-1.0,45.0,0.5,470,0.25,0.0,tuned,0.5,-0.023809523809523836,False
2023_05_HOU_ATL,2023,5,202305,total,under,0.5618729096989967,-110.0,0.5238095238095238,win,1.0,0.9090909090909091,2.656970460878474,42.58429888218073,-2.5,42.0,0.5309734513274337,470,0.25,0.0,tuned,0.5077433628318584,-0.016066160977665445,False
2023_05_JAX_BUF,2023,5,202305,total,under,0.6521739130434783,-108.0,0.5192307692307693,win,1.0,0.9259259259259259,9.831182343197517,46.30386141962978,-5.5,48.5,0.5476190476190477,470,0.25,0.0,tuned,0.5119047619047619,-0.007326007326007411,False
2023_05_KC_MIN,2023,5,202305,total,under,0.6521739130434783,-110.0,0.5238095238095238,win,1.0,0.9090909090909091,-8.301958067771842,50.47079893328009,3.5,52.5,0.5476190476190477,470,0.25,0.0,tuned,0.5119047619047619,-0.011904761904761973,False
2023_05_NO_NE,2023,5,202305,total,under,0.6120401337792643,-110.0,0.5238095238095238,win,1.0,0.9090909090909091,0.1313969864979707,37.5412529601925,-2.5,38.5,0.5476190476190477,470,0.25,0.0,tuned,0.5119047619047619,-0.011904761904761973,False
2023_05_NYG_MIA,2023,5,202305,total,under,0.6421404682274248,-108.0,0.5192307692307693,win,1.0,0.9259259259259259,7.696808384428272,45.783112089512414,-12.5,47.5,0.5476190476190477,470,0.25,0.0,tuned,0.5119047619047619,-0.007326007326007411,False
2023_05_NYJ_DEN,2023,5,202305,total,under,0.6488294314381271,-110.0,0.5238095238095238,loss,0.0,-1.0,3.7946373179027857,40.50128671755142,-2.5,42.5,0.5476190476190477,470,0.25,0.0,tuned,0.5119047619047619,-0.011904761904761973,False
2023_05_PHI_LA,2023,5,202305,total,over,0.45819397993311034,-110.0,0.5238095238095238,loss,0.0,-1.0,-1.901708989664476,51.91878526964038,3.5,50.5,0.5,470,0.25,0.0,tuned,0.5,-0.023809523809523836,False
2023_05_TEN_IND,2023,5,202305,total,under,0.5652173913043479,-110.0,0.5238095238095238,win,1.0,0.9090909090909091,0.2736249135274098,43.6532872806541,2.5,43.5,0.5309734513274337,470,0.25,0.0,tuned,0.5077433628318584,-0.016066160977665445,False
2023_06_ARI_LA,2023,6,202306,spread,home,0.5175718849840255,-115.0,0.5348837209302325,win,1.0,0.8695652173913043,6.307958623901649,47.76620315035127,-7.0,48.0,0.5793991416309013,486,0.25,0.01,tuned,0.5198497854077253,-0.015033935522507202,False
2023_06_BAL_TEN,2023,6,202306,spread,home,0.5399361022364217,-108.0,0.5192307692307693,loss,0.0,-1.0,-5.498813926279058,40.895079845026295,5.5,42.5,0.5793991416309013,486,0.25,0.01,tuned,0.5198497854077253,0.0006190161769560332,False
2023_06_CAR_MIA,2023,6,202306,spread,away,0.6261980830670926,-110.0,0.5238095238095238,loss,0.0,-1.0,10.333508372065625,45.70158653277724,-14.0,47.5,0.5793991416309013,486,0.25,0.01,tuned,0.5198497854077253,-0.003959738401798529,False
2023_06_DAL_LAC,2023,6,202306,spread,home,0.6517571884984026,-108.0,0.5192307692307693,loss,0.0,-1.0,1.34611475842842,49.69052445658051,1.5,49.5,0.5793991416309013,486,0.25,0.01,tuned,0.5198497854077253,0.0006190161769560332,False
2023_06_DEN_KC,2023,6,202306,spread,home,0.7348242811501597,-112.0,0.5283018867924528,win,1.0,0.8928571428571429,16.801713363159763,48.59340706183636,-10.5,47.5,0.5793991416309013,486,0.25,0.01,tuned,0.5198497854077253,-0.008452101384727517,False
2023_06_DET_TB,2023,6,202306,spread,home,0.5463258785942492,-105.0,0.5121951219512195,loss,0.0,-1.0,-2.769409702822462,44.908425446301045,3.0,43.5,0.5793991416309013,486,0.25,0.01,tuned,0.5198497854077253,0.007654663456505784,False
2023_06_IND_JAX,2023,6,202306,spread,home,0.6517571884984026,-110.0,0.5238095238095238,win,1.0,0.9090909090909091,6.94526522553647,46.142043864895314,-4.0,44.0,0.5793991416309013,486,0.25,0.01,tuned,0.5198497854077253,-0.003959738401798529,False
2023_06_NE_LV,2023,6,202306,spread,home,0.670926517571885,-102.0,0.504950495049505,win,1.0,0.9803921568627451,6.491296811914477,42.27246735282154,-3.0,41.5,0.5793991416309013,486,0.25,0.01,tuned,0.5198497854077253,0.014899290358220352,True
2023_06_NO_HOU,2023,6,202306,spread,away,0.5175718849840256,-110.0,0.5238095238095238,loss,0.0,-1.0,-3.1899114186595554,43.75686225520627,2.0,42.5,0.5793991416309013,486,0.25,0.01,tuned,0.5198497854077253,-0.003959738401798529,False
2023_06_NYG_BUF,2023,6,202306,spread,home,0.5559105431309904,-110.0,0.5238095238095238,loss,0.0,-1.0,15.942708104925911,42.47568480568538,-15.5,43.5,0.5793991416309013,486,0.25,0.01,tuned,0.5198497854077253,-0.003959738401798529,False
2023_06_PHI_NYJ,2023,6,202306,spread,away,0.584664536741214,-115.0,0.5348837209302325,loss,0.0,-1.0,-9.104328777928057,43.15819632410113,6.5,43.0,0.5793991416309013,486,0.25,0.01,tuned,0.5198497854077253,-0.015033935522507202,False
2023_06_SEA_CIN,2023,6,202306,spread,away,0.5271565495207668,-112.0,0.5283018867924528,loss,0.0,-1.0,1.6839896621484507,43.419263778301776,-3.0,45.5,0.5793991416309013,486,0.25,0.01,tuned,0.5198497854077253,-0.008452101384727517,False
2023_06_SF_CLE,2023,6,202306,spread,home,0.5207667731629393,-105.0,0.5121951219512195,win,1.0,0.9523809523809523,-9.862225460126831,43.61535368237745,9.5,36.0,0.5793991416309013,486,0.25,0.01,tuned,0.5198497854077253,0.007654663456505784,False
2023_06_WAS_ATL,2023,6,202306,spread,home,0.6741214057507987,-112.0,0.5283018867924528,loss,0.0,-1.0,5.164890668728193,43.372373882819545,-1.5,42.0,0.5793991416309013,486,0.25,0.01,tuned,0.5198497854077253,-0.008452101384727517,False
2023_06_ARI_LA,2023,6,202306,total,under,0.5878594249201278,-110.0,0.5238095238095238,win,1.0,0.9090909090909091,6.307958623901649,47.76620315035127,-7.0,48.0,0.5476190476190477,498,0.25,0.0,tuned,0.5119047619047619,-0.011904761904761973,False
2023_06_BAL_TEN,2023,6,202306,total,under,0.6389776357827476,-110.0,0.5238095238095238,win,1.0,0.9090909090909091,-5.498813926279058,40.895079845026295,5.5,42.5,0.574468085106383,498,0.25,0.0,tuned,0.5186170212765957,-0.005192502532928134,False
2023_06_CAR_MIA,2023,6,202306,total,under,0.6421725239616614,-112.0,0.5283018867924528,loss,0.0,-1.0,10.333508372065625,45.70158653277724,-14.0,47.5,0.574468085106383,498,0.25,0.0,tuned,0.5186170212765957,-0.009684865515857122,False
2023_06_DAL_LAC,2023,6,202306,total,under,0.5654952076677316,-108.0,0.5192307692307693,win,1.0,0.9259259259259259,1.34611475842842,49.69052445658051,1.5,49.5,0.5476190476190477,498,0.25,0.0,tuned,0.5119047619047619,-0.007326007326007411,False
2023_06_DEN_KC,2023,6,202306,total,under,0.5463258785942492,-112.0,0.5283018867924528,win,1.0,0.8928571428571429,16.801713363159763,48.59340706183636,-10.5,47.5,0.5476190476190477,498,0.25,0.0,tuned,0.5119047619047619,-0.01639712488769096,False
2023_06_DET_TB,2023,6,202306,total,over,0.46006389776357826,-108.0,0.5192307692307693,loss,0.0,-1.0,-2.769409702822462,44.908425446301045,3.0,43.5,0.5,498,0.25,0.0,tuned,0.5,-0.019230769230769273,False
2023_06_IND_JAX,2023,6,202306,total,over,0.4696485623003195,-110.0,0.5238095238095238,win,1.0,0.9090909090909091,6.94526522553647,46.142043864895314,-4.0,44.0,0.5,498,0.25,0.0,tuned,0.5,-0.023809523809523836,False
2023_06_NE_LV,2023,6,202306,total,under,0.5559105431309904,-110.0,0.5238095238095238,win,1.0,0.9090909090909091,6.491296811914477,42.27246735282154,-3.0,41.5,0.5476190476190477,498,0.25,0.0,tuned,0.5119047619047619,-0.011904761904761973,False
2023_06_NO_HOU,2023,6,202306,total,over,0.45686900958466453,-108.0,0.5192307692307693,loss,0.0,-1.0,-3.1899114186595554,43.75686225520627,2.0,42.5,0.5,498,0.25,0.0,tuned,0.5,-0.019230769230769273,False
2023_06_NYG_BUF,2023,6,202306,total,under,0.6134185303514377,-110.0,0.5238095238095238,win,1.0,0.9090909090909091,15.942708104925911,42.47568480568538,-15.5,43.5,0.574468085106383,498,0.25,0.0,tuned,0.5186170212765957,-0.005192502532928134,False
2023_06_PHI_NYJ,2023,6,202306,total,under,0.5654952076677316,-105.0,0.5121951219512195,win,1.0,0.9523809523809523,-9.104328777928057,43.15819632410113,6.5,43.0,0.5476190476190477,498,0.25,0.0,tuned,0.5119047619047619,-0.00029036004645766056,False
2023_06_SEA_CIN,2023,6,202306,total,under,0.6517571884984026,-108.0,0.5192307692307693,win,1.0,0.9259259259259259,1.6839896621484507,43.419263778301776,-3.0,45.5,0.574468085106383,498,0.25,0.0,tuned,0.5186170212765957,-0.0006137479541735713,False
2023_06_SF_CLE,2023,6,202306,total,over,0.6837060702875399,-110.0,0.5238095238095238,push,,0.0,-9.862225460126831,43.61535368237745,9.5,36.0,0.6521739130434783,498,0.25,0.0,tuned,0.5380434782608696,0.014233954451345787,True
2023_06_WAS_ATL,2023,6,202306,total,over,0.46006389776357826,-110.0,0.5238095238095238,loss,0.0,-1.0,5.164890668728193,43.372373882819545,-1.5,42.0,0.5,498,0.25,0.0,tuned,0.5,-0.023809523809523836,False
2023_07_ARI_SEA,2023,7,202307,spread,home,0.5596330275229358,-108.0,0.5192307692307693,win,1.0,0.9259259259259259,9.991610228130554,42.191340674016914,-9.5,43.5,0.5636363636363636,514,0.25,0.01,tuned,0.5159090909090909,-0.0033216783216784007,False
2023_07_ATL_TB,2023,7,202307,spread,away,0.5412844036697247,-115.0,0.5348837209302325,win,1.0,0.8695652173913043,1.1174152355190858,37.99997264553806,-3.0,37.5,0.5588235294117647,514,0.25,0.01,tuned,0.5147058823529411,-0.020177838577291385,False
2023_07_BUF_NE,2023,7,202307,spread,away,0.654434250764526,-110.0,0.5238095238095238,loss,0.0,-1.0,-12.649327212236685,39.5832778612653,7.5,41.0,0.5725806451612904,514,0.25,0.01,tuned,0.5181451612903226,-0.005664362519201216,False
2023_07_CLE_IND,2023,7,202307,spread,home,0.5290519877675841,-112.0,0.5283018867924528,win,1.0,0.8928571428571429,-3.630393637428212,41.78334589045312,3.5,40.0,0.5588235294117647,514,0.25,0.01,tuned,0.5147058823529411,-0.0135960044395117,False
2023_07_DET_BAL,2023,7,202307,spread,away,0.6238532110091743,-105.0,0.5121951219512195,loss,0.0,-1.0,-0.92586525420463,44.35698203698097,-3.0,43.5,0.5725806451612904,514,0.25,0.01,tuned,0.5181451612903226,0.005950039339103097,False
2023_07_GB_DEN,2023,7,202307,spread,away,0.6697247706422018,-112.0,0.5283018867924528,loss,0.0,-1.0,-4.22035351978718,43.96899558234814,-1.5,44.0,0.5725806451612904,514,0.25,0.01,tuned,0.5181451612903226,-0.010156725502130204,False
2023_07_JAX_NO,2023,7,202307,spread,away,0.5504587155963303,-108.0,0.5192307692307693,win,1.0,0.9259259259259259,0.3778702368012808,43.82123858006344,-2.5,41.0,0.5588235294117647,514,0.25,0.01,tuned,0.5147058823529411,-0.004524886877828149,False
2023_07_LAC_KC,2023,7,202307,spread,home,0.672782874617737,-115.0,0.5348837209302325,win,1.0,0.8695652173913043,9.36650056831706,46.73875240174925,-5.5,48.5,0.5725806451612904,514,0.25,0.01,tuned,0.5181451612903226,-0.01673855963990989,False
2023_07_MIA_PHI,2023,7,202307,spread,away,0.654434250764526,-112.0,0.5283018867924528,loss,0.0,-1.0,-2.1039889726876373,48.11798278532903,-3.0,52.0,0.5725806451612904,514,0.25,0.01,tuned,0.5181451612903226,-0.010156725502130204,False
2023_07_PIT_LA,2023,7,202307,spread,home,0.5718654434250765,-102.0,0.504950495049505,loss,0.0,-1.0,4.277981058093912,46.263621867308,-3.5,44.0,0.5636363636363636,514,0.25,0.01,tuned,0.5159090909090909,0.010958595859585918,True
2023_07_SF_MIN,2023,7,202307,spread,away,0.5198776758409787,-105.0,0.5121951219512195,loss,0.0,-1.0,-8.257287432264972,48.72850363418065,7.0,44.5,0.5588235294117647,514,0.25,0.01,tuned,0.5147058823529411,0.002510760401721601,False
2023_07_WAS_NYG,2023,7,202307,spread,home,0.672782874617737,-112.0,0.5283018867924528,win,1.0,0.8928571428571429,1.0338771201582215,38.72906934287357,3.0,37.0,0.5725806451612904,514,0.25,0.01,tuned,0.5181451612903226,-0.010156725502130204,False
2023_07_ARI_SEA,2023,7,202307,total,under,0.636085626911315,-110.0,0.5238095238095238,win,1.0,0.9090909090909091,9.991610228130554,42.191340674016914,-9.5,43.5,0.5882352941176471,524,0.25,0.0,tuned,0.5220588235294118,-0.0017507002801120386,False
2023_07_ATL_TB,2023,7,202307,total,under,0.5779816513761468,-115.0,0.5348837209302325,win,1.0,0.8695652173913043,1.1174152355190858,37.99997264553806,-3.0,37.5,0.5704225352112676,524,0.25,0.0,tuned,0.5176056338028169,-0.01727808712741563,False
2023_07_BUF_NE,2023,7,202307,total,under,0.636085626911315,-110.0,0.5238095238095238,loss,0.0,-1.0,-12.649327212236685,39.5832778612653,7.5,41.0,0.5882352941176471,524,0.25,0.0,tuned,0.5220588235294118,-0.0017507002801120386,False
2023_07_CLE_IND,2023,7,202307,total,under,0.5474006116207951,-110.0,0.5238095238095238,loss,0.0,-1.0,-3.630393637428212,41.78334589045312,3.5,40.0,0.5704225352112676,524,0.25,0.0,tuned,0.5176056338028169,-0.006203890006706958,False
2023_07_DET_BAL,2023,7,202307,total,under,0.5657492354740061,-108.0,0.5192307692307693,loss,0.0,-1.0,-0.92586525420463,44.35698203698097,-3.0,43.5,0.5704225352112676,524,0.25,0.0,tuned,0.5176056338028169,-0.0016251354279523955,False
2023_07_GB_DEN,2023,7,202307,total,under,0.5932721712538227,-110.0,0.5238095238095238,win,1.0,0.9090909090909091,-4.22035351978718,43.96899558234814,-1.5,44.0,0.5704225352112676,524,0.25,0.0,tuned,0.5176056338028169,-0.006203890006706958,False
2023_07_JAX_NO,2023,7,202307,total,over,0.4801223241590214,-110.0,0.5238095238095238,win,1.0,0.9090909090909091,0.3778702368012808,43.82123858006344,-2.5,41.0,0.49999999999999994,524,0.25,0.0,tuned,0.5,-0.023809523809523836,False
2023_07_LAC_KC,2023,7,202307,total,under,0.6513761467889908,-108.0,0.5192307692307693,win,1.0,0.9259259259259259,9.36650056831706,46.73875240174925,-5.5,48.5,0.5882352941176471,524,0.25,0.0,tuned,0.5220588235294118,0.002828054298642524,True
2023_07_MIA_PHI,2023,7,202307,total,under,0.6850152905198776,-110.0,0.5238095238095238,win,1.0,0.9090909090909091,-2.1039889726876373,48.11798278532903,-3.0,52.0,0.6521739130434783,524,0.25,0.0,tuned,0.5380434782608696,0.014233954451345787,True
2023_07_PIT_LA,2023,7,202307,total,over,0.4617737003058104,-108.0,0.5192307692307693,loss,0.0,-1.0,4.277981058093912,46.263621867308,-3.5,44.0,0.49999999999999994,524,0.25,0.0,tuned,0.5,-0.019230769230769273,False
2023_07_SF_MIN,2023,7,202307,total,over,0.5474006116207951,-110.0,0.5238095238095238,loss,0.0,-1.0,-8.257287432264972,48.72850363418065,7.0,44.5,0.5704225352112676,524,0.25,0.0,tuned,0.5176056338028169,-0.006203890006706958,False
2023_07_WAS_NYG,2023,7,202307,total,under,0.5474006116207951,-112.0,0.5283018867924528,win,1.0,0.8928571428571429,1.0338771201582215,38.72906934287357,3.0,37.0,0.5704225352112676,524,0.25,0.0,tuned,0.5176056338028169,-0.010696252989635946,False
2023_08_BAL_ARI,2023,8,202308,spread,home,0.5250737463126843,-110.0,0.5238095238095238,win,1.0,0.9090909090909091,-9.827773030053583,45.1997412475864,9.5,44.5,0.5637065637065637,538,0.25,0.01,tuned,0.515926640926641,-0.007882882882882858,False
2023_08_CHI_LAC,2023,8,202308,spread,away,0.6902654867256637,-108.0,0.5192307692307693,loss,0.0,-1.0,3.0473660378116776,46.67877645517921,-9.5,46.0,0.5637065637065637,538,0.25,0.01,tuned,0.515926640926641,-0.0033041283041282954,False
2023_08_CIN_SF,2023,8,202308,spread,home,0.6696165191740413,-115.0,0.5348837209302325,loss,0.0,-1.0,7.210697839604251,45.92737875666921,-4.0,44.0,0.5637065637065637,538,0.25,0.01,tuned,0.515926640926641,-0.01895708000359153,False
2023_08_CLE_SEA,2023,8,202308,spread,home,0.5722713864306784,-110.0,0.5238095238095238,push,,0.0,4.579878911703564,39.40999983707081,-4.0,39.5,0.5637065637065637,538,0.25,0.01,tuned,0.515926640926641,-0.007882882882882858,False
2023_08_HOU_CAR,2023,8,202308,spread,home,0.6814159292035398,-102.0,0.504950495049505,win,1.0,0.9803921568627451,1.172896762715282,38.89632568618127,3.0,43.0,0.5637065637065637,538,0.25,0.01,tuned,0.515926640926641,0.010976145877136023,True
2023_08_JAX_PIT,2023,8,202308,spread,home,0.6047197640117994,-110.0,0.5238095238095238,loss,0.0,-1.0,-0.7356530760037516,41.24771466594681,2.5,41.0,0.5637065637065637,538,0.25,0.01,tuned,0.515926640926641,-0.007882882882882858,False
2023_08_KC_DEN,2023,8,202308,spread,away,0.7404129793510325,-102.0,0.504950495049505,loss,0.0,-1.0,-15.075793237932167,44.67820135720791,7.0,45.5,0.5637065637065637,538,0.25,0.01,tuned,0.515926640926641,0.010976145877136023,True
2023_08_LA_DAL,2023,8,202308,spread,away,0.5221238938053097,-105.0,0.5121951219512195,loss,0.0,-1.0,4.998891332968164,46.72913849528928,-6.5,44.5,0.5637065637065637,538,0.25,0.01,tuned,0.515926640926641,0.003731518975421455,False
2023_08_LV_DET,2023,8,202308,spread,away,0.5191740412979351,-110.0,0.5238095238095238,loss,0.0,-1.0,5.572870460742863,52.10063325784585,-7.0,46.0,0.5637065637065637,538,0.25,0.01,tuned,0.515926640926641,-0.007882882882882858,False
2023_08_MIN_GB,2023,8,202308,spread,home,0.584070796460177,-112.0,0.5283018867924528,loss,0.0,-1.0,0.230631176227253,44.48398969856872,1.0,41.5,0.5637065637065637,538,0.25,0.01,tuned,0.515926640926641,-0.012375245865811846,False
2023_08_NE_MIA,2023,8,202308,spread,home,0.6253687315634219,-110.0,0.5238095238095238,win,1.0,0.9090909090909091,9.701680409894877,42.40372835978873,-7.5,46.5,0.5637065637065637,538,0.25,0.01,tuned,0.515926640926641,-0.007882882882882858,False
2023_08_NO_IND,2023,8,202308,spread,away,0.5427728613569321,-110.0,0.5238095238095238,win,1.0,0.9090909090909091,-4.028229383736903,46.79766453829824,2.0,43.5,0.5637065637065637,538,0.25,0.01,tuned,0.515926640926641,-0.007882882882882858,False
2023_08_NYJ_NYG,2023,8,202308,spread,home,0.7286135693215339,-105.0,0.5121951219512195,push,,0.0,2.8680355246069613,37.98844052472137,3.0,35.0,0.5637065637065637,538,0.25,0.01,tuned,0.515926640926641,0.003731518975421455,False
2023_08_PHI_WAS,2023,8,202308,spread,home,0.5221238938053098,-110.0,0.5238095238095238,push,,0.0,-7.467243715532327,43.938815328370175,7.0,42.5,0.5637065637065637,538,0.25,0.01,tuned,0.515926640926641,-0.007882882882882858,False
2023_08_TB_BUF,2023,8,202308,spread,home,0.6283185840707964,-108.0,0.5192307692307693,loss,0.0,-1.0,12.273597352171146,44.49333931939048,-10.0,43.0,0.5637065637065637,538,0.25,0.01,tuned,0.515926640926641,-0.0033041283041282954,False
2023_08_BAL_ARI,2023,8,202308,total,under,0.5693215339233038,-110.0,0.5238095238095238,loss,0.0,-1.0,-9.827773030053583,45.1997412475864,9.5,44.5,0.5675675675675675,548,0.5,0.0,tuned,0.5337837837837838,0.009974259974259936,True
2023_08_CHI_LAC,2023,8,202308,total,under,0.5693215339233038,-112.0,0.5283018867924528,win,1.0,0.8928571428571429,3.0473660378116776,46.67877645517921,-9.5,46.0,0.5675675675675675,548,0.5,0.0,tuned,0.5337837837837838,0.005481896991330948,True
2023_08_CIN_SF,2023,8,202308,total,under,0.5457227138643068,-110.0,0.5238095238095238,loss,0.0,-1.0,7.210697839604251,45.92737875666921,-4.0,44.0,0.5675675675675675,548,0.5,0.0,tuned,0.5337837837837838,0.009974259974259936,True
2023_08_CLE_SEA,2023,8,202308,total,under,0.5958702064896755,-112.0,0.5283018867924528,loss,0.0,-1.0,4.579878911703564,39.40999983707081,-4.0,39.5,0.5675675675675675,548,0.5,0.0,tuned,0.5337837837837838,0.005481896991330948,True
2023_08_HOU_CAR,2023,8,202308,total,under,0.696165191740413,-110.0,0.5238095238095238,win,1.0,0.9090909090909091,1.172896762715282,38.89632568618127,3.0,43.0,0.6666666666666666,548,0.5,0.0,tuned,0.5833333333333333,0.05952380952380942,True
2023_08_JAX_PIT,2023,8,202308,total,under,0.5781710914454277,-110.0,0.5238095238095238,win,1.0,0.9090909090909091,-0.7356530760037516,41.24771466594681,2.5,41.0,0.5675675675675675,548,0.5,0.0,tuned,0.5337837837837838,0.009974259974259936,True
2023_08_KC_DEN,2023,8,202308,total,under,0.6194690265486726,-110.0,0.5238095238095238,win,1.0,0.9090909090909091,-15.075793237932167,44.67820135720791,7.0,45.5,0.5925925925925926,548,0.5,0.0,tuned,0.5462962962962963,0.022486772486772444,True
2023_08_LA_DAL,2023,8,202308,total,over,0.4631268436578171,-110.0,0.5238095238095238,win,1.0,0.9090909090909091,4.998891332968164,46.72913849528928,-6.5,44.5,0.5,548,0.5,0.0,tuned,0.5,-0.023809523809523836,False
2023_08_LV_DET,2023,8,202308,total,over,0.6224188790560472,-110.0,0.5238095238095238,loss,0.0,-1.0,5.572870460742863,52.10063325784585,-7.0,46.0,0.5925925925925926,548,0.5,0.0,tuned,0.5462962962962963,0.022486772486772444,True
2023_08_MIN_GB,2023,8,202308,total,under,0.5103244837758112,-108.0,0.5192307692307693,win,1.0,0.9259259259259259,0.230631176227253,44.48398969856872,1.0,41.5,0.5,548,0.5,0.0,tuned,0.5,-0.019230769230769273,False
2023_08_NE_MIA,2023,8,202308,total,under,0.6932153392330384,-110.0,0.5238095238095238,loss,0.0,-1.0,9.701680409894877,42.40372835978873,-7.5,46.5,0.6666666666666666,548,0.5,0.0,tuned,0.5833333333333333,0.05952380952380942,True
2023_08_NO_IND,2023,8,202308,total,over,0.5073746312684366,-110.0,0.5238095238095238,win,1.0,0.9090909090909091,-4.028229383736903,46.79766453829824,2.0,43.5,0.5,548,0.5,0.0,tuned,0.5,-0.023809523809523836,False
2023_08_NYJ_NYG,2023,8,202308,total,over,0.49262536873156343,-108.0,0.5192307692307693,loss,0.0,-1.0,2.8680355246069613,37.98844052472137,3.0,35.0,0.5,548,0.5,0.0,tuned,0.5,-0.019230769230769273,False
2023_08_PHI_WAS,2023,8,202308,total,under,0.5486725663716814,-110.0,0.5238095238095238,loss,0.0,-1.0,-7.467243715532327,43.938815328370175,7.0,42.5,0.5675675675675675,548,0.5,0.0,tuned,0.5337837837837838,0.009974259974259936,True
2023_08_TB_BUF,2023,8,202308,total,under,0.5486725663716814,-110.0,0.5238095238095238,win,1.0,0.9090909090909091,12.273597352171146,44.49333931939048,-10.0,43.0,0.5675675675675675,548,0.5,0.0,tuned,0.5337837837837838,0.009974259974259936,True
2023_09_BUF_CIN,2023,9,202309,spread,away,0.6666666666666667,-108.0,0.5192307692307693,loss,0.0,-1.0,-4.251437589502455,46.39155822704454,-1.5,51.0,0.5535055350553506,562,0.25,0.01,tuned,0.5133763837638377,-0.005854385466931622,False
2023_09_CHI_NO,2023,9,202309,spread,away,0.6299435028248588,-108.0,0.5192307692307693,win,1.0,0.9259259259259259,4.593009790739217,41.22266007654694,-9.0,42.0,0.5535055350553506,562,0.25,0.01,tuned,0.5133763837638377,-0.005854385466931622,False
2023_09_DAL_PHI,2023,9,202309,spread,home,0.3926553672316384,-102.0,0.504950495049505,win,1.0,0.9803921568627451,0.2869023339643226,46.53993796336909,-3.5,46.5,0.44649446494464945,562,0.25,0.01,tuned,0.48662361623616235,-0.018326878813342606,False
2023_09_IND_CAR,2023,9,202309,spread,home,0.652542372881356,-112.0,0.5283018867924528,loss,0.0,-1.0,1.3640211193913183,44.05285232933157,1.5,45.0,0.5535055350553506,562,0.25,0.01,tuned,0.5133763837638377,-0.014925503028615172,False
2023_09_LAC_NYJ,2023,9,202309,spread,home,0.4265536723163842,-102.0,0.504950495049505,loss,0.0,-1.0,-5.547505693550172,42.05560671478904,3.0,41.0,0.44649446494464945,562,0.25,0.01,tuned,0.48662361623616235,-0.018326878813342606,False
2023_09_LA_GB,2023,9,202309,spread,away,0.6186440677966102,-108.0,0.5192307692307693,loss,0.0,-1.0,0.0260083967630632,44.24972134123856,-3.5,38.0,0.5535055350553506,562,0.25,0.01,tuned,0.5133763837638377,-0.005854385466931622,False
2023_09_MIA_KC,2023,9,202309,spread,home,0.6581920903954802,-108.0,0.5192307692307693,win,1.0,0.9259259259259259,4.025507926950246,48.02033099258343,-1.0,51.0,0.5535055350553506,562,0.25,0.01,tuned,0.5133763837638377,-0.005854385466931622,False
2023_09_MIN_ATL,2023,9,202309,spread,away,0.6242937853107344,-108.0,0.5192307692307693,win,1.0,0.9259259259259259,-0.6086583060880819,40.46638186368763,-3.5,38.5,0.5535055350553506,562,0.25,0.01,tuned,0.5133763837638377,-0.005854385466931622,False
2023_09_SEA_BAL,2023,9,202309,spread,away,0.6497175141242938,-110.0,0.5238095238095238,loss,0.0,-1.0,0.99352424772624,44.63111658286306,-6.0,44.5,0.5535055350553506,562,0.25,0.01,tuned,0.5133763837638377,-0.010433140045686184,False
2023_09_TB_HOU,2023,9,202309,spread,away,0.5734463276836158,100.0,0.5,win,1.0,1.0,0.0164236454129683,45.23357013775427,-2.5,39.5,0.5535055350553506,562,0.25,0.01,tuned,0.5133763837638377,0.013376383763837651,True
2023_09_WAS_NE,2023,9,202309,spread,away,0.4915254237288136,100.0,0.5,win,1.0,1.0,1.6989574610407376,39.11497454918033,-2.5,40.5,0.44649446494464945,562,0.25,0.01,tuned,0.48662361623616235,-0.013376383763837651,False
2023_09_BUF_CIN,2023,9,202309,total,under,0.7062146892655368,-110.0,0.5238095238095238,win,1.0,0.9090909090909091,-4.251437589502455,46.39155822704454,-1.5,51.0,0.6538461538461539,578,0.25,0.0,tuned,0.5384615384615384,0.0146520146520146,True
2023_09_CHI_NO,2023,9,202309,total,under,0.615819209039548,-110.0,0.5238095238095238,win,1.0,0.9090909090909091,4.593009790739217,41.22266007654694,-9.0,42.0,0.5892857142857143,578,0.25,0.0,tuned,0.5223214285714286,-0.0014880952380952328,False
2023_09_DAL_PHI,2023,9,202309,total,under,0.5875706214689266,-110.0,0.5238095238095238,loss,0.0,-1.0,0.2869023339643226,46.53993796336909,-3.5,46.5,0.5625,578,0.25,0.0,tuned,0.515625,-0.008184523809523836,False
2023_09_IND_CAR,2023,9,202309,total,under,0.6186440677966102,-110.0,0.5238095238095238,win,1.0,0.9090909090909091,1.3640211193913183,44.05285232933157,1.5,45.0,0.5892857142857143,578,0.25,0.0,tuned,0.5223214285714286,-0.0014880952380952328,False
2023_09_LAC_NYJ,2023,9,202309,total,under,0.5564971751412429,-110.0,0.5238095238095238,win,1.0,0.9090909090909091,-5.547505693550172,42.05560671478904,3.0,41.0,0.5625,578,0.25,0.0,tuned,0.515625,-0.008184523809523836,False
2023_09_LA_GB,2023,9,202309,total,over,0.6271186440677966,-108.0,0.5192307692307693,loss,0.0,-1.0,0.0260083967630632,44.24972134123856,-3.5,38.0,0.5892857142857143,578,0.25,0.0,tuned,0.5223214285714286,0.0030906593406593297,True
2023_09_MIA_KC,2023,9,202309,total,under,0.6779661016949152,-108.0,0.5192307692307693,win,1.0,0.9259259259259259,4.025507926950246,48.02033099258343,-1.0,51.0,0.6538461538461539,578,0.25,0.0,tuned,0.5384615384615384,0.019230769230769162,True
2023_09_MIN_ATL,2023,9,202309,total,under,0.5423728813559322,-112.0,0.5283018867924528,loss,0.0,-1.0,-0.6086583060880819,40.46638186368763,-3.5,38.5,0.5555555555555556,578,0.25,0.0,tuned,0.5138888888888888,-0.014412997903563984,False
2023_09_SEA_BAL,2023,9,202309,total,under,0.576271186440678,-112.0,0.5283018867924528,win,1.0,0.8928571428571429,0.99352424772624,44.63111658286306,-6.0,44.5,0.5625,578,0.25,0.0,tuned,0.515625,-0.012676886792452824,False
2023_09_TB_HOU,2023,9,202309,total,over,0.6101694915254238,-110.0,0.5238095238095238,win,1.0,0.9090909090909091,0.0164236454129683,45.23357013775427,-2.5,39.5,0.57504677525864,578,0.25,0.0,tuned,0.51876169381466,-0.005047829994863862,False
2023_09_WAS_NE,2023,9,202309,total,under,0.6355932203389831,-110.0,0.5238095238095238,win,1.0,0.9090909090909091,1.6989574610407376,39.11497454918033,-2.5,40.5,0.5892857142857143,578,0.25,0.0,tuned,0.5223214285714286,-0.0014880952380952328,False
2023_10_ATL_ARI,2023,10,202310,spread,away,0.5835616438356164,-110.0,0.5238095238095238,loss,0.0,-1.0,-4.882933380969312,44.68200223815305,2.0,43.5,0.55,584,0.25,0.01,tuned,0.5125,-0.01130952380952388,False
2023_10_CAR_CHI,2023,10,202310,spread,away,0.38082191780821917,100.0,0.5,push,,0.0,4.936808628139034,37.46982606776699,-3.0,38.0,0.45,584,0.25,0.01,tuned,0.4875,-0.012500000000000011,False
2023_10_CLE_BAL,2023,10,202310,spread,home,0.5534246575342465,-108.0,0.5192307692307693,loss,0.0,-1.0,6.268622012388493,39.64199112672177,-6.0,38.5,0.55,584,0.25,0.01,tuned,0.5125,-0.006730769230769318,False
2023_10_DEN_BUF,2023,10,202310,spread,home,0.7780821917808219,-108.0,0.5192307692307693,loss,0.0,-1.0,15.29859035134166,45.44766444712119,-7.5,47.5,0.55,584,0.25,0.01,tuned,0.5125,-0.006730769230769318,False
2023_10_DET_LAC,2023,10,202310,spread,home,0.5863013698630137,-110.0,0.5238095238095238,loss,0.0,-1.0,-1.3311068087416398,50.44576869718614,2.5,48.5,0.55,584,0.25,0.01,tuned,0.5125,-0.01130952380952388,False
2023_10_GB_PIT,2023,10,202310,spread,away,0.5780821917808219,100.0,0.5,loss,0.0,-1.0,0.2512460455991299,42.11346587213799,-3.0,38.5,0.55,584,0.25,0.01,tuned,0.5125,0.012499999999999956,True
2023_10_HOU_CIN,2023,10,202310,spread,home,0.6301369863013698,-110.0,0.5238095238095238,loss,0.0,-1.0,7.932343796860149,45.504171057038505,-5.5,46.0,0.55,584,0.25,0.01,tuned,0.5125,-0.01130952380952388,False
2023_10_IND_NE,2023,10,202310,spread,home,0.6246575342465753,-110.0,0.5238095238095238,loss,0.0,-1.0,1.1808397125982149,42.50601119252623,1.0,42.0,0.55,584,0.25,0.01,tuned,0.5125,-0.01130952380952388,False
2023_10_NO_MIN,2023,10,202310,spread,home,0.6054794520547945,-115.0,0.5348837209302325,win,1.0,0.8695652173913043,-1.2562900399512034,44.31819433307157,3.0,41.0,0.55,584,0.25,0.01,tuned,0.5125,-0.022383720930232553,False
2023_10_NYJ_LV,2023,10,202310,spread,home,0.7452054794520548,-112.0,0.5283018867924528,win,1.0,0.8928571428571429,5.474002800612724,38.61925608751595,1.0,35.5,0.55,584,0.25,0.01,tuned,0.5125,-0.01580188679245287,False
2023_10_SF_JAX,2023,10,202310,spread,away,0.526027397260274,-112.0,0.5283018867924528,win,1.0,0.8928571428571429,-4.598780171772623,43.9824972395754,3.0,44.5,0.55,584,0.25,0.01,tuned,0.5125,-0.01580188679245287,False
2023_10_TEN_TB,2023,10,202310,spread,home,0.5753424657534246,-115.0,0.5348837209302325,win,1.0,0.8695652173913043,3.1260267975920213,46.9517603746125,-2.5,39.5,0.55,584,0.25,0.01,tuned,0.5125,-0.022383720930232553,False
2023_10_WAS_SEA,2023,10,202310,spread,away,0.5068493150684932,-110.0,0.5238095238095238,win,1.0,0.9090909090909091,4.897893819649157,41.58397783520112,-6.0,44.0,0.5,584,0.25,0.01,tuned,0.5,-0.023809523809523836,False
2023_10_ATL_ARI,2023,10,202310,total,under,0.5534246575342465,-108.0,0.5192307692307693,loss,0.0,-1.0,-4.882933380969312,44.68200223815305,2.0,43.5,0.5648854961832062,600,0.5,0.02,tuned,0.5324427480916031,0.013211978860833806,False
2023_10_CAR_CHI,2023,10,202310,total,under,0.6109589041095891,-105.0,0.5121951219512195,win,1.0,0.9523809523809523,4.936808628139034,37.46982606776699,-3.0,38.0,0.6065573770491803,600,0.5,0.02,tuned,0.5532786885245902,0.041083566573370645,True
2023_10_CLE_BAL,2023,10,202310,total,under,0.5561643835616439,-108.0,0.5192307692307693,loss,0.0,-1.0,6.268622012388493,39.64199112672177,-6.0,38.5,0.5648854961832062,600,0.5,0.02,tuned,0.5324427480916031,0.013211978860833806,False
2023_10_DEN_BUF,2023,10,202310,total,under,0.6602739726027398,-112.0,0.5283018867924528,win,1.0,0.8928571428571429,15.29859035134166,45.44766444712119,-7.5,47.5,0.6065573770491803,600,0.5,0.02,tuned,0.5532786885245902,0.024976801732137344,True
2023_10_DET_LAC,2023,10,202310,total,under,0.547945205479452,-110.0,0.5238095238095238,loss,0.0,-1.0,-1.3311068087416398,50.44576869718614,2.5,48.5,0.5357142857142857,600,0.5,0.02,tuned,0.5178571428571428,-0.005952380952381042,False
2023_10_GB_PIT,2023,10,202310,total,over,0.5232876712328767,-108.0,0.5192307692307693,win,1.0,0.9259259259259259,0.2512460455991299,42.11346587213799,-3.0,38.5,0.5,600,0.5,0.02,tuned,0.5,-0.019230769230769273,False
2023_10_HOU_CIN,2023,10,202310,total,under,0.6109589041095891,-110.0,0.5238095238095238,loss,0.0,-1.0,7.932343796860149,45.504171057038505,-5.5,46.0,0.6065573770491803,600,0.5,0.02,tuned,0.5532786885245902,0.02946916471506633,True
2023_10_IND_NE,2023,10,202310,total,under,0.5753424657534247,-110.0,0.5238095238095238,win,1.0,0.9090909090909091,1.1808397125982149,42.50601119252623,1.0,42.0,0.5648854961832062,600,0.5,0.02,tuned,0.5324427480916031,0.008633224282079244,False
2023_10_NO_MIN,2023,10,202310,total,over,0.5068493150684932,-108.0,0.5192307692307693,win,1.0,0.9259259259259259,-1.2562900399512034,44.31819433307157,3.0,41.0,0.5,600,0.5,0.02,tuned,0.5,-0.019230769230769273,False
2023_10_NYJ_LV,2023,10,202310,total,over,0.5013698630136987,-108.0,0.5192307692307693,loss,0.0,-1.0,5.474002800612724,38.61925608751595,1.0,35.5,0.5,600,0.5,0.02,tuned,0.5,-0.019230769230769273,False
2023_10_SF_JAX,2023,10,202310,total,under,0.6109589041095891,-112.0,0.5283018867924528,win,1.0,0.8928571428571429,-4.598780171772623,43.9824972395754,3.0,44.5,0.6065573770491803,600,0.5,0.02,tuned,0.5532786885245902,0.024976801732137344,True
2023_10_TEN_TB,2023,10,202310,total,over,0.663013698630137,-110.0,0.5238095238095238,loss,0.0,-1.0,3.1260267975920213,46.9517603746125,-2.5,39.5,0.6065573770491803,600,0.5,0.02,tuned,0.5532786885245902,0.02946916471506633,True
2023_10_WAS_SEA,2023,10,202310,total,under,0.6657534246575343,-112.0,0.5283018867924528,loss,0.0,-1.0,4.897893819649157,41.58397783520112,-6.0,44.0,0.6065573770491803,600,0.5,0.02,tuned,0.5532786885245902,0.024976801732137344,True
2023_11_ARI_HOU,2023,11,202311,spread,home,0.5423280423280423,-112.0,0.5283018867924528,loss,0.0,-1.0,5.60666072333216,48.00632619970285,-5.5,48.0,0.54421768707483,608,0.25,0.01,tuned,0.5110544217687075,-0.0172474650237453,False
2023_11_CHI_DET,2023,11,202311,spread,home,0.5793650793650794,-110.0,0.5238095238095238,loss,0.0,-1.0,9.260376934322908,47.9389072874531,-8.0,48.0,0.54421768707483,608,0.25,0.01,tuned,0.5110544217687075,-0.012755102040816313,False
2023_11_CIN_BAL,2023,11,202311,spread,away,0.5317460317460317,-112.0,0.5283018867924528,loss,0.0,-1.0,2.4298785362967026,44.31657436485053,-4.0,46.5,0.54421768707483,608,0.25,0.01,tuned,0.5110544217687075,-0.0172474650237453,False
2023_11_DAL_CAR,2023,11,202311,spread,home,0.6243386243386243,-110.0,0.5238095238095238,loss,0.0,-1.0,-8.951232610525743,42.99237572463327,11.0,43.0,0.54421768707483,608,0.25,0.01,tuned,0.5110544217687075,-0.012755102040816313,False
2023_11_LAC_GB,2023,11,202311,spread,home,0.6216931216931217,-110.0,0.5238095238095238,win,1.0,0.9090909090909091,-1.0217991487734526,44.62501634383943,3.0,44.0,0.54421768707483,608,0.25,0.01,tuned,0.5110544217687075,-0.012755102040816313,False
2023_11_LV_MIA,2023,11,202311,spread,away,0.7142857142857143,-110.0,0.5238095238095238,win,1.0,0.9090909090909091,6.789806697894456,42.35920202797399,-14.0,44.5,0.54421768707483,608,0.25,0.01,tuned,0.5110544217687075,-0.012755102040816313,False
2023_11_MIN_DEN,2023,11,202311,spread,away,0.7063492063492063,-102.0,0.504950495049505,win,1.0,0.9803921568627451,-4.3224367418141645,42.39114973765178,-2.5,43.5,0.54421768707483,608,0.25,0.01,tuned,0.5110544217687075,0.006103926719202568,False
2023_11_NYG_WAS,2023,11,202311,spread,away,0.6243386243386244,-110.0,0.5238095238095238,win,1.0,0.9090909090909091,3.6467343248573703,39.86615096657972,-7.5,39.0,0.54421768707483,608,0.25,0.01,tuned,0.5110544217687075,-0.012755102040816313,False
2023_11_NYJ_BUF,2023,11,202311,spread,home,0.746031746031746,-112.0,0.5283018867924528,win,1.0,0.8928571428571429,14.519555062580803,37.19117133363224,-8.0,39.5,0.54421768707483,608,0.25,0.01,tuned,0.5110544217687075,-0.0172474650237453,False
2023_11_PHI_KC,2023,11,202311,spread,away,0.33333333333333337,100.0,0.5,win,1.0,1.0,5.775391142615522,46.52213948232379,-2.5,46.0,0.4557823129251701,608,0.25,0.01,tuned,0.48894557823129253,-0.011054421768707468,False
2023_11_SEA_LA,2023,11,202311,spread,away,0.701058201058201,-110.0,0.5238095238095238,win,1.0,0.9090909090909091,-4.056331234394024,47.81629849704076,-2.5,45.0,0.54421768707483,608,0.25,0.01,tuned,0.5110544217687075,-0.012755102040816313,False
2023_11_TB_SF,2023,11,202311,spread,away,0.537037037037037,-110.0,0.5238095238095238,win,1.0,0.9090909090909091,11.8472586224836,47.24756797815336,-13.5,41.5,0.54421768707483,608,0.25,0.01,tuned,0.5110544217687075,-0.012755102040816313,False
2023_11_TEN_JAX,2023,11,202311,spread,away,0.4841269841269841,-105.0,0.5121951219512195,loss,0.0,-1.0,5.861139865428587,43.49580197542489,-6.5,40.0,0.4557823129251701,608,0.25,0.01,tuned,0.48894557823129253,-0.02324954371992699,False
2023_11_ARI_HOU,2023,11,202311,total,under,0.5925925925925926,-110.0,0.5238095238095238,win,1.0,0.9090909090909091,5.60666072333216,48.00632619970285,-5.5,48.0,0.5597014925373134,626,0.5,0.02,tuned,0.5298507462686567,0.006041222459132856,False
2023_11_CHI_DET,2023,11,202311,total,under,0.5925925925925926,-110.0,0.5238095238095238,loss,0.0,-1.0,9.260376934322908,47.9389072874531,-8.0,48.0,0.5597014925373134,626,0.5,0.02,tuned,0.5298507462686567,0.006041222459132856,False
2023_11_CIN_BAL,2023,11,202311,total,under,0.6613756613756614,-112.0,0.5283018867924528,loss,0.0,-1.0,2.4298785362967026,44.31657436485053,-4.0,46.5,0.5970149253731343,626,0.5,0.02,tuned,0.5485074626865671,0.020205575894114314,True
2023_11_DAL_CAR,2023,11,202311,total,under,0.5925925925925926,-108.0,0.5192307692307693,push,,0.0,-8.951232610525743,42.99237572463327,11.0,43.0,0.5597014925373134,626,0.5,0.02,tuned,0.5298507462686567,0.010619977037887418,False
2023_11_LAC_GB,2023,11,202311,total,under,0.5634920634920635,-108.0,0.5192307692307693,win,1.0,0.9259259259259259,-1.0217991487734526,44.62501634383943,3.0,44.0,0.5597014925373134,626,0.5,0.02,tuned,0.5298507462686567,0.010619977037887418,False
2023_11_LV_MIA,2023,11,202311,total,under,0.6613756613756614,-110.0,0.5238095238095238,win,1.0,0.9090909090909091,6.789806697894456,42.35920202797399,-14.0,44.5,0.5970149253731343,626,0.5,0.02,tuned,0.5485074626865671,0.0246979388770433,True
2023_11_MIN_DEN,2023,11,202311,total,under,0.6243386243386244,-115.0,0.5348837209302325,win,1.0,0.8695652173913043,-4.3224367418141645,42.39114973765178,-2.5,43.5,0.5970149253731343,626,0.5,0.02,tuned,0.5485074626865671,0.013623741756334629,False
2023_11_NYG_WAS,2023,11,202311,total,under,0.5582010582010581,-110.0,0.5238095238095238,loss,0.0,-1.0,3.6467343248573703,39.86615096657972,-7.5,39.0,0.5597014925373134,626,0.5,0.02,tuned,0.5298507462686567,0.006041222459132856,False
2023_11_NYJ_BUF,2023,11,202311,total,under,0.6613756613756614,-112.0,0.5283018867924528,win,1.0,0.8928571428571429,14.519555062580803,37.19117133363224,-8.0,39.5,0.5970149253731343,626,0.5,0.02,tuned,0.5485074626865671,0.020205575894114314,True
2023_11_PHI_KC,2023,11,202311,total,under,0.5687830687830688,-108.0,0.5192307692307693,win,1.0,0.9259259259259259,5.775391142615522,46.52213948232379,-2.5,46.0,0.5597014925373134,626,0.5,0.02,tuned,0.5298507462686567,0.010619977037887418,False
2023_11_SEA_LA,2023,11,202311,total,under,0.5132275132275133,-108.0,0.5192307692307693,win,1.0,0.9259259259259259,-4.056331234394024,47.81629849704076,-2.5,45.0,0.5106382978723404,626,0.5,0.02,tuned,0.5053191489361701,-0.013911620294599136,False
2023_11_TB_SF,2023,11,202311,total,over,0.6137566137566137,-112.0,0.5283018867924528,loss,0.0,-1.0,11.8472586224836,47.24756797815336,-13.5,41.5,0.5970149253731343,626,0.5,0.02,tuned,0.5485074626865671,0.020205575894114314,True
2023_11_TEN_JAX,2023,11,202311,total,over,0.5185185185185185,-110.0,0.5238095238095238,win,1.0,0.9090909090909091,5.861139865428587,43.49580197542489,-6.5,40.0,0.5106382978723404,626,0.5,0.02,tuned,0.5053191489361701,-0.0184903748733537,False
2023_12_BAL_LAC,2023,12,202312,spread,home,0.5754475703324808,-105.0,0.5121951219512195,loss,0.0,-1.0,-2.1315684066079816,49.71035454940191,3.0,49.0,0.5472312703583062,634,0.25,0.01,tuned,0.5118078175895766,-0.00038730436164291504,False
2023_12_BUF_PHI,2023,12,202312,spread,away,0.7135549872122762,-105.0,0.5121951219512195,loss,0.0,-1.0,-4.392134678131537,47.26957797540168,-2.5,49.0,0.5472312703583062,634,0.25,0.01,tuned,0.5118078175895766,-0.00038730436164291504,False
2023_12_CAR_TEN,2023,12,202312,spread,away,0.5242966751918159,-112.0,0.5283018867924528,loss,0.0,-1.0,2.1390295037020666,40.22635692126876,-3.5,36.0,0.5472312703583062,634,0.25,0.01,tuned,0.5118078175895766,-0.016494069202876216,False
2023_12_CHI_MIN,2023,12,202312,spread,home,0.649616368286445,-115.0,0.5348837209302325,loss,0.0,-1.0,5.667058172442863,44.18702316614168,-3.0,43.5,0.5472312703583062,634,0.25,0.01,tuned,0.5118078175895766,-0.0230759033406559,False
2023_12_CLE_DEN,2023,12,202312,spread,away,0.690537084398977,-110.0,0.5238095238095238,loss,0.0,-1.0,-4.712420899729371,37.10771805611148,-1.5,37.5,0.5472312703583062,634,0.25,0.01,tuned,0.5118078175895766,-0.012001706219947228,False
2023_12_GB_DET,2023,12,202312,spread,away,0.5242966751918159,-105.0,0.5121951219512195,win,1.0,0.9523809523809523,7.061258272308013,50.30948008106509,-8.5,47.0,0.5472312703583062,634,0.25,0.01,tuned,0.5118078175895766,-0.00038730436164291504,False
2023_12_JAX_HOU,2023,12,202312,spread,home,0.5754475703324808,-110.0,0.5238095238095238,loss,0.0,-1.0,-0.2214999217630271,47.3248849770258,1.0,48.0,0.5472312703583062,634,0.25,0.01,tuned,0.5118078175895766,-0.012001706219947228,False
2023_12_KC_LV,2023,12,202312,spread,home,0.6214833759590793,-110.0,0.5238095238095238,loss,0.0,-1.0,-7.038180500252244,44.17218615628117,9.0,42.5,0.5472312703583062,634,0.25,0.01,tuned,0.5118078175895766,-0.012001706219947228,False
2023_12_LA_ARI,2023,12,202312,spread,home,0.6214833759590793,-115.0,0.5348837209302325,loss,0.0,-1.0,-1.0533996641116616,42.36835661398358,3.0,45.0,0.5472312703583062,634,0.25,0.01,tuned,0.5118078175895766,-0.0230759033406559,False
2023_12_MIA_NYJ,2023,12,202312,spread,home,0.5447570332480819,100.0,0.5,loss,0.0,-1.0,-9.370286992959286,37.86734547890349,9.5,40.0,0.5472312703583062,634,0.25,0.01,tuned,0.5118078175895766,0.011807817589576608,True
2023_12_NE_NYG,2023,12,202312,spread,home,0.6470588235294118,-112.0,0.5283018867924528,win,1.0,0.8928571428571429,-1.9207420602656755,37.42768895010356,4.5,36.5,0.5472312703583062,634,0.25,0.01,tuned,0.5118078175895766,-0.016494069202876216,False
2023_12_NO_ATL,2023,12,202312,spread,home,0.5345268542199488,-110.0,0.5238095238095238,win,1.0,0.9090909090909091,-2.1063496184640838,45.2053699524598,2.0,42.0,0.5472312703583062,634,0.25,0.01,tuned,0.5118078175895766,-0.012001706219947228,False
2023_12_SF_SEA,2023,12,202312,spread,home,0.5447570332480819,-108.0,0.5192307692307693,loss,0.0,-1.0,-6.952999112128998,46.04575898940849,7.0,43.5,0.5472312703583062,634,0.25,0.01,tuned,0.5118078175895766,-0.0074229516411926655,False
2023_12_TB_IND,2023,12,202312,spread,away,0.5805626598465473,-105.0,0.5121951219512195,loss,0.0,-1.0,-0.2009877018763612,48.53744065184056,-2.5,45.0,0.5472312703583062,634,0.25,0.01,tuned,0.5118078175895766,-0.00038730436164291504,False
2023_12_WAS_DAL,2023,12,202312,spread,away,0.629156010230179,-110.0,0.5238095238095238,loss,0.0,-1.0,8.975025678332036,48.527574274920525,-13.0,48.0,0.5472312703583062,634,0.25,0.01,tuned,0.5118078175895766,-0.012001706219947228,False
2023_12_BAL_LAC,2023,12,202312,total,under,0.5626598465473146,-110.0,0.5238095238095238,win,1.0,0.9090909090909091,-2.1315684066079816,49.71035454940191,3.0,49.0,0.5611510791366906,650,0.5,0.0,tuned,0.5305755395683454,0.00676601575882152,True
2023_12_BUF_PHI,2023,12,202312,total,under,0.6521739130434783,-108.0,0.5192307692307693,loss,0.0,-1.0,-4.392134678131537,47.26957797540168,-2.5,49.0,0.5972222222222222,650,0.5,0.0,tuned,0.5486111111111112,0.029380341880341887,True
2023_12_CAR_TEN,2023,12,202312,total,over,0.5524296675191815,-108.0,0.5192307692307693,loss,0.0,-1.0,2.1390295037020666,40.22635692126876,-3.5,36.0,0.5611510791366906,650,0.5,0.0,tuned,0.5305755395683454,0.011344770337576082,True
2023_12_CHI_MIN,2023,12,202312,total,under,0.5626598465473146,-110.0,0.5238095238095238,win,1.0,0.9090909090909091,5.667058172442863,44.18702316614168,-3.0,43.5,0.5611510791366906,650,0.5,0.0,tuned,0.5305755395683454,0.00676601575882152,True
2023_12_CLE_DEN,2023,12,202312,total,under,0.6010230179028133,-110.0,0.5238095238095238,loss,0.0,-1.0,-4.712420899729371,37.10771805611148,-1.5,37.5,0.5611510791366906,650,0.5,0.0,tuned,0.5305755395683454,0.00676601575882152,True
2023_12_GB_DET,2023,12,202312,total,over,0.5140664961636828,-112.0,0.5283018867924528,win,1.0,0.8928571428571429,7.061258272308013,50.30948008106509,-8.5,47.0,0.5256410256410257,650,0.5,0.0,tuned,0.5128205128205128,-0.015481373971940049,False
2023_12_JAX_HOU,2023,12,202312,total,under,0.6163682864450128,-108.0,0.5192307692307693,win,1.0,0.9259259259259259,-0.2214999217630271,47.3248849770258,1.0,48.0,0.5972222222222222,650,0.5,0.0,tuned,0.5486111111111112,0.029380341880341887,True
2023_12_KC_LV,2023,12,202312,total,under,0.5396419437340154,-112.0,0.5283018867924528,loss,0.0,-1.0,-7.038180500252244,44.17218615628117,9.0,42.5,0.5256410256410257,650,0.5,0.0,tuned,0.5128205128205128,-0.015481373971940049,False
2023_12_LA_ARI,2023,12,202312,total,under,0.6726342710997442,-112.0,0.5283018867924528,loss,0.0,-1.0,-1.0533996641116616,42.36835661398358,3.0,45.0,0.6785714285714286,650,0.5,0.0,tuned,0.5892857142857143,0.06098382749326148,True
2023_12_MIA_NYJ,2023,12,202312,total,under,0.6624040920716112,-110.0,0.5238095238095238,loss,0.0,-1.0,-9.370286992959286,37.86734547890349,9.5,40.0,0.5972222222222222,650,0.5,0.0,tuned,0.5486111111111112,0.024801587301587324,True
2023_12_NE_NYG,2023,12,202312,total,under,0.5549872122762148,-105.0,0.5121951219512195,win,1.0,0.9523809523809523,-1.9207420602656755,37.42768895010356,4.5,36.5,0.5611510791366906,650,0.5,0.0,tuned,0.5305755395683454,0.018380417617125833,True
2023_12_NO_ATL,2023,12,202312,total,over,0.5115089514066496,-110.0,0.5238095238095238,loss,0.0,-1.0,-2.1063496184640838,45.2053699524598,2.0,42.0,0.5256410256410257,650,0.5,0.0,tuned,0.5128205128205128,-0.010989010989011061,False
2023_12_SF_SEA,2023,12,202312,total,under,0.5166240409207161,-115.0,0.5348837209302325,loss,0.0,-1.0,-6.952999112128998,46.04575898940849,7.0,43.5,0.5256410256410257,650,0.5,0.0,tuned,0.5128205128205128,-0.022063208109719734,False
2023_12_TB_IND,2023,12,202312,total,over,0.5242966751918159,-108.0,0.5192307692307693,win,1.0,0.9259259259259259,-0.2009877018763612,48.53744065184056,-2.5,45.0,0.5256410256410257,650,0.5,0.0,tuned,0.5128205128205128,-0.0064102564102564985,False
2023_12_WAS_DAL,2023,12,202312,total,under,0.5677749360613811,-112.0,0.5283018867924528,loss,0.0,-1.0,8.975025678332036,48.527574274920525,-13.0,48.0,0.5611510791366906,650,0.5,0.0,tuned,0.5305755395683454,0.002273652775892532,True
2023_13_ARI_PIT,2023,13,202313,spread,away,0.33251231527093594,-105.0,0.5121951219512195,win,1.0,0.9523809523809523,9.644774188175472,39.01220372063517,-6.0,41.0,0.468944099378882,664,0.25,0.01,tuned,0.4922360248447205,-0.019959097106499013,False
2023_13_ATL_NYJ,2023,13,202313,spread,away,0.6157635467980296,-108.0,0.5192307692307693,win,1.0,0.9259259259259259,-5.7344520047103575,33.88389298356521,2.0,33.0,0.531055900621118,664,0.25,0.01,tuned,0.5077639751552795,-0.011466794075489783,False
2023_13_CAR_TB,2023,13,202313,spread,home,0.5935960591133005,-110.0,0.5238095238095238,loss,0.0,-1.0,5.596498283638039,41.14742734886518,-4.0,37.0,0.531055900621118,664,0.25,0.01,tuned,0.5077639751552795,-0.016045548654244346,False
2023_13_CLE_LA,2023,13,202313,spread,away,0.6059113300492611,-110.0,0.5238095238095238,loss,0.0,-1.0,0.2309305541136888,44.78980375495569,-3.5,39.5,0.531055900621118,664,0.25,0.01,tuned,0.5077639751552795,-0.016045548654244346,False
2023_13_DEN_HOU,2023,13,202313,spread,home,0.5147783251231527,102.0,0.49504950495049505,win,1.0,1.02,3.0306737652545994,49.53686398652613,-3.5,47.5,0.531055900621118,664,0.25,0.01,tuned,0.5077639751552795,0.012714470204784445,True
2023_13_DET_NO,2023,13,202313,spread,home,0.645320197044335,-110.0,0.5238095238095238,loss,0.0,-1.0,-1.273822603949321,48.37533023299415,4.0,47.5,0.531055900621118,664,0.25,0.01,tuned,0.5077639751552795,-0.016045548654244346,False
2023_13_IND_TEN,2023,13,202313,spread,home,0.5763546798029556,-110.0,0.5238095238095238,loss,0.0,-1.0,-0.348954972909387,42.97996451878364,1.5,42.0,0.531055900621118,664,0.25,0.01,tuned,0.5077639751552795,-0.016045548654244346,False
2023_13_KC_GB,2023,13,202313,spread,home,0.5270935960591133,-102.0,0.504950495049505,win,1.0,0.9803921568627451,-5.701065554079129,44.07557352469921,5.5,43.5,0.531055900621118,664,0.25,0.01,tuned,0.5077639751552795,0.002813480105774535,False
2023_13_LAC_NE,2023,13,202313,spread,home,0.6625615763546798,-110.0,0.5238095238095238,loss,0.0,-1.0,-1.1698304890772648,43.28569693553259,4.5,38.5,0.531055900621118,664,0.25,0.01,tuned,0.5077639751552795,-0.016045548654244346,False
2023_13_MIA_WAS,2023,13,202313,spread,home,0.5935960591133005,-108.0,0.5192307692307693,loss,0.0,-1.0,-6.93810954027779,45.41054602255249,8.5,50.0,0.531055900621118,664,0.25,0.01,tuned,0.5077639751552795,-0.011466794075489783,False
2023_13_SEA_DAL,2023,13,202313,spread,away,0.5369458128078818,-102.0,0.504950495049505,win,1.0,0.9803921568627451,7.825131589946796,50.11365812243452,-9.5,47.5,0.531055900621118,664,0.25,0.01,tuned,0.5077639751552795,0.002813480105774535,False
2023_13_SF_PHI,2023,13,202313,spread,away,0.5369458128078818,-105.0,0.5121951219512195,win,1.0,0.9523809523809523,-4.78105949035465,34.53224536896718,3.0,46.5,0.531055900621118,664,0.25,0.01,tuned,0.5077639751552795,-0.004431146795940033,False
2023_13_ARI_PIT,2023,13,202313,total,under,0.6551724137931034,-112.0,0.5283018867924528,win,1.0,0.8928571428571429,9.644774188175472,39.01220372063517,-6.0,41.0,0.5866666666666667,680,0.25,0.0,tuned,0.5216666666666667,-0.006635220125786101,False
2023_13_ATL_NYJ,2023,13,202313,total,under,0.5566502463054187,-110.0,0.5238095238095238,win,1.0,0.9090909090909091,-5.7344520047103575,33.88389298356521,2.0,33.0,0.5586206896551724,680,0.25,0.0,tuned,0.5146551724137931,-0.009154351395730731,False
2023_13_CAR_TB,2023,13,202313,total,over,0.5566502463054187,-110.0,0.5238095238095238,win,1.0,0.9090909090909091,5.596498283638039,41.14742734886518,-4.0,37.0,0.5586206896551724,680,0.25,0.0,tuned,0.5146551724137931,-0.009154351395730731,False
2023_13_CLE_LA,2023,13,202313,total,over,0.5985221674876847,-110.0,0.5238095238095238,win,1.0,0.9090909090909091,0.2309305541136888,44.78980375495569,-3.5,39.5,0.5586206896551724,680,0.25,0.0,tuned,0.5146551724137931,-0.009154351395730731,False
2023_13_DEN_HOU,2023,13,202313,total,under,0.5320197044334976,-110.0,0.5238095238095238,win,1.0,0.9090909090909091,3.0306737652545994,49.53686398652613,-3.5,47.5,0.5180722891566264,680,0.25,0.0,tuned,0.5045180722891566,-0.019291451520367264,False
2023_13_DET_NO,2023,13,202313,total,under,0.5566502463054187,-108.0,0.5192307692307693,loss,0.0,-1.0,-1.273822603949321,48.37533023299415,4.0,47.5,0.5586206896551724,680,0.25,0.0,tuned,0.5146551724137931,-0.0045755968169761685,False
2023_13_IND_TEN,2023,13,202313,total,under,0.5517241379310345,-108.0,0.5192307692307693,loss,0.0,-1.0,-0.348954972909387,42.97996451878364,1.5,42.0,0.5586206896551724,680,0.25,0.0,tuned,0.5146551724137931,-0.0045755968169761685,False
2023_13_KC_GB,2023,13,202313,total,under,0.5640394088669951,-105.0,0.5121951219512195,loss,0.0,-1.0,-5.701065554079129,44.07557352469921,5.5,43.5,0.5586206896551724,680,0.25,0.0,tuned,0.5146551724137931,0.002460050462573582,True
2023_13_LAC_NE,2023,13,202313,total,over,0.5862068965517241,-112.0,0.5283018867924528,loss,0.0,-1.0,-1.1698304890772648,43.28569693553259,4.5,38.5,0.5586206896551724,680,0.25,0.0,tuned,0.5146551724137931,-0.013646714378659719,False
2023_13_MIA_WAS,2023,13,202313,total,under,0.7093596059113301,-110.0,0.5238095238095238,loss,0.0,-1.0,-6.93810954027779,45.41054602255249,8.5,50.0,0.6666666666666666,680,0.25,0.0,tuned,0.5416666666666666,0.017857142857142794,True
2023_13_SEA_DAL,2023,13,202313,total,under,0.5049261083743842,-110.0,0.5238095238095238,loss,0.0,-1.0,7.825131589946796,50.11365812243452,-9.5,47.5,0.5180722891566264,680,0.25,0.0,tuned,0.5045180722891566,-0.019291451520367264,False
2023_13_SF_PHI,2023,13,202313,total,under,0.8448275862068966,-108.0,0.5192307692307693,loss,0.0,-1.0,-4.78105949035465,34.53224536896718,3.0,46.5,1.0,680,0.25,0.0,tuned,0.625,0.10576923076923073,True
2023_14_BUF_KC,2023,14,202314,spread,away,0.5526315789473684,-110.0,0.5238095238095238,win,1.0,0.9090909090909091,0.0017861277791866,45.10625290165536,-2.0,49.5,0.5268817204301075,688,0.25,0.01,tuned,0.5067204301075269,-0.01708909370199696,False
2023_14_CAR_NO,2023,14,202314,spread,home,0.6363636363636364,-110.0,0.5238095238095238,win,1.0,0.9090909090909091,8.138678370867481,43.94647420527247,-5.5,39.0,0.5268817204301075,688,0.25,0.01,tuned,0.5067204301075269,-0.01708909370199696,False
2023_14_DET_CHI,2023,14,202314,spread,home,0.4354066985645933,100.0,0.5,win,1.0,1.0,-5.259562875108239,44.29383225581404,3.0,44.5,0.4731182795698925,688,0.25,0.01,tuned,0.4932795698924731,-0.006720430107526876,False
2023_14_GB_NYG,2023,14,202314,spread,home,0.5143540669856459,-108.0,0.5192307692307693,win,1.0,0.9259259259259259,-6.344740679613303,41.95218043965125,6.0,37.5,0.5268817204301075,688,0.25,0.01,tuned,0.5067204301075269,-0.012510339123242398,False
2023_14_HOU_NYJ,2023,14,202314,spread,away,0.4976076555023924,-108.0,0.5192307692307693,loss,0.0,-1.0,-4.251101836073084,39.97742652263887,3.5,33.5,0.5,688,0.25,0.01,tuned,0.5,-0.019230769230769273,False
2023_14_IND_CIN,2023,14,202314,spread,home,0.5119617224880383,-102.0,0.504950495049505,win,1.0,0.9803921568627451,2.5677801222367327,48.138456168225375,-3.0,45.0,0.5268817204301075,688,0.25,0.01,tuned,0.5067204301075269,0.0017699350580219209,False
2023_14_JAX_CLE,2023,14,202314,spread,away,0.5550239234449761,-108.0,0.5192307692307693,loss,0.0,-1.0,0.4735056917994953,42.803615003126176,-2.5,37.5,0.5268817204301075,688,0.25,0.01,tuned,0.5067204301075269,-0.012510339123242398,False
2023_14_LA_BAL,2023,14,202314,spread,home,0.47368421052631576,-105.0,0.5121951219512195,loss,0.0,-1.0,6.20658369634122,43.473767241337015,-7.5,42.0,0.4731182795698925,688,0.25,0.01,tuned,0.4932795698924731,-0.0189155520587464,False
2023_14_MIN_LV,2023,14,202314,spread,home,0.6483253588516746,-112.0,0.5283018867924528,push,,0.0,-0.1802662193173956,42.302882195281626,3.0,40.5,0.5268817204301075,688,0.25,0.01,tuned,0.5067204301075269,-0.021581456684925948,False
2023_14_NE_PIT,2023,14,202314,spread,home,0.5502392344497608,-102.0,0.504950495049505,loss,0.0,-1.0,6.475252780303954,35.41568604978727,-6.0,30.0,0.5268817204301075,688,0.25,0.01,tuned,0.5067204301075269,0.0017699350580219209,False
2023_14_PHI_DAL,2023,14,202314,spread,home,0.6674641148325359,-102.0,0.504950495049505,win,1.0,0.9803921568627451,7.410421665127343,55.23571112933718,-3.5,52.5,0.5268817204301075,688,0.25,0.01,tuned,0.5067204301075269,0.0017699350580219209,False
2023_14_SEA_SF,2023,14,202314,spread,away,0.562200956937799,-110.0,0.5238095238095238,win,1.0,0.9090909090909091,12.265419905852648,47.169942023318754,-14.5,44.5,0.5268817204301075,688,0.25,0.01,tuned,0.5067204301075269,-0.01708909370199696,False
2023_14_TB_ATL,2023,14,202314,spread,home,0.6148325358851675,-112.0,0.5283018867924528,loss,0.0,-1.0,3.574426590861105,44.50043907337112,-1.5,41.5,0.5268817204301075,688,0.25,0.01,tuned,0.5067204301075269,-0.021581456684925948,False
2023_14_TEN_MIA,2023,14,202314,spread,away,0.6220095693779905,-110.0,0.5238095238095238,win,1.0,0.9090909090909091,10.490083245568632,48.45825889906852,-14.0,45.0,0.5268817204301075,688,0.25,0.01,tuned,0.5067204301075269,-0.01708909370199696,False
2023_14_BUF_KC,2023,14,202314,total,under,0.6913875598086124,-110.0,0.5238095238095238,win,1.0,0.9090909090909091,0.0017861277791866,45.10625290165536,-2.0,49.5,0.625,704,0.25,0.0,tuned,0.53125,0.007440476190476164,True
2023_14_CAR_NO,2023,14,202314,total,over,0.5933014354066986,-110.0,0.5238095238095238,loss,0.0,-1.0,8.138678370867481,43.94647420527247,-5.5,39.0,0.5555555555555556,704,0.25,0.0,tuned,0.5138888888888888,-0.009920634920634996,False
2023_14_DET_CHI,2023,14,202314,total,under,0.5909090909090908,-110.0,0.5238095238095238,win,1.0,0.9090909090909091,-5.259562875108239,44.29383225581404,3.0,44.5,0.5555555555555556,704,0.25,0.0,tuned,0.5138888888888888,-0.009920634920634996,False
2023_14_GB_NYG,2023,14,202314,total,over,0.5741626794258373,-110.0,0.5238095238095238,win,1.0,0.9090909090909091,-6.344740679613303,41.95218043965125,6.0,37.5,0.5555555555555556,704,0.25,0.0,tuned,0.5138888888888888,-0.009920634920634996,False
2023_14_HOU_NYJ,2023,14,202314,total,over,0.6435406698564593,-110.0,0.5238095238095238,win,1.0,0.9090909090909091,-4.251101836073084,39.97742652263887,3.5,33.5,0.5921052631578947,704,0.25,0.0,tuned,0.5230263157894737,-0.0007832080200501634,False
2023_14_IND_CIN,2023,14,202314,total,over,0.5215311004784688,-110.0,0.5238095238095238,win,1.0,0.9090909090909091,2.5677801222367327,48.138456168225375,-3.0,45.0,0.5180722891566264,704,0.25,0.0,tuned,0.5045180722891566,-0.019291451520367264,False
2023_14_JAX_CLE,2023,14,202314,total,over,0.6028708133971292,-110.0,0.5238095238095238,win,1.0,0.9090909090909091,0.4735056917994953,42.803615003126176,-2.5,37.5,0.5555555555555556,704,0.25,0.0,tuned,0.5138888888888888,-0.009920634920634996,False
2023_14_LA_BAL,2023,14,202314,total,under,0.5382775119617225,-110.0,0.5238095238095238,loss,0.0,-1.0,6.20658369634122,43.473767241337015,-7.5,42.0,0.5180722891566264,704,0.25,0.0,tuned,0.5045180722891566,-0.019291451520367264,False
2023_14_MIN_LV,2023,14,202314,total,under,0.5311004784688995,-108.0,0.5192307692307693,win,1.0,0.9259259259259259,-0.1802662193173956,42.302882195281626,3.0,40.5,0.5180722891566264,704,0.25,0.0,tuned,0.5045180722891566,-0.014712696941612702,False
2023_14_NE_PIT,2023,14,202314,total,over,0.6052631578947368,-115.0,0.5348837209302325,win,1.0,0.8695652173913043,6.475252780303954,35.41568604978727,-6.0,30.0,0.5555555555555556,704,0.25,0.0,tuned,0.5138888888888888,-0.02099483204134367,False
2023_14_PHI_DAL,2023,14,202314,total,over,0.5,-110.0,0.5238095238095238,loss,0.0,-1.0,7.410421665127343,55.23571112933718,-3.5,52.5,0.5,704,0.25,0.0,tuned,0.5,-0.023809523809523836,False
2023_14_SEA_SF,2023,14,202314,total,over,0.5,-110.0,0.5238095238095238,loss,0.0,-1.0,12.265419905852648,47.169942023318754,-14.5,44.5,0.5,704,0.25,0.0,tuned,0.5,-0.023809523809523836,False
2023_14_TB_ATL,2023,14,202314,total,over,0.5119617224880383,-110.0,0.5238095238095238,win,1.0,0.9090909090909091,3.574426590861105,44.50043907337112,-1.5,41.5,0.5180722891566264,704,0.25,0.0,tuned,0.5045180722891566,-0.019291451520367264,False
2023_14_TEN_MIA,2023,14,202314,total,over,0.5287081339712919,-112.0,0.5283018867924528,win,1.0,0.8928571428571429,10.490083245568632,48.45825889906852,-14.0,45.0,0.5180722891566264,704,0.25,0.0,tuned,0.5045180722891566,-0.023783814503296252,False
2023_15_ATL_CAR,2023,15,202315,spread,away,0.5416666666666667,-102.0,0.504950495049505,loss,0.0,-1.0,-4.803050848546944,35.21153158661291,3.0,32.0,0.5317919075144509,714,0.25,0.01,tuned,0.5079479768786127,0.002997481829107751,False
2023_15_BAL_JAX,2023,15,202315,spread,home,0.5092592592592593,-110.0,0.5238095238095238,loss,0.0,-1.0,-4.527063664250239,42.44033474336599,4.0,42.5,0.5317919075144509,714,0.25,0.01,tuned,0.5079479768786127,-0.01586154693091113,False
2023_15_CHI_CLE,2023,15,202315,spread,home,0.5648148148148148,100.0,0.5,push,,0.0,3.6916677356020138,38.16232917253865,-3.0,38.0,0.5317919075144509,714,0.25,0.01,tuned,0.5079479768786127,0.007947976878612706,False
2023_15_DAL_BUF,2023,15,202315,spread,away,0.5324074074074074,-108.0,0.5192307692307693,loss,0.0,-1.0,0.500559610700813,48.30227319327886,-2.0,49.5,0.5317919075144509,714,0.25,0.01,tuned,0.5079479768786127,-0.011282792352156568,False
2023_15_DEN_DET,2023,15,202315,spread,home,0.5671296296296297,-112.0,0.5283018867924528,win,1.0,0.8928571428571429,6.495217351843792,49.064552579664586,-5.5,49.0,0.5317919075144509,714,0.25,0.01,tuned,0.5079479768786127,-0.020353909913840118,False
2023_15_HOU_TEN,2023,15,202315,spread,away,0.6087962962962963,100.0,0.5,win,1.0,1.0,-0.1846452715425679,43.93342550970566,-3.0,38.0,0.5317919075144509,714,0.25,0.01,tuned,0.5079479768786127,0.007947976878612706,False
2023_15_KC_NE,2023,15,202315,spread,home,0.5717592592592593,-108.0,0.5192307692307693,push,,0.0,-8.927127351883515,42.59540823448059,10.0,39.5,0.5317919075144509,714,0.25,0.01,tuned,0.5079479768786127,-0.011282792352156568,False
2023_15_MIN_CIN,2023,15,202315,spread,away,0.6203703703703703,-105.0,0.5121951219512195,push,,0.0,-0.5537563422178995,45.28137400915021,-3.0,41.5,0.5317919075144509,714,0.25,0.01,tuned,0.5079479768786127,-0.004247145072606817,False
2023_15_NYG_NO,2023,15,202315,spread,home,0.5717592592592593,-112.0,0.5283018867924528,win,1.0,0.8928571428571429,7.140739697356573,42.06981721145077,-6.0,39.5,0.5317919075144509,714,0.25,0.01,tuned,0.5079479768786127,-0.020353909913840118,False
2023_15_NYJ_MIA,2023,15,202315,spread,home,0.6712962962962963,-105.0,0.5121951219512195,win,1.0,0.9523809523809523,11.23677551819794,41.49476524065738,-7.5,36.0,0.5317919075144509,714,0.25,0.01,tuned,0.5079479768786127,-0.004247145072606817,False
2023_15_PHI_SEA,2023,15,202315,spread,home,0.6504629629629629,100.0,0.5,win,1.0,1.0,-2.0669997103204043,46.6226081927344,5.0,46.0,0.5317919075144509,714,0.25,0.01,tuned,0.5079479768786127,0.007947976878612706,False
2023_15_PIT_IND,2023,15,202315,spread,away,0.5787037037037037,-110.0,0.5238095238095238,loss,0.0,-1.0,-0.9850297165669556,46.47498076047429,-1.5,41.5,0.5317919075144509,714,0.25,0.01,tuned,0.5079479768786127,-0.01586154693091113,False
2023_15_SF_ARI,2023,15,202315,spread,away,0.5416666666666667,-110.0,0.5238095238095238,win,1.0,0.9090909090909091,-14.32477754240078,45.99862793184385,12.5,48.0,0.5317919075144509,714,0.25,0.01,tuned,0.5079479768786127,-0.01586154693091113,False
2023_15_TB_GB,2023,15,202315,spread,home,0.5740740740740741,-110.0,0.5238095238095238,loss,0.0,-1.0,5.251759961296372,43.005178321297485,-4.0,41.5,0.5317919075144509,714,0.25,0.01,tuned,0.5079479768786127,-0.01586154693091113,False
2023_15_WAS_LA,2023,15,202315,spread,away,0.5162037037037037,-108.0,0.5192307692307693,loss,0.0,-1.0,5.486105380766865,48.629768120797344,-6.5,48.5,0.5317919075144509,714,0.25,0.01,tuned,0.5079479768786127,-0.011282792352156568,False
2023_15_ATL_CAR,2023,15,202315,total,over,0.5231481481481481,-110.0,0.5238095238095238,loss,0.0,-1.0,-4.803050848546944,35.21153158661291,3.0,32.0,0.5333333333333333,732,0.25,0.0,tuned,0.5083333333333333,-0.015476190476190532,False
2023_15_BAL_JAX,2023,15,202315,total,under,0.5856481481481481,-108.0,0.5192307692307693,win,1.0,0.9259259259259259,-4.527063664250239,42.44033474336599,4.0,42.5,0.5642857142857143,732,0.25,0.0,tuned,0.5160714285714285,-0.003159340659340759,False
2023_15_CHI_CLE,2023,15,202315,total,under,0.5648148148148149,-110.0,0.5238095238095238,win,1.0,0.9090909090909091,3.6916677356020138,38.16232917253865,-3.0,38.0,0.5642857142857143,732,0.25,0.0,tuned,0.5160714285714285,-0.007738095238095322,False
2023_15_DAL_BUF,2023,15,202315,total,under,0.6203703703703703,-110.0,0.5238095238095238,win,1.0,0.9090909090909091,0.500559610700813,48.30227319327886,-2.0,49.5,0.5974025974025974,732,0.25,0.0,tuned,0.5243506493506493,0.0005411255411255089,True
2023_15_DEN_DET,2023,15,202315,total,under,0.5787037037037037,-108.0,0.5192307692307693,loss,0.0,-1.0,6.495217351843792,49.064552579664586,-5.5,49.0,0.5642857142857143,732,0.25,0.0,tuned,0.5160714285714285,-0.003159340659340759,False
2023_15_HOU_TEN,2023,15,202315,total,over,0.625,-112.0,0.5283018867924528,loss,0.0,-1.0,-0.1846452715425679,43.93342550970566,-3.0,38.0,0.5974025974025974,732,0.25,0.0,tuned,0.5243506493506493,-0.003951237441803479,False
2023_15_KC_NE,2023,15,202315,total,over,0.5162037037037037,-110.0,0.5238095238095238,win,1.0,0.9090909090909091,-8.927127351883515,42.59540823448059,10.0,39.5,0.5333333333333333,732,0.25,0.0,tuned,0.5083333333333333,-0.015476190476190532,False
2023_15_MIN_CIN,2023,15,202315,total,over,0.5439814814814815,-110.0,0.5238095238095238,win,1.0,0.9090909090909091,-0.5537563422178995,45.28137400915021,-3.0,41.5,0.5333333333333333,732,0.25,0.0,tuned,0.5083333333333333,-0.015476190476190532,False
2023_15_NYG_NO,2023,15,202315,total,over,0.49537037037037035,-110.0,0.5238095238095238,loss,0.0,-1.0,7.140739697356573,42.06981721145077,-6.0,39.5,0.5,732,0.25,0.0,tuned,0.5,-0.023809523809523836,False
2023_15_NYJ_MIA,2023,15,202315,total,over,0.6134259259259259,-110.0,0.5238095238095238,loss,0.0,-1.0,11.23677551819794,41.49476524065738,-7.5,36.0,0.5974025974025974,732,0.25,0.0,tuned,0.5243506493506493,0.0005411255411255089,True
2023_15_PHI_SEA,2023,15,202315,total,under,0.5555555555555556,-112.0,0.5283018867924528,win,1.0,0.8928571428571429,-2.0669997103204043,46.6226081927344,5.0,46.0,0.5333333333333333,732,0.25,0.0,tuned,0.5083333333333333,-0.01996855345911952,False
2023_15_PIT_IND,2023,15,202315,total,over,0.5972222222222222,-110.0,0.5238095238095238,win,1.0,0.9090909090909091,-0.9850297165669556,46.47498076047429,-1.5,41.5,0.5642857142857143,732,0.25,0.0,tuned,0.5160714285714285,-0.007738095238095322,False
2023_15_SF_ARI,2023,15,202315,total,under,0.6481481481481481,-110.0,0.5238095238095238,loss,0.0,-1.0,-14.32477754240078,45.99862793184385,12.5,48.0,0.5974025974025974,732,0.25,0.0,tuned,0.5243506493506493,0.0005411255411255089,True
2023_15_TB_GB,2023,15,202315,total,under,0.537037037037037,-110.0,0.5238095238095238,loss,0.0,-1.0,5.251759961296372,43.005178321297485,-4.0,41.5,0.5333333333333333,732,0.25,0.0,tuned,0.5083333333333333,-0.015476190476190532,False
2023_15_WAS_LA,2023,15,202315,total,under,0.5671296296296297,-110.0,0.5238095238095238,win,1.0,0.9090909090909091,5.486105380766865,48.629768120797344,-6.5,48.5,0.5642857142857143,732,0.25,0.0,tuned,0.5160714285714285,-0.007738095238095322,False
2023_16_ARI_CHI,2023,16,202316,spread,home,0.5167785234899329,-110.0,0.5238095238095238,win,1.0,0.9090909090909091,4.135786387451792,42.47615259998773,-4.5,42.0,0.5298013245033113,738,0.25,0.01,tuned,0.5074503311258278,-0.01635919268369601,False
2023_16_BAL_SF,2023,16,202316,spread,away,0.5257270693512304,-105.0,0.5121951219512195,win,1.0,0.9523809523809523,5.183316406644211,48.58136083170282,-6.5,47.5,0.5298013245033113,738,0.25,0.01,tuned,0.5074503311258278,-0.004744790825391698,False
2023_16_BUF_LAC,2023,16,202316,spread,away,0.3266219239373602,-105.0,0.5121951219512195,loss,0.0,-1.0,-9.546835573727826,48.16055525496121,13.0,44.5,0.4642857142857143,738,0.25,0.01,tuned,0.4910714285714286,-0.02112369337979092,False
2023_16_CIN_PIT,2023,16,202316,spread,away,0.37360178970917224,-105.0,0.5121951219512195,loss,0.0,-1.0,-0.6041004233704061,40.8618699282657,3.0,39.5,0.47019867549668876,738,0.25,0.01,tuned,0.4925496688741722,-0.019645453077047348,False
2023_16_CLE_HOU,2023,16,202316,spread,home,0.5771812080536913,-110.0,0.5238095238095238,loss,0.0,-1.0,-1.792663253027259,40.67267699203386,3.0,40.0,0.5298013245033113,738,0.25,0.01,tuned,0.5074503311258278,-0.01635919268369601,False
2023_16_DAL_MIA,2023,16,202316,spread,home,0.5369127516778524,-110.0,0.5238095238095238,win,1.0,0.9090909090909091,1.5644410821368022,48.28276480313128,-1.5,48.5,0.5298013245033113,738,0.25,0.01,tuned,0.5074503311258278,-0.01635919268369601,False
2023_16_DET_MIN,2023,16,202316,spread,home,0.5794183445190156,105.0,0.4878048780487805,loss,0.0,-1.0,-1.223687186950429,48.48653639465025,2.5,47.5,0.5298013245033113,738,0.25,0.01,tuned,0.5074503311258278,0.019645453077047348,True
2023_16_GB_CAR,2023,16,202316,spread,away,0.5123042505592841,-112.0,0.5283018867924528,loss,0.0,-1.0,-4.509943991506409,42.193065397202574,3.5,39.5,0.5298013245033113,738,0.25,0.01,tuned,0.5074503311258278,-0.020851555666625,False
2023_16_IND_ATL,2023,16,202316,spread,home,0.3982102908277405,-105.0,0.5121951219512195,win,1.0,0.9523809523809523,-0.1470296088289002,45.82463681846562,-3.0,44.0,0.47019867549668876,738,0.25,0.01,tuned,0.4925496688741722,-0.019645453077047348,False
2023_16_JAX_TB,2023,16,202316,spread,home,0.6666666666666666,-110.0,0.5238095238095238,win,1.0,0.9090909090909091,1.1372117514101678,46.25383362125988,2.0,43.0,0.5298013245033113,738,0.25,0.01,tuned,0.5074503311258278,-0.01635919268369601,False
2023_16_LV_KC,2023,16,202316,spread,away,0.5480984340044743,-102.0,0.504950495049505,win,1.0,0.9803921568627451,8.978772415325608,38.31209371088426,-11.0,40.5,0.5298013245033113,738,0.25,0.01,tuned,0.5074503311258278,0.00249983607632287,False
2023_16_NE_DEN,2023,16,202316,spread,away,0.6599552572706935,-110.0,0.5238095238095238,win,1.0,0.9090909090909091,1.9046070755079725,36.50368214435542,-7.0,37.5,0.5298013245033113,738,0.25,0.01,tuned,0.5074503311258278,-0.01635919268369601,False
2023_16_NO_LA,2023,16,202316,spread,away,0.697986577181208,100.0,0.5,loss,0.0,-1.0,-2.5456869330957232,49.18979114665623,-4.0,45.5,0.5357142857142857,738,0.25,0.01,tuned,0.5089285714285714,0.008928571428571397,False
2023_16_NYG_PHI,2023,16,202316,spread,away,0.6666666666666667,-112.0,0.5283018867924528,win,1.0,0.8928571428571429,8.487835921166221,41.27173928467791,-14.0,41.0,0.5298013245033113,738,0.25,0.01,tuned,0.5074503311258278,-0.020851555666625,False
2023_16_SEA_TEN,2023,16,202316,spread,home,0.6219239373601789,-110.0,0.5238095238095238,push,,0.0,-0.9302221922924708,43.368609430192336,3.0,42.0,0.5298013245033113,738,0.25,0.01,tuned,0.5074503311258278,-0.01635919268369601,False
2023_16_WAS_NYJ,2023,16,202316,spread,away,0.6129753914988814,-108.0,0.5192307692307693,win,1.0,0.9259259259259259,-0.4562865579037363,36.05184300029793,-3.0,36.5,0.5298013245033113,738,0.25,0.01,tuned,0.5074503311258278,-0.011780438104941449,False
2023_16_ARI_CHI,2023,16,202316,total,under,0.563758389261745,-105.0,0.5121951219512195,loss,0.0,-1.0,4.135786387451792,42.47615259998773,-4.5,42.0,0.5724137931034483,762,0.25,0.0,tuned,0.5181034482758621,0.005908326324642554,True
2023_16_BAL_SF,2023,16,202316,total,under,0.5480984340044743,-112.0,0.5283018867924528,loss,0.0,-1.0,5.183316406644211,48.58136083170282,-6.5,47.5,0.5368421052631579,762,0.25,0.0,tuned,0.5092105263157894,-0.019091360476663377,False
2023_16_BUF_LAC,2023,16,202316,total,over,0.5413870246085011,-105.0,0.5121951219512195,win,1.0,0.9523809523809523,-9.546835573727826,48.16055525496121,13.0,44.5,0.5368421052631579,762,0.25,0.0,tuned,0.5092105263157894,-0.0029845956354300762,False
2023_16_CIN_PIT,2023,16,202316,total,under,0.5391498881431767,-110.0,0.5238095238095238,loss,0.0,-1.0,-0.6041004233704061,40.8618699282657,3.0,39.5,0.5368421052631579,762,0.25,0.0,tuned,0.5092105263157894,-0.01459899749373439,False
2023_16_CLE_HOU,2023,16,202316,total,under,0.5570469798657718,-110.0,0.5238095238095238,loss,0.0,-1.0,-1.792663253027259,40.67267699203386,3.0,40.0,0.5724137931034483,762,0.25,0.0,tuned,0.5181034482758621,-0.005706075533661759,False
2023_16_DAL_MIA,2023,16,202316,total,under,0.592841163310962,100.0,0.5,win,1.0,1.0,1.5644410821368022,48.28276480313128,-1.5,48.5,0.5724137931034483,762,0.25,0.0,tuned,0.5181034482758621,0.018103448275862077,True
2023_16_DET_MIN,2023,16,202316,total,under,0.5480984340044743,-102.0,0.504950495049505,loss,0.0,-1.0,-1.223687186950429,48.48653639465025,2.5,47.5,0.5368421052631579,762,0.25,0.0,tuned,0.5092105263157894,0.004260031266284492,True
2023_16_GB_CAR,2023,16,202316,total,over,0.4988814317673378,-110.0,0.5238095238095238,win,1.0,0.9090909090909091,-4.509943991506409,42.193065397202574,3.5,39.5,0.5,762,0.25,0.0,tuned,0.5,-0.023809523809523836,False
2023_16_IND_ATL,2023,16,202316,total,under,0.5302013422818792,-105.0,0.5121951219512195,win,1.0,0.9523809523809523,-0.1470296088289002,45.82463681846562,-3.0,44.0,0.5368421052631579,762,0.25,0.0,tuned,0.5092105263157894,-0.0029845956354300762,False
2023_16_JAX_TB,2023,16,202316,total,over,0.5212527964205816,-112.0,0.5283018867924528,loss,0.0,-1.0,1.1372117514101678,46.25383362125988,2.0,43.0,0.5368421052631579,762,0.25,0.0,tuned,0.5092105263157894,-0.019091360476663377,False
2023_16_LV_KC,2023,16,202316,total,under,0.6554809843400448,-110.0,0.5238095238095238,win,1.0,0.9090909090909091,8.978772415325608,38.31209371088426,-11.0,40.5,0.5802469135802469,762,0.25,0.0,tuned,0.5200617283950617,-0.0037477954144621295,False
2023_16_NE_DEN,2023,16,202316,total,under,0.6152125279642058,-110.0,0.5238095238095238,loss,0.0,-1.0,1.9046070755079725,36.50368214435542,-7.0,37.5,0.5802469135802469,762,0.25,0.0,tuned,0.5200617283950617,-0.0037477954144621295,False
2023_16_NO_LA,2023,16,202316,total,over,0.5436241610738255,-108.0,0.5192307692307693,win,1.0,0.9259259259259259,-2.5456869330957232,49.18979114665623,-4.0,45.5,0.5368421052631579,762,0.25,0.0,tuned,0.5092105263157894,-0.010020242914979827,False
2023_16_NYG_PHI,2023,16,202316,total,under,0.5659955257270693,-108.0,0.5192307692307693,loss,0.0,-1.0,8.487835921166221,41.27173928467791,-14.0,41.0,0.5724137931034483,762,0.25,0.0,tuned,0.5181034482758621,-0.001127320954907196,False
2023_16_SEA_TEN,2023,16,202316,total,under,0.5391498881431767,-108.0,0.5192307692307693,win,1.0,0.9259259259259259,-0.9302221922924708,43.368609430192336,3.0,42.0,0.5368421052631579,762,0.25,0.0,tuned,0.5092105263157894,-0.010020242914979827,False
2023_16_WAS_NYJ,2023,16,202316,total,under,0.5995525727069351,-110.0,0.5238095238095238,loss,0.0,-1.0,-0.4562865579037363,36.05184300029793,-3.0,36.5,0.5724137931034483,762,0.25,0.0,tuned,0.5181034482758621,-0.005706075533661759,False
2023_17_ARI_PHI,2023,17,202317,spread,home,0.5269978401727862,-110.0,0.5238095238095238,loss,0.0,-1.0,11.875474207068937,44.98440811621,-12.0,48.0,0.5291262135922329,768,0.25,0.01,tuned,0.5072815533980582,-0.016527970411465587,False
2023_17_ATL_CHI,2023,17,202317,spread,home,0.3347732181425486,-105.0,0.5121951219512195,win,1.0,0.9523809523809523,-2.465760338954661,39.07399361490448,-3.0,39.0,0.4550898203592814,768,0.25,0.01,tuned,0.48877245508982037,-0.023422666861399155,False
2023_17_CAR_JAX,2023,17,202317,spread,home,0.5377969762419006,-110.0,0.5238095238095238,win,1.0,0.9090909090909091,3.636473951791465,41.24935536831004,-3.5,38.0,0.5291262135922329,768,0.25,0.01,tuned,0.5072815533980582,-0.016527970411465587,False
2023_17_CIN_KC,2023,17,202317,spread,home,0.5161987041036717,-105.0,0.5121951219512195,win,1.0,0.9523809523809523,7.117709311078404,42.684900590525054,-7.5,46.0,0.5291262135922329,768,0.25,0.01,tuned,0.5072815533980582,-0.004913568553161274,False
2023_17_DET_DAL,2023,17,202317,spread,away,0.6371490280777538,-110.0,0.5238095238095238,win,1.0,0.9090909090909091,0.8693812255132065,53.83880248108173,-5.5,53.0,0.5449101796407184,768,0.25,0.01,tuned,0.5112275449101796,-0.012581978899344204,False
2023_17_GB_MIN,2023,17,202317,spread,home,0.5205183585313174,-108.0,0.5192307692307693,loss,0.0,-1.0,0.7476899642089182,49.85579131953593,-1.0,42.5,0.5291262135922329,768,0.25,0.01,tuned,0.5072815533980582,-0.011949215832711024,False
2023_17_LAC_DEN,2023,17,202317,spread,away,0.5356371490280778,-108.0,0.5192307692307693,loss,0.0,-1.0,1.8665396631202504,40.34776675769759,-3.5,39.5,0.5291262135922329,768,0.25,0.01,tuned,0.5072815533980582,-0.011949215832711024,False
2023_17_LA_NYG,2023,17,202317,spread,away,0.5485961123110151,-112.0,0.5283018867924528,loss,0.0,-1.0,-8.07930612250307,42.58548529925174,6.0,43.5,0.5291262135922329,768,0.25,0.01,tuned,0.5072815533980582,-0.021020333394394575,False
2023_17_LV_IND,2023,17,202317,spread,away,0.5205183585313176,-110.0,0.5238095238095238,win,1.0,0.9090909090909091,2.282073213002452,43.286911360221225,-3.5,42.5,0.5291262135922329,768,0.25,0.01,tuned,0.5072815533980582,-0.016527970411465587,False
2023_17_MIA_BAL,2023,17,202317,spread,away,0.5550755939524838,100.0,0.5,loss,0.0,-1.0,0.7520340882987513,47.11584613348535,-3.0,47.0,0.5291262135922329,768,0.25,0.01,tuned,0.5072815533980582,0.007281553398058249,False
2023_17_NE_BUF,2023,17,202317,spread,away,0.5874730021598272,-110.0,0.5238095238095238,win,1.0,0.9090909090909091,12.08918199217881,41.41039377651666,-15.0,40.0,0.5291262135922329,768,0.25,0.01,tuned,0.5072815533980582,-0.016527970411465587,False
2023_17_NO_TB,2023,17,202317,spread,away,0.630669546436285,100.0,0.5,win,1.0,1.0,-1.9964665071075232,46.025006488063305,-2.5,42.5,0.5449101796407184,768,0.25,0.01,tuned,0.5112275449101796,0.011227544910179632,True
2023_17_NYJ_CLE,2023,17,202317,spread,away,0.44492440604751615,-105.0,0.5121951219512195,loss,0.0,-1.0,6.962961608556216,35.83009871810512,-6.5,33.5,0.47087378640776706,768,0.25,0.01,tuned,0.49271844660194175,-0.019476675349277772,False
2023_17_PIT_SEA,2023,17,202317,spread,away,0.6177105831533478,-110.0,0.5238095238095238,win,1.0,0.9090909090909091,0.8080876949146979,42.816767182684906,-4.5,40.5,0.5449101796407184,768,0.25,0.01,tuned,0.5112275449101796,-0.012581978899344204,False
2023_17_SF_WAS,2023,17,202317,spread,home,0.6285097192224622,-105.0,0.5121951219512195,loss,0.0,-1.0,-11.53717337003875,44.8261926564463,14.0,49.0,0.5449101796407184,768,0.25,0.01,tuned,0.5112275449101796,-0.000967577041039891,False
2023_17_TEN_HOU,2023,17,202317,spread,away,0.6846652267818574,-105.0,0.5121951219512195,loss,0.0,-1.0,-1.15687615980605,46.75535957319127,-5.0,44.0,0.5449101796407184,768,0.25,0.01,tuned,0.5112275449101796,-0.000967577041039891,False
2023_17_ARI_PHI,2023,17,202317,total,under,0.6630669546436285,-110.0,0.5238095238095238,loss,0.0,-1.0,11.875474207068937,44.98440811621,-12.0,48.0,0.5783132530120482,794,0.25,0.0,tuned,0.5195783132530121,-0.004231210556511766,False
2023_17_ATL_CHI,2023,17,202317,total,under,0.5745140388768899,-110.0,0.5238095238095238,loss,0.0,-1.0,-2.465760338954661,39.07399361490448,-3.0,39.0,0.5605095541401274,794,0.25,0.0,tuned,0.5151273885350318,-0.00868213527449202,False
2023_17_CAR_JAX,2023,17,202317,total,over,0.5269978401727862,-110.0,0.5238095238095238,loss,0.0,-1.0,3.636473951791465,41.24935536831004,-3.5,38.0,0.5339805825242718,794,0.25,0.0,tuned,0.508495145631068,-0.015314378178455823,False
2023_17_CIN_KC,2023,17,202317,total,under,0.6673866090712743,-112.0,0.5283018867924528,win,1.0,0.8928571428571429,7.117709311078404,42.684900590525054,-7.5,46.0,0.5783132530120482,794,0.25,0.0,tuned,0.5195783132530121,-0.008723573539440754,False
2023_17_DET_DAL,2023,17,202317,total,under,0.5464362850971922,-110.0,0.5238095238095238,win,1.0,0.9090909090909091,0.8693812255132065,53.83880248108173,-5.5,53.0,0.5339805825242718,794,0.25,0.0,tuned,0.508495145631068,-0.015314378178455823,False
2023_17_GB_MIN,2023,17,202317,total,over,0.6803455723542117,-108.0,0.5192307692307693,win,1.0,0.9259259259259259,0.7476899642089182,49.85579131953593,-1.0,42.5,0.6363636363636364,794,0.25,0.0,tuned,0.5340909090909091,0.014860139860139787,True
2023_17_LAC_DEN,2023,17,202317,total,under,0.5464362850971922,-110.0,0.5238095238095238,win,1.0,0.9090909090909091,1.8665396631202504,40.34776675769759,-3.5,39.5,0.5339805825242718,794,0.25,0.0,tuned,0.508495145631068,-0.015314378178455823,False
2023_17_LA_NYG,2023,17,202317,total,under,0.6069114470842333,-108.0,0.5192307692307693,loss,0.0,-1.0,-8.07930612250307,42.58548529925174,6.0,43.5,0.5605095541401274,794,0.25,0.0,tuned,0.5151273885350318,-0.0041033806957374575,False
2023_17_LV_IND,2023,17,202317,total,under,0.5464362850971922,-105.0,0.5121951219512195,loss,0.0,-1.0,2.282073213002452,43.286911360221225,-3.5,42.5,0.5339805825242718,794,0.25,0.0,tuned,0.508495145631068,-0.00369997632015151,False
2023_17_MIA_BAL,2023,17,202317,total,under,0.5680345572354212,-108.0,0.5192307692307693,loss,0.0,-1.0,0.7520340882987513,47.11584613348535,-3.0,47.0,0.5605095541401274,794,0.25,0.0,tuned,0.5151273885350318,-0.0041033806957374575,False
2023_17_NE_BUF,2023,17,202317,total,under,0.531317494600432,-108.0,0.5192307692307693,loss,0.0,-1.0,12.08918199217881,41.41039377651666,-15.0,40.0,0.5339805825242718,794,0.25,0.0,tuned,0.508495145631068,-0.01073562359970126,False
2023_17_NO_TB,2023,17,202317,total,over,0.5421166306695464,-108.0,0.5192307692307693,loss,0.0,-1.0,-1.9964665071075232,46.025006488063305,-2.5,42.5,0.5339805825242718,794,0.25,0.0,tuned,0.508495145631068,-0.01073562359970126,False
2023_17_NYJ_CLE,2023,17,202317,total,under,0.5053995680345572,-110.0,0.5238095238095238,loss,0.0,-1.0,6.962961608556216,35.83009871810512,-6.5,33.5,0.5339805825242718,794,0.25,0.0,tuned,0.508495145631068,-0.015314378178455823,False
2023_17_PIT_SEA,2023,17,202317,total,under,0.509719222462203,-108.0,0.5192307692307693,loss,0.0,-1.0,0.8080876949146979,42.816767182684906,-4.5,40.5,0.5339805825242718,794,0.25,0.0,tuned,0.508495145631068,-0.01073562359970126,False
2023_17_SF_WAS,2023,17,202317,total,under,0.6889848812095032,-112.0,0.5283018867924528,win,1.0,0.8928571428571429,-11.53717337003875,44.8261926564463,14.0,49.0,0.6363636363636364,794,0.25,0.0,tuned,0.5340909090909091,0.005789022298456237,True
2023_17_TEN_HOU,2023,17,202317,total,over,0.5053995680345572,-112.0,0.5283018867924528,loss,0.0,-1.0,-1.15687615980605,46.75535957319127,-5.0,44.0,0.5339805825242718,794,0.25,0.0,tuned,0.508495145631068,-0.01980674116138481,False
2023_18_ATL_NO,2023,18,202318,spread,home,0.524008350730689,102.0,0.49504950495049505,win,1.0,1.02,3.285301897131802,42.77982228940791,-3.5,41.5,0.5277777777777778,800,0.25,0.01,tuned,0.5069444444444444,0.011894939493949375,True
2023_18_BUF_MIA,2023,18,202318,spread,home,0.5741127348643006,105.0,0.4878048780487805,loss,0.0,-1.0,-1.726065366240759,46.48406348094605,2.5,47.5,0.5277777777777778,800,0.25,0.01,tuned,0.5069444444444444,0.019139566395663943,True
2023_18_CHI_GB,2023,18,202318,spread,away,0.32359081419624214,-102.0,0.504950495049505,loss,0.0,-1.0,6.4933714205116,43.93833264295193,-2.5,45.5,0.45664739884393063,800,0.25,0.01,tuned,0.48916184971098264,-0.01578864533852231,False
2023_18_CLE_CIN,2023,18,202318,spread,home,0.25052192066805845,-105.0,0.5121951219512195,win,1.0,0.9523809523809523,-0.9896088755571276,41.68249665671798,-7.5,37.0,0.45664739884393063,800,0.25,0.01,tuned,0.48916184971098264,-0.02303327224023688,False
2023_18_DAL_WAS,2023,18,202318,spread,home,0.6743215031315241,-105.0,0.5121951219512195,loss,0.0,-1.0,-9.275672242546475,41.03801219804792,13.0,47.5,0.5433526011560693,800,0.25,0.01,tuned,0.5108381502890174,-0.0013569716622021666,False
2023_18_DEN_LV,2023,18,202318,spread,home,0.4780793319415449,-102.0,0.504950495049505,win,1.0,0.9803921568627451,2.2690948597157217,44.54302288391406,-3.5,37.5,0.4722222222222222,800,0.25,0.01,tuned,0.4930555555555556,-0.011894939493949375,False
2023_18_HOU_IND,2023,18,202318,spread,home,0.6659707724425887,-110.0,0.5238095238095238,loss,0.0,-1.0,1.6287864223271025,47.20099058954969,1.5,47.5,0.5433526011560693,800,0.25,0.01,tuned,0.5108381502890174,-0.01297137352050648,False
2023_18_JAX_TEN,2023,18,202318,spread,away,0.40501043841336115,-102.0,0.504950495049505,loss,0.0,-1.0,-1.8521051739365688,39.37058991131232,3.5,41.5,0.4722222222222222,800,0.25,0.01,tuned,0.4930555555555556,-0.011894939493949375,False
2023_18_KC_LAC,2023,18,202318,spread,home,0.15657620041753653,-105.0,0.5121951219512195,loss,0.0,-1.0,-8.869054930164793,42.64959008232581,-3.5,35.0,0.45664739884393063,800,0.25,0.01,tuned,0.48916184971098264,-0.02303327224023688,False
2023_18_LA_SF,2023,18,202318,spread,home,0.6263048016701461,-112.0,0.5283018867924528,loss,0.0,-1.0,7.866714900376325,40.502071400698696,-5.5,40.0,0.5433526011560693,800,0.25,0.01,tuned,0.5108381502890174,-0.017463736503435467,False
2023_18_MIN_DET,2023,18,202318,spread,away,0.32359081419624214,-102.0,0.504950495049505,loss,0.0,-1.0,7.441869280275378,50.43258446510263,-3.5,47.5,0.45664739884393063,800,0.25,0.01,tuned,0.48916184971098264,-0.01578864533852231,False
2023_18_NYJ_NE,2023,18,202318,spread,home,0.5198329853862212,-108.0,0.5192307692307693,loss,0.0,-1.0,2.1310351808724013,33.93754199802905,-2.5,28.5,0.5277777777777778,800,0.25,0.01,tuned,0.5069444444444444,-0.012286324786324854,False
2023_18_PHI_NYG,2023,18,202318,spread,away,0.6597077244258873,-112.0,0.5283018867924528,loss,0.0,-1.0,-9.686342025485246,41.984944463522936,4.5,43.0,0.5433526011560693,800,0.25,0.01,tuned,0.5108381502890174,-0.017463736503435467,False
2023_18_PIT_BAL,2023,18,202318,spread,home,0.8580375782881002,-115.0,0.5348837209302325,loss,0.0,-1.0,8.81577850468076,42.83055675317943,3.0,34.0,0.5941772659804267,800,0.25,0.01,tuned,0.5235443164951067,-0.011339404435125822,False
2023_18_SEA_ARI,2023,18,202318,spread,home,0.5135699373695198,102.0,0.49504950495049505,win,1.0,1.02,-3.0988944222823136,48.94202084307352,2.5,48.0,0.5277777777777778,800,0.25,0.01,tuned,0.5069444444444444,0.011894939493949375,True
2023_18_TB_CAR,2023,18,202318,spread,away,0.3736951983298539,-105.0,0.5121951219512195,win,1.0,0.9523809523809523,-2.621260420701926,38.37922829823994,5.0,36.5,0.45664739884393063,800,0.25,0.01,tuned,0.48916184971098264,-0.02303327224023688,False
2023_18_ATL_NO,2023,18,202318,total,under,0.5323590814196242,-108.0,0.5192307692307693,loss,0.0,-1.0,3.285301897131802,42.77982228940791,-3.5,41.5,0.514018691588785,826,0.25,0.0,tuned,0.5035046728971962,-0.015726096333573025,False
2023_18_BUF_MIA,2023,18,202318,total,under,0.6096033402922756,-110.0,0.5238095238095238,win,1.0,0.9090909090909091,-1.726065366240759,46.48406348094605,2.5,47.5,0.5663023455728842,826,0.25,0.0,tuned,0.5165755863932211,-0.007233937416302738,False
2023_18_CHI_GB,2023,18,202318,total,under,0.6263048016701461,-108.0,0.5192307692307693,win,1.0,0.9259259259259259,6.4933714205116,43.93833264295193,-2.5,45.5,0.576470588235294,826,0.25,0.0,tuned,0.5191176470588235,-0.00011312217194581198,False
2023_18_CLE_CIN,2023,18,202318,total,over,0.5949895615866388,-108.0,0.5192307692307693,win,1.0,0.9259259259259259,-0.9896088755571276,41.68249665671798,-7.5,37.0,0.55,826,0.25,0.0,tuned,0.5125,-0.006730769230769318,False
2023_18_DAL_WAS,2023,18,202318,total,under,0.7286012526096033,-110.0,0.5238095238095238,loss,0.0,-1.0,-9.275672242546475,41.03801219804792,13.0,47.5,0.6666666666666666,826,0.25,0.0,tuned,0.5416666666666666,0.017857142857142794,True
2023_18_DEN_LV,2023,18,202318,total,over,0.6680584551148225,-105.0,0.5121951219512195,win,1.0,0.9523809523809523,2.2690948597157217,44.54302288391406,-3.5,37.5,0.6108419150541162,826,0.25,0.0,tuned,0.5277104787635291,0.015515356812309533,True
2023_18_HOU_IND,2023,18,202318,total,under,0.5866388308977035,-108.0,0.5192307692307693,win,1.0,0.9259259259259259,1.6287864223271025,47.20099058954969,1.5,47.5,0.55,826,0.25,0.0,tuned,0.5125,-0.006730769230769318,False
2023_18_JAX_TEN,2023,18,202318,total,under,0.6450939457202505,-112.0,0.5283018867924528,loss,0.0,-1.0,-1.8521051739365688,39.37058991131232,3.5,41.5,0.576470588235294,826,0.25,0.0,tuned,0.5191176470588235,-0.009184239733629362,False
2023_18_KC_LAC,2023,18,202318,total,over,0.6847599164926931,-115.0,0.5348837209302325,loss,0.0,-1.0,-8.869054930164793,42.64959008232581,-3.5,35.0,0.6666666666666666,826,0.25,0.0,tuned,0.5416666666666666,0.006782945736434121,True
2023_18_LA_SF,2023,18,202318,total,under,0.5553235908141962,-108.0,0.5192307692307693,loss,0.0,-1.0,7.866714900376325,40.502071400698696,-5.5,40.0,0.55,826,0.25,0.0,tuned,0.5125,-0.006730769230769318,False
2023_18_MIN_DET,2023,18,202318,total,over,0.5135699373695198,-110.0,0.5238095238095238,win,1.0,0.9090909090909091,7.441869280275378,50.43258446510263,-3.5,47.5,0.514018691588785,826,0.25,0.0,tuned,0.5035046728971962,-0.020304850912327588,False
2023_18_NYJ_NE,2023,18,202318,total,over,0.6116910229645094,-110.0,0.5238095238095238,loss,0.0,-1.0,2.1310351808724013,33.93754199802905,-2.5,28.5,0.576470588235294,826,0.25,0.0,tuned,0.5191176470588235,-0.0046918767507003745,False
2023_18_PHI_NYG,2023,18,202318,total,under,0.6096033402922756,-105.0,0.5121951219512195,win,1.0,0.9523809523809523,-9.686342025485246,41.984944463522936,4.5,43.0,0.5663023455728842,826,0.25,0.0,tuned,0.5165755863932211,0.004380464442001575,True
2023_18_PIT_BAL,2023,18,202318,total,over,0.7077244258872651,-110.0,0.5238095238095238,loss,0.0,-1.0,8.81577850468076,42.83055675317943,3.0,34.0,0.6666666666666666,826,0.25,0.0,tuned,0.5416666666666666,0.017857142857142794,True
2023_18_SEA_ARI,2023,18,202318,total,under,0.5407098121085595,-110.0,0.5238095238095238,win,1.0,0.9090909090909091,-3.0988944222823136,48.94202084307352,2.5,48.0,0.514018691588785,826,0.25,0.0,tuned,0.5035046728971962,-0.020304850912327588,False
2023_18_TB_CAR,2023,18,202318,total,under,0.5219206680584552,-110.0,0.5238095238095238,win,1.0,0.9090909090909091,-2.621260420701926,38.37922829823994,5.0,36.5,0.514018691588785,826,0.25,0.0,tuned,0.5035046728971962,-0.020304850912327588,False
2024_01_ARI_BUF,2024,1,202401,spread,away,0.29292929292929293,-105.0,0.5121951219512195,win,1.0,0.9523809523809523,11.859763138650534,44.22611033257312,-6.5,46.0,0.46994535519125685,832,0.25,0.01,tuned,0.4924863387978142,-0.019708783153405296,False
2024_01_BAL_KC,2024,1,202401,spread,home,0.33131313131313134,-102.0,0.504950495049505,win,1.0,0.9803921568627451,-2.7593497381973946,45.481685170303,-3.0,46.0,0.46994535519125685,832,0.25,0.01,tuned,0.4924863387978142,-0.012464156251690728,False
2024_01_CAR_NO,2024,1,202401,spread,home,0.7535353535353535,-112.0,0.5283018867924528,win,1.0,0.8928571428571429,10.552239237428749,42.70335087526525,-3.5,41.5,0.5300546448087432,832,0.25,0.01,tuned,0.5075136612021858,-0.02078822559026705,False
2024_01_DAL_CLE,2024,1,202401,spread,away,0.7555555555555555,-112.0,0.5283018867924528,win,1.0,0.8928571428571429,-6.506237255067804,43.62286880792431,-2.5,42.0,0.5300546448087432,832,0.25,0.01,tuned,0.5075136612021858,-0.02078822559026705,False
2024_01_GB_PHI,2024,1,202401,spread,away,0.6181818181818182,-110.0,0.5238095238095238,loss,0.0,-1.0,-1.8149215548976447,52.26104806610434,-2.0,49.5,0.5300546448087432,832,0.25,0.01,tuned,0.5075136612021858,-0.016295862607338063,False
2024_01_HOU_IND,2024,1,202401,spread,home,0.6707070707070707,-112.0,0.5283018867924528,win,1.0,0.8928571428571429,0.6203570438130788,48.28750155837702,3.0,49.0,0.5300546448087432,832,0.25,0.01,tuned,0.5075136612021858,-0.02078822559026705,False
2024_01_JAX_MIA,2024,1,202401,spread,home,0.5737373737373738,-110.0,0.5238095238095238,loss,0.0,-1.0,4.436443144427146,45.653584539004655,-3.5,49.5,0.5270270270270272,832,0.25,0.01,tuned,0.5067567567567568,-0.017052767052767037,False
2024_01_LA_DET,2024,1,202401,spread,away,0.507070707070707,-108.0,0.5192307692307693,loss,0.0,-1.0,4.1091174282400456,53.37781328797486,-5.0,54.0,0.5270270270270272,832,0.25,0.01,tuned,0.5067567567567568,-0.012474012474012475,False
2024_01_LV_LAC,2024,1,202401,spread,home,0.3939393939393939,-102.0,0.504950495049505,win,1.0,0.9803921568627451,-0.3273774920036432,43.43087293763578,-3.0,41.0,0.47297297297297297,832,0.25,0.01,tuned,0.49324324324324326,-0.011707251806261698,False
2024_01_MIN_NYG,2024,1,202401,spread,home,0.5737373737373738,-112.0,0.5283018867924528,loss,0.0,-1.0,0.0076608098427843,39.83567491009045,1.0,42.5,0.5270270270270272,832,0.25,0.01,tuned,0.5067567567567568,-0.021545130035696025,False
2024_01_NE_CIN,2024,1,202401,spread,home,0.5151515151515151,-110.0,0.5238095238095238,loss,0.0,-1.0,7.4359439333480495,43.60614341111749,-8.0,40.5,0.5270270270270272,832,0.25,0.01,tuned,0.5067567567567568,-0.017052767052767037,False
2024_01_NYJ_SF,2024,1,202401,spread,home,0.8303030303030303,-105.0,0.5121951219512195,win,1.0,0.9523809523809523,14.472826128418587,46.73313081231607,-3.5,43.0,0.5300546448087432,832,0.25,0.01,tuned,0.5075136612021858,-0.00468146074903375,False
2024_01_PIT_ATL,2024,1,202401,spread,away,0.6222222222222222,-110.0,0.5238095238095238,win,1.0,0.9090909090909091,0.0425501450766721,45.821746045089846,-4.0,43.0,0.5300546448087432,832,0.25,0.01,tuned,0.5075136612021858,-0.016295862607338063,False
2024_01_ARI_BUF,2024,1,202401,total,under,0.6383838383838384,-112.0,0.5283018867924528,loss,0.0,-1.0,11.859763138650534,44.22611033257312,-6.5,46.0,0.5777777777777777,858,0.25,0.0,tuned,0.5194444444444444,-0.008857442348008449,False
2024_01_BAL_KC,2024,1,202401,total,under,0.595959595959596,-110.0,0.5238095238095238,loss,0.0,-1.0,-2.7593497381973946,45.481685170303,-3.0,46.0,0.5548387096774193,858,0.25,0.0,tuned,0.5137096774193548,-0.010099846390169032,False
2024_01_CAR_NO,2024,1,202401,total,under,0.5353535353535354,-112.0,0.5283018867924528,loss,0.0,-1.0,10.552239237428749,42.70335087526525,-3.5,41.5,0.5205479452054793,858,0.25,0.0,tuned,0.5051369863013698,-0.023164900491082996,False
2024_01_DAL_CLE,2024,1,202401,total,under,0.5292929292929294,-108.0,0.5192307692307693,loss,0.0,-1.0,-6.506237255067804,43.62286880792431,-2.5,42.0,0.5205479452054793,858,0.25,0.0,tuned,0.5051369863013698,-0.014093782929399445,False
2024_01_GB_PHI,2024,1,202401,total,over,0.503030303030303,-108.0,0.5192307692307693,win,1.0,0.9259259259259259,-1.8149215548976447,52.26104806610434,-2.0,49.5,0.5,858,0.25,0.0,tuned,0.5,-0.019230769230769273,False
2024_01_HOU_IND,2024,1,202401,total,under,0.608080808080808,-112.0,0.5283018867924528,loss,0.0,-1.0,0.6203570438130788,48.28750155837702,3.0,49.0,0.5548387096774193,858,0.25,0.0,tuned,0.5137096774193548,-0.01459220937309802,False
2024_01_JAX_MIA,2024,1,202401,total,under,0.6767676767676767,-112.0,0.5283018867924528,win,1.0,0.8928571428571429,4.436443144427146,45.653584539004655,-3.5,49.5,0.6153846153846154,858,0.25,0.0,tuned,0.5288461538461539,0.0005442670537010308,True
2024_01_LA_DET,2024,1,202401,total,under,0.602020202020202,-112.0,0.5283018867924528,win,1.0,0.8928571428571429,4.1091174282400456,53.37781328797486,-5.0,54.0,0.5548387096774193,858,0.25,0.0,tuned,0.5137096774193548,-0.01459220937309802,False
2024_01_LV_LAC,2024,1,202401,total,under,0.505050505050505,-108.0,0.5192307692307693,win,1.0,0.9259259259259259,-0.3273774920036432,43.43087293763578,-3.0,41.0,0.5,858,0.25,0.0,tuned,0.5,-0.019230769230769273,False
2024_01_MIN_NYG,2024,1,202401,total,under,0.6565656565656566,-108.0,0.5192307692307693,win,1.0,0.9259259259259259,0.0076608098427843,39.83567491009045,1.0,42.5,0.5777777777777777,858,0.25,0.0,tuned,0.5194444444444444,0.0002136752136751019,True
2024_01_NE_CIN,2024,1,202401,total,over,0.5171717171717172,-108.0,0.5192307692307693,loss,0.0,-1.0,7.4359439333480495,43.60614341111749,-8.0,40.5,0.5205479452054793,858,0.25,0.0,tuned,0.5051369863013698,-0.014093782929399445,False
2024_01_NYJ_SF,2024,1,202401,total,over,0.5454545454545454,-112.0,0.5283018867924528,win,1.0,0.8928571428571429,14.472826128418587,46.73313081231607,-3.5,43.0,0.5263157894736842,858,0.25,0.0,tuned,0.506578947368421,-0.021722939424031806,False
2024_01_PIT_ATL,2024,1,202401,total,over,0.5050505050505051,-105.0,0.5121951219512195,loss,0.0,-1.0,0.0425501450766721,45.821746045089846,-4.0,43.0,0.5,858,0.25,0.0,tuned,0.5,-0.012195121951219523,False
2024_02_ATL_PHI,2024,2,202402,spread,away,0.5433070866141732,-105.0,0.5121951219512195,win,1.0,0.9523809523809523,3.5826970615874907,48.17894122087117,-5.5,46.5,0.5158371040723982,858,0.25,0.01,tuned,0.5039592760180995,-0.00823584593311999,False
2024_02_BUF_MIA,2024,2,202402,spread,away,0.6791338582677166,-110.0,0.5238095238095238,win,1.0,0.9090909090909091,-3.4354508038627904,46.700874480803904,-2.5,48.5,0.5428571428571428,858,0.25,0.01,tuned,0.5107142857142857,-0.01309523809523816,False
2024_02_CIN_KC,2024,2,202402,spread,away,0.6181102362204725,-105.0,0.5121951219512195,win,1.0,0.9523809523809523,2.907539443853354,44.936497871155005,-6.5,47.5,0.5289256198347108,858,0.25,0.01,tuned,0.5072314049586777,-0.004963716992541833,False
2024_02_CLE_JAX,2024,2,202402,spread,away,0.5255905511811023,100.0,0.5,win,1.0,1.0,1.5897578469343745,41.39340979794039,-3.0,41.5,0.5158371040723982,858,0.25,0.01,tuned,0.5039592760180995,0.0039592760180995334,False
2024_02_IND_GB,2024,2,202402,spread,away,0.2086614173228346,-102.0,0.504950495049505,loss,0.0,-1.0,5.489088923404964,41.63014781572705,3.0,41.5,0.4571428571428571,858,0.25,0.01,tuned,0.48928571428571427,-0.015664780763790687,False
2024_02_LAC_CAR,2024,2,202402,spread,home,0.5295275590551181,-110.0,0.5238095238095238,loss,0.0,-1.0,-5.109138253042119,36.38768048742264,5.0,39.0,0.5158371040723982,858,0.25,0.01,tuned,0.5039592760180995,-0.019850247791424303,False
2024_02_LA_ARI,2024,2,202402,spread,away,0.6279527559055118,-105.0,0.5121951219512195,loss,0.0,-1.0,-5.34576097639585,50.690919102112495,1.0,47.5,0.5289256198347108,858,0.25,0.01,tuned,0.5072314049586777,-0.004963716992541833,False
2024_02_LV_BAL,2024,2,202402,spread,home,0.5492125984251969,-108.0,0.5192307692307693,loss,0.0,-1.0,9.419931036388055,44.33007053717704,-9.0,41.0,0.5158371040723982,858,0.25,0.01,tuned,0.5039592760180995,-0.01527149321266974,False
2024_02_NO_DAL,2024,2,202402,spread,home,0.44881889763779526,-108.0,0.5192307692307693,loss,0.0,-1.0,4.470799685195468,52.13933895909358,-6.5,47.0,0.4841628959276018,858,0.25,0.01,tuned,0.49604072398190047,-0.023190045248868807,False
2024_02_NYJ_TEN,2024,2,202402,spread,home,0.6830708661417323,-108.0,0.5192307692307693,loss,0.0,-1.0,1.1517401397353728,42.821959323466366,3.5,41.5,0.5428571428571428,858,0.25,0.01,tuned,0.5107142857142857,-0.008516483516483597,False
2024_02_SEA_NE,2024,2,202402,spread,away,0.39370078740157477,-102.0,0.504950495049505,loss,0.0,-1.0,-1.6036482039440347,42.82911527587293,3.5,39.0,0.4841628959276018,858,0.25,0.01,tuned,0.49604072398190047,-0.008909771067604488,False
2024_02_SF_MIN,2024,2,202402,spread,home,0.41141732283464566,-108.0,0.5192307692307693,win,1.0,0.9259259259259259,-7.399573035238326,48.83517430548346,4.5,46.5,0.4841628959276018,858,0.25,0.01,tuned,0.49604072398190047,-0.023190045248868807,False
2024_02_TB_DET,2024,2,202402,spread,away,0.5984251968503937,-108.0,0.5192307692307693,win,1.0,0.9259259259259259,4.4485136253486885,52.39936612690448,-7.5,51.5,0.5158371040723982,858,0.25,0.01,tuned,0.5039592760180995,-0.01527149321266974,False
2024_02_ATL_PHI,2024,2,202402,total,over,0.4744094488188976,-110.0,0.5238095238095238,loss,0.0,-1.0,3.5826970615874907,48.17894122087117,-5.5,46.5,0.5,884,0.25,0.0,tuned,0.5,-0.023809523809523836,False
2024_02_BUF_MIA,2024,2,202402,total,under,0.6358267716535433,-105.0,0.5121951219512195,win,1.0,0.9523809523809523,-3.4354508038627904,46.700874480803904,-2.5,48.5,0.5760869565217392,884,0.25,0.0,tuned,0.5190217391304348,0.0068266171792152885,True
2024_02_CIN_KC,2024,2,202402,total,under,0.6535433070866141,-108.0,0.5192307692307693,loss,0.0,-1.0,2.907539443853354,44.936497871155005,-6.5,47.5,0.5760869565217392,884,0.25,0.0,tuned,0.5190217391304348,-0.0002090301003344619,False
2024_02_CLE_JAX,2024,2,202402,total,under,0.5807086614173229,-108.0,0.5192307692307693,win,1.0,0.9259259259259259,1.5897578469343745,41.39340979794039,-3.0,41.5,0.5506329113924051,884,0.25,0.0,tuned,0.5126582278481013,-0.00657254138266794,False
2024_02_IND_GB,2024,2,202402,total,under,0.5649606299212598,-110.0,0.5238095238095238,win,1.0,0.9090909090909091,5.489088923404964,41.63014781572705,3.0,41.5,0.5506329113924051,884,0.25,0.0,tuned,0.5126582278481013,-0.011151295961422503,False
2024_02_LAC_CAR,2024,2,202402,total,under,0.6535433070866141,-112.0,0.5283018867924528,win,1.0,0.8928571428571429,-5.109138253042119,36.38768048742264,5.0,39.0,0.5760869565217392,884,0.25,0.0,tuned,0.5190217391304348,-0.009280147662018012,False
2024_02_LA_ARI,2024,2,202402,total,over,0.5236220472440944,-102.0,0.504950495049505,win,1.0,0.9803921568627451,-5.34576097639585,50.690919102112495,1.0,47.5,0.5,884,0.25,0.0,tuned,0.5,-0.004950495049504955,False
2024_02_LV_BAL,2024,2,202402,total,under,0.4724409448818898,-108.0,0.5192307692307693,loss,0.0,-1.0,9.419931036388055,44.33007053717704,-9.0,41.0,0.5,884,0.25,0.0,tuned,0.5,-0.019230769230769273,False
2024_02_NO_DAL,2024,2,202402,total,over,0.6003937007874016,-112.0,0.5283018867924528,win,1.0,0.8928571428571429,4.470799685195468,52.13933895909358,-6.5,47.0,0.5506329113924051,884,0.25,0.0,tuned,0.5126582278481013,-0.01564365894435149,False
2024_02_NYJ_TEN,2024,2,202402,total,over,0.468503937007874,-108.0,0.5192307692307693,loss,0.0,-1.0,1.1517401397353728,42.821959323466366,3.5,41.5,0.5,884,0.25,0.0,tuned,0.5,-0.019230769230769273,False
2024_02_SEA_NE,2024,2,202402,total,over,0.5452755905511811,-110.0,0.5238095238095238,win,1.0,0.9090909090909091,-1.6036482039440347,42.82911527587293,3.5,39.0,0.5344827586206896,884,0.25,0.0,tuned,0.5086206896551724,-0.01518883415435146,False
2024_02_SF_MIN,2024,2,202402,total,under,0.5059055118110236,-108.0,0.5192307692307693,win,1.0,0.9259259259259259,-7.399573035238326,48.83517430548346,4.5,46.5,0.5,884,0.25,0.0,tuned,0.5,-0.019230769230769273,False
2024_02_TB_DET,2024,2,202402,total,under,0.5413385826771653,-112.0,0.5283018867924528,win,1.0,0.8928571428571429,4.4485136253486885,52.39936612690448,-7.5,51.5,0.5344827586206896,884,0.25,0.0,tuned,0.5086206896551724,-0.01968119713728045,False
2024_03_BAL_DAL,2024,3,202403,spread,home,0.5604606525911708,-110.0,0.5238095238095238,loss,0.0,-1.0,-0.541157756675128,49.104327341348494,1.5,47.5,0.519650655021834,884,0.25,0.01,tuned,0.5049126637554585,-0.018896860054065323,False
2024_03_CAR_LV,2024,3,202403,spread,home,0.5700575815738963,-110.0,0.5238095238095238,loss,0.0,-1.0,6.854364909135235,44.097949440540894,-5.5,40.0,0.519650655021834,884,0.25,0.01,tuned,0.5049126637554585,-0.018896860054065323,False
2024_03_CHI_IND,2024,3,202403,spread,away,0.5297504798464492,-108.0,0.5192307692307693,loss,0.0,-1.0,0.2892919783578604,41.56549368101816,-1.5,43.0,0.519650655021834,884,0.25,0.01,tuned,0.5049126637554585,-0.01431810547531076,False
2024_03_DEN_TB,2024,3,202403,spread,home,0.5604606525911708,-108.0,0.5192307692307693,loss,0.0,-1.0,7.023656055330665,41.38703656748287,-6.0,40.5,0.519650655021834,884,0.25,0.01,tuned,0.5049126637554585,-0.01431810547531076,False
2024_03_DET_ARI,2024,3,202403,spread,away,0.5566218809980806,-102.0,0.504950495049505,win,1.0,0.9803921568627451,-5.008884634765479,52.14408373948884,3.0,51.5,0.519650655021834,884,0.25,0.01,tuned,0.5049126637554585,-3.783129404644203e-05,False
2024_03_GB_TEN,2024,3,202403,spread,away,0.744721689059501,-112.0,0.5283018867924528,win,1.0,0.8928571428571429,-5.307954481472292,42.59305822661481,-3.0,37.0,0.547945205479452,884,0.25,0.01,tuned,0.511986301369863,-0.016315585422589818,False
2024_03_HOU_MIN,2024,3,202403,spread,home,0.6468330134357005,-108.0,0.5192307692307693,win,1.0,0.9259259259259259,0.9218297994982952,46.00777675249904,2.0,46.0,0.5284552845528455,884,0.25,0.01,tuned,0.5071138211382114,-0.012116948092557922,False
2024_03_JAX_BUF,2024,3,202403,spread,home,0.7312859884836852,-112.0,0.5283018867924528,win,1.0,0.8928571428571429,10.218009269748716,46.34088756535304,-4.0,46.5,0.547945205479452,884,0.25,0.01,tuned,0.511986301369863,-0.016315585422589818,False
2024_03_KC_ATL,2024,3,202403,spread,home,0.5911708253358925,-102.0,0.504950495049505,loss,0.0,-1.0,-1.274426215600696,48.76139798975597,3.0,46.0,0.519650655021834,884,0.25,0.01,tuned,0.5049126637554585,-3.783129404644203e-05,False
2024_03_LAC_PIT,2024,3,202403,spread,home,0.43186180422264875,-102.0,0.504950495049505,win,1.0,0.9803921568627451,0.7429750412371869,41.50485683139705,-3.0,36.0,0.48034934497816595,884,0.25,0.01,tuned,0.4950873362445415,-0.009863158804963468,False
2024_03_MIA_SEA,2024,3,202403,spread,away,0.6142034548944337,-110.0,0.5238095238095238,loss,0.0,-1.0,0.6291688865401854,41.18089752259402,-4.0,41.5,0.5284552845528455,884,0.25,0.01,tuned,0.5071138211382114,-0.016695702671312485,False
2024_03_NE_NYJ,2024,3,202403,spread,away,0.6717850287907869,-110.0,0.5238095238095238,loss,0.0,-1.0,0.8089645114352982,39.4235670710559,-6.5,39.0,0.547945205479452,884,0.25,0.01,tuned,0.511986301369863,-0.01182322243966083,False
2024_03_NYG_CLE,2024,3,202403,spread,away,0.5662188099808061,-112.0,0.5283018867924528,win,1.0,0.8928571428571429,4.326098753589769,40.72903427540278,-6.5,38.0,0.519650655021834,884,0.25,0.01,tuned,0.5049126637554585,-0.02338922303699431,False
2024_03_PHI_NO,2024,3,202403,spread,away,0.33589251439539347,-105.0,0.5121951219512195,win,1.0,0.9523809523809523,6.504613893405404,55.52669699669948,-2.5,49.0,0.47154471544715454,884,0.25,0.01,tuned,0.49288617886178865,-0.019308943089430874,False
2024_03_SF_LA,2024,3,202403,spread,home,0.5297504798464492,-112.0,0.5283018867924528,win,1.0,0.8928571428571429,-5.866677517848068,52.04302638386248,6.0,44.5,0.519650655021834,884,0.25,0.01,tuned,0.5049126637554585,-0.02338922303699431,False
2024_03_WAS_CIN,2024,3,202403,spread,home,0.5047984644913628,-105.0,0.5121951219512195,loss,0.0,-1.0,7.001714170051233,45.50501826043519,-7.5,46.0,0.5,884,0.25,0.01,tuned,0.5,-0.012195121951219523,False
2024_03_BAL_DAL,2024,3,202403,total,under,0.5297504798464492,-112.0,0.5283018867924528,loss,0.0,-1.0,-0.541157756675128,49.104327341348494,1.5,47.5,0.5308641975308641,910,0.25,0.0,tuned,0.507716049382716,-0.02058583740973685,False
2024_03_CAR_LV,2024,3,202403,total,over,0.5585412667946257,-112.0,0.5283018867924528,win,1.0,0.8928571428571429,6.854364909135235,44.097949440540894,-5.5,40.0,0.5590062111801242,910,0.25,0.0,tuned,0.514751552795031,-0.013550333997421782,False
2024_03_CHI_IND,2024,3,202403,total,under,0.6276391554702495,-105.0,0.5121951219512195,win,1.0,0.9523809523809523,0.2892919783578604,41.56549368101816,-1.5,43.0,0.5789473684210527,910,0.25,0.0,tuned,0.5197368421052632,0.007541720154043641,True
2024_03_DEN_TB,2024,3,202403,total,under,0.54510556621881,-108.0,0.5192307692307693,win,1.0,0.9259259259259259,7.023656055330665,41.38703656748287,-6.0,40.5,0.55,910,0.25,0.0,tuned,0.5125,-0.006730769230769318,False
2024_03_DET_ARI,2024,3,202403,total,under,0.5508637236084453,-112.0,0.5283018867924528,win,1.0,0.8928571428571429,-5.008884634765479,52.14408373948884,3.0,51.5,0.55,910,0.25,0.0,tuned,0.5125,-0.01580188679245287,False
2024_03_GB_TEN,2024,3,202403,total,over,0.6142034548944337,-112.0,0.5283018867924528,win,1.0,0.8928571428571429,-5.307954481472292,42.59305822661481,-3.0,37.0,0.5789473684210527,910,0.25,0.0,tuned,0.5197368421052632,-0.00856504468718966,False
2024_03_HOU_MIN,2024,3,202403,total,under,0.5796545105566219,-108.0,0.5192307692307693,win,1.0,0.9259259259259259,0.9218297994982952,46.00777675249904,2.0,46.0,0.5590062111801242,910,0.25,0.0,tuned,0.514751552795031,-0.004479216435738231,False
2024_03_JAX_BUF,2024,3,202403,total,under,0.5815738963531669,-110.0,0.5238095238095238,loss,0.0,-1.0,10.218009269748716,46.34088756535304,-4.0,46.5,0.5590062111801242,910,0.25,0.0,tuned,0.514751552795031,-0.009057971014492794,False
2024_03_KC_ATL,2024,3,202403,total,under,0.4971209213051824,-108.0,0.5192307692307693,win,1.0,0.9259259259259259,-1.274426215600696,48.76139798975597,3.0,46.0,0.5,910,0.25,0.0,tuned,0.5,-0.019230769230769273,False
2024_03_LAC_PIT,2024,3,202403,total,over,0.6103646833013435,-105.0,0.5121951219512195,loss,0.0,-1.0,0.7429750412371869,41.50485683139705,-3.0,36.0,0.5789473684210527,910,0.25,0.0,tuned,0.5197368421052632,0.007541720154043641,True
2024_03_MIA_SEA,2024,3,202403,total,under,0.5911708253358925,-110.0,0.5238095238095238,win,1.0,0.9090909090909091,0.6291688865401854,41.18089752259402,-4.0,41.5,0.5590062111801242,910,0.25,0.0,tuned,0.514751552795031,-0.009057971014492794,False
2024_03_NE_NYJ,2024,3,202403,total,under,0.5585412667946257,-108.0,0.5192307692307693,win,1.0,0.9259259259259259,0.8089645114352982,39.4235670710559,-6.5,39.0,0.5590062111801242,910,0.25,0.0,tuned,0.514751552795031,-0.004479216435738231,False
2024_03_NYG_CLE,2024,3,202403,total,under,0.4971209213051824,-108.0,0.5192307692307693,win,1.0,0.9259259259259259,4.326098753589769,40.72903427540278,-6.5,38.0,0.5,910,0.25,0.0,tuned,0.5,-0.019230769230769273,False
2024_03_PHI_NO,2024,3,202403,total,over,0.6468330134357005,-110.0,0.5238095238095238,loss,0.0,-1.0,6.504613893405404,55.52669699669948,-2.5,49.0,0.5789473684210527,910,0.25,0.0,tuned,0.5197368421052632,-0.004072681704260672,False
2024_03_SF_LA,2024,3,202403,total,over,0.6756238003838771,-110.0,0.5238095238095238,win,1.0,0.9090909090909091,-5.866677517848068,52.04302638386248,6.0,44.5,0.625,910,0.25,0.0,tuned,0.53125,0.007440476190476164,True
2024_03_WAS_CIN,2024,3,202403,total,under,0.5950095969289827,-112.0,0.5283018867924528,loss,0.0,-1.0,7.001714170051233,45.50501826043519,-7.5,46.0,0.5590062111801242,910,0.25,0.0,tuned,0.514751552795031,-0.013550333997421782,False
2024_04_BUF_BAL,2024,4,202404,spread,away,0.5884543761638734,-108.0,0.5192307692307693,loss,0.0,-1.0,-0.1093304385013831,51.23453389188741,-2.5,46.5,0.5126050420168067,916,0.25,0.01,tuned,0.5031512605042017,-0.016079508726567604,False
2024_04_CIN_CAR,2024,4,202404,spread,home,0.43202979515828677,-108.0,0.5192307692307693,loss,0.0,-1.0,-6.759514587043675,43.7326055211038,4.5,47.0,0.48739495798319327,916,0.25,0.01,tuned,0.49684873949579833,-0.022382029734970943,False
2024_04_CLE_LV,2024,4,202404,spread,home,0.6666666666666666,-105.0,0.5121951219512195,win,1.0,0.9523809523809523,1.734905464980805,43.45460517600917,2.5,36.5,0.523809523809524,916,0.25,0.01,tuned,0.5059523809523809,-0.006242740998838592,False
2024_04_DAL_NYG,2024,4,202404,spread,home,0.5698324022346368,-105.0,0.5121951219512195,win,1.0,0.9523809523809523,-4.100838961639271,42.72818736328807,5.5,45.0,0.5126050420168067,916,0.25,0.01,tuned,0.5031512605042017,-0.009043861447017854,False
2024_04_DEN_NYJ,2024,4,202404,spread,away,0.595903165735568,-108.0,0.5192307692307693,win,1.0,0.9259259259259259,4.571314033877755,38.126378727734746,-7.5,39.5,0.5126050420168067,916,0.25,0.01,tuned,0.5031512605042017,-0.016079508726567604,False
2024_04_JAX_HOU,2024,4,202404,spread,away,0.5661080074487896,-108.0,0.5192307692307693,win,1.0,0.9259259259259259,3.322643948075659,46.13392771998615,-5.5,44.5,0.5126050420168067,916,0.25,0.01,tuned,0.5031512605042017,-0.016079508726567604,False
2024_04_KC_LAC,2024,4,202404,spread,home,0.7094972067039106,-112.0,0.5283018867924528,win,1.0,0.8928571428571429,-1.84059626949488,45.48185701318911,7.5,41.5,0.5526315789473685,916,0.25,0.01,tuned,0.5131578947368421,-0.015143992055610678,False
2024_04_LA_CHI,2024,4,202404,spread,home,0.41154562383612664,-108.0,0.5192307692307693,win,1.0,0.9259259259259259,0.3764571687078515,39.25925132687191,-3.0,40.0,0.48739495798319327,916,0.25,0.01,tuned,0.49684873949579833,-0.022382029734970943,False
2024_04_MIN_GB,2024,4,202404,spread,away,0.44320297951582865,-102.0,0.504950495049505,win,1.0,0.9803921568627451,3.43136826903779,43.87438964373883,-2.5,44.0,0.48739495798319327,916,0.25,0.01,tuned,0.49684873949579833,-0.008101755553706624,False
2024_04_NE_SF,2024,4,202404,spread,home,0.6238361266294227,-108.0,0.5192307692307693,win,1.0,0.9259259259259259,13.01006848486668,46.401617416264536,-10.5,41.5,0.523809523809524,916,0.25,0.01,tuned,0.5059523809523809,-0.013278388278388342,False
2024_04_NO_ATL,2024,4,202404,spread,away,0.6927374301675977,-105.0,0.5121951219512195,win,1.0,0.9523809523809523,-4.072817247561506,49.3628566548023,-2.5,41.5,0.5526315789473685,916,0.25,0.01,tuned,0.5131578947368421,0.0009627727856226231,False
2024_04_PHI_TB,2024,4,202404,spread,home,0.5865921787709497,-110.0,0.5238095238095238,win,1.0,0.9090909090909091,0.7023927260152095,46.56757200102634,1.0,42.0,0.5126050420168067,916,0.25,0.01,tuned,0.5031512605042017,-0.020658263305322166,False
2024_04_PIT_IND,2024,4,202404,spread,away,0.47113594040968343,-108.0,0.5192307692307693,loss,0.0,-1.0,-2.3248048267338737,45.0265538741968,2.5,40.0,0.48739495798319327,916,0.25,0.01,tuned,0.49684873949579833,-0.022382029734970943,False
2024_04_SEA_DET,2024,4,202404,spread,away,0.43575418994413406,-108.0,0.5192307692307693,loss,0.0,-1.0,4.816640967189002,49.07773875182527,-3.5,46.5,0.48739495798319327,916,0.25,0.01,tuned,0.49684873949579833,-0.022382029734970943,False
2024_04_TEN_MIA,2024,4,202404,spread,home,0.6126629422718808,-112.0,0.5283018867924528,loss,0.0,-1.0,4.873107130396384,42.76826058133611,-2.5,37.0,0.523809523809524,916,0.25,0.01,tuned,0.5059523809523809,-0.022349505840071893,False
2024_04_WAS_ARI,2024,4,202404,spread,home,0.3985102420856611,-105.0,0.5121951219512195,loss,0.0,-1.0,0.4810687397808701,52.26180852950037,-3.5,49.0,0.48739495798319327,916,0.25,0.01,tuned,0.49684873949579833,-0.015346382455421193,False
2024_04_BUF_BAL,2024,4,202404,total,over,0.5847299813780261,-110.0,0.5238095238095238,loss,0.0,-1.0,-0.1093304385013831,51.23453389188741,-2.5,46.5,0.5633187772925764,942,0.25,0.0,tuned,0.5158296943231441,-0.007979829486379764,False
2024_04_CIN_CAR,2024,4,202404,total,under,0.6666666666666667,-108.0,0.5192307692307693,loss,0.0,-1.0,-6.759514587043675,43.7326055211038,4.5,47.0,0.5757575757575757,942,0.25,0.0,tuned,0.5189393939393939,-0.0002913752913753509,False
2024_04_CLE_LV,2024,4,202404,total,over,0.6573556797020484,-112.0,0.5283018867924528,loss,0.0,-1.0,1.734905464980805,43.45460517600917,2.5,36.5,0.5757575757575757,942,0.25,0.0,tuned,0.5189393939393939,-0.009362492853058901,False
2024_04_DAL_NYG,2024,4,202404,total,under,0.6517690875232774,-112.0,0.5283018867924528,win,1.0,0.8928571428571429,-4.100838961639271,42.72818736328807,5.5,45.0,0.5757575757575757,942,0.25,0.0,tuned,0.5189393939393939,-0.009362492853058901,False
2024_04_DEN_NYJ,2024,4,202404,total,under,0.6256983240223464,-112.0,0.5283018867924528,win,1.0,0.8928571428571429,4.571314033877755,38.126378727734746,-7.5,39.5,0.5757575757575757,942,0.25,0.0,tuned,0.5189393939393939,-0.009362492853058901,False
2024_04_JAX_HOU,2024,4,202404,total,under,0.5307262569832403,-108.0,0.5192307692307693,win,1.0,0.9259259259259259,3.322643948075659,46.13392771998615,-5.5,44.5,0.524390243902439,942,0.25,0.0,tuned,0.5060975609756098,-0.013133208255159512,False
2024_04_KC_LAC,2024,4,202404,total,over,0.5456238361266295,-112.0,0.5283018867924528,loss,0.0,-1.0,-1.84059626949488,45.48185701318911,7.5,41.5,0.5633187772925764,942,0.25,0.0,tuned,0.5158296943231441,-0.012472192469308752,False
2024_04_LA_CHI,2024,4,202404,total,under,0.6108007448789572,-105.0,0.5121951219512195,loss,0.0,-1.0,0.3764571687078515,39.25925132687191,-3.0,40.0,0.5757575757575757,942,0.25,0.0,tuned,0.5189393939393939,0.0067442719881743995,True
2024_04_MIN_GB,2024,4,202404,total,under,0.584729981378026,-112.0,0.5283018867924528,loss,0.0,-1.0,3.43136826903779,43.87438964373883,-2.5,44.0,0.5633187772925764,942,0.25,0.0,tuned,0.5158296943231441,-0.012472192469308752,False
2024_04_NE_SF,2024,4,202404,total,over,0.5865921787709497,-110.0,0.5238095238095238,win,1.0,0.9090909090909091,13.01006848486668,46.401617416264536,-10.5,41.5,0.5633187772925764,942,0.25,0.0,tuned,0.5158296943231441,-0.007979829486379764,False
2024_04_NO_ATL,2024,4,202404,total,over,0.6797020484171322,-108.0,0.5192307692307693,win,1.0,0.9259259259259259,-4.072817247561506,49.3628566548023,-2.5,41.5,0.6341463414634148,942,0.25,0.0,tuned,0.5335365853658537,0.014305816135084415,True
2024_04_PHI_TB,2024,4,202404,total,over,0.5735567970204841,-112.0,0.5283018867924528,win,1.0,0.8928571428571429,0.7023927260152095,46.56757200102634,1.0,42.0,0.5633187772925764,942,0.25,0.0,tuned,0.5158296943231441,-0.012472192469308752,False
2024_04_PIT_IND,2024,4,202404,total,over,0.5940409683426443,-110.0,0.5238095238095238,win,1.0,0.9090909090909091,-2.3248048267338737,45.0265538741968,2.5,40.0,0.5633187772925764,942,0.25,0.0,tuned,0.5158296943231441,-0.007979829486379764,False
2024_04_SEA_DET,2024,4,202404,total,under,0.5046554934823091,-108.0,0.5192307692307693,loss,0.0,-1.0,4.816640967189002,49.07773875182527,-3.5,46.5,0.5,942,0.25,0.0,tuned,0.5,-0.019230769230769273,False
2024_04_TEN_MIA,2024,4,202404,total,over,0.6182495344506518,-110.0,0.5238095238095238,win,1.0,0.9090909090909091,4.873107130396384,42.76826058133611,-2.5,37.0,0.5757575757575757,942,0.25,0.0,tuned,0.5189393939393939,-0.004870129870129913,False
2024_04_WAS_ARI,2024,4,202404,total,over,0.5176908752327747,-108.0,0.5192307692307693,win,1.0,0.9259259259259259,0.4810687397808701,52.26180852950037,-3.5,49.0,0.524390243902439,942,0.25,0.0,tuned,0.5060975609756098,-0.013133208255159512,False
2024_05_ARI_SF,2024,5,202405,spread,home,0.6980108499095841,-115.0,0.5348837209302325,loss,0.0,-1.0,12.320278106605942,50.31151997043943,-7.0,48.5,0.5641025641025641,948,0.25,0.01,tuned,0.516025641025641,-0.01885807990459154,False
2024_05_BAL_CIN,2024,5,202405,spread,home,0.4538878842676311,-102.0,0.504950495049505,loss,0.0,-1.0,-4.312368825280101,47.77595737531825,2.5,48.5,0.4794520547945205,948,0.25,0.01,tuned,0.4948630136986301,-0.010087481350874838,False
2024_05_BUF_HOU,2024,5,202405,spread,away,0.6799276672694394,-108.0,0.5192307692307693,loss,0.0,-1.0,-4.851116051222563,51.77585369673206,-1.0,48.0,0.5641025641025641,948,0.25,0.01,tuned,0.516025641025641,-0.0032051282051283048,False
2024_05_CAR_CHI,2024,5,202405,spread,home,0.6365280289330922,-112.0,0.5283018867924528,win,1.0,0.8928571428571429,6.710516095335162,39.15221798797576,-4.0,40.0,0.5283018867924528,948,0.25,0.01,tuned,0.5070754716981132,-0.021226415094339646,False
2024_05_CLE_WAS,2024,5,202405,spread,home,0.5641952983725136,-108.0,0.5192307692307693,win,1.0,0.9259259259259259,4.143633030458149,45.48843606921583,-3.0,44.0,0.5205479452054794,948,0.25,0.01,tuned,0.5051369863013698,-0.014093782929399445,False
2024_05_DAL_PIT,2024,5,202405,spread,away,0.6437613019891502,-108.0,0.5192307692307693,win,1.0,0.9259259259259259,-2.235279584368289,45.54445307470259,-2.5,43.5,0.5283018867924528,948,0.25,0.01,tuned,0.5070754716981132,-0.012155297532656095,False
2024_05_GB_LA,2024,5,202405,spread,home,0.6365280289330922,-108.0,0.5192307692307693,loss,0.0,-1.0,-0.2380884927677351,53.53827612575644,3.0,49.5,0.5283018867924528,948,0.25,0.01,tuned,0.5070754716981132,-0.012155297532656095,False
2024_05_IND_JAX,2024,5,202405,spread,away,0.6021699819168174,-110.0,0.5238095238095238,win,1.0,0.9090909090909091,0.4562549686696973,42.592829781388254,-3.5,45.0,0.5283018867924528,948,0.25,0.01,tuned,0.5070754716981132,-0.016734052111410658,False
2024_05_LV_DEN,2024,5,202405,spread,away,0.6292947558770343,-112.0,0.5283018867924528,loss,0.0,-1.0,-1.0600451794417358,34.607690825039306,-3.0,36.0,0.5283018867924528,948,0.25,0.01,tuned,0.5070754716981132,-0.021226415094339646,False
2024_05_MIA_NE,2024,5,202405,spread,home,0.5171790235081374,-108.0,0.5192307692307693,loss,0.0,-1.0,-2.1727608755720227,38.05950390164536,2.0,37.0,0.5205479452054794,948,0.25,0.01,tuned,0.5051369863013698,-0.014093782929399445,False
2024_05_NO_KC,2024,5,202405,spread,away,0.6455696202531646,-112.0,0.5283018867924528,loss,0.0,-1.0,0.7239635568149086,46.14393876789451,-5.5,43.0,0.5283018867924528,948,0.25,0.01,tuned,0.5070754716981132,-0.021226415094339646,False
2024_05_NYG_SEA,2024,5,202405,spread,away,0.5207956600361663,-112.0,0.5283018867924528,win,1.0,0.8928571428571429,6.0266781535824805,43.2214792544201,-7.0,42.5,0.5205479452054794,948,0.25,0.01,tuned,0.5051369863013698,-0.023164900491082996,False
2024_05_NYJ_MIN,2024,5,202405,spread,away,0.40325497287522605,-105.0,0.5121951219512195,loss,0.0,-1.0,4.398653655342773,40.33997739283177,-2.5,42.0,0.4716981132075472,948,0.25,0.01,tuned,0.4929245283018868,-0.0192705936493327,False
2024_05_TB_ATL,2024,5,202405,spread,away,0.6401446654611211,-102.0,0.504950495049505,loss,0.0,-1.0,-2.172987089910958,45.65848438022941,-2.5,44.0,0.5283018867924528,948,0.25,0.01,tuned,0.5070754716981132,0.0021249766486082233,False
2024_05_ARI_SF,2024,5,202405,total,under,0.5262206148282098,-108.0,0.5192307692307693,win,1.0,0.9259259259259259,12.320278106605942,50.31151997043943,-7.0,48.5,0.5357142857142857,974,0.25,0.0,tuned,0.5089285714285714,-0.010302197802197877,False
2024_05_BAL_CIN,2024,5,202405,total,under,0.6094032549728752,-112.0,0.5283018867924528,loss,0.0,-1.0,-4.312368825280101,47.77595737531825,2.5,48.5,0.5635359116022101,974,0.25,0.0,tuned,0.5158839779005525,-0.012417908891900309,False
2024_05_BUF_HOU,2024,5,202405,total,over,0.5424954792043399,-110.0,0.5238095238095238,loss,0.0,-1.0,-4.851116051222563,51.77585369673206,-1.0,48.0,0.5555555555555556,974,0.25,0.0,tuned,0.5138888888888888,-0.009920634920634996,False
2024_05_CAR_CHI,2024,5,202405,total,under,0.6112115732368897,-108.0,0.5192307692307693,loss,0.0,-1.0,6.710516095335162,39.15221798797576,-4.0,40.0,0.5635359116022101,974,0.25,0.0,tuned,0.5158839779005525,-0.0033467913302167585,False
2024_05_CLE_WAS,2024,5,202405,total,under,0.5316455696202531,-112.0,0.5283018867924528,loss,0.0,-1.0,4.143633030458149,45.48843606921583,-3.0,44.0,0.5357142857142857,974,0.25,0.0,tuned,0.5089285714285714,-0.019373315363881427,False
2024_05_DAL_PIT,2024,5,202405,total,under,0.5226039783001808,-108.0,0.5192307692307693,win,1.0,0.9259259259259259,-2.235279584368289,45.54445307470259,-2.5,43.5,0.5357142857142857,974,0.25,0.0,tuned,0.5089285714285714,-0.010302197802197877,False
2024_05_GB_LA,2024,5,202405,total,over,0.5533453887884268,-108.0,0.5192307692307693,loss,0.0,-1.0,-0.2380884927677351,53.53827612575644,3.0,49.5,0.5555555555555556,974,0.25,0.0,tuned,0.5138888888888888,-0.005341880341880434,False
2024_05_IND_JAX,2024,5,202405,total,under,0.650994575045208,-110.0,0.5238095238095238,loss,0.0,-1.0,0.4562549686696973,42.592829781388254,-3.5,45.0,0.5729166666666667,974,0.25,0.0,tuned,0.5182291666666667,-0.005580357142857095,False
2024_05_LV_DEN,2024,5,202405,total,under,0.623869801084991,-108.0,0.5192307692307693,loss,0.0,-1.0,-1.0600451794417358,34.607690825039306,-3.0,36.0,0.5729166666666667,974,0.25,0.0,tuned,0.5182291666666667,-0.0010016025641025328,False
2024_05_MIA_NE,2024,5,202405,total,under,0.5406871609403254,-108.0,0.5192307692307693,win,1.0,0.9259259259259259,-2.1727608755720227,38.05950390164536,2.0,37.0,0.5555555555555556,974,0.25,0.0,tuned,0.5138888888888888,-0.005341880341880434,False
2024_05_NO_KC,2024,5,202405,total,over,0.5189873417721519,-110.0,0.5238095238095238,loss,0.0,-1.0,0.7239635568149086,46.14393876789451,-5.5,43.0,0.5357142857142857,974,0.25,0.0,tuned,0.5089285714285714,-0.014880952380952439,False
2024_05_NYG_SEA,2024,5,202405,total,under,0.5497287522603979,-110.0,0.5238095238095238,loss,0.0,-1.0,6.0266781535824805,43.2214792544201,-7.0,42.5,0.5555555555555556,974,0.25,0.0,tuned,0.5138888888888888,-0.009920634920634996,False
2024_05_NYJ_MIN,2024,5,202405,total,under,0.6383363471971066,-112.0,0.5283018867924528,win,1.0,0.8928571428571429,4.398653655342773,40.33997739283177,-2.5,42.0,0.5729166666666667,974,0.25,0.0,tuned,0.5182291666666667,-0.010072720125786083,False
2024_05_TB_ATL,2024,5,202405,total,under,0.5280289330922242,-110.0,0.5238095238095238,loss,0.0,-1.0,-2.172987089910958,45.65848438022941,-2.5,44.0,0.5357142857142857,974,0.25,0.0,tuned,0.5089285714285714,-0.014880952380952439,False
2024_06_ARI_GB,2024,6,202406,spread,home,0.5573192239858906,-110.0,0.5238095238095238,win,1.0,0.9090909090909091,6.209916291828888,48.67554559350639,-5.5,47.0,0.524663677130045,976,0.25,0.01,tuned,0.5061659192825112,-0.017643604527012635,False
2024_06_ATL_CAR,2024,6,202406,spread,home,0.6137566137566137,-108.0,0.5192307692307693,loss,0.0,-1.0,-3.814886445054207,43.5241965071124,6.0,45.5,0.5269461077844312,976,0.25,0.01,tuned,0.5067365269461078,-0.01249424228466145,False
2024_06_BUF_NYJ,2024,6,202406,spread,away,0.6084656084656085,-112.0,0.5283018867924528,win,1.0,0.8928571428571429,-4.242807111045064,40.61629718561872,1.0,42.0,0.5269461077844312,976,0.25,0.01,tuned,0.5067365269461078,-0.021565359846345,False
2024_06_CIN_NYG,2024,6,202406,spread,home,0.562610229276896,-108.0,0.5192307692307693,loss,0.0,-1.0,-3.576494081230729,47.442179120004816,4.5,46.0,0.524663677130045,976,0.25,0.01,tuned,0.5061659192825112,-0.013064849948258073,False
2024_06_CLE_PHI,2024,6,202406,spread,away,0.6031746031746033,-108.0,0.5192307692307693,win,1.0,0.9259259259259259,4.880139997608362,43.520836292282944,-8.0,42.0,0.5269461077844312,976,0.25,0.01,tuned,0.5067365269461078,-0.01249424228466145,False
2024_06_DET_DAL,2024,6,202406,spread,away,0.34744268077601415,-105.0,0.5121951219512195,win,1.0,0.9523809523809523,-0.4610369653189976,53.27611325697272,3.5,52.5,0.47305389221556887,976,0.25,0.01,tuned,0.49326347305389223,-0.01893164889732729,False
2024_06_IND_TEN,2024,6,202406,spread,away,0.6084656084656085,-110.0,0.5238095238095238,win,1.0,0.9090909090909091,-0.7365891067802433,44.781937855072826,-2.5,42.0,0.5269461077844312,976,0.25,0.01,tuned,0.5067365269461078,-0.017072996863416012,False
2024_06_JAX_CHI,2024,6,202406,spread,home,0.746031746031746,-112.0,0.5283018867924528,win,1.0,0.8928571428571429,5.314790258608246,41.37692294535052,1.5,44.5,0.55,976,0.25,0.01,tuned,0.5125,-0.01580188679245287,False
2024_06_LAC_DEN,2024,6,202406,spread,away,0.345679012345679,-105.0,0.5121951219512195,win,1.0,0.9523809523809523,0.1138918414532268,36.43475025833304,3.0,37.0,0.47305389221556887,976,0.25,0.01,tuned,0.49326347305389223,-0.01893164889732729,False
2024_06_PIT_LV,2024,6,202406,spread,home,0.5925925925925926,-110.0,0.5238095238095238,loss,0.0,-1.0,-1.7260909477024362,42.36366888261912,3.5,36.5,0.524663677130045,976,0.25,0.01,tuned,0.5061659192825112,-0.017643604527012635,False
2024_06_SF_SEA,2024,6,202406,spread,home,0.5061728395061729,-102.0,0.504950495049505,loss,0.0,-1.0,-4.128606429186357,46.76966700609287,3.5,49.0,0.5,976,0.25,0.01,tuned,0.5,-0.004950495049504955,False
2024_06_WAS_BAL,2024,6,202406,spread,home,0.6155202821869489,-112.0,0.5283018867924528,win,1.0,0.8928571428571429,8.774873615838741,52.6173180001545,-6.5,51.5,0.5269461077844312,976,0.25,0.01,tuned,0.5067365269461078,-0.021565359846345,False
2024_06_ARI_GB,2024,6,202406,total,under,0.525573192239859,-110.0,0.5238095238095238,push,,0.0,6.209916291828888,48.67554559350639,-5.5,47.0,0.5280898876404494,1002,0.25,0.0,tuned,0.5070224719101124,-0.01678705189941143,False
2024_06_ATL_CAR,2024,6,202406,total,under,0.6437389770723104,-110.0,0.5238095238095238,loss,0.0,-1.0,-3.814886445054207,43.5241965071124,6.0,45.5,0.5656565656565657,1002,0.25,0.0,tuned,0.5164141414141414,-0.007395382395382399,False
2024_06_BUF_NYJ,2024,6,202406,total,under,0.6208112874779541,-110.0,0.5238095238095238,loss,0.0,-1.0,-4.242807111045064,40.61629718561872,1.0,42.0,0.5656565656565657,1002,0.25,0.0,tuned,0.5164141414141414,-0.007395382395382399,False
2024_06_CIN_NYG,2024,6,202406,total,under,0.5291005291005291,-102.0,0.504950495049505,win,1.0,0.9803921568627451,-3.576494081230729,47.442179120004816,4.5,46.0,0.5280898876404494,1002,0.25,0.0,tuned,0.5070224719101124,0.0020719768606074496,True
2024_06_CLE_PHI,2024,6,202406,total,under,0.5291005291005291,-110.0,0.5238095238095238,win,1.0,0.9090909090909091,4.880139997608362,43.520836292282944,-8.0,42.0,0.5280898876404494,1002,0.25,0.0,tuned,0.5070224719101124,-0.01678705189941143,False
2024_06_DET_DAL,2024,6,202406,total,under,0.544973544973545,-110.0,0.5238095238095238,loss,0.0,-1.0,-0.4610369653189976,53.27611325697272,3.5,52.5,0.5373134328358209,1002,0.25,0.0,tuned,0.5093283582089552,-0.014481165600568668,False
2024_06_IND_TEN,2024,6,202406,total,over,0.5044091710758377,-108.0,0.5192307692307693,loss,0.0,-1.0,-0.7365891067802433,44.781937855072826,-2.5,42.0,0.5,1002,0.25,0.0,tuned,0.5,-0.019230769230769273,False
2024_06_JAX_CHI,2024,6,202406,total,under,0.6649029982363316,-108.0,0.5192307692307693,loss,0.0,-1.0,5.314790258608246,41.37692294535052,1.5,44.5,0.5656565656565657,1002,0.25,0.0,tuned,0.5164141414141414,-0.002816627816627837,False
2024_06_LAC_DEN,2024,6,202406,total,under,0.5978835978835979,-108.0,0.5192307692307693,loss,0.0,-1.0,0.1138918414532268,36.43475025833304,3.0,37.0,0.5573770491803279,1002,0.25,0.0,tuned,0.514344262295082,-0.004886506935687263,False
2024_06_PIT_LV,2024,6,202406,total,over,0.6225749559082893,-112.0,0.5283018867924528,win,1.0,0.8928571428571429,-1.7260909477024362,42.36366888261912,3.5,36.5,0.5656565656565657,1002,0.25,0.0,tuned,0.5164141414141414,-0.011887745378311387,False
2024_06_SF_SEA,2024,6,202406,total,under,0.6472663139329806,-110.0,0.5238095238095238,loss,0.0,-1.0,-4.128606429186357,46.76966700609287,3.5,49.0,0.5656565656565657,1002,0.25,0.0,tuned,0.5164141414141414,-0.007395382395382399,False
2024_06_WAS_BAL,2024,6,202406,total,under,0.5361552028218695,-110.0,0.5238095238095238,loss,0.0,-1.0,8.774873615838741,52.6173180001545,-6.5,51.5,0.5280898876404494,1002,0.25,0.0,tuned,0.5070224719101124,-0.01678705189941143,False
2024_07_BAL_TB,2024,7,202407,spread,home,0.5647668393782384,-110.0,0.5238095238095238,loss,0.0,-1.0,-3.1920611699173382,49.86711043405798,4.5,51.0,0.5221238938053097,1000,0.25,0.01,tuned,0.5055309734513274,-0.018278550358196477,False
2024_07_CAR_WAS,2024,7,202407,spread,away,0.5198618307426597,100.0,0.5,loss,0.0,-1.0,9.104222479987143,45.38510646119812,-10.0,51.0,0.5221238938053097,1000,0.25,0.01,tuned,0.5055309734513274,0.005530973451327359,False
2024_07_CIN_CLE,2024,7,202407,spread,home,0.5250431778929189,-110.0,0.5238095238095238,loss,0.0,-1.0,-5.392395892514751,40.483496721084656,5.5,42.0,0.5221238938053097,1000,0.25,0.01,tuned,0.5055309734513274,-0.018278550358196477,False
2024_07_DET_MIN,2024,7,202407,spread,away,0.6822107081174439,-108.0,0.5192307692307693,win,1.0,0.9259259259259259,-4.9286947369537,50.18886327766583,-1.0,50.5,0.5555555555555556,1000,0.25,0.01,tuned,0.5138888888888888,-0.005341880341880434,False
2024_07_HOU_GB,2024,7,202407,spread,away,0.43696027633851464,100.0,0.5,win,1.0,1.0,4.164786467212242,48.488172347275466,-3.0,48.0,0.4778761061946903,1000,0.25,0.01,tuned,0.4944690265486726,-0.0055309734513274145,False
2024_07_KC_SF,2024,7,202407,spread,away,0.43696027633851464,-105.0,0.5121951219512195,win,1.0,0.9523809523809523,3.661223519154096,48.09972810769583,-2.5,47.5,0.4778761061946903,1000,0.25,0.01,tuned,0.4944690265486726,-0.017726095402546937,False
2024_07_LAC_ARI,2024,7,202407,spread,home,0.5457685664939551,-105.0,0.5121951219512195,win,1.0,0.9523809523809523,-0.4169235115350282,47.03090968116023,1.0,44.0,0.5221238938053097,1000,0.25,0.01,tuned,0.5055309734513274,-0.006664148499892164,False
2024_07_LV_LA,2024,7,202407,spread,away,0.5647668393782384,-105.0,0.5121951219512195,win,1.0,0.9523809523809523,4.853372323908906,47.02850580807161,-7.0,43.0,0.5221238938053097,1000,0.25,0.01,tuned,0.5055309734513274,-0.006664148499892164,False
2024_07_MIA_IND,2024,7,202407,spread,home,0.44905008635578586,100.0,0.5,win,1.0,1.0,1.2886058554894564,44.4397202538384,-3.0,44.0,0.4778761061946903,1000,0.25,0.01,tuned,0.4944690265486726,-0.0055309734513274145,False
2024_07_NYJ_PIT,2024,7,202407,spread,home,0.7530224525043178,-112.0,0.5283018867924528,win,1.0,0.8928571428571429,4.366986659225066,40.22263434061246,3.0,40.0,0.5555555555555556,1000,0.25,0.01,tuned,0.5138888888888888,-0.014412997903563984,False
2024_07_PHI_NYG,2024,7,202407,spread,home,0.5544041450777202,100.0,0.5,loss,0.0,-1.0,-2.202800008884934,43.42981558368957,3.0,42.0,0.5221238938053097,1000,0.25,0.01,tuned,0.5055309734513274,0.005530973451327359,False
2024_07_SEA_ATL,2024,7,202407,spread,home,0.4438687392055268,-105.0,0.5121951219512195,loss,0.0,-1.0,1.0269493072272629,50.35224348765525,-3.0,51.5,0.4778761061946903,1000,0.25,0.01,tuned,0.4944690265486726,-0.017726095402546937,False
2024_07_TEN_BUF,2024,7,202407,spread,away,0.49913644214162345,-110.0,0.5238095238095238,loss,0.0,-1.0,8.855268476228272,47.709329830403135,-9.5,41.0,0.5,1000,0.25,0.01,tuned,0.5,-0.023809523809523836,False
2024_07_BAL_TB,2024,7,202407,total,under,0.6096718480138169,-110.0,0.5238095238095238,loss,0.0,-1.0,-3.1920611699173382,49.86711043405798,4.5,51.0,0.5520833333333333,1024,0.25,0.0,tuned,0.5130208333333333,-0.010788690476190577,False
2024_07_CAR_WAS,2024,7,202407,total,under,0.7219343696027634,-110.0,0.5238095238095238,win,1.0,0.9090909090909091,9.104222479987143,45.38510646119812,-10.0,51.0,0.6428571428571429,1024,0.25,0.0,tuned,0.5357142857142857,0.011904761904761862,True
2024_07_CIN_CLE,2024,7,202407,total,under,0.625215889464594,-112.0,0.5283018867924528,win,1.0,0.8928571428571429,-5.392395892514751,40.483496721084656,5.5,42.0,0.5520833333333333,1024,0.25,0.0,tuned,0.5130208333333333,-0.015281053459119565,False
2024_07_DET_MIN,2024,7,202407,total,under,0.5837651122625216,-112.0,0.5283018867924528,loss,0.0,-1.0,-4.9286947369537,50.18886327766583,-1.0,50.5,0.5520833333333333,1024,0.25,0.0,tuned,0.5130208333333333,-0.015281053459119565,False
2024_07_HOU_GB,2024,7,202407,total,under,0.5492227979274611,-108.0,0.5192307692307693,win,1.0,0.9259259259259259,4.164786467212242,48.488172347275466,-3.0,48.0,0.5312499999999999,1024,0.25,0.0,tuned,0.5078125,-0.011418269230769273,False
2024_07_KC_SF,2024,7,202407,total,under,0.5474956822107081,-110.0,0.5238095238095238,win,1.0,0.9090909090909091,3.661223519154096,48.09972810769583,-2.5,47.5,0.5312499999999999,1024,0.25,0.0,tuned,0.5078125,-0.015997023809523836,False
2024_07_LAC_ARI,2024,7,202407,total,over,0.5198618307426598,-112.0,0.5283018867924528,loss,0.0,-1.0,-0.4169235115350282,47.03090968116023,1.0,44.0,0.5312499999999999,1024,0.25,0.0,tuned,0.5078125,-0.020489386792452824,False
2024_07_LV_LA,2024,7,202407,total,over,0.5578583765112263,-115.0,0.5348837209302325,loss,0.0,-1.0,4.853372323908906,47.02850580807161,-7.0,43.0,0.5520833333333333,1024,0.25,0.0,tuned,0.5130208333333333,-0.02186288759689925,False
2024_07_MIA_IND,2024,7,202407,total,under,0.5492227979274611,-108.0,0.5192307692307693,win,1.0,0.9259259259259259,1.2886058554894564,44.4397202538384,-3.0,44.0,0.5312499999999999,1024,0.25,0.0,tuned,0.5078125,-0.011418269230769273,False
2024_07_NYJ_PIT,2024,7,202407,total,under,0.5578583765112263,-110.0,0.5238095238095238,loss,0.0,-1.0,4.366986659225066,40.22263434061246,3.0,40.0,0.5520833333333333,1024,0.25,0.0,tuned,0.5130208333333333,-0.010788690476190577,False
2024_07_PHI_NYG,2024,7,202407,total,under,0.5250431778929188,-110.0,0.5238095238095238,win,1.0,0.9090909090909091,-2.202800008884934,43.42981558368957,3.0,42.0,0.5312499999999999,1024,0.25,0.0,tuned,0.5078125,-0.015997023809523836,False
2024_07_SEA_ATL,2024,7,202407,total,under,0.6096718480138169,-110.0,0.5238095238095238,win,1.0,0.9090909090909091,1.0269493072272629,50.35224348765525,-3.0,51.5,0.5520833333333333,1024,0.25,0.0,tuned,0.5130208333333333,-0.010788690476190577,False
2024_07_TEN_BUF,2024,7,202407,total,over,0.6511226252158895,-112.0,0.5283018867924528,win,1.0,0.8928571428571429,8.855268476228272,47.709329830403135,-9.5,41.0,0.5520833333333333,1024,0.25,0.0,tuned,0.5130208333333333,-0.015281053459119565,False
2024_08_ARI_MIA,2024,8,202408,spread,away,0.5760135135135135,-108.0,0.5192307692307693,win,1.0,0.9259259259259259,1.652896031775687,40.752121326778656,-4.0,46.5,0.5127118644067796,1026,0.25,0.01,tuned,0.5031779661016949,-0.016052803129074422,False
2024_08_ATL_TB,2024,8,202408,spread,home,0.7128378378378378,-110.0,0.5238095238095238,loss,0.0,-1.0,4.171265027617476,47.43889307407506,1.5,47.0,0.5636363636363636,1026,0.25,0.01,tuned,0.5159090909090909,-0.007900432900432963,False
2024_08_BAL_CLE,2024,8,202408,spread,away,0.6266891891891893,-110.0,0.5238095238095238,loss,0.0,-1.0,-11.36390352746732,47.988893370174566,7.5,44.5,0.5287356321839082,1026,0.25,0.01,tuned,0.507183908045977,-0.01662561576354682,False
2024_08_BUF_SEA,2024,8,202408,spread,home,0.4560810810810811,100.0,0.5,loss,0.0,-1.0,-4.542643336696768,47.045957676963326,3.0,45.5,0.48728813559322026,1026,0.25,0.01,tuned,0.49682203389830504,-0.0031779661016949623,False
2024_08_CAR_DEN,2024,8,202408,spread,away,0.5945945945945945,-110.0,0.5238095238095238,loss,0.0,-1.0,10.308933678470684,35.465176169127055,-13.0,40.5,0.524193939950677,1026,0.25,0.01,tuned,0.5060484849876692,-0.017761038821854647,False
2024_08_CHI_WAS,2024,8,202408,spread,home,0.5320945945945946,-110.0,0.5238095238095238,win,1.0,0.9090909090909091,1.829184316577673,44.86976646510277,-1.5,46.5,0.5127118644067796,1026,0.25,0.01,tuned,0.5031779661016949,-0.020631557707828985,False
2024_08_DAL_SF,2024,8,202408,spread,away,0.44594594594594594,-105.0,0.5121951219512195,loss,0.0,-1.0,6.299903269486158,47.495675261716826,-5.5,48.0,0.48728813559322026,1026,0.25,0.01,tuned,0.49682203389830504,-0.015373088052914485,False
2024_08_GB_JAX,2024,8,202408,spread,home,0.543918918918919,-105.0,0.5121951219512195,win,1.0,0.9523809523809523,-2.92708808641941,49.10968442096431,3.5,49.0,0.5127118644067796,1026,0.25,0.01,tuned,0.5031779661016949,-0.009017155849524672,False
2024_08_IND_HOU,2024,8,202408,spread,home,0.47466216216216217,-108.0,0.5192307692307693,loss,0.0,-1.0,3.855909015238157,44.957943156151046,-5.0,45.0,0.48728813559322026,1026,0.25,0.01,tuned,0.49682203389830504,-0.022408735332464236,False
2024_08_KC_LV,2024,8,202408,spread,home,0.6097972972972973,-108.0,0.5192307692307693,win,1.0,0.9259259259259259,-6.901643293394859,42.10943925702298,9.0,42.0,0.5287356321839082,1026,0.25,0.01,tuned,0.507183908045977,-0.012046861184792257,False
2024_08_MIN_LA,2024,8,202408,spread,home,0.7043918918918919,-115.0,0.5348837209302325,win,1.0,0.8695652173913043,2.533568709790514,46.45798278915116,3.0,47.5,0.5636363636363636,1026,0.25,0.01,tuned,0.5159090909090909,-0.018974630021141636,False
2024_08_NO_LAC,2024,8,202408,spread,away,0.6706081081081081,-110.0,0.5238095238095238,loss,0.0,-1.0,1.5058035634964906,42.89041526563762,-7.0,41.5,0.5601202617712058,1026,0.25,0.01,tuned,0.5150300654428015,-0.008779458366722337,False
2024_08_NYG_PIT,2024,8,202408,spread,away,0.472972972972973,-105.0,0.5121951219512195,loss,0.0,-1.0,6.198335641397039,41.06932232409399,-6.0,37.5,0.48728813559322026,1026,0.25,0.01,tuned,0.49682203389830504,-0.015373088052914485,False
2024_08_NYJ_NE,2024,8,202408,spread,home,0.6655405405405406,-110.0,0.5238095238095238,win,1.0,0.9090909090909091,-2.864278646823589,39.25169804389558,7.0,41.0,0.5287356321839082,1026,0.25,0.01,tuned,0.507183908045977,-0.01662561576354682,False
2024_08_PHI_CIN,2024,8,202408,spread,away,0.5675675675675675,100.0,0.5,win,1.0,1.0,0.290545945936973,48.67490596452605,-2.5,47.5,0.5127118644067796,1026,0.25,0.01,tuned,0.5031779661016949,0.0031779661016948513,False
2024_08_TEN_DET,2024,8,202408,spread,away,0.4932432432432432,-105.0,0.5121951219512195,loss,0.0,-1.0,12.189143199804302,53.4175734299976,-12.5,45.0,0.5,1026,0.25,0.01,tuned,0.5,-0.012195121951219523,False
2024_08_ARI_MIA,2024,8,202408,total,under,0.7263513513513513,-110.0,0.5238095238095238,loss,0.0,-1.0,1.652896031775687,40.752121326778656,-4.0,46.5,0.6511627906976745,1050,0.25,0.0,tuned,0.5377906976744187,0.013981173864894836,True
2024_08_ATL_TB,2024,8,202408,total,under,0.5523648648648649,-108.0,0.5192307692307693,loss,0.0,-1.0,4.171265027617476,47.43889307407506,1.5,47.0,0.5461538461538461,1050,0.25,0.0,tuned,0.5115384615384615,-0.007692307692307776,False
2024_08_BAL_CLE,2024,8,202408,total,over,0.5405405405405406,-115.0,0.5348837209302325,win,1.0,0.8695652173913043,-11.36390352746732,47.988893370174566,7.5,44.5,0.5461538461538461,1050,0.25,0.0,tuned,0.5115384615384615,-0.02334525939177101,False
2024_08_BUF_SEA,2024,8,202408,total,under,0.527027027027027,-105.0,0.5121951219512195,win,1.0,0.9523809523809523,-4.542643336696768,47.045957676963326,3.0,45.5,0.5319148936170213,1050,0.25,0.0,tuned,0.5079787234042553,-0.004216398546964206,False
2024_08_CAR_DEN,2024,8,202408,total,under,0.7128378378378378,-112.0,0.5283018867924528,loss,0.0,-1.0,10.308933678470684,35.465176169127055,-13.0,40.5,0.6511627906976745,1050,0.25,0.0,tuned,0.5377906976744187,0.009488810881965848,True
2024_08_CHI_WAS,2024,8,202408,total,under,0.6351351351351351,-108.0,0.5192307692307693,win,1.0,0.9259259259259259,1.829184316577673,44.86976646510277,-1.5,46.5,0.5566037735849056,1050,0.25,0.0,tuned,0.5141509433962264,-0.005079825834542917,False
2024_08_DAL_SF,2024,8,202408,total,under,0.5929054054054055,-110.0,0.5238095238095238,loss,0.0,-1.0,6.299903269486158,47.495675261716826,-5.5,48.0,0.5461538461538461,1050,0.25,0.0,tuned,0.5115384615384615,-0.012271062271062338,False
2024_08_GB_JAX,2024,8,202408,total,under,0.5692567567567568,-112.0,0.5283018867924528,loss,0.0,-1.0,-2.92708808641941,49.10968442096431,3.5,49.0,0.5461538461538461,1050,0.25,0.0,tuned,0.5115384615384615,-0.016763425253991326,False
2024_08_IND_HOU,2024,8,202408,total,under,0.5760135135135135,-108.0,0.5192307692307693,win,1.0,0.9259259259259259,3.855909015238157,44.957943156151046,-5.0,45.0,0.5461538461538461,1050,0.25,0.0,tuned,0.5115384615384615,-0.007692307692307776,False
2024_08_KC_LV,2024,8,202408,total,under,0.5692567567567568,-108.0,0.5192307692307693,loss,0.0,-1.0,-6.901643293394859,42.10943925702298,9.0,42.0,0.5461538461538461,1050,0.25,0.0,tuned,0.5115384615384615,-0.007692307692307776,False
2024_08_MIN_LA,2024,8,202408,total,under,0.6097972972972974,-110.0,0.5238095238095238,loss,0.0,-1.0,2.533568709790514,46.45798278915116,3.0,47.5,0.5461538461538461,1050,0.25,0.0,tuned,0.5115384615384615,-0.012271062271062338,False
2024_08_NO_LAC,2024,8,202408,total,under,0.5304054054054055,-108.0,0.5192307692307693,win,1.0,0.9259259259259259,1.5058035634964906,42.89041526563762,-7.0,41.5,0.5319148936170213,1050,0.25,0.0,tuned,0.5079787234042553,-0.011252045826513957,False
2024_08_NYG_PIT,2024,8,202408,total,over,0.5456081081081081,-110.0,0.5238095238095238,win,1.0,0.9090909090909091,6.198335641397039,41.06932232409399,-6.0,37.5,0.5461538461538461,1050,0.25,0.0,tuned,0.5115384615384615,-0.012271062271062338,False
2024_08_NYJ_NE,2024,8,202408,total,under,0.6368243243243243,-110.0,0.5238095238095238,loss,0.0,-1.0,-2.864278646823589,39.25169804389558,7.0,41.0,0.5566037735849056,1050,0.25,0.0,tuned,0.5141509433962264,-0.00965858041329748,False
2024_08_PHI_CIN,2024,8,202408,total,under,0.5320945945945945,-108.0,0.5192307692307693,loss,0.0,-1.0,0.290545945936973,48.67490596452605,-2.5,47.5,0.5319148936170213,1050,0.25,0.0,tuned,0.5079787234042553,-0.011252045826513957,False
2024_08_TEN_DET,2024,8,202408,total,over,0.7027027027027027,-112.0,0.5283018867924528,win,1.0,0.8928571428571429,12.189143199804302,53.4175734299976,-12.5,45.0,0.6511627906976745,1050,0.25,0.0,tuned,0.5377906976744187,0.009488810881965848,True
2024_09_CHI_ARI,2024,9,202409,spread,away,0.59375,-110.0,0.5238095238095238,loss,0.0,-1.0,-1.0926955366790292,44.77692405828069,-1.5,44.5,0.5277777777777778,1058,0.25,0.01,tuned,0.5069444444444444,-0.016865079365079416,False
2024_09_DAL_ATL,2024,9,202409,spread,away,0.4901315789473685,-105.0,0.5121951219512195,loss,0.0,-1.0,2.762192494036,50.86363418900444,-3.0,52.0,0.47222222222222215,1058,0.25,0.01,tuned,0.4930555555555555,-0.019139566395664,False
2024_09_DEN_BAL,2024,9,202409,spread,home,0.5592105263157895,-105.0,0.5121951219512195,win,1.0,0.9523809523809523,9.867392456464753,47.68288343661454,-9.0,46.5,0.5277777777777778,1058,0.25,0.01,tuned,0.5069444444444444,-0.005250677506775103,False
2024_09_DET_GB,2024,9,202409,spread,home,0.4621710526315789,100.0,0.5,loss,0.0,-1.0,-3.948193308201351,49.87689528097757,2.5,47.5,0.47222222222222215,1058,0.25,0.01,tuned,0.4930555555555555,-0.006944444444444475,False
2024_09_HOU_NYJ,2024,9,202409,spread,away,0.606907894736842,100.0,0.5,loss,0.0,-1.0,-0.5032412434126972,43.28936210014355,-2.5,43.5,0.5280898876404494,1058,0.25,0.01,tuned,0.5070224719101124,0.0070224719101124045,False
2024_09_IND_MIN,2024,9,202409,spread,away,0.5526315789473684,-110.0,0.5238095238095238,loss,0.0,-1.0,4.6540334832581705,48.99299832486819,-6.5,47.0,0.5277777777777778,1058,0.25,0.01,tuned,0.5069444444444444,-0.016865079365079416,False
2024_09_JAX_PHI,2024,9,202409,spread,away,0.5526315789473684,-112.0,0.5283018867924528,win,1.0,0.8928571428571429,5.668411202596019,51.56134228781556,-7.5,46.0,0.5277777777777778,1058,0.25,0.01,tuned,0.5069444444444444,-0.021357442348008404,False
2024_09_LAC_CLE,2024,9,202409,spread,home,0.5740131578947368,-110.0,0.5238095238095238,loss,0.0,-1.0,-0.5905372186042315,41.70824691094203,2.0,42.5,0.5277777777777778,1058,0.25,0.01,tuned,0.5069444444444444,-0.016865079365079416,False
2024_09_LA_SEA,2024,9,202409,spread,home,0.5180921052631579,-108.0,0.5192307692307693,loss,0.0,-1.0,-1.5656148573232351,43.6345594106653,1.5,48.5,0.5277777777777778,1058,0.25,0.01,tuned,0.5069444444444444,-0.012286324786324854,False
2024_09_LV_CIN,2024,9,202409,spread,away,0.6085526315789473,-110.0,0.5238095238095238,loss,0.0,-1.0,4.9280942276226885,45.29232387056157,-8.0,45.0,0.5280898876404494,1058,0.25,0.01,tuned,0.5070224719101124,-0.01678705189941143,False
2024_09_MIA_BUF,2024,9,202409,spread,home,0.649671052631579,-110.0,0.5238095238095238,loss,0.0,-1.0,9.376844078305082,48.4960429498662,-6.5,49.0,0.5280898876404494,1058,0.25,0.01,tuned,0.5070224719101124,-0.01678705189941143,False
2024_09_NE_TEN,2024,9,202409,spread,away,0.4736842105263158,-105.0,0.5121951219512195,push,,0.0,3.0735092930631898,40.46853648934827,-3.0,38.5,0.47222222222222215,1058,0.25,0.01,tuned,0.4930555555555555,-0.019139566395664,False
2024_09_NO_CAR,2024,9,202409,spread,home,0.5444078947368421,-102.0,0.504950495049505,win,1.0,0.9803921568627451,-6.4702718996744775,43.06133743965634,7.0,43.5,0.5277777777777778,1058,0.25,0.01,tuned,0.5069444444444444,0.001993949394939465,False
2024_09_TB_KC,2024,9,202409,spread,away,0.6348684210526316,-110.0,0.5238095238095238,win,1.0,0.9090909090909091,4.933688908057505,45.737345461797176,-9.0,45.5,0.5280898876404494,1058,0.25,0.01,tuned,0.5070224719101124,-0.01678705189941143,False
2024_09_WAS_NYG,2024,9,202409,spread,away,0.524671052631579,-108.0,0.5192307692307693,win,1.0,0.9259259259259259,-5.590753302859577,43.79835864531343,4.5,44.5,0.5277777777777778,1058,0.25,0.01,tuned,0.5069444444444444,-0.012286324786324854,False
2024_09_CHI_ARI,2024,9,202409,total,under,0.5509868421052632,-110.0,0.5238095238095238,win,1.0,0.9090909090909091,-1.0926955366790292,44.77692405828069,-1.5,44.5,0.5410447761194029,1082,0.25,0.0,tuned,0.5102611940298507,-0.01354832977967313,False
2024_09_DAL_ATL,2024,9,202409,total,under,0.6019736842105263,-112.0,0.5283018867924528,win,1.0,0.8928571428571429,2.762192494036,50.86363418900444,-3.0,52.0,0.5410447761194029,1082,0.25,0.0,tuned,0.5102611940298507,-0.018040692762602117,False
2024_09_DEN_BAL,2024,9,202409,total,under,0.524671052631579,-110.0,0.5238095238095238,loss,0.0,-1.0,9.867392456464753,47.68288343661454,-9.0,46.5,0.536082474226804,1082,0.25,0.0,tuned,0.509020618556701,-0.014788905252822837,False
2024_09_DET_GB,2024,9,202409,total,over,0.5082236842105263,-112.0,0.5283018867924528,loss,0.0,-1.0,-3.948193308201351,49.87689528097757,2.5,47.5,0.536082474226804,1082,0.25,0.0,tuned,0.509020618556701,-0.019281268235751825,False
2024_09_HOU_NYJ,2024,9,202409,total,under,0.5723684210526316,-105.0,0.5121951219512195,win,1.0,0.9523809523809523,-0.5032412434126972,43.28936210014355,-2.5,43.5,0.5410447761194029,1082,0.25,0.0,tuned,0.5102611940298507,-0.0019339279213688165,False
2024_09_IND_MIN,2024,9,202409,total,under,0.5098684210526316,-110.0,0.5238095238095238,win,1.0,0.9090909090909091,4.6540334832581705,48.99299832486819,-6.5,47.0,0.536082474226804,1082,0.25,0.0,tuned,0.509020618556701,-0.014788905252822837,False
2024_09_JAX_PHI,2024,9,202409,total,over,0.6233552631578947,-110.0,0.5238095238095238,win,1.0,0.9090909090909091,5.668411202596019,51.56134228781556,-7.5,46.0,0.5555555555555556,1082,0.25,0.0,tuned,0.5138888888888888,-0.009920634920634996,False
2024_09_LAC_CLE,2024,9,202409,total,under,0.5953947368421053,-108.0,0.5192307692307693,win,1.0,0.9259259259259259,-0.5905372186042315,41.70824691094203,2.0,42.5,0.5410447761194029,1082,0.25,0.0,tuned,0.5102611940298507,-0.008969575200918567,False
2024_09_LA_SEA,2024,9,202409,total,under,0.7023026315789473,-110.0,0.5238095238095238,win,1.0,0.9090909090909091,-1.5656148573232351,43.6345594106653,1.5,48.5,0.6304347826086957,1082,0.25,0.0,tuned,0.532608695652174,0.008799171842650111,True
2024_09_LV_CIN,2024,9,202409,total,under,0.549342105263158,-108.0,0.5192307692307693,loss,0.0,-1.0,4.9280942276226885,45.29232387056157,-8.0,45.0,0.5410447761194029,1082,0.25,0.0,tuned,0.5102611940298507,-0.008969575200918567,False
2024_09_MIA_BUF,2024,9,202409,total,under,0.5838815789473684,-108.0,0.5192307692307693,loss,0.0,-1.0,9.376844078305082,48.4960429498662,-6.5,49.0,0.5410447761194029,1082,0.25,0.0,tuned,0.5102611940298507,-0.008969575200918567,False
2024_09_NE_TEN,2024,9,202409,total,under,0.5098684210526316,-110.0,0.5238095238095238,win,1.0,0.9090909090909091,3.0735092930631898,40.46853648934827,-3.0,38.5,0.536082474226804,1082,0.25,0.0,tuned,0.509020618556701,-0.014788905252822837,False
2024_09_NO_CAR,2024,9,202409,total,under,0.5822368421052632,-108.0,0.5192307692307693,loss,0.0,-1.0,-6.4702718996744775,43.06133743965634,7.0,43.5,0.5410447761194029,1082,0.25,0.0,tuned,0.5102611940298507,-0.008969575200918567,False
2024_09_TB_KC,2024,9,202409,total,under,0.5509868421052632,-108.0,0.5192307692307693,loss,0.0,-1.0,4.933688908057505,45.737345461797176,-9.0,45.5,0.5410447761194029,1082,0.25,0.0,tuned,0.5102611940298507,-0.008969575200918567,False
2024_09_WAS_NYG,2024,9,202409,total,under,0.5953947368421053,-110.0,0.5238095238095238,loss,0.0,-1.0,-5.590753302859577,43.79835864531343,4.5,44.5,0.5410447761194029,1082,0.25,0.0,tuned,0.5102611940298507,-0.01354832977967313,False
2024_10_ATL_NO,2024,10,202410,spread,home,0.6099518459069021,-108.0,0.5192307692307693,win,1.0,0.9259259259259259,-1.5483793747805763,52.42440878591176,3.5,46.5,0.527027027027027,1086,0.25,0.01,tuned,0.5067567567567568,-0.012474012474012475,False
2024_10_BUF_IND,2024,10,202410,spread,home,0.3611556982343499,-105.0,0.5121951219512195,loss,0.0,-1.0,-8.92208491768543,50.60701572232655,4.5,46.5,0.47297297297297297,1086,0.25,0.01,tuned,0.49324324324324326,-0.018951878707976266,False
2024_10_CIN_BAL,2024,10,202410,spread,home,0.6051364365971108,-112.0,0.5283018867924528,loss,0.0,-1.0,7.910984074356879,55.84510931541668,-6.0,53.0,0.527027027027027,1086,0.25,0.01,tuned,0.5067567567567568,-0.021545130035696025,False
2024_10_DEN_KC,2024,10,202410,spread,home,0.6179775280898876,-105.0,0.5121951219512195,loss,0.0,-1.0,9.737216129389422,38.96788994035501,-7.5,42.5,0.527027027027027,1086,0.25,0.01,tuned,0.5067567567567568,-0.005438365194462724,False
2024_10_DET_HOU,2024,10,202410,spread,away,0.5521669341894061,-110.0,0.5238095238095238,loss,0.0,-1.0,-6.3405079692770485,53.413850735055725,4.5,49.0,0.527027027027027,1086,0.25,0.01,tuned,0.5067567567567568,-0.017052767052767037,False
2024_10_MIA_LA,2024,10,202410,spread,away,0.4382022471910112,-102.0,0.504950495049505,win,1.0,0.9803921568627451,3.2749916559472494,49.15070714235409,-2.5,49.5,0.47297297297297297,1086,0.25,0.01,tuned,0.49324324324324326,-0.011707251806261698,False
2024_10_MIN_JAX,2024,10,202410,spread,home,0.680577849117175,100.0,0.5,win,1.0,1.0,-2.412914816364497,42.08684238196003,7.0,42.5,0.5614035087719298,1086,0.25,0.01,tuned,0.5153508771929824,0.015350877192982448,True
2024_10_NE_CHI,2024,10,202410,spread,home,0.5537720706260032,-110.0,0.5238095238095238,loss,0.0,-1.0,7.119601307737694,39.057377451462166,-6.5,37.5,0.527027027027027,1086,0.25,0.01,tuned,0.5067567567567568,-0.017052767052767037,False
2024_10_NYG_CAR,2024,10,202410,spread,home,0.6179775280898876,-102.0,0.504950495049505,win,1.0,0.9803921568627451,-4.251003951121481,39.559623642783336,6.5,40.5,0.527027027027027,1086,0.25,0.01,tuned,0.5067567567567568,0.0018062617072518439,False
2024_10_NYJ_ARI,2024,10,202410,spread,home,0.6709470304975923,-110.0,0.5238095238095238,win,1.0,0.9090909090909091,2.146124545705472,47.44670320875035,2.0,45.5,0.5614035087719298,1086,0.25,0.01,tuned,0.5153508771929824,-0.008458646616541388,False
2024_10_PHI_DAL,2024,10,202410,spread,home,0.6902086677367576,-112.0,0.5283018867924528,loss,0.0,-1.0,-2.6982493813474417,51.76414748471824,7.5,44.5,0.5614035087719298,1086,0.25,0.01,tuned,0.5153508771929824,-0.012951009599470376,False
2024_10_PIT_WAS,2024,10,202410,spread,home,0.6211878009630819,-110.0,0.5238095238095238,loss,0.0,-1.0,3.8518274182160304,47.947976329915576,-1.5,45.0,0.527027027027027,1086,0.25,0.01,tuned,0.5067567567567568,-0.017052767052767037,False
2024_10_SF_TB,2024,10,202410,spread,home,0.6693418940609952,-102.0,0.504950495049505,win,1.0,0.9803921568627451,-2.5174598514006443,50.26913961708324,6.5,50.5,0.527027027027027,1086,0.25,0.01,tuned,0.5067567567567568,0.0018062617072518439,False
2024_10_TEN_LAC,2024,10,202410,spread,away,0.622792937399679,-108.0,0.5192307692307693,loss,0.0,-1.0,4.590787357158844,47.77684699268079,-8.0,40.0,0.527027027027027,1086,0.25,0.01,tuned,0.5067567567567568,-0.012474012474012475,False
2024_10_ATL_NO,2024,10,202410,total,over,0.6356340288924559,-108.0,0.5192307692307693,loss,0.0,-1.0,-1.5483793747805763,52.42440878591176,3.5,46.5,0.5596330275229359,1112,0.25,0.0,tuned,0.5149082568807339,-0.004322512350035335,False
2024_10_BUF_IND,2024,10,202410,total,over,0.5730337078651685,-112.0,0.5283018867924528,win,1.0,0.8928571428571429,-8.92208491768543,50.60701572232655,4.5,46.5,0.5379061371841155,1112,0.25,0.0,tuned,0.5094765342960289,-0.01882535249642392,False
2024_10_CIN_BAL,2024,10,202410,total,over,0.5200642054574639,-112.0,0.5283018867924528,win,1.0,0.8928571428571429,7.910984074356879,55.84510931541668,-6.0,53.0,0.5346534653465346,1112,0.25,0.0,tuned,0.5086633663366337,-0.019638520455819153,False
2024_10_DEN_KC,2024,10,202410,total,under,0.667736757624398,-110.0,0.5238095238095238,win,1.0,0.9090909090909091,9.737216129389422,38.96788994035501,-7.5,42.5,0.5596330275229359,1112,0.25,0.0,tuned,0.5149082568807339,-0.008901266928789897,False
2024_10_DET_HOU,2024,10,202410,total,over,0.5858747993579454,-112.0,0.5283018867924528,push,,0.0,-6.3405079692770485,53.413850735055725,4.5,49.0,0.5379061371841155,1112,0.25,0.0,tuned,0.5094765342960289,-0.01882535249642392,False
2024_10_MIA_LA,2024,10,202410,total,under,0.5762439807383628,-108.0,0.5192307692307693,win,1.0,0.9259259259259259,3.2749916559472494,49.15070714235409,-2.5,49.5,0.5379061371841155,1112,0.25,0.0,tuned,0.5094765342960289,-0.009754234934740369,False
2024_10_MIN_JAX,2024,10,202410,total,under,0.579454253611557,-108.0,0.5192307692307693,win,1.0,0.9259259259259259,-2.412914816364497,42.08684238196003,7.0,42.5,0.5379061371841155,1112,0.25,0.0,tuned,0.5094765342960289,-0.009754234934740369,False
2024_10_NE_CHI,2024,10,202410,total,under,0.5184590690208668,-112.0,0.5283018867924528,win,1.0,0.8928571428571429,7.119601307737694,39.057377451462166,-6.5,37.5,0.5346534653465346,1112,0.25,0.0,tuned,0.5086633663366337,-0.019638520455819153,False
2024_10_NYG_CAR,2024,10,202410,total,over,0.4028892455858748,-105.0,0.5121951219512195,loss,0.0,-1.0,-4.251003951121481,39.559623642783336,6.5,40.5,0.4620938628158845,1112,0.25,0.0,tuned,0.4905234657039711,-0.021671656247248428,False
2024_10_NYJ_ARI,2024,10,202410,total,under,0.5120385232744784,-108.0,0.5192307692307693,win,1.0,0.9259259259259259,2.146124545705472,47.44670320875035,2.0,45.5,0.5346534653465346,1112,0.25,0.0,tuned,0.5086633663366337,-0.010567402894135602,False
2024_10_PHI_DAL,2024,10,202410,total,over,0.680577849117175,-110.0,0.5238095238095238,loss,0.0,-1.0,-2.6982493813474417,51.76414748471824,7.5,44.5,0.6382978723404256,1112,0.25,0.0,tuned,0.5345744680851063,0.0107649442755825,True
2024_10_PIT_WAS,2024,10,202410,total,over,0.5264847512038523,-112.0,0.5283018867924528,win,1.0,0.8928571428571429,3.8518274182160304,47.947976329915576,-1.5,45.0,0.5346534653465346,1112,0.25,0.0,tuned,0.5086633663366337,-0.019638520455819153,False
2024_10_SF_TB,2024,10,202410,total,under,0.5714285714285714,-112.0,0.5283018867924528,win,1.0,0.8928571428571429,-2.5174598514006443,50.26913961708324,6.5,50.5,0.5379061371841155,1112,0.25,0.0,tuned,0.5094765342960289,-0.01882535249642392,False
2024_10_TEN_LAC,2024,10,202410,total,over,0.695024077046549,-110.0,0.5238095238095238,win,1.0,0.9090909090909091,4.590787357158844,47.77684699268079,-8.0,40.0,0.6382978723404256,1112,0.25,0.0,tuned,0.5345744680851063,0.0107649442755825,True
2024_11_ATL_DEN,2024,11,202411,spread,away,0.6562009419152277,-108.0,0.5192307692307693,loss,0.0,-1.0,-2.8718959298572986,44.3409346730327,-2.0,44.5,0.5230769230769231,1114,0.25,0.01,tuned,0.5057692307692307,-0.013461538461538525,False
2024_11_BAL_PIT,2024,11,202411,spread,home,0.3626373626373626,100.0,0.5,win,1.0,1.0,-7.200883610648429,53.58561625911263,3.0,48.0,0.47692307692307684,1114,0.25,0.01,tuned,0.4942307692307692,-0.005769230769230804,False
2024_11_CIN_LAC,2024,11,202411,spread,home,0.4065934065934066,-102.0,0.504950495049505,win,1.0,0.9803921568627451,-1.575052863235094,52.470343810554375,-1.0,48.0,0.47692307692307684,1114,0.25,0.01,tuned,0.4942307692307692,-0.01071972581873576,False
2024_11_CLE_NO,2024,11,202411,spread,home,0.6499215070643642,-110.0,0.5238095238095238,win,1.0,0.9090909090909091,1.915679014256682,49.027384871989405,1.0,44.0,0.5230769230769231,1114,0.25,0.01,tuned,0.5057692307692307,-0.018040293040293087,False
2024_11_GB_CHI,2024,11,202411,spread,home,0.6671899529042387,-105.0,0.5121951219512195,win,1.0,0.9523809523809523,-1.9064131972704792,42.37631762320041,6.0,41.0,0.5230769230769231,1114,0.25,0.01,tuned,0.5057692307692307,-0.006425891181988774,False
2024_11_HOU_DAL,2024,11,202411,spread,away,0.26216640502354793,100.0,0.5,win,1.0,1.0,-1.081807598090672,45.51297668250258,7.5,41.5,0.42857142857142855,1114,0.25,0.01,tuned,0.48214285714285715,-0.01785714285714285,False
2024_11_IND_NYJ,2024,11,202411,spread,home,0.5117739403453689,-110.0,0.5238095238095238,loss,0.0,-1.0,3.803266158939009,39.56510666421959,-4.0,43.0,0.5230769230769231,1114,0.25,0.01,tuned,0.5057692307692307,-0.018040293040293087,False
2024_11_JAX_DET,2024,11,202411,spread,away,0.5965463108320251,-105.0,0.5121951219512195,loss,0.0,-1.0,11.184935444510058,48.91917375859841,-14.0,47.5,0.5230769230769231,1114,0.25,0.01,tuned,0.5057692307692307,-0.006425891181988774,False
2024_11_KC_BUF,2024,11,202411,spread,home,0.5635792778649922,-112.0,0.5283018867924528,win,1.0,0.8928571428571429,3.437702041000525,47.97639291558043,-2.5,46.5,0.5230769230769231,1114,0.25,0.01,tuned,0.5057692307692307,-0.022532656023222075,False
2024_11_LA_NE,2024,11,202411,spread,away,0.5180533751962324,-108.0,0.5192307692307693,win,1.0,0.9259259259259259,-4.852230054093996,40.48018690135463,4.0,42.5,0.5230769230769231,1114,0.25,0.01,tuned,0.5057692307692307,-0.013461538461538525,False
2024_11_LV_MIA,2024,11,202411,spread,away,0.5949764521193093,-105.0,0.5121951219512195,loss,0.0,-1.0,5.2553431092092255,40.67386819168124,-8.0,43.5,0.5230769230769231,1114,0.25,0.01,tuned,0.5057692307692307,-0.006425891181988774,False
2024_11_MIN_TEN,2024,11,202411,spread,home,0.5588697017268446,-102.0,0.504950495049505,loss,0.0,-1.0,-5.1677457742560655,44.88024158794595,6.0,40.0,0.5230769230769231,1114,0.25,0.01,tuned,0.5057692307692307,0.0008187357197257938,False
2024_11_SEA_SF,2024,11,202411,spread,home,0.6718995290423861,-110.0,0.5238095238095238,loss,0.0,-1.0,10.295206936192796,48.390939578082936,-6.0,49.0,0.5666666666666667,1114,0.25,0.01,tuned,0.5166666666666666,-0.0071428571428572285,False
2024_11_WAS_PHI,2024,11,202411,spread,away,0.5635792778649922,-110.0,0.5238095238095238,loss,0.0,-1.0,2.423497077289161,49.469031568993614,-4.5,49.5,0.5230769230769231,1114,0.25,0.01,tuned,0.5057692307692307,-0.018040293040293087,False
2024_11_ATL_DEN,2024,11,202411,total,under,0.5729984301412873,-112.0,0.5283018867924528,win,1.0,0.8928571428571429,-2.8718959298572986,44.3409346730327,-2.0,44.5,0.5478036175710594,1138,0.25,0.0,tuned,0.5119509043927648,-0.01635098239968802,False
2024_11_BAL_PIT,2024,11,202411,total,over,0.6232339089481946,-112.0,0.5283018867924528,loss,0.0,-1.0,-7.200883610648429,53.58561625911263,3.0,48.0,0.5555555555555556,1138,0.25,0.0,tuned,0.5138888888888888,-0.014412997903563984,False
2024_11_CIN_LAC,2024,11,202411,total,over,0.5839874411302983,-115.0,0.5348837209302325,win,1.0,0.8695652173913043,-1.575052863235094,52.470343810554375,-1.0,48.0,0.5478036175710594,1138,0.25,0.0,tuned,0.5119509043927648,-0.022932816537467704,False
2024_11_CLE_NO,2024,11,202411,total,over,0.6059654631083202,-110.0,0.5238095238095238,win,1.0,0.9090909090909091,1.915679014256682,49.027384871989405,1.0,44.0,0.5478036175710594,1138,0.25,0.0,tuned,0.5119509043927648,-0.01185861941675903,False
2024_11_GB_CHI,2024,11,202411,total,under,0.5274725274725275,-108.0,0.5192307692307693,win,1.0,0.9259259259259259,-1.9064131972704792,42.37631762320041,6.0,41.0,0.5478036175710594,1138,0.25,0.0,tuned,0.5119509043927648,-0.007279864838004468,False
2024_11_HOU_DAL,2024,11,202411,total,over,0.5635792778649922,-115.0,0.5348837209302325,win,1.0,0.8695652173913043,-1.081807598090672,45.51297668250258,7.5,41.5,0.5478036175710594,1138,0.25,0.0,tuned,0.5119509043927648,-0.022932816537467704,False
2024_11_IND_NYJ,2024,11,202411,total,under,0.6718995290423861,-110.0,0.5238095238095238,loss,0.0,-1.0,3.803266158939009,39.56510666421959,-4.0,43.0,0.6346153846153846,1138,0.25,0.0,tuned,0.5336538461538461,0.00984432234432231,True
2024_11_JAX_DET,2024,11,202411,total,under,0.5259026687598116,-110.0,0.5238095238095238,loss,0.0,-1.0,11.184935444510058,48.91917375859841,-14.0,47.5,0.5478036175710594,1138,0.25,0.0,tuned,0.5119509043927648,-0.01185861941675903,False
2024_11_KC_BUF,2024,11,202411,total,under,0.5259026687598116,-108.0,0.5192307692307693,loss,0.0,-1.0,3.437702041000525,47.97639291558043,-2.5,46.5,0.5478036175710594,1138,0.25,0.0,tuned,0.5119509043927648,-0.007279864838004468,False
2024_11_LA_NE,2024,11,202411,total,under,0.6357927786499216,-112.0,0.5283018867924528,loss,0.0,-1.0,-4.852230054093996,40.48018690135463,4.0,42.5,0.5555555555555556,1138,0.25,0.0,tuned,0.5138888888888888,-0.014412997903563984,False
2024_11_LV_MIA,2024,11,202411,total,under,0.6593406593406593,-112.0,0.5283018867924528,loss,0.0,-1.0,5.2553431092092255,40.67386819168124,-8.0,43.5,0.5555555555555556,1138,0.25,0.0,tuned,0.5138888888888888,-0.014412997903563984,False
2024_11_MIN_TEN,2024,11,202411,total,over,0.5996860282574569,-110.0,0.5238095238095238,loss,0.0,-1.0,-5.1677457742560655,44.88024158794595,6.0,40.0,0.5478036175710594,1138,0.25,0.0,tuned,0.5119509043927648,-0.01185861941675903,False
2024_11_SEA_SF,2024,11,202411,total,under,0.5934065934065934,-112.0,0.5283018867924528,win,1.0,0.8928571428571429,10.295206936192796,48.390939578082936,-6.0,49.0,0.5478036175710594,1138,0.25,0.0,tuned,0.5119509043927648,-0.01635098239968802,False
2024_11_WAS_PHI,2024,11,202411,total,under,0.5729984301412873,-110.0,0.5238095238095238,win,1.0,0.9090909090909091,2.423497077289161,49.469031568993614,-4.5,49.5,0.5478036175710594,1138,0.25,0.0,tuned,0.5119509043927648,-0.01185861941675903,False
2024_12_ARI_SEA,2024,12,202412,spread,away,0.5499231950844854,-110.0,0.5238095238095238,loss,0.0,-1.0,-2.685992817064874,43.813830181715,1.0,46.5,0.5181159420289855,1142,0.25,0.01,tuned,0.5045289855072463,-0.019280538302277495,False
2024_12_BAL_LAC,2024,12,202412,spread,away,0.6559139784946236,-110.0,0.5238095238095238,win,1.0,0.9090909090909091,-8.0006251281137,55.55656469676067,3.0,51.0,0.518324607329843,1142,0.25,0.01,tuned,0.5045811518324608,-0.019228371977063063,False
2024_12_DAL_WAS,2024,12,202412,spread,home,0.4162826420890937,-108.0,0.5192307692307693,loss,0.0,-1.0,8.0366470971652,44.23133405246399,-10.5,45.0,0.48188405797101447,1142,0.25,0.01,tuned,0.4954710144927536,-0.02375975473801567,False
2024_12_DEN_LV,2024,12,202412,spread,away,0.3317972350230415,-105.0,0.5121951219512195,win,1.0,0.9523809523809523,-2.744468106932606,43.38875740764414,6.5,41.5,0.4816753926701571,1142,0.25,0.01,tuned,0.4954188481675393,-0.01677627378368024,False
2024_12_DET_IND,2024,12,202412,spread,home,0.3655913978494624,102.0,0.49504950495049505,loss,0.0,-1.0,-11.3833345483969,53.39338390913595,7.0,50.5,0.4816753926701571,1142,0.25,0.01,tuned,0.4954188481675393,0.0003693432170442379,False
2024_12_KC_CAR,2024,12,202412,spread,home,0.47772657450076805,-108.0,0.5192307692307693,win,1.0,0.9259259259259259,-12.01302580811361,41.4154339169567,11.0,43.0,0.48188405797101447,1142,0.25,0.01,tuned,0.4954710144927536,-0.02375975473801567,False
2024_12_MIN_CHI,2024,12,202412,spread,home,0.5745007680491552,100.0,0.5,push,,0.0,-1.6682932364776302,39.88322884188901,3.0,39.5,0.5181159420289855,1142,0.25,0.01,tuned,0.5045289855072463,0.004528985507246341,False
2024_12_NE_MIA,2024,12,202412,spread,home,0.4946236559139785,-105.0,0.5121951219512195,win,1.0,0.9523809523809523,6.763354983690912,42.21797142940946,-7.5,46.0,0.5,1142,0.25,0.01,tuned,0.5,-0.012195121951219523,False
2024_12_PHI_LA,2024,12,202412,spread,home,0.6513056835637481,-108.0,0.5192307692307693,loss,0.0,-1.0,-0.1293629004548133,51.7313371606444,3.0,49.0,0.518324607329843,1142,0.25,0.01,tuned,0.5045811518324608,-0.014649617398308501,False
2024_12_PIT_CLE,2024,12,202412,spread,home,0.5944700460829493,-105.0,0.5121951219512195,win,1.0,0.9523809523809523,-1.7969523458069805,39.86145605177708,3.5,36.5,0.5181159420289855,1142,0.25,0.01,tuned,0.5045289855072463,-0.007666136443973182,False
2024_12_SF_GB,2024,12,202412,spread,away,0.7619047619047619,-112.0,0.5283018867924528,loss,0.0,-1.0,-2.2980688299955383,42.5330349238656,-6.5,44.5,0.5555555555555556,1142,0.25,0.01,tuned,0.5138888888888888,-0.014412997903563984,False
2024_12_TB_NYG,2024,12,202412,spread,home,0.6298003072196621,-112.0,0.5283018867924528,loss,0.0,-1.0,-3.990338973027373,43.49401507943831,6.5,40.5,0.518324607329843,1142,0.25,0.01,tuned,0.5045811518324608,-0.02372073495999205,False
2024_12_TEN_HOU,2024,12,202412,spread,home,0.4685099846390169,-108.0,0.5192307692307693,loss,0.0,-1.0,6.783080253110834,47.05854374296709,-8.0,40.5,0.48188405797101447,1142,0.25,0.01,tuned,0.4954710144927536,-0.02375975473801567,False
2024_12_ARI_SEA,2024,12,202412,total,under,0.6513056835637481,-108.0,0.5192307692307693,win,1.0,0.9259259259259259,-2.685992817064874,43.813830181715,1.0,46.5,0.5510835913312694,1166,0.25,0.0,tuned,0.5127708978328174,-0.0064598713979519,False
2024_12_BAL_LAC,2024,12,202412,total,over,0.5883256528417818,-108.0,0.5192307692307693,win,1.0,0.9259259259259259,-8.0006251281137,55.55656469676067,3.0,51.0,0.5510835913312694,1166,0.25,0.0,tuned,0.5127708978328174,-0.0064598713979519,False
2024_12_DAL_WAS,2024,12,202412,total,under,0.599078341013825,-110.0,0.5238095238095238,loss,0.0,-1.0,8.0366470971652,44.23133405246399,-10.5,45.0,0.5510835913312694,1166,0.25,0.0,tuned,0.5127708978328174,-0.011038625976706462,False
2024_12_DEN_LV,2024,12,202412,total,under,0.5145929339477726,-108.0,0.5192307692307693,loss,0.0,-1.0,-2.744468106932606,43.38875740764414,6.5,41.5,0.5459459459459459,1166,0.25,0.0,tuned,0.5114864864864865,-0.007744282744282738,False
2024_12_DET_IND,2024,12,202412,total,over,0.5207373271889401,-110.0,0.5238095238095238,loss,0.0,-1.0,-11.3833345483969,53.39338390913595,7.0,50.5,0.5459459459459459,1166,0.25,0.0,tuned,0.5114864864864865,-0.0123230373230373,False
2024_12_KC_CAR,2024,12,202412,total,under,0.6236559139784946,-110.0,0.5238095238095238,loss,0.0,-1.0,-12.01302580811361,41.4154339169567,11.0,43.0,0.5510835913312694,1166,0.25,0.0,tuned,0.5127708978328174,-0.011038625976706462,False
2024_12_MIN_CHI,2024,12,202412,total,under,0.5499231950844854,-108.0,0.5192307692307693,loss,0.0,-1.0,-1.6682932364776302,39.88322884188901,3.0,39.5,0.5459459459459459,1166,0.25,0.0,tuned,0.5114864864864865,-0.007744282744282738,False
2024_12_NE_MIA,2024,12,202412,total,under,0.6758832565284179,-108.0,0.5192307692307693,loss,0.0,-1.0,6.763354983690912,42.21797142940946,-7.5,46.0,0.6226415094339622,1166,0.25,0.0,tuned,0.5306603773584906,0.011429608127721314,True
2024_12_PHI_LA,2024,12,202412,total,over,0.5161290322580645,-112.0,0.5283018867924528,win,1.0,0.8928571428571429,-0.1293629004548133,51.7313371606444,3.0,49.0,0.5459459459459459,1166,0.25,0.0,tuned,0.5114864864864865,-0.016815400305966288,False
2024_12_PIT_CLE,2024,12,202412,total,over,0.5376344086021505,-112.0,0.5283018867924528,win,1.0,0.8928571428571429,-1.7969523458069805,39.86145605177708,3.5,36.5,0.5459459459459459,1166,0.25,0.0,tuned,0.5114864864864865,-0.016815400305966288,False
2024_12_SF_GB,2024,12,202412,total,under,0.6344086021505376,-108.0,0.5192307692307693,loss,0.0,-1.0,-2.2980688299955383,42.5330349238656,-6.5,44.5,0.5510835913312694,1166,0.25,0.0,tuned,0.5127708978328174,-0.0064598713979519,False
2024_12_TB_NYG,2024,12,202412,total,over,0.5253456221198156,-110.0,0.5238095238095238,loss,0.0,-1.0,-3.990338973027373,43.49401507943831,6.5,40.5,0.5459459459459459,1166,0.25,0.0,tuned,0.5114864864864865,-0.0123230373230373,False
2024_12_TEN_HOU,2024,12,202412,total,over,0.6559139784946236,-108.0,0.5192307692307693,win,1.0,0.9259259259259259,6.783080253110834,47.05854374296709,-8.0,40.5,0.5510835913312694,1166,0.25,0.0,tuned,0.5127708978328174,-0.0064598713979519,False
2024_13_ARI_MIN,2024,13,202413,spread,away,0.5391566265060241,-110.0,0.5238095238095238,win,1.0,0.9090909090909091,2.175212167300277,48.34974700386137,-3.5,45.5,0.5178197064989518,1166,0.25,0.01,tuned,0.504454926624738,-0.019354597184785827,False
2024_13_CHI_DET,2024,13,202413,spread,away,0.3885542168674698,-102.0,0.504950495049505,win,1.0,0.9803921568627451,11.519764623976268,48.90246275361166,-9.5,47.5,0.4821802935010481,1166,0.25,0.01,tuned,0.495545073375262,-0.009405421674242964,False
2024_13_CLE_DEN,2024,13,202413,spread,away,0.5271084337349398,-108.0,0.5192307692307693,loss,0.0,-1.0,5.34906766246651,42.273363871334375,-6.5,41.5,0.5178197064989518,1166,0.25,0.01,tuned,0.504454926624738,-0.014775842606031264,False
2024_13_HOU_JAX,2024,13,202413,spread,away,0.5512048192771084,-110.0,0.5238095238095238,loss,0.0,-1.0,-5.299525125098899,38.70570687366185,3.5,44.5,0.5178197064989518,1166,0.25,0.01,tuned,0.504454926624738,-0.019354597184785827,False
2024_13_IND_NE,2024,13,202413,spread,home,0.6746987951807228,-105.0,0.5121951219512195,win,1.0,0.9523809523809523,2.039600271331868,38.260493579550925,2.5,41.5,0.5494505494505495,1166,0.25,0.01,tuned,0.5123626373626373,0.0001675154114177957,False
2024_13_LAC_ATL,2024,13,202413,spread,away,0.3343373493975904,-108.0,0.5192307692307693,win,1.0,0.9259259259259259,2.8450069701046514,49.182698330523706,1.0,47.0,0.4821802935010481,1166,0.25,0.01,tuned,0.495545073375262,-0.023685695855507283,False
2024_13_LA_NO,2024,13,202413,spread,home,0.5421686746987951,-105.0,0.5121951219512195,loss,0.0,-1.0,-2.022981205229341,52.19190415792086,2.5,48.5,0.5178197064989518,1166,0.25,0.01,tuned,0.504454926624738,-0.007740195326481514,False
2024_13_LV_KC,2024,13,202413,spread,away,0.5918674698795181,-108.0,0.5192307692307693,win,1.0,0.9259259259259259,10.858086994796878,41.72447299144254,-13.5,42.0,0.5178197064989518,1166,0.25,0.01,tuned,0.504454926624738,-0.014775842606031264,False
2024_13_MIA_GB,2024,13,202413,spread,home,0.47740963855421686,-105.0,0.5121951219512195,win,1.0,0.9523809523809523,2.521930878962377,47.37865832060199,-3.5,47.5,0.4821802935010481,1166,0.25,0.01,tuned,0.495545073375262,-0.016650048575957532,False
2024_13_NYG_DAL,2024,13,202413,spread,away,0.5105421686746988,-110.0,0.5238095238095238,loss,0.0,-1.0,3.724676349487026,45.36088416342917,-4.5,39.0,0.5178197064989518,1166,0.25,0.01,tuned,0.504454926624738,-0.019354597184785827,False
2024_13_PHI_BAL,2024,13,202413,spread,home,0.588855421686747,-110.0,0.5238095238095238,loss,0.0,-1.0,4.662750107346707,55.27038727883638,-3.0,50.0,0.5178197064989518,1166,0.25,0.01,tuned,0.504454926624738,-0.019354597184785827,False
2024_13_PIT_CIN,2024,13,202413,spread,home,0.5737951807228916,-110.0,0.5238095238095238,loss,0.0,-1.0,4.339746546576098,47.3437619983994,-3.0,46.0,0.5178197064989518,1166,0.25,0.01,tuned,0.504454926624738,-0.019354597184785827,False
2024_13_SEA_NYJ,2024,13,202413,spread,away,0.5090361445783133,-110.0,0.5238095238095238,win,1.0,0.9090909090909091,0.2335559516181877,43.594836701469,-1.0,41.5,0.5178197064989518,1166,0.25,0.01,tuned,0.504454926624738,-0.019354597184785827,False
2024_13_SF_BUF,2024,13,202413,spread,away,0.6265060240963856,-102.0,0.504950495049505,loss,0.0,-1.0,2.64956346096906,48.99826501096247,-6.5,45.0,0.5178197064989518,1166,0.25,0.01,tuned,0.504454926624738,-0.0004955684247669456,False
2024_13_TB_CAR,2024,13,202413,spread,home,0.4006024096385542,-105.0,0.5121951219512195,win,1.0,0.9523809523809523,-9.458529863931007,44.60105575241394,6.5,46.0,0.4821802935010481,1166,0.25,0.01,tuned,0.495545073375262,-0.016650048575957532,False
2024_13_TEN_WAS,2024,13,202413,spread,home,0.572289156626506,-108.0,0.5192307692307693,win,1.0,0.9259259259259259,7.258143770508663,46.38825560405271,-6.0,45.0,0.5178197064989518,1166,0.25,0.01,tuned,0.504454926624738,-0.014775842606031264,False
2024_13_ARI_MIN,2024,13,202413,total,over,0.5225903614457831,-108.0,0.5192307692307693,loss,0.0,-1.0,2.175212167300277,48.34974700386137,-3.5,45.5,0.5392670157068062,1192,0.25,0.0,tuned,0.5098167539267016,-0.009414015304067713,False
2024_13_CHI_DET,2024,13,202413,total,under,0.5195783132530121,100.0,0.5,win,1.0,1.0,11.519764623976268,48.90246275361166,-9.5,47.5,0.5392670157068062,1192,0.25,0.0,tuned,0.5098167539267016,0.00981675392670156,True
2024_13_CLE_DEN,2024,13,202413,total,under,0.5331325301204819,-110.0,0.5238095238095238,loss,0.0,-1.0,5.34906766246651,42.273363871334375,-6.5,41.5,0.5392670157068062,1192,0.25,0.0,tuned,0.5098167539267016,-0.013992769882822276,False
2024_13_HOU_JAX,2024,13,202413,total,under,0.7259036144578312,-108.0,0.5192307692307693,win,1.0,0.9259259259259259,-5.299525125098899,38.70570687366185,3.5,44.5,0.6111111111111112,1192,0.25,0.0,tuned,0.5277777777777778,0.008547008547008517,True
2024_13_IND_NE,2024,13,202413,total,under,0.6581325301204819,-110.0,0.5238095238095238,loss,0.0,-1.0,2.039600271331868,38.260493579550925,2.5,41.5,0.5501519756838906,1192,0.25,0.0,tuned,0.5125379939209727,-0.01127152988855118,False
2024_13_LAC_ATL,2024,13,202413,total,over,0.5030120481927711,-110.0,0.5238095238095238,loss,0.0,-1.0,2.8450069701046514,49.182698330523706,1.0,47.0,0.5,1192,0.25,0.0,tuned,0.5,-0.023809523809523836,False
2024_13_LA_NO,2024,13,202413,total,over,0.5602409638554217,-112.0,0.5283018867924528,loss,0.0,-1.0,-2.022981205229341,52.19190415792086,2.5,48.5,0.5501519756838906,1192,0.25,0.0,tuned,0.5125379939209727,-0.015763892871480167,False
2024_13_LV_KC,2024,13,202413,total,under,0.5737951807228916,-108.0,0.5192307692307693,win,1.0,0.9259259259259259,10.858086994796878,41.72447299144254,-13.5,42.0,0.5501519756838906,1192,0.25,0.0,tuned,0.5125379939209727,-0.006692775309796617,False
2024_13_MIA_GB,2024,13,202413,total,under,0.5677710843373494,-110.0,0.5238095238095238,win,1.0,0.9090909090909091,2.521930878962377,47.37865832060199,-3.5,47.5,0.5501519756838906,1192,0.25,0.0,tuned,0.5125379939209727,-0.01127152988855118,False
2024_13_NYG_DAL,2024,13,202413,total,over,0.6521084337349398,-110.0,0.5238095238095238,win,1.0,0.9090909090909091,3.724676349487026,45.36088416342917,-4.5,39.0,0.5501519756838906,1192,0.25,0.0,tuned,0.5125379939209727,-0.01127152988855118,False
2024_13_PHI_BAL,2024,13,202413,total,over,0.6189759036144579,-110.0,0.5238095238095238,loss,0.0,-1.0,4.662750107346707,55.27038727883638,-3.0,50.0,0.5501519756838906,1192,0.25,0.0,tuned,0.5125379939209727,-0.01127152988855118,False
2024_13_PIT_CIN,2024,13,202413,total,under,0.5210843373493976,-108.0,0.5192307692307693,loss,0.0,-1.0,4.339746546576098,47.3437619983994,-3.0,46.0,0.5392670157068062,1192,0.25,0.0,tuned,0.5098167539267016,-0.009414015304067713,False
2024_13_SEA_NYJ,2024,13,202413,total,under,0.5060240963855422,-110.0,0.5238095238095238,loss,0.0,-1.0,0.2335559516181877,43.594836701469,-1.0,41.5,0.5392670157068062,1192,0.25,0.0,tuned,0.5098167539267016,-0.013992769882822276,False
2024_13_SF_BUF,2024,13,202413,total,over,0.5692771084337349,-110.0,0.5238095238095238,push,,0.0,2.64956346096906,48.99826501096247,-6.5,45.0,0.5501519756838906,1192,0.25,0.0,tuned,0.5125379939209727,-0.01127152988855118,False
2024_13_TB_CAR,2024,13,202413,total,under,0.6054216867469879,-110.0,0.5238095238095238,loss,0.0,-1.0,-9.458529863931007,44.60105575241394,6.5,46.0,0.5501519756838906,1192,0.25,0.0,tuned,0.5125379939209727,-0.01127152988855118,False
2024_13_TEN_WAS,2024,13,202413,total,under,0.5210843373493976,-108.0,0.5192307692307693,loss,0.0,-1.0,7.258143770508663,46.38825560405271,-6.0,45.0,0.5392670157068062,1192,0.25,0.0,tuned,0.5098167539267016,-0.009414015304067713,False
2024_14_ATL_MIN,2024,14,202414,spread,away,0.586764705882353,-110.0,0.5238095238095238,loss,0.0,-1.0,3.464391616952045,47.90863986611982,-6.0,46.5,0.5101626016260163,1198,0.25,0.01,tuned,0.5025406504065041,-0.02126887340301975,False
2024_14_BUF_LA,2024,14,202414,spread,home,0.5426470588235294,-102.0,0.504950495049505,win,1.0,0.9803921568627451,-2.994316477713412,51.51031786255448,3.5,49.5,0.5101626016260163,1198,0.25,0.01,tuned,0.5025406504065041,-0.002409844643000869,False
2024_14_CAR_PHI,2024,14,202414,spread,home,0.4661764705882353,-108.0,0.5192307692307693,loss,0.0,-1.0,12.773387802413104,45.39277932724222,-14.0,44.5,0.4898373983739838,1198,0.25,0.01,tuned,0.49745934959349597,-0.021771419637273304,False
2024_14_CHI_SF,2024,14,202414,spread,home,0.5514705882352942,-110.0,0.5238095238095238,win,1.0,0.9090909090909091,3.6701700632391305,43.062736395488486,-3.0,43.5,0.5101626016260163,1198,0.25,0.01,tuned,0.5025406504065041,-0.02126887340301975,False
2024_14_CIN_DAL,2024,14,202414,spread,home,0.6073529411764705,-110.0,0.5238095238095238,loss,0.0,-1.0,-3.0133195263506694,51.491127812938046,5.0,51.0,0.5101626016260163,1198,0.25,0.01,tuned,0.5025406504065041,-0.02126887340301975,False
2024_14_CLE_PIT,2024,14,202414,spread,home,0.45294117647058824,-108.0,0.5192307692307693,win,1.0,0.9259259259259259,4.4075444346193215,45.76429139875765,-6.0,43.0,0.4898373983739838,1198,0.25,0.01,tuned,0.49745934959349597,-0.021771419637273304,False
2024_14_GB_DET,2024,14,202414,spread,away,0.3411764705882353,100.0,0.5,push,,0.0,6.479231982497621,55.37324235965237,-3.0,53.0,0.4898373983739838,1198,0.25,0.01,tuned,0.49745934959349597,-0.0025406504065040303,False
2024_14_JAX_TEN,2024,14,202414,spread,away,0.5279411764705882,-105.0,0.5121951219512195,win,1.0,0.9523809523809523,1.9165750292824064,43.993760361879886,-3.0,40.0,0.5101626016260163,1198,0.25,0.01,tuned,0.5025406504065041,-0.009654471544715437,False
2024_14_LAC_KC,2024,14,202414,spread,home,0.6367647058823529,-105.0,0.5121951219512195,loss,0.0,-1.0,7.653805755960896,43.57431429353571,-5.0,43.5,0.5101626016260163,1198,0.25,0.01,tuned,0.5025406504065041,-0.009654471544715437,False
2024_14_LV_TB,2024,14,202414,spread,home,0.525,-105.0,0.5121951219512195,win,1.0,0.9523809523809523,7.077688569798816,44.96453062984023,-7.0,47.0,0.5101626016260163,1198,0.25,0.01,tuned,0.5025406504065041,-0.009654471544715437,False
2024_14_NO_NYG,2024,14,202414,spread,home,0.6602941176470588,-105.0,0.5121951219512195,win,1.0,0.9523809523809523,-1.9102392162505444,45.89756816509151,5.5,41.0,0.5101626016260163,1198,0.25,0.01,tuned,0.5025406504065041,-0.009654471544715437,False
2024_14_NYJ_MIA,2024,14,202414,spread,away,0.44705882352941173,-108.0,0.5192307692307693,win,1.0,0.9259259259259259,7.1933972371406085,42.6803844177413,-6.5,45.0,0.4898373983739838,1198,0.25,0.01,tuned,0.49745934959349597,-0.021771419637273304,False
2024_14_SEA_ARI,2024,14,202414,spread,away,0.39117647058823535,-105.0,0.5121951219512195,win,1.0,0.9523809523809523,5.027113520238371,47.834374116294136,-3.0,45.5,0.4898373983739838,1198,0.25,0.01,tuned,0.49745934959349597,-0.014735772357723553,False
2024_14_ATL_MIN,2024,14,202414,total,under,0.5176470588235293,-108.0,0.5192307692307693,loss,0.0,-1.0,3.464391616952045,47.90863986611982,-6.0,46.5,0.5213675213675215,1222,0.25,0.0,tuned,0.5053418803418803,-0.01388888888888895,False
2024_14_BUF_LA,2024,14,202414,total,under,0.5058823529411764,-108.0,0.5192307692307693,loss,0.0,-1.0,-2.994316477713412,51.51031786255448,3.5,49.5,0.5,1222,0.25,0.0,tuned,0.5,-0.019230769230769273,False
2024_14_CAR_PHI,2024,14,202414,total,under,0.5294117647058824,-112.0,0.5283018867924528,win,1.0,0.8928571428571429,12.773387802413104,45.39277932724222,-14.0,44.5,0.5213675213675215,1222,0.25,0.0,tuned,0.5053418803418803,-0.0229600064505725,False
2024_14_CHI_SF,2024,14,202414,total,under,0.5794117647058823,-108.0,0.5192307692307693,loss,0.0,-1.0,3.6701700632391305,43.062736395488486,-3.0,43.5,0.5476190476190477,1222,0.25,0.0,tuned,0.5119047619047619,-0.007326007326007411,False
2024_14_CIN_DAL,2024,14,202414,total,under,0.5411764705882354,-112.0,0.5283018867924528,win,1.0,0.8928571428571429,-3.0133195263506694,51.491127812938046,5.0,51.0,0.5384615384615384,1222,0.25,0.0,tuned,0.5096153846153846,-0.018686502177068243,False
2024_14_CLE_PIT,2024,14,202414,total,over,0.5220588235294118,-110.0,0.5238095238095238,loss,0.0,-1.0,4.4075444346193215,45.76429139875765,-6.0,43.0,0.5213675213675215,1222,0.25,0.0,tuned,0.5053418803418803,-0.018467643467643513,False
2024_14_GB_DET,2024,14,202414,total,over,0.5102941176470588,-110.0,0.5238095238095238,win,1.0,0.9090909090909091,6.479231982497621,55.37324235965237,-3.0,53.0,0.5213675213675215,1222,0.25,0.0,tuned,0.5053418803418803,-0.018467643467643513,False
2024_14_JAX_TEN,2024,14,202414,total,over,0.5705882352941176,-112.0,0.5283018867924528,loss,0.0,-1.0,1.9165750292824064,43.993760361879886,-3.0,40.0,0.5476190476190477,1222,0.25,0.0,tuned,0.5119047619047619,-0.01639712488769096,False
2024_14_LAC_KC,2024,14,202414,total,under,0.5602941176470588,-110.0,0.5238095238095238,win,1.0,0.9090909090909091,7.653805755960896,43.57431429353571,-5.0,43.5,0.5476190476190477,1222,0.25,0.0,tuned,0.5119047619047619,-0.011904761904761973,False
2024_14_LV_TB,2024,14,202414,total,under,0.6279411764705882,-112.0,0.5283018867924528,win,1.0,0.8928571428571429,7.077688569798816,44.96453062984023,-7.0,47.0,0.5476190476190477,1222,0.25,0.0,tuned,0.5119047619047619,-0.01639712488769096,False
2024_14_NO_NYG,2024,14,202414,total,over,0.6073529411764705,-110.0,0.5238095238095238,loss,0.0,-1.0,-1.9102392162505444,45.89756816509151,5.5,41.0,0.5476190476190477,1222,0.25,0.0,tuned,0.5119047619047619,-0.011904761904761973,False
2024_14_NYJ_MIA,2024,14,202414,total,under,0.6294117647058823,-112.0,0.5283018867924528,loss,0.0,-1.0,7.1933972371406085,42.6803844177413,-6.5,45.0,0.5476190476190477,1222,0.25,0.0,tuned,0.5119047619047619,-0.01639712488769096,False
2024_14_SEA_ARI,2024,14,202414,total,over,0.5088235294117647,-110.0,0.5238095238095238,win,1.0,0.9090909090909091,5.027113520238371,47.834374116294136,-3.0,45.5,0.5213675213675215,1222,0.25,0.0,tuned,0.5053418803418803,-0.018467643467643513,False
2024_15_ATL_LV,2024,15,202415,spread,home,0.6623376623376623,-110.0,0.5238095238095238,win,1.0,0.9090909090909091,-2.7022850419766224,46.3333359278158,6.5,44.5,0.5099206349206349,1222,0.25,0.01,tuned,0.5024801587301587,-0.021329365079365115,False
2024_15_BAL_NYG,2024,15,202415,spread,home,0.6594516594516594,-108.0,0.5192307692307693,loss,0.0,-1.0,-12.787008299554284,44.35098724749516,16.5,43.5,0.5099206349206349,1222,0.25,0.01,tuned,0.5024801587301587,-0.016750610500610552,False
2024_15_BUF_DET,2024,15,202415,spread,home,0.5454545454545454,-110.0,0.5238095238095238,loss,0.0,-1.0,3.1442646794732534,56.66752250239671,-2.5,55.5,0.5099206349206349,1222,0.25,0.01,tuned,0.5024801587301587,-0.021329365079365115,False
2024_15_CHI_MIN,2024,15,202415,spread,home,0.5036075036075036,-105.0,0.5121951219512195,win,1.0,0.9523809523809523,6.689258085943445,45.62210327861488,-7.0,43.5,0.5,1222,0.25,0.01,tuned,0.5,-0.012195121951219523,False
2024_15_CIN_TEN,2024,15,202415,spread,home,0.5310245310245311,-110.0,0.5238095238095238,loss,0.0,-1.0,-5.681146177780837,47.05592808101705,6.0,46.5,0.5099206349206349,1222,0.25,0.01,tuned,0.5024801587301587,-0.021329365079365115,False
2024_15_DAL_CAR,2024,15,202415,spread,away,0.6349206349206349,100.0,0.5,win,1.0,1.0,-1.796303838962793,40.1037548774531,-2.5,42.0,0.5099206349206349,1222,0.25,0.01,tuned,0.5024801587301587,0.0024801587301587213,False
2024_15_GB_SEA,2024,15,202415,spread,home,0.5310245310245311,-110.0,0.5238095238095238,loss,0.0,-1.0,-2.652512289403983,47.89296693090254,3.0,48.0,0.5099206349206349,1222,0.25,0.01,tuned,0.5024801587301587,-0.021329365079365115,False
2024_15_IND_DEN,2024,15,202415,spread,away,0.4040404040404041,-105.0,0.5121951219512195,loss,0.0,-1.0,6.325807313932724,39.815305066270746,-4.5,43.5,0.49007936507936517,1222,0.25,0.01,tuned,0.4975198412698413,-0.014675280681378244,False
2024_15_KC_CLE,2024,15,202415,spread,away,0.5685425685425685,-110.0,0.5238095238095238,win,1.0,0.9090909090909091,-6.668780769295838,41.01244302911958,4.5,41.5,0.5099206349206349,1222,0.25,0.01,tuned,0.5024801587301587,-0.021329365079365115,False
2024_15_LA_SF,2024,15,202415,spread,home,0.43722943722943725,-102.0,0.504950495049505,loss,0.0,-1.0,0.9341585881446086,50.90935064769697,-3.0,48.5,0.49007936507936517,1222,0.25,0.01,tuned,0.4975198412698413,-0.007430653779663676,False
2024_15_MIA_HOU,2024,15,202415,spread,away,0.6782106782106783,-105.0,0.5121951219512195,loss,0.0,-1.0,-3.143613533065684,50.880161168256805,-2.5,46.5,0.5543478260869564,1222,0.25,0.01,tuned,0.5135869565217391,0.0013918345705196122,False
2024_15_NE_ARI,2024,15,202415,spread,away,0.5194805194805194,-108.0,0.5192307692307693,loss,0.0,-1.0,5.118518935540839,45.530287227518976,-6.0,46.5,0.5099206349206349,1222,0.25,0.01,tuned,0.5024801587301587,-0.016750610500610552,False
2024_15_NYJ_JAX,2024,15,202415,spread,away,0.4213564213564214,-102.0,0.504950495049505,win,1.0,0.9803921568627451,-2.040945979613212,41.26689461050031,3.5,41.5,0.49007936507936517,1222,0.25,0.01,tuned,0.4975198412698413,-0.007430653779663676,False
2024_15_PIT_PHI,2024,15,202415,spread,home,0.5656565656565656,-110.0,0.5238095238095238,win,1.0,0.9090909090909091,6.660396168237609,50.350426459005305,-5.5,43.0,0.5099206349206349,1222,0.25,0.01,tuned,0.5024801587301587,-0.021329365079365115,False
2024_15_TB_LAC,2024,15,202415,spread,away,0.7012987012987013,-105.0,0.5121951219512195,win,1.0,0.9523809523809523,-3.723661133138392,51.06128070858135,-3.0,46.0,0.5543478260869564,1222,0.25,0.01,tuned,0.5135869565217391,0.0013918345705196122,False
2024_15_WAS_NO,2024,15,202415,spread,home,0.6681096681096681,-108.0,0.5192307692307693,win,1.0,0.9259259259259259,-3.206193849370012,47.11326931984985,7.5,44.5,0.5099206349206349,1222,0.25,0.01,tuned,0.5024801587301587,-0.016750610500610552,False
2024_15_ATL_LV,2024,15,202415,total,under,0.5093795093795094,-110.0,0.5238095238095238,win,1.0,0.9090909090909091,-2.7022850419766224,46.3333359278158,6.5,44.5,0.5245901639344261,1248,0.25,0.0,tuned,0.5061475409836065,-0.017661982825917355,False
2024_15_BAL_NYG,2024,15,202415,total,under,0.5295815295815296,-112.0,0.5283018867924528,loss,0.0,-1.0,-12.787008299554284,44.35098724749516,16.5,43.5,0.5245901639344261,1248,0.25,0.0,tuned,0.5061475409836065,-0.022154345808846343,False
2024_15_BUF_DET,2024,15,202415,total,under,0.5209235209235209,-110.0,0.5238095238095238,loss,0.0,-1.0,3.1442646794732534,56.66752250239671,-2.5,55.5,0.5245901639344261,1248,0.25,0.0,tuned,0.5061475409836065,-0.017661982825917355,False
2024_15_CHI_MIN,2024,15,202415,total,over,0.49783549783549785,-110.0,0.5238095238095238,loss,0.0,-1.0,6.689258085943445,45.62210327861488,-7.0,43.5,0.5,1248,0.25,0.0,tuned,0.5,-0.023809523809523836,False
2024_15_CIN_TEN,2024,15,202415,total,under,0.5396825396825398,-112.0,0.5283018867924528,loss,0.0,-1.0,-5.681146177780837,47.05592808101705,6.0,46.5,0.5272609908559973,1248,0.25,0.0,tuned,0.5068152477139993,-0.021486639078453496,False
2024_15_DAL_CAR,2024,15,202415,total,under,0.6204906204906204,-112.0,0.5283018867924528,loss,0.0,-1.0,-1.796303838962793,40.1037548774531,-2.5,42.0,0.5439429928741093,1248,0.25,0.0,tuned,0.5109857482185274,-0.017316138573925444,False
2024_15_GB_SEA,2024,15,202415,total,under,0.5656565656565656,-110.0,0.5238095238095238,win,1.0,0.9090909090909091,-2.652512289403983,47.89296693090254,3.0,48.0,0.5439429928741093,1248,0.25,0.0,tuned,0.5109857482185274,-0.012823775590996456,False
2024_15_IND_DEN,2024,15,202415,total,under,0.6666666666666667,-108.0,0.5192307692307693,loss,0.0,-1.0,6.325807313932724,39.815305066270746,-4.5,43.5,0.5439429928741093,1248,0.25,0.0,tuned,0.5109857482185274,-0.008245021012241893,False
2024_15_KC_CLE,2024,15,202415,total,under,0.5800865800865801,-112.0,0.5283018867924528,win,1.0,0.8928571428571429,-6.668780769295838,41.01244302911958,4.5,41.5,0.5439429928741093,1248,0.25,0.0,tuned,0.5109857482185274,-0.017316138573925444,False
2024_15_LA_SF,2024,15,202415,total,over,0.5108225108225108,-110.0,0.5238095238095238,loss,0.0,-1.0,0.9341585881446086,50.90935064769697,-3.0,48.5,0.5245901639344261,1248,0.25,0.0,tuned,0.5061475409836065,-0.017661982825917355,False
2024_15_MIA_HOU,2024,15,202415,total,over,0.5873015873015873,-108.0,0.5192307692307693,loss,0.0,-1.0,-3.143613533065684,50.880161168256805,-2.5,46.5,0.5439429928741093,1248,0.25,0.0,tuned,0.5109857482185274,-0.008245021012241893,False
2024_15_NE_ARI,2024,15,202415,total,under,0.5945165945165944,-110.0,0.5238095238095238,loss,0.0,-1.0,5.118518935540839,45.530287227518976,-6.0,46.5,0.5439429928741093,1248,0.25,0.0,tuned,0.5109857482185274,-0.012823775590996456,False
2024_15_NYJ_JAX,2024,15,202415,total,under,0.5728715728715729,-112.0,0.5283018867924528,loss,0.0,-1.0,-2.040945979613212,41.26689461050031,3.5,41.5,0.5439429928741093,1248,0.25,0.0,tuned,0.5109857482185274,-0.017316138573925444,False
2024_15_PIT_PHI,2024,15,202415,total,over,0.6868686868686869,-110.0,0.5238095238095238,loss,0.0,-1.0,6.660396168237609,50.350426459005305,-5.5,43.0,0.6181818181818182,1248,0.25,0.0,tuned,0.5295454545454545,0.0057359307359307055,True
2024_15_TB_LAC,2024,15,202415,total,over,0.6147186147186147,-112.0,0.5283018867924528,win,1.0,0.8928571428571429,-3.723661133138392,51.06128070858135,-3.0,46.0,0.5439429928741093,1248,0.25,0.0,tuned,0.5109857482185274,-0.017316138573925444,False
2024_15_WAS_NO,2024,15,202415,total,over,0.5209235209235209,-112.0,0.5283018867924528,loss,0.0,-1.0,-3.206193849370012,47.11326931984985,7.5,44.5,0.5245901639344261,1248,0.25,0.0,tuned,0.5061475409836065,-0.022154345808846343,False
2024_16_ARI_CAR,2024,16,202416,spread,away,0.5571227080394923,-110.0,0.5238095238095238,loss,0.0,-1.0,-7.395704145262824,43.4262941183238,5.5,47.0,0.5106382978723404,1254,0.25,0.01,tuned,0.5026595744680851,-0.021149949341438767,False
2024_16_CLE_CIN,2024,16,202416,spread,away,0.5430183356840621,-108.0,0.5192307692307693,loss,0.0,-1.0,8.541019293766766,40.69385268184137,-10.0,46.5,0.5106382978723404,1254,0.25,0.01,tuned,0.5026595744680851,-0.016571194762684205,False
2024_16_DEN_LAC,2024,16,202416,spread,home,0.32016925246826516,100.0,0.5,win,1.0,1.0,-2.71680538318546,45.72919961491401,-3.0,41.5,0.44680851063829785,1254,0.25,0.01,tuned,0.48670212765957444,-0.013297872340425565,False
2024_16_DET_CHI,2024,16,202416,spread,away,0.5740479548660085,-110.0,0.5238095238095238,win,1.0,0.9090909090909091,-9.274865229557252,46.22808049216993,7.0,47.5,0.5106382978723404,1254,0.25,0.01,tuned,0.5026595744680851,-0.021149949341438767,False
2024_16_HOU_KC,2024,16,202416,spread,home,0.6544428772919605,100.0,0.5,win,1.0,1.0,7.190781971678131,40.18656055006385,-3.5,42.5,0.5106382978723404,1254,0.25,0.01,tuned,0.5026595744680851,0.0026595744680850686,False
2024_16_JAX_LV,2024,16,202416,spread,away,0.4992947813822285,-110.0,0.5238095238095238,loss,0.0,-1.0,2.1472011838426512,43.48642538248038,-2.5,41.5,0.5,1254,0.25,0.01,tuned,0.5,-0.023809523809523836,False
2024_16_LA_NYJ,2024,16,202416,spread,away,0.5007052186177715,-105.0,0.5121951219512195,win,1.0,0.9523809523809523,-3.392438716093975,44.73463514887411,3.0,47.0,0.5,1254,0.25,0.01,tuned,0.5,-0.012195121951219523,False
2024_16_MIN_SEA,2024,16,202416,spread,home,0.385049365303244,-105.0,0.5121951219512195,loss,0.0,-1.0,-5.788452475891985,45.69928833905573,2.5,43.0,0.48936170212765956,1254,0.25,0.01,tuned,0.4973404255319149,-0.014854696419304647,False
2024_16_NE_BUF,2024,16,202416,spread,away,0.623413258110014,-110.0,0.5238095238095238,win,1.0,0.9090909090909091,10.51737409048079,46.20601421532812,-14.0,48.0,0.5106382978723404,1254,0.25,0.01,tuned,0.5026595744680851,-0.021149949341438767,False
2024_16_NO_GB,2024,16,202416,spread,away,0.7122708039492243,-105.0,0.5121951219512195,loss,0.0,-1.0,6.92121074396418,42.580811284145085,-14.0,44.0,0.553191489361702,1254,0.25,0.01,tuned,0.5132978723404256,0.001102750389206042,False
2024_16_PHI_WAS,2024,16,202416,spread,home,0.6544428772919605,-105.0,0.5121951219512195,win,1.0,0.9523809523809523,-0.3009496078274214,43.579567319814906,4.0,47.0,0.5106382978723404,1254,0.25,0.01,tuned,0.5026595744680851,-0.009535547483134454,False
2024_16_PIT_BAL,2024,16,202416,spread,home,0.6953455571227081,-105.0,0.5121951219512195,win,1.0,0.9523809523809523,12.252415920275,51.489189687592656,-7.0,44.5,0.553191489361702,1254,0.25,0.01,tuned,0.5132978723404256,0.001102750389206042,False
2024_16_SF_MIA,2024,16,202416,spread,home,0.6995768688293371,-112.0,0.5283018867924528,win,1.0,0.8928571428571429,3.4228784451825374,46.068162434795696,2.0,44.0,0.553191489361702,1254,0.25,0.01,tuned,0.5132978723404256,-0.015004014452027259,False
2024_16_TB_DAL,2024,16,202416,spread,away,0.4499294781382228,-105.0,0.5121951219512195,loss,0.0,-1.0,-3.636299844486672,50.63372632165456,4.5,47.5,0.48936170212765956,1254,0.25,0.01,tuned,0.4973404255319149,-0.014854696419304647,False
2024_16_TEN_IND,2024,16,202416,spread,home,0.38645980253878703,-108.0,0.5192307692307693,win,1.0,0.9259259259259259,0.7363930949059322,46.01583849735336,-4.0,42.5,0.48936170212765956,1254,0.25,0.01,tuned,0.4973404255319149,-0.021890343698854398,False
2024_16_ARI_CAR,2024,16,202416,total,under,0.6629055007052187,-110.0,0.5238095238095238,loss,0.0,-1.0,-7.395704145262824,43.4262941183238,5.5,47.0,0.5407925407925407,1280,0.25,0.0,tuned,0.5101981351981352,-0.013611388611388664,False
2024_16_CLE_CIN,2024,16,202416,total,under,0.7249647390691114,-112.0,0.5283018867924528,win,1.0,0.8928571428571429,8.541019293766766,40.69385268184137,-10.0,46.5,0.6071428571428571,1280,0.25,0.0,tuned,0.5267857142857143,-0.0015161725067385223,False
2024_16_DEN_LAC,2024,16,202416,total,over,0.5782792665726375,-110.0,0.5238095238095238,win,1.0,0.9090909090909091,-2.71680538318546,45.72919961491401,-3.0,41.5,0.5407925407925407,1280,0.25,0.0,tuned,0.5101981351981352,-0.013611388611388664,False
2024_16_DET_CHI,2024,16,202416,total,under,0.6008462623413258,-110.0,0.5238095238095238,loss,0.0,-1.0,-9.274865229557252,46.22808049216993,7.0,47.5,0.5407925407925407,1280,0.25,0.0,tuned,0.5101981351981352,-0.013611388611388664,False
2024_16_HOU_KC,2024,16,202416,total,under,0.6276445698166432,-108.0,0.5192307692307693,loss,0.0,-1.0,7.190781971678131,40.18656055006385,-3.5,42.5,0.5407925407925407,1280,0.25,0.0,tuned,0.5101981351981352,-0.009032634032634101,False
2024_16_JAX_LV,2024,16,202416,total,over,0.4936530324400564,-108.0,0.5192307692307693,loss,0.0,-1.0,2.1472011838426512,43.48642538248038,-2.5,41.5,0.4969433180535969,1280,0.25,0.0,tuned,0.49923582951339923,-0.01999493971737004,False
2024_16_LA_NYJ,2024,16,202416,total,under,0.6276445698166432,-110.0,0.5238095238095238,win,1.0,0.9090909090909091,-3.392438716093975,44.73463514887411,3.0,47.0,0.5407925407925407,1280,0.25,0.0,tuned,0.5101981351981352,-0.013611388611388664,False
2024_16_MIN_SEA,2024,16,202416,total,over,0.5204513399153737,-105.0,0.5121951219512195,win,1.0,0.9523809523809523,-5.788452475891985,45.69928833905573,2.5,43.0,0.5078125,1280,0.25,0.0,tuned,0.501953125,-0.010241996951219523,False
2024_16_NE_BUF,2024,16,202416,total,under,0.619181946403385,-110.0,0.5238095238095238,win,1.0,0.9090909090909091,10.51737409048079,46.20601421532812,-14.0,48.0,0.5407925407925407,1280,0.25,0.0,tuned,0.5101981351981352,-0.013611388611388664,False
2024_16_NO_GB,2024,16,202416,total,under,0.6036671368124118,-110.0,0.5238095238095238,win,1.0,0.9090909090909091,6.92121074396418,42.580811284145085,-14.0,44.0,0.5407925407925407,1280,0.25,0.0,tuned,0.5101981351981352,-0.013611388611388664,False
2024_16_PHI_WAS,2024,16,202416,total,under,0.6614950634696757,-110.0,0.5238095238095238,loss,0.0,-1.0,-0.3009496078274214,43.579567319814906,4.0,47.0,0.5407925407925407,1280,0.25,0.0,tuned,0.5101981351981352,-0.013611388611388664,False
2024_16_PIT_BAL,2024,16,202416,total,over,0.6755994358251057,-108.0,0.5192307692307693,win,1.0,0.9259259259259259,12.252415920275,51.489189687592656,-7.0,44.5,0.6071428571428571,1280,0.25,0.0,tuned,0.5267857142857143,0.007554945054945028,True
2024_16_SF_MIA,2024,16,202416,total,under,0.5049365303244006,-108.0,0.5192307692307693,loss,0.0,-1.0,3.4228784451825374,46.068162434795696,2.0,44.0,0.5,1280,0.25,0.0,tuned,0.5,-0.019230769230769273,False
2024_16_TB_DAL,2024,16,202416,total,over,0.5345557122708039,-110.0,0.5238095238095238,win,1.0,0.9090909090909091,-3.636299844486672,50.63372632165456,4.5,47.5,0.5078125,1280,0.25,0.0,tuned,0.501953125,-0.021856398809523836,False
2024_16_TEN_IND,2024,16,202416,total,over,0.5528913963328632,-112.0,0.5283018867924528,win,1.0,0.8928571428571429,0.7363930949059322,46.01583849735336,-4.0,42.5,0.5407925407925407,1280,0.25,0.0,tuned,0.5101981351981352,-0.018103751594317652,False
2024_17_ARI_LA,2024,17,202417,spread,away,0.6091160220994476,100.0,0.5,win,1.0,1.0,3.249386356716211,49.54939442190247,-6.5,48.0,0.5127610208816705,1284,0.25,0.01,tuned,0.5031902552204176,0.003190255220417604,False
2024_17_BAL_HOU,2024,17,202417,spread,away,0.6325966850828729,-108.0,0.5192307692307693,win,1.0,0.9259259259259259,-9.649235114530864,53.97413865825049,5.5,46.5,0.5127610208816705,1284,0.25,0.01,tuned,0.5031902552204176,-0.01604051401035167,False
2024_17_CAR_TB,2024,17,202417,spread,away,0.3425414364640884,-105.0,0.5121951219512195,loss,0.0,-1.0,13.107159392065231,46.08101528158634,-9.5,47.5,0.4842105263157895,1284,0.25,0.01,tuned,0.49605263157894736,-0.016142490372272167,False
2024_17_DAL_PHI,2024,17,202417,spread,home,0.5262430939226519,-108.0,0.5192307692307693,win,1.0,0.9259259259259259,7.657397173234086,44.40893970117599,-7.5,37.5,0.5127610208816705,1284,0.25,0.01,tuned,0.5031902552204176,-0.01604051401035167,False
2024_17_DEN_CIN,2024,17,202417,spread,home,0.5704419889502762,-105.0,0.5121951219512195,win,1.0,0.9523809523809523,4.821842843555372,47.97020482436688,-3.5,50.5,0.5127610208816705,1284,0.25,0.01,tuned,0.5031902552204176,-0.00900486673080192,False
2024_17_DET_SF,2024,17,202417,spread,home,0.44751381215469616,-108.0,0.5192307692307693,loss,0.0,-1.0,-5.952375339075578,52.405594433379584,4.0,50.5,0.4872389791183295,1284,0.25,0.01,tuned,0.4968097447795824,-0.022421024451186877,False
2024_17_GB_MIN,2024,17,202417,spread,away,0.40607734806629836,-105.0,0.5121951219512195,loss,0.0,-1.0,0.8065116176904661,51.42273407810278,1.0,49.0,0.4872389791183295,1284,0.25,0.01,tuned,0.4968097447795824,-0.015385377171637127,False
2024_17_IND_NYG,2024,17,202417,spread,home,0.6933701657458563,-108.0,0.5192307692307693,win,1.0,0.9259259259259259,-2.363000718895071,41.09694712899098,7.5,40.5,0.5510204081632653,1284,0.25,0.01,tuned,0.5127551020408163,-0.0064756671899529605,False
2024_17_KC_PIT,2024,17,202417,spread,away,0.6339779005524862,-105.0,0.5121951219512195,win,1.0,0.9523809523809523,-7.339858892972035,45.16887119870074,3.0,43.5,0.5157894736842105,1284,0.25,0.01,tuned,0.5039473684210526,-0.008247753530166935,False
2024_17_LAC_NE,2024,17,202417,spread,home,0.7762430939226519,-102.0,0.504950495049505,loss,0.0,-1.0,1.7357980757393277,44.27662758353994,6.0,42.0,0.5510204081632653,1284,0.25,0.01,tuned,0.5127551020408163,0.007804606991311358,False
2024_17_LV_NO,2024,17,202417,spread,home,0.6339779005524862,-110.0,0.5238095238095238,loss,0.0,-1.0,0.7147919521945636,40.62745279174904,2.0,37.5,0.5157894736842105,1284,0.25,0.01,tuned,0.5039473684210526,-0.019862155388471248,False
2024_17_MIA_CLE,2024,17,202417,spread,home,0.39917127071823205,-105.0,0.5121951219512195,loss,0.0,-1.0,-6.007389830875518,32.43580828382552,3.0,32.5,0.4872389791183295,1284,0.25,0.01,tuned,0.4968097447795824,-0.015385377171637127,False
2024_17_NYJ_BUF,2024,17,202417,spread,away,0.49861878453038677,-105.0,0.5121951219512195,loss,0.0,-1.0,9.466379605845631,49.12723421778895,-10.0,44.5,0.5,1284,0.25,0.01,tuned,0.5,-0.012195121951219523,False
2024_17_SEA_CHI,2024,17,202417,spread,home,0.6574585635359116,-102.0,0.504950495049505,win,1.0,0.9803921568627451,0.0990543678906292,44.90248730334221,3.5,43.5,0.5157894736842105,1284,0.25,0.01,tuned,0.5039473684210526,-0.0010031266284523666,False
2024_17_TEN_JAX,2024,17,202417,spread,away,0.44475138121546964,-105.0,0.5121951219512195,loss,0.0,-1.0,-0.1311450753963365,41.56726459849775,1.0,38.0,0.4872389791183295,1284,0.25,0.01,tuned,0.4968097447795824,-0.015385377171637127,False
2024_17_ARI_LA,2024,17,202417,total,under,0.5096685082872928,-112.0,0.5283018867924528,win,1.0,0.8928571428571429,3.249386356716211,49.54939442190247,-6.5,48.0,0.5190839694656487,1310,0.25,0.0,tuned,0.5047709923664122,-0.023530894426040616,False
2024_17_BAL_HOU,2024,17,202417,total,over,0.6919889502762431,-108.0,0.5192307692307693,loss,0.0,-1.0,-9.649235114530864,53.97413865825049,5.5,46.5,0.6206896551724139,1310,0.25,0.0,tuned,0.5301724137931034,0.010941644562334152,True
2024_17_CAR_TB,2024,17,202417,total,under,0.6022099447513812,-108.0,0.5192307692307693,loss,0.0,-1.0,13.107159392065231,46.08101528158634,-9.5,47.5,0.5410958904109591,1310,0.25,0.0,tuned,0.5102739726027398,-0.008956796628029506,False
2024_17_DAL_PHI,2024,17,202417,total,over,0.6740331491712708,-112.0,0.5283018867924528,win,1.0,0.8928571428571429,7.657397173234086,44.40893970117599,-7.5,37.5,0.6206896551724139,1310,0.25,0.0,tuned,0.5301724137931034,0.0018705270006506014,True
2024_17_DEN_CIN,2024,17,202417,total,under,0.6353591160220995,-110.0,0.5238095238095238,loss,0.0,-1.0,4.821842843555372,47.97020482436688,-3.5,50.5,0.5410958904109591,1310,0.25,0.0,tuned,0.5102739726027398,-0.013535551206784069,False
2024_17_DET_SF,2024,17,202417,total,over,0.4958563535911602,-110.0,0.5238095238095238,win,1.0,0.9090909090909091,-5.952375339075578,52.405594433379584,4.0,50.5,0.5000000000000001,1310,0.25,0.0,tuned,0.5,-0.023809523809523836,False
2024_17_GB_MIN,2024,17,202417,total,over,0.5151933701657458,-110.0,0.5238095238095238,win,1.0,0.9090909090909091,0.8065116176904661,51.42273407810278,1.0,49.0,0.5190839694656487,1310,0.25,0.0,tuned,0.5047709923664122,-0.019038531443111628,False
2024_17_IND_NYG,2024,17,202417,total,under,0.5345303867403315,-112.0,0.5283018867924528,loss,0.0,-1.0,-2.363000718895071,41.09694712899098,7.5,40.5,0.5190839694656487,1310,0.25,0.0,tuned,0.5047709923664122,-0.023530894426040616,False
2024_17_KC_PIT,2024,17,202417,total,under,0.5082872928176796,-110.0,0.5238095238095238,win,1.0,0.9090909090909091,-7.339858892972035,45.16887119870074,3.0,43.5,0.5190839694656487,1310,0.25,0.0,tuned,0.5047709923664122,-0.019038531443111628,False
2024_17_LAC_NE,2024,17,202417,total,over,0.5096685082872928,-112.0,0.5283018867924528,win,1.0,0.8928571428571429,1.7357980757393277,44.27662758353994,6.0,42.0,0.5190839694656487,1310,0.25,0.0,tuned,0.5047709923664122,-0.023530894426040616,False
2024_17_LV_NO,2024,17,202417,total,over,0.537292817679558,-108.0,0.5192307692307693,loss,0.0,-1.0,0.7147919521945636,40.62745279174904,2.0,37.5,0.5190839694656487,1310,0.25,0.0,tuned,0.5047709923664122,-0.014459776864357066,False
2024_17_MIA_CLE,2024,17,202417,total,under,0.56353591160221,-112.0,0.5283018867924528,win,1.0,0.8928571428571429,-6.007389830875518,32.43580828382552,3.0,32.5,0.5410958904109591,1310,0.25,0.0,tuned,0.5102739726027398,-0.018027914189713057,False
2024_17_NYJ_BUF,2024,17,202417,total,over,0.5980662983425414,-108.0,0.5192307692307693,win,1.0,0.9259259259259259,9.466379605845631,49.12723421778895,-10.0,44.5,0.5410958904109591,1310,0.25,0.0,tuned,0.5102739726027398,-0.008956796628029506,False
2024_17_SEA_CHI,2024,17,202417,total,under,0.5124309392265194,-112.0,0.5283018867924528,win,1.0,0.8928571428571429,0.0990543678906292,44.90248730334221,3.5,43.5,0.5190839694656487,1310,0.25,0.0,tuned,0.5047709923664122,-0.023530894426040616,False
2024_17_TEN_JAX,2024,17,202417,total,over,0.5593922651933702,-110.0,0.5238095238095238,loss,0.0,-1.0,-0.1311450753963365,41.56726459849775,1.0,38.0,0.5410958904109591,1310,0.25,0.0,tuned,0.5102739726027398,-0.013535551206784069,False
2024_18_CAR_ATL,2024,18,202418,spread,away,0.33964817320703655,-105.0,0.5121951219512195,win,1.0,0.9523809523809523,11.475610393298153,46.70775386929092,-7.5,48.5,0.4727272727272727,1314,0.25,0.01,tuned,0.49318181818181817,-0.019013303769401357,False
2024_18_CHI_GB,2024,18,202418,spread,home,0.4790257104194858,-105.0,0.5121951219512195,loss,0.0,-1.0,9.03715262562122,34.04121753410413,-10.0,41.5,0.47878787878787876,1314,0.25,0.01,tuned,0.4946969696969697,-0.017498152254249832,False
2024_18_CIN_PIT,2024,18,202418,spread,home,0.35047361299052776,-102.0,0.504950495049505,win,1.0,0.9803921568627451,-7.348903559405954,45.83352007940051,2.5,48.5,0.4727272727272727,1314,0.25,0.01,tuned,0.49318181818181817,-0.01176867686768679,False
2024_18_CLE_BAL,2024,18,202418,spread,away,0.5250338294993234,-105.0,0.5121951219512195,loss,0.0,-1.0,18.45587672830252,45.1588879305441,-19.5,42.5,0.5212121212121213,1314,0.25,0.01,tuned,0.5053030303030304,-0.006892091648189158,False
2024_18_HOU_TEN,2024,18,202418,spread,away,0.5331529093369418,-108.0,0.5192307692307693,win,1.0,0.9259259259259259,1.2986637559238536,42.67743015786228,-2.5,36.5,0.5212121212121213,1314,0.25,0.01,tuned,0.5053030303030304,-0.013927738927738909,False
2024_18_JAX_IND,2024,18,202418,spread,away,0.5399188092016238,-110.0,0.5238095238095238,win,1.0,0.9090909090909091,2.0269592778409216,47.18039316479656,-3.5,45.5,0.5212121212121213,1314,0.25,0.01,tuned,0.5053030303030304,-0.01850649350649347,False
2024_18_KC_DEN,2024,18,202418,spread,away,0.8606224627875507,-115.0,0.5348837209302325,loss,0.0,-1.0,-3.29963663686724,37.954547897913066,-10.5,40.5,0.5691423012483385,1314,0.25,0.01,tuned,0.5172855753120846,-0.017598145618147876,False
2024_18_LAC_LV,2024,18,202418,spread,home,0.7347767253044655,-102.0,0.504950495049505,loss,0.0,-1.0,-0.5716839417168813,45.120390496551686,7.0,42.5,0.55,1314,0.25,0.01,tuned,0.5125,0.007549504950495001,False
2024_18_MIA_NYJ,2024,18,202418,spread,away,0.6238159675236806,-110.0,0.5238095238095238,loss,0.0,-1.0,-2.055317460981233,39.832512539438014,-1.5,39.5,0.5217391304347827,1314,0.25,0.01,tuned,0.5054347826086957,-0.01837474120082816,False
2024_18_MIN_DET,2024,18,202418,spread,home,0.5967523680649527,-102.0,0.504950495049505,win,1.0,0.9803921568627451,4.888257108563179,56.16302354779775,-3.0,56.5,0.5217391304347827,1314,0.25,0.01,tuned,0.5054347826086957,0.0004842875591907214,False
2024_18_NO_TB,2024,18,202418,spread,away,0.5669824086603519,-102.0,0.504950495049505,win,1.0,0.9803921568627451,12.25910299757694,42.050102465377705,-14.5,44.5,0.5212121212121213,1314,0.25,0.01,tuned,0.5053030303030304,0.00035253525352541004,False
2024_18_SEA_LA,2024,18,202418,spread,home,0.8822733423545331,-110.0,0.5238095238095238,win,1.0,0.9090909090909091,6.3001354391402415,44.25680572845552,7.5,38.5,0.7294773796825123,1314,0.25,0.01,tuned,0.5573693449206281,0.03355982111110423,True
2024_18_SF_ARI,2024,18,202418,spread,away,0.5507442489851151,-110.0,0.5238095238095238,loss,0.0,-1.0,2.7572503437464757,44.4382604967221,-4.5,42.5,0.5212121212121213,1314,0.25,0.01,tuned,0.5053030303030304,-0.01850649350649347,False
2024_18_WAS_DAL,2024,18,202418,spread,home,0.5290933694181326,-112.0,0.5283018867924528,win,1.0,0.8928571428571429,-6.813776042897642,48.24492133180699,7.0,43.5,0.5212121212121213,1314,0.25,0.01,tuned,0.5053030303030304,-0.02299885648942246,False
2024_18_CAR_ATL,2024,18,202418,total,under,0.6156968876860622,-108.0,0.5192307692307693,loss,0.0,-1.0,11.475610393298153,46.70775386929092,-7.5,48.5,0.5395033860045146,1340,0.25,0.0,tuned,0.5098758465011286,-0.009354922729640669,False
2024_18_CHI_GB,2024,18,202418,total,under,0.7550744248985115,-108.0,0.5192307692307693,loss,0.0,-1.0,9.03715262562122,34.04121753410413,-10.0,41.5,0.6166666666666667,1340,0.25,0.0,tuned,0.5291666666666667,0.0099358974358974,True
2024_18_CIN_PIT,2024,18,202418,total,under,0.6359945872801083,-112.0,0.5283018867924528,win,1.0,0.8928571428571429,-7.348903559405954,45.83352007940051,2.5,48.5,0.5395033860045146,1340,0.25,0.0,tuned,0.5098758465011286,-0.01842604029132422,False
2024_18_CLE_BAL,2024,18,202418,total,over,0.5250338294993234,-112.0,0.5283018867924528,win,1.0,0.8928571428571429,18.45587672830252,45.1588879305441,-19.5,42.5,0.5289855072463768,1340,0.25,0.0,tuned,0.5072463768115942,-0.02105550998085859,False
2024_18_HOU_TEN,2024,18,202418,total,over,0.6495263870094723,-112.0,0.5283018867924528,win,1.0,0.8928571428571429,1.2986637559238536,42.67743015786228,-2.5,36.5,0.5395033860045146,1340,0.25,0.0,tuned,0.5098758465011286,-0.01842604029132422,False
2024_18_JAX_IND,2024,18,202418,total,under,0.5060893098782138,-105.0,0.5121951219512195,loss,0.0,-1.0,2.0269592778409216,47.18039316479656,-3.5,45.5,0.5058544903176844,1340,0.25,0.0,tuned,0.5014636225794211,-0.010731499371798403,False
2024_18_KC_DEN,2024,18,202418,total,over,0.36671177266576455,-105.0,0.5121951219512195,loss,0.0,-1.0,-3.29963663686724,37.954547897913066,-10.5,40.5,0.4604966139954853,1340,0.25,0.0,tuned,0.49012415349887134,-0.022070968452348183,False
2024_18_LAC_LV,2024,18,202418,total,over,0.5250338294993234,-108.0,0.5192307692307693,win,1.0,0.9259259259259259,-0.5716839417168813,45.120390496551686,7.0,42.5,0.5289855072463768,1340,0.25,0.0,tuned,0.5072463768115942,-0.011984392419175038,False
2024_18_MIA_NYJ,2024,18,202418,total,under,0.5439783491204331,-112.0,0.5283018867924528,loss,0.0,-1.0,-2.055317460981233,39.832512539438014,-1.5,39.5,0.5395033860045146,1340,0.25,0.0,tuned,0.5098758465011286,-0.01842604029132422,False
2024_18_MIN_DET,2024,18,202418,total,under,0.571041948579161,-102.0,0.504950495049505,win,1.0,0.9803921568627451,4.888257108563179,56.16302354779775,-3.0,56.5,0.5395033860045146,1340,0.25,0.0,tuned,0.5098758465011286,0.00492535145162365,True
2024_18_NO_TB,2024,18,202418,total,under,0.6292286874154263,-112.0,0.5283018867924528,loss,0.0,-1.0,12.25910299757694,42.050102465377705,-14.5,44.5,0.5395033860045146,1340,0.25,0.0,tuned,0.5098758465011286,-0.01842604029132422,False
2024_18_SEA_LA,2024,18,202418,total,over,0.638700947225981,-108.0,0.5192307692307693,win,1.0,0.9259259259259259,6.3001354391402415,44.25680572845552,7.5,38.5,0.5395033860045146,1340,0.25,0.0,tuned,0.5098758465011286,-0.009354922729640669,False
2024_18_SF_ARI,2024,18,202418,total,over,0.496617050067659,-110.0,0.5238095238095238,win,1.0,0.9090909090909091,2.7572503437464757,44.4382604967221,-4.5,42.5,0.5,1340,0.25,0.0,tuned,0.5,-0.023809523809523836,False
2024_18_WAS_DAL,2024,18,202418,total,over,0.6062246278755075,-102.0,0.504950495049505,loss,0.0,-1.0,-6.813776042897642,48.24492133180699,7.0,43.5,0.5395033860045146,1340,0.25,0.0,tuned,0.5098758465011286,0.00492535145162365,True
2025_01_ARI_NO,2025,1,202501,spread,home,0.5086321381142098,-112.0,0.5283018867924528,loss,0.0,-1.0,-6.34281458528678,45.40491800633913,6.0,44.5,0.5229681978798586,1342,0.25,0.01,tuned,0.5057420494699647,-0.02255983732248812,False
2025_01_BAL_BUF,2025,1,202501,spread,home,0.4409030544488712,-102.0,0.504950495049505,win,1.0,0.9803921568627451,-3.5900441633628253,56.50419219123199,1.5,50.5,0.47703180212014135,1342,0.25,0.01,tuned,0.49425795053003535,-0.010692544519469604,False
2025_01_CAR_JAX,2025,1,202501,spread,home,0.5378486055776892,-110.0,0.5238095238095238,win,1.0,0.9090909090909091,4.9403151586758245,48.95976235199893,-4.5,45.5,0.5229681978798586,1342,0.25,0.01,tuned,0.5057420494699647,-0.01806747433955913,False
2025_01_CIN_CLE,2025,1,202501,spread,away,0.648074369189907,-105.0,0.5121951219512195,loss,0.0,-1.0,-10.322130773208947,44.16077135689657,5.5,47.5,0.5229681978798586,1342,0.25,0.01,tuned,0.5057420494699647,-0.006453072481254818,False
2025_01_DAL_PHI,2025,1,202501,spread,home,0.6427622841965471,-110.0,0.5238095238095238,loss,0.0,-1.0,11.516204429085644,48.8403785387572,-8.5,47.5,0.5229681978798586,1342,0.25,0.01,tuned,0.5057420494699647,-0.01806747433955913,False
2025_01_DET_GB,2025,1,202501,spread,home,0.3652058432934927,-105.0,0.5121951219512195,win,1.0,0.9523809523809523,-2.9313430991300127,50.58528583863493,-1.5,48.5,0.47703180212014135,1342,0.25,0.01,tuned,0.49425795053003535,-0.017937171421184173,False
2025_01_HOU_LA,2025,1,202501,spread,home,0.6135458167330677,-102.0,0.504950495049505,win,1.0,0.9803921568627451,5.91693755894022,46.34992651556172,-3.5,43.5,0.5229681978798586,1342,0.25,0.01,tuned,0.5057420494699647,0.0007915544204597502,False
2025_01_KC_LAC,2025,1,202501,spread,home,0.6733067729083665,100.0,0.5,win,1.0,1.0,1.6583144459751855,47.18845162900045,3.0,47.5,0.5392156862745098,1342,0.25,0.01,tuned,0.5098039215686274,0.009803921568627416,False
2025_01_LV_NE,2025,1,202501,spread,away,0.5644090305444887,100.0,0.5,win,1.0,1.0,0.3146399302933287,43.9497368122136,-2.5,44.5,0.5229681978798586,1342,0.25,0.01,tuned,0.5057420494699647,0.005742049469964705,False
2025_01_MIA_IND,2025,1,202501,spread,home,0.33200531208499334,-102.0,0.504950495049505,win,1.0,0.9803921568627451,-4.006777555308355,47.514085553199074,-1.5,47.5,0.47703180212014135,1342,0.25,0.01,tuned,0.49425795053003535,-0.010692544519469604,False
2025_01_NYG_WAS,2025,1,202501,spread,home,0.6892430278884463,-112.0,0.5283018867924528,win,1.0,0.8928571428571429,11.054640666831782,49.3246924593588,-6.0,45.5,0.5392156862745098,1342,0.25,0.01,tuned,0.5098039215686274,-0.018497965223825408,False
2025_01_PIT_NYJ,2025,1,202501,spread,home,0.6958831341301461,-110.0,0.5238095238095238,win,1.0,0.9090909090909091,2.2708848137220823,43.88992512772815,3.0,37.5,0.5392156862745098,1342,0.25,0.01,tuned,0.5098039215686274,-0.01400560224089642,False
2025_01_SF_SEA,2025,1,202501,spread,away,0.38645418326693226,-105.0,0.5121951219512195,win,1.0,0.9523809523809523,-0.0705623034188007,48.00620535031239,2.5,43.5,0.47703180212014135,1342,0.25,0.01,tuned,0.49425795053003535,-0.017937171421184173,False
2025_01_TB_ATL,2025,1,202501,spread,away,0.5843293492695882,-102.0,0.504950495049505,win,1.0,0.9803921568627451,-4.0471119334061045,53.368082986237546,1.5,47.5,0.5229681978798586,1342,0.25,0.01,tuned,0.5057420494699647,0.0007915544204597502,False
2025_01_ARI_NO,2025,1,202501,total,under,0.5179282868525896,-112.0,0.5283018867924528,win,1.0,0.8928571428571429,-6.34281458528678,45.40491800633913,6.0,44.5,0.5357142857142857,1368,0.25,0.0,tuned,0.5089285714285714,-0.019373315363881427,False
2025_01_BAL_BUF,2025,1,202501,total,under,0.350597609561753,-105.0,0.5121951219512195,loss,0.0,-1.0,-3.5900441633628253,56.50419219123199,1.5,50.5,0.46017699115044247,1368,0.25,0.0,tuned,0.49004424778761063,-0.02215087416360889,False
2025_01_CAR_JAX,2025,1,202501,total,over,0.5537848605577689,-112.0,0.5283018867924528,loss,0.0,-1.0,4.9403151586758245,48.95976235199893,-4.5,45.5,0.5398230088495577,1368,0.25,0.0,tuned,0.5099557522123894,-0.0183461345800634,False
2025_01_CIN_CLE,2025,1,202501,total,under,0.6520584329349269,100.0,0.5,win,1.0,1.0,-10.322130773208947,44.16077135689657,5.5,47.5,0.5398230088495577,1368,0.25,0.0,tuned,0.5099557522123894,0.009955752212389424,True
2025_01_DAL_PHI,2025,1,202501,total,under,0.5086321381142098,-110.0,0.5238095238095238,win,1.0,0.9090909090909091,11.516204429085644,48.8403785387572,-8.5,47.5,0.5357142857142857,1368,0.25,0.0,tuned,0.5089285714285714,-0.014880952380952439,False
2025_01_DET_GB,2025,1,202501,total,over,0.5046480743691899,-105.0,0.5121951219512195,loss,0.0,-1.0,-2.9313430991300127,50.58528583863493,-1.5,48.5,0.5,1368,0.25,0.0,tuned,0.5,-0.012195121951219523,False
2025_01_HOU_LA,2025,1,202501,total,over,0.5298804780876494,-105.0,0.5121951219512195,loss,0.0,-1.0,5.91693755894022,46.34992651556172,-3.5,43.5,0.5357142857142857,1368,0.25,0.0,tuned,0.5089285714285714,-0.003266550522648126,False
2025_01_KC_LAC,2025,1,202501,total,under,0.5683930942895086,-110.0,0.5238095238095238,loss,0.0,-1.0,1.6583144459751855,47.18845162900045,3.0,47.5,0.5398230088495577,1368,0.25,0.0,tuned,0.5099557522123894,-0.013853771597134412,False
2025_01_LV_NE,2025,1,202501,total,over,0.4249667994687915,-105.0,0.5121951219512195,loss,0.0,-1.0,0.3146399302933287,43.9497368122136,-2.5,44.5,0.46017699115044247,1368,0.25,0.0,tuned,0.49004424778761063,-0.02215087416360889,False
2025_01_MIA_IND,2025,1,202501,total,over,0.4435590969455511,100.0,0.5,loss,0.0,-1.0,-4.006777555308355,47.514085553199074,-1.5,47.5,0.46017699115044247,1368,0.25,0.0,tuned,0.49004424778761063,-0.009955752212389368,False
2025_01_NYG_WAS,2025,1,202501,total,over,0.5683930942895087,-110.0,0.5238095238095238,loss,0.0,-1.0,11.054640666831782,49.3246924593588,-6.0,45.5,0.5398230088495577,1368,0.25,0.0,tuned,0.5099557522123894,-0.013853771597134412,False
2025_01_PIT_NYJ,2025,1,202501,total,over,0.6640106241699867,-112.0,0.5283018867924528,win,1.0,0.8928571428571429,2.2708848137220823,43.88992512772815,3.0,37.5,0.5398230088495577,1368,0.25,0.0,tuned,0.5099557522123894,-0.0183461345800634,False
2025_01_SF_SEA,2025,1,202501,total,over,0.5962815405046481,-108.0,0.5192307692307693,loss,0.0,-1.0,-0.0705623034188007,48.00620535031239,2.5,43.5,0.5398230088495577,1368,0.25,0.0,tuned,0.5099557522123894,-0.00927501701837985,False
2025_01_TB_ATL,2025,1,202501,total,under,0.35723771580345287,-105.0,0.5121951219512195,win,1.0,0.9523809523809523,-4.0471119334061045,53.368082986237546,1.5,47.5,0.46017699115044247,1368,0.25,0.0,tuned,0.49004424778761063,-0.02215087416360889,False
2025_02_BUF_NYJ,2025,2,202502,spread,home,0.5058670143415906,-108.0,0.5192307692307693,loss,0.0,-1.0,-6.4973245290327934,50.118493190038144,6.0,47.5,0.5199306759098787,1370,0.25,0.0,tuned,0.5049826689774697,-0.01424810025329959,False
2025_02_CAR_ARI,2025,2,202502,spread,home,0.6740547588005215,-110.0,0.5238095238095238,loss,0.0,-1.0,11.522722230082843,51.1995232812513,-7.0,45.5,0.5523809523809523,1370,0.25,0.0,tuned,0.513095238095238,-0.010714285714285787,False
2025_02_CHI_DET,2025,2,202502,spread,home,0.7548891786179922,-110.0,0.5238095238095238,win,1.0,0.9090909090909091,13.12601725812607,49.22049562592981,-6.0,46.5,0.5523809523809523,1370,0.25,0.0,tuned,0.513095238095238,-0.010714285714285787,False
2025_02_CLE_BAL,2025,2,202502,spread,home,0.7144719687092569,-115.0,0.5348837209302325,win,1.0,0.8695652173913043,18.192987162681003,50.57869301272885,-12.5,46.5,0.5523809523809523,1370,0.25,0.0,tuned,0.513095238095238,-0.02178848283499446,False
2025_02_DEN_IND,2025,2,202502,spread,away,0.4889178617992177,-105.0,0.5121951219512195,loss,0.0,-1.0,-2.7754167616085432,47.141129277183424,2.5,43.5,0.4800693240901213,1370,0.25,0.0,tuned,0.4950173310225303,-0.017177790928689207,False
2025_02_JAX_CIN,2025,2,202502,spread,home,0.5919165580182529,-105.0,0.5121951219512195,win,1.0,0.9523809523809523,5.2317739774908585,48.58931013078816,-3.5,49.5,0.5199306759098787,1370,0.25,0.0,tuned,0.5049826689774697,-0.007212452973749839,False
2025_02_LAC_LV,2025,2,202502,spread,away,0.48500651890482394,-105.0,0.5121951219512195,win,1.0,0.9523809523809523,-3.663448886341122,45.96302553005919,3.5,46.5,0.4800693240901213,1370,0.25,0.0,tuned,0.4950173310225303,-0.017177790928689207,False
2025_02_NE_MIA,2025,2,202502,spread,home,0.6766623207301173,-110.0,0.5238095238095238,loss,0.0,-1.0,6.171439458162555,42.263030040525706,-1.5,43.5,0.5523809523809523,1370,0.25,0.0,tuned,0.513095238095238,-0.010714285714285787,False
2025_02_NYG_DAL,2025,2,202502,spread,away,0.45371577574967403,100.0,0.5,win,1.0,1.0,5.079431288653846,47.27579659272043,-4.5,44.5,0.4800693240901213,1370,0.25,0.0,tuned,0.4950173310225303,-0.004982668977469684,False
2025_02_PHI_KC,2025,2,202502,spread,away,0.5867014341590613,-110.0,0.5238095238095238,win,1.0,0.9090909090909091,-4.178646910717546,49.35684714480694,1.5,46.5,0.5199306759098787,1370,0.25,0.0,tuned,0.5049826689774697,-0.018826854832054152,False
2025_02_SEA_PIT,2025,2,202502,spread,away,0.6310299869621904,-110.0,0.5238095238095238,win,1.0,0.9090909090909091,-0.6782172414749834,42.98916472065512,-3.5,40.5,0.5199306759098787,1370,0.25,0.0,tuned,0.5049826689774697,-0.018826854832054152,False
2025_02_SF_NO,2025,2,202502,spread,away,0.5449804432855281,-110.0,0.5238095238095238,win,1.0,0.9090909090909091,-4.565552553724079,43.88217316026141,3.0,40.5,0.5199306759098787,1370,0.25,0.0,tuned,0.5049826689774697,-0.018826854832054152,False
2025_02_TB_HOU,2025,2,202502,spread,away,0.7992177314211213,-110.0,0.5238095238095238,win,1.0,0.9090909090909091,-7.936164476533758,49.39965172688291,-2.5,42.5,0.5523809523809523,1370,0.25,0.0,tuned,0.513095238095238,-0.010714285714285787,False
2025_02_WAS_GB,2025,2,202502,spread,home,0.42633637548891784,-102.0,0.504950495049505,win,1.0,0.9803921568627451,1.1170210911587668,48.74940892368611,-3.5,48.5,0.4800693240901213,1370,0.25,0.0,tuned,0.4950173310225303,-0.009933164026974639,False
2025_02_BUF_NYJ,2025,2,202502,total,over,0.5228161668839635,-110.0,0.5238095238095238,loss,0.0,-1.0,-6.4973245290327934,50.118493190038144,6.0,47.5,0.5377777777777778,1396,0.25,0.0,tuned,0.5094444444444445,-0.014365079365079358,False
2025_02_CAR_ARI,2025,2,202502,total,over,0.6310299869621904,-110.0,0.5238095238095238,win,1.0,0.9090909090909091,11.522722230082843,51.1995232812513,-7.0,45.5,0.5394736842105263,1396,0.25,0.0,tuned,0.5098684210526316,-0.013941102756892199,False
2025_02_CHI_DET,2025,2,202502,total,over,0.5228161668839635,-108.0,0.5192307692307693,win,1.0,0.9259259259259259,13.12601725812607,49.22049562592981,-6.0,46.5,0.5377777777777778,1396,0.25,0.0,tuned,0.5094444444444445,-0.009786324786324796,False
2025_02_CLE_BAL,2025,2,202502,total,over,0.5736636245110821,-110.0,0.5238095238095238,win,1.0,0.9090909090909091,18.192987162681003,50.57869301272885,-12.5,46.5,0.5394736842105263,1396,0.25,0.0,tuned,0.5098684210526316,-0.013941102756892199,False
2025_02_DEN_IND,2025,2,202502,total,over,0.5580182529335072,-108.0,0.5192307692307693,win,1.0,0.9259259259259259,-2.7754167616085432,47.141129277183424,2.5,43.5,0.5394736842105263,1396,0.25,0.0,tuned,0.5098684210526316,-0.009362348178137636,False
2025_02_JAX_CIN,2025,2,202502,total,over,0.409387222946545,-105.0,0.5121951219512195,win,1.0,0.9523809523809523,5.2317739774908585,48.58931013078816,-3.5,49.5,0.4605263157894737,1396,0.25,0.0,tuned,0.4901315789473684,-0.022063543003851105,False
2025_02_LAC_LV,2025,2,202502,total,under,0.5788787483702738,-102.0,0.504950495049505,win,1.0,0.9803921568627451,-3.663448886341122,45.96302553005919,3.5,46.5,0.5394736842105263,1396,0.25,0.0,tuned,0.5098684210526316,0.0049179260031266825,True
2025_02_NE_MIA,2025,2,202502,total,over,0.4028683181225554,-105.0,0.5121951219512195,win,1.0,0.9523809523809523,6.171439458162555,42.263030040525706,-1.5,43.5,0.4605263157894737,1396,0.25,0.0,tuned,0.4901315789473684,-0.022063543003851105,False
2025_02_NYG_DAL,2025,2,202502,total,over,0.5228161668839635,-110.0,0.5238095238095238,win,1.0,0.9090909090909091,5.079431288653846,47.27579659272043,-4.5,44.5,0.5377777777777778,1396,0.25,0.0,tuned,0.5094444444444445,-0.014365079365079358,False
2025_02_PHI_KC,2025,2,202502,total,under,0.47588005215123863,-102.0,0.504950495049505,win,1.0,0.9803921568627451,-4.178646910717546,49.35684714480694,1.5,46.5,0.4622222222222222,1396,0.25,0.0,tuned,0.4905555555555555,-0.014394939493949432,False
2025_02_SEA_PIT,2025,2,202502,total,over,0.516297262059974,-112.0,0.5283018867924528,win,1.0,0.8928571428571429,-0.6782172414749834,42.98916472065512,-3.5,40.5,0.5377777777777778,1396,0.25,0.0,tuned,0.5094444444444445,-0.018857442348008346,False
2025_02_SF_NO,2025,2,202502,total,under,0.4550195567144719,-105.0,0.5121951219512195,loss,0.0,-1.0,-4.565552553724079,43.88217316026141,3.0,40.5,0.4622222222222222,1396,0.25,0.0,tuned,0.4905555555555555,-0.021639566395664,False
2025_02_TB_HOU,2025,2,202502,total,over,0.6714471968709257,-110.0,0.5238095238095238,loss,0.0,-1.0,-7.936164476533758,49.39965172688291,-2.5,42.5,0.6065573770491803,1396,0.25,0.0,tuned,0.5266393442622951,0.002829820452771248,True
2025_02_WAS_GB,2025,2,202502,total,under,0.5449804432855281,-105.0,0.5121951219512195,win,1.0,0.9523809523809523,1.1170210911587668,48.74940892368611,-3.5,48.5,0.5377777777777778,1396,0.25,0.0,tuned,0.5094444444444445,-0.0027506775067750455,False
2025_03_ARI_SF,2025,3,202503,spread,away,0.5339308578745199,-112.0,0.5283018867924528,win,1.0,0.8928571428571429,0.2910911434264078,46.22516171439689,-1.5,44.5,0.5213523131672599,1398,0.25,0.0,tuned,0.505338078291815,-0.02296380850063784,False
2025_03_ATL_CAR,2025,3,202503,spread,away,0.5813060179257362,-105.0,0.5121951219512195,loss,0.0,-1.0,-7.9970196918462815,44.262995386312426,5.5,44.5,0.5213523131672599,1398,0.25,0.0,tuned,0.505338078291815,-0.006857043659404538,False
2025_03_CIN_MIN,2025,3,202503,spread,away,0.6363636363636364,-110.0,0.5238095238095238,loss,0.0,-1.0,-1.4755132799518174,44.88866265125342,-3.0,41.5,0.5213523131672599,1398,0.25,0.0,tuned,0.505338078291815,-0.01847144551770885,False
2025_03_DAL_CHI,2025,3,202503,spread,home,0.5313700384122919,-105.0,0.5121951219512195,win,1.0,0.9523809523809523,-1.2012787601382933,45.07030181865557,1.5,49.5,0.5213523131672599,1398,0.25,0.0,tuned,0.505338078291815,-0.006857043659404538,False
2025_03_DEN_LAC,2025,3,202503,spread,away,0.5006402048655569,100.0,0.5,loss,0.0,-1.0,1.7810935133691228,48.27720891168665,-2.5,45.5,0.5,1398,0.25,0.0,tuned,0.5,0.0,True
2025_03_DET_BAL,2025,3,202503,spread,away,0.5544174135723432,-105.0,0.5121951219512195,win,1.0,0.9523809523809523,2.540205273212376,57.70758036084513,-4.5,53.5,0.5213523131672599,1398,0.25,0.0,tuned,0.505338078291815,-0.006857043659404538,False
2025_03_GB_CLE,2025,3,202503,spread,away,0.587708066581306,-102.0,0.504950495049505,loss,0.0,-1.0,-11.167411608314335,43.64563693329706,8.5,41.5,0.5213523131672599,1398,0.25,0.0,tuned,0.505338078291815,0.00038758324231003005,True
2025_03_HOU_JAX,2025,3,202503,spread,home,0.6350832266325224,-112.0,0.5283018867924528,win,1.0,0.8928571428571429,4.299218952455219,42.05788654894302,-1.5,43.5,0.5213523131672599,1398,0.25,0.0,tuned,0.505338078291815,-0.02296380850063784,False
2025_03_IND_TEN,2025,3,202503,spread,home,0.5147247119078106,-112.0,0.5283018867924528,loss,0.0,-1.0,-6.140278110013209,43.07141848258266,6.0,43.5,0.5213523131672599,1398,0.25,0.0,tuned,0.505338078291815,-0.02296380850063784,False
2025_03_KC_NYG,2025,3,202503,spread,home,0.5710627400768246,-105.0,0.5121951219512195,loss,0.0,-1.0,-4.773333796942405,45.31125608393695,6.0,44.5,0.5213523131672599,1398,0.25,0.0,tuned,0.505338078291815,-0.006857043659404538,False
2025_03_LA_PHI,2025,3,202503,spread,home,0.5672215108834827,-112.0,0.5283018867924528,win,1.0,0.8928571428571429,4.601702687401862,49.11951948579315,-3.5,45.5,0.5213523131672599,1398,0.25,0.0,tuned,0.505338078291815,-0.02296380850063784,False
2025_03_LV_WAS,2025,3,202503,spread,away,0.27016645326504485,100.0,0.5,loss,0.0,-1.0,8.850363358143538,46.88743146553282,-2.5,43.5,0.44545454545454544,1398,0.25,0.0,tuned,0.48636363636363633,-0.013636363636363669,False
2025_03_MIA_BUF,2025,3,202503,spread,away,0.6798975672215108,-110.0,0.5238095238095238,win,1.0,0.9090909090909091,6.716578501715099,52.03366343599768,-12.5,50.5,0.5545454545454546,1398,0.25,0.0,tuned,0.5136363636363637,-0.010173160173160167,False
2025_03_NO_SEA,2025,3,202503,spread,home,0.4507042253521127,-105.0,0.5121951219512195,win,1.0,0.9523809523809523,5.896177526587389,38.74793272529829,-7.5,41.5,0.4786476868327402,1398,0.25,0.0,tuned,0.49466192170818507,-0.017533200243034452,False
2025_03_NYJ_TB,2025,3,202503,spread,home,0.6837387964148528,-115.0,0.5348837209302325,loss,0.0,-1.0,11.317527890188051,47.76770942758287,-6.5,43.5,0.5545454545454546,1398,0.25,0.0,tuned,0.5136363636363637,-0.02124735729386884,False
2025_03_PIT_NE,2025,3,202503,spread,home,0.6888604353393086,-115.0,0.5348837209302325,loss,0.0,-1.0,3.419008345580917,44.49114311493286,1.5,44.5,0.5545454545454546,1398,0.25,0.0,tuned,0.5136363636363637,-0.02124735729386884,False
2025_03_ARI_SF,2025,3,202503,total,over,0.4942381562099872,-108.0,0.5192307692307693,loss,0.0,-1.0,0.2910911434264078,46.22516171439689,-1.5,44.5,0.5000000000000001,1424,0.25,0.0,tuned,0.5,-0.019230769230769273,False
2025_03_ATL_CAR,2025,3,202503,total,over,0.4327784891165173,-105.0,0.5121951219512195,loss,0.0,-1.0,-7.9970196918462815,44.262995386312426,5.5,44.5,0.4574468085106383,1424,0.25,0.0,tuned,0.48936170212765956,-0.022833419823559964,False
2025_03_CIN_MIN,2025,3,202503,total,under,0.4532650448143406,-105.0,0.5121951219512195,loss,0.0,-1.0,-1.4755132799518174,44.88866265125342,-3.0,41.5,0.4574468085106383,1424,0.25,0.0,tuned,0.48936170212765956,-0.022833419823559964,False
2025_03_DAL_CHI,2025,3,202503,total,under,0.6798975672215108,100.0,0.5,win,1.0,1.0,-1.2012787601382933,45.07030181865557,1.5,49.5,0.6037735849056604,1424,0.25,0.0,tuned,0.5259433962264151,0.02594339622641506,True
2025_03_DEN_LAC,2025,3,202503,total,over,0.5249679897567221,-110.0,0.5238095238095238,loss,0.0,-1.0,1.7810935133691228,48.27720891168665,-2.5,45.5,0.5405405405405406,1424,0.25,0.0,tuned,0.5101351351351351,-0.013674388674388749,False
2025_03_DET_BAL,2025,3,202503,total,under,0.42125480153649164,-105.0,0.5121951219512195,loss,0.0,-1.0,2.540205273212376,57.70758036084513,-4.5,53.5,0.4574468085106383,1424,0.25,0.0,tuned,0.48936170212765956,-0.022833419823559964,False
2025_03_GB_CLE,2025,3,202503,total,over,0.5057618437900128,-105.0,0.5121951219512195,loss,0.0,-1.0,-11.167411608314335,43.64563693329706,8.5,41.5,0.5000000000000001,1424,0.25,0.0,tuned,0.5,-0.012195121951219523,False
2025_03_HOU_JAX,2025,3,202503,total,over,0.3994878361075544,-105.0,0.5121951219512195,loss,0.0,-1.0,4.299218952455219,42.05788654894302,-1.5,43.5,0.4574468085106383,1424,0.25,0.0,tuned,0.48936170212765956,-0.022833419823559964,False
2025_03_IND_TEN,2025,3,202503,total,over,0.42765685019206146,-105.0,0.5121951219512195,win,1.0,0.9523809523809523,-6.140278110013209,43.07141848258266,6.0,43.5,0.4574468085106383,1424,0.25,0.0,tuned,0.48936170212765956,-0.022833419823559964,False
2025_03_KC_NYG,2025,3,202503,total,under,0.5224071702944942,-105.0,0.5121951219512195,win,1.0,0.9523809523809523,-4.773333796942405,45.31125608393695,6.0,44.5,0.5405405405405406,1424,0.25,0.0,tuned,0.5101351351351351,-0.002059986816084436,False
2025_03_LA_PHI,2025,3,202503,total,over,0.558258642765685,-112.0,0.5283018867924528,win,1.0,0.8928571428571429,4.601702687401862,49.11951948579315,-3.5,45.5,0.5425531914893617,1424,0.25,0.0,tuned,0.5106382978723404,-0.01766358892011244,False
2025_03_LV_WAS,2025,3,202503,total,over,0.5467349551856594,-110.0,0.5238095238095238,win,1.0,0.9090909090909091,8.850363358143538,46.88743146553282,-2.5,43.5,0.5425531914893617,1424,0.25,0.0,tuned,0.5106382978723404,-0.01317122593718345,False
2025_03_MIA_BUF,2025,3,202503,total,under,0.5096030729833547,-112.0,0.5283018867924528,loss,0.0,-1.0,6.716578501715099,52.03366343599768,-12.5,50.5,0.5405405405405406,1424,0.25,0.0,tuned,0.5101351351351351,-0.018166751657317737,False
2025_03_NO_SEA,2025,3,202503,total,under,0.6376440460947503,-108.0,0.5192307692307693,loss,0.0,-1.0,5.896177526587389,38.74793272529829,-7.5,41.5,0.5425531914893617,1424,0.25,0.0,tuned,0.5106382978723404,-0.008592471358428888,False
2025_03_NYJ_TB,2025,3,202503,total,over,0.5800256081946222,-105.0,0.5121951219512195,win,1.0,0.9523809523809523,11.317527890188051,47.76770942758287,-6.5,43.5,0.5425531914893617,1424,0.25,0.0,tuned,0.5106382978723404,-0.0015568240788791377,False
2025_03_PIT_NE,2025,3,202503,total,under,0.5595390524967989,-112.0,0.5283018867924528,win,1.0,0.8928571428571429,3.419008345580917,44.49114311493286,1.5,44.5,0.5425531914893617,1424,0.25,0.0,tuned,0.5106382978723404,-0.01766358892011244,False
2025_04_BAL_KC,2025,4,202504,spread,home,0.39397741530740277,100.0,0.5,win,1.0,1.0,-5.710424341126656,52.0032422764636,2.5,48.5,0.4799301919720768,1430,0.25,0.0,tuned,0.4949825479930192,-0.005017452006980783,False
2025_04_CAR_NE,2025,4,202504,spread,away,0.5156838143036386,-108.0,0.5192307692307693,loss,0.0,-1.0,4.532005593508187,45.01900547235349,-5.5,42.5,0.5200698080279232,1430,0.25,0.0,tuned,0.5050174520069808,-0.01421331722378849,False
2025_04_CHI_LV,2025,4,202504,spread,home,0.5144291091593476,-110.0,0.5238095238095238,loss,0.0,-1.0,1.2827841577850645,45.81187557334941,-1.5,47.5,0.5200698080279232,1430,0.25,0.0,tuned,0.5050174520069808,-0.018792071802543053,False
2025_04_CIN_DEN,2025,4,202504,spread,home,0.451693851944793,-105.0,0.5121951219512195,win,1.0,0.9523809523809523,5.720225094653098,45.57469230206773,-7.5,44.5,0.4799301919720768,1430,0.25,0.0,tuned,0.4949825479930192,-0.017212573958200306,False
2025_04_CLE_DET,2025,4,202504,spread,home,0.7917189460476788,-112.0,0.5283018867924528,win,1.0,0.8928571428571429,18.419781486276214,51.19759208301268,-10.0,44.5,0.5526315789473685,1430,0.25,0.0,tuned,0.5131578947368421,-0.015143992055610678,False
2025_04_GB_DAL,2025,4,202504,spread,away,0.47427854454203267,-105.0,0.5121951219512195,loss,0.0,-1.0,-6.975094937082236,49.61845742842074,7.0,47.5,0.4799301919720768,1430,0.25,0.0,tuned,0.4949825479930192,-0.017212573958200306,False
2025_04_IND_LA,2025,4,202504,spread,away,0.5570890840652447,-105.0,0.5121951219512195,loss,0.0,-1.0,1.4012561229840408,50.54116542879157,-3.5,49.5,0.5200698080279232,1430,0.25,0.0,tuned,0.5050174520069808,-0.00717766994423874,False
2025_04_JAX_SF,2025,4,202504,spread,home,0.5959849435382685,100.0,0.5,loss,0.0,-1.0,5.285637424233709,46.33796607879284,-3.5,45.5,0.5200698080279232,1430,0.25,0.0,tuned,0.5050174520069808,0.005017452006980783,True
2025_04_MIN_PIT,2025,4,202504,spread,home,0.4617314930991217,105.0,0.4878048780487805,win,1.0,1.05,-3.813940391971683,39.983866448189005,2.5,41.5,0.4799301919720768,1430,0.25,0.0,tuned,0.4949825479930192,0.00717766994423874,True
2025_04_NO_BUF,2025,4,202504,spread,home,0.42910915934755334,-105.0,0.5121951219512195,loss,0.0,-1.0,13.12338917867046,47.59888722377469,-15.5,48.5,0.4799301919720768,1430,0.25,0.0,tuned,0.4949825479930192,-0.017212573958200306,False
2025_04_NYJ_MIA,2025,4,202504,spread,away,0.41656210790464243,-105.0,0.5121951219512195,loss,0.0,-1.0,3.941743280926655,44.62166495755704,-2.5,44.5,0.4799301919720768,1430,0.25,0.0,tuned,0.4949825479930192,-0.017212573958200306,False
2025_04_PHI_TB,2025,4,202504,spread,away,0.2948557089084065,-102.0,0.504950495049505,win,1.0,0.9803921568627451,2.026985655272581,52.99277772551994,3.5,44.5,0.4473684210526316,1430,0.25,0.0,tuned,0.4868421052631579,-0.018108389786347046,False
2025_04_SEA_ARI,2025,4,202504,spread,home,0.657465495608532,-110.0,0.5238095238095238,loss,0.0,-1.0,2.1271010974069986,49.52900540145253,1.5,43.5,0.5200698080279232,1430,0.25,0.0,tuned,0.5050174520069808,-0.018792071802543053,False
2025_04_TEN_HOU,2025,4,202504,spread,home,0.44416562107904645,-105.0,0.5121951219512195,win,1.0,0.9523809523809523,5.513587268555304,41.228277630922506,-7.5,39.5,0.4799301919720768,1430,0.25,0.0,tuned,0.4949825479930192,-0.017212573958200306,False
2025_04_WAS_ATL,2025,4,202504,spread,away,0.64366373902133,-110.0,0.5238095238095238,loss,0.0,-1.0,-2.163286791889923,48.85440976393779,-2.5,43.5,0.5200698080279232,1430,0.25,0.0,tuned,0.5050174520069808,-0.018792071802543053,False
2025_04_BAL_KC,2025,4,202504,total,under,0.44667503136762865,100.0,0.5,loss,0.0,-1.0,-5.710424341126656,52.0032422764636,2.5,48.5,0.4520833333333334,1456,0.25,0.0,tuned,0.48802083333333335,-0.011979166666666652,False
2025_04_CAR_NE,2025,4,202504,total,over,0.520702634880803,-112.0,0.5283018867924528,win,1.0,0.8928571428571429,4.532005593508187,45.01900547235349,-5.5,42.5,0.5364238410596027,1456,0.25,0.0,tuned,0.5091059602649006,-0.0191959265275522,False
2025_04_CHI_LV,2025,4,202504,total,under,0.6122961104140527,-105.0,0.5121951219512195,loss,0.0,-1.0,1.2827841577850645,45.81187557334941,-1.5,47.5,0.5479166666666665,1456,0.25,0.0,tuned,0.5119791666666667,-0.00021595528455287116,False
2025_04_CIN_DEN,2025,4,202504,total,over,0.48306148055207027,-105.0,0.5121951219512195,loss,0.0,-1.0,5.720225094653098,45.57469230206773,-7.5,44.5,0.46357615894039733,1456,0.25,0.0,tuned,0.4908940397350993,-0.021301082216120204,False
2025_04_CLE_DET,2025,4,202504,total,over,0.6637390213299874,-105.0,0.5121951219512195,loss,0.0,-1.0,18.419781486276214,51.19759208301268,-10.0,44.5,0.5479166666666665,1456,0.25,0.0,tuned,0.5119791666666667,-0.00021595528455287116,False
2025_04_GB_DAL,2025,4,202504,total,over,0.5043914680050188,-105.0,0.5121951219512195,win,1.0,0.9523809523809523,-6.975094937082236,49.61845742842074,7.0,47.5,0.5,1456,0.25,0.0,tuned,0.5,-0.012195121951219523,False
2025_04_IND_LA,2025,4,202504,total,under,0.5181932245922208,-105.0,0.5121951219512195,win,1.0,0.9523809523809523,1.4012561229840408,50.54116542879157,-3.5,49.5,0.5364238410596027,1456,0.25,0.0,tuned,0.5091059602649006,-0.0030891616863188975,False
2025_04_JAX_SF,2025,4,202504,total,under,0.520702634880803,-108.0,0.5192307692307693,loss,0.0,-1.0,5.285637424233709,46.33796607879284,-3.5,45.5,0.5364238410596027,1456,0.25,0.0,tuned,0.5091059602649006,-0.010124808965868648,False
2025_04_MIN_PIT,2025,4,202504,total,under,0.603513174404015,-115.0,0.5348837209302325,loss,0.0,-1.0,-3.813940391971683,39.983866448189005,2.5,41.5,0.5479166666666665,1456,0.25,0.0,tuned,0.5119791666666667,-0.022904554263565857,False
2025_04_NO_BUF,2025,4,202504,total,under,0.5872020075282309,-115.0,0.5348837209302325,loss,0.0,-1.0,13.12338917867046,47.59888722377469,-15.5,48.5,0.5479166666666665,1456,0.25,0.0,tuned,0.5119791666666667,-0.022904554263565857,False
2025_04_NYJ_MIA,2025,4,202504,total,over,0.45420326223337515,100.0,0.5,win,1.0,1.0,3.941743280926655,44.62166495755704,-2.5,44.5,0.4520833333333334,1456,0.25,0.0,tuned,0.48802083333333335,-0.011979166666666652,False
2025_04_PHI_TB,2025,4,202504,total,over,0.7089084065244667,-102.0,0.504950495049505,win,1.0,0.9803921568627451,2.026985655272581,52.99277772551994,3.5,44.5,0.6111111111111113,1456,0.25,0.0,tuned,0.5277777777777778,0.022827282728272835,True
2025_04_SEA_ARI,2025,4,202504,total,over,0.64366373902133,-112.0,0.5283018867924528,loss,0.0,-1.0,2.1271010974069986,49.52900540145253,1.5,43.5,0.5479166666666665,1456,0.25,0.0,tuned,0.5119791666666667,-0.016322720125786172,False
2025_04_TEN_HOU,2025,4,202504,total,under,0.5031367628607277,-105.0,0.5121951219512195,win,1.0,0.9523809523809523,5.513587268555304,41.228277630922506,-7.5,39.5,0.5,1456,0.25,0.0,tuned,0.5,-0.012195121951219523,False
2025_04_WAS_ATL,2025,4,202504,total,over,0.6198243412797992,-108.0,0.5192307692307693,win,1.0,0.9259259259259259,-2.163286791889923,48.85440976393779,-2.5,43.5,0.5479166666666665,1456,0.25,0.0,tuned,0.5119791666666667,-0.007251602564102622,False
2025_05_DAL_NYJ,2025,5,202505,spread,home,0.5701970443349754,100.0,0.5,loss,0.0,-1.0,2.581247174037952,50.08305231317942,-1.5,48.5,0.5136518771331058,1460,0.25,0.0,tuned,0.5034129692832765,0.0034129692832765013,True
2025_05_DEN_PHI,2025,5,202505,spread,away,0.5036945812807883,-105.0,0.5121951219512195,win,1.0,0.9523809523809523,2.677922240677403,47.75269080856343,-3.5,44.5,0.5,1460,0.25,0.0,tuned,0.5,-0.012195121951219523,False
2025_05_DET_CIN,2025,5,202505,spread,away,0.4864532019704434,-102.0,0.504950495049505,win,1.0,0.9803921568627451,-10.90573660107296,49.94743480078209,10.5,49.5,0.4863481228668942,1460,0.25,0.0,tuned,0.49658703071672355,-0.0083634643327814,False
2025_05_HOU_BAL,2025,5,202505,spread,home,0.8719211822660099,-102.0,0.504950495049505,loss,0.0,-1.0,9.95030593276996,44.8373627006059,2.5,41.5,0.7874931581828146,1460,0.25,0.0,tuned,0.5718732895457037,0.06692279449619876,True
2025_05_KC_JAX,2025,5,202505,spread,home,0.6157635467980296,-110.0,0.5238095238095238,win,1.0,0.9090909090909091,-1.3015297062205649,43.89402607416468,3.5,45.5,0.5136518771331058,1460,0.25,0.0,tuned,0.5034129692832765,-0.020396554526247335,False
2025_05_LV_IND,2025,5,202505,spread,away,0.48891625615763545,100.0,0.5,loss,0.0,-1.0,6.51140359283366,49.54199087830342,-7.0,46.5,0.4863481228668942,1460,0.25,0.0,tuned,0.49658703071672355,-0.0034129692832764458,False
2025_05_MIA_CAR,2025,5,202505,spread,away,0.5344827586206897,-105.0,0.5121951219512195,loss,0.0,-1.0,-2.9512424532780086,46.63394563468618,1.5,44.5,0.5136518771331058,1460,0.25,0.0,tuned,0.5034129692832765,-0.008782152667943022,False
2025_05_NE_BUF,2025,5,202505,spread,away,0.41625615763546797,-105.0,0.5121951219512195,win,1.0,0.9523809523809523,8.933258314977202,53.12603000309376,-7.5,49.5,0.4863481228668942,1460,0.25,0.0,tuned,0.49658703071672355,-0.015608091234495969,False
2025_05_SF_LA,2025,5,202505,spread,away,0.6588669950738917,-110.0,0.5238095238095238,win,1.0,0.9090909090909091,3.206929974427135,48.10790932982138,-8.5,43.5,0.5136518771331058,1460,0.25,0.0,tuned,0.5034129692832765,-0.020396554526247335,False
2025_05_TB_SEA,2025,5,202505,spread,home,0.35467980295566504,-105.0,0.5121951219512195,loss,0.0,-1.0,-1.2595280721078703,49.66768941338471,-3.5,44.5,0.4863481228668942,1460,0.25,0.0,tuned,0.49658703071672355,-0.015608091234495969,False
2025_05_TEN_ARI,2025,5,202505,spread,home,0.6748768472906403,-112.0,0.5283018867924528,loss,0.0,-1.0,11.940515916364136,44.36788218073151,-7.5,41.5,0.5514018691588786,1460,0.25,0.0,tuned,0.5128504672897196,-0.01545141950273321,False
2025_05_WAS_LAC,2025,5,202505,spread,away,0.5517241379310345,100.0,0.5,win,1.0,1.0,0.4933424871610757,47.97229712087171,-2.5,47.5,0.5136518771331058,1460,0.25,0.0,tuned,0.5034129692832765,0.0034129692832765013,True
2025_05_DAL_NYJ,2025,5,202505,total,over,0.4963054187192118,-110.0,0.5238095238095238,win,1.0,0.9090909090909091,2.581247174037952,50.08305231317942,-1.5,48.5,0.5,1486,0.25,0.0,tuned,0.5,-0.023809523809523836,False
2025_05_DEN_PHI,2025,5,202505,total,over,0.541871921182266,-105.0,0.5121951219512195,loss,0.0,-1.0,2.677922240677403,47.75269080856343,-3.5,44.5,0.5430327868852459,1486,0.25,0.0,tuned,0.5107581967213115,-0.0014369252299080149,False
2025_05_DET_CIN,2025,5,202505,total,under,0.5295566502463054,-112.0,0.5283018867924528,loss,0.0,-1.0,-10.90573660107296,49.94743480078209,10.5,49.5,0.5419354838709678,1486,0.25,0.0,tuned,0.510483870967742,-0.017818015824710876,False
2025_05_HOU_BAL,2025,5,202505,total,over,0.5455665024630542,-105.0,0.5121951219512195,win,1.0,0.9523809523809523,9.95030593276996,44.8373627006059,2.5,41.5,0.5430327868852459,1486,0.25,0.0,tuned,0.5107581967213115,-0.0014369252299080149,False
2025_05_KC_JAX,2025,5,202505,total,under,0.603448275862069,-108.0,0.5192307692307693,loss,0.0,-1.0,-1.3015297062205649,43.89402607416468,3.5,45.5,0.5430327868852459,1486,0.25,0.0,tuned,0.5107581967213115,-0.008472572509457765,False
2025_05_LV_IND,2025,5,202505,total,over,0.5369458128078818,-112.0,0.5283018867924528,loss,0.0,-1.0,6.51140359283366,49.54199087830342,-7.0,46.5,0.5419354838709678,1486,0.25,0.0,tuned,0.510483870967742,-0.017818015824710876,False
2025_05_MIA_CAR,2025,5,202505,total,under,0.49014778325123154,-105.0,0.5121951219512195,loss,0.0,-1.0,-2.9512424532780086,46.63394563468618,1.5,44.5,0.45806451612903226,1486,0.25,0.0,tuned,0.48951612903225805,-0.02267899291896147,False
2025_05_NE_BUF,2025,5,202505,total,over,0.562807881773399,-112.0,0.5283018867924528,loss,0.0,-1.0,8.933258314977202,53.12603000309376,-7.5,49.5,0.5430327868852459,1486,0.25,0.0,tuned,0.5107581967213115,-0.017543690071141316,False
2025_05_SF_LA,2025,5,202505,total,over,0.5960591133004927,-112.0,0.5283018867924528,win,1.0,0.8928571428571429,3.206929974427135,48.10790932982138,-8.5,43.5,0.5430327868852459,1486,0.25,0.0,tuned,0.5107581967213115,-0.017543690071141316,False
2025_05_TB_SEA,2025,5,202505,total,over,0.6169950738916257,-110.0,0.5238095238095238,win,1.0,0.9090909090909091,-1.2595280721078703,49.66768941338471,-3.5,44.5,0.5430327868852459,1486,0.25,0.0,tuned,0.5107581967213115,-0.013051327088212328,False
2025_05_TEN_ARI,2025,5,202505,total,over,0.5307881773399015,-110.0,0.5238095238095238,win,1.0,0.9090909090909091,11.940515916364136,44.36788218073151,-7.5,41.5,0.5419354838709678,1486,0.25,0.0,tuned,0.510483870967742,-0.013325652841781888,False
2025_05_WAS_LAC,2025,5,202505,total,over,0.47044334975369456,-105.0,0.5121951219512195,loss,0.0,-1.0,0.4933424871610757,47.97229712087171,-2.5,47.5,0.45806451612903226,1486,0.25,0.0,tuned,0.48951612903225805,-0.02267899291896147,False
2025_06_ARI_IND,2025,6,202506,spread,away,0.6237864077669903,-110.0,0.5238095238095238,win,1.0,0.9090909090909091,4.644864367861367,49.943155795554055,-8.5,46.5,0.5145161290322581,1484,0.25,0.0,tuned,0.5036290322580645,-0.02018049155145929,False
2025_06_BUF_ATL,2025,6,202506,spread,home,0.5303398058252428,100.0,0.5,win,1.0,1.0,-3.322702868201937,52.49293304213505,3.5,49.5,0.5145161290322581,1484,0.25,0.0,tuned,0.5036290322580645,0.003629032258064546,True
2025_06_CHI_WAS,2025,6,202506,spread,home,0.6735436893203883,-112.0,0.5283018867924528,loss,0.0,-1.0,10.089741743971848,47.66821671803592,-5.5,49.5,0.5423728813559322,1484,0.25,0.0,tuned,0.510593220338983,-0.0177086664534698,False
2025_06_CIN_GB,2025,6,202506,spread,away,0.5837378640776699,-110.0,0.5238095238095238,win,1.0,0.9090909090909091,11.398958235683644,45.618237907934,-14.0,44.5,0.5145161290322581,1484,0.25,0.0,tuned,0.5036290322580645,-0.02018049155145929,False
2025_06_DAL_CAR,2025,6,202506,spread,home,0.5861650485436893,-102.0,0.504950495049505,win,1.0,0.9803921568627451,-1.444916113434459,47.73972490986433,3.0,47.5,0.5145161290322581,1484,0.25,0.0,tuned,0.5036290322580645,-0.0013214627914404087,False
2025_06_DEN_NYJ,2025,6,202506,spread,away,0.337378640776699,100.0,0.5,loss,0.0,-1.0,-3.368776374359622,45.66330265446556,7.5,43.5,0.4854838709677419,1484,0.25,0.0,tuned,0.49637096774193545,-0.003629032258064546,False
2025_06_DET_KC,2025,6,202506,spread,away,0.6978155339805825,-105.0,0.5121951219512195,loss,0.0,-1.0,-4.165883350191418,51.02124107331622,-2.5,51.5,0.5423728813559322,1484,0.25,0.0,tuned,0.510593220338983,-0.0016019016122365004,False
2025_06_LAC_MIA,2025,6,202506,spread,home,0.6529126213592233,-105.0,0.5121951219512195,win,1.0,0.9523809523809523,-0.1956835137078834,45.59961607770192,3.5,45.5,0.5145161290322581,1484,0.25,0.0,tuned,0.5036290322580645,-0.008566089693154977,False
2025_06_LA_BAL,2025,6,202506,spread,away,0.22572815533980584,-105.0,0.5121951219512195,win,1.0,0.9523809523809523,0.7392943542896571,45.73814814153577,7.0,43.5,0.4576271186440678,1484,0.25,0.0,tuned,0.489406779661017,-0.022788342290202546,False
2025_06_NE_NO,2025,6,202506,spread,away,0.40291262135922334,-105.0,0.5121951219512195,win,1.0,0.9523809523809523,-1.6409477054730803,47.91302269644862,3.5,46.5,0.4854838709677419,1484,0.25,0.0,tuned,0.49637096774193545,-0.01582415420928407,False
2025_06_PHI_NYG,2025,6,202506,spread,home,0.5194174757281553,100.0,0.5,win,1.0,1.0,-7.0984791542974985,44.30943621925852,7.0,40.5,0.5145161290322581,1484,0.25,0.0,tuned,0.5036290322580645,0.003629032258064546,True
2025_06_SEA_JAX,2025,6,202506,spread,away,0.5145631067961165,100.0,0.5,win,1.0,1.0,-2.4413034258894424,48.35784021311584,1.5,47.5,0.5145161290322581,1484,0.25,0.0,tuned,0.5036290322580645,0.003629032258064546,True
2025_06_SF_TB,2025,6,202506,spread,away,0.4648058252427184,-105.0,0.5121951219512195,loss,0.0,-1.0,3.861394942124976,50.44725237869899,-3.5,46.5,0.4854838709677419,1484,0.25,0.0,tuned,0.49637096774193545,-0.01582415420928407,False
2025_06_TEN_LV,2025,6,202506,spread,home,0.6128640776699029,-110.0,0.5238095238095238,win,1.0,0.9090909090909091,5.678493414569498,39.69483801774293,-3.5,41.5,0.5145161290322581,1484,0.25,0.0,tuned,0.5036290322580645,-0.02018049155145929,False
2025_06_ARI_IND,2025,6,202506,total,over,0.5521844660194175,102.0,0.49504950495049505,win,1.0,1.02,4.644864367861367,49.943155795554055,-8.5,46.5,0.5428134556574924,1510,0.25,0.0,tuned,0.5107033639143731,0.015653858963878053,True
2025_06_BUF_ATL,2025,6,202506,total,under,0.462378640776699,-102.0,0.504950495049505,win,1.0,0.9803921568627451,-3.322702868201937,52.49293304213505,3.5,49.5,0.45718654434250766,1510,0.25,0.0,tuned,0.4892966360856269,-0.015653858963878053,False
2025_06_CHI_WAS,2025,6,202506,total,under,0.6080097087378641,-105.0,0.5121951219512195,win,1.0,0.9523809523809523,10.089741743971848,47.66821671803592,-5.5,49.5,0.5428134556574924,1510,0.25,0.0,tuned,0.5107033639143731,-0.0014917580368464245,False
2025_06_CIN_GB,2025,6,202506,total,under,0.5109223300970873,-110.0,0.5238095238095238,loss,0.0,-1.0,11.398958235683644,45.618237907934,-14.0,44.5,0.5428134556574924,1510,0.25,0.0,tuned,0.5107033639143731,-0.013106159895150737,False
2025_06_DAL_CAR,2025,6,202506,total,under,0.5351941747572815,-105.0,0.5121951219512195,loss,0.0,-1.0,-1.444916113434459,47.73972490986433,3.0,47.5,0.5428134556574924,1510,0.25,0.0,tuned,0.5107033639143731,-0.0014917580368464245,False
2025_06_DEN_NYJ,2025,6,202506,total,over,0.5145631067961165,-108.0,0.5192307692307693,loss,0.0,-1.0,-3.368776374359622,45.66330265446556,7.5,43.5,0.5428134556574924,1510,0.25,0.0,tuned,0.5107033639143731,-0.008527405316396175,False
2025_06_DET_KC,2025,6,202506,total,under,0.566747572815534,-105.0,0.5121951219512195,win,1.0,0.9523809523809523,-4.165883350191418,51.02124107331622,-2.5,51.5,0.5428134556574924,1510,0.25,0.0,tuned,0.5107033639143731,-0.0014917580368464245,False
2025_06_LAC_MIA,2025,6,202506,total,over,0.4563106796116505,-105.0,0.5121951219512195,win,1.0,0.9523809523809523,-0.1956835137078834,45.59961607770192,3.5,45.5,0.45718654434250766,1510,0.25,0.0,tuned,0.4892966360856269,-0.02289848586559262,False
2025_06_LA_BAL,2025,6,202506,total,over,0.5169902912621359,-112.0,0.5283018867924528,loss,0.0,-1.0,0.7392943542896571,45.73814814153577,7.0,43.5,0.5428134556574924,1510,0.25,0.0,tuned,0.5107033639143731,-0.017598522878079725,False
2025_06_NE_NO,2025,6,202506,total,over,0.4963592233009709,-105.0,0.5121951219512195,loss,0.0,-1.0,-1.6409477054730803,47.91302269644862,3.5,46.5,0.5,1510,0.25,0.0,tuned,0.5,-0.012195121951219523,False
2025_06_PHI_NYG,2025,6,202506,total,under,0.4296116504854369,-105.0,0.5121951219512195,loss,0.0,-1.0,-7.0984791542974985,44.30943621925852,7.0,40.5,0.45718654434250766,1510,0.25,0.0,tuned,0.4892966360856269,-0.02289848586559262,False
2025_06_SEA_JAX,2025,6,202506,total,over,0.4842233009708738,-105.0,0.5121951219512195,loss,0.0,-1.0,-2.4413034258894424,48.35784021311584,1.5,47.5,0.45718654434250766,1510,0.25,0.0,tuned,0.4892966360856269,-0.02289848586559262,False
2025_06_SF_TB,2025,6,202506,total,under,0.42597087378640774,-105.0,0.5121951219512195,loss,0.0,-1.0,3.861394942124976,50.44725237869899,-3.5,46.5,0.45718654434250766,1510,0.25,0.0,tuned,0.4892966360856269,-0.02289848586559262,False
2025_06_TEN_LV,2025,6,202506,total,under,0.6067961165048543,-105.0,0.5121951219512195,win,1.0,0.9523809523809523,5.678493414569498,39.69483801774293,-3.5,41.5,0.5428134556574924,1510,0.25,0.0,tuned,0.5107033639143731,-0.0014917580368464245,False
2025_07_ATL_SF,2025,7,202507,spread,home,0.4618138424821002,100.0,0.5,win,1.0,1.0,0.095835673926987,43.920602127942,-1.5,46.5,0.47854785478547857,1512,0.25,0.0,tuned,0.49463696369636967,-0.005363036303630331,False
2025_07_CAR_NYJ,2025,7,202507,spread,home,0.5,105.0,0.4878048780487805,loss,0.0,-1.0,0.7697323706260708,43.34913465984504,-1.5,39.5,0.5,1512,0.25,0.0,tuned,0.5,0.012195121951219523,True
2025_07_GB_ARI,2025,7,202507,spread,home,0.6193317422434368,-105.0,0.5121951219512195,win,1.0,0.9523809523809523,-4.557788471984979,52.14035118208565,7.0,44.5,0.5214521452145214,1512,0.25,0.0,tuned,0.5053630363036303,-0.006832085647589192,False
2025_07_HOU_SEA,2025,7,202507,spread,home,0.5286396181384249,-110.0,0.5238095238095238,win,1.0,0.9090909090909091,3.1601964372240428,46.27294751456175,-3.0,41.5,0.5214521452145214,1512,0.25,0.0,tuned,0.5053630363036303,-0.018446487505893505,False
2025_07_IND_LAC,2025,7,202507,spread,away,0.6050119331742243,-108.0,0.5192307692307693,win,1.0,0.9259259259259259,-0.7620951531529523,48.8268190972256,-2.5,48.5,0.5214521452145214,1512,0.25,0.0,tuned,0.5053630363036303,-0.013867732927138943,False
2025_07_LA_JAX,2025,7,202507,spread,home,0.49761336515513127,-105.0,0.5121951219512195,loss,0.0,-1.0,-3.7500708585512665,44.81957030188398,3.0,44.5,0.48,1512,0.25,0.0,tuned,0.495,-0.017195121951219527,False
2025_07_LV_KC,2025,7,202507,spread,home,0.3818615751789976,-105.0,0.5121951219512195,win,1.0,0.9523809523809523,9.928092224275442,45.758888455199134,-13.5,44.5,0.47854785478547857,1512,0.25,0.0,tuned,0.49463696369636967,-0.017558158254849854,False
2025_07_MIA_CLE,2025,7,202507,spread,away,0.7243436754176611,-102.0,0.504950495049505,loss,0.0,-1.0,-4.865178841933028,42.91792940306723,-2.5,34.5,0.5289256198347108,1512,0.25,0.0,tuned,0.5072314049586777,0.0022809099091727347,True
2025_07_NE_TEN,2025,7,202507,spread,away,0.532219570405728,-108.0,0.5192307692307693,win,1.0,0.9259259259259259,-7.732578804569911,41.08980769421653,6.5,40.5,0.5214521452145214,1512,0.25,0.0,tuned,0.5053630363036303,-0.013867732927138943,False
2025_07_NO_CHI,2025,7,202507,spread,home,0.441527446300716,100.0,0.5,win,1.0,1.0,2.3558857084066123,42.50986676814574,-4.5,43.5,0.47854785478547857,1512,0.25,0.0,tuned,0.49463696369636967,-0.005363036303630331,False
2025_07_NYG_DEN,2025,7,202507,spread,away,0.43914081145584727,-105.0,0.5121951219512195,win,1.0,0.9523809523809523,8.421268764334545,42.26931146180984,-7.5,39.5,0.47854785478547857,1512,0.25,0.0,tuned,0.49463696369636967,-0.017558158254849854,False
2025_07_PHI_MIN,2025,7,202507,spread,home,0.6420047732696897,-110.0,0.5238095238095238,loss,0.0,-1.0,0.4288926220745692,47.09414114743869,2.5,43.5,0.5214521452145214,1512,0.25,0.0,tuned,0.5053630363036303,-0.018446487505893505,False
2025_07_PIT_CIN,2025,7,202507,spread,away,0.34606205250596656,-105.0,0.5121951219512195,loss,0.0,-1.0,-2.16728788180168,44.81703198106079,5.5,45.5,0.47854785478547857,1512,0.25,0.0,tuned,0.49463696369636967,-0.017558158254849854,False
2025_07_TB_DET,2025,7,202507,spread,away,0.5286396181384247,-112.0,0.5283018867924528,loss,0.0,-1.0,4.813349795483043,60.31124145902834,-6.0,54.5,0.5214521452145214,1512,0.25,0.0,tuned,0.5053630363036303,-0.022938850488822493,False
2025_07_WAS_DAL,2025,7,202507,spread,away,0.6539379474940334,-108.0,0.5192307692307693,loss,0.0,-1.0,-3.464334925640869,54.08877300688764,-1.5,54.5,0.5214521452145214,1512,0.25,0.0,tuned,0.5053630363036303,-0.013867732927138943,False
2025_07_ATL_SF,2025,7,202507,total,under,0.6276849642004774,-112.0,0.5283018867924528,win,1.0,0.8928571428571429,0.095835673926987,43.920602127942,-1.5,46.5,0.5469061876247505,1538,0.25,0.0,tuned,0.5117265469061876,-0.01657533988626525,False
2025_07_CAR_NYJ,2025,7,202507,total,under,0.4284009546539379,-102.0,0.504950495049505,win,1.0,0.9803921568627451,0.7697323706260708,43.34913465984504,-1.5,39.5,0.4530938123752495,1538,0.25,0.0,tuned,0.48827345309381237,-0.016677041955692584,False
2025_07_GB_ARI,2025,7,202507,total,over,0.6957040572792362,-110.0,0.5238095238095238,win,1.0,0.9090909090909091,-4.557788471984979,52.14035118208565,7.0,44.5,0.6181818181818182,1538,0.25,0.0,tuned,0.5295454545454545,0.0057359307359307055,True
2025_07_HOU_SEA,2025,7,202507,total,over,0.6085918854415274,-110.0,0.5238095238095238,win,1.0,0.9090909090909091,3.1601964372240428,46.27294751456175,-3.0,41.5,0.5469061876247505,1538,0.25,0.0,tuned,0.5117265469061876,-0.012082976903336262,False
2025_07_IND_LAC,2025,7,202507,total,under,0.535799522673031,-110.0,0.5238095238095238,loss,0.0,-1.0,-0.7620951531529523,48.8268190972256,-2.5,48.5,0.5301204819277109,1538,0.25,0.0,tuned,0.5075301204819277,-0.016279403327596143,False
2025_07_LA_JAX,2025,7,202507,total,under,0.535799522673031,-105.0,0.5121951219512195,win,1.0,0.9523809523809523,-3.7500708585512665,44.81957030188398,3.0,44.5,0.5301204819277109,1538,0.25,0.0,tuned,0.5075301204819277,-0.00466500146929183,False
2025_07_LV_KC,2025,7,202507,total,over,0.4916467780429594,-105.0,0.5121951219512195,loss,0.0,-1.0,9.928092224275442,45.758888455199134,-13.5,44.5,0.46987951807228917,1538,0.25,0.0,tuned,0.4924698795180723,-0.019725242433147216,False
2025_07_MIA_CLE,2025,7,202507,total,over,0.7100238663484487,-108.0,0.5192307692307693,win,1.0,0.9259259259259259,-4.865178841933028,42.91792940306723,-2.5,34.5,0.6181818181818182,1538,0.25,0.0,tuned,0.5295454545454545,0.010314685314685268,True
2025_07_NE_TEN,2025,7,202507,total,under,0.5262529832935561,-108.0,0.5192307692307693,loss,0.0,-1.0,-7.732578804569911,41.08980769421653,6.5,40.5,0.5301204819277109,1538,0.25,0.0,tuned,0.5075301204819277,-0.01170064874884158,False
2025_07_NO_CHI,2025,7,202507,total,under,0.5847255369928401,-110.0,0.5238095238095238,win,1.0,0.9090909090909091,2.3558857084066123,42.50986676814574,-4.5,43.5,0.5469061876247505,1538,0.25,0.0,tuned,0.5117265469061876,-0.012082976903336262,False
2025_07_NYG_DEN,2025,7,202507,total,under,0.4701670644391408,-105.0,0.5121951219512195,loss,0.0,-1.0,8.421268764334545,42.26931146180984,-7.5,39.5,0.46987951807228917,1538,0.25,0.0,tuned,0.4924698795180723,-0.019725242433147216,False
2025_07_PHI_MIN,2025,7,202507,total,over,0.5632458233890215,-115.0,0.5348837209302325,win,1.0,0.8695652173913043,0.4288926220745692,47.09414114743869,2.5,43.5,0.5469061876247505,1538,0.25,0.0,tuned,0.5117265469061876,-0.023157174024044935,False
2025_07_PIT_CIN,2025,7,202507,total,under,0.5787589498806682,-115.0,0.5348837209302325,loss,0.0,-1.0,-2.16728788180168,44.81703198106079,5.5,45.5,0.5469061876247505,1538,0.25,0.0,tuned,0.5117265469061876,-0.023157174024044935,False
2025_07_TB_DET,2025,7,202507,total,over,0.639618138424821,-105.0,0.5121951219512195,loss,0.0,-1.0,4.813349795483043,60.31124145902834,-6.0,54.5,0.5469061876247505,1538,0.25,0.0,tuned,0.5117265469061876,-0.00046857504503194924,False
2025_07_WAS_DAL,2025,7,202507,total,under,0.5668257756563246,-108.0,0.5192307692307693,loss,0.0,-1.0,-3.464334925640869,54.08877300688764,-1.5,54.5,0.5469061876247505,1538,0.25,0.0,tuned,0.5117265469061876,-0.0075042223245817,False
2025_08_BUF_CAR,2025,8,202508,spread,home,0.5603751465416178,-105.0,0.5121951219512195,loss,0.0,-1.0,-6.088788966721037,46.085311695461954,7.0,47.5,0.5201863354037266,1542,0.25,0.0,tuned,0.5050465838509317,-0.007148538100287816,False
2025_08_CHI_BAL,2025,8,202508,spread,away,0.4091441969519344,-102.0,0.504950495049505,loss,0.0,-1.0,4.221875315072887,44.91525674546603,-2.5,45.5,0.4798136645962733,1542,0.25,0.0,tuned,0.4949534161490683,-0.009997078900436662,False
2025_08_CLE_NE,2025,8,202508,spread,home,0.6354044548651817,-105.0,0.5121951219512195,win,1.0,0.9523809523809523,9.74218870975306,45.48583594620257,-7.0,40.5,0.5201863354037266,1542,0.25,0.0,tuned,0.5050465838509317,-0.007148538100287816,False
2025_08_DAL_DEN,2025,8,202508,spread,home,0.5896834701055099,-110.0,0.5238095238095238,win,1.0,0.9090909090909091,5.172684183003262,50.57149816518445,-3.5,51.5,0.5201863354037266,1542,0.25,0.0,tuned,0.5050465838509317,-0.01876293995859213,False
2025_08_GB_PIT,2025,8,202508,spread,away,0.5416178194607268,100.0,0.5,win,1.0,1.0,-4.542794749961739,48.91088220783757,3.0,46.5,0.5201863354037266,1542,0.25,0.0,tuned,0.5050465838509317,0.005046583850931707,True
2025_08_MIA_ATL,2025,8,202508,spread,home,0.46776084407971863,-105.0,0.5121951219512195,loss,0.0,-1.0,5.734049538583284,47.41208848880515,-7.0,44.5,0.4798136645962733,1542,0.25,0.0,tuned,0.4949534161490683,-0.01724170580215123,False
2025_08_MIN_LAC,2025,8,202508,spread,away,0.5767878077373974,100.0,0.5,loss,0.0,-1.0,0.5136584696640297,44.75673846333411,-3.0,45.5,0.5201863354037266,1542,0.25,0.0,tuned,0.5050465838509317,0.005046583850931707,True
2025_08_NYG_PHI,2025,8,202508,spread,away,0.4724501758499414,-102.0,0.504950495049505,loss,0.0,-1.0,7.0733125877497045,46.60892996975843,-7.0,43.5,0.4798136645962733,1542,0.25,0.0,tuned,0.4949534161490683,-0.009997078900436662,False
2025_08_NYJ_CIN,2025,8,202508,spread,away,0.6178194607268463,-112.0,0.5283018867924528,win,1.0,0.8928571428571429,1.776670590724536,44.53166276140144,-5.5,43.5,0.5201863354037266,1542,0.25,0.0,tuned,0.5050465838509317,-0.023255302941521117,False
2025_08_SF_HOU,2025,8,202508,spread,away,0.5697538100820634,100.0,0.5,loss,0.0,-1.0,0.1139112900367105,44.31571115497187,-2.5,41.5,0.5201863354037266,1542,0.25,0.0,tuned,0.5050465838509317,0.005046583850931707,True
2025_08_TEN_IND,2025,8,202508,spread,home,0.48182883939038684,-105.0,0.5121951219512195,win,1.0,0.9523809523809523,14.490466116594192,47.09116245494023,-15.5,47.5,0.4798136645962733,1542,0.25,0.0,tuned,0.4949534161490683,-0.01724170580215123,False
2025_08_WAS_KC,2025,8,202508,spread,away,0.6377491207502931,-105.0,0.5121951219512195,loss,0.0,-1.0,5.954808729687891,49.185926562172185,-10.5,48.5,0.5201863354037266,1542,0.25,0.0,tuned,0.5050465838509317,-0.007148538100287816,False
2025_08_BUF_CAR,2025,8,202508,total,under,0.5955451348182884,-108.0,0.5192307692307693,loss,0.0,-1.0,-6.088788966721037,46.085311695461954,7.0,47.5,0.5461689587426326,1568,0.25,0.0,tuned,0.5115422396856582,-0.007688529545111122,False
2025_08_CHI_BAL,2025,8,202508,total,under,0.5744431418522861,-112.0,0.5283018867924528,loss,0.0,-1.0,4.221875315072887,44.91525674546603,-2.5,45.5,0.5461689587426326,1568,0.25,0.0,tuned,0.5115422396856582,-0.016759647106794673,False
2025_08_CLE_NE,2025,8,202508,total,over,0.6154747948417351,-105.0,0.5121951219512195,win,1.0,0.9523809523809523,9.74218870975306,45.48583594620257,-7.0,40.5,0.5461689587426326,1568,0.25,0.0,tuned,0.5115422396856582,-0.000652882265561372,False
2025_08_DAL_DEN,2025,8,202508,total,under,0.5838218053927315,-110.0,0.5238095238095238,loss,0.0,-1.0,5.172684183003262,50.57149816518445,-3.5,51.5,0.5461689587426326,1568,0.25,0.0,tuned,0.5115422396856582,-0.012267284123865685,False
2025_08_GB_PIT,2025,8,202508,total,over,0.5216881594372802,-105.0,0.5121951219512195,win,1.0,0.9523809523809523,-4.542794749961739,48.91088220783757,3.0,46.5,0.5321637426900586,1568,0.25,0.0,tuned,0.5080409356725146,-0.004154186278704897,False
2025_08_MIA_ATL,2025,8,202508,total,over,0.536928487690504,-105.0,0.5121951219512195,loss,0.0,-1.0,5.734049538583284,47.41208848880515,-7.0,44.5,0.5321637426900586,1568,0.25,0.0,tuned,0.5080409356725146,-0.004154186278704897,False
2025_08_MIN_LAC,2025,8,202508,total,under,0.5803048065650644,-110.0,0.5238095238095238,loss,0.0,-1.0,0.5136584696640297,44.75673846333411,-3.0,45.5,0.5461689587426326,1568,0.25,0.0,tuned,0.5115422396856582,-0.012267284123865685,False
2025_08_NYG_PHI,2025,8,202508,total,over,0.5416178194607268,-112.0,0.5283018867924528,win,1.0,0.8928571428571429,7.0733125877497045,46.60892996975843,-7.0,43.5,0.5461689587426326,1568,0.25,0.0,tuned,0.5115422396856582,-0.016759647106794673,False
2025_08_NYJ_CIN,2025,8,202508,total,under,0.514654161781946,-102.0,0.504950495049505,loss,0.0,-1.0,1.776670590724536,44.53166276140144,-5.5,43.5,0.5321637426900586,1568,0.25,0.0,tuned,0.5080409356725146,0.0030904406230096715,True
2025_08_SF_HOU,2025,8,202508,total,over,0.5322391559202814,-108.0,0.5192307692307693,loss,0.0,-1.0,0.1139112900367105,44.31571115497187,-2.5,41.5,0.5321637426900586,1568,0.25,0.0,tuned,0.5080409356725146,-0.011189833558254647,False
2025_08_TEN_IND,2025,8,202508,total,under,0.567409144196952,-102.0,0.504950495049505,loss,0.0,-1.0,14.490466116594192,47.09116245494023,-15.5,47.5,0.5461689587426326,1568,0.25,0.0,tuned,0.5115422396856582,0.006591744636153196,True
2025_08_WAS_KC,2025,8,202508,total,over,0.4806565064478312,-105.0,0.5121951219512195,loss,0.0,-1.0,5.954808729687891,49.185926562172185,-10.5,48.5,0.4678362573099415,1568,0.25,0.0,tuned,0.4919590643274854,-0.02023605762373415,False
2025_09_ARI_DAL,2025,9,202509,spread,home,0.44971098265895953,-105.0,0.5121951219512195,loss,0.0,-1.0,1.498661684922206,53.27368414507364,-3.5,53.5,0.47865853658536583,1566,0.25,0.0,tuned,0.49466463414634143,-0.017530487804878092,False
2025_09_ATL_NE,2025,9,202509,spread,home,0.507514450867052,-110.0,0.5238095238095238,loss,0.0,-1.0,4.89565435971672,46.98018832207997,-5.5,45.5,0.5213414634146342,1566,0.25,0.0,tuned,0.5053353658536586,-0.018474157955865267,False
2025_09_BAL_MIA,2025,9,202509,spread,home,0.6566473988439306,100.0,0.5,loss,0.0,-1.0,-3.968343900023962,50.73271686902861,7.5,51.5,0.5213414634146342,1566,0.25,0.0,tuned,0.5053353658536586,0.005335365853658569,True
2025_09_CAR_GB,2025,9,202509,spread,away,0.49248554913294795,-102.0,0.504950495049505,win,1.0,0.9803921568627451,11.893357165094312,47.58844949981154,-12.5,43.5,0.47865853658536583,1566,0.25,0.0,tuned,0.49466463414634143,-0.010285860903163524,False
2025_09_CHI_CIN,2025,9,202509,spread,away,0.33526011560693647,-105.0,0.5121951219512195,win,1.0,0.9523809523809523,1.1716433166258702,47.95904435752146,3.0,51.5,0.47865853658536583,1566,0.25,0.0,tuned,0.49466463414634143,-0.017530487804878092,False
2025_09_DEN_HOU,2025,9,202509,spread,away,0.6497109826589595,-110.0,0.5238095238095238,win,1.0,0.9090909090909091,-3.536096654353793,45.375150666571656,-1.5,40.5,0.5213414634146342,1566,0.25,0.0,tuned,0.5053353658536586,-0.018474157955865267,False
2025_09_IND_PIT,2025,9,202509,spread,away,0.5479768786127168,100.0,0.5,loss,0.0,-1.0,-5.477395007301548,50.030872014892765,3.5,51.5,0.5213414634146342,1566,0.25,0.0,tuned,0.5053353658536586,0.005335365853658569,True
2025_09_JAX_LV,2025,9,202509,spread,away,0.5375722543352601,-105.0,0.5121951219512195,loss,0.0,-1.0,-4.019727332816566,41.28572612304778,2.5,43.5,0.5213414634146342,1566,0.25,0.0,tuned,0.5053353658536586,-0.006859756097560954,False
2025_09_KC_BUF,2025,9,202509,spread,away,0.38265895953757223,-105.0,0.5121951219512195,loss,0.0,-1.0,-0.2089028168212845,50.15161355129072,2.5,53.5,0.47865853658536583,1566,0.25,0.0,tuned,0.49466463414634143,-0.017530487804878092,False
2025_09_LAC_TEN,2025,9,202509,spread,home,0.5260115606936416,-108.0,0.5192307692307693,win,1.0,0.9259259259259259,-9.982792627456847,40.024786064894826,10.0,44.5,0.5213414634146342,1566,0.25,0.0,tuned,0.5053353658536586,-0.013895403377110704,False
2025_09_MIN_DET,2025,9,202509,spread,home,0.5872832369942197,-112.0,0.5283018867924528,loss,0.0,-1.0,11.101759826431236,49.1809680802411,-9.5,47.5,0.5213414634146342,1566,0.25,0.0,tuned,0.5053353658536586,-0.022966520938794255,False
2025_09_SEA_WAS,2025,9,202509,spread,home,0.6578034682080924,100.0,0.5,loss,0.0,-1.0,1.188920124628248,49.31326221008681,2.5,47.5,0.5213414634146342,1566,0.25,0.0,tuned,0.5053353658536586,0.005335365853658569,True
2025_09_SF_NYG,2025,9,202509,spread,home,0.5329479768786127,100.0,0.5,loss,0.0,-1.0,-2.3148820853927656,44.20253403102297,2.5,47.5,0.5213414634146342,1566,0.25,0.0,tuned,0.5053353658536586,0.005335365853658569,True
2025_09_ARI_DAL,2025,9,202509,total,under,0.5583815028901734,-105.0,0.5121951219512195,win,1.0,0.9523809523809523,1.498661684922206,53.27368414507364,-3.5,53.5,0.5426356589147284,1592,0.25,0.0,tuned,0.5106589147286821,-0.0015362072225374446,False
2025_09_ATL_NE,2025,9,202509,total,over,0.49942196531791905,-108.0,0.5192307692307693,win,1.0,0.9259259259259259,4.89565435971672,46.98018832207997,-5.5,45.5,0.5,1592,0.25,0.0,tuned,0.5,-0.019230769230769273,False
2025_09_BAL_MIA,2025,9,202509,total,under,0.576878612716763,-110.0,0.5238095238095238,win,1.0,0.9090909090909091,-3.968343900023962,50.73271686902861,7.5,51.5,0.5426356589147284,1592,0.25,0.0,tuned,0.5106589147286821,-0.013150609080841758,False
2025_09_CAR_GB,2025,9,202509,total,over,0.5884393063583815,-105.0,0.5121951219512195,loss,0.0,-1.0,11.893357165094312,47.58844949981154,-12.5,43.5,0.5426356589147284,1592,0.25,0.0,tuned,0.5106589147286821,-0.0015362072225374446,False
2025_09_CHI_CIN,2025,9,202509,total,under,0.653179190751445,-108.0,0.5192307692307693,loss,0.0,-1.0,1.1716433166258702,47.95904435752146,3.0,51.5,0.5426356589147284,1592,0.25,0.0,tuned,0.5106589147286821,-0.008571854502087195,False
2025_09_DEN_HOU,2025,9,202509,total,under,0.38381502890173413,-105.0,0.5121951219512195,win,1.0,0.9523809523809523,-3.536096654353793,45.375150666571656,-1.5,40.5,0.4573643410852713,1592,0.25,0.0,tuned,0.4893410852713178,-0.022854036679901713,False
2025_09_IND_PIT,2025,9,202509,total,under,0.5942196531791908,-105.0,0.5121951219512195,win,1.0,0.9523809523809523,-5.477395007301548,50.030872014892765,3.5,51.5,0.5426356589147284,1592,0.25,0.0,tuned,0.5106589147286821,-0.0015362072225374446,False
2025_09_JAX_LV,2025,9,202509,total,under,0.6138728323699423,-105.0,0.5121951219512195,loss,0.0,-1.0,-4.019727332816566,41.28572612304778,2.5,43.5,0.5426356589147284,1592,0.25,0.0,tuned,0.5106589147286821,-0.0015362072225374446,False
2025_09_KC_BUF,2025,9,202509,total,over,0.35028901734104045,-105.0,0.5121951219512195,loss,0.0,-1.0,-0.2089028168212845,50.15161355129072,2.5,53.5,0.4573643410852713,1592,0.25,0.0,tuned,0.4893410852713178,-0.022854036679901713,False
2025_09_LAC_TEN,2025,9,202509,total,under,0.6774566473988439,-110.0,0.5238095238095238,loss,0.0,-1.0,-9.982792627456847,40.024786064894826,10.0,44.5,0.631578947368421,1592,0.25,0.0,tuned,0.5328947368421053,0.009085213032581474,True
2025_09_MIN_DET,2025,9,202509,total,under,0.49595375722543356,-105.0,0.5121951219512195,loss,0.0,-1.0,11.101759826431236,49.1809680802411,-9.5,47.5,0.5,1592,0.25,0.0,tuned,0.5,-0.012195121951219523,False
2025_09_SEA_WAS,2025,9,202509,total,over,0.5052023121387283,-105.0,0.5121951219512195,win,1.0,0.9523809523809523,1.188920124628248,49.31326221008681,2.5,47.5,0.5,1592,0.25,0.0,tuned,0.5,-0.012195121951219523,False
2025_09_SF_NYG,2025,9,202509,total,under,0.646242774566474,-108.0,0.5192307692307693,loss,0.0,-1.0,-2.3148820853927656,44.20253403102297,2.5,47.5,0.5426356589147284,1592,0.25,0.0,tuned,0.5106589147286821,-0.008571854502087195,False
2025_10_ARI_SEA,2025,10,202510,spread,home,0.4533029612756264,-105.0,0.5121951219512195,win,1.0,0.9523809523809523,5.115806422630505,48.8845913609859,-7.0,44.5,0.48205928237129486,1592,0.25,0.01,tuned,0.4955148205928237,-0.01668030135839582,False
2025_10_ATL_IND,2025,10,202510,spread,home,0.5136674259681093,-108.0,0.5192307692307693,loss,0.0,-1.0,6.236906192587842,50.10388936457247,-6.5,48.5,0.5179407176287052,1592,0.25,0.01,tuned,0.5044851794071763,-0.014745589823592975,False
2025_10_BAL_MIN,2025,10,202510,spread,away,0.5068337129840547,-105.0,0.5121951219512195,win,1.0,0.9523809523809523,-5.318819756719514,49.80957816073039,4.5,48.5,0.5,1592,0.25,0.01,tuned,0.5,-0.012195121951219523,False
2025_10_BUF_MIA,2025,10,202510,spread,away,0.48177676537585423,-105.0,0.5121951219512195,loss,0.0,-1.0,-8.640943082278412,47.69268844712115,8.5,50.5,0.48205928237129486,1592,0.25,0.01,tuned,0.4955148205928237,-0.01668030135839582,False
2025_10_CLE_NYJ,2025,10,202510,spread,home,0.7881548974943052,-105.0,0.5121951219512195,win,1.0,0.9523809523809523,6.791529852770998,42.4181132126031,1.5,37.5,0.5245901639344263,1592,0.25,0.01,tuned,0.5061475409836066,-0.006047580967612931,False
2025_10_DET_WAS,2025,10,202510,spread,away,0.3496583143507973,-105.0,0.5121951219512195,win,1.0,0.9523809523809523,-5.193350475642911,50.51982667802094,8.5,49.5,0.48205928237129486,1592,0.25,0.01,tuned,0.4955148205928237,-0.01668030135839582,False
2025_10_JAX_HOU,2025,10,202510,spread,away,0.3553530751708428,100.0,0.5,loss,0.0,-1.0,1.5630234474143812,43.4685677577576,1.5,37.5,0.48205928237129486,1592,0.25,0.01,tuned,0.4955148205928237,-0.0044851794071762985,False
2025_10_LA_SF,2025,10,202510,spread,home,0.5751708428246014,-105.0,0.5121951219512195,loss,0.0,-1.0,-4.145849909271387,45.85282306461546,5.5,49.5,0.5179407176287052,1592,0.25,0.01,tuned,0.5044851794071763,-0.0077099425440432245,False
2025_10_LV_DEN,2025,10,202510,spread,home,0.5603644646924829,-108.0,0.5192307692307693,loss,0.0,-1.0,10.4597140617216,43.85781054750796,-9.5,42.5,0.5179407176287052,1592,0.25,0.01,tuned,0.5044851794071763,-0.014745589823592975,False
2025_10_NE_TB,2025,10,202510,spread,away,0.5216400911161732,100.0,0.5,win,1.0,1.0,1.420573043461557,50.88366768619757,-2.5,48.5,0.5179407176287052,1592,0.25,0.01,tuned,0.5044851794071763,0.0044851794071762985,False
2025_10_NO_CAR,2025,10,202510,spread,home,0.48291571753986334,-108.0,0.5192307692307693,loss,0.0,-1.0,4.508990005900977,37.96057244863283,-5.5,38.5,0.48205928237129486,1592,0.25,0.01,tuned,0.4955148205928237,-0.023715948637945572,False
2025_10_NYG_CHI,2025,10,202510,spread,away,0.49202733485193617,-108.0,0.5192307692307693,win,1.0,0.9259259259259259,3.9751778669027926,45.99121700100872,-4.5,45.5,0.5,1592,0.25,0.01,tuned,0.5,-0.019230769230769273,False
2025_10_PHI_GB,2025,10,202510,spread,home,0.5888382687927107,102.0,0.49504950495049505,loss,0.0,-1.0,3.1951809038994385,52.36100207523928,-1.5,45.5,0.5179407176287052,1592,0.25,0.01,tuned,0.5044851794071763,0.009435674456681253,False
2025_10_PIT_LAC,2025,10,202510,spread,home,0.6560364464692483,-102.0,0.504950495049505,win,1.0,0.9803921568627451,6.765929006587411,48.54487605865439,-3.0,45.5,0.5179407176287052,1592,0.25,0.01,tuned,0.5044851794071763,-0.0004653156423286564,False
2025_10_ARI_SEA,2025,10,202510,total,under,0.40091116173120733,-102.0,0.504950495049505,loss,0.0,-1.0,5.115806422630505,48.8845913609859,-7.0,44.5,0.45904761904761904,1618,0.25,0.0,tuned,0.48976190476190473,-0.015188590287600223,False
2025_10_ATL_IND,2025,10,202510,total,over,0.5034168564920274,-108.0,0.5192307692307693,win,1.0,0.9259259259259259,6.236906192587842,50.10388936457247,-6.5,48.5,0.5,1618,0.25,0.0,tuned,0.5,-0.019230769230769273,False
2025_10_BAL_MIN,2025,10,202510,total,under,0.5022779043280182,-105.0,0.5121951219512195,win,1.0,0.9523809523809523,-5.318819756719514,49.80957816073039,4.5,48.5,0.5,1618,0.25,0.0,tuned,0.5,-0.012195121951219523,False
2025_10_BUF_MIA,2025,10,202510,total,over,0.3678815489749431,-105.0,0.5121951219512195,loss,0.0,-1.0,-8.640943082278412,47.69268844712115,8.5,50.5,0.45904761904761904,1618,0.25,0.0,tuned,0.48976190476190473,-0.02243321718931479,False
2025_10_CLE_NYJ,2025,10,202510,total,over,0.6195899772209568,-105.0,0.5121951219512195,win,1.0,0.9523809523809523,6.791529852770998,42.4181132126031,1.5,37.5,0.540952380952381,1618,0.25,0.0,tuned,0.5102380952380953,-0.0019570267131242547,False
2025_10_DET_WAS,2025,10,202510,total,under,0.5102505694760819,-112.0,0.5283018867924528,loss,0.0,-1.0,-5.193350475642911,50.51982667802094,8.5,49.5,0.528409090909091,1618,0.25,0.0,tuned,0.5071022727272727,-0.021199614065180117,False
2025_10_JAX_HOU,2025,10,202510,total,over,0.6526195899772209,-108.0,0.5192307692307693,win,1.0,0.9259259259259259,1.5630234474143812,43.4685677577576,1.5,37.5,0.540952380952381,1618,0.25,0.0,tuned,0.5102380952380953,-0.008992673992674005,False
2025_10_LA_SF,2025,10,202510,total,under,0.6571753986332574,-110.0,0.5238095238095238,loss,0.0,-1.0,-4.145849909271387,45.85282306461546,5.5,49.5,0.540952380952381,1618,0.25,0.0,tuned,0.5102380952380953,-0.013571428571428568,False
2025_10_LV_DEN,2025,10,202510,total,over,0.4977220956719818,-110.0,0.5238095238095238,loss,0.0,-1.0,10.4597140617216,43.85781054750796,-9.5,42.5,0.5,1618,0.25,0.0,tuned,0.5,-0.023809523809523836,False
2025_10_NE_TB,2025,10,202510,total,under,0.47494305239179957,-105.0,0.5121951219512195,loss,0.0,-1.0,1.420573043461557,50.88366768619757,-2.5,48.5,0.4715909090909091,1618,0.25,0.0,tuned,0.4928977272727273,-0.01929739467849223,False
2025_10_NO_CAR,2025,10,202510,total,under,0.5671981776765376,-105.0,0.5121951219512195,win,1.0,0.9523809523809523,4.508990005900977,37.96057244863283,-5.5,38.5,0.540952380952381,1618,0.25,0.0,tuned,0.5102380952380953,-0.0019570267131242547,False
2025_10_NYG_CHI,2025,10,202510,total,under,0.5239179954441913,-112.0,0.5283018867924528,win,1.0,0.8928571428571429,3.9751778669027926,45.99121700100872,-4.5,45.5,0.528409090909091,1618,0.25,0.0,tuned,0.5071022727272727,-0.021199614065180117,False
2025_10_PHI_GB,2025,10,202510,total,over,0.6788154897494305,-112.0,0.5283018867924528,loss,0.0,-1.0,3.1951809038994385,52.36100207523928,-1.5,45.5,0.6206896551724138,1618,0.25,0.0,tuned,0.5301724137931034,0.0018705270006506014,True
2025_10_PIT_LAC,2025,10,202510,total,over,0.5466970387243736,-105.0,0.5121951219512195,loss,0.0,-1.0,6.765929006587411,48.54487605865439,-3.0,45.5,0.540952380952381,1618,0.25,0.0,tuned,0.5102380952380953,-0.0019570267131242547,False
2025_11_CAR_ATL,2025,11,202511,spread,home,0.5515695067264574,-102.0,0.504950495049505,loss,0.0,-1.0,5.16918690065895,44.95631196486273,-4.5,42.5,0.5162094763092271,1620,0.25,0.01,tuned,0.5040523690773068,-0.0008981259721981827,False
2025_11_CHI_MIN,2025,11,202511,spread,home,0.3721973094170404,-105.0,0.5121951219512195,loss,0.0,-1.0,-1.275996961012562,44.62578900639261,-3.0,47.5,0.481981981981982,1620,0.25,0.01,tuned,0.4954954954954955,-0.016699626455724037,False
2025_11_CIN_PIT,2025,11,202511,spread,away,0.6457399103139013,-108.0,0.5192307692307693,loss,0.0,-1.0,0.7578709002659503,43.43962529776728,-5.5,48.5,0.5180180180180182,1620,0.25,0.01,tuned,0.5045045045045046,-0.014726264726264704,False
2025_11_DAL_LV,2025,11,202511,spread,home,0.523542600896861,-105.0,0.5121951219512195,loss,0.0,-1.0,-3.4537820158393666,46.35699207648055,3.5,48.5,0.5162094763092271,1620,0.25,0.01,tuned,0.5040523690773068,-0.00814275287391275,False
2025_11_DET_PHI,2025,11,202511,spread,away,0.6816143497757847,-102.0,0.504950495049505,loss,0.0,-1.0,-3.401621082446785,51.200668763694495,-2.5,46.5,0.5267857142857143,1620,0.25,0.01,tuned,0.5066964285714286,0.0017459335219236483,False
2025_11_GB_NYG,2025,11,202511,spread,away,0.5213004484304933,-110.0,0.5238095238095238,loss,0.0,-1.0,-8.53083499505287,44.763517206860776,7.5,41.5,0.5162094763092271,1620,0.25,0.01,tuned,0.5040523690773068,-0.019757154732217064,False
2025_11_HOU_TEN,2025,11,202511,spread,away,0.5560538116591929,-108.0,0.5192307692307693,loss,0.0,-1.0,-7.53534382884135,36.91397599935978,5.5,37.5,0.5162094763092271,1620,0.25,0.01,tuned,0.5040523690773068,-0.015178400153462501,False
2025_11_KC_DEN,2025,11,202511,spread,home,0.5829596412556054,100.0,0.5,win,1.0,1.0,-1.9150562087568883,43.93328144477197,3.5,44.5,0.5162094763092271,1620,0.25,0.01,tuned,0.5040523690773068,0.004052369077306772,False
2025_11_LAC_JAX,2025,11,202511,spread,away,0.5482062780269058,-105.0,0.5121951219512195,loss,0.0,-1.0,-4.72253603018021,43.666080550634845,3.0,43.5,0.5162094763092271,1620,0.25,0.01,tuned,0.5040523690773068,-0.00814275287391275,False
2025_11_NYJ_NE,2025,11,202511,spread,away,0.6210762331838565,-105.0,0.5121951219512195,loss,0.0,-1.0,8.61487740866859,47.33463540807644,-12.5,43.5,0.5180180180180182,1620,0.25,0.01,tuned,0.5045045045045046,-0.0076906174467149535,False
2025_11_SEA_LA,2025,11,202511,spread,away,0.40919282511210764,100.0,0.5,win,1.0,1.0,4.785890843972109,55.25915607880293,-3.0,49.5,0.483790523690773,1620,0.25,0.01,tuned,0.49594763092269323,-0.004052369077306772,False
2025_11_SF_ARI,2025,11,202511,spread,away,0.3553811659192825,-105.0,0.5121951219512195,win,1.0,0.9523809523809523,-0.3079352540212656,52.08575877371475,3.5,48.5,0.481981981981982,1620,0.25,0.01,tuned,0.4954954954954955,-0.016699626455724037,False
2025_11_TB_BUF,2025,11,202511,spread,away,0.5493273542600896,-108.0,0.5192307692307693,loss,0.0,-1.0,4.166561512363773,48.444532152610535,-6.0,46.5,0.5162094763092271,1620,0.25,0.01,tuned,0.5040523690773068,-0.015178400153462501,False
2025_11_WAS_MIA,2025,11,202511,spread,away,0.5818385650224216,100.0,0.5,loss,0.0,-1.0,-0.0881102876096575,48.78028037261768,-2.5,47.5,0.5162094763092271,1620,0.25,0.01,tuned,0.5040523690773068,0.004052369077306772,False
2025_11_CAR_ATL,2025,11,202511,total,over,0.5269058295964125,-110.0,0.5238095238095238,win,1.0,0.9090909090909091,5.16918690065895,44.95631196486273,-4.5,42.5,0.5307262569832403,1646,0.25,0.0,tuned,0.5076815642458101,-0.016127959563713712,False
2025_11_CHI_MIN,2025,11,202511,total,under,0.6334080717488789,-102.0,0.504950495049505,win,1.0,0.9803921568627451,-1.275996961012562,44.62578900639261,-3.0,47.5,0.543233082706767,1646,0.25,0.0,tuned,0.5108082706766918,0.005857775627186812,True
2025_11_CIN_PIT,2025,11,202511,total,under,0.6984304932735426,-110.0,0.5238095238095238,win,1.0,0.9090909090909091,0.7578709002659503,43.43962529776728,-5.5,48.5,0.6101694915254238,1646,0.25,0.0,tuned,0.527542372881356,0.003732849071832134,True
2025_11_DAL_LV,2025,11,202511,total,over,0.3867713004484305,-105.0,0.5121951219512195,win,1.0,0.9523809523809523,-3.4537820158393666,46.35699207648055,3.5,48.5,0.4567669172932331,1646,0.25,0.0,tuned,0.4891917293233083,-0.023003392627911234,False
2025_11_DET_PHI,2025,11,202511,total,over,0.6121076233183856,-112.0,0.5283018867924528,loss,0.0,-1.0,-3.401621082446785,51.200668763694495,-2.5,46.5,0.543233082706767,1646,0.25,0.0,tuned,0.5108082706766918,-0.017493616115761057,False
2025_11_GB_NYG,2025,11,202511,total,over,0.5504484304932735,-110.0,0.5238095238095238,win,1.0,0.9090909090909091,-8.53083499505287,44.763517206860776,7.5,41.5,0.543233082706767,1646,0.25,0.0,tuned,0.5108082706766918,-0.013001253132832069,False
2025_11_HOU_TEN,2025,11,202511,total,over,0.42937219730941706,-102.0,0.504950495049505,loss,0.0,-1.0,-7.53534382884135,36.91397599935978,5.5,37.5,0.4567669172932331,1646,0.25,0.0,tuned,0.4891917293233083,-0.015758765726196666,False
2025_11_KC_DEN,2025,11,202511,total,under,0.5683856502242153,-110.0,0.5238095238095238,win,1.0,0.9090909090909091,-1.9150562087568883,43.93328144477197,3.5,44.5,0.543233082706767,1646,0.25,0.0,tuned,0.5108082706766918,-0.013001253132832069,False
2025_11_LAC_JAX,2025,11,202511,total,under,0.5347533632286996,-110.0,0.5238095238095238,win,1.0,0.9090909090909091,-4.72253603018021,43.666080550634845,3.0,43.5,0.5307262569832403,1646,0.25,0.0,tuned,0.5076815642458101,-0.016127959563713712,False
2025_11_NYJ_NE,2025,11,202511,total,over,0.5795964125560538,-105.0,0.5121951219512195,loss,0.0,-1.0,8.61487740866859,47.33463540807644,-12.5,43.5,0.543233082706767,1646,0.25,0.0,tuned,0.5108082706766918,-0.0013868512745277561,False
2025_11_SEA_LA,2025,11,202511,total,under,0.3542600896860987,-105.0,0.5121951219512195,win,1.0,0.9523809523809523,4.785890843972109,55.25915607880293,-3.0,49.5,0.4567669172932331,1646,0.25,0.0,tuned,0.4891917293233083,-0.023003392627911234,False
2025_11_SF_ARI,2025,11,202511,total,over,0.5717488789237668,-108.0,0.5192307692307693,win,1.0,0.9259259259259259,-0.3079352540212656,52.08575877371475,3.5,48.5,0.543233082706767,1646,0.25,0.0,tuned,0.5108082706766918,-0.008422498554077507,False
2025_11_TB_BUF,2025,11,202511,total,over,0.507847533632287,-108.0,0.5192307692307693,win,1.0,0.9259259259259259,4.166561512363773,48.444532152610535,-6.0,46.5,0.5307262569832403,1646,0.25,0.0,tuned,0.5076815642458101,-0.01154920498495915,False
2025_11_WAS_MIA,2025,11,202511,total,over,0.4966367713004484,-110.0,0.5238095238095238,loss,0.0,-1.0,-0.0881102876096575,48.78028037261768,-2.5,47.5,0.49999999999999983,1646,0.25,0.0,tuned,0.49999999999999994,-0.02380952380952389,False
2025_12_ATL_NO,2025,12,202512,spread,home,0.38079470198675497,-108.0,0.5192307692307693,loss,0.0,-1.0,-2.3638708810006133,42.97938574249861,-1.5,41.5,0.48627450980392156,1648,0.25,0.01,tuned,0.4965686274509804,-0.02266214177978887,False
2025_12_BUF_HOU,2025,12,202512,spread,away,0.4094922737306843,-108.0,0.5192307692307693,loss,0.0,-1.0,-3.7508195868885066,49.35997825612463,5.5,43.5,0.4926829268292683,1648,0.25,0.01,tuned,0.49817073170731707,-0.021060037523452202,False
2025_12_CAR_SF,2025,12,202512,spread,home,0.5110375275938189,-105.0,0.5121951219512195,win,1.0,0.9523809523809523,7.147125384273348,48.61306906642052,-7.5,48.5,0.5073170731707316,1648,0.25,0.01,tuned,0.5018292682926829,-0.010365853658536595,False
2025_12_IND_KC,2025,12,202512,spread,away,0.554083885209713,100.0,0.5,win,1.0,1.0,1.4668474768886055,49.09601234387002,-3.5,50.5,0.5073170731707316,1648,0.25,0.01,tuned,0.5018292682926829,0.0018292682926829285,False
2025_12_JAX_ARI,2025,12,202512,spread,away,0.35651214128035325,-108.0,0.5192307692307693,win,1.0,0.9259259259259259,0.5283682079108607,47.41321976037533,2.5,47.5,0.48627450980392156,1648,0.25,0.01,tuned,0.4965686274509804,-0.02266214177978887,False
2025_12_MIN_GB,2025,12,202512,spread,home,0.6512141280353201,-108.0,0.5192307692307693,win,1.0,0.9259259259259259,9.820595688803463,41.67439702165821,-6.5,41.5,0.5137254901960784,1648,0.25,0.01,tuned,0.5034313725490196,-0.015799396681749678,False
2025_12_NE_CIN,2025,12,202512,spread,away,0.4039735099337748,-108.0,0.5192307692307693,loss,0.0,-1.0,-5.621380365265051,51.99722546425498,7.5,50.5,0.4926829268292683,1648,0.25,0.01,tuned,0.49817073170731707,-0.021060037523452202,False
2025_12_NYG_DET,2025,12,202512,spread,home,0.45364238410596025,-105.0,0.5121951219512195,loss,0.0,-1.0,12.30937268630802,51.22105470418163,-14.0,50.5,0.4926829268292683,1648,0.25,0.01,tuned,0.49817073170731707,-0.014024390243902451,False
2025_12_NYJ_BAL,2025,12,202512,spread,away,0.5982339955849889,-110.0,0.5238095238095238,win,1.0,0.9090909090909091,10.885651166029811,46.21376648472819,-14.0,44.5,0.5073170731707316,1648,0.25,0.01,tuned,0.5018292682926829,-0.021980255516840908,False
2025_12_PHI_DAL,2025,12,202512,spread,away,0.4028697571743929,-105.0,0.5121951219512195,loss,0.0,-1.0,-1.1112783716519437,53.2305480523056,3.0,47.5,0.4926829268292683,1648,0.25,0.01,tuned,0.49817073170731707,-0.014024390243902451,False
2025_12_PIT_CHI,2025,12,202512,spread,home,0.5055187637969095,-105.0,0.5121951219512195,push,,0.0,2.461275022398441,46.32501504802908,-3.0,46.5,0.5,1648,0.25,0.01,tuned,0.5,-0.012195121951219523,False
2025_12_SEA_TEN,2025,12,202512,spread,home,0.5860927152317881,-105.0,0.5121951219512195,win,1.0,0.9523809523809523,-10.832273661111731,44.13483849457268,12.5,41.5,0.5073170731707316,1648,0.25,0.01,tuned,0.5018292682926829,-0.010365853658536595,False
2025_12_TB_LA,2025,12,202512,spread,away,0.5176600441501104,-110.0,0.5238095238095238,loss,0.0,-1.0,6.014789911193409,51.69458069544354,-7.0,49.5,0.5073170731707316,1648,0.25,0.01,tuned,0.5018292682926829,-0.021980255516840908,False
2025_12_ATL_NO,2025,12,202512,total,over,0.5,-102.0,0.504950495049505,loss,0.0,-1.0,-2.3638708810006133,42.97938574249861,-1.5,41.5,0.5000000000000001,1674,0.25,0.0,tuned,0.5,-0.004950495049504955,False
2025_12_BUF_HOU,2025,12,202512,total,under,0.35430463576158944,-105.0,0.5121951219512195,win,1.0,0.9523809523809523,-3.7508195868885066,49.35997825612463,5.5,43.5,0.4565619223659889,1674,0.25,0.0,tuned,0.48914048059149723,-0.023054641359722294,False
2025_12_CAR_SF,2025,12,202512,total,under,0.5408388520971302,-105.0,0.5121951219512195,win,1.0,0.9523809523809523,7.147125384273348,48.61306906642052,-7.5,48.5,0.5434380776340109,1674,0.25,0.0,tuned,0.5108595194085027,-0.0013356025427168072,False
2025_12_IND_KC,2025,12,202512,total,under,0.5894039735099338,-112.0,0.5283018867924528,win,1.0,0.8928571428571429,1.4668474768886055,49.09601234387002,-3.5,50.5,0.5434380776340109,1674,0.25,0.0,tuned,0.5108595194085027,-0.017442367383950108,False
2025_12_JAX_ARI,2025,12,202512,total,over,0.4470198675496689,-105.0,0.5121951219512195,win,1.0,0.9523809523809523,0.5283682079108607,47.41321976037533,2.5,47.5,0.4565619223659889,1674,0.25,0.0,tuned,0.48914048059149723,-0.023054641359722294,False
2025_12_MIN_GB,2025,12,202512,total,under,0.5353200883002207,-112.0,0.5283018867924528,win,1.0,0.8928571428571429,9.820595688803463,41.67439702165821,-6.5,41.5,0.5384615384615384,1674,0.25,0.0,tuned,0.5096153846153846,-0.018686502177068243,False
2025_12_NE_CIN,2025,12,202512,total,under,0.5,-102.0,0.504950495049505,win,1.0,0.9803921568627451,-5.621380365265051,51.99722546425498,7.5,50.5,0.5000000000000001,1674,0.25,0.0,tuned,0.5,-0.004950495049504955,False
2025_12_NYG_DET,2025,12,202512,total,under,0.5154525386313467,100.0,0.5,loss,0.0,-1.0,12.30937268630802,51.22105470418163,-14.0,50.5,0.5384615384615384,1674,0.25,0.0,tuned,0.5096153846153846,0.009615384615384581,True
2025_12_NYJ_BAL,2025,12,202512,total,under,0.4955849889624724,-102.0,0.504950495049505,win,1.0,0.9803921568627451,10.885651166029811,46.21376648472819,-14.0,44.5,0.5000000000000001,1674,0.25,0.0,tuned,0.5,-0.004950495049504955,False
2025_12_PHI_DAL,2025,12,202512,total,under,0.35651214128035325,100.0,0.5,win,1.0,1.0,-1.1112783716519437,53.2305480523056,3.0,47.5,0.4565619223659889,1674,0.25,0.0,tuned,0.48914048059149723,-0.010859519408502771,False
2025_12_PIT_CHI,2025,12,202512,total,under,0.5573951434878588,-108.0,0.5192307692307693,loss,0.0,-1.0,2.461275022398441,46.32501504802908,-3.0,46.5,0.5434380776340109,1674,0.25,0.0,tuned,0.5108595194085027,-0.008371249822266558,False
2025_12_SEA_TEN,2025,12,202512,total,over,0.5342163355408388,-110.0,0.5238095238095238,win,1.0,0.9090909090909091,-10.832273661111731,44.13483849457268,12.5,41.5,0.5384615384615384,1674,0.25,0.0,tuned,0.5096153846153846,-0.014194139194139255,False
2025_12_TB_LA,2025,12,202512,total,under,0.48123620309050774,100.0,0.5,win,1.0,1.0,6.014789911193409,51.69458069544354,-7.0,49.5,0.4615384615384616,1674,0.25,0.0,tuned,0.4903846153846154,-0.009615384615384581,False
2025_13_ARI_TB,2025,13,202513,spread,home,0.40261153427638735,-105.0,0.5121951219512195,loss,0.0,-1.0,1.3803919277899503,46.67675841563167,-4.5,44.5,0.48014440433212996,1672,0.25,0.01,tuned,0.4950361010830325,-0.017159020868187047,False
2025_13_ATL_NYJ,2025,13,202513,spread,home,0.5364526659412405,-108.0,0.5192307692307693,win,1.0,0.9259259259259259,-2.7101170500257323,41.070591828017285,3.0,38.5,0.5124999999999997,1672,0.25,0.01,tuned,0.5031249999999999,-0.01610576923076934,False
2025_13_BUF_PIT,2025,13,202513,spread,home,0.515778019586507,-105.0,0.5121951219512195,loss,0.0,-1.0,-3.2254457644011314,45.43759296133602,3.0,44.5,0.5124999999999997,1672,0.25,0.01,tuned,0.5031249999999999,-0.00907012195121959,False
2025_13_CHI_PHI,2025,13,202513,spread,away,0.5756256800870512,-105.0,0.5121951219512195,win,1.0,0.9523809523809523,4.476808882924857,44.23362435055598,-7.0,43.5,0.5124999999999997,1672,0.25,0.01,tuned,0.5031249999999999,-0.00907012195121959,False
2025_13_CIN_BAL,2025,13,202513,spread,away,0.4787812840043526,100.0,0.5,win,1.0,1.0,6.881900640651928,50.88642353459797,-7.0,52.5,0.4875,1672,0.25,0.01,tuned,0.496875,-0.003124999999999989,False
2025_13_DEN_WAS,2025,13,202513,spread,away,0.28509249183895535,-105.0,0.5121951219512195,loss,0.0,-1.0,-0.6571893245578913,45.73122759341202,6.5,43.5,0.4778761061946903,1672,0.25,0.01,tuned,0.4944690265486726,-0.017726095402546937,False
2025_13_GB_DET,2025,13,202513,spread,away,0.5342763873775843,105.0,0.4878048780487805,win,1.0,1.05,1.091974218122691,52.33921190892346,-2.5,48.5,0.5124999999999997,1672,0.25,0.01,tuned,0.5031249999999999,0.015320121951219456,True
2025_13_HOU_IND,2025,13,202513,spread,away,0.43743199129488575,-105.0,0.5121951219512195,win,1.0,0.9523809523809523,3.897773347874048,49.1041808846212,-3.0,44.5,0.4875,1672,0.25,0.01,tuned,0.496875,-0.015320121951219512,False
2025_13_JAX_TEN,2025,13,202513,spread,away,0.5201305767138193,-108.0,0.5192307692307693,win,1.0,0.9259259259259259,-7.091393887494959,39.37550716966738,6.0,42.5,0.5124999999999997,1672,0.25,0.01,tuned,0.5031249999999999,-0.01610576923076934,False
2025_13_KC_DAL,2025,13,202513,spread,away,0.4613710554951034,-105.0,0.5121951219512195,loss,0.0,-1.0,-3.122847497854111,51.52125100550786,3.5,53.5,0.4875,1672,0.25,0.01,tuned,0.496875,-0.015320121951219512,False
2025_13_LA_CAR,2025,13,202513,spread,away,0.5114254624591947,-110.0,0.5238095238095238,loss,0.0,-1.0,-10.896387088261305,41.15807434214048,10.0,44.5,0.5124999999999997,1672,0.25,0.01,tuned,0.5031249999999999,-0.020684523809523903,False
2025_13_LV_LAC,2025,13,202513,spread,home,0.47116430903155604,-105.0,0.5121951219512195,win,1.0,0.9523809523809523,8.771651009495768,41.40321786448037,-10.0,40.5,0.4875,1672,0.25,0.01,tuned,0.496875,-0.015320121951219512,False
2025_13_NO_MIA,2025,13,202513,spread,away,0.5092491838955386,-110.0,0.5238095238095238,win,1.0,0.9090909090909091,4.653699644760626,40.20234922705979,-5.5,41.5,0.5124999999999997,1672,0.25,0.01,tuned,0.5031249999999999,-0.020684523809523903,False
2025_13_NYG_NE,2025,13,202513,spread,away,0.43525571273122965,-105.0,0.5121951219512195,loss,0.0,-1.0,7.961281268545152,47.3651568125925,-7.0,46.5,0.4875,1672,0.25,0.01,tuned,0.496875,-0.015320121951219512,False
2025_13_SF_CLE,2025,13,202513,spread,away,0.5527747551686616,-108.0,0.5192307692307693,win,1.0,0.9259259259259259,-7.556633791166378,39.2134016048356,5.5,35.5,0.5124999999999997,1672,0.25,0.01,tuned,0.5031249999999999,-0.01610576923076934,False
2025_13_ARI_TB,2025,13,202513,total,over,0.515778019586507,-112.0,0.5283018867924528,loss,0.0,-1.0,1.3803919277899503,46.67675841563167,-4.5,44.5,0.5376344086021505,1700,0.25,0.0,tuned,0.5094086021505376,-0.018893284641915198,False
2025_13_ATL_NYJ,2025,13,202513,total,under,0.47116430903155604,-105.0,0.5121951219512195,loss,0.0,-1.0,-2.7101170500257323,41.070591828017285,3.0,38.5,0.46236559139784955,1700,0.25,0.0,tuned,0.4905913978494624,-0.02160372410175715,False
2025_13_BUF_PIT,2025,13,202513,total,under,0.514689880304679,-112.0,0.5283018867924528,win,1.0,0.8928571428571429,-3.2254457644011314,45.43759296133602,3.0,44.5,0.5376344086021505,1700,0.25,0.0,tuned,0.5094086021505376,-0.018893284641915198,False
2025_13_CHI_PHI,2025,13,202513,total,over,0.48313384113166485,-105.0,0.5121951219512195,loss,0.0,-1.0,4.476808882924857,44.23362435055598,-7.0,43.5,0.46236559139784955,1700,0.25,0.0,tuned,0.4905913978494624,-0.02160372410175715,False
2025_13_CIN_BAL,2025,13,202513,total,over,0.39934711643090315,-105.0,0.5121951219512195,loss,0.0,-1.0,6.881900640651928,50.88642353459797,-7.0,52.5,0.45886654478976235,1700,0.25,0.0,tuned,0.4897166361974406,-0.02247848575377892,False
2025_13_DEN_WAS,2025,13,202513,total,over,0.5179542981501633,-108.0,0.5192307692307693,win,1.0,0.9259259259259259,-0.6571893245578913,45.73122759341202,6.5,43.5,0.5376344086021505,1700,0.25,0.0,tuned,0.5094086021505376,-0.009822167080231647,False
2025_13_GB_DET,2025,13,202513,total,over,0.5756256800870512,-110.0,0.5238095238095238,win,1.0,0.9090909090909091,1.091974218122691,52.33921190892346,-2.5,48.5,0.5411334552102376,1700,0.25,0.0,tuned,0.5102833638025595,-0.013526160006964383,False
2025_13_HOU_IND,2025,13,202513,total,over,0.6017410228509249,-108.0,0.5192307692307693,loss,0.0,-1.0,3.897773347874048,49.1041808846212,-3.0,44.5,0.5411334552102376,1700,0.25,0.0,tuned,0.5102833638025595,-0.00894740542820982,False
2025_13_JAX_TEN,2025,13,202513,total,under,0.6452665941240479,-105.0,0.5121951219512195,win,1.0,0.9523809523809523,-7.091393887494959,39.37550716966738,6.0,42.5,0.5411334552102376,1700,0.25,0.0,tuned,0.5102833638025595,-0.0019117581486600699,False
2025_13_KC_DAL,2025,13,202513,total,under,0.6115342763873776,-110.0,0.5238095238095238,loss,0.0,-1.0,-3.122847497854111,51.52125100550786,3.5,53.5,0.5411334552102376,1700,0.25,0.0,tuned,0.5102833638025595,-0.013526160006964383,False
2025_13_LA_CAR,2025,13,202513,total,under,0.6517954298150164,-105.0,0.5121951219512195,loss,0.0,-1.0,-10.896387088261305,41.15807434214048,10.0,44.5,0.5411334552102376,1700,0.25,0.0,tuned,0.5102833638025595,-0.0019117581486600699,False
2025_13_LV_LAC,2025,13,202513,total,under,0.514689880304679,-108.0,0.5192307692307693,loss,0.0,-1.0,8.771651009495768,41.40321786448037,-10.0,40.5,0.5376344086021505,1700,0.25,0.0,tuned,0.5094086021505376,-0.009822167080231647,False
2025_13_NO_MIA,2025,13,202513,total,under,0.589771490750816,-105.0,0.5121951219512195,win,1.0,0.9523809523809523,4.653699644760626,40.20234922705979,-5.5,41.5,0.5411334552102376,1700,0.25,0.0,tuned,0.5102833638025595,-0.0019117581486600699,False
2025_13_NYG_NE,2025,13,202513,total,under,0.5157780195865072,-105.0,0.5121951219512195,loss,0.0,-1.0,7.961281268545152,47.3651568125925,-7.0,46.5,0.5376344086021505,1700,0.25,0.0,tuned,0.5094086021505376,-0.002786519800681897,False
2025_13_SF_CLE,2025,13,202513,total,over,0.5712731229597389,-108.0,0.5192307692307693,loss,0.0,-1.0,-7.556633791166378,39.2134016048356,5.5,35.5,0.5411334552102376,1700,0.25,0.0,tuned,0.5102833638025595,-0.00894740542820982,False
2025_14_CHI_GB,2025,14,202514,spread,away,0.4089935760171306,-105.0,0.5121951219512195,loss,0.0,-1.0,8.18260589859444,43.9648239173846,-6.5,44.5,0.48426150121065376,1702,0.25,0.01,tuned,0.4960653753026634,-0.016129746648556098,False
2025_14_CIN_BUF,2025,14,202514,spread,away,0.4314775160599572,-108.0,0.5192307692307693,win,1.0,0.9259259259259259,7.0814268500389135,49.480900516690745,-6.0,54.5,0.48426150121065376,1702,0.25,0.01,tuned,0.4960653753026634,-0.02316539392810585,False
2025_14_DAL_DET,2025,14,202514,spread,home,0.5963597430406852,-110.0,0.5238095238095238,win,1.0,0.9090909090909091,5.316932361556144,55.062058084584656,-3.5,55.5,0.5215827338129496,1702,0.25,0.01,tuned,0.5053956834532374,-0.01841384035628646,False
2025_14_DEN_LV,2025,14,202514,spread,home,0.5374732334047109,-110.0,0.5238095238095238,win,1.0,0.9090909090909091,-8.150329603989185,40.419021971490686,8.5,40.5,0.5157384987893463,1702,0.25,0.01,tuned,0.5039346246973366,-0.019874899112187205,False
2025_14_HOU_KC,2025,14,202514,spread,home,0.5139186295503212,-105.0,0.5121951219512195,loss,0.0,-1.0,4.263797278219852,43.869556109695445,-4.5,41.5,0.5157384987893463,1702,0.25,0.01,tuned,0.5039346246973366,-0.008260497253882892,False
2025_14_LA_ARI,2025,14,202514,spread,home,0.658458244111349,-110.0,0.5238095238095238,loss,0.0,-1.0,-5.570565605518717,47.79180766857916,9.5,49.5,0.5215827338129496,1702,0.25,0.01,tuned,0.5053956834532374,-0.01841384035628646,False
2025_14_NO_TB,2025,14,202514,spread,away,0.582441113490364,-102.0,0.504950495049505,win,1.0,0.9803921568627451,4.724283525552085,40.46343408615614,-7.5,41.5,0.5157384987893463,1702,0.25,0.01,tuned,0.5039346246973366,-0.0010158703521683243,False
2025_14_PHI_LAC,2025,14,202514,spread,away,0.3854389721627409,-105.0,0.5121951219512195,loss,0.0,-1.0,0.8180419715703356,47.95057547359897,1.5,41.5,0.4784172661870504,1702,0.25,0.01,tuned,0.4946043165467626,-0.0175908054044569,False
2025_14_PIT_BAL,2025,14,202514,spread,away,0.45289079229122053,100.0,0.5,win,1.0,1.0,6.040127839932647,42.35901350516437,-5.5,43.5,0.48426150121065376,1702,0.25,0.01,tuned,0.4960653753026634,-0.003934624697336575,False
2025_14_SEA_ATL,2025,14,202514,spread,away,0.3404710920770878,100.0,0.5,win,1.0,1.0,-3.0175967430814232,48.54689219090789,7.0,44.5,0.4784172661870504,1702,0.25,0.01,tuned,0.4946043165467626,-0.0053956834532373765,False
2025_14_TEN_CLE,2025,14,202514,spread,home,0.493576017130621,100.0,0.5,loss,0.0,-1.0,3.717332190143906,33.86767301895181,-4.5,33.5,0.5,1702,0.25,0.01,tuned,0.5,0.0,False
2025_14_WAS_MIN,2025,14,202514,spread,away,0.6145610278372591,-102.0,0.504950495049505,loss,0.0,-1.0,-5.070863411669007,42.19020044973645,1.5,43.5,0.5215827338129496,1702,0.25,0.01,tuned,0.5053956834532374,0.00044518840373242163,False
2025_14_CHI_GB,2025,14,202514,total,over,0.43147751605995716,-105.0,0.5121951219512195,win,1.0,0.9523809523809523,8.18260589859444,43.9648239173846,-6.5,44.5,0.4594594594594595,1730,0.25,0.0,tuned,0.48986486486486486,-0.022330257086354666,False
2025_14_CIN_BUF,2025,14,202514,total,under,0.7012847965738758,-108.0,0.5192307692307693,loss,0.0,-1.0,7.0814268500389135,49.480900516690745,-6.0,54.5,0.6190476190476191,1730,0.25,0.0,tuned,0.5297619047619048,0.010531135531135494,True
2025_14_DAL_DET,2025,14,202514,total,under,0.5663811563169165,-110.0,0.5238095238095238,loss,0.0,-1.0,5.316932361556144,55.062058084584656,-3.5,55.5,0.5405405405405406,1730,0.25,0.0,tuned,0.5101351351351351,-0.013674388674388749,False
2025_14_DEN_LV,2025,14,202514,total,over,0.44539614561027835,-105.0,0.5121951219512195,win,1.0,0.9523809523809523,-8.150329603989185,40.419021971490686,8.5,40.5,0.4594594594594595,1730,0.25,0.0,tuned,0.48986486486486486,-0.022330257086354666,False
2025_14_HOU_KC,2025,14,202514,total,over,0.5214132762312634,-110.0,0.5238095238095238,loss,0.0,-1.0,4.263797278219852,43.869556109695445,-4.5,41.5,0.5388601036269429,1730,0.25,0.0,tuned,0.5097150259067358,-0.01409449790278805,False
2025_14_LA_ARI,2025,14,202514,total,under,0.6049250535331906,-110.0,0.5238095238095238,loss,0.0,-1.0,-5.570565605518717,47.79180766857916,9.5,49.5,0.5405405405405406,1730,0.25,0.0,tuned,0.5101351351351351,-0.013674388674388749,False
2025_14_NO_TB,2025,14,202514,total,under,0.5835117773019272,-105.0,0.5121951219512195,loss,0.0,-1.0,4.724283525552085,40.46343408615614,-7.5,41.5,0.5405405405405406,1730,0.25,0.0,tuned,0.5101351351351351,-0.002059986816084436,False
2025_14_PHI_LAC,2025,14,202514,total,under,0.3361884368308351,-105.0,0.5121951219512195,win,1.0,0.9523809523809523,0.8180419715703356,47.95057547359897,1.5,41.5,0.4594594594594595,1730,0.25,0.0,tuned,0.48986486486486486,-0.022330257086354666,False
2025_14_PIT_BAL,2025,14,202514,total,under,0.5856531049250535,-105.0,0.5121951219512195,loss,0.0,-1.0,6.040127839932647,42.35901350516437,-5.5,43.5,0.5405405405405406,1730,0.25,0.0,tuned,0.5101351351351351,-0.002059986816084436,False
2025_14_SEA_ATL,2025,14,202514,total,over,0.5845824411134903,-112.0,0.5283018867924528,win,1.0,0.8928571428571429,-3.0175967430814232,48.54689219090789,7.0,44.5,0.5405405405405406,1730,0.25,0.0,tuned,0.5101351351351351,-0.018166751657317737,False
2025_14_TEN_CLE,2025,14,202514,total,under,0.5310492505353319,-105.0,0.5121951219512195,loss,0.0,-1.0,3.717332190143906,33.86767301895181,-4.5,33.5,0.5388601036269429,1730,0.25,0.0,tuned,0.5097150259067358,-0.002480096044483737,False
2025_14_WAS_MIN,2025,14,202514,total,under,0.5899357601713062,-102.0,0.504950495049505,win,1.0,0.9803921568627451,-5.070863411669007,42.19020044973645,1.5,43.5,0.5405405405405406,1730,0.25,0.0,tuned,0.5101351351351351,0.005184640085630132,True
2025_15_ARI_HOU,2025,15,202515,spread,away,0.6945031712473573,-110.0,0.5238095238095238,loss,0.0,-1.0,4.167810201243721,46.736847980652016,-10.5,42.5,0.5263157894736842,1726,0.25,0.01,tuned,0.506578947368421,-0.01723057644110282,False
2025_15_ATL_TB,2025,15,202515,spread,away,0.6479915433403806,-112.0,0.5283018867924528,win,1.0,0.8928571428571429,1.2841807582881084,43.66188599194152,-6.0,43.5,0.5198675496688743,1726,0.25,0.01,tuned,0.5049668874172186,-0.0233349993752342,False
2025_15_BAL_CIN,2025,15,202515,spread,home,0.580338266384778,105.0,0.4878048780487805,loss,0.0,-1.0,-1.0290300763317812,44.477785549000274,2.5,51.5,0.5150812064965197,1726,0.25,0.01,tuned,0.50377030162413,0.01596542357534947,True
2025_15_BUF_NE,2025,15,202515,spread,home,0.6131078224101479,-110.0,0.5238095238095238,loss,0.0,-1.0,-0.1629114842066394,50.76654278606253,2.5,49.5,0.5198675496688743,1726,0.25,0.01,tuned,0.5049668874172186,-0.018842636392305212,False
2025_15_CAR_NO,2025,15,202515,spread,home,0.6733615221987315,-102.0,0.504950495049505,win,1.0,0.9803921568627451,2.2408740750181373,43.3438350272488,2.5,41.5,0.5263157894736842,1726,0.25,0.01,tuned,0.506578947368421,0.0016284523189160627,False
2025_15_CLE_CHI,2025,15,202515,spread,home,0.547568710359408,-108.0,0.5192307692307693,win,1.0,0.9259259259259259,8.137807532725372,33.82327460567903,-7.5,38.5,0.5150812064965197,1726,0.25,0.01,tuned,0.50377030162413,-0.015460467606639328,False
2025_15_DET_LA,2025,15,202515,spread,away,0.4809725158562368,-105.0,0.5121951219512195,loss,0.0,-1.0,5.44505558383579,53.998739636802505,-5.5,54.5,0.48491879350348027,1726,0.25,0.01,tuned,0.49622969837587005,-0.01596542357534947,False
2025_15_GB_DEN,2025,15,202515,spread,away,0.4566596194503171,-108.0,0.5192307692307693,loss,0.0,-1.0,-1.011133952542844,47.86057142271153,1.5,42.5,0.48491879350348027,1726,0.25,0.01,tuned,0.49622969837587005,-0.02300107085489922,False
2025_15_IND_SEA,2025,15,202515,spread,away,0.7526427061310782,-105.0,0.5121951219512195,win,1.0,0.9523809523809523,5.167892547645458,49.06680919006971,-13.5,41.5,0.5263157894736842,1726,0.25,0.01,tuned,0.506578947368421,-0.0056161745827985055,False
2025_15_LAC_KC,2025,15,202515,spread,away,0.5507399577167019,100.0,0.5,win,1.0,1.0,3.646379340855411,42.05642414417849,-5.5,41.5,0.5150812064965197,1726,0.25,0.01,tuned,0.50377030162413,0.003770301624129946,False
2025_15_LV_PHI,2025,15,202515,spread,away,0.5835095137420718,-108.0,0.5192307692307693,loss,0.0,-1.0,9.906943114682576,39.59614019717894,-12.5,37.5,0.5150812064965197,1726,0.25,0.01,tuned,0.50377030162413,-0.015460467606639328,False
2025_15_MIA_PIT,2025,15,202515,spread,away,0.627906976744186,-102.0,0.504950495049505,loss,0.0,-1.0,-1.0632551155758578,40.69683496071796,-3.0,42.5,0.5198675496688743,1726,0.25,0.01,tuned,0.5049668874172186,1.639236771366903e-05,False
2025_15_MIN_DAL,2025,15,202515,spread,away,0.5010570824524313,-110.0,0.5238095238095238,win,1.0,0.9090909090909091,4.783005910393749,46.14804090024419,-5.5,47.5,0.5150812064965197,1726,0.25,0.01,tuned,0.50377030162413,-0.02003922218539389,False
2025_15_TEN_SF,2025,15,202515,spread,away,0.4894291754756871,-108.0,0.5192307692307693,loss,0.0,-1.0,12.2421414998429,44.16282165718253,-12.5,44.5,0.48491879350348027,1726,0.25,0.01,tuned,0.49622969837587005,-0.02300107085489922,False
2025_15_WAS_NYG,2025,15,202515,spread,away,0.5824524312896406,-105.0,0.5121951219512195,win,1.0,0.9523809523809523,-0.0590928090451601,45.86884579624967,-2.5,46.5,0.5150812064965197,1726,0.25,0.01,tuned,0.50377030162413,-0.008424820327089577,False
2025_15_ARI_HOU,2025,15,202515,total,over,0.5898520084566596,-108.0,0.5192307692307693,win,1.0,0.9259259259259259,4.167810201243721,46.736847980652016,-10.5,42.5,0.5354609929078015,1754,0.25,0.0,tuned,0.5088652482269503,-0.010365521003818934,False
2025_15_ATL_TB,2025,15,202515,total,under,0.5348837209302326,-110.0,0.5238095238095238,loss,0.0,-1.0,1.2841807582881084,43.66188599194152,-6.0,43.5,0.5333333333333332,1754,0.25,0.0,tuned,0.5083333333333333,-0.015476190476190532,False
2025_15_BAL_CIN,2025,15,202515,total,under,0.7389006342494715,-110.0,0.5238095238095238,win,1.0,0.9090909090909091,-1.0290300763317812,44.477785549000274,2.5,51.5,0.6065573770491803,1754,0.25,0.0,tuned,0.5266393442622951,0.002829820452771248,True
2025_15_BUF_NE,2025,15,202515,total,under,0.5052854122621564,-105.0,0.5121951219512195,loss,0.0,-1.0,-0.1629114842066394,50.76654278606253,2.5,49.5,0.5,1754,0.25,0.0,tuned,0.5,-0.012195121951219523,False
2025_15_CAR_NO,2025,15,202515,total,under,0.4947145877378436,-108.0,0.5192307692307693,win,1.0,0.9259259259259259,2.2408740750181373,43.3438350272488,2.5,41.5,0.5,1754,0.25,0.0,tuned,0.5,-0.019230769230769273,False
2025_15_CLE_CHI,2025,15,202515,total,under,0.6871035940803383,-115.0,0.5348837209302325,win,1.0,0.8695652173913043,8.137807532725372,33.82327460567903,-7.5,38.5,0.6065573770491803,1754,0.25,0.0,tuned,0.5266393442622951,-0.008244376667937425,False
2025_15_DET_LA,2025,15,202515,total,under,0.5644820295983086,-105.0,0.5121951219512195,loss,0.0,-1.0,5.44505558383579,53.998739636802505,-5.5,54.5,0.5354609929078015,1754,0.25,0.0,tuned,0.5088652482269503,-0.0033298737242691834,False
2025_15_GB_DEN,2025,15,202515,total,over,0.6289640591966174,-105.0,0.5121951219512195,win,1.0,0.9523809523809523,-1.011133952542844,47.86057142271153,1.5,42.5,0.5354609929078015,1754,0.25,0.0,tuned,0.5088652482269503,-0.0033298737242691834,False
2025_15_IND_SEA,2025,15,202515,total,over,0.6955602536997886,-112.0,0.5283018867924528,loss,0.0,-1.0,5.167892547645458,49.06680919006971,-13.5,41.5,0.6065573770491803,1754,0.25,0.0,tuned,0.5266393442622951,-0.0016625425301577401,False
2025_15_LAC_KC,2025,15,202515,total,under,0.5232558139534884,-108.0,0.5192307692307693,win,1.0,0.9259259259259259,3.646379340855411,42.05642414417849,-5.5,41.5,0.5333333333333332,1754,0.25,0.0,tuned,0.5083333333333333,-0.01089743589743597,False
2025_15_LV_PHI,2025,15,202515,total,over,0.5095137420718816,-102.0,0.504950495049505,loss,0.0,-1.0,9.906943114682576,39.59614019717894,-12.5,37.5,0.5333333333333332,1754,0.25,0.0,tuned,0.5083333333333333,0.003382838283828349,True
2025_15_MIA_PIT,2025,15,202515,total,under,0.602536997885835,-105.0,0.5121951219512195,loss,0.0,-1.0,-1.0632551155758578,40.69683496071796,-3.0,42.5,0.5354609929078015,1754,0.25,0.0,tuned,0.5088652482269503,-0.0033298737242691834,False
2025_15_MIN_DAL,2025,15,202515,total,under,0.5887949260042283,-102.0,0.504950495049505,loss,0.0,-1.0,4.783005910393749,46.14804090024419,-5.5,47.5,0.5354609929078015,1754,0.25,0.0,tuned,0.5088652482269503,0.003914753177445385,True
2025_15_TEN_SF,2025,15,202515,total,under,0.5602536997885835,-112.0,0.5283018867924528,loss,0.0,-1.0,12.2421414998429,44.16282165718253,-12.5,44.5,0.5354609929078015,1754,0.25,0.0,tuned,0.5088652482269503,-0.019436638565502484,False
2025_15_WAS_NYG,2025,15,202515,total,over,0.43023255813953487,-105.0,0.5121951219512195,win,1.0,0.9523809523809523,-0.0590928090451601,45.86884579624967,-2.5,46.5,0.4645390070921986,1754,0.25,0.0,tuned,0.49113475177304966,-0.021060370178169863,False
2025_16_ATL_ARI,2025,16,202516,spread,home,0.6337148803329865,-105.0,0.5121951219512195,loss,0.0,-1.0,0.2998859141700345,49.10808855790604,2.5,48.5,0.5194630872483221,1756,0.25,0.01,tuned,0.5048657718120806,-0.007329350139138935,False
2025_16_BUF_CLE,2025,16,202516,spread,away,0.5754422476586889,-110.0,0.5238095238095238,loss,0.0,-1.0,-12.905495345474463,38.34627112887857,10.5,41.5,0.5194630872483221,1756,0.25,0.01,tuned,0.5048657718120806,-0.018943751997443248,False
2025_16_GB_CHI,2025,16,202516,spread,home,0.37356919875130074,-105.0,0.5121951219512195,win,1.0,0.9523809523809523,-2.484642276450634,48.84712346709328,-1.5,45.5,0.48053691275167787,1756,0.25,0.01,tuned,0.49513422818791947,-0.017060893763300056,False
2025_16_JAX_DEN,2025,16,202516,spread,home,0.49011446409989595,100.0,0.5,loss,0.0,-1.0,2.708682052016038,46.508495268989286,-3.5,46.5,0.48053691275167787,1756,0.25,0.01,tuned,0.49513422818791947,-0.004865771812080533,False
2025_16_LAC_DAL,2025,16,202516,spread,home,0.4620187304890739,-105.0,0.5121951219512195,loss,0.0,-1.0,0.1528734742327224,49.31844142903422,-1.5,50.5,0.48053691275167787,1756,0.25,0.01,tuned,0.49513422818791947,-0.017060893763300056,False
2025_16_LA_SEA,2025,16,202516,spread,away,0.6181061394380853,-110.0,0.5238095238095238,win,1.0,0.9090909090909091,-2.0895660296582514,44.3497647431984,-1.5,42.5,0.5194630872483221,1756,0.25,0.01,tuned,0.5048657718120806,-0.018943751997443248,False
2025_16_LV_HOU,2025,16,202516,spread,home,0.44849115504682624,-105.0,0.5121951219512195,loss,0.0,-1.0,12.772087532551096,43.99806257597914,-14.5,39.5,0.48053691275167787,1756,0.25,0.01,tuned,0.49513422818791947,-0.017060893763300056,False
2025_16_MIN_NYG,2025,16,202516,spread,home,0.644120707596254,-102.0,0.504950495049505,loss,0.0,-1.0,0.6328460670816971,38.49285401297568,2.5,41.5,0.5194630872483221,1756,0.25,0.01,tuned,0.5048657718120806,-8.472323742436672e-05,False
2025_16_NE_BAL,2025,16,202516,spread,home,0.37148803329864727,-105.0,0.5121951219512195,loss,0.0,-1.0,-0.5797457991088801,47.1417715054621,-3.5,48.5,0.48053691275167787,1756,0.25,0.01,tuned,0.49513422818791947,-0.017060893763300056,False
2025_16_NYJ_NO,2025,16,202516,spread,away,0.477627471383975,-105.0,0.5121951219512195,loss,0.0,-1.0,6.519441350432784,40.09991787685953,-6.5,39.5,0.48053691275167787,1756,0.25,0.01,tuned,0.49513422818791947,-0.017060893763300056,False
2025_16_PHI_WAS,2025,16,202516,spread,home,0.6430801248699272,100.0,0.5,loss,0.0,-1.0,-3.916050413323153,46.61823322112235,7.0,43.5,0.5194630872483221,1756,0.25,0.01,tuned,0.5048657718120806,0.004865771812080588,False
2025_16_PIT_DET,2025,16,202516,spread,away,0.5608740894901145,-105.0,0.5121951219512195,win,1.0,0.9523809523809523,5.389312245871112,52.87541460014176,-7.5,52.5,0.5194630872483221,1756,0.25,0.01,tuned,0.5048657718120806,-0.007329350139138935,False
2025_16_SF_IND,2025,16,202516,spread,away,0.31529656607700307,-105.0,0.5121951219512195,win,1.0,0.9523809523809523,0.5052964368523263,55.20353740946575,4.5,46.5,0.4700854700854701,1756,0.25,0.01,tuned,0.49252136752136755,-0.019673754429851975,False
2025_16_TB_CAR,2025,16,202516,spread,away,0.40686784599375647,100.0,0.5,loss,0.0,-1.0,-1.1872361413110968,44.75444190503898,3.0,44.5,0.48053691275167787,1756,0.25,0.01,tuned,0.49513422818791947,-0.004865771812080533,False
2025_16_ATL_ARI,2025,16,202516,total,under,0.5171696149843912,-105.0,0.5121951219512195,win,1.0,0.9523809523809523,0.2998859141700345,49.10808855790604,2.5,48.5,0.5303030303030303,1784,0.25,0.0,tuned,0.5075757575757576,-0.004619364375461954,False
2025_16_BUF_CLE,2025,16,202516,total,over,0.3590010405827263,-102.0,0.504950495049505,win,1.0,0.9803921568627451,-12.905495345474463,38.34627112887857,10.5,41.5,0.46760070052539404,1784,0.25,0.0,tuned,0.49190017513134854,-0.013050319918156417,False
2025_16_GB_CHI,2025,16,202516,total,over,0.5556711758584808,-105.0,0.5121951219512195,loss,0.0,-1.0,-2.484642276450634,48.84712346709328,-1.5,45.5,0.532399299474606,1784,0.25,0.0,tuned,0.5080998248686515,-0.004095297082568061,False
2025_16_JAX_DEN,2025,16,202516,total,under,0.5452653485952133,-108.0,0.5192307692307693,loss,0.0,-1.0,2.708682052016038,46.508495268989286,-3.5,46.5,0.532399299474606,1784,0.25,0.0,tuned,0.5080998248686515,-0.011130944362117812,False
2025_16_LAC_DAL,2025,16,202516,total,under,0.5806451612903225,-102.0,0.504950495049505,loss,0.0,-1.0,0.1528734742327224,49.31844142903422,-1.5,50.5,0.532399299474606,1784,0.25,0.0,tuned,0.5080998248686515,0.003149329819146507,True
2025_16_LA_SEA,2025,16,202516,total,under,0.4921956295525495,-105.0,0.5121951219512195,loss,0.0,-1.0,-2.0895660296582514,44.3497647431984,-1.5,42.5,0.4696969696969697,1784,0.25,0.0,tuned,0.49242424242424243,-0.019770879526977092,False
2025_16_LV_HOU,2025,16,202516,total,over,0.6014568158168574,-110.0,0.5238095238095238,win,1.0,0.9090909090909091,12.772087532551096,43.99806257597914,-14.5,39.5,0.532399299474606,1784,0.25,0.0,tuned,0.5080998248686515,-0.015709698940872374,False
2025_16_MIN_NYG,2025,16,202516,total,over,0.36420395421436,-105.0,0.5121951219512195,loss,0.0,-1.0,0.6328460670816971,38.49285401297568,2.5,41.5,0.46760070052539404,1784,0.25,0.0,tuned,0.49190017513134854,-0.020294946819870985,False
2025_16_NE_BAL,2025,16,202516,total,under,0.5858480749219563,-112.0,0.5283018867924528,loss,0.0,-1.0,-0.5797457991088801,47.1417715054621,-3.5,48.5,0.532399299474606,1784,0.25,0.0,tuned,0.5080998248686515,-0.020202061923801362,False
2025_16_NYJ_NO,2025,16,202516,total,under,0.5192507804370448,-105.0,0.5121951219512195,win,1.0,0.9523809523809523,6.519441350432784,40.09991787685953,-6.5,39.5,0.5303030303030303,1784,0.25,0.0,tuned,0.5075757575757576,-0.004619364375461954,False
2025_16_PHI_WAS,2025,16,202516,total,over,0.5494276795005203,-110.0,0.5238095238095238,win,1.0,0.9090909090909091,-3.916050413323153,46.61823322112235,7.0,43.5,0.532399299474606,1784,0.25,0.0,tuned,0.5080998248686515,-0.015709698940872374,False
2025_16_PIT_DET,2025,16,202516,total,over,0.4745057232049948,-105.0,0.5121951219512195,win,1.0,0.9523809523809523,5.389312245871112,52.87541460014176,-7.5,52.5,0.4696969696969697,1784,0.25,0.0,tuned,0.49242424242424243,-0.019770879526977092,False
2025_16_SF_IND,2025,16,202516,total,over,0.7242455775234131,-102.0,0.504950495049505,win,1.0,0.9803921568627451,0.5052964368523263,55.20353740946575,4.5,46.5,0.609375,1784,0.25,0.0,tuned,0.52734375,0.022393254950495045,True
2025_16_TB_CAR,2025,16,202516,total,under,0.5306971904266389,-108.0,0.5192307692307693,win,1.0,0.9259259259259259,-1.1872361413110968,44.75444190503898,3.0,44.5,0.5303030303030303,1784,0.25,0.0,tuned,0.5075757575757576,-0.011655011655011704,False
2025_17_ARI_CIN,2025,17,202517,spread,away,0.6225641025641026,-110.0,0.5238095238095238,loss,0.0,-1.0,3.241702097437153,49.83000906499287,-7.0,52.5,0.5211081794195251,1784,0.25,0.01,tuned,0.5052770448548813,-0.018532478954642495,False
2025_17_BAL_GB,2025,17,202517,spread,away,0.518974358974359,-108.0,0.5192307692307693,win,1.0,0.9259259259259259,1.5719179204128673,41.8590789171072,-2.5,38.5,0.5211081794195251,1784,0.25,0.01,tuned,0.5052770448548813,-0.013953724375887933,False
2025_17_CHI_SF,2025,17,202517,spread,away,0.45948717948717954,-105.0,0.5121951219512195,loss,0.0,-1.0,3.990225708902523,50.22600583826848,-3.5,51.5,0.4788918205804749,1784,0.25,0.01,tuned,0.4947229551451187,-0.01747216680610081,False
2025_17_DAL_WAS,2025,17,202517,spread,home,0.762051282051282,100.0,0.5,win,1.0,1.0,-0.8532934490902238,49.44692806209519,8.5,50.5,0.5283018867924528,1784,0.25,0.01,tuned,0.5070754716981132,0.007075471698113178,False
2025_17_HOU_LAC,2025,17,202517,spread,home,0.5538461538461539,-105.0,0.5121951219512195,loss,0.0,-1.0,2.3053468695324737,46.27031007269154,-1.5,40.5,0.5211081794195251,1784,0.25,0.01,tuned,0.5052770448548813,-0.006918077096338182,False
2025_17_JAX_IND,2025,17,202517,spread,home,0.6215384615384615,-105.0,0.5121951219512195,loss,0.0,-1.0,-0.8792585074870913,52.03740768097179,3.5,48.5,0.5211081794195251,1784,0.25,0.01,tuned,0.5052770448548813,-0.006918077096338182,False
2025_17_LA_ATL,2025,17,202517,spread,away,0.49948717948717947,-102.0,0.504950495049505,loss,0.0,-1.0,-8.062697053596045,50.147974389282176,7.5,48.5,0.5,1784,0.25,0.01,tuned,0.5,-0.004950495049504955,False
2025_17_NE_NYJ,2025,17,202517,spread,home,0.56,100.0,0.5,loss,0.0,-1.0,-11.446129690634368,43.62799148431033,12.5,42.5,0.5211081794195251,1784,0.25,0.01,tuned,0.5052770448548813,0.005277044854881341,False
2025_17_NO_TEN,2025,17,202517,spread,away,0.5856410256410256,-110.0,0.5238095238095238,win,1.0,0.9090909090909091,-4.063747991274957,37.05652677268235,1.5,39.5,0.5211081794195251,1784,0.25,0.01,tuned,0.5052770448548813,-0.018532478954642495,False
2025_17_NYG_LV,2025,17,202517,spread,away,0.41025641025641024,-102.0,0.504950495049505,win,1.0,0.9803921568627451,-1.176535841801068,41.53408004693005,3.0,40.5,0.4788918205804749,1784,0.25,0.01,tuned,0.4947229551451187,-0.01022753990438624,False
2025_17_PHI_BUF,2025,17,202517,spread,away,0.5528205128205128,-108.0,0.5192307692307693,win,1.0,0.9259259259259259,1.258425860142589,51.07838598186866,-3.0,45.5,0.5211081794195251,1784,0.25,0.01,tuned,0.5052770448548813,-0.013953724375887933,False
2025_17_PIT_CLE,2025,17,202517,spread,away,0.5928205128205128,-108.0,0.5192307692307693,loss,0.0,-1.0,-7.365507560141234,35.50444743961525,4.5,35.5,0.5211081794195251,1784,0.25,0.01,tuned,0.5052770448548813,-0.013953724375887933,False
2025_17_SEA_CAR,2025,17,202517,spread,home,0.48102564102564105,-102.0,0.504950495049505,loss,0.0,-1.0,-7.409510853888923,44.84392786621681,6.5,42.5,0.4788918205804749,1784,0.25,0.01,tuned,0.4947229551451187,-0.01022753990438624,False
2025_17_ARI_CIN,2025,17,202517,total,under,0.6246153846153846,-105.0,0.5121951219512195,win,1.0,0.9523809523809523,3.241702097437153,49.83000906499287,-7.0,52.5,0.5319693094629155,1812,0.25,0.0,tuned,0.5079923273657289,-0.004202794585490666,False
2025_17_BAL_GB,2025,17,202517,total,over,0.558974358974359,-105.0,0.5121951219512195,win,1.0,0.9523809523809523,1.5719179204128673,41.8590789171072,-2.5,38.5,0.5319693094629155,1812,0.25,0.0,tuned,0.5079923273657289,-0.004202794585490666,False
2025_17_CHI_SF,2025,17,202517,total,under,0.5846153846153845,-112.0,0.5283018867924528,loss,0.0,-1.0,3.990225708902523,50.22600583826848,-3.5,51.5,0.5319693094629155,1812,0.25,0.0,tuned,0.5079923273657289,-0.020309559426723967,False
2025_17_DAL_WAS,2025,17,202517,total,under,0.5784615384615385,-108.0,0.5192307692307693,loss,0.0,-1.0,-0.8532934490902238,49.44692806209519,8.5,50.5,0.5319693094629155,1812,0.25,0.0,tuned,0.5079923273657289,-0.011238441865040416,False
2025_17_HOU_LAC,2025,17,202517,total,under,0.3538461538461538,-105.0,0.5121951219512195,win,1.0,0.9523809523809523,2.3053468695324737,46.27031007269154,-1.5,40.5,0.4680306905370844,1812,0.25,0.0,tuned,0.4920076726342711,-0.020187449316948436,False
2025_17_JAX_IND,2025,17,202517,total,over,0.5682051282051283,-112.0,0.5283018867924528,loss,0.0,-1.0,-0.8792585074870913,52.03740768097179,3.5,48.5,0.5319693094629155,1812,0.25,0.0,tuned,0.5079923273657289,-0.020309559426723967,False
2025_17_LA_ATL,2025,17,202517,total,under,0.4933333333333333,-105.0,0.5121951219512195,loss,0.0,-1.0,-8.062697053596045,50.147974389282176,7.5,48.5,0.4680306905370844,1812,0.25,0.0,tuned,0.4920076726342711,-0.020187449316948436,False
2025_17_NE_NYJ,2025,17,202517,total,over,0.49538461538461537,-108.0,0.5192307692307693,win,1.0,0.9259259259259259,-11.446129690634368,43.62799148431033,12.5,42.5,0.5,1812,0.25,0.0,tuned,0.5,-0.019230769230769273,False
2025_17_NO_TEN,2025,17,202517,total,over,0.38358974358974357,-102.0,0.504950495049505,win,1.0,0.9803921568627451,-4.063747991274957,37.05652677268235,1.5,39.5,0.4680306905370844,1812,0.25,0.0,tuned,0.4920076726342711,-0.012942822415233868,False
2025_17_NYG_LV,2025,17,202517,total,under,0.5066666666666666,-112.0,0.5283018867924528,loss,0.0,-1.0,-1.176535841801068,41.53408004693005,3.0,40.5,0.5319693094629155,1812,0.25,0.0,tuned,0.5079923273657289,-0.020309559426723967,False
2025_17_PHI_BUF,2025,17,202517,total,over,0.64,-105.0,0.5121951219512195,loss,0.0,-1.0,1.258425860142589,51.07838598186866,-3.0,45.5,0.5319693094629155,1812,0.25,0.0,tuned,0.5079923273657289,-0.004202794585490666,False
2025_17_PIT_CLE,2025,17,202517,total,under,0.5425641025641026,-112.0,0.5283018867924528,win,1.0,0.8928571428571429,-7.365507560141234,35.50444743961525,4.5,35.5,0.5319693094629155,1812,0.25,0.0,tuned,0.5079923273657289,-0.020309559426723967,False
2025_17_SEA_CAR,2025,17,202517,total,over,0.5271794871794871,-110.0,0.5238095238095238,loss,0.0,-1.0,-7.409510853888923,44.84392786621681,6.5,42.5,0.5319693094629155,1812,0.25,0.0,tuned,0.5079923273657289,-0.01581719644379498,False
2025_18_ARI_LA,2025,18,202518,spread,home,0.4159919028340081,-105.0,0.5121951219512195,win,1.0,0.9523809523809523,12.028919342248122,51.83250992073988,-14.5,49.5,0.4798439531859558,1810,0.25,0.01,tuned,0.49496098829648894,-0.017234133654730588,False
2025_18_BAL_PIT,2025,18,202518,spread,away,0.3572874493927125,-105.0,0.5121951219512195,loss,0.0,-1.0,-1.1423257602731447,43.65373920243262,4.5,41.5,0.4798439531859558,1810,0.25,0.01,tuned,0.49496098829648894,-0.017234133654730588,False
2025_18_CAR_TB,2025,18,202518,spread,home,0.6082995951417004,-105.0,0.5121951219512195,loss,0.0,-1.0,5.414670937214584,43.75084405765972,-3.0,43.5,0.520156046814044,1810,0.25,0.01,tuned,0.5050390117035111,-0.007156110247708458,False
2025_18_CLE_CIN,2025,18,202518,spread,home,0.6002024291497976,-108.0,0.5192307692307693,loss,0.0,-1.0,11.639752967498914,41.54056688459239,-9.5,47.5,0.520156046814044,1810,0.25,0.01,tuned,0.5050390117035111,-0.014191757527258209,False
2025_18_DET_CHI,2025,18,202518,spread,away,0.5840080971659919,-110.0,0.5238095238095238,win,1.0,0.9090909090909091,1.0048913557680796,49.40801897632248,-3.5,51.5,0.520156046814044,1810,0.25,0.01,tuned,0.5050390117035111,-0.01877051210601277,False
2025_18_KC_LV,2025,18,202518,spread,away,0.5566801619433198,-112.0,0.5283018867924528,loss,0.0,-1.0,-5.309424931345449,42.37905349117091,3.5,36.5,0.520156046814044,1810,0.25,0.01,tuned,0.5050390117035111,-0.02326287508894176,False
2025_18_LAC_DEN,2025,18,202518,spread,away,0.7459514170040487,-108.0,0.5192307692307693,loss,0.0,-1.0,6.471033026392089,42.07133040802535,-14.5,37.5,0.5405405405405406,1810,0.25,0.01,tuned,0.5101351351351351,-0.009095634095634186,False
2025_18_MIA_NE,2025,18,202518,spread,away,0.6234817813765182,-112.0,0.5283018867924528,loss,0.0,-1.0,10.293065333883144,50.90664611089384,-14.0,44.5,0.520156046814044,1810,0.25,0.01,tuned,0.5050390117035111,-0.02326287508894176,False
2025_18_NO_ATL,2025,18,202518,spread,home,0.40384615384615385,-105.0,0.5121951219512195,loss,0.0,-1.0,1.5752606146107333,45.64413078569804,-4.5,43.5,0.4798439531859558,1810,0.25,0.01,tuned,0.49496098829648894,-0.017234133654730588,False
2025_18_NYJ_BUF,2025,18,202518,spread,home,0.6265182186234818,-108.0,0.5192307692307693,win,1.0,0.9259259259259259,15.2904161437217,38.22528398566858,-12.5,39.5,0.520156046814044,1810,0.25,0.01,tuned,0.5050390117035111,-0.014191757527258209,False
2025_18_SEA_SF,2025,18,202518,spread,home,0.5991902834008097,100.0,0.5,loss,0.0,-1.0,-0.4175382178836953,50.65383624152735,2.5,47.5,0.520156046814044,1810,0.25,0.01,tuned,0.5050390117035111,0.005039011703511065,False
2025_18_TEN_JAX,2025,18,202518,spread,away,0.5111336032388665,-110.0,0.5238095238095238,loss,0.0,-1.0,11.748943308609393,43.720221797336,-12.5,46.5,0.520156046814044,1810,0.25,0.01,tuned,0.5050390117035111,-0.01877051210601277,False
2025_18_ARI_LA,2025,18,202518,total,over,0.52834008097166,-112.0,0.5283018867924528,win,1.0,0.8928571428571429,12.028919342248122,51.83250992073988,-14.5,49.5,0.5289672544080605,1838,0.25,0.0,tuned,0.5072418136020151,-0.021060073190437678,False
2025_18_BAL_PIT,2025,18,202518,total,over,0.5222672064777328,-110.0,0.5238095238095238,win,1.0,0.9090909090909091,-1.1423257602731447,43.65373920243262,4.5,41.5,0.5289672544080605,1838,0.25,0.0,tuned,0.5072418136020151,-0.01656771020750869,False
2025_18_CAR_TB,2025,18,202518,total,over,0.47368421052631576,-102.0,0.504950495049505,loss,0.0,-1.0,5.414670937214584,43.75084405765972,-3.0,43.5,0.47103274559193953,1838,0.25,0.0,tuned,0.49275818639798485,-0.0121923086515201,False
2025_18_CLE_CIN,2025,18,202518,total,under,0.7165991902834008,-118.0,0.5412844036697247,win,1.0,0.847457627118644,11.639752967498914,41.54056688459239,-9.5,47.5,0.6170212765957447,1838,0.25,0.0,tuned,0.5292553191489362,-0.012029084520788547,False
2025_18_DET_CHI,2025,18,202518,total,over,0.39271255060728744,-105.0,0.5121951219512195,loss,0.0,-1.0,1.0048913557680796,49.40801897632248,-3.5,51.5,0.47103274559193953,1838,0.25,0.0,tuned,0.49275818639798485,-0.01943693555323467,False
2025_18_KC_LV,2025,18,202518,total,over,0.6467611336032388,-102.0,0.504950495049505,loss,0.0,-1.0,-5.309424931345449,42.37905349117091,3.5,36.5,0.5289672544080605,1838,0.25,0.0,tuned,0.5072418136020151,0.002291318552510191,True
2025_18_LAC_DEN,2025,18,202518,total,under,0.39372469635627527,-105.0,0.5121951219512195,win,1.0,0.9523809523809523,6.471033026392089,42.07133040802535,-14.5,37.5,0.47103274559193953,1838,0.25,0.0,tuned,0.49275818639798485,-0.01943693555323467,False
2025_18_MIA_NE,2025,18,202518,total,over,0.6680161943319838,-108.0,0.5192307692307693,win,1.0,0.9259259259259259,10.293065333883144,50.90664611089384,-14.0,44.5,0.5555555555555556,1838,0.25,0.0,tuned,0.5138888888888888,-0.005341880341880434,False
2025_18_NO_ATL,2025,18,202518,total,over,0.521255060728745,-108.0,0.5192307692307693,loss,0.0,-1.0,1.5752606146107333,45.64413078569804,-4.5,43.5,0.5289672544080605,1838,0.25,0.0,tuned,0.5072418136020151,-0.011988955628754128,False
2025_18_NYJ_BUF,2025,18,202518,total,over,0.4159919028340081,-105.0,0.5121951219512195,win,1.0,0.9523809523809523,15.2904161437217,38.22528398566858,-12.5,39.5,0.47103274559193953,1838,0.25,0.0,tuned,0.49275818639798485,-0.01943693555323467,False
2025_18_SEA_SF,2025,18,202518,total,under,0.44635627530364375,-105.0,0.5121951219512195,win,1.0,0.9523809523809523,-0.4175382178836953,50.65383624152735,2.5,47.5,0.47103274559193953,1838,0.25,0.0,tuned,0.49275818639798485,-0.01943693555323467,False
2025_18_TEN_JAX,2025,18,202518,total,under,0.6285425101214575,-112.0,0.5283018867924528,loss,0.0,-1.0,11.748943308609393,43.720221797336,-12.5,46.5,0.5289672544080605,1838,0.25,0.0,tuned,0.5072418136020151,-0.021060073190437678,False
