game_id,season,week,week_key,market,side,raw_probability,odds,break_even,result,win,profit,pred_margin,pred_total,home_spread,total_line
2022_05_ATL_TB,2022,5,202205,spread,home,0.5967741935483871,102.0,0.49504950495049505,loss,0.0,-1.0,12.362069038702314,44.241012738654426,-10.5,46.0
2022_05_ATL_TB,2022,5,202205,spread,away,0.4032258064516129,-113.0,0.5305164319248826,win,1.0,0.8849557522123894,12.362069038702314,44.241012738654426,-10.5,46.0
2022_05_ATL_TB,2022,5,202205,total,over,0.3225806451612903,-113.0,0.5305164319248826,loss,0.0,-1.0,12.362069038702314,44.241012738654426,-10.5,46.0
2022_05_ATL_TB,2022,5,202205,total,under,0.6774193548387097,101.0,0.4975124378109453,win,1.0,1.01,12.362069038702314,44.241012738654426,-10.5,46.0
2022_05_CHI_MIN,2022,5,202205,spread,home,0.3548387096774194,105.0,0.4878048780487805,loss,0.0,-1.0,4.90073348291715,44.46712219357868,-10.0,44.0
2022_05_CHI_MIN,2022,5,202205,spread,away,0.6451612903225806,-116.0,0.5370370370370371,win,1.0,0.8620689655172413,4.90073348291715,44.46712219357868,-10.0,44.0
2022_05_CHI_MIN,2022,5,202205,total,over,0.3709677419354839,-106.0,0.5145631067961165,win,1.0,0.9433962264150944,4.90073348291715,44.46712219357868,-10.0,44.0
2022_05_CHI_MIN,2022,5,202205,total,under,0.6290322580645161,-106.0,0.5145631067961165,loss,0.0,-1.0,4.90073348291715,44.46712219357868,-10.0,44.0
2022_05_CIN_BAL,2022,5,202205,spread,home,0.45161290322580644,-114.0,0.5327102803738317,loss,0.0,-1.0,0.823771476934508,49.51133972612453,-3.0,47.5
2022_05_CIN_BAL,2022,5,202205,spread,away,0.5483870967741935,103.0,0.49261083743842365,win,1.0,1.03,0.823771476934508,49.51133972612453,-3.0,47.5
2022_05_CIN_BAL,2022,5,202205,total,over,0.41935483870967744,-108.0,0.5192307692307693,loss,0.0,-1.0,0.823771476934508,49.51133972612453,-3.0,47.5
2022_05_CIN_BAL,2022,5,202205,total,under,0.5806451612903225,-104.0,0.5098039215686274,win,1.0,0.9615384615384616,0.823771476934508,49.51133972612453,-3.0,47.5
2022_05_DAL_LA,2022,5,202205,spread,home,0.3870967741935484,102.0,0.49504950495049505,loss,0.0,-1.0,0.8469190415369853,48.481142257332266,-5.5,42.0
2022_05_DAL_LA,2022,5,202205,spread,away,0.6129032258064516,-112.0,0.5283018867924528,win,1.0,0.8928571428571429,0.8469190415369853,48.481142257332266,-5.5,42.0
2022_05_DAL_LA,2022,5,202205,total,over,0.5967741935483871,-106.0,0.5145631067961165,loss,0.0,-1.0,0.8469190415369853,48.481142257332266,-5.5,42.0
2022_05_DAL_LA,2022,5,202205,total,under,0.4032258064516129,-106.0,0.5145631067961165,win,1.0,0.9433962264150944,0.8469190415369853,48.481142257332266,-5.5,42.0
2022_05_HOU_JAX,2022,5,202205,spread,home,0.5806451612903226,102.0,0.49504950495049505,loss,0.0,-1.0,8.074671008899662,43.77063476761276,-7.0,44.0
2022_05_HOU_JAX,2022,5,202205,spread,away,0.4193548387096774,-113.0,0.5305164319248826,win,1.0,0.8849557522123894,8.074671008899662,43.77063476761276,-7.0,44.0
2022_05_HOU_JAX,2022,5,202205,total,over,0.3548387096774194,-101.0,0.5024875621890548,loss,0.0,-1.0,8.074671008899662,43.77063476761276,-7.0,44.0
2022_05_HOU_JAX,2022,5,202205,total,under,0.6451612903225806,-112.0,0.5283018867924528,win,1.0,0.8928571428571429,8.074671008899662,43.77063476761276,-7.0,44.0
2022_05_IND_DEN,2022,5,202205,spread,home,0.3225806451612903,104.0,0.49019607843137253,loss,0.0,-1.0,-2.0410237876887103,42.37284735678734,-3.5,42.0
2022_05_IND_DEN,2022,5,202205,spread,away,0.6774193548387097,-114.0,0.5327102803738317,win,1.0,0.8771929824561403,-2.0410237876887103,42.37284735678734,-3.5,42.0
2022_05_IND_DEN,2022,5,202205,total,over,0.3709677419354839,-106.0,0.5145631067961165,loss,0.0,-1.0,-2.0410237876887103,42.37284735678734,-3.5,42.0
2022_05_IND_DEN,2022,5,202205,total,under,0.6290322580645161,-106.0,0.5145631067961165,win,1.0,0.9433962264150944,-2.0410237876887103,42.37284735678734,-3.5,42.0
2022_05_LAC_CLE,2022,5,202205,spread,home,0.5806451612903226,-104.0,0.5098039215686274,loss,0.0,-1.0,0.014665391322136,50.08284015148146,1.0,47.0
2022_05_LAC_CLE,2022,5,202205,spread,away,0.4193548387096774,-106.0,0.5145631067961165,win,1.0,0.9433962264150944,0.014665391322136,50.08284015148146,1.0,47.0
2022_05_LAC_CLE,2022,5,202205,total,over,0.43548387096774194,102.0,0.49504950495049505,win,1.0,1.02,0.014665391322136,50.08284015148146,1.0,47.0
2022_05_LAC_CLE,2022,5,202205,total,under,0.564516129032258,-114.0,0.5327102803738317,loss,0.0,-1.0,0.014665391322136,50.08284015148146,1.0,47.0
2022_05_LV_KC,2022,5,202205,spread,home,0.5806451612903226,113.0,0.4694835680751174,loss,0.0,-1.0,8.572366421523297,50.38850484243982,-7.5,51.5
2022_05_LV_KC,2022,5,202205,spread,away,0.4193548387096774,-125.0,0.5555555555555556,win,1.0,0.8,8.572366421523297,50.38850484243982,-7.5,51.5
2022_05_LV_KC,2022,5,202205,total,over,0.3225806451612903,-103.0,0.5073891625615764,win,1.0,0.970873786407767,8.572366421523297,50.38850484243982,-7.5,51.5
2022_05_LV_KC,2022,5,202205,total,under,0.6774193548387097,-109.0,0.5215311004784688,loss,0.0,-1.0,8.572366421523297,50.38850484243982,-7.5,51.5
2022_05_NYG_GB,2022,5,202205,spread,home,0.6451612903225806,-115.0,0.5348837209302325,loss,0.0,-1.0,11.613287169171285,43.83728195545797,-8.5,42.0
2022_05_NYG_GB,2022,5,202205,spread,away,0.3548387096774194,104.0,0.49019607843137253,win,1.0,1.04,11.613287169171285,43.83728195545797,-8.5,42.0
2022_05_NYG_GB,2022,5,202205,total,over,0.41935483870967744,-102.0,0.504950495049505,win,1.0,0.9803921568627451,11.613287169171285,43.83728195545797,-8.5,42.0
2022_05_NYG_GB,2022,5,202205,total,under,0.5806451612903225,-110.0,0.5238095238095238,loss,0.0,-1.0,11.613287169171285,43.83728195545797,-8.5,42.0
2022_05_PHI_ARI,2022,5,202205,spread,home,0.7258064516129032,-111.0,0.5260663507109005,win,1.0,0.9009009009009009,-0.5686569972995706,49.60942837558178,5.5,48.5
2022_05_PHI_ARI,2022,5,202205,spread,away,0.27419354838709675,101.0,0.4975124378109453,loss,0.0,-1.0,-0.5686569972995706,49.60942837558178,5.5,48.5
2022_05_PHI_ARI,2022,5,202205,total,over,0.4032258064516129,-113.0,0.5305164319248826,loss,0.0,-1.0,-0.5686569972995706,49.60942837558178,5.5,48.5
2022_05_PHI_ARI,2022,5,202205,total,under,0.5967741935483871,101.0,0.4975124378109453,win,1.0,1.01,-0.5686569972995706,49.60942837558178,5.5,48.5
2022_05_SEA_NO,2022,5,202205,spread,home,0.3548387096774194,-104.0,0.5098039215686274,win,1.0,0.9615384615384616,0.3186960404243087,48.459707626888864,-5.5,45.5
2022_05_SEA_NO,2022,5,202205,spread,away,0.6451612903225806,-106.0,0.5145631067961165,loss,0.0,-1.0,0.3186960404243087,48.459707626888864,-5.5,45.5
2022_05_SEA_NO,2022,5,202205,total,over,0.43548387096774194,100.0,0.5,win,1.0,1.0,0.3186960404243087,48.459707626888864,-5.5,45.5
2022_05_SEA_NO,2022,5,202205,total,under,0.564516129032258,-113.0,0.5305164319248826,loss,0.0,-1.0,0.3186960404243087,48.459707626888864,-5.5,45.5
2022_05_SF_CAR,2022,5,202205,spread,home,0.4032258064516129,-109.0,0.5215311004784688,loss,0.0,-1.0,-9.990180018157751,42.23586716946532,6.0,40.0
2022_05_SF_CAR,2022,5,202205,spread,away,0.5967741935483871,-102.0,0.504950495049505,win,1.0,0.9803921568627451,-9.990180018157751,42.23586716946532,6.0,40.0
2022_05_SF_CAR,2022,5,202205,total,over,0.41935483870967744,-108.0,0.5192307692307693,win,1.0,0.9259259259259259,-9.990180018157751,42.23586716946532,6.0,40.0
2022_05_SF_CAR,2022,5,202205,total,under,0.5806451612903225,-104.0,0.5098039215686274,loss,0.0,-1.0,-9.990180018157751,42.23586716946532,6.0,40.0
2022_05_TEN_WAS,2022,5,202205,spread,home,0.4032258064516129,-108.0,0.5192307692307693,loss,0.0,-1.0,-4.751481498548139,44.77337961649898,1.0,43.0
2022_05_TEN_WAS,2022,5,202205,spread,away,0.5967741935483871,-102.0,0.504950495049505,win,1.0,0.9803921568627451,-4.751481498548139,44.77337961649898,1.0,43.0
2022_05_TEN_WAS,2022,5,202205,total,over,0.41935483870967744,-106.0,0.5145631067961165,loss,0.0,-1.0,-4.751481498548139,44.77337961649898,1.0,43.0
2022_05_TEN_WAS,2022,5,202205,total,under,0.5806451612903225,-106.0,0.5145631067961165,win,1.0,0.9433962264150944,-4.751481498548139,44.77337961649898,1.0,43.0
2022_06_ARI_SEA,2022,6,202206,spread,home,0.6933333333333334,-104.0,0.5098039215686274,win,1.0,0.9615384615384616,2.353628664123864,50.20068629070634,2.5,50.0
2022_06_ARI_SEA,2022,6,202206,spread,away,0.30666666666666664,-106.0,0.5145631067961165,loss,0.0,-1.0,2.353628664123864,50.20068629070634,2.5,50.0
2022_06_ARI_SEA,2022,6,202206,total,over,0.38666666666666666,-110.0,0.5238095238095238,loss,0.0,-1.0,2.353628664123864,50.20068629070634,2.5,50.0
2022_06_ARI_SEA,2022,6,202206,total,under,0.6133333333333333,-102.0,0.504950495049505,win,1.0,0.9803921568627451,2.353628664123864,50.20068629070634,2.5,50.0
2022_06_BAL_NYG,2022,6,202206,spread,home,0.56,-103.0,0.5073891625615764,win,1.0,0.970873786407767,-3.8414016034564447,43.67483592574664,5.5,46.0
2022_06_BAL_NYG,2022,6,202206,spread,away,0.43999999999999995,-107.0,0.5169082125603864,loss,0.0,-1.0,-3.8414016034564447,43.67483592574664,5.5,46.0
2022_06_BAL_NYG,2022,6,202206,total,over,0.3333333333333333,-102.0,0.504950495049505,loss,0.0,-1.0,-3.8414016034564447,43.67483592574664,5.5,46.0
2022_06_BAL_NYG,2022,6,202206,total,under,0.6666666666666667,-110.0,0.5238095238095238,win,1.0,0.9090909090909091,-3.8414016034564447,43.67483592574664,5.5,46.0
2022_06_BUF_KC,2022,6,202206,spread,home,0.56,105.0,0.4878048780487805,loss,0.0,-1.0,-0.6297123336895164,52.08695705730189,2.5,54.0
2022_06_BUF_KC,2022,6,202206,spread,away,0.43999999999999995,-116.0,0.5370370370370371,win,1.0,0.8620689655172413,-0.6297123336895164,52.08695705730189,2.5,54.0
2022_06_BUF_KC,2022,6,202206,total,over,0.3333333333333333,-107.0,0.5169082125603864,loss,0.0,-1.0,-0.6297123336895164,52.08695705730189,2.5,54.0
2022_06_BUF_KC,2022,6,202206,total,under,0.6666666666666667,-105.0,0.5121951219512195,win,1.0,0.9523809523809523,-0.6297123336895164,52.08695705730189,2.5,54.0
2022_06_CAR_LA,2022,6,202206,spread,home,0.41333333333333333,102.0,0.49504950495049505,win,1.0,1.02,8.148983753767283,49.57485235466174,-10.0,41.5
2022_06_CAR_LA,2022,6,202206,spread,away,0.5866666666666667,-112.0,0.5283018867924528,loss,0.0,-1.0,8.148983753767283,49.57485235466174,-10.0,41.5
2022_06_CAR_LA,2022,6,202206,total,over,0.6266666666666667,-103.0,0.5073891625615764,loss,0.0,-1.0,8.148983753767283,49.57485235466174,-10.0,41.5
2022_06_CAR_LA,2022,6,202206,total,under,0.3733333333333333,-109.0,0.5215311004784688,win,1.0,0.9174311926605505,8.148983753767283,49.57485235466174,-10.0,41.5
2022_06_CIN_NO,2022,6,202206,spread,home,0.72,100.0,0.5,loss,0.0,-1.0,3.150065527445969,48.01630301921307,3.0,42.5
2022_06_CIN_NO,2022,6,202206,spread,away,0.28,-110.0,0.5238095238095238,win,1.0,0.9090909090909091,3.150065527445969,48.01630301921307,3.0,42.5
2022_06_CIN_NO,2022,6,202206,total,over,0.5466666666666666,-108.0,0.5192307692307693,win,1.0,0.9259259259259259,3.150065527445969,48.01630301921307,3.0,42.5
2022_06_CIN_NO,2022,6,202206,total,under,0.45333333333333337,-104.0,0.5098039215686274,loss,0.0,-1.0,3.150065527445969,48.01630301921307,3.0,42.5
2022_06_DAL_PHI,2022,6,202206,spread,home,0.3333333333333333,-120.0,0.5454545454545454,win,1.0,0.8333333333333334,1.687421185883934,45.75542786956668,-6.5,42.5
2022_06_DAL_PHI,2022,6,202206,spread,away,0.6666666666666667,109.0,0.4784688995215311,loss,0.0,-1.0,1.687421185883934,45.75542786956668,-6.5,42.5
2022_06_DAL_PHI,2022,6,202206,total,over,0.44,-108.0,0.5192307692307693,win,1.0,0.9259259259259259,1.687421185883934,45.75542786956668,-6.5,42.5
2022_06_DAL_PHI,2022,6,202206,total,under,0.56,-104.0,0.5098039215686274,loss,0.0,-1.0,1.687421185883934,45.75542786956668,-6.5,42.5
2022_06_DEN_LAC,2022,6,202206,spread,home,0.68,-107.0,0.5169082125603864,loss,0.0,-1.0,8.177761909470874,50.96592915322314,-3.5,45.5
2022_06_DEN_LAC,2022,6,202206,spread,away,0.31999999999999995,-103.0,0.5073891625615764,win,1.0,0.970873786407767,8.177761909470874,50.96592915322314,-3.5,45.5
2022_06_DEN_LAC,2022,6,202206,total,over,0.5466666666666666,102.0,0.49504950495049505,loss,0.0,-1.0,8.177761909470874,50.96592915322314,-3.5,45.5
2022_06_DEN_LAC,2022,6,202206,total,under,0.45333333333333337,-115.0,0.5348837209302325,win,1.0,0.8695652173913043,8.177761909470874,50.96592915322314,-3.5,45.5
2022_06_JAX_IND,2022,6,202206,spread,home,0.49333333333333335,-114.0,0.5327102803738317,win,1.0,0.8771929824561403,0.8187018924618022,40.93498473805005,-1.0,41.0
2022_06_JAX_IND,2022,6,202206,spread,away,0.5066666666666666,103.0,0.49261083743842365,loss,0.0,-1.0,0.8187018924618022,40.93498473805005,-1.0,41.0
2022_06_JAX_IND,2022,6,202206,total,over,0.37333333333333335,-113.0,0.5305164319248826,win,1.0,0.8849557522123894,0.8187018924618022,40.93498473805005,-1.0,41.0
2022_06_JAX_IND,2022,6,202206,total,under,0.6266666666666667,100.0,0.5,loss,0.0,-1.0,0.8187018924618022,40.93498473805005,-1.0,41.0
2022_06_MIN_MIA,2022,6,202206,spread,home,0.6533333333333333,109.0,0.4784688995215311,loss,0.0,-1.0,1.5815235404070784,46.63270138448838,3.0,45.0
2022_06_MIN_MIA,2022,6,202206,spread,away,0.3466666666666667,-120.0,0.5454545454545454,win,1.0,0.8333333333333334,1.5815235404070784,46.63270138448838,3.0,45.0
2022_06_MIN_MIA,2022,6,202206,total,over,0.4266666666666667,-105.0,0.5121951219512195,loss,0.0,-1.0,1.5815235404070784,46.63270138448838,3.0,45.0
2022_06_MIN_MIA,2022,6,202206,total,under,0.5733333333333333,-107.0,0.5169082125603864,win,1.0,0.9345794392523364,1.5815235404070784,46.63270138448838,3.0,45.0
2022_06_NE_CLE,2022,6,202206,spread,home,0.3466666666666667,-111.0,0.5260663507109005,loss,0.0,-1.0,-1.2915131224915588,39.56836226969925,-2.5,43.0
2022_06_NE_CLE,2022,6,202206,spread,away,0.6533333333333333,101.0,0.4975124378109453,win,1.0,1.01,-1.2915131224915588,39.56836226969925,-2.5,43.0
2022_06_NE_CLE,2022,6,202206,total,over,0.32,-108.0,0.5192307692307693,win,1.0,0.9259259259259259,-1.2915131224915588,39.56836226969925,-2.5,43.0
2022_06_NE_CLE,2022,6,202206,total,under,0.6799999999999999,-104.0,0.5098039215686274,loss,0.0,-1.0,-1.2915131224915588,39.56836226969925,-2.5,43.0
2022_06_NYJ_GB,2022,6,202206,spread,home,0.64,-109.0,0.5215311004784688,loss,0.0,-1.0,11.717219988798318,44.02301749421336,-7.5,44.5
2022_06_NYJ_GB,2022,6,202206,spread,away,0.36,-101.0,0.5024875621890548,win,1.0,0.9900990099009901,11.717219988798318,44.02301749421336,-7.5,44.5
2022_06_NYJ_GB,2022,6,202206,total,over,0.37333333333333335,-111.0,0.5260663507109005,loss,0.0,-1.0,11.717219988798318,44.02301749421336,-7.5,44.5
2022_06_NYJ_GB,2022,6,202206,total,under,0.6266666666666667,-101.0,0.5024875621890548,win,1.0,0.9900990099009901,11.717219988798318,44.02301749421336,-7.5,44.5
2022_06_SF_ATL,2022,6,202206,spread,home,0.28,-110.0,0.5238095238095238,win,1.0,0.9090909090909091,-9.264659491024888,47.3225131524208,3.5,46.0
2022_06_SF_ATL,2022,6,202206,spread,away,0.72,-100.0,0.5,loss,0.0,-1.0,-9.264659491024888,47.3225131524208,3.5,46.0
2022_06_SF_ATL,2022,6,202206,total,over,0.4266666666666667,-103.0,0.5073891625615764,loss,0.0,-1.0,-9.264659491024888,47.3225131524208,3.5,46.0
2022_06_SF_ATL,2022,6,202206,total,under,0.5733333333333333,-109.0,0.5215311004784688,win,1.0,0.9174311926605505,-9.264659491024888,47.3225131524208,3.5,46.0
2022_06_WAS_CHI,2022,6,202206,spread,home,0.4266666666666667,102.0,0.49504950495049505,loss,0.0,-1.0,-2.7155612311835333,41.541086515784336,1.0,38.5
2022_06_WAS_CHI,2022,6,202206,spread,away,0.5733333333333333,-112.0,0.5283018867924528,win,1.0,0.8928571428571429,-2.7155612311835333,41.541086515784336,1.0,38.5
2022_06_WAS_CHI,2022,6,202206,total,over,0.44,-107.0,0.5169082125603864,loss,0.0,-1.0,-2.7155612311835333,41.541086515784336,1.0,38.5
2022_06_WAS_CHI,2022,6,202206,total,under,0.56,-105.0,0.5121951219512195,win,1.0,0.9523809523809523,-2.7155612311835333,41.541086515784336,1.0,38.5
2022_07_ATL_CIN,2022,7,202207,spread,home,0.5,-110.0,0.5238095238095238,win,1.0,0.9090909090909091,7.203524997938806,46.749590518769686,-6.5,47.5
2022_07_ATL_CIN,2022,7,202207,spread,away,0.5,-100.0,0.5,loss,0.0,-1.0,7.203524997938806,46.749590518769686,-6.5,47.5
2022_07_ATL_CIN,2022,7,202207,total,over,0.3522727272727273,-112.0,0.5283018867924528,win,1.0,0.8928571428571429,7.203524997938806,46.749590518769686,-6.5,47.5
2022_07_ATL_CIN,2022,7,202207,total,under,0.6477272727272727,100.0,0.5,loss,0.0,-1.0,7.203524997938806,46.749590518769686,-6.5,47.5
2022_07_CHI_NE,2022,7,202207,spread,home,0.5795454545454546,-100.0,0.5,loss,0.0,-1.0,11.963522229408069,40.41251766081295,-9.5,40.0
2022_07_CHI_NE,2022,7,202207,spread,away,0.4204545454545454,-110.0,0.5238095238095238,win,1.0,0.9090909090909091,11.963522229408069,40.41251766081295,-9.5,40.0
2022_07_CHI_NE,2022,7,202207,total,over,0.375,-106.0,0.5145631067961165,win,1.0,0.9433962264150944,11.963522229408069,40.41251766081295,-9.5,40.0
2022_07_CHI_NE,2022,7,202207,total,under,0.625,-106.0,0.5145631067961165,loss,0.0,-1.0,11.963522229408069,40.41251766081295,-9.5,40.0
2022_07_CLE_BAL,2022,7,202207,spread,home,0.3522727272727273,-110.0,0.5238095238095238,loss,0.0,-1.0,2.097252472729328,47.15090709993668,-6.5,46.0
2022_07_CLE_BAL,2022,7,202207,spread,away,0.6477272727272727,100.0,0.5,win,1.0,1.0,2.097252472729328,47.15090709993668,-6.5,46.0
2022_07_CLE_BAL,2022,7,202207,total,over,0.3977272727272727,-112.0,0.5283018867924528,loss,0.0,-1.0,2.097252472729328,47.15090709993668,-6.5,46.0
2022_07_CLE_BAL,2022,7,202207,total,under,0.6022727272727273,-100.0,0.5,win,1.0,1.0,2.097252472729328,47.15090709993668,-6.5,46.0
2022_07_DET_DAL,2022,7,202207,spread,home,0.6022727272727273,102.0,0.49504950495049505,win,1.0,1.02,9.84526940978829,52.66548260665368,-7.0,49.5
2022_07_DET_DAL,2022,7,202207,spread,away,0.3977272727272727,-112.0,0.5283018867924528,loss,0.0,-1.0,9.84526940978829,52.66548260665368,-7.0,49.5
2022_07_DET_DAL,2022,7,202207,total,over,0.4318181818181818,-110.0,0.5238095238095238,loss,0.0,-1.0,9.84526940978829,52.66548260665368,-7.0,49.5
2022_07_DET_DAL,2022,7,202207,total,under,0.5681818181818181,-102.0,0.504950495049505,win,1.0,0.9803921568627451,9.84526940978829,52.66548260665368,-7.0,49.5
2022_07_GB_WAS,2022,7,202207,spread,home,0.4318181818181818,-108.0,0.5192307692307693,win,1.0,0.9259259259259259,-5.524853276021054,43.312495045462136,4.0,41.5
2022_07_GB_WAS,2022,7,202207,spread,away,0.5681818181818181,-102.0,0.504950495049505,loss,0.0,-1.0,-5.524853276021054,43.312495045462136,4.0,41.5
2022_07_GB_WAS,2022,7,202207,total,over,0.4090909090909091,-107.0,0.5169082125603864,win,1.0,0.9345794392523364,-5.524853276021054,43.312495045462136,4.0,41.5
2022_07_GB_WAS,2022,7,202207,total,under,0.5909090909090908,-105.0,0.5121951219512195,loss,0.0,-1.0,-5.524853276021054,43.312495045462136,4.0,41.5
2022_07_HOU_LV,2022,7,202207,spread,home,0.48863636363636365,-115.0,0.5348837209302325,win,1.0,0.8695652173913043,7.374773918457425,46.73736090339022,-7.0,46.0
2022_07_HOU_LV,2022,7,202207,spread,away,0.5113636363636364,104.0,0.49019607843137253,loss,0.0,-1.0,7.374773918457425,46.73736090339022,-7.0,46.0
2022_07_HOU_LV,2022,7,202207,total,over,0.3977272727272727,-108.0,0.5192307692307693,win,1.0,0.9259259259259259,7.374773918457425,46.73736090339022,-7.0,46.0
2022_07_HOU_LV,2022,7,202207,total,under,0.6022727272727273,-104.0,0.5098039215686274,loss,0.0,-1.0,7.374773918457425,46.73736090339022,-7.0,46.0
2022_07_IND_TEN,2022,7,202207,spread,home,0.5454545454545454,-108.0,0.5192307692307693,win,1.0,0.9259259259259259,4.185036404998174,45.12767948731983,-2.5,43.0
2022_07_IND_TEN,2022,7,202207,spread,away,0.4545454545454546,-102.0,0.504950495049505,loss,0.0,-1.0,4.185036404998174,45.12767948731983,-2.5,43.0
2022_07_IND_TEN,2022,7,202207,total,over,0.4090909090909091,-109.0,0.5215311004784688,loss,0.0,-1.0,4.185036404998174,45.12767948731983,-2.5,43.0
2022_07_IND_TEN,2022,7,202207,total,under,0.5909090909090908,-104.0,0.5098039215686274,win,1.0,0.9615384615384616,4.185036404998174,45.12767948731983,-2.5,43.0
2022_07_KC_SF,2022,7,202207,spread,home,0.48863636363636365,-112.0,0.5283018867924528,loss,0.0,-1.0,-0.8241433738849174,51.95851118812855,1.0,49.0
2022_07_KC_SF,2022,7,202207,spread,away,0.5113636363636364,102.0,0.49504950495049505,win,1.0,1.02,-0.8241433738849174,51.95851118812855,1.0,49.0
2022_07_KC_SF,2022,7,202207,total,over,0.4318181818181818,101.0,0.4975124378109453,win,1.0,1.01,-0.8241433738849174,51.95851118812855,1.0,49.0
2022_07_KC_SF,2022,7,202207,total,under,0.5681818181818181,-114.0,0.5327102803738317,loss,0.0,-1.0,-0.8241433738849174,51.95851118812855,1.0,49.0
2022_07_NO_ARI,2022,7,202207,spread,home,0.3522727272727273,-109.0,0.5215311004784688,win,1.0,0.9174311926605505,-1.6194919983609957,43.172976424544856,-2.5,44.0
2022_07_NO_ARI,2022,7,202207,spread,away,0.6477272727272727,-101.0,0.5024875621890548,loss,0.0,-1.0,-1.6194919983609957,43.172976424544856,-2.5,44.0
2022_07_NO_ARI,2022,7,202207,total,over,0.3409090909090909,101.0,0.4975124378109453,win,1.0,1.01,-1.6194919983609957,43.172976424544856,-2.5,44.0
2022_07_NO_ARI,2022,7,202207,total,under,0.6590909090909092,-114.0,0.5327102803738317,loss,0.0,-1.0,-1.6194919983609957,43.172976424544856,-2.5,44.0
2022_07_NYG_JAX,2022,7,202207,spread,home,0.48863636363636365,-112.0,0.5283018867924528,loss,0.0,-1.0,3.5596679982097448,42.82317106668118,-3.0,44.0
2022_07_NYG_JAX,2022,7,202207,spread,away,0.5113636363636364,102.0,0.49504950495049505,win,1.0,1.02,3.5596679982097448,42.82317106668118,-3.0,44.0
2022_07_NYG_JAX,2022,7,202207,total,over,0.32954545454545453,-107.0,0.5169082125603864,loss,0.0,-1.0,3.5596679982097448,42.82317106668118,-3.0,44.0
2022_07_NYG_JAX,2022,7,202207,total,under,0.6704545454545454,-105.0,0.5121951219512195,win,1.0,0.9523809523809523,3.5596679982097448,42.82317106668118,-3.0,44.0
2022_07_PIT_MIA,2022,7,202207,spread,home,0.36363636363636365,108.0,0.4807692307692308,loss,0.0,-1.0,3.796456031056975,44.994146156462456,-7.5,44.5
2022_07_PIT_MIA,2022,7,202207,spread,away,0.6363636363636364,-119.0,0.54337899543379,win,1.0,0.8403361344537815,3.796456031056975,44.994146156462456,-7.5,44.5
2022_07_PIT_MIA,2022,7,202207,total,over,0.375,-105.0,0.5121951219512195,loss,0.0,-1.0,3.796456031056975,44.994146156462456,-7.5,44.5
2022_07_PIT_MIA,2022,7,202207,total,under,0.625,-107.0,0.5169082125603864,win,1.0,0.9345794392523364,3.796456031056975,44.994146156462456,-7.5,44.5
2022_07_SEA_LAC,2022,7,202207,spread,home,0.32954545454545453,101.0,0.4975124378109453,loss,0.0,-1.0,0.4260912233148928,52.71893438618257,-5.5,51.5
2022_07_SEA_LAC,2022,7,202207,spread,away,0.6704545454545454,-111.0,0.5260663507109005,win,1.0,0.9009009009009009,0.4260912233148928,52.71893438618257,-5.5,51.5
2022_07_SEA_LAC,2022,7,202207,total,over,0.3977272727272727,101.0,0.4975124378109453,win,1.0,1.01,0.4260912233148928,52.71893438618257,-5.5,51.5
2022_07_SEA_LAC,2022,7,202207,total,under,0.6022727272727273,-114.0,0.5327102803738317,loss,0.0,-1.0,0.4260912233148928,52.71893438618257,-5.5,51.5
2022_07_TB_CAR,2022,7,202207,spread,home,0.5340909090909091,-107.0,0.5169082125603864,win,1.0,0.9345794392523364,-12.012500730975388,42.15386803569148,13.0,39.5
2022_07_TB_CAR,2022,7,202207,spread,away,0.46590909090909094,-103.0,0.5073891625615764,loss,0.0,-1.0,-12.012500730975388,42.15386803569148,13.0,39.5
2022_07_TB_CAR,2022,7,202207,total,over,0.4090909090909091,103.0,0.49261083743842365,loss,0.0,-1.0,-12.012500730975388,42.15386803569148,13.0,39.5
2022_07_TB_CAR,2022,7,202207,total,under,0.5909090909090908,-116.0,0.5370370370370371,win,1.0,0.8620689655172413,-12.012500730975388,42.15386803569148,13.0,39.5
2022_08_ARI_MIN,2022,8,202208,spread,home,0.38613861386138615,-105.0,0.5121951219512195,win,1.0,0.9523809523809523,0.4861215685538112,50.18033428886952,-4.0,48.5
2022_08_ARI_MIN,2022,8,202208,spread,away,0.6138613861386139,-105.0,0.5121951219512195,loss,0.0,-1.0,0.4861215685538112,50.18033428886952,-4.0,48.5
2022_08_ARI_MIN,2022,8,202208,total,over,0.42574257425742573,-106.0,0.5145631067961165,win,1.0,0.9433962264150944,0.4861215685538112,50.18033428886952,-4.0,48.5
2022_08_ARI_MIN,2022,8,202208,total,under,0.5742574257425743,-106.0,0.5145631067961165,loss,0.0,-1.0,0.4861215685538112,50.18033428886952,-4.0,48.5
2022_08_BAL_TB,2022,8,202208,spread,home,0.6237623762376238,-106.0,0.5145631067961165,loss,0.0,-1.0,5.087180223846858,45.19989494067052,-2.0,46.0
2022_08_BAL_TB,2022,8,202208,spread,away,0.37623762376237624,-104.0,0.5098039215686274,win,1.0,0.9615384615384616,5.087180223846858,45.19989494067052,-2.0,46.0
2022_08_BAL_TB,2022,8,202208,total,over,0.3564356435643564,-110.0,0.5238095238095238,win,1.0,0.9090909090909091,5.087180223846858,45.19989494067052,-2.0,46.0
2022_08_BAL_TB,2022,8,202208,total,under,0.6435643564356436,-102.0,0.504950495049505,loss,0.0,-1.0,5.087180223846858,45.19989494067052,-2.0,46.0
2022_08_CAR_ATL,2022,8,202208,spread,home,0.4158415841584158,-100.0,0.5,loss,0.0,-1.0,1.9126542392555024,51.36819509730972,-4.5,41.0
2022_08_CAR_ATL,2022,8,202208,spread,away,0.5841584158415842,-110.0,0.5238095238095238,win,1.0,0.9090909090909091,1.9126542392555024,51.36819509730972,-4.5,41.0
2022_08_CAR_ATL,2022,8,202208,total,over,0.6732673267326733,-106.0,0.5145631067961165,win,1.0,0.9433962264150944,1.9126542392555024,51.36819509730972,-4.5,41.0
2022_08_CAR_ATL,2022,8,202208,total,under,0.3267326732673267,-106.0,0.5145631067961165,loss,0.0,-1.0,1.9126542392555024,51.36819509730972,-4.5,41.0
2022_08_CHI_DAL,2022,8,202208,spread,home,0.46534653465346537,109.0,0.4784688995215311,win,1.0,1.09,9.284572391653636,42.32958751788745,-10.5,43.0
2022_08_CHI_DAL,2022,8,202208,spread,away,0.5346534653465347,-121.0,0.5475113122171946,loss,0.0,-1.0,9.284572391653636,42.32958751788745,-10.5,43.0
2022_08_CHI_DAL,2022,8,202208,total,over,0.37623762376237624,-104.0,0.5098039215686274,win,1.0,0.9615384615384616,9.284572391653636,42.32958751788745,-10.5,43.0
2022_08_CHI_DAL,2022,8,202208,total,under,0.6237623762376238,-108.0,0.5192307692307693,loss,0.0,-1.0,9.284572391653636,42.32958751788745,-10.5,43.0
2022_08_CIN_CLE,2022,8,202208,spread,home,0.5148514851485149,102.0,0.49504950495049505,win,1.0,1.02,-2.8546684259716644,48.56778566397486,3.0,45.0
2022_08_CIN_CLE,2022,8,202208,spread,away,0.48514851485148514,-112.0,0.5283018867924528,loss,0.0,-1.0,-2.8546684259716644,48.56778566397486,3.0,45.0
2022_08_CIN_CLE,2022,8,202208,total,over,0.45544554455445546,-110.0,0.5238095238095238,push,,0.0,-2.8546684259716644,48.56778566397486,3.0,45.0
2022_08_CIN_CLE,2022,8,202208,total,under,0.5445544554455446,-102.0,0.504950495049505,push,,0.0,-2.8546684259716644,48.56778566397486,3.0,45.0
2022_08_DEN_JAX,2022,8,202208,spread,home,0.6435643564356436,101.0,0.4975124378109453,loss,0.0,-1.0,4.3919716319962125,43.301700301249966,-1.0,41.0
2022_08_DEN_JAX,2022,8,202208,spread,away,0.3564356435643564,-112.0,0.5283018867924528,win,1.0,0.8928571428571429,4.3919716319962125,43.301700301249966,-1.0,41.0
2022_08_DEN_JAX,2022,8,202208,total,over,0.42574257425742573,-109.0,0.5215311004784688,loss,0.0,-1.0,4.3919716319962125,43.301700301249966,-1.0,41.0
2022_08_DEN_JAX,2022,8,202208,total,under,0.5742574257425743,-103.0,0.5073891625615764,win,1.0,0.970873786407767,4.3919716319962125,43.301700301249966,-1.0,41.0
2022_08_GB_BUF,2022,8,202208,spread,home,0.38613861386138615,100.0,0.5,loss,0.0,-1.0,6.654141435412275,48.72261869487317,-10.5,47.0
2022_08_GB_BUF,2022,8,202208,spread,away,0.6138613861386139,-110.0,0.5238095238095238,win,1.0,0.9090909090909091,6.654141435412275,48.72261869487317,-10.5,47.0
2022_08_GB_BUF,2022,8,202208,total,over,0.42574257425742573,-108.0,0.5192307692307693,loss,0.0,-1.0,6.654141435412275,48.72261869487317,-10.5,47.0
2022_08_GB_BUF,2022,8,202208,total,under,0.5742574257425743,-104.0,0.5098039215686274,win,1.0,0.9615384615384616,6.654141435412275,48.72261869487317,-10.5,47.0
2022_08_LV_NO,2022,8,202208,spread,home,0.6435643564356436,101.0,0.4975124378109453,win,1.0,1.01,2.453627330336374,50.26616956190538,1.0,48.5
2022_08_LV_NO,2022,8,202208,spread,away,0.3564356435643564,-111.0,0.5260663507109005,loss,0.0,-1.0,2.453627330336374,50.26616956190538,1.0,48.5
2022_08_LV_NO,2022,8,202208,total,over,0.42574257425742573,-101.0,0.5024875621890548,loss,0.0,-1.0,2.453627330336374,50.26616956190538,1.0,48.5
2022_08_LV_NO,2022,8,202208,total,under,0.5742574257425743,-111.0,0.5260663507109005,win,1.0,0.9009009009009009,2.453627330336374,50.26616956190538,1.0,48.5
2022_08_MIA_DET,2022,8,202208,spread,home,0.4158415841584158,102.0,0.49504950495049505,loss,0.0,-1.0,-5.967223126870975,49.561571876625486,3.5,52.0
2022_08_MIA_DET,2022,8,202208,spread,away,0.5841584158415842,-112.0,0.5283018867924528,win,1.0,0.8928571428571429,-5.967223126870975,49.561571876625486,3.5,52.0
2022_08_MIA_DET,2022,8,202208,total,over,0.32673267326732675,-104.0,0.5098039215686274,win,1.0,0.9615384615384616,-5.967223126870975,49.561571876625486,3.5,52.0
2022_08_MIA_DET,2022,8,202208,total,under,0.6732673267326732,-108.0,0.5192307692307693,loss,0.0,-1.0,-5.967223126870975,49.561571876625486,3.5,52.0
2022_08_NE_NYJ,2022,8,202208,spread,home,0.37623762376237624,-107.0,0.5169082125603864,loss,0.0,-1.0,-7.493394941361831,45.21957193664592,3.0,40.0
2022_08_NE_NYJ,2022,8,202208,spread,away,0.6237623762376238,-103.0,0.5073891625615764,win,1.0,0.970873786407767,-7.493394941361831,45.21957193664592,3.0,40.0
2022_08_NE_NYJ,2022,8,202208,total,over,0.5346534653465347,-110.0,0.5238095238095238,loss,0.0,-1.0,-7.493394941361831,45.21957193664592,3.0,40.0
2022_08_NE_NYJ,2022,8,202208,total,under,0.4653465346534653,-102.0,0.504950495049505,win,1.0,0.9803921568627451,-7.493394941361831,45.21957193664592,3.0,40.0
2022_08_NYG_SEA,2022,8,202208,spread,home,0.6237623762376238,-110.0,0.5238095238095238,win,1.0,0.9090909090909091,6.070387263412596,47.18770458005713,-3.0,44.5
2022_08_NYG_SEA,2022,8,202208,spread,away,0.37623762376237624,-100.0,0.5,loss,0.0,-1.0,6.070387263412596,47.18770458005713,-3.0,44.5
2022_08_NYG_SEA,2022,8,202208,total,over,0.42574257425742573,-102.0,0.504950495049505,loss,0.0,-1.0,6.070387263412596,47.18770458005713,-3.0,44.5
2022_08_NYG_SEA,2022,8,202208,total,under,0.5742574257425743,-110.0,0.5238095238095238,win,1.0,0.9090909090909091,6.070387263412596,47.18770458005713,-3.0,44.5
2022_08_PIT_PHI,2022,8,202208,spread,home,0.3465346534653465,-112.0,0.5283018867924528,win,1.0,0.8928571428571429,5.699026779510206,46.65965246983353,-11.0,43.0
2022_08_PIT_PHI,2022,8,202208,spread,away,0.6534653465346535,102.0,0.49504950495049505,loss,0.0,-1.0,5.699026779510206,46.65965246983353,-11.0,43.0
2022_08_PIT_PHI,2022,8,202208,total,over,0.45544554455445546,-102.0,0.504950495049505,win,1.0,0.9803921568627451,5.699026779510206,46.65965246983353,-11.0,43.0
2022_08_PIT_PHI,2022,8,202208,total,under,0.5445544554455446,-110.0,0.5238095238095238,loss,0.0,-1.0,5.699026779510206,46.65965246983353,-11.0,43.0
2022_08_SF_LA,2022,8,202208,spread,home,0.5841584158415841,-114.0,0.5327102803738317,loss,0.0,-1.0,1.3491566434181022,47.71544020240769,1.0,42.0
2022_08_SF_LA,2022,8,202208,spread,away,0.4158415841584159,103.0,0.49261083743842365,win,1.0,1.03,1.3491566434181022,47.71544020240769,1.0,42.0
2022_08_SF_LA,2022,8,202208,total,over,0.5643564356435643,-109.0,0.5215311004784688,win,1.0,0.9174311926605505,1.3491566434181022,47.71544020240769,1.0,42.0
2022_08_SF_LA,2022,8,202208,total,under,0.4356435643564357,-103.0,0.5073891625615764,loss,0.0,-1.0,1.3491566434181022,47.71544020240769,1.0,42.0
2022_09_BAL_NO,2022,9,202209,spread,home,0.6929824561403509,106.0,0.4854368932038835,loss,0.0,-1.0,3.8513150653418062,47.95855179780167,1.0,46.0
2022_09_BAL_NO,2022,9,202209,spread,away,0.3070175438596491,-117.0,0.5391705069124424,win,1.0,0.8547008547008547,3.8513150653418062,47.95855179780167,1.0,46.0
2022_09_BAL_NO,2022,9,202209,total,over,0.4298245614035088,-104.0,0.5098039215686274,loss,0.0,-1.0,3.8513150653418062,47.95855179780167,1.0,46.0
2022_09_BAL_NO,2022,9,202209,total,under,0.5701754385964912,-108.0,0.5192307692307693,win,1.0,0.9259259259259259,3.8513150653418062,47.95855179780167,1.0,46.0
2022_09_BUF_NYJ,2022,9,202209,spread,home,0.4824561403508772,-114.0,0.5327102803738317,win,1.0,0.8771929824561403,-12.426164033877738,45.593721581301615,11.0,46.0
2022_09_BUF_NYJ,2022,9,202209,spread,away,0.5175438596491229,103.0,0.49261083743842365,loss,0.0,-1.0,-12.426164033877738,45.593721581301615,11.0,46.0
2022_09_BUF_NYJ,2022,9,202209,total,over,0.38596491228070173,-110.0,0.5238095238095238,loss,0.0,-1.0,-12.426164033877738,45.593721581301615,11.0,46.0
2022_09_BUF_NYJ,2022,9,202209,total,under,0.6140350877192983,-102.0,0.504950495049505,win,1.0,0.9803921568627451,-12.426164033877738,45.593721581301615,11.0,46.0
2022_09_CAR_CIN,2022,9,202209,spread,home,0.6403508771929824,-110.0,0.5238095238095238,win,1.0,0.9090909090909091,10.04677131175486,43.95178862105678,-7.0,43.0
2022_09_CAR_CIN,2022,9,202209,spread,away,0.35964912280701755,-100.0,0.5,loss,0.0,-1.0,10.04677131175486,43.95178862105678,-7.0,43.0
2022_09_CAR_CIN,2022,9,202209,total,over,0.42105263157894735,101.0,0.4975124378109453,win,1.0,1.01,10.04677131175486,43.95178862105678,-7.0,43.0
2022_09_CAR_CIN,2022,9,202209,total,under,0.5789473684210527,-114.0,0.5327102803738317,loss,0.0,-1.0,10.04677131175486,43.95178862105678,-7.0,43.0
2022_09_GB_DET,2022,9,202209,spread,home,0.47368421052631576,-103.0,0.5073891625615764,win,1.0,0.970873786407767,-5.757956307091558,51.18756693874348,4.0,49.5
2022_09_GB_DET,2022,9,202209,spread,away,0.5263157894736843,-107.0,0.5169082125603864,loss,0.0,-1.0,-5.757956307091558,51.18756693874348,4.0,49.5
2022_09_GB_DET,2022,9,202209,total,over,0.4298245614035088,-105.0,0.5121951219512195,loss,0.0,-1.0,-5.757956307091558,51.18756693874348,4.0,49.5
2022_09_GB_DET,2022,9,202209,total,under,0.5701754385964912,-107.0,0.5169082125603864,win,1.0,0.9345794392523364,-5.757956307091558,51.18756693874348,4.0,49.5
2022_09_LAC_ATL,2022,9,202209,spread,home,0.4824561403508772,103.0,0.49261083743842365,loss,0.0,-1.0,-3.924253972613081,52.11113587459924,2.5,49.5
2022_09_LAC_ATL,2022,9,202209,spread,away,0.5175438596491229,-114.0,0.5327102803738317,win,1.0,0.8771929824561403,-3.924253972613081,52.11113587459924,2.5,49.5
2022_09_LAC_ATL,2022,9,202209,total,over,0.4298245614035088,-107.0,0.5169082125603864,loss,0.0,-1.0,-3.924253972613081,52.11113587459924,2.5,49.5
2022_09_LAC_ATL,2022,9,202209,total,under,0.5701754385964912,-105.0,0.5121951219512195,win,1.0,0.9523809523809523,-3.924253972613081,52.11113587459924,2.5,49.5
2022_09_LA_TB,2022,9,202209,spread,home,0.543859649122807,-106.0,0.5145631067961165,push,,0.0,3.127969597439885,45.4048117408757,-3.0,43.0
2022_09_LA_TB,2022,9,202209,spread,away,0.45614035087719296,-104.0,0.5098039215686274,push,,0.0,3.127969597439885,45.4048117408757,-3.0,43.0
2022_09_LA_TB,2022,9,202209,total,over,0.4298245614035088,-104.0,0.5098039215686274,loss,0.0,-1.0,3.127969597439885,45.4048117408757,-3.0,43.0
2022_09_LA_TB,2022,9,202209,total,under,0.5701754385964912,-108.0,0.5192307692307693,win,1.0,0.9259259259259259,3.127969597439885,45.4048117408757,-3.0,43.0
2022_09_LV_JAX,2022,9,202209,spread,home,0.6578947368421053,-108.0,0.5192307692307693,win,1.0,0.9259259259259259,1.4908314954176534,43.17047995817817,2.5,47.5
2022_09_LV_JAX,2022,9,202209,spread,away,0.3421052631578947,-102.0,0.504950495049505,loss,0.0,-1.0,1.4908314954176534,43.17047995817817,2.5,47.5
2022_09_LV_JAX,2022,9,202209,total,over,0.30701754385964913,-118.0,0.5412844036697247,loss,0.0,-1.0,1.4908314954176534,43.17047995817817,2.5,47.5
2022_09_LV_JAX,2022,9,202209,total,under,0.6929824561403508,105.0,0.4878048780487805,win,1.0,1.05,1.4908314954176534,43.17047995817817,2.5,47.5
2022_09_MIA_CHI,2022,9,202209,spread,home,0.47368421052631576,-107.0,0.5169082125603864,win,1.0,0.9345794392523364,-5.94098672588314,44.82391453164315,4.0,46.0
2022_09_MIA_CHI,2022,9,202209,spread,away,0.5263157894736843,-103.0,0.5073891625615764,loss,0.0,-1.0,-5.94098672588314,44.82391453164315,4.0,46.0
2022_09_MIA_CHI,2022,9,202209,total,over,0.35964912280701755,-108.0,0.5192307692307693,win,1.0,0.9259259259259259,-5.94098672588314,44.82391453164315,4.0,46.0
2022_09_MIA_CHI,2022,9,202209,total,under,0.6403508771929824,-104.0,0.5098039215686274,loss,0.0,-1.0,-5.94098672588314,44.82391453164315,4.0,46.0
2022_09_MIN_WAS,2022,9,202209,spread,home,0.5526315789473685,108.0,0.4807692307692308,push,,0.0,-2.2822189201214043,43.17220735672571,3.0,43.5
2022_09_MIN_WAS,2022,9,202209,spread,away,0.4473684210526315,-119.0,0.54337899543379,push,,0.0,-2.2822189201214043,43.17220735672571,3.0,43.5
2022_09_MIN_WAS,2022,9,202209,total,over,0.38596491228070173,-106.0,0.5145631067961165,loss,0.0,-1.0,-2.2822189201214043,43.17220735672571,3.0,43.5
2022_09_MIN_WAS,2022,9,202209,total,under,0.6140350877192983,-106.0,0.5145631067961165,win,1.0,0.9433962264150944,-2.2822189201214043,43.17220735672571,3.0,43.5
2022_09_PHI_HOU,2022,9,202209,spread,home,0.5877192982456141,-113.0,0.5305164319248826,win,1.0,0.8849557522123894,-12.753100745473263,48.9350584199924,14.0,45.5
2022_09_PHI_HOU,2022,9,202209,spread,away,0.4122807017543859,102.0,0.49504950495049505,loss,0.0,-1.0,-12.753100745473263,48.9350584199924,14.0,45.5
2022_09_PHI_HOU,2022,9,202209,total,over,0.4649122807017544,-101.0,0.5024875621890548,win,1.0,0.9900990099009901,-12.753100745473263,48.9350584199924,14.0,45.5
2022_09_PHI_HOU,2022,9,202209,total,under,0.5350877192982456,-112.0,0.5283018867924528,loss,0.0,-1.0,-12.753100745473263,48.9350584199924,14.0,45.5
2022_09_SEA_ARI,2022,9,202209,spread,home,0.38596491228070173,-113.0,0.5305164319248826,loss,0.0,-1.0,-2.853247953776552,46.88296431300288,-1.5,49.5
2022_09_SEA_ARI,2022,9,202209,spread,away,0.6140350877192983,102.0,0.49504950495049505,win,1.0,1.02,-2.853247953776552,46.88296431300288,-1.5,49.5
2022_09_SEA_ARI,2022,9,202209,total,over,0.3333333333333333,103.0,0.49261083743842365,win,1.0,1.03,-2.853247953776552,46.88296431300288,-1.5,49.5
2022_09_SEA_ARI,2022,9,202209,total,under,0.6666666666666667,-115.0,0.5348837209302325,loss,0.0,-1.0,-2.853247953776552,46.88296431300288,-1.5,49.5
2022_10_ATL_CAR,2022,10,202210,spread,home,0.552,-107.0,0.5169082125603864,win,1.0,0.9345794392523364,-2.4857218633939078,42.299920501953416,2.5,41.5
2022_10_ATL_CAR,2022,10,202210,spread,away,0.44799999999999995,-103.0,0.5073891625615764,loss,0.0,-1.0,-2.4857218633939078,42.299920501953416,2.5,41.5
2022_10_ATL_CAR,2022,10,202210,total,over,0.416,-106.0,0.5145631067961165,loss,0.0,-1.0,-2.4857218633939078,42.299920501953416,2.5,41.5
2022_10_ATL_CAR,2022,10,202210,total,under,0.5840000000000001,-106.0,0.5145631067961165,win,1.0,0.9433962264150944,-2.4857218633939078,42.299920501953416,2.5,41.5
2022_10_CLE_MIA,2022,10,202210,spread,home,0.48,-123.0,0.5515695067264574,win,1.0,0.8130081300813008,1.3046976303370488,48.75164882706395,-3.0,49.0
2022_10_CLE_MIA,2022,10,202210,spread,away,0.52,112.0,0.4716981132075472,loss,0.0,-1.0,1.3046976303370488,48.75164882706395,-3.0,49.0
2022_10_CLE_MIA,2022,10,202210,total,over,0.392,-110.0,0.5238095238095238,win,1.0,0.9090909090909091,1.3046976303370488,48.75164882706395,-3.0,49.0
2022_10_CLE_MIA,2022,10,202210,total,under,0.608,-102.0,0.504950495049505,loss,0.0,-1.0,1.3046976303370488,48.75164882706395,-3.0,49.0
2022_10_DAL_GB,2022,10,202210,spread,home,0.528,102.0,0.49504950495049505,win,1.0,1.02,-4.28649304210173,44.14020942793226,3.5,44.5
2022_10_DAL_GB,2022,10,202210,spread,away,0.472,-113.0,0.5305164319248826,loss,0.0,-1.0,-4.28649304210173,44.14020942793226,3.5,44.5
2022_10_DAL_GB,2022,10,202210,total,over,0.384,-108.0,0.5192307692307693,win,1.0,0.9259259259259259,-4.28649304210173,44.14020942793226,3.5,44.5
2022_10_DAL_GB,2022,10,202210,total,under,0.616,-104.0,0.5098039215686274,loss,0.0,-1.0,-4.28649304210173,44.14020942793226,3.5,44.5
2022_10_DEN_TEN,2022,10,202210,spread,home,0.672,-105.0,0.5121951219512195,win,1.0,0.9523809523809523,5.980584632538298,42.80963881222746,-2.5,40.0
2022_10_DEN_TEN,2022,10,202210,spread,away,0.32799999999999996,-105.0,0.5121951219512195,loss,0.0,-1.0,5.980584632538298,42.80963881222746,-2.5,40.0
2022_10_DEN_TEN,2022,10,202210,total,over,0.44,-105.0,0.5121951219512195,loss,0.0,-1.0,5.980584632538298,42.80963881222746,-2.5,40.0
2022_10_DEN_TEN,2022,10,202210,total,under,0.56,-107.0,0.5169082125603864,win,1.0,0.9345794392523364,5.980584632538298,42.80963881222746,-2.5,40.0
2022_10_DET_CHI,2022,10,202210,spread,home,0.432,-105.0,0.5121951219512195,loss,0.0,-1.0,0.4843380128539523,42.779538471106605,-3.0,48.5
2022_10_DET_CHI,2022,10,202210,spread,away,0.5680000000000001,-105.0,0.5121951219512195,win,1.0,0.9523809523809523,0.4843380128539523,42.779538471106605,-3.0,48.5
2022_10_DET_CHI,2022,10,202210,total,over,0.272,101.0,0.4975124378109453,win,1.0,1.01,0.4843380128539523,42.779538471106605,-3.0,48.5
2022_10_DET_CHI,2022,10,202210,total,under,0.728,-114.0,0.5327102803738317,loss,0.0,-1.0,0.4843380128539523,42.779538471106605,-3.0,48.5
2022_10_HOU_NYG,2022,10,202210,spread,home,0.656,102.0,0.49504950495049505,win,1.0,1.02,8.446323276993347,43.6877192250192,-5.5,41.5
2022_10_HOU_NYG,2022,10,202210,spread,away,0.344,-112.0,0.5283018867924528,loss,0.0,-1.0,8.446323276993347,43.6877192250192,-5.5,41.5
2022_10_HOU_NYG,2022,10,202210,total,over,0.424,-103.0,0.5073891625615764,loss,0.0,-1.0,8.446323276993347,43.6877192250192,-5.5,41.5
2022_10_HOU_NYG,2022,10,202210,total,under,0.5760000000000001,-109.0,0.5215311004784688,win,1.0,0.9174311926605505,8.446323276993347,43.6877192250192,-5.5,41.5
2022_10_IND_LV,2022,10,202210,spread,home,0.392,101.0,0.4975124378109453,loss,0.0,-1.0,0.5524058055430172,45.25865253072608,-4.5,41.0
2022_10_IND_LV,2022,10,202210,spread,away,0.608,-112.0,0.5283018867924528,win,1.0,0.8928571428571429,0.5524058055430172,45.25865253072608,-4.5,41.0
2022_10_IND_LV,2022,10,202210,total,over,0.504,-114.0,0.5327102803738317,win,1.0,0.8771929824561403,0.5524058055430172,45.25865253072608,-4.5,41.0
2022_10_IND_LV,2022,10,202210,total,under,0.496,101.0,0.4975124378109453,loss,0.0,-1.0,0.5524058055430172,45.25865253072608,-4.5,41.0
2022_10_JAX_KC,2022,10,202210,spread,home,0.416,109.0,0.4784688995215311,push,,0.0,7.037014818452295,48.832068017268845,-10.0,51.5
2022_10_JAX_KC,2022,10,202210,spread,away,0.5840000000000001,-120.0,0.5454545454545454,push,,0.0,7.037014818452295,48.832068017268845,-10.0,51.5
2022_10_JAX_KC,2022,10,202210,total,over,0.336,-102.0,0.504950495049505,loss,0.0,-1.0,7.037014818452295,48.832068017268845,-10.0,51.5
2022_10_JAX_KC,2022,10,202210,total,under,0.6639999999999999,-110.0,0.5238095238095238,win,1.0,0.9090909090909091,7.037014818452295,48.832068017268845,-10.0,51.5
2022_10_LAC_SF,2022,10,202210,spread,home,0.4,-105.0,0.5121951219512195,loss,0.0,-1.0,5.253640638504832,50.57878399592063,-8.5,45.5
2022_10_LAC_SF,2022,10,202210,spread,away,0.6,-105.0,0.5121951219512195,win,1.0,0.9523809523809523,5.253640638504832,50.57878399592063,-8.5,45.5
2022_10_LAC_SF,2022,10,202210,total,over,0.544,-113.0,0.5305164319248826,loss,0.0,-1.0,5.253640638504832,50.57878399592063,-8.5,45.5
2022_10_LAC_SF,2022,10,202210,total,under,0.45599999999999996,101.0,0.4975124378109453,win,1.0,1.01,5.253640638504832,50.57878399592063,-8.5,45.5
2022_10_MIN_BUF,2022,10,202210,spread,home,0.576,-106.0,0.5145631067961165,loss,0.0,-1.0,7.369997339299523,47.239060612325815,-6.5,47.0
2022_10_MIN_BUF,2022,10,202210,spread,away,0.42400000000000004,-104.0,0.5098039215686274,win,1.0,0.9615384615384616,7.369997339299523,47.239060612325815,-6.5,47.0
2022_10_MIN_BUF,2022,10,202210,total,over,0.4,-107.0,0.5169082125603864,win,1.0,0.9345794392523364,7.369997339299523,47.239060612325815,-6.5,47.0
2022_10_MIN_BUF,2022,10,202210,total,under,0.6,-105.0,0.5121951219512195,loss,0.0,-1.0,7.369997339299523,47.239060612325815,-6.5,47.0
2022_10_NO_PIT,2022,10,202210,spread,home,0.336,-107.0,0.5169082125603864,win,1.0,0.9345794392523364,-4.847241251330531,40.874699826839134,-1.0,39.5
2022_10_NO_PIT,2022,10,202210,spread,away,0.6639999999999999,-103.0,0.5073891625615764,loss,0.0,-1.0,-4.847241251330531,40.874699826839134,-1.0,39.5
2022_10_NO_PIT,2022,10,202210,total,over,0.424,-109.0,0.5215311004784688,loss,0.0,-1.0,-4.847241251330531,40.874699826839134,-1.0,39.5
2022_10_NO_PIT,2022,10,202210,total,under,0.5760000000000001,-104.0,0.5098039215686274,win,1.0,0.9615384615384616,-4.847241251330531,40.874699826839134,-1.0,39.5
2022_10_SEA_TB,2022,10,202210,spread,home,0.48,-114.0,0.5327102803738317,win,1.0,0.8771929824561403,1.1166148684169472,47.75946224955822,-2.5,45.0
2022_10_SEA_TB,2022,10,202210,spread,away,0.52,103.0,0.49261083743842365,loss,0.0,-1.0,1.1166148684169472,47.75946224955822,-2.5,45.0
2022_10_SEA_TB,2022,10,202210,total,over,0.44,-108.0,0.5192307692307693,loss,0.0,-1.0,1.1166148684169472,47.75946224955822,-2.5,45.0
2022_10_SEA_TB,2022,10,202210,total,under,0.56,-104.0,0.5098039215686274,win,1.0,0.9615384615384616,1.1166148684169472,47.75946224955822,-2.5,45.0
2022_10_WAS_PHI,2022,10,202210,spread,home,0.472,-103.0,0.5073891625615764,loss,0.0,-1.0,9.148367329558637,44.17582516772924,-11.0,43.0
2022_10_WAS_PHI,2022,10,202210,spread,away,0.528,-107.0,0.5169082125603864,win,1.0,0.9345794392523364,9.148367329558637,44.17582516772924,-11.0,43.0
2022_10_WAS_PHI,2022,10,202210,total,over,0.416,-109.0,0.5215311004784688,win,1.0,0.9174311926605505,9.148367329558637,44.17582516772924,-11.0,43.0
2022_10_WAS_PHI,2022,10,202210,total,under,0.5840000000000001,-103.0,0.5073891625615764,loss,0.0,-1.0,9.148367329558637,44.17582516772924,-11.0,43.0
2022_11_CAR_BAL,2022,11,202211,spread,home,0.4057971014492754,106.0,0.4854368932038835,loss,0.0,-1.0,9.837365346279247,44.722887360124346,-13.0,42.0
2022_11_CAR_BAL,2022,11,202211,spread,away,0.5942028985507246,-117.0,0.5391705069124424,win,1.0,0.8547008547008547,9.837365346279247,44.722887360124346,-13.0,42.0
2022_11_CAR_BAL,2022,11,202211,total,over,0.4420289855072464,-100.0,0.5,loss,0.0,-1.0,9.837365346279247,44.722887360124346,-13.0,42.0
2022_11_CAR_BAL,2022,11,202211,total,under,0.5579710144927537,-112.0,0.5283018867924528,win,1.0,0.8928571428571429,9.837365346279247,44.722887360124346,-13.0,42.0
2022_11_CHI_ATL,2022,11,202211,spread,home,0.4782608695652174,110.0,0.47619047619047616,push,,0.0,1.3402552798634342,48.69635388388167,-3.0,48.5
2022_11_CHI_ATL,2022,11,202211,spread,away,0.5217391304347826,-122.0,0.5495495495495496,push,,0.0,1.3402552798634342,48.69635388388167,-3.0,48.5
2022_11_CHI_ATL,2022,11,202211,total,over,0.39855072463768115,-104.0,0.5098039215686274,win,1.0,0.9615384615384616,1.3402552798634342,48.69635388388167,-3.0,48.5
2022_11_CHI_ATL,2022,11,202211,total,under,0.6014492753623188,-108.0,0.5192307692307693,loss,0.0,-1.0,1.3402552798634342,48.69635388388167,-3.0,48.5
2022_11_CIN_PIT,2022,11,202211,spread,home,0.47101449275362317,-111.0,0.5260663507109005,loss,0.0,-1.0,-5.36487060120054,42.82459978805778,3.5,39.0
2022_11_CIN_PIT,2022,11,202211,spread,away,0.5289855072463768,101.0,0.4975124378109453,win,1.0,1.01,-5.36487060120054,42.82459978805778,3.5,39.0
2022_11_CIN_PIT,2022,11,202211,total,over,0.4855072463768116,-112.0,0.5283018867924528,win,1.0,0.8928571428571429,-5.36487060120054,42.82459978805778,3.5,39.0
2022_11_CIN_PIT,2022,11,202211,total,under,0.5144927536231885,100.0,0.5,loss,0.0,-1.0,-5.36487060120054,42.82459978805778,3.5,39.0
2022_11_CLE_BUF,2022,11,202211,spread,home,0.4927536231884058,-108.0,0.5192307692307693,win,1.0,0.9259259259259259,6.388422657943768,50.256463348616215,-7.5,50.5
2022_11_CLE_BUF,2022,11,202211,spread,away,0.5072463768115942,-103.0,0.5073891625615764,loss,0.0,-1.0,6.388422657943768,50.256463348616215,-7.5,50.5
2022_11_CLE_BUF,2022,11,202211,total,over,0.391304347826087,-109.0,0.5215311004784688,win,1.0,0.9174311926605505,6.388422657943768,50.256463348616215,-7.5,50.5
2022_11_CLE_BUF,2022,11,202211,total,under,0.6086956521739131,-103.0,0.5073891625615764,loss,0.0,-1.0,6.388422657943768,50.256463348616215,-7.5,50.5
2022_11_DAL_MIN,2022,11,202211,spread,home,0.427536231884058,104.0,0.49019607843137253,loss,0.0,-1.0,-4.2853293565339445,50.10089637168868,1.5,48.5
2022_11_DAL_MIN,2022,11,202211,spread,away,0.572463768115942,-115.0,0.5348837209302325,win,1.0,0.8695652173913043,-4.2853293565339445,50.10089637168868,1.5,48.5
2022_11_DAL_MIN,2022,11,202211,total,over,0.427536231884058,-103.0,0.5073891625615764,loss,0.0,-1.0,-4.2853293565339445,50.10089637168868,1.5,48.5
2022_11_DAL_MIN,2022,11,202211,total,under,0.572463768115942,-109.0,0.5215311004784688,win,1.0,0.9174311926605505,-4.2853293565339445,50.10089637168868,1.5,48.5
2022_11_DET_NYG,2022,11,202211,spread,home,0.5289855072463768,-107.0,0.5169082125603864,loss,0.0,-1.0,2.23461178113758,42.975665122142274,-3.0,44.0
2022_11_DET_NYG,2022,11,202211,spread,away,0.47101449275362317,-104.0,0.5098039215686274,win,1.0,0.9615384615384616,2.23461178113758,42.975665122142274,-3.0,44.0
2022_11_DET_NYG,2022,11,202211,total,over,0.3695652173913043,-116.0,0.5370370370370371,win,1.0,0.8620689655172413,2.23461178113758,42.975665122142274,-3.0,44.0
2022_11_DET_NYG,2022,11,202211,total,under,0.6304347826086957,103.0,0.49261083743842365,loss,0.0,-1.0,2.23461178113758,42.975665122142274,-3.0,44.0
2022_11_KC_LAC,2022,11,202211,spread,home,0.391304347826087,-108.0,0.5192307692307693,win,1.0,0.9259259259259259,-8.861887215586858,55.75103565476298,5.5,52.5
2022_11_KC_LAC,2022,11,202211,spread,away,0.6086956521739131,-102.0,0.504950495049505,loss,0.0,-1.0,-8.861887215586858,55.75103565476298,5.5,52.5
2022_11_KC_LAC,2022,11,202211,total,over,0.47101449275362317,-110.0,0.5238095238095238,win,1.0,0.9090909090909091,-8.861887215586858,55.75103565476298,5.5,52.5
2022_11_KC_LAC,2022,11,202211,total,under,0.5289855072463768,-102.0,0.504950495049505,loss,0.0,-1.0,-8.861887215586858,55.75103565476298,5.5,52.5
2022_11_LA_NO,2022,11,202211,spread,home,0.5652173913043478,104.0,0.49019607843137253,win,1.0,1.04,2.806527536777266,45.241796277351234,-2.5,39.5
2022_11_LA_NO,2022,11,202211,spread,away,0.4347826086956522,-115.0,0.5348837209302325,loss,0.0,-1.0,2.806527536777266,45.241796277351234,-2.5,39.5
2022_11_LA_NO,2022,11,202211,total,over,0.5869565217391305,-106.0,0.5145631067961165,win,1.0,0.9433962264150944,2.806527536777266,45.241796277351234,-2.5,39.5
2022_11_LA_NO,2022,11,202211,total,under,0.4130434782608695,-106.0,0.5145631067961165,loss,0.0,-1.0,2.806527536777266,45.241796277351234,-2.5,39.5
2022_11_LV_DEN,2022,11,202211,spread,home,0.4492753623188406,-117.0,0.5391705069124424,loss,0.0,-1.0,0.3584068376777575,44.79247565590604,-2.5,41.5
2022_11_LV_DEN,2022,11,202211,spread,away,0.5507246376811594,106.0,0.4854368932038835,win,1.0,1.06,0.3584068376777575,44.79247565590604,-2.5,41.5
2022_11_LV_DEN,2022,11,202211,total,over,0.47101449275362317,100.0,0.5,loss,0.0,-1.0,0.3584068376777575,44.79247565590604,-2.5,41.5
2022_11_LV_DEN,2022,11,202211,total,under,0.5289855072463768,-113.0,0.5305164319248826,win,1.0,0.8849557522123894,0.3584068376777575,44.79247565590604,-2.5,41.5
2022_11_NYJ_NE,2022,11,202211,spread,home,0.6666666666666666,-102.0,0.504950495049505,win,1.0,0.9803921568627451,6.536923166561661,37.71905455097025,-3.5,38.5
2022_11_NYJ_NE,2022,11,202211,spread,away,0.33333333333333337,-109.0,0.5215311004784688,loss,0.0,-1.0,6.536923166561661,37.71905455097025,-3.5,38.5
2022_11_NYJ_NE,2022,11,202211,total,over,0.37681159420289856,-109.0,0.5215311004784688,loss,0.0,-1.0,6.536923166561661,37.71905455097025,-3.5,38.5
2022_11_NYJ_NE,2022,11,202211,total,under,0.6231884057971014,-103.0,0.5073891625615764,win,1.0,0.970873786407767,6.536923166561661,37.71905455097025,-3.5,38.5
2022_11_PHI_IND,2022,11,202211,spread,home,0.6231884057971014,-102.0,0.504950495049505,win,1.0,0.9803921568627451,-4.832373321522634,45.749103508097576,6.5,45.5
2022_11_PHI_IND,2022,11,202211,spread,away,0.37681159420289856,-108.0,0.5192307692307693,loss,0.0,-1.0,-4.832373321522634,45.749103508097576,6.5,45.5
2022_11_PHI_IND,2022,11,202211,total,over,0.39855072463768115,-109.0,0.5215311004784688,loss,0.0,-1.0,-4.832373321522634,45.749103508097576,6.5,45.5
2022_11_PHI_IND,2022,11,202211,total,under,0.6014492753623188,-103.0,0.5073891625615764,win,1.0,0.970873786407767,-4.832373321522634,45.749103508097576,6.5,45.5
2022_11_SF_ARI,2022,11,202211,spread,home,0.6811594202898551,-113.0,0.5305164319248826,loss,0.0,-1.0,-6.360609339846415,47.46321781102392,10.0,43.5
2022_11_SF_ARI,2022,11,202211,spread,away,0.3188405797101449,103.0,0.49261083743842365,win,1.0,1.03,-6.360609339846415,47.46321781102392,10.0,43.5
2022_11_SF_ARI,2022,11,202211,total,over,0.4927536231884058,101.0,0.4975124378109453,win,1.0,1.01,-6.360609339846415,47.46321781102392,10.0,43.5
2022_11_SF_ARI,2022,11,202211,total,under,0.5072463768115942,-114.0,0.5327102803738317,loss,0.0,-1.0,-6.360609339846415,47.46321781102392,10.0,43.5
2022_11_TEN_GB,2022,11,202211,spread,home,0.47101449275362317,-117.0,0.5391705069124424,loss,0.0,-1.0,1.1818285323288311,42.18743616594767,-3.0,40.5
2022_11_TEN_GB,2022,11,202211,spread,away,0.5289855072463768,106.0,0.4854368932038835,win,1.0,1.06,1.1818285323288311,42.18743616594767,-3.0,40.5
2022_11_TEN_GB,2022,11,202211,total,over,0.427536231884058,-103.0,0.5073891625615764,win,1.0,0.970873786407767,1.1818285323288311,42.18743616594767,-3.0,40.5
2022_11_TEN_GB,2022,11,202211,total,under,0.572463768115942,-109.0,0.5215311004784688,loss,0.0,-1.0,1.1818285323288311,42.18743616594767,-3.0,40.5
2022_11_WAS_HOU,2022,11,202211,spread,home,0.391304347826087,-110.0,0.5238095238095238,loss,0.0,-1.0,-6.374896105245714,44.83103113841386,3.0,41.0
2022_11_WAS_HOU,2022,11,202211,spread,away,0.6086956521739131,-100.0,0.5,win,1.0,1.0,-6.374896105245714,44.83103113841386,3.0,41.0
2022_11_WAS_HOU,2022,11,202211,total,over,0.4855072463768116,-106.0,0.5145631067961165,loss,0.0,-1.0,-6.374896105245714,44.83103113841386,3.0,41.0
2022_11_WAS_HOU,2022,11,202211,total,under,0.5144927536231885,-106.0,0.5145631067961165,win,1.0,0.9433962264150944,-6.374896105245714,44.83103113841386,3.0,41.0
2022_12_ATL_WAS,2022,12,202212,spread,home,0.5460526315789473,-100.0,0.5,win,1.0,1.0,3.139008344312201,41.82966199293861,-3.5,40.5
2022_12_ATL_WAS,2022,12,202212,spread,away,0.45394736842105265,-110.0,0.5238095238095238,loss,0.0,-1.0,3.139008344312201,41.82966199293861,-3.5,40.5
2022_12_ATL_WAS,2022,12,202212,total,over,0.4407894736842105,101.0,0.4975124378109453,loss,0.0,-1.0,3.139008344312201,41.82966199293861,-3.5,40.5
2022_12_ATL_WAS,2022,12,202212,total,under,0.5592105263157895,-114.0,0.5327102803738317,win,1.0,0.8771929824561403,3.139008344312201,41.82966199293861,-3.5,40.5
2022_12_BAL_JAX,2022,12,202212,spread,home,0.618421052631579,-123.0,0.5515695067264574,win,1.0,0.8130081300813008,-1.6265964583823531,41.05603350241903,3.5,43.0
2022_12_BAL_JAX,2022,12,202212,spread,away,0.381578947368421,111.0,0.47393364928909953,loss,0.0,-1.0,-1.6265964583823531,41.05603350241903,3.5,43.0
2022_12_BAL_JAX,2022,12,202212,total,over,0.34210526315789475,-111.0,0.5260663507109005,win,1.0,0.9009009009009009,-1.6265964583823531,41.05603350241903,3.5,43.0
2022_12_BAL_JAX,2022,12,202212,total,under,0.6578947368421053,-102.0,0.504950495049505,loss,0.0,-1.0,-1.6265964583823531,41.05603350241903,3.5,43.0
2022_12_BUF_DET,2022,12,202212,spread,home,0.625,-116.0,0.5370370370370371,win,1.0,0.8620689655172413,-7.863450919074245,51.890379892420256,10.0,54.0
2022_12_BUF_DET,2022,12,202212,spread,away,0.375,105.0,0.4878048780487805,loss,0.0,-1.0,-7.863450919074245,51.890379892420256,10.0,54.0
2022_12_BUF_DET,2022,12,202212,total,over,0.34210526315789475,-110.0,0.5238095238095238,loss,0.0,-1.0,-7.863450919074245,51.890379892420256,10.0,54.0
2022_12_BUF_DET,2022,12,202212,total,under,0.6578947368421053,-102.0,0.504950495049505,win,1.0,0.9803921568627451,-7.863450919074245,51.890379892420256,10.0,54.0
2022_12_CHI_NYJ,2022,12,202212,spread,home,0.20394736842105263,-103.0,0.5073891625615764,win,1.0,0.970873786407767,0.2602654925683857,47.05344261689493,-8.5,36.5
2022_12_CHI_NYJ,2022,12,202212,spread,away,0.7960526315789473,-107.0,0.5169082125603864,loss,0.0,-1.0,0.2602654925683857,47.05344261689493,-8.5,36.5
2022_12_CHI_NYJ,2022,12,202212,total,over,0.7039473684210527,-109.0,0.5215311004784688,win,1.0,0.9174311926605505,0.2602654925683857,47.05344261689493,-8.5,36.5
2022_12_CHI_NYJ,2022,12,202212,total,under,0.29605263157894735,-103.0,0.5073891625615764,loss,0.0,-1.0,0.2602654925683857,47.05344261689493,-8.5,36.5
2022_12_CIN_TEN,2022,12,202212,spread,home,0.506578947368421,-113.0,0.5305164319248826,loss,0.0,-1.0,-1.8433628727168416,47.64934785923175,1.0,43.0
2022_12_CIN_TEN,2022,12,202212,spread,away,0.493421052631579,102.0,0.49504950495049505,win,1.0,1.02,-1.8433628727168416,47.64934785923175,1.0,43.0
2022_12_CIN_TEN,2022,12,202212,total,over,0.5263157894736842,105.0,0.4878048780487805,loss,0.0,-1.0,-1.8433628727168416,47.64934785923175,1.0,43.0
2022_12_CIN_TEN,2022,12,202212,total,under,0.4736842105263158,-118.0,0.5412844036697247,win,1.0,0.847457627118644,-1.8433628727168416,47.64934785923175,1.0,43.0
2022_12_DEN_CAR,2022,12,202212,spread,home,0.5328947368421053,-101.0,0.5024875621890548,win,1.0,0.9900990099009901,-1.71879262532418,40.13099630270345,1.0,36.5
2022_12_DEN_CAR,2022,12,202212,spread,away,0.4671052631578947,-109.0,0.5215311004784688,loss,0.0,-1.0,-1.71879262532418,40.13099630270345,1.0,36.5
2022_12_DEN_CAR,2022,12,202212,total,over,0.4868421052631579,-101.0,0.5024875621890548,loss,0.0,-1.0,-1.71879262532418,40.13099630270345,1.0,36.5
2022_12_DEN_CAR,2022,12,202212,total,under,0.513157894736842,-111.0,0.5260663507109005,win,1.0,0.9009009009009009,-1.71879262532418,40.13099630270345,1.0,36.5
2022_12_GB_PHI,2022,12,202212,spread,home,0.5,-105.0,0.5121951219512195,win,1.0,0.9523809523809523,5.576844607860004,40.49704827632734,-6.5,46.0
2022_12_GB_PHI,2022,12,202212,spread,away,0.5,-105.0,0.5121951219512195,loss,0.0,-1.0,5.576844607860004,40.49704827632734,-6.5,46.0
2022_12_GB_PHI,2022,12,202212,total,over,0.26973684210526316,-106.0,0.5145631067961165,win,1.0,0.9433962264150944,5.576844607860004,40.49704827632734,-6.5,46.0
2022_12_GB_PHI,2022,12,202212,total,under,0.7302631578947368,-106.0,0.5145631067961165,loss,0.0,-1.0,5.576844607860004,40.49704827632734,-6.5,46.0
2022_12_HOU_MIA,2022,12,202212,spread,home,0.48026315789473684,-109.0,0.5215311004784688,win,1.0,0.9174311926605505,12.847369252307432,47.779335855937816,-14.0,47.0
2022_12_HOU_MIA,2022,12,202212,spread,away,0.5197368421052632,-101.0,0.5024875621890548,loss,0.0,-1.0,12.847369252307432,47.779335855937816,-14.0,47.0
2022_12_HOU_MIA,2022,12,202212,total,over,0.4342105263157895,-109.0,0.5215311004784688,loss,0.0,-1.0,12.847369252307432,47.779335855937816,-14.0,47.0
2022_12_HOU_MIA,2022,12,202212,total,under,0.5657894736842105,-103.0,0.5073891625615764,win,1.0,0.970873786407767,12.847369252307432,47.779335855937816,-14.0,47.0
2022_12_LAC_ARI,2022,12,202212,spread,home,0.618421052631579,-102.0,0.504950495049505,win,1.0,0.9803921568627451,-0.8006763638968385,50.321831631525306,2.5,48.5
2022_12_LAC_ARI,2022,12,202212,spread,away,0.381578947368421,-108.0,0.5192307692307693,loss,0.0,-1.0,-0.8006763638968385,50.321831631525306,2.5,48.5
2022_12_LAC_ARI,2022,12,202212,total,over,0.4407894736842105,-112.0,0.5283018867924528,win,1.0,0.8928571428571429,-0.8006763638968385,50.321831631525306,2.5,48.5
2022_12_LAC_ARI,2022,12,202212,total,under,0.5592105263157895,-100.0,0.5,loss,0.0,-1.0,-0.8006763638968385,50.321831631525306,2.5,48.5
2022_12_LV_SEA,2022,12,202212,spread,home,0.6973684210526315,-103.0,0.5073891625615764,loss,0.0,-1.0,8.756672356743604,48.323591611182216,-4.0,47.5
2022_12_LV_SEA,2022,12,202212,spread,away,0.3026315789473685,-107.0,0.5169082125603864,win,1.0,0.9345794392523364,8.756672356743604,48.323591611182216,-4.0,47.5
2022_12_LV_SEA,2022,12,202212,total,over,0.4342105263157895,-109.0,0.5215311004784688,win,1.0,0.9174311926605505,8.756672356743604,48.323591611182216,-4.0,47.5
2022_12_LV_SEA,2022,12,202212,total,under,0.5657894736842105,-103.0,0.5073891625615764,loss,0.0,-1.0,8.756672356743604,48.323591611182216,-4.0,47.5
2022_12_NE_MIN,2022,12,202212,spread,home,0.2236842105263158,-108.0,0.5192307692307693,win,1.0,0.9259259259259259,-5.228859623231384,45.147115738919375,-2.5,42.5
2022_12_NE_MIN,2022,12,202212,spread,away,0.7763157894736842,-102.0,0.504950495049505,loss,0.0,-1.0,-5.228859623231384,45.147115738919375,-2.5,42.5
2022_12_NE_MIN,2022,12,202212,total,over,0.4473684210526316,-106.0,0.5145631067961165,win,1.0,0.9433962264150944,-5.228859623231384,45.147115738919375,-2.5,42.5
2022_12_NE_MIN,2022,12,202212,total,under,0.5526315789473684,-106.0,0.5145631067961165,loss,0.0,-1.0,-5.228859623231384,45.147115738919375,-2.5,42.5
2022_12_NO_SF,2022,12,202212,spread,home,0.375,103.0,0.49261083743842365,win,1.0,1.03,5.950401027982419,48.339475473728896,-9.5,44.0
2022_12_NO_SF,2022,12,202212,spread,away,0.625,-113.0,0.5305164319248826,loss,0.0,-1.0,5.950401027982419,48.339475473728896,-9.5,44.0
2022_12_NO_SF,2022,12,202212,total,over,0.5197368421052632,103.0,0.49261083743842365,loss,0.0,-1.0,5.950401027982419,48.339475473728896,-9.5,44.0
2022_12_NO_SF,2022,12,202212,total,under,0.48026315789473684,-116.0,0.5370370370370371,win,1.0,0.8620689655172413,5.950401027982419,48.339475473728896,-9.5,44.0
2022_12_NYG_DAL,2022,12,202212,spread,home,0.4934210526315789,104.0,0.49019607843137253,loss,0.0,-1.0,9.553177770075624,51.72000308413219,-10.5,45.5
2022_12_NYG_DAL,2022,12,202212,spread,away,0.506578947368421,-114.0,0.5327102803738317,win,1.0,0.8771929824561403,9.553177770075624,51.72000308413219,-10.5,45.5
2022_12_NYG_DAL,2022,12,202212,total,over,0.5986842105263158,-106.0,0.5145631067961165,win,1.0,0.9433962264150944,9.553177770075624,51.72000308413219,-10.5,45.5
2022_12_NYG_DAL,2022,12,202212,total,under,0.4013157894736842,-106.0,0.5145631067961165,loss,0.0,-1.0,9.553177770075624,51.72000308413219,-10.5,45.5
2022_12_PIT_IND,2022,12,202212,spread,home,0.46710526315789475,-100.0,0.5,loss,0.0,-1.0,1.086494657101948,44.743191880966144,-2.5,40.0
2022_12_PIT_IND,2022,12,202212,spread,away,0.5328947368421053,-110.0,0.5238095238095238,win,1.0,0.9090909090909091,1.086494657101948,44.743191880966144,-2.5,40.0
2022_12_PIT_IND,2022,12,202212,total,over,0.5328947368421053,101.0,0.4975124378109453,win,1.0,1.01,1.086494657101948,44.743191880966144,-2.5,40.0
2022_12_PIT_IND,2022,12,202212,total,under,0.4671052631578947,-114.0,0.5327102803738317,loss,0.0,-1.0,1.086494657101948,44.743191880966144,-2.5,40.0
2022_12_TB_CLE,2022,12,202212,spread,home,0.5592105263157895,107.0,0.4830917874396135,win,1.0,1.07,-2.628832819969024,45.01722695171086,3.0,42.0
2022_12_TB_CLE,2022,12,202212,spread,away,0.4407894736842105,-118.0,0.5412844036697247,loss,0.0,-1.0,-2.628832819969024,45.01722695171086,3.0,42.0
2022_12_TB_CLE,2022,12,202212,total,over,0.48026315789473684,-109.0,0.5215311004784688,loss,0.0,-1.0,-2.628832819969024,45.01722695171086,3.0,42.0
2022_12_TB_CLE,2022,12,202212,total,under,0.5197368421052632,-103.0,0.5073891625615764,win,1.0,0.970873786407767,-2.628832819969024,45.01722695171086,3.0,42.0
2022_13_BUF_NE,2022,13,202213,spread,home,0.6107784431137725,-105.0,0.5121951219512195,loss,0.0,-1.0,-2.3422175143237296,43.31773773708619,3.5,43.5
2022_13_BUF_NE,2022,13,202213,spread,away,0.3892215568862275,-105.0,0.5121951219512195,win,1.0,0.9523809523809523,-2.3422175143237296,43.31773773708619,3.5,43.5
2022_13_BUF_NE,2022,13,202213,total,over,0.40119760479041916,-109.0,0.5215311004784688,loss,0.0,-1.0,-2.3422175143237296,43.31773773708619,3.5,43.5
2022_13_BUF_NE,2022,13,202213,total,under,0.5988023952095809,-103.0,0.5073891625615764,win,1.0,0.970873786407767,-2.3422175143237296,43.31773773708619,3.5,43.5
2022_13_CLE_HOU,2022,13,202213,spread,home,0.5029940119760479,-102.0,0.504950495049505,loss,0.0,-1.0,-8.539015315345601,48.60145889335818,7.5,47.0
2022_13_CLE_HOU,2022,13,202213,spread,away,0.4970059880239521,-108.0,0.5192307692307693,win,1.0,0.9259259259259259,-8.539015315345601,48.60145889335818,7.5,47.0
2022_13_CLE_HOU,2022,13,202213,total,over,0.437125748502994,106.0,0.4854368932038835,loss,0.0,-1.0,-8.539015315345601,48.60145889335818,7.5,47.0
2022_13_CLE_HOU,2022,13,202213,total,under,0.562874251497006,-119.0,0.54337899543379,win,1.0,0.8403361344537815,-8.539015315345601,48.60145889335818,7.5,47.0
2022_13_DEN_BAL,2022,13,202213,spread,home,0.5269461077844312,112.0,0.4716981132075472,loss,0.0,-1.0,8.675908311664939,41.86771862229566,-9.5,40.5
2022_13_DEN_BAL,2022,13,202213,spread,away,0.4730538922155688,-124.0,0.5535714285714286,win,1.0,0.8064516129032258,8.675908311664939,41.86771862229566,-9.5,40.5
2022_13_DEN_BAL,2022,13,202213,total,over,0.437125748502994,-113.0,0.5305164319248826,loss,0.0,-1.0,8.675908311664939,41.86771862229566,-9.5,40.5
2022_13_DEN_BAL,2022,13,202213,total,under,0.562874251497006,100.0,0.5,win,1.0,1.0,8.675908311664939,41.86771862229566,-9.5,40.5
2022_13_GB_CHI,2022,13,202213,spread,home,0.5868263473053892,-116.0,0.5370370370370371,loss,0.0,-1.0,-3.3487550870273366,46.16453448313378,4.0,45.0
2022_13_GB_CHI,2022,13,202213,spread,away,0.4131736526946108,105.0,0.4878048780487805,win,1.0,1.05,-3.3487550870273366,46.16453448313378,4.0,45.0
2022_13_GB_CHI,2022,13,202213,total,over,0.4251497005988024,101.0,0.4975124378109453,win,1.0,1.01,-3.3487550870273366,46.16453448313378,4.0,45.0
2022_13_GB_CHI,2022,13,202213,total,under,0.5748502994011976,-114.0,0.5327102803738317,loss,0.0,-1.0,-3.3487550870273366,46.16453448313378,4.0,45.0
2022_13_IND_DAL,2022,13,202213,spread,home,0.5089820359281437,-101.0,0.5024875621890548,win,1.0,0.9900990099009901,10.056654722822106,48.354744277206535,-11.0,44.5
2022_13_IND_DAL,2022,13,202213,spread,away,0.49101796407185627,-109.0,0.5215311004784688,loss,0.0,-1.0,10.056654722822106,48.354744277206535,-11.0,44.5
2022_13_IND_DAL,2022,13,202213,total,over,0.5089820359281437,-108.0,0.5192307692307693,win,1.0,0.9259259259259259,10.056654722822106,48.354744277206535,-11.0,44.5
2022_13_IND_DAL,2022,13,202213,total,under,0.49101796407185627,-104.0,0.5098039215686274,loss,0.0,-1.0,10.056654722822106,48.354744277206535,-11.0,44.5
2022_13_JAX_DET,2022,13,202213,spread,home,0.40718562874251496,-110.0,0.5238095238095238,win,1.0,0.9090909090909091,-1.902250849597504,52.37033256412775,-1.0,51.5
2022_13_JAX_DET,2022,13,202213,spread,away,0.592814371257485,-100.0,0.5,loss,0.0,-1.0,-1.902250849597504,52.37033256412775,-1.0,51.5
2022_13_JAX_DET,2022,13,202213,total,over,0.4251497005988024,101.0,0.4975124378109453,win,1.0,1.01,-1.902250849597504,52.37033256412775,-1.0,51.5
2022_13_JAX_DET,2022,13,202213,total,under,0.5748502994011976,-114.0,0.5327102803738317,loss,0.0,-1.0,-1.902250849597504,52.37033256412775,-1.0,51.5
2022_13_KC_CIN,2022,13,202213,spread,home,0.5688622754491018,-102.0,0.504950495049505,win,1.0,0.9803921568627451,-2.3659918276606997,54.85562324854918,2.5,53.0
2022_13_KC_CIN,2022,13,202213,spread,away,0.43113772455089816,-108.0,0.5192307692307693,loss,0.0,-1.0,-2.3659918276606997,54.85562324854918,2.5,53.0
2022_13_KC_CIN,2022,13,202213,total,over,0.437125748502994,-105.0,0.5121951219512195,loss,0.0,-1.0,-2.3659918276606997,54.85562324854918,2.5,53.0
2022_13_KC_CIN,2022,13,202213,total,under,0.562874251497006,-107.0,0.5169082125603864,win,1.0,0.9345794392523364,-2.3659918276606997,54.85562324854918,2.5,53.0
2022_13_LAC_LV,2022,13,202213,spread,home,0.3652694610778443,-109.0,0.5215311004784688,win,1.0,0.9174311926605505,-1.427272401388819,52.49674345274624,-2.5,49.0
2022_13_LAC_LV,2022,13,202213,spread,away,0.6347305389221557,-102.0,0.504950495049505,loss,0.0,-1.0,-1.427272401388819,52.49674345274624,-2.5,49.0
2022_13_LAC_LV,2022,13,202213,total,over,0.47904191616766467,-114.0,0.5327102803738317,loss,0.0,-1.0,-1.427272401388819,52.49674345274624,-2.5,49.0
2022_13_LAC_LV,2022,13,202213,total,under,0.5209580838323353,102.0,0.49504950495049505,win,1.0,1.02,-1.427272401388819,52.49674345274624,-2.5,49.0
2022_13_NO_TB,2022,13,202213,spread,home,0.5568862275449101,-105.0,0.5121951219512195,loss,0.0,-1.0,3.228950882258182,44.8541786665374,-3.5,41.0
2022_13_NO_TB,2022,13,202213,spread,away,0.44311377245508987,-105.0,0.5121951219512195,win,1.0,0.9523809523809523,3.228950882258182,44.8541786665374,-3.5,41.0
2022_13_NO_TB,2022,13,202213,total,over,0.5089820359281437,-105.0,0.5121951219512195,loss,0.0,-1.0,3.228950882258182,44.8541786665374,-3.5,41.0
2022_13_NO_TB,2022,13,202213,total,under,0.49101796407185627,-107.0,0.5169082125603864,win,1.0,0.9345794392523364,3.228950882258182,44.8541786665374,-3.5,41.0
2022_13_NYJ_MIN,2022,13,202213,spread,home,0.4550898203592814,106.0,0.4854368932038835,win,1.0,1.06,0.9610309257398922,49.740202772422485,-3.0,44.0
2022_13_NYJ_MIN,2022,13,202213,spread,away,0.5449101796407185,-117.0,0.5391705069124424,loss,0.0,-1.0,0.9610309257398922,49.740202772422485,-3.0,44.0
2022_13_NYJ_MIN,2022,13,202213,total,over,0.592814371257485,-104.0,0.5098039215686274,win,1.0,0.9615384615384616,0.9610309257398922,49.740202772422485,-3.0,44.0
2022_13_NYJ_MIN,2022,13,202213,total,under,0.40718562874251496,-108.0,0.5192307692307693,loss,0.0,-1.0,0.9610309257398922,49.740202772422485,-3.0,44.0
2022_13_PIT_ATL,2022,13,202213,spread,home,0.5568862275449101,-105.0,0.5121951219512195,loss,0.0,-1.0,-1.1904522015728722,49.0254220799459,1.0,43.0
2022_13_PIT_ATL,2022,13,202213,spread,away,0.44311377245508987,-105.0,0.5121951219512195,win,1.0,0.9523809523809523,-1.1904522015728722,49.0254220799459,1.0,43.0
2022_13_PIT_ATL,2022,13,202213,total,over,0.592814371257485,-104.0,0.5098039215686274,loss,0.0,-1.0,-1.1904522015728722,49.0254220799459,1.0,43.0
2022_13_PIT_ATL,2022,13,202213,total,under,0.40718562874251496,-108.0,0.5192307692307693,win,1.0,0.9259259259259259,-1.1904522015728722,49.0254220799459,1.0,43.0
2022_13_SEA_LA,2022,13,202213,spread,home,0.46706586826347307,-118.0,0.5412844036697247,win,1.0,0.847457627118644,-8.705360124778611,47.36319359106606,7.0,41.0
2022_13_SEA_LA,2022,13,202213,spread,away,0.5329341317365269,107.0,0.4830917874396135,loss,0.0,-1.0,-8.705360124778611,47.36319359106606,7.0,41.0
2022_13_SEA_LA,2022,13,202213,total,over,0.6107784431137725,-114.0,0.5327102803738317,win,1.0,0.8771929824561403,-8.705360124778611,47.36319359106606,7.0,41.0
2022_13_SEA_LA,2022,13,202213,total,under,0.3892215568862275,101.0,0.4975124378109453,loss,0.0,-1.0,-8.705360124778611,47.36319359106606,7.0,41.0
2022_13_TEN_PHI,2022,13,202213,spread,home,0.47305389221556887,-101.0,0.5024875621890548,win,1.0,0.9900990099009901,3.368113551575807,47.08542519877098,-5.0,44.5
2022_13_TEN_PHI,2022,13,202213,spread,away,0.5269461077844311,-109.0,0.5215311004784688,loss,0.0,-1.0,3.368113551575807,47.08542519877098,-5.0,44.5
2022_13_TEN_PHI,2022,13,202213,total,over,0.4431137724550898,-114.0,0.5327102803738317,win,1.0,0.8771929824561403,3.368113551575807,47.08542519877098,-5.0,44.5
2022_13_TEN_PHI,2022,13,202213,total,under,0.5568862275449102,101.0,0.4975124378109453,loss,0.0,-1.0,3.368113551575807,47.08542519877098,-5.0,44.5
2022_13_WAS_NYG,2022,13,202213,spread,home,0.5808383233532934,-116.0,0.5370370370370371,win,1.0,0.8620689655172413,-1.9867909049776664,43.83295324325884,2.5,40.0
2022_13_WAS_NYG,2022,13,202213,spread,away,0.41916167664670656,105.0,0.4878048780487805,loss,0.0,-1.0,-1.9867909049776664,43.83295324325884,2.5,40.0
2022_13_WAS_NYG,2022,13,202213,total,over,0.5029940119760479,-108.0,0.5192307692307693,push,,0.0,-1.9867909049776664,43.83295324325884,2.5,40.0
2022_13_WAS_NYG,2022,13,202213,total,under,0.4970059880239521,-104.0,0.5098039215686274,push,,0.0,-1.9867909049776664,43.83295324325884,2.5,40.0
2022_14_BAL_PIT,2022,14,202214,spread,home,0.35911602209944754,-109.0,0.5215311004784688,loss,0.0,-1.0,-2.7450411235152608,40.239871901870494,-1.5,37.0
2022_14_BAL_PIT,2022,14,202214,spread,away,0.6408839779005524,-101.0,0.5024875621890548,win,1.0,0.9900990099009901,-2.7450411235152608,40.239871901870494,-1.5,37.0
2022_14_BAL_PIT,2022,14,202214,total,over,0.47513812154696133,101.0,0.4975124378109453,loss,0.0,-1.0,-2.7450411235152608,40.239871901870494,-1.5,37.0
2022_14_BAL_PIT,2022,14,202214,total,under,0.5248618784530387,-114.0,0.5327102803738317,win,1.0,0.8771929824561403,-2.7450411235152608,40.239871901870494,-1.5,37.0
2022_14_CAR_SEA,2022,14,202214,spread,home,0.7679558011049724,-117.0,0.5391705069124424,loss,0.0,-1.0,10.478146405350412,43.88870201611178,-3.5,44.5
2022_14_CAR_SEA,2022,14,202214,spread,away,0.2320441988950276,106.0,0.4854368932038835,win,1.0,1.06,10.478146405350412,43.88870201611178,-3.5,44.5
2022_14_CAR_SEA,2022,14,202214,total,over,0.3812154696132597,-104.0,0.5098039215686274,win,1.0,0.9615384615384616,10.478146405350412,43.88870201611178,-3.5,44.5
2022_14_CAR_SEA,2022,14,202214,total,under,0.6187845303867403,-109.0,0.5215311004784688,loss,0.0,-1.0,10.478146405350412,43.88870201611178,-3.5,44.5
2022_14_CLE_CIN,2022,14,202214,spread,home,0.5911602209944752,-102.0,0.504950495049505,win,1.0,0.9803921568627451,5.233018809168468,50.40474560350352,-4.5,47.0
2022_14_CLE_CIN,2022,14,202214,spread,away,0.4088397790055248,-108.0,0.5192307692307693,loss,0.0,-1.0,5.233018809168468,50.40474560350352,-4.5,47.0
2022_14_CLE_CIN,2022,14,202214,total,over,0.47513812154696133,-105.0,0.5121951219512195,loss,0.0,-1.0,5.233018809168468,50.40474560350352,-4.5,47.0
2022_14_CLE_CIN,2022,14,202214,total,under,0.5248618784530387,-108.0,0.5192307692307693,win,1.0,0.9259259259259259,5.233018809168468,50.40474560350352,-4.5,47.0
2022_14_HOU_DAL,2022,14,202214,spread,home,0.5966850828729282,-115.0,0.5348837209302325,loss,0.0,-1.0,17.94050282298845,47.986014968134434,-17.0,44.5
2022_14_HOU_DAL,2022,14,202214,spread,away,0.4033149171270718,104.0,0.49019607843137253,win,1.0,1.04,17.94050282298845,47.986014968134434,-17.0,44.5
2022_14_HOU_DAL,2022,14,202214,total,over,0.47513812154696133,-104.0,0.5098039215686274,win,1.0,0.9615384615384616,17.94050282298845,47.986014968134434,-17.0,44.5
2022_14_HOU_DAL,2022,14,202214,total,under,0.5248618784530387,-108.0,0.5192307692307693,loss,0.0,-1.0,17.94050282298845,47.986014968134434,-17.0,44.5
2022_14_JAX_TEN,2022,14,202214,spread,home,0.44751381215469616,-117.0,0.5391705069124424,loss,0.0,-1.0,0.8575776213358102,47.7540273149296,-3.0,42.0
2022_14_JAX_TEN,2022,14,202214,spread,away,0.5524861878453038,106.0,0.4854368932038835,win,1.0,1.06,0.8575776213358102,47.7540273149296,-3.0,42.0
2022_14_JAX_TEN,2022,14,202214,total,over,0.5966850828729282,-101.0,0.5024875621890548,win,1.0,0.9900990099009901,0.8575776213358102,47.7540273149296,-3.0,42.0
2022_14_JAX_TEN,2022,14,202214,total,under,0.4033149171270718,-112.0,0.5283018867924528,loss,0.0,-1.0,0.8575776213358102,47.7540273149296,-3.0,42.0
2022_14_KC_DEN,2022,14,202214,spread,home,0.40331491712707185,-103.0,0.5073891625615764,win,1.0,0.970873786407767,-11.542391247365387,47.24145920237471,8.5,44.5
2022_14_KC_DEN,2022,14,202214,spread,away,0.5966850828729282,-108.0,0.5192307692307693,loss,0.0,-1.0,-11.542391247365387,47.24145920237471,8.5,44.5
2022_14_KC_DEN,2022,14,202214,total,over,0.44751381215469616,-100.0,0.5,win,1.0,1.0,-11.542391247365387,47.24145920237471,8.5,44.5
2022_14_KC_DEN,2022,14,202214,total,under,0.5524861878453038,-112.0,0.5283018867924528,loss,0.0,-1.0,-11.542391247365387,47.24145920237471,8.5,44.5
2022_14_LV_LA,2022,14,202214,spread,home,0.7016574585635359,101.0,0.4975124378109453,win,1.0,1.01,-1.9849937217070976,49.76708396665607,6.5,42.5
2022_14_LV_LA,2022,14,202214,spread,away,0.2983425414364641,-112.0,0.5283018867924528,loss,0.0,-1.0,-1.9849937217070976,49.76708396665607,6.5,42.5
2022_14_LV_LA,2022,14,202214,total,over,0.6685082872928176,102.0,0.49504950495049505,loss,0.0,-1.0,-1.9849937217070976,49.76708396665607,6.5,42.5
2022_14_LV_LA,2022,14,202214,total,under,0.33149171270718236,-115.0,0.5348837209302325,win,1.0,0.8695652173913043,-1.9849937217070976,49.76708396665607,6.5,42.5
2022_14_MIA_LAC,2022,14,202214,spread,home,0.574585635359116,102.0,0.49504950495049505,win,1.0,1.02,-2.717766254296877,51.48004458004591,3.0,54.5
2022_14_MIA_LAC,2022,14,202214,spread,away,0.425414364640884,-113.0,0.5305164319248826,loss,0.0,-1.0,-2.717766254296877,51.48004458004591,3.0,54.5
2022_14_MIA_LAC,2022,14,202214,total,over,0.30386740331491713,-110.0,0.5238095238095238,loss,0.0,-1.0,-2.717766254296877,51.48004458004591,3.0,54.5
2022_14_MIA_LAC,2022,14,202214,total,under,0.6961325966850829,-102.0,0.504950495049505,win,1.0,0.9803921568627451,-2.717766254296877,51.48004458004591,3.0,54.5
2022_14_MIN_DET,2022,14,202214,spread,home,0.56353591160221,-102.0,0.504950495049505,win,1.0,0.9803921568627451,2.44972482709092,53.070030204415374,-2.5,51.5
2022_14_MIN_DET,2022,14,202214,spread,away,0.43646408839779005,-108.0,0.5192307692307693,loss,0.0,-1.0,2.44972482709092,53.070030204415374,-2.5,51.5
2022_14_MIN_DET,2022,14,202214,total,over,0.430939226519337,-102.0,0.504950495049505,win,1.0,0.9803921568627451,2.44972482709092,53.070030204415374,-2.5,51.5
2022_14_MIN_DET,2022,14,202214,total,under,0.569060773480663,-110.0,0.5238095238095238,loss,0.0,-1.0,2.44972482709092,53.070030204415374,-2.5,51.5
2022_14_NE_ARI,2022,14,202214,spread,home,0.4696132596685083,-106.0,0.5145631067961165,loss,0.0,-1.0,-3.868255637293392,46.55702343131196,2.0,44.0
2022_14_NE_ARI,2022,14,202214,spread,away,0.5303867403314917,-104.0,0.5098039215686274,win,1.0,0.9615384615384616,-3.868255637293392,46.55702343131196,2.0,44.0
2022_14_NE_ARI,2022,14,202214,total,over,0.4419889502762431,-110.0,0.5238095238095238,loss,0.0,-1.0,-3.868255637293392,46.55702343131196,2.0,44.0
2022_14_NE_ARI,2022,14,202214,total,under,0.5580110497237569,-103.0,0.5073891625615764,win,1.0,0.970873786407767,-3.868255637293392,46.55702343131196,2.0,44.0
2022_14_NYJ_BUF,2022,14,202214,spread,home,0.5469613259668509,-102.0,0.504950495049505,loss,0.0,-1.0,9.434827236041844,46.58972437152875,-10.0,43.5
2022_14_NYJ_BUF,2022,14,202214,spread,away,0.4530386740331491,-108.0,0.5192307692307693,win,1.0,0.9259259259259259,9.434827236041844,46.58972437152875,-10.0,43.5
2022_14_NYJ_BUF,2022,14,202214,total,over,0.47513812154696133,-108.0,0.5192307692307693,loss,0.0,-1.0,9.434827236041844,46.58972437152875,-10.0,43.5
2022_14_NYJ_BUF,2022,14,202214,total,under,0.5248618784530387,-104.0,0.5098039215686274,win,1.0,0.9615384615384616,9.434827236041844,46.58972437152875,-10.0,43.5
2022_14_PHI_NYG,2022,14,202214,spread,home,0.574585635359116,-115.0,0.5348837209302325,loss,0.0,-1.0,-7.295334007588669,44.98859345984444,7.5,44.5
2022_14_PHI_NYG,2022,14,202214,spread,away,0.425414364640884,104.0,0.49019607843137253,win,1.0,1.04,-7.295334007588669,44.98859345984444,7.5,44.5
2022_14_PHI_NYG,2022,14,202214,total,over,0.40331491712707185,-103.0,0.5073891625615764,win,1.0,0.970873786407767,-7.295334007588669,44.98859345984444,7.5,44.5
2022_14_PHI_NYG,2022,14,202214,total,under,0.5966850828729282,-109.0,0.5215311004784688,loss,0.0,-1.0,-7.295334007588669,44.98859345984444,7.5,44.5
2022_15_ARI_DEN,2022,15,202215,spread,home,0.38860103626943004,-106.0,0.5145631067961165,win,1.0,0.9433962264150944,-1.813690964909937,41.22378051328148,-1.5,37.5
2022_15_ARI_DEN,2022,15,202215,spread,away,0.6113989637305699,-104.0,0.5098039215686274,loss,0.0,-1.0,-1.813690964909937,41.22378051328148,-1.5,37.5
2022_15_ARI_DEN,2022,15,202215,total,over,0.49222797927461137,-103.0,0.5073891625615764,win,1.0,0.970873786407767,-1.813690964909937,41.22378051328148,-1.5,37.5
2022_15_ARI_DEN,2022,15,202215,total,under,0.5077720207253886,-110.0,0.5238095238095238,loss,0.0,-1.0,-1.813690964909937,41.22378051328148,-1.5,37.5
2022_15_BAL_CLE,2022,15,202215,spread,home,0.39896373056994816,-125.0,0.5555555555555556,win,1.0,0.8,-0.516560394846007,41.73490017938276,-2.5,39.5
2022_15_BAL_CLE,2022,15,202215,spread,away,0.6010362694300518,113.0,0.4694835680751174,loss,0.0,-1.0,-0.516560394846007,41.73490017938276,-2.5,39.5
2022_15_BAL_CLE,2022,15,202215,total,over,0.44041450777202074,-105.0,0.5121951219512195,loss,0.0,-1.0,-0.516560394846007,41.73490017938276,-2.5,39.5
2022_15_BAL_CLE,2022,15,202215,total,under,0.5595854922279793,-107.0,0.5169082125603864,win,1.0,0.9345794392523364,-0.516560394846007,41.73490017938276,-2.5,39.5
2022_15_CIN_TB,2022,15,202215,spread,home,0.616580310880829,-120.0,0.5454545454545454,loss,0.0,-1.0,-1.9780205175591,48.11511514371284,3.5,47.0
2022_15_CIN_TB,2022,15,202215,spread,away,0.383419689119171,108.0,0.4807692307692308,win,1.0,1.08,-1.9780205175591,48.11511514371284,3.5,47.0
2022_15_CIN_TB,2022,15,202215,total,over,0.42487046632124353,-114.0,0.5327102803738317,win,1.0,0.8771929824561403,-1.9780205175591,48.11511514371284,3.5,47.0
2022_15_CIN_TB,2022,15,202215,total,under,0.5751295336787565,101.0,0.4975124378109453,loss,0.0,-1.0,-1.9780205175591,48.11511514371284,3.5,47.0
2022_15_DAL_JAX,2022,15,202215,spread,home,0.47150259067357514,-110.0,0.5238095238095238,win,1.0,0.9090909090909091,-5.681788478602274,49.36582871129328,4.0,48.5
2022_15_DAL_JAX,2022,15,202215,spread,away,0.5284974093264249,100.0,0.5,loss,0.0,-1.0,-5.681788478602274,49.36582871129328,4.0,48.5
2022_15_DAL_JAX,2022,15,202215,total,over,0.42487046632124353,-110.0,0.5238095238095238,win,1.0,0.9090909090909091,-5.681788478602274,49.36582871129328,4.0,48.5
2022_15_DAL_JAX,2022,15,202215,total,under,0.5751295336787565,-103.0,0.5073891625615764,loss,0.0,-1.0,-5.681788478602274,49.36582871129328,4.0,48.5
2022_15_DET_NYJ,2022,15,202215,spread,home,0.3316062176165803,-110.0,0.5238095238095238,loss,0.0,-1.0,-3.191620535492731,46.2596528740213,-2.0,44.0
2022_15_DET_NYJ,2022,15,202215,spread,away,0.6683937823834196,-100.0,0.5,win,1.0,1.0,-3.191620535492731,46.2596528740213,-2.0,44.0
2022_15_DET_NYJ,2022,15,202215,total,over,0.44041450777202074,-103.0,0.5073891625615764,loss,0.0,-1.0,-3.191620535492731,46.2596528740213,-2.0,44.0
2022_15_DET_NYJ,2022,15,202215,total,under,0.5595854922279793,-109.0,0.5215311004784688,win,1.0,0.9174311926605505,-3.191620535492731,46.2596528740213,-2.0,44.0
2022_15_IND_MIN,2022,15,202215,spread,home,0.5544041450777202,-107.0,0.5169082125603864,loss,0.0,-1.0,3.1500225430289417,46.72578781173482,-3.5,46.5
2022_15_IND_MIN,2022,15,202215,spread,away,0.4455958549222798,-103.0,0.5073891625615764,win,1.0,0.970873786407767,3.1500225430289417,46.72578781173482,-3.5,46.5
2022_15_IND_MIN,2022,15,202215,total,over,0.40414507772020725,-105.0,0.5121951219512195,win,1.0,0.9523809523809523,3.1500225430289417,46.72578781173482,-3.5,46.5
2022_15_IND_MIN,2022,15,202215,total,under,0.5958549222797928,-107.0,0.5169082125603864,loss,0.0,-1.0,3.1500225430289417,46.72578781173482,-3.5,46.5
2022_15_KC_HOU,2022,15,202215,spread,home,0.46632124352331605,-120.0,0.5454545454545454,win,1.0,0.8333333333333334,-16.25185718176954,49.85686083443925,14.5,48.5
2022_15_KC_HOU,2022,15,202215,spread,away,0.533678756476684,109.0,0.4784688995215311,loss,0.0,-1.0,-16.25185718176954,49.85686083443925,14.5,48.5
2022_15_KC_HOU,2022,15,202215,total,over,0.43523316062176165,-103.0,0.5073891625615764,win,1.0,0.970873786407767,-16.25185718176954,49.85686083443925,14.5,48.5
2022_15_KC_HOU,2022,15,202215,total,under,0.5647668393782384,-109.0,0.5215311004784688,loss,0.0,-1.0,-16.25185718176954,49.85686083443925,14.5,48.5
2022_15_LA_GB,2022,15,202215,spread,home,0.5181347150259067,101.0,0.4975124378109453,win,1.0,1.01,7.163392565840877,40.11781845710089,-8.0,39.5
2022_15_LA_GB,2022,15,202215,spread,away,0.4818652849740933,-111.0,0.5260663507109005,loss,0.0,-1.0,7.163392565840877,40.11781845710089,-8.0,39.5
2022_15_LA_GB,2022,15,202215,total,over,0.40932642487046633,-111.0,0.5260663507109005,loss,0.0,-1.0,7.163392565840877,40.11781845710089,-8.0,39.5
2022_15_LA_GB,2022,15,202215,total,under,0.5906735751295337,-101.0,0.5024875621890548,win,1.0,0.9900990099009901,7.163392565840877,40.11781845710089,-8.0,39.5
2022_15_MIA_BUF,2022,15,202215,spread,home,0.42487046632124353,-106.0,0.5145631067961165,loss,0.0,-1.0,4.314724720496375,46.675143262554165,-7.0,44.0
2022_15_MIA_BUF,2022,15,202215,spread,away,0.5751295336787565,-104.0,0.5098039215686274,win,1.0,0.9615384615384616,4.314724720496375,46.675143262554165,-7.0,44.0
2022_15_MIA_BUF,2022,15,202215,total,over,0.44559585492227977,-119.0,0.54337899543379,win,1.0,0.8403361344537815,4.314724720496375,46.675143262554165,-7.0,44.0
2022_15_MIA_BUF,2022,15,202215,total,under,0.5544041450777202,106.0,0.4854368932038835,loss,0.0,-1.0,4.314724720496375,46.675143262554165,-7.0,44.0
2022_15_NE_LV,2022,15,202215,spread,home,0.35751295336787564,-122.0,0.5495495495495496,win,1.0,0.819672131147541,-3.627408394596544,46.91181641367602,-1.0,45.0
2022_15_NE_LV,2022,15,202215,spread,away,0.6424870466321244,111.0,0.47393364928909953,loss,0.0,-1.0,-3.627408394596544,46.91181641367602,-1.0,45.0
2022_15_NE_LV,2022,15,202215,total,over,0.43523316062176165,-108.0,0.5192307692307693,win,1.0,0.9259259259259259,-3.627408394596544,46.91181641367602,-1.0,45.0
2022_15_NE_LV,2022,15,202215,total,under,0.5647668393782384,-105.0,0.5121951219512195,loss,0.0,-1.0,-3.627408394596544,46.91181641367602,-1.0,45.0
2022_15_NYG_WAS,2022,15,202215,spread,home,0.5233160621761658,103.0,0.49261083743842365,loss,0.0,-1.0,3.7119669550824415,40.50903799847609,-4.5,40.5
2022_15_NYG_WAS,2022,15,202215,spread,away,0.4766839378238342,-114.0,0.5327102803738317,win,1.0,0.8771929824561403,3.7119669550824415,40.50903799847609,-4.5,40.5
2022_15_NYG_WAS,2022,15,202215,total,over,0.39896373056994816,-108.0,0.5192307692307693,loss,0.0,-1.0,3.7119669550824415,40.50903799847609,-4.5,40.5
2022_15_NYG_WAS,2022,15,202215,total,under,0.6010362694300518,-104.0,0.5098039215686274,win,1.0,0.9615384615384616,3.7119669550824415,40.50903799847609,-4.5,40.5
2022_15_PHI_CHI,2022,15,202215,spread,home,0.48186528497409326,-106.0,0.5145631067961165,win,1.0,0.9433962264150944,-10.017662572139075,41.01072242924237,8.5,48.0
2022_15_PHI_CHI,2022,15,202215,spread,away,0.5181347150259068,-104.0,0.5098039215686274,loss,0.0,-1.0,-10.017662572139075,41.01072242924237,8.5,48.0
2022_15_PHI_CHI,2022,15,202215,total,over,0.23834196891191708,-103.0,0.5073891625615764,loss,0.0,-1.0,-10.017662572139075,41.01072242924237,8.5,48.0
2022_15_PHI_CHI,2022,15,202215,total,under,0.7616580310880829,-110.0,0.5238095238095238,win,1.0,0.9090909090909091,-10.017662572139075,41.01072242924237,8.5,48.0
2022_15_PIT_CAR,2022,15,202215,spread,home,0.35751295336787564,-110.0,0.5238095238095238,loss,0.0,-1.0,-1.7887934921996913,42.07528400383639,-2.5,36.5
2022_15_PIT_CAR,2022,15,202215,spread,away,0.6424870466321244,-100.0,0.5,win,1.0,1.0,-1.7887934921996913,42.07528400383639,-2.5,36.5
2022_15_PIT_CAR,2022,15,202215,total,over,0.5854922279792746,-114.0,0.5327102803738317,win,1.0,0.8771929824561403,-1.7887934921996913,42.07528400383639,-2.5,36.5
2022_15_PIT_CAR,2022,15,202215,total,under,0.4145077720207254,101.0,0.4975124378109453,loss,0.0,-1.0,-1.7887934921996913,42.07528400383639,-2.5,36.5
2022_15_SF_SEA,2022,15,202215,spread,home,0.46632124352331605,104.0,0.49019607843137253,loss,0.0,-1.0,-4.788342322903911,48.37916056497469,3.0,43.0
2022_15_SF_SEA,2022,15,202215,spread,away,0.533678756476684,-115.0,0.5348837209302325,win,1.0,0.8695652173913043,-4.788342322903911,48.37916056497469,3.0,43.0
2022_15_SF_SEA,2022,15,202215,total,over,0.5803108808290155,-103.0,0.5073891625615764,loss,0.0,-1.0,-4.788342322903911,48.37916056497469,3.0,43.0
2022_15_SF_SEA,2022,15,202215,total,under,0.4196891191709845,-109.0,0.5215311004784688,win,1.0,0.9174311926605505,-4.788342322903911,48.37916056497469,3.0,43.0
2022_15_TEN_LAC,2022,15,202215,spread,home,0.5025906735751295,-102.0,0.504950495049505,push,,0.0,1.9772172699607335,49.74150908961896,-3.0,46.5
2022_15_TEN_LAC,2022,15,202215,spread,away,0.49740932642487046,-108.0,0.5192307692307693,push,,0.0,1.9772172699607335,49.74150908961896,-3.0,46.5
2022_15_TEN_LAC,2022,15,202215,total,over,0.47668393782383417,-112.0,0.5283018867924528,loss,0.0,-1.0,1.9772172699607335,49.74150908961896,-3.0,46.5
2022_15_TEN_LAC,2022,15,202215,total,under,0.5233160621761659,-101.0,0.5024875621890548,win,1.0,0.9900990099009901,1.9772172699607335,49.74150908961896,-3.0,46.5
2022_16_BUF_CHI,2022,16,202216,spread,home,0.5432692307692307,-100.0,0.5,loss,0.0,-1.0,-8.6947642740828,39.44659792145967,8.0,40.0
2022_16_BUF_CHI,2022,16,202216,spread,away,0.4567307692307693,-110.0,0.5238095238095238,win,1.0,0.9090909090909091,-8.6947642740828,39.44659792145967,8.0,40.0
2022_16_BUF_CHI,2022,16,202216,total,over,0.3942307692307692,-115.0,0.5348837209302325,win,1.0,0.8695652173913043,-8.6947642740828,39.44659792145967,8.0,40.0
2022_16_BUF_CHI,2022,16,202216,total,under,0.6057692307692308,102.0,0.49504950495049505,loss,0.0,-1.0,-8.6947642740828,39.44659792145967,8.0,40.0
2022_16_CIN_NE,2022,16,202216,spread,home,0.5288461538461539,-110.0,0.5238095238095238,loss,0.0,-1.0,-3.751955120904896,43.68009958597045,3.0,42.0
2022_16_CIN_NE,2022,16,202216,spread,away,0.47115384615384615,100.0,0.5,win,1.0,1.0,-3.751955120904896,43.68009958597045,3.0,42.0
2022_16_CIN_NE,2022,16,202216,total,over,0.4375,-103.0,0.5073891625615764,loss,0.0,-1.0,-3.751955120904896,43.68009958597045,3.0,42.0
2022_16_CIN_NE,2022,16,202216,total,under,0.5625,-109.0,0.5215311004784688,win,1.0,0.9174311926605505,-3.751955120904896,43.68009958597045,3.0,42.0
2022_16_DEN_LA,2022,16,202216,spread,home,0.6346153846153846,105.0,0.4878048780487805,win,1.0,1.05,-1.2594518677695308,45.05589766525239,3.0,36.5
2022_16_DEN_LA,2022,16,202216,spread,away,0.3653846153846154,-116.0,0.5370370370370371,loss,0.0,-1.0,-1.2594518677695308,45.05589766525239,3.0,36.5
2022_16_DEN_LA,2022,16,202216,total,over,0.6923076923076923,-103.0,0.5073891625615764,win,1.0,0.970873786407767,-1.2594518677695308,45.05589766525239,3.0,36.5
2022_16_DEN_LA,2022,16,202216,total,under,0.3076923076923077,-109.0,0.5215311004784688,loss,0.0,-1.0,-1.2594518677695308,45.05589766525239,3.0,36.5
2022_16_DET_CAR,2022,16,202216,spread,home,0.4807692307692308,-111.0,0.5260663507109005,win,1.0,0.9009009009009009,-4.048650184102815,43.13530746934138,2.5,43.5
2022_16_DET_CAR,2022,16,202216,spread,away,0.5192307692307692,101.0,0.4975124378109453,loss,0.0,-1.0,-4.048650184102815,43.13530746934138,2.5,43.5
2022_16_DET_CAR,2022,16,202216,total,over,0.39903846153846156,-100.0,0.5,win,1.0,1.0,-4.048650184102815,43.13530746934138,2.5,43.5
2022_16_DET_CAR,2022,16,202216,total,under,0.6009615384615384,-112.0,0.5283018867924528,loss,0.0,-1.0,-4.048650184102815,43.13530746934138,2.5,43.5
2022_16_GB_MIA,2022,16,202216,spread,home,0.3894230769230769,-103.0,0.5073891625615764,loss,0.0,-1.0,-0.0195001188069386,45.92604657925239,-3.5,49.0
2022_16_GB_MIA,2022,16,202216,spread,away,0.6105769230769231,-107.0,0.5169082125603864,win,1.0,0.9345794392523364,-0.0195001188069386,45.92604657925239,-3.5,49.0
2022_16_GB_MIA,2022,16,202216,total,over,0.32211538461538464,-109.0,0.5215311004784688,loss,0.0,-1.0,-0.0195001188069386,45.92604657925239,-3.5,49.0
2022_16_GB_MIA,2022,16,202216,total,under,0.6778846153846154,-103.0,0.5073891625615764,win,1.0,0.970873786407767,-0.0195001188069386,45.92604657925239,-3.5,49.0
2022_16_HOU_TEN,2022,16,202216,spread,home,0.7932692307692307,-113.0,0.5305164319248826,loss,0.0,-1.0,10.795637927342352,30.96203550727025,-3.0,34.0
2022_16_HOU_TEN,2022,16,202216,spread,away,0.20673076923076927,103.0,0.49261083743842365,win,1.0,1.03,10.795637927342352,30.96203550727025,-3.0,34.0
2022_16_HOU_TEN,2022,16,202216,total,over,0.32211538461538464,-101.0,0.5024875621890548,loss,0.0,-1.0,10.795637927342352,30.96203550727025,-3.0,34.0
2022_16_HOU_TEN,2022,16,202216,total,under,0.6778846153846154,-111.0,0.5260663507109005,win,1.0,0.9009009009009009,10.795637927342352,30.96203550727025,-3.0,34.0
2022_16_JAX_NYJ,2022,16,202216,spread,home,0.2932692307692308,-106.0,0.5145631067961165,loss,0.0,-1.0,-3.718903215633115,44.420019234695104,-2.5,36.5
2022_16_JAX_NYJ,2022,16,202216,spread,away,0.7067307692307692,-104.0,0.5098039215686274,win,1.0,0.9615384615384616,-3.718903215633115,44.420019234695104,-2.5,36.5
2022_16_JAX_NYJ,2022,16,202216,total,over,0.6682692307692307,-106.0,0.5145631067961165,loss,0.0,-1.0,-3.718903215633115,44.420019234695104,-2.5,36.5
2022_16_JAX_NYJ,2022,16,202216,total,under,0.3317307692307693,-106.0,0.5145631067961165,win,1.0,0.9433962264150944,-3.718903215633115,44.420019234695104,-2.5,36.5
2022_16_LAC_IND,2022,16,202216,spread,home,0.5,-108.0,0.5192307692307693,loss,0.0,-1.0,-4.586052450289018,45.39165287433448,3.5,44.5
2022_16_LAC_IND,2022,16,202216,spread,away,0.5,-102.0,0.504950495049505,win,1.0,0.9803921568627451,-4.586052450289018,45.39165287433448,3.5,44.5
2022_16_LAC_IND,2022,16,202216,total,over,0.42788461538461536,-109.0,0.5215311004784688,loss,0.0,-1.0,-4.586052450289018,45.39165287433448,3.5,44.5
2022_16_LAC_IND,2022,16,202216,total,under,0.5721153846153846,-103.0,0.5073891625615764,win,1.0,0.970873786407767,-4.586052450289018,45.39165287433448,3.5,44.5
2022_16_LV_PIT,2022,16,202216,spread,home,0.6730769230769231,-102.0,0.504950495049505,win,1.0,0.9803921568627451,5.149525448688928,36.559857423323,-2.5,38.5
2022_16_LV_PIT,2022,16,202216,spread,away,0.32692307692307687,-108.0,0.5192307692307693,loss,0.0,-1.0,5.149525448688928,36.559857423323,-2.5,38.5
2022_16_LV_PIT,2022,16,202216,total,over,0.34134615384615385,-102.0,0.504950495049505,loss,0.0,-1.0,5.149525448688928,36.559857423323,-2.5,38.5
2022_16_LV_PIT,2022,16,202216,total,under,0.6586538461538461,-110.0,0.5238095238095238,win,1.0,0.9090909090909091,5.149525448688928,36.559857423323,-2.5,38.5
2022_16_NO_CLE,2022,16,202216,spread,home,0.46634615384615385,-123.0,0.5515695067264574,loss,0.0,-1.0,1.2539509722850448,30.88486529952325,-3.0,32.0
2022_16_NO_CLE,2022,16,202216,spread,away,0.5336538461538461,111.0,0.47393364928909953,win,1.0,1.11,1.2539509722850448,30.88486529952325,-3.0,32.0
2022_16_NO_CLE,2022,16,202216,total,over,0.3701923076923077,-104.0,0.5098039215686274,loss,0.0,-1.0,1.2539509722850448,30.88486529952325,-3.0,32.0
2022_16_NO_CLE,2022,16,202216,total,under,0.6298076923076923,-108.0,0.5192307692307693,win,1.0,0.9259259259259259,1.2539509722850448,30.88486529952325,-3.0,32.0
2022_16_NYG_MIN,2022,16,202216,spread,home,0.3798076923076923,-108.0,0.5192307692307693,loss,0.0,-1.0,0.5777746242621523,50.5862058454127,-4.5,48.0
2022_16_NYG_MIN,2022,16,202216,spread,away,0.6201923076923077,-102.0,0.504950495049505,win,1.0,0.9803921568627451,0.5777746242621523,50.5862058454127,-4.5,48.0
2022_16_NYG_MIN,2022,16,202216,total,over,0.4567307692307692,-104.0,0.5098039215686274,win,1.0,0.9615384615384616,0.5777746242621523,50.5862058454127,-4.5,48.0
2022_16_NYG_MIN,2022,16,202216,total,under,0.5432692307692308,-109.0,0.5215311004784688,loss,0.0,-1.0,0.5777746242621523,50.5862058454127,-4.5,48.0
2022_16_PHI_DAL,2022,16,202216,spread,home,0.40384615384615385,-106.0,0.5145631067961165,win,1.0,0.9433962264150944,0.9948101498383743,52.76138759660151,-4.0,48.0
2022_16_PHI_DAL,2022,16,202216,spread,away,0.5961538461538461,-104.0,0.5098039215686274,loss,0.0,-1.0,0.9948101498383743,52.76138759660151,-4.0,48.0
2022_16_PHI_DAL,2022,16,202216,total,over,0.5480769230769231,-101.0,0.5024875621890548,win,1.0,0.9900990099009901,0.9948101498383743,52.76138759660151,-4.0,48.0
2022_16_PHI_DAL,2022,16,202216,total,under,0.45192307692307687,-112.0,0.5283018867924528,loss,0.0,-1.0,0.9948101498383743,52.76138759660151,-4.0,48.0
2022_16_SEA_KC,2022,16,202216,spread,home,0.47115384615384615,-103.0,0.5073891625615764,win,1.0,0.970873786407767,8.834883854982124,45.85014723076719,-10.5,50.5
2022_16_SEA_KC,2022,16,202216,spread,away,0.5288461538461539,-107.0,0.5169082125603864,loss,0.0,-1.0,8.834883854982124,45.85014723076719,-10.5,50.5
2022_16_SEA_KC,2022,16,202216,total,over,0.28365384615384615,-107.0,0.5169082125603864,loss,0.0,-1.0,8.834883854982124,45.85014723076719,-10.5,50.5
2022_16_SEA_KC,2022,16,202216,total,under,0.7163461538461539,-105.0,0.5121951219512195,win,1.0,0.9523809523809523,8.834883854982124,45.85014723076719,-10.5,50.5
2022_16_WAS_SF,2022,16,202216,spread,home,0.6634615384615384,-103.0,0.5073891625615764,win,1.0,0.970873786407767,8.93447144289728,41.25433093104287,-6.5,37.5
2022_16_WAS_SF,2022,16,202216,spread,away,0.33653846153846156,-107.0,0.5169082125603864,loss,0.0,-1.0,8.93447144289728,41.25433093104287,-6.5,37.5
2022_16_WAS_SF,2022,16,202216,total,over,0.5048076923076923,102.0,0.49504950495049505,win,1.0,1.02,8.93447144289728,41.25433093104287,-6.5,37.5
2022_16_WAS_SF,2022,16,202216,total,under,0.4951923076923077,-114.0,0.5327102803738317,loss,0.0,-1.0,8.93447144289728,41.25433093104287,-6.5,37.5
2022_17_ARI_ATL,2022,17,202217,spread,home,0.4189189189189189,108.0,0.4807692307692308,loss,0.0,-1.0,4.140337598264476,44.13072501455201,-7.0,41.0
2022_17_ARI_ATL,2022,17,202217,spread,away,0.5810810810810811,-119.0,0.54337899543379,win,1.0,0.8403361344537815,4.140337598264476,44.13072501455201,-7.0,41.0
2022_17_ARI_ATL,2022,17,202217,total,over,0.49099099099099097,100.0,0.5,loss,0.0,-1.0,4.140337598264476,44.13072501455201,-7.0,41.0
2022_17_ARI_ATL,2022,17,202217,total,under,0.509009009009009,-113.0,0.5305164319248826,win,1.0,0.8849557522123894,4.140337598264476,44.13072501455201,-7.0,41.0
2022_17_CAR_TB,2022,17,202217,spread,home,0.5855855855855856,-100.0,0.5,win,1.0,1.0,4.264953616149231,44.51873274133805,-3.5,40.5
2022_17_CAR_TB,2022,17,202217,spread,away,0.4144144144144144,-110.0,0.5238095238095238,loss,0.0,-1.0,4.264953616149231,44.51873274133805,-3.5,40.5
2022_17_CAR_TB,2022,17,202217,total,over,0.536036036036036,-109.0,0.5215311004784688,win,1.0,0.9174311926605505,4.264953616149231,44.51873274133805,-3.5,40.5
2022_17_CAR_TB,2022,17,202217,total,under,0.463963963963964,-103.0,0.5073891625615764,loss,0.0,-1.0,4.264953616149231,44.51873274133805,-3.5,40.5
2022_17_CHI_DET,2022,17,202217,spread,home,0.6126126126126126,-105.0,0.5121951219512195,win,1.0,0.9523809523809523,5.947393864544531,51.95203879239936,-4.5,52.5
2022_17_CHI_DET,2022,17,202217,spread,away,0.3873873873873874,-105.0,0.5121951219512195,loss,0.0,-1.0,5.947393864544531,51.95203879239936,-4.5,52.5
2022_17_CHI_DET,2022,17,202217,total,over,0.3963963963963964,-101.0,0.5024875621890548,loss,0.0,-1.0,5.947393864544531,51.95203879239936,-4.5,52.5
2022_17_CHI_DET,2022,17,202217,total,under,0.6036036036036037,-111.0,0.5260663507109005,win,1.0,0.9009009009009009,5.947393864544531,51.95203879239936,-4.5,52.5
2022_17_CLE_WAS,2022,17,202217,spread,home,0.46396396396396394,-110.0,0.5238095238095238,loss,0.0,-1.0,-0.7591418100024009,41.642817121539565,-1.0,41.5
2022_17_CLE_WAS,2022,17,202217,spread,away,0.5360360360360361,-101.0,0.5024875621890548,win,1.0,0.9900990099009901,-0.7591418100024009,41.642817121539565,-1.0,41.5
2022_17_CLE_WAS,2022,17,202217,total,over,0.4189189189189189,-103.0,0.5073891625615764,loss,0.0,-1.0,-0.7591418100024009,41.642817121539565,-1.0,41.5
2022_17_CLE_WAS,2022,17,202217,total,under,0.5810810810810811,-109.0,0.5215311004784688,win,1.0,0.9174311926605505,-0.7591418100024009,41.642817121539565,-1.0,41.5
2022_17_DEN_KC,2022,17,202217,spread,home,0.6306306306306306,104.0,0.49019607843137253,loss,0.0,-1.0,15.445377415209387,46.423230357104735,-13.5,46.0
2022_17_DEN_KC,2022,17,202217,spread,away,0.36936936936936937,-114.0,0.5327102803738317,win,1.0,0.8771929824561403,15.445377415209387,46.423230357104735,-13.5,46.0
2022_17_DEN_KC,2022,17,202217,total,over,0.42342342342342343,-108.0,0.5192307692307693,win,1.0,0.9259259259259259,15.445377415209387,46.423230357104735,-13.5,46.0
2022_17_DEN_KC,2022,17,202217,total,under,0.5765765765765766,-104.0,0.5098039215686274,loss,0.0,-1.0,15.445377415209387,46.423230357104735,-13.5,46.0
2022_17_IND_NYG,2022,17,202217,spread,home,0.5855855855855856,-105.0,0.5121951219512195,win,1.0,0.9523809523809523,6.366448915344216,38.41087412881353,-5.5,38.5
2022_17_IND_NYG,2022,17,202217,spread,away,0.4144144144144144,-105.0,0.5121951219512195,loss,0.0,-1.0,6.366448915344216,38.41087412881353,-5.5,38.5
2022_17_IND_NYG,2022,17,202217,total,over,0.4099099099099099,-109.0,0.5215311004784688,win,1.0,0.9174311926605505,6.366448915344216,38.41087412881353,-5.5,38.5
2022_17_IND_NYG,2022,17,202217,total,under,0.5900900900900901,-103.0,0.5073891625615764,loss,0.0,-1.0,6.366448915344216,38.41087412881353,-5.5,38.5
2022_17_JAX_HOU,2022,17,202217,spread,home,0.26576576576576577,-106.0,0.5145631067961165,loss,0.0,-1.0,-10.583076396180276,46.02001566129604,3.5,43.0
2022_17_JAX_HOU,2022,17,202217,spread,away,0.7342342342342343,-104.0,0.5098039215686274,win,1.0,0.9615384615384616,-10.583076396180276,46.02001566129604,3.5,43.0
2022_17_JAX_HOU,2022,17,202217,total,over,0.49099099099099097,-115.0,0.5348837209302325,loss,0.0,-1.0,-10.583076396180276,46.02001566129604,3.5,43.0
2022_17_JAX_HOU,2022,17,202217,total,under,0.509009009009009,102.0,0.49504950495049505,win,1.0,1.02,-10.583076396180276,46.02001566129604,3.5,43.0
2022_17_LA_LAC,2022,17,202217,spread,home,0.545045045045045,-108.0,0.5192307692307693,win,1.0,0.9259259259259259,6.086067425654598,45.42229160562443,-6.5,41.5
2022_17_LA_LAC,2022,17,202217,spread,away,0.45495495495495497,-102.0,0.504950495049505,loss,0.0,-1.0,6.086067425654598,45.42229160562443,-6.5,41.5
2022_17_LA_LAC,2022,17,202217,total,over,0.5315315315315315,-100.0,0.5,loss,0.0,-1.0,6.086067425654598,45.42229160562443,-6.5,41.5
2022_17_LA_LAC,2022,17,202217,total,under,0.46846846846846846,-112.0,0.5283018867924528,win,1.0,0.8928571428571429,6.086067425654598,45.42229160562443,-6.5,41.5
2022_17_MIN_GB,2022,17,202217,spread,home,0.5675675675675675,-117.0,0.5391705069124424,win,1.0,0.8547008547008547,3.2457460154537823,48.07204260530988,-3.0,47.5
2022_17_MIN_GB,2022,17,202217,spread,away,0.43243243243243246,106.0,0.4854368932038835,loss,0.0,-1.0,3.2457460154537823,48.07204260530988,-3.0,47.5
2022_17_MIN_GB,2022,17,202217,total,over,0.42342342342342343,-109.0,0.5215311004784688,win,1.0,0.9174311926605505,3.2457460154537823,48.07204260530988,-3.0,47.5
2022_17_MIN_GB,2022,17,202217,total,under,0.5765765765765766,-103.0,0.5073891625615764,loss,0.0,-1.0,3.2457460154537823,48.07204260530988,-3.0,47.5
2022_17_NO_PHI,2022,17,202217,spread,home,0.536036036036036,-100.0,0.5,loss,0.0,-1.0,4.757831710788519,44.24615577000981,-5.5,41.5
2022_17_NO_PHI,2022,17,202217,spread,away,0.463963963963964,-110.0,0.5238095238095238,win,1.0,0.9090909090909091,4.757831710788519,44.24615577000981,-5.5,41.5
2022_17_NO_PHI,2022,17,202217,total,over,0.46846846846846846,-113.0,0.5305164319248826,loss,0.0,-1.0,4.757831710788519,44.24615577000981,-5.5,41.5
2022_17_NO_PHI,2022,17,202217,total,under,0.5315315315315315,101.0,0.4975124378109453,win,1.0,1.01,4.757831710788519,44.24615577000981,-5.5,41.5
2022_17_NYJ_SEA,2022,17,202217,spread,home,0.7072072072072072,-105.0,0.5121951219512195,win,1.0,0.9523809523809523,3.825805799294404,44.14988088785776,1.0,43.0
2022_17_NYJ_SEA,2022,17,202217,spread,away,0.2927927927927928,-105.0,0.5121951219512195,loss,0.0,-1.0,3.825805799294404,44.14988088785776,1.0,43.0
2022_17_NYJ_SEA,2022,17,202217,total,over,0.4369369369369369,-109.0,0.5215311004784688,loss,0.0,-1.0,3.825805799294404,44.14988088785776,1.0,43.0
2022_17_NYJ_SEA,2022,17,202217,total,under,0.5630630630630631,-103.0,0.5073891625615764,win,1.0,0.970873786407767,3.825805799294404,44.14988088785776,1.0,43.0
2022_17_PIT_BAL,2022,17,202217,spread,home,0.481981981981982,-113.0,0.5305164319248826,loss,0.0,-1.0,-0.3337544355353018,40.71966146169763,-1.0,35.5
2022_17_PIT_BAL,2022,17,202217,spread,away,0.5180180180180181,102.0,0.49504950495049505,win,1.0,1.02,-0.3337544355353018,40.71966146169763,-1.0,35.5
2022_17_PIT_BAL,2022,17,202217,total,over,0.581081081081081,-107.0,0.5169082125603864,loss,0.0,-1.0,-0.3337544355353018,40.71966146169763,-1.0,35.5
2022_17_PIT_BAL,2022,17,202217,total,under,0.41891891891891897,-105.0,0.5121951219512195,win,1.0,0.9523809523809523,-0.3337544355353018,40.71966146169763,-1.0,35.5
2022_18_ARI_SF,2022,18,202218,spread,home,0.5726495726495726,-111.0,0.5260663507109005,win,1.0,0.9009009009009009,14.511923328985004,43.67780984609349,-14.0,40.0
2022_18_ARI_SF,2022,18,202218,spread,away,0.4273504273504274,100.0,0.5,loss,0.0,-1.0,14.511923328985004,43.67780984609349,-14.0,40.0
2022_18_ARI_SF,2022,18,202218,total,over,0.49145299145299143,-105.0,0.5121951219512195,win,1.0,0.9523809523809523,14.511923328985004,43.67780984609349,-14.0,40.0
2022_18_ARI_SF,2022,18,202218,total,under,0.5085470085470085,-107.0,0.5169082125603864,loss,0.0,-1.0,14.511923328985004,43.67780984609349,-14.0,40.0
2022_18_CAR_NO,2022,18,202218,spread,home,0.6025641025641025,103.0,0.49261083743842365,loss,0.0,-1.0,4.887912866374131,47.531971332190295,-3.5,41.5
2022_18_CAR_NO,2022,18,202218,spread,away,0.39743589743589747,-114.0,0.5327102803738317,win,1.0,0.8771929824561403,4.887912866374131,47.531971332190295,-3.5,41.5
2022_18_CAR_NO,2022,18,202218,total,over,0.6025641025641025,-105.0,0.5121951219512195,loss,0.0,-1.0,4.887912866374131,47.531971332190295,-3.5,41.5
2022_18_CAR_NO,2022,18,202218,total,under,0.39743589743589747,-107.0,0.5169082125603864,win,1.0,0.9345794392523364,4.887912866374131,47.531971332190295,-3.5,41.5
2022_18_CLE_PIT,2022,18,202218,spread,home,0.5726495726495726,-109.0,0.5215311004784688,win,1.0,0.9174311926605505,3.097728500657112,42.014189783062776,-2.5,40.0
2022_18_CLE_PIT,2022,18,202218,spread,away,0.4273504273504274,-101.0,0.5024875621890548,loss,0.0,-1.0,3.097728500657112,42.014189783062776,-2.5,40.0
2022_18_CLE_PIT,2022,18,202218,total,over,0.4444444444444444,-106.0,0.5145631067961165,win,1.0,0.9433962264150944,3.097728500657112,42.014189783062776,-2.5,40.0
2022_18_CLE_PIT,2022,18,202218,total,under,0.5555555555555556,-106.0,0.5145631067961165,loss,0.0,-1.0,3.097728500657112,42.014189783062776,-2.5,40.0
2022_18_DET_GB,2022,18,202218,spread,home,0.3888888888888889,-100.0,0.5,loss,0.0,-1.0,2.0946867706528907,47.89690763579891,-5.5,49.0
2022_18_DET_GB,2022,18,202218,spread,away,0.6111111111111112,-110.0,0.5238095238095238,win,1.0,0.9090909090909091,2.0946867706528907,47.89690763579891,-5.5,49.0
2022_18_DET_GB,2022,18,202218,total,over,0.3803418803418803,101.0,0.4975124378109453,loss,0.0,-1.0,2.0946867706528907,47.89690763579891,-5.5,49.0
2022_18_DET_GB,2022,18,202218,total,under,0.6196581196581197,-113.0,0.5305164319248826,win,1.0,0.8849557522123894,2.0946867706528907,47.89690763579891,-5.5,49.0
2022_18_HOU_IND,2022,18,202218,spread,home,0.6196581196581197,108.0,0.4807692307692308,loss,0.0,-1.0,4.782230705217864,43.007840222106765,-3.0,38.0
2022_18_HOU_IND,2022,18,202218,spread,away,0.3803418803418803,-119.0,0.54337899543379,win,1.0,0.8403361344537815,4.782230705217864,43.007840222106765,-3.0,38.0
2022_18_HOU_IND,2022,18,202218,total,over,0.5726495726495726,-101.0,0.5024875621890548,win,1.0,0.9900990099009901,4.782230705217864,43.007840222106765,-3.0,38.0
2022_18_HOU_IND,2022,18,202218,total,under,0.4273504273504274,-111.0,0.5260663507109005,loss,0.0,-1.0,4.782230705217864,43.007840222106765,-3.0,38.0
2022_18_LAC_DEN,2022,18,202218,spread,home,0.08547008547008547,-106.0,0.5145631067961165,loss,0.0,-1.0,-9.44183298203802,41.7210687464161,-6.0,38.5
2022_18_LAC_DEN,2022,18,202218,spread,away,0.9145299145299145,-104.0,0.5098039215686274,win,1.0,0.9615384615384616,-9.44183298203802,41.7210687464161,-6.0,38.5
2022_18_LAC_DEN,2022,18,202218,total,over,0.48717948717948717,-110.0,0.5238095238095238,win,1.0,0.9090909090909091,-9.44183298203802,41.7210687464161,-6.0,38.5
2022_18_LAC_DEN,2022,18,202218,total,under,0.5128205128205128,-103.0,0.5073891625615764,loss,0.0,-1.0,-9.44183298203802,41.7210687464161,-6.0,38.5
2022_18_LA_SEA,2022,18,202218,spread,home,0.5512820512820513,102.0,0.49504950495049505,loss,0.0,-1.0,5.565684437972527,42.030432220360936,-5.5,41.5
2022_18_LA_SEA,2022,18,202218,spread,away,0.4487179487179487,-112.0,0.5283018867924528,win,1.0,0.8928571428571429,5.565684437972527,42.030432220360936,-5.5,41.5
2022_18_LA_SEA,2022,18,202218,total,over,0.4188034188034188,-111.0,0.5260663507109005,loss,0.0,-1.0,5.565684437972527,42.030432220360936,-5.5,41.5
2022_18_LA_SEA,2022,18,202218,total,under,0.5811965811965811,-101.0,0.5024875621890548,win,1.0,0.9900990099009901,5.565684437972527,42.030432220360936,-5.5,41.5
2022_18_MIN_CHI,2022,18,202218,spread,home,0.3888888888888889,-106.0,0.5145631067961165,loss,0.0,-1.0,-9.883322656275816,38.63351357660865,6.5,42.5
2022_18_MIN_CHI,2022,18,202218,spread,away,0.6111111111111112,-104.0,0.5098039215686274,win,1.0,0.9615384615384616,-9.883322656275816,38.63351357660865,6.5,42.5
2022_18_MIN_CHI,2022,18,202218,total,over,0.31196581196581197,-109.0,0.5215311004784688,loss,0.0,-1.0,-9.883322656275816,38.63351357660865,6.5,42.5
2022_18_MIN_CHI,2022,18,202218,total,under,0.688034188034188,-103.0,0.5073891625615764,win,1.0,0.970873786407767,-9.883322656275816,38.63351357660865,6.5,42.5
2022_18_NE_BUF,2022,18,202218,spread,home,0.6452991452991453,-115.0,0.5348837209302325,win,1.0,0.8695652173913043,10.307412048075792,44.05763433043891,-8.0,44.0
2022_18_NE_BUF,2022,18,202218,spread,away,0.35470085470085466,104.0,0.49019607843137253,loss,0.0,-1.0,10.307412048075792,44.05763433043891,-8.0,44.0
2022_18_NE_BUF,2022,18,202218,total,over,0.41452991452991456,-108.0,0.5192307692307693,win,1.0,0.9259259259259259,10.307412048075792,44.05763433043891,-8.0,44.0
2022_18_NE_BUF,2022,18,202218,total,under,0.5854700854700854,-104.0,0.5098039215686274,loss,0.0,-1.0,10.307412048075792,44.05763433043891,-8.0,44.0
2022_18_NYJ_MIA,2022,18,202218,spread,home,0.7051282051282052,-107.0,0.5169082125603864,win,1.0,0.9345794392523364,8.585197279024342,39.26710422958155,-3.5,37.5
2022_18_NYJ_MIA,2022,18,202218,spread,away,0.2948717948717948,-103.0,0.5073891625615764,loss,0.0,-1.0,8.585197279024342,39.26710422958155,-3.5,37.5
2022_18_NYJ_MIA,2022,18,202218,total,over,0.4444444444444444,-103.0,0.5073891625615764,loss,0.0,-1.0,8.585197279024342,39.26710422958155,-3.5,37.5
2022_18_NYJ_MIA,2022,18,202218,total,under,0.5555555555555556,-110.0,0.5238095238095238,win,1.0,0.9090909090909091,8.585197279024342,39.26710422958155,-3.5,37.5
2022_18_TB_ATL,2022,18,202218,spread,home,0.14957264957264957,100.0,0.5,win,1.0,1.0,-4.969710386296075,47.89542921970126,-6.0,40.5
2022_18_TB_ATL,2022,18,202218,spread,away,0.8504273504273504,-110.0,0.5238095238095238,loss,0.0,-1.0,-4.969710386296075,47.89542921970126,-6.0,40.5
2022_18_TB_ATL,2022,18,202218,total,over,0.6623931623931624,-106.0,0.5145631067961165,win,1.0,0.9433962264150944,-4.969710386296075,47.89542921970126,-6.0,40.5
2022_18_TB_ATL,2022,18,202218,total,under,0.33760683760683763,-106.0,0.5145631067961165,loss,0.0,-1.0,-4.969710386296075,47.89542921970126,-6.0,40.5
2023_01_BUF_NYJ,2023,1,202301,spread,home,0.23265306122448978,-110.0,0.5238095238095238,win,1.0,0.9090909090909091,-10.815024042533524,41.96525906163893,2.5,44.5
2023_01_BUF_NYJ,2023,1,202301,spread,away,0.7673469387755102,-110.0,0.5238095238095238,loss,0.0,-1.0,-10.815024042533524,41.96525906163893,2.5,44.5
2023_01_BUF_NYJ,2023,1,202301,total,over,0.3346938775510204,-110.0,0.5238095238095238,loss,0.0,-1.0,-10.815024042533524,41.96525906163893,2.5,44.5
2023_01_BUF_NYJ,2023,1,202301,total,under,0.6653061224489796,-110.0,0.5238095238095238,win,1.0,0.9090909090909091,-10.815024042533524,41.96525906163893,2.5,44.5
2023_01_CIN_CLE,2023,1,202301,spread,home,0.42448979591836733,-115.0,0.5348837209302325,win,1.0,0.8695652173913043,-3.545368548704052,46.1845580675416,1.0,46.5
2023_01_CIN_CLE,2023,1,202301,spread,away,0.5755102040816327,-105.0,0.5121951219512195,loss,0.0,-1.0,-3.545368548704052,46.1845580675416,1.0,46.5
2023_01_CIN_CLE,2023,1,202301,total,over,0.40816326530612246,-110.0,0.5238095238095238,loss,0.0,-1.0,-3.545368548704052,46.1845580675416,1.0,46.5
2023_01_CIN_CLE,2023,1,202301,total,under,0.5918367346938775,-110.0,0.5238095238095238,win,1.0,0.9090909090909091,-3.545368548704052,46.1845580675416,1.0,46.5
2023_01_DAL_NYG,2023,1,202301,spread,home,0.6285714285714286,-120.0,0.5454545454545454,loss,0.0,-1.0,-1.342862074862938,46.25317552782912,3.5,44.5
2023_01_DAL_NYG,2023,1,202301,spread,away,0.37142857142857144,100.0,0.5,win,1.0,1.0,-1.342862074862938,46.25317552782912,3.5,44.5
2023_01_DAL_NYG,2023,1,202301,total,over,0.4530612244897959,-110.0,0.5238095238095238,loss,0.0,-1.0,-1.342862074862938,46.25317552782912,3.5,44.5
2023_01_DAL_NYG,2023,1,202301,total,under,0.5469387755102041,-110.0,0.5238095238095238,win,1.0,0.9090909090909091,-1.342862074862938,46.25317552782912,3.5,44.5
2023_01_DET_KC,2023,1,202301,spread,home,0.6857142857142857,-110.0,0.5238095238095238,loss,0.0,-1.0,8.41765600703786,50.87198392107596,-4.0,53.0
2023_01_DET_KC,2023,1,202301,spread,away,0.3142857142857143,-110.0,0.5238095238095238,win,1.0,0.9090909090909091,8.41765600703786,50.87198392107596,-4.0,53.0
2023_01_DET_KC,2023,1,202301,total,over,0.34285714285714286,-110.0,0.5238095238095238,loss,0.0,-1.0,8.41765600703786,50.87198392107596,-4.0,53.0
2023_01_DET_KC,2023,1,202301,total,under,0.6571428571428571,-110.0,0.5238095238095238,win,1.0,0.9090909090909091,8.41765600703786,50.87198392107596,-4.0,53.0
2023_01_LA_SEA,2023,1,202301,spread,home,0.4775510204081633,-110.0,0.5238095238095238,loss,0.0,-1.0,3.028129461753688,42.98755390501384,-4.5,45.0
2023_01_LA_SEA,2023,1,202301,spread,away,0.5224489795918368,-110.0,0.5238095238095238,win,1.0,0.9090909090909091,3.028129461753688,42.98755390501384,-4.5,45.0
2023_01_LA_SEA,2023,1,202301,total,over,0.3510204081632653,-110.0,0.5238095238095238,loss,0.0,-1.0,3.028129461753688,42.98755390501384,-4.5,45.0
2023_01_LA_SEA,2023,1,202301,total,under,0.6489795918367347,-110.0,0.5238095238095238,win,1.0,0.9090909090909091,3.028129461753688,42.98755390501384,-4.5,45.0
2023_01_LV_DEN,2023,1,202301,spread,home,0.2897959183673469,-115.0,0.5348837209302325,loss,0.0,-1.0,-3.7155542686889222,45.539338540516034,-3.0,43.0
2023_01_LV_DEN,2023,1,202301,spread,away,0.7102040816326531,-105.0,0.5121951219512195,win,1.0,0.9523809523809523,-3.7155542686889222,45.539338540516034,-3.0,43.0
2023_01_LV_DEN,2023,1,202301,total,over,0.46938775510204084,-110.0,0.5238095238095238,loss,0.0,-1.0,-3.7155542686889222,45.539338540516034,-3.0,43.0
2023_01_LV_DEN,2023,1,202301,total,under,0.5306122448979591,-110.0,0.5238095238095238,win,1.0,0.9090909090909091,-3.7155542686889222,45.539338540516034,-3.0,43.0
2023_01_MIA_LAC,2023,1,202301,spread,home,0.563265306122449,-110.0,0.5238095238095238,loss,0.0,-1.0,3.4395464669871174,48.95079756670015,-3.0,50.5
2023_01_MIA_LAC,2023,1,202301,spread,away,0.43673469387755104,-110.0,0.5238095238095238,win,1.0,0.9090909090909091,3.4395464669871174,48.95079756670015,-3.0,50.5
2023_01_MIA_LAC,2023,1,202301,total,over,0.3673469387755102,-110.0,0.5238095238095238,win,1.0,0.9090909090909091,3.4395464669871174,48.95079756670015,-3.0,50.5
2023_01_MIA_LAC,2023,1,202301,total,under,0.6326530612244898,-110.0,0.5238095238095238,loss,0.0,-1.0,3.4395464669871174,48.95079756670015,-3.0,50.5
2023_01_PHI_NE,2023,1,202301,spread,home,0.563265306122449,-110.0,0.5238095238095238,loss,0.0,-1.0,-3.0605453109422687,45.29830139642905,3.5,44.5
2023_01_PHI_NE,2023,1,202301,spread,away,0.43673469387755104,-110.0,0.5238095238095238,win,1.0,0.9090909090909091,-3.0605453109422687,45.29830139642905,3.5,44.5
2023_01_PHI_NE,2023,1,202301,total,over,0.43673469387755104,-108.0,0.5192307692307693,win,1.0,0.9259259259259259,-3.0605453109422687,45.29830139642905,3.5,44.5
2023_01_PHI_NE,2023,1,202301,total,under,0.563265306122449,-112.0,0.5283018867924528,loss,0.0,-1.0,-3.0605453109422687,45.29830139642905,3.5,44.5
2023_01_SF_PIT,2023,1,202301,spread,home,0.4,-112.0,0.5283018867924528,loss,0.0,-1.0,-4.55434522668866,45.86087702559971,1.5,41.5
2023_01_SF_PIT,2023,1,202301,spread,away,0.6,-108.0,0.5192307692307693,win,1.0,0.9259259259259259,-4.55434522668866,45.86087702559971,1.5,41.5
2023_01_SF_PIT,2023,1,202301,total,over,0.5469387755102041,-110.0,0.5238095238095238,loss,0.0,-1.0,-4.55434522668866,45.86087702559971,1.5,41.5
2023_01_SF_PIT,2023,1,202301,total,under,0.4530612244897959,-110.0,0.5238095238095238,win,1.0,0.9090909090909091,-4.55434522668866,45.86087702559971,1.5,41.5
2023_01_TB_MIN,2023,1,202301,spread,home,0.5224489795918368,-110.0,0.5238095238095238,loss,0.0,-1.0,3.251520297613413,46.72010933740438,-4.0,45.0
2023_01_TB_MIN,2023,1,202301,spread,away,0.4775510204081632,-110.0,0.5238095238095238,win,1.0,0.9090909090909091,3.251520297613413,46.72010933740438,-4.0,45.0
2023_01_TB_MIN,2023,1,202301,total,over,0.4530612244897959,-110.0,0.5238095238095238,loss,0.0,-1.0,3.251520297613413,46.72010933740438,-4.0,45.0
2023_01_TB_MIN,2023,1,202301,total,under,0.5469387755102041,-110.0,0.5238095238095238,win,1.0,0.9090909090909091,3.251520297613413,46.72010933740438,-4.0,45.0
2023_01_TEN_NO,2023,1,202301,spread,home,0.5387755102040817,-102.0,0.504950495049505,loss,0.0,-1.0,2.607966047156639,43.10736223039148,-3.0,41.0
2023_01_TEN_NO,2023,1,202301,spread,away,0.46122448979591835,-118.0,0.5412844036697247,win,1.0,0.847457627118644,2.607966047156639,43.10736223039148,-3.0,41.0
2023_01_TEN_NO,2023,1,202301,total,over,0.46122448979591835,-110.0,0.5238095238095238,loss,0.0,-1.0,2.607966047156639,43.10736223039148,-3.0,41.0
2023_01_TEN_NO,2023,1,202301,total,under,0.5387755102040817,-110.0,0.5238095238095238,win,1.0,0.9090909090909091,2.607966047156639,43.10736223039148,-3.0,41.0
2023_02_BAL_CIN,2023,2,202302,spread,home,0.48046875,-102.0,0.504950495049505,loss,0.0,-1.0,2.371974698958276,41.48187509578396,-3.5,45.5
2023_02_BAL_CIN,2023,2,202302,spread,away,0.51953125,-118.0,0.5412844036697247,win,1.0,0.847457627118644,2.371974698958276,41.48187509578396,-3.5,45.5
2023_02_BAL_CIN,2023,2,202302,total,over,0.2890625,-110.0,0.5238095238095238,win,1.0,0.9090909090909091,2.371974698958276,41.48187509578396,-3.5,45.5
2023_02_BAL_CIN,2023,2,202302,total,under,0.7109375,-110.0,0.5238095238095238,loss,0.0,-1.0,2.371974698958276,41.48187509578396,-3.5,45.5
2023_02_CHI_TB,2023,2,202302,spread,home,0.69140625,-110.0,0.5238095238095238,win,1.0,0.9090909090909091,7.506585141323349,42.4652106715961,-2.5,41.0
2023_02_CHI_TB,2023,2,202302,spread,away,0.30859375,-110.0,0.5238095238095238,loss,0.0,-1.0,7.506585141323349,42.4652106715961,-2.5,41.0
2023_02_CHI_TB,2023,2,202302,total,over,0.4453125,-110.0,0.5238095238095238,win,1.0,0.9090909090909091,7.506585141323349,42.4652106715961,-2.5,41.0
2023_02_CHI_TB,2023,2,202302,total,under,0.5546875,-110.0,0.5238095238095238,loss,0.0,-1.0,7.506585141323349,42.4652106715961,-2.5,41.0
2023_02_CLE_PIT,2023,2,202302,spread,home,0.65234375,-105.0,0.5121951219512195,win,1.0,0.9523809523809523,0.4896793358663399,39.88088745523059,2.5,39.0
2023_02_CLE_PIT,2023,2,202302,spread,away,0.34765625,-115.0,0.5348837209302325,loss,0.0,-1.0,0.4896793358663399,39.88088745523059,2.5,39.0
2023_02_CLE_PIT,2023,2,202302,total,over,0.4296875,-110.0,0.5238095238095238,win,1.0,0.9090909090909091,0.4896793358663399,39.88088745523059,2.5,39.0
2023_02_CLE_PIT,2023,2,202302,total,under,0.5703125,-110.0,0.5238095238095238,loss,0.0,-1.0,0.4896793358663399,39.88088745523059,2.5,39.0
2023_02_GB_ATL,2023,2,202302,spread,home,0.484375,-105.0,0.5121951219512195,loss,0.0,-1.0,1.9614445435330243,46.73575708117014,-3.0,40.5
2023_02_GB_ATL,2023,2,202302,spread,away,0.515625,-115.0,0.5348837209302325,win,1.0,0.8695652173913043,1.9614445435330243,46.73575708117014,-3.0,40.5
2023_02_GB_ATL,2023,2,202302,total,over,0.60546875,-110.0,0.5238095238095238,win,1.0,0.9090909090909091,1.9614445435330243,46.73575708117014,-3.0,40.5
2023_02_GB_ATL,2023,2,202302,total,under,0.39453125,-110.0,0.5238095238095238,loss,0.0,-1.0,1.9614445435330243,46.73575708117014,-3.0,40.5
2023_02_KC_JAX,2023,2,202302,spread,home,0.47265625,-118.0,0.5412844036697247,loss,0.0,-1.0,-4.8321580219921865,46.708431339551126,3.5,50.5
2023_02_KC_JAX,2023,2,202302,spread,away,0.52734375,-102.0,0.504950495049505,win,1.0,0.9803921568627451,-4.8321580219921865,46.708431339551126,3.5,50.5
2023_02_KC_JAX,2023,2,202302,total,over,0.3125,-110.0,0.5238095238095238,loss,0.0,-1.0,-4.8321580219921865,46.708431339551126,3.5,50.5
2023_02_KC_JAX,2023,2,202302,total,under,0.6875,-110.0,0.5238095238095238,win,1.0,0.9090909090909091,-4.8321580219921865,46.708431339551126,3.5,50.5
2023_02_LAC_TEN,2023,2,202302,spread,home,0.38671875,-102.0,0.504950495049505,win,1.0,0.9803921568627451,-5.592980045168862,44.85005766770723,2.5,45.5
2023_02_LAC_TEN,2023,2,202302,spread,away,0.61328125,-118.0,0.5412844036697247,loss,0.0,-1.0,-5.592980045168862,44.85005766770723,2.5,45.5
2023_02_LAC_TEN,2023,2,202302,total,over,0.3828125,-110.0,0.5238095238095238,win,1.0,0.9090909090909091,-5.592980045168862,44.85005766770723,2.5,45.5
2023_02_LAC_TEN,2023,2,202302,total,under,0.6171875,-110.0,0.5238095238095238,loss,0.0,-1.0,-5.592980045168862,44.85005766770723,2.5,45.5
2023_02_LV_BUF,2023,2,202302,spread,home,0.57421875,-110.0,0.5238095238095238,win,1.0,0.9090909090909091,8.488824863223911,48.76733475876566,-7.5,47.0
2023_02_LV_BUF,2023,2,202302,spread,away,0.42578125,-110.0,0.5238095238095238,loss,0.0,-1.0,8.488824863223911,48.76733475876566,-7.5,47.0
2023_02_LV_BUF,2023,2,202302,total,over,0.4453125,-110.0,0.5238095238095238,win,1.0,0.9090909090909091,8.488824863223911,48.76733475876566,-7.5,47.0
2023_02_LV_BUF,2023,2,202302,total,under,0.5546875,-110.0,0.5238095238095238,loss,0.0,-1.0,8.488824863223911,48.76733475876566,-7.5,47.0
2023_02_MIA_NE,2023,2,202302,spread,home,0.52734375,-108.0,0.5192307692307693,loss,0.0,-1.0,-2.224301766768309,43.76151697867278,2.0,46.5
2023_02_MIA_NE,2023,2,202302,spread,away,0.47265625,-112.0,0.5283018867924528,win,1.0,0.8928571428571429,-2.224301766768309,43.76151697867278,2.0,46.5
2023_02_MIA_NE,2023,2,202302,total,over,0.3203125,-108.0,0.5192307692307693,loss,0.0,-1.0,-2.224301766768309,43.76151697867278,2.0,46.5
2023_02_MIA_NE,2023,2,202302,total,under,0.6796875,-112.0,0.5283018867924528,win,1.0,0.8928571428571429,-2.224301766768309,43.76151697867278,2.0,46.5
2023_02_MIN_PHI,2023,2,202302,spread,home,0.359375,-110.0,0.5238095238095238,push,,0.0,1.4749105120504549,47.88964381020544,-6.0,49.0
2023_02_MIN_PHI,2023,2,202302,spread,away,0.640625,-110.0,0.5238095238095238,push,,0.0,1.4749105120504549,47.88964381020544,-6.0,49.0
2023_02_MIN_PHI,2023,2,202302,total,over,0.3671875,-110.0,0.5238095238095238,win,1.0,0.9090909090909091,1.4749105120504549,47.88964381020544,-6.0,49.0
2023_02_MIN_PHI,2023,2,202302,total,under,0.6328125,-110.0,0.5238095238095238,loss,0.0,-1.0,1.4749105120504549,47.88964381020544,-6.0,49.0
2023_02_NYG_ARI,2023,2,202302,spread,home,0.47265625,-110.0,0.5238095238095238,win,1.0,0.9090909090909091,-6.383064082363226,43.63891129198774,5.0,40.0
2023_02_NYG_ARI,2023,2,202302,spread,away,0.52734375,-110.0,0.5238095238095238,loss,0.0,-1.0,-6.383064082363226,43.63891129198774,5.0,40.0
2023_02_NYG_ARI,2023,2,202302,total,over,0.48828125,-110.0,0.5238095238095238,win,1.0,0.9090909090909091,-6.383064082363226,43.63891129198774,5.0,40.0
2023_02_NYG_ARI,2023,2,202302,total,under,0.51171875,-110.0,0.5238095238095238,loss,0.0,-1.0,-6.383064082363226,43.63891129198774,5.0,40.0
2023_02_NYJ_DAL,2023,2,202302,spread,home,0.6640625,-110.0,0.5238095238095238,win,1.0,0.9090909090909091,11.87002518985538,41.234656909340885,-8.5,38.5
2023_02_NYJ_DAL,2023,2,202302,spread,away,0.3359375,-110.0,0.5238095238095238,loss,0.0,-1.0,11.87002518985538,41.234656909340885,-8.5,38.5
2023_02_NYJ_DAL,2023,2,202302,total,over,0.46484375,-110.0,0.5238095238095238,win,1.0,0.9090909090909091,11.87002518985538,41.234656909340885,-8.5,38.5
2023_02_NYJ_DAL,2023,2,202302,total,under,0.53515625,-110.0,0.5238095238095238,loss,0.0,-1.0,11.87002518985538,41.234656909340885,-8.5,38.5
2023_02_SEA_DET,2023,2,202302,spread,home,0.5546875,-110.0,0.5238095238095238,loss,0.0,-1.0,5.035547274022193,51.861875668982506,-4.5,47.5
2023_02_SEA_DET,2023,2,202302,spread,away,0.4453125,-110.0,0.5238095238095238,win,1.0,0.9090909090909091,5.035547274022193,51.861875668982506,-4.5,47.5
2023_02_SEA_DET,2023,2,202302,total,over,0.5390625,-112.0,0.5283018867924528,win,1.0,0.8928571428571429,5.035547274022193,51.861875668982506,-4.5,47.5
2023_02_SEA_DET,2023,2,202302,total,under,0.4609375,-108.0,0.5192307692307693,loss,0.0,-1.0,5.035547274022193,51.861875668982506,-4.5,47.5
2023_02_SF_LA,2023,2,202302,spread,home,0.54296875,-115.0,0.5348837209302325,win,1.0,0.8695652173913043,-7.310960856074125,50.00016878476255,7.5,45.0
2023_02_SF_LA,2023,2,202302,spread,away,0.45703125,-105.0,0.5121951219512195,loss,0.0,-1.0,-7.310960856074125,50.00016878476255,7.5,45.0
2023_02_SF_LA,2023,2,202302,total,over,0.56640625,-110.0,0.5238095238095238,win,1.0,0.9090909090909091,-7.310960856074125,50.00016878476255,7.5,45.0
2023_02_SF_LA,2023,2,202302,total,under,0.43359375,-110.0,0.5238095238095238,loss,0.0,-1.0,-7.310960856074125,50.00016878476255,7.5,45.0
2023_02_WAS_DEN,2023,2,202302,spread,home,0.42578125,-110.0,0.5238095238095238,loss,0.0,-1.0,1.5988842185983347,36.51084276752625,-4.0,38.5
2023_02_WAS_DEN,2023,2,202302,spread,away,0.57421875,-110.0,0.5238095238095238,win,1.0,0.9090909090909091,1.5988842185983347,36.51084276752625,-4.0,38.5
2023_02_WAS_DEN,2023,2,202302,total,over,0.33984375,-110.0,0.5238095238095238,win,1.0,0.9090909090909091,1.5988842185983347,36.51084276752625,-4.0,38.5
2023_02_WAS_DEN,2023,2,202302,total,under,0.66015625,-110.0,0.5238095238095238,loss,0.0,-1.0,1.5988842185983347,36.51084276752625,-4.0,38.5
2023_03_ATL_DET,2023,3,202303,spread,home,0.6074074074074074,-120.0,0.5454545454545454,win,1.0,0.8333333333333334,4.91974053801179,48.15339866862843,-3.0,47.5
2023_03_ATL_DET,2023,3,202303,spread,away,0.3925925925925926,100.0,0.5,loss,0.0,-1.0,4.91974053801179,48.15339866862843,-3.0,47.5
2023_03_ATL_DET,2023,3,202303,total,over,0.43333333333333335,-112.0,0.5283018867924528,loss,0.0,-1.0,4.91974053801179,48.15339866862843,-3.0,47.5
2023_03_ATL_DET,2023,3,202303,total,under,0.5666666666666667,-108.0,0.5192307692307693,win,1.0,0.9259259259259259,4.91974053801179,48.15339866862843,-3.0,47.5
2023_03_BUF_WAS,2023,3,202303,spread,home,0.29259259259259257,-105.0,0.5121951219512195,loss,0.0,-1.0,-11.63408310426268,44.13986378680736,5.5,44.0
2023_03_BUF_WAS,2023,3,202303,spread,away,0.7074074074074075,-115.0,0.5348837209302325,win,1.0,0.8695652173913043,-11.63408310426268,44.13986378680736,5.5,44.0
2023_03_BUF_WAS,2023,3,202303,total,over,0.42592592592592593,-112.0,0.5283018867924528,loss,0.0,-1.0,-11.63408310426268,44.13986378680736,5.5,44.0
2023_03_BUF_WAS,2023,3,202303,total,under,0.5740740740740741,-108.0,0.5192307692307693,win,1.0,0.9259259259259259,-11.63408310426268,44.13986378680736,5.5,44.0
2023_03_CAR_SEA,2023,3,202303,spread,home,0.4444444444444444,-110.0,0.5238095238095238,win,1.0,0.9090909090909091,2.935190603154273,43.0220689566113,-5.0,42.5
2023_03_CAR_SEA,2023,3,202303,spread,away,0.5555555555555556,-110.0,0.5238095238095238,loss,0.0,-1.0,2.935190603154273,43.0220689566113,-5.0,42.5
2023_03_CAR_SEA,2023,3,202303,total,over,0.43333333333333335,-110.0,0.5238095238095238,win,1.0,0.9090909090909091,2.935190603154273,43.0220689566113,-5.0,42.5
2023_03_CAR_SEA,2023,3,202303,total,under,0.5666666666666667,-110.0,0.5238095238095238,loss,0.0,-1.0,2.935190603154273,43.0220689566113,-5.0,42.5
2023_03_CHI_KC,2023,3,202303,spread,home,0.6851851851851852,-110.0,0.5238095238095238,win,1.0,0.9090909090909091,17.483379072594566,43.63741996912389,-13.0,48.0
2023_03_CHI_KC,2023,3,202303,spread,away,0.31481481481481477,-110.0,0.5238095238095238,loss,0.0,-1.0,17.483379072594566,43.63741996912389,-13.0,48.0
2023_03_CHI_KC,2023,3,202303,total,over,0.2962962962962963,-110.0,0.5238095238095238,win,1.0,0.9090909090909091,17.483379072594566,43.63741996912389,-13.0,48.0
2023_03_CHI_KC,2023,3,202303,total,under,0.7037037037037037,-110.0,0.5238095238095238,loss,0.0,-1.0,17.483379072594566,43.63741996912389,-13.0,48.0
2023_03_DAL_ARI,2023,3,202303,spread,home,0.5296296296296297,-110.0,0.5238095238095238,win,1.0,0.9090909090909091,-11.760914903304162,44.00350101952441,11.5,43.5
2023_03_DAL_ARI,2023,3,202303,spread,away,0.4703703703703703,-110.0,0.5238095238095238,loss,0.0,-1.0,-11.760914903304162,44.00350101952441,11.5,43.5
2023_03_DAL_ARI,2023,3,202303,total,over,0.43333333333333335,-110.0,0.5238095238095238,win,1.0,0.9090909090909091,-11.760914903304162,44.00350101952441,11.5,43.5
2023_03_DAL_ARI,2023,3,202303,total,under,0.5666666666666667,-110.0,0.5238095238095238,loss,0.0,-1.0,-11.760914903304162,44.00350101952441,11.5,43.5
2023_03_DEN_MIA,2023,3,202303,spread,home,0.6296296296296297,-110.0,0.5238095238095238,win,1.0,0.9090909090909091,8.425455149613544,47.38454350293907,-6.0,47.5
2023_03_DEN_MIA,2023,3,202303,spread,away,0.37037037037037035,-110.0,0.5238095238095238,loss,0.0,-1.0,8.425455149613544,47.38454350293907,-6.0,47.5
2023_03_DEN_MIA,2023,3,202303,total,over,0.4111111111111111,-110.0,0.5238095238095238,win,1.0,0.9090909090909091,8.425455149613544,47.38454350293907,-6.0,47.5
2023_03_DEN_MIA,2023,3,202303,total,under,0.5888888888888889,-110.0,0.5238095238095238,loss,0.0,-1.0,8.425455149613544,47.38454350293907,-6.0,47.5
2023_03_HOU_JAX,2023,3,202303,spread,home,0.6481481481481481,-110.0,0.5238095238095238,loss,0.0,-1.0,10.33396576597129,39.95115013161113,-7.5,43.5
2023_03_HOU_JAX,2023,3,202303,spread,away,0.35185185185185186,-110.0,0.5238095238095238,win,1.0,0.9090909090909091,10.33396576597129,39.95115013161113,-7.5,43.5
2023_03_HOU_JAX,2023,3,202303,total,over,0.32592592592592595,-110.0,0.5238095238095238,win,1.0,0.9090909090909091,10.33396576597129,39.95115013161113,-7.5,43.5
2023_03_HOU_JAX,2023,3,202303,total,under,0.674074074074074,-110.0,0.5238095238095238,loss,0.0,-1.0,10.33396576597129,39.95115013161113,-7.5,43.5
2023_03_IND_BAL,2023,3,202303,spread,home,0.5925925925925926,-110.0,0.5238095238095238,loss,0.0,-1.0,9.039791495699864,45.50501018859964,-7.5,43.5
2023_03_IND_BAL,2023,3,202303,spread,away,0.40740740740740744,-110.0,0.5238095238095238,win,1.0,0.9090909090909091,9.039791495699864,45.50501018859964,-7.5,43.5
2023_03_IND_BAL,2023,3,202303,total,over,0.4666666666666667,-110.0,0.5238095238095238,loss,0.0,-1.0,9.039791495699864,45.50501018859964,-7.5,43.5
2023_03_IND_BAL,2023,3,202303,total,under,0.5333333333333333,-110.0,0.5238095238095238,win,1.0,0.9090909090909091,9.039791495699864,45.50501018859964,-7.5,43.5
2023_03_LAC_MIN,2023,3,202303,spread,home,0.40370370370370373,-105.0,0.5121951219512195,loss,0.0,-1.0,-1.9333134721154488,50.86001067720084,-1.0,54.0
2023_03_LAC_MIN,2023,3,202303,spread,away,0.5962962962962963,-115.0,0.5348837209302325,win,1.0,0.8695652173913043,-1.9333134721154488,50.86001067720084,-1.0,54.0
2023_03_LAC_MIN,2023,3,202303,total,over,0.3296296296296296,-110.0,0.5238095238095238,loss,0.0,-1.0,-1.9333134721154488,50.86001067720084,-1.0,54.0
2023_03_LAC_MIN,2023,3,202303,total,under,0.6703703703703704,-110.0,0.5238095238095238,win,1.0,0.9090909090909091,-1.9333134721154488,50.86001067720084,-1.0,54.0
2023_03_LA_CIN,2023,3,202303,spread,home,0.5481481481481482,-120.0,0.5454545454545454,push,,0.0,3.2267567174260536,45.1071197579498,-3.0,45.5
2023_03_LA_CIN,2023,3,202303,spread,away,0.45185185185185184,100.0,0.5,push,,0.0,3.2267567174260536,45.1071197579498,-3.0,45.5
2023_03_LA_CIN,2023,3,202303,total,over,0.4074074074074074,-112.0,0.5283018867924528,loss,0.0,-1.0,3.2267567174260536,45.1071197579498,-3.0,45.5
2023_03_LA_CIN,2023,3,202303,total,under,0.5925925925925926,-108.0,0.5192307692307693,win,1.0,0.9259259259259259,3.2267567174260536,45.1071197579498,-3.0,45.5
2023_03_NE_NYJ,2023,3,202303,spread,home,0.42962962962962964,-108.0,0.5192307692307693,loss,0.0,-1.0,-4.7133561853058925,36.75411102877237,2.5,35.5
2023_03_NE_NYJ,2023,3,202303,spread,away,0.5703703703703704,-112.0,0.5283018867924528,win,1.0,0.8928571428571429,-4.7133561853058925,36.75411102877237,2.5,35.5
2023_03_NE_NYJ,2023,3,202303,total,over,0.45925925925925926,-110.0,0.5238095238095238,loss,0.0,-1.0,-4.7133561853058925,36.75411102877237,2.5,35.5
2023_03_NE_NYJ,2023,3,202303,total,under,0.5407407407407407,-110.0,0.5238095238095238,win,1.0,0.9090909090909091,-4.7133561853058925,36.75411102877237,2.5,35.5
2023_03_NO_GB,2023,3,202303,spread,home,0.5518518518518518,-110.0,0.5238095238095238,win,1.0,0.9090909090909091,-1.1724451632583752,42.162475851412985,1.5,41.5
2023_03_NO_GB,2023,3,202303,spread,away,0.4481481481481482,-110.0,0.5238095238095238,loss,0.0,-1.0,-1.1724451632583752,42.162475851412985,1.5,41.5
2023_03_NO_GB,2023,3,202303,total,over,0.43333333333333335,-110.0,0.5238095238095238,loss,0.0,-1.0,-1.1724451632583752,42.162475851412985,1.5,41.5
2023_03_NO_GB,2023,3,202303,total,under,0.5666666666666667,-110.0,0.5238095238095238,win,1.0,0.9090909090909091,-1.1724451632583752,42.162475851412985,1.5,41.5
2023_03_NYG_SF,2023,3,202303,spread,home,0.4444444444444444,-115.0,0.5348837209302325,win,1.0,0.8695652173913043,8.474841241640833,44.86874398485735,-10.5,43.5
2023_03_NYG_SF,2023,3,202303,spread,away,0.5555555555555556,-105.0,0.5121951219512195,loss,0.0,-1.0,8.474841241640833,44.86874398485735,-10.5,43.5
2023_03_NYG_SF,2023,3,202303,total,over,0.4666666666666667,-112.0,0.5283018867924528,loss,0.0,-1.0,8.474841241640833,44.86874398485735,-10.5,43.5
2023_03_NYG_SF,2023,3,202303,total,under,0.5333333333333333,-108.0,0.5192307692307693,win,1.0,0.9259259259259259,8.474841241640833,44.86874398485735,-10.5,43.5
2023_03_PHI_TB,2023,3,202303,spread,home,0.7074074074074074,-110.0,0.5238095238095238,loss,0.0,-1.0,-0.6504586775664405,46.79861206712834,6.0,44.0
2023_03_PHI_TB,2023,3,202303,spread,away,0.2925925925925926,-110.0,0.5238095238095238,win,1.0,0.9090909090909091,-0.6504586775664405,46.79861206712834,6.0,44.0
2023_03_PHI_TB,2023,3,202303,total,over,0.4962962962962963,-112.0,0.5283018867924528,loss,0.0,-1.0,-0.6504586775664405,46.79861206712834,6.0,44.0
2023_03_PHI_TB,2023,3,202303,total,under,0.5037037037037038,-108.0,0.5192307692307693,win,1.0,0.9259259259259259,-0.6504586775664405,46.79861206712834,6.0,44.0
2023_03_PIT_LV,2023,3,202303,spread,home,0.3851851851851852,-110.0,0.5238095238095238,loss,0.0,-1.0,-0.2726658556660439,46.215557125679865,-3.0,43.5
2023_03_PIT_LV,2023,3,202303,spread,away,0.6148148148148148,-110.0,0.5238095238095238,win,1.0,0.9090909090909091,-0.2726658556660439,46.215557125679865,-3.0,43.5
2023_03_PIT_LV,2023,3,202303,total,over,0.48518518518518516,-110.0,0.5238095238095238,loss,0.0,-1.0,-0.2726658556660439,46.215557125679865,-3.0,43.5
2023_03_PIT_LV,2023,3,202303,total,under,0.5148148148148148,-110.0,0.5238095238095238,win,1.0,0.9090909090909091,-0.2726658556660439,46.215557125679865,-3.0,43.5
2023_03_TEN_CLE,2023,3,202303,spread,home,0.6222222222222222,-110.0,0.5238095238095238,win,1.0,0.9090909090909091,5.7054318214482524,40.966499787940336,-3.5,38.0
2023_03_TEN_CLE,2023,3,202303,spread,away,0.37777777777777777,-110.0,0.5238095238095238,loss,0.0,-1.0,5.7054318214482524,40.966499787940336,-3.5,38.0
2023_03_TEN_CLE,2023,3,202303,total,over,0.5074074074074074,-110.0,0.5238095238095238,loss,0.0,-1.0,5.7054318214482524,40.966499787940336,-3.5,38.0
2023_03_TEN_CLE,2023,3,202303,total,under,0.4925925925925926,-110.0,0.5238095238095238,win,1.0,0.9090909090909091,5.7054318214482524,40.966499787940336,-3.5,38.0
2023_04_ARI_SF,2023,4,202304,spread,home,0.534965034965035,-112.0,0.5283018867924528,win,1.0,0.8928571428571429,14.898647691231124,46.07313410744627,-15.0,44.0
2023_04_ARI_SF,2023,4,202304,spread,away,0.465034965034965,-108.0,0.5192307692307693,loss,0.0,-1.0,14.898647691231124,46.07313410744627,-15.0,44.0
2023_04_ARI_SF,2023,4,202304,total,over,0.46153846153846156,-115.0,0.5348837209302325,win,1.0,0.8695652173913043,14.898647691231124,46.07313410744627,-15.0,44.0
2023_04_ARI_SF,2023,4,202304,total,under,0.5384615384615384,-105.0,0.5121951219512195,loss,0.0,-1.0,14.898647691231124,46.07313410744627,-15.0,44.0
2023_04_ATL_JAX,2023,4,202304,spread,home,0.5699300699300699,-110.0,0.5238095238095238,win,1.0,0.9090909090909091,4.4299297540380245,39.22026783884489,-3.5,42.5
2023_04_ATL_JAX,2023,4,202304,spread,away,0.4300699300699301,-110.0,0.5238095238095238,loss,0.0,-1.0,4.4299297540380245,39.22026783884489,-3.5,42.5
2023_04_ATL_JAX,2023,4,202304,total,over,0.32517482517482516,-108.0,0.5192307692307693,loss,0.0,-1.0,4.4299297540380245,39.22026783884489,-3.5,42.5
2023_04_ATL_JAX,2023,4,202304,total,under,0.6748251748251748,-112.0,0.5283018867924528,win,1.0,0.8928571428571429,4.4299297540380245,39.22026783884489,-3.5,42.5
2023_04_CIN_TEN,2023,4,202304,spread,home,0.4020979020979021,100.0,0.5,win,1.0,1.0,-5.442347685150608,42.65914575909937,2.5,41.5
2023_04_CIN_TEN,2023,4,202304,spread,away,0.5979020979020979,-120.0,0.5454545454545454,loss,0.0,-1.0,-5.442347685150608,42.65914575909937,2.5,41.5
2023_04_CIN_TEN,2023,4,202304,total,over,0.45104895104895104,-112.0,0.5283018867924528,loss,0.0,-1.0,-5.442347685150608,42.65914575909937,2.5,41.5
2023_04_CIN_TEN,2023,4,202304,total,under,0.548951048951049,-108.0,0.5192307692307693,win,1.0,0.9259259259259259,-5.442347685150608,42.65914575909937,2.5,41.5
2023_04_DEN_CHI,2023,4,202304,spread,home,0.6328671328671329,-108.0,0.5192307692307693,push,,0.0,-0.6379842757988199,45.06527687068037,3.0,47.0
2023_04_DEN_CHI,2023,4,202304,spread,away,0.3671328671328671,-112.0,0.5283018867924528,push,,0.0,-0.6379842757988199,45.06527687068037,3.0,47.0
2023_04_DEN_CHI,2023,4,202304,total,over,0.34965034965034963,-110.0,0.5238095238095238,win,1.0,0.9090909090909091,-0.6379842757988199,45.06527687068037,3.0,47.0
2023_04_DEN_CHI,2023,4,202304,total,under,0.6503496503496504,-110.0,0.5238095238095238,loss,0.0,-1.0,-0.6379842757988199,45.06527687068037,3.0,47.0
2023_04_DET_GB,2023,4,202304,spread,home,0.493006993006993,-102.0,0.504950495049505,loss,0.0,-1.0,-3.5019794401531312,47.150395490609306,2.5,45.0
2023_04_DET_GB,2023,4,202304,spread,away,0.506993006993007,-118.0,0.5412844036697247,win,1.0,0.847457627118644,-3.5019794401531312,47.150395490609306,2.5,45.0
2023_04_DET_GB,2023,4,202304,total,over,0.46853146853146854,-110.0,0.5238095238095238,win,1.0,0.9090909090909091,-3.5019794401531312,47.150395490609306,2.5,45.0
2023_04_DET_GB,2023,4,202304,total,under,0.5314685314685315,-110.0,0.5238095238095238,loss,0.0,-1.0,-3.5019794401531312,47.150395490609306,2.5,45.0
2023_04_KC_NYJ,2023,4,202304,spread,home,0.2727272727272727,-110.0,0.5238095238095238,win,1.0,0.9090909090909091,-16.723787139925232,42.7740135259933,9.5,41.5
2023_04_KC_NYJ,2023,4,202304,spread,away,0.7272727272727273,-110.0,0.5238095238095238,loss,0.0,-1.0,-16.723787139925232,42.7740135259933,9.5,41.5
2023_04_KC_NYJ,2023,4,202304,total,over,0.458041958041958,-115.0,0.5348837209302325,win,1.0,0.8695652173913043,-16.723787139925232,42.7740135259933,9.5,41.5
2023_04_KC_NYJ,2023,4,202304,total,under,0.541958041958042,-105.0,0.5121951219512195,loss,0.0,-1.0,-16.723787139925232,42.7740135259933,9.5,41.5
2023_04_MIA_BUF,2023,4,202304,spread,home,0.5594405594405595,-120.0,0.5454545454545454,win,1.0,0.8333333333333334,2.9701722461370665,49.22861262480029,-2.5,53.0
2023_04_MIA_BUF,2023,4,202304,spread,away,0.4405594405594405,100.0,0.5,loss,0.0,-1.0,2.9701722461370665,49.22861262480029,-2.5,53.0
2023_04_MIA_BUF,2023,4,202304,total,over,0.3181818181818182,-110.0,0.5238095238095238,win,1.0,0.9090909090909091,2.9701722461370665,49.22861262480029,-2.5,53.0
2023_04_MIA_BUF,2023,4,202304,total,under,0.6818181818181819,-110.0,0.5238095238095238,loss,0.0,-1.0,2.9701722461370665,49.22861262480029,-2.5,53.0
2023_04_MIN_CAR,2023,4,202304,spread,home,0.5909090909090909,-108.0,0.5192307692307693,loss,0.0,-1.0,-3.0279666462011123,42.1246576068304,4.5,46.5
2023_04_MIN_CAR,2023,4,202304,spread,away,0.40909090909090906,-112.0,0.5283018867924528,win,1.0,0.8928571428571429,-3.0279666462011123,42.1246576068304,4.5,46.5
2023_04_MIN_CAR,2023,4,202304,total,over,0.2937062937062937,-110.0,0.5238095238095238,loss,0.0,-1.0,-3.0279666462011123,42.1246576068304,4.5,46.5
2023_04_MIN_CAR,2023,4,202304,total,under,0.7062937062937062,-110.0,0.5238095238095238,win,1.0,0.9090909090909091,-3.0279666462011123,42.1246576068304,4.5,46.5
2023_04_NE_DAL,2023,4,202304,spread,home,0.5244755244755245,-112.0,0.5283018867924528,win,1.0,0.8928571428571429,6.069586277395933,47.2041427194882,-6.5,43.0
2023_04_NE_DAL,2023,4,202304,spread,away,0.4755244755244755,-108.0,0.5192307692307693,loss,0.0,-1.0,6.069586277395933,47.2041427194882,-6.5,43.0
2023_04_NE_DAL,2023,4,202304,total,over,0.5559440559440559,-110.0,0.5238095238095238,loss,0.0,-1.0,6.069586277395933,47.2041427194882,-6.5,43.0
2023_04_NE_DAL,2023,4,202304,total,under,0.44405594405594406,-110.0,0.5238095238095238,win,1.0,0.9090909090909091,6.069586277395933,47.2041427194882,-6.5,43.0
2023_04_PIT_HOU,2023,4,202304,spread,home,0.5174825174825175,-110.0,0.5238095238095238,win,1.0,0.9090909090909091,-3.6103525597667847,40.92864760000325,3.0,41.5
2023_04_PIT_HOU,2023,4,202304,spread,away,0.4825174825174825,-110.0,0.5238095238095238,loss,0.0,-1.0,-3.6103525597667847,40.92864760000325,3.0,41.5
2023_04_PIT_HOU,2023,4,202304,total,over,0.3951048951048951,-110.0,0.5238095238095238,loss,0.0,-1.0,-3.6103525597667847,40.92864760000325,3.0,41.5
2023_04_PIT_HOU,2023,4,202304,total,under,0.6048951048951049,-110.0,0.5238095238095238,win,1.0,0.9090909090909091,-3.6103525597667847,40.92864760000325,3.0,41.5
2023_04_SEA_NYG,2023,4,202304,spread,home,0.5594405594405595,-105.0,0.5121951219512195,loss,0.0,-1.0,-2.012142777180016,46.47197125267205,2.5,46.5
2023_04_SEA_NYG,2023,4,202304,spread,away,0.4405594405594405,-115.0,0.5348837209302325,win,1.0,0.8695652173913043,-2.012142777180016,46.47197125267205,2.5,46.5
2023_04_SEA_NYG,2023,4,202304,total,over,0.4090909090909091,-105.0,0.5121951219512195,loss,0.0,-1.0,-2.012142777180016,46.47197125267205,2.5,46.5
2023_04_SEA_NYG,2023,4,202304,total,under,0.5909090909090908,-115.0,0.5348837209302325,win,1.0,0.8695652173913043,-2.012142777180016,46.47197125267205,2.5,46.5
2023_04_TB_NO,2023,4,202304,spread,home,0.4755244755244755,-110.0,0.5238095238095238,loss,0.0,-1.0,2.6307680360509904,43.08764449519651,-4.0,41.0
2023_04_TB_NO,2023,4,202304,spread,away,0.5244755244755245,-110.0,0.5238095238095238,win,1.0,0.9090909090909091,2.6307680360509904,43.08764449519651,-4.0,41.0
2023_04_TB_NO,2023,4,202304,total,over,0.46853146853146854,-110.0,0.5238095238095238,loss,0.0,-1.0,2.6307680360509904,43.08764449519651,-4.0,41.0
2023_04_TB_NO,2023,4,202304,total,under,0.5314685314685315,-110.0,0.5238095238095238,win,1.0,0.9090909090909091,2.6307680360509904,43.08764449519651,-4.0,41.0
2023_04_WAS_PHI,2023,4,202304,spread,home,0.534965034965035,-110.0,0.5238095238095238,loss,0.0,-1.0,9.505547060792026,38.32050234895084,-9.5,43.0
2023_04_WAS_PHI,2023,4,202304,spread,away,0.465034965034965,-110.0,0.5238095238095238,win,1.0,0.9090909090909091,9.505547060792026,38.32050234895084,-9.5,43.0
2023_04_WAS_PHI,2023,4,202304,total,over,0.2902097902097902,-110.0,0.5238095238095238,win,1.0,0.9090909090909091,9.505547060792026,38.32050234895084,-9.5,43.0
2023_04_WAS_PHI,2023,4,202304,total,under,0.7097902097902098,-110.0,0.5238095238095238,loss,0.0,-1.0,9.505547060792026,38.32050234895084,-9.5,43.0
2023_05_BAL_PIT,2023,5,202305,spread,home,0.5050167224080268,-108.0,0.5192307692307693,win,1.0,0.9259259259259259,-5.272143168596794,37.75363003039463,4.5,38.5
2023_05_BAL_PIT,2023,5,202305,spread,away,0.49498327759197325,-112.0,0.5283018867924528,loss,0.0,-1.0,-5.272143168596794,37.75363003039463,4.5,38.5
2023_05_BAL_PIT,2023,5,202305,total,over,0.391304347826087,-110.0,0.5238095238095238,loss,0.0,-1.0,-5.272143168596794,37.75363003039463,4.5,38.5
2023_05_BAL_PIT,2023,5,202305,total,under,0.6086956521739131,-110.0,0.5238095238095238,win,1.0,0.9090909090909091,-5.272143168596794,37.75363003039463,4.5,38.5
2023_05_CAR_DET,2023,5,202305,spread,home,0.5183946488294314,-110.0,0.5238095238095238,win,1.0,0.9090909090909091,8.774705032174102,49.21394656889622,-9.5,43.5
2023_05_CAR_DET,2023,5,202305,spread,away,0.4816053511705686,-110.0,0.5238095238095238,loss,0.0,-1.0,8.774705032174102,49.21394656889622,-9.5,43.5
2023_05_CAR_DET,2023,5,202305,total,over,0.6086956521739131,-110.0,0.5238095238095238,win,1.0,0.9090909090909091,8.774705032174102,49.21394656889622,-9.5,43.5
2023_05_CAR_DET,2023,5,202305,total,under,0.3913043478260869,-110.0,0.5238095238095238,loss,0.0,-1.0,8.774705032174102,49.21394656889622,-9.5,43.5
2023_05_CHI_WAS,2023,5,202305,spread,home,0.42474916387959866,-110.0,0.5238095238095238,loss,0.0,-1.0,3.437236255540908,42.36897154198687,-6.0,45.5
2023_05_CHI_WAS,2023,5,202305,spread,away,0.5752508361204014,-110.0,0.5238095238095238,win,1.0,0.9090909090909091,3.437236255540908,42.36897154198687,-6.0,45.5
2023_05_CHI_WAS,2023,5,202305,total,over,0.3277591973244147,-108.0,0.5192307692307693,win,1.0,0.9259259259259259,3.437236255540908,42.36897154198687,-6.0,45.5
2023_05_CHI_WAS,2023,5,202305,total,under,0.6722408026755853,-112.0,0.5283018867924528,loss,0.0,-1.0,3.437236255540908,42.36897154198687,-6.0,45.5
2023_05_CIN_ARI,2023,5,202305,spread,home,0.4214046822742475,100.0,0.5,loss,0.0,-1.0,-5.630079489807073,46.89336003124801,3.0,45.5
2023_05_CIN_ARI,2023,5,202305,spread,away,0.5785953177257526,-120.0,0.5454545454545454,win,1.0,0.8333333333333334,-5.630079489807073,46.89336003124801,3.0,45.5
2023_05_CIN_ARI,2023,5,202305,total,over,0.46153846153846156,-110.0,0.5238095238095238,win,1.0,0.9090909090909091,-5.630079489807073,46.89336003124801,3.0,45.5
2023_05_CIN_ARI,2023,5,202305,total,under,0.5384615384615384,-110.0,0.5238095238095238,loss,0.0,-1.0,-5.630079489807073,46.89336003124801,3.0,45.5
2023_05_DAL_SF,2023,5,202305,spread,home,0.6053511705685619,-105.0,0.5121951219512195,win,1.0,0.9523809523809523,5.3865323365506,49.439389348346445,-3.5,45.0
2023_05_DAL_SF,2023,5,202305,spread,away,0.3946488294314381,-115.0,0.5348837209302325,loss,0.0,-1.0,5.3865323365506,49.439389348346445,-3.5,45.0
2023_05_DAL_SF,2023,5,202305,total,over,0.5551839464882943,-115.0,0.5348837209302325,win,1.0,0.8695652173913043,5.3865323365506,49.439389348346445,-3.5,45.0
2023_05_DAL_SF,2023,5,202305,total,under,0.4448160535117057,-105.0,0.5121951219512195,loss,0.0,-1.0,5.3865323365506,49.439389348346445,-3.5,45.0
2023_05_GB_LV,2023,5,202305,spread,home,0.5852842809364549,-110.0,0.5238095238095238,win,1.0,0.9090909090909091,2.409917330753199,49.29739614831356,-1.0,45.0
2023_05_GB_LV,2023,5,202305,spread,away,0.4147157190635451,-110.0,0.5238095238095238,loss,0.0,-1.0,2.409917330753199,49.29739614831356,-1.0,45.0
2023_05_GB_LV,2023,5,202305,total,over,0.5518394648829431,-110.0,0.5238095238095238,loss,0.0,-1.0,2.409917330753199,49.29739614831356,-1.0,45.0
2023_05_GB_LV,2023,5,202305,total,under,0.4481605351170569,-110.0,0.5238095238095238,win,1.0,0.9090909090909091,2.409917330753199,49.29739614831356,-1.0,45.0
2023_05_HOU_ATL,2023,5,202305,spread,home,0.5351170568561873,-110.0,0.5238095238095238,loss,0.0,-1.0,2.394528360815712,41.63894100658008,-2.5,42.0
2023_05_HOU_ATL,2023,5,202305,spread,away,0.46488294314381273,-110.0,0.5238095238095238,win,1.0,0.9090909090909091,2.394528360815712,41.63894100658008,-2.5,42.0
2023_05_HOU_ATL,2023,5,202305,total,over,0.4013377926421405,-110.0,0.5238095238095238,loss,0.0,-1.0,2.394528360815712,41.63894100658008,-2.5,42.0
2023_05_HOU_ATL,2023,5,202305,total,under,0.5986622073578596,-110.0,0.5238095238095238,win,1.0,0.9090909090909091,2.394528360815712,41.63894100658008,-2.5,42.0
2023_05_JAX_BUF,2023,5,202305,spread,home,0.6755852842809364,-110.0,0.5238095238095238,loss,0.0,-1.0,9.651643709217549,46.51369109068817,-5.5,48.5
2023_05_JAX_BUF,2023,5,202305,spread,away,0.32441471571906355,-110.0,0.5238095238095238,win,1.0,0.9090909090909091,9.651643709217549,46.51369109068817,-5.5,48.5
2023_05_JAX_BUF,2023,5,202305,total,over,0.3511705685618729,-112.0,0.5283018867924528,loss,0.0,-1.0,9.651643709217549,46.51369109068817,-5.5,48.5
2023_05_JAX_BUF,2023,5,202305,total,under,0.6488294314381271,-108.0,0.5192307692307693,win,1.0,0.9259259259259259,9.651643709217549,46.51369109068817,-5.5,48.5
2023_05_KC_MIN,2023,5,202305,spread,home,0.36454849498327757,-115.0,0.5348837209302325,loss,0.0,-1.0,-7.873506884148785,50.015224007243255,3.5,52.5
2023_05_KC_MIN,2023,5,202305,spread,away,0.6354515050167224,-105.0,0.5121951219512195,win,1.0,0.9523809523809523,-7.873506884148785,50.015224007243255,3.5,52.5
2023_05_KC_MIN,2023,5,202305,total,over,0.33444816053511706,-110.0,0.5238095238095238,loss,0.0,-1.0,-7.873506884148785,50.015224007243255,3.5,52.5
2023_05_KC_MIN,2023,5,202305,total,under,0.6655518394648829,-110.0,0.5238095238095238,win,1.0,0.9090909090909091,-7.873506884148785,50.015224007243255,3.5,52.5
2023_05_NO_NE,2023,5,202305,spread,home,0.42474916387959866,-110.0,0.5238095238095238,loss,0.0,-1.0,-0.028957841975741,38.12744151752875,-2.5,38.5
2023_05_NO_NE,2023,5,202305,spread,away,0.5752508361204014,-110.0,0.5238095238095238,win,1.0,0.9090909090909091,-0.028957841975741,38.12744151752875,-2.5,38.5
2023_05_NO_NE,2023,5,202305,total,over,0.4013377926421405,-110.0,0.5238095238095238,loss,0.0,-1.0,-0.028957841975741,38.12744151752875,-2.5,38.5
2023_05_NO_NE,2023,5,202305,total,under,0.5986622073578596,-110.0,0.5238095238095238,win,1.0,0.9090909090909091,-0.028957841975741,38.12744151752875,-2.5,38.5
2023_05_NYG_MIA,2023,5,202305,spread,home,0.3612040133779264,-110.0,0.5238095238095238,win,1.0,0.9090909090909091,7.820499249010181,46.53962732594649,-12.5,47.5
2023_05_NYG_MIA,2023,5,202305,spread,away,0.6387959866220736,-110.0,0.5238095238095238,loss,0.0,-1.0,7.820499249010181,46.53962732594649,-12.5,47.5
2023_05_NYG_MIA,2023,5,202305,total,over,0.38461538461538464,-112.0,0.5283018867924528,loss,0.0,-1.0,7.820499249010181,46.53962732594649,-12.5,47.5
2023_05_NYG_MIA,2023,5,202305,total,under,0.6153846153846154,-108.0,0.5192307692307693,win,1.0,0.9259259259259259,7.820499249010181,46.53962732594649,-12.5,47.5
2023_05_NYJ_DEN,2023,5,202305,spread,home,0.5953177257525084,-110.0,0.5238095238095238,loss,0.0,-1.0,4.066697961178828,40.59194052227132,-2.5,42.5
2023_05_NYJ_DEN,2023,5,202305,spread,away,0.4046822742474916,-110.0,0.5238095238095238,win,1.0,0.9090909090909091,4.066697961178828,40.59194052227132,-2.5,42.5
2023_05_NYJ_DEN,2023,5,202305,total,over,0.3511705685618729,-110.0,0.5238095238095238,win,1.0,0.9090909090909091,4.066697961178828,40.59194052227132,-2.5,42.5
2023_05_NYJ_DEN,2023,5,202305,total,under,0.6488294314381271,-110.0,0.5238095238095238,loss,0.0,-1.0,4.066697961178828,40.59194052227132,-2.5,42.5
2023_05_PHI_LA,2023,5,202305,spread,home,0.6053511705685619,-110.0,0.5238095238095238,loss,0.0,-1.0,-1.5921054846315237,52.1653336498025,3.5,50.5
2023_05_PHI_LA,2023,5,202305,spread,away,0.3946488294314381,-110.0,0.5238095238095238,win,1.0,0.9090909090909091,-1.5921054846315237,52.1653336498025,3.5,50.5
2023_05_PHI_LA,2023,5,202305,total,over,0.46153846153846156,-110.0,0.5238095238095238,loss,0.0,-1.0,-1.5921054846315237,52.1653336498025,3.5,50.5
2023_05_PHI_LA,2023,5,202305,total,under,0.5384615384615384,-110.0,0.5238095238095238,win,1.0,0.9090909090909091,-1.5921054846315237,52.1653336498025,3.5,50.5
2023_05_TEN_IND,2023,5,202305,spread,home,0.6354515050167224,-110.0,0.5238095238095238,win,1.0,0.9090909090909091,-0.0598974413472657,43.32301783936189,2.5,43.5
2023_05_TEN_IND,2023,5,202305,spread,away,0.36454849498327757,-110.0,0.5238095238095238,loss,0.0,-1.0,-0.0598974413472657,43.32301783936189,2.5,43.5
2023_05_TEN_IND,2023,5,202305,total,over,0.4080267558528428,-110.0,0.5238095238095238,loss,0.0,-1.0,-0.0598974413472657,43.32301783936189,2.5,43.5
2023_05_TEN_IND,2023,5,202305,total,under,0.5919732441471572,-110.0,0.5238095238095238,win,1.0,0.9090909090909091,-0.0598974413472657,43.32301783936189,2.5,43.5
2023_06_ARI_LA,2023,6,202306,spread,home,0.5335463258785943,-115.0,0.5348837209302325,win,1.0,0.8695652173913043,7.0035108987784565,48.22505811882262,-7.0,48.0
2023_06_ARI_LA,2023,6,202306,spread,away,0.4664536741214057,-105.0,0.5121951219512195,loss,0.0,-1.0,7.0035108987784565,48.22505811882262,-7.0,48.0
2023_06_ARI_LA,2023,6,202306,total,over,0.4249201277955272,-110.0,0.5238095238095238,loss,0.0,-1.0,7.0035108987784565,48.22505811882262,-7.0,48.0
2023_06_ARI_LA,2023,6,202306,total,under,0.5750798722044728,-110.0,0.5238095238095238,win,1.0,0.9090909090909091,7.0035108987784565,48.22505811882262,-7.0,48.0
2023_06_BAL_TEN,2023,6,202306,spread,home,0.5399361022364217,-108.0,0.5192307692307693,loss,0.0,-1.0,-5.302926690837516,40.82286141933135,5.5,42.5
2023_06_BAL_TEN,2023,6,202306,spread,away,0.46006389776357826,-112.0,0.5283018867924528,win,1.0,0.8928571428571429,-5.302926690837516,40.82286141933135,5.5,42.5
2023_06_BAL_TEN,2023,6,202306,total,over,0.3610223642172524,-110.0,0.5238095238095238,loss,0.0,-1.0,-5.302926690837516,40.82286141933135,5.5,42.5
2023_06_BAL_TEN,2023,6,202306,total,under,0.6389776357827476,-110.0,0.5238095238095238,win,1.0,0.9090909090909091,-5.302926690837516,40.82286141933135,5.5,42.5
2023_06_CAR_MIA,2023,6,202306,spread,home,0.4217252396166134,-110.0,0.5238095238095238,win,1.0,0.9090909090909091,11.398713876964948,46.23037510157583,-14.0,47.5
2023_06_CAR_MIA,2023,6,202306,spread,away,0.5782747603833867,-110.0,0.5238095238095238,loss,0.0,-1.0,11.398713876964948,46.23037510157583,-14.0,47.5
2023_06_CAR_MIA,2023,6,202306,total,over,0.3706070287539936,-108.0,0.5192307692307693,win,1.0,0.9259259259259259,11.398713876964948,46.23037510157583,-14.0,47.5
2023_06_CAR_MIA,2023,6,202306,total,under,0.6293929712460065,-112.0,0.5283018867924528,loss,0.0,-1.0,11.398713876964948,46.23037510157583,-14.0,47.5
2023_06_DAL_LAC,2023,6,202306,spread,home,0.6485623003194888,-108.0,0.5192307692307693,loss,0.0,-1.0,1.4093827767956912,49.78571082659148,1.5,49.5
2023_06_DAL_LAC,2023,6,202306,spread,away,0.3514376996805112,-112.0,0.5283018867924528,win,1.0,0.8928571428571429,1.4093827767956912,49.78571082659148,1.5,49.5
2023_06_DAL_LAC,2023,6,202306,total,over,0.4281150159744409,-112.0,0.5283018867924528,loss,0.0,-1.0,1.4093827767956912,49.78571082659148,1.5,49.5
2023_06_DAL_LAC,2023,6,202306,total,under,0.5718849840255591,-108.0,0.5192307692307693,win,1.0,0.9259259259259259,1.4093827767956912,49.78571082659148,1.5,49.5
2023_06_DEN_KC,2023,6,202306,spread,home,0.7028753993610224,-112.0,0.5283018867924528,win,1.0,0.8928571428571429,15.864701594004709,48.91628892544076,-10.5,47.5
2023_06_DEN_KC,2023,6,202306,spread,away,0.2971246006389776,-108.0,0.5192307692307693,loss,0.0,-1.0,15.864701594004709,48.91628892544076,-10.5,47.5
2023_06_DEN_KC,2023,6,202306,total,over,0.46006389776357826,-108.0,0.5192307692307693,loss,0.0,-1.0,15.864701594004709,48.91628892544076,-10.5,47.5
2023_06_DEN_KC,2023,6,202306,total,under,0.5399361022364217,-112.0,0.5283018867924528,win,1.0,0.8928571428571429,15.864701594004709,48.91628892544076,-10.5,47.5
2023_06_DET_TB,2023,6,202306,spread,home,0.5335463258785943,-105.0,0.5121951219512195,loss,0.0,-1.0,-2.894268609562073,44.693781863400105,3.0,43.5
2023_06_DET_TB,2023,6,202306,spread,away,0.4664536741214057,-115.0,0.5348837209302325,win,1.0,0.8695652173913043,-2.894268609562073,44.693781863400105,3.0,43.5
2023_06_DET_TB,2023,6,202306,total,over,0.4504792332268371,-108.0,0.5192307692307693,loss,0.0,-1.0,-2.894268609562073,44.693781863400105,3.0,43.5
2023_06_DET_TB,2023,6,202306,total,under,0.549520766773163,-112.0,0.5283018867924528,win,1.0,0.8928571428571429,-2.894268609562073,44.693781863400105,3.0,43.5
2023_06_IND_JAX,2023,6,202306,spread,home,0.645367412140575,-110.0,0.5238095238095238,win,1.0,0.9090909090909091,6.735672344301464,45.83438934661658,-4.0,44.0
2023_06_IND_JAX,2023,6,202306,spread,away,0.354632587859425,-110.0,0.5238095238095238,loss,0.0,-1.0,6.735672344301464,45.83438934661658,-4.0,44.0
2023_06_IND_JAX,2023,6,202306,total,over,0.46645367412140576,-110.0,0.5238095238095238,win,1.0,0.9090909090909091,6.735672344301464,45.83438934661658,-4.0,44.0
2023_06_IND_JAX,2023,6,202306,total,under,0.5335463258785942,-110.0,0.5238095238095238,loss,0.0,-1.0,6.735672344301464,45.83438934661658,-4.0,44.0
2023_06_NE_LV,2023,6,202306,spread,home,0.6645367412140575,-102.0,0.504950495049505,win,1.0,0.9803921568627451,6.417079559714383,43.33584522182132,-3.0,41.5
2023_06_NE_LV,2023,6,202306,spread,away,0.3354632587859425,-118.0,0.5412844036697247,loss,0.0,-1.0,6.417079559714383,43.33584522182132,-3.0,41.5
2023_06_NE_LV,2023,6,202306,total,over,0.46645367412140576,-110.0,0.5238095238095238,loss,0.0,-1.0,6.417079559714383,43.33584522182132,-3.0,41.5
2023_06_NE_LV,2023,6,202306,total,under,0.5335463258785942,-110.0,0.5238095238095238,win,1.0,0.9090909090909091,6.417079559714383,43.33584522182132,-3.0,41.5
2023_06_NO_HOU,2023,6,202306,spread,home,0.48562300319488816,-110.0,0.5238095238095238,win,1.0,0.9090909090909091,-3.0843535896736007,43.74278968623744,2.0,42.5
2023_06_NO_HOU,2023,6,202306,spread,away,0.5143769968051118,-110.0,0.5238095238095238,loss,0.0,-1.0,-3.0843535896736007,43.74278968623744,2.0,42.5
2023_06_NO_HOU,2023,6,202306,total,over,0.4536741214057508,-108.0,0.5192307692307693,loss,0.0,-1.0,-3.0843535896736007,43.74278968623744,2.0,42.5
2023_06_NO_HOU,2023,6,202306,total,under,0.5463258785942492,-112.0,0.5283018867924528,win,1.0,0.8928571428571429,-3.0843535896736007,43.74278968623744,2.0,42.5
2023_06_NYG_BUF,2023,6,202306,spread,home,0.5559105431309904,-110.0,0.5238095238095238,loss,0.0,-1.0,15.92324159328962,42.06383263649629,-15.5,43.5
2023_06_NYG_BUF,2023,6,202306,spread,away,0.4440894568690096,-110.0,0.5238095238095238,win,1.0,0.9090909090909091,15.92324159328962,42.06383263649629,-15.5,43.5
2023_06_NYG_BUF,2023,6,202306,total,over,0.36741214057507987,-110.0,0.5238095238095238,loss,0.0,-1.0,15.92324159328962,42.06383263649629,-15.5,43.5
2023_06_NYG_BUF,2023,6,202306,total,under,0.6325878594249201,-110.0,0.5238095238095238,win,1.0,0.9090909090909091,15.92324159328962,42.06383263649629,-15.5,43.5
2023_06_PHI_NYJ,2023,6,202306,spread,home,0.43130990415335463,-105.0,0.5121951219512195,win,1.0,0.9523809523809523,-8.877357878257987,43.21664749922592,6.5,43.0
2023_06_PHI_NYJ,2023,6,202306,spread,away,0.5686900958466454,-115.0,0.5348837209302325,loss,0.0,-1.0,-8.877357878257987,43.21664749922592,6.5,43.0
2023_06_PHI_NYJ,2023,6,202306,total,over,0.4249201277955272,-115.0,0.5348837209302325,loss,0.0,-1.0,-8.877357878257987,43.21664749922592,6.5,43.0
2023_06_PHI_NYJ,2023,6,202306,total,under,0.5750798722044728,-105.0,0.5121951219512195,win,1.0,0.9523809523809523,-8.877357878257987,43.21664749922592,6.5,43.0
2023_06_SEA_CIN,2023,6,202306,spread,home,0.4536741214057508,-108.0,0.5192307692307693,win,1.0,0.9259259259259259,1.1646417076008817,44.0999451787244,-3.0,45.5
2023_06_SEA_CIN,2023,6,202306,spread,away,0.5463258785942492,-112.0,0.5283018867924528,loss,0.0,-1.0,1.1646417076008817,44.0999451787244,-3.0,45.5
2023_06_SEA_CIN,2023,6,202306,total,over,0.36741214057507987,-112.0,0.5283018867924528,loss,0.0,-1.0,1.1646417076008817,44.0999451787244,-3.0,45.5
2023_06_SEA_CIN,2023,6,202306,total,under,0.6325878594249201,-108.0,0.5192307692307693,win,1.0,0.9259259259259259,1.1646417076008817,44.0999451787244,-3.0,45.5
2023_06_SF_CLE,2023,6,202306,spread,home,0.48242811501597443,-105.0,0.5121951219512195,win,1.0,0.9523809523809523,-10.620313801917987,43.0424616808157,9.5,36.0
2023_06_SF_CLE,2023,6,202306,spread,away,0.5175718849840256,-115.0,0.5348837209302325,loss,0.0,-1.0,-10.620313801917987,43.0424616808157,9.5,36.0
2023_06_SF_CLE,2023,6,202306,total,over,0.6613418530351438,-110.0,0.5238095238095238,push,,0.0,-10.620313801917987,43.0424616808157,9.5,36.0
2023_06_SF_CLE,2023,6,202306,total,under,0.3386581469648562,-110.0,0.5238095238095238,push,,0.0,-10.620313801917987,43.0424616808157,9.5,36.0
2023_06_WAS_ATL,2023,6,202306,spread,home,0.670926517571885,-112.0,0.5283018867924528,loss,0.0,-1.0,5.2852012778250215,43.48844551783033,-1.5,42.0
2023_06_WAS_ATL,2023,6,202306,spread,away,0.32907348242811496,-108.0,0.5192307692307693,win,1.0,0.9259259259259259,5.2852012778250215,43.48844551783033,-1.5,42.0
2023_06_WAS_ATL,2023,6,202306,total,over,0.46006389776357826,-110.0,0.5238095238095238,loss,0.0,-1.0,5.2852012778250215,43.48844551783033,-1.5,42.0
2023_06_WAS_ATL,2023,6,202306,total,under,0.5399361022364217,-110.0,0.5238095238095238,win,1.0,0.9090909090909091,5.2852012778250215,43.48844551783033,-1.5,42.0
2023_07_ARI_SEA,2023,7,202307,spread,home,0.5749235474006116,-108.0,0.5192307692307693,win,1.0,0.9259259259259259,10.465144578244908,42.47767978592674,-9.5,43.5
2023_07_ARI_SEA,2023,7,202307,spread,away,0.4250764525993884,-112.0,0.5283018867924528,loss,0.0,-1.0,10.465144578244908,42.47767978592674,-9.5,43.5
2023_07_ARI_SEA,2023,7,202307,total,over,0.3730886850152905,-110.0,0.5238095238095238,loss,0.0,-1.0,10.465144578244908,42.47767978592674,-9.5,43.5
2023_07_ARI_SEA,2023,7,202307,total,under,0.6269113149847094,-110.0,0.5238095238095238,win,1.0,0.9090909090909091,10.465144578244908,42.47767978592674,-9.5,43.5
2023_07_ATL_TB,2023,7,202307,spread,home,0.45565749235474007,-105.0,0.5121951219512195,loss,0.0,-1.0,1.1902066732528789,37.88831005920615,-3.0,37.5
2023_07_ATL_TB,2023,7,202307,spread,away,0.5443425076452599,-115.0,0.5348837209302325,win,1.0,0.8695652173913043,1.1902066732528789,37.88831005920615,-3.0,37.5
2023_07_ATL_TB,2023,7,202307,total,over,0.41896024464831805,-105.0,0.5121951219512195,loss,0.0,-1.0,1.1902066732528789,37.88831005920615,-3.0,37.5
2023_07_ATL_TB,2023,7,202307,total,under,0.581039755351682,-115.0,0.5348837209302325,win,1.0,0.8695652173913043,1.1902066732528789,37.88831005920615,-3.0,37.5
2023_07_BUF_NE,2023,7,202307,spread,home,0.3486238532110092,-110.0,0.5238095238095238,win,1.0,0.9090909090909091,-12.369590585747927,39.91059483116239,7.5,41.0
2023_07_BUF_NE,2023,7,202307,spread,away,0.6513761467889908,-110.0,0.5238095238095238,loss,0.0,-1.0,-12.369590585747927,39.91059483116239,7.5,41.0
2023_07_BUF_NE,2023,7,202307,total,over,0.3730886850152905,-110.0,0.5238095238095238,win,1.0,0.9090909090909091,-12.369590585747927,39.91059483116239,7.5,41.0
2023_07_BUF_NE,2023,7,202307,total,under,0.6269113149847094,-110.0,0.5238095238095238,loss,0.0,-1.0,-12.369590585747927,39.91059483116239,7.5,41.0
2023_07_CLE_IND,2023,7,202307,spread,home,0.5565749235474006,-112.0,0.5283018867924528,win,1.0,0.8928571428571429,-2.96710695761032,41.44602880688038,3.5,40.0
2023_07_CLE_IND,2023,7,202307,spread,away,0.44342507645259943,-108.0,0.5192307692307693,loss,0.0,-1.0,-2.96710695761032,41.44602880688038,3.5,40.0
2023_07_CLE_IND,2023,7,202307,total,over,0.44954128440366975,-110.0,0.5238095238095238,win,1.0,0.9090909090909091,-2.96710695761032,41.44602880688038,3.5,40.0
2023_07_CLE_IND,2023,7,202307,total,under,0.5504587155963303,-110.0,0.5238095238095238,loss,0.0,-1.0,-2.96710695761032,41.44602880688038,3.5,40.0
2023_07_DET_BAL,2023,7,202307,spread,home,0.37920489296636084,-115.0,0.5348837209302325,win,1.0,0.8695652173913043,-0.9890966917383172,43.80881044190339,-3.0,43.5
2023_07_DET_BAL,2023,7,202307,spread,away,0.6207951070336392,-105.0,0.5121951219512195,loss,0.0,-1.0,-0.9890966917383172,43.80881044190339,-3.0,43.5
2023_07_DET_BAL,2023,7,202307,total,over,0.41896024464831805,-112.0,0.5283018867924528,win,1.0,0.8928571428571429,-0.9890966917383172,43.80881044190339,-3.0,43.5
2023_07_DET_BAL,2023,7,202307,total,under,0.581039755351682,-108.0,0.5192307692307693,loss,0.0,-1.0,-0.9890966917383172,43.80881044190339,-3.0,43.5
2023_07_GB_DEN,2023,7,202307,spread,home,0.3669724770642202,-108.0,0.5192307692307693,win,1.0,0.9259259259259259,-2.7868284116817748,43.76376437508791,-1.5,44.0
2023_07_GB_DEN,2023,7,202307,spread,away,0.6330275229357798,-112.0,0.5283018867924528,loss,0.0,-1.0,-2.7868284116817748,43.76376437508791,-1.5,44.0
2023_07_GB_DEN,2023,7,202307,total,over,0.3944954128440367,-110.0,0.5238095238095238,loss,0.0,-1.0,-2.7868284116817748,43.76376437508791,-1.5,44.0
2023_07_GB_DEN,2023,7,202307,total,under,0.6055045871559632,-110.0,0.5238095238095238,win,1.0,0.9090909090909091,-2.7868284116817748,43.76376437508791,-1.5,44.0
2023_07_JAX_NO,2023,7,202307,spread,home,0.44954128440366975,-112.0,0.5283018867924528,loss,0.0,-1.0,0.4191091037771064,43.74430130595045,-2.5,41.0
2023_07_JAX_NO,2023,7,202307,spread,away,0.5504587155963303,-108.0,0.5192307692307693,win,1.0,0.9259259259259259,0.4191091037771064,43.74430130595045,-2.5,41.0
2023_07_JAX_NO,2023,7,202307,total,over,0.4709480122324159,-110.0,0.5238095238095238,win,1.0,0.9090909090909091,0.4191091037771064,43.74430130595045,-2.5,41.0
2023_07_JAX_NO,2023,7,202307,total,under,0.5290519877675841,-110.0,0.5238095238095238,loss,0.0,-1.0,0.4191091037771064,43.74430130595045,-2.5,41.0
2023_07_LAC_KC,2023,7,202307,spread,home,0.6636085626911316,-115.0,0.5348837209302325,win,1.0,0.8695652173913043,8.953349585537536,46.94891121291442,-5.5,48.5
2023_07_LAC_KC,2023,7,202307,spread,away,0.33639143730886845,-105.0,0.5121951219512195,loss,0.0,-1.0,8.953349585537536,46.94891121291442,-5.5,48.5
2023_07_LAC_KC,2023,7,202307,total,over,0.3547400611620795,-112.0,0.5283018867924528,loss,0.0,-1.0,8.953349585537536,46.94891121291442,-5.5,48.5
2023_07_LAC_KC,2023,7,202307,total,under,0.6452599388379205,-108.0,0.5192307692307693,win,1.0,0.9259259259259259,8.953349585537536,46.94891121291442,-5.5,48.5
2023_07_MIA_PHI,2023,7,202307,spread,home,0.3363914373088685,-108.0,0.5192307692307693,win,1.0,0.9259259259259259,-2.278458430265494,47.4825416357486,-3.0,52.0
2023_07_MIA_PHI,2023,7,202307,spread,away,0.6636085626911314,-112.0,0.5283018867924528,loss,0.0,-1.0,-2.278458430265494,47.4825416357486,-3.0,52.0
2023_07_MIA_PHI,2023,7,202307,total,over,0.290519877675841,-110.0,0.5238095238095238,loss,0.0,-1.0,-2.278458430265494,47.4825416357486,-3.0,52.0
2023_07_MIA_PHI,2023,7,202307,total,under,0.709480122324159,-110.0,0.5238095238095238,win,1.0,0.9090909090909091,-2.278458430265494,47.4825416357486,-3.0,52.0
2023_07_PIT_LA,2023,7,202307,spread,home,0.5749235474006116,-102.0,0.504950495049505,loss,0.0,-1.0,4.6383919953087736,46.62678826507836,-3.5,44.0
2023_07_PIT_LA,2023,7,202307,spread,away,0.4250764525993884,-118.0,0.5412844036697247,win,1.0,0.847457627118644,4.6383919953087736,46.62678826507836,-3.5,44.0
2023_07_PIT_LA,2023,7,202307,total,over,0.46788990825688076,-108.0,0.5192307692307693,loss,0.0,-1.0,4.6383919953087736,46.62678826507836,-3.5,44.0
2023_07_PIT_LA,2023,7,202307,total,under,0.5321100917431192,-112.0,0.5283018867924528,win,1.0,0.8928571428571429,4.6383919953087736,46.62678826507836,-3.5,44.0
2023_07_SF_MIN,2023,7,202307,spread,home,0.4740061162079511,-115.0,0.5348837209302325,win,1.0,0.8695652173913043,-8.528117811619273,48.36096789583135,7.0,44.5
2023_07_SF_MIN,2023,7,202307,spread,away,0.5259938837920489,-105.0,0.5121951219512195,loss,0.0,-1.0,-8.528117811619273,48.36096789583135,7.0,44.5
2023_07_SF_MIN,2023,7,202307,total,over,0.5229357798165137,-110.0,0.5238095238095238,loss,0.0,-1.0,-8.528117811619273,48.36096789583135,7.0,44.5
2023_07_SF_MIN,2023,7,202307,total,under,0.47706422018348627,-110.0,0.5238095238095238,win,1.0,0.9090909090909091,-8.528117811619273,48.36096789583135,7.0,44.5
2023_07_WAS_NYG,2023,7,202307,spread,home,0.6697247706422018,-112.0,0.5283018867924528,win,1.0,0.8928571428571429,0.8500829934487104,39.11027052845154,3.0,37.0
2023_07_WAS_NYG,2023,7,202307,spread,away,0.3302752293577982,-108.0,0.5192307692307693,loss,0.0,-1.0,0.8500829934487104,39.11027052845154,3.0,37.0
2023_07_WAS_NYG,2023,7,202307,total,over,0.4617737003058104,-108.0,0.5192307692307693,loss,0.0,-1.0,0.8500829934487104,39.11027052845154,3.0,37.0
2023_07_WAS_NYG,2023,7,202307,total,under,0.5382262996941896,-112.0,0.5283018867924528,win,1.0,0.8928571428571429,0.8500829934487104,39.11027052845154,3.0,37.0
2023_08_BAL_ARI,2023,8,202308,spread,home,0.49262536873156343,-110.0,0.5238095238095238,win,1.0,0.9090909090909091,-10.535995913822855,44.824440698622666,9.5,44.5
2023_08_BAL_ARI,2023,8,202308,spread,away,0.5073746312684366,-110.0,0.5238095238095238,loss,0.0,-1.0,-10.535995913822855,44.824440698622666,9.5,44.5
2023_08_BAL_ARI,2023,8,202308,total,over,0.4218289085545723,-110.0,0.5238095238095238,win,1.0,0.9090909090909091,-10.535995913822855,44.824440698622666,9.5,44.5
2023_08_BAL_ARI,2023,8,202308,total,under,0.5781710914454277,-110.0,0.5238095238095238,loss,0.0,-1.0,-10.535995913822855,44.824440698622666,9.5,44.5
2023_08_CHI_LAC,2023,8,202308,spread,home,0.23008849557522124,-112.0,0.5283018867924528,win,1.0,0.8928571428571429,0.501383589271523,42.93491744028236,-9.5,46.0
2023_08_CHI_LAC,2023,8,202308,spread,away,0.7699115044247787,-108.0,0.5192307692307693,loss,0.0,-1.0,0.501383589271523,42.93491744028236,-9.5,46.0
2023_08_CHI_LAC,2023,8,202308,total,over,0.31563421828908556,-108.0,0.5192307692307693,loss,0.0,-1.0,0.501383589271523,42.93491744028236,-9.5,46.0
2023_08_CHI_LAC,2023,8,202308,total,under,0.6843657817109144,-112.0,0.5283018867924528,win,1.0,0.8928571428571429,0.501383589271523,42.93491744028236,-9.5,46.0
2023_08_CIN_SF,2023,8,202308,spread,home,0.672566371681416,-115.0,0.5348837209302325,loss,0.0,-1.0,7.921395259469222,46.47220840584404,-4.0,44.0
2023_08_CIN_SF,2023,8,202308,spread,away,0.327433628318584,-105.0,0.5121951219512195,win,1.0,0.9523809523809523,7.921395259469222,46.47220840584404,-4.0,44.0
2023_08_CIN_SF,2023,8,202308,total,over,0.4690265486725664,-110.0,0.5238095238095238,win,1.0,0.9090909090909091,7.921395259469222,46.47220840584404,-4.0,44.0
2023_08_CIN_SF,2023,8,202308,total,under,0.5309734513274336,-110.0,0.5238095238095238,loss,0.0,-1.0,7.921395259469222,46.47220840584404,-4.0,44.0
2023_08_CLE_SEA,2023,8,202308,spread,home,0.5811209439528023,-110.0,0.5238095238095238,push,,0.0,5.116679342450598,39.52162804036335,-4.0,39.5
2023_08_CLE_SEA,2023,8,202308,spread,away,0.41887905604719766,-110.0,0.5238095238095238,push,,0.0,5.116679342450598,39.52162804036335,-4.0,39.5
2023_08_CLE_SEA,2023,8,202308,total,over,0.415929203539823,-108.0,0.5192307692307693,win,1.0,0.9259259259259259,5.116679342450598,39.52162804036335,-4.0,39.5
2023_08_CLE_SEA,2023,8,202308,total,under,0.584070796460177,-112.0,0.5283018867924528,loss,0.0,-1.0,5.116679342450598,39.52162804036335,-4.0,39.5
2023_08_HOU_CAR,2023,8,202308,spread,home,0.6578171091445427,-102.0,0.504950495049505,win,1.0,0.9803921568627451,0.170803025253158,37.62916539799669,3.0,43.0
2023_08_HOU_CAR,2023,8,202308,spread,away,0.3421828908554573,-118.0,0.5412844036697247,loss,0.0,-1.0,0.170803025253158,37.62916539799669,3.0,43.0
2023_08_HOU_CAR,2023,8,202308,total,over,0.2713864306784661,-110.0,0.5238095238095238,loss,0.0,-1.0,0.170803025253158,37.62916539799669,3.0,43.0
2023_08_HOU_CAR,2023,8,202308,total,under,0.7286135693215339,-110.0,0.5238095238095238,win,1.0,0.9090909090909091,0.170803025253158,37.62916539799669,3.0,43.0
2023_08_JAX_PIT,2023,8,202308,spread,home,0.6017699115044248,-110.0,0.5238095238095238,loss,0.0,-1.0,-0.7510211873947406,41.95517189898246,2.5,41.0
2023_08_JAX_PIT,2023,8,202308,spread,away,0.3982300884955752,-110.0,0.5238095238095238,win,1.0,0.9090909090909091,-0.7510211873947406,41.95517189898246,2.5,41.0
2023_08_JAX_PIT,2023,8,202308,total,over,0.4424778761061947,-110.0,0.5238095238095238,loss,0.0,-1.0,-0.7510211873947406,41.95517189898246,2.5,41.0
2023_08_JAX_PIT,2023,8,202308,total,under,0.5575221238938053,-110.0,0.5238095238095238,win,1.0,0.9090909090909091,-0.7510211873947406,41.95517189898246,2.5,41.0
2023_08_KC_DEN,2023,8,202308,spread,home,0.28023598820059,-118.0,0.5412844036697247,win,1.0,0.847457627118644,-14.43078661649527,43.82750531347574,7.0,45.5
2023_08_KC_DEN,2023,8,202308,spread,away,0.71976401179941,-102.0,0.504950495049505,loss,0.0,-1.0,-14.43078661649527,43.82750531347574,7.0,45.5
2023_08_KC_DEN,2023,8,202308,total,over,0.3480825958702065,-110.0,0.5238095238095238,loss,0.0,-1.0,-14.43078661649527,43.82750531347574,7.0,45.5
2023_08_KC_DEN,2023,8,202308,total,under,0.6519174041297935,-110.0,0.5238095238095238,win,1.0,0.9090909090909091,-14.43078661649527,43.82750531347574,7.0,45.5
2023_08_LA_DAL,2023,8,202308,spread,home,0.45427728613569324,-115.0,0.5348837209302325,win,1.0,0.8695652173913043,4.4912214870357205,47.12207868867812,-6.5,44.5
2023_08_LA_DAL,2023,8,202308,spread,away,0.5457227138643068,-105.0,0.5121951219512195,loss,0.0,-1.0,4.4912214870357205,47.12207868867812,-6.5,44.5
2023_08_LA_DAL,2023,8,202308,total,over,0.4690265486725664,-110.0,0.5238095238095238,win,1.0,0.9090909090909091,4.4912214870357205,47.12207868867812,-6.5,44.5
2023_08_LA_DAL,2023,8,202308,total,under,0.5309734513274336,-110.0,0.5238095238095238,loss,0.0,-1.0,4.4912214870357205,47.12207868867812,-6.5,44.5
2023_08_LV_DET,2023,8,202308,spread,home,0.5014749262536873,-110.0,0.5238095238095238,win,1.0,0.9090909090909091,6.08279324613456,51.65333196354499,-7.0,46.0
2023_08_LV_DET,2023,8,202308,spread,away,0.4985250737463127,-110.0,0.5238095238095238,loss,0.0,-1.0,6.08279324613456,51.65333196354499,-7.0,46.0
2023_08_LV_DET,2023,8,202308,total,over,0.6047197640117994,-110.0,0.5238095238095238,loss,0.0,-1.0,6.08279324613456,51.65333196354499,-7.0,46.0
2023_08_LV_DET,2023,8,202308,total,under,0.3952802359882006,-110.0,0.5238095238095238,win,1.0,0.9090909090909091,6.08279324613456,51.65333196354499,-7.0,46.0
2023_08_MIN_GB,2023,8,202308,spread,home,0.5575221238938053,-112.0,0.5283018867924528,loss,0.0,-1.0,-0.5996924211902974,44.62132051847076,1.0,41.5
2023_08_MIN_GB,2023,8,202308,spread,away,0.4424778761061947,-108.0,0.5192307692307693,win,1.0,0.9259259259259259,-0.5996924211902974,44.62132051847076,1.0,41.5
2023_08_MIN_GB,2023,8,202308,total,over,0.49557522123893805,-112.0,0.5283018867924528,loss,0.0,-1.0,-0.5996924211902974,44.62132051847076,1.0,41.5
2023_08_MIN_GB,2023,8,202308,total,under,0.504424778761062,-108.0,0.5192307692307693,win,1.0,0.9259259259259259,-0.5996924211902974,44.62132051847076,1.0,41.5
2023_08_NE_MIA,2023,8,202308,spread,home,0.6253687315634219,-110.0,0.5238095238095238,win,1.0,0.9090909090909091,9.850481057143815,42.96689194090314,-7.5,46.5
2023_08_NE_MIA,2023,8,202308,spread,away,0.3746312684365781,-110.0,0.5238095238095238,loss,0.0,-1.0,9.850481057143815,42.96689194090314,-7.5,46.5
2023_08_NE_MIA,2023,8,202308,total,over,0.31268436578171094,-110.0,0.5238095238095238,win,1.0,0.9090909090909091,9.850481057143815,42.96689194090314,-7.5,46.5
2023_08_NE_MIA,2023,8,202308,total,under,0.6873156342182891,-110.0,0.5238095238095238,loss,0.0,-1.0,9.850481057143815,42.96689194090314,-7.5,46.5
2023_08_NO_IND,2023,8,202308,spread,home,0.4808259587020649,-110.0,0.5238095238095238,loss,0.0,-1.0,-3.4405781283829606,46.33858298328872,2.0,43.5
2023_08_NO_IND,2023,8,202308,spread,away,0.5191740412979351,-110.0,0.5238095238095238,win,1.0,0.9090909090909091,-3.4405781283829606,46.33858298328872,2.0,43.5
2023_08_NO_IND,2023,8,202308,total,over,0.4837758112094395,-110.0,0.5238095238095238,win,1.0,0.9090909090909091,-3.4405781283829606,46.33858298328872,2.0,43.5
2023_08_NO_IND,2023,8,202308,total,under,0.5162241887905605,-110.0,0.5238095238095238,loss,0.0,-1.0,-3.4405781283829606,46.33858298328872,2.0,43.5
2023_08_NYJ_NYG,2023,8,202308,spread,home,0.7227138643067846,-105.0,0.5121951219512195,push,,0.0,2.6844907299444403,38.6321031037772,3.0,35.0
2023_08_NYJ_NYG,2023,8,202308,spread,away,0.27728613569321536,-115.0,0.5348837209302325,push,,0.0,2.6844907299444403,38.6321031037772,3.0,35.0
2023_08_NYJ_NYG,2023,8,202308,total,over,0.5014749262536873,-108.0,0.5192307692307693,loss,0.0,-1.0,2.6844907299444403,38.6321031037772,3.0,35.0
2023_08_NYJ_NYG,2023,8,202308,total,under,0.4985250737463127,-112.0,0.5283018867924528,win,1.0,0.8928571428571429,2.6844907299444403,38.6321031037772,3.0,35.0
2023_08_PHI_WAS,2023,8,202308,spread,home,0.5309734513274337,-110.0,0.5238095238095238,push,,0.0,-7.3030264393067,43.77731362302793,7.0,42.5
2023_08_PHI_WAS,2023,8,202308,spread,away,0.4690265486725663,-110.0,0.5238095238095238,push,,0.0,-7.3030264393067,43.77731362302793,7.0,42.5
2023_08_PHI_WAS,2023,8,202308,total,over,0.44837758112094395,-110.0,0.5238095238095238,win,1.0,0.9090909090909091,-7.3030264393067,43.77731362302793,7.0,42.5
2023_08_PHI_WAS,2023,8,202308,total,under,0.551622418879056,-110.0,0.5238095238095238,loss,0.0,-1.0,-7.3030264393067,43.77731362302793,7.0,42.5
2023_08_TB_BUF,2023,8,202308,spread,home,0.5988200589970502,-108.0,0.5192307692307693,loss,0.0,-1.0,11.633970131984002,45.1547236364264,-10.0,43.0
2023_08_TB_BUF,2023,8,202308,spread,away,0.40117994100294985,-112.0,0.5283018867924528,win,1.0,0.8928571428571429,11.633970131984002,45.1547236364264,-10.0,43.0
2023_08_TB_BUF,2023,8,202308,total,over,0.4631268436578171,-110.0,0.5238095238095238,loss,0.0,-1.0,11.633970131984002,45.1547236364264,-10.0,43.0
2023_08_TB_BUF,2023,8,202308,total,under,0.5368731563421829,-110.0,0.5238095238095238,win,1.0,0.9090909090909091,11.633970131984002,45.1547236364264,-10.0,43.0
2023_09_BUF_CIN,2023,9,202309,spread,home,0.3220338983050847,-112.0,0.5283018867924528,win,1.0,0.8928571428571429,-4.07974857997335,46.6396365009398,-1.5,51.0
2023_09_BUF_CIN,2023,9,202309,spread,away,0.6779661016949152,-108.0,0.5192307692307693,loss,0.0,-1.0,-4.07974857997335,46.6396365009398,-1.5,51.0
2023_09_BUF_CIN,2023,9,202309,total,over,0.2937853107344633,-110.0,0.5238095238095238,loss,0.0,-1.0,-4.07974857997335,46.6396365009398,-1.5,51.0
2023_09_BUF_CIN,2023,9,202309,total,under,0.7062146892655368,-110.0,0.5238095238095238,win,1.0,0.9090909090909091,-4.07974857997335,46.6396365009398,-1.5,51.0
2023_09_CHI_NO,2023,9,202309,spread,home,0.307909604519774,-112.0,0.5283018867924528,loss,0.0,-1.0,2.56740793325303,39.6420762739652,-9.0,42.0
2023_09_CHI_NO,2023,9,202309,spread,away,0.692090395480226,-108.0,0.5192307692307693,win,1.0,0.9259259259259259,2.56740793325303,39.6420762739652,-9.0,42.0
2023_09_CHI_NO,2023,9,202309,total,over,0.3305084745762712,-110.0,0.5238095238095238,loss,0.0,-1.0,2.56740793325303,39.6420762739652,-9.0,42.0
2023_09_CHI_NO,2023,9,202309,total,under,0.6694915254237288,-110.0,0.5238095238095238,win,1.0,0.9090909090909091,2.56740793325303,39.6420762739652,-9.0,42.0
2023_09_DAL_PHI,2023,9,202309,spread,home,0.4011299435028249,-102.0,0.504950495049505,win,1.0,0.9803921568627451,0.1596315311382784,45.95780805793565,-3.5,46.5
2023_09_DAL_PHI,2023,9,202309,spread,away,0.5988700564971752,-118.0,0.5412844036697247,loss,0.0,-1.0,0.1596315311382784,45.95780805793565,-3.5,46.5
2023_09_DAL_PHI,2023,9,202309,total,over,0.384180790960452,-110.0,0.5238095238095238,win,1.0,0.9090909090909091,0.1596315311382784,45.95780805793565,-3.5,46.5
2023_09_DAL_PHI,2023,9,202309,total,under,0.615819209039548,-110.0,0.5238095238095238,loss,0.0,-1.0,0.1596315311382784,45.95780805793565,-3.5,46.5
2023_09_IND_CAR,2023,9,202309,spread,home,0.6045197740112994,-112.0,0.5283018867924528,loss,0.0,-1.0,0.3458579467841256,43.351115650890605,1.5,45.0
2023_09_IND_CAR,2023,9,202309,spread,away,0.3954802259887006,-108.0,0.5192307692307693,win,1.0,0.9259259259259259,0.3458579467841256,43.351115650890605,1.5,45.0
2023_09_IND_CAR,2023,9,202309,total,over,0.3502824858757062,-110.0,0.5238095238095238,loss,0.0,-1.0,0.3458579467841256,43.351115650890605,1.5,45.0
2023_09_IND_CAR,2023,9,202309,total,under,0.6497175141242938,-110.0,0.5238095238095238,win,1.0,0.9090909090909091,0.3458579467841256,43.351115650890605,1.5,45.0
2023_09_LAC_NYJ,2023,9,202309,spread,home,0.4378531073446328,-102.0,0.504950495049505,loss,0.0,-1.0,-5.326705016448075,42.1793686091988,3.0,41.0
2023_09_LAC_NYJ,2023,9,202309,spread,away,0.5621468926553672,-118.0,0.5412844036697247,win,1.0,0.847457627118644,-5.326705016448075,42.1793686091988,3.0,41.0
2023_09_LAC_NYJ,2023,9,202309,total,over,0.4463276836158192,-110.0,0.5238095238095238,loss,0.0,-1.0,-5.326705016448075,42.1793686091988,3.0,41.0
2023_09_LAC_NYJ,2023,9,202309,total,under,0.5536723163841808,-110.0,0.5238095238095238,win,1.0,0.9090909090909091,-5.326705016448075,42.1793686091988,3.0,41.0
2023_09_LA_GB,2023,9,202309,spread,home,0.3898305084745763,-112.0,0.5283018867924528,win,1.0,0.8928571428571429,-0.1233746876851753,46.2810789084252,-3.5,38.0
2023_09_LA_GB,2023,9,202309,spread,away,0.6101694915254237,-108.0,0.5192307692307693,loss,0.0,-1.0,-0.1233746876851753,46.2810789084252,-3.5,38.0
2023_09_LA_GB,2023,9,202309,total,over,0.6836158192090396,-108.0,0.5192307692307693,loss,0.0,-1.0,-0.1233746876851753,46.2810789084252,-3.5,38.0
2023_09_LA_GB,2023,9,202309,total,under,0.3163841807909604,-112.0,0.5283018867924528,win,1.0,0.8928571428571429,-0.1233746876851753,46.2810789084252,-3.5,38.0
2023_09_MIA_KC,2023,9,202309,spread,home,0.6468926553672316,-108.0,0.5192307692307693,win,1.0,0.9259259259259259,3.7162615010042983,47.83253099765068,-1.0,51.0
2023_09_MIA_KC,2023,9,202309,spread,away,0.3531073446327684,-112.0,0.5283018867924528,loss,0.0,-1.0,3.7162615010042983,47.83253099765068,-1.0,51.0
2023_09_MIA_KC,2023,9,202309,total,over,0.3192090395480226,-112.0,0.5283018867924528,loss,0.0,-1.0,3.7162615010042983,47.83253099765068,-1.0,51.0
2023_09_MIA_KC,2023,9,202309,total,under,0.6807909604519774,-108.0,0.5192307692307693,win,1.0,0.9259259259259259,3.7162615010042983,47.83253099765068,-1.0,51.0
2023_09_MIN_ATL,2023,9,202309,spread,home,0.3898305084745763,-112.0,0.5283018867924528,loss,0.0,-1.0,-0.2202868970313913,40.80770470227407,-3.5,38.5
2023_09_MIN_ATL,2023,9,202309,spread,away,0.6101694915254237,-108.0,0.5192307692307693,win,1.0,0.9259259259259259,-0.2202868970313913,40.80770470227407,-3.5,38.5
2023_09_MIN_ATL,2023,9,202309,total,over,0.4717514124293785,-108.0,0.5192307692307693,win,1.0,0.9259259259259259,-0.2202868970313913,40.80770470227407,-3.5,38.5
2023_09_MIN_ATL,2023,9,202309,total,under,0.5282485875706215,-112.0,0.5283018867924528,loss,0.0,-1.0,-0.2202868970313913,40.80770470227407,-3.5,38.5
2023_09_SEA_BAL,2023,9,202309,spread,home,0.3672316384180791,-110.0,0.5238095238095238,win,1.0,0.9090909090909091,1.3178361259072728,44.440102686749526,-6.0,44.5
2023_09_SEA_BAL,2023,9,202309,spread,away,0.6327683615819208,-110.0,0.5238095238095238,loss,0.0,-1.0,1.3178361259072728,44.440102686749526,-6.0,44.5
2023_09_SEA_BAL,2023,9,202309,total,over,0.4096045197740113,-108.0,0.5192307692307693,loss,0.0,-1.0,1.3178361259072728,44.440102686749526,-6.0,44.5
2023_09_SEA_BAL,2023,9,202309,total,under,0.5903954802259888,-112.0,0.5283018867924528,win,1.0,0.8928571428571429,1.3178361259072728,44.440102686749526,-6.0,44.5
2023_09_TB_HOU,2023,9,202309,spread,home,0.4293785310734463,-120.0,0.5454545454545454,loss,0.0,-1.0,-0.0855834503553458,45.524531872946746,-2.5,39.5
2023_09_TB_HOU,2023,9,202309,spread,away,0.5706214689265536,100.0,0.5,win,1.0,1.0,-0.0855834503553458,45.524531872946746,-2.5,39.5
2023_09_TB_HOU,2023,9,202309,total,over,0.6045197740112994,-110.0,0.5238095238095238,win,1.0,0.9090909090909091,-0.0855834503553458,45.524531872946746,-2.5,39.5
2023_09_TB_HOU,2023,9,202309,total,under,0.3954802259887006,-110.0,0.5238095238095238,loss,0.0,-1.0,-0.0855834503553458,45.524531872946746,-2.5,39.5
2023_09_WAS_NE,2023,9,202309,spread,home,0.4915254237288136,-120.0,0.5454545454545454,loss,0.0,-1.0,1.4566552211285773,39.90064790924776,-2.5,40.5
2023_09_WAS_NE,2023,9,202309,spread,away,0.5084745762711864,100.0,0.5,win,1.0,1.0,1.4566552211285773,39.90064790924776,-2.5,40.5
2023_09_WAS_NE,2023,9,202309,total,over,0.384180790960452,-110.0,0.5238095238095238,loss,0.0,-1.0,1.4566552211285773,39.90064790924776,-2.5,40.5
2023_09_WAS_NE,2023,9,202309,total,under,0.615819209039548,-110.0,0.5238095238095238,win,1.0,0.9090909090909091,1.4566552211285773,39.90064790924776,-2.5,40.5
2023_10_ATL_ARI,2023,10,202310,spread,home,0.41643835616438357,-110.0,0.5238095238095238,win,1.0,0.9090909090909091,-4.960736389507793,44.5852545880584,2.0,43.5
2023_10_ATL_ARI,2023,10,202310,spread,away,0.5835616438356164,-110.0,0.5238095238095238,loss,0.0,-1.0,-4.960736389507793,44.5852545880584,2.0,43.5
2023_10_ATL_ARI,2023,10,202310,total,over,0.4438356164383562,-112.0,0.5283018867924528,win,1.0,0.8928571428571429,-4.960736389507793,44.5852545880584,2.0,43.5
2023_10_ATL_ARI,2023,10,202310,total,under,0.5561643835616439,-108.0,0.5192307692307693,loss,0.0,-1.0,-4.960736389507793,44.5852545880584,2.0,43.5
2023_10_CAR_CHI,2023,10,202310,spread,home,0.673972602739726,-120.0,0.5454545454545454,push,,0.0,7.25842317810764,37.28354135104149,-3.0,38.0
2023_10_CAR_CHI,2023,10,202310,spread,away,0.32602739726027397,100.0,0.5,push,,0.0,7.25842317810764,37.28354135104149,-3.0,38.0
2023_10_CAR_CHI,2023,10,202310,total,over,0.38082191780821917,-115.0,0.5348837209302325,loss,0.0,-1.0,7.25842317810764,37.28354135104149,-3.0,38.0
2023_10_CAR_CHI,2023,10,202310,total,under,0.6191780821917808,-105.0,0.5121951219512195,win,1.0,0.9523809523809523,7.25842317810764,37.28354135104149,-3.0,38.0
2023_10_CLE_BAL,2023,10,202310,spread,home,0.5452054794520548,-108.0,0.5192307692307693,loss,0.0,-1.0,6.186854100993774,39.1350152224944,-6.0,38.5
2023_10_CLE_BAL,2023,10,202310,spread,away,0.4547945205479452,-112.0,0.5283018867924528,win,1.0,0.8928571428571429,6.186854100993774,39.1350152224944,-6.0,38.5
2023_10_CLE_BAL,2023,10,202310,total,over,0.4246575342465753,-112.0,0.5283018867924528,win,1.0,0.8928571428571429,6.186854100993774,39.1350152224944,-6.0,38.5
2023_10_CLE_BAL,2023,10,202310,total,under,0.5753424657534247,-108.0,0.5192307692307693,loss,0.0,-1.0,6.186854100993774,39.1350152224944,-6.0,38.5
2023_10_DEN_BUF,2023,10,202310,spread,home,0.7589041095890411,-108.0,0.5192307692307693,loss,0.0,-1.0,14.411293946234125,46.16637975711559,-7.5,47.5
2023_10_DEN_BUF,2023,10,202310,spread,away,0.2410958904109589,-112.0,0.5283018867924528,win,1.0,0.8928571428571429,14.411293946234125,46.16637975711559,-7.5,47.5
2023_10_DEN_BUF,2023,10,202310,total,over,0.36164383561643837,-108.0,0.5192307692307693,loss,0.0,-1.0,14.411293946234125,46.16637975711559,-7.5,47.5
2023_10_DEN_BUF,2023,10,202310,total,under,0.6383561643835616,-112.0,0.5283018867924528,win,1.0,0.8928571428571429,14.411293946234125,46.16637975711559,-7.5,47.5
2023_10_DET_LAC,2023,10,202310,spread,home,0.5808219178082191,-110.0,0.5238095238095238,loss,0.0,-1.0,-1.3923372868129609,50.529882622511714,2.5,48.5
2023_10_DET_LAC,2023,10,202310,spread,away,0.4191780821917809,-110.0,0.5238095238095238,win,1.0,0.9090909090909091,-1.3923372868129609,50.529882622511714,2.5,48.5
2023_10_DET_LAC,2023,10,202310,total,over,0.4575342465753425,-110.0,0.5238095238095238,win,1.0,0.9090909090909091,-1.3923372868129609,50.529882622511714,2.5,48.5
2023_10_DET_LAC,2023,10,202310,total,under,0.5424657534246575,-110.0,0.5238095238095238,loss,0.0,-1.0,-1.3923372868129609,50.529882622511714,2.5,48.5
2023_10_GB_PIT,2023,10,202310,spread,home,0.4438356164383562,-120.0,0.5454545454545454,win,1.0,0.8333333333333334,0.8015321475485673,42.369494455239625,-3.0,38.5
2023_10_GB_PIT,2023,10,202310,spread,away,0.5561643835616439,100.0,0.5,loss,0.0,-1.0,0.8015321475485673,42.369494455239625,-3.0,38.5
2023_10_GB_PIT,2023,10,202310,total,over,0.5260273972602739,-108.0,0.5192307692307693,win,1.0,0.9259259259259259,0.8015321475485673,42.369494455239625,-3.0,38.5
2023_10_GB_PIT,2023,10,202310,total,under,0.4739726027397261,-112.0,0.5283018867924528,loss,0.0,-1.0,0.8015321475485673,42.369494455239625,-3.0,38.5
2023_10_HOU_CIN,2023,10,202310,spread,home,0.6082191780821918,-110.0,0.5238095238095238,loss,0.0,-1.0,7.500510821596885,45.60538868802364,-5.5,46.0
2023_10_HOU_CIN,2023,10,202310,spread,away,0.39178082191780816,-110.0,0.5238095238095238,win,1.0,0.9090909090909091,7.500510821596885,45.60538868802364,-5.5,46.0
2023_10_HOU_CIN,2023,10,202310,total,over,0.39452054794520547,-110.0,0.5238095238095238,win,1.0,0.9090909090909091,7.500510821596885,45.60538868802364,-5.5,46.0
2023_10_HOU_CIN,2023,10,202310,total,under,0.6054794520547946,-110.0,0.5238095238095238,loss,0.0,-1.0,7.500510821596885,45.60538868802364,-5.5,46.0
2023_10_IND_NE,2023,10,202310,spread,home,0.6054794520547945,-110.0,0.5238095238095238,loss,0.0,-1.0,0.9163376099928456,42.79892398870927,1.0,42.0
2023_10_IND_NE,2023,10,202310,spread,away,0.3945205479452055,-110.0,0.5238095238095238,win,1.0,0.9090909090909091,0.9163376099928456,42.79892398870927,1.0,42.0
2023_10_IND_NE,2023,10,202310,total,over,0.43561643835616437,-110.0,0.5238095238095238,loss,0.0,-1.0,0.9163376099928456,42.79892398870927,1.0,42.0
2023_10_IND_NE,2023,10,202310,total,under,0.5643835616438356,-110.0,0.5238095238095238,win,1.0,0.9090909090909091,0.9163376099928456,42.79892398870927,1.0,42.0
2023_10_NO_MIN,2023,10,202310,spread,home,0.589041095890411,-115.0,0.5348837209302325,win,1.0,0.8695652173913043,-1.637030825328876,44.463489393081424,3.0,41.0
2023_10_NO_MIN,2023,10,202310,spread,away,0.410958904109589,-105.0,0.5121951219512195,loss,0.0,-1.0,-1.637030825328876,44.463489393081424,3.0,41.0
2023_10_NO_MIN,2023,10,202310,total,over,0.5013698630136987,-108.0,0.5192307692307693,win,1.0,0.9259259259259259,-1.637030825328876,44.463489393081424,3.0,41.0
2023_10_NO_MIN,2023,10,202310,total,under,0.4986301369863013,-112.0,0.5283018867924528,loss,0.0,-1.0,-1.637030825328876,44.463489393081424,3.0,41.0
2023_10_NYJ_LV,2023,10,202310,spread,home,0.7780821917808219,-112.0,0.5283018867924528,win,1.0,0.8928571428571429,6.62797150269895,39.22566251986537,1.0,35.5
2023_10_NYJ_LV,2023,10,202310,spread,away,0.22191780821917806,-108.0,0.5192307692307693,loss,0.0,-1.0,6.62797150269895,39.22566251986537,1.0,35.5
2023_10_NYJ_LV,2023,10,202310,total,over,0.5150684931506849,-108.0,0.5192307692307693,loss,0.0,-1.0,6.62797150269895,39.22566251986537,1.0,35.5
2023_10_NYJ_LV,2023,10,202310,total,under,0.4849315068493151,-112.0,0.5283018867924528,win,1.0,0.8928571428571429,6.62797150269895,39.22566251986537,1.0,35.5
2023_10_SF_JAX,2023,10,202310,spread,home,0.4657534246575342,-108.0,0.5192307692307693,loss,0.0,-1.0,-4.962532358044593,44.02618211582303,3.0,44.5
2023_10_SF_JAX,2023,10,202310,spread,away,0.5342465753424658,-112.0,0.5283018867924528,win,1.0,0.8928571428571429,-4.962532358044593,44.02618211582303,3.0,44.5
2023_10_SF_JAX,2023,10,202310,total,over,0.38904109589041097,-108.0,0.5192307692307693,loss,0.0,-1.0,-4.962532358044593,44.02618211582303,3.0,44.5
2023_10_SF_JAX,2023,10,202310,total,under,0.6109589041095891,-112.0,0.5283018867924528,win,1.0,0.8928571428571429,-4.962532358044593,44.02618211582303,3.0,44.5
2023_10_TEN_TB,2023,10,202310,spread,home,0.6712328767123288,-115.0,0.5348837209302325,win,1.0,0.8695652173913043,6.397319271111206,49.29870939240387,-2.5,39.5
2023_10_TEN_TB,2023,10,202310,spread,away,0.3287671232876712,-105.0,0.5121951219512195,loss,0.0,-1.0,6.397319271111206,49.29870939240387,-2.5,39.5
2023_10_TEN_TB,2023,10,202310,total,over,0.7205479452054795,-110.0,0.5238095238095238,loss,0.0,-1.0,6.397319271111206,49.29870939240387,-2.5,39.5
2023_10_TEN_TB,2023,10,202310,total,under,0.2794520547945205,-110.0,0.5238095238095238,win,1.0,0.9090909090909091,6.397319271111206,49.29870939240387,-2.5,39.5
2023_10_WAS_SEA,2023,10,202310,spread,home,0.4904109589041096,-110.0,0.5238095238095238,loss,0.0,-1.0,4.773551588926245,42.26058411869336,-6.0,44.0
2023_10_WAS_SEA,2023,10,202310,spread,away,0.5095890410958904,-110.0,0.5238095238095238,win,1.0,0.9090909090909091,4.773551588926245,42.26058411869336,-6.0,44.0
2023_10_WAS_SEA,2023,10,202310,total,over,0.34794520547945207,-108.0,0.5192307692307693,win,1.0,0.9259259259259259,4.773551588926245,42.26058411869336,-6.0,44.0
2023_10_WAS_SEA,2023,10,202310,total,under,0.6520547945205479,-112.0,0.5283018867924528,loss,0.0,-1.0,4.773551588926245,42.26058411869336,-6.0,44.0
2023_11_ARI_HOU,2023,11,202311,spread,home,0.5476190476190477,-112.0,0.5283018867924528,loss,0.0,-1.0,5.845482333176648,47.813735585286295,-5.5,48.0
2023_11_ARI_HOU,2023,11,202311,spread,away,0.45238095238095233,-108.0,0.5192307692307693,win,1.0,0.9259259259259259,5.845482333176648,47.813735585286295,-5.5,48.0
2023_11_ARI_HOU,2023,11,202311,total,over,0.40476190476190477,-110.0,0.5238095238095238,loss,0.0,-1.0,5.845482333176648,47.813735585286295,-5.5,48.0
2023_11_ARI_HOU,2023,11,202311,total,under,0.5952380952380952,-110.0,0.5238095238095238,win,1.0,0.9090909090909091,5.845482333176648,47.813735585286295,-5.5,48.0
2023_11_CHI_DET,2023,11,202311,spread,home,0.5714285714285714,-110.0,0.5238095238095238,loss,0.0,-1.0,9.044189484741551,48.56978701236992,-8.0,48.0
2023_11_CHI_DET,2023,11,202311,spread,away,0.4285714285714286,-110.0,0.5238095238095238,win,1.0,0.9090909090909091,9.044189484741551,48.56978701236992,-8.0,48.0
2023_11_CHI_DET,2023,11,202311,total,over,0.4312169312169312,-110.0,0.5238095238095238,win,1.0,0.9090909090909091,9.044189484741551,48.56978701236992,-8.0,48.0
2023_11_CHI_DET,2023,11,202311,total,under,0.5687830687830688,-110.0,0.5238095238095238,loss,0.0,-1.0,9.044189484741551,48.56978701236992,-8.0,48.0
2023_11_CIN_BAL,2023,11,202311,spread,home,0.4894179894179894,-108.0,0.5192307692307693,win,1.0,0.9259259259259259,2.948644379979955,44.171417804616375,-4.0,46.5
2023_11_CIN_BAL,2023,11,202311,spread,away,0.5105820105820106,-112.0,0.5283018867924528,loss,0.0,-1.0,2.948644379979955,44.171417804616375,-4.0,46.5
2023_11_CIN_BAL,2023,11,202311,total,over,0.3306878306878307,-108.0,0.5192307692307693,win,1.0,0.9259259259259259,2.948644379979955,44.171417804616375,-4.0,46.5
2023_11_CIN_BAL,2023,11,202311,total,under,0.6693121693121693,-112.0,0.5283018867924528,loss,0.0,-1.0,2.948644379979955,44.171417804616375,-4.0,46.5
2023_11_DAL_CAR,2023,11,202311,spread,home,0.5714285714285714,-110.0,0.5238095238095238,loss,0.0,-1.0,-10.012951515285506,42.601787466427744,11.0,43.0
2023_11_DAL_CAR,2023,11,202311,spread,away,0.4285714285714286,-110.0,0.5238095238095238,win,1.0,0.9090909090909091,-10.012951515285506,42.601787466427744,11.0,43.0
2023_11_DAL_CAR,2023,11,202311,total,over,0.3968253968253968,-112.0,0.5283018867924528,push,,0.0,-10.012951515285506,42.601787466427744,11.0,43.0
2023_11_DAL_CAR,2023,11,202311,total,under,0.6031746031746033,-108.0,0.5192307692307693,push,,0.0,-10.012951515285506,42.601787466427744,11.0,43.0
2023_11_LAC_GB,2023,11,202311,spread,home,0.582010582010582,-110.0,0.5238095238095238,win,1.0,0.9090909090909091,-1.5172952240046875,44.7895135066116,3.0,44.0
2023_11_LAC_GB,2023,11,202311,spread,away,0.417989417989418,-110.0,0.5238095238095238,loss,0.0,-1.0,-1.5172952240046875,44.7895135066116,3.0,44.0
2023_11_LAC_GB,2023,11,202311,total,over,0.4417989417989418,-112.0,0.5283018867924528,loss,0.0,-1.0,-1.5172952240046875,44.7895135066116,3.0,44.0
2023_11_LAC_GB,2023,11,202311,total,under,0.5582010582010581,-108.0,0.5192307692307693,win,1.0,0.9259259259259259,-1.5172952240046875,44.7895135066116,3.0,44.0
2023_11_LV_MIA,2023,11,202311,spread,home,0.24603174603174602,-110.0,0.5238095238095238,loss,0.0,-1.0,5.709637339274731,40.084849485121794,-14.0,44.5
2023_11_LV_MIA,2023,11,202311,spread,away,0.753968253968254,-110.0,0.5238095238095238,win,1.0,0.9090909090909091,5.709637339274731,40.084849485121794,-14.0,44.5
2023_11_LV_MIA,2023,11,202311,total,over,0.29365079365079366,-110.0,0.5238095238095238,loss,0.0,-1.0,5.709637339274731,40.084849485121794,-14.0,44.5
2023_11_LV_MIA,2023,11,202311,total,under,0.7063492063492063,-110.0,0.5238095238095238,win,1.0,0.9090909090909091,5.709637339274731,40.084849485121794,-14.0,44.5
2023_11_MIN_DEN,2023,11,202311,spread,home,0.30423280423280424,-118.0,0.5412844036697247,loss,0.0,-1.0,-3.8916702686231615,42.165784892003146,-2.5,43.5
2023_11_MIN_DEN,2023,11,202311,spread,away,0.6957671957671958,-102.0,0.504950495049505,win,1.0,0.9803921568627451,-3.8916702686231615,42.165784892003146,-2.5,43.5
2023_11_MIN_DEN,2023,11,202311,total,over,0.36507936507936506,-105.0,0.5121951219512195,loss,0.0,-1.0,-3.8916702686231615,42.165784892003146,-2.5,43.5
2023_11_MIN_DEN,2023,11,202311,total,under,0.6349206349206349,-115.0,0.5348837209302325,win,1.0,0.8695652173913043,-3.8916702686231615,42.165784892003146,-2.5,43.5
2023_11_NYG_WAS,2023,11,202311,spread,home,0.3783068783068783,-110.0,0.5238095238095238,loss,0.0,-1.0,3.4235164896917967,37.50138444700176,-7.5,39.0
2023_11_NYG_WAS,2023,11,202311,spread,away,0.6216931216931216,-110.0,0.5238095238095238,win,1.0,0.9090909090909091,3.4235164896917967,37.50138444700176,-7.5,39.0
2023_11_NYG_WAS,2023,11,202311,total,over,0.35978835978835977,-110.0,0.5238095238095238,win,1.0,0.9090909090909091,3.4235164896917967,37.50138444700176,-7.5,39.0
2023_11_NYG_WAS,2023,11,202311,total,under,0.6402116402116402,-110.0,0.5238095238095238,loss,0.0,-1.0,3.4235164896917967,37.50138444700176,-7.5,39.0
2023_11_NYJ_BUF,2023,11,202311,spread,home,0.7248677248677249,-112.0,0.5283018867924528,win,1.0,0.8928571428571429,13.763152067182943,38.05111234420472,-8.0,39.5
2023_11_NYJ_BUF,2023,11,202311,spread,away,0.2751322751322751,-108.0,0.5192307692307693,loss,0.0,-1.0,13.763152067182943,38.05111234420472,-8.0,39.5
2023_11_NYJ_BUF,2023,11,202311,total,over,0.35978835978835977,-108.0,0.5192307692307693,loss,0.0,-1.0,13.763152067182943,38.05111234420472,-8.0,39.5
2023_11_NYJ_BUF,2023,11,202311,total,under,0.6402116402116402,-112.0,0.5283018867924528,win,1.0,0.8928571428571429,13.763152067182943,38.05111234420472,-8.0,39.5
2023_11_PHI_KC,2023,11,202311,spread,home,0.6481481481481481,-120.0,0.5454545454545454,loss,0.0,-1.0,5.516441716295621,46.456264849746994,-2.5,46.0
2023_11_PHI_KC,2023,11,202311,spread,away,0.35185185185185186,100.0,0.5,win,1.0,1.0,5.516441716295621,46.456264849746994,-2.5,46.0
2023_11_PHI_KC,2023,11,202311,total,over,0.4312169312169312,-112.0,0.5283018867924528,loss,0.0,-1.0,5.516441716295621,46.456264849746994,-2.5,46.0
2023_11_PHI_KC,2023,11,202311,total,under,0.5687830687830688,-108.0,0.5192307692307693,win,1.0,0.9259259259259259,5.516441716295621,46.456264849746994,-2.5,46.0
2023_11_SEA_LA,2023,11,202311,spread,home,0.31216931216931215,-110.0,0.5238095238095238,loss,0.0,-1.0,-3.3814338415779392,48.44591209183926,-2.5,45.0
2023_11_SEA_LA,2023,11,202311,spread,away,0.6878306878306879,-110.0,0.5238095238095238,win,1.0,0.9090909090909091,-3.3814338415779392,48.44591209183926,-2.5,45.0
2023_11_SEA_LA,2023,11,202311,total,over,0.5052910052910053,-112.0,0.5283018867924528,loss,0.0,-1.0,-3.3814338415779392,48.44591209183926,-2.5,45.0
2023_11_SEA_LA,2023,11,202311,total,under,0.49470899470899465,-108.0,0.5192307692307693,win,1.0,0.9259259259259259,-3.3814338415779392,48.44591209183926,-2.5,45.0
2023_11_TB_SF,2023,11,202311,spread,home,0.47883597883597884,-110.0,0.5238095238095238,loss,0.0,-1.0,12.056202305245648,47.83718071701725,-13.5,41.5
2023_11_TB_SF,2023,11,202311,spread,away,0.5211640211640212,-110.0,0.5238095238095238,win,1.0,0.9090909090909091,12.056202305245648,47.83718071701725,-13.5,41.5
2023_11_TB_SF,2023,11,202311,total,over,0.6216931216931217,-112.0,0.5283018867924528,loss,0.0,-1.0,12.056202305245648,47.83718071701725,-13.5,41.5
2023_11_TB_SF,2023,11,202311,total,under,0.37830687830687826,-108.0,0.5192307692307693,win,1.0,0.9259259259259259,12.056202305245648,47.83718071701725,-13.5,41.5
2023_11_TEN_JAX,2023,11,202311,spread,home,0.5873015873015873,-115.0,0.5348837209302325,win,1.0,0.8695652173913043,8.073433064104062,44.90531267679247,-6.5,40.0
2023_11_TEN_JAX,2023,11,202311,spread,away,0.4126984126984127,-105.0,0.5121951219512195,loss,0.0,-1.0,8.073433064104062,44.90531267679247,-6.5,40.0
2023_11_TEN_JAX,2023,11,202311,total,over,0.5767195767195767,-110.0,0.5238095238095238,win,1.0,0.9090909090909091,8.073433064104062,44.90531267679247,-6.5,40.0
2023_11_TEN_JAX,2023,11,202311,total,under,0.42328042328042326,-110.0,0.5238095238095238,loss,0.0,-1.0,8.073433064104062,44.90531267679247,-6.5,40.0
2023_12_BAL_LAC,2023,12,202312,spread,home,0.5575447570332481,-105.0,0.5121951219512195,loss,0.0,-1.0,-2.449079067107662,50.013374165044944,3.0,49.0
2023_12_BAL_LAC,2023,12,202312,spread,away,0.44245524296675187,-115.0,0.5348837209302325,win,1.0,0.8695652173913043,-2.449079067107662,50.013374165044944,3.0,49.0
2023_12_BAL_LAC,2023,12,202312,total,over,0.45012787723785164,-110.0,0.5238095238095238,loss,0.0,-1.0,-2.449079067107662,50.013374165044944,3.0,49.0
2023_12_BAL_LAC,2023,12,202312,total,under,0.5498721227621484,-110.0,0.5238095238095238,win,1.0,0.9090909090909091,-2.449079067107662,50.013374165044944,3.0,49.0
2023_12_BUF_PHI,2023,12,202312,spread,home,0.30179028132992325,-115.0,0.5348837209302325,win,1.0,0.8695652173913043,-3.7960031811747994,46.73571744046124,-2.5,49.0
2023_12_BUF_PHI,2023,12,202312,spread,away,0.6982097186700768,-105.0,0.5121951219512195,loss,0.0,-1.0,-3.7960031811747994,46.73571744046124,-2.5,49.0
2023_12_BUF_PHI,2023,12,202312,total,over,0.33248081841432225,-112.0,0.5283018867924528,win,1.0,0.8928571428571429,-3.7960031811747994,46.73571744046124,-2.5,49.0
2023_12_BUF_PHI,2023,12,202312,total,under,0.6675191815856778,-108.0,0.5192307692307693,loss,0.0,-1.0,-3.7960031811747994,46.73571744046124,-2.5,49.0
2023_12_CAR_TEN,2023,12,202312,spread,home,0.4373401534526854,-105.0,0.5121951219512195,win,1.0,0.9523809523809523,1.1983606407472622,39.26844352873659,-3.5,36.0
2023_12_CAR_TEN,2023,12,202312,spread,away,0.5626598465473146,-112.0,0.5283018867924528,loss,0.0,-1.0,1.1983606407472622,39.26844352873659,-3.5,36.0
2023_12_CAR_TEN,2023,12,202312,total,over,0.5063938618925832,-108.0,0.5192307692307693,loss,0.0,-1.0,1.1983606407472622,39.26844352873659,-3.5,36.0
2023_12_CAR_TEN,2023,12,202312,total,under,0.4936061381074168,-112.0,0.5283018867924528,win,1.0,0.8928571428571429,1.1983606407472622,39.26844352873659,-3.5,36.0
2023_12_CHI_MIN,2023,12,202312,spread,home,0.6112531969309463,-115.0,0.5348837209302325,loss,0.0,-1.0,5.138304150527278,44.57224634420798,-3.0,43.5
2023_12_CHI_MIN,2023,12,202312,spread,away,0.38874680306905374,-105.0,0.5121951219512195,win,1.0,0.9523809523809523,5.138304150527278,44.57224634420798,-3.0,43.5
2023_12_CHI_MIN,2023,12,202312,total,over,0.45012787723785164,-110.0,0.5238095238095238,loss,0.0,-1.0,5.138304150527278,44.57224634420798,-3.0,43.5
2023_12_CHI_MIN,2023,12,202312,total,under,0.5498721227621484,-110.0,0.5238095238095238,win,1.0,0.9090909090909091,5.138304150527278,44.57224634420798,-3.0,43.5
2023_12_CLE_DEN,2023,12,202312,spread,home,0.3248081841432225,-110.0,0.5238095238095238,win,1.0,0.9090909090909091,-3.858608665305441,34.96213467619448,-1.5,37.5
2023_12_CLE_DEN,2023,12,202312,spread,away,0.6751918158567776,-110.0,0.5238095238095238,loss,0.0,-1.0,-3.858608665305441,34.96213467619448,-1.5,37.5
2023_12_CLE_DEN,2023,12,202312,total,over,0.3273657289002558,-110.0,0.5238095238095238,win,1.0,0.9090909090909091,-3.858608665305441,34.96213467619448,-1.5,37.5
2023_12_CLE_DEN,2023,12,202312,total,under,0.6726342710997442,-110.0,0.5238095238095238,loss,0.0,-1.0,-3.858608665305441,34.96213467619448,-1.5,37.5
2023_12_GB_DET,2023,12,202312,spread,home,0.4884910485933504,-115.0,0.5348837209302325,loss,0.0,-1.0,7.383205022913592,50.96004794779334,-8.5,47.0
2023_12_GB_DET,2023,12,202312,spread,away,0.5115089514066495,-105.0,0.5121951219512195,win,1.0,0.9523809523809523,7.383205022913592,50.96004794779334,-8.5,47.0
2023_12_GB_DET,2023,12,202312,total,over,0.5345268542199488,-112.0,0.5283018867924528,win,1.0,0.8928571428571429,7.383205022913592,50.96004794779334,-8.5,47.0
2023_12_GB_DET,2023,12,202312,total,under,0.46547314578005117,-108.0,0.5192307692307693,loss,0.0,-1.0,7.383205022913592,50.96004794779334,-8.5,47.0
2023_12_JAX_HOU,2023,12,202312,spread,home,0.5677749360613811,-110.0,0.5238095238095238,loss,0.0,-1.0,-0.0982141009707551,47.46844094721689,1.0,48.0
2023_12_JAX_HOU,2023,12,202312,spread,away,0.4322250639386189,-110.0,0.5238095238095238,win,1.0,0.9090909090909091,-0.0982141009707551,47.46844094721689,1.0,48.0
2023_12_JAX_HOU,2023,12,202312,total,over,0.38618925831202044,-112.0,0.5283018867924528,loss,0.0,-1.0,-0.0982141009707551,47.46844094721689,1.0,48.0
2023_12_JAX_HOU,2023,12,202312,total,under,0.6138107416879796,-108.0,0.5192307692307693,win,1.0,0.9259259259259259,-0.0982141009707551,47.46844094721689,1.0,48.0
2023_12_KC_LV,2023,12,202312,spread,home,0.649616368286445,-110.0,0.5238095238095238,loss,0.0,-1.0,-6.032716603032602,44.11026156284285,9.0,42.5
2023_12_KC_LV,2023,12,202312,spread,away,0.350383631713555,-110.0,0.5238095238095238,win,1.0,0.9090909090909091,-6.032716603032602,44.11026156284285,9.0,42.5
2023_12_KC_LV,2023,12,202312,total,over,0.4629156010230179,-108.0,0.5192307692307693,win,1.0,0.9259259259259259,-6.032716603032602,44.11026156284285,9.0,42.5
2023_12_KC_LV,2023,12,202312,total,under,0.5370843989769821,-112.0,0.5283018867924528,loss,0.0,-1.0,-6.032716603032602,44.11026156284285,9.0,42.5
2023_12_LA_ARI,2023,12,202312,spread,home,0.5805626598465473,-115.0,0.5348837209302325,loss,0.0,-1.0,-1.6949303204111594,42.843581805172526,3.0,45.0
2023_12_LA_ARI,2023,12,202312,spread,away,0.4194373401534527,-105.0,0.5121951219512195,win,1.0,0.9523809523809523,-1.6949303204111594,42.843581805172526,3.0,45.0
2023_12_LA_ARI,2023,12,202312,total,over,0.3350383631713555,-108.0,0.5192307692307693,win,1.0,0.9259259259259259,-1.6949303204111594,42.843581805172526,3.0,45.0
2023_12_LA_ARI,2023,12,202312,total,under,0.6649616368286445,-112.0,0.5283018867924528,loss,0.0,-1.0,-1.6949303204111594,42.843581805172526,3.0,45.0
2023_12_MIA_NYJ,2023,12,202312,spread,home,0.45268542199488493,100.0,0.5,loss,0.0,-1.0,-11.532468040894551,36.00858763875962,9.5,40.0
2023_12_MIA_NYJ,2023,12,202312,spread,away,0.5473145780051151,-120.0,0.5454545454545454,win,1.0,0.8333333333333334,-11.532468040894551,36.00858763875962,9.5,40.0
2023_12_MIA_NYJ,2023,12,202312,total,over,0.29411764705882354,-110.0,0.5238095238095238,win,1.0,0.9090909090909091,-11.532468040894551,36.00858763875962,9.5,40.0
2023_12_MIA_NYJ,2023,12,202312,total,under,0.7058823529411764,-110.0,0.5238095238095238,loss,0.0,-1.0,-11.532468040894551,36.00858763875962,9.5,40.0
2023_12_NE_NYG,2023,12,202312,spread,home,0.649616368286445,-112.0,0.5283018867924528,win,1.0,0.8928571428571429,-1.3946993798908116,38.1248335701181,4.5,36.5
2023_12_NE_NYG,2023,12,202312,spread,away,0.350383631713555,-108.0,0.5192307692307693,loss,0.0,-1.0,-1.3946993798908116,38.1248335701181,4.5,36.5
2023_12_NE_NYG,2023,12,202312,total,over,0.4629156010230179,-115.0,0.5348837209302325,loss,0.0,-1.0,-1.3946993798908116,38.1248335701181,4.5,36.5
2023_12_NE_NYG,2023,12,202312,total,under,0.5370843989769821,-105.0,0.5121951219512195,win,1.0,0.9523809523809523,-1.3946993798908116,38.1248335701181,4.5,36.5
2023_12_NO_ATL,2023,12,202312,spread,home,0.5345268542199488,-110.0,0.5238095238095238,win,1.0,0.9090909090909091,-1.900081085560672,45.1299680781478,2.0,42.0
2023_12_NO_ATL,2023,12,202312,spread,away,0.46547314578005117,-110.0,0.5238095238095238,loss,0.0,-1.0,-1.900081085560672,45.1299680781478,2.0,42.0
2023_12_NO_ATL,2023,12,202312,total,over,0.5038363171355499,-110.0,0.5238095238095238,loss,0.0,-1.0,-1.900081085560672,45.1299680781478,2.0,42.0
2023_12_NO_ATL,2023,12,202312,total,under,0.4961636828644501,-110.0,0.5238095238095238,win,1.0,0.9090909090909091,-1.900081085560672,45.1299680781478,2.0,42.0
2023_12_SF_SEA,2023,12,202312,spread,home,0.5242966751918159,-108.0,0.5192307692307693,loss,0.0,-1.0,-7.429668978364225,46.029454896471066,7.0,43.5
2023_12_SF_SEA,2023,12,202312,spread,away,0.4757033248081841,-112.0,0.5283018867924528,win,1.0,0.8928571428571429,-7.429668978364225,46.029454896471066,7.0,43.5
2023_12_SF_SEA,2023,12,202312,total,over,0.4782608695652174,-105.0,0.5121951219512195,win,1.0,0.9523809523809523,-7.429668978364225,46.029454896471066,7.0,43.5
2023_12_SF_SEA,2023,12,202312,total,under,0.5217391304347826,-115.0,0.5348837209302325,loss,0.0,-1.0,-7.429668978364225,46.029454896471066,7.0,43.5
2023_12_TB_IND,2023,12,202312,spread,home,0.4194373401534527,-115.0,0.5348837209302325,win,1.0,0.8695652173913043,-0.3406820473944005,48.59997522280689,-2.5,45.0
2023_12_TB_IND,2023,12,202312,spread,away,0.5805626598465473,-105.0,0.5121951219512195,loss,0.0,-1.0,-0.3406820473944005,48.59997522280689,-2.5,45.0
2023_12_TB_IND,2023,12,202312,total,over,0.5140664961636828,-108.0,0.5192307692307693,win,1.0,0.9259259259259259,-0.3406820473944005,48.59997522280689,-2.5,45.0
2023_12_TB_IND,2023,12,202312,total,under,0.48593350383631717,-112.0,0.5283018867924528,loss,0.0,-1.0,-0.3406820473944005,48.59997522280689,-2.5,45.0
2023_12_WAS_DAL,2023,12,202312,spread,home,0.3836317135549872,-110.0,0.5238095238095238,win,1.0,0.9090909090909091,9.002952498337857,48.68883629393023,-13.0,48.0
2023_12_WAS_DAL,2023,12,202312,spread,away,0.6163682864450128,-110.0,0.5238095238095238,loss,0.0,-1.0,9.002952498337857,48.68883629393023,-13.0,48.0
2023_12_WAS_DAL,2023,12,202312,total,over,0.43478260869565216,-110.0,0.5238095238095238,win,1.0,0.9090909090909091,9.002952498337857,48.68883629393023,-13.0,48.0
2023_12_WAS_DAL,2023,12,202312,total,under,0.5652173913043479,-112.0,0.5283018867924528,loss,0.0,-1.0,9.002952498337857,48.68883629393023,-13.0,48.0
2023_13_ARI_PIT,2023,13,202313,spread,home,0.6576354679802956,-115.0,0.5348837209302325,loss,0.0,-1.0,9.42908389682238,40.11782022253797,-6.0,41.0
2023_13_ARI_PIT,2023,13,202313,spread,away,0.3423645320197044,-105.0,0.5121951219512195,win,1.0,0.9523809523809523,9.42908389682238,40.11782022253797,-6.0,41.0
2023_13_ARI_PIT,2023,13,202313,total,over,0.3768472906403941,-108.0,0.5192307692307693,loss,0.0,-1.0,9.42908389682238,40.11782022253797,-6.0,41.0
2023_13_ARI_PIT,2023,13,202313,total,under,0.6231527093596059,-112.0,0.5283018867924528,win,1.0,0.8928571428571429,9.42908389682238,40.11782022253797,-6.0,41.0
2023_13_ATL_NYJ,2023,13,202313,spread,home,0.3226600985221675,-112.0,0.5283018867924528,loss,0.0,-1.0,-7.487419478834372,33.04258667027615,2.0,33.0
2023_13_ATL_NYJ,2023,13,202313,spread,away,0.6773399014778325,-108.0,0.5192307692307693,win,1.0,0.9259259259259259,-7.487419478834372,33.04258667027615,2.0,33.0
2023_13_ATL_NYJ,2023,13,202313,total,over,0.4211822660098522,-110.0,0.5238095238095238,loss,0.0,-1.0,-7.487419478834372,33.04258667027615,2.0,33.0
2023_13_ATL_NYJ,2023,13,202313,total,under,0.5788177339901478,-110.0,0.5238095238095238,win,1.0,0.9090909090909091,-7.487419478834372,33.04258667027615,2.0,33.0
2023_13_CAR_TB,2023,13,202313,spread,home,0.6231527093596059,-110.0,0.5238095238095238,loss,0.0,-1.0,6.45147068032152,41.77722030103929,-4.0,37.0
2023_13_CAR_TB,2023,13,202313,spread,away,0.37684729064039413,-110.0,0.5238095238095238,win,1.0,0.9090909090909091,6.45147068032152,41.77722030103929,-4.0,37.0
2023_13_CAR_TB,2023,13,202313,total,over,0.5738916256157636,-110.0,0.5238095238095238,win,1.0,0.9090909090909091,6.45147068032152,41.77722030103929,-4.0,37.0
2023_13_CAR_TB,2023,13,202313,total,under,0.42610837438423643,-110.0,0.5238095238095238,loss,0.0,-1.0,6.45147068032152,41.77722030103929,-4.0,37.0
2023_13_CLE_LA,2023,13,202313,spread,home,0.42610837438423643,-110.0,0.5238095238095238,win,1.0,0.9090909090909091,0.780507793450042,45.27843318356855,-3.5,39.5
2023_13_CLE_LA,2023,13,202313,spread,away,0.5738916256157636,-110.0,0.5238095238095238,loss,0.0,-1.0,0.780507793450042,45.27843318356855,-3.5,39.5
2023_13_CLE_LA,2023,13,202313,total,over,0.6108374384236454,-110.0,0.5238095238095238,win,1.0,0.9090909090909091,0.780507793450042,45.27843318356855,-3.5,39.5
2023_13_CLE_LA,2023,13,202313,total,under,0.38916256157635465,-110.0,0.5238095238095238,loss,0.0,-1.0,0.780507793450042,45.27843318356855,-3.5,39.5
2023_13_DEN_HOU,2023,13,202313,spread,home,0.5270935960591133,102.0,0.49504950495049505,win,1.0,1.02,3.256705129726712,49.590628685322784,-3.5,47.5
2023_13_DEN_HOU,2023,13,202313,spread,away,0.4729064039408867,-122.0,0.5495495495495496,loss,0.0,-1.0,3.256705129726712,49.590628685322784,-3.5,47.5
2023_13_DEN_HOU,2023,13,202313,total,over,0.47783251231527096,-110.0,0.5238095238095238,loss,0.0,-1.0,3.256705129726712,49.590628685322784,-3.5,47.5
2023_13_DEN_HOU,2023,13,202313,total,under,0.5221674876847291,-110.0,0.5238095238095238,win,1.0,0.9090909090909091,3.256705129726712,49.590628685322784,-3.5,47.5
2023_13_DET_NO,2023,13,202313,spread,home,0.6231527093596059,-110.0,0.5238095238095238,loss,0.0,-1.0,-1.479810986158087,48.45390965903339,4.0,47.5
2023_13_DET_NO,2023,13,202313,spread,away,0.37684729064039413,-110.0,0.5238095238095238,win,1.0,0.9090909090909091,-1.479810986158087,48.45390965903339,4.0,47.5
2023_13_DET_NO,2023,13,202313,total,over,0.45073891625615764,-112.0,0.5283018867924528,win,1.0,0.8928571428571429,-1.479810986158087,48.45390965903339,4.0,47.5
2023_13_DET_NO,2023,13,202313,total,under,0.5492610837438423,-108.0,0.5192307692307693,loss,0.0,-1.0,-1.479810986158087,48.45390965903339,4.0,47.5
2023_13_IND_TEN,2023,13,202313,spread,home,0.5320197044334976,-110.0,0.5238095238095238,loss,0.0,-1.0,-1.3830686880497791,41.70698243938024,1.5,42.0
2023_13_IND_TEN,2023,13,202313,spread,away,0.46798029556650245,-110.0,0.5238095238095238,win,1.0,0.9090909090909091,-1.3830686880497791,41.70698243938024,1.5,42.0
2023_13_IND_TEN,2023,13,202313,total,over,0.39901477832512317,-112.0,0.5283018867924528,win,1.0,0.8928571428571429,-1.3830686880497791,41.70698243938024,1.5,42.0
2023_13_IND_TEN,2023,13,202313,total,under,0.6009852216748768,-108.0,0.5192307692307693,loss,0.0,-1.0,-1.3830686880497791,41.70698243938024,1.5,42.0
2023_13_KC_GB,2023,13,202313,spread,home,0.5320197044334976,-102.0,0.504950495049505,win,1.0,0.9803921568627451,-5.617719739217889,44.10951863516717,5.5,43.5
2023_13_KC_GB,2023,13,202313,spread,away,0.46798029556650245,-118.0,0.5412844036697247,loss,0.0,-1.0,-5.617719739217889,44.10951863516717,5.5,43.5
2023_13_KC_GB,2023,13,202313,total,over,0.43349753694581283,-115.0,0.5348837209302325,win,1.0,0.8695652173913043,-5.617719739217889,44.10951863516717,5.5,43.5
2023_13_KC_GB,2023,13,202313,total,under,0.5665024630541872,-105.0,0.5121951219512195,loss,0.0,-1.0,-5.617719739217889,44.10951863516717,5.5,43.5
2023_13_LAC_NE,2023,13,202313,spread,home,0.6502463054187192,-110.0,0.5238095238095238,loss,0.0,-1.0,-1.3144921268593242,43.19588591989736,4.5,38.5
2023_13_LAC_NE,2023,13,202313,spread,away,0.3497536945812808,-110.0,0.5238095238095238,win,1.0,0.9090909090909091,-1.3144921268593242,43.19588591989736,4.5,38.5
2023_13_LAC_NE,2023,13,202313,total,over,0.5714285714285714,-112.0,0.5283018867924528,loss,0.0,-1.0,-1.3144921268593242,43.19588591989736,4.5,38.5
2023_13_LAC_NE,2023,13,202313,total,under,0.4285714285714286,-108.0,0.5192307692307693,win,1.0,0.9259259259259259,-1.3144921268593242,43.19588591989736,4.5,38.5
2023_13_MIA_WAS,2023,13,202313,spread,home,0.5985221674876847,-108.0,0.5192307692307693,loss,0.0,-1.0,-6.689890585169147,45.19652582516463,8.5,50.0
2023_13_MIA_WAS,2023,13,202313,spread,away,0.4014778325123153,-112.0,0.5283018867924528,win,1.0,0.8928571428571429,-6.689890585169147,45.19652582516463,8.5,50.0
2023_13_MIA_WAS,2023,13,202313,total,over,0.2881773399014778,-110.0,0.5238095238095238,win,1.0,0.9090909090909091,-6.689890585169147,45.19652582516463,8.5,50.0
2023_13_MIA_WAS,2023,13,202313,total,under,0.7118226600985222,-110.0,0.5238095238095238,loss,0.0,-1.0,-6.689890585169147,45.19652582516463,8.5,50.0
2023_13_SEA_DAL,2023,13,202313,spread,home,0.47783251231527096,-118.0,0.5412844036697247,loss,0.0,-1.0,7.93312197934457,50.19803995523742,-9.5,47.5
2023_13_SEA_DAL,2023,13,202313,spread,away,0.5221674876847291,-102.0,0.504950495049505,win,1.0,0.9803921568627451,7.93312197934457,50.19803995523742,-9.5,47.5
2023_13_SEA_DAL,2023,13,202313,total,over,0.4852216748768473,-110.0,0.5238095238095238,win,1.0,0.9090909090909091,7.93312197934457,50.19803995523742,-9.5,47.5
2023_13_SEA_DAL,2023,13,202313,total,under,0.5147783251231527,-110.0,0.5238095238095238,loss,0.0,-1.0,7.93312197934457,50.19803995523742,-9.5,47.5
2023_13_SF_PHI,2023,13,202313,spread,home,0.4408866995073892,-115.0,0.5348837209302325,loss,0.0,-1.0,-5.195428491097947,34.187235788127026,3.0,46.5
2023_13_SF_PHI,2023,13,202313,spread,away,0.5591133004926108,-105.0,0.5121951219512195,win,1.0,0.9523809523809523,-5.195428491097947,34.187235788127026,3.0,46.5
2023_13_SF_PHI,2023,13,202313,total,over,0.15763546798029557,-112.0,0.5283018867924528,win,1.0,0.8928571428571429,-5.195428491097947,34.187235788127026,3.0,46.5
2023_13_SF_PHI,2023,13,202313,total,under,0.8423645320197044,-108.0,0.5192307692307693,loss,0.0,-1.0,-5.195428491097947,34.187235788127026,3.0,46.5
2023_14_BUF_KC,2023,14,202314,spread,home,0.45454545454545453,-110.0,0.5238095238095238,loss,0.0,-1.0,0.0975567370891501,45.384921020738034,-2.0,49.5
2023_14_BUF_KC,2023,14,202314,spread,away,0.5454545454545454,-110.0,0.5238095238095238,win,1.0,0.9090909090909091,0.0975567370891501,45.384921020738034,-2.0,49.5
2023_14_BUF_KC,2023,14,202314,total,over,0.3014354066985646,-110.0,0.5238095238095238,loss,0.0,-1.0,0.0975567370891501,45.384921020738034,-2.0,49.5
2023_14_BUF_KC,2023,14,202314,total,under,0.6985645933014354,-110.0,0.5238095238095238,win,1.0,0.9090909090909091,0.0975567370891501,45.384921020738034,-2.0,49.5
2023_14_CAR_NO,2023,14,202314,spread,home,0.6483253588516746,-110.0,0.5238095238095238,win,1.0,0.9090909090909091,8.743051389497037,44.37205669951095,-5.5,39.0
2023_14_CAR_NO,2023,14,202314,spread,away,0.35167464114832536,-110.0,0.5238095238095238,loss,0.0,-1.0,8.743051389497037,44.37205669951095,-5.5,39.0
2023_14_CAR_NO,2023,14,202314,total,over,0.6028708133971292,-110.0,0.5238095238095238,loss,0.0,-1.0,8.743051389497037,44.37205669951095,-5.5,39.0
2023_14_CAR_NO,2023,14,202314,total,under,0.3971291866028708,-110.0,0.5238095238095238,win,1.0,0.9090909090909091,8.743051389497037,44.37205669951095,-5.5,39.0
2023_14_DET_CHI,2023,14,202314,spread,home,0.44258373205741625,100.0,0.5,win,1.0,1.0,-5.108437745634287,43.79239875174582,3.0,44.5
2023_14_DET_CHI,2023,14,202314,spread,away,0.5574162679425838,-120.0,0.5454545454545454,loss,0.0,-1.0,-5.108437745634287,43.79239875174582,3.0,44.5
2023_14_DET_CHI,2023,14,202314,total,over,0.3875598086124402,-110.0,0.5238095238095238,loss,0.0,-1.0,-5.108437745634287,43.79239875174582,3.0,44.5
2023_14_DET_CHI,2023,14,202314,total,under,0.6124401913875598,-110.0,0.5238095238095238,win,1.0,0.9090909090909091,-5.108437745634287,43.79239875174582,3.0,44.5
2023_14_GB_NYG,2023,14,202314,spread,home,0.5430622009569378,-108.0,0.5192307692307693,win,1.0,0.9259259259259259,-5.596392918444411,42.33907350956562,6.0,37.5
2023_14_GB_NYG,2023,14,202314,spread,away,0.4569377990430622,-112.0,0.5283018867924528,loss,0.0,-1.0,-5.596392918444411,42.33907350956562,6.0,37.5
2023_14_GB_NYG,2023,14,202314,total,over,0.5813397129186603,-110.0,0.5238095238095238,win,1.0,0.9090909090909091,-5.596392918444411,42.33907350956562,6.0,37.5
2023_14_GB_NYG,2023,14,202314,total,under,0.41866028708133973,-110.0,0.5238095238095238,loss,0.0,-1.0,-5.596392918444411,42.33907350956562,6.0,37.5
2023_14_HOU_NYJ,2023,14,202314,spread,home,0.5023923444976076,-112.0,0.5283018867924528,win,1.0,0.8928571428571429,-4.28815558153223,40.00157975115557,3.5,33.5
2023_14_HOU_NYJ,2023,14,202314,spread,away,0.4976076555023924,-108.0,0.5192307692307693,loss,0.0,-1.0,-4.28815558153223,40.00157975115557,3.5,33.5
2023_14_HOU_NYJ,2023,14,202314,total,over,0.631578947368421,-110.0,0.5238095238095238,win,1.0,0.9090909090909091,-4.28815558153223,40.00157975115557,3.5,33.5
2023_14_HOU_NYJ,2023,14,202314,total,under,0.368421052631579,-110.0,0.5238095238095238,loss,0.0,-1.0,-4.28815558153223,40.00157975115557,3.5,33.5
2023_14_IND_CIN,2023,14,202314,spread,home,0.5,-102.0,0.504950495049505,win,1.0,0.9803921568627451,2.1532119874224804,48.769854108040455,-3.0,45.0
2023_14_IND_CIN,2023,14,202314,spread,away,0.5,-118.0,0.5412844036697247,loss,0.0,-1.0,2.1532119874224804,48.769854108040455,-3.0,45.0
2023_14_IND_CIN,2023,14,202314,total,over,0.5334928229665071,-110.0,0.5238095238095238,win,1.0,0.9090909090909091,2.1532119874224804,48.769854108040455,-3.0,45.0
2023_14_IND_CIN,2023,14,202314,total,under,0.46650717703349287,-110.0,0.5238095238095238,loss,0.0,-1.0,2.1532119874224804,48.769854108040455,-3.0,45.0
2023_14_JAX_CLE,2023,14,202314,spread,home,0.43301435406698563,-112.0,0.5283018867924528,win,1.0,0.8928571428571429,0.1450827549813315,42.69700873425438,-2.5,37.5
2023_14_JAX_CLE,2023,14,202314,spread,away,0.5669856459330144,-108.0,0.5192307692307693,loss,0.0,-1.0,0.1450827549813315,42.69700873425438,-2.5,37.5
2023_14_JAX_CLE,2023,14,202314,total,over,0.5933014354066986,-110.0,0.5238095238095238,win,1.0,0.9090909090909091,0.1450827549813315,42.69700873425438,-2.5,37.5
2023_14_JAX_CLE,2023,14,202314,total,under,0.40669856459330145,-110.0,0.5238095238095238,loss,0.0,-1.0,0.1450827549813315,42.69700873425438,-2.5,37.5
2023_14_LA_BAL,2023,14,202314,spread,home,0.47368421052631576,-105.0,0.5121951219512195,loss,0.0,-1.0,6.03518046924346,43.58437482006632,-7.5,42.0
2023_14_LA_BAL,2023,14,202314,spread,away,0.5263157894736843,-115.0,0.5348837209302325,win,1.0,0.8695652173913043,6.03518046924346,43.58437482006632,-7.5,42.0
2023_14_LA_BAL,2023,14,202314,total,over,0.4665071770334928,-110.0,0.5238095238095238,win,1.0,0.9090909090909091,6.03518046924346,43.58437482006632,-7.5,42.0
2023_14_LA_BAL,2023,14,202314,total,under,0.5334928229665072,-110.0,0.5238095238095238,loss,0.0,-1.0,6.03518046924346,43.58437482006632,-7.5,42.0
2023_14_MIN_LV,2023,14,202314,spread,home,0.6578947368421053,-112.0,0.5283018867924528,push,,0.0,0.5814229991005339,43.11553705192383,3.0,40.5
2023_14_MIN_LV,2023,14,202314,spread,away,0.3421052631578947,-108.0,0.5192307692307693,push,,0.0,0.5814229991005339,43.11553705192383,3.0,40.5
2023_14_MIN_LV,2023,14,202314,total,over,0.4880382775119617,-112.0,0.5283018867924528,loss,0.0,-1.0,0.5814229991005339,43.11553705192383,3.0,40.5
2023_14_MIN_LV,2023,14,202314,total,under,0.5119617224880383,-108.0,0.5192307692307693,win,1.0,0.9259259259259259,0.5814229991005339,43.11553705192383,3.0,40.5
2023_14_NE_PIT,2023,14,202314,spread,home,0.5406698564593302,-102.0,0.504950495049505,loss,0.0,-1.0,6.340360279979734,35.29386819705669,-6.0,30.0
2023_14_NE_PIT,2023,14,202314,spread,away,0.4593301435406698,-118.0,0.5412844036697247,win,1.0,0.847457627118644,6.340360279979734,35.29386819705669,-6.0,30.0
2023_14_NE_PIT,2023,14,202314,total,over,0.5956937799043063,-115.0,0.5348837209302325,win,1.0,0.8695652173913043,6.340360279979734,35.29386819705669,-6.0,30.0
2023_14_NE_PIT,2023,14,202314,total,under,0.4043062200956937,-105.0,0.5121951219512195,loss,0.0,-1.0,6.340360279979734,35.29386819705669,-6.0,30.0
2023_14_PHI_DAL,2023,14,202314,spread,home,0.6626794258373205,-102.0,0.504950495049505,win,1.0,0.9803921568627451,7.426946948218834,55.06456091829062,-3.5,52.5
2023_14_PHI_DAL,2023,14,202314,spread,away,0.33732057416267947,-118.0,0.5412844036697247,loss,0.0,-1.0,7.426946948218834,55.06456091829062,-3.5,52.5
2023_14_PHI_DAL,2023,14,202314,total,over,0.4880382775119617,-110.0,0.5238095238095238,loss,0.0,-1.0,7.426946948218834,55.06456091829062,-3.5,52.5
2023_14_PHI_DAL,2023,14,202314,total,under,0.5119617224880383,-110.0,0.5238095238095238,win,1.0,0.9090909090909091,7.426946948218834,55.06456091829062,-3.5,52.5
2023_14_SEA_SF,2023,14,202314,spread,home,0.46172248803827753,-110.0,0.5238095238095238,loss,0.0,-1.0,12.781176221961305,47.59127408205702,-14.5,44.5
2023_14_SEA_SF,2023,14,202314,spread,away,0.5382775119617225,-110.0,0.5238095238095238,win,1.0,0.9090909090909091,12.781176221961305,47.59127408205702,-14.5,44.5
2023_14_SEA_SF,2023,14,202314,total,over,0.5143540669856459,-110.0,0.5238095238095238,loss,0.0,-1.0,12.781176221961305,47.59127408205702,-14.5,44.5
2023_14_SEA_SF,2023,14,202314,total,under,0.4856459330143541,-110.0,0.5238095238095238,win,1.0,0.9090909090909091,12.781176221961305,47.59127408205702,-14.5,44.5
2023_14_TB_ATL,2023,14,202314,spread,home,0.5933014354066986,-112.0,0.5283018867924528,loss,0.0,-1.0,3.408730748740592,45.33715474025595,-1.5,41.5
2023_14_TB_ATL,2023,14,202314,spread,away,0.40669856459330145,-108.0,0.5192307692307693,win,1.0,0.9259259259259259,3.408730748740592,45.33715474025595,-1.5,41.5
2023_14_TB_ATL,2023,14,202314,total,over,0.5358851674641149,-110.0,0.5238095238095238,win,1.0,0.9090909090909091,3.408730748740592,45.33715474025595,-1.5,41.5
2023_14_TB_ATL,2023,14,202314,total,under,0.46411483253588515,-110.0,0.5238095238095238,loss,0.0,-1.0,3.408730748740592,45.33715474025595,-1.5,41.5
2023_14_TEN_MIA,2023,14,202314,spread,home,0.41626794258373206,-110.0,0.5238095238095238,loss,0.0,-1.0,11.222030010956262,48.41836281187546,-14.0,45.0
2023_14_TEN_MIA,2023,14,202314,spread,away,0.5837320574162679,-110.0,0.5238095238095238,win,1.0,0.9090909090909091,11.222030010956262,48.41836281187546,-14.0,45.0
2023_14_TEN_MIA,2023,14,202314,total,over,0.5191387559808612,-112.0,0.5283018867924528,win,1.0,0.8928571428571429,11.222030010956262,48.41836281187546,-14.0,45.0
2023_14_TEN_MIA,2023,14,202314,total,under,0.48086124401913877,-110.0,0.5238095238095238,loss,0.0,-1.0,11.222030010956262,48.41836281187546,-14.0,45.0
2023_15_ATL_CAR,2023,15,202315,spread,home,0.4351851851851852,-118.0,0.5412844036697247,win,1.0,0.847457627118644,-5.342171708522836,35.2252662642497,3.0,32.0
2023_15_ATL_CAR,2023,15,202315,spread,away,0.5648148148148149,-102.0,0.504950495049505,loss,0.0,-1.0,-5.342171708522836,35.2252662642497,3.0,32.0
2023_15_ATL_CAR,2023,15,202315,total,over,0.5185185185185185,-110.0,0.5238095238095238,loss,0.0,-1.0,-5.342171708522836,35.2252662642497,3.0,32.0
2023_15_ATL_CAR,2023,15,202315,total,under,0.4814814814814815,-110.0,0.5238095238095238,win,1.0,0.9090909090909091,-5.342171708522836,35.2252662642497,3.0,32.0
2023_15_BAL_JAX,2023,15,202315,spread,home,0.5115740740740741,-110.0,0.5238095238095238,loss,0.0,-1.0,-4.531879312772937,42.607522331211136,4.0,42.5
2023_15_BAL_JAX,2023,15,202315,spread,away,0.48842592592592593,-110.0,0.5238095238095238,win,1.0,0.9090909090909091,-4.531879312772937,42.607522331211136,4.0,42.5
2023_15_BAL_JAX,2023,15,202315,total,over,0.42824074074074076,-112.0,0.5283018867924528,loss,0.0,-1.0,-4.531879312772937,42.607522331211136,4.0,42.5
2023_15_BAL_JAX,2023,15,202315,total,under,0.5717592592592593,-108.0,0.5192307692307693,win,1.0,0.9259259259259259,-4.531879312772937,42.607522331211136,4.0,42.5
2023_15_CHI_CLE,2023,15,202315,spread,home,0.5416666666666666,100.0,0.5,push,,0.0,3.354458492124108,38.55538895893716,-3.0,38.0
2023_15_CHI_CLE,2023,15,202315,spread,away,0.45833333333333337,-120.0,0.5454545454545454,push,,0.0,3.354458492124108,38.55538895893716,-3.0,38.0
2023_15_CHI_CLE,2023,15,202315,total,over,0.4375,-110.0,0.5238095238095238,loss,0.0,-1.0,3.354458492124108,38.55538895893716,-3.0,38.0
2023_15_CHI_CLE,2023,15,202315,total,under,0.5625,-110.0,0.5238095238095238,win,1.0,0.9090909090909091,3.354458492124108,38.55538895893716,-3.0,38.0
2023_15_DAL_BUF,2023,15,202315,spread,home,0.4513888888888889,-112.0,0.5283018867924528,win,1.0,0.8928571428571429,0.020028739287442,48.33052008717499,-2.0,49.5
2023_15_DAL_BUF,2023,15,202315,spread,away,0.5486111111111112,-108.0,0.5192307692307693,loss,0.0,-1.0,0.020028739287442,48.33052008717499,-2.0,49.5
2023_15_DAL_BUF,2023,15,202315,total,over,0.375,-110.0,0.5238095238095238,loss,0.0,-1.0,0.020028739287442,48.33052008717499,-2.0,49.5
2023_15_DAL_BUF,2023,15,202315,total,under,0.625,-110.0,0.5238095238095238,win,1.0,0.9090909090909091,0.020028739287442,48.33052008717499,-2.0,49.5
2023_15_DEN_DET,2023,15,202315,spread,home,0.5671296296296297,-112.0,0.5283018867924528,win,1.0,0.8928571428571429,6.608118605480777,49.80648788494359,-5.5,49.0
2023_15_DEN_DET,2023,15,202315,spread,away,0.43287037037037035,-108.0,0.5192307692307693,loss,0.0,-1.0,6.608118605480777,49.80648788494359,-5.5,49.0
2023_15_DEN_DET,2023,15,202315,total,over,0.44907407407407407,-112.0,0.5283018867924528,win,1.0,0.8928571428571429,6.608118605480777,49.80648788494359,-5.5,49.0
2023_15_DEN_DET,2023,15,202315,total,under,0.5509259259259259,-108.0,0.5192307692307693,loss,0.0,-1.0,6.608118605480777,49.80648788494359,-5.5,49.0
2023_15_HOU_TEN,2023,15,202315,spread,home,0.3888888888888889,-120.0,0.5454545454545454,loss,0.0,-1.0,-0.7073269615233999,43.50173485052495,-3.0,38.0
2023_15_HOU_TEN,2023,15,202315,spread,away,0.6111111111111112,100.0,0.5,win,1.0,1.0,-0.7073269615233999,43.50173485052495,-3.0,38.0
2023_15_HOU_TEN,2023,15,202315,total,over,0.6111111111111112,-112.0,0.5283018867924528,loss,0.0,-1.0,-0.7073269615233999,43.50173485052495,-3.0,38.0
2023_15_HOU_TEN,2023,15,202315,total,under,0.38888888888888884,-108.0,0.5192307692307693,win,1.0,0.9259259259259259,-0.7073269615233999,43.50173485052495,-3.0,38.0
2023_15_KC_NE,2023,15,202315,spread,home,0.5763888888888888,-108.0,0.5192307692307693,push,,0.0,-8.559049012197823,42.25903608257398,10.0,39.5
2023_15_KC_NE,2023,15,202315,spread,away,0.42361111111111116,-112.0,0.5283018867924528,push,,0.0,-8.559049012197823,42.25903608257398,10.0,39.5
2023_15_KC_NE,2023,15,202315,total,over,0.4930555555555556,-110.0,0.5238095238095238,win,1.0,0.9090909090909091,-8.559049012197823,42.25903608257398,10.0,39.5
2023_15_KC_NE,2023,15,202315,total,under,0.5069444444444444,-110.0,0.5238095238095238,loss,0.0,-1.0,-8.559049012197823,42.25903608257398,10.0,39.5
2023_15_MIN_CIN,2023,15,202315,spread,home,0.3819444444444444,-115.0,0.5348837209302325,push,,0.0,-0.9532529846002612,45.90945132940439,-3.0,41.5
2023_15_MIN_CIN,2023,15,202315,spread,away,0.6180555555555556,-105.0,0.5121951219512195,push,,0.0,-0.9532529846002612,45.90945132940439,-3.0,41.5
2023_15_MIN_CIN,2023,15,202315,total,over,0.5671296296296297,-110.0,0.5238095238095238,win,1.0,0.9090909090909091,-0.9532529846002612,45.90945132940439,-3.0,41.5
2023_15_MIN_CIN,2023,15,202315,total,under,0.43287037037037035,-110.0,0.5238095238095238,loss,0.0,-1.0,-0.9532529846002612,45.90945132940439,-3.0,41.5
2023_15_NYG_NO,2023,15,202315,spread,home,0.5509259259259259,-112.0,0.5283018867924528,win,1.0,0.8928571428571429,6.657968755130428,42.0218393388448,-6.0,39.5
2023_15_NYG_NO,2023,15,202315,spread,away,0.44907407407407407,-108.0,0.5192307692307693,loss,0.0,-1.0,6.657968755130428,42.0218393388448,-6.0,39.5
2023_15_NYG_NO,2023,15,202315,total,over,0.48842592592592593,-110.0,0.5238095238095238,loss,0.0,-1.0,6.657968755130428,42.0218393388448,-6.0,39.5
2023_15_NYG_NO,2023,15,202315,total,under,0.5115740740740741,-110.0,0.5238095238095238,win,1.0,0.9090909090909091,6.657968755130428,42.0218393388448,-6.0,39.5
2023_15_NYJ_MIA,2023,15,202315,spread,home,0.6689814814814815,-105.0,0.5121951219512195,win,1.0,0.9523809523809523,11.563051151816476,40.47298079256511,-7.5,36.0
2023_15_NYJ_MIA,2023,15,202315,spread,away,0.3310185185185185,-115.0,0.5348837209302325,loss,0.0,-1.0,11.563051151816476,40.47298079256511,-7.5,36.0
2023_15_NYJ_MIA,2023,15,202315,total,over,0.5740740740740741,-110.0,0.5238095238095238,loss,0.0,-1.0,11.563051151816476,40.47298079256511,-7.5,36.0
2023_15_NYJ_MIA,2023,15,202315,total,under,0.42592592592592593,-110.0,0.5238095238095238,win,1.0,0.9090909090909091,11.563051151816476,40.47298079256511,-7.5,36.0
2023_15_PHI_SEA,2023,15,202315,spread,home,0.6412037037037037,100.0,0.5,win,1.0,1.0,-2.023659077628359,47.04641586751011,5.0,46.0
2023_15_PHI_SEA,2023,15,202315,spread,away,0.3587962962962963,-120.0,0.5454545454545454,loss,0.0,-1.0,-2.023659077628359,47.04641586751011,5.0,46.0
2023_15_PHI_SEA,2023,15,202315,total,over,0.45601851851851855,-108.0,0.5192307692307693,loss,0.0,-1.0,-2.023659077628359,47.04641586751011,5.0,46.0
2023_15_PHI_SEA,2023,15,202315,total,under,0.5439814814814814,-112.0,0.5283018867924528,win,1.0,0.8928571428571429,-2.023659077628359,47.04641586751011,5.0,46.0
2023_15_PIT_IND,2023,15,202315,spread,home,0.43287037037037035,-110.0,0.5238095238095238,win,1.0,0.9090909090909091,-0.9502061209554038,46.898905301428734,-1.5,41.5
2023_15_PIT_IND,2023,15,202315,spread,away,0.5671296296296297,-110.0,0.5238095238095238,loss,0.0,-1.0,-0.9502061209554038,46.898905301428734,-1.5,41.5
2023_15_PIT_IND,2023,15,202315,total,over,0.6087962962962963,-110.0,0.5238095238095238,win,1.0,0.9090909090909091,-0.9502061209554038,46.898905301428734,-1.5,41.5
2023_15_PIT_IND,2023,15,202315,total,under,0.3912037037037037,-110.0,0.5238095238095238,loss,0.0,-1.0,-0.9502061209554038,46.898905301428734,-1.5,41.5
2023_15_SF_ARI,2023,15,202315,spread,home,0.42592592592592593,-110.0,0.5238095238095238,loss,0.0,-1.0,-14.994776152465557,46.05162544003512,12.5,48.0
2023_15_SF_ARI,2023,15,202315,spread,away,0.5740740740740741,-110.0,0.5238095238095238,win,1.0,0.9090909090909091,-14.994776152465557,46.05162544003512,12.5,48.0
2023_15_SF_ARI,2023,15,202315,total,over,0.34953703703703703,-110.0,0.5238095238095238,win,1.0,0.9090909090909091,-14.994776152465557,46.05162544003512,12.5,48.0
2023_15_SF_ARI,2023,15,202315,total,under,0.650462962962963,-110.0,0.5238095238095238,loss,0.0,-1.0,-14.994776152465557,46.05162544003512,12.5,48.0
2023_15_TB_GB,2023,15,202315,spread,home,0.5532407407407407,-110.0,0.5238095238095238,loss,0.0,-1.0,4.762396640579345,43.65486682568503,-4.0,41.5
2023_15_TB_GB,2023,15,202315,spread,away,0.4467592592592593,-110.0,0.5238095238095238,win,1.0,0.9090909090909091,4.762396640579345,43.65486682568503,-4.0,41.5
2023_15_TB_GB,2023,15,202315,total,over,0.48148148148148145,-110.0,0.5238095238095238,win,1.0,0.9090909090909091,4.762396640579345,43.65486682568503,-4.0,41.5
2023_15_TB_GB,2023,15,202315,total,under,0.5185185185185186,-110.0,0.5238095238095238,loss,0.0,-1.0,4.762396640579345,43.65486682568503,-4.0,41.5
2023_15_WAS_LA,2023,15,202315,spread,home,0.5023148148148148,-112.0,0.5283018867924528,win,1.0,0.8928571428571429,5.7275046489310695,49.46838411167269,-6.5,48.5
2023_15_WAS_LA,2023,15,202315,spread,away,0.49768518518518523,-108.0,0.5192307692307693,loss,0.0,-1.0,5.7275046489310695,49.46838411167269,-6.5,48.5
2023_15_WAS_LA,2023,15,202315,total,over,0.45601851851851855,-110.0,0.5238095238095238,loss,0.0,-1.0,5.7275046489310695,49.46838411167269,-6.5,48.5
2023_15_WAS_LA,2023,15,202315,total,under,0.5439814814814814,-110.0,0.5238095238095238,win,1.0,0.9090909090909091,5.7275046489310695,49.46838411167269,-6.5,48.5
2023_16_ARI_CHI,2023,16,202316,spread,home,0.5302013422818792,-110.0,0.5238095238095238,win,1.0,0.9090909090909091,4.563218260793416,42.42167895380775,-4.5,42.0
2023_16_ARI_CHI,2023,16,202316,spread,away,0.4697986577181208,-110.0,0.5238095238095238,loss,0.0,-1.0,4.563218260793416,42.42167895380775,-4.5,42.0
2023_16_ARI_CHI,2023,16,202316,total,over,0.43400447427293065,-115.0,0.5348837209302325,win,1.0,0.8695652173913043,4.563218260793416,42.42167895380775,-4.5,42.0
2023_16_ARI_CHI,2023,16,202316,total,under,0.5659955257270693,-105.0,0.5121951219512195,loss,0.0,-1.0,4.563218260793416,42.42167895380775,-4.5,42.0
2023_16_BAL_SF,2023,16,202316,spread,home,0.5055928411633109,-115.0,0.5348837209302325,loss,0.0,-1.0,5.716281112975697,48.62580703488681,-6.5,47.5
2023_16_BAL_SF,2023,16,202316,spread,away,0.49440715883668906,-105.0,0.5121951219512195,win,1.0,0.9523809523809523,5.716281112975697,48.62580703488681,-6.5,47.5
2023_16_BAL_SF,2023,16,202316,total,over,0.4519015659955257,-108.0,0.5192307692307693,win,1.0,0.9259259259259259,5.716281112975697,48.62580703488681,-6.5,47.5
2023_16_BAL_SF,2023,16,202316,total,under,0.5480984340044743,-112.0,0.5283018867924528,loss,0.0,-1.0,5.716281112975697,48.62580703488681,-6.5,47.5
2023_16_BUF_LAC,2023,16,202316,spread,home,0.6733780760626398,-115.0,0.5348837209302325,win,1.0,0.8695652173913043,-9.234333799287617,48.98544204778224,13.0,44.5
2023_16_BUF_LAC,2023,16,202316,spread,away,0.3266219239373602,-105.0,0.5121951219512195,loss,0.0,-1.0,-9.234333799287617,48.98544204778224,13.0,44.5
2023_16_BUF_LAC,2023,16,202316,total,over,0.5727069351230425,-105.0,0.5121951219512195,win,1.0,0.9523809523809523,-9.234333799287617,48.98544204778224,13.0,44.5
2023_16_BUF_LAC,2023,16,202316,total,under,0.4272930648769575,-115.0,0.5348837209302325,loss,0.0,-1.0,-9.234333799287617,48.98544204778224,13.0,44.5
2023_16_CIN_PIT,2023,16,202316,spread,home,0.6017897091722595,-115.0,0.5348837209302325,win,1.0,0.8695652173913043,-1.1304910318799986,41.63600896871446,3.0,39.5
2023_16_CIN_PIT,2023,16,202316,spread,away,0.3982102908277405,-105.0,0.5121951219512195,loss,0.0,-1.0,-1.1304910318799986,41.63600896871446,3.0,39.5
2023_16_CIN_PIT,2023,16,202316,total,over,0.4809843400447427,-110.0,0.5238095238095238,win,1.0,0.9090909090909091,-1.1304910318799986,41.63600896871446,3.0,39.5
2023_16_CIN_PIT,2023,16,202316,total,under,0.5190156599552573,-110.0,0.5238095238095238,loss,0.0,-1.0,-1.1304910318799986,41.63600896871446,3.0,39.5
2023_16_CLE_HOU,2023,16,202316,spread,home,0.5749440715883669,-110.0,0.5238095238095238,loss,0.0,-1.0,-1.8101655056743111,41.29636699849481,3.0,40.0
2023_16_CLE_HOU,2023,16,202316,spread,away,0.4250559284116331,-110.0,0.5238095238095238,win,1.0,0.9090909090909091,-1.8101655056743111,41.29636699849481,3.0,40.0
2023_16_CLE_HOU,2023,16,202316,total,over,0.45861297539149887,-110.0,0.5238095238095238,win,1.0,0.9090909090909091,-1.8101655056743111,41.29636699849481,3.0,40.0
2023_16_CLE_HOU,2023,16,202316,total,under,0.5413870246085011,-110.0,0.5238095238095238,loss,0.0,-1.0,-1.8101655056743111,41.29636699849481,3.0,40.0
2023_16_DAL_MIA,2023,16,202316,spread,home,0.5302013422818792,-110.0,0.5238095238095238,win,1.0,0.9090909090909091,1.5936396266112922,47.59460941945756,-1.5,48.5
2023_16_DAL_MIA,2023,16,202316,spread,away,0.4697986577181208,-110.0,0.5238095238095238,loss,0.0,-1.0,1.5936396266112922,47.59460941945756,-1.5,48.5
2023_16_DAL_MIA,2023,16,202316,total,over,0.3825503355704698,-120.0,0.5454545454545454,loss,0.0,-1.0,1.5936396266112922,47.59460941945756,-1.5,48.5
2023_16_DAL_MIA,2023,16,202316,total,under,0.6174496644295302,100.0,0.5,win,1.0,1.0,1.5936396266112922,47.59460941945756,-1.5,48.5
2023_16_DET_MIN,2023,16,202316,spread,home,0.5727069351230425,105.0,0.4878048780487805,loss,0.0,-1.0,-1.4200067000264738,48.61841907844177,2.5,47.5
2023_16_DET_MIN,2023,16,202316,spread,away,0.4272930648769575,-125.0,0.5555555555555556,win,1.0,0.8,-1.4200067000264738,48.61841907844177,2.5,47.5
2023_16_DET_MIN,2023,16,202316,total,over,0.4519015659955257,-118.0,0.5412844036697247,win,1.0,0.847457627118644,-1.4200067000264738,48.61841907844177,2.5,47.5
2023_16_DET_MIN,2023,16,202316,total,under,0.5480984340044743,-102.0,0.504950495049505,loss,0.0,-1.0,-1.4200067000264738,48.61841907844177,2.5,47.5
2023_16_GB_CAR,2023,16,202316,spread,home,0.48769574944071586,-108.0,0.5192307692307693,win,1.0,0.9259259259259259,-4.591341698723861,42.08170403974905,3.5,39.5
2023_16_GB_CAR,2023,16,202316,spread,away,0.5123042505592841,-112.0,0.5283018867924528,loss,0.0,-1.0,-4.591341698723861,42.08170403974905,3.5,39.5
2023_16_GB_CAR,2023,16,202316,total,over,0.48769574944071586,-110.0,0.5238095238095238,win,1.0,0.9090909090909091,-4.591341698723861,42.08170403974905,3.5,39.5
2023_16_GB_CAR,2023,16,202316,total,under,0.5123042505592841,-110.0,0.5238095238095238,loss,0.0,-1.0,-4.591341698723861,42.08170403974905,3.5,39.5
2023_16_IND_ATL,2023,16,202316,spread,home,0.40939597315436244,-105.0,0.5121951219512195,win,1.0,0.9523809523809523,-0.0981601220240204,45.65294715423495,-3.0,44.0
2023_16_IND_ATL,2023,16,202316,spread,away,0.5906040268456376,-115.0,0.5348837209302325,loss,0.0,-1.0,-0.0981601220240204,45.65294715423495,-3.0,44.0
2023_16_IND_ATL,2023,16,202316,total,over,0.4720357941834452,-115.0,0.5348837209302325,loss,0.0,-1.0,-0.0981601220240204,45.65294715423495,-3.0,44.0
2023_16_IND_ATL,2023,16,202316,total,under,0.5279642058165548,-105.0,0.5121951219512195,win,1.0,0.9523809523809523,-0.0981601220240204,45.65294715423495,-3.0,44.0
2023_16_JAX_TB,2023,16,202316,spread,home,0.6666666666666666,-110.0,0.5238095238095238,win,1.0,0.9090909090909091,1.540084854505717,46.37318128488308,2.0,43.0
2023_16_JAX_TB,2023,16,202316,spread,away,0.33333333333333337,-110.0,0.5238095238095238,loss,0.0,-1.0,1.540084854505717,46.37318128488308,2.0,43.0
2023_16_JAX_TB,2023,16,202316,total,over,0.5190156599552572,-112.0,0.5283018867924528,loss,0.0,-1.0,1.540084854505717,46.37318128488308,2.0,43.0
2023_16_JAX_TB,2023,16,202316,total,under,0.4809843400447428,-108.0,0.5192307692307693,win,1.0,0.9259259259259259,1.540084854505717,46.37318128488308,2.0,43.0
2023_16_LV_KC,2023,16,202316,spread,home,0.436241610738255,-118.0,0.5412844036697247,loss,0.0,-1.0,8.566604652338867,37.94151488669179,-11.0,40.5
2023_16_LV_KC,2023,16,202316,spread,away,0.563758389261745,-102.0,0.504950495049505,win,1.0,0.9803921568627451,8.566604652338867,37.94151488669179,-11.0,40.5
2023_16_LV_KC,2023,16,202316,total,over,0.33557046979865773,-110.0,0.5238095238095238,loss,0.0,-1.0,8.566604652338867,37.94151488669179,-11.0,40.5
2023_16_LV_KC,2023,16,202316,total,under,0.6644295302013423,-110.0,0.5238095238095238,win,1.0,0.9090909090909091,8.566604652338867,37.94151488669179,-11.0,40.5
2023_16_NE_DEN,2023,16,202316,spread,home,0.3333333333333333,-110.0,0.5238095238095238,loss,0.0,-1.0,1.9207591964759037,36.099392254786814,-7.0,37.5
2023_16_NE_DEN,2023,16,202316,spread,away,0.6666666666666667,-110.0,0.5238095238095238,win,1.0,0.9090909090909091,1.9207591964759037,36.099392254786814,-7.0,37.5
2023_16_NE_DEN,2023,16,202316,total,over,0.3668903803131991,-110.0,0.5238095238095238,win,1.0,0.9090909090909091,1.9207591964759037,36.099392254786814,-7.0,37.5
2023_16_NE_DEN,2023,16,202316,total,under,0.6331096196868009,-110.0,0.5238095238095238,loss,0.0,-1.0,1.9207591964759037,36.099392254786814,-7.0,37.5
2023_16_NO_LA,2023,16,202316,spread,home,0.31096196868008946,-120.0,0.5454545454545454,win,1.0,0.8333333333333334,-1.9670958669842264,49.15896804887946,-4.0,45.5
2023_16_NO_LA,2023,16,202316,spread,away,0.6890380313199105,100.0,0.5,loss,0.0,-1.0,-1.9670958669842264,49.15896804887946,-4.0,45.5
2023_16_NO_LA,2023,16,202316,total,over,0.5257270693512305,-108.0,0.5192307692307693,win,1.0,0.9259259259259259,-1.9670958669842264,49.15896804887946,-4.0,45.5
2023_16_NO_LA,2023,16,202316,total,under,0.4742729306487695,-112.0,0.5283018867924528,loss,0.0,-1.0,-1.9670958669842264,49.15896804887946,-4.0,45.5
2023_16_NYG_PHI,2023,16,202316,spread,home,0.31096196868008946,-108.0,0.5192307692307693,loss,0.0,-1.0,8.025101858745412,41.29717991146261,-14.0,41.0
2023_16_NYG_PHI,2023,16,202316,spread,away,0.6890380313199105,-112.0,0.5283018867924528,win,1.0,0.8928571428571429,8.025101858745412,41.29717991146261,-14.0,41.0
2023_16_NYG_PHI,2023,16,202316,total,over,0.42953020134228187,-112.0,0.5283018867924528,win,1.0,0.8928571428571429,8.025101858745412,41.29717991146261,-14.0,41.0
2023_16_NYG_PHI,2023,16,202316,total,under,0.5704697986577181,-108.0,0.5192307692307693,loss,0.0,-1.0,8.025101858745412,41.29717991146261,-14.0,41.0
2023_16_SEA_TEN,2023,16,202316,spread,home,0.6219239373601789,-110.0,0.5238095238095238,push,,0.0,-0.6459766608648239,44.01315486567462,3.0,42.0
2023_16_SEA_TEN,2023,16,202316,spread,away,0.3780760626398211,-110.0,0.5238095238095238,push,,0.0,-0.6459766608648239,44.01315486567462,3.0,42.0
2023_16_SEA_TEN,2023,16,202316,total,over,0.4742729306487696,-112.0,0.5283018867924528,loss,0.0,-1.0,-0.6459766608648239,44.01315486567462,3.0,42.0
2023_16_SEA_TEN,2023,16,202316,total,under,0.5257270693512304,-108.0,0.5192307692307693,win,1.0,0.9259259259259259,-0.6459766608648239,44.01315486567462,3.0,42.0
2023_16_WAS_NYJ,2023,16,202316,spread,home,0.38478747203579416,-112.0,0.5283018867924528,loss,0.0,-1.0,-0.974108272440806,36.19297703757367,-3.0,36.5
2023_16_WAS_NYJ,2023,16,202316,spread,away,0.6152125279642058,-108.0,0.5192307692307693,win,1.0,0.9259259259259259,-0.974108272440806,36.19297703757367,-3.0,36.5
2023_16_WAS_NYJ,2023,16,202316,total,over,0.40268456375838924,-110.0,0.5238095238095238,win,1.0,0.9090909090909091,-0.974108272440806,36.19297703757367,-3.0,36.5
2023_16_WAS_NYJ,2023,16,202316,total,under,0.5973154362416108,-110.0,0.5238095238095238,loss,0.0,-1.0,-0.974108272440806,36.19297703757367,-3.0,36.5
2023_17_ARI_PHI,2023,17,202317,spread,home,0.5248380129589633,-110.0,0.5238095238095238,loss,0.0,-1.0,11.763989464110754,45.612473638620905,-12.0,48.0
2023_17_ARI_PHI,2023,17,202317,spread,away,0.47516198704103674,-110.0,0.5238095238095238,win,1.0,0.9090909090909091,11.763989464110754,45.612473638620905,-12.0,48.0
2023_17_ARI_PHI,2023,17,202317,total,over,0.3434125269978402,-110.0,0.5238095238095238,win,1.0,0.9090909090909091,11.763989464110754,45.612473638620905,-12.0,48.0
2023_17_ARI_PHI,2023,17,202317,total,under,0.6565874730021598,-110.0,0.5238095238095238,loss,0.0,-1.0,11.763989464110754,45.612473638620905,-12.0,48.0
2023_17_ATL_CHI,2023,17,202317,spread,home,0.3347732181425486,-105.0,0.5121951219512195,win,1.0,0.9523809523809523,-2.142100298192405,38.86998952339167,-3.0,39.0
2023_17_ATL_CHI,2023,17,202317,spread,away,0.6652267818574513,-115.0,0.5348837209302325,loss,0.0,-1.0,-2.142100298192405,38.86998952339167,-3.0,39.0
2023_17_ATL_CHI,2023,17,202317,total,over,0.4146868250539957,-110.0,0.5238095238095238,win,1.0,0.9090909090909091,-2.142100298192405,38.86998952339167,-3.0,39.0
2023_17_ATL_CHI,2023,17,202317,total,under,0.5853131749460043,-110.0,0.5238095238095238,loss,0.0,-1.0,-2.142100298192405,38.86998952339167,-3.0,39.0
2023_17_CAR_JAX,2023,17,202317,spread,home,0.5637149028077754,-110.0,0.5238095238095238,win,1.0,0.9090909090909091,4.354758090220047,42.5084381569537,-3.5,38.0
2023_17_CAR_JAX,2023,17,202317,spread,away,0.43628509719222464,-110.0,0.5238095238095238,loss,0.0,-1.0,4.354758090220047,42.5084381569537,-3.5,38.0
2023_17_CAR_JAX,2023,17,202317,total,over,0.5831533477321814,-110.0,0.5238095238095238,loss,0.0,-1.0,4.354758090220047,42.5084381569537,-3.5,38.0
2023_17_CAR_JAX,2023,17,202317,total,under,0.4168466522678186,-110.0,0.5238095238095238,win,1.0,0.9090909090909091,4.354758090220047,42.5084381569537,-3.5,38.0
2023_17_CIN_KC,2023,17,202317,spread,home,0.5140388768898488,-105.0,0.5121951219512195,win,1.0,0.9523809523809523,6.862197459250696,43.44418221676494,-7.5,46.0
2023_17_CIN_KC,2023,17,202317,spread,away,0.48596112311015116,-115.0,0.5348837209302325,loss,0.0,-1.0,6.862197459250696,43.44418221676494,-7.5,46.0
2023_17_CIN_KC,2023,17,202317,total,over,0.3434125269978402,-108.0,0.5192307692307693,loss,0.0,-1.0,6.862197459250696,43.44418221676494,-7.5,46.0
2023_17_CIN_KC,2023,17,202317,total,under,0.6565874730021598,-112.0,0.5283018867924528,win,1.0,0.8928571428571429,6.862197459250696,43.44418221676494,-7.5,46.0
2023_17_DET_DAL,2023,17,202317,spread,home,0.36285097192224625,-110.0,0.5238095238095238,loss,0.0,-1.0,0.9360088699032212,53.49662781530591,-5.5,53.0
2023_17_DET_DAL,2023,17,202317,spread,away,0.6371490280777538,-110.0,0.5238095238095238,win,1.0,0.9090909090909091,0.9360088699032212,53.49662781530591,-5.5,53.0
2023_17_DET_DAL,2023,17,202317,total,over,0.4406047516198704,-110.0,0.5238095238095238,loss,0.0,-1.0,0.9360088699032212,53.49662781530591,-5.5,53.0
2023_17_DET_DAL,2023,17,202317,total,under,0.5593952483801297,-110.0,0.5238095238095238,win,1.0,0.9090909090909091,0.9360088699032212,53.49662781530591,-5.5,53.0
2023_17_GB_MIN,2023,17,202317,spread,home,0.531317494600432,-108.0,0.5192307692307693,loss,0.0,-1.0,1.0341361826121618,50.07456885850647,-1.0,42.5
2023_17_GB_MIN,2023,17,202317,spread,away,0.468682505399568,-112.0,0.5283018867924528,win,1.0,0.8928571428571429,1.0341361826121618,50.07456885850647,-1.0,42.5
2023_17_GB_MIN,2023,17,202317,total,over,0.6803455723542117,-108.0,0.5192307692307693,win,1.0,0.9259259259259259,1.0341361826121618,50.07456885850647,-1.0,42.5
2023_17_GB_MIN,2023,17,202317,total,under,0.31965442764578833,-112.0,0.5283018867924528,loss,0.0,-1.0,1.0341361826121618,50.07456885850647,-1.0,42.5
2023_17_LAC_DEN,2023,17,202317,spread,home,0.42764578833693306,-112.0,0.5283018867924528,win,1.0,0.8928571428571429,0.8416561339894322,40.053568385882976,-3.5,39.5
2023_17_LAC_DEN,2023,17,202317,spread,away,0.5723542116630669,-108.0,0.5192307692307693,loss,0.0,-1.0,0.8416561339894322,40.053568385882976,-3.5,39.5
2023_17_LAC_DEN,2023,17,202317,total,over,0.4406047516198704,-110.0,0.5238095238095238,loss,0.0,-1.0,0.8416561339894322,40.053568385882976,-3.5,39.5
2023_17_LAC_DEN,2023,17,202317,total,under,0.5593952483801297,-110.0,0.5238095238095238,win,1.0,0.9090909090909091,0.8416561339894322,40.053568385882976,-3.5,39.5
2023_17_LA_NYG,2023,17,202317,spread,home,0.42764578833693306,-108.0,0.5192307692307693,win,1.0,0.9259259259259259,-8.664813970331743,42.36487179440983,6.0,43.5
2023_17_LA_NYG,2023,17,202317,spread,away,0.5723542116630669,-112.0,0.5283018867924528,loss,0.0,-1.0,-8.664813970331743,42.36487179440983,6.0,43.5
2023_17_LA_NYG,2023,17,202317,total,over,0.38228941684665224,-112.0,0.5283018867924528,win,1.0,0.8928571428571429,-8.664813970331743,42.36487179440983,6.0,43.5
2023_17_LA_NYG,2023,17,202317,total,under,0.6177105831533478,-108.0,0.5192307692307693,loss,0.0,-1.0,-8.664813970331743,42.36487179440983,6.0,43.5
2023_17_LV_IND,2023,17,202317,spread,home,0.4816414686825054,-110.0,0.5238095238095238,loss,0.0,-1.0,2.092822908393699,42.92283917668035,-3.5,42.5
2023_17_LV_IND,2023,17,202317,spread,away,0.5183585313174945,-110.0,0.5238095238095238,win,1.0,0.9090909090909091,2.092822908393699,42.92283917668035,-3.5,42.5
2023_17_LV_IND,2023,17,202317,total,over,0.4406047516198704,-115.0,0.5348837209302325,win,1.0,0.8695652173913043,2.092822908393699,42.92283917668035,-3.5,42.5
2023_17_LV_IND,2023,17,202317,total,under,0.5593952483801297,-105.0,0.5121951219512195,loss,0.0,-1.0,2.092822908393699,42.92283917668035,-3.5,42.5
2023_17_MIA_BAL,2023,17,202317,spread,home,0.4427645788336933,-120.0,0.5454545454545454,win,1.0,0.8333333333333334,0.8126391941900959,46.71016470691563,-3.0,47.0
2023_17_MIA_BAL,2023,17,202317,spread,away,0.5572354211663066,100.0,0.5,loss,0.0,-1.0,0.8126391941900959,46.71016470691563,-3.0,47.0
2023_17_MIA_BAL,2023,17,202317,total,over,0.4103671706263499,-112.0,0.5283018867924528,win,1.0,0.8928571428571429,0.8126391941900959,46.71016470691563,-3.0,47.0
2023_17_MIA_BAL,2023,17,202317,total,under,0.5896328293736501,-108.0,0.5192307692307693,loss,0.0,-1.0,0.8126391941900959,46.71016470691563,-3.0,47.0
2023_17_NE_BUF,2023,17,202317,spread,home,0.4017278617710583,-110.0,0.5238095238095238,loss,0.0,-1.0,11.6924407169334,41.6914551576064,-15.0,40.0
2023_17_NE_BUF,2023,17,202317,spread,away,0.5982721382289418,-110.0,0.5238095238095238,win,1.0,0.9090909090909091,11.6924407169334,41.6914551576064,-15.0,40.0
2023_17_NE_BUF,2023,17,202317,total,over,0.4773218142548596,-112.0,0.5283018867924528,win,1.0,0.8928571428571429,11.6924407169334,41.6914551576064,-15.0,40.0
2023_17_NE_BUF,2023,17,202317,total,under,0.5226781857451404,-108.0,0.5192307692307693,loss,0.0,-1.0,11.6924407169334,41.6914551576064,-15.0,40.0
2023_17_NO_TB,2023,17,202317,spread,home,0.38444924406047515,-120.0,0.5454545454545454,loss,0.0,-1.0,-1.524325776001908,45.99086150869351,-2.5,42.5
2023_17_NO_TB,2023,17,202317,spread,away,0.6155507559395248,100.0,0.5,win,1.0,1.0,-1.524325776001908,45.99086150869351,-2.5,42.5
2023_17_NO_TB,2023,17,202317,total,over,0.5269978401727862,-108.0,0.5192307692307693,loss,0.0,-1.0,-1.524325776001908,45.99086150869351,-2.5,42.5
2023_17_NO_TB,2023,17,202317,total,under,0.47300215982721383,-112.0,0.5283018867924528,win,1.0,0.8928571428571429,-1.524325776001908,45.99086150869351,-2.5,42.5
2023_17_NYJ_CLE,2023,17,202317,spread,home,0.5615550755939525,-115.0,0.5348837209302325,win,1.0,0.8695652173913043,7.3213766832991665,35.2942766658481,-6.5,33.5
2023_17_NYJ_CLE,2023,17,202317,spread,away,0.43844492440604754,-105.0,0.5121951219512195,loss,0.0,-1.0,7.3213766832991665,35.2942766658481,-6.5,33.5
2023_17_NYJ_CLE,2023,17,202317,total,over,0.4794816414686825,-110.0,0.5238095238095238,win,1.0,0.9090909090909091,7.3213766832991665,35.2942766658481,-6.5,33.5
2023_17_NYJ_CLE,2023,17,202317,total,under,0.5205183585313176,-110.0,0.5238095238095238,loss,0.0,-1.0,7.3213766832991665,35.2942766658481,-6.5,33.5
2023_17_PIT_SEA,2023,17,202317,spread,home,0.408207343412527,-110.0,0.5238095238095238,loss,0.0,-1.0,1.3640102773501366,43.52839488413364,-4.5,40.5
2023_17_PIT_SEA,2023,17,202317,spread,away,0.5917926565874729,-110.0,0.5238095238095238,win,1.0,0.9090909090909091,1.3640102773501366,43.52839488413364,-4.5,40.5
2023_17_PIT_SEA,2023,17,202317,total,over,0.5205183585313174,-112.0,0.5283018867924528,win,1.0,0.8928571428571429,1.3640102773501366,43.52839488413364,-4.5,40.5
2023_17_PIT_SEA,2023,17,202317,total,under,0.47948164146868255,-108.0,0.5192307692307693,loss,0.0,-1.0,1.3640102773501366,43.52839488413364,-4.5,40.5
2023_17_SF_WAS,2023,17,202317,spread,home,0.6090712742980562,-105.0,0.5121951219512195,loss,0.0,-1.0,-11.959278427539251,45.85793120277147,14.0,49.0
2023_17_SF_WAS,2023,17,202317,spread,away,0.3909287257019438,-115.0,0.5348837209302325,win,1.0,0.8695652173913043,-11.959278427539251,45.85793120277147,14.0,49.0
2023_17_SF_WAS,2023,17,202317,total,over,0.3326133909287257,-108.0,0.5192307692307693,loss,0.0,-1.0,-11.959278427539251,45.85793120277147,14.0,49.0
2023_17_SF_WAS,2023,17,202317,total,under,0.6673866090712743,-112.0,0.5283018867924528,win,1.0,0.8928571428571429,-11.959278427539251,45.85793120277147,14.0,49.0
2023_17_TEN_HOU,2023,17,202317,spread,home,0.3174946004319654,-115.0,0.5348837209302325,win,1.0,0.8695652173913043,-0.8520670767844558,47.214621276613606,-5.0,44.0
2023_17_TEN_HOU,2023,17,202317,spread,away,0.6825053995680346,-105.0,0.5121951219512195,loss,0.0,-1.0,-0.8520670767844558,47.214621276613606,-5.0,44.0
2023_17_TEN_HOU,2023,17,202317,total,over,0.5226781857451404,-112.0,0.5283018867924528,loss,0.0,-1.0,-0.8520670767844558,47.214621276613606,-5.0,44.0
2023_17_TEN_HOU,2023,17,202317,total,under,0.47732181425485964,-108.0,0.5192307692307693,win,1.0,0.9259259259259259,-0.8520670767844558,47.214621276613606,-5.0,44.0
2023_18_ATL_NO,2023,18,202318,spread,home,0.5219206680584552,102.0,0.49504950495049505,win,1.0,1.02,3.096293427993868,42.96504955265704,-3.5,41.5
2023_18_ATL_NO,2023,18,202318,spread,away,0.47807933194154484,-122.0,0.5495495495495496,loss,0.0,-1.0,3.096293427993868,42.96504955265704,-3.5,41.5
2023_18_ATL_NO,2023,18,202318,total,over,0.4697286012526096,-112.0,0.5283018867924528,win,1.0,0.8928571428571429,3.096293427993868,42.96504955265704,-3.5,41.5
2023_18_ATL_NO,2023,18,202318,total,under,0.5302713987473904,-108.0,0.5192307692307693,loss,0.0,-1.0,3.096293427993868,42.96504955265704,-3.5,41.5
2023_18_BUF_MIA,2023,18,202318,spread,home,0.5782881002087683,105.0,0.4878048780487805,loss,0.0,-1.0,-1.3723872727248183,46.42550696870001,2.5,47.5
2023_18_BUF_MIA,2023,18,202318,spread,away,0.4217118997912317,-125.0,0.5555555555555556,win,1.0,0.8,-1.3723872727248183,46.42550696870001,2.5,47.5
2023_18_BUF_MIA,2023,18,202318,total,over,0.3883089770354906,-110.0,0.5238095238095238,loss,0.0,-1.0,-1.3723872727248183,46.42550696870001,2.5,47.5
2023_18_BUF_MIA,2023,18,202318,total,under,0.6116910229645094,-110.0,0.5238095238095238,win,1.0,0.9090909090909091,-1.3723872727248183,46.42550696870001,2.5,47.5
2023_18_CHI_GB,2023,18,202318,spread,home,0.6638830897703549,-118.0,0.5412844036697247,win,1.0,0.847457627118644,5.968856024647931,44.75225005073681,-2.5,45.5
2023_18_CHI_GB,2023,18,202318,spread,away,0.33611691022964507,-102.0,0.504950495049505,loss,0.0,-1.0,5.968856024647931,44.75225005073681,-2.5,45.5
2023_18_CHI_GB,2023,18,202318,total,over,0.3945720250521921,-112.0,0.5283018867924528,loss,0.0,-1.0,5.968856024647931,44.75225005073681,-2.5,45.5
2023_18_CHI_GB,2023,18,202318,total,under,0.605427974947808,-108.0,0.5192307692307693,win,1.0,0.9259259259259259,5.968856024647931,44.75225005073681,-2.5,45.5
2023_18_CLE_CIN,2023,18,202318,spread,home,0.24843423799582465,-105.0,0.5121951219512195,win,1.0,0.9523809523809523,-0.8478943386979818,41.66458265190561,-7.5,37.0
2023_18_CLE_CIN,2023,18,202318,spread,away,0.7515657620041754,-115.0,0.5348837209302325,loss,0.0,-1.0,-0.8478943386979818,41.66458265190561,-7.5,37.0
2023_18_CLE_CIN,2023,18,202318,total,over,0.5845511482254697,-108.0,0.5192307692307693,win,1.0,0.9259259259259259,-0.8478943386979818,41.66458265190561,-7.5,37.0
2023_18_CLE_CIN,2023,18,202318,total,under,0.4154488517745303,-112.0,0.5283018867924528,loss,0.0,-1.0,-0.8478943386979818,41.66458265190561,-7.5,37.0
2023_18_DAL_WAS,2023,18,202318,spread,home,0.6722338204592901,-105.0,0.5121951219512195,loss,0.0,-1.0,-9.271139496538645,41.84890981989594,13.0,47.5
2023_18_DAL_WAS,2023,18,202318,spread,away,0.32776617954070986,-115.0,0.5348837209302325,win,1.0,0.8695652173913043,-9.271139496538645,41.84890981989594,13.0,47.5
2023_18_DAL_WAS,2023,18,202318,total,over,0.2818371607515658,-110.0,0.5238095238095238,win,1.0,0.9090909090909091,-9.271139496538645,41.84890981989594,13.0,47.5
2023_18_DAL_WAS,2023,18,202318,total,under,0.7181628392484343,-110.0,0.5238095238095238,loss,0.0,-1.0,-9.271139496538645,41.84890981989594,13.0,47.5
2023_18_DEN_LV,2023,18,202318,spread,home,0.5073068893528184,-102.0,0.504950495049505,win,1.0,0.9803921568627451,2.694802148666541,45.99777214960609,-3.5,37.5
2023_18_DEN_LV,2023,18,202318,spread,away,0.4926931106471816,-118.0,0.5412844036697247,loss,0.0,-1.0,2.694802148666541,45.99777214960609,-3.5,37.5
2023_18_DEN_LV,2023,18,202318,total,over,0.7035490605427975,-105.0,0.5121951219512195,win,1.0,0.9523809523809523,2.694802148666541,45.99777214960609,-3.5,37.5
2023_18_DEN_LV,2023,18,202318,total,under,0.29645093945720247,-115.0,0.5348837209302325,loss,0.0,-1.0,2.694802148666541,45.99777214960609,-3.5,37.5
2023_18_HOU_IND,2023,18,202318,spread,home,0.6367432150313153,-110.0,0.5238095238095238,loss,0.0,-1.0,1.1363104825611563,46.972033018647615,1.5,47.5
2023_18_HOU_IND,2023,18,202318,spread,away,0.36325678496868474,-110.0,0.5238095238095238,win,1.0,0.9090909090909091,1.1363104825611563,46.972033018647615,1.5,47.5
2023_18_HOU_IND,2023,18,202318,total,over,0.40083507306889354,-112.0,0.5283018867924528,loss,0.0,-1.0,1.1363104825611563,46.972033018647615,1.5,47.5
2023_18_HOU_IND,2023,18,202318,total,under,0.5991649269311065,-108.0,0.5192307692307693,win,1.0,0.9259259259259259,1.1363104825611563,46.972033018647615,1.5,47.5
2023_18_JAX_TEN,2023,18,202318,spread,home,0.6033402922755741,-118.0,0.5412844036697247,win,1.0,0.847457627118644,-1.6656109988804255,39.68718567448605,3.5,41.5
2023_18_JAX_TEN,2023,18,202318,spread,away,0.39665970772442594,-102.0,0.504950495049505,loss,0.0,-1.0,-1.6656109988804255,39.68718567448605,3.5,41.5
2023_18_JAX_TEN,2023,18,202318,total,over,0.36116910229645094,-108.0,0.5192307692307693,win,1.0,0.9259259259259259,-1.6656109988804255,39.68718567448605,3.5,41.5
2023_18_JAX_TEN,2023,18,202318,total,under,0.6388308977035491,-112.0,0.5283018867924528,loss,0.0,-1.0,-1.6656109988804255,39.68718567448605,3.5,41.5
2023_18_KC_LAC,2023,18,202318,spread,home,0.15866388308977036,-105.0,0.5121951219512195,loss,0.0,-1.0,-8.886438573633242,41.43251635760564,-3.5,35.0
2023_18_KC_LAC,2023,18,202318,spread,away,0.8413361169102296,-115.0,0.5348837209302325,win,1.0,0.8695652173913043,-8.886438573633242,41.43251635760564,-3.5,35.0
2023_18_KC_LAC,2023,18,202318,total,over,0.6346555323590815,-115.0,0.5348837209302325,loss,0.0,-1.0,-8.886438573633242,41.43251635760564,-3.5,35.0
2023_18_KC_LAC,2023,18,202318,total,under,0.36534446764091855,-108.0,0.5192307692307693,win,1.0,0.9259259259259259,-8.886438573633242,41.43251635760564,-3.5,35.0
2023_18_LA_SF,2023,18,202318,spread,home,0.6263048016701461,-112.0,0.5283018867924528,loss,0.0,-1.0,7.885613795162746,42.112299456436816,-5.5,40.0
2023_18_LA_SF,2023,18,202318,spread,away,0.3736951983298539,-108.0,0.5192307692307693,win,1.0,0.9259259259259259,7.885613795162746,42.112299456436816,-5.5,40.0
2023_18_LA_SF,2023,18,202318,total,over,0.48851774530271397,-112.0,0.5283018867924528,win,1.0,0.8928571428571429,7.885613795162746,42.112299456436816,-5.5,40.0
2023_18_LA_SF,2023,18,202318,total,under,0.511482254697286,-108.0,0.5192307692307693,loss,0.0,-1.0,7.885613795162746,42.112299456436816,-5.5,40.0
2023_18_MIN_DET,2023,18,202318,spread,home,0.6722338204592901,-118.0,0.5412844036697247,win,1.0,0.847457627118644,7.362405438113864,50.59682331661117,-3.5,47.5
2023_18_MIN_DET,2023,18,202318,spread,away,0.32776617954070986,-102.0,0.504950495049505,loss,0.0,-1.0,7.362405438113864,50.59682331661117,-3.5,47.5
2023_18_MIN_DET,2023,18,202318,total,over,0.5219206680584552,-110.0,0.5238095238095238,win,1.0,0.9090909090909091,7.362405438113864,50.59682331661117,-3.5,47.5
2023_18_MIN_DET,2023,18,202318,total,under,0.47807933194154484,-110.0,0.5238095238095238,loss,0.0,-1.0,7.362405438113864,50.59682331661117,-3.5,47.5
2023_18_NYJ_NE,2023,18,202318,spread,home,0.534446764091858,-108.0,0.5192307692307693,loss,0.0,-1.0,2.53210173525207,33.04690848183994,-2.5,28.5
2023_18_NYJ_NE,2023,18,202318,spread,away,0.465553235908142,-112.0,0.5283018867924528,win,1.0,0.8928571428571429,2.53210173525207,33.04690848183994,-2.5,28.5
2023_18_NYJ_NE,2023,18,202318,total,over,0.5824634655532359,-110.0,0.5238095238095238,loss,0.0,-1.0,2.53210173525207,33.04690848183994,-2.5,28.5
2023_18_NYJ_NE,2023,18,202318,total,under,0.4175365344467641,-110.0,0.5238095238095238,win,1.0,0.9090909090909091,2.53210173525207,33.04690848183994,-2.5,28.5
2023_18_PHI_NYG,2023,18,202318,spread,home,0.33611691022964507,-108.0,0.5192307692307693,win,1.0,0.9259259259259259,-9.817020918832888,42.35673614109634,4.5,43.0
2023_18_PHI_NYG,2023,18,202318,spread,away,0.6638830897703549,-112.0,0.5283018867924528,loss,0.0,-1.0,-9.817020918832888,42.35673614109634,4.5,43.0
2023_18_PHI_NYG,2023,18,202318,total,over,0.3966597077244259,-115.0,0.5348837209302325,loss,0.0,-1.0,-9.817020918832888,42.35673614109634,4.5,43.0
2023_18_PHI_NYG,2023,18,202318,total,under,0.6033402922755742,-105.0,0.5121951219512195,win,1.0,0.9523809523809523,-9.817020918832888,42.35673614109634,4.5,43.0
2023_18_PIT_BAL,2023,18,202318,spread,home,0.8538622129436325,-115.0,0.5348837209302325,loss,0.0,-1.0,8.802024875581154,43.21091975414862,3.0,34.0
2023_18_PIT_BAL,2023,18,202318,spread,away,0.14613778705636749,-105.0,0.5121951219512195,win,1.0,0.9523809523809523,8.802024875581154,43.21091975414862,3.0,34.0
2023_18_PIT_BAL,2023,18,202318,total,over,0.7202505219206681,-110.0,0.5238095238095238,loss,0.0,-1.0,8.802024875581154,43.21091975414862,3.0,34.0
2023_18_PIT_BAL,2023,18,202318,total,under,0.2797494780793319,-110.0,0.5238095238095238,win,1.0,0.9090909090909091,8.802024875581154,43.21091975414862,3.0,34.0
2023_18_SEA_ARI,2023,18,202318,spread,home,0.5052192066805845,102.0,0.49504950495049505,win,1.0,1.02,-3.3710353554813715,49.42713841312843,2.5,48.0
2023_18_SEA_ARI,2023,18,202318,spread,away,0.4947807933194155,-122.0,0.5495495495495496,loss,0.0,-1.0,-3.3710353554813715,49.42713841312843,2.5,48.0
2023_18_SEA_ARI,2023,18,202318,total,over,0.46764091858037576,-110.0,0.5238095238095238,loss,0.0,-1.0,-3.3710353554813715,49.42713841312843,2.5,48.0
2023_18_SEA_ARI,2023,18,202318,total,under,0.5323590814196242,-110.0,0.5238095238095238,win,1.0,0.9090909090909091,-3.3710353554813715,49.42713841312843,2.5,48.0
2023_18_TB_CAR,2023,18,202318,spread,home,0.5991649269311065,-115.0,0.5348837209302325,loss,0.0,-1.0,-3.2795859979454933,38.10725106426075,5.0,36.5
2023_18_TB_CAR,2023,18,202318,spread,away,0.40083507306889354,-105.0,0.5121951219512195,win,1.0,0.9523809523809523,-3.2795859979454933,38.10725106426075,5.0,36.5
2023_18_TB_CAR,2023,18,202318,total,over,0.4780793319415449,-110.0,0.5238095238095238,loss,0.0,-1.0,-3.2795859979454933,38.10725106426075,5.0,36.5
2023_18_TB_CAR,2023,18,202318,total,under,0.5219206680584552,-110.0,0.5238095238095238,win,1.0,0.9090909090909091,-3.2795859979454933,38.10725106426075,5.0,36.5
2024_01_ARI_BUF,2024,1,202401,spread,home,0.7090909090909091,-115.0,0.5348837209302325,loss,0.0,-1.0,11.66700077577864,44.560974976670096,-6.5,46.0
2024_01_ARI_BUF,2024,1,202401,spread,away,0.2909090909090909,-105.0,0.5121951219512195,win,1.0,0.9523809523809523,11.66700077577864,44.560974976670096,-6.5,46.0
2024_01_ARI_BUF,2024,1,202401,total,over,0.3717171717171717,-108.0,0.5192307692307693,win,1.0,0.9259259259259259,11.66700077577864,44.560974976670096,-6.5,46.0
2024_01_ARI_BUF,2024,1,202401,total,under,0.6282828282828283,-112.0,0.5283018867924528,loss,0.0,-1.0,11.66700077577864,44.560974976670096,-6.5,46.0
2024_01_BAL_KC,2024,1,202401,spread,home,0.32727272727272727,-102.0,0.504950495049505,win,1.0,0.9803921568627451,-2.687854475144153,44.352481936524775,-3.0,46.0
2024_01_BAL_KC,2024,1,202401,spread,away,0.6727272727272727,-118.0,0.5412844036697247,loss,0.0,-1.0,-2.687854475144153,44.352481936524775,-3.0,46.0
2024_01_BAL_KC,2024,1,202401,total,over,0.36363636363636365,-110.0,0.5238095238095238,win,1.0,0.9090909090909091,-2.687854475144153,44.352481936524775,-3.0,46.0
2024_01_BAL_KC,2024,1,202401,total,under,0.6363636363636364,-110.0,0.5238095238095238,loss,0.0,-1.0,-2.687854475144153,44.352481936524775,-3.0,46.0
2024_01_CAR_NO,2024,1,202401,spread,home,0.7616161616161616,-112.0,0.5283018867924528,win,1.0,0.8928571428571429,10.754715094049285,42.93401057295917,-3.5,41.5
2024_01_CAR_NO,2024,1,202401,spread,away,0.23838383838383836,-108.0,0.5192307692307693,loss,0.0,-1.0,10.754715094049285,42.93401057295917,-3.5,41.5
2024_01_CAR_NO,2024,1,202401,total,over,0.46464646464646464,-108.0,0.5192307692307693,win,1.0,0.9259259259259259,10.754715094049285,42.93401057295917,-3.5,41.5
2024_01_CAR_NO,2024,1,202401,total,under,0.5353535353535354,-112.0,0.5283018867924528,loss,0.0,-1.0,10.754715094049285,42.93401057295917,-3.5,41.5
2024_01_DAL_CLE,2024,1,202401,spread,home,0.2404040404040404,-108.0,0.5192307692307693,loss,0.0,-1.0,-6.147054655478728,42.7431628713518,-2.5,42.0
2024_01_DAL_CLE,2024,1,202401,spread,away,0.7595959595959596,-112.0,0.5283018867924528,win,1.0,0.8928571428571429,-6.147054655478728,42.7431628713518,-2.5,42.0
2024_01_DAL_CLE,2024,1,202401,total,over,0.4444444444444444,-112.0,0.5283018867924528,win,1.0,0.8928571428571429,-6.147054655478728,42.7431628713518,-2.5,42.0
2024_01_DAL_CLE,2024,1,202401,total,under,0.5555555555555556,-108.0,0.5192307692307693,loss,0.0,-1.0,-6.147054655478728,42.7431628713518,-2.5,42.0
2024_01_GB_PHI,2024,1,202401,spread,home,0.3939393939393939,-110.0,0.5238095238095238,win,1.0,0.9090909090909091,-1.8126029348339172,51.49708879715176,-2.0,49.5
2024_01_GB_PHI,2024,1,202401,spread,away,0.6060606060606061,-110.0,0.5238095238095238,loss,0.0,-1.0,-1.8126029348339172,51.49708879715176,-2.0,49.5
2024_01_GB_PHI,2024,1,202401,total,over,0.47878787878787876,-108.0,0.5192307692307693,win,1.0,0.9259259259259259,-1.8126029348339172,51.49708879715176,-2.0,49.5
2024_01_GB_PHI,2024,1,202401,total,under,0.5212121212121212,-112.0,0.5283018867924528,loss,0.0,-1.0,-1.8126029348339172,51.49708879715176,-2.0,49.5
2024_01_HOU_IND,2024,1,202401,spread,home,0.6606060606060606,-112.0,0.5283018867924528,win,1.0,0.8928571428571429,0.4657128498746401,47.756739629774906,3.0,49.0
2024_01_HOU_IND,2024,1,202401,spread,away,0.33939393939393936,-108.0,0.5192307692307693,loss,0.0,-1.0,0.4657128498746401,47.756739629774906,3.0,49.0
2024_01_HOU_IND,2024,1,202401,total,over,0.37777777777777777,-108.0,0.5192307692307693,win,1.0,0.9259259259259259,0.4657128498746401,47.756739629774906,3.0,49.0
2024_01_HOU_IND,2024,1,202401,total,under,0.6222222222222222,-112.0,0.5283018867924528,loss,0.0,-1.0,0.4657128498746401,47.756739629774906,3.0,49.0
2024_01_JAX_MIA,2024,1,202401,spread,home,0.5676767676767677,-110.0,0.5238095238095238,loss,0.0,-1.0,4.388189967270453,46.22330813429534,-3.5,49.5
2024_01_JAX_MIA,2024,1,202401,spread,away,0.43232323232323233,-110.0,0.5238095238095238,win,1.0,0.9090909090909091,4.388189967270453,46.22330813429534,-3.5,49.5
2024_01_JAX_MIA,2024,1,202401,total,over,0.3333333333333333,-108.0,0.5192307692307693,loss,0.0,-1.0,4.388189967270453,46.22330813429534,-3.5,49.5
2024_01_JAX_MIA,2024,1,202401,total,under,0.6666666666666667,-112.0,0.5283018867924528,win,1.0,0.8928571428571429,4.388189967270453,46.22330813429534,-3.5,49.5
2024_01_LA_DET,2024,1,202401,spread,home,0.49292929292929294,-112.0,0.5283018867924528,win,1.0,0.8928571428571429,3.968803419889789,52.88700256623159,-5.0,54.0
2024_01_LA_DET,2024,1,202401,spread,away,0.507070707070707,-108.0,0.5192307692307693,loss,0.0,-1.0,3.968803419889789,52.88700256623159,-5.0,54.0
2024_01_LA_DET,2024,1,202401,total,over,0.3797979797979798,-108.0,0.5192307692307693,loss,0.0,-1.0,3.968803419889789,52.88700256623159,-5.0,54.0
2024_01_LA_DET,2024,1,202401,total,under,0.6202020202020202,-112.0,0.5283018867924528,win,1.0,0.8928571428571429,3.968803419889789,52.88700256623159,-5.0,54.0
2024_01_LV_LAC,2024,1,202401,spread,home,0.402020202020202,-102.0,0.504950495049505,win,1.0,0.9803921568627451,-0.2956870783496155,43.32025251695079,-3.0,41.0
2024_01_LV_LAC,2024,1,202401,spread,away,0.5979797979797981,-118.0,0.5412844036697247,loss,0.0,-1.0,-0.2956870783496155,43.32025251695079,-3.0,41.0
2024_01_LV_LAC,2024,1,202401,total,over,0.4888888888888889,-112.0,0.5283018867924528,loss,0.0,-1.0,-0.2956870783496155,43.32025251695079,-3.0,41.0
2024_01_LV_LAC,2024,1,202401,total,under,0.5111111111111111,-108.0,0.5192307692307693,win,1.0,0.9259259259259259,-0.2956870783496155,43.32025251695079,-3.0,41.0
2024_01_MIN_NYG,2024,1,202401,spread,home,0.5757575757575758,-112.0,0.5283018867924528,loss,0.0,-1.0,0.0336693183271077,40.65238627344445,1.0,42.5
2024_01_MIN_NYG,2024,1,202401,spread,away,0.4242424242424242,-108.0,0.5192307692307693,win,1.0,0.9259259259259259,0.0336693183271077,40.65238627344445,1.0,42.5
2024_01_MIN_NYG,2024,1,202401,total,over,0.35555555555555557,-112.0,0.5283018867924528,loss,0.0,-1.0,0.0336693183271077,40.65238627344445,1.0,42.5
2024_01_MIN_NYG,2024,1,202401,total,under,0.6444444444444444,-108.0,0.5192307692307693,win,1.0,0.9259259259259259,0.0336693183271077,40.65238627344445,1.0,42.5
2024_01_NE_CIN,2024,1,202401,spread,home,0.509090909090909,-110.0,0.5238095238095238,loss,0.0,-1.0,7.1950708444791225,43.39516434125785,-8.0,40.5
2024_01_NE_CIN,2024,1,202401,spread,away,0.49090909090909096,-110.0,0.5238095238095238,win,1.0,0.9090909090909091,7.1950708444791225,43.39516434125785,-8.0,40.5
2024_01_NE_CIN,2024,1,202401,total,over,0.5070707070707071,-108.0,0.5192307692307693,loss,0.0,-1.0,7.1950708444791225,43.39516434125785,-8.0,40.5
2024_01_NE_CIN,2024,1,202401,total,under,0.4929292929292929,-112.0,0.5283018867924528,win,1.0,0.8928571428571429,7.1950708444791225,43.39516434125785,-8.0,40.5
2024_01_NYJ_SF,2024,1,202401,spread,home,0.8303030303030303,-105.0,0.5121951219512195,win,1.0,0.9523809523809523,14.040476592827222,45.84932295302006,-3.5,43.0
2024_01_NYJ_SF,2024,1,202401,spread,away,0.16969696969696968,-115.0,0.5348837209302325,loss,0.0,-1.0,14.040476592827222,45.84932295302006,-3.5,43.0
2024_01_NYJ_SF,2024,1,202401,total,over,0.5050505050505051,-112.0,0.5283018867924528,win,1.0,0.8928571428571429,14.040476592827222,45.84932295302006,-3.5,43.0
2024_01_NYJ_SF,2024,1,202401,total,under,0.4949494949494949,-108.0,0.5192307692307693,loss,0.0,-1.0,14.040476592827222,45.84932295302006,-3.5,43.0
2024_01_PIT_ATL,2024,1,202401,spread,home,0.3898989898989899,-110.0,0.5238095238095238,loss,0.0,-1.0,0.1382250244063039,45.225711979418975,-4.0,43.0
2024_01_PIT_ATL,2024,1,202401,spread,away,0.61010101010101,-110.0,0.5238095238095238,win,1.0,0.9090909090909091,0.1382250244063039,45.225711979418975,-4.0,43.0
2024_01_PIT_ATL,2024,1,202401,total,over,0.4868686868686869,-105.0,0.5121951219512195,loss,0.0,-1.0,0.1382250244063039,45.225711979418975,-4.0,43.0
2024_01_PIT_ATL,2024,1,202401,total,under,0.5131313131313131,-115.0,0.5348837209302325,win,1.0,0.8695652173913043,0.1382250244063039,45.225711979418975,-4.0,43.0
2024_02_ATL_PHI,2024,2,202402,spread,home,0.4507874015748031,-115.0,0.5348837209302325,loss,0.0,-1.0,3.4237668273629374,47.53478723955456,-5.5,46.5
2024_02_ATL_PHI,2024,2,202402,spread,away,0.5492125984251969,-105.0,0.5121951219512195,win,1.0,0.9523809523809523,3.4237668273629374,47.53478723955456,-5.5,46.5
2024_02_ATL_PHI,2024,2,202402,total,over,0.4566929133858268,-110.0,0.5238095238095238,loss,0.0,-1.0,3.4237668273629374,47.53478723955456,-5.5,46.5
2024_02_ATL_PHI,2024,2,202402,total,under,0.5433070866141732,-110.0,0.5238095238095238,win,1.0,0.9090909090909091,3.4237668273629374,47.53478723955456,-5.5,46.5
2024_02_BUF_MIA,2024,2,202402,spread,home,0.32677165354330706,-110.0,0.5238095238095238,loss,0.0,-1.0,-3.2808098200704934,46.71783607004372,-2.5,48.5
2024_02_BUF_MIA,2024,2,202402,spread,away,0.6732283464566929,-110.0,0.5238095238095238,win,1.0,0.9090909090909091,-3.2808098200704934,46.71783607004372,-2.5,48.5
2024_02_BUF_MIA,2024,2,202402,total,over,0.3641732283464567,-115.0,0.5348837209302325,loss,0.0,-1.0,-3.2808098200704934,46.71783607004372,-2.5,48.5
2024_02_BUF_MIA,2024,2,202402,total,under,0.6358267716535433,-105.0,0.5121951219512195,win,1.0,0.9523809523809523,-3.2808098200704934,46.71783607004372,-2.5,48.5
2024_02_CIN_KC,2024,2,202402,spread,home,0.3956692913385827,-115.0,0.5348837209302325,loss,0.0,-1.0,3.060389633646288,44.4476269064559,-6.5,47.5
2024_02_CIN_KC,2024,2,202402,spread,away,0.6043307086614174,-105.0,0.5121951219512195,win,1.0,0.9523809523809523,3.060389633646288,44.4476269064559,-6.5,47.5
2024_02_CIN_KC,2024,2,202402,total,over,0.33858267716535434,-112.0,0.5283018867924528,win,1.0,0.8928571428571429,3.060389633646288,44.4476269064559,-6.5,47.5
2024_02_CIN_KC,2024,2,202402,total,under,0.6614173228346456,-108.0,0.5192307692307693,loss,0.0,-1.0,3.060389633646288,44.4476269064559,-6.5,47.5
2024_02_CLE_JAX,2024,2,202402,spread,home,0.47834645669291337,-120.0,0.5454545454545454,loss,0.0,-1.0,1.4584266059089712,41.70890186693655,-3.0,41.5
2024_02_CLE_JAX,2024,2,202402,spread,away,0.5216535433070866,100.0,0.5,win,1.0,1.0,1.4584266059089712,41.70890186693655,-3.0,41.5
2024_02_CLE_JAX,2024,2,202402,total,over,0.4330708661417323,-112.0,0.5283018867924528,loss,0.0,-1.0,1.4584266059089712,41.70890186693655,-3.0,41.5
2024_02_CLE_JAX,2024,2,202402,total,under,0.5669291338582677,-108.0,0.5192307692307693,win,1.0,0.9259259259259259,1.4584266059089712,41.70890186693655,-3.0,41.5
2024_02_IND_GB,2024,2,202402,spread,home,0.7598425196850394,-118.0,0.5412844036697247,win,1.0,0.847457627118644,4.18914789271124,37.7353492457542,3.0,41.5
2024_02_IND_GB,2024,2,202402,spread,away,0.24015748031496065,-102.0,0.504950495049505,loss,0.0,-1.0,4.18914789271124,37.7353492457542,3.0,41.5
2024_02_IND_GB,2024,2,202402,total,over,0.32086614173228345,-110.0,0.5238095238095238,loss,0.0,-1.0,4.18914789271124,37.7353492457542,3.0,41.5
2024_02_IND_GB,2024,2,202402,total,under,0.6791338582677166,-110.0,0.5238095238095238,win,1.0,0.9090909090909091,4.18914789271124,37.7353492457542,3.0,41.5
2024_02_LAC_CAR,2024,2,202402,spread,home,0.5275590551181102,-110.0,0.5238095238095238,loss,0.0,-1.0,-5.127695851633806,36.31956323148178,5.0,39.0
2024_02_LAC_CAR,2024,2,202402,spread,away,0.4724409448818898,-110.0,0.5238095238095238,win,1.0,0.9090909090909091,-5.127695851633806,36.31956323148178,5.0,39.0
2024_02_LAC_CAR,2024,2,202402,total,over,0.3425196850393701,-108.0,0.5192307692307693,loss,0.0,-1.0,-5.127695851633806,36.31956323148178,5.0,39.0
2024_02_LAC_CAR,2024,2,202402,total,under,0.6574803149606299,-112.0,0.5283018867924528,win,1.0,0.8928571428571429,-5.127695851633806,36.31956323148178,5.0,39.0
2024_02_LA_ARI,2024,2,202402,spread,home,0.37401574803149606,-115.0,0.5348837209302325,win,1.0,0.8695652173913043,-5.3519533456110455,50.38080472388343,1.0,47.5
2024_02_LA_ARI,2024,2,202402,spread,away,0.6259842519685039,-105.0,0.5121951219512195,loss,0.0,-1.0,-5.3519533456110455,50.38080472388343,1.0,47.5
2024_02_LA_ARI,2024,2,202402,total,over,0.5078740157480315,-102.0,0.504950495049505,win,1.0,0.9803921568627451,-5.3519533456110455,50.38080472388343,1.0,47.5
2024_02_LA_ARI,2024,2,202402,total,under,0.4921259842519685,-118.0,0.5412844036697247,loss,0.0,-1.0,-5.3519533456110455,50.38080472388343,1.0,47.5
2024_02_LV_BAL,2024,2,202402,spread,home,0.5433070866141733,-108.0,0.5192307692307693,loss,0.0,-1.0,9.279212955208676,43.70180930584363,-9.0,41.0
2024_02_LV_BAL,2024,2,202402,spread,away,0.45669291338582674,-112.0,0.5283018867924528,win,1.0,0.8928571428571429,9.279212955208676,43.70180930584363,-9.0,41.0
2024_02_LV_BAL,2024,2,202402,total,over,0.4921259842519685,-112.0,0.5283018867924528,win,1.0,0.8928571428571429,9.279212955208676,43.70180930584363,-9.0,41.0
2024_02_LV_BAL,2024,2,202402,total,under,0.5078740157480315,-108.0,0.5192307692307693,loss,0.0,-1.0,9.279212955208676,43.70180930584363,-9.0,41.0
2024_02_NO_DAL,2024,2,202402,spread,home,0.4409448818897638,-108.0,0.5192307692307693,loss,0.0,-1.0,4.301315935624097,51.8729646361757,-6.5,47.0
2024_02_NO_DAL,2024,2,202402,spread,away,0.5590551181102362,-112.0,0.5283018867924528,win,1.0,0.8928571428571429,4.301315935624097,51.8729646361757,-6.5,47.0
2024_02_NO_DAL,2024,2,202402,total,over,0.5826771653543307,-112.0,0.5283018867924528,win,1.0,0.8928571428571429,4.301315935624097,51.8729646361757,-6.5,47.0
2024_02_NO_DAL,2024,2,202402,total,under,0.4173228346456693,-108.0,0.5192307692307693,loss,0.0,-1.0,4.301315935624097,51.8729646361757,-6.5,47.0
2024_02_NYJ_TEN,2024,2,202402,spread,home,0.6673228346456693,-108.0,0.5192307692307693,loss,0.0,-1.0,0.4731559124055376,41.36426886684358,3.5,41.5
2024_02_NYJ_TEN,2024,2,202402,spread,away,0.3326771653543307,-112.0,0.5283018867924528,win,1.0,0.8928571428571429,0.4731559124055376,41.36426886684358,3.5,41.5
2024_02_NYJ_TEN,2024,2,202402,total,over,0.41338582677165353,-108.0,0.5192307692307693,loss,0.0,-1.0,0.4731559124055376,41.36426886684358,3.5,41.5
2024_02_NYJ_TEN,2024,2,202402,total,under,0.5866141732283465,-112.0,0.5283018867924528,win,1.0,0.8928571428571429,0.4731559124055376,41.36426886684358,3.5,41.5
2024_02_SEA_NE,2024,2,202402,spread,home,0.6043307086614174,-118.0,0.5412844036697247,win,1.0,0.847457627118644,-1.4965441924611782,42.35836637156144,3.5,39.0
2024_02_SEA_NE,2024,2,202402,spread,away,0.39566929133858264,-102.0,0.504950495049505,loss,0.0,-1.0,-1.4965441924611782,42.35836637156144,3.5,39.0
2024_02_SEA_NE,2024,2,202402,total,over,0.5216535433070866,-110.0,0.5238095238095238,win,1.0,0.9090909090909091,-1.4965441924611782,42.35836637156144,3.5,39.0
2024_02_SEA_NE,2024,2,202402,total,under,0.4783464566929134,-110.0,0.5238095238095238,loss,0.0,-1.0,-1.4965441924611782,42.35836637156144,3.5,39.0
2024_02_SF_MIN,2024,2,202402,spread,home,0.42322834645669294,-108.0,0.5192307692307693,win,1.0,0.9259259259259259,-7.207003979844384,48.424544890868304,4.5,46.5
2024_02_SF_MIN,2024,2,202402,spread,away,0.5767716535433071,-112.0,0.5283018867924528,loss,0.0,-1.0,-7.207003979844384,48.424544890868304,4.5,46.5
2024_02_SF_MIN,2024,2,202402,total,over,0.48031496062992124,-112.0,0.5283018867924528,loss,0.0,-1.0,-7.207003979844384,48.424544890868304,4.5,46.5
2024_02_SF_MIN,2024,2,202402,total,under,0.5196850393700787,-108.0,0.5192307692307693,win,1.0,0.9259259259259259,-7.207003979844384,48.424544890868304,4.5,46.5
2024_02_TB_DET,2024,2,202402,spread,home,0.39960629921259844,-112.0,0.5283018867924528,loss,0.0,-1.0,4.184011614496348,51.92341702680575,-7.5,51.5
2024_02_TB_DET,2024,2,202402,spread,away,0.6003937007874016,-108.0,0.5192307692307693,win,1.0,0.9259259259259259,4.184011614496348,51.92341702680575,-7.5,51.5
2024_02_TB_DET,2024,2,202402,total,over,0.4389763779527559,-108.0,0.5192307692307693,loss,0.0,-1.0,4.184011614496348,51.92341702680575,-7.5,51.5
2024_02_TB_DET,2024,2,202402,total,under,0.5610236220472441,-112.0,0.5283018867924528,win,1.0,0.8928571428571429,4.184011614496348,51.92341702680575,-7.5,51.5
2024_03_BAL_DAL,2024,3,202403,spread,home,0.5604606525911708,-110.0,0.5238095238095238,loss,0.0,-1.0,-0.519365629621984,49.43807032895601,1.5,47.5
2024_03_BAL_DAL,2024,3,202403,spread,away,0.43953934740882916,-110.0,0.5238095238095238,win,1.0,0.9090909090909091,-0.519365629621984,49.43807032895601,1.5,47.5
2024_03_BAL_DAL,2024,3,202403,total,over,0.4798464491362764,-108.0,0.5192307692307693,win,1.0,0.9259259259259259,-0.519365629621984,49.43807032895601,1.5,47.5
2024_03_BAL_DAL,2024,3,202403,total,under,0.5201535508637236,-112.0,0.5283018867924528,loss,0.0,-1.0,-0.519365629621984,49.43807032895601,1.5,47.5
2024_03_CAR_LV,2024,3,202403,spread,home,0.5681381957773513,-110.0,0.5238095238095238,loss,0.0,-1.0,6.719038294526152,43.36531529501327,-5.5,40.0
2024_03_CAR_LV,2024,3,202403,spread,away,0.43186180422264875,-110.0,0.5238095238095238,win,1.0,0.9090909090909091,6.719038294526152,43.36531529501327,-5.5,40.0
2024_03_CAR_LV,2024,3,202403,total,over,0.5201535508637236,-112.0,0.5283018867924528,win,1.0,0.8928571428571429,6.719038294526152,43.36531529501327,-5.5,40.0
2024_03_CAR_LV,2024,3,202403,total,under,0.4798464491362764,-108.0,0.5192307692307693,loss,0.0,-1.0,6.719038294526152,43.36531529501327,-5.5,40.0
2024_03_CHI_IND,2024,3,202403,spread,home,0.45681381957773515,-112.0,0.5283018867924528,win,1.0,0.8928571428571429,-0.2615837660794637,37.91093916480984,-1.5,43.0
2024_03_CHI_IND,2024,3,202403,spread,away,0.5431861804222649,-108.0,0.5192307692307693,loss,0.0,-1.0,-0.2615837660794637,37.91093916480984,-1.5,43.0
2024_03_CHI_IND,2024,3,202403,total,over,0.29174664107485604,-115.0,0.5348837209302325,loss,0.0,-1.0,-0.2615837660794637,37.91093916480984,-1.5,43.0
2024_03_CHI_IND,2024,3,202403,total,under,0.708253358925144,-105.0,0.5121951219512195,win,1.0,0.9523809523809523,-0.2615837660794637,37.91093916480984,-1.5,43.0
2024_03_DEN_TB,2024,3,202403,spread,home,0.6641074856046065,-108.0,0.5192307692307693,loss,0.0,-1.0,10.203404838639631,40.761668926469824,-6.0,40.5
2024_03_DEN_TB,2024,3,202403,spread,away,0.33589251439539347,-112.0,0.5283018867924528,win,1.0,0.8928571428571429,10.203404838639631,40.761668926469824,-6.0,40.5
2024_03_DEN_TB,2024,3,202403,total,over,0.43378119001919385,-112.0,0.5283018867924528,loss,0.0,-1.0,10.203404838639631,40.761668926469824,-6.0,40.5
2024_03_DEN_TB,2024,3,202403,total,under,0.5662188099808061,-108.0,0.5192307692307693,win,1.0,0.9259259259259259,10.203404838639631,40.761668926469824,-6.0,40.5
2024_03_DET_ARI,2024,3,202403,spread,home,0.45297504798464494,-118.0,0.5412844036697247,loss,0.0,-1.0,-4.845581301976367,51.84340102128246,3.0,51.5
2024_03_DET_ARI,2024,3,202403,spread,away,0.5470249520153551,-102.0,0.504950495049505,win,1.0,0.9803921568627451,-4.845581301976367,51.84340102128246,3.0,51.5
2024_03_DET_ARI,2024,3,202403,total,over,0.43570057581573896,-108.0,0.5192307692307693,loss,0.0,-1.0,-4.845581301976367,51.84340102128246,3.0,51.5
2024_03_DET_ARI,2024,3,202403,total,under,0.564299424184261,-112.0,0.5283018867924528,win,1.0,0.8928571428571429,-4.845581301976367,51.84340102128246,3.0,51.5
2024_03_GB_TEN,2024,3,202403,spread,home,0.2744721689059501,-108.0,0.5192307692307693,loss,0.0,-1.0,-4.42469863201203,41.53411441165708,-3.0,37.0
2024_03_GB_TEN,2024,3,202403,spread,away,0.7255278310940498,-112.0,0.5283018867924528,win,1.0,0.8928571428571429,-4.42469863201203,41.53411441165708,-3.0,37.0
2024_03_GB_TEN,2024,3,202403,total,over,0.5719769673704415,-112.0,0.5283018867924528,win,1.0,0.8928571428571429,-4.42469863201203,41.53411441165708,-3.0,37.0
2024_03_GB_TEN,2024,3,202403,total,under,0.42802303262955854,-108.0,0.5192307692307693,loss,0.0,-1.0,-4.42469863201203,41.53411441165708,-3.0,37.0
2024_03_HOU_MIN,2024,3,202403,spread,home,0.6391554702495201,-108.0,0.5192307692307693,win,1.0,0.9259259259259259,0.9070326801778604,45.3412310582451,2.0,46.0
2024_03_HOU_MIN,2024,3,202403,spread,away,0.36084452975047987,-112.0,0.5283018867924528,loss,0.0,-1.0,0.9070326801778604,45.3412310582451,2.0,46.0
2024_03_HOU_MIN,2024,3,202403,total,over,0.3915547024952015,-112.0,0.5283018867924528,loss,0.0,-1.0,0.9070326801778604,45.3412310582451,2.0,46.0
2024_03_HOU_MIN,2024,3,202403,total,under,0.6084452975047985,-108.0,0.5192307692307693,win,1.0,0.9259259259259259,0.9070326801778604,45.3412310582451,2.0,46.0
2024_03_JAX_BUF,2024,3,202403,spread,home,0.727447216890595,-112.0,0.5283018867924528,win,1.0,0.8928571428571429,9.945054556598375,46.42842041218352,-4.0,46.5
2024_03_JAX_BUF,2024,3,202403,spread,away,0.272552783109405,-108.0,0.5192307692307693,loss,0.0,-1.0,9.945054556598375,46.42842041218352,-4.0,46.5
2024_03_JAX_BUF,2024,3,202403,total,over,0.4165067178502879,-110.0,0.5238095238095238,win,1.0,0.9090909090909091,9.945054556598375,46.42842041218352,-4.0,46.5
2024_03_JAX_BUF,2024,3,202403,total,under,0.5834932821497121,-110.0,0.5238095238095238,loss,0.0,-1.0,9.945054556598375,46.42842041218352,-4.0,46.5
2024_03_KC_ATL,2024,3,202403,spread,home,0.5911708253358925,-102.0,0.504950495049505,loss,0.0,-1.0,-1.2054738876714175,48.14685028308151,3.0,46.0
2024_03_KC_ATL,2024,3,202403,spread,away,0.4088291746641075,-118.0,0.5412844036697247,win,1.0,0.847457627118644,-1.2054738876714175,48.14685028308151,3.0,46.0
2024_03_KC_ATL,2024,3,202403,total,over,0.4856046065259117,-112.0,0.5283018867924528,loss,0.0,-1.0,-1.2054738876714175,48.14685028308151,3.0,46.0
2024_03_KC_ATL,2024,3,202403,total,under,0.5143953934740884,-108.0,0.5192307692307693,win,1.0,0.9259259259259259,-1.2054738876714175,48.14685028308151,3.0,46.0
2024_03_LAC_PIT,2024,3,202403,spread,home,0.43570057581573896,-102.0,0.504950495049505,win,1.0,0.9803921568627451,0.8405700282323152,40.44714081790163,-3.0,36.0
2024_03_LAC_PIT,2024,3,202403,spread,away,0.564299424184261,-118.0,0.5412844036697247,loss,0.0,-1.0,0.8405700282323152,40.44714081790163,-3.0,36.0
2024_03_LAC_PIT,2024,3,202403,total,over,0.5681381957773513,-105.0,0.5121951219512195,loss,0.0,-1.0,0.8405700282323152,40.44714081790163,-3.0,36.0
2024_03_LAC_PIT,2024,3,202403,total,under,0.43186180422264875,-115.0,0.5348837209302325,win,1.0,0.8695652173913043,0.8405700282323152,40.44714081790163,-3.0,36.0
2024_03_MIA_SEA,2024,3,202403,spread,home,0.4145873320537428,-110.0,0.5238095238095238,win,1.0,0.9090909090909091,1.2568043915966702,41.52342174112812,-4.0,41.5
2024_03_MIA_SEA,2024,3,202403,spread,away,0.5854126679462572,-110.0,0.5238095238095238,loss,0.0,-1.0,1.2568043915966702,41.52342174112812,-4.0,41.5
2024_03_MIA_SEA,2024,3,202403,total,over,0.42802303262955854,-110.0,0.5238095238095238,loss,0.0,-1.0,1.2568043915966702,41.52342174112812,-4.0,41.5
2024_03_MIA_SEA,2024,3,202403,total,under,0.5719769673704415,-110.0,0.5238095238095238,win,1.0,0.9090909090909091,1.2568043915966702,41.52342174112812,-4.0,41.5
2024_03_NE_NYJ,2024,3,202403,spread,home,0.32629558541266795,-110.0,0.5238095238095238,win,1.0,0.9090909090909091,0.9933207920020966,38.89428838237227,-6.5,39.0
2024_03_NE_NYJ,2024,3,202403,spread,away,0.6737044145873321,-110.0,0.5238095238095238,loss,0.0,-1.0,0.9933207920020966,38.89428838237227,-6.5,39.0
2024_03_NE_NYJ,2024,3,202403,total,over,0.4126679462571977,-112.0,0.5283018867924528,loss,0.0,-1.0,0.9933207920020966,38.89428838237227,-6.5,39.0
2024_03_NE_NYJ,2024,3,202403,total,under,0.5873320537428023,-108.0,0.5192307692307693,win,1.0,0.9259259259259259,0.9933207920020966,38.89428838237227,-6.5,39.0
2024_03_NYG_CLE,2024,3,202403,spread,home,0.44337811900191937,-108.0,0.5192307692307693,loss,0.0,-1.0,4.41758737598289,41.04114073022714,-6.5,38.0
2024_03_NYG_CLE,2024,3,202403,spread,away,0.5566218809980806,-112.0,0.5283018867924528,win,1.0,0.8928571428571429,4.41758737598289,41.04114073022714,-6.5,38.0
2024_03_NYG_CLE,2024,3,202403,total,over,0.5163147792706334,-112.0,0.5283018867924528,loss,0.0,-1.0,4.41758737598289,41.04114073022714,-6.5,38.0
2024_03_NYG_CLE,2024,3,202403,total,under,0.4836852207293666,-108.0,0.5192307692307693,win,1.0,0.9259259259259259,4.41758737598289,41.04114073022714,-6.5,38.0
2024_03_PHI_NO,2024,3,202403,spread,home,0.6621880998080614,-115.0,0.5348837209302325,loss,0.0,-1.0,6.616370755024903,54.80162218226393,-2.5,49.0
2024_03_PHI_NO,2024,3,202403,spread,away,0.33781190019193863,-105.0,0.5121951219512195,win,1.0,0.9523809523809523,6.616370755024903,54.80162218226393,-2.5,49.0
2024_03_PHI_NO,2024,3,202403,total,over,0.6161228406909789,-110.0,0.5238095238095238,loss,0.0,-1.0,6.616370755024903,54.80162218226393,-2.5,49.0
2024_03_PHI_NO,2024,3,202403,total,under,0.3838771593090211,-110.0,0.5238095238095238,win,1.0,0.9090909090909091,6.616370755024903,54.80162218226393,-2.5,49.0
2024_03_SF_LA,2024,3,202403,spread,home,0.5316698656429942,-112.0,0.5283018867924528,win,1.0,0.8928571428571429,-5.7808065511102384,51.323008290645255,6.0,44.5
2024_03_SF_LA,2024,3,202403,spread,away,0.46833013435700577,-108.0,0.5192307692307693,loss,0.0,-1.0,-5.7808065511102384,51.323008290645255,6.0,44.5
2024_03_SF_LA,2024,3,202403,total,over,0.6449136276391555,-110.0,0.5238095238095238,win,1.0,0.9090909090909091,-5.7808065511102384,51.323008290645255,6.0,44.5
2024_03_SF_LA,2024,3,202403,total,under,0.3550863723608445,-110.0,0.5238095238095238,loss,0.0,-1.0,-5.7808065511102384,51.323008290645255,6.0,44.5
2024_03_WAS_CIN,2024,3,202403,spread,home,0.45681381957773515,-105.0,0.5121951219512195,loss,0.0,-1.0,5.7107626266517855,44.48419286321808,-7.5,46.0
2024_03_WAS_CIN,2024,3,202403,spread,away,0.5431861804222649,-115.0,0.5348837209302325,win,1.0,0.8695652173913043,5.7107626266517855,44.48419286321808,-7.5,46.0
2024_03_WAS_CIN,2024,3,202403,total,over,0.3723608445297505,-108.0,0.5192307692307693,win,1.0,0.9259259259259259,5.7107626266517855,44.48419286321808,-7.5,46.0
2024_03_WAS_CIN,2024,3,202403,total,under,0.6276391554702495,-112.0,0.5283018867924528,loss,0.0,-1.0,5.7107626266517855,44.48419286321808,-7.5,46.0
2024_04_BUF_BAL,2024,4,202404,spread,home,0.4245810055865922,-112.0,0.5283018867924528,win,1.0,0.8928571428571429,0.008058052894986,50.31936254965869,-2.5,46.5
2024_04_BUF_BAL,2024,4,202404,spread,away,0.5754189944134078,-108.0,0.5192307692307693,loss,0.0,-1.0,0.008058052894986,50.31936254965869,-2.5,46.5
2024_04_BUF_BAL,2024,4,202404,total,over,0.5307262569832403,-110.0,0.5238095238095238,loss,0.0,-1.0,0.008058052894986,50.31936254965869,-2.5,46.5
2024_04_BUF_BAL,2024,4,202404,total,under,0.4692737430167597,-110.0,0.5238095238095238,win,1.0,0.9090909090909091,0.008058052894986,50.31936254965869,-2.5,46.5
2024_04_CIN_CAR,2024,4,202404,spread,home,0.45251396648044695,-108.0,0.5192307692307693,loss,0.0,-1.0,-6.411875621600567,43.98019728164885,4.5,47.0
2024_04_CIN_CAR,2024,4,202404,spread,away,0.547486033519553,-112.0,0.5283018867924528,win,1.0,0.8928571428571429,-6.411875621600567,43.98019728164885,4.5,47.0
2024_04_CIN_CAR,2024,4,202404,total,over,0.3333333333333333,-112.0,0.5283018867924528,win,1.0,0.8928571428571429,-6.411875621600567,43.98019728164885,4.5,47.0
2024_04_CIN_CAR,2024,4,202404,total,under,0.6666666666666667,-108.0,0.5192307692307693,loss,0.0,-1.0,-6.411875621600567,43.98019728164885,4.5,47.0
2024_04_CLE_LV,2024,4,202404,spread,home,0.6610800744878957,-105.0,0.5121951219512195,win,1.0,0.9523809523809523,1.6368431159018615,43.62546369248663,2.5,36.5
2024_04_CLE_LV,2024,4,202404,spread,away,0.33891992551210426,-115.0,0.5348837209302325,loss,0.0,-1.0,1.6368431159018615,43.62546369248663,2.5,36.5
2024_04_CLE_LV,2024,4,202404,total,over,0.6629422718808193,-112.0,0.5283018867924528,loss,0.0,-1.0,1.6368431159018615,43.62546369248663,2.5,36.5
2024_04_CLE_LV,2024,4,202404,total,under,0.33705772811918067,-108.0,0.5192307692307693,win,1.0,0.9259259259259259,1.6368431159018615,43.62546369248663,2.5,36.5
2024_04_DAL_NYG,2024,4,202404,spread,home,0.5772811918063314,-105.0,0.5121951219512195,win,1.0,0.9523809523809523,-3.937911426065963,43.351717359035085,5.5,45.0
2024_04_DAL_NYG,2024,4,202404,spread,away,0.4227188081936686,-115.0,0.5348837209302325,loss,0.0,-1.0,-3.937911426065963,43.351717359035085,5.5,45.0
2024_04_DAL_NYG,2024,4,202404,total,over,0.36312849162011174,-108.0,0.5192307692307693,loss,0.0,-1.0,-3.937911426065963,43.351717359035085,5.5,45.0
2024_04_DAL_NYG,2024,4,202404,total,under,0.6368715083798883,-112.0,0.5283018867924528,win,1.0,0.8928571428571429,-3.937911426065963,43.351717359035085,5.5,45.0
2024_04_DEN_NYJ,2024,4,202404,spread,home,0.5046554934823091,-112.0,0.5283018867924528,loss,0.0,-1.0,6.904262126338029,37.983427019635606,-7.5,39.5
2024_04_DEN_NYJ,2024,4,202404,spread,away,0.4953445065176909,-108.0,0.5192307692307693,win,1.0,0.9259259259259259,6.904262126338029,37.983427019635606,-7.5,39.5
2024_04_DEN_NYJ,2024,4,202404,total,over,0.37057728119180633,-108.0,0.5192307692307693,loss,0.0,-1.0,6.904262126338029,37.983427019635606,-7.5,39.5
2024_04_DEN_NYJ,2024,4,202404,total,under,0.6294227188081937,-112.0,0.5283018867924528,win,1.0,0.8928571428571429,6.904262126338029,37.983427019635606,-7.5,39.5
2024_04_JAX_HOU,2024,4,202404,spread,home,0.43575418994413406,-112.0,0.5283018867924528,loss,0.0,-1.0,3.344859546073004,46.18646294395893,-5.5,44.5
2024_04_JAX_HOU,2024,4,202404,spread,away,0.5642458100558659,-108.0,0.5192307692307693,win,1.0,0.9259259259259259,3.344859546073004,46.18646294395893,-5.5,44.5
2024_04_JAX_HOU,2024,4,202404,total,over,0.4767225325884544,-112.0,0.5283018867924528,loss,0.0,-1.0,3.344859546073004,46.18646294395893,-5.5,44.5
2024_04_JAX_HOU,2024,4,202404,total,under,0.5232774674115457,-108.0,0.5192307692307693,win,1.0,0.9259259259259259,3.344859546073004,46.18646294395893,-5.5,44.5
2024_04_KC_LAC,2024,4,202404,spread,home,0.7188081936685289,-112.0,0.5283018867924528,win,1.0,0.8928571428571429,-1.8002938118439369,45.55367088956911,7.5,41.5
2024_04_KC_LAC,2024,4,202404,spread,away,0.2811918063314711,-108.0,0.5192307692307693,loss,0.0,-1.0,-1.8002938118439369,45.55367088956911,7.5,41.5
2024_04_KC_LAC,2024,4,202404,total,over,0.547486033519553,-112.0,0.5283018867924528,loss,0.0,-1.0,-1.8002938118439369,45.55367088956911,7.5,41.5
2024_04_KC_LAC,2024,4,202404,total,under,0.45251396648044695,-108.0,0.5192307692307693,win,1.0,0.9259259259259259,-1.8002938118439369,45.55367088956911,7.5,41.5
2024_04_LA_CHI,2024,4,202404,spread,home,0.4171322160148976,-108.0,0.5192307692307693,win,1.0,0.9259259259259259,0.3140733185604352,38.47448730801536,-3.0,40.0
2024_04_LA_CHI,2024,4,202404,spread,away,0.5828677839851024,-112.0,0.5283018867924528,loss,0.0,-1.0,0.3140733185604352,38.47448730801536,-3.0,40.0
2024_04_LA_CHI,2024,4,202404,total,over,0.37057728119180633,-115.0,0.5348837209302325,win,1.0,0.8695652173913043,0.3140733185604352,38.47448730801536,-3.0,40.0
2024_04_LA_CHI,2024,4,202404,total,under,0.6294227188081937,-105.0,0.5121951219512195,loss,0.0,-1.0,0.3140733185604352,38.47448730801536,-3.0,40.0
2024_04_MIN_GB,2024,4,202404,spread,home,0.547486033519553,-118.0,0.5412844036697247,loss,0.0,-1.0,3.3061003094064403,44.23399904143316,-2.5,44.0
2024_04_MIN_GB,2024,4,202404,spread,away,0.45251396648044695,-102.0,0.504950495049505,win,1.0,0.9803921568627451,3.3061003094064403,44.23399904143316,-2.5,44.0
2024_04_MIN_GB,2024,4,202404,total,over,0.42830540037243947,-108.0,0.5192307692307693,win,1.0,0.9259259259259259,3.3061003094064403,44.23399904143316,-2.5,44.0
2024_04_MIN_GB,2024,4,202404,total,under,0.5716945996275605,-112.0,0.5283018867924528,loss,0.0,-1.0,3.3061003094064403,44.23399904143316,-2.5,44.0
2024_04_NE_SF,2024,4,202404,spread,home,0.6126629422718808,-108.0,0.5192307692307693,win,1.0,0.9259259259259259,12.87941393364,45.613896451295055,-10.5,41.5
2024_04_NE_SF,2024,4,202404,spread,away,0.3873370577281192,-112.0,0.5283018867924528,loss,0.0,-1.0,12.87941393364,45.613896451295055,-10.5,41.5
2024_04_NE_SF,2024,4,202404,total,over,0.547486033519553,-110.0,0.5238095238095238,win,1.0,0.9090909090909091,12.87941393364,45.613896451295055,-10.5,41.5
2024_04_NE_SF,2024,4,202404,total,under,0.45251396648044695,-110.0,0.5238095238095238,loss,0.0,-1.0,12.87941393364,45.613896451295055,-10.5,41.5
2024_04_NO_ATL,2024,4,202404,spread,home,0.3091247672253259,-115.0,0.5348837209302325,loss,0.0,-1.0,-4.0624799706658585,48.463991889688,-2.5,41.5
2024_04_NO_ATL,2024,4,202404,spread,away,0.6908752327746741,-105.0,0.5121951219512195,win,1.0,0.9523809523809523,-4.0624799706658585,48.463991889688,-2.5,41.5
2024_04_NO_ATL,2024,4,202404,total,over,0.6480446927374302,-108.0,0.5192307692307693,win,1.0,0.9259259259259259,-4.0624799706658585,48.463991889688,-2.5,41.5
2024_04_NO_ATL,2024,4,202404,total,under,0.35195530726256985,-112.0,0.5283018867924528,loss,0.0,-1.0,-4.0624799706658585,48.463991889688,-2.5,41.5
2024_04_PHI_TB,2024,4,202404,spread,home,0.5884543761638734,-110.0,0.5238095238095238,win,1.0,0.9090909090909091,0.8691765018497655,46.81227996823397,1.0,42.0
2024_04_PHI_TB,2024,4,202404,spread,away,0.4115456238361266,-110.0,0.5238095238095238,loss,0.0,-1.0,0.8691765018497655,46.81227996823397,1.0,42.0
2024_04_PHI_TB,2024,4,202404,total,over,0.5772811918063314,-112.0,0.5283018867924528,win,1.0,0.8928571428571429,0.8691765018497655,46.81227996823397,1.0,42.0
2024_04_PHI_TB,2024,4,202404,total,under,0.4227188081936686,-108.0,0.5192307692307693,loss,0.0,-1.0,0.8691765018497655,46.81227996823397,1.0,42.0
2024_04_PIT_IND,2024,4,202404,spread,home,0.5251396648044693,-112.0,0.5283018867924528,win,1.0,0.8928571428571429,-2.3688898204796485,45.41723014444469,2.5,40.0
2024_04_PIT_IND,2024,4,202404,spread,away,0.4748603351955307,-108.0,0.5192307692307693,loss,0.0,-1.0,-2.3688898204796485,45.41723014444469,2.5,40.0
2024_04_PIT_IND,2024,4,202404,total,over,0.6052141527001862,-110.0,0.5238095238095238,win,1.0,0.9090909090909091,-2.3688898204796485,45.41723014444469,2.5,40.0
2024_04_PIT_IND,2024,4,202404,total,under,0.3947858472998138,-110.0,0.5238095238095238,loss,0.0,-1.0,-2.3688898204796485,45.41723014444469,2.5,40.0
2024_04_SEA_DET,2024,4,202404,spread,home,0.5623836126629422,-112.0,0.5283018867924528,win,1.0,0.8928571428571429,4.693827474656365,49.58194128028232,-3.5,46.5
2024_04_SEA_DET,2024,4,202404,spread,away,0.43761638733705777,-108.0,0.5192307692307693,loss,0.0,-1.0,4.693827474656365,49.58194128028232,-3.5,46.5
2024_04_SEA_DET,2024,4,202404,total,over,0.5139664804469274,-112.0,0.5283018867924528,win,1.0,0.8928571428571429,4.693827474656365,49.58194128028232,-3.5,46.5
2024_04_SEA_DET,2024,4,202404,total,under,0.4860335195530726,-108.0,0.5192307692307693,loss,0.0,-1.0,4.693827474656365,49.58194128028232,-3.5,46.5
2024_04_TEN_MIA,2024,4,202404,spread,home,0.6126629422718808,-112.0,0.5283018867924528,loss,0.0,-1.0,4.896484635036621,42.9628723786532,-2.5,37.0
2024_04_TEN_MIA,2024,4,202404,spread,away,0.3873370577281192,-108.0,0.5192307692307693,win,1.0,0.9259259259259259,4.896484635036621,42.9628723786532,-2.5,37.0
2024_04_TEN_MIA,2024,4,202404,total,over,0.6145251396648045,-110.0,0.5238095238095238,win,1.0,0.9090909090909091,4.896484635036621,42.9628723786532,-2.5,37.0
2024_04_TEN_MIA,2024,4,202404,total,under,0.3854748603351955,-110.0,0.5238095238095238,loss,0.0,-1.0,4.896484635036621,42.9628723786532,-2.5,37.0
2024_04_WAS_ARI,2024,4,202404,spread,home,0.3780260707635009,-105.0,0.5121951219512195,loss,0.0,-1.0,-0.5524641525804403,51.84430680736154,-3.5,49.0
2024_04_WAS_ARI,2024,4,202404,spread,away,0.6219739292364991,-115.0,0.5348837209302325,win,1.0,0.8695652173913043,-0.5524641525804403,51.84430680736154,-3.5,49.0
2024_04_WAS_ARI,2024,4,202404,total,over,0.5027932960893855,-108.0,0.5192307692307693,win,1.0,0.9259259259259259,-0.5524641525804403,51.84430680736154,-3.5,49.0
2024_04_WAS_ARI,2024,4,202404,total,under,0.4972067039106145,-112.0,0.5283018867924528,loss,0.0,-1.0,-0.5524641525804403,51.84430680736154,-3.5,49.0
2024_05_ARI_SF,2024,5,202405,spread,home,0.705244122965642,-115.0,0.5348837209302325,loss,0.0,-1.0,12.358746132182556,49.78442491169119,-7.0,48.5
2024_05_ARI_SF,2024,5,202405,spread,away,0.294755877034358,-105.0,0.5121951219512195,win,1.0,0.9523809523809523,12.358746132182556,49.78442491169119,-7.0,48.5
2024_05_ARI_SF,2024,5,202405,total,over,0.4665461121157324,-112.0,0.5283018867924528,loss,0.0,-1.0,12.358746132182556,49.78442491169119,-7.0,48.5
2024_05_ARI_SF,2024,5,202405,total,under,0.5334538878842676,-108.0,0.5192307692307693,win,1.0,0.9259259259259259,12.358746132182556,49.78442491169119,-7.0,48.5
2024_05_BAL_CIN,2024,5,202405,spread,home,0.4538878842676311,-102.0,0.504950495049505,loss,0.0,-1.0,-4.3704219066519325,47.68181559556932,2.5,48.5
2024_05_BAL_CIN,2024,5,202405,spread,away,0.546112115732369,-118.0,0.5412844036697247,win,1.0,0.847457627118644,-4.3704219066519325,47.68181559556932,2.5,48.5
2024_05_BAL_CIN,2024,5,202405,total,over,0.3887884267631103,-108.0,0.5192307692307693,win,1.0,0.9259259259259259,-4.3704219066519325,47.68181559556932,2.5,48.5
2024_05_BAL_CIN,2024,5,202405,total,under,0.6112115732368897,-112.0,0.5283018867924528,loss,0.0,-1.0,-4.3704219066519325,47.68181559556932,2.5,48.5
2024_05_BUF_HOU,2024,5,202405,spread,home,0.32368896925858953,-112.0,0.5283018867924528,win,1.0,0.8928571428571429,-4.591660985984161,51.07548139644337,-1.0,48.0
2024_05_BUF_HOU,2024,5,202405,spread,away,0.6763110307414104,-108.0,0.5192307692307693,loss,0.0,-1.0,-4.591660985984161,51.07548139644337,-1.0,48.0
2024_05_BUF_HOU,2024,5,202405,total,over,0.5189873417721519,-110.0,0.5238095238095238,loss,0.0,-1.0,-4.591660985984161,51.07548139644337,-1.0,48.0
2024_05_BUF_HOU,2024,5,202405,total,under,0.4810126582278481,-110.0,0.5238095238095238,win,1.0,0.9090909090909091,-4.591660985984161,51.07548139644337,-1.0,48.0
2024_05_CAR_CHI,2024,5,202405,spread,home,0.6311030741410488,-112.0,0.5283018867924528,win,1.0,0.8928571428571429,6.699371650147334,38.70918466827371,-4.0,40.0
2024_05_CAR_CHI,2024,5,202405,spread,away,0.3688969258589512,-108.0,0.5192307692307693,loss,0.0,-1.0,6.699371650147334,38.70918466827371,-4.0,40.0
2024_05_CAR_CHI,2024,5,202405,total,over,0.3779385171790235,-112.0,0.5283018867924528,win,1.0,0.8928571428571429,6.699371650147334,38.70918466827371,-4.0,40.0
2024_05_CAR_CHI,2024,5,202405,total,under,0.6220614828209765,-108.0,0.5192307692307693,loss,0.0,-1.0,6.699371650147334,38.70918466827371,-4.0,40.0
2024_05_CLE_WAS,2024,5,202405,spread,home,0.5895117540687161,-108.0,0.5192307692307693,win,1.0,0.9259259259259259,4.871973950950912,46.20502147615404,-3.0,44.0
2024_05_CLE_WAS,2024,5,202405,spread,away,0.41048824593128386,-112.0,0.5283018867924528,loss,0.0,-1.0,4.871973950950912,46.20502147615404,-3.0,44.0
2024_05_CLE_WAS,2024,5,202405,total,over,0.488245931283906,-108.0,0.5192307692307693,win,1.0,0.9259259259259259,4.871973950950912,46.20502147615404,-3.0,44.0
2024_05_CLE_WAS,2024,5,202405,total,under,0.511754068716094,-112.0,0.5283018867924528,loss,0.0,-1.0,4.871973950950912,46.20502147615404,-3.0,44.0
2024_05_DAL_PIT,2024,5,202405,spread,home,0.36347197106690776,-112.0,0.5283018867924528,loss,0.0,-1.0,-2.0188933896214194,44.60936326138436,-2.5,43.5
2024_05_DAL_PIT,2024,5,202405,spread,away,0.6365280289330922,-108.0,0.5192307692307693,win,1.0,0.9259259259259259,-2.0188933896214194,44.60936326138436,-2.5,43.5
2024_05_DAL_PIT,2024,5,202405,total,over,0.4593128390596745,-112.0,0.5283018867924528,loss,0.0,-1.0,-2.0188933896214194,44.60936326138436,-2.5,43.5
2024_05_DAL_PIT,2024,5,202405,total,under,0.5406871609403254,-108.0,0.5192307692307693,win,1.0,0.9259259259259259,-2.0188933896214194,44.60936326138436,-2.5,43.5
2024_05_GB_LA,2024,5,202405,spread,home,0.6329113924050633,-108.0,0.5192307692307693,loss,0.0,-1.0,-0.1518084425384513,53.09988691948928,3.0,49.5
2024_05_GB_LA,2024,5,202405,spread,away,0.36708860759493667,-112.0,0.5283018867924528,win,1.0,0.8928571428571429,-0.1518084425384513,53.09988691948928,3.0,49.5
2024_05_GB_LA,2024,5,202405,total,over,0.5280289330922242,-108.0,0.5192307692307693,loss,0.0,-1.0,-0.1518084425384513,53.09988691948928,3.0,49.5
2024_05_GB_LA,2024,5,202405,total,under,0.4719710669077758,-112.0,0.5283018867924528,win,1.0,0.8928571428571429,-0.1518084425384513,53.09988691948928,3.0,49.5
2024_05_IND_JAX,2024,5,202405,spread,home,0.40325497287522605,-110.0,0.5238095238095238,loss,0.0,-1.0,0.4832242842033156,43.33498195672112,-3.5,45.0
2024_05_IND_JAX,2024,5,202405,spread,away,0.596745027124774,-110.0,0.5238095238095238,win,1.0,0.9090909090909091,0.4832242842033156,43.33498195672112,-3.5,45.0
2024_05_IND_JAX,2024,5,202405,total,over,0.36528028933092227,-110.0,0.5238095238095238,win,1.0,0.9090909090909091,0.4832242842033156,43.33498195672112,-3.5,45.0
2024_05_IND_JAX,2024,5,202405,total,under,0.6347197106690777,-110.0,0.5238095238095238,loss,0.0,-1.0,0.4832242842033156,43.33498195672112,-3.5,45.0
2024_05_LV_DEN,2024,5,202405,spread,home,0.3074141048824593,-108.0,0.5192307692307693,win,1.0,0.9259259259259259,-3.2581203289207443,33.283482708368496,-3.0,36.0
2024_05_LV_DEN,2024,5,202405,spread,away,0.6925858951175408,-112.0,0.5283018867924528,loss,0.0,-1.0,-3.2581203289207443,33.283482708368496,-3.0,36.0
2024_05_LV_DEN,2024,5,202405,total,over,0.33815551537070526,-112.0,0.5283018867924528,win,1.0,0.8928571428571429,-3.2581203289207443,33.283482708368496,-3.0,36.0
2024_05_LV_DEN,2024,5,202405,total,under,0.6618444846292948,-108.0,0.5192307692307693,loss,0.0,-1.0,-3.2581203289207443,33.283482708368496,-3.0,36.0
2024_05_MIA_NE,2024,5,202405,spread,home,0.5298372513562387,-108.0,0.5192307692307693,loss,0.0,-1.0,-1.7911977816990108,37.817399721302095,2.0,37.0
2024_05_MIA_NE,2024,5,202405,spread,away,0.4701627486437613,-112.0,0.5283018867924528,win,1.0,0.8928571428571429,-1.7911977816990108,37.817399721302095,2.0,37.0
2024_05_MIA_NE,2024,5,202405,total,over,0.45207956600361665,-112.0,0.5283018867924528,loss,0.0,-1.0,-1.7911977816990108,37.817399721302095,2.0,37.0
2024_05_MIA_NE,2024,5,202405,total,under,0.5479204339963833,-108.0,0.5192307692307693,win,1.0,0.9259259259259259,-1.7911977816990108,37.817399721302095,2.0,37.0
2024_05_NO_KC,2024,5,202405,spread,home,0.3562386980108499,-108.0,0.5192307692307693,win,1.0,0.9259259259259259,0.6657307265768458,45.55354561923096,-5.5,43.0
2024_05_NO_KC,2024,5,202405,spread,away,0.6437613019891502,-112.0,0.5283018867924528,loss,0.0,-1.0,0.6657307265768458,45.55354561923096,-5.5,43.0
2024_05_NO_KC,2024,5,202405,total,over,0.4936708860759494,-110.0,0.5238095238095238,loss,0.0,-1.0,0.6657307265768458,45.55354561923096,-5.5,43.0
2024_05_NO_KC,2024,5,202405,total,under,0.5063291139240507,-110.0,0.5238095238095238,win,1.0,0.9090909090909091,0.6657307265768458,45.55354561923096,-5.5,43.0
2024_05_NYG_SEA,2024,5,202405,spread,home,0.48282097649186256,-108.0,0.5192307692307693,loss,0.0,-1.0,5.945936870071023,44.26341943655537,-7.0,42.5
2024_05_NYG_SEA,2024,5,202405,spread,away,0.5171790235081375,-112.0,0.5283018867924528,win,1.0,0.8928571428571429,5.945936870071023,44.26341943655537,-7.0,42.5
2024_05_NYG_SEA,2024,5,202405,total,over,0.47920433996383366,-110.0,0.5238095238095238,win,1.0,0.9090909090909091,5.945936870071023,44.26341943655537,-7.0,42.5
2024_05_NYG_SEA,2024,5,202405,total,under,0.5207956600361663,-110.0,0.5238095238095238,loss,0.0,-1.0,5.945936870071023,44.26341943655537,-7.0,42.5
2024_05_NYJ_MIN,2024,5,202405,spread,home,0.5877034358047016,-115.0,0.5348837209302325,win,1.0,0.8695652173913043,4.289881626626847,39.81094153405513,-2.5,42.0
2024_05_NYJ_MIN,2024,5,202405,spread,away,0.41229656419529837,-105.0,0.5121951219512195,loss,0.0,-1.0,4.289881626626847,39.81094153405513,-2.5,42.0
2024_05_NYJ_MIN,2024,5,202405,total,over,0.3508137432188065,-108.0,0.5192307692307693,loss,0.0,-1.0,4.289881626626847,39.81094153405513,-2.5,42.0
2024_05_NYJ_MIN,2024,5,202405,total,under,0.6491862567811935,-112.0,0.5283018867924528,win,1.0,0.8928571428571429,4.289881626626847,39.81094153405513,-2.5,42.0
2024_05_TB_ATL,2024,5,202405,spread,home,0.3616636528028933,-118.0,0.5412844036697247,win,1.0,0.847457627118644,-2.184059217698401,45.37075278135261,-2.5,44.0
2024_05_TB_ATL,2024,5,202405,spread,away,0.6383363471971066,-102.0,0.504950495049505,loss,0.0,-1.0,-2.184059217698401,45.37075278135261,-2.5,44.0
2024_05_TB_ATL,2024,5,202405,total,over,0.46835443037974683,-110.0,0.5238095238095238,win,1.0,0.9090909090909091,-2.184059217698401,45.37075278135261,-2.5,44.0
2024_05_TB_ATL,2024,5,202405,total,under,0.5316455696202531,-110.0,0.5238095238095238,loss,0.0,-1.0,-2.184059217698401,45.37075278135261,-2.5,44.0
2024_06_ARI_GB,2024,6,202406,spread,home,0.54673721340388,-110.0,0.5238095238095238,win,1.0,0.9090909090909091,6.169724084720999,49.1671412927866,-5.5,47.0
2024_06_ARI_GB,2024,6,202406,spread,away,0.45326278659611996,-110.0,0.5238095238095238,loss,0.0,-1.0,6.169724084720999,49.1671412927866,-5.5,47.0
2024_06_ARI_GB,2024,6,202406,total,over,0.48853615520282184,-110.0,0.5238095238095238,push,,0.0,6.169724084720999,49.1671412927866,-5.5,47.0
2024_06_ARI_GB,2024,6,202406,total,under,0.5114638447971782,-110.0,0.5238095238095238,push,,0.0,6.169724084720999,49.1671412927866,-5.5,47.0
2024_06_ATL_CAR,2024,6,202406,spread,home,0.6084656084656085,-108.0,0.5192307692307693,loss,0.0,-1.0,-3.7195198424602185,43.45655642442321,6.0,45.5
2024_06_ATL_CAR,2024,6,202406,spread,away,0.3915343915343915,-112.0,0.5283018867924528,win,1.0,0.8928571428571429,-3.7195198424602185,43.45655642442321,6.0,45.5
2024_06_ATL_CAR,2024,6,202406,total,over,0.3544973544973545,-110.0,0.5238095238095238,win,1.0,0.9090909090909091,-3.7195198424602185,43.45655642442321,6.0,45.5
2024_06_ATL_CAR,2024,6,202406,total,under,0.6455026455026456,-110.0,0.5238095238095238,loss,0.0,-1.0,-3.7195198424602185,43.45655642442321,6.0,45.5
2024_06_BUF_NYJ,2024,6,202406,spread,home,0.4109347442680776,-108.0,0.5192307692307693,loss,0.0,-1.0,-3.929056218936177,40.56696972163041,1.0,42.0
2024_06_BUF_NYJ,2024,6,202406,spread,away,0.5890652557319225,-112.0,0.5283018867924528,win,1.0,0.8928571428571429,-3.929056218936177,40.56696972163041,1.0,42.0
2024_06_BUF_NYJ,2024,6,202406,total,over,0.37566137566137564,-110.0,0.5238095238095238,win,1.0,0.9090909090909091,-3.929056218936177,40.56696972163041,1.0,42.0
2024_06_BUF_NYJ,2024,6,202406,total,under,0.6243386243386244,-110.0,0.5238095238095238,loss,0.0,-1.0,-3.929056218936177,40.56696972163041,1.0,42.0
2024_06_CIN_NYG,2024,6,202406,spread,home,0.5661375661375662,-108.0,0.5192307692307693,loss,0.0,-1.0,-3.4230891477360488,47.3833877040657,4.5,46.0
2024_06_CIN_NYG,2024,6,202406,spread,away,0.43386243386243384,-112.0,0.5283018867924528,win,1.0,0.8928571428571429,-3.4230891477360488,47.3833877040657,4.5,46.0
2024_06_CIN_NYG,2024,6,202406,total,over,0.4708994708994709,-118.0,0.5412844036697247,loss,0.0,-1.0,-3.4230891477360488,47.3833877040657,4.5,46.0
2024_06_CIN_NYG,2024,6,202406,total,under,0.5291005291005291,-102.0,0.504950495049505,win,1.0,0.9803921568627451,-3.4230891477360488,47.3833877040657,4.5,46.0
2024_06_CLE_PHI,2024,6,202406,spread,home,0.3968253968253968,-112.0,0.5283018867924528,loss,0.0,-1.0,4.70376364180864,43.72548738534452,-8.0,42.0
2024_06_CLE_PHI,2024,6,202406,spread,away,0.6031746031746033,-108.0,0.5192307692307693,win,1.0,0.9259259259259259,4.70376364180864,43.72548738534452,-8.0,42.0
2024_06_CLE_PHI,2024,6,202406,total,over,0.48148148148148145,-110.0,0.5238095238095238,loss,0.0,-1.0,4.70376364180864,43.72548738534452,-8.0,42.0
2024_06_CLE_PHI,2024,6,202406,total,under,0.5185185185185186,-110.0,0.5238095238095238,win,1.0,0.9090909090909091,4.70376364180864,43.72548738534452,-8.0,42.0
2024_06_DET_DAL,2024,6,202406,spread,home,0.6384479717813051,-115.0,0.5348837209302325,loss,0.0,-1.0,-0.5169227947146651,53.11601909006103,3.5,52.5
2024_06_DET_DAL,2024,6,202406,spread,away,0.3615520282186949,-105.0,0.5121951219512195,win,1.0,0.9523809523809523,-0.5169227947146651,53.11601909006103,3.5,52.5
2024_06_DET_DAL,2024,6,202406,total,over,0.4462081128747795,-110.0,0.5238095238095238,win,1.0,0.9090909090909091,-0.5169227947146651,53.11601909006103,3.5,52.5
2024_06_DET_DAL,2024,6,202406,total,under,0.5537918871252205,-110.0,0.5238095238095238,loss,0.0,-1.0,-0.5169227947146651,53.11601909006103,3.5,52.5
2024_06_IND_TEN,2024,6,202406,spread,home,0.3932980599647266,-110.0,0.5238095238095238,loss,0.0,-1.0,-0.9174102156597002,44.04240639710076,-2.5,42.0
2024_06_IND_TEN,2024,6,202406,spread,away,0.6067019400352733,-110.0,0.5238095238095238,win,1.0,0.9090909090909091,-0.9174102156597002,44.04240639710076,-2.5,42.0
2024_06_IND_TEN,2024,6,202406,total,over,0.48500881834215165,-108.0,0.5192307692307693,loss,0.0,-1.0,-0.9174102156597002,44.04240639710076,-2.5,42.0
2024_06_IND_TEN,2024,6,202406,total,under,0.5149911816578483,-112.0,0.5283018867924528,win,1.0,0.8928571428571429,-0.9174102156597002,44.04240639710076,-2.5,42.0
2024_06_JAX_CHI,2024,6,202406,spread,home,0.7477954144620811,-112.0,0.5283018867924528,win,1.0,0.8928571428571429,5.242256065964842,41.90361693589399,1.5,44.5
2024_06_JAX_CHI,2024,6,202406,spread,away,0.2522045855379189,-108.0,0.5192307692307693,loss,0.0,-1.0,5.242256065964842,41.90361693589399,1.5,44.5
2024_06_JAX_CHI,2024,6,202406,total,over,0.3439153439153439,-112.0,0.5283018867924528,win,1.0,0.8928571428571429,5.242256065964842,41.90361693589399,1.5,44.5
2024_06_JAX_CHI,2024,6,202406,total,under,0.656084656084656,-108.0,0.5192307692307693,loss,0.0,-1.0,5.242256065964842,41.90361693589399,1.5,44.5
2024_06_LAC_DEN,2024,6,202406,spread,home,0.5731922398589065,-115.0,0.5348837209302325,loss,0.0,-1.0,-1.5771965779770216,35.674778314181246,3.0,37.0
2024_06_LAC_DEN,2024,6,202406,spread,away,0.42680776014109345,-105.0,0.5121951219512195,win,1.0,0.9523809523809523,-1.5771965779770216,35.674778314181246,3.0,37.0
2024_06_LAC_DEN,2024,6,202406,total,over,0.37918871252204583,-112.0,0.5283018867924528,win,1.0,0.8928571428571429,-1.5771965779770216,35.674778314181246,3.0,37.0
2024_06_LAC_DEN,2024,6,202406,total,under,0.6208112874779541,-108.0,0.5192307692307693,loss,0.0,-1.0,-1.5771965779770216,35.674778314181246,3.0,37.0
2024_06_PIT_LV,2024,6,202406,spread,home,0.5890652557319224,-110.0,0.5238095238095238,loss,0.0,-1.0,-1.778653841841061,42.694603692412976,3.5,36.5
2024_06_PIT_LV,2024,6,202406,spread,away,0.41093474426807763,-110.0,0.5238095238095238,win,1.0,0.9090909090909091,-1.778653841841061,42.694603692412976,3.5,36.5
2024_06_PIT_LV,2024,6,202406,total,over,0.6261022927689595,-112.0,0.5283018867924528,win,1.0,0.8928571428571429,-1.778653841841061,42.694603692412976,3.5,36.5
2024_06_PIT_LV,2024,6,202406,total,under,0.37389770723104054,-108.0,0.5192307692307693,loss,0.0,-1.0,-1.778653841841061,42.694603692412976,3.5,36.5
2024_06_SF_SEA,2024,6,202406,spread,home,0.5097001763668431,-102.0,0.504950495049505,loss,0.0,-1.0,-4.147700159329942,46.95023920214796,3.5,49.0
2024_06_SF_SEA,2024,6,202406,spread,away,0.49029982363315694,-118.0,0.5412844036697247,win,1.0,0.847457627118644,-4.147700159329942,46.95023920214796,3.5,49.0
2024_06_SF_SEA,2024,6,202406,total,over,0.3544973544973545,-110.0,0.5238095238095238,win,1.0,0.9090909090909091,-4.147700159329942,46.95023920214796,3.5,49.0
2024_06_SF_SEA,2024,6,202406,total,under,0.6455026455026456,-110.0,0.5238095238095238,loss,0.0,-1.0,-4.147700159329942,46.95023920214796,3.5,49.0
2024_06_WAS_BAL,2024,6,202406,spread,home,0.5890652557319224,-112.0,0.5283018867924528,win,1.0,0.8928571428571429,8.194919971674759,52.20344562209301,-6.5,51.5
2024_06_WAS_BAL,2024,6,202406,spread,away,0.41093474426807763,-108.0,0.5192307692307693,loss,0.0,-1.0,8.194919971674759,52.20344562209301,-6.5,51.5
2024_06_WAS_BAL,2024,6,202406,total,over,0.4479717813051146,-110.0,0.5238095238095238,win,1.0,0.9090909090909091,8.194919971674759,52.20344562209301,-6.5,51.5
2024_06_WAS_BAL,2024,6,202406,total,under,0.5520282186948854,-110.0,0.5238095238095238,loss,0.0,-1.0,8.194919971674759,52.20344562209301,-6.5,51.5
2024_07_BAL_TB,2024,7,202407,spread,home,0.5699481865284974,-110.0,0.5238095238095238,loss,0.0,-1.0,-3.0991430839745013,49.43208868327717,4.5,51.0
2024_07_BAL_TB,2024,7,202407,spread,away,0.43005181347150256,-110.0,0.5238095238095238,win,1.0,0.9090909090909091,-3.0991430839745013,49.43208868327717,4.5,51.0
2024_07_BAL_TB,2024,7,202407,total,over,0.37305699481865284,-110.0,0.5238095238095238,win,1.0,0.9090909090909091,-3.0991430839745013,49.43208868327717,4.5,51.0
2024_07_BAL_TB,2024,7,202407,total,under,0.6269430051813472,-110.0,0.5238095238095238,loss,0.0,-1.0,-3.0991430839745013,49.43208868327717,4.5,51.0
2024_07_CAR_WAS,2024,7,202407,spread,home,0.4835924006908463,-120.0,0.5454545454545454,win,1.0,0.8333333333333334,9.037517161888823,46.50539898199535,-10.0,51.0
2024_07_CAR_WAS,2024,7,202407,spread,away,0.5164075993091537,100.0,0.5,loss,0.0,-1.0,9.037517161888823,46.50539898199535,-10.0,51.0
2024_07_CAR_WAS,2024,7,202407,total,over,0.2987910189982729,-110.0,0.5238095238095238,loss,0.0,-1.0,9.037517161888823,46.50539898199535,-10.0,51.0
2024_07_CAR_WAS,2024,7,202407,total,under,0.7012089810017271,-110.0,0.5238095238095238,win,1.0,0.9090909090909091,9.037517161888823,46.50539898199535,-10.0,51.0
2024_07_CIN_CLE,2024,7,202407,spread,home,0.49568221070811747,-110.0,0.5238095238095238,loss,0.0,-1.0,-6.3150973848289365,39.382175447000165,5.5,42.0
2024_07_CIN_CLE,2024,7,202407,spread,away,0.5043177892918825,-110.0,0.5238095238095238,win,1.0,0.9090909090909091,-6.3150973848289365,39.382175447000165,5.5,42.0
2024_07_CIN_CLE,2024,7,202407,total,over,0.3454231433506045,-108.0,0.5192307692307693,loss,0.0,-1.0,-6.3150973848289365,39.382175447000165,5.5,42.0
2024_07_CIN_CLE,2024,7,202407,total,under,0.6545768566493955,-112.0,0.5283018867924528,win,1.0,0.8928571428571429,-6.3150973848289365,39.382175447000165,5.5,42.0
2024_07_DET_MIN,2024,7,202407,spread,home,0.31951640759930916,-112.0,0.5283018867924528,loss,0.0,-1.0,-4.816495831744021,49.03582985878044,-1.0,50.5
2024_07_DET_MIN,2024,7,202407,spread,away,0.6804835924006909,-108.0,0.5192307692307693,win,1.0,0.9259259259259259,-4.816495831744021,49.03582985878044,-1.0,50.5
2024_07_DET_MIN,2024,7,202407,total,over,0.3799654576856649,-108.0,0.5192307692307693,win,1.0,0.9259259259259259,-4.816495831744021,49.03582985878044,-1.0,50.5
2024_07_DET_MIN,2024,7,202407,total,under,0.6200345423143351,-112.0,0.5283018867924528,loss,0.0,-1.0,-4.816495831744021,49.03582985878044,-1.0,50.5
2024_07_HOU_GB,2024,7,202407,spread,home,0.5509499136442142,-120.0,0.5454545454545454,loss,0.0,-1.0,3.9604648167381855,48.8034782703325,-3.0,48.0
2024_07_HOU_GB,2024,7,202407,spread,away,0.4490500863557858,100.0,0.5,win,1.0,1.0,3.9604648167381855,48.8034782703325,-3.0,48.0
2024_07_HOU_GB,2024,7,202407,total,over,0.459412780656304,-112.0,0.5283018867924528,loss,0.0,-1.0,3.9604648167381855,48.8034782703325,-3.0,48.0
2024_07_HOU_GB,2024,7,202407,total,under,0.540587219343696,-108.0,0.5192307692307693,win,1.0,0.9259259259259259,3.9604648167381855,48.8034782703325,-3.0,48.0
2024_07_KC_SF,2024,7,202407,spread,home,0.5630397236614854,-115.0,0.5348837209302325,loss,0.0,-1.0,3.6762241598840713,47.86088568673096,-2.5,47.5
2024_07_KC_SF,2024,7,202407,spread,away,0.43696027633851464,-105.0,0.5121951219512195,win,1.0,0.9523809523809523,3.6762241598840713,47.86088568673096,-2.5,47.5
2024_07_KC_SF,2024,7,202407,total,over,0.44559585492227977,-110.0,0.5238095238095238,loss,0.0,-1.0,3.6762241598840713,47.86088568673096,-2.5,47.5
2024_07_KC_SF,2024,7,202407,total,under,0.5544041450777202,-110.0,0.5238095238095238,win,1.0,0.9090909090909091,3.6762241598840713,47.86088568673096,-2.5,47.5
2024_07_LAC_ARI,2024,7,202407,spread,home,0.538860103626943,-105.0,0.5121951219512195,win,1.0,0.9523809523809523,-0.5227699857632366,46.891611082070895,1.0,44.0
2024_07_LAC_ARI,2024,7,202407,spread,away,0.46113989637305697,-115.0,0.5348837209302325,loss,0.0,-1.0,-0.5227699857632366,46.891611082070895,1.0,44.0
2024_07_LAC_ARI,2024,7,202407,total,over,0.5181347150259067,-112.0,0.5283018867924528,loss,0.0,-1.0,-0.5227699857632366,46.891611082070895,1.0,44.0
2024_07_LAC_ARI,2024,7,202407,total,under,0.4818652849740933,-108.0,0.5192307692307693,win,1.0,0.9259259259259259,-0.5227699857632366,46.891611082070895,1.0,44.0
2024_07_LV_LA,2024,7,202407,spread,home,0.43005181347150256,-115.0,0.5348837209302325,loss,0.0,-1.0,4.766875987685514,46.713583668251005,-7.0,43.0
2024_07_LV_LA,2024,7,202407,spread,away,0.5699481865284974,-105.0,0.5121951219512195,win,1.0,0.9523809523809523,4.766875987685514,46.713583668251005,-7.0,43.0
2024_07_LV_LA,2024,7,202407,total,over,0.538860103626943,-115.0,0.5348837209302325,loss,0.0,-1.0,4.766875987685514,46.713583668251005,-7.0,43.0
2024_07_LV_LA,2024,7,202407,total,under,0.46113989637305697,-105.0,0.5121951219512195,win,1.0,0.9523809523809523,4.766875987685514,46.713583668251005,-7.0,43.0
2024_07_MIA_IND,2024,7,202407,spread,home,0.43350604490500866,100.0,0.5,win,1.0,1.0,0.8427328941838699,45.29398932624473,-3.0,44.0
2024_07_MIA_IND,2024,7,202407,spread,away,0.5664939550949913,-120.0,0.5454545454545454,loss,0.0,-1.0,0.8427328941838699,45.29398932624473,-3.0,44.0
2024_07_MIA_IND,2024,7,202407,total,over,0.47322970639032813,-112.0,0.5283018867924528,loss,0.0,-1.0,0.8427328941838699,45.29398932624473,-3.0,44.0
2024_07_MIA_IND,2024,7,202407,total,under,0.5267702936096719,-108.0,0.5192307692307693,win,1.0,0.9259259259259259,0.8427328941838699,45.29398932624473,-3.0,44.0
2024_07_NYJ_PIT,2024,7,202407,spread,home,0.7530224525043178,-112.0,0.5283018867924528,win,1.0,0.8928571428571429,4.181604617165538,39.92876741084953,3.0,40.0
2024_07_NYJ_PIT,2024,7,202407,spread,away,0.24697754749568224,-108.0,0.5192307692307693,loss,0.0,-1.0,4.181604617165538,39.92876741084953,3.0,40.0
2024_07_NYJ_PIT,2024,7,202407,total,over,0.42487046632124353,-110.0,0.5238095238095238,win,1.0,0.9090909090909091,4.181604617165538,39.92876741084953,3.0,40.0
2024_07_NYJ_PIT,2024,7,202407,total,under,0.5751295336787565,-110.0,0.5238095238095238,loss,0.0,-1.0,4.181604617165538,39.92876741084953,3.0,40.0
2024_07_PHI_NYG,2024,7,202407,spread,home,0.5440414507772021,100.0,0.5,loss,0.0,-1.0,-2.2499156863157483,43.87304629571003,3.0,42.0
2024_07_PHI_NYG,2024,7,202407,spread,away,0.4559585492227979,-120.0,0.5454545454545454,win,1.0,0.8333333333333334,-2.2499156863157483,43.87304629571003,3.0,42.0
2024_07_PHI_NYG,2024,7,202407,total,over,0.48704663212435234,-110.0,0.5238095238095238,loss,0.0,-1.0,-2.2499156863157483,43.87304629571003,3.0,42.0
2024_07_PHI_NYG,2024,7,202407,total,under,0.5129533678756477,-110.0,0.5238095238095238,win,1.0,0.9090909090909091,-2.2499156863157483,43.87304629571003,3.0,42.0
2024_07_SEA_ATL,2024,7,202407,spread,home,0.44905008635578586,-105.0,0.5121951219512195,loss,0.0,-1.0,1.062439012267792,50.33526761277028,-3.0,51.5
2024_07_SEA_ATL,2024,7,202407,spread,away,0.5509499136442142,-115.0,0.5348837209302325,win,1.0,0.8695652173913043,1.062439012267792,50.33526761277028,-3.0,51.5
2024_07_SEA_ATL,2024,7,202407,total,over,0.385146804835924,-110.0,0.5238095238095238,loss,0.0,-1.0,1.062439012267792,50.33526761277028,-3.0,51.5
2024_07_SEA_ATL,2024,7,202407,total,under,0.614853195164076,-110.0,0.5238095238095238,win,1.0,0.9090909090909091,1.062439012267792,50.33526761277028,-3.0,51.5
2024_07_TEN_BUF,2024,7,202407,spread,home,0.5043177892918825,-110.0,0.5238095238095238,win,1.0,0.9090909090909091,8.86834236325232,47.4076390802734,-9.5,41.0
2024_07_TEN_BUF,2024,7,202407,spread,away,0.49568221070811747,-110.0,0.5238095238095238,loss,0.0,-1.0,8.86834236325232,47.4076390802734,-9.5,41.0
2024_07_TEN_BUF,2024,7,202407,total,over,0.6338514680483592,-112.0,0.5283018867924528,win,1.0,0.8928571428571429,8.86834236325232,47.4076390802734,-9.5,41.0
2024_07_TEN_BUF,2024,7,202407,total,under,0.36614853195164077,-108.0,0.5192307692307693,loss,0.0,-1.0,8.86834236325232,47.4076390802734,-9.5,41.0
2024_08_ARI_MIA,2024,8,202408,spread,home,0.4408783783783784,-112.0,0.5283018867924528,loss,0.0,-1.0,1.9225464284363003,41.57189685045478,-4.0,46.5
2024_08_ARI_MIA,2024,8,202408,spread,away,0.5591216216216216,-108.0,0.5192307692307693,win,1.0,0.9259259259259259,1.9225464284363003,41.57189685045478,-4.0,46.5
2024_08_ARI_MIA,2024,8,202408,total,over,0.2922297297297297,-110.0,0.5238095238095238,win,1.0,0.9090909090909091,1.9225464284363003,41.57189685045478,-4.0,46.5
2024_08_ARI_MIA,2024,8,202408,total,under,0.7077702702702703,-110.0,0.5238095238095238,loss,0.0,-1.0,1.9225464284363003,41.57189685045478,-4.0,46.5
2024_08_ATL_TB,2024,8,202408,spread,home,0.722972972972973,-110.0,0.5238095238095238,loss,0.0,-1.0,4.253051641350593,47.700135179342304,1.5,47.0
2024_08_ATL_TB,2024,8,202408,spread,away,0.277027027027027,-110.0,0.5238095238095238,win,1.0,0.9090909090909091,4.253051641350593,47.700135179342304,1.5,47.0
2024_08_ATL_TB,2024,8,202408,total,over,0.44932432432432434,-112.0,0.5283018867924528,win,1.0,0.8928571428571429,4.253051641350593,47.700135179342304,1.5,47.0
2024_08_ATL_TB,2024,8,202408,total,under,0.5506756756756757,-108.0,0.5192307692307693,loss,0.0,-1.0,4.253051641350593,47.700135179342304,1.5,47.0
2024_08_BAL_CLE,2024,8,202408,spread,home,0.38344594594594594,-110.0,0.5238095238095238,win,1.0,0.9090909090909091,-11.046777087773684,47.19317203918264,7.5,44.5
2024_08_BAL_CLE,2024,8,202408,spread,away,0.6165540540540541,-110.0,0.5238095238095238,loss,0.0,-1.0,-11.046777087773684,47.19317203918264,7.5,44.5
2024_08_BAL_CLE,2024,8,202408,total,over,0.5016891891891891,-115.0,0.5348837209302325,win,1.0,0.8695652173913043,-11.046777087773684,47.19317203918264,7.5,44.5
2024_08_BAL_CLE,2024,8,202408,total,under,0.49831081081081086,-105.0,0.5121951219512195,loss,0.0,-1.0,-11.046777087773684,47.19317203918264,7.5,44.5
2024_08_BUF_SEA,2024,8,202408,spread,home,0.46790540540540543,100.0,0.5,loss,0.0,-1.0,-4.491577898424053,47.19635690292479,3.0,45.5
2024_08_BUF_SEA,2024,8,202408,spread,away,0.5320945945945945,-120.0,0.5454545454545454,win,1.0,0.8333333333333334,-4.491577898424053,47.19635690292479,3.0,45.5
2024_08_BUF_SEA,2024,8,202408,total,over,0.4814189189189189,-115.0,0.5348837209302325,loss,0.0,-1.0,-4.491577898424053,47.19635690292479,3.0,45.5
2024_08_BUF_SEA,2024,8,202408,total,under,0.5185810810810811,-105.0,0.5121951219512195,win,1.0,0.9523809523809523,-4.491577898424053,47.19635690292479,3.0,45.5
2024_08_CAR_DEN,2024,8,202408,spread,home,0.38344594594594594,-110.0,0.5238095238095238,win,1.0,0.9090909090909091,9.378051381803523,36.132192566733295,-13.0,40.5
2024_08_CAR_DEN,2024,8,202408,spread,away,0.6165540540540541,-110.0,0.5238095238095238,loss,0.0,-1.0,9.378051381803523,36.132192566733295,-13.0,40.5
2024_08_CAR_DEN,2024,8,202408,total,over,0.2989864864864865,-108.0,0.5192307692307693,win,1.0,0.9259259259259259,9.378051381803523,36.132192566733295,-13.0,40.5
2024_08_CAR_DEN,2024,8,202408,total,under,0.7010135135135135,-112.0,0.5283018867924528,loss,0.0,-1.0,9.378051381803523,36.132192566733295,-13.0,40.5
2024_08_CHI_WAS,2024,8,202408,spread,home,0.5388513513513513,-110.0,0.5238095238095238,win,1.0,0.9090909090909091,2.102206246428711,44.839925338991314,-1.5,46.5
2024_08_CHI_WAS,2024,8,202408,spread,away,0.4611486486486487,-110.0,0.5238095238095238,loss,0.0,-1.0,2.102206246428711,44.839925338991314,-1.5,46.5
2024_08_CHI_WAS,2024,8,202408,total,over,0.36824324324324326,-112.0,0.5283018867924528,loss,0.0,-1.0,2.102206246428711,44.839925338991314,-1.5,46.5
2024_08_CHI_WAS,2024,8,202408,total,under,0.6317567567567568,-108.0,0.5192307692307693,win,1.0,0.9259259259259259,2.102206246428711,44.839925338991314,-1.5,46.5
2024_08_DAL_SF,2024,8,202408,spread,home,0.5472972972972973,-115.0,0.5348837209302325,win,1.0,0.8695652173913043,6.283158216241754,48.006016546493015,-5.5,48.0
2024_08_DAL_SF,2024,8,202408,spread,away,0.45270270270270274,-105.0,0.5121951219512195,loss,0.0,-1.0,6.283158216241754,48.006016546493015,-5.5,48.0
2024_08_DAL_SF,2024,8,202408,total,over,0.43074324324324326,-110.0,0.5238095238095238,win,1.0,0.9090909090909091,6.283158216241754,48.006016546493015,-5.5,48.0
2024_08_DAL_SF,2024,8,202408,total,under,0.5692567567567568,-110.0,0.5238095238095238,loss,0.0,-1.0,6.283158216241754,48.006016546493015,-5.5,48.0
2024_08_GB_JAX,2024,8,202408,spread,home,0.5422297297297297,-105.0,0.5121951219512195,win,1.0,0.9523809523809523,-2.8002022219063574,49.24329176091038,3.5,49.0
2024_08_GB_JAX,2024,8,202408,spread,away,0.4577702702702703,-115.0,0.5348837209302325,loss,0.0,-1.0,-2.8002022219063574,49.24329176091038,3.5,49.0
2024_08_GB_JAX,2024,8,202408,total,over,0.4375,-108.0,0.5192307692307693,win,1.0,0.9259259259259259,-2.8002022219063574,49.24329176091038,3.5,49.0
2024_08_GB_JAX,2024,8,202408,total,under,0.5625,-112.0,0.5283018867924528,loss,0.0,-1.0,-2.8002022219063574,49.24329176091038,3.5,49.0
2024_08_IND_HOU,2024,8,202408,spread,home,0.5084459459459459,-108.0,0.5192307692307693,loss,0.0,-1.0,4.630414658680822,44.75814152230048,-5.0,45.0
2024_08_IND_HOU,2024,8,202408,spread,away,0.49155405405405406,-112.0,0.5283018867924528,win,1.0,0.8928571428571429,4.630414658680822,44.75814152230048,-5.0,45.0
2024_08_IND_HOU,2024,8,202408,total,over,0.41385135135135137,-112.0,0.5283018867924528,loss,0.0,-1.0,4.630414658680822,44.75814152230048,-5.0,45.0
2024_08_IND_HOU,2024,8,202408,total,under,0.5861486486486487,-108.0,0.5192307692307693,win,1.0,0.9259259259259259,4.630414658680822,44.75814152230048,-5.0,45.0
2024_08_KC_LV,2024,8,202408,spread,home,0.606418918918919,-108.0,0.5192307692307693,win,1.0,0.9259259259259259,-6.821989362566828,42.6605490375922,9.0,42.0
2024_08_KC_LV,2024,8,202408,spread,away,0.39358108108108103,-112.0,0.5283018867924528,loss,0.0,-1.0,-6.821989362566828,42.6605490375922,9.0,42.0
2024_08_KC_LV,2024,8,202408,total,over,0.44763513513513514,-112.0,0.5283018867924528,win,1.0,0.8928571428571429,-6.821989362566828,42.6605490375922,9.0,42.0
2024_08_KC_LV,2024,8,202408,total,under,0.5523648648648649,-108.0,0.5192307692307693,loss,0.0,-1.0,-6.821989362566828,42.6605490375922,9.0,42.0
2024_08_MIN_LA,2024,8,202408,spread,home,0.7027027027027027,-115.0,0.5348837209302325,win,1.0,0.8695652173913043,2.299469896584675,47.06209157610181,3.0,47.5
2024_08_MIN_LA,2024,8,202408,spread,away,0.29729729729729726,-105.0,0.5121951219512195,loss,0.0,-1.0,2.299469896584675,47.06209157610181,3.0,47.5
2024_08_MIN_LA,2024,8,202408,total,over,0.40878378378378377,-110.0,0.5238095238095238,win,1.0,0.9090909090909091,2.299469896584675,47.06209157610181,3.0,47.5
2024_08_MIN_LA,2024,8,202408,total,under,0.5912162162162162,-110.0,0.5238095238095238,loss,0.0,-1.0,2.299469896584675,47.06209157610181,3.0,47.5
2024_08_NO_LAC,2024,8,202408,spread,home,0.3530405405405405,-110.0,0.5238095238095238,win,1.0,0.9090909090909091,2.1690554595527525,40.74882054349826,-7.0,41.5
2024_08_NO_LAC,2024,8,202408,spread,away,0.6469594594594594,-110.0,0.5238095238095238,loss,0.0,-1.0,2.1690554595527525,40.74882054349826,-7.0,41.5
2024_08_NO_LAC,2024,8,202408,total,over,0.3952702702702703,-112.0,0.5283018867924528,loss,0.0,-1.0,2.1690554595527525,40.74882054349826,-7.0,41.5
2024_08_NO_LAC,2024,8,202408,total,under,0.6047297297297297,-108.0,0.5192307692307693,win,1.0,0.9259259259259259,2.1690554595527525,40.74882054349826,-7.0,41.5
2024_08_NYG_PIT,2024,8,202408,spread,home,0.527027027027027,-115.0,0.5348837209302325,win,1.0,0.8695652173913043,6.216903161517109,41.34193437105119,-6.0,37.5
2024_08_NYG_PIT,2024,8,202408,spread,away,0.472972972972973,-105.0,0.5121951219512195,loss,0.0,-1.0,6.216903161517109,41.34193437105119,-6.0,37.5
2024_08_NYG_PIT,2024,8,202408,total,over,0.5456081081081081,-110.0,0.5238095238095238,win,1.0,0.9090909090909091,6.216903161517109,41.34193437105119,-6.0,37.5
2024_08_NYG_PIT,2024,8,202408,total,under,0.4543918918918919,-110.0,0.5238095238095238,loss,0.0,-1.0,6.216903161517109,41.34193437105119,-6.0,37.5
2024_08_NYJ_NE,2024,8,202408,spread,home,0.6621621621621622,-110.0,0.5238095238095238,win,1.0,0.9090909090909091,-2.9461146993362486,38.86304369356437,7.0,41.0
2024_08_NYJ_NE,2024,8,202408,spread,away,0.33783783783783783,-110.0,0.5238095238095238,loss,0.0,-1.0,-2.9461146993362486,38.86304369356437,7.0,41.0
2024_08_NYJ_NE,2024,8,202408,total,over,0.3564189189189189,-110.0,0.5238095238095238,win,1.0,0.9090909090909091,-2.9461146993362486,38.86304369356437,7.0,41.0
2024_08_NYJ_NE,2024,8,202408,total,under,0.6435810810810811,-110.0,0.5238095238095238,loss,0.0,-1.0,-2.9461146993362486,38.86304369356437,7.0,41.0
2024_08_PHI_CIN,2024,8,202408,spread,home,0.42905405405405406,-120.0,0.5454545454545454,loss,0.0,-1.0,0.1858520945718436,49.03339156357247,-2.5,47.5
2024_08_PHI_CIN,2024,8,202408,spread,away,0.5709459459459459,100.0,0.5,win,1.0,1.0,0.1858520945718436,49.03339156357247,-2.5,47.5
2024_08_PHI_CIN,2024,8,202408,total,over,0.47635135135135137,-112.0,0.5283018867924528,win,1.0,0.8928571428571429,0.1858520945718436,49.03339156357247,-2.5,47.5
2024_08_PHI_CIN,2024,8,202408,total,under,0.5236486486486487,-108.0,0.5192307692307693,loss,0.0,-1.0,0.1858520945718436,49.03339156357247,-2.5,47.5
2024_08_TEN_DET,2024,8,202408,spread,home,0.5168918918918919,-115.0,0.5348837209302325,win,1.0,0.8695652173913043,12.356843305530775,52.48834216557064,-12.5,45.0
2024_08_TEN_DET,2024,8,202408,spread,away,0.4831081081081081,-105.0,0.5121951219512195,loss,0.0,-1.0,12.356843305530775,52.48834216557064,-12.5,45.0
2024_08_TEN_DET,2024,8,202408,total,over,0.6790540540540541,-112.0,0.5283018867924528,win,1.0,0.8928571428571429,12.356843305530775,52.48834216557064,-12.5,45.0
2024_08_TEN_DET,2024,8,202408,total,under,0.32094594594594594,-108.0,0.5192307692307693,loss,0.0,-1.0,12.356843305530775,52.48834216557064,-12.5,45.0
2024_09_CHI_ARI,2024,9,202409,spread,home,0.41118421052631576,-110.0,0.5238095238095238,win,1.0,0.9090909090909091,-1.203668963778894,44.87079039027719,-1.5,44.5
2024_09_CHI_ARI,2024,9,202409,spread,away,0.5888157894736843,-110.0,0.5238095238095238,loss,0.0,-1.0,-1.203668963778894,44.87079039027719,-1.5,44.5
2024_09_CHI_ARI,2024,9,202409,total,over,0.45394736842105265,-110.0,0.5238095238095238,loss,0.0,-1.0,-1.203668963778894,44.87079039027719,-1.5,44.5
2024_09_CHI_ARI,2024,9,202409,total,under,0.5460526315789473,-110.0,0.5238095238095238,win,1.0,0.9090909090909091,-1.203668963778894,44.87079039027719,-1.5,44.5
2024_09_DAL_ATL,2024,9,202409,spread,home,0.5115131578947368,-115.0,0.5348837209302325,win,1.0,0.8695652173913043,2.7434662854737457,50.82364888776148,-3.0,52.0
2024_09_DAL_ATL,2024,9,202409,spread,away,0.48848684210526316,-105.0,0.5121951219512195,loss,0.0,-1.0,2.7434662854737457,50.82364888776148,-3.0,52.0
2024_09_DAL_ATL,2024,9,202409,total,over,0.39144736842105265,-108.0,0.5192307692307693,loss,0.0,-1.0,2.7434662854737457,50.82364888776148,-3.0,52.0
2024_09_DAL_ATL,2024,9,202409,total,under,0.6085526315789473,-112.0,0.5283018867924528,win,1.0,0.8928571428571429,2.7434662854737457,50.82364888776148,-3.0,52.0
2024_09_DEN_BAL,2024,9,202409,spread,home,0.5921052631578947,-105.0,0.5121951219512195,win,1.0,0.9523809523809523,10.795197636556884,47.52590158029142,-9.0,46.5
2024_09_DEN_BAL,2024,9,202409,spread,away,0.4078947368421053,-115.0,0.5348837209302325,loss,0.0,-1.0,10.795197636556884,47.52590158029142,-9.0,46.5
2024_09_DEN_BAL,2024,9,202409,total,over,0.47039473684210525,-110.0,0.5238095238095238,win,1.0,0.9090909090909091,10.795197636556884,47.52590158029142,-9.0,46.5
2024_09_DEN_BAL,2024,9,202409,total,under,0.5296052631578947,-110.0,0.5238095238095238,loss,0.0,-1.0,10.795197636556884,47.52590158029142,-9.0,46.5
2024_09_DET_GB,2024,9,202409,spread,home,0.46710526315789475,100.0,0.5,loss,0.0,-1.0,-4.082231810237087,49.58618315844682,2.5,47.5
2024_09_DET_GB,2024,9,202409,spread,away,0.5328947368421053,-120.0,0.5454545454545454,win,1.0,0.8333333333333334,-4.082231810237087,49.58618315844682,2.5,47.5
2024_09_DET_GB,2024,9,202409,total,over,0.49835526315789475,-112.0,0.5283018867924528,loss,0.0,-1.0,-4.082231810237087,49.58618315844682,2.5,47.5
2024_09_DET_GB,2024,9,202409,total,under,0.5016447368421053,-108.0,0.5192307692307693,win,1.0,0.9259259259259259,-4.082231810237087,49.58618315844682,2.5,47.5
2024_09_HOU_NYJ,2024,9,202409,spread,home,0.4029605263157895,-120.0,0.5454545454545454,win,1.0,0.8333333333333334,-0.4098478829312717,43.11219539650634,-2.5,43.5
2024_09_HOU_NYJ,2024,9,202409,spread,away,0.5970394736842105,100.0,0.5,loss,0.0,-1.0,-0.4098478829312717,43.11219539650634,-2.5,43.5
2024_09_HOU_NYJ,2024,9,202409,total,over,0.42105263157894735,-115.0,0.5348837209302325,loss,0.0,-1.0,-0.4098478829312717,43.11219539650634,-2.5,43.5
2024_09_HOU_NYJ,2024,9,202409,total,under,0.5789473684210527,-105.0,0.5121951219512195,win,1.0,0.9523809523809523,-0.4098478829312717,43.11219539650634,-2.5,43.5
2024_09_IND_MIN,2024,9,202409,spread,home,0.4555921052631579,-110.0,0.5238095238095238,win,1.0,0.9090909090909091,4.782699167065723,48.78173350355365,-6.5,47.0
2024_09_IND_MIN,2024,9,202409,spread,away,0.544407894736842,-110.0,0.5238095238095238,loss,0.0,-1.0,4.782699167065723,48.78173350355365,-6.5,47.0
2024_09_IND_MIN,2024,9,202409,total,over,0.4901315789473684,-110.0,0.5238095238095238,loss,0.0,-1.0,4.782699167065723,48.78173350355365,-6.5,47.0
2024_09_IND_MIN,2024,9,202409,total,under,0.5098684210526316,-110.0,0.5238095238095238,win,1.0,0.9090909090909091,4.782699167065723,48.78173350355365,-6.5,47.0
2024_09_JAX_PHI,2024,9,202409,spread,home,0.4473684210526316,-108.0,0.5192307692307693,loss,0.0,-1.0,5.63637994458157,50.458654624510615,-7.5,46.0
2024_09_JAX_PHI,2024,9,202409,spread,away,0.5526315789473684,-112.0,0.5283018867924528,win,1.0,0.8928571428571429,5.63637994458157,50.458654624510615,-7.5,46.0
2024_09_JAX_PHI,2024,9,202409,total,over,0.5838815789473685,-110.0,0.5238095238095238,win,1.0,0.9090909090909091,5.63637994458157,50.458654624510615,-7.5,46.0
2024_09_JAX_PHI,2024,9,202409,total,under,0.4161184210526315,-110.0,0.5238095238095238,loss,0.0,-1.0,5.63637994458157,50.458654624510615,-7.5,46.0
2024_09_LAC_CLE,2024,9,202409,spread,home,0.5855263157894737,-110.0,0.5238095238095238,loss,0.0,-1.0,-0.3849409999840505,41.84662306707476,2.0,42.5
2024_09_LAC_CLE,2024,9,202409,spread,away,0.4144736842105263,-110.0,0.5238095238095238,win,1.0,0.9090909090909091,-0.3849409999840505,41.84662306707476,2.0,42.5
2024_09_LAC_CLE,2024,9,202409,total,over,0.40625,-112.0,0.5283018867924528,loss,0.0,-1.0,-0.3849409999840505,41.84662306707476,2.0,42.5
2024_09_LAC_CLE,2024,9,202409,total,under,0.59375,-108.0,0.5192307692307693,win,1.0,0.9259259259259259,-0.3849409999840505,41.84662306707476,2.0,42.5
2024_09_LA_SEA,2024,9,202409,spread,home,0.5180921052631579,-108.0,0.5192307692307693,loss,0.0,-1.0,-1.553387502947177,44.13803412116844,1.5,48.5
2024_09_LA_SEA,2024,9,202409,spread,away,0.48190789473684215,-112.0,0.5283018867924528,win,1.0,0.8928571428571429,-1.553387502947177,44.13803412116844,1.5,48.5
2024_09_LA_SEA,2024,9,202409,total,over,0.3059210526315789,-110.0,0.5238095238095238,loss,0.0,-1.0,-1.553387502947177,44.13803412116844,1.5,48.5
2024_09_LA_SEA,2024,9,202409,total,under,0.694078947368421,-110.0,0.5238095238095238,win,1.0,0.9090909090909091,-1.553387502947177,44.13803412116844,1.5,48.5
2024_09_LV_CIN,2024,9,202409,spread,home,0.39473684210526316,-110.0,0.5238095238095238,win,1.0,0.9090909090909091,4.851547645408354,45.28458740578373,-8.0,45.0
2024_09_LV_CIN,2024,9,202409,spread,away,0.6052631578947368,-110.0,0.5238095238095238,loss,0.0,-1.0,4.851547645408354,45.28458740578373,-8.0,45.0
2024_09_LV_CIN,2024,9,202409,total,over,0.4473684210526316,-112.0,0.5283018867924528,win,1.0,0.8928571428571429,4.851547645408354,45.28458740578373,-8.0,45.0
2024_09_LV_CIN,2024,9,202409,total,under,0.5526315789473684,-108.0,0.5192307692307693,loss,0.0,-1.0,4.851547645408354,45.28458740578373,-8.0,45.0
2024_09_MIA_BUF,2024,9,202409,spread,home,0.6348684210526315,-110.0,0.5238095238095238,loss,0.0,-1.0,9.224583604038086,48.14952309758398,-6.5,49.0
2024_09_MIA_BUF,2024,9,202409,spread,away,0.3651315789473685,-110.0,0.5238095238095238,win,1.0,0.9090909090909091,9.224583604038086,48.14952309758398,-6.5,49.0
2024_09_MIA_BUF,2024,9,202409,total,over,0.3980263157894737,-112.0,0.5283018867924528,win,1.0,0.8928571428571429,9.224583604038086,48.14952309758398,-6.5,49.0
2024_09_MIA_BUF,2024,9,202409,total,under,0.6019736842105263,-108.0,0.5192307692307693,loss,0.0,-1.0,9.224583604038086,48.14952309758398,-6.5,49.0
2024_09_NE_TEN,2024,9,202409,spread,home,0.5328947368421053,-115.0,0.5348837209302325,push,,0.0,3.2689164429771136,39.61631264161683,-3.0,38.5
2024_09_NE_TEN,2024,9,202409,spread,away,0.4671052631578947,-105.0,0.5121951219512195,push,,0.0,3.2689164429771136,39.61631264161683,-3.0,38.5
2024_09_NE_TEN,2024,9,202409,total,over,0.4720394736842105,-110.0,0.5238095238095238,loss,0.0,-1.0,3.2689164429771136,39.61631264161683,-3.0,38.5
2024_09_NE_TEN,2024,9,202409,total,under,0.5279605263157895,-110.0,0.5238095238095238,win,1.0,0.9090909090909091,3.2689164429771136,39.61631264161683,-3.0,38.5
2024_09_NO_CAR,2024,9,202409,spread,home,0.53125,-102.0,0.504950495049505,win,1.0,0.9803921568627451,-6.753399762136498,42.496397472417485,7.0,43.5
2024_09_NO_CAR,2024,9,202409,spread,away,0.46875,-118.0,0.5412844036697247,loss,0.0,-1.0,-6.753399762136498,42.496397472417485,7.0,43.5
2024_09_NO_CAR,2024,9,202409,total,over,0.3980263157894737,-112.0,0.5283018867924528,win,1.0,0.8928571428571429,-6.753399762136498,42.496397472417485,7.0,43.5
2024_09_NO_CAR,2024,9,202409,total,under,0.6019736842105263,-108.0,0.5192307692307693,loss,0.0,-1.0,-6.753399762136498,42.496397472417485,7.0,43.5
2024_09_TB_KC,2024,9,202409,spread,home,0.3667763157894737,-110.0,0.5238095238095238,loss,0.0,-1.0,4.806513916763166,45.90405361954666,-9.0,45.5
2024_09_TB_KC,2024,9,202409,spread,away,0.6332236842105263,-110.0,0.5238095238095238,win,1.0,0.9090909090909091,4.806513916763166,45.90405361954666,-9.0,45.5
2024_09_TB_KC,2024,9,202409,total,over,0.45394736842105265,-112.0,0.5283018867924528,win,1.0,0.8928571428571429,4.806513916763166,45.90405361954666,-9.0,45.5
2024_09_TB_KC,2024,9,202409,total,under,0.5460526315789473,-108.0,0.5192307692307693,loss,0.0,-1.0,4.806513916763166,45.90405361954666,-9.0,45.5
2024_09_WAS_NYG,2024,9,202409,spread,home,0.47039473684210525,-112.0,0.5283018867924528,loss,0.0,-1.0,-5.791235565500802,44.09460227614299,4.5,44.5
2024_09_WAS_NYG,2024,9,202409,spread,away,0.5296052631578947,-108.0,0.5192307692307693,win,1.0,0.9259259259259259,-5.791235565500802,44.09460227614299,4.5,44.5
2024_09_WAS_NYG,2024,9,202409,total,over,0.4194078947368421,-110.0,0.5238095238095238,win,1.0,0.9090909090909091,-5.791235565500802,44.09460227614299,4.5,44.5
2024_09_WAS_NYG,2024,9,202409,total,under,0.580592105263158,-110.0,0.5238095238095238,loss,0.0,-1.0,-5.791235565500802,44.09460227614299,4.5,44.5
2024_10_ATL_NO,2024,10,202410,spread,home,0.6035313001605136,-108.0,0.5192307692307693,win,1.0,0.9259259259259259,-1.4511346285728228,51.45681946733794,3.5,46.5
2024_10_ATL_NO,2024,10,202410,spread,away,0.3964686998394864,-112.0,0.5283018867924528,loss,0.0,-1.0,-1.4511346285728228,51.45681946733794,3.5,46.5
2024_10_ATL_NO,2024,10,202410,total,over,0.6035313001605136,-108.0,0.5192307692307693,loss,0.0,-1.0,-1.4511346285728228,51.45681946733794,3.5,46.5
2024_10_ATL_NO,2024,10,202410,total,under,0.3964686998394864,-112.0,0.5283018867924528,win,1.0,0.8928571428571429,-1.4511346285728228,51.45681946733794,3.5,46.5
2024_10_BUF_IND,2024,10,202410,spread,home,0.36757624398073835,-105.0,0.5121951219512195,loss,0.0,-1.0,-8.685592771309867,50.45151528511428,4.5,46.5
2024_10_BUF_IND,2024,10,202410,spread,away,0.6324237560192616,-115.0,0.5348837209302325,win,1.0,0.8695652173913043,-8.685592771309867,50.45151528511428,4.5,46.5
2024_10_BUF_IND,2024,10,202410,total,over,0.5634028892455859,-112.0,0.5283018867924528,win,1.0,0.8928571428571429,-8.685592771309867,50.45151528511428,4.5,46.5
2024_10_BUF_IND,2024,10,202410,total,under,0.4365971107544141,-108.0,0.5192307692307693,loss,0.0,-1.0,-8.685592771309867,50.45151528511428,4.5,46.5
2024_10_CIN_BAL,2024,10,202410,spread,home,0.6067415730337079,-112.0,0.5283018867924528,loss,0.0,-1.0,8.07679285473223,54.5470525608872,-6.0,53.0
2024_10_CIN_BAL,2024,10,202410,spread,away,0.3932584269662921,-108.0,0.5192307692307693,win,1.0,0.9259259259259259,8.07679285473223,54.5470525608872,-6.0,53.0
2024_10_CIN_BAL,2024,10,202410,total,over,0.48475120385232745,-112.0,0.5283018867924528,win,1.0,0.8928571428571429,8.07679285473223,54.5470525608872,-6.0,53.0
2024_10_CIN_BAL,2024,10,202410,total,under,0.5152487961476726,-108.0,0.5192307692307693,loss,0.0,-1.0,8.07679285473223,54.5470525608872,-6.0,53.0
2024_10_DEN_KC,2024,10,202410,spread,home,0.6420545746388443,-105.0,0.5121951219512195,loss,0.0,-1.0,10.413203559219172,39.85749453565439,-7.5,42.5
2024_10_DEN_KC,2024,10,202410,spread,away,0.3579454253611557,-115.0,0.5348837209302325,win,1.0,0.8695652173913043,10.413203559219172,39.85749453565439,-7.5,42.5
2024_10_DEN_KC,2024,10,202410,total,over,0.35152487961476725,-110.0,0.5238095238095238,loss,0.0,-1.0,10.413203559219172,39.85749453565439,-7.5,42.5
2024_10_DEN_KC,2024,10,202410,total,under,0.6484751203852328,-110.0,0.5238095238095238,win,1.0,0.9090909090909091,10.413203559219172,39.85749453565439,-7.5,42.5
2024_10_DET_HOU,2024,10,202410,spread,home,0.45264847512038525,-110.0,0.5238095238095238,win,1.0,0.9090909090909091,-6.2508139817363375,52.51539295034955,4.5,49.0
2024_10_DET_HOU,2024,10,202410,spread,away,0.5473515248796148,-110.0,0.5238095238095238,loss,0.0,-1.0,-6.2508139817363375,52.51539295034955,4.5,49.0
2024_10_DET_HOU,2024,10,202410,total,over,0.5441412520064205,-112.0,0.5283018867924528,push,,0.0,-6.2508139817363375,52.51539295034955,4.5,49.0
2024_10_DET_HOU,2024,10,202410,total,under,0.4558587479935795,-110.0,0.5238095238095238,push,,0.0,-6.2508139817363375,52.51539295034955,4.5,49.0
2024_10_MIA_LA,2024,10,202410,spread,home,0.550561797752809,-118.0,0.5412844036697247,loss,0.0,-1.0,3.1984975935641824,49.28000082436684,-2.5,49.5
2024_10_MIA_LA,2024,10,202410,spread,away,0.449438202247191,-102.0,0.504950495049505,win,1.0,0.9803921568627451,3.1984975935641824,49.28000082436684,-2.5,49.5
2024_10_MIA_LA,2024,10,202410,total,over,0.42696629213483145,-112.0,0.5283018867924528,loss,0.0,-1.0,3.1984975935641824,49.28000082436684,-2.5,49.5
2024_10_MIA_LA,2024,10,202410,total,under,0.5730337078651686,-108.0,0.5192307692307693,win,1.0,0.9259259259259259,3.1984975935641824,49.28000082436684,-2.5,49.5
2024_10_MIN_JAX,2024,10,202410,spread,home,0.6709470304975923,100.0,0.5,win,1.0,1.0,-2.6395153746198288,43.83403198827386,7.0,42.5
2024_10_MIN_JAX,2024,10,202410,spread,away,0.3290529695024077,-120.0,0.5454545454545454,loss,0.0,-1.0,-2.6395153746198288,43.83403198827386,7.0,42.5
2024_10_MIN_JAX,2024,10,202410,total,over,0.4799357945425361,-112.0,0.5283018867924528,loss,0.0,-1.0,-2.6395153746198288,43.83403198827386,7.0,42.5
2024_10_MIN_JAX,2024,10,202410,total,under,0.5200642054574639,-108.0,0.5192307692307693,win,1.0,0.9259259259259259,-2.6395153746198288,43.83403198827386,7.0,42.5
2024_10_NE_CHI,2024,10,202410,spread,home,0.5521669341894061,-110.0,0.5238095238095238,loss,0.0,-1.0,7.215892426085789,39.25433609303072,-6.5,37.5
2024_10_NE_CHI,2024,10,202410,spread,away,0.4478330658105939,-110.0,0.5238095238095238,win,1.0,0.9090909090909091,7.215892426085789,39.25433609303072,-6.5,37.5
2024_10_NE_CHI,2024,10,202410,total,over,0.4895666131621188,-108.0,0.5192307692307693,loss,0.0,-1.0,7.215892426085789,39.25433609303072,-6.5,37.5
2024_10_NE_CHI,2024,10,202410,total,under,0.5104333868378812,-112.0,0.5283018867924528,win,1.0,0.8928571428571429,7.215892426085789,39.25433609303072,-6.5,37.5
2024_10_NYG_CAR,2024,10,202410,spread,home,0.6067415730337079,-102.0,0.504950495049505,win,1.0,0.9803921568627451,-4.422867335961543,40.19477696474034,6.5,40.5
2024_10_NYG_CAR,2024,10,202410,spread,away,0.3932584269662921,-118.0,0.5412844036697247,loss,0.0,-1.0,-4.422867335961543,40.19477696474034,6.5,40.5
2024_10_NYG_CAR,2024,10,202410,total,over,0.42536115569823435,-105.0,0.5121951219512195,loss,0.0,-1.0,-4.422867335961543,40.19477696474034,6.5,40.5
2024_10_NYG_CAR,2024,10,202410,total,under,0.5746388443017656,-115.0,0.5348837209302325,win,1.0,0.8695652173913043,-4.422867335961543,40.19477696474034,6.5,40.5
2024_10_NYJ_ARI,2024,10,202410,spread,home,0.666131621187801,-110.0,0.5238095238095238,win,1.0,0.9090909090909091,1.833859632333041,47.33931374109268,2.0,45.5
2024_10_NYJ_ARI,2024,10,202410,spread,away,0.333868378812199,-110.0,0.5238095238095238,loss,0.0,-1.0,1.833859632333041,47.33931374109268,2.0,45.5
2024_10_NYJ_ARI,2024,10,202410,total,over,0.492776886035313,-112.0,0.5283018867924528,loss,0.0,-1.0,1.833859632333041,47.33931374109268,2.0,45.5
2024_10_NYJ_ARI,2024,10,202410,total,under,0.507223113964687,-108.0,0.5192307692307693,win,1.0,0.9259259259259259,1.833859632333041,47.33931374109268,2.0,45.5
2024_10_PHI_DAL,2024,10,202410,spread,home,0.680577849117175,-112.0,0.5283018867924528,loss,0.0,-1.0,-2.9952011877213995,51.76987445840126,7.5,44.5
2024_10_PHI_DAL,2024,10,202410,spread,away,0.319422150882825,-108.0,0.5192307692307693,win,1.0,0.9259259259259259,-2.9952011877213995,51.76987445840126,7.5,44.5
2024_10_PHI_DAL,2024,10,202410,total,over,0.6853932584269663,-110.0,0.5238095238095238,loss,0.0,-1.0,-2.9952011877213995,51.76987445840126,7.5,44.5
2024_10_PHI_DAL,2024,10,202410,total,under,0.3146067415730337,-110.0,0.5238095238095238,win,1.0,0.9090909090909091,-2.9952011877213995,51.76987445840126,7.5,44.5
2024_10_PIT_WAS,2024,10,202410,spread,home,0.6211878009630819,-110.0,0.5238095238095238,loss,0.0,-1.0,3.886361536839399,48.48675996497676,-1.5,45.0
2024_10_PIT_WAS,2024,10,202410,spread,away,0.3788121990369181,-110.0,0.5238095238095238,win,1.0,0.9090909090909091,3.886361536839399,48.48675996497676,-1.5,45.0
2024_10_PIT_WAS,2024,10,202410,total,over,0.5425361155698234,-112.0,0.5283018867924528,win,1.0,0.8928571428571429,3.886361536839399,48.48675996497676,-1.5,45.0
2024_10_PIT_WAS,2024,10,202410,total,under,0.4574638844301766,-108.0,0.5192307692307693,loss,0.0,-1.0,3.886361536839399,48.48675996497676,-1.5,45.0
2024_10_SF_TB,2024,10,202410,spread,home,0.666131621187801,-102.0,0.504950495049505,win,1.0,0.9803921568627451,-2.484935178560078,50.61130020326368,6.5,50.5
2024_10_SF_TB,2024,10,202410,spread,away,0.333868378812199,-118.0,0.5412844036697247,loss,0.0,-1.0,-2.484935178560078,50.61130020326368,6.5,50.5
2024_10_SF_TB,2024,10,202410,total,over,0.4462279293739968,-108.0,0.5192307692307693,loss,0.0,-1.0,-2.484935178560078,50.61130020326368,6.5,50.5
2024_10_SF_TB,2024,10,202410,total,under,0.5537720706260032,-112.0,0.5283018867924528,win,1.0,0.8928571428571429,-2.484935178560078,50.61130020326368,6.5,50.5
2024_10_TEN_LAC,2024,10,202410,spread,home,0.39807383627608345,-112.0,0.5283018867924528,win,1.0,0.8928571428571429,4.984288642882055,47.29319609262092,-8.0,40.0
2024_10_TEN_LAC,2024,10,202410,spread,away,0.6019261637239166,-108.0,0.5192307692307693,loss,0.0,-1.0,4.984288642882055,47.29319609262092,-8.0,40.0
2024_10_TEN_LAC,2024,10,202410,total,over,0.6853932584269663,-110.0,0.5238095238095238,win,1.0,0.9090909090909091,4.984288642882055,47.29319609262092,-8.0,40.0
2024_10_TEN_LAC,2024,10,202410,total,under,0.3146067415730337,-110.0,0.5238095238095238,loss,0.0,-1.0,4.984288642882055,47.29319609262092,-8.0,40.0
2024_11_ATL_DEN,2024,11,202411,spread,home,0.3218210361067504,-112.0,0.5283018867924528,win,1.0,0.8928571428571429,-3.4283778288513957,43.56467148954046,-2.0,44.5
2024_11_ATL_DEN,2024,11,202411,spread,away,0.6781789638932496,-108.0,0.5192307692307693,loss,0.0,-1.0,-3.4283778288513957,43.56467148954046,-2.0,44.5
2024_11_ATL_DEN,2024,11,202411,total,over,0.3940345368916798,-108.0,0.5192307692307693,loss,0.0,-1.0,-3.4283778288513957,43.56467148954046,-2.0,44.5
2024_11_ATL_DEN,2024,11,202411,total,under,0.6059654631083202,-112.0,0.5283018867924528,win,1.0,0.8928571428571429,-3.4283778288513957,43.56467148954046,-2.0,44.5
2024_11_BAL_PIT,2024,11,202411,spread,home,0.3704866562009419,100.0,0.5,win,1.0,1.0,-7.099843060645069,51.43716025123364,3.0,48.0
2024_11_BAL_PIT,2024,11,202411,spread,away,0.6295133437990581,-120.0,0.5454545454545454,loss,0.0,-1.0,-7.099843060645069,51.43716025123364,3.0,48.0
2024_11_BAL_PIT,2024,11,202411,total,over,0.5384615384615384,-112.0,0.5283018867924528,loss,0.0,-1.0,-7.099843060645069,51.43716025123364,3.0,48.0
2024_11_BAL_PIT,2024,11,202411,total,under,0.46153846153846156,-108.0,0.5192307692307693,win,1.0,0.9259259259259259,-7.099843060645069,51.43716025123364,3.0,48.0
2024_11_CIN_LAC,2024,11,202411,spread,home,0.42700156985871274,-102.0,0.504950495049505,win,1.0,0.9803921568627451,-1.3580328088007383,51.49693898886523,-1.0,48.0
2024_11_CIN_LAC,2024,11,202411,spread,away,0.5729984301412873,-118.0,0.5412844036697247,loss,0.0,-1.0,-1.3580328088007383,51.49693898886523,-1.0,48.0
2024_11_CIN_LAC,2024,11,202411,total,over,0.5400313971742543,-115.0,0.5348837209302325,win,1.0,0.8695652173913043,-1.3580328088007383,51.49693898886523,-1.0,48.0
2024_11_CIN_LAC,2024,11,202411,total,under,0.4599686028257457,-105.0,0.5121951219512195,loss,0.0,-1.0,-1.3580328088007383,51.49693898886523,-1.0,48.0
2024_11_CLE_NO,2024,11,202411,spread,home,0.6357927786499215,-110.0,0.5238095238095238,win,1.0,0.9090909090909091,1.768642409990428,48.47124122671628,1.0,44.0
2024_11_CLE_NO,2024,11,202411,spread,away,0.36420722135007855,-110.0,0.5238095238095238,loss,0.0,-1.0,1.768642409990428,48.47124122671628,1.0,44.0
2024_11_CLE_NO,2024,11,202411,total,over,0.5839874411302983,-110.0,0.5238095238095238,win,1.0,0.9090909090909091,1.768642409990428,48.47124122671628,1.0,44.0
2024_11_CLE_NO,2024,11,202411,total,under,0.4160125588697017,-110.0,0.5238095238095238,loss,0.0,-1.0,1.768642409990428,48.47124122671628,1.0,44.0
2024_11_GB_CHI,2024,11,202411,spread,home,0.6656200941915228,-105.0,0.5121951219512195,win,1.0,0.9523809523809523,-1.875851879309968,42.832109799320015,6.0,41.0
2024_11_GB_CHI,2024,11,202411,spread,away,0.3343799058084772,-115.0,0.5348837209302325,loss,0.0,-1.0,-1.875851879309968,42.832109799320015,6.0,41.0
2024_11_GB_CHI,2024,11,202411,total,over,0.48665620094191525,-112.0,0.5283018867924528,loss,0.0,-1.0,-1.875851879309968,42.832109799320015,6.0,41.0
2024_11_GB_CHI,2024,11,202411,total,under,0.5133437990580847,-108.0,0.5192307692307693,win,1.0,0.9259259259259259,-1.875851879309968,42.832109799320015,6.0,41.0
2024_11_HOU_DAL,2024,11,202411,spread,home,0.7268445839874411,-120.0,0.5454545454545454,loss,0.0,-1.0,-1.683635778667477,45.54442124168597,7.5,41.5
2024_11_HOU_DAL,2024,11,202411,spread,away,0.2731554160125589,100.0,0.5,win,1.0,1.0,-1.683635778667477,45.54442124168597,7.5,41.5
2024_11_HOU_DAL,2024,11,202411,total,over,0.565149136577708,-115.0,0.5348837209302325,win,1.0,0.8695652173913043,-1.683635778667477,45.54442124168597,7.5,41.5
2024_11_HOU_DAL,2024,11,202411,total,under,0.43485086342229196,-105.0,0.5121951219512195,loss,0.0,-1.0,-1.683635778667477,45.54442124168597,7.5,41.5
2024_11_IND_NYJ,2024,11,202411,spread,home,0.5416012558869702,-110.0,0.5238095238095238,loss,0.0,-1.0,4.478063751415224,39.22896683654424,-4.0,43.0
2024_11_IND_NYJ,2024,11,202411,spread,away,0.45839874411302983,-110.0,0.5238095238095238,win,1.0,0.9090909090909091,4.478063751415224,39.22896683654424,-4.0,43.0
2024_11_IND_NYJ,2024,11,202411,total,over,0.31711145996860285,-110.0,0.5238095238095238,win,1.0,0.9090909090909091,4.478063751415224,39.22896683654424,-4.0,43.0
2024_11_IND_NYJ,2024,11,202411,total,under,0.6828885400313971,-110.0,0.5238095238095238,loss,0.0,-1.0,4.478063751415224,39.22896683654424,-4.0,43.0
2024_11_JAX_DET,2024,11,202411,spread,home,0.41130298273155413,-115.0,0.5348837209302325,win,1.0,0.8695652173913043,11.31234053798455,50.19676676947417,-14.0,47.5
2024_11_JAX_DET,2024,11,202411,spread,away,0.5886970172684458,-105.0,0.5121951219512195,loss,0.0,-1.0,11.31234053798455,50.19676676947417,-14.0,47.5
2024_11_JAX_DET,2024,11,202411,total,over,0.5054945054945055,-110.0,0.5238095238095238,win,1.0,0.9090909090909091,11.31234053798455,50.19676676947417,-14.0,47.5
2024_11_JAX_DET,2024,11,202411,total,under,0.4945054945054945,-110.0,0.5238095238095238,loss,0.0,-1.0,11.31234053798455,50.19676676947417,-14.0,47.5
2024_11_KC_BUF,2024,11,202411,spread,home,0.5525902668759811,-112.0,0.5283018867924528,win,1.0,0.8928571428571429,3.3407109680074054,48.383522184305626,-2.5,46.5
2024_11_KC_BUF,2024,11,202411,spread,away,0.4474097331240189,-108.0,0.5192307692307693,loss,0.0,-1.0,3.3407109680074054,48.383522184305626,-2.5,46.5
2024_11_KC_BUF,2024,11,202411,total,over,0.48822605965463106,-112.0,0.5283018867924528,win,1.0,0.8928571428571429,3.3407109680074054,48.383522184305626,-2.5,46.5
2024_11_KC_BUF,2024,11,202411,total,under,0.5117739403453689,-108.0,0.5192307692307693,loss,0.0,-1.0,3.3407109680074054,48.383522184305626,-2.5,46.5
2024_11_LA_NE,2024,11,202411,spread,home,0.4803767660910518,-112.0,0.5283018867924528,loss,0.0,-1.0,-4.951823984195633,40.216837569705305,4.0,42.5
2024_11_LA_NE,2024,11,202411,spread,away,0.5196232339089482,-108.0,0.5192307692307693,win,1.0,0.9259259259259259,-4.951823984195633,40.216837569705305,4.0,42.5
2024_11_LA_NE,2024,11,202411,total,over,0.35949764521193095,-108.0,0.5192307692307693,win,1.0,0.9259259259259259,-4.951823984195633,40.216837569705305,4.0,42.5
2024_11_LA_NE,2024,11,202411,total,under,0.640502354788069,-112.0,0.5283018867924528,loss,0.0,-1.0,-4.951823984195633,40.216837569705305,4.0,42.5
2024_11_LV_MIA,2024,11,202411,spread,home,0.4097331240188383,-115.0,0.5348837209302325,win,1.0,0.8695652173913043,5.245613306166433,40.972964046881,-8.0,43.5
2024_11_LV_MIA,2024,11,202411,spread,away,0.5902668759811617,-105.0,0.5121951219512195,loss,0.0,-1.0,5.245613306166433,40.972964046881,-8.0,43.5
2024_11_LV_MIA,2024,11,202411,total,over,0.3500784929356358,-108.0,0.5192307692307693,win,1.0,0.9259259259259259,5.245613306166433,40.972964046881,-8.0,43.5
2024_11_LV_MIA,2024,11,202411,total,under,0.6499215070643642,-112.0,0.5283018867924528,loss,0.0,-1.0,5.245613306166433,40.972964046881,-8.0,43.5
2024_11_MIN_TEN,2024,11,202411,spread,home,0.5416012558869702,-102.0,0.504950495049505,loss,0.0,-1.0,-5.506090358938685,43.997805249375,6.0,40.0
2024_11_MIN_TEN,2024,11,202411,spread,away,0.45839874411302983,-118.0,0.5412844036697247,win,1.0,0.847457627118644,-5.506090358938685,43.997805249375,6.0,40.0
2024_11_MIN_TEN,2024,11,202411,total,over,0.5635792778649922,-110.0,0.5238095238095238,loss,0.0,-1.0,-5.506090358938685,43.997805249375,6.0,40.0
2024_11_MIN_TEN,2024,11,202411,total,under,0.4364207221350078,-110.0,0.5238095238095238,win,1.0,0.9090909090909091,-5.506090358938685,43.997805249375,6.0,40.0
2024_11_SEA_SF,2024,11,202411,spread,home,0.6671899529042387,-110.0,0.5238095238095238,loss,0.0,-1.0,10.201490356227334,48.55460745692324,-6.0,49.0
2024_11_SEA_SF,2024,11,202411,spread,away,0.33281004709576134,-110.0,0.5238095238095238,win,1.0,0.9090909090909091,10.201490356227334,48.55460745692324,-6.0,49.0
2024_11_SEA_SF,2024,11,202411,total,over,0.41444270015698587,-108.0,0.5192307692307693,loss,0.0,-1.0,10.201490356227334,48.55460745692324,-6.0,49.0
2024_11_SEA_SF,2024,11,202411,total,under,0.5855572998430141,-112.0,0.5283018867924528,win,1.0,0.8928571428571429,10.201490356227334,48.55460745692324,-6.0,49.0
2024_11_WAS_PHI,2024,11,202411,spread,home,0.44583987441130296,-110.0,0.5238095238095238,win,1.0,0.9090909090909091,2.5459653769715294,48.05543053536506,-4.5,49.5
2024_11_WAS_PHI,2024,11,202411,spread,away,0.554160125588697,-110.0,0.5238095238095238,loss,0.0,-1.0,2.5459653769715294,48.05543053536506,-4.5,49.5
2024_11_WAS_PHI,2024,11,202411,total,over,0.38304552590266877,-110.0,0.5238095238095238,loss,0.0,-1.0,2.5459653769715294,48.05543053536506,-4.5,49.5
2024_11_WAS_PHI,2024,11,202411,total,under,0.6169544740973312,-110.0,0.5238095238095238,win,1.0,0.9090909090909091,2.5459653769715294,48.05543053536506,-4.5,49.5
2024_12_ARI_SEA,2024,12,202412,spread,home,0.46697388632872505,-110.0,0.5238095238095238,win,1.0,0.9090909090909091,-2.4416400655317605,43.896728545289385,1.0,46.5
2024_12_ARI_SEA,2024,12,202412,spread,away,0.533026113671275,-110.0,0.5238095238095238,loss,0.0,-1.0,-2.4416400655317605,43.896728545289385,1.0,46.5
2024_12_ARI_SEA,2024,12,202412,total,over,0.35023041474654376,-112.0,0.5283018867924528,loss,0.0,-1.0,-2.4416400655317605,43.896728545289385,1.0,46.5
2024_12_ARI_SEA,2024,12,202412,total,under,0.6497695852534562,-108.0,0.5192307692307693,win,1.0,0.9259259259259259,-2.4416400655317605,43.896728545289385,1.0,46.5
2024_12_BAL_LAC,2024,12,202412,spread,home,0.34715821812596004,-110.0,0.5238095238095238,loss,0.0,-1.0,-7.864827719650698,53.53636075277558,3.0,51.0
2024_12_BAL_LAC,2024,12,202412,spread,away,0.65284178187404,-110.0,0.5238095238095238,win,1.0,0.9090909090909091,-7.864827719650698,53.53636075277558,3.0,51.0
2024_12_BAL_LAC,2024,12,202412,total,over,0.5053763440860215,-108.0,0.5192307692307693,win,1.0,0.9259259259259259,-7.864827719650698,53.53636075277558,3.0,51.0
2024_12_BAL_LAC,2024,12,202412,total,under,0.4946236559139785,-112.0,0.5283018867924528,loss,0.0,-1.0,-7.864827719650698,53.53636075277558,3.0,51.0
2024_12_DAL_WAS,2024,12,202412,spread,home,0.44086021505376344,-108.0,0.5192307692307693,loss,0.0,-1.0,8.432209345686976,44.01615663857695,-10.5,45.0
2024_12_DAL_WAS,2024,12,202412,spread,away,0.5591397849462365,-112.0,0.5283018867924528,win,1.0,0.8928571428571429,8.432209345686976,44.01615663857695,-10.5,45.0
2024_12_DAL_WAS,2024,12,202412,total,over,0.39477726574500765,-110.0,0.5238095238095238,win,1.0,0.9090909090909091,8.432209345686976,44.01615663857695,-10.5,45.0
2024_12_DAL_WAS,2024,12,202412,total,under,0.6052227342549923,-110.0,0.5238095238095238,loss,0.0,-1.0,8.432209345686976,44.01615663857695,-10.5,45.0
2024_12_DEN_LV,2024,12,202412,spread,home,0.6682027649769585,-115.0,0.5348837209302325,loss,0.0,-1.0,-2.285549583270361,44.26059626612458,6.5,41.5
2024_12_DEN_LV,2024,12,202412,spread,away,0.3317972350230415,-105.0,0.5121951219512195,win,1.0,0.9523809523809523,-2.285549583270361,44.26059626612458,6.5,41.5
2024_12_DEN_LV,2024,12,202412,total,over,0.511520737327189,-112.0,0.5283018867924528,win,1.0,0.8928571428571429,-2.285549583270361,44.26059626612458,6.5,41.5
2024_12_DEN_LV,2024,12,202412,total,under,0.48847926267281105,-108.0,0.5192307692307693,loss,0.0,-1.0,-2.285549583270361,44.26059626612458,6.5,41.5
2024_12_DET_IND,2024,12,202412,spread,home,0.3456221198156682,102.0,0.49504950495049505,loss,0.0,-1.0,-11.935867661785778,52.71105735584101,7.0,50.5
2024_12_DET_IND,2024,12,202412,spread,away,0.6543778801843319,-122.0,0.5495495495495496,win,1.0,0.819672131147541,-11.935867661785778,52.71105735584101,7.0,50.5
2024_12_DET_IND,2024,12,202412,total,over,0.49923195084485406,-110.0,0.5238095238095238,loss,0.0,-1.0,-11.935867661785778,52.71105735584101,7.0,50.5
2024_12_DET_IND,2024,12,202412,total,under,0.500768049155146,-110.0,0.5238095238095238,win,1.0,0.9090909090909091,-11.935867661785778,52.71105735584101,7.0,50.5
2024_12_KC_CAR,2024,12,202412,spread,home,0.47619047619047616,-108.0,0.5192307692307693,win,1.0,0.9259259259259259,-12.157746812743635,41.458246679126894,11.0,43.0
2024_12_KC_CAR,2024,12,202412,spread,away,0.5238095238095238,-112.0,0.5283018867924528,loss,0.0,-1.0,-12.157746812743635,41.458246679126894,11.0,43.0
2024_12_KC_CAR,2024,12,202412,total,over,0.3778801843317972,-110.0,0.5238095238095238,win,1.0,0.9090909090909091,-12.157746812743635,41.458246679126894,11.0,43.0
2024_12_KC_CAR,2024,12,202412,total,under,0.6221198156682028,-110.0,0.5238095238095238,loss,0.0,-1.0,-12.157746812743635,41.458246679126894,11.0,43.0
2024_12_MIN_CHI,2024,12,202412,spread,home,0.5698924731182796,100.0,0.5,push,,0.0,-1.9341412920424288,40.27441519732236,3.0,39.5
2024_12_MIN_CHI,2024,12,202412,spread,away,0.4301075268817204,-120.0,0.5454545454545454,push,,0.0,-1.9341412920424288,40.27441519732236,3.0,39.5
2024_12_MIN_CHI,2024,12,202412,total,over,0.46236559139784944,-112.0,0.5283018867924528,win,1.0,0.8928571428571429,-1.9341412920424288,40.27441519732236,3.0,39.5
2024_12_MIN_CHI,2024,12,202412,total,under,0.5376344086021505,-108.0,0.5192307692307693,loss,0.0,-1.0,-1.9341412920424288,40.27441519732236,3.0,39.5
2024_12_NE_MIA,2024,12,202412,spread,home,0.49615975422427033,-105.0,0.5121951219512195,win,1.0,0.9523809523809523,6.686829935704575,42.956173453520734,-7.5,46.0
2024_12_NE_MIA,2024,12,202412,spread,away,0.5038402457757296,-115.0,0.5348837209302325,loss,0.0,-1.0,6.686829935704575,42.956173453520734,-7.5,46.0
2024_12_NE_MIA,2024,12,202412,total,over,0.3379416282642089,-112.0,0.5283018867924528,win,1.0,0.8928571428571429,6.686829935704575,42.956173453520734,-7.5,46.0
2024_12_NE_MIA,2024,12,202412,total,under,0.6620583717357911,-108.0,0.5192307692307693,loss,0.0,-1.0,6.686829935704575,42.956173453520734,-7.5,46.0
2024_12_PHI_LA,2024,12,202412,spread,home,0.6359447004608295,-108.0,0.5192307692307693,loss,0.0,-1.0,-0.3272297738812384,51.62396147039678,3.0,49.0
2024_12_PHI_LA,2024,12,202412,spread,away,0.3640552995391705,-112.0,0.5283018867924528,win,1.0,0.8928571428571429,-0.3272297738812384,51.62396147039678,3.0,49.0
2024_12_PHI_LA,2024,12,202412,total,over,0.5084485407066052,-112.0,0.5283018867924528,win,1.0,0.8928571428571429,-0.3272297738812384,51.62396147039678,3.0,49.0
2024_12_PHI_LA,2024,12,202412,total,under,0.49155145929339483,-108.0,0.5192307692307693,loss,0.0,-1.0,-0.3272297738812384,51.62396147039678,3.0,49.0
2024_12_PIT_CLE,2024,12,202412,spread,home,0.5975422427035331,-105.0,0.5121951219512195,win,1.0,0.9523809523809523,-1.6900005423294928,40.75034178519381,3.5,36.5
2024_12_PIT_CLE,2024,12,202412,spread,away,0.40245775729646693,-115.0,0.5348837209302325,loss,0.0,-1.0,-1.6900005423294928,40.75034178519381,3.5,36.5
2024_12_PIT_CLE,2024,12,202412,total,over,0.5775729646697388,-112.0,0.5283018867924528,win,1.0,0.8928571428571429,-1.6900005423294928,40.75034178519381,3.5,36.5
2024_12_PIT_CLE,2024,12,202412,total,under,0.42242703533026116,-108.0,0.5192307692307693,loss,0.0,-1.0,-1.6900005423294928,40.75034178519381,3.5,36.5
2024_12_SF_GB,2024,12,202412,spread,home,0.2488479262672811,-108.0,0.5192307692307693,win,1.0,0.9259259259259259,-1.7553855563644576,43.51511000623317,-6.5,44.5
2024_12_SF_GB,2024,12,202412,spread,away,0.7511520737327189,-112.0,0.5283018867924528,loss,0.0,-1.0,-1.7553855563644576,43.51511000623317,-6.5,44.5
2024_12_SF_GB,2024,12,202412,total,over,0.39477726574500765,-112.0,0.5283018867924528,win,1.0,0.8928571428571429,-1.7553855563644576,43.51511000623317,-6.5,44.5
2024_12_SF_GB,2024,12,202412,total,under,0.6052227342549923,-108.0,0.5192307692307693,loss,0.0,-1.0,-1.7553855563644576,43.51511000623317,-6.5,44.5
2024_12_TB_NYG,2024,12,202412,spread,home,0.6282642089093702,-112.0,0.5283018867924528,loss,0.0,-1.0,-3.974120721072228,43.2228669945227,6.5,40.5
2024_12_TB_NYG,2024,12,202412,spread,away,0.3717357910906298,-108.0,0.5192307692307693,win,1.0,0.9259259259259259,-3.974120721072228,43.2228669945227,6.5,40.5
2024_12_TB_NYG,2024,12,202412,total,over,0.5099846390168971,-110.0,0.5238095238095238,loss,0.0,-1.0,-3.974120721072228,43.2228669945227,6.5,40.5
2024_12_TB_NYG,2024,12,202412,total,under,0.49001536098310294,-110.0,0.5238095238095238,win,1.0,0.9090909090909091,-3.974120721072228,43.2228669945227,6.5,40.5
2024_12_TEN_HOU,2024,12,202412,spread,home,0.4792626728110599,-108.0,0.5192307692307693,loss,0.0,-1.0,6.974127701565665,47.62581898408473,-8.0,40.5
2024_12_TEN_HOU,2024,12,202412,spread,away,0.5207373271889402,-112.0,0.5283018867924528,win,1.0,0.8928571428571429,6.974127701565665,47.62581898408473,-8.0,40.5
2024_12_TEN_HOU,2024,12,202412,total,over,0.6774193548387096,-108.0,0.5192307692307693,win,1.0,0.9259259259259259,6.974127701565665,47.62581898408473,-8.0,40.5
2024_12_TEN_HOU,2024,12,202412,total,under,0.32258064516129037,-112.0,0.5283018867924528,loss,0.0,-1.0,6.974127701565665,47.62581898408473,-8.0,40.5
2024_13_ARI_MIN,2024,13,202413,spread,home,0.48042168674698793,-110.0,0.5238095238095238,loss,0.0,-1.0,2.497101971402809,47.43452309992391,-3.5,45.5
2024_13_ARI_MIN,2024,13,202413,spread,away,0.5195783132530121,-110.0,0.5238095238095238,win,1.0,0.9090909090909091,2.497101971402809,47.43452309992391,-3.5,45.5
2024_13_ARI_MIN,2024,13,202413,total,over,0.49698795180722893,-108.0,0.5192307692307693,loss,0.0,-1.0,2.497101971402809,47.43452309992391,-3.5,45.5
2024_13_ARI_MIN,2024,13,202413,total,under,0.5030120481927711,-112.0,0.5283018867924528,win,1.0,0.8928571428571429,2.497101971402809,47.43452309992391,-3.5,45.5
2024_13_CHI_DET,2024,13,202413,spread,home,0.6114457831325302,-118.0,0.5412844036697247,loss,0.0,-1.0,11.675152062910003,48.34981185815354,-9.5,47.5
2024_13_CHI_DET,2024,13,202413,spread,away,0.3885542168674698,-102.0,0.504950495049505,win,1.0,0.9803921568627451,11.675152062910003,48.34981185815354,-9.5,47.5
2024_13_CHI_DET,2024,13,202413,total,over,0.46987951807228917,-120.0,0.5454545454545454,loss,0.0,-1.0,11.675152062910003,48.34981185815354,-9.5,47.5
2024_13_CHI_DET,2024,13,202413,total,under,0.5301204819277108,100.0,0.5,win,1.0,1.0,11.675152062910003,48.34981185815354,-9.5,47.5
2024_13_CLE_DEN,2024,13,202413,spread,home,0.4578313253012048,-112.0,0.5283018867924528,win,1.0,0.8928571428571429,4.806002861496545,42.4302316855079,-6.5,41.5
2024_13_CLE_DEN,2024,13,202413,spread,away,0.5421686746987953,-108.0,0.5192307692307693,loss,0.0,-1.0,4.806002861496545,42.4302316855079,-6.5,41.5
2024_13_CLE_DEN,2024,13,202413,total,over,0.47289156626506024,-110.0,0.5238095238095238,win,1.0,0.9090909090909091,4.806002861496545,42.4302316855079,-6.5,41.5
2024_13_CLE_DEN,2024,13,202413,total,under,0.5271084337349398,-110.0,0.5238095238095238,loss,0.0,-1.0,4.806002861496545,42.4302316855079,-6.5,41.5
2024_13_HOU_JAX,2024,13,202413,spread,home,0.44728915662650603,-110.0,0.5238095238095238,win,1.0,0.9090909090909091,-5.414429695657034,40.471681728426624,3.5,44.5
2024_13_HOU_JAX,2024,13,202413,spread,away,0.552710843373494,-110.0,0.5238095238095238,loss,0.0,-1.0,-5.414429695657034,40.471681728426624,3.5,44.5
2024_13_HOU_JAX,2024,13,202413,total,over,0.3117469879518072,-112.0,0.5283018867924528,loss,0.0,-1.0,-5.414429695657034,40.471681728426624,3.5,44.5
2024_13_HOU_JAX,2024,13,202413,total,under,0.6882530120481928,-108.0,0.5192307692307693,win,1.0,0.9259259259259259,-5.414429695657034,40.471681728426624,3.5,44.5
2024_13_IND_NE,2024,13,202413,spread,home,0.697289156626506,-105.0,0.5121951219512195,win,1.0,0.9523809523809523,2.5089543674497667,38.456986330750325,2.5,41.5
2024_13_IND_NE,2024,13,202413,spread,away,0.30271084337349397,-115.0,0.5348837209302325,loss,0.0,-1.0,2.5089543674497667,38.456986330750325,2.5,41.5
2024_13_IND_NE,2024,13,202413,total,over,0.3433734939759036,-110.0,0.5238095238095238,win,1.0,0.9090909090909091,2.5089543674497667,38.456986330750325,2.5,41.5
2024_13_IND_NE,2024,13,202413,total,under,0.6566265060240963,-110.0,0.5238095238095238,loss,0.0,-1.0,2.5089543674497667,38.456986330750325,2.5,41.5
2024_13_LAC_ATL,2024,13,202413,spread,home,0.661144578313253,-112.0,0.5283018867924528,loss,0.0,-1.0,2.764261566043782,48.78238980248034,1.0,47.0
2024_13_LAC_ATL,2024,13,202413,spread,away,0.338855421686747,-108.0,0.5192307692307693,win,1.0,0.9259259259259259,2.764261566043782,48.78238980248034,1.0,47.0
2024_13_LAC_ATL,2024,13,202413,total,over,0.4939759036144578,-110.0,0.5238095238095238,loss,0.0,-1.0,2.764261566043782,48.78238980248034,1.0,47.0
2024_13_LAC_ATL,2024,13,202413,total,under,0.5060240963855422,-110.0,0.5238095238095238,win,1.0,0.9090909090909091,2.764261566043782,48.78238980248034,1.0,47.0
2024_13_LA_NO,2024,13,202413,spread,home,0.5466867469879518,-105.0,0.5121951219512195,loss,0.0,-1.0,-1.846528387430768,50.98998082608739,2.5,48.5
2024_13_LA_NO,2024,13,202413,spread,away,0.45331325301204817,-115.0,0.5348837209302325,win,1.0,0.8695652173913043,-1.846528387430768,50.98998082608739,2.5,48.5
2024_13_LA_NO,2024,13,202413,total,over,0.5105421686746988,-112.0,0.5283018867924528,loss,0.0,-1.0,-1.846528387430768,50.98998082608739,2.5,48.5
2024_13_LA_NO,2024,13,202413,total,under,0.4894578313253012,-108.0,0.5192307692307693,win,1.0,0.9259259259259259,-1.846528387430768,50.98998082608739,2.5,48.5
2024_13_LV_KC,2024,13,202413,spread,home,0.4141566265060241,-112.0,0.5283018867924528,loss,0.0,-1.0,10.791697609134498,41.69454595626223,-13.5,42.0
2024_13_LV_KC,2024,13,202413,spread,away,0.5858433734939759,-108.0,0.5192307692307693,win,1.0,0.9259259259259259,10.791697609134498,41.69454595626223,-13.5,42.0
2024_13_LV_KC,2024,13,202413,total,over,0.42771084337349397,-112.0,0.5283018867924528,loss,0.0,-1.0,10.791697609134498,41.69454595626223,-13.5,42.0
2024_13_LV_KC,2024,13,202413,total,under,0.572289156626506,-108.0,0.5192307692307693,win,1.0,0.9259259259259259,10.791697609134498,41.69454595626223,-13.5,42.0
2024_13_MIA_GB,2024,13,202413,spread,home,0.48042168674698793,-105.0,0.5121951219512195,win,1.0,0.9523809523809523,2.540275142701552,47.21584244783103,-3.5,47.5
2024_13_MIA_GB,2024,13,202413,spread,away,0.5195783132530121,-115.0,0.5348837209302325,loss,0.0,-1.0,2.540275142701552,47.21584244783103,-3.5,47.5
2024_13_MIA_GB,2024,13,202413,total,over,0.42771084337349397,-110.0,0.5238095238095238,loss,0.0,-1.0,2.540275142701552,47.21584244783103,-3.5,47.5
2024_13_MIA_GB,2024,13,202413,total,under,0.572289156626506,-110.0,0.5238095238095238,win,1.0,0.9090909090909091,2.540275142701552,47.21584244783103,-3.5,47.5
2024_13_NYG_DAL,2024,13,202413,spread,home,0.4939759036144578,-110.0,0.5238095238095238,win,1.0,0.9090909090909091,3.668163474217371,45.135441424091056,-4.5,39.0
2024_13_NYG_DAL,2024,13,202413,spread,away,0.5060240963855422,-110.0,0.5238095238095238,loss,0.0,-1.0,3.668163474217371,45.135441424091056,-4.5,39.0
2024_13_NYG_DAL,2024,13,202413,total,over,0.6370481927710844,-110.0,0.5238095238095238,win,1.0,0.9090909090909091,3.668163474217371,45.135441424091056,-4.5,39.0
2024_13_NYG_DAL,2024,13,202413,total,under,0.3629518072289156,-110.0,0.5238095238095238,loss,0.0,-1.0,3.668163474217371,45.135441424091056,-4.5,39.0
2024_13_PHI_BAL,2024,13,202413,spread,home,0.5858433734939759,-110.0,0.5238095238095238,loss,0.0,-1.0,4.597494191725234,54.10772325853068,-3.0,50.0
2024_13_PHI_BAL,2024,13,202413,spread,away,0.41415662650602414,-110.0,0.5238095238095238,win,1.0,0.9090909090909091,4.597494191725234,54.10772325853068,-3.0,50.0
2024_13_PHI_BAL,2024,13,202413,total,over,0.5737951807228916,-110.0,0.5238095238095238,loss,0.0,-1.0,4.597494191725234,54.10772325853068,-3.0,50.0
2024_13_PHI_BAL,2024,13,202413,total,under,0.4262048192771084,-110.0,0.5238095238095238,win,1.0,0.9090909090909091,4.597494191725234,54.10772325853068,-3.0,50.0
2024_13_PIT_CIN,2024,13,202413,spread,home,0.5692771084337349,-110.0,0.5238095238095238,loss,0.0,-1.0,4.073401156085794,47.79585367991072,-3.0,46.0
2024_13_PIT_CIN,2024,13,202413,spread,away,0.4307228915662651,-110.0,0.5238095238095238,win,1.0,0.9090909090909091,4.073401156085794,47.79585367991072,-3.0,46.0
2024_13_PIT_CIN,2024,13,202413,total,over,0.4954819277108434,-112.0,0.5283018867924528,win,1.0,0.8928571428571429,4.073401156085794,47.79585367991072,-3.0,46.0
2024_13_PIT_CIN,2024,13,202413,total,under,0.5045180722891567,-108.0,0.5192307692307693,loss,0.0,-1.0,4.073401156085794,47.79585367991072,-3.0,46.0
2024_13_SEA_NYJ,2024,13,202413,spread,home,0.5030120481927711,-110.0,0.5238095238095238,loss,0.0,-1.0,0.2557806122829962,43.56610676412773,-1.0,41.5
2024_13_SEA_NYJ,2024,13,202413,spread,away,0.4969879518072289,-110.0,0.5238095238095238,win,1.0,0.9090909090909091,0.2557806122829962,43.56610676412773,-1.0,41.5
2024_13_SEA_NYJ,2024,13,202413,total,over,0.49849397590361444,-110.0,0.5238095238095238,win,1.0,0.9090909090909091,0.2557806122829962,43.56610676412773,-1.0,41.5
2024_13_SEA_NYJ,2024,13,202413,total,under,0.5015060240963856,-110.0,0.5238095238095238,loss,0.0,-1.0,0.2557806122829962,43.56610676412773,-1.0,41.5
2024_13_SF_BUF,2024,13,202413,spread,home,0.37801204819277107,-118.0,0.5412844036697247,win,1.0,0.847457627118644,2.491643539485654,49.04729646447642,-6.5,45.0
2024_13_SF_BUF,2024,13,202413,spread,away,0.6219879518072289,-102.0,0.504950495049505,loss,0.0,-1.0,2.491643539485654,49.04729646447642,-6.5,45.0
2024_13_SF_BUF,2024,13,202413,total,over,0.572289156626506,-110.0,0.5238095238095238,push,,0.0,2.491643539485654,49.04729646447642,-6.5,45.0
2024_13_SF_BUF,2024,13,202413,total,under,0.42771084337349397,-110.0,0.5238095238095238,push,,0.0,2.491643539485654,49.04729646447642,-6.5,45.0
2024_13_TB_CAR,2024,13,202413,spread,home,0.3990963855421687,-105.0,0.5121951219512195,win,1.0,0.9523809523809523,-9.58632385361762,44.27989970200628,6.5,46.0
2024_13_TB_CAR,2024,13,202413,spread,away,0.6009036144578312,-115.0,0.5348837209302325,loss,0.0,-1.0,-9.58632385361762,44.27989970200628,6.5,46.0
2024_13_TB_CAR,2024,13,202413,total,over,0.3825301204819277,-110.0,0.5238095238095238,win,1.0,0.9090909090909091,-9.58632385361762,44.27989970200628,6.5,46.0
2024_13_TB_CAR,2024,13,202413,total,under,0.6174698795180723,-110.0,0.5238095238095238,loss,0.0,-1.0,-9.58632385361762,44.27989970200628,6.5,46.0
2024_13_TEN_WAS,2024,13,202413,spread,home,0.5707831325301205,-108.0,0.5192307692307693,win,1.0,0.9259259259259259,7.175866398550765,46.79471294851345,-6.0,45.0
2024_13_TEN_WAS,2024,13,202413,spread,away,0.4292168674698795,-112.0,0.5283018867924528,loss,0.0,-1.0,7.175866398550765,46.79471294851345,-6.0,45.0
2024_13_TEN_WAS,2024,13,202413,total,over,0.4954819277108434,-112.0,0.5283018867924528,win,1.0,0.8928571428571429,7.175866398550765,46.79471294851345,-6.0,45.0
2024_13_TEN_WAS,2024,13,202413,total,under,0.5045180722891567,-108.0,0.5192307692307693,loss,0.0,-1.0,7.175866398550765,46.79471294851345,-6.0,45.0
2024_14_ATL_MIN,2024,14,202414,spread,home,0.4264705882352941,-110.0,0.5238095238095238,win,1.0,0.9090909090909091,3.6147384506592233,47.14467779515334,-6.0,46.5
2024_14_ATL_MIN,2024,14,202414,spread,away,0.5735294117647058,-110.0,0.5238095238095238,loss,0.0,-1.0,3.6147384506592233,47.14467779515334,-6.0,46.5
2024_14_ATL_MIN,2024,14,202414,total,over,0.4632352941176471,-112.0,0.5283018867924528,win,1.0,0.8928571428571429,3.6147384506592233,47.14467779515334,-6.0,46.5
2024_14_ATL_MIN,2024,14,202414,total,under,0.5367647058823529,-108.0,0.5192307692307693,loss,0.0,-1.0,3.6147384506592233,47.14467779515334,-6.0,46.5
2024_14_BUF_LA,2024,14,202414,spread,home,0.5411764705882353,-102.0,0.504950495049505,win,1.0,0.9803921568627451,-2.903143062577452,51.40604089684022,3.5,49.5
2024_14_BUF_LA,2024,14,202414,spread,away,0.45882352941176474,-118.0,0.5412844036697247,loss,0.0,-1.0,-2.903143062577452,51.40604089684022,3.5,49.5
2024_14_BUF_LA,2024,14,202414,total,over,0.4985294117647059,-112.0,0.5283018867924528,win,1.0,0.8928571428571429,-2.903143062577452,51.40604089684022,3.5,49.5
2024_14_BUF_LA,2024,14,202414,total,under,0.5014705882352941,-108.0,0.5192307692307693,loss,0.0,-1.0,-2.903143062577452,51.40604089684022,3.5,49.5
2024_14_CAR_PHI,2024,14,202414,spread,home,0.47941176470588237,-108.0,0.5192307692307693,loss,0.0,-1.0,13.024660749790211,44.89136287649961,-14.0,44.5
2024_14_CAR_PHI,2024,14,202414,spread,away,0.5205882352941176,-112.0,0.5283018867924528,win,1.0,0.8928571428571429,13.024660749790211,44.89136287649961,-14.0,44.5
2024_14_CAR_PHI,2024,14,202414,total,over,0.4588235294117647,-108.0,0.5192307692307693,loss,0.0,-1.0,13.024660749790211,44.89136287649961,-14.0,44.5
2024_14_CAR_PHI,2024,14,202414,total,under,0.5411764705882354,-112.0,0.5283018867924528,win,1.0,0.8928571428571429,13.024660749790211,44.89136287649961,-14.0,44.5
2024_14_CHI_SF,2024,14,202414,spread,home,0.5470588235294118,-110.0,0.5238095238095238,win,1.0,0.9090909090909091,3.713842223391589,43.153459013391206,-3.0,43.5
2024_14_CHI_SF,2024,14,202414,spread,away,0.4529411764705882,-110.0,0.5238095238095238,loss,0.0,-1.0,3.713842223391589,43.153459013391206,-3.0,43.5
2024_14_CHI_SF,2024,14,202414,total,over,0.4279411764705882,-112.0,0.5283018867924528,win,1.0,0.8928571428571429,3.713842223391589,43.153459013391206,-3.0,43.5
2024_14_CHI_SF,2024,14,202414,total,under,0.5720588235294117,-108.0,0.5192307692307693,loss,0.0,-1.0,3.713842223391589,43.153459013391206,-3.0,43.5
2024_14_CIN_DAL,2024,14,202414,spread,home,0.5941176470588235,-110.0,0.5238095238095238,loss,0.0,-1.0,-3.134050053759636,51.48846189700584,5.0,51.0
2024_14_CIN_DAL,2024,14,202414,spread,away,0.40588235294117647,-110.0,0.5238095238095238,win,1.0,0.9090909090909091,-3.134050053759636,51.48846189700584,5.0,51.0
2024_14_CIN_DAL,2024,14,202414,total,over,0.4602941176470588,-108.0,0.5192307692307693,loss,0.0,-1.0,-3.134050053759636,51.48846189700584,5.0,51.0
2024_14_CIN_DAL,2024,14,202414,total,under,0.5397058823529413,-112.0,0.5283018867924528,win,1.0,0.8928571428571429,-3.134050053759636,51.48846189700584,5.0,51.0
2024_14_CLE_PIT,2024,14,202414,spread,home,0.46176470588235297,-108.0,0.5192307692307693,win,1.0,0.9259259259259259,4.404221244470698,44.932741349265456,-6.0,43.0
2024_14_CLE_PIT,2024,14,202414,spread,away,0.538235294117647,-112.0,0.5283018867924528,loss,0.0,-1.0,4.404221244470698,44.932741349265456,-6.0,43.0
2024_14_CLE_PIT,2024,14,202414,total,over,0.4985294117647059,-110.0,0.5238095238095238,loss,0.0,-1.0,4.404221244470698,44.932741349265456,-6.0,43.0
2024_14_CLE_PIT,2024,14,202414,total,under,0.5014705882352941,-110.0,0.5238095238095238,win,1.0,0.9090909090909091,4.404221244470698,44.932741349265456,-6.0,43.0
2024_14_GB_DET,2024,14,202414,spread,home,0.6529411764705882,-120.0,0.5454545454545454,push,,0.0,6.544972617578351,54.52540563302854,-3.0,53.0
2024_14_GB_DET,2024,14,202414,spread,away,0.34705882352941175,100.0,0.5,push,,0.0,6.544972617578351,54.52540563302854,-3.0,53.0
2024_14_GB_DET,2024,14,202414,total,over,0.48823529411764705,-110.0,0.5238095238095238,win,1.0,0.9090909090909091,6.544972617578351,54.52540563302854,-3.0,53.0
2024_14_GB_DET,2024,14,202414,total,under,0.5117647058823529,-110.0,0.5238095238095238,loss,0.0,-1.0,6.544972617578351,54.52540563302854,-3.0,53.0
2024_14_JAX_TEN,2024,14,202414,spread,home,0.4764705882352941,-115.0,0.5348837209302325,loss,0.0,-1.0,1.928110578619832,44.35379859872409,-3.0,40.0
2024_14_JAX_TEN,2024,14,202414,spread,away,0.5235294117647059,-105.0,0.5121951219512195,win,1.0,0.9523809523809523,1.928110578619832,44.35379859872409,-3.0,40.0
2024_14_JAX_TEN,2024,14,202414,total,over,0.586764705882353,-112.0,0.5283018867924528,loss,0.0,-1.0,1.928110578619832,44.35379859872409,-3.0,40.0
2024_14_JAX_TEN,2024,14,202414,total,under,0.41323529411764703,-108.0,0.5192307692307693,win,1.0,0.9259259259259259,1.928110578619832,44.35379859872409,-3.0,40.0
2024_14_LAC_KC,2024,14,202414,spread,home,0.6220588235294118,-105.0,0.5121951219512195,loss,0.0,-1.0,7.466091111541218,43.65109894968791,-5.0,43.5
2024_14_LAC_KC,2024,14,202414,spread,away,0.3779411764705882,-115.0,0.5348837209302325,win,1.0,0.8695652173913043,7.466091111541218,43.65109894968791,-5.0,43.5
2024_14_LAC_KC,2024,14,202414,total,over,0.4485294117647059,-110.0,0.5238095238095238,loss,0.0,-1.0,7.466091111541218,43.65109894968791,-5.0,43.5
2024_14_LAC_KC,2024,14,202414,total,under,0.5514705882352942,-110.0,0.5238095238095238,win,1.0,0.9090909090909091,7.466091111541218,43.65109894968791,-5.0,43.5
2024_14_LV_TB,2024,14,202414,spread,home,0.5191176470588236,-105.0,0.5121951219512195,win,1.0,0.9523809523809523,7.065444026929775,45.16878264131636,-7.0,47.0
2024_14_LV_TB,2024,14,202414,spread,away,0.4808823529411764,-115.0,0.5348837209302325,loss,0.0,-1.0,7.065444026929775,45.16878264131636,-7.0,47.0
2024_14_LV_TB,2024,14,202414,total,over,0.37941176470588234,-108.0,0.5192307692307693,loss,0.0,-1.0,7.065444026929775,45.16878264131636,-7.0,47.0
2024_14_LV_TB,2024,14,202414,total,under,0.6205882352941177,-112.0,0.5283018867924528,win,1.0,0.8928571428571429,7.065444026929775,45.16878264131636,-7.0,47.0
2024_14_NO_NYG,2024,14,202414,spread,home,0.6514705882352941,-105.0,0.5121951219512195,win,1.0,0.9523809523809523,-1.987210346087464,45.33355355188817,5.5,41.0
2024_14_NO_NYG,2024,14,202414,spread,away,0.34852941176470587,-115.0,0.5348837209302325,loss,0.0,-1.0,-1.987210346087464,45.33355355188817,5.5,41.0
2024_14_NO_NYG,2024,14,202414,total,over,0.5852941176470589,-110.0,0.5238095238095238,loss,0.0,-1.0,-1.987210346087464,45.33355355188817,5.5,41.0
2024_14_NO_NYG,2024,14,202414,total,under,0.41470588235294115,-110.0,0.5238095238095238,win,1.0,0.9090909090909091,-1.987210346087464,45.33355355188817,5.5,41.0
2024_14_NYJ_MIA,2024,14,202414,spread,home,0.5411764705882353,-112.0,0.5283018867924528,loss,0.0,-1.0,7.056130752590828,43.02423433485633,-6.5,45.0
2024_14_NYJ_MIA,2024,14,202414,spread,away,0.45882352941176474,-108.0,0.5192307692307693,win,1.0,0.9259259259259259,7.056130752590828,43.02423433485633,-6.5,45.0
2024_14_NYJ_MIA,2024,14,202414,total,over,0.375,-108.0,0.5192307692307693,win,1.0,0.9259259259259259,7.056130752590828,43.02423433485633,-6.5,45.0
2024_14_NYJ_MIA,2024,14,202414,total,under,0.625,-112.0,0.5283018867924528,loss,0.0,-1.0,7.056130752590828,43.02423433485633,-6.5,45.0
2024_14_SEA_ARI,2024,14,202414,spread,home,0.5911764705882353,-115.0,0.5348837209302325,loss,0.0,-1.0,4.771563403957652,48.33609589026472,-3.0,45.5
2024_14_SEA_ARI,2024,14,202414,spread,away,0.4088235294117647,-105.0,0.5121951219512195,win,1.0,0.9523809523809523,4.771563403957652,48.33609589026472,-3.0,45.5
2024_14_SEA_ARI,2024,14,202414,total,over,0.5308823529411765,-110.0,0.5238095238095238,win,1.0,0.9090909090909091,4.771563403957652,48.33609589026472,-3.0,45.5
2024_14_SEA_ARI,2024,14,202414,total,under,0.46911764705882353,-110.0,0.5238095238095238,loss,0.0,-1.0,4.771563403957652,48.33609589026472,-3.0,45.5
2024_15_ATL_LV,2024,15,202415,spread,home,0.6594516594516594,-110.0,0.5238095238095238,win,1.0,0.9090909090909091,-2.683141661411635,46.45033945581944,6.5,44.5
2024_15_ATL_LV,2024,15,202415,spread,away,0.3405483405483406,-110.0,0.5238095238095238,loss,0.0,-1.0,-2.683141661411635,46.45033945581944,6.5,44.5
2024_15_ATL_LV,2024,15,202415,total,over,0.49783549783549785,-110.0,0.5238095238095238,loss,0.0,-1.0,-2.683141661411635,46.45033945581944,6.5,44.5
2024_15_ATL_LV,2024,15,202415,total,under,0.5021645021645021,-110.0,0.5238095238095238,win,1.0,0.9090909090909091,-2.683141661411635,46.45033945581944,6.5,44.5
2024_15_BAL_NYG,2024,15,202415,spread,home,0.5930735930735931,-108.0,0.5192307692307693,loss,0.0,-1.0,-14.659649459240509,43.44824830121081,16.5,43.5
2024_15_BAL_NYG,2024,15,202415,spread,away,0.4069264069264069,-112.0,0.5283018867924528,win,1.0,0.8928571428571429,-14.659649459240509,43.44824830121081,16.5,43.5
2024_15_BAL_NYG,2024,15,202415,total,over,0.43722943722943725,-108.0,0.5192307692307693,win,1.0,0.9259259259259259,-14.659649459240509,43.44824830121081,16.5,43.5
2024_15_BAL_NYG,2024,15,202415,total,under,0.5627705627705628,-112.0,0.5283018867924528,loss,0.0,-1.0,-14.659649459240509,43.44824830121081,16.5,43.5
2024_15_BUF_DET,2024,15,202415,spread,home,0.5483405483405484,-110.0,0.5238095238095238,loss,0.0,-1.0,3.356183284261633,56.11355446538272,-2.5,55.5
2024_15_BUF_DET,2024,15,202415,spread,away,0.45165945165945165,-110.0,0.5238095238095238,win,1.0,0.9090909090909091,3.356183284261633,56.11355446538272,-2.5,55.5
2024_15_BUF_DET,2024,15,202415,total,over,0.46320346320346323,-110.0,0.5238095238095238,win,1.0,0.9090909090909091,3.356183284261633,56.11355446538272,-2.5,55.5
2024_15_BUF_DET,2024,15,202415,total,under,0.5367965367965368,-110.0,0.5238095238095238,loss,0.0,-1.0,3.356183284261633,56.11355446538272,-2.5,55.5
2024_15_CHI_MIN,2024,15,202415,spread,home,0.5122655122655123,-105.0,0.5121951219512195,win,1.0,0.9523809523809523,6.864285910213612,44.96033407975654,-7.0,43.5
2024_15_CHI_MIN,2024,15,202415,spread,away,0.4877344877344877,-115.0,0.5348837209302325,loss,0.0,-1.0,6.864285910213612,44.96033407975654,-7.0,43.5
2024_15_CHI_MIN,2024,15,202415,total,over,0.48484848484848486,-110.0,0.5238095238095238,loss,0.0,-1.0,6.864285910213612,44.96033407975654,-7.0,43.5
2024_15_CHI_MIN,2024,15,202415,total,under,0.5151515151515151,-110.0,0.5238095238095238,win,1.0,0.9090909090909091,6.864285910213612,44.96033407975654,-7.0,43.5
2024_15_CIN_TEN,2024,15,202415,spread,home,0.5339105339105339,-110.0,0.5238095238095238,loss,0.0,-1.0,-5.59996139114538,47.17079797018102,6.0,46.5
2024_15_CIN_TEN,2024,15,202415,spread,away,0.4660894660894661,-110.0,0.5238095238095238,win,1.0,0.9090909090909091,-5.59996139114538,47.17079797018102,6.0,46.5
2024_15_CIN_TEN,2024,15,202415,total,over,0.46320346320346323,-108.0,0.5192307692307693,win,1.0,0.9259259259259259,-5.59996139114538,47.17079797018102,6.0,46.5
2024_15_CIN_TEN,2024,15,202415,total,under,0.5367965367965368,-112.0,0.5283018867924528,loss,0.0,-1.0,-5.59996139114538,47.17079797018102,6.0,46.5
2024_15_DAL_CAR,2024,15,202415,spread,home,0.3665223665223665,-120.0,0.5454545454545454,loss,0.0,-1.0,-1.792864425437534,39.94997522738115,-2.5,42.0
2024_15_DAL_CAR,2024,15,202415,spread,away,0.6334776334776335,100.0,0.5,win,1.0,1.0,-1.792864425437534,39.94997522738115,-2.5,42.0
2024_15_DAL_CAR,2024,15,202415,total,over,0.3722943722943723,-108.0,0.5192307692307693,win,1.0,0.9259259259259259,-1.792864425437534,39.94997522738115,-2.5,42.0
2024_15_DAL_CAR,2024,15,202415,total,under,0.6277056277056277,-112.0,0.5283018867924528,loss,0.0,-1.0,-1.792864425437534,39.94997522738115,-2.5,42.0
2024_15_GB_SEA,2024,15,202415,spread,home,0.5339105339105339,-110.0,0.5238095238095238,loss,0.0,-1.0,-2.5638763256622696,47.498681629918565,3.0,48.0
2024_15_GB_SEA,2024,15,202415,spread,away,0.4660894660894661,-110.0,0.5238095238095238,win,1.0,0.9090909090909091,-2.5638763256622696,47.498681629918565,3.0,48.0
2024_15_GB_SEA,2024,15,202415,total,over,0.4199134199134199,-110.0,0.5238095238095238,loss,0.0,-1.0,-2.5638763256622696,47.498681629918565,3.0,48.0
2024_15_GB_SEA,2024,15,202415,total,under,0.5800865800865801,-110.0,0.5238095238095238,win,1.0,0.9090909090909091,-2.5638763256622696,47.498681629918565,3.0,48.0
2024_15_IND_DEN,2024,15,202415,spread,home,0.5930735930735931,-115.0,0.5348837209302325,win,1.0,0.8695652173913043,6.366590451409774,40.06842349999104,-4.5,43.5
2024_15_IND_DEN,2024,15,202415,spread,away,0.4069264069264069,-105.0,0.5121951219512195,loss,0.0,-1.0,6.366590451409774,40.06842349999104,-4.5,43.5
2024_15_IND_DEN,2024,15,202415,total,over,0.3347763347763348,-112.0,0.5283018867924528,win,1.0,0.8928571428571429,6.366590451409774,40.06842349999104,-4.5,43.5
2024_15_IND_DEN,2024,15,202415,total,under,0.6652236652236652,-108.0,0.5192307692307693,loss,0.0,-1.0,6.366590451409774,40.06842349999104,-4.5,43.5
2024_15_KC_CLE,2024,15,202415,spread,home,0.4458874458874459,-110.0,0.5238095238095238,loss,0.0,-1.0,-6.357658226389034,41.36557714725906,4.5,41.5
2024_15_KC_CLE,2024,15,202415,spread,away,0.5541125541125541,-110.0,0.5238095238095238,win,1.0,0.9090909090909091,-6.357658226389034,41.36557714725906,4.5,41.5
2024_15_KC_CLE,2024,15,202415,total,over,0.4329004329004329,-108.0,0.5192307692307693,loss,0.0,-1.0,-6.357658226389034,41.36557714725906,4.5,41.5
2024_15_KC_CLE,2024,15,202415,total,under,0.5670995670995671,-112.0,0.5283018867924528,win,1.0,0.8928571428571429,-6.357658226389034,41.36557714725906,4.5,41.5
2024_15_LA_SF,2024,15,202415,spread,home,0.4458874458874459,-102.0,0.504950495049505,loss,0.0,-1.0,1.1041993216405936,49.58668427740238,-3.0,48.5
2024_15_LA_SF,2024,15,202415,spread,away,0.5541125541125541,-118.0,0.5412844036697247,win,1.0,0.847457627118644,1.1041993216405936,49.58668427740238,-3.0,48.5
2024_15_LA_SF,2024,15,202415,total,over,0.47619047619047616,-110.0,0.5238095238095238,loss,0.0,-1.0,1.1041993216405936,49.58668427740238,-3.0,48.5
2024_15_LA_SF,2024,15,202415,total,under,0.5238095238095238,-110.0,0.5238095238095238,win,1.0,0.9090909090909091,1.1041993216405936,49.58668427740238,-3.0,48.5
2024_15_MIA_HOU,2024,15,202415,spread,home,0.32611832611832614,-115.0,0.5348837209302325,win,1.0,0.8695652173913043,-2.895694235069096,50.3967486722082,-2.5,46.5
2024_15_MIA_HOU,2024,15,202415,spread,away,0.6738816738816739,-105.0,0.5121951219512195,loss,0.0,-1.0,-2.895694235069096,50.3967486722082,-2.5,46.5
2024_15_MIA_HOU,2024,15,202415,total,over,0.5642135642135642,-108.0,0.5192307692307693,loss,0.0,-1.0,-2.895694235069096,50.3967486722082,-2.5,46.5
2024_15_MIA_HOU,2024,15,202415,total,under,0.43578643578643583,-112.0,0.5283018867924528,win,1.0,0.8928571428571429,-2.895694235069096,50.3967486722082,-2.5,46.5
2024_15_NE_ARI,2024,15,202415,spread,home,0.468975468975469,-112.0,0.5283018867924528,win,1.0,0.8928571428571429,4.770307129645493,46.571468671638485,-6.0,46.5
2024_15_NE_ARI,2024,15,202415,spread,away,0.531024531024531,-108.0,0.5192307692307693,loss,0.0,-1.0,4.770307129645493,46.571468671638485,-6.0,46.5
2024_15_NE_ARI,2024,15,202415,total,over,0.44733044733044736,-110.0,0.5238095238095238,win,1.0,0.9090909090909091,4.770307129645493,46.571468671638485,-6.0,46.5
2024_15_NE_ARI,2024,15,202415,total,under,0.5526695526695526,-110.0,0.5238095238095238,loss,0.0,-1.0,4.770307129645493,46.571468671638485,-6.0,46.5
2024_15_NYJ_JAX,2024,15,202415,spread,home,0.5786435786435786,-118.0,0.5412844036697247,loss,0.0,-1.0,-2.013926976468432,42.24642801542005,3.5,41.5
2024_15_NYJ_JAX,2024,15,202415,spread,away,0.4213564213564214,-102.0,0.504950495049505,win,1.0,0.9803921568627451,-2.013926976468432,42.24642801542005,3.5,41.5
2024_15_NYJ_JAX,2024,15,202415,total,over,0.4675324675324675,-108.0,0.5192307692307693,win,1.0,0.9259259259259259,-2.013926976468432,42.24642801542005,3.5,41.5
2024_15_NYJ_JAX,2024,15,202415,total,under,0.5324675324675325,-112.0,0.5283018867924528,loss,0.0,-1.0,-2.013926976468432,42.24642801542005,3.5,41.5
2024_15_PIT_PHI,2024,15,202415,spread,home,0.556998556998557,-110.0,0.5238095238095238,win,1.0,0.9090909090909091,6.505658235545173,49.12886628214513,-5.5,43.0
2024_15_PIT_PHI,2024,15,202415,spread,away,0.44300144300144295,-110.0,0.5238095238095238,loss,0.0,-1.0,6.505658235545173,49.12886628214513,-5.5,43.0
2024_15_PIT_PHI,2024,15,202415,total,over,0.6406926406926406,-110.0,0.5238095238095238,loss,0.0,-1.0,6.505658235545173,49.12886628214513,-5.5,43.0
2024_15_PIT_PHI,2024,15,202415,total,under,0.35930735930735935,-110.0,0.5238095238095238,win,1.0,0.9090909090909091,6.505658235545173,49.12886628214513,-5.5,43.0
2024_15_TB_LAC,2024,15,202415,spread,home,0.30303030303030304,-115.0,0.5348837209302325,loss,0.0,-1.0,-3.5795950040471936,50.0865228772233,-3.0,46.0
2024_15_TB_LAC,2024,15,202415,spread,away,0.696969696969697,-105.0,0.5121951219512195,win,1.0,0.9523809523809523,-3.5795950040471936,50.0865228772233,-3.0,46.0
2024_15_TB_LAC,2024,15,202415,total,over,0.5757575757575758,-112.0,0.5283018867924528,win,1.0,0.8928571428571429,-3.5795950040471936,50.0865228772233,-3.0,46.0
2024_15_TB_LAC,2024,15,202415,total,under,0.4242424242424242,-108.0,0.5192307692307693,loss,0.0,-1.0,-3.5795950040471936,50.0865228772233,-3.0,46.0
2024_15_WAS_NO,2024,15,202415,spread,home,0.6594516594516594,-108.0,0.5192307692307693,win,1.0,0.9259259259259259,-3.702633708335749,46.93456700250975,7.5,44.5
2024_15_WAS_NO,2024,15,202415,spread,away,0.3405483405483406,-112.0,0.5283018867924528,loss,0.0,-1.0,-3.702633708335749,46.93456700250975,7.5,44.5
2024_15_WAS_NO,2024,15,202415,total,over,0.5108225108225108,-112.0,0.5283018867924528,loss,0.0,-1.0,-3.702633708335749,46.93456700250975,7.5,44.5
2024_15_WAS_NO,2024,15,202415,total,under,0.48917748917748916,-108.0,0.5192307692307693,win,1.0,0.9259259259259259,-3.702633708335749,46.93456700250975,7.5,44.5
2024_16_ARI_CAR,2024,16,202416,spread,home,0.44428772919605075,-110.0,0.5238095238095238,win,1.0,0.9090909090909091,-7.357310900194667,43.41869928855474,5.5,47.0
2024_16_ARI_CAR,2024,16,202416,spread,away,0.5557122708039492,-110.0,0.5238095238095238,loss,0.0,-1.0,-7.357310900194667,43.41869928855474,5.5,47.0
2024_16_ARI_CAR,2024,16,202416,total,over,0.3314527503526093,-110.0,0.5238095238095238,win,1.0,0.9090909090909091,-7.357310900194667,43.41869928855474,5.5,47.0
2024_16_ARI_CAR,2024,16,202416,total,under,0.6685472496473908,-110.0,0.5238095238095238,loss,0.0,-1.0,-7.357310900194667,43.41869928855474,5.5,47.0
2024_16_CLE_CIN,2024,16,202416,spread,home,0.4992947813822285,-112.0,0.5283018867924528,win,1.0,0.8928571428571429,9.53690204007098,40.39675553029049,-10.0,46.5
2024_16_CLE_CIN,2024,16,202416,spread,away,0.5007052186177715,-108.0,0.5192307692307693,loss,0.0,-1.0,9.53690204007098,40.39675553029049,-10.0,46.5
2024_16_CLE_CIN,2024,16,202416,total,over,0.27080394922425954,-108.0,0.5192307692307693,loss,0.0,-1.0,9.53690204007098,40.39675553029049,-10.0,46.5
2024_16_CLE_CIN,2024,16,202416,total,under,0.7291960507757405,-112.0,0.5283018867924528,win,1.0,0.8928571428571429,9.53690204007098,40.39675553029049,-10.0,46.5
2024_16_DEN_LAC,2024,16,202416,spread,home,0.3314527503526093,100.0,0.5,win,1.0,1.0,-2.242479066580341,45.68950760054463,-3.0,41.5
2024_16_DEN_LAC,2024,16,202416,spread,away,0.6685472496473908,-120.0,0.5454545454545454,loss,0.0,-1.0,-2.242479066580341,45.68950760054463,-3.0,41.5
2024_16_DEN_LAC,2024,16,202416,total,over,0.5839210155148096,-110.0,0.5238095238095238,win,1.0,0.9090909090909091,-2.242479066580341,45.68950760054463,-3.0,41.5
2024_16_DEN_LAC,2024,16,202416,total,under,0.41607898448519043,-110.0,0.5238095238095238,loss,0.0,-1.0,-2.242479066580341,45.68950760054463,-3.0,41.5
2024_16_DET_CHI,2024,16,202416,spread,home,0.4287729196050776,-110.0,0.5238095238095238,loss,0.0,-1.0,-9.268483915976873,45.66856964790855,7.0,47.5
2024_16_DET_CHI,2024,16,202416,spread,away,0.5712270803949224,-110.0,0.5238095238095238,win,1.0,0.9090909090909091,-9.268483915976873,45.66856964790855,7.0,47.5
2024_16_DET_CHI,2024,16,202416,total,over,0.38081805359661497,-110.0,0.5238095238095238,win,1.0,0.9090909090909091,-9.268483915976873,45.66856964790855,7.0,47.5
2024_16_DET_CHI,2024,16,202416,total,under,0.619181946403385,-110.0,0.5238095238095238,loss,0.0,-1.0,-9.268483915976873,45.66856964790855,7.0,47.5
2024_16_HOU_KC,2024,16,202416,spread,home,0.6417489421720733,100.0,0.5,win,1.0,1.0,6.877735461570262,40.990774006507706,-3.5,42.5
2024_16_HOU_KC,2024,16,202416,spread,away,0.35825105782792666,-120.0,0.5454545454545454,loss,0.0,-1.0,6.877735461570262,40.990774006507706,-3.5,42.5
2024_16_HOU_KC,2024,16,202416,total,over,0.3935119887165021,-112.0,0.5283018867924528,win,1.0,0.8928571428571429,6.877735461570262,40.990774006507706,-3.5,42.5
2024_16_HOU_KC,2024,16,202416,total,under,0.6064880112834978,-108.0,0.5192307692307693,loss,0.0,-1.0,6.877735461570262,40.990774006507706,-3.5,42.5
2024_16_JAX_LV,2024,16,202416,spread,home,0.4992947813822285,-110.0,0.5238095238095238,win,1.0,0.9090909090909091,2.030694800088683,44.46537026516056,-2.5,41.5
2024_16_JAX_LV,2024,16,202416,spread,away,0.5007052186177715,-110.0,0.5238095238095238,loss,0.0,-1.0,2.030694800088683,44.46537026516056,-2.5,41.5
2024_16_JAX_LV,2024,16,202416,total,over,0.535966149506347,-108.0,0.5192307692307693,loss,0.0,-1.0,2.030694800088683,44.46537026516056,-2.5,41.5
2024_16_JAX_LV,2024,16,202416,total,under,0.464033850493653,-112.0,0.5283018867924528,win,1.0,0.8928571428571429,2.030694800088683,44.46537026516056,-2.5,41.5
2024_16_LA_NYJ,2024,16,202416,spread,home,0.5063469675599436,-115.0,0.5348837209302325,loss,0.0,-1.0,-3.19430276936127,44.3956409743608,3.0,47.0
2024_16_LA_NYJ,2024,16,202416,spread,away,0.4936530324400564,-105.0,0.5121951219512195,win,1.0,0.9523809523809523,-3.19430276936127,44.3956409743608,3.0,47.0
2024_16_LA_NYJ,2024,16,202416,total,over,0.35825105782792666,-110.0,0.5238095238095238,loss,0.0,-1.0,-3.19430276936127,44.3956409743608,3.0,47.0
2024_16_LA_NYJ,2024,16,202416,total,under,0.6417489421720733,-110.0,0.5238095238095238,win,1.0,0.9090909090909091,-3.19430276936127,44.3956409743608,3.0,47.0
2024_16_MIN_SEA,2024,16,202416,spread,home,0.3921015514809591,-105.0,0.5121951219512195,loss,0.0,-1.0,-5.750331816306639,44.97095673971984,2.5,43.0
2024_16_MIN_SEA,2024,16,202416,spread,away,0.6078984485190408,-115.0,0.5348837209302325,win,1.0,0.8695652173913043,-5.750331816306639,44.97095673971984,2.5,43.0
2024_16_MIN_SEA,2024,16,202416,total,over,0.4978843441466855,-105.0,0.5121951219512195,win,1.0,0.9523809523809523,-5.750331816306639,44.97095673971984,2.5,43.0
2024_16_MIN_SEA,2024,16,202416,total,under,0.5021156558533145,-115.0,0.5348837209302325,loss,0.0,-1.0,-5.750331816306639,44.97095673971984,2.5,43.0
2024_16_NE_BUF,2024,16,202416,spread,home,0.3765867418899859,-110.0,0.5238095238095238,loss,0.0,-1.0,10.112459790689298,46.94304088500987,-14.0,48.0
2024_16_NE_BUF,2024,16,202416,spread,away,0.623413258110014,-110.0,0.5238095238095238,win,1.0,0.9090909090909091,10.112459790689298,46.94304088500987,-14.0,48.0
2024_16_NE_BUF,2024,16,202416,total,over,0.4019746121297602,-110.0,0.5238095238095238,loss,0.0,-1.0,10.112459790689298,46.94304088500987,-14.0,48.0
2024_16_NE_BUF,2024,16,202416,total,under,0.5980253878702397,-110.0,0.5238095238095238,win,1.0,0.9090909090909091,10.112459790689298,46.94304088500987,-14.0,48.0
2024_16_NO_GB,2024,16,202416,spread,home,0.29760225669957685,-115.0,0.5348837209302325,win,1.0,0.8695652173913043,7.26434531612972,41.34731663796551,-14.0,44.0
2024_16_NO_GB,2024,16,202416,spread,away,0.7023977433004231,-105.0,0.5121951219512195,loss,0.0,-1.0,7.26434531612972,41.34731663796551,-14.0,44.0
2024_16_NO_GB,2024,16,202416,total,over,0.3540197461212976,-110.0,0.5238095238095238,loss,0.0,-1.0,7.26434531612972,41.34731663796551,-14.0,44.0
2024_16_NO_GB,2024,16,202416,total,under,0.6459802538787024,-110.0,0.5238095238095238,win,1.0,0.9090909090909091,7.26434531612972,41.34731663796551,-14.0,44.0
2024_16_PHI_WAS,2024,16,202416,spread,home,0.6572637517630465,-105.0,0.5121951219512195,win,1.0,0.9523809523809523,0.0766117162746686,44.28433837975194,4.0,47.0
2024_16_PHI_WAS,2024,16,202416,spread,away,0.3427362482369535,-115.0,0.5348837209302325,loss,0.0,-1.0,0.0766117162746686,44.28433837975194,4.0,47.0
2024_16_PHI_WAS,2024,16,202416,total,over,0.3526093088857546,-110.0,0.5238095238095238,win,1.0,0.9090909090909091,0.0766117162746686,44.28433837975194,4.0,47.0
2024_16_PHI_WAS,2024,16,202416,total,under,0.6473906911142454,-110.0,0.5238095238095238,loss,0.0,-1.0,0.0766117162746686,44.28433837975194,4.0,47.0
2024_16_PIT_BAL,2024,16,202416,spread,home,0.692524682651622,-105.0,0.5121951219512195,win,1.0,0.9523809523809523,12.130493023128738,50.06903019431313,-7.0,44.5
2024_16_PIT_BAL,2024,16,202416,spread,away,0.30747531734837796,-115.0,0.5348837209302325,loss,0.0,-1.0,12.130493023128738,50.06903019431313,-7.0,44.5
2024_16_PIT_BAL,2024,16,202416,total,over,0.6304654442877292,-108.0,0.5192307692307693,win,1.0,0.9259259259259259,12.130493023128738,50.06903019431313,-7.0,44.5
2024_16_PIT_BAL,2024,16,202416,total,under,0.3695345557122708,-112.0,0.5283018867924528,loss,0.0,-1.0,12.130493023128738,50.06903019431313,-7.0,44.5
2024_16_SF_MIA,2024,16,202416,spread,home,0.7009873060648801,-112.0,0.5283018867924528,win,1.0,0.8928571428571429,3.2998801247597003,46.27106359948596,2.0,44.0
2024_16_SF_MIA,2024,16,202416,spread,away,0.29901269393511987,-108.0,0.5192307692307693,loss,0.0,-1.0,3.2998801247597003,46.27106359948596,2.0,44.0
2024_16_SF_MIA,2024,16,202416,total,over,0.5063469675599436,-112.0,0.5283018867924528,win,1.0,0.8928571428571429,3.2998801247597003,46.27106359948596,2.0,44.0
2024_16_SF_MIA,2024,16,202416,total,under,0.4936530324400564,-108.0,0.5192307692307693,loss,0.0,-1.0,3.2998801247597003,46.27106359948596,2.0,44.0
2024_16_TB_DAL,2024,16,202416,spread,home,0.5401974612129761,-115.0,0.5348837209302325,win,1.0,0.8695652173913043,-3.791559970011841,50.60585318093237,4.5,47.5
2024_16_TB_DAL,2024,16,202416,spread,away,0.45980253878702393,-105.0,0.5121951219512195,loss,0.0,-1.0,-3.791559970011841,50.60585318093237,4.5,47.5
2024_16_TB_DAL,2024,16,202416,total,over,0.538787023977433,-110.0,0.5238095238095238,win,1.0,0.9090909090909091,-3.791559970011841,50.60585318093237,4.5,47.5
2024_16_TB_DAL,2024,16,202416,total,under,0.46121297602256695,-110.0,0.5238095238095238,loss,0.0,-1.0,-3.791559970011841,50.60585318093237,4.5,47.5
2024_16_TEN_IND,2024,16,202416,spread,home,0.38081805359661497,-108.0,0.5192307692307693,win,1.0,0.9259259259259259,0.3533081746331334,46.56984551416553,-4.0,42.5
2024_16_TEN_IND,2024,16,202416,spread,away,0.619181946403385,-112.0,0.5283018867924528,loss,0.0,-1.0,0.3533081746331334,46.56984551416553,-4.0,42.5
2024_16_TEN_IND,2024,16,202416,total,over,0.5754583921015515,-112.0,0.5283018867924528,win,1.0,0.8928571428571429,0.3533081746331334,46.56984551416553,-4.0,42.5
2024_16_TEN_IND,2024,16,202416,total,under,0.4245416078984485,-108.0,0.5192307692307693,loss,0.0,-1.0,0.3533081746331334,46.56984551416553,-4.0,42.5
2024_17_ARI_LA,2024,17,202417,spread,home,0.393646408839779,-120.0,0.5454545454545454,loss,0.0,-1.0,3.2437572269523605,49.86077813589382,-6.5,48.0
2024_17_ARI_LA,2024,17,202417,spread,away,0.6063535911602209,100.0,0.5,win,1.0,1.0,3.2437572269523605,49.86077813589382,-6.5,48.0
2024_17_ARI_LA,2024,17,202417,total,over,0.5,-108.0,0.5192307692307693,loss,0.0,-1.0,3.2437572269523605,49.86077813589382,-6.5,48.0
2024_17_ARI_LA,2024,17,202417,total,under,0.5,-112.0,0.5283018867924528,win,1.0,0.8928571428571429,3.2437572269523605,49.86077813589382,-6.5,48.0
2024_17_BAL_HOU,2024,17,202417,spread,home,0.3784530386740331,-112.0,0.5283018867924528,loss,0.0,-1.0,-9.50511955326669,53.01405892471384,5.5,46.5
2024_17_BAL_HOU,2024,17,202417,spread,away,0.6215469613259669,-108.0,0.5192307692307693,win,1.0,0.9259259259259259,-9.50511955326669,53.01405892471384,5.5,46.5
2024_17_BAL_HOU,2024,17,202417,total,over,0.6533149171270718,-108.0,0.5192307692307693,loss,0.0,-1.0,-9.50511955326669,53.01405892471384,5.5,46.5
2024_17_BAL_HOU,2024,17,202417,total,under,0.3466850828729282,-112.0,0.5283018867924528,win,1.0,0.8928571428571429,-9.50511955326669,53.01405892471384,5.5,46.5
2024_17_CAR_TB,2024,17,202417,spread,home,0.6560773480662984,-115.0,0.5348837209302325,win,1.0,0.8695652173913043,13.240494419592864,46.92540750076239,-9.5,47.5
2024_17_CAR_TB,2024,17,202417,spread,away,0.34392265193370164,-105.0,0.5121951219512195,loss,0.0,-1.0,13.240494419592864,46.92540750076239,-9.5,47.5
2024_17_CAR_TB,2024,17,202417,total,over,0.4171270718232044,-112.0,0.5283018867924528,win,1.0,0.8928571428571429,13.240494419592864,46.92540750076239,-9.5,47.5
2024_17_CAR_TB,2024,17,202417,total,under,0.5828729281767956,-108.0,0.5192307692307693,loss,0.0,-1.0,13.240494419592864,46.92540750076239,-9.5,47.5
2024_17_DAL_PHI,2024,17,202417,spread,home,0.5193370165745856,-108.0,0.5192307692307693,win,1.0,0.9259259259259259,7.535818108055739,44.37415794673079,-7.5,37.5
2024_17_DAL_PHI,2024,17,202417,spread,away,0.48066298342541436,-112.0,0.5283018867924528,loss,0.0,-1.0,7.535818108055739,44.37415794673079,-7.5,37.5
2024_17_DAL_PHI,2024,17,202417,total,over,0.6685082872928176,-112.0,0.5283018867924528,win,1.0,0.8928571428571429,7.535818108055739,44.37415794673079,-7.5,37.5
2024_17_DAL_PHI,2024,17,202417,total,under,0.33149171270718236,-108.0,0.5192307692307693,loss,0.0,-1.0,7.535818108055739,44.37415794673079,-7.5,37.5
2024_17_DEN_CIN,2024,17,202417,spread,home,0.5814917127071824,-105.0,0.5121951219512195,win,1.0,0.9523809523809523,5.02440226565691,48.562478360636746,-3.5,50.5
2024_17_DEN_CIN,2024,17,202417,spread,away,0.41850828729281764,-115.0,0.5348837209302325,loss,0.0,-1.0,5.02440226565691,48.562478360636746,-3.5,50.5
2024_17_DEN_CIN,2024,17,202417,total,over,0.3784530386740331,-110.0,0.5238095238095238,win,1.0,0.9090909090909091,5.02440226565691,48.562478360636746,-3.5,50.5
2024_17_DEN_CIN,2024,17,202417,total,under,0.6215469613259669,-110.0,0.5238095238095238,loss,0.0,-1.0,5.02440226565691,48.562478360636746,-3.5,50.5
2024_17_DET_SF,2024,17,202417,spread,home,0.45027624309392267,-108.0,0.5192307692307693,loss,0.0,-1.0,-5.840203631541593,51.335127360582206,4.0,50.5
2024_17_DET_SF,2024,17,202417,spread,away,0.5497237569060773,-112.0,0.5283018867924528,win,1.0,0.8928571428571429,-5.840203631541593,51.335127360582206,4.0,50.5
2024_17_DET_SF,2024,17,202417,total,over,0.47651933701657456,-110.0,0.5238095238095238,win,1.0,0.9090909090909091,-5.840203631541593,51.335127360582206,4.0,50.5
2024_17_DET_SF,2024,17,202417,total,under,0.5234806629834254,-110.0,0.5238095238095238,loss,0.0,-1.0,-5.840203631541593,51.335127360582206,4.0,50.5
2024_17_GB_MIN,2024,17,202417,spread,home,0.5966850828729282,-115.0,0.5348837209302325,win,1.0,0.8695652173913043,0.9683544683816836,50.783326412501374,1.0,49.0
2024_17_GB_MIN,2024,17,202417,spread,away,0.4033149171270718,-105.0,0.5121951219512195,loss,0.0,-1.0,0.9683544683816836,50.783326412501374,1.0,49.0
2024_17_GB_MIN,2024,17,202417,total,over,0.4986187845303867,-110.0,0.5238095238095238,win,1.0,0.9090909090909091,0.9683544683816836,50.783326412501374,1.0,49.0
2024_17_GB_MIN,2024,17,202417,total,under,0.5013812154696133,-110.0,0.5238095238095238,loss,0.0,-1.0,0.9683544683816836,50.783326412501374,1.0,49.0
2024_17_IND_NYG,2024,17,202417,spread,home,0.6933701657458563,-108.0,0.5192307692307693,win,1.0,0.9259259259259259,-2.475973895907921,42.15208028211917,7.5,40.5
2024_17_IND_NYG,2024,17,202417,spread,away,0.3066298342541437,-112.0,0.5283018867924528,loss,0.0,-1.0,-2.475973895907921,42.15208028211917,7.5,40.5
2024_17_IND_NYG,2024,17,202417,total,over,0.4972375690607735,-108.0,0.5192307692307693,win,1.0,0.9259259259259259,-2.475973895907921,42.15208028211917,7.5,40.5
2024_17_IND_NYG,2024,17,202417,total,under,0.5027624309392265,-112.0,0.5283018867924528,loss,0.0,-1.0,-2.475973895907921,42.15208028211917,7.5,40.5
2024_17_KC_PIT,2024,17,202417,spread,home,0.3798342541436464,-115.0,0.5348837209302325,loss,0.0,-1.0,-6.947007299850995,43.97459938440935,3.0,43.5
2024_17_KC_PIT,2024,17,202417,spread,away,0.6201657458563536,-105.0,0.5121951219512195,win,1.0,0.9523809523809523,-6.947007299850995,43.97459938440935,3.0,43.5
2024_17_KC_PIT,2024,17,202417,total,over,0.46408839779005523,-110.0,0.5238095238095238,loss,0.0,-1.0,-6.947007299850995,43.97459938440935,3.0,43.5
2024_17_KC_PIT,2024,17,202417,total,under,0.5359116022099448,-110.0,0.5238095238095238,win,1.0,0.9090909090909091,-6.947007299850995,43.97459938440935,3.0,43.5
2024_17_LAC_NE,2024,17,202417,spread,home,0.7803867403314917,-102.0,0.504950495049505,loss,0.0,-1.0,1.771799431714539,44.24563514974463,6.0,42.0
2024_17_LAC_NE,2024,17,202417,spread,away,0.2196132596685083,-118.0,0.5412844036697247,win,1.0,0.847457627118644,1.771799431714539,44.24563514974463,6.0,42.0
2024_17_LAC_NE,2024,17,202417,total,over,0.511049723756906,-112.0,0.5283018867924528,win,1.0,0.8928571428571429,1.771799431714539,44.24563514974463,6.0,42.0
2024_17_LAC_NE,2024,17,202417,total,under,0.48895027624309395,-108.0,0.5192307692307693,loss,0.0,-1.0,1.771799431714539,44.24563514974463,6.0,42.0
2024_17_LV_NO,2024,17,202417,spread,home,0.6146408839779005,-110.0,0.5238095238095238,loss,0.0,-1.0,0.4013751744933147,40.7030793102229,2.0,37.5
2024_17_LV_NO,2024,17,202417,spread,away,0.3853591160220995,-110.0,0.5238095238095238,win,1.0,0.9090909090909091,0.4013751744933147,40.7030793102229,2.0,37.5
2024_17_LV_NO,2024,17,202417,total,over,0.5455801104972375,-108.0,0.5192307692307693,loss,0.0,-1.0,0.4013751744933147,40.7030793102229,2.0,37.5
2024_17_LV_NO,2024,17,202417,total,under,0.45441988950276246,-112.0,0.5283018867924528,win,1.0,0.8928571428571429,0.4013751744933147,40.7030793102229,2.0,37.5
2024_17_MIA_CLE,2024,17,202417,spread,home,0.3839779005524862,-105.0,0.5121951219512195,loss,0.0,-1.0,-6.571379399562218,32.56182536234975,3.0,32.5
2024_17_MIA_CLE,2024,17,202417,spread,away,0.6160220994475138,-115.0,0.5348837209302325,win,1.0,0.8695652173913043,-6.571379399562218,32.56182536234975,3.0,32.5
2024_17_MIA_CLE,2024,17,202417,total,over,0.45027624309392267,-108.0,0.5192307692307693,loss,0.0,-1.0,-6.571379399562218,32.56182536234975,3.0,32.5
2024_17_MIA_CLE,2024,17,202417,total,under,0.5497237569060773,-112.0,0.5283018867924528,win,1.0,0.8928571428571429,-6.571379399562218,32.56182536234975,3.0,32.5
2024_17_NYJ_BUF,2024,17,202417,spread,home,0.5027624309392266,-115.0,0.5348837209302325,win,1.0,0.8695652173913043,9.275384164594442,49.25452650808302,-10.0,44.5
2024_17_NYJ_BUF,2024,17,202417,spread,away,0.49723756906077343,-105.0,0.5121951219512195,loss,0.0,-1.0,9.275384164594442,49.25452650808302,-10.0,44.5
2024_17_NYJ_BUF,2024,17,202417,total,over,0.6049723756906077,-108.0,0.5192307692307693,win,1.0,0.9259259259259259,9.275384164594442,49.25452650808302,-10.0,44.5
2024_17_NYJ_BUF,2024,17,202417,total,under,0.3950276243093923,-112.0,0.5283018867924528,loss,0.0,-1.0,9.275384164594442,49.25452650808302,-10.0,44.5
2024_17_SEA_CHI,2024,17,202417,spread,home,0.6464088397790055,-102.0,0.504950495049505,win,1.0,0.9803921568627451,-0.0348825033775308,45.201383362776944,3.5,43.5
2024_17_SEA_CHI,2024,17,202417,spread,away,0.35359116022099446,-118.0,0.5412844036697247,loss,0.0,-1.0,-0.0348825033775308,45.201383362776944,3.5,43.5
2024_17_SEA_CHI,2024,17,202417,total,over,0.4972375690607735,-108.0,0.5192307692307693,loss,0.0,-1.0,-0.0348825033775308,45.201383362776944,3.5,43.5
2024_17_SEA_CHI,2024,17,202417,total,under,0.5027624309392265,-112.0,0.5283018867924528,win,1.0,0.8928571428571429,-0.0348825033775308,45.201383362776944,3.5,43.5
2024_17_TEN_JAX,2024,17,202417,spread,home,0.5511049723756906,-115.0,0.5348837209302325,win,1.0,0.8695652173913043,-0.1237543346815681,42.48473273748453,1.0,38.0
2024_17_TEN_JAX,2024,17,202417,spread,away,0.44889502762430944,-105.0,0.5121951219512195,loss,0.0,-1.0,-0.1237543346815681,42.48473273748453,1.0,38.0
2024_17_TEN_JAX,2024,17,202417,total,over,0.5966850828729282,-110.0,0.5238095238095238,loss,0.0,-1.0,-0.1237543346815681,42.48473273748453,1.0,38.0
2024_17_TEN_JAX,2024,17,202417,total,under,0.4033149171270718,-110.0,0.5238095238095238,win,1.0,0.9090909090909091,-0.1237543346815681,42.48473273748453,1.0,38.0
2024_18_CAR_ATL,2024,18,202418,spread,home,0.7050067658998647,-115.0,0.5348837209302325,loss,0.0,-1.0,12.896305074957327,47.53671704204747,-7.5,48.5
2024_18_CAR_ATL,2024,18,202418,spread,away,0.29499323410013534,-105.0,0.5121951219512195,win,1.0,0.9523809523809523,12.896305074957327,47.53671704204747,-7.5,48.5
2024_18_CAR_ATL,2024,18,202418,total,over,0.40730717185385656,-112.0,0.5283018867924528,win,1.0,0.8928571428571429,12.896305074957327,47.53671704204747,-7.5,48.5
2024_18_CAR_ATL,2024,18,202418,total,under,0.5926928281461434,-108.0,0.5192307692307693,loss,0.0,-1.0,12.896305074957327,47.53671704204747,-7.5,48.5
2024_18_CHI_GB,2024,18,202418,spread,home,0.435723951285521,-105.0,0.5121951219512195,loss,0.0,-1.0,7.840239803228336,33.60151579833142,-10.0,41.5
2024_18_CHI_GB,2024,18,202418,spread,away,0.564276048714479,-115.0,0.5348837209302325,win,1.0,0.8695652173913043,7.840239803228336,33.60151579833142,-10.0,41.5
2024_18_CHI_GB,2024,18,202418,total,over,0.2354533152909337,-112.0,0.5283018867924528,win,1.0,0.8928571428571429,7.840239803228336,33.60151579833142,-10.0,41.5
2024_18_CHI_GB,2024,18,202418,total,under,0.7645466847090663,-108.0,0.5192307692307693,loss,0.0,-1.0,7.840239803228336,33.60151579833142,-10.0,41.5
2024_18_CIN_PIT,2024,18,202418,spread,home,0.35994587280108253,-102.0,0.504950495049505,win,1.0,0.9803921568627451,-7.08898077140058,44.73730136049624,2.5,48.5
2024_18_CIN_PIT,2024,18,202418,spread,away,0.6400541271989175,-118.0,0.5412844036697247,loss,0.0,-1.0,-7.08898077140058,44.73730136049624,2.5,48.5
2024_18_CIN_PIT,2024,18,202418,total,over,0.32882273342354534,-108.0,0.5192307692307693,loss,0.0,-1.0,-7.08898077140058,44.73730136049624,2.5,48.5
2024_18_CIN_PIT,2024,18,202418,total,under,0.6711772665764546,-112.0,0.5283018867924528,win,1.0,0.8928571428571429,-7.08898077140058,44.73730136049624,2.5,48.5
2024_18_CLE_BAL,2024,18,202418,spread,home,0.4857916102841678,-115.0,0.5348837209302325,win,1.0,0.8695652173913043,18.579711994202626,44.02907650787469,-19.5,42.5
2024_18_CLE_BAL,2024,18,202418,spread,away,0.5142083897158323,-105.0,0.5121951219512195,loss,0.0,-1.0,18.579711994202626,44.02907650787469,-19.5,42.5
2024_18_CLE_BAL,2024,18,202418,total,over,0.4925575101488498,-112.0,0.5283018867924528,win,1.0,0.8928571428571429,18.579711994202626,44.02907650787469,-19.5,42.5
2024_18_CLE_BAL,2024,18,202418,total,under,0.5074424898511503,-108.0,0.5192307692307693,loss,0.0,-1.0,18.579711994202626,44.02907650787469,-19.5,42.5
2024_18_HOU_TEN,2024,18,202418,spread,home,0.469553450608931,-112.0,0.5283018867924528,loss,0.0,-1.0,1.2707002707062791,42.15539676975724,-2.5,36.5
2024_18_HOU_TEN,2024,18,202418,spread,away,0.530446549391069,-108.0,0.5192307692307693,win,1.0,0.9259259259259259,1.2707002707062791,42.15539676975724,-2.5,36.5
2024_18_HOU_TEN,2024,18,202418,total,over,0.6359945872801083,-112.0,0.5283018867924528,win,1.0,0.8928571428571429,1.2707002707062791,42.15539676975724,-2.5,36.5
2024_18_HOU_TEN,2024,18,202418,total,under,0.36400541271989173,-108.0,0.5192307692307693,loss,0.0,-1.0,1.2707002707062791,42.15539676975724,-2.5,36.5
2024_18_JAX_IND,2024,18,202418,spread,home,0.4654939106901218,-110.0,0.5238095238095238,loss,0.0,-1.0,2.113674474263985,48.12351559116608,-3.5,45.5
2024_18_JAX_IND,2024,18,202418,spread,away,0.5345060893098782,-110.0,0.5238095238095238,win,1.0,0.9090909090909091,2.113674474263985,48.12351559116608,-3.5,45.5
2024_18_JAX_IND,2024,18,202418,total,over,0.5196211096075778,-110.0,0.5238095238095238,win,1.0,0.9090909090909091,2.113674474263985,48.12351559116608,-3.5,45.5
2024_18_JAX_IND,2024,18,202418,total,under,0.4803788903924222,-105.0,0.5121951219512195,loss,0.0,-1.0,2.113674474263985,48.12351559116608,-3.5,45.5
2024_18_KC_DEN,2024,18,202418,spread,home,0.13531799729364005,-105.0,0.5121951219512195,win,1.0,0.9523809523809523,-3.4094092504878915,39.73362132856201,-10.5,40.5
2024_18_KC_DEN,2024,18,202418,spread,away,0.86468200270636,-115.0,0.5348837209302325,loss,0.0,-1.0,-3.4094092504878915,39.73362132856201,-10.5,40.5
2024_18_KC_DEN,2024,18,202418,total,over,0.4140730717185386,-105.0,0.5121951219512195,loss,0.0,-1.0,-3.4094092504878915,39.73362132856201,-10.5,40.5
2024_18_KC_DEN,2024,18,202418,total,under,0.5859269282814614,-115.0,0.5348837209302325,win,1.0,0.8695652173913043,-3.4094092504878915,39.73362132856201,-10.5,40.5
2024_18_LAC_LV,2024,18,202418,spread,home,0.7388362652232747,-102.0,0.504950495049505,loss,0.0,-1.0,-0.6386522081600237,45.051062078269766,7.0,42.5
2024_18_LAC_LV,2024,18,202418,spread,away,0.2611637347767253,-118.0,0.5412844036697247,win,1.0,0.847457627118644,-0.6386522081600237,45.051062078269766,7.0,42.5
2024_18_LAC_LV,2024,18,202418,total,over,0.516914749661705,-108.0,0.5192307692307693,win,1.0,0.9259259259259259,-0.6386522081600237,45.051062078269766,7.0,42.5
2024_18_LAC_LV,2024,18,202418,total,under,0.48308525033829497,-112.0,0.5283018867924528,loss,0.0,-1.0,-0.6386522081600237,45.051062078269766,7.0,42.5
2024_18_MIA_NYJ,2024,18,202418,spread,home,0.39377537212449254,-110.0,0.5238095238095238,win,1.0,0.9090909090909091,-1.7405689359421603,40.957394868575015,-1.5,39.5
2024_18_MIA_NYJ,2024,18,202418,spread,away,0.6062246278755075,-110.0,0.5238095238095238,loss,0.0,-1.0,-1.7405689359421603,40.957394868575015,-1.5,39.5
2024_18_MIA_NYJ,2024,18,202418,total,over,0.489851150202977,-108.0,0.5192307692307693,win,1.0,0.9259259259259259,-1.7405689359421603,40.957394868575015,-1.5,39.5
2024_18_MIA_NYJ,2024,18,202418,total,under,0.510148849797023,-112.0,0.5283018867924528,loss,0.0,-1.0,-1.7405689359421603,40.957394868575015,-1.5,39.5
2024_18_MIN_DET,2024,18,202418,spread,home,0.5899864682002707,-102.0,0.504950495049505,win,1.0,0.9803921568627451,4.771997065159142,55.40802283012308,-3.0,56.5
2024_18_MIN_DET,2024,18,202418,spread,away,0.4100135317997293,-118.0,0.5412844036697247,loss,0.0,-1.0,4.771997065159142,55.40802283012308,-3.0,56.5
2024_18_MIN_DET,2024,18,202418,total,over,0.4059539918809202,-118.0,0.5412844036697247,loss,0.0,-1.0,4.771997065159142,55.40802283012308,-3.0,56.5
2024_18_MIN_DET,2024,18,202418,total,under,0.5940460081190798,-102.0,0.504950495049505,win,1.0,0.9803921568627451,4.771997065159142,55.40802283012308,-3.0,56.5
2024_18_NO_TB,2024,18,202418,spread,home,0.4479025710419486,-118.0,0.5412844036697247,loss,0.0,-1.0,12.556367301954314,41.54641872200887,-14.5,44.5
2024_18_NO_TB,2024,18,202418,spread,away,0.5520974289580514,-102.0,0.504950495049505,win,1.0,0.9803921568627451,12.556367301954314,41.54641872200887,-14.5,44.5
2024_18_NO_TB,2024,18,202418,total,over,0.35182679296346414,-108.0,0.5192307692307693,win,1.0,0.9259259259259259,12.556367301954314,41.54641872200887,-14.5,44.5
2024_18_NO_TB,2024,18,202418,total,under,0.6481732070365358,-112.0,0.5283018867924528,loss,0.0,-1.0,12.556367301954314,41.54641872200887,-14.5,44.5
2024_18_SEA_LA,2024,18,202418,spread,home,0.8809201623815968,-110.0,0.5238095238095238,win,1.0,0.9090909090909091,6.11381735106445,46.1964544712646,7.5,38.5
2024_18_SEA_LA,2024,18,202418,spread,away,0.11907983761840324,-110.0,0.5238095238095238,loss,0.0,-1.0,6.11381735106445,46.1964544712646,7.5,38.5
2024_18_SEA_LA,2024,18,202418,total,over,0.7009472259810555,-108.0,0.5192307692307693,win,1.0,0.9259259259259259,6.11381735106445,46.1964544712646,7.5,38.5
2024_18_SEA_LA,2024,18,202418,total,under,0.2990527740189445,-112.0,0.5283018867924528,loss,0.0,-1.0,6.11381735106445,46.1964544712646,7.5,38.5
2024_18_SF_ARI,2024,18,202418,spread,home,0.46414073071718537,-110.0,0.5238095238095238,win,1.0,0.9090909090909091,3.030521308590264,46.23189066878659,-4.5,42.5
2024_18_SF_ARI,2024,18,202418,spread,away,0.5358592692828146,-110.0,0.5238095238095238,loss,0.0,-1.0,3.030521308590264,46.23189066878659,-4.5,42.5
2024_18_SF_ARI,2024,18,202418,total,over,0.5588633288227334,-110.0,0.5238095238095238,win,1.0,0.9090909090909091,3.030521308590264,46.23189066878659,-4.5,42.5
2024_18_SF_ARI,2024,18,202418,total,under,0.4411366711772666,-110.0,0.5238095238095238,loss,0.0,-1.0,3.030521308590264,46.23189066878659,-4.5,42.5
2024_18_WAS_DAL,2024,18,202418,spread,home,0.4668470906630582,-112.0,0.5283018867924528,win,1.0,0.8928571428571429,-8.29117143063354,48.40182727991275,7.0,43.5
2024_18_WAS_DAL,2024,18,202418,spread,away,0.5331529093369418,-108.0,0.5192307692307693,loss,0.0,-1.0,-8.29117143063354,48.40182727991275,7.0,43.5
2024_18_WAS_DAL,2024,18,202418,total,over,0.6089309878213802,-102.0,0.504950495049505,loss,0.0,-1.0,-8.29117143063354,48.40182727991275,7.0,43.5
2024_18_WAS_DAL,2024,18,202418,total,under,0.3910690121786198,-118.0,0.5412844036697247,win,1.0,0.847457627118644,-8.29117143063354,48.40182727991275,7.0,43.5
2025_01_ARI_NO,2025,1,202501,spread,home,0.5139442231075697,-112.0,0.5283018867924528,loss,0.0,-1.0,-6.225271260052931,45.7343424548257,6.0,44.5
2025_01_ARI_NO,2025,1,202501,spread,away,0.4860557768924303,-108.0,0.5192307692307693,win,1.0,0.9259259259259259,-6.225271260052931,45.7343424548257,6.0,44.5
2025_01_ARI_NO,2025,1,202501,total,over,0.48738379814077026,-108.0,0.5192307692307693,loss,0.0,-1.0,-6.225271260052931,45.7343424548257,6.0,44.5
2025_01_ARI_NO,2025,1,202501,total,under,0.5126162018592297,-112.0,0.5283018867924528,win,1.0,0.8928571428571429,-6.225271260052931,45.7343424548257,6.0,44.5
2025_01_BAL_BUF,2025,1,202501,spread,home,0.4409030544488712,-102.0,0.504950495049505,win,1.0,0.9803921568627451,-3.592149986206185,55.63895474841697,1.5,50.5
2025_01_BAL_BUF,2025,1,202501,spread,away,0.5590969455511288,-118.0,0.5412844036697247,loss,0.0,-1.0,-3.592149986206185,55.63895474841697,1.5,50.5
2025_01_BAL_BUF,2025,1,202501,total,over,0.6215139442231076,-115.0,0.5348837209302325,win,1.0,0.8695652173913043,-3.592149986206185,55.63895474841697,1.5,50.5
2025_01_BAL_BUF,2025,1,202501,total,under,0.3784860557768924,-105.0,0.5121951219512195,loss,0.0,-1.0,-3.592149986206185,55.63895474841697,1.5,50.5
2025_01_CAR_JAX,2025,1,202501,spread,home,0.5418326693227091,-110.0,0.5238095238095238,win,1.0,0.9090909090909091,5.037517791212031,49.23485759129715,-4.5,45.5
2025_01_CAR_JAX,2025,1,202501,spread,away,0.4581673306772909,-110.0,0.5238095238095238,loss,0.0,-1.0,5.037517791212031,49.23485759129715,-4.5,45.5
2025_01_CAR_JAX,2025,1,202501,total,over,0.5617529880478087,-112.0,0.5283018867924528,loss,0.0,-1.0,5.037517791212031,49.23485759129715,-4.5,45.5
2025_01_CAR_JAX,2025,1,202501,total,under,0.4382470119521913,-108.0,0.5192307692307693,win,1.0,0.9259259259259259,5.037517791212031,49.23485759129715,-4.5,45.5
2025_01_CIN_CLE,2025,1,202501,spread,home,0.3598937583001328,-115.0,0.5348837209302325,win,1.0,0.8695652173913043,-10.14028593653094,44.11382282251771,5.5,47.5
2025_01_CIN_CLE,2025,1,202501,spread,away,0.6401062416998672,-105.0,0.5121951219512195,loss,0.0,-1.0,-10.14028593653094,44.11382282251771,5.5,47.5
2025_01_CIN_CLE,2025,1,202501,total,over,0.3452855245683931,-120.0,0.5454545454545454,loss,0.0,-1.0,-10.14028593653094,44.11382282251771,5.5,47.5
2025_01_CIN_CLE,2025,1,202501,total,under,0.6547144754316069,100.0,0.5,win,1.0,1.0,-10.14028593653094,44.11382282251771,5.5,47.5
2025_01_DAL_PHI,2025,1,202501,spread,home,0.6334661354581673,-110.0,0.5238095238095238,loss,0.0,-1.0,11.570974463957535,48.28028655981262,-8.5,47.5
2025_01_DAL_PHI,2025,1,202501,spread,away,0.3665338645418327,-110.0,0.5238095238095238,win,1.0,0.9090909090909091,11.570974463957535,48.28028655981262,-8.5,47.5
2025_01_DAL_PHI,2025,1,202501,total,over,0.47941567065073043,-110.0,0.5238095238095238,loss,0.0,-1.0,11.570974463957535,48.28028655981262,-8.5,47.5
2025_01_DAL_PHI,2025,1,202501,total,under,0.5205843293492696,-110.0,0.5238095238095238,win,1.0,0.9090909090909091,11.570974463957535,48.28028655981262,-8.5,47.5
2025_01_DET_GB,2025,1,202501,spread,home,0.36387782204515273,-105.0,0.5121951219512195,win,1.0,0.9523809523809523,-2.9647692530177583,50.56602225668802,-1.5,48.5
2025_01_DET_GB,2025,1,202501,spread,away,0.6361221779548473,-115.0,0.5348837209302325,loss,0.0,-1.0,-2.9647692530177583,50.56602225668802,-1.5,48.5
2025_01_DET_GB,2025,1,202501,total,over,0.5086321381142098,-105.0,0.5121951219512195,loss,0.0,-1.0,-2.9647692530177583,50.56602225668802,-1.5,48.5
2025_01_DET_GB,2025,1,202501,total,under,0.4913678618857902,-115.0,0.5348837209302325,win,1.0,0.8695652173913043,-2.9647692530177583,50.56602225668802,-1.5,48.5
2025_01_HOU_LA,2025,1,202501,spread,home,0.5976095617529881,-102.0,0.504950495049505,win,1.0,0.9803921568627451,5.524463582865722,46.9383821719135,-3.5,43.5
2025_01_HOU_LA,2025,1,202501,spread,away,0.40239043824701193,-118.0,0.5412844036697247,loss,0.0,-1.0,5.524463582865722,46.9383821719135,-3.5,43.5
2025_01_HOU_LA,2025,1,202501,total,over,0.5524568393094289,-105.0,0.5121951219512195,loss,0.0,-1.0,5.524463582865722,46.9383821719135,-3.5,43.5
2025_01_HOU_LA,2025,1,202501,total,under,0.4475431606905711,-115.0,0.5348837209302325,win,1.0,0.8695652173913043,5.524463582865722,46.9383821719135,-3.5,43.5
2025_01_KC_LAC,2025,1,202501,spread,home,0.6812749003984063,100.0,0.5,win,1.0,1.0,1.775397473039147,47.91189863325132,3.0,47.5
2025_01_KC_LAC,2025,1,202501,spread,away,0.3187250996015937,-120.0,0.5454545454545454,loss,0.0,-1.0,1.775397473039147,47.91189863325132,3.0,47.5
2025_01_KC_LAC,2025,1,202501,total,over,0.4674634794156706,-110.0,0.5238095238095238,win,1.0,0.9090909090909091,1.775397473039147,47.91189863325132,3.0,47.5
2025_01_KC_LAC,2025,1,202501,total,under,0.5325365205843293,-110.0,0.5238095238095238,loss,0.0,-1.0,1.775397473039147,47.91189863325132,3.0,47.5
2025_01_LV_NE,2025,1,202501,spread,home,0.448871181938911,-120.0,0.5454545454545454,loss,0.0,-1.0,0.6086795569326187,43.77937137745285,-2.5,44.5
2025_01_LV_NE,2025,1,202501,spread,away,0.5511288180610889,100.0,0.5,win,1.0,1.0,0.6086795569326187,43.77937137745285,-2.5,44.5
2025_01_LV_NE,2025,1,202501,total,over,0.41832669322709165,-105.0,0.5121951219512195,loss,0.0,-1.0,0.6086795569326187,43.77937137745285,-2.5,44.5
2025_01_LV_NE,2025,1,202501,total,under,0.5816733067729083,-115.0,0.5348837209302325,win,1.0,0.8695652173913043,0.6086795569326187,43.77937137745285,-2.5,44.5
2025_01_MIA_IND,2025,1,202501,spread,home,0.33598937583001326,-102.0,0.504950495049505,win,1.0,0.9803921568627451,-3.661576323142248,47.49077135012406,-1.5,47.5
2025_01_MIA_IND,2025,1,202501,spread,away,0.6640106241699868,-118.0,0.5412844036697247,loss,0.0,-1.0,-3.661576323142248,47.49077135012406,-1.5,47.5
2025_01_MIA_IND,2025,1,202501,total,over,0.450199203187251,100.0,0.5,loss,0.0,-1.0,-3.661576323142248,47.49077135012406,-1.5,47.5
2025_01_MIA_IND,2025,1,202501,total,under,0.549800796812749,-120.0,0.5454545454545454,win,1.0,0.8333333333333334,-3.661576323142248,47.49077135012406,-1.5,47.5
2025_01_NYG_WAS,2025,1,202501,spread,home,0.6932270916334662,-112.0,0.5283018867924528,win,1.0,0.8928571428571429,11.049602564288175,49.05105194617079,-6.0,45.5
2025_01_NYG_WAS,2025,1,202501,spread,away,0.3067729083665338,-108.0,0.5192307692307693,loss,0.0,-1.0,11.049602564288175,49.05105194617079,-6.0,45.5
2025_01_NYG_WAS,2025,1,202501,total,over,0.5551128818061088,-110.0,0.5238095238095238,loss,0.0,-1.0,11.049602564288175,49.05105194617079,-6.0,45.5
2025_01_NYG_WAS,2025,1,202501,total,under,0.44488711819389115,-110.0,0.5238095238095238,win,1.0,0.9090909090909091,11.049602564288175,49.05105194617079,-6.0,45.5
2025_01_PIT_NYJ,2025,1,202501,spread,home,0.6958831341301461,-110.0,0.5238095238095238,win,1.0,0.9090909090909091,2.163385558058941,43.875672331862376,3.0,37.5
2025_01_PIT_NYJ,2025,1,202501,spread,away,0.30411686586985387,-110.0,0.5238095238095238,loss,0.0,-1.0,2.163385558058941,43.875672331862376,3.0,37.5
2025_01_PIT_NYJ,2025,1,202501,total,over,0.6547144754316069,-112.0,0.5283018867924528,win,1.0,0.8928571428571429,2.163385558058941,43.875672331862376,3.0,37.5
2025_01_PIT_NYJ,2025,1,202501,total,under,0.3452855245683931,-108.0,0.5192307692307693,loss,0.0,-1.0,2.163385558058941,43.875672331862376,3.0,37.5
2025_01_SF_SEA,2025,1,202501,spread,home,0.6215139442231076,-115.0,0.5348837209302325,loss,0.0,-1.0,0.0964614053390187,47.71795867920781,2.5,43.5
2025_01_SF_SEA,2025,1,202501,spread,away,0.3784860557768924,-105.0,0.5121951219512195,win,1.0,0.9523809523809523,0.0964614053390187,47.71795867920781,2.5,43.5
2025_01_SF_SEA,2025,1,202501,total,over,0.5883134130146083,-108.0,0.5192307692307693,loss,0.0,-1.0,0.0964614053390187,47.71795867920781,2.5,43.5
2025_01_SF_SEA,2025,1,202501,total,under,0.41168658698539173,-112.0,0.5283018867924528,win,1.0,0.8928571428571429,0.0964614053390187,47.71795867920781,2.5,43.5
2025_01_TB_ATL,2025,1,202501,spread,home,0.4594953519256308,-118.0,0.5412844036697247,loss,0.0,-1.0,-3.1711324014768394,53.84299875304937,1.5,47.5
2025_01_TB_ATL,2025,1,202501,spread,away,0.5405046480743692,-102.0,0.504950495049505,win,1.0,0.9803921568627451,-3.1711324014768394,53.84299875304937,1.5,47.5
2025_01_TB_ATL,2025,1,202501,total,over,0.6547144754316069,-115.0,0.5348837209302325,loss,0.0,-1.0,-3.1711324014768394,53.84299875304937,1.5,47.5
2025_01_TB_ATL,2025,1,202501,total,under,0.3452855245683931,-105.0,0.5121951219512195,win,1.0,0.9523809523809523,-3.1711324014768394,53.84299875304937,1.5,47.5
2025_02_BUF_NYJ,2025,2,202502,spread,home,0.5123859191655802,-108.0,0.5192307692307693,loss,0.0,-1.0,-6.242546046613978,49.46070147054011,6.0,47.5
2025_02_BUF_NYJ,2025,2,202502,spread,away,0.4876140808344198,-112.0,0.5283018867924528,win,1.0,0.8928571428571429,-6.242546046613978,49.46070147054011,6.0,47.5
2025_02_BUF_NYJ,2025,2,202502,total,over,0.5019556714471969,-110.0,0.5238095238095238,loss,0.0,-1.0,-6.242546046613978,49.46070147054011,6.0,47.5
2025_02_BUF_NYJ,2025,2,202502,total,under,0.4980443285528031,-110.0,0.5238095238095238,win,1.0,0.9090909090909091,-6.242546046613978,49.46070147054011,6.0,47.5
2025_02_CAR_ARI,2025,2,202502,spread,home,0.6753585397653195,-110.0,0.5238095238095238,loss,0.0,-1.0,11.526999570975912,51.75313004531753,-7.0,45.5
2025_02_CAR_ARI,2025,2,202502,spread,away,0.32464146023468055,-110.0,0.5238095238095238,win,1.0,0.9090909090909091,11.526999570975912,51.75313004531753,-7.0,45.5
2025_02_CAR_ARI,2025,2,202502,total,over,0.6466753585397653,-110.0,0.5238095238095238,win,1.0,0.9090909090909091,11.526999570975912,51.75313004531753,-7.0,45.5
2025_02_CAR_ARI,2025,2,202502,total,under,0.3533246414602347,-110.0,0.5238095238095238,loss,0.0,-1.0,11.526999570975912,51.75313004531753,-7.0,45.5
2025_02_CHI_DET,2025,2,202502,spread,home,0.7522816166883963,-110.0,0.5238095238095238,win,1.0,0.9090909090909091,13.04020198010918,49.75378415524157,-6.0,46.5
2025_02_CHI_DET,2025,2,202502,spread,away,0.24771838331160367,-110.0,0.5238095238095238,loss,0.0,-1.0,13.04020198010918,49.75378415524157,-6.0,46.5
2025_02_CHI_DET,2025,2,202502,total,over,0.5423728813559322,-108.0,0.5192307692307693,win,1.0,0.9259259259259259,13.04020198010918,49.75378415524157,-6.0,46.5
2025_02_CHI_DET,2025,2,202502,total,under,0.4576271186440678,-112.0,0.5283018867924528,loss,0.0,-1.0,13.04020198010918,49.75378415524157,-6.0,46.5
2025_02_CLE_BAL,2025,2,202502,spread,home,0.7066492829204694,-115.0,0.5348837209302325,win,1.0,0.8695652173913043,17.876376578570262,49.50311965794956,-12.5,46.5
2025_02_CLE_BAL,2025,2,202502,spread,away,0.29335071707953064,-105.0,0.5121951219512195,loss,0.0,-1.0,17.876376578570262,49.50311965794956,-12.5,46.5
2025_02_CLE_BAL,2025,2,202502,total,over,0.5384615384615384,-110.0,0.5238095238095238,win,1.0,0.9090909090909091,17.876376578570262,49.50311965794956,-12.5,46.5
2025_02_CLE_BAL,2025,2,202502,total,under,0.46153846153846156,-110.0,0.5238095238095238,loss,0.0,-1.0,17.876376578570262,49.50311965794956,-12.5,46.5
2025_02_DEN_IND,2025,2,202502,spread,home,0.5189048239895697,-115.0,0.5348837209302325,win,1.0,0.8695652173913043,-2.549961854550096,47.43769652654468,2.5,43.5
2025_02_DEN_IND,2025,2,202502,spread,away,0.4810951760104303,-105.0,0.5121951219512195,loss,0.0,-1.0,-2.549961854550096,47.43769652654468,2.5,43.5
2025_02_DEN_IND,2025,2,202502,total,over,0.5658409387222947,-108.0,0.5192307692307693,win,1.0,0.9259259259259259,-2.549961854550096,47.43769652654468,2.5,43.5
2025_02_DEN_IND,2025,2,202502,total,under,0.4341590612777053,-112.0,0.5283018867924528,loss,0.0,-1.0,-2.549961854550096,47.43769652654468,2.5,43.5
2025_02_JAX_CIN,2025,2,202502,spread,home,0.5919165580182529,-105.0,0.5121951219512195,win,1.0,0.9523809523809523,5.251030050709905,48.57251283194537,-3.5,49.5
2025_02_JAX_CIN,2025,2,202502,spread,away,0.40808344198174706,-115.0,0.5348837209302325,loss,0.0,-1.0,5.251030050709905,48.57251283194537,-3.5,49.5
2025_02_JAX_CIN,2025,2,202502,total,over,0.4067796610169492,-105.0,0.5121951219512195,win,1.0,0.9523809523809523,5.251030050709905,48.57251283194537,-3.5,49.5
2025_02_JAX_CIN,2025,2,202502,total,under,0.5932203389830508,-115.0,0.5348837209302325,loss,0.0,-1.0,5.251030050709905,48.57251283194537,-3.5,49.5
2025_02_LAC_LV,2025,2,202502,spread,home,0.5123859191655802,-115.0,0.5348837209302325,loss,0.0,-1.0,-3.780491448460241,45.46673863500703,3.5,46.5
2025_02_LAC_LV,2025,2,202502,spread,away,0.4876140808344198,-105.0,0.5121951219512195,win,1.0,0.9523809523809523,-3.780491448460241,45.46673863500703,3.5,46.5
2025_02_LAC_LV,2025,2,202502,total,over,0.4041720990873533,-118.0,0.5412844036697247,loss,0.0,-1.0,-3.780491448460241,45.46673863500703,3.5,46.5
2025_02_LAC_LV,2025,2,202502,total,under,0.5958279009126467,-102.0,0.504950495049505,win,1.0,0.9803921568627451,-3.780491448460241,45.46673863500703,3.5,46.5
2025_02_NE_MIA,2025,2,202502,spread,home,0.6714471968709257,-110.0,0.5238095238095238,loss,0.0,-1.0,5.955328547079893,43.05271084126588,-1.5,43.5
2025_02_NE_MIA,2025,2,202502,spread,away,0.3285528031290743,-110.0,0.5238095238095238,win,1.0,0.9090909090909091,5.955328547079893,43.05271084126588,-1.5,43.5
2025_02_NE_MIA,2025,2,202502,total,over,0.42633637548891784,-105.0,0.5121951219512195,win,1.0,0.9523809523809523,5.955328547079893,43.05271084126588,-1.5,43.5
2025_02_NE_MIA,2025,2,202502,total,under,0.5736636245110822,-115.0,0.5348837209302325,loss,0.0,-1.0,5.955328547079893,43.05271084126588,-1.5,43.5
2025_02_NYG_DAL,2025,2,202502,spread,home,0.5423728813559322,-120.0,0.5454545454545454,loss,0.0,-1.0,5.01695903942314,47.28075377437735,-4.5,44.5
2025_02_NYG_DAL,2025,2,202502,spread,away,0.4576271186440678,100.0,0.5,win,1.0,1.0,5.01695903942314,47.28075377437735,-4.5,44.5
2025_02_NYG_DAL,2025,2,202502,total,over,0.5241199478487614,-110.0,0.5238095238095238,win,1.0,0.9090909090909091,5.01695903942314,47.28075377437735,-4.5,44.5
2025_02_NYG_DAL,2025,2,202502,total,under,0.47588005215123863,-110.0,0.5238095238095238,loss,0.0,-1.0,5.01695903942314,47.28075377437735,-4.5,44.5
2025_02_PHI_KC,2025,2,202502,spread,home,0.4198174706649283,-110.0,0.5238095238095238,loss,0.0,-1.0,-4.146853589989815,49.56220829187758,1.5,46.5
2025_02_PHI_KC,2025,2,202502,spread,away,0.5801825293350718,-110.0,0.5238095238095238,win,1.0,0.9090909090909091,-4.146853589989815,49.56220829187758,1.5,46.5
2025_02_PHI_KC,2025,2,202502,total,over,0.5397653194263363,-118.0,0.5412844036697247,loss,0.0,-1.0,-4.146853589989815,49.56220829187758,1.5,46.5
2025_02_PHI_KC,2025,2,202502,total,under,0.4602346805736637,-102.0,0.504950495049505,win,1.0,0.9803921568627451,-4.146853589989815,49.56220829187758,1.5,46.5
2025_02_SEA_PIT,2025,2,202502,spread,home,0.379400260756193,-110.0,0.5238095238095238,loss,0.0,-1.0,-0.5880464743074947,43.5401391407366,-3.5,40.5
2025_02_SEA_PIT,2025,2,202502,spread,away,0.620599739243807,-110.0,0.5238095238095238,win,1.0,0.9090909090909091,-0.5880464743074947,43.5401391407366,-3.5,40.5
2025_02_SEA_PIT,2025,2,202502,total,over,0.5397653194263363,-112.0,0.5283018867924528,win,1.0,0.8928571428571429,-0.5880464743074947,43.5401391407366,-3.5,40.5
2025_02_SEA_PIT,2025,2,202502,total,under,0.4602346805736637,-108.0,0.5192307692307693,loss,0.0,-1.0,-0.5880464743074947,43.5401391407366,-3.5,40.5
2025_02_SF_NO,2025,2,202502,spread,home,0.4654498044328553,-110.0,0.5238095238095238,loss,0.0,-1.0,-4.517290571902352,44.82834258885796,3.0,40.5
2025_02_SF_NO,2025,2,202502,spread,away,0.5345501955671448,-110.0,0.5238095238095238,win,1.0,0.9090909090909091,-4.517290571902352,44.82834258885796,3.0,40.5
2025_02_SF_NO,2025,2,202502,total,over,0.5840938722294654,-115.0,0.5348837209302325,win,1.0,0.8695652173913043,-4.517290571902352,44.82834258885796,3.0,40.5
2025_02_SF_NO,2025,2,202502,total,under,0.4159061277705346,-105.0,0.5121951219512195,loss,0.0,-1.0,-4.517290571902352,44.82834258885796,3.0,40.5
2025_02_TB_HOU,2025,2,202502,spread,home,0.20599739243807041,-110.0,0.5238095238095238,loss,0.0,-1.0,-7.5142863422379005,48.94053505807139,-2.5,42.5
2025_02_TB_HOU,2025,2,202502,spread,away,0.7940026075619295,-110.0,0.5238095238095238,win,1.0,0.9090909090909091,-7.5142863422379005,48.94053505807139,-2.5,42.5
2025_02_TB_HOU,2025,2,202502,total,over,0.6492829204693612,-110.0,0.5238095238095238,loss,0.0,-1.0,-7.5142863422379005,48.94053505807139,-2.5,42.5
2025_02_TB_HOU,2025,2,202502,total,under,0.3507170795306388,-110.0,0.5238095238095238,win,1.0,0.9090909090909091,-7.5142863422379005,48.94053505807139,-2.5,42.5
2025_02_WAS_GB,2025,2,202502,spread,home,0.42242503259452413,-102.0,0.504950495049505,win,1.0,0.9803921568627451,0.9146096457296136,48.66400799181037,-3.5,48.5
2025_02_WAS_GB,2025,2,202502,spread,away,0.5775749674054759,-118.0,0.5412844036697247,loss,0.0,-1.0,0.9146096457296136,48.66400799181037,-3.5,48.5
2025_02_WAS_GB,2025,2,202502,total,over,0.4511082138200782,-115.0,0.5348837209302325,loss,0.0,-1.0,0.9146096457296136,48.66400799181037,-3.5,48.5
2025_02_WAS_GB,2025,2,202502,total,under,0.5488917861799218,-105.0,0.5121951219512195,win,1.0,0.9523809523809523,0.9146096457296136,48.66400799181037,-3.5,48.5
2025_03_ARI_SF,2025,3,202503,spread,home,0.471190781049936,-108.0,0.5192307692307693,loss,0.0,-1.0,0.3408256464351755,46.882856725104496,-1.5,44.5
2025_03_ARI_SF,2025,3,202503,spread,away,0.5288092189500639,-112.0,0.5283018867924528,win,1.0,0.8928571428571429,0.3408256464351755,46.882856725104496,-1.5,44.5
2025_03_ARI_SF,2025,3,202503,total,over,0.5134443021766966,-108.0,0.5192307692307693,loss,0.0,-1.0,0.3408256464351755,46.882856725104496,-1.5,44.5
2025_03_ARI_SF,2025,3,202503,total,under,0.48655569782330343,-112.0,0.5283018867924528,win,1.0,0.8928571428571429,0.3408256464351755,46.882856725104496,-1.5,44.5
2025_03_ATL_CAR,2025,3,202503,spread,home,0.40973111395646605,-115.0,0.5348837209302325,win,1.0,0.8695652173913043,-8.402830570661456,44.16433834666692,5.5,44.5
2025_03_ATL_CAR,2025,3,202503,spread,away,0.5902688860435339,-105.0,0.5121951219512195,loss,0.0,-1.0,-8.402830570661456,44.16433834666692,5.5,44.5
2025_03_ATL_CAR,2025,3,202503,total,over,0.43405889884763127,-105.0,0.5121951219512195,loss,0.0,-1.0,-8.402830570661456,44.16433834666692,5.5,44.5
2025_03_ATL_CAR,2025,3,202503,total,under,0.5659411011523687,-115.0,0.5348837209302325,win,1.0,0.8695652173913043,-8.402830570661456,44.16433834666692,5.5,44.5
2025_03_CIN_MIN,2025,3,202503,spread,home,0.3674775928297055,-110.0,0.5238095238095238,win,1.0,0.9090909090909091,-1.3012409921994184,46.10311237045012,-3.0,41.5
2025_03_CIN_MIN,2025,3,202503,spread,away,0.6325224071702945,-110.0,0.5238095238095238,loss,0.0,-1.0,-1.3012409921994184,46.10311237045012,-3.0,41.5
2025_03_CIN_MIN,2025,3,202503,total,over,0.5992317541613317,-115.0,0.5348837209302325,win,1.0,0.8695652173913043,-1.3012409921994184,46.10311237045012,-3.0,41.5
2025_03_CIN_MIN,2025,3,202503,total,under,0.4007682458386683,-105.0,0.5121951219512195,loss,0.0,-1.0,-1.3012409921994184,46.10311237045012,-3.0,41.5
2025_03_DAL_CHI,2025,3,202503,spread,home,0.5364916773367477,-105.0,0.5121951219512195,win,1.0,0.9523809523809523,-1.085110908736511,45.15206447208812,1.5,49.5
2025_03_DAL_CHI,2025,3,202503,spread,away,0.46350832266325226,-115.0,0.5348837209302325,loss,0.0,-1.0,-1.085110908736511,45.15206447208812,1.5,49.5
2025_03_DAL_CHI,2025,3,202503,total,over,0.31626120358514725,-120.0,0.5454545454545454,loss,0.0,-1.0,-1.085110908736511,45.15206447208812,1.5,49.5
2025_03_DAL_CHI,2025,3,202503,total,under,0.6837387964148527,100.0,0.5,win,1.0,1.0,-1.085110908736511,45.15206447208812,1.5,49.5
2025_03_DEN_LAC,2025,3,202503,spread,home,0.5044814340588989,-120.0,0.5454545454545454,win,1.0,0.8333333333333334,1.912853257324677,48.868034815385656,-2.5,45.5
2025_03_DEN_LAC,2025,3,202503,spread,away,0.4955185659411011,100.0,0.5,loss,0.0,-1.0,1.912853257324677,48.868034815385656,-2.5,45.5
2025_03_DEN_LAC,2025,3,202503,total,over,0.5467349551856594,-110.0,0.5238095238095238,loss,0.0,-1.0,1.912853257324677,48.868034815385656,-2.5,45.5
2025_03_DEN_LAC,2025,3,202503,total,under,0.4532650448143406,-110.0,0.5238095238095238,win,1.0,0.9090909090909091,1.912853257324677,48.868034815385656,-2.5,45.5
2025_03_DET_BAL,2025,3,202503,spread,home,0.44430217669654287,-115.0,0.5348837209302325,loss,0.0,-1.0,2.50444479458684,56.350265499610174,-4.5,53.5
2025_03_DET_BAL,2025,3,202503,spread,away,0.5556978233034571,-105.0,0.5121951219512195,win,1.0,0.9523809523809523,2.50444479458684,56.350265499610174,-4.5,53.5
2025_03_DET_BAL,2025,3,202503,total,over,0.5326504481434059,-115.0,0.5348837209302325,win,1.0,0.8695652173913043,2.50444479458684,56.350265499610174,-4.5,53.5
2025_03_DET_BAL,2025,3,202503,total,under,0.4673495518565941,-105.0,0.5121951219512195,loss,0.0,-1.0,2.50444479458684,56.350265499610174,-4.5,53.5
2025_03_GB_CLE,2025,3,202503,spread,home,0.43149807938540335,-118.0,0.5412844036697247,win,1.0,0.847457627118644,-10.866293636886745,43.37750274222921,8.5,41.5
2025_03_GB_CLE,2025,3,202503,spread,away,0.5685019206145967,-102.0,0.504950495049505,loss,0.0,-1.0,-10.866293636886745,43.37750274222921,8.5,41.5
2025_03_GB_CLE,2025,3,202503,total,over,0.5019206145966709,-105.0,0.5121951219512195,loss,0.0,-1.0,-10.866293636886745,43.37750274222921,8.5,41.5
2025_03_GB_CLE,2025,3,202503,total,under,0.4980793854033291,-115.0,0.5348837209302325,win,1.0,0.8695652173913043,-10.866293636886745,43.37750274222921,8.5,41.5
2025_03_HOU_JAX,2025,3,202503,spread,home,0.6235595390524968,-112.0,0.5283018867924528,win,1.0,0.8928571428571429,4.080441132431907,42.87759326370388,-1.5,43.5
2025_03_HOU_JAX,2025,3,202503,spread,away,0.37644046094750316,-108.0,0.5192307692307693,loss,0.0,-1.0,4.080441132431907,42.87759326370388,-1.5,43.5
2025_03_HOU_JAX,2025,3,202503,total,over,0.4186939820742638,-105.0,0.5121951219512195,loss,0.0,-1.0,4.080441132431907,42.87759326370388,-1.5,43.5
2025_03_HOU_JAX,2025,3,202503,total,under,0.5813060179257362,-115.0,0.5348837209302325,win,1.0,0.8695652173913043,4.080441132431907,42.87759326370388,-1.5,43.5
2025_03_IND_TEN,2025,3,202503,spread,home,0.43918053777208704,-112.0,0.5283018867924528,loss,0.0,-1.0,-8.104119897401693,40.8399516080691,6.0,43.5
2025_03_IND_TEN,2025,3,202503,spread,away,0.560819462227913,-108.0,0.5192307692307693,win,1.0,0.9259259259259259,-8.104119897401693,40.8399516080691,6.0,43.5
2025_03_IND_TEN,2025,3,202503,total,over,0.3585147247119078,-105.0,0.5121951219512195,win,1.0,0.9523809523809523,-8.104119897401693,40.8399516080691,6.0,43.5
2025_03_IND_TEN,2025,3,202503,total,under,0.6414852752880922,-115.0,0.5348837209302325,loss,0.0,-1.0,-8.104119897401693,40.8399516080691,6.0,43.5
2025_03_KC_NYG,2025,3,202503,spread,home,0.5697823303457106,-105.0,0.5121951219512195,loss,0.0,-1.0,-4.836787284990103,44.88445092874729,6.0,44.5
2025_03_KC_NYG,2025,3,202503,spread,away,0.4302176696542894,-115.0,0.5348837209302325,win,1.0,0.8695652173913043,-4.836787284990103,44.88445092874729,6.0,44.5
2025_03_KC_NYG,2025,3,202503,total,over,0.4647887323943662,-115.0,0.5348837209302325,loss,0.0,-1.0,-4.836787284990103,44.88445092874729,6.0,44.5
2025_03_KC_NYG,2025,3,202503,total,under,0.5352112676056338,-105.0,0.5121951219512195,win,1.0,0.9523809523809523,-4.836787284990103,44.88445092874729,6.0,44.5
2025_03_LA_PHI,2025,3,202503,spread,home,0.5710627400768246,-112.0,0.5283018867924528,win,1.0,0.8928571428571429,4.700474915841034,47.99230325552136,-3.5,45.5
2025_03_LA_PHI,2025,3,202503,spread,away,0.42893725992317544,-108.0,0.5192307692307693,loss,0.0,-1.0,4.700474915841034,47.99230325552136,-3.5,45.5
2025_03_LA_PHI,2025,3,202503,total,over,0.5160051216389244,-112.0,0.5283018867924528,win,1.0,0.8928571428571429,4.700474915841034,47.99230325552136,-3.5,45.5
2025_03_LA_PHI,2025,3,202503,total,under,0.4839948783610756,-108.0,0.5192307692307693,loss,0.0,-1.0,4.700474915841034,47.99230325552136,-3.5,45.5
2025_03_LV_WAS,2025,3,202503,spread,home,0.7387964148527529,-120.0,0.5454545454545454,win,1.0,0.8333333333333334,8.945074737454421,47.01209148927581,-2.5,43.5
2025_03_LV_WAS,2025,3,202503,spread,away,0.26120358514724706,100.0,0.5,loss,0.0,-1.0,8.945074737454421,47.01209148927581,-2.5,43.5
2025_03_LV_WAS,2025,3,202503,total,over,0.5492957746478874,-110.0,0.5238095238095238,win,1.0,0.9090909090909091,8.945074737454421,47.01209148927581,-2.5,43.5
2025_03_LV_WAS,2025,3,202503,total,under,0.45070422535211263,-110.0,0.5238095238095238,loss,0.0,-1.0,8.945074737454421,47.01209148927581,-2.5,43.5
2025_03_MIA_BUF,2025,3,202503,spread,home,0.31241997439180536,-110.0,0.5238095238095238,loss,0.0,-1.0,6.502804991799047,52.06312489352828,-12.5,50.5
2025_03_MIA_BUF,2025,3,202503,spread,away,0.6875800256081946,-110.0,0.5238095238095238,win,1.0,0.9090909090909091,6.502804991799047,52.06312489352828,-12.5,50.5
2025_03_MIA_BUF,2025,3,202503,total,over,0.4942381562099872,-108.0,0.5192307692307693,win,1.0,0.9259259259259259,6.502804991799047,52.06312489352828,-12.5,50.5
2025_03_MIA_BUF,2025,3,202503,total,under,0.5057618437900129,-112.0,0.5283018867924528,loss,0.0,-1.0,6.502804991799047,52.06312489352828,-12.5,50.5
2025_03_NO_SEA,2025,3,202503,spread,home,0.46094750320102434,-105.0,0.5121951219512195,win,1.0,0.9523809523809523,5.8983362500322505,38.721450622869085,-7.5,41.5
2025_03_NO_SEA,2025,3,202503,spread,away,0.5390524967989756,-115.0,0.5348837209302325,loss,0.0,-1.0,5.8983362500322505,38.721450622869085,-7.5,41.5
2025_03_NO_SEA,2025,3,202503,total,over,0.35723431498079383,-112.0,0.5283018867924528,win,1.0,0.8928571428571429,5.8983362500322505,38.721450622869085,-7.5,41.5
2025_03_NO_SEA,2025,3,202503,total,under,0.6427656850192062,-108.0,0.5192307692307693,loss,0.0,-1.0,5.8983362500322505,38.721450622869085,-7.5,41.5
2025_03_NYJ_TB,2025,3,202503,spread,home,0.6824583866837388,-115.0,0.5348837209302325,loss,0.0,-1.0,11.202207460624637,47.69700342297473,-6.5,43.5
2025_03_NYJ_TB,2025,3,202503,spread,away,0.3175416133162612,-105.0,0.5121951219512195,win,1.0,0.9523809523809523,11.202207460624637,47.69700342297473,-6.5,43.5
2025_03_NYJ_TB,2025,3,202503,total,over,0.5838668373879642,-105.0,0.5121951219512195,win,1.0,0.9523809523809523,11.202207460624637,47.69700342297473,-6.5,43.5
2025_03_NYJ_TB,2025,3,202503,total,under,0.4161331626120358,-115.0,0.5348837209302325,loss,0.0,-1.0,11.202207460624637,47.69700342297473,-6.5,43.5
2025_03_PIT_NE,2025,3,202503,spread,home,0.6914212548015365,-115.0,0.5348837209302325,loss,0.0,-1.0,3.449110486930117,44.91698294940376,1.5,44.5
2025_03_PIT_NE,2025,3,202503,spread,away,0.3085787451984635,-105.0,0.5121951219512195,win,1.0,0.9523809523809523,3.449110486930117,44.91698294940376,1.5,44.5
2025_03_PIT_NE,2025,3,202503,total,over,0.4647887323943662,-108.0,0.5192307692307693,loss,0.0,-1.0,3.449110486930117,44.91698294940376,1.5,44.5
2025_03_PIT_NE,2025,3,202503,total,under,0.5352112676056338,-112.0,0.5283018867924528,win,1.0,0.8928571428571429,3.449110486930117,44.91698294940376,1.5,44.5
2025_04_BAL_KC,2025,4,202504,spread,home,0.4027603513174404,100.0,0.5,win,1.0,1.0,-5.51923070412276,51.63383779456012,2.5,48.5
2025_04_BAL_KC,2025,4,202504,spread,away,0.5972396486825595,-120.0,0.5454545454545454,loss,0.0,-1.0,-5.51923070412276,51.63383779456012,2.5,48.5
2025_04_BAL_KC,2025,4,202504,total,over,0.5420326223337516,-120.0,0.5454545454545454,win,1.0,0.8333333333333334,-5.51923070412276,51.63383779456012,2.5,48.5
2025_04_BAL_KC,2025,4,202504,total,under,0.4579673776662484,100.0,0.5,loss,0.0,-1.0,-5.51923070412276,51.63383779456012,2.5,48.5
2025_04_CAR_NE,2025,4,202504,spread,home,0.5056461731493099,-112.0,0.5283018867924528,win,1.0,0.8928571428571429,4.79964220819266,45.172647940954334,-5.5,42.5
2025_04_CAR_NE,2025,4,202504,spread,away,0.49435382685069007,-108.0,0.5192307692307693,loss,0.0,-1.0,4.79964220819266,45.172647940954334,-5.5,42.5
2025_04_CAR_NE,2025,4,202504,total,over,0.5194479297365119,-112.0,0.5283018867924528,win,1.0,0.8928571428571429,4.79964220819266,45.172647940954334,-5.5,42.5
2025_04_CAR_NE,2025,4,202504,total,under,0.4805520702634881,-108.0,0.5192307692307693,loss,0.0,-1.0,4.79964220819266,45.172647940954334,-5.5,42.5
2025_04_CHI_LV,2025,4,202504,spread,home,0.5194479297365119,-110.0,0.5238095238095238,loss,0.0,-1.0,1.3597230007988,45.41758974073148,-1.5,47.5
2025_04_CHI_LV,2025,4,202504,spread,away,0.4805520702634881,-110.0,0.5238095238095238,win,1.0,0.9090909090909091,1.3597230007988,45.41758974073148,-1.5,47.5
2025_04_CHI_LV,2025,4,202504,total,over,0.38017565872020076,-115.0,0.5348837209302325,win,1.0,0.8695652173913043,1.3597230007988,45.41758974073148,-1.5,47.5
2025_04_CHI_LV,2025,4,202504,total,under,0.6198243412797992,-105.0,0.5121951219512195,loss,0.0,-1.0,1.3597230007988,45.41758974073148,-1.5,47.5
2025_04_CIN_DEN,2025,4,202504,spread,home,0.4504391468005019,-105.0,0.5121951219512195,win,1.0,0.9523809523809523,5.664431993870601,46.414178673191294,-7.5,44.5
2025_04_CIN_DEN,2025,4,202504,spread,away,0.5495608531994981,-115.0,0.5348837209302325,loss,0.0,-1.0,5.664431993870601,46.414178673191294,-7.5,44.5
2025_04_CIN_DEN,2025,4,202504,total,over,0.5031367628607277,-105.0,0.5121951219512195,loss,0.0,-1.0,5.664431993870601,46.414178673191294,-7.5,44.5
2025_04_CIN_DEN,2025,4,202504,total,under,0.4968632371392723,-115.0,0.5348837209302325,win,1.0,0.8695652173913043,5.664431993870601,46.414178673191294,-7.5,44.5
2025_04_CLE_DET,2025,4,202504,spread,home,0.7829360100376411,-112.0,0.5283018867924528,win,1.0,0.8928571428571429,18.084223634495626,51.52301064097972,-10.0,44.5
2025_04_CLE_DET,2025,4,202504,spread,away,0.21706398996235887,-108.0,0.5192307692307693,loss,0.0,-1.0,18.084223634495626,51.52301064097972,-10.0,44.5
2025_04_CLE_DET,2025,4,202504,total,over,0.671267252195734,-105.0,0.5121951219512195,loss,0.0,-1.0,18.084223634495626,51.52301064097972,-10.0,44.5
2025_04_CLE_DET,2025,4,202504,total,under,0.328732747804266,-115.0,0.5348837209302325,win,1.0,0.8695652173913043,18.084223634495626,51.52301064097972,-10.0,44.5
2025_04_GB_DAL,2025,4,202504,spread,home,0.5232120451693852,-115.0,0.5348837209302325,win,1.0,0.8695652173913043,-6.953303723537863,49.65500103383366,7.0,47.5
2025_04_GB_DAL,2025,4,202504,spread,away,0.47678795483061476,-105.0,0.5121951219512195,loss,0.0,-1.0,-6.953303723537863,49.65500103383366,7.0,47.5
2025_04_GB_DAL,2025,4,202504,total,over,0.5081555834378921,-105.0,0.5121951219512195,win,1.0,0.9523809523809523,-6.953303723537863,49.65500103383366,7.0,47.5
2025_04_GB_DAL,2025,4,202504,total,under,0.49184441656210787,-115.0,0.5348837209302325,loss,0.0,-1.0,-6.953303723537863,49.65500103383366,7.0,47.5
2025_04_IND_LA,2025,4,202504,spread,home,0.4366373902132999,-115.0,0.5348837209302325,win,1.0,0.8695652173913043,1.2695913551747546,50.698405534364426,-3.5,49.5
2025_04_IND_LA,2025,4,202504,spread,away,0.5633626097867002,-105.0,0.5121951219512195,loss,0.0,-1.0,1.2695913551747546,50.698405534364426,-3.5,49.5
2025_04_IND_LA,2025,4,202504,total,over,0.48557089084065247,-115.0,0.5348837209302325,loss,0.0,-1.0,1.2695913551747546,50.698405534364426,-3.5,49.5
2025_04_IND_LA,2025,4,202504,total,under,0.5144291091593476,-105.0,0.5121951219512195,win,1.0,0.9523809523809523,1.2695913551747546,50.698405534364426,-3.5,49.5
2025_04_JAX_SF,2025,4,202504,spread,home,0.5872020075282308,100.0,0.5,loss,0.0,-1.0,5.104064616507615,46.33030584169755,-3.5,45.5
2025_04_JAX_SF,2025,4,202504,spread,away,0.4127979924717692,-120.0,0.5454545454545454,win,1.0,0.8333333333333334,5.104064616507615,46.33030584169755,-3.5,45.5
2025_04_JAX_SF,2025,4,202504,total,over,0.479297365119197,-112.0,0.5283018867924528,win,1.0,0.8928571428571429,5.104064616507615,46.33030584169755,-3.5,45.5
2025_04_JAX_SF,2025,4,202504,total,under,0.520702634880803,-108.0,0.5192307692307693,loss,0.0,-1.0,5.104064616507615,46.33030584169755,-3.5,45.5
2025_04_MIN_PIT,2025,4,202504,spread,home,0.46800501882057716,105.0,0.4878048780487805,win,1.0,1.05,-3.8604647809208927,41.19808241881499,2.5,41.5
2025_04_MIN_PIT,2025,4,202504,spread,away,0.5319949811794229,-125.0,0.5555555555555556,loss,0.0,-1.0,-3.8604647809208927,41.19808241881499,2.5,41.5
2025_04_MIN_PIT,2025,4,202504,total,over,0.4353826850690088,-105.0,0.5121951219512195,win,1.0,0.9523809523809523,-3.8604647809208927,41.19808241881499,2.5,41.5
2025_04_MIN_PIT,2025,4,202504,total,under,0.5646173149309912,-115.0,0.5348837209302325,loss,0.0,-1.0,-3.8604647809208927,41.19808241881499,2.5,41.5
2025_04_NO_BUF,2025,4,202504,spread,home,0.4178168130489335,-105.0,0.5121951219512195,loss,0.0,-1.0,12.767029690966464,47.91232225158194,-15.5,48.5
2025_04_NO_BUF,2025,4,202504,spread,away,0.5821831869510665,-115.0,0.5348837209302325,win,1.0,0.8695652173913043,12.767029690966464,47.91232225158194,-15.5,48.5
2025_04_NO_BUF,2025,4,202504,total,over,0.4203262233375157,-105.0,0.5121951219512195,win,1.0,0.9523809523809523,12.767029690966464,47.91232225158194,-15.5,48.5
2025_04_NO_BUF,2025,4,202504,total,under,0.5796737766624843,-115.0,0.5348837209302325,loss,0.0,-1.0,12.767029690966464,47.91232225158194,-15.5,48.5
2025_04_NYJ_MIA,2025,4,202504,spread,home,0.5821831869510665,-115.0,0.5348837209302325,win,1.0,0.8695652173913043,3.9566819536982663,44.75361943293883,-2.5,44.5
2025_04_NYJ_MIA,2025,4,202504,spread,away,0.4178168130489335,-105.0,0.5121951219512195,loss,0.0,-1.0,3.9566819536982663,44.75361943293883,-2.5,44.5
2025_04_NYJ_MIA,2025,4,202504,total,over,0.45796737766624845,100.0,0.5,win,1.0,1.0,3.9566819536982663,44.75361943293883,-2.5,44.5
2025_04_NYJ_MIA,2025,4,202504,total,under,0.5420326223337515,-120.0,0.5454545454545454,loss,0.0,-1.0,3.9566819536982663,44.75361943293883,-2.5,44.5
2025_04_PHI_TB,2025,4,202504,spread,home,0.7076537013801757,-118.0,0.5412844036697247,loss,0.0,-1.0,1.9502653504892515,52.45116181166177,3.5,44.5
2025_04_PHI_TB,2025,4,202504,spread,away,0.2923462986198243,-102.0,0.504950495049505,win,1.0,0.9803921568627451,1.9502653504892515,52.45116181166177,3.5,44.5
2025_04_PHI_TB,2025,4,202504,total,over,0.7013801756587202,-102.0,0.504950495049505,win,1.0,0.9803921568627451,1.9502653504892515,52.45116181166177,3.5,44.5
2025_04_PHI_TB,2025,4,202504,total,under,0.29861982434127976,-118.0,0.5412844036697247,loss,0.0,-1.0,1.9502653504892515,52.45116181166177,3.5,44.5
2025_04_SEA_ARI,2025,4,202504,spread,home,0.6562107904642409,-110.0,0.5238095238095238,loss,0.0,-1.0,2.146670323953209,49.69703018829591,1.5,43.5
2025_04_SEA_ARI,2025,4,202504,spread,away,0.3437892095357591,-110.0,0.5238095238095238,win,1.0,0.9090909090909091,2.146670323953209,49.69703018829591,1.5,43.5
2025_04_SEA_ARI,2025,4,202504,total,over,0.64366373902133,-112.0,0.5283018867924528,loss,0.0,-1.0,2.146670323953209,49.69703018829591,1.5,43.5
2025_04_SEA_ARI,2025,4,202504,total,under,0.35633626097867,-108.0,0.5192307692307693,win,1.0,0.9259259259259259,2.146670323953209,49.69703018829591,1.5,43.5
2025_04_TEN_HOU,2025,4,202504,spread,home,0.5094102885821832,-105.0,0.5121951219512195,win,1.0,0.9523809523809523,6.995406807074284,39.31350071979077,-7.5,39.5
2025_04_TEN_HOU,2025,4,202504,spread,away,0.4905897114178168,-115.0,0.5348837209302325,loss,0.0,-1.0,6.995406807074284,39.31350071979077,-7.5,39.5
2025_04_TEN_HOU,2025,4,202504,total,over,0.43914680050188204,-115.0,0.5348837209302325,loss,0.0,-1.0,6.995406807074284,39.31350071979077,-7.5,39.5
2025_04_TEN_HOU,2025,4,202504,total,under,0.560853199498118,-105.0,0.5121951219512195,win,1.0,0.9523809523809523,6.995406807074284,39.31350071979077,-7.5,39.5
2025_04_WAS_ATL,2025,4,202504,spread,home,0.3601003764115433,-110.0,0.5238095238095238,win,1.0,0.9090909090909091,-2.0538640544827427,49.7974190113099,-2.5,43.5
2025_04_WAS_ATL,2025,4,202504,spread,away,0.6398996235884566,-110.0,0.5238095238095238,loss,0.0,-1.0,-2.0538640544827427,49.7974190113099,-2.5,43.5
2025_04_WAS_ATL,2025,4,202504,total,over,0.6486825595984943,-108.0,0.5192307692307693,win,1.0,0.9259259259259259,-2.0538640544827427,49.7974190113099,-2.5,43.5
2025_04_WAS_ATL,2025,4,202504,total,under,0.3513174404015057,-112.0,0.5283018867924528,loss,0.0,-1.0,-2.0538640544827427,49.7974190113099,-2.5,43.5
2025_05_DAL_NYJ,2025,5,202505,spread,home,0.5763546798029556,100.0,0.5,loss,0.0,-1.0,2.7028447293364968,49.166737005203714,-1.5,48.5
2025_05_DAL_NYJ,2025,5,202505,spread,away,0.4236453201970444,-120.0,0.5454545454545454,win,1.0,0.8333333333333334,2.7028447293364968,49.166737005203714,-1.5,48.5
2025_05_DAL_NYJ,2025,5,202505,total,over,0.4753694581280788,-110.0,0.5238095238095238,win,1.0,0.9090909090909091,2.7028447293364968,49.166737005203714,-1.5,48.5
2025_05_DAL_NYJ,2025,5,202505,total,under,0.5246305418719213,-110.0,0.5238095238095238,loss,0.0,-1.0,2.7028447293364968,49.166737005203714,-1.5,48.5
2025_05_DEN_PHI,2025,5,202505,spread,home,0.5086206896551724,-115.0,0.5348837209302325,loss,0.0,-1.0,2.779676575536516,47.25932936845332,-3.5,44.5
2025_05_DEN_PHI,2025,5,202505,spread,away,0.4913793103448276,-105.0,0.5121951219512195,win,1.0,0.9523809523809523,2.779676575536516,47.25932936845332,-3.5,44.5
2025_05_DEN_PHI,2025,5,202505,total,over,0.5258620689655172,-105.0,0.5121951219512195,loss,0.0,-1.0,2.779676575536516,47.25932936845332,-3.5,44.5
2025_05_DEN_PHI,2025,5,202505,total,under,0.47413793103448276,-115.0,0.5348837209302325,win,1.0,0.8695652173913043,2.779676575536516,47.25932936845332,-3.5,44.5
2025_05_DET_CIN,2025,5,202505,spread,home,0.5184729064039408,-118.0,0.5412844036697247,loss,0.0,-1.0,-10.7049403616707,49.396359604058944,10.5,49.5
2025_05_DET_CIN,2025,5,202505,spread,away,0.48152709359605916,-102.0,0.504950495049505,win,1.0,0.9803921568627451,-10.7049403616707,49.396359604058944,10.5,49.5
2025_05_DET_CIN,2025,5,202505,total,over,0.4433497536945813,-108.0,0.5192307692307693,win,1.0,0.9259259259259259,-10.7049403616707,49.396359604058944,10.5,49.5
2025_05_DET_CIN,2025,5,202505,total,under,0.5566502463054187,-112.0,0.5283018867924528,loss,0.0,-1.0,-10.7049403616707,49.396359604058944,10.5,49.5
2025_05_HOU_BAL,2025,5,202505,spread,home,0.8706896551724138,-102.0,0.504950495049505,loss,0.0,-1.0,9.873032429170868,46.04197713868252,2.5,41.5
2025_05_HOU_BAL,2025,5,202505,spread,away,0.1293103448275862,-118.0,0.5412844036697247,win,1.0,0.847457627118644,9.873032429170868,46.04197713868252,2.5,41.5
2025_05_HOU_BAL,2025,5,202505,total,over,0.6009852216748769,-105.0,0.5121951219512195,win,1.0,0.9523809523809523,9.873032429170868,46.04197713868252,2.5,41.5
2025_05_HOU_BAL,2025,5,202505,total,under,0.3990147783251231,-115.0,0.5348837209302325,loss,0.0,-1.0,9.873032429170868,46.04197713868252,2.5,41.5
2025_05_KC_JAX,2025,5,202505,spread,home,0.6133004926108374,-110.0,0.5238095238095238,win,1.0,0.9090909090909091,-1.225761291842071,44.64549292191566,3.5,45.5
2025_05_KC_JAX,2025,5,202505,spread,away,0.3866995073891626,-110.0,0.5238095238095238,loss,0.0,-1.0,-1.225761291842071,44.64549292191566,3.5,45.5
2025_05_KC_JAX,2025,5,202505,total,over,0.41502463054187194,-112.0,0.5283018867924528,win,1.0,0.8928571428571429,-1.225761291842071,44.64549292191566,3.5,45.5
2025_05_KC_JAX,2025,5,202505,total,under,0.5849753694581281,-108.0,0.5192307692307693,loss,0.0,-1.0,-1.225761291842071,44.64549292191566,3.5,45.5
2025_05_LV_IND,2025,5,202505,spread,home,0.5110837438423645,-120.0,0.5454545454545454,win,1.0,0.8333333333333334,6.43641939235359,49.95813309516016,-7.0,46.5
2025_05_LV_IND,2025,5,202505,spread,away,0.48891625615763545,100.0,0.5,loss,0.0,-1.0,6.43641939235359,49.95813309516016,-7.0,46.5
2025_05_LV_IND,2025,5,202505,total,over,0.5504926108374384,-112.0,0.5283018867924528,loss,0.0,-1.0,6.43641939235359,49.95813309516016,-7.0,46.5
2025_05_LV_IND,2025,5,202505,total,under,0.4495073891625616,-108.0,0.5192307692307693,win,1.0,0.9259259259259259,6.43641939235359,49.95813309516016,-7.0,46.5
2025_05_MIA_CAR,2025,5,202505,spread,home,0.47044334975369456,-115.0,0.5348837209302325,win,1.0,0.8695652173913043,-2.9025810676856105,46.84779872486322,1.5,44.5
2025_05_MIA_CAR,2025,5,202505,spread,away,0.5295566502463054,-105.0,0.5121951219512195,loss,0.0,-1.0,-2.9025810676856105,46.84779872486322,1.5,44.5
2025_05_MIA_CAR,2025,5,202505,total,over,0.5172413793103449,-115.0,0.5348837209302325,win,1.0,0.8695652173913043,-2.9025810676856105,46.84779872486322,1.5,44.5
2025_05_MIA_CAR,2025,5,202505,total,under,0.48275862068965514,-105.0,0.5121951219512195,loss,0.0,-1.0,-2.9025810676856105,46.84779872486322,1.5,44.5
2025_05_NE_BUF,2025,5,202505,spread,home,0.5726600985221675,-115.0,0.5348837209302325,loss,0.0,-1.0,8.565646826268345,53.21841758872042,-7.5,49.5
2025_05_NE_BUF,2025,5,202505,spread,away,0.4273399014778325,-105.0,0.5121951219512195,win,1.0,0.9523809523809523,8.565646826268345,53.21841758872042,-7.5,49.5
2025_05_NE_BUF,2025,5,202505,total,over,0.5603448275862069,-112.0,0.5283018867924528,loss,0.0,-1.0,8.565646826268345,53.21841758872042,-7.5,49.5
2025_05_NE_BUF,2025,5,202505,total,under,0.43965517241379315,-108.0,0.5192307692307693,win,1.0,0.9259259259259259,8.565646826268345,53.21841758872042,-7.5,49.5
2025_05_SF_LA,2025,5,202505,spread,home,0.3312807881773399,-110.0,0.5238095238095238,loss,0.0,-1.0,3.015789786744044,48.24775529728833,-8.5,43.5
2025_05_SF_LA,2025,5,202505,spread,away,0.6687192118226601,-110.0,0.5238095238095238,win,1.0,0.9090909090909091,3.015789786744044,48.24775529728833,-8.5,43.5
2025_05_SF_LA,2025,5,202505,total,over,0.603448275862069,-112.0,0.5283018867924528,win,1.0,0.8928571428571429,3.015789786744044,48.24775529728833,-8.5,43.5
2025_05_SF_LA,2025,5,202505,total,under,0.39655172413793105,-108.0,0.5192307692307693,loss,0.0,-1.0,3.015789786744044,48.24775529728833,-8.5,43.5
2025_05_TB_SEA,2025,5,202505,spread,home,0.3608374384236453,-105.0,0.5121951219512195,loss,0.0,-1.0,-1.2098829218716751,48.64352459514659,-3.5,44.5
2025_05_TB_SEA,2025,5,202505,spread,away,0.6391625615763548,-115.0,0.5348837209302325,win,1.0,0.8695652173913043,-1.2098829218716751,48.64352459514659,-3.5,44.5
2025_05_TB_SEA,2025,5,202505,total,over,0.5825123152709359,-110.0,0.5238095238095238,win,1.0,0.9090909090909091,-1.2098829218716751,48.64352459514659,-3.5,44.5
2025_05_TB_SEA,2025,5,202505,total,under,0.41748768472906406,-110.0,0.5238095238095238,loss,0.0,-1.0,-1.2098829218716751,48.64352459514659,-3.5,44.5
2025_05_TEN_ARI,2025,5,202505,spread,home,0.7130541871921182,-112.0,0.5283018867924528,loss,0.0,-1.0,13.031226453480691,43.20421546915574,-7.5,41.5
2025_05_TEN_ARI,2025,5,202505,spread,away,0.2869458128078818,-108.0,0.5192307692307693,win,1.0,0.9259259259259259,13.031226453480691,43.20421546915574,-7.5,41.5
2025_05_TEN_ARI,2025,5,202505,total,over,0.5012315270935961,-110.0,0.5238095238095238,win,1.0,0.9090909090909091,13.031226453480691,43.20421546915574,-7.5,41.5
2025_05_TEN_ARI,2025,5,202505,total,under,0.4987684729064039,-110.0,0.5238095238095238,loss,0.0,-1.0,13.031226453480691,43.20421546915574,-7.5,41.5
2025_05_WAS_LAC,2025,5,202505,spread,home,0.4544334975369458,-120.0,0.5454545454545454,loss,0.0,-1.0,0.5550580978152488,48.55655473264235,-2.5,47.5
2025_05_WAS_LAC,2025,5,202505,spread,away,0.5455665024630543,100.0,0.5,win,1.0,1.0,0.5550580978152488,48.55655473264235,-2.5,47.5
2025_05_WAS_LAC,2025,5,202505,total,over,0.48645320197044334,-105.0,0.5121951219512195,loss,0.0,-1.0,0.5550580978152488,48.55655473264235,-2.5,47.5
2025_05_WAS_LAC,2025,5,202505,total,under,0.5135467980295567,-115.0,0.5348837209302325,win,1.0,0.8695652173913043,0.5550580978152488,48.55655473264235,-2.5,47.5
2025_06_ARI_IND,2025,6,202506,spread,home,0.38106796116504854,-110.0,0.5238095238095238,loss,0.0,-1.0,4.513840427995868,50.48578235188713,-8.5,46.5
2025_06_ARI_IND,2025,6,202506,spread,away,0.6189320388349515,-110.0,0.5238095238095238,win,1.0,0.9090909090909091,4.513840427995868,50.48578235188713,-8.5,46.5
2025_06_ARI_IND,2025,6,202506,total,over,0.5776699029126213,102.0,0.49504950495049505,win,1.0,1.02,4.513840427995868,50.48578235188713,-8.5,46.5
2025_06_ARI_IND,2025,6,202506,total,under,0.4223300970873787,-122.0,0.5495495495495496,loss,0.0,-1.0,4.513840427995868,50.48578235188713,-8.5,46.5
2025_06_BUF_ATL,2025,6,202506,spread,home,0.5436893203883495,100.0,0.5,win,1.0,1.0,-2.901935106609024,53.06606025755113,3.5,49.5
2025_06_BUF_ATL,2025,6,202506,spread,away,0.4563106796116505,-120.0,0.5454545454545454,loss,0.0,-1.0,-2.901935106609024,53.06606025755113,3.5,49.5
2025_06_BUF_ATL,2025,6,202506,total,over,0.5546116504854369,-118.0,0.5412844036697247,loss,0.0,-1.0,-2.901935106609024,53.06606025755113,3.5,49.5
2025_06_BUF_ATL,2025,6,202506,total,under,0.4453883495145631,-102.0,0.504950495049505,win,1.0,0.9803921568627451,-2.901935106609024,53.06606025755113,3.5,49.5
2025_06_CHI_WAS,2025,6,202506,spread,home,0.6771844660194175,-112.0,0.5283018867924528,loss,0.0,-1.0,10.157391300510549,47.83312678242624,-5.5,49.5
2025_06_CHI_WAS,2025,6,202506,spread,away,0.3228155339805825,-108.0,0.5192307692307693,win,1.0,0.9259259259259259,10.157391300510549,47.83312678242624,-5.5,49.5
2025_06_CHI_WAS,2025,6,202506,total,over,0.39684466019417475,-115.0,0.5348837209302325,loss,0.0,-1.0,10.157391300510549,47.83312678242624,-5.5,49.5
2025_06_CHI_WAS,2025,6,202506,total,under,0.6031553398058253,-105.0,0.5121951219512195,win,1.0,0.9523809523809523,10.157391300510549,47.83312678242624,-5.5,49.5
2025_06_CIN_GB,2025,6,202506,spread,home,0.4162621359223301,-110.0,0.5238095238095238,loss,0.0,-1.0,11.186801951333198,46.22510749601765,-14.0,44.5
2025_06_CIN_GB,2025,6,202506,spread,away,0.5837378640776699,-110.0,0.5238095238095238,win,1.0,0.9090909090909091,11.186801951333198,46.22510749601765,-14.0,44.5
2025_06_CIN_GB,2025,6,202506,total,over,0.5036407766990292,-110.0,0.5238095238095238,win,1.0,0.9090909090909091,11.186801951333198,46.22510749601765,-14.0,44.5
2025_06_CIN_GB,2025,6,202506,total,under,0.4963592233009708,-110.0,0.5238095238095238,loss,0.0,-1.0,11.186801951333198,46.22510749601765,-14.0,44.5
2025_06_DAL_CAR,2025,6,202506,spread,home,0.5910194174757282,-102.0,0.504950495049505,win,1.0,0.9803921568627451,-1.2750263101014714,47.51910473416732,3.0,47.5
2025_06_DAL_CAR,2025,6,202506,spread,away,0.40898058252427183,-118.0,0.5412844036697247,loss,0.0,-1.0,-1.2750263101014714,47.51910473416732,3.0,47.5
2025_06_DAL_CAR,2025,6,202506,total,over,0.4575242718446602,-115.0,0.5348837209302325,win,1.0,0.8695652173913043,-1.2750263101014714,47.51910473416732,3.0,47.5
2025_06_DAL_CAR,2025,6,202506,total,under,0.5424757281553398,-105.0,0.5121951219512195,loss,0.0,-1.0,-1.2750263101014714,47.51910473416732,3.0,47.5
2025_06_DEN_NYJ,2025,6,202506,spread,home,0.6614077669902912,-120.0,0.5454545454545454,win,1.0,0.8333333333333334,-3.322072220901635,45.08757844649062,7.5,43.5
2025_06_DEN_NYJ,2025,6,202506,spread,away,0.33859223300970875,100.0,0.5,loss,0.0,-1.0,-3.322072220901635,45.08757844649062,7.5,43.5
2025_06_DEN_NYJ,2025,6,202506,total,over,0.5012135922330098,-108.0,0.5192307692307693,loss,0.0,-1.0,-3.322072220901635,45.08757844649062,7.5,43.5
2025_06_DEN_NYJ,2025,6,202506,total,under,0.49878640776699024,-112.0,0.5283018867924528,win,1.0,0.8928571428571429,-3.322072220901635,45.08757844649062,7.5,43.5
2025_06_DET_KC,2025,6,202506,spread,home,0.30339805825242716,-115.0,0.5348837209302325,win,1.0,0.8695652173913043,-4.035103934178592,51.02902558292152,-2.5,51.5
2025_06_DET_KC,2025,6,202506,spread,away,0.6966019417475728,-105.0,0.5121951219512195,loss,0.0,-1.0,-4.035103934178592,51.02902558292152,-2.5,51.5
2025_06_DET_KC,2025,6,202506,total,over,0.4344660194174757,-115.0,0.5348837209302325,loss,0.0,-1.0,-4.035103934178592,51.02902558292152,-2.5,51.5
2025_06_DET_KC,2025,6,202506,total,under,0.5655339805825244,-105.0,0.5121951219512195,win,1.0,0.9523809523809523,-4.035103934178592,51.02902558292152,-2.5,51.5
2025_06_LAC_MIA,2025,6,202506,spread,home,0.6359223300970874,-105.0,0.5121951219512195,win,1.0,0.9523809523809523,-0.4107435784100293,46.50277190394163,3.5,45.5
2025_06_LAC_MIA,2025,6,202506,spread,away,0.36407766990291257,-115.0,0.5348837209302325,loss,0.0,-1.0,-0.4107435784100293,46.50277190394163,3.5,45.5
2025_06_LAC_MIA,2025,6,202506,total,over,0.4890776699029126,-105.0,0.5121951219512195,win,1.0,0.9523809523809523,-0.4107435784100293,46.50277190394163,3.5,45.5
2025_06_LAC_MIA,2025,6,202506,total,under,0.5109223300970873,-115.0,0.5348837209302325,loss,0.0,-1.0,-0.4107435784100293,46.50277190394163,3.5,45.5
2025_06_LA_BAL,2025,6,202506,spread,home,0.7839805825242718,-115.0,0.5348837209302325,loss,0.0,-1.0,1.1293382069784863,46.18002285206907,7.0,43.5
2025_06_LA_BAL,2025,6,202506,spread,away,0.21601941747572817,-105.0,0.5121951219512195,win,1.0,0.9523809523809523,1.1293382069784863,46.18002285206907,7.0,43.5
2025_06_LA_BAL,2025,6,202506,total,over,0.5242718446601942,-112.0,0.5283018867924528,loss,0.0,-1.0,1.1293382069784863,46.18002285206907,7.0,43.5
2025_06_LA_BAL,2025,6,202506,total,under,0.47572815533980584,-108.0,0.5192307692307693,win,1.0,0.9259259259259259,1.1293382069784863,46.18002285206907,7.0,43.5
2025_06_NE_NO,2025,6,202506,spread,home,0.5946601941747572,-115.0,0.5348837209302325,loss,0.0,-1.0,-1.687975066423805,48.36076980318957,3.5,46.5
2025_06_NE_NO,2025,6,202506,spread,away,0.40533980582524276,-105.0,0.5121951219512195,win,1.0,0.9523809523809523,-1.687975066423805,48.36076980318957,3.5,46.5
2025_06_NE_NO,2025,6,202506,total,over,0.5072815533980582,-105.0,0.5121951219512195,loss,0.0,-1.0,-1.687975066423805,48.36076980318957,3.5,46.5
2025_06_NE_NO,2025,6,202506,total,under,0.49271844660194175,-115.0,0.5348837209302325,win,1.0,0.8695652173913043,-1.687975066423805,48.36076980318957,3.5,46.5
2025_06_PHI_NYG,2025,6,202506,spread,home,0.5691747572815534,100.0,0.5,win,1.0,1.0,-5.888672852295638,42.69463659925098,7.0,40.5
2025_06_PHI_NYG,2025,6,202506,spread,away,0.4308252427184466,-120.0,0.5454545454545454,loss,0.0,-1.0,-5.888672852295638,42.69463659925098,7.0,40.5
2025_06_PHI_NYG,2025,6,202506,total,over,0.5157766990291263,-115.0,0.5348837209302325,win,1.0,0.8695652173913043,-5.888672852295638,42.69463659925098,7.0,40.5
2025_06_PHI_NYG,2025,6,202506,total,under,0.48422330097087374,-105.0,0.5121951219512195,loss,0.0,-1.0,-5.888672852295638,42.69463659925098,7.0,40.5
2025_06_SEA_JAX,2025,6,202506,spread,home,0.4975728155339806,-120.0,0.5454545454545454,loss,0.0,-1.0,-2.298802998856174,48.20246017894508,1.5,47.5
2025_06_SEA_JAX,2025,6,202506,spread,away,0.5024271844660194,100.0,0.5,win,1.0,1.0,-2.298802998856174,48.20246017894508,1.5,47.5
2025_06_SEA_JAX,2025,6,202506,total,over,0.47936893203883496,-105.0,0.5121951219512195,loss,0.0,-1.0,-2.298802998856174,48.20246017894508,1.5,47.5
2025_06_SEA_JAX,2025,6,202506,total,under,0.520631067961165,-115.0,0.5348837209302325,win,1.0,0.8695652173913043,-2.298802998856174,48.20246017894508,1.5,47.5
2025_06_SF_TB,2025,6,202506,spread,home,0.529126213592233,-115.0,0.5348837209302325,win,1.0,0.8695652173913043,3.714193579620448,50.31850285267553,-3.5,46.5
2025_06_SF_TB,2025,6,202506,spread,away,0.470873786407767,-105.0,0.5121951219512195,loss,0.0,-1.0,3.714193579620448,50.31850285267553,-3.5,46.5
2025_06_SF_TB,2025,6,202506,total,over,0.5643203883495146,-115.0,0.5348837209302325,win,1.0,0.8695652173913043,3.714193579620448,50.31850285267553,-3.5,46.5
2025_06_SF_TB,2025,6,202506,total,under,0.4356796116504854,-105.0,0.5121951219512195,loss,0.0,-1.0,3.714193579620448,50.31850285267553,-3.5,46.5
2025_06_TEN_LV,2025,6,202506,spread,home,0.6359223300970874,-110.0,0.5238095238095238,win,1.0,0.9090909090909091,6.509009343653375,38.66609672034007,-3.5,41.5
2025_06_TEN_LV,2025,6,202506,spread,away,0.36407766990291257,-110.0,0.5238095238095238,loss,0.0,-1.0,6.509009343653375,38.66609672034007,-3.5,41.5
2025_06_TEN_LV,2025,6,202506,total,over,0.3640776699029126,-115.0,0.5348837209302325,loss,0.0,-1.0,6.509009343653375,38.66609672034007,-3.5,41.5
2025_06_TEN_LV,2025,6,202506,total,under,0.6359223300970873,-105.0,0.5121951219512195,win,1.0,0.9523809523809523,6.509009343653375,38.66609672034007,-3.5,41.5
2025_07_ATL_SF,2025,7,202507,spread,home,0.46539379474940334,100.0,0.5,win,1.0,1.0,-0.0285751979927604,44.35799774931866,-1.5,46.5
2025_07_ATL_SF,2025,7,202507,spread,away,0.5346062052505967,-120.0,0.5454545454545454,loss,0.0,-1.0,-0.0285751979927604,44.35799774931866,-1.5,46.5
2025_07_ATL_SF,2025,7,202507,total,over,0.383054892601432,-108.0,0.5192307692307693,loss,0.0,-1.0,-0.0285751979927604,44.35799774931866,-1.5,46.5
2025_07_ATL_SF,2025,7,202507,total,under,0.616945107398568,-112.0,0.5283018867924528,win,1.0,0.8928571428571429,-0.0285751979927604,44.35799774931866,-1.5,46.5
2025_07_CAR_NYJ,2025,7,202507,spread,home,0.5071599045346062,105.0,0.4878048780487805,loss,0.0,-1.0,0.8566382813361824,43.47944791458207,-1.5,39.5
2025_07_CAR_NYJ,2025,7,202507,spread,away,0.49284009546539376,-125.0,0.5555555555555556,win,1.0,0.8,0.8566382813361824,43.47944791458207,-1.5,39.5
2025_07_CAR_NYJ,2025,7,202507,total,over,0.5751789976133651,-118.0,0.5412844036697247,loss,0.0,-1.0,0.8566382813361824,43.47944791458207,-1.5,39.5
2025_07_CAR_NYJ,2025,7,202507,total,under,0.4248210023866349,-102.0,0.504950495049505,win,1.0,0.9803921568627451,0.8566382813361824,43.47944791458207,-1.5,39.5
2025_07_GB_ARI,2025,7,202507,spread,home,0.6276849642004774,-105.0,0.5121951219512195,win,1.0,0.9523809523809523,-4.359660393367644,51.64200097686763,7.0,44.5
2025_07_GB_ARI,2025,7,202507,spread,away,0.37231503579952263,-115.0,0.5348837209302325,loss,0.0,-1.0,-4.359660393367644,51.64200097686763,7.0,44.5
2025_07_GB_ARI,2025,7,202507,total,over,0.684964200477327,-110.0,0.5238095238095238,win,1.0,0.9090909090909091,-4.359660393367644,51.64200097686763,7.0,44.5
2025_07_GB_ARI,2025,7,202507,total,under,0.315035799522673,-110.0,0.5238095238095238,loss,0.0,-1.0,-4.359660393367644,51.64200097686763,7.0,44.5
2025_07_HOU_SEA,2025,7,202507,spread,home,0.5178997613365155,-110.0,0.5238095238095238,win,1.0,0.9090909090909091,2.8548600441752106,45.797146451086775,-3.0,41.5
2025_07_HOU_SEA,2025,7,202507,spread,away,0.4821002386634845,-110.0,0.5238095238095238,loss,0.0,-1.0,2.8548600441752106,45.797146451086775,-3.0,41.5
2025_07_HOU_SEA,2025,7,202507,total,over,0.5894988066825776,-110.0,0.5238095238095238,win,1.0,0.9090909090909091,2.8548600441752106,45.797146451086775,-3.0,41.5
2025_07_HOU_SEA,2025,7,202507,total,under,0.4105011933174224,-110.0,0.5238095238095238,loss,0.0,-1.0,2.8548600441752106,45.797146451086775,-3.0,41.5
2025_07_IND_LAC,2025,7,202507,spread,home,0.4033412887828162,-112.0,0.5283018867924528,loss,0.0,-1.0,-0.6298814702675164,49.342866266108445,-2.5,48.5
2025_07_IND_LAC,2025,7,202507,spread,away,0.5966587112171837,-108.0,0.5192307692307693,win,1.0,0.9259259259259259,-0.6298814702675164,49.342866266108445,-2.5,48.5
2025_07_IND_LAC,2025,7,202507,total,over,0.48329355608591884,-110.0,0.5238095238095238,win,1.0,0.9090909090909091,-0.6298814702675164,49.342866266108445,-2.5,48.5
2025_07_IND_LAC,2025,7,202507,total,under,0.5167064439140812,-110.0,0.5238095238095238,loss,0.0,-1.0,-0.6298814702675164,49.342866266108445,-2.5,48.5
2025_07_LA_JAX,2025,7,202507,spread,home,0.5095465393794749,-105.0,0.5121951219512195,loss,0.0,-1.0,-3.4586256012820344,44.6977559078523,3.0,44.5
2025_07_LA_JAX,2025,7,202507,spread,away,0.4904534606205251,-115.0,0.5348837209302325,win,1.0,0.8695652173913043,-3.4586256012820344,44.6977559078523,3.0,44.5
2025_07_LA_JAX,2025,7,202507,total,over,0.4606205250596659,-115.0,0.5348837209302325,loss,0.0,-1.0,-3.4586256012820344,44.6977559078523,3.0,44.5
2025_07_LA_JAX,2025,7,202507,total,under,0.5393794749403341,-105.0,0.5121951219512195,win,1.0,0.9523809523809523,-3.4586256012820344,44.6977559078523,3.0,44.5
2025_07_LV_KC,2025,7,202507,spread,home,0.38663484486873506,-105.0,0.5121951219512195,win,1.0,0.9523809523809523,9.710347181857353,46.55869086708248,-13.5,44.5
2025_07_LV_KC,2025,7,202507,spread,away,0.6133651551312649,-115.0,0.5348837209302325,loss,0.0,-1.0,9.710347181857353,46.55869086708248,-13.5,44.5
2025_07_LV_KC,2025,7,202507,total,over,0.5107398568019093,-105.0,0.5121951219512195,loss,0.0,-1.0,9.710347181857353,46.55869086708248,-13.5,44.5
2025_07_LV_KC,2025,7,202507,total,under,0.48926014319809075,-115.0,0.5348837209302325,win,1.0,0.8695652173913043,9.710347181857353,46.55869086708248,-13.5,44.5
2025_07_MIA_CLE,2025,7,202507,spread,home,0.25059665871121717,-118.0,0.5412844036697247,win,1.0,0.847457627118644,-5.635231148393903,42.07534493294356,-2.5,34.5
2025_07_MIA_CLE,2025,7,202507,spread,away,0.7494033412887828,-102.0,0.504950495049505,loss,0.0,-1.0,-5.635231148393903,42.07534493294356,-2.5,34.5
2025_07_MIA_CLE,2025,7,202507,total,over,0.6921241050119332,-108.0,0.5192307692307693,win,1.0,0.9259259259259259,-5.635231148393903,42.07534493294356,-2.5,34.5
2025_07_MIA_CLE,2025,7,202507,total,under,0.3078758949880668,-112.0,0.5283018867924528,loss,0.0,-1.0,-5.635231148393903,42.07534493294356,-2.5,34.5
2025_07_NE_TEN,2025,7,202507,spread,home,0.4510739856801909,-112.0,0.5283018867924528,loss,0.0,-1.0,-8.351660348886089,40.05855382765099,6.5,40.5
2025_07_NE_TEN,2025,7,202507,spread,away,0.5489260143198091,-108.0,0.5192307692307693,win,1.0,0.9259259259259259,-8.351660348886089,40.05855382765099,6.5,40.5
2025_07_NE_TEN,2025,7,202507,total,over,0.4343675417661098,-112.0,0.5283018867924528,win,1.0,0.8928571428571429,-8.351660348886089,40.05855382765099,6.5,40.5
2025_07_NE_TEN,2025,7,202507,total,under,0.5656324582338902,-108.0,0.5192307692307693,loss,0.0,-1.0,-8.351660348886089,40.05855382765099,6.5,40.5
2025_07_NO_CHI,2025,7,202507,spread,home,0.43675417661097854,100.0,0.5,win,1.0,1.0,2.238563174863459,42.98508771032571,-4.5,43.5
2025_07_NO_CHI,2025,7,202507,spread,away,0.5632458233890214,-120.0,0.5454545454545454,loss,0.0,-1.0,2.238563174863459,42.98508771032571,-4.5,43.5
2025_07_NO_CHI,2025,7,202507,total,over,0.431980906921241,-110.0,0.5238095238095238,loss,0.0,-1.0,2.238563174863459,42.98508771032571,-4.5,43.5
2025_07_NO_CHI,2025,7,202507,total,under,0.568019093078759,-110.0,0.5238095238095238,win,1.0,0.9090909090909091,2.238563174863459,42.98508771032571,-4.5,43.5
2025_07_NYG_DEN,2025,7,202507,spread,home,0.5155131264916468,-115.0,0.5348837209302325,loss,0.0,-1.0,7.317594955167058,41.43557703472038,-7.5,39.5
2025_07_NYG_DEN,2025,7,202507,spread,away,0.4844868735083532,-105.0,0.5121951219512195,win,1.0,0.9523809523809523,7.317594955167058,41.43557703472038,-7.5,39.5
2025_07_NYG_DEN,2025,7,202507,total,over,0.5083532219570406,-115.0,0.5348837209302325,win,1.0,0.8695652173913043,7.317594955167058,41.43557703472038,-7.5,39.5
2025_07_NYG_DEN,2025,7,202507,total,under,0.4916467780429594,-105.0,0.5121951219512195,loss,0.0,-1.0,7.317594955167058,41.43557703472038,-7.5,39.5
2025_07_PHI_MIN,2025,7,202507,spread,home,0.6372315035799523,-110.0,0.5238095238095238,loss,0.0,-1.0,0.5297763403372878,47.49469097670085,2.5,43.5
2025_07_PHI_MIN,2025,7,202507,spread,away,0.3627684964200477,-110.0,0.5238095238095238,win,1.0,0.9090909090909091,0.5297763403372878,47.49469097670085,2.5,43.5
2025_07_PHI_MIN,2025,7,202507,total,over,0.5763723150357996,-115.0,0.5348837209302325,win,1.0,0.8695652173913043,0.5297763403372878,47.49469097670085,2.5,43.5
2025_07_PHI_MIN,2025,7,202507,total,under,0.42362768496420045,-105.0,0.5121951219512195,loss,0.0,-1.0,0.5297763403372878,47.49469097670085,2.5,43.5
2025_07_PIT_CIN,2025,7,202507,spread,home,0.6443914081145584,-115.0,0.5348837209302325,win,1.0,0.8695652173913043,-2.156373010755172,45.48266132753725,5.5,45.5
2025_07_PIT_CIN,2025,7,202507,spread,away,0.3556085918854416,-105.0,0.5121951219512195,loss,0.0,-1.0,-2.156373010755172,45.48266132753725,5.5,45.5
2025_07_PIT_CIN,2025,7,202507,total,over,0.4510739856801909,-105.0,0.5121951219512195,win,1.0,0.9523809523809523,-2.156373010755172,45.48266132753725,5.5,45.5
2025_07_PIT_CIN,2025,7,202507,total,under,0.5489260143198091,-115.0,0.5348837209302325,loss,0.0,-1.0,-2.156373010755172,45.48266132753725,5.5,45.5
2025_07_TB_DET,2025,7,202507,spread,home,0.4713603818615752,-108.0,0.5192307692307693,win,1.0,0.9259259259259259,4.7980396362893245,59.14778801742321,-6.0,54.5
2025_07_TB_DET,2025,7,202507,spread,away,0.5286396181384247,-112.0,0.5283018867924528,loss,0.0,-1.0,4.7980396362893245,59.14778801742321,-6.0,54.5
2025_07_TB_DET,2025,7,202507,total,over,0.6050119331742243,-105.0,0.5121951219512195,loss,0.0,-1.0,4.7980396362893245,59.14778801742321,-6.0,54.5
2025_07_TB_DET,2025,7,202507,total,under,0.3949880668257757,-115.0,0.5348837209302325,win,1.0,0.8695652173913043,4.7980396362893245,59.14778801742321,-6.0,54.5
2025_07_WAS_DAL,2025,7,202507,spread,home,0.3353221957040573,-112.0,0.5283018867924528,win,1.0,0.8928571428571429,-3.682191568130502,53.9603524426513,-1.5,54.5
2025_07_WAS_DAL,2025,7,202507,spread,away,0.6646778042959427,-108.0,0.5192307692307693,loss,0.0,-1.0,-3.682191568130502,53.9603524426513,-1.5,54.5
2025_07_WAS_DAL,2025,7,202507,total,over,0.42840095465393796,-112.0,0.5283018867924528,win,1.0,0.8928571428571429,-3.682191568130502,53.9603524426513,-1.5,54.5
2025_07_WAS_DAL,2025,7,202507,total,under,0.571599045346062,-108.0,0.5192307692307693,loss,0.0,-1.0,-3.682191568130502,53.9603524426513,-1.5,54.5
2025_08_BUF_CAR,2025,8,202508,spread,home,0.5732708089097304,-105.0,0.5121951219512195,loss,0.0,-1.0,-5.75718759540594,46.790639334161895,7.0,47.5
2025_08_BUF_CAR,2025,8,202508,spread,away,0.42672919109026963,-115.0,0.5348837209302325,win,1.0,0.8695652173913043,-5.75718759540594,46.790639334161895,7.0,47.5
2025_08_BUF_CAR,2025,8,202508,total,over,0.4208675263774912,-112.0,0.5283018867924528,win,1.0,0.8928571428571429,-5.75718759540594,46.790639334161895,7.0,47.5
2025_08_BUF_CAR,2025,8,202508,total,under,0.5791324736225087,-108.0,0.5192307692307693,loss,0.0,-1.0,-5.75718759540594,46.790639334161895,7.0,47.5
2025_08_CHI_BAL,2025,8,202508,spread,home,0.593200468933177,-118.0,0.5412844036697247,win,1.0,0.847457627118644,4.273961956543478,45.00085162916,-2.5,45.5
2025_08_CHI_BAL,2025,8,202508,spread,away,0.406799531066823,-102.0,0.504950495049505,loss,0.0,-1.0,4.273961956543478,45.00085162916,-2.5,45.5
2025_08_CHI_BAL,2025,8,202508,total,over,0.43141852286049237,-108.0,0.5192307692307693,win,1.0,0.9259259259259259,4.273961956543478,45.00085162916,-2.5,45.5
2025_08_CHI_BAL,2025,8,202508,total,under,0.5685814771395077,-112.0,0.5283018867924528,loss,0.0,-1.0,4.273961956543478,45.00085162916,-2.5,45.5
2025_08_CLE_NE,2025,8,202508,spread,home,0.6471277842907386,-105.0,0.5121951219512195,win,1.0,0.9523809523809523,10.498066894953752,43.67924454596452,-7.0,40.5
2025_08_CLE_NE,2025,8,202508,spread,away,0.3528722157092614,-115.0,0.5348837209302325,loss,0.0,-1.0,10.498066894953752,43.67924454596452,-7.0,40.5
2025_08_CLE_NE,2025,8,202508,total,over,0.5486518171160609,-105.0,0.5121951219512195,win,1.0,0.9523809523809523,10.498066894953752,43.67924454596452,-7.0,40.5
2025_08_CLE_NE,2025,8,202508,total,under,0.4513481828839391,-115.0,0.5348837209302325,loss,0.0,-1.0,10.498066894953752,43.67924454596452,-7.0,40.5
2025_08_DAL_DEN,2025,8,202508,spread,home,0.5955451348182884,-110.0,0.5238095238095238,win,1.0,0.9090909090909091,5.331308230553699,50.56712445147277,-3.5,51.5
2025_08_DAL_DEN,2025,8,202508,spread,away,0.4044548651817116,-110.0,0.5238095238095238,loss,0.0,-1.0,5.331308230553699,50.56712445147277,-3.5,51.5
2025_08_DAL_DEN,2025,8,202508,total,over,0.4126611957796014,-110.0,0.5238095238095238,win,1.0,0.9090909090909091,5.331308230553699,50.56712445147277,-3.5,51.5
2025_08_DAL_DEN,2025,8,202508,total,under,0.5873388042203986,-110.0,0.5238095238095238,loss,0.0,-1.0,5.331308230553699,50.56712445147277,-3.5,51.5
2025_08_GB_PIT,2025,8,202508,spread,home,0.46776084407971863,-120.0,0.5454545454545454,loss,0.0,-1.0,-4.391249732846731,49.04330564393096,3.0,46.5
2025_08_GB_PIT,2025,8,202508,spread,away,0.5322391559202814,100.0,0.5,win,1.0,1.0,-4.391249732846731,49.04330564393096,3.0,46.5
2025_08_GB_PIT,2025,8,202508,total,over,0.5216881594372802,-105.0,0.5121951219512195,win,1.0,0.9523809523809523,-4.391249732846731,49.04330564393096,3.0,46.5
2025_08_GB_PIT,2025,8,202508,total,under,0.4783118405627198,-115.0,0.5348837209302325,loss,0.0,-1.0,-4.391249732846731,49.04330564393096,3.0,46.5
2025_08_MIA_ATL,2025,8,202508,spread,home,0.47010550996483,-105.0,0.5121951219512195,loss,0.0,-1.0,5.70100244405756,48.59138022702548,-7.0,44.5
2025_08_MIA_ATL,2025,8,202508,spread,away,0.52989449003517,-115.0,0.5348837209302325,win,1.0,0.8695652173913043,5.70100244405756,48.59138022702548,-7.0,44.5
2025_08_MIA_ATL,2025,8,202508,total,over,0.5826494724501758,-105.0,0.5121951219512195,loss,0.0,-1.0,5.70100244405756,48.59138022702548,-7.0,44.5
2025_08_MIA_ATL,2025,8,202508,total,under,0.41735052754982416,-115.0,0.5348837209302325,win,1.0,0.8695652173913043,5.70100244405756,48.59138022702548,-7.0,44.5
2025_08_MIN_LAC,2025,8,202508,spread,home,0.42555685814771393,-120.0,0.5454545454545454,win,1.0,0.8333333333333334,0.4748049503744057,45.50623542256395,-3.0,45.5
2025_08_MIN_LAC,2025,8,202508,spread,away,0.5744431418522861,100.0,0.5,loss,0.0,-1.0,0.4748049503744057,45.50623542256395,-3.0,45.5
2025_08_MIN_LAC,2025,8,202508,total,over,0.4536928487690504,-110.0,0.5238095238095238,win,1.0,0.9090909090909091,0.4748049503744057,45.50623542256395,-3.0,45.5
2025_08_MIN_LAC,2025,8,202508,total,under,0.5463071512309496,-110.0,0.5238095238095238,loss,0.0,-1.0,0.4748049503744057,45.50623542256395,-3.0,45.5
2025_08_NYG_PHI,2025,8,202508,spread,home,0.5017584994138335,-118.0,0.5412844036697247,win,1.0,0.847457627118644,6.2476427409381365,45.10095133201975,-7.0,43.5
2025_08_NYG_PHI,2025,8,202508,spread,away,0.49824150058616645,-102.0,0.504950495049505,loss,0.0,-1.0,6.2476427409381365,45.10095133201975,-7.0,43.5
2025_08_NYG_PHI,2025,8,202508,total,over,0.5017584994138335,-112.0,0.5283018867924528,win,1.0,0.8928571428571429,6.2476427409381365,45.10095133201975,-7.0,43.5
2025_08_NYG_PHI,2025,8,202508,total,under,0.49824150058616645,-108.0,0.5192307692307693,loss,0.0,-1.0,6.2476427409381365,45.10095133201975,-7.0,43.5
2025_08_NYJ_CIN,2025,8,202508,spread,home,0.38686987104337633,-108.0,0.5192307692307693,loss,0.0,-1.0,1.6233233814425183,45.04279245283427,-5.5,43.5
2025_08_NYJ_CIN,2025,8,202508,spread,away,0.6131301289566237,-112.0,0.5283018867924528,win,1.0,0.8928571428571429,1.6233233814425183,45.04279245283427,-5.5,43.5
2025_08_NYJ_CIN,2025,8,202508,total,over,0.49824150058616645,-118.0,0.5412844036697247,win,1.0,0.847457627118644,1.6233233814425183,45.04279245283427,-5.5,43.5
2025_08_NYJ_CIN,2025,8,202508,total,under,0.5017584994138335,-102.0,0.504950495049505,loss,0.0,-1.0,1.6233233814425183,45.04279245283427,-5.5,43.5
2025_08_SF_HOU,2025,8,202508,spread,home,0.4384525205158265,-120.0,0.5454545454545454,win,1.0,0.8333333333333334,0.2770076665549126,44.815650004993394,-2.5,41.5
2025_08_SF_HOU,2025,8,202508,spread,away,0.5615474794841735,100.0,0.5,loss,0.0,-1.0,0.2770076665549126,44.815650004993394,-2.5,41.5
2025_08_SF_HOU,2025,8,202508,total,over,0.5509964830011723,-108.0,0.5192307692307693,loss,0.0,-1.0,0.2770076665549126,44.815650004993394,-2.5,41.5
2025_08_SF_HOU,2025,8,202508,total,under,0.4490035169988277,-112.0,0.5283018867924528,win,1.0,0.8928571428571429,0.2770076665549126,44.815650004993394,-2.5,41.5
2025_08_TEN_IND,2025,8,202508,spread,home,0.49941383352872215,-105.0,0.5121951219512195,win,1.0,0.9523809523809523,14.727074475839808,46.699660595199646,-15.5,47.5
2025_08_TEN_IND,2025,8,202508,spread,away,0.5005861664712778,-115.0,0.5348837209302325,loss,0.0,-1.0,14.727074475839808,46.699660595199646,-15.5,47.5
2025_08_TEN_IND,2025,8,202508,total,over,0.41617819460726846,-118.0,0.5412844036697247,win,1.0,0.847457627118644,14.727074475839808,46.699660595199646,-15.5,47.5
2025_08_TEN_IND,2025,8,202508,total,under,0.5838218053927315,-102.0,0.504950495049505,loss,0.0,-1.0,14.727074475839808,46.699660595199646,-15.5,47.5
2025_08_WAS_KC,2025,8,202508,spread,home,0.35873388042203985,-115.0,0.5348837209302325,win,1.0,0.8695652173913043,5.79404657659626,49.56656254166823,-10.5,48.5
2025_08_WAS_KC,2025,8,202508,spread,away,0.6412661195779601,-105.0,0.5121951219512195,loss,0.0,-1.0,5.79404657659626,49.56656254166823,-10.5,48.5
2025_08_WAS_KC,2025,8,202508,total,over,0.48651817116060964,-105.0,0.5121951219512195,loss,0.0,-1.0,5.79404657659626,49.56656254166823,-10.5,48.5
2025_08_WAS_KC,2025,8,202508,total,under,0.5134818288393903,-115.0,0.5348837209302325,win,1.0,0.8695652173913043,5.79404657659626,49.56656254166823,-10.5,48.5
2025_09_ARI_DAL,2025,9,202509,spread,home,0.44277456647398844,-105.0,0.5121951219512195,loss,0.0,-1.0,1.3087737498789995,53.84167050131818,-3.5,53.5
2025_09_ARI_DAL,2025,9,202509,spread,away,0.5572254335260116,-115.0,0.5348837209302325,win,1.0,0.8695652173913043,1.3087737498789995,53.84167050131818,-3.5,53.5
2025_09_ARI_DAL,2025,9,202509,total,over,0.4728323699421965,-115.0,0.5348837209302325,loss,0.0,-1.0,1.3087737498789995,53.84167050131818,-3.5,53.5
2025_09_ARI_DAL,2025,9,202509,total,under,0.5271676300578034,-105.0,0.5121951219512195,win,1.0,0.9523809523809523,1.3087737498789995,53.84167050131818,-3.5,53.5
2025_09_ATL_NE,2025,9,202509,spread,home,0.5098265895953757,-110.0,0.5238095238095238,loss,0.0,-1.0,4.9379062377469305,46.08544322309946,-5.5,45.5
2025_09_ATL_NE,2025,9,202509,spread,away,0.49017341040462425,-110.0,0.5238095238095238,win,1.0,0.9090909090909091,4.9379062377469305,46.08544322309946,-5.5,45.5
2025_09_ATL_NE,2025,9,202509,total,over,0.4774566473988439,-108.0,0.5192307692307693,win,1.0,0.9259259259259259,4.9379062377469305,46.08544322309946,-5.5,45.5
2025_09_ATL_NE,2025,9,202509,total,under,0.522543352601156,-112.0,0.5283018867924528,loss,0.0,-1.0,4.9379062377469305,46.08544322309946,-5.5,45.5
2025_09_BAL_MIA,2025,9,202509,spread,home,0.6566473988439306,100.0,0.5,loss,0.0,-1.0,-3.7102638449209993,50.685281944952266,7.5,51.5
2025_09_BAL_MIA,2025,9,202509,spread,away,0.34335260115606936,-120.0,0.5454545454545454,win,1.0,0.8333333333333334,-3.7102638449209993,50.685281944952266,7.5,51.5
2025_09_BAL_MIA,2025,9,202509,total,over,0.4208092485549133,-110.0,0.5238095238095238,loss,0.0,-1.0,-3.7102638449209993,50.685281944952266,7.5,51.5
2025_09_BAL_MIA,2025,9,202509,total,under,0.5791907514450867,-110.0,0.5238095238095238,win,1.0,0.9090909090909091,-3.7102638449209993,50.685281944952266,7.5,51.5
2025_09_CAR_GB,2025,9,202509,spread,home,0.507514450867052,-118.0,0.5412844036697247,loss,0.0,-1.0,11.783978981586785,47.40405750436496,-12.5,43.5
2025_09_CAR_GB,2025,9,202509,spread,away,0.49248554913294795,-102.0,0.504950495049505,win,1.0,0.9803921568627451,11.783978981586785,47.40405750436496,-12.5,43.5
2025_09_CAR_GB,2025,9,202509,total,over,0.5757225433526012,-105.0,0.5121951219512195,loss,0.0,-1.0,11.783978981586785,47.40405750436496,-12.5,43.5
2025_09_CAR_GB,2025,9,202509,total,under,0.4242774566473988,-115.0,0.5348837209302325,win,1.0,0.8695652173913043,11.783978981586785,47.40405750436496,-12.5,43.5
2025_09_CHI_CIN,2025,9,202509,spread,home,0.6635838150289017,-115.0,0.5348837209302325,loss,0.0,-1.0,1.2055580683519838,48.69641745569977,3.0,51.5
2025_09_CHI_CIN,2025,9,202509,spread,away,0.33641618497109826,-105.0,0.5121951219512195,win,1.0,0.9523809523809523,1.2055580683519838,48.69641745569977,3.0,51.5
2025_09_CHI_CIN,2025,9,202509,total,over,0.3630057803468208,-112.0,0.5283018867924528,win,1.0,0.8928571428571429,1.2055580683519838,48.69641745569977,3.0,51.5
2025_09_CHI_CIN,2025,9,202509,total,under,0.6369942196531793,-108.0,0.5192307692307693,loss,0.0,-1.0,1.2055580683519838,48.69641745569977,3.0,51.5
2025_09_DEN_HOU,2025,9,202509,spread,home,0.35260115606936415,-110.0,0.5238095238095238,loss,0.0,-1.0,-3.4256722892201896,45.90958009982639,-1.5,40.5
2025_09_DEN_HOU,2025,9,202509,spread,away,0.6473988439306358,-110.0,0.5238095238095238,win,1.0,0.9090909090909091,-3.4256722892201896,45.90958009982639,-1.5,40.5
2025_09_DEN_HOU,2025,9,202509,total,over,0.6369942196531792,-115.0,0.5348837209302325,loss,0.0,-1.0,-3.4256722892201896,45.90958009982639,-1.5,40.5
2025_09_DEN_HOU,2025,9,202509,total,under,0.36300578034682085,-105.0,0.5121951219512195,win,1.0,0.9523809523809523,-3.4256722892201896,45.90958009982639,-1.5,40.5
2025_09_IND_PIT,2025,9,202509,spread,home,0.4554913294797688,-120.0,0.5454545454545454,win,1.0,0.8333333333333334,-5.422628368814895,50.25421054646907,3.5,51.5
2025_09_IND_PIT,2025,9,202509,spread,away,0.5445086705202312,100.0,0.5,loss,0.0,-1.0,-5.422628368814895,50.25421054646907,3.5,51.5
2025_09_IND_PIT,2025,9,202509,total,over,0.40809248554913297,-115.0,0.5348837209302325,loss,0.0,-1.0,-5.422628368814895,50.25421054646907,3.5,51.5
2025_09_IND_PIT,2025,9,202509,total,under,0.591907514450867,-105.0,0.5121951219512195,win,1.0,0.9523809523809523,-5.422628368814895,50.25421054646907,3.5,51.5
2025_09_JAX_LV,2025,9,202509,spread,home,0.46936416184971097,-115.0,0.5348837209302325,win,1.0,0.8695652173913043,-4.036227635428639,41.739515670091386,2.5,43.5
2025_09_JAX_LV,2025,9,202509,spread,away,0.530635838150289,-105.0,0.5121951219512195,loss,0.0,-1.0,-4.036227635428639,41.739515670091386,2.5,43.5
2025_09_JAX_LV,2025,9,202509,total,over,0.3942196531791908,-115.0,0.5348837209302325,win,1.0,0.8695652173913043,-4.036227635428639,41.739515670091386,2.5,43.5
2025_09_JAX_LV,2025,9,202509,total,under,0.6057803468208092,-105.0,0.5121951219512195,loss,0.0,-1.0,-4.036227635428639,41.739515670091386,2.5,43.5
2025_09_KC_BUF,2025,9,202509,spread,home,0.6196531791907515,-115.0,0.5348837209302325,win,1.0,0.8695652173913043,-0.1111564475680813,50.31645711782961,2.5,53.5
2025_09_KC_BUF,2025,9,202509,spread,away,0.38034682080924853,-105.0,0.5121951219512195,loss,0.0,-1.0,-0.1111564475680813,50.31645711782961,2.5,53.5
2025_09_KC_BUF,2025,9,202509,total,over,0.35722543352601155,-105.0,0.5121951219512195,loss,0.0,-1.0,-0.1111564475680813,50.31645711782961,2.5,53.5
2025_09_KC_BUF,2025,9,202509,total,under,0.6427745664739885,-115.0,0.5348837209302325,win,1.0,0.8695652173913043,-0.1111564475680813,50.31645711782961,2.5,53.5
2025_09_LAC_TEN,2025,9,202509,spread,home,0.5213872832369942,-108.0,0.5192307692307693,win,1.0,0.9259259259259259,-10.158171479008784,39.7658678531808,10.0,44.5
2025_09_LAC_TEN,2025,9,202509,spread,away,0.47861271676300576,-112.0,0.5283018867924528,loss,0.0,-1.0,-10.158171479008784,39.7658678531808,10.0,44.5
2025_09_LAC_TEN,2025,9,202509,total,over,0.31213872832369943,-110.0,0.5238095238095238,win,1.0,0.9090909090909091,-10.158171479008784,39.7658678531808,10.0,44.5
2025_09_LAC_TEN,2025,9,202509,total,under,0.6878612716763006,-110.0,0.5238095238095238,loss,0.0,-1.0,-10.158171479008784,39.7658678531808,10.0,44.5
2025_09_MIN_DET,2025,9,202509,spread,home,0.6057803468208093,-112.0,0.5283018867924528,loss,0.0,-1.0,11.612519130627737,46.90369736785871,-9.5,47.5
2025_09_MIN_DET,2025,9,202509,spread,away,0.3942196531791907,-108.0,0.5192307692307693,win,1.0,0.9259259259259259,11.612519130627737,46.90369736785871,-9.5,47.5
2025_09_MIN_DET,2025,9,202509,total,over,0.4300578034682081,-115.0,0.5348837209302325,win,1.0,0.8695652173913043,11.612519130627737,46.90369736785871,-9.5,47.5
2025_09_MIN_DET,2025,9,202509,total,under,0.5699421965317919,-105.0,0.5121951219512195,loss,0.0,-1.0,11.612519130627737,46.90369736785871,-9.5,47.5
2025_09_SEA_WAS,2025,9,202509,spread,home,0.6578034682080924,100.0,0.5,loss,0.0,-1.0,1.3072476390304333,48.60891324909275,2.5,47.5
2025_09_SEA_WAS,2025,9,202509,spread,away,0.34219653179190757,-120.0,0.5454545454545454,win,1.0,0.8333333333333334,1.3072476390304333,48.60891324909275,2.5,47.5
2025_09_SEA_WAS,2025,9,202509,total,over,0.49017341040462425,-105.0,0.5121951219512195,win,1.0,0.9523809523809523,1.3072476390304333,48.60891324909275,2.5,47.5
2025_09_SEA_WAS,2025,9,202509,total,under,0.5098265895953757,-115.0,0.5348837209302325,loss,0.0,-1.0,1.3072476390304333,48.60891324909275,2.5,47.5
2025_09_SF_NYG,2025,9,202509,spread,home,0.5583815028901734,100.0,0.5,loss,0.0,-1.0,-1.6273894023177646,44.55793981735796,2.5,47.5
2025_09_SF_NYG,2025,9,202509,spread,away,0.4416184971098266,-120.0,0.5454545454545454,win,1.0,0.8333333333333334,-1.6273894023177646,44.55793981735796,2.5,47.5
2025_09_SF_NYG,2025,9,202509,total,over,0.35953757225433525,-112.0,0.5283018867924528,win,1.0,0.8928571428571429,-1.6273894023177646,44.55793981735796,2.5,47.5
2025_09_SF_NYG,2025,9,202509,total,under,0.6404624277456648,-108.0,0.5192307692307693,loss,0.0,-1.0,-1.6273894023177646,44.55793981735796,2.5,47.5
2025_10_ARI_SEA,2025,10,202510,spread,home,0.4430523917995444,-105.0,0.5121951219512195,win,1.0,0.9523809523809523,4.858141858679273,48.14778286171834,-7.0,44.5
2025_10_ARI_SEA,2025,10,202510,spread,away,0.5569476082004556,-115.0,0.5348837209302325,loss,0.0,-1.0,4.858141858679273,48.14778286171834,-7.0,44.5
2025_10_ARI_SEA,2025,10,202510,total,over,0.5626423690205011,-118.0,0.5412844036697247,win,1.0,0.847457627118644,4.858141858679273,48.14778286171834,-7.0,44.5
2025_10_ARI_SEA,2025,10,202510,total,under,0.43735763097949887,-102.0,0.504950495049505,loss,0.0,-1.0,4.858141858679273,48.14778286171834,-7.0,44.5
2025_10_ATL_IND,2025,10,202510,spread,home,0.5148063781321185,-108.0,0.5192307692307693,loss,0.0,-1.0,6.205411727526159,50.042023607264014,-6.5,48.5
2025_10_ATL_IND,2025,10,202510,spread,away,0.4851936218678815,-112.0,0.5283018867924528,win,1.0,0.8928571428571429,6.205411727526159,50.042023607264014,-6.5,48.5
2025_10_ATL_IND,2025,10,202510,total,over,0.5034168564920274,-108.0,0.5192307692307693,win,1.0,0.9259259259259259,6.205411727526159,50.042023607264014,-6.5,48.5
2025_10_ATL_IND,2025,10,202510,total,under,0.4965831435079726,-112.0,0.5283018867924528,loss,0.0,-1.0,6.205411727526159,50.042023607264014,-6.5,48.5
2025_10_BAL_MIN,2025,10,202510,spread,home,0.4783599088838269,-115.0,0.5348837209302325,loss,0.0,-1.0,-5.59154584494992,47.51618225366439,4.5,48.5
2025_10_BAL_MIN,2025,10,202510,spread,away,0.5216400911161732,-105.0,0.5121951219512195,win,1.0,0.9523809523809523,-5.59154584494992,47.51618225366439,4.5,48.5
2025_10_BAL_MIN,2025,10,202510,total,over,0.4168564920273349,-115.0,0.5348837209302325,loss,0.0,-1.0,-5.59154584494992,47.51618225366439,4.5,48.5
2025_10_BAL_MIN,2025,10,202510,total,under,0.5831435079726651,-105.0,0.5121951219512195,win,1.0,0.9523809523809523,-5.59154584494992,47.51618225366439,4.5,48.5
2025_10_BUF_MIA,2025,10,202510,spread,home,0.5216400911161732,-115.0,0.5348837209302325,win,1.0,0.8695652173913043,-8.46957100957908,48.15089001993284,8.5,50.5
2025_10_BUF_MIA,2025,10,202510,spread,away,0.47835990888382685,-105.0,0.5121951219512195,loss,0.0,-1.0,-8.46957100957908,48.15089001993284,8.5,50.5
2025_10_BUF_MIA,2025,10,202510,total,over,0.37813211845102507,-105.0,0.5121951219512195,loss,0.0,-1.0,-8.46957100957908,48.15089001993284,8.5,50.5
2025_10_BUF_MIA,2025,10,202510,total,under,0.6218678815489749,-115.0,0.5348837209302325,win,1.0,0.8695652173913043,-8.46957100957908,48.15089001993284,8.5,50.5
2025_10_CLE_NYJ,2025,10,202510,spread,home,0.8006833712984055,-105.0,0.5121951219512195,win,1.0,0.9523809523809523,7.572991370441359,40.8954764963127,1.5,37.5
2025_10_CLE_NYJ,2025,10,202510,spread,away,0.1993166287015945,-115.0,0.5348837209302325,loss,0.0,-1.0,7.572991370441359,40.8954764963127,1.5,37.5
2025_10_CLE_NYJ,2025,10,202510,total,over,0.5569476082004556,-105.0,0.5121951219512195,win,1.0,0.9523809523809523,7.572991370441359,40.8954764963127,1.5,37.5
2025_10_CLE_NYJ,2025,10,202510,total,under,0.44305239179954437,-115.0,0.5348837209302325,loss,0.0,-1.0,7.572991370441359,40.8954764963127,1.5,37.5
2025_10_DET_WAS,2025,10,202510,spread,home,0.643507972665148,-115.0,0.5348837209302325,loss,0.0,-1.0,-5.089906964124396,50.286983441885575,8.5,49.5
2025_10_DET_WAS,2025,10,202510,spread,away,0.35649202733485197,-105.0,0.5121951219512195,win,1.0,0.9523809523809523,-5.089906964124396,50.286983441885575,8.5,49.5
2025_10_DET_WAS,2025,10,202510,total,over,0.4863325740318907,-108.0,0.5192307692307693,win,1.0,0.9259259259259259,-5.089906964124396,50.286983441885575,8.5,49.5
2025_10_DET_WAS,2025,10,202510,total,under,0.5136674259681093,-112.0,0.5283018867924528,loss,0.0,-1.0,-5.089906964124396,50.286983441885575,8.5,49.5
2025_10_JAX_HOU,2025,10,202510,spread,home,0.6343963553530751,-120.0,0.5454545454545454,win,1.0,0.8333333333333334,1.5265181650324118,44.30645514473648,1.5,37.5
2025_10_JAX_HOU,2025,10,202510,spread,away,0.36560364464692485,100.0,0.5,loss,0.0,-1.0,1.5265181650324118,44.30645514473648,1.5,37.5
2025_10_JAX_HOU,2025,10,202510,total,over,0.6719817767653758,-108.0,0.5192307692307693,win,1.0,0.9259259259259259,1.5265181650324118,44.30645514473648,1.5,37.5
2025_10_JAX_HOU,2025,10,202510,total,under,0.32801822323462415,-112.0,0.5283018867924528,loss,0.0,-1.0,1.5265181650324118,44.30645514473648,1.5,37.5
2025_10_LA_SF,2025,10,202510,spread,home,0.5842824601366743,-105.0,0.5121951219512195,loss,0.0,-1.0,-3.9086404069128537,45.74777104343177,5.5,49.5
2025_10_LA_SF,2025,10,202510,spread,away,0.4157175398633257,-115.0,0.5348837209302325,win,1.0,0.8695652173913043,-3.9086404069128537,45.74777104343177,5.5,49.5
2025_10_LA_SF,2025,10,202510,total,over,0.33712984054669703,-110.0,0.5238095238095238,win,1.0,0.9090909090909091,-3.9086404069128537,45.74777104343177,5.5,49.5
2025_10_LA_SF,2025,10,202510,total,under,0.662870159453303,-110.0,0.5238095238095238,loss,0.0,-1.0,-3.9086404069128537,45.74777104343177,5.5,49.5
2025_10_LV_DEN,2025,10,202510,spread,home,0.5535307517084282,-108.0,0.5192307692307693,loss,0.0,-1.0,10.31576165633762,44.65866319895064,-9.5,42.5
2025_10_LV_DEN,2025,10,202510,spread,away,0.44646924829157175,-112.0,0.5283018867924528,win,1.0,0.8928571428571429,10.31576165633762,44.65866319895064,-9.5,42.5
2025_10_LV_DEN,2025,10,202510,total,over,0.5182232346241458,-110.0,0.5238095238095238,loss,0.0,-1.0,10.31576165633762,44.65866319895064,-9.5,42.5
2025_10_LV_DEN,2025,10,202510,total,under,0.48177676537585423,-110.0,0.5238095238095238,win,1.0,0.9090909090909091,10.31576165633762,44.65866319895064,-9.5,42.5
2025_10_NE_TB,2025,10,202510,spread,home,0.47038724373576307,-120.0,0.5454545454545454,loss,0.0,-1.0,1.1828640984814227,50.534106866083285,-2.5,48.5
2025_10_NE_TB,2025,10,202510,spread,away,0.529612756264237,100.0,0.5,win,1.0,1.0,1.1828640984814227,50.534106866083285,-2.5,48.5
2025_10_NE_TB,2025,10,202510,total,over,0.5159453302961275,-115.0,0.5348837209302325,win,1.0,0.8695652173913043,1.1828640984814227,50.534106866083285,-2.5,48.5
2025_10_NE_TB,2025,10,202510,total,under,0.48405466970387245,-105.0,0.5121951219512195,loss,0.0,-1.0,1.1828640984814227,50.534106866083285,-2.5,48.5
2025_10_NO_CAR,2025,10,202510,spread,home,0.5045558086560364,-108.0,0.5192307692307693,loss,0.0,-1.0,4.802091295478672,34.336852200496004,-5.5,38.5
2025_10_NO_CAR,2025,10,202510,spread,away,0.49544419134396356,-112.0,0.5283018867924528,win,1.0,0.8928571428571429,4.802091295478672,34.336852200496004,-5.5,38.5
2025_10_NO_CAR,2025,10,202510,total,over,0.3200455580865604,-115.0,0.5348837209302325,loss,0.0,-1.0,4.802091295478672,34.336852200496004,-5.5,38.5
2025_10_NO_CAR,2025,10,202510,total,under,0.6799544419134396,-105.0,0.5121951219512195,win,1.0,0.9523809523809523,4.802091295478672,34.336852200496004,-5.5,38.5
2025_10_NYG_CHI,2025,10,202510,spread,home,0.47494305239179957,-112.0,0.5283018867924528,loss,0.0,-1.0,3.3291171414515004,46.121277715085,-4.5,45.5
2025_10_NYG_CHI,2025,10,202510,spread,away,0.5250569476082004,-108.0,0.5192307692307693,win,1.0,0.9259259259259259,3.3291171414515004,46.121277715085,-4.5,45.5
2025_10_NYG_CHI,2025,10,202510,total,over,0.4806378132118451,-108.0,0.5192307692307693,loss,0.0,-1.0,3.3291171414515004,46.121277715085,-4.5,45.5
2025_10_NYG_CHI,2025,10,202510,total,under,0.5193621867881548,-112.0,0.5283018867924528,win,1.0,0.8928571428571429,3.3291171414515004,46.121277715085,-4.5,45.5
2025_10_PHI_GB,2025,10,202510,spread,home,0.5785876993166287,102.0,0.49504950495049505,loss,0.0,-1.0,2.9724980328857047,51.84239993754821,-1.5,45.5
2025_10_PHI_GB,2025,10,202510,spread,away,0.4214123006833713,-122.0,0.5495495495495496,win,1.0,0.819672131147541,2.9724980328857047,51.84239993754821,-1.5,45.5
2025_10_PHI_GB,2025,10,202510,total,over,0.6571753986332574,-112.0,0.5283018867924528,loss,0.0,-1.0,2.9724980328857047,51.84239993754821,-1.5,45.5
2025_10_PHI_GB,2025,10,202510,total,under,0.34282460136674264,-108.0,0.5192307692307693,win,1.0,0.9259259259259259,2.9724980328857047,51.84239993754821,-1.5,45.5
2025_10_PIT_LAC,2025,10,202510,spread,home,0.6548974943052391,-102.0,0.504950495049505,win,1.0,0.9803921568627451,6.872455010661704,49.04754892702299,-3.0,45.5
2025_10_PIT_LAC,2025,10,202510,spread,away,0.34510250569476086,-118.0,0.5412844036697247,loss,0.0,-1.0,6.872455010661704,49.04754892702299,-3.0,45.5
2025_10_PIT_LAC,2025,10,202510,total,over,0.5603644646924829,-105.0,0.5121951219512195,loss,0.0,-1.0,6.872455010661704,49.04754892702299,-3.0,45.5
2025_10_PIT_LAC,2025,10,202510,total,under,0.4396355353075171,-115.0,0.5348837209302325,win,1.0,0.8695652173913043,6.872455010661704,49.04754892702299,-3.0,45.5
2025_11_CAR_ATL,2025,11,202511,spread,home,0.5482062780269058,-102.0,0.504950495049505,loss,0.0,-1.0,5.210273484566125,45.878152707682034,-4.5,42.5
2025_11_CAR_ATL,2025,11,202511,spread,away,0.4517937219730942,-118.0,0.5412844036697247,win,1.0,0.847457627118644,5.210273484566125,45.878152707682034,-4.5,42.5
2025_11_CAR_ATL,2025,11,202511,total,over,0.5582959641255605,-110.0,0.5238095238095238,win,1.0,0.9090909090909091,5.210273484566125,45.878152707682034,-4.5,42.5
2025_11_CAR_ATL,2025,11,202511,total,under,0.4417040358744395,-110.0,0.5238095238095238,loss,0.0,-1.0,5.210273484566125,45.878152707682034,-4.5,42.5
2025_11_CHI_MIN,2025,11,202511,spread,home,0.36210762331838564,-105.0,0.5121951219512195,loss,0.0,-1.0,-1.5681258597676908,43.83354044536487,-3.0,47.5
2025_11_CHI_MIN,2025,11,202511,spread,away,0.6378923766816144,-115.0,0.5348837209302325,win,1.0,0.8695652173913043,-1.5681258597676908,43.83354044536487,-3.0,47.5
2025_11_CHI_MIN,2025,11,202511,total,over,0.3419282511210762,-118.0,0.5412844036697247,loss,0.0,-1.0,-1.5681258597676908,43.83354044536487,-3.0,47.5
2025_11_CHI_MIN,2025,11,202511,total,under,0.6580717488789238,-102.0,0.504950495049505,win,1.0,0.9803921568627451,-1.5681258597676908,43.83354044536487,-3.0,47.5
2025_11_CIN_PIT,2025,11,202511,spread,home,0.3598654708520179,-112.0,0.5283018867924528,win,1.0,0.8928571428571429,0.8417110887926801,44.22328434538727,-5.5,48.5
2025_11_CIN_PIT,2025,11,202511,spread,away,0.6401345291479821,-108.0,0.5192307692307693,loss,0.0,-1.0,0.8417110887926801,44.22328434538727,-5.5,48.5
2025_11_CIN_PIT,2025,11,202511,total,over,0.3217488789237668,-110.0,0.5238095238095238,loss,0.0,-1.0,0.8417110887926801,44.22328434538727,-5.5,48.5
2025_11_CIN_PIT,2025,11,202511,total,under,0.6782511210762332,-110.0,0.5238095238095238,win,1.0,0.9090909090909091,0.8417110887926801,44.22328434538727,-5.5,48.5
2025_11_DAL_LV,2025,11,202511,spread,home,0.5336322869955157,-105.0,0.5121951219512195,loss,0.0,-1.0,-3.1949266117475927,46.7108273218034,3.5,48.5
2025_11_DAL_LV,2025,11,202511,spread,away,0.4663677130044843,-115.0,0.5348837209302325,win,1.0,0.8695652173913043,-3.1949266117475927,46.7108273218034,3.5,48.5
2025_11_DAL_LV,2025,11,202511,total,over,0.3957399103139013,-105.0,0.5121951219512195,win,1.0,0.9523809523809523,-3.1949266117475927,46.7108273218034,3.5,48.5
2025_11_DAL_LV,2025,11,202511,total,under,0.6042600896860987,-115.0,0.5348837209302325,loss,0.0,-1.0,-3.1949266117475927,46.7108273218034,3.5,48.5
2025_11_DET_PHI,2025,11,202511,spread,home,0.32286995515695066,-118.0,0.5412844036697247,win,1.0,0.847457627118644,-3.2959003798523705,49.99632489423112,-2.5,46.5
2025_11_DET_PHI,2025,11,202511,spread,away,0.6771300448430493,-102.0,0.504950495049505,loss,0.0,-1.0,-3.2959003798523705,49.99632489423112,-2.5,46.5
2025_11_DET_PHI,2025,11,202511,total,over,0.5605381165919282,-112.0,0.5283018867924528,loss,0.0,-1.0,-3.2959003798523705,49.99632489423112,-2.5,46.5
2025_11_DET_PHI,2025,11,202511,total,under,0.4394618834080718,-108.0,0.5192307692307693,win,1.0,0.9259259259259259,-3.2959003798523705,49.99632489423112,-2.5,46.5
2025_11_GB_NYG,2025,11,202511,spread,home,0.5056053811659192,-110.0,0.5238095238095238,win,1.0,0.9090909090909091,-8.018820769771185,45.50937755632233,7.5,41.5
2025_11_GB_NYG,2025,11,202511,spread,away,0.49439461883408076,-110.0,0.5238095238095238,loss,0.0,-1.0,-8.018820769771185,45.50937755632233,7.5,41.5
2025_11_GB_NYG,2025,11,202511,total,over,0.5852017937219731,-110.0,0.5238095238095238,win,1.0,0.9090909090909091,-8.018820769771185,45.50937755632233,7.5,41.5
2025_11_GB_NYG,2025,11,202511,total,under,0.4147982062780269,-110.0,0.5238095238095238,loss,0.0,-1.0,-8.018820769771185,45.50937755632233,7.5,41.5
2025_11_HOU_TEN,2025,11,202511,spread,home,0.44170403587443946,-112.0,0.5283018867924528,win,1.0,0.8928571428571429,-7.607056356252404,36.988507071380525,5.5,37.5
2025_11_HOU_TEN,2025,11,202511,spread,away,0.5582959641255605,-108.0,0.5192307692307693,loss,0.0,-1.0,-7.607056356252404,36.988507071380525,5.5,37.5
2025_11_HOU_TEN,2025,11,202511,total,over,0.437219730941704,-102.0,0.504950495049505,loss,0.0,-1.0,-7.607056356252404,36.988507071380525,5.5,37.5
2025_11_HOU_TEN,2025,11,202511,total,under,0.5627802690582959,-118.0,0.5412844036697247,win,1.0,0.847457627118644,-7.607056356252404,36.988507071380525,5.5,37.5
2025_11_KC_DEN,2025,11,202511,spread,home,0.5852017937219731,100.0,0.5,win,1.0,1.0,-1.890948963376063,44.47280097961374,3.5,44.5
2025_11_KC_DEN,2025,11,202511,spread,away,0.4147982062780269,-120.0,0.5454545454545454,loss,0.0,-1.0,-1.890948963376063,44.47280097961374,3.5,44.5
2025_11_KC_DEN,2025,11,202511,total,over,0.45739910313901344,-110.0,0.5238095238095238,loss,0.0,-1.0,-1.890948963376063,44.47280097961374,3.5,44.5
2025_11_KC_DEN,2025,11,202511,total,under,0.5426008968609866,-110.0,0.5238095238095238,win,1.0,0.9090909090909091,-1.890948963376063,44.47280097961374,3.5,44.5
2025_11_LAC_JAX,2025,11,202511,spread,home,0.460762331838565,-115.0,0.5348837209302325,win,1.0,0.8695652173913043,-4.655852803228576,44.63795549244731,3.0,43.5
2025_11_LAC_JAX,2025,11,202511,spread,away,0.539237668161435,-105.0,0.5121951219512195,loss,0.0,-1.0,-4.655852803228576,44.63795549244731,3.0,43.5
2025_11_LAC_JAX,2025,11,202511,total,over,0.492152466367713,-110.0,0.5238095238095238,loss,0.0,-1.0,-4.655852803228576,44.63795549244731,3.0,43.5
2025_11_LAC_JAX,2025,11,202511,total,under,0.507847533632287,-110.0,0.5238095238095238,win,1.0,0.9090909090909091,-4.655852803228576,44.63795549244731,3.0,43.5
2025_11_NYJ_NE,2025,11,202511,spread,home,0.3845291479820628,-115.0,0.5348837209302325,win,1.0,0.8695652173913043,8.603739111893708,47.12749774533188,-12.5,43.5
2025_11_NYJ_NE,2025,11,202511,spread,away,0.6154708520179373,-105.0,0.5121951219512195,loss,0.0,-1.0,8.603739111893708,47.12749774533188,-12.5,43.5
2025_11_NYJ_NE,2025,11,202511,total,over,0.5639013452914798,-105.0,0.5121951219512195,loss,0.0,-1.0,8.603739111893708,47.12749774533188,-12.5,43.5
2025_11_NYJ_NE,2025,11,202511,total,under,0.43609865470852016,-115.0,0.5348837209302325,win,1.0,0.8695652173913043,8.603739111893708,47.12749774533188,-12.5,43.5
2025_11_SEA_LA,2025,11,202511,spread,home,0.5885650224215246,-120.0,0.5454545454545454,loss,0.0,-1.0,4.66969075948527,54.01141435430812,-3.0,49.5
2025_11_SEA_LA,2025,11,202511,spread,away,0.41143497757847536,100.0,0.5,win,1.0,1.0,4.66969075948527,54.01141435430812,-3.0,49.5
2025_11_SEA_LA,2025,11,202511,total,over,0.6087443946188341,-115.0,0.5348837209302325,loss,0.0,-1.0,4.66969075948527,54.01141435430812,-3.0,49.5
2025_11_SEA_LA,2025,11,202511,total,under,0.3912556053811659,-105.0,0.5121951219512195,win,1.0,0.9523809523809523,4.66969075948527,54.01141435430812,-3.0,49.5
2025_11_SF_ARI,2025,11,202511,spread,home,0.6401345291479821,-115.0,0.5348837209302325,loss,0.0,-1.0,-0.1659943198482785,51.50544010361808,3.5,48.5
2025_11_SF_ARI,2025,11,202511,spread,away,0.3598654708520179,-105.0,0.5121951219512195,win,1.0,0.9523809523809523,-0.1659943198482785,51.50544010361808,3.5,48.5
2025_11_SF_ARI,2025,11,202511,total,over,0.5515695067264574,-108.0,0.5192307692307693,win,1.0,0.9259259259259259,-0.1659943198482785,51.50544010361808,3.5,48.5
2025_11_SF_ARI,2025,11,202511,total,under,0.44843049327354256,-112.0,0.5283018867924528,loss,0.0,-1.0,-0.1659943198482785,51.50544010361808,3.5,48.5
2025_11_TB_BUF,2025,11,202511,spread,home,0.4517937219730942,-112.0,0.5283018867924528,win,1.0,0.8928571428571429,4.178025149361848,47.79230248960903,-6.0,46.5
2025_11_TB_BUF,2025,11,202511,spread,away,0.5482062780269058,-108.0,0.5192307692307693,loss,0.0,-1.0,4.178025149361848,47.79230248960903,-6.0,46.5
2025_11_TB_BUF,2025,11,202511,total,over,0.4966367713004484,-108.0,0.5192307692307693,win,1.0,0.9259259259259259,4.178025149361848,47.79230248960903,-6.0,46.5
2025_11_TB_BUF,2025,11,202511,total,under,0.5033632286995515,-112.0,0.5283018867924528,loss,0.0,-1.0,4.178025149361848,47.79230248960903,-6.0,46.5
2025_11_WAS_MIA,2025,11,202511,spread,home,0.4304932735426009,-120.0,0.5454545454545454,win,1.0,0.8333333333333334,0.042676258399233,49.61045757076367,-2.5,47.5
2025_11_WAS_MIA,2025,11,202511,spread,away,0.5695067264573991,100.0,0.5,loss,0.0,-1.0,0.042676258399233,49.61045757076367,-2.5,47.5
2025_11_WAS_MIA,2025,11,202511,total,over,0.5190582959641256,-110.0,0.5238095238095238,loss,0.0,-1.0,0.042676258399233,49.61045757076367,-2.5,47.5
2025_11_WAS_MIA,2025,11,202511,total,under,0.48094170403587444,-110.0,0.5238095238095238,win,1.0,0.9090909090909091,0.042676258399233,49.61045757076367,-2.5,47.5
2025_12_ATL_NO,2025,12,202512,spread,home,0.37969094922737306,-108.0,0.5192307692307693,loss,0.0,-1.0,-2.631772806112793,42.59691609673504,-1.5,41.5
2025_12_ATL_NO,2025,12,202512,spread,away,0.620309050772627,-112.0,0.5283018867924528,win,1.0,0.8928571428571429,-2.631772806112793,42.59691609673504,-1.5,41.5
2025_12_ATL_NO,2025,12,202512,total,over,0.4900662251655629,-102.0,0.504950495049505,loss,0.0,-1.0,-2.631772806112793,42.59691609673504,-1.5,41.5
2025_12_ATL_NO,2025,12,202512,total,under,0.509933774834437,-118.0,0.5412844036697247,win,1.0,0.847457627118644,-2.631772806112793,42.59691609673504,-1.5,41.5
2025_12_BUF_HOU,2025,12,202512,spread,home,0.5938189845474614,-112.0,0.5283018867924528,win,1.0,0.8928571428571429,-3.603083490751133,49.456142640672326,5.5,43.5
2025_12_BUF_HOU,2025,12,202512,spread,away,0.4061810154525386,-108.0,0.5192307692307693,loss,0.0,-1.0,-3.603083490751133,49.456142640672326,5.5,43.5
2025_12_BUF_HOU,2025,12,202512,total,over,0.6467991169977925,-115.0,0.5348837209302325,loss,0.0,-1.0,-3.603083490751133,49.456142640672326,5.5,43.5
2025_12_BUF_HOU,2025,12,202512,total,under,0.35320088300220753,-105.0,0.5121951219512195,win,1.0,0.9523809523809523,-3.603083490751133,49.456142640672326,5.5,43.5
2025_12_CAR_SF,2025,12,202512,spread,home,0.5088300220750552,-105.0,0.5121951219512195,win,1.0,0.9523809523809523,7.043137272687245,48.656239800016586,-7.5,48.5
2025_12_CAR_SF,2025,12,202512,spread,away,0.49116997792494477,-115.0,0.5348837209302325,loss,0.0,-1.0,7.043137272687245,48.656239800016586,-7.5,48.5
2025_12_CAR_SF,2025,12,202512,total,over,0.46467991169977924,-115.0,0.5348837209302325,loss,0.0,-1.0,7.043137272687245,48.656239800016586,-7.5,48.5
2025_12_CAR_SF,2025,12,202512,total,under,0.5353200883002207,-105.0,0.5121951219512195,win,1.0,0.9523809523809523,7.043137272687245,48.656239800016586,-7.5,48.5
2025_12_IND_KC,2025,12,202512,spread,home,0.44150110375275936,-120.0,0.5454545454545454,loss,0.0,-1.0,1.3430704983214792,49.61050520824501,-3.5,50.5
2025_12_IND_KC,2025,12,202512,spread,away,0.5584988962472406,100.0,0.5,win,1.0,1.0,1.3430704983214792,49.61050520824501,-3.5,50.5
2025_12_IND_KC,2025,12,202512,total,over,0.4205298013245033,-108.0,0.5192307692307693,loss,0.0,-1.0,1.3430704983214792,49.61050520824501,-3.5,50.5
2025_12_IND_KC,2025,12,202512,total,under,0.5794701986754967,-112.0,0.5283018867924528,win,1.0,0.8928571428571429,1.3430704983214792,49.61050520824501,-3.5,50.5
2025_12_JAX_ARI,2025,12,202512,spread,home,0.6324503311258278,-112.0,0.5283018867924528,loss,0.0,-1.0,0.3677745278548234,47.67751372288811,2.5,47.5
2025_12_JAX_ARI,2025,12,202512,spread,away,0.3675496688741722,-108.0,0.5192307692307693,win,1.0,0.9259259259259259,0.3677745278548234,47.67751372288811,2.5,47.5
2025_12_JAX_ARI,2025,12,202512,total,over,0.46578366445916114,-105.0,0.5121951219512195,win,1.0,0.9523809523809523,0.3677745278548234,47.67751372288811,2.5,47.5
2025_12_JAX_ARI,2025,12,202512,total,under,0.5342163355408389,-115.0,0.5348837209302325,loss,0.0,-1.0,0.3677745278548234,47.67751372288811,2.5,47.5
2025_12_MIN_GB,2025,12,202512,spread,home,0.6456953642384106,-108.0,0.5192307692307693,win,1.0,0.9259259259259259,9.96272085637546,41.10185313695372,-6.5,41.5
2025_12_MIN_GB,2025,12,202512,spread,away,0.35430463576158944,-112.0,0.5283018867924528,loss,0.0,-1.0,9.96272085637546,41.10185313695372,-6.5,41.5
2025_12_MIN_GB,2025,12,202512,total,over,0.4448123620309051,-108.0,0.5192307692307693,loss,0.0,-1.0,9.96272085637546,41.10185313695372,-6.5,41.5
2025_12_MIN_GB,2025,12,202512,total,under,0.555187637969095,-112.0,0.5283018867924528,win,1.0,0.8928571428571429,9.96272085637546,41.10185313695372,-6.5,41.5
2025_12_NE_CIN,2025,12,202512,spread,home,0.5927152317880795,-112.0,0.5283018867924528,win,1.0,0.8928571428571429,-5.707865863792925,52.51158862870787,7.5,50.5
2025_12_NE_CIN,2025,12,202512,spread,away,0.4072847682119205,-108.0,0.5192307692307693,loss,0.0,-1.0,-5.707865863792925,52.51158862870787,7.5,50.5
2025_12_NE_CIN,2025,12,202512,total,over,0.5143487858719646,-118.0,0.5412844036697247,loss,0.0,-1.0,-5.707865863792925,52.51158862870787,7.5,50.5
2025_12_NE_CIN,2025,12,202512,total,under,0.48565121412803536,-102.0,0.504950495049505,win,1.0,0.9803921568627451,-5.707865863792925,52.51158862870787,7.5,50.5
2025_12_NYG_DET,2025,12,202512,spread,home,0.4470198675496689,-105.0,0.5121951219512195,loss,0.0,-1.0,11.961100089620448,52.10190004260415,-14.0,50.5
2025_12_NYG_DET,2025,12,202512,spread,away,0.5529801324503312,-115.0,0.5348837209302325,win,1.0,0.8695652173913043,11.961100089620448,52.10190004260415,-14.0,50.5
2025_12_NYG_DET,2025,12,202512,total,over,0.5066225165562914,-120.0,0.5454545454545454,win,1.0,0.8333333333333334,11.961100089620448,52.10190004260415,-14.0,50.5
2025_12_NYG_DET,2025,12,202512,total,under,0.4933774834437086,100.0,0.5,loss,0.0,-1.0,11.961100089620448,52.10190004260415,-14.0,50.5
2025_12_NYJ_BAL,2025,12,202512,spread,home,0.40507726269315675,-110.0,0.5238095238095238,loss,0.0,-1.0,10.838749060665853,45.88148858047381,-14.0,44.5
2025_12_NYJ_BAL,2025,12,202512,spread,away,0.5949227373068433,-110.0,0.5238095238095238,win,1.0,0.9090909090909091,10.838749060665853,45.88148858047381,-14.0,44.5
2025_12_NYJ_BAL,2025,12,202512,total,over,0.4988962472406181,-118.0,0.5412844036697247,loss,0.0,-1.0,10.838749060665853,45.88148858047381,-14.0,44.5
2025_12_NYJ_BAL,2025,12,202512,total,under,0.5011037527593819,-102.0,0.504950495049505,win,1.0,0.9803921568627451,10.838749060665853,45.88148858047381,-14.0,44.5
2025_12_PHI_DAL,2025,12,202512,spread,home,0.5938189845474614,-115.0,0.5348837209302325,win,1.0,0.8695652173913043,-1.1899362961165223,53.13500916628345,3.0,47.5
2025_12_PHI_DAL,2025,12,202512,spread,away,0.4061810154525386,-105.0,0.5121951219512195,loss,0.0,-1.0,-1.1899362961165223,53.13500916628345,3.0,47.5
2025_12_PHI_DAL,2025,12,202512,total,over,0.6423841059602649,-120.0,0.5454545454545454,loss,0.0,-1.0,-1.1899362961165223,53.13500916628345,3.0,47.5
2025_12_PHI_DAL,2025,12,202512,total,under,0.35761589403973515,100.0,0.5,win,1.0,1.0,-1.1899362961165223,53.13500916628345,3.0,47.5
2025_12_PIT_CHI,2025,12,202512,spread,home,0.5066225165562914,-105.0,0.5121951219512195,push,,0.0,2.361565555255092,47.05536724778259,-3.0,46.5
2025_12_PIT_CHI,2025,12,202512,spread,away,0.4933774834437086,-115.0,0.5348837209302325,push,,0.0,2.361565555255092,47.05536724778259,-3.0,46.5
2025_12_PIT_CHI,2025,12,202512,total,over,0.47792494481236203,-112.0,0.5283018867924528,win,1.0,0.8928571428571429,2.361565555255092,47.05536724778259,-3.0,46.5
2025_12_PIT_CHI,2025,12,202512,total,under,0.522075055187638,-108.0,0.5192307692307693,loss,0.0,-1.0,2.361565555255092,47.05536724778259,-3.0,46.5
2025_12_SEA_TEN,2025,12,202512,spread,home,0.5938189845474614,-105.0,0.5121951219512195,win,1.0,0.9523809523809523,-10.675523863491298,43.37695435944261,12.5,41.5
2025_12_SEA_TEN,2025,12,202512,spread,away,0.4061810154525386,-115.0,0.5348837209302325,loss,0.0,-1.0,-10.675523863491298,43.37695435944261,12.5,41.5
2025_12_SEA_TEN,2025,12,202512,total,over,0.5132450331125827,-110.0,0.5238095238095238,win,1.0,0.9090909090909091,-10.675523863491298,43.37695435944261,12.5,41.5
2025_12_SEA_TEN,2025,12,202512,total,under,0.48675496688741726,-110.0,0.5238095238095238,loss,0.0,-1.0,-10.675523863491298,43.37695435944261,12.5,41.5
2025_12_TB_LA,2025,12,202512,spread,home,0.47130242825607066,-110.0,0.5238095238095238,win,1.0,0.9090909090909091,5.781120796529424,51.356199813132335,-7.0,49.5
2025_12_TB_LA,2025,12,202512,spread,away,0.5286975717439293,-110.0,0.5238095238095238,loss,0.0,-1.0,5.781120796529424,51.356199813132335,-7.0,49.5
2025_12_TB_LA,2025,12,202512,total,over,0.5121412803532008,-120.0,0.5454545454545454,loss,0.0,-1.0,5.781120796529424,51.356199813132335,-7.0,49.5
2025_12_TB_LA,2025,12,202512,total,under,0.48785871964679917,100.0,0.5,win,1.0,1.0,5.781120796529424,51.356199813132335,-7.0,49.5
2025_13_ARI_TB,2025,13,202513,spread,home,0.41240478781284007,-105.0,0.5121951219512195,loss,0.0,-1.0,1.5308686552825352,47.42788297596548,-4.5,44.5
2025_13_ARI_TB,2025,13,202513,spread,away,0.5875952121871599,-115.0,0.5348837209302325,win,1.0,0.8695652173913043,1.5308686552825352,47.42788297596548,-4.5,44.5
2025_13_ARI_TB,2025,13,202513,total,over,0.5418933623503809,-112.0,0.5283018867924528,loss,0.0,-1.0,1.5308686552825352,47.42788297596548,-4.5,44.5
2025_13_ARI_TB,2025,13,202513,total,under,0.4581066376496191,-108.0,0.5192307692307693,win,1.0,0.9259259259259259,1.5308686552825352,47.42788297596548,-4.5,44.5
2025_13_ATL_NYJ,2025,13,202513,spread,home,0.5386289445048966,-108.0,0.5192307692307693,win,1.0,0.9259259259259259,-2.675324377287376,41.89307946713009,3.0,38.5
2025_13_ATL_NYJ,2025,13,202513,spread,away,0.4613710554951034,-112.0,0.5283018867924528,loss,0.0,-1.0,-2.675324377287376,41.89307946713009,3.0,38.5
2025_13_ATL_NYJ,2025,13,202513,total,over,0.5527747551686616,-115.0,0.5348837209302325,win,1.0,0.8695652173913043,-2.675324377287376,41.89307946713009,3.0,38.5
2025_13_ATL_NYJ,2025,13,202513,total,under,0.4472252448313384,-105.0,0.5121951219512195,loss,0.0,-1.0,-2.675324377287376,41.89307946713009,3.0,38.5
2025_13_BUF_PIT,2025,13,202513,spread,home,0.5179542981501633,-105.0,0.5121951219512195,loss,0.0,-1.0,-3.209450478116258,45.70518467077296,3.0,44.5
2025_13_BUF_PIT,2025,13,202513,spread,away,0.48204570184983675,-115.0,0.5348837209302325,win,1.0,0.8695652173913043,-3.209450478116258,45.70518467077296,3.0,44.5
2025_13_BUF_PIT,2025,13,202513,total,over,0.4896626768226333,-108.0,0.5192307692307693,loss,0.0,-1.0,-3.209450478116258,45.70518467077296,3.0,44.5
2025_13_BUF_PIT,2025,13,202513,total,under,0.5103373231773667,-112.0,0.5283018867924528,win,1.0,0.8928571428571429,-3.209450478116258,45.70518467077296,3.0,44.5
2025_13_CHI_PHI,2025,13,202513,spread,home,0.42872687704026113,-115.0,0.5348837209302325,loss,0.0,-1.0,4.480321342137467,43.71815439691164,-7.0,43.5
2025_13_CHI_PHI,2025,13,202513,spread,away,0.5712731229597389,-105.0,0.5121951219512195,win,1.0,0.9523809523809523,4.480321342137467,43.71815439691164,-7.0,43.5
2025_13_CHI_PHI,2025,13,202513,total,over,0.4657236126224157,-105.0,0.5121951219512195,loss,0.0,-1.0,4.480321342137467,43.71815439691164,-7.0,43.5
2025_13_CHI_PHI,2025,13,202513,total,under,0.5342763873775843,-115.0,0.5348837209302325,win,1.0,0.8695652173913043,4.480321342137467,43.71815439691164,-7.0,43.5
2025_13_CIN_BAL,2025,13,202513,spread,home,0.5223068552774756,-120.0,0.5454545454545454,loss,0.0,-1.0,7.003196620922812,50.20870311945375,-7.0,52.5
2025_13_CIN_BAL,2025,13,202513,spread,away,0.47769314472252444,100.0,0.5,win,1.0,1.0,7.003196620922812,50.20870311945375,-7.0,52.5
2025_13_CIN_BAL,2025,13,202513,total,over,0.37758433079434167,-105.0,0.5121951219512195,loss,0.0,-1.0,7.003196620922812,50.20870311945375,-7.0,52.5
2025_13_CIN_BAL,2025,13,202513,total,under,0.6224156692056584,-115.0,0.5348837209302325,win,1.0,0.8695652173913043,7.003196620922812,50.20870311945375,-7.0,52.5
2025_13_DEN_WAS,2025,13,202513,spread,home,0.720348204570185,-115.0,0.5348837209302325,win,1.0,0.8695652173913043,-0.5956049337249649,45.95225948044728,6.5,43.5
2025_13_DEN_WAS,2025,13,202513,spread,away,0.279651795429815,-105.0,0.5121951219512195,loss,0.0,-1.0,-0.5956049337249649,45.95225948044728,6.5,43.5
2025_13_DEN_WAS,2025,13,202513,total,over,0.5223068552774756,-108.0,0.5192307692307693,win,1.0,0.9259259259259259,-0.5956049337249649,45.95225948044728,6.5,43.5
2025_13_DEN_WAS,2025,13,202513,total,under,0.47769314472252444,-112.0,0.5283018867924528,loss,0.0,-1.0,-0.5956049337249649,45.95225948044728,6.5,43.5
2025_13_GB_DET,2025,13,202513,spread,home,0.4733405875952122,-125.0,0.5555555555555556,loss,0.0,-1.0,1.2384502332870369,51.95288719282758,-2.5,48.5
2025_13_GB_DET,2025,13,202513,spread,away,0.5266594124047879,105.0,0.4878048780487805,win,1.0,1.05,1.2384502332870369,51.95288719282758,-2.5,48.5
2025_13_GB_DET,2025,13,202513,total,over,0.5538628944504896,-110.0,0.5238095238095238,win,1.0,0.9090909090909091,1.2384502332870369,51.95288719282758,-2.5,48.5
2025_13_GB_DET,2025,13,202513,total,under,0.44613710554951036,-110.0,0.5238095238095238,loss,0.0,-1.0,1.2384502332870369,51.95288719282758,-2.5,48.5
2025_13_HOU_IND,2025,13,202513,spread,home,0.558215451577802,-115.0,0.5348837209302325,loss,0.0,-1.0,3.8179843521351007,49.29973872212151,-3.0,44.5
2025_13_HOU_IND,2025,13,202513,spread,away,0.44178454842219805,-105.0,0.5121951219512195,win,1.0,0.9523809523809523,3.8179843521351007,49.29973872212151,-3.0,44.5
2025_13_HOU_IND,2025,13,202513,total,over,0.6093579978237215,-108.0,0.5192307692307693,loss,0.0,-1.0,3.8179843521351007,49.29973872212151,-3.0,44.5
2025_13_HOU_IND,2025,13,202513,total,under,0.39064200217627854,-112.0,0.5283018867924528,win,1.0,0.8928571428571429,3.8179843521351007,49.29973872212151,-3.0,44.5
2025_13_JAX_TEN,2025,13,202513,spread,home,0.470076169749728,-112.0,0.5283018867924528,loss,0.0,-1.0,-7.336022784452052,39.84070408803579,6.0,42.5
2025_13_JAX_TEN,2025,13,202513,spread,away,0.529923830250272,-108.0,0.5192307692307693,win,1.0,0.9259259259259259,-7.336022784452052,39.84070408803579,6.0,42.5
2025_13_JAX_TEN,2025,13,202513,total,over,0.3634385201305767,-115.0,0.5348837209302325,loss,0.0,-1.0,-7.336022784452052,39.84070408803579,6.0,42.5
2025_13_JAX_TEN,2025,13,202513,total,under,0.6365614798694232,-105.0,0.5121951219512195,win,1.0,0.9523809523809523,-7.336022784452052,39.84070408803579,6.0,42.5
2025_13_KC_DAL,2025,13,202513,spread,home,0.5386289445048966,-115.0,0.5348837209302325,win,1.0,0.8695652173913043,-3.188358381441617,51.60992955114391,3.5,53.5
2025_13_KC_DAL,2025,13,202513,spread,away,0.4613710554951034,-105.0,0.5121951219512195,loss,0.0,-1.0,-3.188358381441617,51.60992955114391,3.5,53.5
2025_13_KC_DAL,2025,13,202513,total,over,0.38846572361262244,-110.0,0.5238095238095238,win,1.0,0.9090909090909091,-3.188358381441617,51.60992955114391,3.5,53.5
2025_13_KC_DAL,2025,13,202513,total,under,0.6115342763873776,-110.0,0.5238095238095238,loss,0.0,-1.0,-3.188358381441617,51.60992955114391,3.5,53.5
2025_13_LA_CAR,2025,13,202513,spread,home,0.5092491838955386,-110.0,0.5238095238095238,win,1.0,0.9090909090909091,-10.568416365264529,41.123893221285655,10.0,44.5
2025_13_LA_CAR,2025,13,202513,spread,away,0.49075081610446136,-110.0,0.5238095238095238,loss,0.0,-1.0,-10.568416365264529,41.123893221285655,10.0,44.5
2025_13_LA_CAR,2025,13,202513,total,over,0.34929270946681173,-115.0,0.5348837209302325,win,1.0,0.8695652173913043,-10.568416365264529,41.123893221285655,10.0,44.5
2025_13_LA_CAR,2025,13,202513,total,under,0.6507072905331883,-105.0,0.5121951219512195,loss,0.0,-1.0,-10.568416365264529,41.123893221285655,10.0,44.5
2025_13_LV_LAC,2025,13,202513,spread,home,0.4733405875952122,-105.0,0.5121951219512195,win,1.0,0.9523809523809523,8.75657318991699,42.617607490377935,-10.0,40.5
2025_13_LV_LAC,2025,13,202513,spread,away,0.5266594124047879,-115.0,0.5348837209302325,loss,0.0,-1.0,8.75657318991699,42.617607490377935,-10.0,40.5
2025_13_LV_LAC,2025,13,202513,total,over,0.514689880304679,-112.0,0.5283018867924528,win,1.0,0.8928571428571429,8.75657318991699,42.617607490377935,-10.0,40.5
2025_13_LV_LAC,2025,13,202513,total,under,0.485310119695321,-108.0,0.5192307692307693,loss,0.0,-1.0,8.75657318991699,42.617607490377935,-10.0,40.5
2025_13_NO_MIA,2025,13,202513,spread,home,0.5048966267682263,-110.0,0.5238095238095238,loss,0.0,-1.0,4.763217045830225,39.54468903782247,-5.5,41.5
2025_13_NO_MIA,2025,13,202513,spread,away,0.49510337323177367,-110.0,0.5238095238095238,win,1.0,0.9090909090909091,4.763217045830225,39.54468903782247,-5.5,41.5
2025_13_NO_MIA,2025,13,202513,total,over,0.38737758433079433,-115.0,0.5348837209302325,loss,0.0,-1.0,4.763217045830225,39.54468903782247,-5.5,41.5
2025_13_NO_MIA,2025,13,202513,total,under,0.6126224156692057,-105.0,0.5121951219512195,win,1.0,0.9523809523809523,4.763217045830225,39.54468903782247,-5.5,41.5
2025_13_NYG_NE,2025,13,202513,spread,home,0.5484221980413493,-115.0,0.5348837209302325,win,1.0,0.8695652173913043,7.571972812193936,47.26074365692494,-7.0,46.5
2025_13_NYG_NE,2025,13,202513,spread,away,0.4515778019586507,-105.0,0.5121951219512195,loss,0.0,-1.0,7.571972812193936,47.26074365692494,-7.0,46.5
2025_13_NYG_NE,2025,13,202513,total,over,0.4809575625680087,-115.0,0.5348837209302325,win,1.0,0.8695652173913043,7.571972812193936,47.26074365692494,-7.0,46.5
2025_13_NYG_NE,2025,13,202513,total,under,0.5190424374319913,-105.0,0.5121951219512195,loss,0.0,-1.0,7.571972812193936,47.26074365692494,-7.0,46.5
2025_13_SF_CLE,2025,13,202513,spread,home,0.35690968443960824,-112.0,0.5283018867924528,loss,0.0,-1.0,-10.21428291372814,36.19362346092528,5.5,35.5
2025_13_SF_CLE,2025,13,202513,spread,away,0.6430903155603918,-108.0,0.5192307692307693,win,1.0,0.9259259259259259,-10.21428291372814,36.19362346092528,5.5,35.5
2025_13_SF_CLE,2025,13,202513,total,over,0.47878128400435255,-108.0,0.5192307692307693,loss,0.0,-1.0,-10.21428291372814,36.19362346092528,5.5,35.5
2025_13_SF_CLE,2025,13,202513,total,under,0.5212187159956474,-112.0,0.5283018867924528,win,1.0,0.8928571428571429,-10.21428291372814,36.19362346092528,5.5,35.5
2025_14_CHI_GB,2025,14,202514,spread,home,0.5845824411134903,-115.0,0.5348837209302325,win,1.0,0.8695652173913043,8.03085127964494,44.231690475729714,-6.5,44.5
2025_14_CHI_GB,2025,14,202514,spread,away,0.41541755888650966,-105.0,0.5121951219512195,loss,0.0,-1.0,8.03085127964494,44.231690475729714,-6.5,44.5
2025_14_CHI_GB,2025,14,202514,total,over,0.4443254817987152,-105.0,0.5121951219512195,win,1.0,0.9523809523809523,8.03085127964494,44.231690475729714,-6.5,44.5
2025_14_CHI_GB,2025,14,202514,total,under,0.5556745182012848,-115.0,0.5348837209302325,loss,0.0,-1.0,8.03085127964494,44.231690475729714,-6.5,44.5
2025_14_CIN_BUF,2025,14,202514,spread,home,0.576017130620985,-112.0,0.5283018867924528,loss,0.0,-1.0,7.25636080350661,49.6683085871935,-6.0,54.5
2025_14_CIN_BUF,2025,14,202514,spread,away,0.42398286937901497,-108.0,0.5192307692307693,win,1.0,0.9259259259259259,7.25636080350661,49.6683085871935,-6.0,54.5
2025_14_CIN_BUF,2025,14,202514,total,over,0.3083511777301927,-112.0,0.5283018867924528,win,1.0,0.8928571428571429,7.25636080350661,49.6683085871935,-6.0,54.5
2025_14_CIN_BUF,2025,14,202514,total,under,0.6916488222698073,-108.0,0.5192307692307693,loss,0.0,-1.0,7.25636080350661,49.6683085871935,-6.0,54.5
2025_14_DAL_DET,2025,14,202514,spread,home,0.5952890792291221,-110.0,0.5238095238095238,win,1.0,0.9090909090909091,5.43123316201959,54.793205100507,-3.5,55.5
2025_14_DAL_DET,2025,14,202514,spread,away,0.4047109207708779,-110.0,0.5238095238095238,loss,0.0,-1.0,5.43123316201959,54.793205100507,-3.5,55.5
2025_14_DAL_DET,2025,14,202514,total,over,0.4261241970021413,-110.0,0.5238095238095238,win,1.0,0.9090909090909091,5.43123316201959,54.793205100507,-3.5,55.5
2025_14_DAL_DET,2025,14,202514,total,under,0.5738758029978587,-110.0,0.5238095238095238,loss,0.0,-1.0,5.43123316201959,54.793205100507,-3.5,55.5
2025_14_DEN_LV,2025,14,202514,spread,home,0.5492505353319058,-110.0,0.5238095238095238,win,1.0,0.9090909090909091,-7.870605614109696,40.72675330320118,8.5,40.5
2025_14_DEN_LV,2025,14,202514,spread,away,0.4507494646680942,-110.0,0.5238095238095238,loss,0.0,-1.0,-7.870605614109696,40.72675330320118,8.5,40.5
2025_14_DEN_LV,2025,14,202514,total,over,0.4657387580299786,-105.0,0.5121951219512195,win,1.0,0.9523809523809523,-7.870605614109696,40.72675330320118,8.5,40.5
2025_14_DEN_LV,2025,14,202514,total,under,0.5342612419700214,-115.0,0.5348837209302325,loss,0.0,-1.0,-7.870605614109696,40.72675330320118,8.5,40.5
2025_14_HOU_KC,2025,14,202514,spread,home,0.5117773019271948,-105.0,0.5121951219512195,loss,0.0,-1.0,4.135929742903679,44.32173663675486,-4.5,41.5
2025_14_HOU_KC,2025,14,202514,spread,away,0.48822269807280516,-115.0,0.5348837209302325,win,1.0,0.8695652173913043,4.135929742903679,44.32173663675486,-4.5,41.5
2025_14_HOU_KC,2025,14,202514,total,over,0.5374732334047109,-110.0,0.5238095238095238,loss,0.0,-1.0,4.135929742903679,44.32173663675486,-4.5,41.5
2025_14_HOU_KC,2025,14,202514,total,under,0.46252676659528913,-110.0,0.5238095238095238,win,1.0,0.9090909090909091,4.135929742903679,44.32173663675486,-4.5,41.5
2025_14_LA_ARI,2025,14,202514,spread,home,0.6595289079229122,-110.0,0.5238095238095238,loss,0.0,-1.0,-5.372262572049702,47.24207833149954,9.5,49.5
2025_14_LA_ARI,2025,14,202514,spread,away,0.3404710920770878,-110.0,0.5238095238095238,win,1.0,0.9090909090909091,-5.372262572049702,47.24207833149954,9.5,49.5
2025_14_LA_ARI,2025,14,202514,total,over,0.38008565310492504,-110.0,0.5238095238095238,win,1.0,0.9090909090909091,-5.372262572049702,47.24207833149954,9.5,49.5
2025_14_LA_ARI,2025,14,202514,total,under,0.619914346895075,-110.0,0.5238095238095238,loss,0.0,-1.0,-5.372262572049702,47.24207833149954,9.5,49.5
2025_14_NO_TB,2025,14,202514,spread,home,0.42398286937901497,-118.0,0.5412844036697247,loss,0.0,-1.0,4.8454325847544375,40.0315862006816,-7.5,41.5
2025_14_NO_TB,2025,14,202514,spread,away,0.576017130620985,-102.0,0.504950495049505,win,1.0,0.9803921568627451,4.8454325847544375,40.0315862006816,-7.5,41.5
2025_14_NO_TB,2025,14,202514,total,over,0.40364025695931477,-115.0,0.5348837209302325,win,1.0,0.8695652173913043,4.8454325847544375,40.0315862006816,-7.5,41.5
2025_14_NO_TB,2025,14,202514,total,under,0.5963597430406853,-105.0,0.5121951219512195,loss,0.0,-1.0,4.8454325847544375,40.0315862006816,-7.5,41.5
2025_14_PHI_LAC,2025,14,202514,spread,home,0.6263383297644539,-115.0,0.5348837209302325,win,1.0,0.8695652173913043,1.1397436006141253,48.3698603900497,1.5,41.5
2025_14_PHI_LAC,2025,14,202514,spread,away,0.3736616702355461,-105.0,0.5121951219512195,loss,0.0,-1.0,1.1397436006141253,48.3698603900497,1.5,41.5
2025_14_PHI_LAC,2025,14,202514,total,over,0.671306209850107,-115.0,0.5348837209302325,loss,0.0,-1.0,1.1397436006141253,48.3698603900497,1.5,41.5
2025_14_PHI_LAC,2025,14,202514,total,under,0.328693790149893,-105.0,0.5121951219512195,win,1.0,0.9523809523809523,1.1397436006141253,48.3698603900497,1.5,41.5
2025_14_PIT_BAL,2025,14,202514,spread,home,0.5438972162740899,-120.0,0.5454545454545454,loss,0.0,-1.0,6.010331559443648,42.129319469005694,-5.5,43.5
2025_14_PIT_BAL,2025,14,202514,spread,away,0.45610278372591007,100.0,0.5,win,1.0,1.0,6.010331559443648,42.129319469005694,-5.5,43.5
2025_14_PIT_BAL,2025,14,202514,total,over,0.40364025695931477,-115.0,0.5348837209302325,win,1.0,0.8695652173913043,6.010331559443648,42.129319469005694,-5.5,43.5
2025_14_PIT_BAL,2025,14,202514,total,under,0.5963597430406853,-105.0,0.5121951219512195,loss,0.0,-1.0,6.010331559443648,42.129319469005694,-5.5,43.5
2025_14_SEA_ATL,2025,14,202514,spread,home,0.658458244111349,-120.0,0.5454545454545454,loss,0.0,-1.0,-2.9109733163719795,48.6498549615,7.0,44.5
2025_14_SEA_ATL,2025,14,202514,spread,away,0.341541755888651,100.0,0.5,win,1.0,1.0,-2.9109733163719795,48.6498549615,7.0,44.5
2025_14_SEA_ATL,2025,14,202514,total,over,0.5877944325481799,-112.0,0.5283018867924528,win,1.0,0.8928571428571429,-2.9109733163719795,48.6498549615,7.0,44.5
2025_14_SEA_ATL,2025,14,202514,total,under,0.41220556745182013,-108.0,0.5192307692307693,loss,0.0,-1.0,-2.9109733163719795,48.6498549615,7.0,44.5
2025_14_TEN_CLE,2025,14,202514,spread,home,0.42398286937901497,100.0,0.5,loss,0.0,-1.0,1.826498954360512,32.1295072021294,-4.5,33.5
2025_14_TEN_CLE,2025,14,202514,spread,away,0.576017130620985,-120.0,0.5454545454545454,win,1.0,0.8333333333333334,1.826498954360512,32.1295072021294,-4.5,33.5
2025_14_TEN_CLE,2025,14,202514,total,over,0.40364025695931477,-115.0,0.5348837209302325,win,1.0,0.8695652173913043,1.826498954360512,32.1295072021294,-4.5,33.5
2025_14_TEN_CLE,2025,14,202514,total,under,0.5963597430406853,-105.0,0.5121951219512195,loss,0.0,-1.0,1.826498954360512,32.1295072021294,-4.5,33.5
2025_14_WAS_MIN,2025,14,202514,spread,home,0.38329764453961457,-118.0,0.5412844036697247,win,1.0,0.847457627118644,-5.467028597713705,41.456683124213896,1.5,43.5
2025_14_WAS_MIN,2025,14,202514,spread,away,0.6167023554603854,-102.0,0.504950495049505,loss,0.0,-1.0,-5.467028597713705,41.456683124213896,1.5,43.5
2025_14_WAS_MIN,2025,14,202514,total,over,0.3854389721627409,-118.0,0.5412844036697247,loss,0.0,-1.0,-5.467028597713705,41.456683124213896,1.5,43.5
2025_14_WAS_MIN,2025,14,202514,total,under,0.6145610278372591,-102.0,0.504950495049505,win,1.0,0.9803921568627451,-5.467028597713705,41.456683124213896,1.5,43.5
2025_15_ARI_HOU,2025,15,202515,spread,home,0.3044397463002114,-110.0,0.5238095238095238,win,1.0,0.9090909090909091,4.249834008397111,47.19997558817538,-10.5,42.5
2025_15_ARI_HOU,2025,15,202515,spread,away,0.6955602536997886,-110.0,0.5238095238095238,loss,0.0,-1.0,4.249834008397111,47.19997558817538,-10.5,42.5
2025_15_ARI_HOU,2025,15,202515,total,over,0.6099365750528541,-108.0,0.5192307692307693,win,1.0,0.9259259259259259,4.249834008397111,47.19997558817538,-10.5,42.5
2025_15_ARI_HOU,2025,15,202515,total,under,0.39006342494714585,-112.0,0.5283018867924528,loss,0.0,-1.0,4.249834008397111,47.19997558817538,-10.5,42.5
2025_15_ATL_TB,2025,15,202515,spread,home,0.35517970401691334,-108.0,0.5192307692307693,loss,0.0,-1.0,1.3163912369509534,44.73101687035186,-6.0,43.5
2025_15_ATL_TB,2025,15,202515,spread,away,0.6448202959830867,-112.0,0.5283018867924528,win,1.0,0.8928571428571429,1.3163912369509534,44.73101687035186,-6.0,43.5
2025_15_ATL_TB,2025,15,202515,total,over,0.492600422832981,-110.0,0.5238095238095238,win,1.0,0.9090909090909091,1.3163912369509534,44.73101687035186,-6.0,43.5
2025_15_ATL_TB,2025,15,202515,total,under,0.507399577167019,-110.0,0.5238095238095238,loss,0.0,-1.0,1.3163912369509534,44.73101687035186,-6.0,43.5
2025_15_BAL_CIN,2025,15,202515,spread,home,0.5739957716701902,105.0,0.4878048780487805,loss,0.0,-1.0,-1.2385821104177432,44.81409230543352,2.5,51.5
2025_15_BAL_CIN,2025,15,202515,spread,away,0.4260042283298098,-125.0,0.5555555555555556,win,1.0,0.8,-1.2385821104177432,44.81409230543352,2.5,51.5
2025_15_BAL_CIN,2025,15,202515,total,over,0.26849894291754756,-110.0,0.5238095238095238,loss,0.0,-1.0,-1.2385821104177432,44.81409230543352,2.5,51.5
2025_15_BAL_CIN,2025,15,202515,total,under,0.7315010570824525,-110.0,0.5238095238095238,win,1.0,0.9090909090909091,-1.2385821104177432,44.81409230543352,2.5,51.5
2025_15_BUF_NE,2025,15,202515,spread,home,0.6152219873150105,-110.0,0.5238095238095238,loss,0.0,-1.0,-0.097161984156344,50.07620076339981,2.5,49.5
2025_15_BUF_NE,2025,15,202515,spread,away,0.38477801268498946,-110.0,0.5238095238095238,win,1.0,0.9090909090909091,-0.097161984156344,50.07620076339981,2.5,49.5
2025_15_BUF_NE,2025,15,202515,total,over,0.47780126849894294,-115.0,0.5348837209302325,win,1.0,0.8695652173913043,-0.097161984156344,50.07620076339981,2.5,49.5
2025_15_BUF_NE,2025,15,202515,total,under,0.522198731501057,-105.0,0.5121951219512195,loss,0.0,-1.0,-0.097161984156344,50.07620076339981,2.5,49.5
2025_15_CAR_NO,2025,15,202515,spread,home,0.6871035940803383,-102.0,0.504950495049505,win,1.0,0.9803921568627451,2.481268517413449,43.37402551986419,2.5,41.5
2025_15_CAR_NO,2025,15,202515,spread,away,0.3128964059196617,-118.0,0.5412844036697247,loss,0.0,-1.0,2.481268517413449,43.37402551986419,2.5,41.5
2025_15_CAR_NO,2025,15,202515,total,over,0.5126849894291755,-112.0,0.5283018867924528,loss,0.0,-1.0,2.481268517413449,43.37402551986419,2.5,41.5
2025_15_CAR_NO,2025,15,202515,total,under,0.4873150105708245,-108.0,0.5192307692307693,win,1.0,0.9259259259259259,2.481268517413449,43.37402551986419,2.5,41.5
2025_15_CLE_CHI,2025,15,202515,spread,home,0.5898520084566596,-108.0,0.5192307692307693,win,1.0,0.9259259259259259,9.152845015372163,31.553541489072312,-7.5,38.5
2025_15_CLE_CHI,2025,15,202515,spread,away,0.41014799154334036,-112.0,0.5283018867924528,loss,0.0,-1.0,9.152845015372163,31.553541489072312,-7.5,38.5
2025_15_CLE_CHI,2025,15,202515,total,over,0.2642706131078224,-105.0,0.5121951219512195,loss,0.0,-1.0,9.152845015372163,31.553541489072312,-7.5,38.5
2025_15_CLE_CHI,2025,15,202515,total,under,0.7357293868921776,-115.0,0.5348837209302325,win,1.0,0.8695652173913043,9.152845015372163,31.553541489072312,-7.5,38.5
2025_15_DET_LA,2025,15,202515,spread,home,0.5126849894291755,-115.0,0.5348837209302325,win,1.0,0.8695652173913043,5.266317534057023,53.31843924636946,-5.5,54.5
2025_15_DET_LA,2025,15,202515,spread,away,0.4873150105708245,-105.0,0.5121951219512195,loss,0.0,-1.0,5.266317534057023,53.31843924636946,-5.5,54.5
2025_15_DET_LA,2025,15,202515,total,over,0.41120507399577166,-115.0,0.5348837209302325,win,1.0,0.8695652173913043,5.266317534057023,53.31843924636946,-5.5,54.5
2025_15_DET_LA,2025,15,202515,total,under,0.5887949260042283,-105.0,0.5121951219512195,loss,0.0,-1.0,5.266317534057023,53.31843924636946,-5.5,54.5
2025_15_GB_DEN,2025,15,202515,spread,home,0.547568710359408,-112.0,0.5283018867924528,win,1.0,0.8928571428571429,-0.8535417925935194,47.89538836662668,1.5,42.5
2025_15_GB_DEN,2025,15,202515,spread,away,0.452431289640592,-108.0,0.5192307692307693,loss,0.0,-1.0,-0.8535417925935194,47.89538836662668,1.5,42.5
2025_15_GB_DEN,2025,15,202515,total,over,0.6363636363636364,-105.0,0.5121951219512195,win,1.0,0.9523809523809523,-0.8535417925935194,47.89538836662668,1.5,42.5
2025_15_GB_DEN,2025,15,202515,total,under,0.36363636363636365,-115.0,0.5348837209302325,loss,0.0,-1.0,-0.8535417925935194,47.89538836662668,1.5,42.5
2025_15_IND_SEA,2025,15,202515,spread,home,0.2463002114164905,-115.0,0.5348837209302325,loss,0.0,-1.0,5.269027829639152,48.41991795783575,-13.5,41.5
2025_15_IND_SEA,2025,15,202515,spread,away,0.7536997885835095,-105.0,0.5121951219512195,win,1.0,0.9523809523809523,5.269027829639152,48.41991795783575,-13.5,41.5
2025_15_IND_SEA,2025,15,202515,total,over,0.6765327695560254,-112.0,0.5283018867924528,loss,0.0,-1.0,5.269027829639152,48.41991795783575,-13.5,41.5
2025_15_IND_SEA,2025,15,202515,total,under,0.32346723044397463,-108.0,0.5192307692307693,win,1.0,0.9259259259259259,5.269027829639152,48.41991795783575,-13.5,41.5
2025_15_LAC_KC,2025,15,202515,spread,home,0.4408033826638478,-120.0,0.5454545454545454,loss,0.0,-1.0,3.4044901640782443,43.390530871794695,-5.5,41.5
2025_15_LAC_KC,2025,15,202515,spread,away,0.5591966173361522,100.0,0.5,win,1.0,1.0,3.4044901640782443,43.390530871794695,-5.5,41.5
2025_15_LAC_KC,2025,15,202515,total,over,0.5126849894291755,-112.0,0.5283018867924528,loss,0.0,-1.0,3.4044901640782443,43.390530871794695,-5.5,41.5
2025_15_LAC_KC,2025,15,202515,total,under,0.4873150105708245,-108.0,0.5192307692307693,win,1.0,0.9259259259259259,3.4044901640782443,43.390530871794695,-5.5,41.5
2025_15_LV_PHI,2025,15,202515,spread,home,0.4323467230443975,-112.0,0.5283018867924528,win,1.0,0.8928571428571429,10.182224454566102,39.13097269283946,-12.5,37.5
2025_15_LV_PHI,2025,15,202515,spread,away,0.5676532769556025,-108.0,0.5192307692307693,loss,0.0,-1.0,10.182224454566102,39.13097269283946,-12.5,37.5
2025_15_LV_PHI,2025,15,202515,total,over,0.5063424947145877,-102.0,0.504950495049505,loss,0.0,-1.0,10.182224454566102,39.13097269283946,-12.5,37.5
2025_15_LV_PHI,2025,15,202515,total,under,0.4936575052854123,-118.0,0.5412844036697247,win,1.0,0.847457627118644,10.182224454566102,39.13097269283946,-12.5,37.5
2025_15_MIA_PIT,2025,15,202515,spread,home,0.3763213530655391,-118.0,0.5412844036697247,win,1.0,0.847457627118644,-1.1428613197133506,41.53157624403859,-3.0,42.5
2025_15_MIA_PIT,2025,15,202515,spread,away,0.6236786469344608,-102.0,0.504950495049505,loss,0.0,-1.0,-1.1428613197133506,41.53157624403859,-3.0,42.5
2025_15_MIA_PIT,2025,15,202515,total,over,0.4186046511627907,-115.0,0.5348837209302325,win,1.0,0.8695652173913043,-1.1428613197133506,41.53157624403859,-3.0,42.5
2025_15_MIA_PIT,2025,15,202515,total,under,0.5813953488372092,-105.0,0.5121951219512195,loss,0.0,-1.0,-1.1428613197133506,41.53157624403859,-3.0,42.5
2025_15_MIN_DAL,2025,15,202515,spread,home,0.5010570824524313,-110.0,0.5238095238095238,loss,0.0,-1.0,4.775365117171986,46.15973250708016,-5.5,47.5
2025_15_MIN_DAL,2025,15,202515,spread,away,0.4989429175475687,-110.0,0.5238095238095238,win,1.0,0.9090909090909091,4.775365117171986,46.15973250708016,-5.5,47.5
2025_15_MIN_DAL,2025,15,202515,total,over,0.4080338266384778,-118.0,0.5412844036697247,win,1.0,0.847457627118644,4.775365117171986,46.15973250708016,-5.5,47.5
2025_15_MIN_DAL,2025,15,202515,total,under,0.5919661733615222,-102.0,0.504950495049505,loss,0.0,-1.0,4.775365117171986,46.15973250708016,-5.5,47.5
2025_15_TEN_SF,2025,15,202515,spread,home,0.5105708245243129,-112.0,0.5283018867924528,win,1.0,0.8928571428571429,12.161099672357786,44.44659185573804,-12.5,44.5
2025_15_TEN_SF,2025,15,202515,spread,away,0.4894291754756871,-108.0,0.5192307692307693,loss,0.0,-1.0,12.161099672357786,44.44659185573804,-12.5,44.5
2025_15_TEN_SF,2025,15,202515,total,over,0.45560253699788583,-108.0,0.5192307692307693,win,1.0,0.9259259259259259,12.161099672357786,44.44659185573804,-12.5,44.5
2025_15_TEN_SF,2025,15,202515,total,under,0.5443974630021142,-112.0,0.5283018867924528,loss,0.0,-1.0,12.161099672357786,44.44659185573804,-12.5,44.5
2025_15_WAS_NYG,2025,15,202515,spread,home,0.4397463002114165,-115.0,0.5348837209302325,loss,0.0,-1.0,0.3690930815911113,45.94734317254414,-2.5,46.5
2025_15_WAS_NYG,2025,15,202515,spread,away,0.5602536997885835,-105.0,0.5121951219512195,win,1.0,0.9523809523809523,0.3690930815911113,45.94734317254414,-2.5,46.5
2025_15_WAS_NYG,2025,15,202515,total,over,0.4334038054968288,-105.0,0.5121951219512195,win,1.0,0.9523809523809523,0.3690930815911113,45.94734317254414,-2.5,46.5
2025_15_WAS_NYG,2025,15,202515,total,under,0.5665961945031712,-115.0,0.5348837209302325,loss,0.0,-1.0,0.3690930815911113,45.94734317254414,-2.5,46.5
2025_16_ATL_ARI,2025,16,202516,spread,home,0.6285119667013528,-105.0,0.5121951219512195,loss,0.0,-1.0,0.2494348835869002,49.4663258191657,2.5,48.5
2025_16_ATL_ARI,2025,16,202516,spread,away,0.3714880332986472,-115.0,0.5348837209302325,win,1.0,0.8695652173913043,0.2494348835869002,49.4663258191657,2.5,48.5
2025_16_ATL_ARI,2025,16,202516,total,over,0.4921956295525494,-115.0,0.5348837209302325,loss,0.0,-1.0,0.2494348835869002,49.4663258191657,2.5,48.5
2025_16_ATL_ARI,2025,16,202516,total,under,0.5078043704474506,-105.0,0.5121951219512195,win,1.0,0.9523809523809523,0.2494348835869002,49.4663258191657,2.5,48.5
2025_16_BUF_CLE,2025,16,202516,spread,home,0.4016649323621228,-110.0,0.5238095238095238,win,1.0,0.9090909090909091,-13.634043953034835,37.69888078770151,10.5,41.5
2025_16_BUF_CLE,2025,16,202516,spread,away,0.5983350676378771,-110.0,0.5238095238095238,loss,0.0,-1.0,-13.634043953034835,37.69888078770151,10.5,41.5
2025_16_BUF_CLE,2025,16,202516,total,over,0.3392299687825182,-102.0,0.504950495049505,win,1.0,0.9803921568627451,-13.634043953034835,37.69888078770151,10.5,41.5
2025_16_BUF_CLE,2025,16,202516,total,under,0.6607700312174818,-118.0,0.5412844036697247,loss,0.0,-1.0,-13.634043953034835,37.69888078770151,10.5,41.5
2025_16_GB_CHI,2025,16,202516,spread,home,0.3839750260145682,-105.0,0.5121951219512195,win,1.0,0.9523809523809523,-2.374222720058362,48.76846012980191,-1.5,45.5
2025_16_GB_CHI,2025,16,202516,spread,away,0.6160249739854318,-115.0,0.5348837209302325,loss,0.0,-1.0,-2.374222720058362,48.76846012980191,-1.5,45.5
2025_16_GB_CHI,2025,16,202516,total,over,0.5556711758584808,-105.0,0.5121951219512195,loss,0.0,-1.0,-2.374222720058362,48.76846012980191,-1.5,45.5
2025_16_GB_CHI,2025,16,202516,total,under,0.4443288241415192,-115.0,0.5348837209302325,win,1.0,0.8695652173913043,-2.374222720058362,48.76846012980191,-1.5,45.5
2025_16_JAX_DEN,2025,16,202516,spread,home,0.481789802289282,100.0,0.5,loss,0.0,-1.0,2.5588479959766453,46.77297490110576,-3.5,46.5
2025_16_JAX_DEN,2025,16,202516,spread,away,0.5182101977107181,-120.0,0.5454545454545454,win,1.0,0.8333333333333334,2.5588479959766453,46.77297490110576,-3.5,46.5
2025_16_JAX_DEN,2025,16,202516,total,over,0.47346514047866806,-112.0,0.5283018867924528,win,1.0,0.8928571428571429,2.5588479959766453,46.77297490110576,-3.5,46.5
2025_16_JAX_DEN,2025,16,202516,total,under,0.5265348595213319,-108.0,0.5192307692307693,loss,0.0,-1.0,2.5588479959766453,46.77297490110576,-3.5,46.5
2025_16_LAC_DAL,2025,16,202516,spread,home,0.4547346514047867,-105.0,0.5121951219512195,loss,0.0,-1.0,-0.2163975473946513,50.32619701758588,-1.5,50.5
2025_16_LAC_DAL,2025,16,202516,spread,away,0.5452653485952133,-115.0,0.5348837209302325,win,1.0,0.8695652173913043,-0.2163975473946513,50.32619701758588,-1.5,50.5
2025_16_LAC_DAL,2025,16,202516,total,over,0.4547346514047867,-118.0,0.5412844036697247,win,1.0,0.847457627118644,-0.2163975473946513,50.32619701758588,-1.5,50.5
2025_16_LAC_DAL,2025,16,202516,total,under,0.5452653485952133,-102.0,0.504950495049505,loss,0.0,-1.0,-0.2163975473946513,50.32619701758588,-1.5,50.5
2025_16_LA_SEA,2025,16,202516,spread,home,0.39125910509885536,-110.0,0.5238095238095238,loss,0.0,-1.0,-1.904812034385336,43.61614245058151,-1.5,42.5
2025_16_LA_SEA,2025,16,202516,spread,away,0.6087408949011446,-110.0,0.5238095238095238,win,1.0,0.9090909090909091,-1.904812034385336,43.61614245058151,-1.5,42.5
2025_16_LA_SEA,2025,16,202516,total,over,0.49323621227887615,-115.0,0.5348837209302325,win,1.0,0.8695652173913043,-1.904812034385336,43.61614245058151,-1.5,42.5
2025_16_LA_SEA,2025,16,202516,total,under,0.5067637877211238,-105.0,0.5121951219512195,loss,0.0,-1.0,-1.904812034385336,43.61614245058151,-1.5,42.5
2025_16_LV_HOU,2025,16,202516,spread,home,0.4464099895941727,-105.0,0.5121951219512195,loss,0.0,-1.0,12.607227793024254,44.89385461290692,-14.5,39.5
2025_16_LV_HOU,2025,16,202516,spread,away,0.5535900104058273,-115.0,0.5348837209302325,win,1.0,0.8695652173913043,12.607227793024254,44.89385461290692,-14.5,39.5
2025_16_LV_HOU,2025,16,202516,total,over,0.6368366285119667,-110.0,0.5238095238095238,win,1.0,0.9090909090909091,12.607227793024254,44.89385461290692,-14.5,39.5
2025_16_LV_HOU,2025,16,202516,total,under,0.36316337148803335,-110.0,0.5238095238095238,loss,0.0,-1.0,12.607227793024254,44.89385461290692,-14.5,39.5
2025_16_MIN_NYG,2025,16,202516,spread,home,0.644120707596254,-102.0,0.504950495049505,loss,0.0,-1.0,0.9005273439782104,38.68553250229044,2.5,41.5
2025_16_MIN_NYG,2025,16,202516,spread,away,0.35587929240374605,-118.0,0.5412844036697247,win,1.0,0.847457627118644,0.9005273439782104,38.68553250229044,2.5,41.5
2025_16_MIN_NYG,2025,16,202516,total,over,0.3673257023933403,-105.0,0.5121951219512195,loss,0.0,-1.0,0.9005273439782104,38.68553250229044,2.5,41.5
2025_16_MIN_NYG,2025,16,202516,total,under,0.6326742976066597,-115.0,0.5348837209302325,win,1.0,0.8695652173913043,0.9005273439782104,38.68553250229044,2.5,41.5
2025_16_NE_BAL,2025,16,202516,spread,home,0.3777315296566077,-105.0,0.5121951219512195,loss,0.0,-1.0,-0.5970711721862816,46.93099911980137,-3.5,48.5
2025_16_NE_BAL,2025,16,202516,spread,away,0.6222684703433923,-115.0,0.5348837209302325,win,1.0,0.8695652173913043,-0.5970711721862816,46.93099911980137,-3.5,48.5
2025_16_NE_BAL,2025,16,202516,total,over,0.40270551508844954,-108.0,0.5192307692307693,win,1.0,0.9259259259259259,-0.5970711721862816,46.93099911980137,-3.5,48.5
2025_16_NE_BAL,2025,16,202516,total,under,0.5972944849115505,-112.0,0.5283018867924528,loss,0.0,-1.0,-0.5970711721862816,46.93099911980137,-3.5,48.5
2025_16_NYJ_NO,2025,16,202516,spread,home,0.5691987513007284,-115.0,0.5348837209302325,win,1.0,0.8695652173913043,7.609604603862782,36.927775966271525,-6.5,39.5
2025_16_NYJ_NO,2025,16,202516,spread,away,0.4308012486992716,-105.0,0.5121951219512195,loss,0.0,-1.0,7.609604603862782,36.927775966271525,-6.5,39.5
2025_16_NYJ_NO,2025,16,202516,total,over,0.372528616024974,-115.0,0.5348837209302325,loss,0.0,-1.0,7.609604603862782,36.927775966271525,-6.5,39.5
2025_16_NYJ_NO,2025,16,202516,total,under,0.627471383975026,-105.0,0.5121951219512195,win,1.0,0.9523809523809523,7.609604603862782,36.927775966271525,-6.5,39.5
2025_16_PHI_WAS,2025,16,202516,spread,home,0.6347554630593132,100.0,0.5,loss,0.0,-1.0,-3.8838157066977743,46.08542044791379,7.0,43.5
2025_16_PHI_WAS,2025,16,202516,spread,away,0.3652445369406868,-120.0,0.5454545454545454,win,1.0,0.8333333333333334,-3.8838157066977743,46.08542044791379,7.0,43.5
2025_16_PHI_WAS,2025,16,202516,total,over,0.5286160249739854,-110.0,0.5238095238095238,win,1.0,0.9090909090909091,-3.8838157066977743,46.08542044791379,7.0,43.5
2025_16_PHI_WAS,2025,16,202516,total,under,0.4713839750260146,-110.0,0.5238095238095238,loss,0.0,-1.0,-3.8838157066977743,46.08542044791379,7.0,43.5
2025_16_PIT_DET,2025,16,202516,spread,home,0.4339229968782518,-115.0,0.5348837209302325,loss,0.0,-1.0,5.297563368070717,52.77777715915451,-7.5,52.5
2025_16_PIT_DET,2025,16,202516,spread,away,0.5660770031217481,-105.0,0.5121951219512195,win,1.0,0.9523809523809523,5.297563368070717,52.77777715915451,-7.5,52.5
2025_16_PIT_DET,2025,16,202516,total,over,0.47346514047866806,-105.0,0.5121951219512195,win,1.0,0.9523809523809523,5.297563368070717,52.77777715915451,-7.5,52.5
2025_16_PIT_DET,2025,16,202516,total,under,0.5265348595213319,-115.0,0.5348837209302325,loss,0.0,-1.0,5.297563368070717,52.77777715915451,-7.5,52.5
2025_16_SF_IND,2025,16,202516,spread,home,0.6899063475546305,-115.0,0.5348837209302325,loss,0.0,-1.0,0.5414360160228012,55.116345837661456,4.5,46.5
2025_16_SF_IND,2025,16,202516,spread,away,0.31009365244536946,-105.0,0.5121951219512195,win,1.0,0.9523809523809523,0.5414360160228012,55.116345837661456,4.5,46.5
2025_16_SF_IND,2025,16,202516,total,over,0.7294484911550468,-102.0,0.504950495049505,win,1.0,0.9803921568627451,0.5414360160228012,55.116345837661456,4.5,46.5
2025_16_SF_IND,2025,16,202516,total,under,0.27055150884495316,-118.0,0.5412844036697247,loss,0.0,-1.0,0.5414360160228012,55.116345837661456,4.5,46.5
2025_16_TB_CAR,2025,16,202516,spread,home,0.5827263267429761,-120.0,0.5454545454545454,win,1.0,0.8333333333333334,-1.4292463851692705,45.07033393469826,3.0,44.5
2025_16_TB_CAR,2025,16,202516,spread,away,0.4172736732570239,100.0,0.5,loss,0.0,-1.0,-1.4292463851692705,45.07033393469826,3.0,44.5
2025_16_TB_CAR,2025,16,202516,total,over,0.48074921956295524,-112.0,0.5283018867924528,loss,0.0,-1.0,-1.4292463851692705,45.07033393469826,3.0,44.5
2025_16_TB_CAR,2025,16,202516,total,under,0.5192507804370448,-108.0,0.5192307692307693,win,1.0,0.9259259259259259,-1.4292463851692705,45.07033393469826,3.0,44.5
2025_17_ARI_CIN,2025,17,202517,spread,home,0.38153846153846155,-110.0,0.5238095238095238,win,1.0,0.9090909090909091,3.073204507758301,50.082870710730646,-7.0,52.5
2025_17_ARI_CIN,2025,17,202517,spread,away,0.6184615384615384,-110.0,0.5238095238095238,loss,0.0,-1.0,3.073204507758301,50.082870710730646,-7.0,52.5
2025_17_ARI_CIN,2025,17,202517,total,over,0.37948717948717947,-115.0,0.5348837209302325,loss,0.0,-1.0,3.073204507758301,50.082870710730646,-7.0,52.5
2025_17_ARI_CIN,2025,17,202517,total,under,0.6205128205128205,-105.0,0.5121951219512195,win,1.0,0.9523809523809523,3.073204507758301,50.082870710730646,-7.0,52.5
2025_17_BAL_GB,2025,17,202517,spread,home,0.4553846153846154,-112.0,0.5283018867924528,loss,0.0,-1.0,0.8127889939608417,40.81959207751146,-2.5,38.5
2025_17_BAL_GB,2025,17,202517,spread,away,0.5446153846153846,-108.0,0.5192307692307693,win,1.0,0.9259259259259259,0.8127889939608417,40.81959207751146,-2.5,38.5
2025_17_BAL_GB,2025,17,202517,total,over,0.5292307692307693,-105.0,0.5121951219512195,win,1.0,0.9523809523809523,0.8127889939608417,40.81959207751146,-2.5,38.5
2025_17_BAL_GB,2025,17,202517,total,under,0.4707692307692307,-115.0,0.5348837209302325,loss,0.0,-1.0,0.8127889939608417,40.81959207751146,-2.5,38.5
2025_17_CHI_SF,2025,17,202517,spread,home,0.5364102564102564,-115.0,0.5348837209302325,win,1.0,0.8695652173913043,3.964469121673381,50.10951634225681,-3.5,51.5
2025_17_CHI_SF,2025,17,202517,spread,away,0.4635897435897436,-105.0,0.5121951219512195,loss,0.0,-1.0,3.964469121673381,50.10951634225681,-3.5,51.5
2025_17_CHI_SF,2025,17,202517,total,over,0.40923076923076923,-108.0,0.5192307692307693,win,1.0,0.9259259259259259,3.964469121673381,50.10951634225681,-3.5,51.5
2025_17_CHI_SF,2025,17,202517,total,under,0.5907692307692307,-112.0,0.5283018867924528,loss,0.0,-1.0,3.964469121673381,50.10951634225681,-3.5,51.5
2025_17_DAL_WAS,2025,17,202517,spread,home,0.7702564102564102,100.0,0.5,win,1.0,1.0,-0.6990922988265422,49.05017071846229,8.5,50.5
2025_17_DAL_WAS,2025,17,202517,spread,away,0.22974358974358977,-120.0,0.5454545454545454,loss,0.0,-1.0,-0.6990922988265422,49.05017071846229,8.5,50.5
2025_17_DAL_WAS,2025,17,202517,total,over,0.40923076923076923,-112.0,0.5283018867924528,win,1.0,0.8928571428571429,-0.6990922988265422,49.05017071846229,8.5,50.5
2025_17_DAL_WAS,2025,17,202517,total,under,0.5907692307692307,-108.0,0.5192307692307693,loss,0.0,-1.0,-0.6990922988265422,49.05017071846229,8.5,50.5
2025_17_HOU_LAC,2025,17,202517,spread,home,0.556923076923077,-105.0,0.5121951219512195,loss,0.0,-1.0,2.465018333453243,46.68442986429969,-1.5,40.5
2025_17_HOU_LAC,2025,17,202517,spread,away,0.44307692307692303,-115.0,0.5348837209302325,win,1.0,0.8695652173913043,2.465018333453243,46.68442986429969,-1.5,40.5
2025_17_HOU_LAC,2025,17,202517,total,over,0.6533333333333333,-115.0,0.5348837209302325,loss,0.0,-1.0,2.465018333453243,46.68442986429969,-1.5,40.5
2025_17_HOU_LAC,2025,17,202517,total,under,0.3466666666666667,-105.0,0.5121951219512195,win,1.0,0.9523809523809523,2.465018333453243,46.68442986429969,-1.5,40.5
2025_17_JAX_IND,2025,17,202517,spread,home,0.6153846153846154,-105.0,0.5121951219512195,loss,0.0,-1.0,-1.0224456836185014,52.28505428562063,3.5,48.5
2025_17_JAX_IND,2025,17,202517,spread,away,0.3846153846153846,-115.0,0.5348837209302325,win,1.0,0.8695652173913043,-1.0224456836185014,52.28505428562063,3.5,48.5
2025_17_JAX_IND,2025,17,202517,total,over,0.5743589743589743,-112.0,0.5283018867924528,loss,0.0,-1.0,-1.0224456836185014,52.28505428562063,3.5,48.5
2025_17_JAX_IND,2025,17,202517,total,under,0.4256410256410257,-108.0,0.5192307692307693,win,1.0,0.9259259259259259,-1.0224456836185014,52.28505428562063,3.5,48.5
2025_17_LA_ATL,2025,17,202517,spread,home,0.5107692307692308,-118.0,0.5412844036697247,win,1.0,0.847457627118644,-7.749098729248585,50.07587015813135,7.5,48.5
2025_17_LA_ATL,2025,17,202517,spread,away,0.48923076923076925,-102.0,0.504950495049505,loss,0.0,-1.0,-7.749098729248585,50.07587015813135,7.5,48.5
2025_17_LA_ATL,2025,17,202517,total,over,0.5097435897435898,-115.0,0.5348837209302325,win,1.0,0.8695652173913043,-7.749098729248585,50.07587015813135,7.5,48.5
2025_17_LA_ATL,2025,17,202517,total,under,0.4902564102564102,-105.0,0.5121951219512195,loss,0.0,-1.0,-7.749098729248585,50.07587015813135,7.5,48.5
2025_17_NE_NYJ,2025,17,202517,spread,home,0.5415384615384615,100.0,0.5,loss,0.0,-1.0,-11.958626478039664,42.73213623421608,12.5,42.5
2025_17_NE_NYJ,2025,17,202517,spread,away,0.4584615384615385,-120.0,0.5454545454545454,win,1.0,0.8333333333333334,-11.958626478039664,42.73213623421608,12.5,42.5
2025_17_NE_NYJ,2025,17,202517,total,over,0.4728205128205128,-108.0,0.5192307692307693,win,1.0,0.9259259259259259,-11.958626478039664,42.73213623421608,12.5,42.5
2025_17_NE_NYJ,2025,17,202517,total,under,0.5271794871794873,-112.0,0.5283018867924528,loss,0.0,-1.0,-11.958626478039664,42.73213623421608,12.5,42.5
2025_17_NO_TEN,2025,17,202517,spread,home,0.40717948717948715,-110.0,0.5238095238095238,loss,0.0,-1.0,-4.446614559013762,36.87962882279165,1.5,39.5
2025_17_NO_TEN,2025,17,202517,spread,away,0.5928205128205128,-110.0,0.5238095238095238,win,1.0,0.9090909090909091,-4.446614559013762,36.87962882279165,1.5,39.5
2025_17_NO_TEN,2025,17,202517,total,over,0.3712820512820513,-102.0,0.504950495049505,win,1.0,0.9803921568627451,-4.446614559013762,36.87962882279165,1.5,39.5
2025_17_NO_TEN,2025,17,202517,total,under,0.6287179487179487,-118.0,0.5412844036697247,loss,0.0,-1.0,-4.446614559013762,36.87962882279165,1.5,39.5
2025_17_NYG_LV,2025,17,202517,spread,home,0.5887179487179487,-118.0,0.5412844036697247,loss,0.0,-1.0,-1.1505343368138796,42.12846290795804,3.0,40.5
2025_17_NYG_LV,2025,17,202517,spread,away,0.4112820512820513,-102.0,0.504950495049505,win,1.0,0.9803921568627451,-1.1505343368138796,42.12846290795804,3.0,40.5
2025_17_NYG_LV,2025,17,202517,total,over,0.5107692307692308,-108.0,0.5192307692307693,win,1.0,0.9259259259259259,-1.1505343368138796,42.12846290795804,3.0,40.5
2025_17_NYG_LV,2025,17,202517,total,under,0.48923076923076925,-112.0,0.5283018867924528,loss,0.0,-1.0,-1.1505343368138796,42.12846290795804,3.0,40.5
2025_17_PHI_BUF,2025,17,202517,spread,home,0.4553846153846154,-112.0,0.5283018867924528,loss,0.0,-1.0,1.3125364656199567,50.76589889029346,-3.0,45.5
2025_17_PHI_BUF,2025,17,202517,spread,away,0.5446153846153846,-108.0,0.5192307692307693,win,1.0,0.9259259259259259,1.3125364656199567,50.76589889029346,-3.0,45.5
2025_17_PHI_BUF,2025,17,202517,total,over,0.6328205128205128,-105.0,0.5121951219512195,loss,0.0,-1.0,1.3125364656199567,50.76589889029346,-3.0,45.5
2025_17_PHI_BUF,2025,17,202517,total,under,0.36717948717948723,-115.0,0.5348837209302325,win,1.0,0.8695652173913043,1.3125364656199567,50.76589889029346,-3.0,45.5
2025_17_PIT_CLE,2025,17,202517,spread,home,0.38974358974358975,-112.0,0.5283018867924528,win,1.0,0.8928571428571429,-7.967067890244447,35.52510256203365,4.5,35.5
2025_17_PIT_CLE,2025,17,202517,spread,away,0.6102564102564103,-108.0,0.5192307692307693,loss,0.0,-1.0,-7.967067890244447,35.52510256203365,4.5,35.5
2025_17_PIT_CLE,2025,17,202517,total,over,0.4666666666666667,-108.0,0.5192307692307693,loss,0.0,-1.0,-7.967067890244447,35.52510256203365,4.5,35.5
2025_17_PIT_CLE,2025,17,202517,total,under,0.5333333333333333,-112.0,0.5283018867924528,win,1.0,0.8928571428571429,-7.967067890244447,35.52510256203365,4.5,35.5
2025_17_SEA_CAR,2025,17,202517,spread,home,0.47794871794871796,-102.0,0.504950495049505,loss,0.0,-1.0,-7.499114389353924,44.66846454246348,6.5,42.5
2025_17_SEA_CAR,2025,17,202517,spread,away,0.522051282051282,-118.0,0.5412844036697247,win,1.0,0.847457627118644,-7.499114389353924,44.66846454246348,6.5,42.5
2025_17_SEA_CAR,2025,17,202517,total,over,0.5251282051282051,-110.0,0.5238095238095238,loss,0.0,-1.0,-7.499114389353924,44.66846454246348,6.5,42.5
2025_17_SEA_CAR,2025,17,202517,total,under,0.4748717948717949,-110.0,0.5238095238095238,win,1.0,0.9090909090909091,-7.499114389353924,44.66846454246348,6.5,42.5
2025_18_ARI_LA,2025,18,202518,spread,home,0.4149797570850202,-105.0,0.5121951219512195,win,1.0,0.9523809523809523,11.797197275810277,52.05388436247239,-14.5,49.5
2025_18_ARI_LA,2025,18,202518,spread,away,0.5850202429149798,-115.0,0.5348837209302325,loss,0.0,-1.0,11.797197275810277,52.05388436247239,-14.5,49.5
2025_18_ARI_LA,2025,18,202518,total,over,0.5334008097165992,-112.0,0.5283018867924528,win,1.0,0.8928571428571429,11.797197275810277,52.05388436247239,-14.5,49.5
2025_18_ARI_LA,2025,18,202518,total,under,0.4665991902834008,-108.0,0.5192307692307693,loss,0.0,-1.0,11.797197275810277,52.05388436247239,-14.5,49.5
2025_18_BAL_PIT,2025,18,202518,spread,home,0.6295546558704453,-115.0,0.5348837209302325,win,1.0,0.8695652173913043,-1.3107452431993576,43.99156798839872,4.5,41.5
2025_18_BAL_PIT,2025,18,202518,spread,away,0.37044534412955465,-105.0,0.5121951219512195,loss,0.0,-1.0,-1.3107452431993576,43.99156798839872,4.5,41.5
2025_18_BAL_PIT,2025,18,202518,total,over,0.5334008097165992,-110.0,0.5238095238095238,win,1.0,0.9090909090909091,-1.3107452431993576,43.99156798839872,4.5,41.5
2025_18_BAL_PIT,2025,18,202518,total,under,0.4665991902834008,-110.0,0.5238095238095238,loss,0.0,-1.0,-1.3107452431993576,43.99156798839872,4.5,41.5
2025_18_CAR_TB,2025,18,202518,spread,home,0.6153846153846154,-105.0,0.5121951219512195,loss,0.0,-1.0,5.620285696072546,44.5156475230016,-3.0,43.5
2025_18_CAR_TB,2025,18,202518,spread,away,0.3846153846153846,-115.0,0.5348837209302325,win,1.0,0.8695652173913043,5.620285696072546,44.5156475230016,-3.0,43.5
2025_18_CAR_TB,2025,18,202518,total,over,0.4959514170040486,-102.0,0.504950495049505,loss,0.0,-1.0,5.620285696072546,44.5156475230016,-3.0,43.5
2025_18_CAR_TB,2025,18,202518,total,under,0.5040485829959513,-118.0,0.5412844036697247,win,1.0,0.847457627118644,5.620285696072546,44.5156475230016,-3.0,43.5
2025_18_CLE_CIN,2025,18,202518,spread,home,0.6133603238866396,-108.0,0.5192307692307693,loss,0.0,-1.0,11.99610861705981,40.73563610788769,-9.5,47.5
2025_18_CLE_CIN,2025,18,202518,spread,away,0.38663967611336036,-112.0,0.5283018867924528,win,1.0,0.8928571428571429,11.99610861705981,40.73563610788769,-9.5,47.5
2025_18_CLE_CIN,2025,18,202518,total,over,0.27125506072874495,-102.0,0.504950495049505,loss,0.0,-1.0,11.99610861705981,40.73563610788769,-9.5,47.5
2025_18_CLE_CIN,2025,18,202518,total,under,0.728744939271255,-118.0,0.5412844036697247,win,1.0,0.847457627118644,11.99610861705981,40.73563610788769,-9.5,47.5
2025_18_DET_CHI,2025,18,202518,spread,home,0.4159919028340081,-110.0,0.5238095238095238,loss,0.0,-1.0,0.8391057348181092,49.37916856790048,-3.5,51.5
2025_18_DET_CHI,2025,18,202518,spread,away,0.5840080971659919,-110.0,0.5238095238095238,win,1.0,0.9090909090909091,0.8391057348181092,49.37916856790048,-3.5,51.5
2025_18_DET_CHI,2025,18,202518,total,over,0.3896761133603239,-105.0,0.5121951219512195,loss,0.0,-1.0,0.8391057348181092,49.37916856790048,-3.5,51.5
2025_18_DET_CHI,2025,18,202518,total,under,0.6103238866396761,-115.0,0.5348837209302325,win,1.0,0.8695652173913043,0.8391057348181092,49.37916856790048,-3.5,51.5
2025_18_KC_LV,2025,18,202518,spread,home,0.5080971659919028,-108.0,0.5192307692307693,win,1.0,0.9259259259259259,-3.724845485391602,41.29964642150185,3.5,36.5
2025_18_KC_LV,2025,18,202518,spread,away,0.4919028340080972,-112.0,0.5283018867924528,loss,0.0,-1.0,-3.724845485391602,41.29964642150185,3.5,36.5
2025_18_KC_LV,2025,18,202518,total,over,0.6174089068825911,-102.0,0.504950495049505,loss,0.0,-1.0,-3.724845485391602,41.29964642150185,3.5,36.5
2025_18_KC_LV,2025,18,202518,total,under,0.3825910931174089,-118.0,0.5412844036697247,win,1.0,0.847457627118644,-3.724845485391602,41.29964642150185,3.5,36.5
2025_18_LAC_DEN,2025,18,202518,spread,home,0.2823886639676113,-112.0,0.5283018867924528,win,1.0,0.8928571428571429,7.349674330497885,41.814634114177615,-14.5,37.5
2025_18_LAC_DEN,2025,18,202518,spread,away,0.7176113360323887,-108.0,0.5192307692307693,loss,0.0,-1.0,7.349674330497885,41.814634114177615,-14.5,37.5
2025_18_LAC_DEN,2025,18,202518,total,over,0.5991902834008097,-115.0,0.5348837209302325,loss,0.0,-1.0,7.349674330497885,41.814634114177615,-14.5,37.5
2025_18_LAC_DEN,2025,18,202518,total,under,0.4008097165991903,-105.0,0.5121951219512195,win,1.0,0.9523809523809523,7.349674330497885,41.814634114177615,-14.5,37.5
2025_18_MIA_NE,2025,18,202518,spread,home,0.40789473684210525,-108.0,0.5192307692307693,win,1.0,0.9259259259259259,11.08557378788085,51.8181767298429,-14.0,44.5
2025_18_MIA_NE,2025,18,202518,spread,away,0.5921052631578947,-112.0,0.5283018867924528,loss,0.0,-1.0,11.08557378788085,51.8181767298429,-14.0,44.5
2025_18_MIA_NE,2025,18,202518,total,over,0.6912955465587044,-108.0,0.5192307692307693,win,1.0,0.9259259259259259,11.08557378788085,51.8181767298429,-14.0,44.5
2025_18_MIA_NE,2025,18,202518,total,under,0.3087044534412956,-112.0,0.5283018867924528,loss,0.0,-1.0,11.08557378788085,51.8181767298429,-14.0,44.5
2025_18_NO_ATL,2025,18,202518,spread,home,0.3977732793522267,-105.0,0.5121951219512195,loss,0.0,-1.0,1.4112681191599274,46.10362856776296,-4.5,43.5
2025_18_NO_ATL,2025,18,202518,spread,away,0.6022267206477733,-115.0,0.5348837209302325,win,1.0,0.8695652173913043,1.4112681191599274,46.10362856776296,-4.5,43.5
2025_18_NO_ATL,2025,18,202518,total,over,0.5334008097165992,-108.0,0.5192307692307693,loss,0.0,-1.0,1.4112681191599274,46.10362856776296,-4.5,43.5
2025_18_NO_ATL,2025,18,202518,total,under,0.4665991902834008,-112.0,0.5283018867924528,win,1.0,0.8928571428571429,1.4112681191599274,46.10362856776296,-4.5,43.5
2025_18_NYJ_BUF,2025,18,202518,spread,home,0.631578947368421,-108.0,0.5192307692307693,win,1.0,0.9259259259259259,15.746291374653085,37.86349587220752,-12.5,39.5
2025_18_NYJ_BUF,2025,18,202518,spread,away,0.368421052631579,-112.0,0.5283018867924528,loss,0.0,-1.0,15.746291374653085,37.86349587220752,-12.5,39.5
2025_18_NYJ_BUF,2025,18,202518,total,over,0.4018218623481781,-105.0,0.5121951219512195,win,1.0,0.9523809523809523,15.746291374653085,37.86349587220752,-12.5,39.5
2025_18_NYJ_BUF,2025,18,202518,total,under,0.5981781376518218,-115.0,0.5348837209302325,loss,0.0,-1.0,15.746291374653085,37.86349587220752,-12.5,39.5
2025_18_SEA_SF,2025,18,202518,spread,home,0.5850202429149798,100.0,0.5,loss,0.0,-1.0,-0.608367036701684,50.62190612856763,2.5,47.5
2025_18_SEA_SF,2025,18,202518,spread,away,0.4149797570850202,-120.0,0.5454545454545454,win,1.0,0.8333333333333334,-0.608367036701684,50.62190612856763,2.5,47.5
2025_18_SEA_SF,2025,18,202518,total,over,0.5566801619433198,-115.0,0.5348837209302325,loss,0.0,-1.0,-0.608367036701684,50.62190612856763,2.5,47.5
2025_18_SEA_SF,2025,18,202518,total,under,0.4433198380566802,-105.0,0.5121951219512195,win,1.0,0.9523809523809523,-0.608367036701684,50.62190612856763,2.5,47.5
2025_18_TEN_JAX,2025,18,202518,spread,home,0.49898785425101216,-110.0,0.5238095238095238,win,1.0,0.9090909090909091,11.874758071216371,43.7121314269227,-12.5,46.5
2025_18_TEN_JAX,2025,18,202518,spread,away,0.5010121457489878,-110.0,0.5238095238095238,loss,0.0,-1.0,11.874758071216371,43.7121314269227,-12.5,46.5
2025_18_TEN_JAX,2025,18,202518,total,over,0.3674089068825911,-108.0,0.5192307692307693,win,1.0,0.9259259259259259,11.874758071216371,43.7121314269227,-12.5,46.5
2025_18_TEN_JAX,2025,18,202518,total,under,0.6325910931174089,-112.0,0.5283018867924528,loss,0.0,-1.0,11.874758071216371,43.7121314269227,-12.5,46.5
