game_id,season,week,home_score,away_score,actual_margin,actual_total,pred_margin,pred_total,pred_home_score,pred_away_score,home_spread,total_line,week_key,market_margin,spread_model_gap,spread_actual_market_residual,total_model_gap,total_actual_market_residual,frozen_spread_weight,frozen_total_weight,frozen_anchored_margin,frozen_anchored_total,anchor_source_max_season
2023_01_BUF_NYJ,2023,1,22.0,16.0,6.0,38.0,-10.815024042533524,41.96525906163893,15.575117509552705,26.390141552086227,2.5,44.5,202301,-2.5,-8.315024042533524,8.5,-2.534740938361068,-6.5,0.18394913144690841,0.1084387796113908,-4.029541450584203,44.22513578601309,2022
2023_01_CIN_CLE,2023,1,24.0,3.0,21.0,27.0,-3.545368548704052,46.1845580675416,21.319594759418774,24.864963308122828,1.0,46.5,202301,-1.0,-2.545368548704052,22.0,-0.31544193245839836,-19.5,0.18394913144690841,0.1084387796113908,-1.468218333746388,46.465793861805956,2022
2023_01_DAL_NYG,2023,1,0.0,40.0,-40.0,40.0,-1.342862074862938,46.25317552782912,22.45515672648309,23.798018801346025,3.5,44.5,202301,-3.5,2.1571379251370617,-36.5,1.7531755278291214,-4.5,0.18394913144690841,0.1084387796113908,-3.103196352259851,44.690112214682344,2022
2023_01_DET_KC,2023,1,20.0,21.0,-1.0,41.0,8.41765600703786,50.87198392107596,29.644819964056907,21.22716395701905,-4.0,53.0,202301,4.0,4.417656007037859,-5.0,-2.128016078924041,-12.0,0.18394913144690841,0.1084387796113908,4.812623985525832,52.76924053340806,2022
2023_01_LA_SEA,2023,1,13.0,30.0,-17.0,43.0,3.028129461753688,42.98755390501384,23.007841683383763,19.97971222163008,-4.5,45.0,202301,4.5,-1.471870538246312,-21.5,-2.01244609498616,-2.0,0.18394913144690841,0.1084387796113908,4.229250692887297,44.781772801425994,2022
2023_01_LV_DEN,2023,1,16.0,17.0,-1.0,33.0,-3.7155542686889222,45.539338540516034,20.911892135913558,24.62744640460248,-3.0,43.0,202301,3.0,-6.715554268688923,-4.0,2.5393385405160345,-10.0,0.18394913144690841,0.1084387796113908,1.7646796250900945,43.27536277235373,2022
2023_01_MIA_LAC,2023,1,34.0,36.0,-2.0,70.0,3.4395464669871174,48.95079756670015,26.195172016843635,22.75562554985652,-3.0,50.5,202301,3.0,0.4395464669871174,-5.0,-1.5492024332998469,19.5,0.18394913144690841,0.1084387796113908,3.0808541908328375,50.33200637876197,2022
2023_01_PHI_NE,2023,1,20.0,25.0,-5.0,45.0,-3.0605453109422687,45.29830139642905,21.118878042743397,24.17942335368566,3.5,44.5,202301,-3.5,0.43945468905773133,-1.5,0.7983013964290535,0.5,0.18394913144690841,0.1084387796113908,-3.4191626916375593,44.586566829190836,2022
2023_01_SF_PIT,2023,1,7.0,30.0,-23.0,37.0,-4.55434522668866,45.86087702559971,20.653265899455526,25.207611126144187,1.5,41.5,202301,-1.5,-3.0543452266886604,-21.5,4.360877025599713,-4.5,0.18394913144690841,0.1084387796113908,-2.0618441515883896,41.972888182691385,2022
2023_01_TB_MIN,2023,1,17.0,20.0,-3.0,37.0,3.251520297613413,46.72010933740438,24.985814817508896,21.734294519895485,-4.0,45.0,202301,4.0,-0.7484797023865868,-7.0,1.7201093374043808,-8.0,0.18394913144690841,0.1084387796113908,3.8623178088403467,45.18652655734629,2022
2023_01_TEN_NO,2023,1,16.0,15.0,1.0,31.0,2.607966047156639,43.10736223039148,22.85766413877406,20.24969809161742,-3.0,41.0,202301,3.0,-0.3920339528433612,-2.0,2.1073622303914803,-10.0,0.18394913144690841,0.1084387796113908,2.9278856948767653,41.22851978846279,2022
2023_02_BAL_CIN,2023,2,24.0,27.0,-3.0,51.0,2.371974698958276,41.48187509578396,21.92692489737112,19.554950198412843,-3.5,45.5,202302,3.5,-1.128025301041724,-6.5,-4.018124904216037,5.5,0.18394913144690841,0.1084387796113908,3.2925007256232375,45.06427943906068,2022
2023_02_CHI_TB,2023,2,27.0,17.0,10.0,44.0,7.506585141323349,42.4652106715961,24.985897906459726,17.479312765136378,-2.5,41.0,202302,2.5,5.006585141323349,7.5,1.4652106715960969,3.0,0.18394913144690841,0.1084387796113908,3.4209569882614272,41.158885657101465,2022
2023_02_CLE_PIT,2023,2,26.0,22.0,4.0,48.0,0.4896793358663399,39.88088745523059,20.185283395548467,19.695604059682125,2.5,39.0,202302,-2.5,2.98967933586634,6.5,0.8808874552305923,9.0,0.18394913144690841,0.1084387796113908,-1.950051082862617,39.09552236062019,2022
2023_02_GB_ATL,2023,2,25.0,24.0,1.0,49.0,1.9614445435330243,46.73575708117014,24.348600812351584,22.38715626881856,-3.0,40.5,202302,3.0,-1.0385554564669757,-2.0,6.235757081170142,8.5,0.18394913144690841,0.1084387796113908,2.8089586258234522,41.17619788783518,2022
2023_02_KC_JAX,2023,2,9.0,17.0,-8.0,26.0,-4.8321580219921865,46.708431339551126,20.93813665877947,25.770294680771656,3.5,50.5,202302,-3.5,-1.3321580219921865,-4.5,-3.791568660448874,-24.5,0.18394913144690841,0.1084387796113908,-3.745049311095494,50.08884692164813,2022
2023_02_LAC_TEN,2023,2,27.0,24.0,3.0,51.0,-5.592980045168862,44.85005766770723,19.628538811269184,25.22151885643805,2.5,45.5,202302,-2.5,-3.0929800451688623,5.5,-0.6499423322927669,5.5,0.18394913144690841,0.1084387796113908,-3.068950992891432,45.42952104666839,2022
2023_02_LV_BUF,2023,2,38.0,10.0,28.0,48.0,8.488824863223911,48.76733475876566,28.628079810994784,20.139254947770876,-7.5,47.0,202302,7.5,0.9888248632239112,20.5,1.7673347587656565,1.0,0.18394913144690841,0.1084387796113908,7.681893474743147,47.19164762440534,2022
2023_02_MIA_NE,2023,2,17.0,24.0,-7.0,41.0,-2.224301766768309,43.76151697867278,20.76860760595224,22.992909372720543,2.0,46.5,202302,-2.0,-0.22430176676830893,-5.0,-2.7384830213272195,-5.5,0.18394913144690841,0.1084387796113908,-2.0412601151790373,46.20304224318076,2022
2023_02_MIN_PHI,2023,2,34.0,28.0,6.0,62.0,1.4749105120504549,47.88964381020544,24.68227716112795,23.207366649077493,-6.0,49.0,202302,6.0,-4.525089487949545,0.0,-1.1103561897945582,13.0,0.18394913144690841,0.1084387796113908,5.167613718972145,48.87959432984472,2022
2023_02_NYG_ARI,2023,2,28.0,31.0,-3.0,59.0,-6.383064082363226,43.63891129198774,18.627923604812256,25.010987687175483,5.0,40.0,202302,-5.0,-1.3830640823632256,2.0,3.638911291987739,19.0,0.18394913144690841,0.1084387796113908,-5.25441343668613,40.39459909961726,2022
2023_02_NYJ_DAL,2023,2,30.0,10.0,20.0,40.0,11.87002518985538,41.234656909340885,26.55234104959813,14.68231585974275,-8.5,38.5,202302,8.5,3.3700251898553795,11.5,2.7346569093408846,1.5,0.18394913144690841,0.1084387796113908,9.1199132066281,38.79654285790478,2022
2023_02_SEA_DET,2023,2,31.0,37.0,-6.0,68.0,5.035547274022193,51.861875668982506,28.44871147150235,23.41316419748016,-4.5,47.5,202302,4.5,0.5355472740221927,-10.5,4.361875668982506,20.5,0.18394913144690841,0.1084387796113908,4.598513455905142,47.97299647436108,2022
2023_02_SF_LA,2023,2,23.0,30.0,-7.0,53.0,-7.310960856074125,50.00016878476255,21.344603964344213,28.655564820418338,7.5,45.0,202302,-7.5,0.18903914392587495,0.5,5.0001687847625504,8.0,0.18394913144690841,0.1084387796113908,-7.465226413665368,45.54221220087062,2022
2023_02_WAS_DEN,2023,2,33.0,35.0,-2.0,68.0,1.5988842185983347,36.51084276752625,19.05486349306229,17.455979274463957,-4.0,38.5,202302,4.0,-2.401115781401665,-6.0,-1.989157232473751,29.5,0.18394913144690841,0.1084387796113908,3.558316837507699,38.284298217255376,2022
2023_03_ATL_DET,2023,3,20.0,6.0,14.0,26.0,4.91974053801179,48.15339866862843,26.536569603320107,21.61682906530832,-3.0,47.5,202303,3.0,1.9197405380117898,11.0,0.6533986686284265,-21.5,0.18394913144690841,0.1084387796113908,3.3531346045706893,47.57085375422577,2022
2023_03_BUF_WAS,2023,3,3.0,37.0,-34.0,40.0,-11.63408310426268,44.13986378680736,16.252890341272337,27.886973445535016,5.5,44.0,202303,-5.5,-6.134083104262681,-28.5,0.13986378680736067,-4.0,0.18394913144690841,0.1084387796113908,-6.628359259252276,44.015166658353216,2022
2023_03_CAR_SEA,2023,3,37.0,27.0,10.0,64.0,2.935190603154273,43.0220689566113,22.978629779882787,20.043439176728512,-5.0,42.5,202303,5.0,-2.064809396845727,5.0,0.5220689566112995,21.5,0.18394913144690841,0.1084387796113908,4.620180104846813,42.55661252052792,2022
2023_03_CHI_KC,2023,3,41.0,10.0,31.0,51.0,17.483379072594566,43.63741996912389,30.560399520859228,13.077020448264662,-13.0,48.0,202303,13.0,4.483379072594566,18.0,-4.36258003087611,3.0,0.18394913144690841,0.1084387796113908,13.824713686351016,47.526927145494774,2022
2023_03_DAL_ARI,2023,3,28.0,16.0,12.0,44.0,-11.760914903304162,44.00350101952441,16.121293058110123,27.882207961414284,11.5,43.5,202303,-11.5,-0.2609149033041618,23.5,0.503501019524407,0.5,0.18394913144690841,0.1084387796113908,-11.547995069844355,43.554599036090316,2022
2023_03_DEN_MIA,2023,3,70.0,20.0,50.0,90.0,8.425455149613544,47.38454350293907,27.904999326276304,19.479544176662763,-6.0,47.5,202303,6.0,2.425455149613544,44.0,-0.11545649706093286,42.5,0.18394913144690841,0.1084387796113908,6.4461603681348425,47.48748003836051,2022
2023_03_HOU_JAX,2023,3,17.0,37.0,-20.0,54.0,10.33396576597129,39.95115013161113,25.142557948791207,14.80859218281992,-7.5,43.5,202303,7.5,2.833965765971289,-27.5,-3.5488498683888707,10.5,0.18394913144690841,0.1084387796113908,8.021305541200691,43.115167051247866,2022
2023_03_IND_BAL,2023,3,19.0,22.0,-3.0,41.0,9.039791495699864,45.50501018859964,27.27240084214975,18.23260934644989,-7.5,43.5,202303,7.5,1.5397914956998644,-10.5,2.005010188599641,-2.5,0.18394913144690841,0.1084387796113908,7.783243308243326,43.71742085796015,2022
2023_03_LAC_MIN,2023,3,24.0,28.0,-4.0,52.0,-1.9333134721154488,50.86001067720084,24.46334860254269,26.396662074658146,-1.0,54.0,202303,1.0,-2.933313472115449,-5.0,-3.1399893227991598,-2.0,0.18394913144690841,0.1084387796113908,0.4604195345428479,53.65950338984286,2022
2023_03_LA_CIN,2023,3,19.0,16.0,3.0,35.0,3.2267567174260536,45.1071197579498,24.166938237687926,20.94018152026187,-3.0,45.5,202303,3.0,0.22675671742605363,0.0,-0.39288024205019667,-10.5,0.18394913144690841,0.1084387796113908,3.0417117012202746,45.45739654601865,2022
2023_03_NE_NYJ,2023,3,10.0,15.0,-5.0,25.0,-4.7133561853058925,36.75411102877237,16.020377421733237,20.733733607039127,2.5,35.5,202303,-2.5,-2.2133561853058925,-2.5,1.2541110287723711,-10.5,0.18394913144690841,0.1084387796113908,-2.9071449478696616,35.635994269457264,2022
2023_03_NO_GB,2023,3,18.0,17.0,1.0,35.0,-1.1724451632583752,42.162475851412985,20.495015344077306,21.66746050733568,1.5,41.5,202303,-1.5,0.3275548367416248,2.5,0.6624758514129852,-6.5,0.18394913144690841,0.1084387796113908,-1.4397465722801441,41.57183807284924,2022
2023_03_NYG_SF,2023,3,30.0,12.0,18.0,42.0,8.474841241640833,44.86874398485735,26.67179261324909,18.19695137160826,-10.5,43.5,202303,10.5,-2.025158758359167,7.5,1.3687439848573533,-1.5,0.18394913144690841,0.1084387796113908,10.127473805357731,43.648424927318366,2022
2023_03_PHI_TB,2023,3,11.0,25.0,-14.0,36.0,-0.6504586775664405,46.79861206712834,23.07407669478095,23.72453537234739,6.0,44.0,202303,-6.0,5.349541322433559,-8.0,2.7986120671283388,-8.0,0.18394913144690841,0.1084387796113908,-5.015956520099001,44.30347807716511,2022
2023_03_PIT_LV,2023,3,18.0,23.0,-5.0,41.0,-0.2726658556660439,46.215557125679865,22.971445635006912,23.244111490672957,-3.0,43.5,202303,3.0,-3.2726658556660437,-8.0,2.715557125679865,-2.5,0.18394913144690841,0.1084387796113908,2.397995958334278,43.79447170067374,2022
2023_03_TEN_CLE,2023,3,27.0,3.0,24.0,30.0,5.7054318214482524,40.966499787940336,23.335965804694293,17.630533983246043,-3.5,38.0,202303,3.5,2.2054318214482524,20.5,2.966499787940336,-8.0,0.18394913144690841,0.1084387796113908,3.9056872680207793,38.3216836167217,2022
2023_04_ARI_SF,2023,4,35.0,16.0,19.0,51.0,14.898647691231124,46.07313410744627,30.4858908993387,15.587243208107571,-15.0,44.0,202304,15.0,-0.10135230876887569,4.0,2.073134107446272,7.0,0.18394913144690841,0.1084387796113908,14.981356330831826,44.224808132582226,2022
2023_04_ATL_JAX,2023,4,23.0,7.0,16.0,30.0,4.4299297540380245,39.22026783884489,21.82509879644146,17.39516904240343,-3.5,42.5,202304,3.5,0.9299297540380245,12.5,-3.27973216115511,-12.5,0.18394913144690841,0.1084387796113908,3.6710597705619317,42.144349846992114,2022
2023_04_CIN_TEN,2023,4,27.0,3.0,24.0,30.0,-5.442347685150608,42.65914575909937,18.60839903697438,24.050746722124988,2.5,41.5,202304,-2.5,-2.942347685150608,26.5,1.159145759099367,-11.5,0.18394913144690841,0.1084387796113908,-3.0412423010982756,41.62569635150845,2022
2023_04_DEN_CHI,2023,4,28.0,31.0,-3.0,59.0,-0.6379842757988199,45.06527687068037,22.21364629744077,22.851630573239596,3.0,47.0,202304,-3.0,2.3620157242011803,0.0,-1.9347231293196288,12.0,0.18394913144690841,0.1084387796113908,-2.5655092590692523,46.790200984970646,2022
2023_04_DET_GB,2023,4,20.0,34.0,-14.0,54.0,-3.5019794401531312,47.150395490609306,21.82420802522809,25.326187465381217,2.5,45.0,202304,-2.5,-1.0019794401531312,-11.5,2.1503954906093057,9.0,0.18394913144690841,0.1084387796113908,-2.684313247743828,45.23318626268351,2022
2023_04_KC_NYJ,2023,4,20.0,23.0,-3.0,43.0,-16.723787139925232,42.7740135259933,13.025113193034032,29.748900332959263,9.5,41.5,202304,-9.5,-7.223787139925232,6.5,1.274013525993297,1.5,0.18394913144690841,0.1084387796113908,-10.828809370146594,41.63815247196712,2022
2023_04_MIA_BUF,2023,4,48.0,20.0,28.0,68.0,2.9701722461370665,49.22861262480029,26.09939243546868,23.12922018933161,-2.5,53.0,202304,2.5,0.47017224613706654,25.5,-3.7713873751997085,15.0,0.18394913144690841,0.1084387796113908,2.5864877763073553,52.591035355591536,2022
2023_04_MIN_CAR,2023,4,13.0,21.0,-8.0,34.0,-3.0279666462011123,42.1246576068304,19.548345480314644,22.57631212651576,4.5,46.5,202304,-4.5,1.4720333537988877,-3.5,-4.375342393169603,-12.5,0.18394913144690841,0.1084387796113908,-4.229220743107815,46.025543210502704,2022
2023_04_NE_DAL,2023,4,38.0,3.0,35.0,41.0,6.069586277395933,47.2041427194882,26.63686449844207,20.56727822104613,-6.5,43.0,202304,6.5,-0.43041372260406696,28.5,4.204142719488203,-2.0,0.18394913144690841,0.1084387796113908,6.420825769564152,43.45589210581341,2022
2023_04_PIT_HOU,2023,4,30.0,6.0,24.0,36.0,-3.6103525597667847,40.92864760000325,18.659147520118232,22.26950007988502,3.0,41.5,202304,-3.0,-0.6103525597667847,27.0,-0.5713523999967478,-5.5,0.18394913144690841,0.1084387796113908,-3.112273823245497,41.43804324301632,2022
2023_04_SEA_NYG,2023,4,3.0,24.0,-21.0,27.0,-2.012142777180016,46.47197125267205,22.229914237746016,24.242057014926036,2.5,46.5,202304,-2.5,0.4878572228199838,-18.5,-0.028028747327951464,-19.5,0.18394913144690841,0.1084387796113908,-2.4102590875921632,46.49696059684572,2022
2023_04_TB_NO,2023,4,9.0,26.0,-17.0,35.0,2.6307680360509904,43.08764449519651,22.859206265623747,20.22843822957276,-4.0,41.0,202304,4.0,-1.3692319639490096,-21.0,2.087644495196507,-6.0,0.18394913144690841,0.1084387796113908,3.748130969482235,41.22638162132155,2022
2023_04_WAS_PHI,2023,4,34.0,31.0,3.0,65.0,9.505547060792026,38.32050234895084,23.913024704871432,14.407477644079409,-9.5,43.0,202304,9.5,0.005547060792025604,-6.5,-4.679497651049161,22.0,0.18394913144690841,0.1084387796113908,9.501020377014777,42.492560985525856,2022
2023_05_BAL_PIT,2023,5,17.0,10.0,7.0,27.0,-5.272143168596794,37.75363003039463,16.24074343089892,21.51288659949571,4.5,38.5,202305,-4.5,-0.7721431685967941,11.5,-0.746369969605368,-11.5,0.18394913144690841,0.1084387796113908,-4.642035065216044,38.4190645513574,2022
2023_05_CAR_DET,2023,5,42.0,24.0,18.0,66.0,8.774705032174102,49.21394656889622,28.99432580053516,20.219620768361057,-9.5,43.5,202305,9.5,-0.7252949678258975,8.5,5.713946568896219,22.5,0.18394913144690841,0.1084387796113908,9.366582620625612,44.1196133926958,2022
2023_05_CHI_WAS,2023,5,20.0,40.0,-20.0,60.0,3.437236255540908,42.36897154198687,22.90310389876389,19.465867643222985,-6.0,45.5,202305,6.0,-2.562763744459092,-26.0,-3.1310284580131267,14.5,0.18394913144690841,0.1084387796113908,5.5285818351031235,45.16047509508452,2022
2023_05_CIN_ARI,2023,5,20.0,34.0,-14.0,54.0,-5.630079489807073,46.89336003124801,20.631640270720467,26.26171976052754,3.0,45.5,202305,-3.0,-2.6300794898070734,-11.0,1.3933600312480081,8.5,0.18394913144690841,0.1084387796113908,-3.483800837786339,45.65109426134782,2022
2023_05_DAL_SF,2023,5,42.0,10.0,32.0,52.0,5.3865323365506,49.439389348346445,27.412960842448523,22.02642850589792,-3.5,45.0,202305,3.5,1.8865323365505997,28.5,4.439389348346445,7.0,0.18394913144690841,0.1084387796113908,3.8470259847549895,45.4814019631545,2022
2023_05_GB_LV,2023,5,17.0,13.0,4.0,30.0,2.409917330753199,49.29739614831356,25.853656739533378,23.443739408780186,-1.0,45.0,202305,1.0,1.4099173307531991,3.0,4.29739614831356,-15.0,0.18394913144690841,0.1084387796113908,1.2593530684039944,45.46600439382981,2022
2023_05_HOU_ATL,2023,5,21.0,19.0,2.0,40.0,2.394528360815712,41.63894100658008,22.016734683697894,19.622206322882185,-2.5,42.0,202305,2.5,-0.10547163918428781,-0.5,-0.3610589934199169,-2.0,0.18394913144690841,0.1084387796113908,2.4805985835797686,41.960847203385825,2022
2023_05_JAX_BUF,2023,5,20.0,25.0,-5.0,45.0,9.651643709217549,46.51369109068817,28.08266739995286,18.43102369073531,-5.5,48.5,202305,5.5,4.151643709217549,-10.5,-1.9863089093118305,-3.5,0.18394913144690841,0.1084387796113908,6.263691254387589,48.284607085942994,2022
2023_05_KC_MIN,2023,5,20.0,27.0,-7.0,47.0,-7.873506884148785,50.015224007243255,21.070858561547237,28.94436544569602,3.5,52.5,202305,-3.5,-4.373506884148785,-3.5,-2.484775992756745,-5.5,0.18394913144690841,0.1084387796113908,-4.304502792716244,52.23055392373777,2022
2023_05_NO_NE,2023,5,0.0,34.0,-34.0,34.0,-0.028957841975741,38.12744151752875,19.049241837776503,19.078199679752245,-2.5,38.5,202305,2.5,-2.528957841975741,-36.5,-0.37255848247124845,-4.5,0.18394913144690841,0.1084387796113908,2.034800401502715,38.45960021282695,2022
2023_05_NYG_MIA,2023,5,31.0,16.0,15.0,47.0,7.820499249010181,46.53962732594649,27.180063287478337,19.359564038468157,-12.5,47.5,202305,12.5,-4.679500750989819,2.5,-0.9603726740535095,-0.5,0.18394913144690841,0.1084387796113908,11.639209901250267,47.39585835925351,2022
2023_05_NYJ_DEN,2023,5,21.0,31.0,-10.0,52.0,4.066697961178828,40.59194052227132,22.329319241725077,18.26262128054625,-2.5,42.5,202305,2.5,1.5666979611788276,-12.5,-1.9080594777286777,9.5,0.18394913144690841,0.1084387796113908,2.788192729198488,42.293092358809155,2022
2023_05_PHI_LA,2023,5,14.0,23.0,-9.0,37.0,-1.5921054846315237,52.1653336498025,25.286614082585487,26.87871956721701,3.5,50.5,202305,-3.5,1.9078945153684763,-5.5,1.6653336498024984,-13.5,0.18394913144690841,0.1084387796113908,-3.1490444610056487,50.68058674863037,2022
2023_05_TEN_IND,2023,5,23.0,16.0,7.0,39.0,-0.0598974413472657,43.32301783936189,21.63156019900731,21.691457640354574,2.5,43.5,202305,-2.5,2.4401025586527343,9.5,-0.17698216063811145,-4.5,0.18394913144690841,0.1084387796113908,-2.0511452536944508,43.480808270487415,2022
2023_06_ARI_LA,2023,6,26.0,9.0,17.0,35.0,7.0035108987784565,48.22505811882262,27.61428450880054,20.610773610022083,-7.0,48.0,202306,7.0,0.0035108987784564505,10.0,0.2250581188226235,-13.0,0.18394913144690841,0.1084387796113908,7.000645826780895,48.02440502774676,2022
2023_06_BAL_TEN,2023,6,16.0,24.0,-8.0,40.0,-5.302926690837516,40.82286141933135,17.759967364246915,23.06289405508443,5.5,42.5,202306,-5.5,0.19707330916248367,-2.5,-1.6771385806686467,-2.5,0.18394913144690841,0.1084387796113908,-5.463748535948193,42.31813313907311,2022
2023_06_CAR_MIA,2023,6,42.0,21.0,21.0,63.0,11.398713876964948,46.23037510157583,28.81454448927039,17.41583061230544,-14.0,47.5,202306,14.0,-2.6012861230350524,7.0,-1.2696248984241691,15.5,0.18394913144690841,0.1084387796113908,13.521495677022806,47.36232342545065,2022
2023_06_DAL_LAC,2023,6,17.0,20.0,-3.0,37.0,1.4093827767956912,49.78571082659148,25.597546801693586,24.188164024897898,1.5,49.5,202306,-1.5,2.9093827767956912,-1.5,0.28571082659148317,-12.5,0.18394913144690841,0.1084387796113908,-0.964821565161838,49.53098213335734,2022
2023_06_DEN_KC,2023,6,19.0,8.0,11.0,27.0,15.864701594004709,48.91628892544076,32.390495259722734,16.525793665718027,-10.5,47.5,202306,10.5,5.364701594004709,0.5,1.4162889254407602,-20.5,0.18394913144690841,0.1084387796113908,11.486832198689012,47.653580642651924,2022
2023_06_DET_TB,2023,6,6.0,20.0,-14.0,26.0,-2.894268609562073,44.693781863400105,20.89975662691901,23.79402523648109,3.0,43.5,202306,-3.0,0.1057313904379269,-11.0,1.1937818634001047,-17.5,0.18394913144690841,0.1084387796113908,-2.9805508025622696,43.62945224838932,2022
2023_06_IND_JAX,2023,6,37.0,20.0,17.0,57.0,6.735672344301464,45.83438934661658,26.285030845459023,19.54935850115756,-4.0,44.0,202306,4.0,2.735672344301464,13.0,1.8343893466165824,13.0,0.18394913144690841,0.1084387796113908,4.503224551657582,44.19891894207924,2022
2023_06_NE_LV,2023,6,21.0,17.0,4.0,38.0,6.417079559714383,43.33584522182132,24.87646239076785,18.459382831053468,-3.0,41.5,202306,3.0,3.4170795597143826,1.0,1.835845221821323,-3.5,0.18394913144690841,0.1084387796113908,3.628568817094445,41.699076815409704,2022
2023_06_NO_HOU,2023,6,20.0,13.0,7.0,33.0,-3.0843535896736007,43.74278968623744,20.32921804828192,23.41357163795552,2.0,42.5,202306,-2.0,-1.0843535896736007,9.0,1.2427896862374368,-9.5,0.18394913144690841,0.1084387796113908,-2.1994659010017963,42.634766596889214,2022
2023_06_NYG_BUF,2023,6,14.0,9.0,5.0,23.0,15.92324159328962,42.06383263649629,28.99353711489296,13.070295521603336,-15.5,43.5,202306,15.5,0.4232415932896192,-10.5,-1.4361673635037135,-20.5,0.18394913144690841,0.1084387796113908,15.577854923477831,43.34426376378395,2022
2023_06_PHI_NYJ,2023,6,20.0,14.0,6.0,34.0,-8.877357878257987,43.21664749922592,17.169644810483963,26.04700268874195,6.5,43.0,202306,-6.5,-2.377357878257987,12.5,0.21664749922592108,-9.0,0.18394913144690841,0.1084387796113908,-6.9373129168440215,43.02349299042192,2022
2023_06_SEA_CIN,2023,6,17.0,13.0,4.0,30.0,1.1646417076008817,44.0999451787244,22.63229344316264,21.467651735561763,-3.0,45.5,202306,3.0,-1.8353582923991183,1.0,-1.400054821275603,-15.5,0.18394913144690841,0.1084387796113908,2.6623874362193014,45.348179763791826,2022
2023_06_SF_CLE,2023,6,19.0,17.0,2.0,36.0,-10.620313801917987,43.0424616808157,16.211073939448855,26.831387741366843,9.5,36.0,202306,-9.5,-1.1203138019179875,11.5,7.042461680815698,0.0,0.18394913144690841,0.1084387796113908,-9.706080750810798,36.76367595012764,2022
2023_06_WAS_ATL,2023,6,16.0,24.0,-8.0,40.0,5.2852012778250215,43.48844551783033,24.38682339782768,19.10162212000265,-1.5,42.0,202306,1.5,3.7852012778250215,-9.5,1.4884455178303284,-2.0,0.18394913144690841,0.1084387796113908,2.196284487407641,42.16140521547157,2022
2023_07_ARI_SEA,2023,7,20.0,10.0,10.0,30.0,10.465144578244908,42.47767978592674,26.47141218208582,16.006267603840918,-9.5,43.5,202307,9.5,0.9651445782449084,0.5,-1.022320214073261,-13.5,0.18394913144690841,0.1084387796113908,9.677537506888843,43.38914084361384,2022
2023_07_ATL_TB,2023,7,13.0,16.0,-3.0,29.0,1.1902066732528789,37.88831005920615,19.539258366229515,18.349051692976637,-3.0,37.5,202307,3.0,-1.8097933267471211,-6.0,0.38831005920614814,-8.5,0.18394913144690841,0.1084387796113908,2.667090089446456,37.54210786893114,2022
2023_07_BUF_NE,2023,7,29.0,25.0,4.0,54.0,-12.369590585747927,39.91059483116239,13.770502122707228,26.14009270845516,7.5,41.0,202307,-7.5,-4.869590585747927,11.5,-1.089405168837608,13.0,0.18394913144690841,0.1084387796113908,-8.395756958750374,40.881866232988905,2022
2023_07_CLE_IND,2023,7,38.0,39.0,-1.0,77.0,-2.96710695761032,41.44602880688038,19.23946092463503,22.20656788224535,3.5,40.0,202307,-3.5,0.5328930423896798,2.5,1.4460288068803777,37.0,0.18394913144690841,0.1084387796113908,-3.4019747876983177,40.15680559910103,2022
2023_07_DET_BAL,2023,7,38.0,6.0,32.0,44.0,-0.9890966917383172,43.80881044190339,21.409856875082536,22.39895356682085,-3.0,43.5,202307,3.0,-3.9890966917383173,29.0,0.3088104419033897,0.5,0.18394913144690841,0.1084387796113908,2.266209128297001,43.53348702745126,2022
2023_07_GB_DEN,2023,7,19.0,17.0,2.0,36.0,-2.7868284116817748,43.76376437508791,20.488467981703067,23.27529639338484,-1.5,44.0,202307,1.5,-4.286828411681775,0.5,-0.2362356249120907,-8.0,0.18394913144690841,0.1084387796113908,0.7114416370092076,43.9743828971338,2022
2023_07_JAX_NO,2023,7,24.0,31.0,-7.0,55.0,0.4191091037771064,43.74430130595045,22.081705204863777,21.662596101086677,-2.5,41.0,202307,2.5,-2.0808908962228934,-9.5,2.744301305950451,14.0,0.18394913144690841,0.1084387796113908,2.11722192700402,41.29758868450321,2022
2023_07_LAC_KC,2023,7,31.0,17.0,14.0,48.0,8.953349585537536,46.94891121291442,27.951130399225978,18.99778081368844,-5.5,48.5,202307,5.5,3.453349585537536,8.5,-1.5510887870855825,-0.5,0.18394913144690841,0.1084387796113908,6.135240656842171,48.331801824859525,2022
2023_07_MIA_PHI,2023,7,31.0,17.0,14.0,48.0,-2.278458430265494,47.4825416357486,22.60204160274155,24.88050003300705,-3.0,52.0,202307,3.0,-5.278458430265494,11.0,-4.517458364251397,-4.0,0.18394913144690841,0.1084387796113908,2.0290321563740505,51.51013232803531,2022
2023_07_PIT_LA,2023,7,17.0,24.0,-7.0,41.0,4.6383919953087736,46.62678826507836,25.632590130193567,20.994198134884797,-3.5,44.0,202307,3.5,1.1383919953087736,-10.5,2.6267882650783605,-3.0,0.18394913144690841,0.1084387796113908,3.709406218783162,44.28484571376262,2022
2023_07_SF_MIN,2023,7,22.0,17.0,5.0,39.0,-8.528117811619273,48.36096789583135,19.91642504210604,28.444542853725316,7.0,44.5,202307,-7.0,-1.528117811619273,12.0,3.860967895831351,-5.5,0.18394913144690841,0.1084387796113908,-7.281095944195916,44.91867864674271,2022
2023_07_WAS_NYG,2023,7,14.0,7.0,7.0,21.0,0.8500829934487104,39.11027052845154,19.98017676095013,19.130093767501418,3.0,37.0,202307,-3.0,3.8500829934487104,10.0,2.1102705284515366,-16.0,0.18394913144690841,0.1084387796113908,-2.2917805773565965,37.22883516075517,2022
2023_08_BAL_ARI,2023,8,24.0,31.0,-7.0,55.0,-10.535995913822855,44.824440698622666,17.144222392399904,27.680218306222763,9.5,44.5,202308,-9.5,-1.0359959138228554,2.5,0.32444069862266645,10.5,0.18394913144690841,0.1084387796113908,-9.69057054853026,44.535181953414906,2022
2023_08_CHI_LAC,2023,8,30.0,13.0,17.0,43.0,0.501383589271523,42.93491744028236,21.718150514776944,21.216766925505414,-9.5,46.0,202308,9.5,-8.998616410728477,7.5,-3.065082559717638,-3.0,0.18394913144690841,0.1084387796113908,7.8447123270226005,45.66762618781606,2022
2023_08_CIN_SF,2023,8,17.0,31.0,-14.0,48.0,7.921395259469222,46.47220840584404,27.19680183265663,19.275406573187407,-4.0,44.0,202308,4.0,3.9213952594692216,-18.0,2.472208405844043,4.0,0.18394913144690841,0.1084387796113908,4.721337252039388,44.26808326247475,2022
2023_08_CLE_SEA,2023,8,24.0,20.0,4.0,44.0,5.116679342450598,39.52162804036335,22.31915369140697,17.20247434895638,-4.0,39.5,202308,4.0,1.116679342450598,0.0,0.021628040363353307,4.5,0.18394913144690841,0.1084387796113908,4.205412195148492,39.50234531830239,2022
2023_08_HOU_CAR,2023,8,15.0,13.0,2.0,28.0,0.170803025253158,37.62916539799669,18.899984211624925,18.72918118637177,3.0,43.0,202308,-3.0,3.170803025253158,5.0,-5.370834602003313,-15.0,0.18394913144690841,0.1084387796113908,-2.416733537515452,42.41759325026413,2022
2023_08_JAX_PIT,2023,8,10.0,20.0,-10.0,30.0,-0.7510211873947406,41.95517189898246,20.602075355793858,21.3530965431886,2.5,41.0,202308,-2.5,1.7489788126052594,-7.5,0.9551718989824565,-11.0,0.18394913144690841,0.1084387796113908,-2.1782768665022174,41.103577675044754,2022
2023_08_KC_DEN,2023,8,24.0,9.0,15.0,33.0,-14.43078661649527,43.82750531347574,14.698359348490236,29.129145964985504,7.0,45.5,202308,-7.0,-7.43078661649527,22.0,-1.67249468652426,-12.5,0.18394913144690841,0.1084387796113908,-8.366886744071616,45.31863671728677,2022
2023_08_LA_DAL,2023,8,43.0,20.0,23.0,63.0,4.4912214870357205,47.12207868867812,25.806650087856923,21.3154286008212,-6.5,44.5,202308,6.5,-2.0087785129642795,16.5,2.6220786886781227,18.5,0.18394913144690841,0.1084387796113908,6.130486937271009,44.78433501304529,2022
2023_08_LV_DET,2023,8,26.0,14.0,12.0,40.0,6.08279324613456,51.65333196354499,28.86806260483977,22.785269358705214,-7.0,46.0,202308,7.0,-0.9172067538654396,5.0,5.653331963544993,-6.0,0.18394913144690841,0.1084387796113908,6.831280614269214,46.613040418864884,2022
2023_08_MIN_GB,2023,8,10.0,24.0,-14.0,34.0,-0.5996924211902974,44.62132051847076,22.01081404864023,22.61050646983053,1.0,41.5,202308,-1.0,0.4003075788097026,-13.0,3.1213205184707604,-7.5,0.18394913144690841,0.1084387796113908,-0.9263637685663404,41.83847218779896,2022
2023_08_NE_MIA,2023,8,31.0,17.0,14.0,48.0,9.850481057143815,42.96689194090314,26.40868649902348,16.55820544187966,-7.5,46.5,202308,7.5,2.3504810571438153,6.5,-3.533108059096861,1.5,0.18394913144690841,0.1084387796113908,7.932368948944016,46.116874073836364,2022
2023_08_NO_IND,2023,8,27.0,38.0,-11.0,65.0,-3.4405781283829606,46.33858298328872,21.44900242745288,24.88958055583584,2.0,43.5,202308,-2.0,-1.4405781283829606,-9.0,2.838582983288717,21.5,0.18394913144690841,0.1084387796113908,-2.2649930954974584,43.80781247453349,2022
2023_08_NYJ_NYG,2023,8,10.0,13.0,-3.0,23.0,2.6844907299444403,38.6321031037772,20.658296916860824,17.97380618691638,3.0,35.0,202308,-3.0,5.68449072994444,0.0,3.6321031037771974,-12.0,0.18394913144690841,0.1084387796113908,-1.9543428675087178,35.39386082799634,2022
2023_08_PHI_WAS,2023,8,31.0,38.0,-7.0,69.0,-7.3030264393067,43.77731362302793,18.23714359186061,25.540170031167317,7.0,42.5,202308,-7.0,-0.30302643930670037,0.0,1.2773136230279292,26.5,0.18394913144690841,0.1084387796113908,-7.055741450315917,42.638510330462154,2022
2023_08_TB_BUF,2023,8,24.0,18.0,6.0,42.0,11.633970131984002,45.1547236364264,28.3943468842052,16.760376752221198,-10.0,43.0,202308,10.0,1.633970131984002,-4.0,2.1547236364263966,-1.0,0.18394913144690841,0.1084387796113908,10.300567386588648,43.2336556015339,2022
2023_09_BUF_CIN,2023,9,24.0,18.0,6.0,42.0,-4.07974857997335,46.6396365009398,21.279943960483227,25.35969254045657,-1.5,51.0,202309,1.5,-5.57974857997335,4.5,-4.360363499060199,-9.0,0.18394913144690841,0.1084387796113908,0.47361009502178164,50.52716750349986,2022
2023_09_CHI_NO,2023,9,24.0,17.0,7.0,41.0,2.56740793325303,39.6420762739652,21.10474210360912,18.53733417035609,-9.0,42.0,202309,9.0,-6.43259206674697,-2.0,-2.357923726034798,-1.0,0.18394913144690841,0.1084387796113908,7.816730276369621,41.74430962873204,2022
2023_09_DAL_PHI,2023,9,28.0,23.0,5.0,51.0,0.1596315311382784,45.95780805793565,23.05871979453697,22.899088263398685,-3.5,46.5,202309,3.5,-3.3403684688617217,1.5,-0.5421919420643491,4.5,0.18394913144690841,0.1084387796113908,2.885542121440247,46.44120536748741,2022
2023_09_IND_CAR,2023,9,13.0,27.0,-14.0,40.0,0.3458579467841256,43.351115650890605,21.848486798837367,21.50262885205324,1.5,45.0,202309,-1.5,1.8458579467841256,-12.5,-1.6488843491093945,-5.0,0.18394913144690841,0.1084387796113908,-1.1604560339146863,44.82119699346225,2022
2023_09_LAC_NYJ,2023,9,6.0,27.0,-21.0,33.0,-5.326705016448075,42.1793686091988,18.42633179637536,23.753036812823435,3.0,41.0,202309,-3.0,-2.3267050164480754,-18.0,1.1793686091987965,-8.0,0.18394913144690841,0.1084387796113908,-3.4279953669087884,41.1278892926935,2022
2023_09_LA_GB,2023,9,20.0,3.0,17.0,23.0,-0.1233746876851753,46.2810789084252,23.078852110370008,23.202226798055182,-3.5,38.0,202309,3.5,-3.623374687685175,13.5,8.2810789084252,-15.0,0.18394913144690841,0.1084387796113908,2.833483373293599,38.89799009069526,2022
2023_09_MIA_KC,2023,9,21.0,14.0,7.0,35.0,3.7162615010042983,47.83253099765068,25.774396249327488,22.05813474832319,-1.0,51.0,202309,1.0,2.7162615010042983,6.0,-3.1674690023493213,-16.0,0.18394913144690841,0.1084387796113908,1.4996539438924164,50.65652352692833,2022
2023_09_MIN_ATL,2023,9,28.0,31.0,-3.0,59.0,-0.2202868970313913,40.80770470227407,20.29370890262134,20.513995799652733,-3.5,38.5,202309,3.5,-3.720286897031391,-6.5,2.307704702274073,20.5,0.18394913144690841,0.1084387796113908,2.8156564565577615,38.75024468161807,2022
2023_09_SEA_BAL,2023,9,37.0,3.0,34.0,40.0,1.3178361259072728,44.440102686749526,22.8789694063284,21.561133280421128,-6.0,44.5,202309,6.0,-4.682163874092727,28.0,-0.05989731325047387,-4.5,0.18394913144690841,0.1084387796113908,5.138720022068551,44.49350480844912,2022
2023_09_TB_HOU,2023,9,39.0,37.0,2.0,76.0,-0.0855834503553458,45.524531872946746,22.7194742112957,22.805057661651045,-2.5,39.5,202309,2.5,-2.5855834503553456,-0.5,6.024531872946746,36.5,0.18394913144690841,0.1084387796113908,2.0243841700236334,40.15329288403227,2022
2023_09_WAS_NE,2023,9,17.0,20.0,-3.0,37.0,1.4566552211285773,39.90064790924776,20.67865156518817,19.22199634405959,-2.5,40.5,202309,2.5,-1.0433447788714227,-5.5,-0.5993520907522409,-3.5,0.18394913144690841,0.1084387796113908,2.308077634126935,40.43500699072129,2022
2023_10_ATL_ARI,2023,10,25.0,23.0,2.0,48.0,-4.960736389507793,44.5852545880584,19.812259099275305,24.772995488783096,2.0,43.5,202310,-2.0,-2.960736389507793,4.0,1.0852545880583975,4.5,0.18394913144690841,0.1084387796113908,-2.544624887293214,43.617683683096715,2022
2023_10_CAR_CHI,2023,10,16.0,13.0,3.0,29.0,7.25842317810764,37.28354135104149,22.270982264574567,15.012559086466926,-3.0,38.0,202310,3.0,4.25842317810764,0.0,-0.7164586489585076,-9.0,0.18394913144690841,0.1084387796113908,3.7833332449462835,37.92230809846491,2022
2023_10_CLE_BAL,2023,10,31.0,33.0,-2.0,64.0,6.186854100993774,39.1350152224944,22.660934661744086,16.474080560750316,-6.0,38.5,202310,6.0,0.18685410099377364,-8.0,0.6350152224944026,25.5,0.18394913144690841,0.1084387796113908,6.034371649585098,38.56886027576195,2022
2023_10_DEN_BUF,2023,10,22.0,24.0,-2.0,46.0,14.411293946234125,46.16637975711559,30.28883685167485,15.87754290544073,-7.5,47.5,202310,7.5,6.9112939462341245,-9.5,-1.3336202428844075,-1.5,0.18394913144690841,0.1084387796113908,8.771326518584043,47.35538384839657,2022
2023_10_DET_LAC,2023,10,38.0,41.0,-3.0,79.0,-1.3923372868129609,50.529882622511714,24.568772667849377,25.961109954662337,2.5,48.5,202310,-2.5,1.1076627131870391,-0.5,2.029882622511714,30.5,0.18394913144690841,0.1084387796113908,-2.2962464059731182,48.72011799433954,2022
2023_10_GB_PIT,2023,10,23.0,19.0,4.0,42.0,0.8015321475485673,42.369494455239625,21.585513301394094,20.783981153845527,-3.0,38.5,202310,3.0,-2.198467852451433,1.0,3.869494455239625,3.5,0.18394913144690841,0.1084387796113908,2.595593748027609,38.91960325643923,2022
2023_10_HOU_CIN,2023,10,27.0,30.0,-3.0,57.0,7.500510821596885,45.60538868802364,26.55294975481026,19.052438933213377,-5.5,46.0,202310,5.5,2.000510821596885,-8.5,-0.39461131197636234,11.0,0.18394913144690841,0.1084387796113908,5.867992228082888,45.957208830908435,2022
2023_10_IND_NE,2023,10,6.0,10.0,-4.0,16.0,0.9163376099928456,42.79892398870927,21.857630799351057,20.941293189358213,1.0,42.0,202310,-1.0,1.9163376099928455,-3.0,0.7989239887092694,-26.0,0.18394913144690841,0.1084387796113908,-0.6474913610827717,42.086634342337895,2022
2023_10_NO_MIN,2023,10,27.0,19.0,8.0,46.0,-1.637030825328876,44.463489393081424,21.413229283876277,23.05026010920515,3.0,41.0,202310,-3.0,1.362969174671124,11.0,3.4634893930814243,5.0,0.18394913144690841,0.1084387796113908,-2.749283004130337,41.375576562982744,2022
2023_10_NYJ_LV,2023,10,16.0,12.0,4.0,28.0,6.62797150269895,39.22566251986537,22.92681701128216,16.29884550858321,1.0,35.5,202310,-1.0,7.62797150269895,5.0,3.7256625198653666,-7.5,0.18394913144690841,0.1084387796113908,0.40315873262324065,35.904006296898096,2022
2023_10_SF_JAX,2023,10,3.0,34.0,-31.0,37.0,-4.962532358044593,44.02618211582303,19.53182487888922,24.49435723693381,3.0,44.5,202310,-3.0,-1.9625323580445926,-28.0,-0.4738178841769667,-7.5,0.18394913144690841,0.1084387796113908,-3.3610061226987558,44.4486197668818,2022
2023_10_TEN_TB,2023,10,20.0,6.0,14.0,26.0,6.397319271111206,49.29870939240387,27.84801433175754,21.45069506064633,-2.5,39.5,202310,2.5,3.897319271111206,11.5,9.798709392403872,-13.5,0.18394913144690841,0.1084387796113908,3.2169084948922047,40.56256008827895,2022
2023_10_WAS_SEA,2023,10,29.0,26.0,3.0,55.0,4.773551588926245,42.26058411869336,23.5170678538098,18.74351626488356,-6.0,44.0,202310,6.0,-1.226448411073755,-3.0,-1.7394158813066412,11.0,0.18394913144690841,0.1084387796113908,5.774395880018542,43.811379864594436,2022
2023_11_ARI_HOU,2023,11,21.0,16.0,5.0,37.0,5.845482333176648,47.813735585286295,26.82960895923147,20.984126626054824,-5.5,48.0,202311,5.5,0.34548233317664767,-0.5,-0.1862644147137047,-11.0,0.18394913144690841,0.1084387796113908,5.5635511751180955,47.97980171418342,2022
2023_11_CHI_DET,2023,11,31.0,26.0,5.0,57.0,9.044189484741551,48.56978701236992,28.806988248555733,19.76279876381418,-8.0,48.0,202311,8.0,1.0441894847415512,-3.0,0.5697870123699218,9.0,0.18394913144690841,0.1084387796113908,8.192077748784204,48.06178700825981,2022
2023_11_CIN_BAL,2023,11,34.0,20.0,14.0,54.0,2.948644379979955,44.171417804616375,23.560031092298164,20.61138671231821,-4.0,46.5,202311,4.0,-1.0513556200200451,10.0,-2.3285821953836248,7.5,0.18394913144690841,0.1084387796113908,3.8066040468554867,46.24749138850779,2022
2023_11_DAL_CAR,2023,11,10.0,33.0,-23.0,43.0,-10.012951515285506,42.601787466427744,16.29441797557112,26.307369490856622,11.0,43.0,202311,-11.0,0.987048484714494,-12.0,-0.3982125335722557,0.0,0.18394913144690841,0.1084387796113908,-10.818433288540781,42.95681831883346,2022
2023_11_LAC_GB,2023,11,23.0,20.0,3.0,43.0,-1.5172952240046875,44.7895135066116,21.636109141303454,23.153404365308145,3.0,44.0,202311,-3.0,1.4827047759953125,6.0,0.7895135066115984,-1.0,0.18394913144690841,0.1084387796113908,-2.7272577442634796,44.08561388114367,2022
2023_11_LV_MIA,2023,11,20.0,13.0,7.0,33.0,5.709637339274731,40.084849485121794,22.89724341219826,17.187606072923533,-14.0,44.5,202311,14.0,-8.290362660725268,-7.0,-4.415150514878206,-11.5,0.18394913144690841,0.1084387796113908,12.474994989179706,44.021226466366,2022
2023_11_MIN_DEN,2023,11,21.0,20.0,1.0,41.0,-3.8916702686231615,42.165784892003146,19.137057311689997,23.028727580313152,-2.5,43.5,202311,2.5,-6.3916702686231615,-1.5,-1.3342151079968545,-2.5,0.18394913144690841,0.1084387796113908,1.3242578055917416,43.35531934194974,2022
2023_11_NYG_WAS,2023,11,19.0,31.0,-12.0,50.0,3.4235164896917967,37.50138444700176,20.462450468346777,17.038933978654978,-7.5,39.0,202311,7.5,-4.076483510308203,-19.5,-1.4986155529982383,11.0,0.18394913144690841,0.1084387796113908,6.750134398921162,38.83749195832622,2022
2023_11_NYJ_BUF,2023,11,32.0,6.0,26.0,38.0,13.763152067182943,38.05111234420472,25.90713220569383,12.143980138510887,-8.0,39.5,202311,8.0,5.7631520671829435,18.0,-1.4488876557952821,-1.5,0.18394913144690841,0.1084387796113908,9.060126817154757,39.34288439081155,2022
2023_11_PHI_KC,2023,11,17.0,21.0,-4.0,38.0,5.516441716295621,46.456264849746994,25.98635328302131,20.469911566725685,-2.5,46.0,202311,2.5,3.0164417162956214,-6.5,0.45626484974699366,-8.0,0.18394913144690841,0.1084387796113908,3.0548718337728014,46.04947680348614,2022
2023_11_SEA_LA,2023,11,17.0,16.0,1.0,33.0,-3.3814338415779392,48.44591209183926,22.532239125130666,25.9136729667086,-2.5,45.0,202311,2.5,-5.881433841577939,-1.5,3.4459120918392614,-12.0,0.18394913144690841,0.1084387796113908,1.418115353179284,45.37367050188718,2022
2023_11_TB_SF,2023,11,27.0,14.0,13.0,41.0,12.056202305245648,47.83718071701725,29.94669151113145,17.890489205885803,-13.5,41.5,202311,13.5,-1.4437976947543518,-0.5,6.337180717017247,-0.5,0.18394913144690841,0.1084387796113908,13.234414668064888,42.18719614313019,2022
2023_11_TEN_JAX,2023,11,34.0,14.0,20.0,48.0,8.073433064104062,44.90531267679247,26.489372870448264,18.415939806344205,-6.5,40.0,202311,6.5,1.5734330641040621,13.5,4.9053126767924695,8.0,0.18394913144690841,0.1084387796113908,6.78943164553179,40.53192612028366,2022
2023_12_BAL_LAC,2023,12,10.0,20.0,-10.0,30.0,-2.449079067107662,50.013374165044944,23.78214754896864,26.231226616076302,3.0,49.0,202312,-3.0,0.5509209328923381,-7.0,1.0133741650449437,-19.0,0.18394913144690841,0.1084387796113908,-2.8986585728985337,49.10988905774719,2022
2023_12_BUF_PHI,2023,12,37.0,34.0,3.0,71.0,-3.7960031811747994,46.73571744046124,21.46985712964322,25.265860310818017,-2.5,49.0,202312,2.5,-6.296003181174799,0.5,-2.2642825595387635,22.0,0.18394913144690841,0.1084387796113908,1.3418556832359232,48.75446396254826,2022
2023_12_CAR_TEN,2023,12,17.0,10.0,7.0,27.0,1.1983606407472622,39.26844352873659,20.233402084741925,19.035041443994665,-3.5,36.0,202312,3.5,-2.3016393592527375,3.5,3.26844352873659,-9.0,0.18394913144690841,0.1084387796113908,3.07661543896144,36.35442602748494,2022
2023_12_CHI_MIN,2023,12,10.0,12.0,-2.0,22.0,5.138304150527278,44.57224634420798,24.85527524736763,19.716971096840357,-3.0,43.5,202312,3.0,2.1383041505272784,-5.0,1.0722463442079828,-21.5,0.18394913144690841,0.1084387796113908,3.393339191258812,43.616273085008686,2022
2023_12_CLE_DEN,2023,12,29.0,12.0,17.0,41.0,-3.858608665305441,34.96213467619448,15.55176300544452,19.41037167074996,-1.5,37.5,202312,1.5,-5.358608665305441,15.5,-2.5378653238055193,3.5,0.18394913144690841,0.1084387796113908,0.514288590253187,37.224796981468465,2022
2023_12_GB_DET,2023,12,22.0,29.0,-7.0,51.0,7.383205022913592,50.96004794779334,29.171626485353467,21.788421462439874,-8.5,47.0,202312,8.5,-1.1167949770864078,-15.5,3.960047947793342,4.0,0.18394913144690841,0.1084387796113908,8.294566533960685,47.429422766661304,2022
2023_12_JAX_HOU,2023,12,21.0,24.0,-3.0,45.0,-0.0982141009707551,47.46844094721689,23.685113423123067,23.783327524093824,1.0,48.0,202312,-1.0,0.9017858990292449,-2.0,-0.5315590527831091,-3.0,0.18394913144690841,0.1084387796113908,-0.834117267122501,47.94235838502481,2022
2023_12_KC_LV,2023,12,17.0,31.0,-14.0,48.0,-6.032716603032602,44.11026156284285,19.038772479905123,25.071489082937727,9.0,42.5,202312,-9.0,2.9672833969673977,-5.0,1.610261562842851,5.5,0.18394913144690841,0.1084387796113908,-8.454170796371015,42.67461479872981,2022
2023_12_LA_ARI,2023,12,14.0,37.0,-23.0,51.0,-1.6949303204111594,42.843581805172526,20.574325742380683,22.269256062791843,3.0,45.0,202312,-3.0,1.3050696795888406,-20.0,-2.1564181948274737,6.0,0.18394913144690841,0.1084387796113908,-2.759933565961938,44.76616064262111,2022
2023_12_MIA_NYJ,2023,12,13.0,34.0,-21.0,47.0,-11.532468040894551,36.00858763875962,12.238059798932534,23.77052783982709,9.5,40.0,202312,-9.5,-2.0324680408945515,-11.5,-3.9914123612403785,7.0,0.18394913144690841,0.1084387796113908,-9.873870730816153,39.567176114621276,2022
2023_12_NE_NYG,2023,12,10.0,7.0,3.0,17.0,-1.3946993798908116,38.1248335701181,18.365067095113645,19.75976647500445,4.5,36.5,202312,-4.5,3.1053006201091886,7.5,1.6248335701180991,-19.5,0.18394913144690841,0.1084387796113908,-3.928782648049369,36.67619496941523,2022
2023_12_NO_ATL,2023,12,24.0,15.0,9.0,39.0,-1.900081085560672,45.1299680781478,21.614943496293563,23.515024581854234,2.0,42.0,202312,-2.0,0.09991891443932799,11.0,3.1299680781477974,-3.0,0.18394913144690841,0.1084387796113908,-1.9816200024737676,42.33940991861696,2022
2023_12_SF_SEA,2023,12,13.0,31.0,-18.0,44.0,-7.429668978364225,46.029454896471066,19.29989295905342,26.72956193741765,7.0,43.5,202312,-7.0,-0.4296689783642247,-11.0,2.5294548964710657,0.5,0.18394913144690841,0.1084387796113908,-7.079037235379779,43.77429100205538,2022
2023_12_TB_IND,2023,12,27.0,20.0,7.0,47.0,-0.3406820473944005,48.59997522280689,24.129646587706244,24.47032863510065,-2.5,45.0,202312,2.5,-2.8406820473944006,4.5,3.59997522280689,2.0,0.18394913144690841,0.1084387796113908,1.9774590046649745,45.39037691979242,2022
2023_12_WAS_DAL,2023,12,45.0,10.0,35.0,55.0,9.002952498337857,48.68883629393023,28.84589439613404,19.842941897796187,-13.0,48.0,202312,13.0,-3.997047501662143,22.0,0.6888362939302297,7.0,0.18394913144690841,0.1084387796113908,12.264746583717214,48.07469656706583,2022
2023_13_ARI_PIT,2023,13,10.0,24.0,-14.0,34.0,9.42908389682238,40.11782022253797,24.77345205968017,15.344368162857796,-6.0,41.0,202313,6.0,3.4290838968223802,-20.0,-0.8821797774620279,-7.0,0.18394913144690841,0.1084387796113908,6.630777004479057,40.90433750153417,2022
2023_13_ATL_NYJ,2023,13,8.0,13.0,-5.0,21.0,-7.487419478834372,33.04258667027615,12.77758359572089,20.26500307455526,2.0,33.0,202313,-2.0,-5.487419478834372,-3.0,0.04258667027615104,-12.0,0.18394913144690841,0.1084387796113908,-3.0094060470164297,33.00461804655246,2022
2023_13_CAR_TB,2023,13,21.0,18.0,3.0,39.0,6.45147068032152,41.77722030103929,24.114345490680407,17.662874810358886,-4.0,37.0,202313,4.0,2.4514706803215196,-1.0,4.777220301039293,2.0,0.18394913144690841,0.1084387796113908,4.450945902412705,37.51803593937946,2022
2023_13_CLE_LA,2023,13,36.0,19.0,17.0,55.0,0.780507793450042,45.27843318356855,23.029470488509297,22.24896269505925,-3.5,39.5,202313,3.5,-2.7194922065499583,13.5,5.778433183568552,15.5,0.18394913144690841,0.1084387796113908,2.9997517706284986,40.12660624249214,2022
2023_13_DEN_HOU,2023,13,22.0,17.0,5.0,39.0,3.256705129726712,49.590628685322784,26.423666907524748,23.16696177779804,-3.5,47.5,202313,3.5,-0.24329487027328822,1.5,2.090628685322784,-8.5,0.18394913144690841,0.1084387796113908,3.4552461199277404,47.72670522325697,2022
2023_13_DET_NO,2023,13,28.0,33.0,-5.0,61.0,-1.479810986158087,48.45390965903339,23.487049336437654,24.96686032259574,4.0,47.5,202313,-4.0,2.5201890138419127,-1.0,0.9539096590333926,13.5,0.18394913144690841,0.1084387796113908,-3.5364134198217396,47.603440799285096,2022
2023_13_IND_TEN,2023,13,28.0,31.0,-3.0,59.0,-1.3830686880497791,41.70698243938024,20.16195687566523,21.54502556371501,1.5,42.0,202313,-1.5,0.11693131195022088,-1.5,-0.29301756061975937,17.0,0.18394913144690841,0.1084387796113908,-1.4784905867278093,41.968225533321686,2022
2023_13_KC_GB,2023,13,27.0,19.0,8.0,46.0,-5.617719739217889,44.10951863516717,19.24589944797464,24.86361918719253,5.5,43.5,202313,-5.5,-0.11771973921788881,13.5,0.60951863516717,2.5,0.18394913144690841,0.1084387796113908,-5.521654443783287,43.56609545694793,2022
2023_13_LAC_NE,2023,13,0.0,6.0,-6.0,6.0,-1.3144921268593242,43.19588591989736,20.94069689651902,22.255189023378342,4.5,38.5,202313,-4.5,3.1855078731406756,-1.5,4.695885919897357,-32.5,0.18394913144690841,0.1084387796113908,-3.914028593518484,39.00921613834798,2022
2023_13_MIA_WAS,2023,13,15.0,45.0,-30.0,60.0,-6.689890585169147,45.19652582516463,19.25331761999774,25.943208205166886,8.5,50.0,202313,-8.5,1.810109414830853,-21.5,-4.803474174835372,10.0,0.18394913144690841,0.1084387796113908,-8.167031945317992,49.47911712258602,2022
2023_13_SEA_DAL,2023,13,41.0,35.0,6.0,76.0,7.93312197934457,50.19803995523742,29.065580967290995,21.132458987946425,-9.5,47.5,202313,9.5,-1.5668780206554302,-3.5,2.6980399552374195,28.5,0.18394913144690841,0.1084387796113908,9.211774149017183,47.79257216008872,2022
2023_13_SF_PHI,2023,13,19.0,42.0,-23.0,61.0,-5.195428491097947,34.187235788127026,14.49590364851454,19.691332139612488,3.0,46.5,202313,-3.0,-2.195428491097947,-20.0,-12.312764211872974,14.5,0.18394913144690841,0.1084387796113908,-3.403847164091264,45.164818875221684,2022
2023_14_BUF_KC,2023,14,17.0,20.0,-3.0,37.0,0.0975567370891501,45.384921020738034,22.74123887891359,22.64368214182444,-2.0,49.5,202314,2.0,-1.9024432629108499,-5.0,-4.115078979261966,-12.5,0.18394913144690841,0.1084387796113908,1.6500472141605267,49.05376585748434,2022
2023_14_CAR_NO,2023,14,28.0,6.0,22.0,34.0,8.743051389497037,44.37205669951095,26.557554044503995,17.814502655006955,-5.5,39.0,202314,5.5,3.2430513894970368,16.5,5.372056699510949,-5.0,0.18394913144690841,0.1084387796113908,6.096556486335669,39.58253927249817,2022
2023_14_DET_CHI,2023,14,28.0,13.0,15.0,41.0,-5.108437745634287,43.79239875174582,19.341980503055765,24.450418248690056,3.0,44.5,202314,-3.0,-2.108437745634287,18.0,-0.7076012482541785,-3.5,0.18394913144690841,0.1084387796113908,-3.3878452920193047,44.423268584187824,2022
2023_14_GB_NYG,2023,14,24.0,22.0,2.0,46.0,-5.596392918444411,42.33907350956562,18.371340295560607,23.967733214005012,6.0,37.5,202314,-6.0,0.403607081555589,8.0,4.8390735095656225,8.5,0.18394913144690841,0.1084387796113908,-5.925756827902028,38.02474322582711,2022
2023_14_HOU_NYJ,2023,14,30.0,6.0,24.0,36.0,-4.28815558153223,40.00157975115557,17.85671208481167,22.1448676663439,3.5,33.5,202314,-3.5,-0.7881555815322301,27.5,6.5015797511555675,2.5,0.18394913144690841,0.1084387796113908,-3.6449805346678867,34.20502337376144,2022
2023_14_IND_CIN,2023,14,34.0,14.0,20.0,48.0,2.1532119874224804,48.769854108040455,25.461533047731468,23.308321060308987,-3.0,45.0,202314,3.0,-0.8467880125775196,17.0,3.7698541080404553,3.0,0.18394913144690841,0.1084387796113908,2.8442340805667117,45.408798378788894,2022
2023_14_JAX_CLE,2023,14,31.0,27.0,4.0,58.0,0.1450827549813315,42.69700873425438,21.421045744617857,21.275962989636525,-2.5,37.5,202314,2.5,-2.3549172450186684,1.5,5.197008734254382,20.5,0.18394913144690841,0.1084387796113908,2.0668150181494696,38.06355728477229,2022
2023_14_LA_BAL,2023,14,37.0,31.0,6.0,68.0,6.03518046924346,43.58437482006632,24.809777644654886,18.77459717541143,-7.5,42.0,202314,7.5,-1.4648195307565404,-1.5,1.5843748200663228,26.0,0.18394913144690841,0.1084387796113908,7.2305477195908665,42.17180767193501,2022
2023_14_MIN_LV,2023,14,0.0,3.0,-3.0,3.0,0.5814229991005339,43.11553705192383,21.84848002551218,21.26705702641165,3.0,40.5,202314,-3.0,3.5814229991005337,0.0,2.6155370519238303,-37.5,0.18394913144690841,0.1084387796113908,-2.341200349971475,40.783625645939,2022
2023_14_NE_PIT,2023,14,18.0,21.0,-3.0,39.0,6.340360279979734,35.29386819705669,20.81711423851821,14.476753958538476,-6.0,30.0,202314,6.0,0.34036027997973406,-9.0,5.293868197056689,9.0,0.18394913144690841,0.1084387796113908,6.062608977881299,30.57406060671238,2022
2023_14_PHI_DAL,2023,14,33.0,13.0,20.0,46.0,7.426946948218834,55.06456091829062,31.24575393325473,23.81880698503589,-3.5,52.5,202314,3.5,3.926946948218834,16.5,2.564560918290617,-6.5,0.18394913144690841,0.1084387796113908,4.222358480362942,52.7780978562185,2022
2023_14_SEA_SF,2023,14,28.0,16.0,12.0,44.0,12.781176221961305,47.59127408205702,30.18622515200916,17.405048930047858,-14.5,44.5,202314,14.5,-1.7188237780386952,-2.5,3.0912740820570193,-0.5,0.18394913144690841,0.1084387796113908,14.183823858919489,44.83521398890259,2022
2023_14_TB_ATL,2023,14,25.0,29.0,-4.0,54.0,3.408730748740592,45.33715474025595,24.372942744498268,20.96421199575768,-1.5,41.5,202314,1.5,1.908730748740592,-5.5,3.837154740255947,12.5,0.18394913144690841,0.1084387796113908,1.851109363396839,41.91609637721342,2022
2023_14_TEN_MIA,2023,14,27.0,28.0,-1.0,55.0,11.222030010956262,48.41836281187546,29.82019641141586,18.5981664004596,-14.0,45.0,202314,14.0,-2.777969989043738,-15.0,3.418362811875461,10.0,0.18394913144690841,0.1084387796113908,13.488994833329826,45.37068309158874,2022
2023_15_ATL_CAR,2023,15,9.0,7.0,2.0,16.0,-5.342171708522836,35.2252662642497,14.941547277863432,20.283718986386265,3.0,32.0,202315,-3.0,-2.3421717085228364,5.0,3.225266264249697,-16.0,0.18394913144690841,0.1084387796113908,-3.430840451482297,32.34974393761703,2022
2023_15_BAL_JAX,2023,15,7.0,23.0,-16.0,30.0,-4.531879312772937,42.607522331211136,19.0378215092191,23.56970082199204,4.0,42.5,202315,-4.0,-0.5318793127729373,-12.0,0.10752233121113619,-12.5,0.18394913144690841,0.1084387796113908,-4.097838737619161,42.511659590377505,2022
2023_15_CHI_CLE,2023,15,20.0,17.0,3.0,37.0,3.354458492124108,38.55538895893716,20.954923725530637,17.600465233406524,-3.0,38.0,202315,3.0,0.35445849212410785,0.0,0.5553889589371579,-1.0,0.18394913144690841,0.1084387796113908,3.0652023317602106,38.06022570091679,2022
2023_15_DAL_BUF,2023,15,31.0,10.0,21.0,41.0,0.020028739287442,48.33052008717499,24.17527441323121,24.15524567394377,-2.0,49.5,202315,2.0,-1.979971260712558,19.0,-1.169479912825011,-8.5,0.18394913144690841,0.1084387796113908,1.6357860063020846,49.37318302547322,2022
2023_15_DEN_DET,2023,15,42.0,17.0,25.0,59.0,6.608118605480777,49.80648788494359,28.207303245212184,21.59918463973141,-5.5,49.0,202315,5.5,1.1081186054807768,19.5,0.8064878849435928,10.0,0.18394913144690841,0.1084387796113908,5.703837455018348,49.087454562014656,2022
2023_15_HOU_TEN,2023,15,16.0,19.0,-3.0,35.0,-0.7073269615233999,43.50173485052495,21.39720394450077,22.104530906024173,-3.0,38.0,202315,3.0,-3.7073269615233997,-6.0,5.501734850524947,-3.0,0.18394913144690841,0.1084387796113908,2.3180404254380647,38.59660141293638,2022
2023_15_KC_NE,2023,15,17.0,27.0,-10.0,44.0,-8.559049012197823,42.25903608257398,16.849993535188077,25.4090425473859,10.0,39.5,202315,-10.0,1.440950987802177,0.0,2.759036082573978,4.5,0.18394913144690841,0.1084387796113908,-9.734938317336225,39.79918650569812,2022
2023_15_MIN_CIN,2023,15,27.0,24.0,3.0,51.0,-0.9532529846002612,45.90945132940439,22.478099172402064,23.43135215700233,-3.0,41.5,202315,3.0,-3.9532529846002613,0.0,4.409451329404391,9.5,0.18394913144690841,0.1084387796113908,2.2728025470928834,41.97815552091644,2022
2023_15_NYG_NO,2023,15,24.0,6.0,18.0,30.0,6.657968755130428,42.0218393388448,24.339904046987613,17.681935291857187,-6.0,39.5,202315,6.0,0.6579687551304279,12.0,2.5218393388447993,-9.5,0.18394913144690841,0.1084387796113908,6.121032781025446,39.773465180280326,2022
2023_15_NYJ_MIA,2023,15,30.0,0.0,30.0,30.0,11.563051151816476,40.47298079256511,26.0180159721908,14.454964820374316,-7.5,36.0,202315,7.5,4.063051151816476,22.5,4.47298079256511,-6.0,0.18394913144690841,0.1084387796113908,8.247394730401002,36.48504457837095,2022
2023_15_PHI_SEA,2023,15,20.0,17.0,3.0,37.0,-2.023659077628359,47.04641586751011,22.51137839494088,24.53503747256924,5.0,46.0,202315,-5.0,2.976340922371641,8.0,1.0464158675101132,-9.0,0.18394913144690841,0.1084387796113908,-4.452504672439846,46.113472059638795,2022
2023_15_PIT_IND,2023,15,30.0,13.0,17.0,43.0,-0.9502061209554038,46.898905301428734,22.974349590236663,23.92455571119207,-1.5,41.5,202315,1.5,-2.4502061209554036,15.5,5.398905301428734,1.5,0.18394913144690841,0.1084387796113908,1.049286712184355,42.0854507021244,2022
2023_15_SF_ARI,2023,15,29.0,45.0,-16.0,74.0,-14.994776152465557,46.05162544003512,15.52842464378478,30.523200796250336,12.5,48.0,202315,-12.5,-2.4947761524655565,-3.5,-1.9483745599648827,26.0,0.18394913144690841,0.1084387796113908,-12.958911906400498,47.788720640491526,2022
2023_15_TB_GB,2023,15,20.0,34.0,-14.0,54.0,4.762396640579345,43.65486682568503,24.20863173313219,19.446235092552843,-4.0,41.5,202315,4.0,0.762396640579345,-18.0,2.1548668256850334,12.5,0.18394913144690841,0.1084387796113908,4.1402421998526115,41.73367112880236,2022
2023_15_WAS_LA,2023,15,28.0,20.0,8.0,48.0,5.7275046489310695,49.46838411167269,27.597944380301875,21.87043973137081,-6.5,48.5,202315,6.5,-0.7724953510689305,1.5,0.968384111672691,-0.5,0.18394913144690841,0.1084387796113908,6.357900151124095,48.60501039126485,2022
2023_16_ARI_CHI,2023,16,27.0,16.0,11.0,43.0,4.563218260793416,42.42167895380775,23.49244860730058,18.92923034650717,-4.5,42.0,202316,4.5,0.06321826079341619,6.5,0.4216789538077492,1.0,0.18394913144690841,0.1084387796113908,4.511628944164533,42.04572635113872,2022
2023_16_BAL_SF,2023,16,19.0,33.0,-14.0,52.0,5.716281112975697,48.62580703488681,27.171044073931256,21.45476296095556,-6.5,47.5,202316,6.5,-0.7837188870243033,-20.5,1.1258070348868117,4.5,0.18394913144690841,0.1084387796113908,6.355835591433341,47.62208114094104,2022
2023_16_BUF_LAC,2023,16,22.0,24.0,-2.0,46.0,-9.234333799287617,48.98544204778224,19.875554124247312,29.10988792353493,13.0,44.5,202316,-13.0,3.765666200712383,11.0,4.485442047782243,1.5,0.18394913144690841,0.1084387796113908,-12.307308973059978,44.98639586167912,2022
2023_16_CIN_PIT,2023,16,34.0,11.0,23.0,45.0,-1.1304910318799986,41.63600896871446,20.25275896841723,21.383250000297227,3.0,39.5,202316,-3.0,1.8695089681200014,26.0,2.1360089687144566,5.5,0.18394913144690841,0.1084387796113908,-2.6561054490821197,39.73162620580638,2022
2023_16_CLE_HOU,2023,16,22.0,36.0,-14.0,58.0,-1.8101655056743111,41.29636699849481,19.74310074641025,21.55326625208456,3.0,40.0,202316,-3.0,1.1898344943256889,-11.0,1.2963669984948112,18.0,0.18394913144690841,0.1084387796113908,-2.781130978203218,40.14057645524526,2022
2023_16_DAL_MIA,2023,16,22.0,20.0,2.0,42.0,1.5936396266112922,47.59460941945756,24.594124523034427,23.00048489642313,-1.5,48.5,202316,1.5,0.09363962661129221,0.5,-0.9053905805424378,-6.5,0.18394913144690841,0.1084387796113908,1.51722492798416,48.40182055037433,2022
2023_16_DET_MIN,2023,16,24.0,30.0,-6.0,54.0,-1.4200067000264738,48.61841907844177,23.59920618920765,25.01921288923412,2.5,47.5,202316,-2.5,1.0799932999735262,-3.5,1.118419078441768,6.5,0.18394913144690841,0.1084387796113908,-2.3013361705013895,47.62127999996032,2022
2023_16_GB_CAR,2023,16,30.0,33.0,-3.0,63.0,-4.591341698723861,42.08170403974905,18.745181170512595,23.33652286923645,3.5,39.5,202316,-3.5,-1.0913416987238609,0.5,2.5817040397490487,23.5,0.18394913144690841,0.1084387796113908,-3.700751357592048,39.779956835388184,2022
2023_16_IND_ATL,2023,16,29.0,10.0,19.0,39.0,-0.0981601220240204,45.65294715423495,22.777393516105462,22.875553638129485,-3.0,44.0,202316,3.0,-3.0981601220240202,16.0,1.6529471542349512,-5.0,0.18394913144690841,0.1084387796113908,2.4300961364702336,44.17924357216736,2022
2023_16_JAX_TB,2023,16,30.0,12.0,18.0,42.0,1.540084854505717,46.37318128488308,23.9566330696944,22.416548215188683,2.0,43.0,202316,-2.0,3.540084854505717,20.0,3.3731812848830813,-1.0,0.18394913144690841,0.1084387796113908,-1.3488044657653182,43.365783661940704,2022
2023_16_LV_KC,2023,16,14.0,20.0,-6.0,34.0,8.566604652338867,37.94151488669179,23.25405976951533,14.687455117176462,-11.0,40.5,202316,11.0,-2.4333953476611327,-17.0,-2.5584851133082083,-6.5,0.18394913144690841,0.1084387796113908,10.552379039330788,40.22256099665895,2022
2023_16_NE_DEN,2023,16,23.0,26.0,-3.0,49.0,1.9207591964759037,36.099392254786814,19.01007572563136,17.089316529155454,-7.0,37.5,202316,7.0,-5.079240803524097,-10.0,-1.4006077452131862,11.5,0.18394913144690841,0.1084387796113908,6.065678065782045,37.34811980539482,2022
2023_16_NO_LA,2023,16,30.0,22.0,8.0,52.0,-1.9670958669842264,49.15896804887946,23.595936090947617,25.56303195793184,-4.0,45.5,202316,4.0,-5.967095866984226,4.0,3.6589680488794585,6.5,0.18394913144690841,0.1084387796113908,2.9023578980078146,45.89677402985756,2022
2023_16_NYG_PHI,2023,16,33.0,25.0,8.0,58.0,8.025101858745412,41.29717991146261,24.66114088510401,16.636039026358596,-14.0,41.0,202316,14.0,-5.974898141254588,-6.0,0.2971799114626066,17.0,0.18394913144690841,0.1084387796113908,12.90092267643247,41.03222582692403,2022
2023_16_SEA_TEN,2023,16,17.0,20.0,-3.0,37.0,-0.6459766608648239,44.01315486567462,21.6835891024049,22.329565763269724,3.0,42.0,202316,-3.0,2.354023339135176,0.0,2.013154865674622,-5.0,0.18394913144690841,0.1084387796113908,-2.566979451360333,42.21830405680249,2022
2023_16_WAS_NYJ,2023,16,30.0,28.0,2.0,58.0,-0.974108272440806,36.19297703757367,17.60943438256643,18.58354265500724,-3.0,36.5,202316,3.0,-3.974108272440806,-1.0,-0.30702296242633054,21.5,0.18394913144690841,0.1084387796113908,2.26896623500854,36.46670680464182,2022
2023_17_ARI_PHI,2023,17,31.0,35.0,-4.0,66.0,11.763989464110754,45.612473638620905,28.68823155136583,16.924242087255074,-12.0,48.0,202317,12.0,-0.23601053588924614,-16.0,-2.387526361379095,18.0,0.18394913144690841,0.1084387796113908,11.956586066910853,47.74109955508202,2022
2023_17_ATL_CHI,2023,17,37.0,17.0,20.0,54.0,-2.142100298192405,38.86998952339167,18.36394461259963,20.506044910792035,-3.0,39.0,202317,3.0,-5.142100298192405,17.0,-0.13001047660832654,15.0,0.18394913144690841,0.1084387796113908,2.0541151163346183,38.9859018225799,2022
2023_17_CAR_JAX,2023,17,26.0,0.0,26.0,26.0,4.354758090220047,42.5084381569537,23.431598123586877,19.076840033366828,-3.5,38.0,202317,3.5,0.8547580902200469,22.5,4.5084381569537015,-12.0,0.18394913144690841,0.1084387796113908,3.657232008293196,38.48888953169349,2022
2023_17_CIN_KC,2023,17,25.0,17.0,8.0,42.0,6.862197459250696,43.44418221676494,25.15318983800782,18.290992378757124,-7.5,46.0,202317,7.5,-0.6378025407493038,0.5,-2.5558177832350566,-4.0,0.18394913144690841,0.1084387796113908,7.3826767765945345,45.7228502386769,2022
2023_17_DET_DAL,2023,17,20.0,19.0,1.0,39.0,0.9360088699032212,53.49662781530591,27.216318342604563,26.280309472701344,-5.5,53.0,202317,5.5,-4.563991130096779,-4.5,0.4966278153059065,-14.0,0.18394913144690841,0.1084387796113908,4.660457795687304,53.05385371421284,2022
2023_17_GB_MIN,2023,17,10.0,33.0,-23.0,43.0,1.0341361826121618,50.07456885850647,25.554352520559316,24.520216337947154,-1.0,42.5,202317,1.0,0.03413618261216178,-24.0,7.574568858506467,0.5,0.18394913144690841,0.1084387796113908,1.0062793211424201,43.32137700309889,2022
2023_17_LAC_DEN,2023,17,16.0,9.0,7.0,25.0,0.8416561339894322,40.053568385882976,20.447612259936204,19.60595612594677,-3.5,39.5,202317,3.5,-2.6583438660105676,3.5,0.5535683858829756,-14.5,0.18394913144690841,0.1084387796113908,3.0109999547601394,39.5600282801966,2022
2023_17_LA_NYG,2023,17,25.0,26.0,-1.0,51.0,-8.664813970331743,42.36487179440983,16.850028912039043,25.514842882370782,6.0,43.5,202317,-6.0,-2.6648139703317426,5.0,-1.1351282055901706,7.5,0.18394913144690841,0.1084387796113908,-6.490190215310111,43.376908082683336,2022
2023_17_LV_IND,2023,17,23.0,20.0,3.0,43.0,2.092822908393699,42.92283917668035,22.507831042537024,20.415008134143324,-3.5,42.5,202317,3.5,-1.4071770916063011,-0.5,0.4228391766803483,0.5,0.18394913144690841,0.1084387796113908,3.2411509962070344,42.545852164291105,2022
2023_17_MIA_BAL,2023,17,56.0,19.0,37.0,75.0,0.8126391941900959,46.71016470691563,23.761401950552862,22.948762756362765,-3.0,47.0,202317,3.0,-2.187360805809904,34.0,-0.28983529308437284,28.0,0.18394913144690841,0.1084387796113908,2.5976368796102585,46.96857061452962,2022
2023_17_NE_BUF,2023,17,27.0,21.0,6.0,48.0,11.6924407169334,41.6914551576064,26.6919479372699,14.9995072203365,-15.0,40.0,202317,15.0,-3.3075592830666007,-9.0,1.6914551576063985,8.0,0.18394913144690841,0.1084387796113908,14.39157734267074,40.18341933305823,2022
2023_17_NO_TB,2023,17,13.0,23.0,-10.0,36.0,-1.524325776001908,45.99086150869351,22.2332678663458,23.757593642347707,-2.5,42.5,202317,2.5,-4.024325776001908,-12.5,3.490861508693513,-6.5,0.18394913144690841,0.1084387796113908,1.7597287688450431,42.878544761795105,2022
2023_17_NYJ_CLE,2023,17,37.0,20.0,17.0,57.0,7.3213766832991665,35.2942766658481,21.307826674573636,13.986449991274467,-6.5,33.5,202317,6.5,0.8213766832991665,10.5,1.794276665848102,23.5,0.18394913144690841,0.1084387796113908,6.651091527483624,33.694569171929764,2022
2023_17_PIT_SEA,2023,17,23.0,30.0,-7.0,53.0,1.3640102773501366,43.52839488413364,22.44620258074189,21.08219230339175,-4.5,40.5,202317,4.5,-3.1359897226498634,-11.5,3.0283948841336397,12.5,0.18394913144690841,0.1084387796113908,3.9231374142921265,40.82839544541683,2022
2023_17_SF_WAS,2023,17,10.0,27.0,-17.0,37.0,-11.959278427539251,45.85793120277147,16.949326387616107,28.90860481515536,14.0,49.0,202317,-14.0,2.0407215724607486,-3.0,-3.142068797228532,-12.0,0.18394913144690841,0.1084387796113908,-13.624611039220877,48.659277894173506,2022
2023_17_TEN_HOU,2023,17,26.0,3.0,23.0,29.0,-0.8520670767844558,47.214621276613606,23.18127709991457,24.033344176699032,-5.0,44.0,202317,5.0,-5.852067076784456,18.0,3.214621276613606,-15.0,0.18394913144690841,0.1084387796113908,3.9235173440564513,44.34858960814879,2022
2023_18_ATL_NO,2023,18,48.0,17.0,31.0,65.0,3.096293427993868,42.96504955265704,23.030671490325453,19.934378062331582,-3.5,41.5,202318,3.5,-0.4037065720061319,27.5,1.4650495526570424,23.5,0.18394913144690841,0.1084387796113908,3.425738526720063,41.658868185560344,2022
2023_18_BUF_MIA,2023,18,14.0,21.0,-7.0,35.0,-1.3723872727248183,46.42550696870001,22.5265598479876,23.89894712071241,2.5,47.5,202318,-2.5,1.1276127272751817,-4.5,-1.074493031299987,-12.5,0.18394913144690841,0.1084387796113908,-2.292576618209251,47.383483286984884,2022
2023_18_CHI_GB,2023,18,17.0,9.0,8.0,26.0,5.968856024647931,44.75225005073681,25.360553037692373,19.39169701304444,-2.5,45.5,202318,2.5,3.4688560246479314,5.5,-0.7477499492631878,-19.5,0.18394913144690841,0.1084387796113908,3.1380930528483626,45.41891490804742,2022
2023_18_CLE_CIN,2023,18,31.0,14.0,17.0,45.0,-0.8478943386979818,41.66458265190561,20.40834415660381,21.2562384953018,-7.5,37.0,202318,7.5,-8.347894338697982,9.5,4.6645826519056115,8.0,0.18394913144690841,0.1084387796113908,5.964412086985942,37.50582165016911,2022
2023_18_DAL_WAS,2023,18,10.0,38.0,-28.0,48.0,-9.271139496538645,41.84890981989594,16.288885161678646,25.56002465821729,13.0,47.5,202318,-13.0,3.7288605034613553,-15.0,-5.651090180104063,0.5,0.18394913144690841,0.1084387796113908,-12.314079349101602,46.8872026773956,2022
2023_18_DEN_LV,2023,18,27.0,14.0,13.0,41.0,2.694802148666541,45.99777214960609,24.34628714913632,21.651485000469776,-3.5,37.5,202318,3.5,-0.805197851333459,9.5,8.497772149606092,3.5,0.18394913144690841,0.1084387796113908,3.3518845546042932,38.42148804131895,2022
2023_18_HOU_IND,2023,18,19.0,23.0,-4.0,42.0,1.1363104825611563,46.972033018647615,24.054171750604382,22.91786126804323,1.5,47.5,202318,-1.5,2.6363104825611563,-2.5,-0.5279669813523853,-5.5,0.18394913144690841,0.1084387796113908,-1.0150529765084952,47.44274790486704,2022
2023_18_JAX_TEN,2023,18,28.0,20.0,8.0,48.0,-1.6656109988804255,39.68718567448605,19.01078733780281,20.67639833668324,3.5,41.5,202318,-3.5,1.8343890011195745,11.5,-1.8128143255139477,6.5,0.18394913144690841,0.1084387796113908,-3.1625657365082924,41.30342062687922,2022
2023_18_KC_LAC,2023,18,12.0,13.0,-1.0,25.0,-8.886438573633242,41.43251635760564,16.2730388919862,25.15947746561944,-3.5,35.0,202318,3.5,-12.386438573633242,-4.5,6.4325163576056426,-10.0,0.18394913144690841,0.1084387796113908,1.221525382659682,35.697534223649065,2022
2023_18_LA_SF,2023,18,20.0,21.0,-1.0,41.0,7.885613795162746,42.112299456436816,24.99895662579978,17.113342830637034,-5.5,40.0,202318,5.5,2.3856137951627456,-6.5,2.1122994564368156,1.0,0.18394913144690841,0.1084387796113908,5.93883158558795,40.22905517522981,2022
2023_18_MIN_DET,2023,18,30.0,20.0,10.0,50.0,7.362405438113864,50.59682331661117,28.97961437736252,21.617208939248652,-3.5,47.5,202318,3.5,3.862405438113864,6.5,3.0968233166111716,2.5,0.18394913144690841,0.1084387796113908,4.210486125636861,47.835815741125415,2022
2023_18_NYJ_NE,2023,18,3.0,17.0,-14.0,20.0,2.53210173525207,33.04690848183994,17.789505108546006,15.257403373293936,-2.5,28.5,202318,2.5,0.03210173525206983,-16.5,4.546908481839942,-8.5,0.18394913144690841,0.1084387796113908,2.505905086317557,28.993061206775405,2022
2023_18_PHI_NYG,2023,18,27.0,10.0,17.0,37.0,-9.817020918832888,42.35673614109634,16.269857611131727,26.08687852996461,4.5,43.0,202318,-4.5,-5.317020918832888,21.5,-0.6432638589036586,-6.0,0.18394913144690841,0.1084387796113908,-5.478061379904353,42.93024525217238,2022
2023_18_PIT_BAL,2023,18,10.0,17.0,-7.0,27.0,8.802024875581154,43.21091975414862,26.006472314864887,17.204447439283733,3.0,34.0,202318,-3.0,11.802024875581154,-4.0,9.21091975414862,-7.0,0.18394913144690841,0.1084387796113908,-0.8290277748220394,34.998820897238325,2022
2023_18_SEA_ARI,2023,18,20.0,21.0,-1.0,41.0,-3.3710353554813715,49.42713841312843,23.02805152882353,26.3990868843049,2.5,48.0,202318,-2.5,-0.8710353554813715,1.5,1.4271384131284321,-7.0,0.18394913144690841,0.1084387796113908,-2.6602261971003474,48.15475714785618,2022
2023_18_TB_CAR,2023,18,0.0,9.0,-9.0,9.0,-3.2795859979454933,38.10725106426075,17.413832533157628,20.693418531103124,5.0,36.5,202318,-5.0,1.7204140020545067,-4.0,1.6072510642607511,-27.5,0.18394913144690841,0.1084387796113908,-4.6835313385929735,36.67428834393755,2022
2024_01_ARI_BUF,2024,1,34.0,28.0,6.0,62.0,11.66700077577864,44.560974976670096,28.113987876224368,16.446987100445728,-6.5,46.0,202401,6.5,5.167000775778639,-0.5,-1.4390250233299042,16.0,0.06527578597675439,0.09485968525399234,6.837280036781451,45.86349453921431,2023
2024_01_BAL_KC,2024,1,27.0,20.0,7.0,47.0,-2.687854475144153,44.352481936524775,20.83231373069031,23.520168205834462,-3.0,46.0,202401,3.0,-5.687854475144153,4.0,-1.647518063475225,1.0,0.06527578597675439,0.09485968525399234,2.6287208286135657,45.84371695504847,2023
2024_01_CAR_NO,2024,1,47.0,10.0,37.0,57.0,10.754715094049285,42.93401057295917,26.844362833504228,16.089647739454946,-3.5,41.5,202401,3.5,7.254715094049285,33.5,1.434010572959167,15.5,0.06527578597675439,0.09485968525399234,3.9735572298014907,41.63602979160181,2023
2024_01_DAL_CLE,2024,1,17.0,33.0,-16.0,50.0,-6.147054655478728,42.7431628713518,18.298054107936537,24.445108763415263,-2.5,42.0,202401,2.5,-8.647054655478728,-18.5,0.7431628713517995,8.0,0.06527578597675439,0.09485968525399234,1.935556710979673,42.07049619606889,2023
2024_01_GB_PHI,2024,1,34.0,29.0,5.0,63.0,-1.8126029348339172,51.49708879715176,24.84224293115892,26.65484586599284,-2.0,49.5,202401,2.0,-3.812602934833917,3.0,1.9970887971517612,13.5,0.06527578597675439,0.09485968525399234,1.7511293468114355,49.68944321472209,2023
2024_01_HOU_IND,2024,1,27.0,29.0,-2.0,56.0,0.4657128498746401,47.756739629774906,24.111226239824774,23.64551338995013,3.0,49.0,202401,-3.0,3.46571284987464,1.0,-1.2432603702250944,7.0,0.06527578597675439,0.09485968525399234,-2.7737728697546955,48.882064712591685,2023
2024_01_JAX_MIA,2024,1,20.0,17.0,3.0,37.0,4.388189967270453,46.22330813429534,25.305749050782893,20.917559083512444,-3.5,49.5,202401,3.5,0.8881899672704527,-0.5,-3.276691865704663,-12.5,0.06527578597675439,0.09485968525399234,3.5579772982102464,49.18917404094494,2023
2024_01_LA_DET,2024,1,26.0,20.0,6.0,46.0,3.968803419889789,52.88700256623159,28.427902993060687,24.4590995731709,-5.0,54.0,202401,5.0,-1.031196580110211,1.0,-1.1129974337684132,-8.0,0.06527578597675439,0.09485968525399234,4.9326878327367645,53.894421413744226,2023
2024_01_LV_LAC,2024,1,22.0,10.0,12.0,32.0,-0.2956870783496155,43.32025251695079,21.512282719300583,21.8079697976502,-3.0,41.0,202401,3.0,-3.2956870783496157,9.0,2.320252516950788,-9.0,0.06527578597675439,0.09485968525399234,2.7848714356272954,41.22009842346773,2023
2024_01_MIN_NYG,2024,1,6.0,28.0,-22.0,34.0,0.0336693183271077,40.65238627344445,20.343027795885774,20.30935847755867,1.0,42.5,202401,-1.0,1.0336693183271077,-21.0,-1.8476137265555508,-8.5,0.06527578597675439,0.09485968525399234,-0.9325264228061421,42.32473594342798,2023
2024_01_NE_CIN,2024,1,10.0,16.0,-6.0,26.0,7.1950708444791225,43.39516434125785,25.29511759286849,18.100046748389367,-8.0,40.5,202401,8.0,-0.8049291555208775,-14.0,2.8951643412578534,-14.5,0.06527578597675439,0.09485968525399234,7.947457616717769,40.774634378170305,2023
2024_01_NYJ_SF,2024,1,32.0,19.0,13.0,51.0,14.040476592827222,45.84932295302006,29.94489977292364,15.904423180096416,-3.5,43.0,202401,3.5,10.540476592827222,9.5,2.8493229530200566,8.0,0.06527578597675439,0.09485968525399234,4.188037894166379,43.27028587851046,2023
2024_01_PIT_ATL,2024,1,10.0,18.0,-8.0,28.0,0.1382250244063039,45.225711979418975,22.68196850191264,22.543743477506336,-4.0,43.0,202401,4.0,-3.861774975593696,-12.0,2.225711979418975,-15.0,0.06527578597675439,0.09485968525399234,3.74791960320276,43.21113033783372,2023
2024_02_ATL_PHI,2024,2,21.0,22.0,-1.0,43.0,3.4237668273629374,47.53478723955456,25.47927703345875,22.05551020609581,-5.5,46.5,202402,5.5,-2.0762331726370626,-6.5,1.0347872395545608,-3.5,0.06527578597675439,0.09485968525399234,5.3644722477851055,46.59815959184899,2023
2024_02_BUF_MIA,2024,2,10.0,31.0,-21.0,41.0,-3.2808098200704934,46.71783607004372,21.71851312498661,24.999322945057106,-2.5,48.5,202402,2.5,-5.780809820070493,-23.5,-1.7821639299562833,-7.5,0.06527578597675439,0.09485968525399234,2.1226530954127583,48.33094449053333,2023
2024_02_CIN_KC,2024,2,26.0,25.0,1.0,51.0,3.060389633646288,44.4476269064559,23.75400827005109,20.693618636404807,-6.5,47.5,202402,6.5,-3.439610366353712,-5.5,-3.052373093544098,3.5,0.06527578597675439,0.09485968525399234,6.275476729882469,47.21045284906865,2023
2024_02_CLE_JAX,2024,2,13.0,18.0,-5.0,31.0,1.4584266059089712,41.70890186693655,21.58366423642276,20.12523763051379,-3.0,41.5,202402,3.0,-1.5415733940910288,-8.0,0.2089018669365501,-10.5,0.06527578597675439,0.09485968525399234,2.8993725850598553,41.51981636534657,2023
2024_02_IND_GB,2024,2,16.0,10.0,6.0,26.0,4.18914789271124,37.7353492457542,20.96224856923272,16.77310067652148,3.0,41.5,202402,-3.0,7.18914789271124,9.0,-3.7646507542457996,-15.5,0.06527578597675439,0.09485968525399234,-2.530722720800146,41.14288641436104,2023
2024_02_LAC_CAR,2024,2,3.0,26.0,-23.0,29.0,-5.127695851633806,36.31956323148178,15.595933689923989,20.72362954155779,5.0,39.0,202402,-5.0,-0.12769585163380626,-18.0,-2.68043676851822,-10.0,0.06527578597675439,0.09485968525399234,-5.008335447081368,38.745734611795136,2023
2024_02_LA_ARI,2024,2,41.0,10.0,31.0,51.0,-5.3519533456110455,50.38080472388343,22.514425689136196,27.86637903474724,1.0,47.5,202402,-1.0,-4.3519533456110455,32.0,2.880804723883429,3.5,0.06527578597675439,0.09485968525399234,-1.2840771751689268,47.773272229385796,2023
2024_02_LV_BAL,2024,2,23.0,26.0,-3.0,49.0,9.279212955208676,43.70180930584363,26.490511130526155,17.211298175317477,-9.0,41.0,202402,9.0,0.27921295520867595,-12.0,2.701809305843632,8.0,0.06527578597675439,0.09485968525399234,9.018225845106139,41.25629278036863,2023
2024_02_NO_DAL,2024,2,19.0,44.0,-25.0,63.0,4.301315935624097,51.8729646361757,28.0871402858999,23.785824350275803,-6.5,47.0,202402,6.5,-2.198684064375903,-31.5,4.872964636175702,16.0,0.06527578597675439,0.09485968525399234,6.356479169583298,47.46224789164146,2023
2024_02_NYJ_TEN,2024,2,17.0,24.0,-7.0,41.0,0.4731559124055376,41.36426886684358,20.91871238962456,20.44555647721902,3.5,41.5,202402,-3.5,3.9731559124055376,-3.5,-0.13573113315641905,-0.5,0.06527578597675439,0.09485968525399234,-3.24064912500954,41.48712458742961,2023
2024_02_SEA_NE,2024,2,20.0,23.0,-3.0,43.0,-1.4965441924611782,42.35836637156144,20.43091108955013,21.92745528201131,3.5,39.0,202402,-3.5,2.003455807538822,0.5,3.358366371561438,4.0,0.06527578597675439,0.09485968525399234,-3.3692228474932104,39.31857357697391,2023
2024_02_SF_MIN,2024,2,23.0,17.0,6.0,40.0,-7.207003979844384,48.424544890868304,20.60877045551196,27.815774435356342,4.5,46.5,202402,-4.5,-2.7070039798443837,10.5,1.9245448908683045,-6.5,0.06527578597675439,0.09485968525399234,-4.676701812426544,46.682561722604945,2023
2024_02_TB_DET,2024,2,16.0,20.0,-4.0,36.0,4.184011614496348,51.92341702680575,28.05371432065105,23.8697027061547,-7.5,51.5,202402,7.5,-3.315988385503652,-11.5,0.4234170268057511,-15.5,0.06527578597675439,0.09485968525399234,7.28354625184646,51.54016520589398,2023
2024_03_BAL_DAL,2024,3,25.0,28.0,-3.0,53.0,-0.519365629621984,49.43807032895601,24.45935234966701,24.978717979289,1.5,47.5,202403,-1.5,0.980634370378016,-1.5,1.9380703289560088,5.5,0.06527578597675439,0.09485968525399234,-1.4359883207177553,47.68384474140487,2023
2024_03_CAR_LV,2024,3,22.0,36.0,-14.0,58.0,6.719038294526152,43.36531529501327,25.04217679476971,18.32313850024356,-5.5,40.0,202403,5.5,1.2190382945261522,-19.5,3.365315295013268,18.0,0.06527578597675439,0.09485968525399234,5.579573682810957,40.3192327496654,2023
2024_03_CHI_IND,2024,3,21.0,16.0,5.0,37.0,-0.2615837660794637,37.91093916480984,18.82467769936519,19.08626146544465,-1.5,43.0,202403,1.5,-1.7615837660794638,3.5,-5.0890608351901605,-6.0,0.06527578597675439,0.09485968525399234,1.385011235105272,42.51725329093544,2023
2024_03_DEN_TB,2024,3,7.0,26.0,-19.0,33.0,10.203404838639631,40.761668926469824,25.48253688255473,15.279132043915096,-6.0,40.5,202403,6.0,4.203404838639631,-25.0,0.26166892646982376,-7.5,0.06527578597675439,0.09485968525399234,6.274380554620694,40.52482183200568,2023
2024_03_DET_ARI,2024,3,13.0,20.0,-7.0,33.0,-4.845581301976367,51.84340102128246,23.498909859653047,28.344491161629414,3.0,51.5,202403,-3.0,-1.8455813019763667,-4.0,0.3434010212824603,-18.5,0.06527578597675439,0.09485968525399234,-3.120471770070509,51.53257491279475,2023
2024_03_GB_TEN,2024,3,14.0,30.0,-16.0,44.0,-4.42469863201203,41.53411441165708,18.554707889822524,22.979406521834555,-3.0,37.0,202403,3.0,-7.42469863201203,-19.0,4.534114411657079,7.0,0.06527578597675439,0.09485968525399234,2.5153469611548815,37.43010466599538,2023
2024_03_HOU_MIN,2024,3,34.0,7.0,27.0,41.0,0.9070326801778604,45.3412310582451,23.12413186921148,22.21709918903362,2.0,46.0,202403,-2.0,2.9070326801778603,29.0,-0.6587689417549001,-5.0,0.06527578597675439,0.09485968525399234,-1.8102411569412793,45.93750938553003,2023
2024_03_JAX_BUF,2024,3,47.0,10.0,37.0,57.0,9.945054556598375,46.42842041218352,28.186737484390942,18.24168292779257,-4.0,46.5,202403,4.0,5.945054556598375,33.0,-0.07157958781647977,10.5,0.06527578597675439,0.09485968525399234,4.388068108856644,46.49320998282912,2023
2024_03_KC_ATL,2024,3,17.0,22.0,-5.0,39.0,-1.2054738876714175,48.14685028308151,23.470688197705044,24.67616208537646,3.0,46.0,202403,-3.0,1.7945261123285825,-2.0,2.1468502830815126,-7.0,0.06527578597675439,0.09485968525399234,-2.8828608975619425,46.20364954214055,2023
2024_03_LAC_PIT,2024,3,20.0,10.0,10.0,30.0,0.8405700282323152,40.44714081790163,20.64385542306697,19.803285394834656,-3.0,36.0,202403,3.0,-2.159429971767685,7.0,4.4471408179016265,-6.0,0.06527578597675439,0.09485968525399234,2.859041511331104,36.42185437826633,2023
2024_03_MIA_SEA,2024,3,24.0,3.0,21.0,27.0,1.2568043915966702,41.52342174112812,21.390113066362392,20.133308674765725,-4.0,41.5,202403,4.0,-2.7431956084033295,17.0,0.0234217411281179,-14.5,0.06527578597675439,0.09485968525399234,3.8209357505734918,41.50222177899151,2023
2024_03_NE_NYJ,2024,3,24.0,3.0,21.0,27.0,0.9933207920020966,38.89428838237227,19.94380458718718,18.95048379518509,-6.5,39.0,202403,6.5,-5.5066792079979034,14.5,-0.10571161762773329,-12.0,0.06527578597675439,0.09485968525399234,6.140547186576086,38.98997222922414,2023
2024_03_NYG_CLE,2024,3,15.0,21.0,-6.0,36.0,4.41758737598289,41.04114073022714,22.729364053105016,18.31177667712213,-6.5,38.0,202403,6.5,-2.0824126240171097,-12.5,3.0411407302271414,-2.0,0.06527578597675439,0.09485968525399234,6.364068879239368,38.288481652482446,2023
2024_03_PHI_NO,2024,3,12.0,15.0,-3.0,27.0,6.616370755024903,54.80162218226393,30.70899646864441,24.092625713619512,-2.5,49.0,202403,2.5,4.116370755024903,-5.5,5.801622182263927,-22.0,0.06527578597675439,0.09485968525399234,2.7686993364059767,49.55034005417214,2023
2024_03_SF_LA,2024,3,27.0,24.0,3.0,51.0,-5.7808065511102384,51.323008290645255,22.77110086976751,28.551907420877747,6.0,44.5,202403,-6.0,0.21919344888976156,9.0,6.823008290645255,6.5,0.06527578597675439,0.09485968525399234,-5.985691975342765,45.14722841893599,2023
2024_03_WAS_CIN,2024,3,33.0,38.0,-5.0,71.0,5.7107626266517855,44.48419286321808,25.09747774493493,19.386715118283146,-7.5,46.0,202403,7.5,-1.7892373733482145,-12.5,-1.5158071367819232,25.0,0.06527578597675439,0.09485968525399234,7.383206124155712,45.85621101209911,2023
2024_04_BUF_BAL,2024,4,35.0,10.0,25.0,45.0,0.008058052894986,50.31936254965869,25.16371030127684,25.15565224838185,-2.5,46.5,202404,2.5,-2.491941947105014,22.5,3.819362549658692,-1.5,0.06527578597675439,0.09485968525399234,2.3373365307942766,46.86230352933151,2023
2024_04_CIN_CAR,2024,4,24.0,34.0,-10.0,58.0,-6.411875621600567,43.98019728164885,18.784160830024145,25.196036451624707,4.5,47.0,202404,-4.5,-1.9118756216005668,-5.5,-3.0198027183511513,11.0,0.06527578597675439,0.09485968525399234,-4.624799183889773,46.71354246460806,2023
2024_04_CLE_LV,2024,4,20.0,16.0,4.0,36.0,1.6368431159018615,43.62546369248663,22.631153404194247,20.994310288292382,2.5,36.5,202404,-2.5,4.136843115901861,6.5,7.125463692486633,-0.5,0.06527578597675439,0.09485968525399234,-2.2299643141469803,37.175919243158035,2023
2024_04_DAL_NYG,2024,4,15.0,20.0,-5.0,35.0,-3.937911426065963,43.351717359035085,19.70690296648456,23.64481439255053,5.5,45.0,202404,-5.5,1.5620885739340369,0.5,-1.648282640964915,-10.0,0.06527578597675439,0.09485968525399234,-5.398033440571148,44.84364442746845,2023
2024_04_DEN_NYJ,2024,4,9.0,10.0,-1.0,19.0,6.904262126338029,37.983427019635606,22.44384457298682,15.539582446648788,-7.5,39.5,202404,7.5,-0.595737873661971,-8.5,-1.5165729803643941,-20.5,0.06527578597675439,0.09485968525399234,7.461112742060594,39.35613836441792,2023
2024_04_JAX_HOU,2024,4,24.0,20.0,4.0,44.0,3.344859546073004,46.18646294395893,24.765661245015966,21.420801698942963,-5.5,44.5,202404,5.5,-2.155140453926996,-1.5,1.6864629439589294,-0.5,0.06527578597675439,0.09485968525399234,5.359321512979616,44.659977344056465,2023
2024_04_KC_LAC,2024,4,10.0,17.0,-7.0,27.0,-1.8002938118439369,45.55367088956911,21.876688538862584,23.67698235070652,7.5,41.5,202404,-7.5,5.699706188156063,0.5,4.053670889569112,-14.5,0.06527578597675439,0.09485968525399234,-7.127947198731542,41.8845299447078,2023
2024_04_LA_CHI,2024,4,24.0,18.0,6.0,42.0,0.3140733185604352,38.47448730801536,19.394280313287894,19.08020699472746,-3.0,40.0,202404,3.0,-2.6859266814395646,3.0,-1.5255126919846376,2.0,0.06527578597675439,0.09485968525399234,2.824674024793097,39.85529034618737,2023
2024_04_MIN_GB,2024,4,29.0,31.0,-2.0,60.0,3.3061003094064403,44.23399904143316,23.7700496754198,20.46394936601336,-2.5,44.0,202404,2.5,0.8061003094064403,-4.5,0.23399904143315808,16.0,0.06527578597675439,0.09485968525399234,2.55261883127261,44.02219707542009,2023
2024_04_NE_SF,2024,4,30.0,13.0,17.0,43.0,12.87941393364,45.613896451295055,29.24665519246753,16.367241258827526,-10.5,41.5,202404,10.5,2.3794139336400004,6.5,4.113896451295055,1.5,0.06527578597675439,0.09485968525399234,10.655318114682393,41.89024292253737,2023
2024_04_NO_ATL,2024,4,26.0,24.0,2.0,50.0,-4.0624799706658585,48.463991889688,22.20075595951107,26.26323593017693,-2.5,41.5,202404,2.5,-6.5624799706658585,-0.5,6.963991889688003,8.5,0.06527578597675439,0.09485968525399234,2.071628961958078,42.16060207876716,2023
2024_04_PHI_TB,2024,4,33.0,16.0,17.0,49.0,0.8691765018497655,46.81227996823397,23.84072823504187,22.971551733192104,1.0,42.0,202404,-1.0,1.8691765018497655,18.0,4.812279968233973,7.0,0.06527578597675439,0.09485968525399234,-0.8779880347124762,42.45649136314076,2023
2024_04_PIT_IND,2024,4,27.0,24.0,3.0,51.0,-2.3688898204796485,45.41723014444469,21.52417016198252,23.893059982462173,2.5,40.0,202404,-2.5,0.13111017952035153,5.5,5.417230144444687,11.0,0.06527578597675439,0.09485968525399234,-2.491441679982256,40.513876746450464,2023
2024_04_SEA_DET,2024,4,42.0,29.0,13.0,71.0,4.693827474656365,49.58194128028232,27.13788437746934,22.44405690281297,-3.5,46.5,202404,3.5,1.1938274746563646,9.5,3.0819412802823223,24.5,0.06527578597675439,0.09485968525399234,3.577928026728838,46.79235197981887,2023
2024_04_TEN_MIA,2024,4,12.0,31.0,-19.0,43.0,4.896484635036621,42.9628723786532,23.92967850684491,19.033193871808287,-2.5,37.0,202404,2.5,2.3964846350366207,-21.5,5.962872378653202,6.0,0.06527578597675439,0.09485968525399234,2.656432418133231,37.56563619704877,2023
2024_04_WAS_ARI,2024,4,14.0,42.0,-28.0,56.0,-0.5524641525804403,51.84430680736154,25.64592132739055,26.19838547997099,-3.5,49.0,202404,3.5,-4.05246415258044,-31.5,2.8443068073615407,7.0,0.06527578597675439,0.09485968525399234,3.2354722172976897,49.269810048512106,2023
2024_05_ARI_SF,2024,5,23.0,24.0,-1.0,47.0,12.358746132182556,49.78442491169119,31.07158552193687,18.71283938975432,-7.0,48.5,202405,7.0,5.3587461321825565,-8.0,1.2844249116911897,-1.5,0.06527578597675439,0.09485968525399234,7.349796365628109,48.62184014285541,2023
2024_05_BAL_CIN,2024,5,38.0,41.0,-3.0,79.0,-4.3704219066519325,47.68181559556932,21.65569684445869,26.026118751110623,2.5,48.5,202405,-2.5,-1.8704219066519325,-0.5,-0.8181844044306814,30.5,0.06527578597675439,0.09485968525399234,-2.6220932600648443,48.42238728491598,2023
2024_05_BUF_HOU,2024,5,23.0,20.0,3.0,43.0,-4.591660985984161,51.07548139644337,23.241910205229605,27.833571191213768,-1.0,48.0,202405,1.0,-5.591660985984161,2.0,3.0754813964433723,-5.0,0.06527578597675439,0.09485968525399234,0.6349999342243304,48.29173919727113,2023
2024_05_CAR_CHI,2024,5,36.0,10.0,26.0,46.0,6.699371650147334,38.70918466827371,22.70427815921052,16.004906509063186,-4.0,40.0,202405,4.0,2.6993716501473344,22.0,-1.290815331726293,6.0,0.06527578597675439,0.09485968525399234,4.176203606106736,39.877553663911414,2023
2024_05_CLE_WAS,2024,5,34.0,13.0,21.0,47.0,4.871973950950912,46.20502147615404,25.538497713552477,20.666523762601564,-3.0,44.0,202405,3.0,1.8719739509509123,18.0,2.2050214761540374,3.0,0.06527578597675439,0.09485968525399234,3.122194570976331,44.209167643206264,2023
2024_05_DAL_PIT,2024,5,17.0,20.0,-3.0,37.0,-2.0188933896214194,44.60936326138436,21.29523493588147,23.31412832550289,-2.5,43.5,202405,2.5,-4.51889338962142,-5.5,1.1093632613843596,-6.5,0.06527578597675439,0.09485968525399234,2.205025682247302,43.60523384980726,2023
2024_05_GB_LA,2024,5,19.0,24.0,-5.0,43.0,-0.1518084425384513,53.09988691948928,26.474039238475413,26.625847681013862,3.0,49.5,202405,-3.0,2.848191557461549,-2.0,3.599886919489279,-6.5,0.06527578597675439,0.09485968525399234,-2.8140820574743413,49.841484140132714,2023
2024_05_IND_JAX,2024,5,37.0,34.0,3.0,71.0,0.4832242842033156,43.33498195672112,21.909103120462216,21.4258788362589,-3.5,45.0,202405,3.5,-3.0167757157966846,-0.5,-1.6650180432788773,26.0,0.06527578597675439,0.09485968525399234,3.3030775940357855,44.842056912472344,2023
2024_05_LV_DEN,2024,5,34.0,18.0,16.0,52.0,-3.2581203289207443,33.283482708368496,15.012681189723876,18.27080151864462,-3.0,36.0,202405,3.0,-6.258120328920745,13.0,-2.7165172916315043,16.0,0.06527578597675439,0.09485968525399234,2.5914962767925935,35.74231202472881,2023
2024_05_MIA_NE,2024,5,10.0,15.0,-5.0,25.0,-1.7911977816990108,37.817399721302095,18.013100969801542,19.804298751500557,2.0,37.0,202405,-2.0,0.20880221830098922,-3.0,0.8173997213020954,-12.0,0.06527578597675439,0.09485968525399234,-1.986370271086713,37.07753828028942,2023
2024_05_NO_KC,2024,5,26.0,13.0,13.0,39.0,0.6657307265768458,45.55354561923096,23.109638172903903,22.443907446327056,-5.5,43.0,202405,5.5,-4.834269273423154,7.5,2.5535456192309596,-4.0,0.06527578597675439,0.09485968525399234,5.18443927355403,43.242228533721956,2023
2024_05_NYG_SEA,2024,5,20.0,29.0,-9.0,49.0,5.945936870071023,44.26341943655537,25.104678153313195,19.15874128324217,-7.0,42.5,202405,7.0,-1.054063129928977,-16.0,1.7634194365553668,6.5,0.06527578597675439,0.09485968525399234,6.931195200724768,42.66727741272241,2023
2024_05_NYJ_MIN,2024,5,23.0,17.0,6.0,40.0,4.289881626626847,39.81094153405513,22.050411580340988,17.760529953714144,-2.5,42.0,202405,2.5,1.7898816266268467,3.5,-2.1890584659448677,-2.0,0.06527578597675439,0.09485968525399234,2.616835929983419,41.79234660291788,2023
2024_05_TB_ATL,2024,5,36.0,30.0,6.0,66.0,-2.184059217698401,45.37075278135261,21.593346781827105,23.77740599952551,-2.5,44.0,202405,2.5,-4.684059217698401,3.5,1.370752781352607,22.0,0.06527578597675439,0.09485968525399234,2.1942443530030755,44.13002917740014,2023
2024_06_ARI_GB,2024,6,34.0,13.0,21.0,47.0,6.169724084720999,49.1671412927866,27.6684326887538,21.498708604032803,-5.5,47.0,202406,5.5,0.6697240847209986,15.5,2.167141292786603,0.0,0.06527578597675439,0.09485968525399234,5.543716766017726,47.20557434093467,2023
2024_06_ATL_CAR,2024,6,20.0,38.0,-18.0,58.0,-3.7195198424602185,43.45655642442321,19.8685182909815,23.588038133441717,6.0,45.5,202406,-6.0,2.2804801575397815,-12.0,-2.043443575576788,12.5,0.06527578597675439,0.09485968525399234,-5.851139865312198,45.30615958558649,2023
2024_06_BUF_NYJ,2024,6,20.0,23.0,-3.0,43.0,-3.929056218936177,40.56696972163041,18.31895675134712,22.24801297028329,1.0,42.0,202406,-1.0,-2.929056218936177,-2.0,-1.4330302783695927,1.0,0.06527578597675439,0.09485968525399234,-1.1911964468611593,41.86406319883442,2023
2024_06_CIN_NYG,2024,6,7.0,17.0,-10.0,24.0,-3.4230891477360488,47.3833877040657,21.980149278164827,25.40323842590088,4.5,46.0,202406,-4.5,1.0769108522639512,-5.5,1.3833877040656972,-22.0,0.06527578597675439,0.09485968525399234,-4.429703797691574,46.131227722191916,2023
2024_06_CLE_PHI,2024,6,20.0,16.0,4.0,36.0,4.70376364180864,43.72548738534452,24.214625513576586,19.51086187176794,-8.0,42.0,202406,8.0,-3.2962363581913596,-4.0,1.7254873853445218,-6.0,0.06527578597675439,0.09485968525399234,7.784835580953905,42.16367919028352,2023
2024_06_DET_DAL,2024,6,9.0,47.0,-38.0,56.0,-0.5169227947146651,53.11601909006103,26.299548147673185,26.81647094238785,3.5,52.5,202406,-3.5,2.983077205285335,-34.5,0.6160190900610303,3.5,0.06527578597675439,0.09485968525399234,-3.30527729079566,52.55843537699364,2023
2024_06_IND_TEN,2024,6,17.0,20.0,-3.0,37.0,-0.9174102156597002,44.04240639710076,21.562498090720528,22.479908306380228,-2.5,42.0,202406,2.5,-3.4174102156597,-5.5,2.0424063971007627,-5.0,0.06527578597675439,0.09485968525399234,2.2769258621678232,42.19374202798972,2023
2024_06_JAX_CHI,2024,6,35.0,16.0,19.0,51.0,5.242256065964842,41.90361693589399,23.572936500929416,18.33068043496457,1.5,44.5,202406,-1.5,6.742256065964842,20.5,-2.596383064106007,6.5,0.06527578597675439,0.09485968525399234,-1.059893936037605,44.25370791974011,2023
2024_06_LAC_DEN,2024,6,16.0,23.0,-7.0,39.0,-1.5771965779770216,35.674778314181246,17.048790868102113,18.625987446079133,3.0,37.0,202406,-3.0,1.4228034220229784,-4.0,-1.3252216858187538,2.0,0.06527578597675439,0.09485968525399234,-2.9071253883370343,36.874289887991466,2023
2024_06_PIT_LV,2024,6,13.0,32.0,-19.0,45.0,-1.778653841841061,42.694603692412976,20.45797492528596,22.23662876712702,3.5,36.5,202406,-3.5,1.721346158158939,-15.5,6.194603692412976,8.5,0.06527578597675439,0.09485968525399234,-3.3876377765881087,37.08761815653551,2023
2024_06_SF_SEA,2024,6,24.0,36.0,-12.0,60.0,-4.147700159329942,46.95023920214796,21.40126952140901,25.54896968073895,3.5,49.0,202406,-3.5,-0.6477001593299416,-8.5,-2.049760797852038,11.0,0.06527578597675439,0.09485968525399234,-3.542279136977531,48.805560335869785,2023
2024_06_WAS_BAL,2024,6,30.0,23.0,7.0,53.0,8.194919971674759,52.20344562209301,30.19918279688389,22.00426282520913,-6.5,51.5,202406,6.5,1.694919971674759,0.5,0.7034456220930068,1.5,0.06527578597675439,0.09485968525399234,6.610637233318768,51.56672863030504,2023
2024_07_BAL_TB,2024,7,31.0,41.0,-10.0,72.0,-3.0991430839745013,49.43208868327717,23.16647279965133,26.26561588362584,4.5,51.0,202407,-4.5,1.4008569160254987,-5.5,-1.567911316722828,21.0,0.06527578597675439,0.09485968525399234,-4.408557963765463,50.8512684259895,2023
2024_07_CAR_WAS,2024,7,40.0,7.0,33.0,47.0,9.037517161888823,46.50539898199535,27.771458071942085,18.733940910053263,-10.0,51.0,202407,10.0,-0.9624828381111765,23.0,-4.494601018004651,-4.0,0.06527578597675439,0.09485968525399234,9.937173176253156,50.573643562089806,2023
2024_07_CIN_CLE,2024,7,14.0,21.0,-7.0,35.0,-6.3150973848289365,39.382175447000165,16.533539031085613,22.84863641591455,5.5,42.0,202407,-5.5,-0.8150973848289365,-1.5,-2.617824552999835,-7.0,0.06527578597675439,0.09485968525399234,-5.5532061224423055,41.75167398685226,2023
2024_07_DET_MIN,2024,7,29.0,31.0,-2.0,60.0,-4.816495831744021,49.03582985878044,22.10966701351821,26.92616284526223,-1.0,50.5,202407,1.0,-5.816495831744021,-3.0,-1.4641701412195616,9.5,0.06527578597675439,0.09485968525399234,0.6203236629523933,50.36110928124562,2023
2024_07_HOU_GB,2024,7,24.0,22.0,2.0,46.0,3.9604648167381855,48.8034782703325,26.381971543535343,22.421506726797155,-3.0,48.0,202407,3.0,0.9604648167381855,-1.0,0.8034782703324979,-2.0,0.06527578597675439,0.09485968525399234,3.0626950958156045,48.07621769583216,2023
2024_07_KC_SF,2024,7,18.0,28.0,-10.0,46.0,3.6762241598840713,47.86088568673096,25.76855492330752,22.092330763423444,-2.5,47.5,202407,2.5,1.1762241598840713,-12.5,0.3608856867309598,-1.5,0.06527578597675439,0.09485968525399234,2.5767789565212804,47.53423350265597,2023
2024_07_LAC_ARI,2024,7,17.0,15.0,2.0,32.0,-0.5227699857632366,46.891611082070895,23.18442054815383,23.707190533917064,1.0,44.0,202407,-1.0,0.47723001423676337,3.0,2.891611082070895,-12.0,0.06527578597675439,0.09485968525399234,-0.9688484357289976,44.274297317122205,2023
2024_07_LV_LA,2024,7,20.0,15.0,5.0,35.0,4.766875987685514,46.713583668251005,25.74022982796826,20.973353840282744,-7.0,43.0,202407,7.0,-2.2331240123144864,-2.0,3.7135836682510046,-8.0,0.06527578597675439,0.09485968525399234,6.854231074912609,43.352269377934654,2023
2024_07_MIA_IND,2024,7,16.0,10.0,6.0,26.0,0.8427328941838699,45.29398932624473,23.068361110214298,22.22562821603043,-3.0,44.0,202407,3.0,-2.15726710581613,3.0,1.293989326244727,-18.0,0.06527578597675439,0.09485968525399234,2.859182694106054,44.1227474202096,2023
2024_07_NYJ_PIT,2024,7,37.0,15.0,22.0,52.0,4.181604617165538,39.92876741084953,22.055186014007536,17.873581396841995,3.0,40.0,202407,-3.0,7.181604617165538,25.0,-0.07123258915046904,12.0,0.06527578597675439,0.09485968525399234,-2.531215114040231,39.99324289901336,2023
2024_07_PHI_NYG,2024,7,3.0,28.0,-25.0,31.0,-2.2499156863157483,43.87304629571003,20.811565304697144,23.06148099101289,3.0,42.0,202407,-3.0,0.7500843136842517,-22.0,1.873046295710033,-11.0,0.06527578597675439,0.09485968525399234,-2.951037656875426,42.17767658207721,2023
2024_07_SEA_ATL,2024,7,14.0,34.0,-20.0,48.0,1.062439012267792,50.33526761277028,25.69885331251904,24.636414300251243,-3.0,51.5,202407,3.0,-1.937560987732208,-23.0,-1.1647323872297193,-3.5,0.06527578597675439,0.09485968525399234,2.8735241836478838,51.389513852342255,2023
2024_07_TEN_BUF,2024,7,34.0,10.0,24.0,44.0,8.86834236325232,47.4076390802734,28.13799072176286,19.269648358510537,-9.5,41.0,202407,9.5,-0.6316576367476792,14.5,6.407639080273398,3.0,0.06527578597675439,0.09485968525399234,9.458768051293076,41.60782662637592,2023
2024_08_ARI_MIA,2024,8,27.0,28.0,-1.0,55.0,1.9225464284363003,41.57189685045478,21.747221639445534,19.82467521100924,-4.0,46.5,202408,4.0,-2.0774535715636997,-5.0,-4.9281031495452225,8.5,0.06527578597675439,0.09485968525399234,3.8643925852859637,46.03252168633493,2023
2024_08_ATL_TB,2024,8,26.0,31.0,-5.0,57.0,4.253051641350593,47.700135179342304,25.97659341034645,21.72354176899585,1.5,47.0,202408,-1.5,5.753051641350593,-3.5,0.7001351793423041,10.0,0.06527578597675439,0.09485968525399234,-1.124465032345983,47.066414602747656,2023
2024_08_BAL_CLE,2024,8,29.0,24.0,5.0,53.0,-11.046777087773684,47.19317203918264,18.07319747570448,29.119974563478163,7.5,44.5,202408,-7.5,-3.546777087773684,12.5,2.6931720391826417,8.5,0.06527578597675439,0.09485968525399234,-7.731518662088771,44.75547345197172,2023
2024_08_BUF_SEA,2024,8,10.0,31.0,-21.0,41.0,-4.491577898424053,47.19635690292479,21.352389502250368,25.843967400674423,3.0,45.5,202408,-3.0,-1.4915778984240529,-18.0,1.6963569029247907,-4.5,0.06527578597675439,0.09485968525399234,-3.0973639196651854,45.660915881889885,2023
2024_08_CAR_DEN,2024,8,28.0,14.0,14.0,42.0,9.378051381803523,36.132192566733295,22.75512197426841,13.377070592464886,-13.0,40.5,202408,13.0,-3.621948618196477,1.0,-4.367807433266705,1.5,0.06527578597675439,0.09485968525399234,12.763574457179805,40.08567116163027,2023
2024_08_CHI_WAS,2024,8,18.0,15.0,3.0,33.0,2.102206246428711,44.839925338991314,23.47106579271001,21.3688595462813,-1.5,46.5,202408,1.5,0.602206246428711,1.5,-1.6600746610086858,-13.5,0.06527578597675439,0.09485968525399234,1.5393094860557452,46.34252584015859,2023
2024_08_DAL_SF,2024,8,30.0,24.0,6.0,54.0,6.283158216241754,48.006016546493015,27.144587381367383,20.86142916512563,-5.5,48.0,202408,5.5,0.7831582162417536,0.5,0.006016546493015085,6.0,0.06527578597675439,0.09485968525399234,5.551121268109333,48.000570727706645,2023
2024_08_GB_JAX,2024,8,27.0,30.0,-3.0,57.0,-2.8002022219063574,49.24329176091038,23.22154476950201,26.02174699140837,3.5,49.0,202408,-3.5,0.6997977780936426,0.5,0.24329176091038107,8.0,0.06527578597675439,0.09485968525399234,-3.454320150010151,49.02307857986485,2023
2024_08_IND_HOU,2024,8,23.0,20.0,3.0,43.0,4.630414658680822,44.75814152230048,24.69427809049065,20.063863431809832,-5.0,45.0,202408,5.0,-0.3695853413191781,-2.0,-0.24185847769952318,-2.0,0.06527578597675439,0.09485968525399234,4.975875026359904,44.977057380929416,2023
2024_08_KC_LV,2024,8,20.0,27.0,-7.0,47.0,-6.821989362566828,42.6605490375922,17.919279837512683,24.741269200079515,9.0,42.0,202408,-9.0,2.1780106374331716,2.0,0.6605490375921974,5.0,0.06527578597675439,0.09485968525399234,-8.857828643775818,42.06265947380082,2023
2024_08_MIN_LA,2024,8,30.0,20.0,10.0,50.0,2.299469896584675,47.06209157610181,24.680780736343245,22.38131083975857,3.0,47.5,202408,-3.0,5.299469896584675,13.0,-0.4379084238981932,2.5,0.06527578597675439,0.09485968525399234,-2.654072937240286,47.45846014473894,2023
2024_08_NO_LAC,2024,8,26.0,8.0,18.0,34.0,2.1690554595527525,40.74882054349826,21.458938001525507,19.289882541972755,-7.0,41.5,202408,7.0,-4.8309445404472475,11.0,-0.7511794565017382,-7.5,0.06527578597675439,0.09485968525399234,6.684656298112196,41.42874335318698,2023
2024_08_NYG_PIT,2024,8,26.0,18.0,8.0,44.0,6.216903161517109,41.34193437105119,23.77941876628415,17.56251560476704,-6.0,37.5,202408,6.0,0.2169031615171093,2.0,3.841934371051188,6.5,0.06527578597675439,0.09485968525399234,6.014158524348872,37.86444468520441,2023
2024_08_NYJ_NE,2024,8,25.0,22.0,3.0,47.0,-2.9461146993362486,38.86304369356437,17.958464497114058,20.904579196450307,7.0,41.0,202408,-7.0,4.053885300663751,10.0,-2.1369563064356285,6.0,0.06527578597675439,0.09485968525399234,-6.735379450739562,40.79728899736998,2023
2024_08_PHI_CIN,2024,8,17.0,37.0,-20.0,54.0,0.1858520945718436,49.03339156357247,24.60962182907216,24.423769734500315,-2.5,47.5,202408,2.5,-2.3141479054281566,-22.5,1.5333915635724722,6.5,0.06527578597675439,0.09485968525399234,2.3489421766067173,47.64545704109161,2023
2024_08_TEN_DET,2024,8,52.0,14.0,38.0,66.0,12.356843305530775,52.48834216557064,32.42259273555071,20.06574943001993,-12.5,45.0,202408,12.5,-0.14315669446922463,25.5,7.488342165570643,21.0,0.06527578597675439,0.09485968525399234,12.490655334250688,45.71034178090023,2023
2024_09_CHI_ARI,2024,9,29.0,9.0,20.0,38.0,-1.203668963778894,44.87079039027719,21.833560713249145,23.03722967702804,-1.5,44.5,202409,1.5,-2.703668963778894,18.5,0.3707903902771932,-6.5,0.06527578597675439,0.09485968525399234,1.3235158833683756,44.5351730597169,2023
2024_09_DAL_ATL,2024,9,27.0,21.0,6.0,48.0,2.7434662854737457,50.82364888776148,26.78355758661761,24.040091301143867,-3.0,52.0,202409,3.0,-0.2565337145262543,3.0,-1.176351112238521,-4.0,0.06527578597675439,0.09485968525399234,2.983254560154762,51.88841170374487,2023
2024_09_DEN_BAL,2024,9,41.0,10.0,31.0,51.0,10.795197636556884,47.52590158029142,29.16054960842415,18.365351971867263,-9.0,46.5,202409,9.0,1.7951976365568836,22.0,1.0259015802914178,4.5,0.06527578597675439,0.09485968525399234,9.117182936709863,46.59731670100802,2023
2024_09_DET_GB,2024,9,14.0,24.0,-10.0,38.0,-4.082231810237087,49.58618315844682,22.75197567410487,26.834207484341952,2.5,47.5,202409,-2.5,-1.5822318102370874,-7.5,2.086183158446822,-9.5,0.06527578597675439,0.09485968525399234,-2.603281425010649,47.69789467779245,2023
2024_09_HOU_NYJ,2024,9,21.0,13.0,8.0,34.0,-0.4098478829312717,43.11219539650634,21.35117375678753,21.761021639718805,-2.5,43.5,202409,2.5,-2.9098478829312717,5.5,-0.3878046034936631,-9.5,0.06527578597675439,0.09485968525399234,2.3100573923688663,43.46321297737254,2023
2024_09_IND_MIN,2024,9,21.0,13.0,8.0,34.0,4.782699167065723,48.78173350355365,26.782216335309688,21.999517168243965,-6.5,47.0,202409,6.5,-1.717300832934277,1.5,1.781733503553653,-13.0,0.06527578597675439,0.09485968525399234,6.38790183837168,47.169014679353594,2023
2024_09_JAX_PHI,2024,9,28.0,23.0,5.0,51.0,5.63637994458157,50.458654624510615,28.04751728454609,22.41113733996452,-7.5,46.0,202409,7.5,-1.86362005541843,-2.5,4.458654624510615,5.0,0.06527578597675439,0.09485968525399234,7.378350736120519,46.42294657433733,2023
2024_09_LAC_CLE,2024,9,10.0,27.0,-17.0,37.0,-0.3849409999840505,41.84662306707476,20.730841033545357,21.11578203352941,2.0,42.5,202409,-2.0,1.6150590000159495,-15.0,-0.6533769329252408,-5.5,0.06527578597675439,0.09485968525399234,-1.8945757543751278,42.43802086979049,2023
2024_09_LA_SEA,2024,9,20.0,26.0,-6.0,46.0,-1.553387502947177,44.13803412116844,21.292323309110632,22.845710812057806,1.5,48.5,202409,-1.5,-0.05338750294717709,-4.5,-4.361965878831562,-2.5,0.06527578597675439,0.09485968525399234,-1.5034849112162132,48.086225289645384,2023
2024_09_LV_CIN,2024,9,41.0,24.0,17.0,65.0,4.851547645408354,45.28458740578373,25.06806752559604,20.21651988018769,-8.0,45.0,202409,8.0,-3.1484523545916456,9.0,0.2845874057837321,20.0,0.06527578597675439,0.09485968525399234,7.794482297943667,45.02699587173989,2023
2024_09_MIA_BUF,2024,9,30.0,27.0,3.0,57.0,9.224583604038086,48.14952309758398,28.687053350811038,19.462469746772943,-6.5,49.0,202409,6.5,2.724583604038086,-3.5,-0.8504769024160197,8.0,0.06527578597675439,0.09485968525399234,6.677849336212964,48.91932402872103,2023
2024_09_NE_TEN,2024,9,20.0,17.0,3.0,37.0,3.2689164429771136,39.61631264161683,21.442614542296973,18.173698099319857,-3.0,38.5,202409,3.0,0.2689164429771136,0.0,1.1163126416168296,-1.5,0.06527578597675439,0.09485968525399234,3.017553732177404,38.60589306582882,2023
2024_09_NO_CAR,2024,9,23.0,22.0,1.0,45.0,-6.753399762136498,42.496397472417485,17.871498855140494,24.62489861727699,7.0,43.5,202409,-7.0,0.24660023786350216,8.0,-1.0036025275825153,1.5,0.06527578597675439,0.09485968525399234,-6.9839029756514055,43.404798580113415,2023
2024_09_TB_KC,2024,9,30.0,24.0,6.0,54.0,4.806513916763166,45.90405361954666,25.355283768154912,20.548769851391743,-9.0,45.5,202409,9.0,-4.193486083236834,-3.0,0.40405361954665864,8.5,0.06527578597675439,0.09485968525399234,8.726266899934135,45.53832839917593,2023
2024_09_WAS_NYG,2024,9,22.0,27.0,-5.0,49.0,-5.791235565500802,44.09460227614299,19.151683355321097,24.942918920821896,4.5,44.5,202409,-4.5,-1.291235565500802,-0.5,-0.405397723857007,4.5,0.06527578597675439,0.09485968525399234,-4.584286416419204,44.46154409951224,2023
2024_10_ATL_NO,2024,10,20.0,17.0,3.0,37.0,-1.4511346285728228,51.45681946733794,25.00284241938256,26.45397704795538,3.5,46.5,202410,-3.5,2.048865371427177,6.5,4.956819467337937,-9.5,0.06527578597675439,0.09485968525399234,-3.366258702519536,46.97020233453254,2023
2024_10_BUF_IND,2024,10,20.0,30.0,-10.0,50.0,-8.685592771309867,50.45151528511428,20.88296125690221,29.56855402821207,4.5,46.5,202410,-4.5,-4.185592771309867,-5.5,3.951515285114283,3.5,0.06527578597675439,0.09485968525399234,-4.773217857925873,46.87483949622228,2023
2024_10_CIN_BAL,2024,10,35.0,34.0,1.0,69.0,8.07679285473223,54.5470525608872,31.311922707809718,23.23512985307749,-6.0,53.0,202410,6.0,2.076792854732229,-5.0,1.5470525608872023,16.0,0.06527578597675439,0.09485968525399234,6.135564285903554,53.146752918997144,2023
2024_10_DEN_KC,2024,10,16.0,14.0,2.0,30.0,10.413203559219172,39.85749453565439,25.13534904743678,14.72214548821761,-7.5,42.5,202410,7.5,2.9132035592191716,-5.5,-2.6425054643456107,-12.5,0.06527578597675439,0.09485968525399234,7.690161652038309,42.24933276337022,2023
2024_10_DET_HOU,2024,10,23.0,26.0,-3.0,49.0,-6.2508139817363375,52.51539295034955,23.132289484306607,29.383103466042943,4.5,49.0,202410,-4.5,-1.7508139817363375,1.5,3.5153929503495505,0.0,0.06527578597675439,0.09485968525399234,-4.61428575875693,49.33346906881426,2023
2024_10_MIA_LA,2024,10,15.0,23.0,-8.0,38.0,3.1984975935641824,49.28000082436684,26.23924920896551,23.040751615401327,-2.5,49.5,202410,2.5,0.6984975935641824,-10.5,-0.21999917563316274,-11.5,0.06527578597675439,0.09485968525399234,2.5455949794227735,49.4791309474433,2023
2024_10_MIN_JAX,2024,10,7.0,12.0,-5.0,19.0,-2.6395153746198288,43.83403198827386,20.597258306827012,23.23677368144684,7.0,42.5,202410,-7.0,4.360484625380171,2.0,1.334031988273857,-23.5,0.06527578597675439,0.09485968525399234,-6.715365938838756,42.62654585452641,2023
2024_10_NE_CHI,2024,10,3.0,19.0,-16.0,22.0,7.215892426085789,39.25433609303072,23.23511425955825,16.019221833472468,-6.5,37.5,202410,6.5,0.7158924260857891,-22.5,1.754336093030723,-15.5,0.06527578597675439,0.09485968525399234,6.546730440787555,37.666415769614616,2023
2024_10_NYG_CAR,2024,10,20.0,17.0,3.0,37.0,-4.422867335961543,40.19477696474034,17.8859548143894,22.30882215035094,6.5,40.5,202410,-6.5,2.077132664038457,9.5,-0.3052230352596581,-3.5,0.06527578597675439,0.09485968525399234,-6.3644135327769,40.471046638943,2023
2024_10_NYJ_ARI,2024,10,31.0,6.0,25.0,37.0,1.833859632333041,47.33931374109268,24.58658668671286,22.75272705437982,2.0,45.5,202410,-2.0,3.833859632333041,27.0,1.8393137410926812,-8.5,0.06527578597675439,0.09485968525399234,-1.74974179917491,45.6744767225634,2023
2024_10_PHI_DAL,2024,10,6.0,34.0,-28.0,40.0,-2.9952011877213995,51.76987445840126,24.38733663533993,27.38253782306133,7.5,44.5,202410,-7.5,4.504798812278601,-20.5,7.269874458401262,-4.5,0.06527578597675439,0.09485968525399234,-7.205945716861365,45.18961800295998,2023
2024_10_PIT_WAS,2024,10,27.0,28.0,-1.0,55.0,3.886361536839399,48.48675996497676,26.18656075090808,22.30019921406868,-1.5,45.0,202410,1.5,2.386361536839399,-2.5,3.4867599649767627,10.0,0.06527578597675439,0.09485968525399234,1.6557716249418872,45.33075295283392,2023
2024_10_SF_TB,2024,10,20.0,23.0,-3.0,43.0,-2.484935178560078,50.61130020326368,24.0631825123518,26.54811769091188,6.5,50.5,202410,-6.5,4.015064821439922,3.5,0.1113002032636814,-7.5,0.06527578597675439,0.09485968525399234,-6.237913488032892,50.5105579022503,2023
2024_10_TEN_LAC,2024,10,27.0,17.0,10.0,44.0,4.984288642882055,47.29319609262092,26.138742367751487,21.15445372486943,-8.0,40.0,202410,8.0,-3.0157113571179446,2.0,7.293196092620917,4.0,0.06527578597675439,0.09485968525399234,7.803147070885101,40.69183028584167,2023
2024_11_ATL_DEN,2024,11,38.0,6.0,32.0,44.0,-3.4283778288513957,43.56467148954046,20.06814683034453,23.496524659195927,-2.0,44.5,202411,2.0,-5.428377828851396,30.0,-0.9353285104595415,-0.5,0.06527578597675439,0.09485968525399234,1.6456583706429377,44.41127503188872,2023
2024_11_BAL_PIT,2024,11,18.0,16.0,2.0,34.0,-7.099843060645069,51.43716025123364,22.16865859529429,29.26850165593936,3.0,48.0,202411,-3.0,-4.099843060645069,5.0,3.4371602512336423,-14.0,0.06527578597675439,0.09485968525399234,-3.2676204781649494,48.326047939599555,2023
2024_11_CIN_LAC,2024,11,34.0,27.0,7.0,61.0,-1.3580328088007383,51.49693898886523,25.069453090032248,26.427485898832984,-1.0,48.0,202411,1.0,-2.358032808800738,6.0,3.4969389888652316,13.0,0.06527578597675439,0.09485968525399234,0.846077555046558,48.33171853183617,2023
2024_11_CLE_NO,2024,11,35.0,14.0,21.0,49.0,1.768642409990428,48.47124122671628,25.119941818353357,23.351299408362927,1.0,44.0,202411,-1.0,2.768642409990428,22.0,4.47124122671628,5.0,0.06527578597675439,0.09485968525399234,-0.8192746905992994,44.42414053546098,2023
2024_11_GB_CHI,2024,11,19.0,20.0,-1.0,39.0,-1.875851879309968,42.832109799320015,20.478128960005023,22.353980839314996,6.0,41.0,202411,-6.0,4.124148120690032,5.0,1.8321097993200155,-2.0,0.06527578597675439,0.09485968525399234,-5.730792989937403,41.17379335891425,2023
2024_11_HOU_DAL,2024,11,10.0,34.0,-24.0,44.0,-1.683635778667477,45.54442124168597,21.930392731509247,23.614028510176727,7.5,41.5,202411,-7.5,5.816364221332523,-16.5,4.044421241685967,2.5,0.06527578597675439,0.09485968525399234,-7.120332253925446,41.88365252602089,2023
2024_11_IND_NYJ,2024,11,27.0,28.0,-1.0,55.0,4.478063751415224,39.22896683654424,21.853515293979733,17.375451542564505,-4.0,43.0,202411,4.0,0.47806375141522395,-5.0,-3.771033163455762,12.0,0.06527578597675439,0.09485968525399234,4.031205987120624,42.64228098103222,2023
2024_11_JAX_DET,2024,11,52.0,6.0,46.0,58.0,11.31234053798455,50.19676676947417,30.75455365372936,19.442213115744813,-14.0,47.5,202411,14.0,-2.68765946201545,32.0,2.6967667694741735,10.5,0.06527578597675439,0.09485968525399234,13.824560916179081,47.755814446955746,2023
2024_11_KC_BUF,2024,11,30.0,21.0,9.0,51.0,3.3407109680074054,48.383522184305626,25.86211657615652,22.52140560814911,-2.5,46.5,202411,2.5,0.8407109680074054,6.5,1.883522184305626,4.5,0.06527578597675439,0.09485968525399234,2.5548780692159614,46.67867032157214,2023
2024_11_LA_NE,2024,11,22.0,28.0,-6.0,50.0,-4.951823984195633,40.216837569705305,17.632506792754835,22.58433077695047,4.0,42.5,202411,-4.0,-0.9518239841956326,-2.0,-2.283162430294695,7.5,0.06527578597675439,0.09485968525399234,-4.0621310586798955,42.2834199304785,2023
2024_11_LV_MIA,2024,11,34.0,19.0,15.0,53.0,5.245613306166433,40.972964046881,23.10928867652372,17.863675370357285,-8.0,43.5,202411,8.0,-2.754386693833567,7.0,-2.5270359531189968,9.5,0.06527578597675439,0.09485968525399234,7.8202052436761,43.26028616486161,2023
2024_11_MIN_TEN,2024,11,13.0,23.0,-10.0,36.0,-5.506090358938685,43.997805249375,19.24585744521816,24.75194780415684,6.0,40.0,202411,-6.0,0.49390964106131463,-4.0,3.9978052493749985,-4.0,0.06527578597675439,0.09485968525399234,-5.967759659978226,40.37923054766247,2023
2024_11_SEA_SF,2024,11,17.0,20.0,-3.0,37.0,10.201490356227334,48.55460745692324,29.378048906575284,19.176558550347952,-6.0,49.0,202411,6.0,4.201490356227334,-9.0,-0.4453925430767569,-12.0,0.06527578597675439,0.09485968525399234,6.274255585276493,48.95775020354927,2023
2024_11_WAS_PHI,2024,11,26.0,18.0,8.0,44.0,2.5459653769715294,48.05543053536506,25.300697956168296,22.75473257919677,-4.5,49.5,202411,4.5,-1.9540346230284706,3.5,-1.444569464634938,-5.5,0.06527578597675439,0.09485968525399234,4.372448854156025,49.3629685952572,2023
2024_12_ARI_SEA,2024,12,16.0,6.0,10.0,22.0,-2.4416400655317605,43.896728545289385,20.727544239878814,23.16918430541057,1.0,46.5,202412,-1.0,-1.4416400655317605,11.0,-2.6032714547106153,-24.5,0.06527578597675439,0.09485968525399234,-1.0941041883731653,46.25305448917545,2023
2024_12_BAL_LAC,2024,12,23.0,30.0,-7.0,53.0,-7.864827719650698,53.53636075277558,22.83576651656244,30.70059423621314,3.0,51.0,202412,-3.0,-4.864827719650698,-4.0,2.536360752775579,2.0,0.06527578597675439,0.09485968525399234,-3.317555453041701,51.24059838269887,2023
2024_12_DAL_WAS,2024,12,26.0,34.0,-8.0,60.0,8.432209345686976,44.01615663857695,26.22418299213196,17.791973646444983,-10.5,45.0,202412,10.5,-2.067790654313024,-18.5,-0.9838433614230482,15.0,0.06527578597675439,0.09485968525399234,10.36502333980433,44.906672928396176,2023
2024_12_DEN_LV,2024,12,19.0,29.0,-10.0,48.0,-2.285549583270361,44.26059626612458,20.98752334142711,23.27307292469747,6.5,41.5,202412,-6.5,4.214450416729639,-3.5,2.7605962661245798,6.5,0.06527578597675439,0.09485968525399234,-6.224898436587913,41.76186929291792,2023
2024_12_DET_IND,2024,12,6.0,24.0,-18.0,30.0,-11.935867661785778,52.71105735584101,20.387594847027614,32.32346250881339,7.0,50.5,202412,-7.0,-4.935867661785778,-11.0,2.2110573558410067,-20.5,0.06527578597675439,0.09485968525399234,-7.322192641100312,50.7097402048536,2023
2024_12_KC_CAR,2024,12,27.0,30.0,-3.0,57.0,-12.157746812743635,41.458246679126894,14.65024993319163,26.807996745935263,11.0,43.0,202412,-11.0,-1.1577468127436354,8.0,-1.5417533208731058,14.0,0.06527578597675439,0.09485968525399234,-11.075572833163923,42.85374976524268,2023
2024_12_MIN_CHI,2024,12,27.0,30.0,-3.0,57.0,-1.9341412920424288,40.27441519732236,19.170136952639965,21.10427824468239,3.0,39.5,202412,-3.0,1.0658587079575712,0.0,0.7744151973223623,17.5,0.06527578597675439,0.09485968525399234,-2.9304252350979016,39.573460781873905,2023
2024_12_NE_MIA,2024,12,34.0,15.0,19.0,49.0,6.686829935704575,42.956173453520734,24.821501694612653,18.13467175890808,-7.5,46.0,202412,7.5,-0.8131700642954254,11.5,-3.0438265464792664,3.0,0.06527578597675439,0.09485968525399234,7.446919684920348,45.71126357183323,2023
2024_12_PHI_LA,2024,12,20.0,37.0,-17.0,57.0,-0.3272297738812384,51.62396147039678,25.64836584825777,25.975595622139007,3.0,49.0,202412,-3.0,2.672770226118762,-14.0,2.623961470396779,8.0,0.06527578597675439,0.09485968525399234,-2.8255328227548304,49.24890815920044,2023
2024_12_PIT_CLE,2024,12,24.0,19.0,5.0,43.0,-1.6900005423294928,40.75034178519381,19.53017062143216,21.22017116376165,3.5,36.5,202412,-3.5,1.8099994576705072,8.5,4.250341785193811,6.5,0.06527578597675439,0.09485968525399234,-3.3818508627830584,36.90318608396538,2023
2024_12_SF_GB,2024,12,38.0,10.0,28.0,48.0,-1.7553855563644576,43.51511000623317,20.87986222493436,22.635247781298816,-6.5,44.5,202412,6.5,-8.255385556364457,21.5,-0.9848899937668278,3.5,0.06527578597675439,0.09485968525399234,5.961123219267164,44.406573645181474,2023
2024_12_TB_NYG,2024,12,7.0,30.0,-23.0,37.0,-3.974120721072228,43.2228669945227,19.62437313672524,23.59849385779746,6.5,40.5,202412,-6.5,2.525879278927772,-16.5,2.722866994522697,-3.5,0.06527578597675439,0.09485968525399234,-6.335121244785592,40.75829030608891,2023
2024_12_TEN_HOU,2024,12,27.0,32.0,-5.0,59.0,6.974127701565665,47.62581898408473,27.2999733428252,20.325845641259534,-8.0,40.5,202412,8.0,-1.0258722984343347,-13.0,7.125818984084731,18.5,0.06527578597675439,0.09485968525399234,7.93303537940792,41.1759529460072,2023
2024_13_ARI_MIN,2024,13,23.0,22.0,1.0,45.0,2.497101971402809,47.43452309992391,24.96581253566336,22.468710564260547,-3.5,45.5,202413,3.5,-1.002898028597191,-2.5,1.9345230999239078,-0.5,0.06527578597675439,0.09485968525399234,3.434535042928781,45.68350825237536,2023
2024_13_CHI_DET,2024,13,23.0,20.0,3.0,43.0,11.675152062910003,48.34981185815354,30.01248196053177,18.337329897621768,-9.5,47.5,202413,9.5,2.175152062910003,-6.5,0.8498118581535365,-4.5,0.06527578597675439,0.09485968525399234,9.641984760525409,47.580612885389556,2023
2024_13_CLE_DEN,2024,13,41.0,32.0,9.0,73.0,4.806002861496545,42.4302316855079,23.61811727350222,18.81211441200568,-6.5,41.5,202413,6.5,-1.6939971385034553,2.5,0.9302316855078985,31.5,0.06527578597675439,0.09485968525399234,6.389423005341814,41.58824148490057,2023
2024_13_HOU_JAX,2024,13,20.0,23.0,-3.0,43.0,-5.414429695657034,40.471681728426624,17.528626016384795,22.94305571204183,3.5,44.5,202413,-3.5,-1.9144296956570344,0.5,-4.028318271573376,-1.5,0.06527578597675439,0.09485968525399234,-3.6249659030812516,44.117874996655644,2023
2024_13_IND_NE,2024,13,24.0,25.0,-1.0,49.0,2.5089543674497667,38.456986330750325,20.482970349100047,17.97401598165028,2.5,41.5,202413,-2.5,5.008954367449767,1.5,-3.0430136692496745,7.5,0.06527578597675439,0.09485968525399234,-2.17303656674302,41.21134068111138,2023
2024_13_LAC_ATL,2024,13,13.0,17.0,-4.0,30.0,2.764261566043782,48.78238980248034,25.773325684262065,23.00906411821828,1.0,47.0,202413,-1.0,3.764261566043782,-3.0,1.7823898024803384,-17.0,0.06527578597675439,0.09485968525399234,-0.7542848676544038,47.16907693566321,2023
2024_13_LA_NO,2024,13,14.0,21.0,-7.0,35.0,-1.846528387430768,50.98998082608739,24.571726219328312,26.41825460675908,2.5,48.5,202413,-2.5,0.6534716125692319,-4.5,2.4899808260873897,-13.5,0.06527578597675439,0.09485968525399234,-2.457344126876046,48.736198797451124,2023
2024_13_LV_KC,2024,13,19.0,17.0,2.0,36.0,10.791697609134498,41.69454595626223,26.243121782698367,15.451424173563868,-13.5,42.0,202413,13.5,-2.7083023908655015,-11.5,-0.3054540437377682,-6.0,0.06527578597675439,0.09485968525399234,13.323213432773532,41.97102472555147,2023
2024_13_MIA_GB,2024,13,30.0,17.0,13.0,47.0,2.540275142701552,47.21584244783103,24.87805879526629,22.337783652564735,-3.5,47.5,202413,3.5,-0.9597248572984478,9.5,-0.28415755216897054,-0.5,0.06527578597675439,0.09485968525399234,3.4373532056184155,47.47304490403871,2023
2024_13_NYG_DAL,2024,13,27.0,20.0,7.0,47.0,3.668163474217371,45.135441424091056,24.40180244915421,20.73363897493684,-4.5,39.0,202413,4.5,-0.831836525782629,2.5,6.135441424091056,8.0,0.06527578597675439,0.09485968525399234,4.445701216975366,39.58200604238358,2023
2024_13_PHI_BAL,2024,13,19.0,24.0,-5.0,43.0,4.597494191725234,54.10772325853068,29.352608725127958,24.75511453340272,-3.0,50.0,202413,3.0,1.597494191725234,-8.0,4.107723258530683,-7.0,0.06527578597675439,0.09485968525399234,3.1042776889581645,50.389657335414725,2023
2024_13_PIT_CIN,2024,13,38.0,44.0,-6.0,82.0,4.073401156085794,47.79585367991072,25.934627417998254,21.86122626191246,-3.0,46.0,202413,3.0,1.0734011560857937,-9.0,1.7958536799107208,36.0,0.06527578597675439,0.09485968525399234,3.070067104131857,46.17035411483855,2023
2024_13_SEA_NYJ,2024,13,21.0,26.0,-5.0,47.0,0.2557806122829962,43.56610676412773,21.910943688205364,21.655163075922367,-1.0,41.5,202413,1.0,-0.7442193877170038,-6.0,2.0661067641277313,5.5,0.06527578597675439,0.09485968525399234,0.9514204945276337,41.6959902373463,2023
2024_13_SF_BUF,2024,13,35.0,10.0,25.0,45.0,2.491643539485654,49.04729646447642,25.769470001981038,23.277826462495383,-6.5,45.0,202413,6.5,-4.008356460514346,18.5,4.0472964644764176,0.0,0.06527578597675439,0.09485968525399234,6.238351381564925,45.38392526874983,2023
2024_13_TB_CAR,2024,13,23.0,26.0,-3.0,49.0,-9.58632385361762,44.27989970200628,17.34678792419433,26.933111777811952,6.5,46.0,202413,-6.5,-3.0863238536176194,3.5,-1.7201002979937172,3.0,0.06527578597675439,0.09485968525399234,-6.701462215323696,45.836831827127014,2023
2024_13_TEN_WAS,2024,13,42.0,19.0,23.0,61.0,7.175866398550765,46.79471294851345,26.985289673532108,19.80942327498134,-6.0,45.0,202413,6.0,1.175866398550765,17.0,1.7947129485134496,16.0,0.06527578597675439,0.09485968525399234,6.076755603369056,45.170245905417254,2023
2024_14_ATL_MIN,2024,14,42.0,21.0,21.0,63.0,3.6147384506592233,47.14467779515334,25.379708122906283,21.76496967224706,-6.0,46.5,202414,6.0,-2.3852615493407767,15.0,0.644677795153342,16.5,0.06527578597675439,0.09485968525399234,5.84430017760665,46.561153932738485,2023
2024_14_BUF_LA,2024,14,44.0,42.0,2.0,86.0,-2.903143062577452,51.40604089684022,24.251448917131384,27.154591979708837,3.5,49.5,202414,-3.5,0.5968569374225479,5.5,1.9060408968402172,36.5,0.06527578597675439,0.09485968525399234,-3.461039694294065,49.680806439555504,2023
2024_14_CAR_PHI,2024,14,22.0,16.0,6.0,38.0,13.024660749790211,44.89136287649961,28.958011813144918,15.9333510633547,-14.0,44.5,202414,14.0,-0.9753392502097888,-8.0,0.3913628764996133,-6.5,0.06527578597675439,0.09485968525399234,13.936333963848577,44.53712455928485,2023
2024_14_CHI_SF,2024,14,38.0,13.0,25.0,51.0,3.713842223391589,43.153459013391206,23.4336506183914,19.71980839499981,-3.0,43.5,202414,3.0,0.7138422233915889,22.0,-0.34654098660879384,7.5,0.06527578597675439,0.09485968525399234,3.04659661219528,43.467127231082685,2023
2024_14_CIN_DAL,2024,14,20.0,27.0,-7.0,47.0,-3.134050053759636,51.48846189700584,24.1772059216231,27.311255975382736,5.0,51.0,202414,-5.0,1.865949946240364,-2.0,0.4884618970058412,-4.0,0.06527578597675439,0.09485968525399234,-4.878198650665878,51.04633534180854,2023
2024_14_CLE_PIT,2024,14,27.0,14.0,13.0,41.0,4.404221244470698,44.932741349265456,24.66848129686808,20.26426005239738,-6.0,43.0,202414,6.0,-1.5957787555293024,7.0,1.9327413492654557,-2.0,0.06527578597675439,0.09485968525399234,5.895834287487817,43.1833392360687,2023
2024_14_GB_DET,2024,14,34.0,31.0,3.0,65.0,6.544972617578351,54.52540563302854,30.535189125303447,23.99021650772509,-3.0,53.0,202414,3.0,3.5449726175783507,0.0,1.5254056330285408,12.0,0.06527578597675439,0.09485968525399234,3.231400873878499,53.144699498233756,2023
2024_14_JAX_TEN,2024,14,6.0,10.0,-4.0,16.0,1.928110578619832,44.35379859872409,23.14095458867196,21.21284401005213,-3.0,40.0,202414,3.0,-1.071889421380168,-7.0,4.35379859872409,-24.0,0.06527578597675439,0.09485968525399234,2.930031575539241,40.41299996473424,2023
2024_14_LAC_KC,2024,14,19.0,17.0,2.0,36.0,7.466091111541218,43.65109894968791,25.55859503061457,18.092503919073348,-5.0,43.5,202414,5.0,2.4660911115412176,-3.0,0.15109894968791338,-7.5,0.06527578597675439,0.09485968525399234,5.160976035596141,43.5143331988096,2023
2024_14_LV_TB,2024,14,28.0,13.0,15.0,41.0,7.065444026929775,45.16878264131636,26.117113334123065,19.05166930719329,-7.0,47.0,202414,7.0,0.06544402692977513,8.0,-1.831217358683638,-6.0,0.06527578597675439,0.09485968525399234,7.004271910295325,46.82629129772362,2023
2024_14_NO_NYG,2024,14,11.0,14.0,-3.0,25.0,-1.987210346087464,45.33355355188817,21.673171602900357,23.66038194898782,5.5,41.0,202414,-5.5,3.5127896539125363,2.5,4.333553551888173,-16.0,0.06527578597675439,0.09485968525399234,-5.270699894369848,41.41107952596343,2023
2024_14_NYJ_MIA,2024,14,32.0,26.0,6.0,58.0,7.056130752590828,43.02423433485633,25.04018254372358,17.98405179113275,-6.5,45.0,202414,6.5,0.5561307525908283,-0.5,-1.975765665143669,13.0,0.06527578597675439,0.09485968525399234,6.53630187198121,44.81257949086883,2023
2024_14_SEA_ARI,2024,14,18.0,30.0,-12.0,48.0,4.771563403957652,48.33609589026472,26.553829647111183,21.782266243153533,-3.0,45.5,202414,3.0,1.7715634039576518,-15.0,2.8360958902647226,2.5,0.06527578597675439,0.09485968525399234,3.1156401936009903,45.76903116350065,2023
2024_15_ATL_LV,2024,15,9.0,15.0,-6.0,24.0,-2.683141661411635,46.45033945581944,21.883598897203903,24.566740558615532,6.5,44.5,202415,-6.5,3.816858338588365,0.5,1.9503394558194387,-20.5,0.06527578597675439,0.09485968525399234,-6.250851571986716,44.685008586917476,2023
2024_15_BAL_NYG,2024,15,14.0,35.0,-21.0,49.0,-14.659649459240509,43.44824830121081,14.394299420985153,29.053948880225654,16.5,43.5,202415,-16.5,1.8403505407594913,-4.5,-0.051751698789189504,5.5,0.06527578597675439,0.09485968525399234,-16.37986967197918,43.4950908501415,2023
2024_15_BUF_DET,2024,15,42.0,48.0,-6.0,90.0,3.356183284261633,56.11355446538272,29.734868874822176,26.378685590560544,-2.5,55.5,202415,2.5,0.856183284261633,-8.5,0.6135544653827196,34.5,0.06527578597675439,0.09485968525399234,2.555888036820337,55.55820158347239,2023
2024_15_CHI_MIN,2024,15,30.0,12.0,18.0,42.0,6.864285910213612,44.96033407975654,25.91230999498508,19.048024084771463,-7.0,43.5,202415,7.0,-0.13571408978638821,11.0,1.4603340797565423,-1.5,0.06527578597675439,0.09485968525399234,6.991141156121074,43.63852683117138,2023
2024_15_CIN_TEN,2024,15,27.0,37.0,-10.0,64.0,-5.59996139114538,47.17079797018102,20.78541828951782,26.3853796806632,6.0,46.5,202415,-6.0,0.4000386088546204,-4.0,0.6707979701810203,17.5,0.06527578597675439,0.09485968525399234,-5.9738871653859675,46.56363168432039,2023
2024_15_DAL_CAR,2024,15,14.0,30.0,-16.0,44.0,-1.792864425437534,39.94997522738115,19.07855540097181,20.871419826409344,-2.5,42.0,202415,2.5,-4.292864425437534,-18.5,-2.0500247726188476,2.0,0.06527578597675439,0.09485968525399234,2.219779900537917,41.80553529530649,2023
2024_15_GB_SEA,2024,15,13.0,30.0,-17.0,43.0,-2.5638763256622696,47.498681629918565,22.467402652128147,25.031278977790414,3.0,48.0,202415,-3.0,0.43612367433773036,-14.0,-0.5013183700814352,-5.0,0.06527578597675439,0.09485968525399234,-2.9715316843745345,47.95244509720203,2023
2024_15_IND_DEN,2024,15,31.0,13.0,18.0,44.0,6.366590451409774,40.06842349999104,23.2175069757004,16.850916524290632,-4.5,43.5,202415,4.5,1.866590451409774,13.5,-3.4315765000089584,0.5,0.06527578597675439,0.09485968525399234,4.621843158812478,43.17448173328415,2023
2024_15_KC_CLE,2024,15,7.0,21.0,-14.0,28.0,-6.357658226389034,41.36557714725906,17.503959460435013,23.861617686824047,4.5,41.5,202415,-4.5,-1.8576582263890344,-9.5,-0.1344228527409399,-13.5,0.06527578597675439,0.09485968525399234,-4.6212601008037275,41.48724869049805,2023
2024_15_LA_SF,2024,15,6.0,12.0,-6.0,18.0,1.1041993216405936,49.58668427740238,25.345441799521485,24.24124247788089,-3.0,48.5,202415,3.0,-1.8958006783594064,-9.0,1.0866842774023766,-30.5,0.06527578597675439,0.09485968525399234,2.8762501206648254,48.60308252852485,2023
2024_15_MIA_HOU,2024,15,20.0,12.0,8.0,32.0,-2.895694235069096,50.3967486722082,23.75052721856955,26.646221453638645,-2.5,46.5,202415,2.5,-5.3956942350690955,5.5,3.896748672208197,-14.5,0.06527578597675439,0.09485968525399234,2.147791817915622,46.86964435255958,2023
2024_15_NE_ARI,2024,15,30.0,17.0,13.0,47.0,4.770307129645493,46.571468671638485,25.67088790064199,20.90058077099649,-6.0,46.5,202415,6.0,-1.2296928703545067,7.0,0.0714686716384847,0.5,0.06527578597675439,0.09485968525399234,5.919730831377598,46.506779495697145,2023
2024_15_NYJ_JAX,2024,15,25.0,32.0,-7.0,57.0,-2.013926976468432,42.24642801542005,20.11625051947581,22.13017749594424,3.5,41.5,202415,-3.5,1.486073023531568,-3.5,0.7464280154200509,15.5,0.06527578597675439,0.09485968525399234,-3.402995415370125,41.570805926607505,2023
2024_15_PIT_PHI,2024,15,27.0,13.0,14.0,40.0,6.505658235545173,49.12886628214513,27.817262258845155,21.311604023299974,-5.5,43.0,202415,5.5,1.005658235545173,8.5,6.1288662821451325,-3.0,0.06527578597675439,0.09485968525399234,5.565645131749207,43.5813823264881,2023
2024_15_TB_LAC,2024,15,17.0,40.0,-23.0,57.0,-3.5795950040471936,50.0865228772233,23.25346393658805,26.833058940635247,-3.0,46.0,202415,3.0,-6.579595004047194,-26.0,4.086522877223302,11.0,0.06527578597675439,0.09485968525399234,2.570511764702093,46.387646273916644,2023
2024_15_WAS_NO,2024,15,19.0,20.0,-1.0,39.0,-3.702633708335749,46.93456700250975,21.615966647087003,25.31860035542275,7.5,44.5,202415,-7.5,3.797366291664251,6.5,2.434567002509752,-5.5,0.06527578597675439,0.09485968525399234,-7.252123930669983,44.73094225958783,2023
2024_16_ARI_CAR,2024,16,36.0,30.0,6.0,66.0,-7.357310900194667,43.41869928855474,18.03069419418004,25.388005094374705,5.5,47.0,202416,-5.5,-1.8573109001946673,11.5,-3.581300711445259,19.0,0.06527578597675439,0.09485968525399234,-5.6212374288134,46.660278941712406,2023
2024_16_CLE_CIN,2024,16,24.0,6.0,18.0,30.0,9.53690204007098,40.39675553029049,24.966828785180734,15.429926745109755,-10.0,46.5,202416,10.0,-0.46309795992901925,8.0,-6.103244469709509,-16.5,0.06527578597675439,0.09485968525399234,9.969770916681401,45.92104815057519,2023
2024_16_DEN_LAC,2024,16,34.0,27.0,7.0,61.0,-2.242479066580341,45.68950760054463,21.723514266982143,23.965993333562487,-3.0,41.5,202416,3.0,-5.242479066580341,4.0,4.18950760054463,19.5,0.06527578597675439,0.09485968525399234,2.6577930584622864,41.897415372356875,2023
2024_16_DET_CHI,2024,16,17.0,34.0,-17.0,51.0,-9.268483915976873,45.66856964790855,18.20004286596584,27.46852678194271,7.0,47.5,202416,-7.0,-2.268483915976873,-10.0,-1.831430352091452,3.5,0.06527578597675439,0.09485968525399234,-7.148077070591016,47.326271093235995,2023
2024_16_HOU_KC,2024,16,27.0,19.0,8.0,46.0,6.877735461570262,40.990774006507706,23.934254734038984,17.056519272468723,-3.5,42.5,202416,3.5,3.3777354615702624,4.5,-1.5092259934922936,3.5,0.06527578597675439,0.09485968525399234,3.720484337075554,42.35683529728018,2023
2024_16_JAX_LV,2024,16,19.0,14.0,5.0,33.0,2.030694800088683,44.46537026516056,23.24803253262462,21.21733773253594,-2.5,41.5,202416,2.5,-0.46930519991131714,2.5,2.9653702651605585,-8.5,0.06527578597675439,0.09485968525399234,2.469365734212811,41.781294090014676,2023
2024_16_LA_NYJ,2024,16,9.0,19.0,-10.0,28.0,-3.19430276936127,44.3956409743608,20.600669102499765,23.79497187186104,3.0,47.0,202416,-3.0,-0.19430276936126978,-7.0,-2.604359025639198,-19.0,0.06527578597675439,0.09485968525399234,-3.012683265987517,46.752951322539474,2023
2024_16_MIN_SEA,2024,16,24.0,27.0,-3.0,51.0,-5.750331816306639,44.97095673971984,19.6103124617066,25.36064427801324,2.5,43.0,202416,-2.5,-3.2503318163066393,-0.5,1.9709567397198384,8.0,0.06527578597675439,0.09485968525399234,-2.7121679639946676,43.186964335979056,2023
2024_16_NE_BUF,2024,16,24.0,21.0,3.0,45.0,10.112459790689298,46.94304088500987,28.527750337849582,18.41529054716029,-14.0,48.0,202416,14.0,-3.8875402093107017,-11.0,-1.0569591149901285,-3.0,0.06527578597675439,0.09485968525399234,13.746237757321008,47.8997371910257,2023
2024_16_NO_GB,2024,16,34.0,0.0,34.0,34.0,7.26434531612972,41.34731663796551,24.305830977047613,17.041485660917893,-14.0,44.0,202416,14.0,-6.73565468387028,20.0,-2.6526833620344874,-10.0,0.06527578597675439,0.09485968525399234,13.560324846442361,43.7483672911989,2023
2024_16_PHI_WAS,2024,16,36.0,33.0,3.0,69.0,0.0766117162746686,44.28433837975194,22.180475048013307,22.10386333173864,4.0,47.0,202416,-4.0,4.076611716274669,7.0,-2.7156616202480635,22.0,0.06527578597675439,0.09485968525399234,-3.7338959660981255,46.74239319344692,2023
2024_16_PIT_BAL,2024,16,34.0,17.0,17.0,51.0,12.130493023128738,50.06903019431313,31.09976160872093,18.9692685855922,-7.0,44.5,202416,7.0,5.130493023128738,10.0,5.569030194313129,6.5,0.06527578597675439,0.09485968525399234,7.334896964532983,45.028276451402526,2023
2024_16_SF_MIA,2024,16,29.0,17.0,12.0,46.0,3.2998801247597003,46.27106359948596,24.78547186212283,21.485591737363126,2.0,44.0,202416,-2.0,5.2998801247597,14.0,2.271063599485963,2.0,0.06527578597675439,0.09485968525399234,-1.6540461592737314,44.215432378239036,2023
2024_16_TB_DAL,2024,16,26.0,24.0,2.0,50.0,-3.791559970011841,50.60585318093237,23.407146605460262,27.198706575472105,4.5,47.5,202416,-4.5,0.708440029988159,6.5,3.105853180932371,2.5,0.06527578597675439,0.09485968525399234,-4.453756020225128,47.794620255188356,2023
2024_16_TEN_IND,2024,16,38.0,30.0,8.0,68.0,0.3533081746331334,46.56984551416553,23.46157684439933,23.1082686697662,-4.0,42.5,202416,4.0,-3.6466918253668665,4.0,4.069845514165529,25.5,0.06527578597675439,0.09485968525399234,3.7619593248841725,42.88606426450612,2023
2024_17_ARI_LA,2024,17,13.0,9.0,4.0,22.0,3.2437572269523605,49.86077813589382,26.55226768142309,23.308510454470728,-6.5,48.0,202417,6.5,-3.2562427730476395,-2.5,1.860778135893817,-26.0,0.06527578597675439,0.09485968525399234,6.287446193658189,48.1765128282984,2023
2024_17_BAL_HOU,2024,17,2.0,31.0,-29.0,33.0,-9.50511955326669,53.01405892471384,21.75446968572357,31.259589238990262,5.5,46.5,202417,-5.5,-4.00511955326669,-23.5,6.5140589247138365,-13.5,0.06527578597675439,0.09485968525399234,-5.76143732677035,47.11792157932432,2023
2024_17_CAR_TB,2024,17,48.0,14.0,34.0,62.0,13.240494419592864,46.92540750076239,30.082950960177627,16.842456540584763,-9.5,47.5,202417,9.5,3.7404944195928636,24.5,-0.5745924992376104,14.5,0.06527578597675439,0.09485968525399234,9.744163713180589,47.44549433637302,2023
2024_17_DAL_PHI,2024,17,41.0,7.0,34.0,48.0,7.535818108055739,44.37415794673079,25.954988027393263,18.419169919337527,-7.5,37.5,202417,7.5,0.03581810805573937,26.5,6.87415794673079,10.5,0.06527578597675439,0.09485968525399234,7.502338055155539,38.15208045921311,2023
2024_17_DEN_CIN,2024,17,30.0,24.0,6.0,54.0,5.02440226565691,48.562478360636746,26.793440313146828,21.76903804748992,-3.5,50.5,202417,3.5,1.52440226565691,2.5,-1.9375216393632542,3.5,0.06527578597675439,0.09485968525399234,3.5995065560354997,50.3162073071172,2023
2024_17_DET_SF,2024,17,34.0,40.0,-6.0,74.0,-5.840203631541593,51.335127360582206,22.747461864520307,28.5876654960619,4.0,50.5,202417,-4.0,-1.840203631541593,-2.0,0.8351273605822058,23.5,0.06527578597675439,0.09485968525399234,-4.120120738406155,50.57921991857182,2023
2024_17_GB_MIN,2024,17,27.0,25.0,2.0,52.0,0.9683544683816836,50.783326412501374,25.87584044044153,24.907485972059845,1.0,49.0,202417,-1.0,1.9683544683816836,3.0,1.7833264125013741,3.0,0.06527578597675439,0.09485968525399234,-0.871514114995529,49.16916578219501,2023
2024_17_IND_NYG,2024,17,45.0,33.0,12.0,78.0,-2.475973895907921,42.15208028211917,19.838053193105623,22.314027089013543,7.5,40.5,202417,-7.5,5.024026104092079,19.5,1.6520802821191722,37.5,0.06527578597675439,0.09485968525399234,-7.172052747287658,40.65671581557615,2023
2024_17_KC_PIT,2024,17,10.0,29.0,-19.0,39.0,-6.947007299850995,43.97459938440935,18.51379604227918,25.460803342130173,3.0,43.5,202417,-3.0,-3.947007299850995,-16.0,0.4745993844093519,-4.5,0.06527578597675439,0.09485968525399234,-3.257644003753761,43.54502034822681,2023
2024_17_LAC_NE,2024,17,7.0,40.0,-33.0,47.0,1.771799431714539,44.24563514974463,23.008717290729585,21.236917859015044,6.0,42.0,202417,-6.0,7.771799431714539,-27.0,2.245635149744629,5.0,0.06527578597675439,0.09485968525399234,-5.4926896836411405,42.213020243500075,2023
2024_17_LV_NO,2024,17,10.0,25.0,-15.0,35.0,0.4013751744933147,40.7030793102229,20.55222724235811,20.150852067864797,2.0,37.5,202417,-2.0,2.4013751744933147,-13.0,3.203079310222897,-2.5,0.06527578597675439,0.09485968525399234,-1.8432483480598831,37.80384309521132,2023
2024_17_MIA_CLE,2024,17,3.0,20.0,-17.0,23.0,-6.571379399562218,32.56182536234975,12.995222981393766,19.566602380955985,3.0,32.5,202417,-3.0,-3.5713793995622183,-14.0,0.06182536234975089,-9.5,0.06527578597675439,0.09485968525399234,-3.233124597327613,32.50586473441321,2023
2024_17_NYJ_BUF,2024,17,40.0,14.0,26.0,54.0,9.275384164594442,49.25452650808302,29.26495533633873,19.989571171744288,-10.0,44.5,202417,10.0,-0.7246158354055581,16.0,4.754526508083018,9.5,0.06527578597675439,0.09485968525399234,9.9527001318127,44.95101288808852,2023
2024_17_SEA_CHI,2024,17,3.0,6.0,-3.0,9.0,-0.0348825033775308,45.201383362776944,22.583250429699707,22.61813293307724,3.5,43.5,202417,-3.5,3.465117496622469,0.5,1.7013833627769444,-34.5,0.06527578597675439,0.09485968525399234,-3.273811731906165,43.6613926902894,2023
2024_17_TEN_JAX,2024,17,20.0,13.0,7.0,33.0,-0.1237543346815681,42.48473273748453,21.18048920140148,21.30424353608305,1.0,38.0,202417,-1.0,0.8762456653184318,8.0,4.484732737484528,-5.0,0.06527578597675439,0.09485968525399234,-0.9428023754876153,38.425420335926056,2023
2024_18_CAR_ATL,2024,18,38.0,44.0,-6.0,82.0,12.896305074957327,47.53671704204747,30.2165110585024,17.320205983545073,-7.5,48.5,202418,7.5,5.396305074957327,-13.5,-0.9632829579525293,33.5,0.06527578597675439,0.09485968525399234,7.852248055138188,48.408623281798086,2023
2024_18_CHI_GB,2024,18,22.0,24.0,-2.0,46.0,7.840239803228336,33.60151579833142,20.72087780077988,12.880637997551542,-10.0,41.5,202418,10.0,-2.159760196771664,-12.0,-7.89848420166858,4.5,0.06527578597675439,0.09485968525399234,9.85901995563442,40.75075227464609,2023
2024_18_CIN_PIT,2024,18,17.0,19.0,-2.0,36.0,-7.08898077140058,44.73730136049624,18.82416029454783,25.91314106594841,2.5,48.5,202418,-2.5,-4.58898077140058,0.5,-3.7626986395037605,-12.5,0.06527578597675439,0.09485968525399234,-2.7995493266853857,48.143071591351045,2023
2024_18_CLE_BAL,2024,18,35.0,10.0,25.0,45.0,18.579711994202626,44.02907650787469,31.30439425103865,12.72468225683603,-19.5,42.5,202418,19.5,-0.9202880057973744,5.5,1.5290765078746915,2.5,0.06527578597675439,0.09485968525399234,19.439927477096596,42.64504771626627,2023
2024_18_HOU_TEN,2024,18,14.0,23.0,-9.0,37.0,1.2707002707062791,42.15539676975724,21.71304852023176,20.44234824952548,-2.5,36.5,202418,2.5,-1.2292997292937209,-11.5,5.655396769757239,0.5,0.06527578597675439,0.09485968525399234,2.419756493969341,37.03646915756562,2023
2024_18_JAX_IND,2024,18,26.0,23.0,3.0,49.0,2.113674474263985,48.12351559116608,25.11859503271503,23.004920558451044,-3.5,45.5,202418,3.5,-1.386325525736015,-0.5,2.6235155911660826,3.5,0.06527578597675439,0.09485968525399234,3.4095065116879444,45.74886586323696,2023
2024_18_KC_DEN,2024,18,38.0,0.0,38.0,38.0,-3.4094092504878915,39.73362132856201,18.16210603903706,21.57151528952495,-10.5,40.5,202418,10.5,-13.909409250487892,27.5,-0.766378671437991,-2.5,0.06527578597675439,0.09485968525399234,9.592052378702064,40.42730156044202,2023
2024_18_LAC_LV,2024,18,20.0,34.0,-14.0,54.0,-0.6386522081600237,45.051062078269766,22.20620493505487,22.84485714321489,7.0,42.5,202418,-7.0,6.361347791839976,-7.0,2.5510620782697657,11.5,0.06527578597675439,0.09485968525399234,-6.584758023016154,42.741992945808065,2023
2024_18_MIA_NYJ,2024,18,32.0,20.0,12.0,52.0,-1.7405689359421603,40.957394868575015,19.60841296631643,21.348981902258583,-1.5,39.5,202418,1.5,-3.2405689359421603,10.5,1.4573948685750153,12.5,0.06527578597675439,0.09485968525399234,1.2884693156945208,39.63824801852381,2023
2024_18_MIN_DET,2024,18,31.0,9.0,22.0,40.0,4.771997065159142,55.40802283012308,30.09000994764111,25.31801288248197,-3.0,56.5,202418,3.0,1.771997065159142,19.0,-1.0919771698769196,-16.5,0.06527578597675439,0.09485968525399234,3.115668501176765,56.39641538936093,2023
2024_18_NO_TB,2024,18,27.0,19.0,8.0,46.0,12.556367301954314,41.54641872200887,27.051393011981588,14.495025710027276,-14.5,44.5,202418,14.5,-1.9436326980456862,-6.5,-2.953581277991127,1.5,0.06527578597675439,0.09485968525399234,14.373127847984948,44.219824209597675,2023
2024_18_SEA_LA,2024,18,25.0,30.0,-5.0,55.0,6.11381735106445,46.1964544712646,26.15513591116452,20.041318560100077,7.5,38.5,202418,-7.5,13.61381735106445,2.5,7.696454471264602,16.5,0.06527578597675439,0.09485968525399234,-6.611347372265292,39.23008324871584,2023
2024_18_SF_ARI,2024,18,47.0,24.0,23.0,71.0,3.030521308590264,46.23189066878659,24.63120598868843,21.60068468009816,-4.5,42.5,202418,4.5,-1.4694786914097362,18.5,3.7318906687865905,28.5,0.06527578597675439,0.09485968525399234,4.404078623442137,42.85400597424341,2023
2024_18_WAS_DAL,2024,18,19.0,23.0,-4.0,42.0,-8.29117143063354,48.40182727991275,20.05532792463961,28.346499355273146,7.0,43.5,202418,-7.0,-1.2911714306335398,3.0,4.901827279912752,-1.5,0.06527578597675439,0.09485968525399234,-7.084282229965335,43.96498579294196,2023
2025_01_ARI_NO,2025,1,13.0,20.0,-7.0,33.0,-6.225271260052931,45.7343424548257,19.754535597386383,25.979806857439318,6.0,44.5,202501,-6.0,-0.2252712600529314,-1.0,1.2343424548257005,-11.5,0.10101305594745444,0.17686174377320882,-6.02275533839508,44.718307958973774,2024
2025_01_BAL_BUF,2025,1,41.0,40.0,1.0,81.0,-3.592149986206185,55.63895474841697,26.02340238110539,29.61555236731158,1.5,50.5,202501,-1.5,-2.092149986206185,2.5,5.138954748416971,30.5,0.10101305594745444,0.17686174377320882,-1.7113344636071115,51.408884497976636,2024
2025_01_CAR_JAX,2025,1,26.0,10.0,16.0,36.0,5.037517791212031,49.23485759129715,27.13618769125459,22.09866990004256,-4.5,45.5,202501,4.5,0.5375177912120312,11.5,3.73485759129715,-9.5,0.10101305594745444,0.17686174377320882,4.554296314716453,46.16055342634142,2024
2025_01_CIN_CLE,2025,1,16.0,17.0,-1.0,33.0,-10.14028593653094,44.11382282251771,16.986768442993387,27.127054379524324,5.5,47.5,202501,-5.5,-4.64028593653094,4.5,-3.3861771774822884,-14.5,0.10101305594745444,0.17686174377320882,-5.9687294629189855,46.90111479966544,2024
2025_01_DAL_PHI,2025,1,24.0,20.0,4.0,44.0,11.570974463957535,48.28028655981262,29.92563051188508,18.35465604792754,-8.5,47.5,202501,8.5,3.070974463957535,-4.5,0.7802865598126232,-3.5,0.10101305594745444,0.17686174377320882,8.810208515340946,47.63800284161126,2024
2025_01_DET_GB,2025,1,27.0,13.0,14.0,40.0,-2.9647692530177583,50.56602225668802,23.800626501835133,26.76539575485289,-1.5,48.5,202501,1.5,-4.464769253017758,12.5,2.066022256688022,-8.5,0.10101305594745444,0.17686174377320882,1.0490000136524429,48.86540029899211,2024
2025_01_HOU_LA,2025,1,14.0,9.0,5.0,23.0,5.524463582865722,46.9383821719135,26.23142287738961,20.70695929452389,-3.5,43.5,202501,3.5,2.024463582865722,1.5,3.438382171913503,-20.5,0.10101305594745444,0.17686174377320882,3.704497253159599,44.108118266683334,2024
2025_01_KC_LAC,2025,1,27.0,21.0,6.0,48.0,1.775397473039147,47.91189863325132,24.843648053145237,23.068250580106085,3.0,47.5,202501,-3.0,4.775397473039147,9.0,0.4118986332513188,0.5,0.10101305594745444,0.17686174377320882,-2.517622507884564,47.57284911053463,2024
2025_01_LV_NE,2025,1,13.0,20.0,-7.0,33.0,0.6086795569326187,43.77937137745285,22.19402546719273,21.585345910260116,-2.5,44.5,202501,2.5,-1.8913204430673813,-9.5,-0.720628622547153,-11.5,0.10101305594745444,0.17686174377320882,2.30895194226987,44.37254836520343,2024
2025_01_MIA_IND,2025,1,33.0,8.0,25.0,41.0,-3.661576323142248,47.49077135012406,21.914597513490904,25.576173836633156,-1.5,47.5,202501,1.5,-5.161576323142247,23.5,-0.009228649875943518,-6.5,0.10101305594745444,0.17686174377320882,0.978613402093376,47.49836780489027,2024
2025_01_NYG_WAS,2025,1,21.0,6.0,15.0,27.0,11.049602564288175,49.05105194617079,30.050327255229483,19.000724690941304,-6.0,45.5,202501,6.0,5.049602564288175,9.0,3.5510519461707872,-18.5,0.10101305594745444,0.17686174377320882,6.5100757863388505,46.128045239429014,2024
2025_01_PIT_NYJ,2025,1,32.0,34.0,-2.0,66.0,2.163385558058941,43.875672331862376,23.01952894496066,20.85614338690172,3.0,37.5,202501,-3.0,5.163385558058941,1.0,6.375672331862376,28.5,0.10101305594745444,0.17686174377320882,-2.478430645745514,38.62761252633978,2024
2025_01_SF_SEA,2025,1,13.0,17.0,-4.0,30.0,0.0964614053390187,47.71795867920781,23.907210042273416,23.810748636934395,2.5,43.5,202501,-2.5,2.596461405339019,-1.5,4.217958679207811,-13.5,0.10101305594745444,0.17686174377320882,-2.2377234987970835,44.245995527168034,2024
2025_01_TB_ATL,2025,1,20.0,23.0,-3.0,43.0,-3.1711324014768394,53.84299875304937,25.335933175786263,28.507065577263106,1.5,47.5,202501,-1.5,-1.6711324014768394,-1.5,6.342998753049372,-4.5,0.10101305594745444,0.17686174377320882,-1.668806190765984,48.6218338202156,2024
2025_02_BUF_NYJ,2025,2,10.0,30.0,-20.0,40.0,-6.242546046613978,49.46070147054011,21.609077711963064,27.851623758577045,6.0,47.5,202502,-6.0,-0.24254604661397838,-14.0,1.9607014705401085,-7.5,0.10101305594745444,0.17686174377320882,-6.024500317376452,47.84677308109842,2024
2025_02_CAR_ARI,2025,2,27.0,22.0,5.0,49.0,11.526999570975912,51.75313004531753,31.64006480814672,20.11306523717081,-7.0,45.5,202502,7.0,4.526999570975912,-2.0,6.253130045317533,3.5,0.10101305594745444,0.17686174377320882,7.457286060937092,46.6059394838555,2024
2025_02_CHI_DET,2025,2,52.0,21.0,31.0,73.0,13.04020198010918,49.75378415524157,31.39699306767537,18.356791087566197,-6.0,46.5,202502,6.0,7.040201980109179,25.0,3.2537841552415685,26.5,0.10101305594745444,0.17686174377320882,6.711152316498148,47.075469939557664,2024
2025_02_CLE_BAL,2025,2,41.0,17.0,24.0,58.0,17.876376578570262,49.50311965794956,33.689748118259914,15.81337153968965,-12.5,46.5,202502,12.5,5.376376578570262,11.5,3.0031196579495614,11.5,0.10101305594745444,0.17686174377320882,13.043084228125702,47.03113697946456,2024
2025_02_DEN_IND,2025,2,29.0,28.0,1.0,57.0,-2.549961854550096,47.43769652654468,22.44386733599729,24.993829190547387,2.5,43.5,202502,-2.5,-0.04996185455009616,3.5,3.937696526544677,13.5,0.10101305594745444,0.17686174377320882,-2.5050467996089076,44.1964278741344,2024
2025_02_JAX_CIN,2025,2,31.0,27.0,4.0,58.0,5.251030050709905,48.57251283194537,26.91177144132764,21.66074139061773,-3.5,49.5,202502,3.5,1.7510300507099048,0.5,-0.9274871680546326,8.5,0.10101305594745444,0.17686174377320882,3.6768768964780336,49.33596300213058,2024
2025_02_LAC_LV,2025,2,9.0,20.0,-11.0,29.0,-3.780491448460241,45.46673863500703,20.843123593273397,24.623615041733636,3.5,46.5,202502,-3.5,-0.280491448460241,-7.5,-1.033261364992967,-17.5,0.10101305594745444,0.17686174377320882,-3.5283332983760967,46.31725559321386,2024
2025_02_NE_MIA,2025,2,27.0,33.0,-6.0,60.0,5.955328547079893,43.05271084126588,24.50401969417289,18.548691147092992,-1.5,43.5,202502,1.5,4.455328547079893,-7.5,-0.44728915873412234,16.5,0.10101305594745444,0.17686174377320882,1.9500463517904723,43.42089165941543,2024
2025_02_NYG_DAL,2025,2,40.0,37.0,3.0,77.0,5.01695903942314,47.28075377437735,26.148856406900244,21.1318973674771,-4.5,44.5,202502,4.5,0.5169590394231403,-1.5,2.7807537743773523,32.5,0.10101305594745444,0.17686174377320882,4.552219612371792,44.99180896154031,2024
2025_02_PHI_KC,2025,2,17.0,20.0,-3.0,37.0,-4.146853589989815,49.56220829187758,22.70767735094388,26.8545309409337,1.5,46.5,202502,-1.5,-2.6468535899898153,-1.5,3.0622082918775817,-9.5,0.10101305594745444,0.17686174377320882,-1.767366769770362,47.04158749829825,2024
2025_02_SEA_PIT,2025,2,17.0,31.0,-14.0,48.0,-0.5880464743074947,43.5401391407366,21.47604633321455,22.064092807522048,-3.5,40.5,202502,3.5,-4.088046474307495,-17.5,3.040139140736599,7.5,0.10101305594745444,0.17686174377320882,3.087053932774983,41.03768430974386,2024
2025_02_SF_NO,2025,2,21.0,26.0,-5.0,47.0,-4.517290571902352,44.82834258885796,20.155526008477803,24.672816580380157,3.0,40.5,202502,-3.0,-1.5172905719023522,-2.0,4.328342588857957,6.5,0.10101305594745444,0.17686174377320882,-3.1532661574281176,41.26551821791326,2024
2025_02_TB_HOU,2025,2,19.0,20.0,-1.0,39.0,-7.5142863422379005,48.94053505807139,20.713124357916744,28.22741070015465,-2.5,42.5,202502,2.5,-10.0142863422379,-3.5,6.44053505807139,-3.5,0.10101305594745444,0.17686174377320882,1.4884263334376941,43.63908426120299,2024
2025_02_WAS_GB,2025,2,27.0,18.0,9.0,45.0,0.9146096457296136,48.66400799181037,24.789308818769992,23.87469917304038,-3.5,48.5,202502,3.5,-2.5853903542703867,5.5,0.1640079918103723,-3.5,0.10101305594745444,0.17686174377320882,3.2388418194980764,48.529006739424325,2024
2025_03_ARI_SF,2025,3,16.0,15.0,1.0,31.0,0.3408256464351755,46.882856725104496,23.61184118576984,23.27101553933466,-1.5,44.5,202503,1.5,-1.1591743535648245,-0.5,2.382856725104496,-13.5,0.10101305594745444,0.17686174377320882,1.3829082561705022,44.9214361955637,2024
2025_03_ATL_CAR,2025,3,30.0,0.0,30.0,30.0,-8.402830570661456,44.16433834666692,17.88075388800273,26.283584458664187,5.5,44.5,202503,-5.5,-2.9028305706614557,35.5,-0.3356616533330765,-14.5,0.10101305594745444,0.17686174377320882,-5.793223786840207,44.440634294673714,2024
2025_03_CIN_MIN,2025,3,48.0,10.0,38.0,58.0,-1.3012409921994184,46.10311237045012,22.40093568912535,23.70217668132477,-3.0,41.5,202503,3.0,-4.301240992199419,35.0,4.60311237045012,16.5,0.10101305594745444,0.17686174377320882,2.5655185030114755,42.31411448062184,2024
2025_03_DAL_CHI,2025,3,31.0,14.0,17.0,45.0,-1.085110908736511,45.15206447208812,22.033476781675805,23.11858769041232,1.5,49.5,202503,-1.5,0.41488909126348905,18.5,-4.347935527911879,-4.5,0.10101305594745444,0.17686174377320882,-1.4580907850122127,48.73101654072002,2024
2025_03_DEN_LAC,2025,3,23.0,20.0,3.0,43.0,1.912853257324677,48.868034815385656,25.390444036355166,23.47759077903049,-2.5,45.5,202503,2.5,-0.587146742675323,0.5,3.3680348153856556,-2.5,0.10101305594745444,0.17686174377320882,2.440690513232772,46.095676510537984,2024
2025_03_DET_BAL,2025,3,30.0,38.0,-8.0,68.0,2.50444479458684,56.350265499610174,29.427355147098503,26.922910352511668,-4.5,53.5,202503,4.5,-1.9955552054131598,-12.5,2.850265499610174,14.5,0.10101305594745444,0.17686174377320882,4.298422870389366,54.00410292647767,2024
2025_03_GB_CLE,2025,3,13.0,10.0,3.0,23.0,-10.866293636886745,43.37750274222921,16.255604552671233,27.121898189557974,8.5,41.5,202503,-8.5,-2.366293636886745,11.5,1.8775027422292112,-18.5,0.10101305594745444,0.17686174377320882,-8.739026551530946,41.83205840892964,2024
2025_03_HOU_JAX,2025,3,17.0,10.0,7.0,27.0,4.080441132431907,42.87759326370388,23.479017198067893,19.398576065635982,-1.5,43.5,202503,1.5,2.5804411324319068,5.5,-0.6224067362961208,-16.5,0.10101305594745444,0.17686174377320882,1.760658244479457,43.389920059282474,2024
2025_03_IND_TEN,2025,3,20.0,41.0,-21.0,61.0,-8.104119897401693,40.8399516080691,16.367915855333703,24.4720357527354,6.0,43.5,202503,-6.0,-2.1041198974016933,-15.0,-2.6600483919309,17.5,0.10101305594745444,0.17686174377320882,-6.212543580916389,43.02953920288198,2024
2025_03_KC_NYG,2025,3,9.0,22.0,-13.0,31.0,-4.836787284990103,44.88445092874729,20.023831821878595,24.860619106868697,6.0,44.5,202503,-6.0,1.1632127150098972,-7.0,0.3844509287472917,-13.5,0.10101305594745444,0.17686174377320882,-5.882500328939915,44.56799466165347,2024
2025_03_LA_PHI,2025,3,33.0,26.0,7.0,59.0,4.700474915841034,47.99230325552136,26.3463890856812,21.64591416984016,-3.5,45.5,202503,3.5,1.200474915841034,3.5,2.4923032555213567,13.5,0.10101305594745444,0.17686174377320882,3.621263639837366,45.94079309978315,2024
2025_03_LV_WAS,2025,3,41.0,24.0,17.0,65.0,8.945074737454421,47.01209148927581,27.97858311336511,19.03350837591069,-2.5,43.5,202503,2.5,6.445074737454421,14.5,3.512091489275811,21.5,0.10101305594745444,0.17686174377320882,3.1510366950400086,44.121154625084365,2024
2025_03_MIA_BUF,2025,3,31.0,21.0,10.0,52.0,6.502804991799047,52.06312489352828,29.282964942663664,22.78015995086462,-12.5,50.5,202503,12.5,-5.997195008200953,-2.5,1.5631248935282827,1.5,0.10101305594745444,0.17686174377320882,11.894205005108802,50.776456994404725,2024
2025_03_NO_SEA,2025,3,44.0,13.0,31.0,57.0,5.8983362500322505,38.721450622869085,22.30989343645067,16.411557186418417,-7.5,41.5,202503,7.5,-1.6016637499677495,23.5,-2.778549377130915,15.5,0.10101305594745444,0.17686174377320882,7.338211050015498,41.00858091200066,2024
2025_03_NYJ_TB,2025,3,29.0,27.0,2.0,56.0,11.202207460624637,47.69700342297473,29.449605441799683,18.247397981175048,-6.5,43.5,202503,6.5,4.702207460624637,-4.5,4.197003422974731,12.5,0.10101305594745444,0.17686174377320882,6.9749843452966145,44.242289344009436,2024
2025_03_PIT_NE,2025,3,14.0,21.0,-7.0,35.0,3.449110486930117,44.91698294940376,24.18304671816694,20.73393623123682,1.5,44.5,202503,-1.5,4.949110486930117,-5.5,0.41698294940376,-9.5,0.10101305594745444,0.17686174377320882,-1.0000752254935947,44.573748331555244,2024
2025_04_BAL_KC,2025,4,37.0,20.0,17.0,57.0,-5.51923070412276,51.63383779456012,23.05730354521868,28.57653424934144,2.5,48.5,202504,-2.5,-3.0192307041227604,19.5,3.1338377945601223,8.5,0.10101305594745444,0.17686174377320882,-2.8049817200338247,49.05425601704829,2024
2025_04_CAR_NE,2025,4,42.0,13.0,29.0,55.0,4.79964220819266,45.172647940954334,24.986145074573496,20.18650286638084,-5.5,42.5,202504,5.5,-0.70035779180734,23.5,2.6726479409543344,12.5,0.10101305594745444,0.17686174377320882,5.4292547191929295,42.97268917532906,2024
2025_04_CHI_LV,2025,4,24.0,25.0,-1.0,49.0,1.3597230007988,45.41758974073148,23.38865637076514,22.02893336996634,-1.5,47.5,202504,1.5,-0.14027699920120007,-2.5,-2.0824102592685207,1.5,0.10101305594745444,0.17686174377320882,1.4858301916315482,47.13170129029455,2024
2025_04_CIN_DEN,2025,4,28.0,3.0,25.0,31.0,5.664431993870601,46.414178673191294,26.039305333530947,20.374873339660347,-7.5,44.5,202504,7.5,-1.8355680061293986,17.5,1.9141786731912944,-13.5,0.10101305594745444,0.17686174377320882,7.314583666301494,44.8385449780341,2024
2025_04_CLE_DET,2025,4,34.0,10.0,24.0,44.0,18.084223634495626,51.52301064097972,34.803617137737675,16.719393503242046,-10.0,44.5,202504,10.0,8.084223634495626,14.0,7.02301064097972,-0.5,0.10101305594745444,0.17686174377320882,10.81661213428304,45.742101908501475,2024
2025_04_GB_DAL,2025,4,40.0,40.0,0.0,80.0,-6.953303723537863,49.65500103383366,21.3508486551479,28.304152378685764,7.0,47.5,202504,-7.0,0.04669627646213659,7.0,2.1550010338336634,32.5,0.10101305594745444,0.17686174377320882,-6.995283066413192,47.88113724067689,2024
2025_04_IND_LA,2025,4,27.0,20.0,7.0,47.0,1.2695913551747546,50.698405534364426,25.98399844476959,24.71440708959484,-3.5,49.5,202504,3.5,-2.2304086448252454,3.5,1.1984055343644258,-2.5,0.10101305594745444,0.17686174377320882,3.2746996067745813,49.71195209255516,2024
2025_04_JAX_SF,2025,4,21.0,26.0,-5.0,47.0,5.104064616507615,46.33030584169755,25.717185229102583,20.61312061259497,-3.5,45.5,202504,3.5,1.604064616507615,-8.5,0.8303058416975517,1.5,0.10101305594745444,0.17686174377320882,3.662031468850616,45.64684933902771,2024
2025_04_MIN_PIT,2025,4,24.0,21.0,3.0,45.0,-3.8604647809208927,41.19808241881499,18.66880881894705,22.529273599867945,2.5,41.5,202504,-2.5,-1.3604647809208927,5.5,-0.301917581185009,3.5,0.10101305594745444,0.17686174377320882,-2.6374247050297033,41.44660233011583,2024
2025_04_NO_BUF,2025,4,31.0,19.0,12.0,50.0,12.767029690966464,47.91232225158194,30.339675971274204,17.572646280307737,-15.5,48.5,202504,15.5,-2.7329703090335364,-3.5,-0.5876777484180593,1.5,0.10101305594745444,0.17686174377320882,15.223934317270864,48.39606228863807,2024
2025_04_NYJ_MIA,2025,4,27.0,21.0,6.0,48.0,3.9566819536982663,44.75361943293883,24.355150693318546,20.39846873962028,-2.5,44.5,202504,2.5,1.4566819536982663,3.5,0.2536194329388266,3.5,0.10101305594745444,0.17686174377320882,2.64714389568657,44.544855575164334,2024
2025_04_PHI_TB,2025,4,25.0,31.0,-6.0,56.0,1.9502653504892515,52.45116181166177,27.20071358107551,25.250448230586255,3.5,44.5,202504,-3.5,5.450265350489252,-2.5,7.95116181166177,11.5,0.10101305594745444,0.17686174377320882,-2.949452041222557,45.90625634303345,2024
2025_04_SEA_ARI,2025,4,20.0,23.0,-3.0,43.0,2.146670323953209,49.69703018829591,25.92185025612456,23.77517993217135,1.5,43.5,202504,-1.5,3.646670323953209,-1.5,6.197030188295912,-0.5,0.10101305594745444,0.17686174377320882,-1.1316386865445927,44.59601756531723,2024
2025_04_TEN_HOU,2025,4,26.0,0.0,26.0,26.0,6.995406807074284,39.31350071979077,23.154453763432524,16.159046956358242,-7.5,39.5,202504,7.5,-0.5045931929257161,18.5,-0.18649928020923312,-13.5,0.10101305594745444,0.17686174377320882,7.44902949957229,39.467015412089744,2024
2025_04_WAS_ATL,2025,4,34.0,27.0,7.0,61.0,-2.0538640544827427,49.7974190113099,23.871777478413577,25.92564153289632,-2.5,43.5,202504,2.5,-4.553864054482743,4.5,6.2974190113098985,17.5,0.10101305594745444,0.17686174377320882,2.040000275487433,44.613772507610825,2024
2025_05_DAL_NYJ,2025,5,22.0,37.0,-15.0,59.0,2.7028447293364968,49.166737005203714,25.934790867270102,23.23194613793361,-1.5,48.5,202505,1.5,1.2028447293364968,-16.5,0.6667370052037143,10.5,0.10101305594745444,0.17686174377320882,1.6215030219405682,48.61792026937846,2024
2025_05_DEN_PHI,2025,5,17.0,21.0,-4.0,38.0,2.779676575536516,47.25932936845332,25.019502971994918,22.2398263964584,-3.5,44.5,202505,3.5,-0.720323424463484,-7.5,2.759329368453322,-6.5,0.10101305594745444,0.17686174377320882,3.427237929624408,44.98801980374928,2024
2025_05_DET_CIN,2025,5,24.0,37.0,-13.0,61.0,-10.7049403616707,49.396359604058944,19.34570962119412,30.050649982864822,10.5,49.5,202505,-10.5,-0.2049403616706993,-2.5,-0.10364039594105634,11.5,0.10101305594745444,0.17686174377320882,-10.520701652219334,49.48166997884852,2024
2025_05_HOU_BAL,2025,5,10.0,44.0,-34.0,54.0,9.873032429170868,46.04197713868252,27.95750478392669,18.084472354755825,2.5,41.5,202505,-2.5,12.373032429170868,-31.5,4.541977138682519,12.5,0.10101305594745444,0.17686174377320882,-1.250162182992495,42.30330199692544,2024
2025_05_KC_JAX,2025,5,31.0,28.0,3.0,59.0,-1.225761291842071,44.64549292191566,21.7098658150368,22.935627106878865,3.5,45.5,202505,-3.5,2.274238708157929,6.5,-0.8545070780843389,13.5,0.10101305594745444,0.17686174377320882,-3.2702721981349767,45.34887038810346,2024
2025_05_LV_IND,2025,5,40.0,6.0,34.0,46.0,6.43641939235359,49.95813309516016,28.19727624375688,21.76085685140329,-7.0,46.5,202505,7.0,-0.5635806076464096,27.0,3.458133095160157,-0.5,0.10101305594745444,0.17686174377320882,6.943071000548913,47.11161144940987,2024
2025_05_MIA_CAR,2025,5,27.0,24.0,3.0,51.0,-2.9025810676856105,46.84779872486322,21.972608828588804,24.875189896274414,1.5,44.5,202505,-1.5,-1.4025810676856105,4.5,2.3477987248632175,6.5,0.10101305594745444,0.17686174377320882,-1.6416789998609669,44.91523577650783,2024
2025_05_NE_BUF,2025,5,20.0,23.0,-3.0,43.0,8.565646826268345,53.21841758872042,30.89203220749438,22.32638538122604,-7.5,49.5,202505,7.5,1.0656468262683454,-10.5,3.7184175887204205,-6.5,0.10101305594745444,0.17686174377320882,7.607644242482071,50.15764581881806,2024
2025_05_SF_LA,2025,5,23.0,26.0,-3.0,49.0,3.015789786744044,48.24775529728833,25.631772542016183,22.615982755272142,-8.5,43.5,202505,8.5,-5.484210213255956,-11.5,4.747755297288329,5.5,0.10101305594745444,0.17686174377320882,7.946023166900775,44.339696280886905,2024
2025_05_TB_SEA,2025,5,35.0,38.0,-3.0,73.0,-1.2098829218716751,48.64352459514659,23.716820836637456,24.92670375850913,-3.5,44.5,202505,3.5,-4.709882921871675,-6.5,4.143524595146587,28.5,0.10101305594745444,0.17686174377320882,3.0242403329070164,45.232830985264805,2024
2025_05_TEN_ARI,2025,5,21.0,22.0,-1.0,43.0,13.031226453480691,43.20421546915574,28.117720961318216,15.086494507837523,-7.5,41.5,202505,7.5,5.531226453480691,-8.5,1.7042154691557414,1.5,0.10101305594745444,0.17686174377320882,8.058726087203485,41.801410519640164,2024
2025_05_WAS_LAC,2025,5,10.0,27.0,-17.0,37.0,0.5550580978152488,48.55655473264235,24.5558064152288,24.00074831741355,-2.5,47.5,202505,2.5,-1.9449419021847512,-19.5,1.056554732642347,-10.5,0.10101305594745444,0.17686174377320882,2.3035354748200634,47.686864112406965,2024
2025_06_ARI_IND,2025,6,31.0,27.0,4.0,58.0,4.513840427995868,50.48578235188713,27.4998113899415,22.985970961945632,-8.5,46.5,202506,8.5,-3.986159572004132,-4.5,3.9857823518871314,11.5,0.10101305594745444,0.17686174377320882,8.097345840137665,47.20493241705524,2024
2025_06_BUF_ATL,2025,6,24.0,14.0,10.0,38.0,-2.901935106609024,53.06606025755113,25.082062575471053,27.98399768208008,3.5,49.5,202506,-3.5,0.5980648933909758,13.5,3.566060257551129,-11.5,0.10101305594745444,0.17686174377320882,-3.439587637463689,50.13069963555083,2024
2025_06_CHI_WAS,2025,6,24.0,25.0,-1.0,49.0,10.157391300510549,47.83312678242624,28.99525904146839,18.837867740957844,-5.5,49.5,202506,5.5,4.6573913005105485,-6.5,-1.6668732175737588,-0.5,0.10101305594745444,0.17686174377320882,5.97045732800766,49.205193896091046,2024
2025_06_CIN_GB,2025,6,27.0,18.0,9.0,45.0,11.186801951333198,46.22510749601765,28.705954723675426,17.519152772342224,-14.0,44.5,202506,14.0,-2.813198048666802,-5.0,1.7251074960176496,0.5,0.10101305594745444,0.17686174377320882,13.71583026811875,44.80510551994192,2024
2025_06_DAL_CAR,2025,6,30.0,27.0,3.0,57.0,-1.2750263101014714,47.51910473416732,23.122039212032924,24.3970655221344,3.0,47.5,202506,-3.0,1.7249736898985286,6.0,0.01910473416732117,9.5,0.10101305594745444,0.17686174377320882,-2.825755136154393,47.50337889659916,2024
2025_06_DEN_NYJ,2025,6,11.0,13.0,-2.0,24.0,-3.322072220901635,45.08757844649062,20.88275311279449,24.204825333696128,7.5,43.5,202506,-7.5,4.177927779098365,5.5,1.5875784464906175,-19.5,0.10101305594745444,0.17686174377320882,-7.077974747505513,43.78078189242309,2024
2025_06_DET_KC,2025,6,30.0,17.0,13.0,47.0,-4.035103934178592,51.02902558292152,23.496960824371463,27.532064758550057,-2.5,51.5,202506,2.5,-6.535103934178592,10.5,-0.4709744170784802,-4.5,0.10101305594745444,0.17686174377320882,1.8398691806743883,51.41670264332293,2024
2025_06_LAC_MIA,2025,6,27.0,29.0,-2.0,56.0,-0.4107435784100293,46.50277190394163,23.0460141627658,23.456757741175828,3.5,45.5,202506,-3.5,3.0892564215899707,1.5,1.0027719039416283,10.5,0.10101305594745444,0.17686174377320882,-3.1879447682498996,45.6773519875379,2024
2025_06_LA_BAL,2025,6,3.0,17.0,-14.0,20.0,1.1293382069784863,46.18002285206907,23.65468052952378,22.52534232254529,7.0,43.5,202506,-7.0,8.129338206978487,-7.0,2.6800228520690723,-23.5,0.10101305594745444,0.17686174377320882,-6.178830704882703,43.97399351496898,2024
2025_06_NE_NO,2025,6,19.0,25.0,-6.0,44.0,-1.687975066423805,48.36076980318957,23.336397368382883,25.024372434806686,3.5,46.5,202506,-3.5,1.812024933576195,-2.5,1.8607698031895694,-2.5,0.10101305594745444,0.17686174377320882,-3.3169618240064853,46.82909899215264,2024
2025_06_PHI_NYG,2025,6,34.0,17.0,17.0,51.0,-5.888672852295638,42.69463659925098,18.40298187347767,24.291654725773316,7.0,40.5,202506,-7.0,1.1113271477043618,24.0,2.194636599250977,10.5,0.10101305594745444,0.17686174377320882,-6.887741448653014,40.88814725589203,2024
2025_06_SEA_JAX,2025,6,12.0,20.0,-8.0,32.0,-2.298802998856174,48.20246017894508,22.951828590044453,25.250631588900628,1.5,47.5,202506,-1.5,-0.798802998856174,-6.5,0.7024601789450813,-15.5,0.10101305594745444,0.17686174377320882,-1.5806895320144532,47.624238332179466,2024
2025_06_SF_TB,2025,6,30.0,19.0,11.0,49.0,3.714193579620448,50.31850285267553,27.01634821614799,23.30215463652754,-3.5,46.5,202506,3.5,0.21419357962044794,7.5,3.818502852675529,2.5,0.10101305594745444,0.17686174377320882,3.521636348041786,47.17534707312716,2024
2025_06_TEN_LV,2025,6,20.0,10.0,10.0,30.0,6.509009343653375,38.66609672034007,22.587553031996723,16.07854368834335,-3.5,41.5,202506,3.5,3.009009343653375,6.5,-2.8339032796599284,-11.5,0.10101305594745444,0.17686174377320882,3.8039492291768715,40.99879092427473,2024
2025_07_ATL_SF,2025,7,20.0,10.0,10.0,30.0,-0.0285751979927604,44.35799774931866,22.164711275662956,22.19328647365571,-1.5,46.5,202507,1.5,-1.5285751979927604,8.5,-2.1420022506813368,-16.5,0.10101305594745444,0.17686174377320882,1.345593948005266,46.12116174677836,2024
2025_07_CAR_NYJ,2025,7,6.0,13.0,-7.0,19.0,0.8566382813361824,43.47944791458207,22.168043097959124,21.311404816622943,-1.5,39.5,202507,1.5,-0.6433617186638176,-8.5,3.9794479145820674,-20.5,0.10101305594745444,0.17686174377320882,1.4350120667181614,40.203812097427644,2024
2025_07_GB_ARI,2025,7,23.0,27.0,-4.0,50.0,-4.359660393367644,51.64200097686763,23.641170291749997,28.000830685117634,7.0,44.5,202507,-7.0,2.640339606632356,3.0,7.142000976867628,5.5,0.10101305594745444,0.17686174377320882,-6.733291227594966,45.76314674679877,2024
2025_07_HOU_SEA,2025,7,27.0,19.0,8.0,46.0,2.8548600441752106,45.797146451086775,24.326003247630997,21.47114320345578,-3.0,41.5,202507,3.0,-0.14513995582478945,5.0,4.297146451086775,4.5,0.10101305594745444,0.17686174377320882,2.9853389695220596,42.26000081458806,2024
2025_07_IND_LAC,2025,7,24.0,38.0,-14.0,62.0,-0.6298814702675164,49.342866266108445,24.356492397920466,24.98637386818798,-2.5,48.5,202507,2.5,-3.1298814702675166,-16.5,0.8428662661084445,13.5,0.10101305594745444,0.17686174377320882,2.1838411079349664,48.649070797591556,2024
2025_07_LA_JAX,2025,7,7.0,35.0,-28.0,42.0,-3.4586256012820344,44.6977559078523,20.61956515328513,24.078190754567167,3.0,44.5,202507,-3.0,-0.45862560128203445,-25.0,0.19775590785229724,-2.5,0.10101305594745444,0.17686174377320882,-3.046327173521237,44.53497545470421,2024
2025_07_LV_KC,2025,7,31.0,0.0,31.0,31.0,9.710347181857353,46.55869086708248,28.13451902446992,18.42417184261257,-13.5,44.5,202507,13.5,-3.789652818142647,17.5,2.0586908670824826,-13.5,0.10101305594745444,0.17686174377320882,13.117195587859529,44.864103656642186,2024
2025_07_MIA_CLE,2025,7,31.0,6.0,25.0,37.0,-5.635231148393903,42.07534493294356,18.220056892274823,23.85528804066873,-2.5,34.5,202507,2.5,-8.135231148393903,22.5,7.575344932943558,2.5,0.10101305594745444,0.17686174377320882,1.6782354408618128,35.83978871452394,2024
2025_07_NE_TEN,2025,7,13.0,31.0,-18.0,44.0,-8.351660348886089,40.05855382765099,15.85344673938245,24.20510708826854,6.5,40.5,202507,-6.5,-1.8516603488860888,-11.5,-0.4414461723490106,3.5,0.10101305594745444,0.17686174377320882,-6.687041870417714,40.42192506017634,2024
2025_07_NO_CHI,2025,7,26.0,14.0,12.0,40.0,2.238563174863459,42.98508771032571,22.611825442594583,20.373262267731125,-4.5,43.5,202507,4.5,-2.261436825136541,7.5,-0.5149122896742924,-3.5,0.10101305594745444,0.17686174377320882,4.271565355460849,43.40893171455795,2024
2025_07_NYG_DEN,2025,7,33.0,32.0,1.0,65.0,7.317594955167058,41.43557703472038,24.37658599494372,17.05899103977666,-7.5,39.5,202507,7.5,-0.18240504483294195,-6.5,1.9355770347203816,25.5,0.10101305594745444,0.17686174377320882,7.481574709001192,39.842329529568026,2024
2025_07_PHI_MIN,2025,7,22.0,28.0,-6.0,50.0,0.5297763403372878,47.49469097670085,24.01223365851907,23.482457318181783,2.5,43.5,202507,-2.5,3.0297763403372877,-3.5,3.994690976700852,6.5,0.10101305594745444,0.17686174377320882,-2.193953033025236,44.206508011974414,2024
2025_07_PIT_CIN,2025,7,33.0,31.0,2.0,64.0,-2.156373010755172,45.48266132753725,21.663144158391034,23.81951716914621,5.5,45.5,202507,-5.5,3.343626989244828,7.5,-0.017338672462749116,18.5,0.10101305594745444,0.17686174377320882,-5.162250019867994,45.49693345215353,2024
2025_07_TB_DET,2025,7,24.0,9.0,15.0,33.0,4.7980396362893245,59.14778801742321,31.972913826856267,27.174874190566943,-6.0,54.5,202507,6.0,-1.2019603637106755,9.0,4.64778801742321,-21.5,0.10101305594745444,0.17686174377320882,5.878586310533871,55.322015893449695,2024
2025_07_WAS_DAL,2025,7,44.0,22.0,22.0,66.0,-3.682191568130502,53.9603524426513,25.1390804372604,28.821272005390902,-1.5,54.5,202507,1.5,-5.182191568130502,20.5,-0.539647557348701,11.5,0.10101305594745444,0.17686174377320882,0.976530993198007,54.40455699198436,2024
2025_08_BUF_CAR,2025,8,9.0,40.0,-31.0,49.0,-5.75718759540594,46.790639334161895,20.51672586937798,26.27391346478392,7.0,47.5,202508,-7.0,1.2428124045940603,-24.0,-0.7093606658381049,1.5,0.10101305594745444,0.17686174377320882,-6.87445972104255,47.37454123567575,2024
2025_08_CHI_BAL,2025,8,30.0,16.0,14.0,46.0,4.273961956543478,45.00085162916,24.63740679285174,20.363444836308258,-2.5,45.5,202508,2.5,1.773961956543478,11.5,-0.49914837083999686,0.5,0.10101305594745444,0.17686174377320882,2.679193318364982,45.411719748731684,2024
2025_08_CLE_NE,2025,8,32.0,13.0,19.0,45.0,10.498066894953752,43.67924454596452,27.088655720459137,16.590588825505385,-7.0,40.5,202508,7.0,3.4980668949537517,12.0,3.179244545964522,4.5,0.10101305594745444,0.17686174377320882,7.353350426967902,41.06228673428075,2024
2025_08_DAL_DEN,2025,8,44.0,24.0,20.0,68.0,5.331308230553699,50.56712445147277,27.949216341013237,22.61790811045954,-3.5,51.5,202508,3.5,1.8313082305536987,16.5,-0.9328755485272282,16.5,0.10101305594745444,0.17686174377320882,3.6849860407499544,51.33501000376408,2024
2025_08_GB_PIT,2025,8,25.0,35.0,-10.0,60.0,-4.391249732846731,49.04330564393096,22.326027955542116,26.717277688388844,3.0,46.5,202508,-3.0,-1.391249732846731,-7.0,2.5433056439309567,13.5,0.10101305594745444,0.17686174377320882,-3.140534387100928,46.94981347113387,2024
2025_08_MIA_ATL,2025,8,10.0,34.0,-24.0,44.0,5.70100244405756,48.59138022702548,27.14619133554152,21.44518889148396,-7.0,44.5,202508,7.0,-1.2989975559424396,-31.0,4.091380227025482,-0.5,0.10101305594745444,0.17686174377320882,6.86878428720598,45.22360864139095,2024
2025_08_MIN_LAC,2025,8,37.0,10.0,27.0,47.0,0.4748049503744057,45.50623542256395,22.990520186469176,22.51571523609477,-3.0,45.5,202508,3.0,-2.5251950496255944,24.0,0.006235422563946713,1.5,0.10101305594745444,0.17686174377320882,2.744922331173935,45.501102807707824,2024
2025_08_NYG_PHI,2025,8,38.0,20.0,18.0,58.0,6.2476427409381365,45.10095133201975,25.67429703647894,19.426654295540807,-7.0,43.5,202508,7.0,-0.7523572590618635,11.0,1.600951332019747,14.5,0.10101305594745444,0.17686174377320882,6.924002094097911,43.78314704427705,2024
2025_08_NYJ_CIN,2025,8,38.0,39.0,-1.0,77.0,1.6233233814425183,45.04279245283427,23.333057917138397,21.70973453569588,-5.5,43.5,202508,5.5,-3.8766766185574815,-6.5,1.54279245283427,33.5,0.10101305594745444,0.17686174377320882,5.108405047839464,43.77286096348841,2024
2025_08_SF_HOU,2025,8,26.0,15.0,11.0,41.0,0.2770076665549126,44.815650004993394,22.546328835774155,22.26932116921924,-2.5,41.5,202508,2.5,-2.222992333445087,8.5,3.315650004993394,-0.5,0.10101305594745444,0.17686174377320882,2.2754487510509493,42.08641164162478,2024
2025_08_TEN_IND,2025,8,38.0,14.0,24.0,52.0,14.727074475839808,46.699660595199646,30.71336753551973,15.98629305967992,-15.5,47.5,202508,15.5,-0.7729255241601916,8.5,-0.8003394048003543,4.5,0.10101305594745444,0.17686174377320882,15.421924430784792,47.3584505772566,2024
2025_08_WAS_KC,2025,8,28.0,7.0,21.0,35.0,5.79404657659626,49.56656254166823,27.68030455913225,21.886257982535987,-10.5,48.5,202508,10.5,-4.70595342340374,10.5,1.0665625416682332,-13.5,0.10101305594745444,0.17686174377320882,10.024637263555602,48.68863411096263,2024
2025_09_ARI_DAL,2025,9,17.0,27.0,-10.0,44.0,1.3087737498789995,53.84167050131818,27.57522212559859,26.266448375719587,-3.5,53.5,202509,3.5,-2.1912262501210007,-13.5,0.3416705013181769,-9.5,0.10101305594745444,0.17686174377320882,3.2786575402029965,53.560428440659,2024
2025_09_ATL_NE,2025,9,24.0,23.0,1.0,47.0,4.9379062377469305,46.08544322309946,25.511674730423195,20.573768492676265,-5.5,45.5,202509,5.5,-0.5620937622530695,-4.5,0.5854432230994604,1.5,0.10101305594745444,0.17686174377320882,5.443221191345816,45.60354250931758,2024
2025_09_BAL_MIA,2025,9,6.0,28.0,-22.0,34.0,-3.7102638449209993,50.685281944952266,23.487509050015632,27.197772894936637,7.5,51.5,202509,-7.5,3.7897361550790007,-14.5,-0.8147180550477344,-17.5,0.10101305594745444,0.17686174377320882,-7.117187169740914,51.35590754410074,2024
2025_09_CAR_GB,2025,9,13.0,16.0,-3.0,29.0,11.783978981586785,47.40405750436496,29.594018242975874,17.81003926138909,-12.5,43.5,202509,12.5,-0.7160210184132154,-15.5,3.904057504364957,-14.5,0.10101305594745444,0.17686174377320882,12.427672528807472,44.190478418012866,2024
2025_09_CHI_CIN,2025,9,42.0,47.0,-5.0,89.0,1.2055580683519838,48.69641745569977,24.95098776202588,23.74542969367389,3.0,51.5,202509,-3.0,4.2055580683519835,-2.0,-2.8035825443002267,37.5,0.10101305594745444,0.17686174377320882,-2.5751837275512925,51.004153502402936,2024
2025_09_DEN_HOU,2025,9,15.0,18.0,-3.0,33.0,-3.4256722892201896,45.90958009982639,21.2419539053031,24.667626194523287,-1.5,40.5,202509,1.5,-4.92567228922019,-4.5,5.4095800998263925,-7.5,0.10101305594745444,0.17686174377320882,1.002442789470175,41.45674776953614,2024
2025_09_IND_PIT,2025,9,27.0,20.0,7.0,47.0,-5.422628368814895,50.25421054646907,22.415791088827085,27.838419457641983,3.5,51.5,202509,-3.5,-1.9226283688148946,10.5,-1.2457894535309322,-4.5,0.10101305594745444,0.17686174377320882,-3.694210566985262,51.27966750487425,2024
2025_09_JAX_LV,2025,9,29.0,30.0,-1.0,59.0,-4.036227635428639,41.739515670091386,18.85164401733137,22.88787165276001,2.5,43.5,202509,-2.5,-1.5362276354286388,1.5,-1.7604843299086141,15.5,0.10101305594745444,0.17686174377320882,-2.6551790480855786,43.188637671526955,2024
2025_09_KC_BUF,2025,9,28.0,21.0,7.0,49.0,-0.1111564475680813,50.31645711782961,25.102650335130765,25.213806782698843,2.5,53.5,202509,-2.5,2.3888435524319185,9.5,-3.183542882170393,-4.5,0.10101305594745444,0.17686174377320882,-2.258695612588479,52.93695305448256,2024
2025_09_LAC_TEN,2025,9,20.0,27.0,-7.0,47.0,-10.158171479008784,39.7658678531808,14.803848187086007,24.962019666094797,10.0,44.5,202509,-10.0,-0.15817147900878403,3.0,-4.734132146819199,2.5,0.10101305594745444,0.17686174377320882,-10.015977384458406,43.66271313326075,2024
2025_09_MIN_DET,2025,9,24.0,27.0,-3.0,51.0,11.612519130627737,46.90369736785871,29.25810824924322,17.64558911861549,-9.5,47.5,202509,9.5,2.112519130627737,-12.5,-0.5963026321412883,3.5,0.10101305594745444,0.17686174377320882,9.713392013132168,47.39453687666294,2024
2025_09_SEA_WAS,2025,9,14.0,38.0,-24.0,52.0,1.3072476390304333,48.60891324909275,24.958080444061597,23.65083280503116,2.5,47.5,202509,-2.5,3.8072476390304333,-21.5,1.1089132490927511,4.5,0.10101305594745444,0.17686174377320882,-2.115418281232805,47.69612433092776,2024
2025_09_SF_NYG,2025,9,24.0,34.0,-10.0,58.0,-1.6273894023177646,44.55793981735796,21.465275207520094,23.09266460983786,2.5,47.5,202509,-2.5,0.8726105976822354,-7.5,-2.942060182642038,10.5,0.10101305594745444,0.17686174377320882,-2.4118549368759825,46.9796621058122,2024
2025_10_ARI_SEA,2025,10,44.0,22.0,22.0,66.0,4.858141858679273,48.14778286171834,26.502962360198808,21.644820501519533,-7.0,44.5,202510,7.0,-2.1418581413207267,15.0,3.6477828617183405,21.5,0.10101305594745444,0.17686174377320882,6.783644363739259,45.14515323782953,2024
2025_10_ATL_IND,2025,10,31.0,25.0,6.0,56.0,6.205411727526159,50.042023607264014,28.123717667395088,21.91830593986893,-6.5,48.5,202510,6.5,-0.2945882724738409,-0.5,1.5420236072640137,7.5,0.10101305594745444,0.17686174377320882,6.470242738351136,48.77272498412017,2024
2025_10_BAL_MIN,2025,10,19.0,27.0,-8.0,46.0,-5.59154584494992,47.51618225366439,20.962318204357235,26.553864049307155,4.5,48.5,202510,-4.5,-1.0915458449499198,-3.5,-0.9838177463356104,-2.5,0.10101305594745444,0.17686174377320882,-4.610260381505138,48.32600027782806,2024
2025_10_BUF_MIA,2025,10,30.0,13.0,17.0,43.0,-8.46957100957908,48.15089001993284,19.84065950517688,28.31023051475596,8.5,50.5,202510,-8.5,0.030428990420919177,25.5,-2.349109980067162,-7.5,0.10101305594745444,0.17686174377320882,-8.496926274688187,50.08453231261027,2024
2025_10_CLE_NYJ,2025,10,27.0,20.0,7.0,47.0,7.572991370441359,40.8954764963127,24.23423393337703,16.661242562935673,1.5,37.5,202510,-1.5,9.07299137044136,8.5,3.3954764963127033,9.5,0.10101305594745444,0.17686174377320882,-0.5835094150868356,38.10052989407881,2024
2025_10_DET_WAS,2025,10,22.0,44.0,-22.0,66.0,-5.089906964124396,50.286983441885575,22.59853823888059,27.688445203004985,8.5,49.5,202510,-8.5,3.4100930358756036,-13.5,0.7869834418855746,16.5,0.10101305594745444,0.17686174377320882,-8.155536081381072,49.63918726385253,2024
2025_10_JAX_HOU,2025,10,36.0,29.0,7.0,65.0,1.5265181650324118,44.30645514473648,22.916486654884448,21.389968489852038,1.5,37.5,202510,-1.5,3.026518165032412,8.5,6.806455144736482,27.5,0.10101305594745444,0.17686174377320882,-1.1942821512695938,38.703801525812224,2024
2025_10_LA_SF,2025,10,26.0,42.0,-16.0,68.0,-3.9086404069128537,45.74777104343177,20.91956531825946,24.82820572517231,5.5,49.5,202510,-5.5,1.5913595930871463,-10.5,-3.7522289565682314,18.5,0.10101305594745444,0.17686174377320882,-5.33925190439097,48.836374243705016,2024
2025_10_LV_DEN,2025,10,10.0,7.0,3.0,17.0,10.31576165633762,44.65866319895064,27.48721242764413,17.17145077130651,-9.5,42.5,202510,9.5,0.8157616563376209,-6.5,2.1586631989506415,-25.5,0.10101305594745444,0.17686174377320882,9.58240257783142,42.881784937585465,2024
2025_10_NE_TB,2025,10,23.0,28.0,-5.0,51.0,1.1828640984814227,50.534106866083285,25.858485482282354,24.67562138380093,-2.5,48.5,202510,2.5,-1.3171359015185773,-7.5,2.0341068660832846,2.5,0.10101305594745444,0.17686174377320882,2.366952077489503,48.85975568735655,2024
2025_10_NO_CAR,2025,10,7.0,17.0,-10.0,24.0,4.802091295478672,34.336852200496004,19.569471747987336,14.767380452508666,-5.5,38.5,202510,5.5,-0.6979087045213284,-15.5,-4.163147799503996,-14.5,0.10101305594745444,0.17686174377320882,5.4295021089839715,37.763698420594125,2024
2025_10_NYG_CHI,2025,10,24.0,20.0,4.0,44.0,3.3291171414515004,46.121277715085,24.72519742826825,21.39608028681675,-4.5,45.5,202510,4.5,-1.1708828585484996,-0.5,0.6212777150850002,-1.5,0.10101305594745444,0.17686174377320882,4.381725544301525,45.609880260057366,2024
2025_10_PHI_GB,2025,10,7.0,10.0,-3.0,17.0,2.9724980328857047,51.84239993754821,27.40744898521696,24.434950952331253,-1.5,45.5,202510,1.5,1.4724980328857047,-4.5,6.342399937548208,-28.5,0.10101305594745444,0.17686174377320882,1.6487415261784002,46.62172791266187,2024
2025_10_PIT_LAC,2025,10,25.0,10.0,15.0,35.0,6.872455010661704,49.04754892702299,27.960001968842345,21.08754695818064,-3.0,45.5,202510,3.0,3.872455010661704,12.0,3.547548927022987,-10.5,0.10101305594745444,0.17686174377320882,3.391168514645971,46.12742568935406,2024
2025_11_CAR_ATL,2025,11,27.0,30.0,-3.0,57.0,5.210273484566125,45.878152707682034,25.54421309612408,20.333939611557955,-4.5,42.5,202511,4.5,0.7102734845661249,-7.5,3.378152707682034,14.5,0.10101305594745444,0.17686174377320882,4.5717468952344715,43.09746597861283,2024
2025_11_CHI_MIN,2025,11,17.0,19.0,-2.0,36.0,-1.5681258597676908,43.83354044536487,21.13270729279859,22.70083315256628,-3.0,47.5,202511,3.0,-4.568125859767691,-5.0,-3.666459554635132,-11.5,0.10101305594745444,0.17686174377320882,2.538559646952273,46.85154356969329,2024
2025_11_CIN_PIT,2025,11,34.0,12.0,22.0,46.0,0.8417110887926801,44.22328434538727,22.53249771708997,21.690786628297296,-5.5,48.5,202511,5.5,-4.65828891120732,16.5,-4.27671565461273,-2.5,0.10101305594745444,0.17686174377320882,5.029452001592809,47.743612611703014,2024
2025_11_DAL_LV,2025,11,16.0,33.0,-17.0,49.0,-3.1949266117475927,46.7108273218034,21.757950355027905,24.95287696677549,3.5,48.5,202511,-3.5,0.30507338825240726,-13.5,-1.7891726781966,0.5,0.10101305594745444,0.17686174377320882,-3.46918360476438,48.183563800222764,2024
2025_11_DET_PHI,2025,11,16.0,9.0,7.0,25.0,-3.2959003798523705,49.99632489423112,23.350212257189376,26.646112637041742,-2.5,46.5,202511,2.5,-5.7959003798523705,4.5,3.4963248942311225,-21.5,0.10101305594745444,0.17686174377320882,1.9145383906641,47.1183661175914,2024
2025_11_GB_NYG,2025,11,20.0,27.0,-7.0,47.0,-8.018820769771185,45.50937755632233,18.74527839327557,26.76409916304676,7.5,41.5,202511,-7.5,-0.5188207697711853,0.5,4.0093775563223275,5.5,0.10101305594745444,0.17686174377320882,-7.552407671443598,42.20910550605633,2024
2025_11_HOU_TEN,2025,11,13.0,16.0,-3.0,29.0,-7.607056356252404,36.988507071380525,14.69072535756406,22.297781713816462,5.5,37.5,202511,-5.5,-2.1070563562524036,2.5,-0.5114929286194752,-8.5,0.10101305594745444,0.17686174377320882,-5.7128402015985635,37.409536468716695,2024
2025_11_KC_DEN,2025,11,22.0,19.0,3.0,41.0,-1.890948963376063,44.47280097961374,21.29092600811884,23.1818749714949,3.5,44.5,202511,-3.5,1.609051036623937,6.5,-0.027199020386262873,-3.5,0.10101305594745444,0.17686174377320882,-3.3374648376151965,44.49518953382556,2024
2025_11_LAC_JAX,2025,11,35.0,6.0,29.0,41.0,-4.655852803228576,44.63795549244731,19.991051344609367,24.646904147837944,3.0,43.5,202511,-3.0,-1.6558528032285764,32.0,1.1379554924473112,-2.5,0.10101305594745444,0.17686174377320882,-3.1672627518532774,43.70126079273053,2024
2025_11_NYJ_NE,2025,11,27.0,14.0,13.0,41.0,8.603739111893708,47.12749774533188,27.865618428612795,19.261879316719085,-12.5,43.5,202511,12.5,-3.8962608881062923,0.5,3.6274977453318797,-2.5,0.10101305594745444,0.17686174377320882,12.10642678092384,44.14156557677278,2024
2025_11_SEA_LA,2025,11,21.0,19.0,2.0,40.0,4.66969075948527,54.01141435430812,29.340552556896693,24.670861797411423,-3.0,49.5,202511,3.0,1.6696907594852703,-1.0,4.511414354308123,-9.5,0.10101305594745444,0.17686174377320882,3.168660566102833,50.29789660958642,2024
2025_11_SF_ARI,2025,11,22.0,41.0,-19.0,63.0,-0.1659943198482785,51.50544010361808,25.6697228918849,25.83571721173318,3.5,48.5,202511,-3.5,3.3340056801517215,-15.5,3.005440103618078,14.5,0.10101305594745444,0.17686174377320882,-3.1632218977017033,49.03154737753183,2024
2025_11_TB_BUF,2025,11,44.0,32.0,12.0,76.0,4.178025149361848,47.79230248960903,25.98516381948544,21.80713867012359,-6.0,46.5,202511,6.0,-1.821974850638152,6.0,1.2923024896090283,29.5,0.10101305594745444,0.17686174377320882,5.815956752477633,46.72855887179471,2024
2025_11_WAS_MIA,2025,11,16.0,13.0,3.0,29.0,0.042676258399233,49.61045757076367,24.82656691458145,24.78389065618222,-2.5,47.5,202511,2.5,-2.457323741600767,0.5,2.1104575707636712,-18.5,0.10101305594745444,0.17686174377320882,2.2517782194086737,47.87325920612464,2024
2025_12_ATL_NO,2025,12,10.0,24.0,-14.0,34.0,-2.631772806112793,42.59691609673504,19.98257164531113,22.61434445142392,-1.5,41.5,202512,1.5,-4.131772806112793,-15.5,1.0969160967350433,-7.5,0.10101305594745444,0.17686174377320882,1.0826370023739575,41.69400249364146,2024
2025_12_BUF_HOU,2025,12,23.0,19.0,4.0,42.0,-3.603083490751133,49.456142640672326,22.9265295749606,26.52961306571173,5.5,43.5,202512,-5.5,1.8969165092488671,9.5,5.956142640672326,-1.5,0.10101305594745444,0.17686174377320882,-5.308386666523594,44.553413773591274,2024
2025_12_CAR_SF,2025,12,20.0,9.0,11.0,29.0,7.043137272687245,48.656239800016586,27.84968853635192,20.80655126366467,-7.5,48.5,202512,7.5,-0.456862727312755,3.5,0.15623980001658566,-19.5,0.10101305594745444,0.17686174377320882,7.45385089976565,48.52763284347771,2024
2025_12_IND_KC,2025,12,23.0,20.0,3.0,43.0,1.3430704983214792,49.61050520824501,25.476787853283245,24.133717354961764,-3.5,50.5,202512,3.5,-2.156929501678521,-0.5,-0.8894947917549914,-7.5,0.10101305594745444,0.17686174377320882,3.2821219595722324,50.34268240005302,2024
2025_12_JAX_ARI,2025,12,24.0,27.0,-3.0,51.0,0.3677745278548234,47.67751372288811,24.022644125371464,23.654869597516644,2.5,47.5,202512,-2.5,2.8677745278548232,-0.5,0.17751372288810785,3.5,0.10101305594745444,0.17686174377320882,-2.210317331173116,47.531395386573664,2024
2025_12_MIN_GB,2025,12,23.0,6.0,17.0,29.0,9.96272085637546,41.10185313695372,25.532286996664592,15.56956614028913,-6.5,41.5,202512,6.5,3.4627208563754603,10.5,-0.39814686304627855,-12.5,0.10101305594745444,0.17686174377320882,6.849780015595472,41.4295830515238,2024
2025_12_NE_CIN,2025,12,20.0,26.0,-6.0,46.0,-5.707865863792925,52.51158862870787,23.401861382457472,29.1097272462504,7.5,50.5,202512,-7.5,1.7921341362070748,1.5,2.0115886287078695,-4.5,0.10101305594745444,0.17686174377320882,-7.318971054233971,50.855773072627635,2024
2025_12_NYG_DET,2025,12,34.0,27.0,7.0,61.0,11.961100089620448,52.10190004260415,32.0315000661123,20.07039997649185,-14.0,50.5,202512,14.0,-2.038899910379552,-7.0,1.60190004260415,10.5,0.10101305594745444,0.17686174377320882,13.794044489281571,50.783314834885346,2024
2025_12_NYJ_BAL,2025,12,23.0,10.0,13.0,33.0,10.838749060665853,45.88148858047381,28.36011882056983,17.521369759903976,-14.0,44.5,202512,14.0,-3.1612509393341472,-1.0,1.3814885804738068,-11.5,0.10101305594745444,0.17686174377320882,13.680672382001097,44.744332479345374,2024
2025_12_PHI_DAL,2025,12,24.0,21.0,3.0,45.0,-1.1899362961165223,53.13500916628345,25.972536435083462,27.162472731199987,3.0,47.5,202512,-3.0,1.8100637038834777,6.0,5.635009166283453,-2.5,0.10101305594745444,0.17686174377320882,-2.8171599338111615,48.496617547326906,2024
2025_12_PIT_CHI,2025,12,31.0,28.0,3.0,59.0,2.361565555255092,47.05536724778259,24.70846640151884,22.34690084626375,-3.0,46.5,202512,3.0,-0.6384344447449082,0.0,0.5553672477825913,12.5,0.10101305594745444,0.17686174377320882,2.9355097857142005,46.598223219877354,2024
2025_12_SEA_TEN,2025,12,24.0,30.0,-6.0,54.0,-10.675523863491298,43.37695435944261,16.350715247975653,27.026239111466957,12.5,41.5,202512,-12.5,1.8244761365087019,6.5,1.8769543594426068,12.5,0.10101305594745444,0.17686174377320882,-12.315704089948051,41.83196142099374,2024
2025_12_TB_LA,2025,12,34.0,7.0,27.0,41.0,5.781120796529424,51.356199813132335,28.56866030483088,22.787539508301457,-7.0,49.5,202512,7.0,-1.2188792034705758,20.0,1.856199813132335,-8.5,0.10101305594745444,0.17686174377320882,6.876877286826638,49.82829073574209,2024
2025_13_ARI_TB,2025,13,20.0,17.0,3.0,37.0,1.5308686552825352,47.42788297596548,24.479375815624007,22.948507160341475,-4.5,44.5,202513,4.5,-2.9691313447174648,-1.5,2.927882975965481,-7.5,0.10101305594745444,0.17686174377320882,4.200078969360714,45.01783048869315,2024
2025_13_ATL_NYJ,2025,13,27.0,24.0,3.0,51.0,-2.675324377287376,41.89307946713009,19.60887754492136,22.284201922208734,3.0,38.5,202513,-3.0,0.3246756227126242,6.0,3.393079467130093,12.5,0.10101305594745444,0.17686174377320882,-2.967203523158155,39.1001059513177,2024
2025_13_BUF_PIT,2025,13,7.0,26.0,-19.0,33.0,-3.209450478116258,45.70518467077296,21.24786709632835,24.45731757444461,3.0,44.5,202513,-3.0,-0.20945047811625805,-16.0,1.205184670772958,-11.5,0.10101305594745444,0.17686174377320882,-3.0211572328641787,44.713151062441646,2024
2025_13_CHI_PHI,2025,13,15.0,24.0,-9.0,39.0,4.480321342137467,43.71815439691164,24.099237869524558,19.61891652738709,-7.0,43.5,202513,7.0,-2.519678657862533,-16.0,0.2181543969116433,-4.5,0.10101305594745444,0.17686174377320882,6.745479558763725,43.53858316704959,2024
2025_13_CIN_BAL,2025,13,14.0,32.0,-18.0,46.0,7.003196620922812,50.20870311945375,28.60594987018828,21.602753249265465,-7.0,52.5,202513,7.0,0.0031966209228118103,-25.0,-2.2912968805462484,-6.5,0.10101305594745444,0.17686174377320882,7.0003229004481184,52.09475723820448,2024
2025_13_DEN_WAS,2025,13,26.0,27.0,-1.0,53.0,-0.5956049337249649,45.95225948044728,22.67832727336116,23.273932207086123,6.5,43.5,202513,-6.5,5.904395066275035,5.5,2.4522594804472817,9.5,0.10101305594745444,0.17686174377320882,-5.903579010834486,43.93371088789629,2024
2025_13_GB_DET,2025,13,24.0,31.0,-7.0,55.0,1.2384502332870369,51.95288719282758,26.59566871305731,25.35721847977027,-2.5,48.5,202513,2.5,-1.2615497667129631,-9.5,3.452887192827582,6.5,0.10101305594745444,0.17686174377320882,2.372567002834525,49.11068364997567,2024
2025_13_HOU_IND,2025,13,16.0,20.0,-4.0,36.0,3.8179843521351007,49.29973872212151,26.558861537128305,22.74087718499321,-3.0,44.5,202513,3.0,0.8179843521351007,-7.0,4.799738722121511,-8.5,0.10101305594745444,0.17686174377320882,3.0826270991263653,45.3488901600502,2024
2025_13_JAX_TEN,2025,13,3.0,25.0,-22.0,28.0,-7.336022784452052,39.84070408803579,16.25234065179187,23.588363436243924,6.0,42.5,202513,-6.0,-1.3360227844520516,-16.0,-2.6592959119642074,-14.5,0.10101305594745444,0.17686174377320882,-6.134955744272929,42.02967228780104,2024
2025_13_KC_DAL,2025,13,31.0,28.0,3.0,59.0,-3.188358381441617,51.60992955114391,24.210785584851145,27.39914396629276,3.5,53.5,202513,-3.5,0.311641618558383,6.5,-1.8900704488560933,5.5,0.10101305594745444,0.17686174377320882,-3.4685201277490068,53.1657188445611,2024
2025_13_LA_CAR,2025,13,31.0,28.0,3.0,59.0,-10.568416365264529,41.123893221285655,15.277738428010563,25.84615479327509,10.0,44.5,202513,-10.0,-0.5684163652645289,13.0,-3.3761067787143446,14.5,0.10101305594745444,0.17686174377320882,-10.057417474105915,43.90289586795203,2024
2025_13_LV_LAC,2025,13,31.0,14.0,17.0,45.0,8.75657318991699,42.617607490377935,25.687090340147464,16.93051715023047,-10.0,40.5,202513,10.0,-1.24342681008301,7.0,2.117607490377935,4.5,0.10101305594745444,0.17686174377320882,9.87439765806652,40.87452375337545,2024
2025_13_NO_MIA,2025,13,21.0,17.0,4.0,38.0,4.763217045830225,39.54468903782247,22.153953041826348,17.390735995996124,-5.5,41.5,202513,5.5,-0.736782954169775,-1.5,-1.9553109621775278,-3.5,0.10101305594745444,0.17686174377320882,5.425575302229317,41.15418029361041,2024
2025_13_NYG_NE,2025,13,33.0,15.0,18.0,48.0,7.571972812193936,47.26074365692494,27.41635823455944,19.8443854223655,-7.0,46.5,202513,7.0,0.5719728121939358,11.0,0.7607436569249373,1.5,0.10101305594745444,0.17686174377320882,7.057776721678569,46.634546449728155,2024
2025_13_SF_CLE,2025,13,8.0,26.0,-18.0,34.0,-10.21428291372814,36.19362346092528,12.989670273598566,23.203953187326707,5.5,35.5,202513,-5.5,-4.714282913728139,-12.5,0.6936234609252807,-1.5,0.10101305594745444,0.17686174377320882,-5.976204123716549,35.622675454821255,2024
2025_14_CHI_GB,2025,14,28.0,21.0,7.0,49.0,8.03085127964494,44.231690475729714,26.131270877687328,18.100419598042382,-6.5,44.5,202514,6.5,1.5308512796449403,0.5,-0.2683095242702862,4.5,0.10101305594745444,0.17686174377320882,6.654635965958007,44.452546309666594,2024
2025_14_CIN_BUF,2025,14,39.0,34.0,5.0,73.0,7.25636080350661,49.6683085871935,28.46233469535005,21.20597389184345,-6.0,54.5,202514,6.0,1.2563608035066096,-1.0,-4.831691412806499,18.5,0.10101305594745444,0.17686174377320882,6.126908844134802,53.645458631357,2024
2025_14_DAL_DET,2025,14,44.0,30.0,14.0,74.0,5.43123316201959,54.793205100507,30.11221913126329,24.680985969243707,-3.5,55.5,202514,3.5,1.9312331620195904,10.5,-0.7067948994929978,18.5,0.10101305594745444,0.17686174377320882,3.6950797634426644,55.37499502158566,2024
2025_14_DEN_LV,2025,14,17.0,24.0,-7.0,41.0,-7.870605614109696,40.72675330320118,16.428073844545743,24.298679458655435,8.5,40.5,202514,-8.5,0.6293943858903042,1.5,0.22675330320117837,0.5,0.10101305594745444,0.17686174377320882,-8.43642294968505,40.5401039846105,2024
2025_14_HOU_KC,2025,14,10.0,20.0,-10.0,30.0,4.135929742903679,44.32173663675486,24.22883318982927,20.092903446925597,-4.5,41.5,202514,4.5,-0.364070257096321,-14.5,2.8217366367548635,-11.5,0.10101305594745444,0.17686174377320882,4.463224150751125,41.99905726204521,2024
2025_14_LA_ARI,2025,14,17.0,45.0,-28.0,62.0,-5.372262572049702,47.24207833149954,20.93490787972492,26.30717045177462,9.5,49.5,202514,-9.5,4.127737427950298,-18.5,-2.257921668500458,12.5,0.10101305594745444,0.17686174377320882,-9.083044628254054,49.1006600364057,2024
2025_14_NO_TB,2025,14,20.0,24.0,-4.0,44.0,4.8454325847544375,40.0315862006816,22.438509392718014,17.593076807963584,-7.5,41.5,202514,7.5,-2.6545674152455625,-11.5,-1.468413799318398,2.5,0.10101305594745444,0.17686174377320882,7.231854033167511,41.24029377487191,2024
2025_14_PHI_LAC,2025,14,22.0,19.0,3.0,41.0,1.1397436006141253,48.3698603900497,24.754801995331917,23.61505839471779,1.5,41.5,202514,-1.5,2.6397436006141253,4.5,6.869860390049702,-0.5,0.10101305594745444,0.17686174377320882,-1.2333514319842305,42.71501548806269,2024
2025_14_PIT_BAL,2025,14,22.0,27.0,-5.0,49.0,6.010331559443648,42.129319469005694,24.06982551422467,18.059493954781026,-5.5,43.5,202514,5.5,0.5103315594436477,-10.5,-1.3706805309943064,5.5,0.10101305594745444,0.17686174377320882,5.551550150365832,43.25757905113236,2024
2025_14_SEA_ATL,2025,14,9.0,37.0,-28.0,46.0,-2.9109733163719795,48.6498549615,22.86944082256401,25.78041413893599,7.0,44.5,202514,-7.0,4.0890266836280205,-21.0,4.149854961499997,1.5,0.10101305594745444,0.17686174377320882,-6.5869549188360486,45.23395058489679,2024
2025_14_TEN_CLE,2025,14,29.0,31.0,-2.0,60.0,1.826498954360512,32.1295072021294,16.978003078244956,15.151504123884443,-4.5,33.5,202514,4.5,-2.673501045639488,-6.5,-1.3704927978705967,26.5,0.10101305594745444,0.17686174377320882,4.229941489301241,33.25761225393998,2024
2025_14_WAS_MIN,2025,14,31.0,0.0,31.0,31.0,-5.467028597713705,41.456683124213896,17.994827263250095,23.4618558609638,1.5,43.5,202514,-1.5,-3.967028597713705,32.5,-2.043316875786104,-12.5,0.10101305594745444,0.17686174377320882,-1.9007216816860062,43.13861541426724,2024
2025_15_ARI_HOU,2025,15,40.0,20.0,20.0,60.0,4.249834008397111,47.19997558817538,25.724904798286243,21.47507078988913,-10.5,42.5,202515,10.5,-6.250165991602889,9.5,4.699975588175377,17.5,0.10101305594745444,0.17686174377320882,9.86865163300934,43.33124587821621,2024
2025_15_ATL_TB,2025,15,28.0,29.0,-1.0,57.0,1.3163912369509534,44.73101687035186,23.023704053651407,21.70731281670045,-6.0,43.5,202515,6.0,-4.683608763049047,-7.0,1.2310168703518585,13.5,0.10101305594745444,0.17686174377320882,5.526894365982139,43.71771979030467,2024
2025_15_BAL_CIN,2025,15,0.0,24.0,-24.0,24.0,-1.2385821104177432,44.81409230543352,21.787755097507887,23.026337207925632,2.5,51.5,202515,-2.5,1.2614178895822568,-21.5,-6.685907694566481,-27.5,0.10101305594745444,0.17686174377320882,-2.3725803241465075,50.31751870643226,2024
2025_15_BUF_NE,2025,15,31.0,35.0,-4.0,66.0,-0.097161984156344,50.07620076339981,24.98951938962173,25.086681373778077,2.5,49.5,202515,-2.5,2.402838015843656,-1.5,0.576200763399811,16.5,0.10101305594745444,0.17686174377320882,-2.257281989072914,49.601907871778344,2024
2025_15_CAR_NO,2025,15,20.0,17.0,3.0,37.0,2.481268517413449,43.37402551986419,22.92764701863882,20.44637850122537,2.5,41.5,202515,-2.5,4.981268517413449,5.5,1.8740255198641904,-4.5,0.10101305594745444,0.17686174377320882,-1.9968268445612218,41.831443421318674,2024
2025_15_CLE_CHI,2025,15,31.0,3.0,28.0,34.0,9.152845015372163,31.553541489072312,20.35319325222224,11.200348236850074,-7.5,38.5,202515,7.5,1.6528450153721632,20.5,-6.9464585109276875,-4.5,0.10101305594745444,0.17686174377320882,7.66695892601026,37.27143723470908,2024
2025_15_DET_LA,2025,15,41.0,34.0,7.0,75.0,5.266317534057023,53.31843924636946,29.29237839021324,24.026060856156217,-5.5,54.5,202515,5.5,-0.2336824659429766,1.5,-1.1815607536305421,20.5,0.10101305594745444,0.17686174377320882,5.476395019993763,54.291027104738916,2024
2025_15_GB_DEN,2025,15,34.0,26.0,8.0,60.0,-0.8535417925935194,47.89538836662668,23.52092328701658,24.374465079610097,1.5,42.5,202515,-1.5,0.6464582074064806,9.5,5.395388366626683,17.5,0.10101305594745444,0.17686174377320882,-1.434699280927558,43.45423779485528,2024
2025_15_IND_SEA,2025,15,18.0,16.0,2.0,34.0,5.269027829639152,48.41991795783575,26.84447289373745,21.5754450640983,-13.5,41.5,202515,13.5,-8.230972170360847,-11.5,6.91991795783575,-7.5,0.10101305594745444,0.17686174377320882,12.6685643476534,42.723868756790374,2024
2025_15_LAC_KC,2025,15,13.0,16.0,-3.0,29.0,3.4044901640782443,43.390530871794695,23.39751051793647,19.993020353858224,-5.5,41.5,202515,5.5,-2.0955098359217557,-8.5,1.8905308717946951,-12.5,0.10101305594745444,0.17686174377320882,5.288326147705595,41.8343625866427,2024
2025_15_LV_PHI,2025,15,31.0,0.0,31.0,31.0,10.182224454566102,39.13097269283946,24.656598573702784,14.47437411913668,-12.5,37.5,202515,12.5,-2.317775545433898,18.5,1.6309726928394568,-6.5,0.10101305594745444,0.17686174377320882,12.265874409155444,37.78845667450207,2024
2025_15_MIA_PIT,2025,15,28.0,15.0,13.0,43.0,-1.1428613197133506,41.53157624403859,20.19435746216262,21.33721878187597,-3.0,42.5,202515,3.0,-4.142861319713351,10.0,-0.9684237559614104,0.5,0.10101305594745444,0.17686174377320882,2.5815169177292505,42.32872288580926,2024
2025_15_MIN_DAL,2025,15,26.0,34.0,-8.0,60.0,4.775365117171986,46.15973250708016,25.467548812126072,20.692183694954085,-5.5,47.5,202515,5.5,-0.7246348828280142,-13.5,-1.3402674929198426,12.5,0.10101305594745444,0.17686174377320882,5.426802416039417,47.26295795407965,2024
2025_15_TEN_SF,2025,15,37.0,24.0,13.0,61.0,12.161099672357786,44.44659185573804,28.30384576404791,16.142746091690125,-12.5,44.5,202515,12.5,-0.33890032764221445,0.5,-0.05340814426195806,16.5,0.10101305594745444,0.17686174377320882,12.465766642243267,44.49055414247414,2024
2025_15_WAS_NYG,2025,15,21.0,29.0,-8.0,50.0,0.3690930815911113,45.94734317254414,23.158218127067624,22.789125045476517,-2.5,46.5,202515,2.5,-2.130906918408889,-10.5,-0.5526568274558628,3.5,0.10101305594745444,0.17686174377320882,2.284750580231945,46.40225614978799,2024
2025_16_ATL_ARI,2025,16,19.0,26.0,-7.0,45.0,0.2494348835869002,49.4663258191657,24.857880351376306,24.6084454677894,2.5,48.5,202516,-2.5,2.7494348835869,-4.5,0.9663258191656965,-3.5,0.10101305594745444,0.17686174377320882,-2.2222711802803534,48.67090606943072,2024
2025_16_BUF_CLE,2025,16,20.0,23.0,-3.0,43.0,-13.634043953034835,37.69888078770151,12.032418417333336,25.66646237036817,10.5,41.5,202516,-10.5,-3.134043953034835,7.5,-3.801119212298488,1.5,0.10101305594745444,0.17686174377320882,-10.816579357169688,40.82772742782304,2024
2025_16_GB_CHI,2025,16,22.0,16.0,6.0,38.0,-2.374222720058362,48.76846012980191,23.197118704871773,25.571341424930136,-1.5,45.5,202516,1.5,-3.874222720058362,4.5,3.268460129801909,-7.5,0.10101305594745444,0.17686174377320882,1.1086529236258456,46.078065558009975,2024
2025_16_JAX_DEN,2025,16,20.0,34.0,-14.0,54.0,2.5588479959766453,46.77297490110576,24.6659114485412,22.107063452564557,-3.5,46.5,202516,3.5,-0.9411520040233547,-17.5,0.27297490110576206,7.5,0.10101305594745444,0.17686174377320882,3.40493135996253,46.548278817015884,2024
2025_16_LAC_DAL,2025,16,17.0,34.0,-17.0,51.0,-0.2163975473946513,50.32619701758588,25.054899735095614,25.271297282490263,-1.5,50.5,202516,1.5,-1.7163975473946513,-18.5,-0.1738029824141165,0.5,0.10101305594745444,0.17686174377320882,1.3266214385169506,50.469260901457254,2024
2025_16_LA_SEA,2025,16,38.0,37.0,1.0,75.0,-1.904812034385336,43.61614245058151,20.855665208098085,22.76047724248342,-1.5,42.5,202516,1.5,-3.404812034385336,-0.5,1.1161424505815134,32.5,0.10101305594745444,0.17686174377320882,1.156069531480068,42.69740290010915,2024
2025_16_LV_HOU,2025,16,23.0,21.0,2.0,44.0,12.607227793024254,44.89385461290692,28.750541202965582,16.143313409941335,-14.5,39.5,202516,14.5,-1.8927722069757458,-12.5,5.393854612906921,4.5,0.10101305594745444,0.17686174377320882,14.308805295160973,40.45396653249789,2024
2025_16_MIN_NYG,2025,16,13.0,16.0,-3.0,29.0,0.9005273439782104,38.68553250229044,19.793029923134327,18.892502579156115,2.5,41.5,202516,-2.5,3.4005273439782107,-0.5,-2.8144674977095576,-12.5,0.10101305594745444,0.17686174377320882,-2.15650234115188,41.002228370562065,2024
2025_16_NE_BAL,2025,16,24.0,28.0,-4.0,52.0,-0.5970711721862816,46.93099911980137,23.166963973807544,23.764035145993827,-3.5,48.5,202516,3.5,-4.097071172186282,-7.5,-1.5690008801986295,3.5,0.10101305594745444,0.17686174377320882,3.0861423204632445,48.22250376834637,2024
2025_16_NYJ_NO,2025,16,29.0,6.0,23.0,35.0,7.609604603862782,36.927775966271525,22.268690285067155,14.659085681204372,-6.5,39.5,202516,6.5,1.109604603862782,16.5,-2.5722240337284745,-4.5,0.10101305594745444,0.17686174377320882,6.612084551929544,39.04507197201942,2024
2025_16_PHI_WAS,2025,16,18.0,29.0,-11.0,47.0,-3.8838157066977743,46.08542044791379,21.100802370608008,24.984618077305782,7.0,43.5,202516,-7.0,3.1161842933022257,-4.0,2.5854204479137906,3.5,0.10101305594745444,0.17686174377320882,-6.6852247016380835,43.95726196880494,2024
2025_16_PIT_DET,2025,16,24.0,29.0,-5.0,53.0,5.297563368070717,52.77777715915451,29.03767026361261,23.740106895541896,-7.5,52.5,202516,7.5,-2.2024366319292827,-12.5,0.2777771591545104,0.5,0.10101305594745444,0.17686174377320882,7.277525145278204,52.54912815274844,2024
2025_16_SF_IND,2025,16,27.0,48.0,-21.0,75.0,0.5414360160228012,55.116345837661456,27.828890926842128,27.287454910819328,4.5,46.5,202516,-4.5,5.041436016022801,-16.5,8.616345837661456,28.5,0.10101305594745444,0.17686174377320882,-3.990749141657977,48.02390194980183,2024
2025_16_TB_CAR,2025,16,23.0,20.0,3.0,43.0,-1.4292463851692705,45.07033393469826,21.82054377476449,23.249790159933767,3.0,44.5,202516,-3.0,1.5707536148307295,6.0,0.5703339346982617,-1.5,0.10101305594745444,0.17686174377320882,-2.841333377225437,44.60087025422377,2024
2025_17_ARI_CIN,2025,17,37.0,14.0,23.0,51.0,3.073204507758301,50.082870710730646,26.578037609244472,23.504833101486174,-7.0,52.5,202517,7.0,-3.926795492241699,16.0,-2.4171292892693543,-1.5,0.10101305594745444,0.17686174377320882,6.603342387247977,52.07250229897453,2024
2025_17_BAL_GB,2025,17,24.0,41.0,-17.0,65.0,0.8127889939608417,40.81959207751146,20.81619053573615,20.003401541775307,-2.5,38.5,202517,2.5,-1.6872110060391583,-19.5,2.3195920775114587,26.5,0.10101305594745444,0.17686174377320882,2.3295696602518055,38.910247099671196,2024
2025_17_CHI_SF,2025,17,42.0,38.0,4.0,80.0,3.964469121673381,50.10951634225681,27.036992731965096,23.072523610291714,-3.5,51.5,202517,3.5,0.46446912167338095,0.5,-1.3904836577431894,28.5,0.10101305594745444,0.17686174377320882,3.546917445373458,51.25407663560339,2024
2025_17_DAL_WAS,2025,17,23.0,30.0,-7.0,53.0,-0.6990922988265422,49.05017071846229,24.175539209817877,24.874631508644416,8.5,50.5,202517,-8.5,7.8009077011734576,1.5,-1.4498292815377098,2.5,0.10101305594745444,0.17686174377320882,-7.712006473940438,50.24358066509378,2024
2025_17_HOU_LAC,2025,17,16.0,20.0,-4.0,36.0,2.465018333453243,46.68442986429969,24.574724098876462,22.10970576542322,-1.5,40.5,202517,1.5,0.965018333453243,-5.5,6.1844298642996876,-4.5,0.10101305594745444,0.17686174377320882,1.5974794509074317,41.59378905004315,2024
2025_17_JAX_IND,2025,17,17.0,23.0,-6.0,40.0,-1.0224456836185014,52.28505428562063,25.631304301001062,26.65374998461957,3.5,48.5,202517,-3.5,2.4775543163814984,-2.5,3.7850542856206317,-8.5,0.10101305594745444,0.17686174377320882,-3.2497346672264986,49.16943130123112,2024
2025_17_LA_ATL,2025,17,27.0,24.0,3.0,51.0,-7.749098729248585,50.07587015813135,21.163385714441382,28.91248444368997,7.5,48.5,202517,-7.5,-0.24909872924858512,10.5,1.5758701581313517,2.5,0.10101305594745444,0.17686174377320882,-7.525162223874027,48.77871114412727,2024
2025_17_NE_NYJ,2025,17,10.0,42.0,-32.0,52.0,-11.958626478039664,42.73213623421608,15.386754878088208,27.34538135612787,12.5,42.5,202517,-12.5,0.5413735219603364,-19.5,0.2321362342160782,9.5,0.10101305594745444,0.17686174377320882,-12.44531420613775,42.5410560191764,2024
2025_17_NO_TEN,2025,17,26.0,34.0,-8.0,60.0,-4.446614559013762,36.87962882279165,16.216507131888946,20.663121690902702,1.5,39.5,202517,-1.5,-2.946614559013762,-6.5,-2.620371177208348,20.5,0.10101305594745444,0.17686174377320882,-1.797646541305241,39.036556584265874,2024
2025_17_NYG_LV,2025,17,10.0,34.0,-24.0,44.0,-1.1505343368138796,42.12846290795804,20.48896428557208,21.63949862238596,3.0,40.5,202517,-3.0,1.8494656631861204,-21.0,1.6284629079580384,3.5,0.10101305594745444,0.17686174377320882,-2.8131798214916843,40.78801278957145,2024
2025_17_PHI_BUF,2025,17,12.0,13.0,-1.0,25.0,1.3125364656199567,50.76589889029346,26.039217677956707,24.72668121233675,-3.0,45.5,202517,3.0,-1.6874635343800433,-4.0,5.265898890293457,-20.5,0.10101305594745444,0.17686174377320882,2.8295441515923794,46.43133606027071,2024
2025_17_PIT_CLE,2025,17,13.0,6.0,7.0,19.0,-7.967067890244447,35.52510256203365,13.779017335894602,21.74608522613905,4.5,35.5,202517,-4.5,-3.467067890244447,11.5,0.02510256203365202,-16.5,0.10101305594745444,0.17686174377320882,-4.850219122770885,35.50443968289445,2024
2025_17_SEA_CAR,2025,17,10.0,27.0,-17.0,37.0,-7.499114389353924,44.66846454246348,18.58467507655478,26.0837894659087,6.5,42.5,202517,-6.5,-0.9991143893539238,-10.5,2.1684645424634823,-5.5,0.10101305594745444,0.17686174377320882,-6.6009235977097145,42.883518420290464,2024
2025_18_ARI_LA,2025,18,37.0,20.0,17.0,57.0,11.797197275810277,52.05388436247239,31.92554081914133,20.128343543331056,-14.5,49.5,202518,14.5,-2.7028027241897234,2.5,2.553884362472388,7.5,0.10101305594745444,0.17686174377320882,14.22698163720649,49.951684441741996,2024
2025_18_BAL_PIT,2025,18,26.0,24.0,2.0,50.0,-1.3107452431993576,43.99156798839872,21.34041137259968,22.651156615799035,4.5,41.5,202518,-4.5,3.1892547568006426,6.5,2.491567988398721,8.5,0.10101305594745444,0.17686174377320882,-4.177843630820611,41.94066305915771,2024
2025_18_CAR_TB,2025,18,16.0,14.0,2.0,30.0,5.620285696072546,44.5156475230016,25.067966609537077,19.44768091346453,-3.0,43.5,202518,3.0,2.6202856960725462,-1.0,1.015647523001597,-13.5,0.10101305594745444,0.17686174377320882,3.264683065615691,43.679629191977,2024
2025_18_CLE_CIN,2025,18,18.0,20.0,-2.0,38.0,11.99610861705981,40.73563610788769,26.365872362473752,14.36976374541394,-9.5,47.5,202518,9.5,2.496108617059811,-11.5,-6.764363892112307,-9.5,0.10101305594745444,0.17686174377320882,9.752139559385986,46.303642806524486,2024
2025_18_DET_CHI,2025,18,16.0,19.0,-3.0,35.0,0.8391057348181092,49.37916856790048,25.109137151359292,24.270031416541183,-3.5,51.5,202518,3.5,-2.6608942651818905,-6.5,-2.1208314320995214,-16.5,0.10101305594745444,0.17686174377320882,3.231214938720921,51.12490605466985,2024
2025_18_KC_LV,2025,18,14.0,12.0,2.0,26.0,-3.724845485391602,41.29964642150185,18.78740046805512,22.51224595344673,3.5,36.5,202518,-3.5,-0.2248454853916022,5.5,4.799646421501848,-10.5,0.10101305594745444,0.17686174377320882,-3.5227123295953944,37.34887383560166,2024
2025_18_LAC_DEN,2025,18,19.0,3.0,16.0,22.0,7.349674330497885,41.814634114177615,24.58215422233775,17.232479891839866,-14.5,37.5,202518,14.5,-7.150325669502115,1.5,4.314634114177615,-15.5,0.10101305594745444,0.17686174377320882,13.777723753104063,38.26309371317683,2024
2025_18_MIA_NE,2025,18,38.0,10.0,28.0,48.0,11.08557378788085,51.8181767298429,31.451875258861875,20.36630147098102,-14.0,44.5,202518,14.0,-2.9144262121191495,14.0,7.318176729842897,3.5,0.10101305594745444,0.17686174377320882,13.70560490198048,45.79430549768053,2024
2025_18_NO_ATL,2025,18,19.0,17.0,2.0,36.0,1.4112681191599274,46.10362856776296,23.75744834346144,22.346180224301516,-4.5,43.5,202518,4.5,-3.0887318808400726,-2.5,2.6036285677629607,-7.5,0.10101305594745444,0.17686174377320882,4.187997753714016,43.9604822886323,2024
2025_18_NYJ_BUF,2025,18,35.0,8.0,27.0,43.0,15.746291374653085,37.86349587220752,26.8048936234303,11.058602248777216,-12.5,39.5,202518,12.5,3.246291374653085,14.5,-1.6365041277924774,3.5,0.10101305594745444,0.17686174377320882,12.82791781224957,39.210565026266565,2024
2025_18_SEA_SF,2025,18,3.0,13.0,-10.0,16.0,-0.608367036701684,50.62190612856763,25.00676954593297,25.61513658263466,2.5,47.5,202518,-2.5,1.891632963298316,-7.5,3.1219061285676304,-31.5,0.10101305594745444,0.17686174377320882,-2.308920373646298,48.05214576179474,2024
2025_18_TEN_JAX,2025,18,41.0,7.0,34.0,48.0,11.874758071216371,43.7121314269227,27.793444749069536,15.918686677853165,-12.5,46.5,202518,12.5,-0.6252419287836286,21.5,-2.787868573077297,1.5,0.10101305594745444,0.17686174377320882,12.436842402067086,46.00693270275502,2024
