game_id,season,week,home_team,away_team,home_rest,away_rest,rest_diff,home_short_week,away_short_week,short_week_diff,home_long_rest,away_long_rest,long_rest_diff,divisional_game,indoor,outdoor,grass,turf,temp_f,wind_mph,outdoor_temp_f,outdoor_wind_mph,cold_game,very_cold_game,windy_game,very_windy_game,cold_degrees,wind_over_10
1999_01_MIN_ATL,1999,1,ATL,MIN,7,7,0,0.0,0.0,0.0,0.0,0.0,0.0,0.0,1.0,0.0,0.0,1.0,,,70.0,0.0,0.0,0.0,0.0,0.0,0.0,0.0
1999_01_KC_CHI,1999,1,CHI,KC,7,7,0,0.0,0.0,0.0,0.0,0.0,0.0,0.0,0.0,1.0,1.0,0.0,80.0,12.0,80.0,12.0,0.0,0.0,0.0,0.0,0.0,2.0
1999_01_PIT_CLE,1999,1,CLE,PIT,7,7,0,0.0,0.0,0.0,0.0,0.0,0.0,1.0,0.0,1.0,1.0,0.0,78.0,12.0,78.0,12.0,0.0,0.0,0.0,0.0,0.0,2.0
1999_01_OAK_GB,1999,1,GB,OAK,7,7,0,0.0,0.0,0.0,0.0,0.0,0.0,0.0,0.0,1.0,1.0,0.0,67.0,10.0,67.0,10.0,0.0,0.0,0.0,0.0,0.0,0.0
1999_01_BUF_IND,1999,1,IND,BUF,7,7,0,0.0,0.0,0.0,0.0,0.0,0.0,1.0,1.0,0.0,0.0,1.0,,,70.0,0.0,0.0,0.0,0.0,0.0,0.0,0.0
1999_01_SF_JAX,1999,1,JAX,SF,7,7,0,0.0,0.0,0.0,0.0,0.0,0.0,0.0,0.0,1.0,1.0,0.0,76.0,8.0,76.0,8.0,0.0,0.0,0.0,0.0,0.0,0.0
1999_01_CAR_NO,1999,1,NO,CAR,7,7,0,0.0,0.0,0.0,0.0,0.0,0.0,1.0,1.0,0.0,0.0,1.0,,,70.0,0.0,0.0,0.0,0.0,0.0,0.0,0.0
1999_01_NE_NYJ,1999,1,NYJ,NE,7,7,0,0.0,0.0,0.0,0.0,0.0,0.0,1.0,0.0,1.0,0.0,1.0,73.0,5.0,73.0,5.0,0.0,0.0,0.0,0.0,0.0,0.0
1999_01_ARI_PHI,1999,1,PHI,ARI,7,7,0,0.0,0.0,0.0,0.0,0.0,0.0,1.0,0.0,1.0,0.0,1.0,75.0,3.0,75.0,3.0,0.0,0.0,0.0,0.0,0.0,0.0
1999_01_DET_SEA,1999,1,SEA,DET,7,7,0,0.0,0.0,0.0,0.0,0.0,0.0,0.0,1.0,0.0,0.0,1.0,,,70.0,0.0,0.0,0.0,0.0,0.0,0.0,0.0
1999_01_BAL_STL,1999,1,STL,BAL,7,7,0,0.0,0.0,0.0,0.0,0.0,0.0,0.0,1.0,0.0,0.0,1.0,,,70.0,0.0,0.0,0.0,0.0,0.0,0.0,0.0
1999_01_NYG_TB,1999,1,TB,NYG,7,7,0,0.0,0.0,0.0,0.0,0.0,0.0,0.0,0.0,1.0,1.0,0.0,88.0,8.0,88.0,8.0,0.0,0.0,0.0,0.0,0.0,0.0
1999_01_CIN_TEN,1999,1,TEN,CIN,7,7,0,0.0,0.0,0.0,0.0,0.0,0.0,1.0,0.0,1.0,1.0,0.0,84.0,10.0,84.0,10.0,0.0,0.0,0.0,0.0,0.0,0.0
1999_01_DAL_WAS,1999,1,WAS,DAL,7,7,0,0.0,0.0,0.0,0.0,0.0,0.0,1.0,0.0,1.0,1.0,0.0,71.0,0.0,71.0,0.0,0.0,0.0,0.0,0.0,0.0,0.0
1999_01_MIA_DEN,1999,1,DEN,MIA,7,7,0,0.0,0.0,0.0,0.0,0.0,0.0,0.0,0.0,1.0,1.0,0.0,60.0,5.0,60.0,5.0,0.0,0.0,0.0,0.0,0.0,0.0
1999_02_PIT_BAL,1999,2,BAL,PIT,7,7,0,0.0,0.0,0.0,0.0,0.0,0.0,1.0,0.0,1.0,1.0,0.0,74.0,7.0,74.0,7.0,0.0,0.0,0.0,0.0,0.0,0.0
1999_02_NYJ_BUF,1999,2,BUF,NYJ,7,7,0,0.0,0.0,0.0,0.0,0.0,0.0,1.0,0.0,1.0,0.0,1.0,68.0,5.0,68.0,5.0,0.0,0.0,0.0,0.0,0.0,0.0
1999_02_JAX_CAR,1999,2,CAR,JAX,7,7,0,0.0,0.0,0.0,0.0,0.0,0.0,0.0,0.0,1.0,1.0,0.0,74.0,3.0,74.0,3.0,0.0,0.0,0.0,0.0,0.0,0.0
1999_02_SEA_CHI,1999,2,CHI,SEA,7,7,0,0.0,0.0,0.0,0.0,0.0,0.0,0.0,0.0,1.0,1.0,0.0,76.0,15.0,76.0,15.0,0.0,0.0,1.0,0.0,0.0,5.0
1999_02_SD_CIN,1999,2,CIN,SD,7,14,-7,0.0,0.0,0.0,0.0,1.0,-1.0,0.0,0.0,1.0,0.0,1.0,79.0,5.0,79.0,5.0,0.0,0.0,0.0,0.0,0.0,0.0
1999_02_GB_DET,1999,2,DET,GB,7,7,0,0.0,0.0,0.0,0.0,0.0,0.0,1.0,1.0,0.0,0.0,1.0,,,70.0,0.0,0.0,0.0,0.0,0.0,0.0,0.0
1999_02_DEN_KC,1999,2,KC,DEN,7,6,1,0.0,1.0,1.0,0.0,0.0,0.0,1.0,0.0,1.0,1.0,0.0,69.0,8.0,69.0,8.0,0.0,0.0,0.0,0.0,0.0,0.0
1999_02_ARI_MIA,1999,2,MIA,ARI,6,7,-1,1.0,0.0,-1.0,0.0,0.0,0.0,0.0,0.0,1.0,1.0,0.0,82.0,13.0,82.0,13.0,0.0,0.0,0.0,0.0,0.0,3.0
1999_02_OAK_MIN,1999,2,MIN,OAK,7,7,0,0.0,0.0,0.0,0.0,0.0,0.0,0.0,1.0,0.0,0.0,1.0,,,70.0,0.0,0.0,0.0,0.0,0.0,0.0,0.0
1999_02_IND_NE,1999,2,NE,IND,7,7,0,0.0,0.0,0.0,0.0,0.0,0.0,1.0,0.0,1.0,1.0,0.0,68.0,10.0,68.0,10.0,0.0,0.0,0.0,0.0,0.0,0.0
1999_02_WAS_NYG,1999,2,NYG,WAS,7,7,0,0.0,0.0,0.0,0.0,0.0,0.0,1.0,0.0,1.0,0.0,1.0,70.0,3.0,70.0,3.0,0.0,0.0,0.0,0.0,0.0,0.0
1999_02_TB_PHI,1999,2,PHI,TB,7,7,0,0.0,0.0,0.0,0.0,0.0,0.0,0.0,0.0,1.0,0.0,1.0,69.0,3.0,69.0,3.0,0.0,0.0,0.0,0.0,0.0,0.0
1999_02_NO_SF,1999,2,SF,NO,7,7,0,0.0,0.0,0.0,0.0,0.0,0.0,1.0,0.0,1.0,1.0,0.0,70.0,10.0,70.0,10.0,0.0,0.0,0.0,0.0,0.0,0.0
1999_02_CLE_TEN,1999,2,TEN,CLE,7,7,0,0.0,0.0,0.0,0.0,0.0,0.0,1.0,0.0,1.0,1.0,0.0,86.0,10.0,86.0,10.0,0.0,0.0,0.0,0.0,0.0,0.0
1999_02_ATL_DAL,1999,2,DAL,ATL,8,8,0,0.0,0.0,0.0,0.0,0.0,0.0,0.0,0.0,1.0,0.0,1.0,86.0,16.0,86.0,16.0,0.0,0.0,1.0,0.0,0.0,6.0
1999_03_CLE_BAL,1999,3,BAL,CLE,7,7,0,0.0,0.0,0.0,0.0,0.0,0.0,1.0,0.0,1.0,1.0,0.0,72.0,8.0,72.0,8.0,0.0,0.0,0.0,0.0,0.0,0.0
1999_03_PHI_BUF,1999,3,BUF,PHI,7,7,0,0.0,0.0,0.0,0.0,0.0,0.0,0.0,0.0,1.0,0.0,1.0,74.0,5.0,74.0,5.0,0.0,0.0,0.0,0.0,0.0,0.0
1999_03_CIN_CAR,1999,3,CAR,CIN,7,7,0,0.0,0.0,0.0,0.0,0.0,0.0,0.0,0.0,1.0,1.0,0.0,70.0,6.0,70.0,6.0,0.0,0.0,0.0,0.0,0.0,0.0
1999_03_MIN_GB,1999,3,GB,MIN,7,7,0,0.0,0.0,0.0,0.0,0.0,0.0,1.0,0.0,1.0,1.0,0.0,82.0,20.0,82.0,20.0,0.0,0.0,1.0,1.0,0.0,10.0
1999_03_TEN_JAX,1999,3,JAX,TEN,7,7,0,0.0,0.0,0.0,0.0,0.0,0.0,1.0,0.0,1.0,1.0,0.0,75.0,9.0,75.0,9.0,0.0,0.0,0.0,0.0,0.0,0.0
1999_03_DET_KC,1999,3,KC,DET,7,7,0,0.0,0.0,0.0,0.0,0.0,0.0,0.0,0.0,1.0,1.0,0.0,74.0,10.0,74.0,10.0,0.0,0.0,0.0,0.0,0.0,0.0
1999_03_NYG_NE,1999,3,NE,NYG,7,7,0,0.0,0.0,0.0,0.0,0.0,0.0,0.0,0.0,1.0,1.0,0.0,62.0,5.0,62.0,5.0,0.0,0.0,0.0,0.0,0.0,0.0
1999_03_WAS_NYJ,1999,3,NYJ,WAS,7,7,0,0.0,0.0,0.0,0.0,0.0,0.0,0.0,0.0,1.0,0.0,1.0,67.0,5.0,67.0,5.0,0.0,0.0,0.0,0.0,0.0,0.0
1999_03_CHI_OAK,1999,3,OAK,CHI,7,7,0,0.0,0.0,0.0,0.0,0.0,0.0,0.0,0.0,1.0,1.0,0.0,77.0,5.0,77.0,5.0,0.0,0.0,0.0,0.0,0.0,0.0
1999_03_SEA_PIT,1999,3,PIT,SEA,7,7,0,0.0,0.0,0.0,0.0,0.0,0.0,0.0,0.0,1.0,0.0,1.0,61.0,8.0,61.0,8.0,0.0,0.0,0.0,0.0,0.0,0.0
1999_03_IND_SD,1999,3,SD,IND,7,7,0,0.0,0.0,0.0,0.0,0.0,0.0,0.0,0.0,1.0,1.0,0.0,71.0,8.0,71.0,8.0,0.0,0.0,0.0,0.0,0.0,0.0
1999_03_ATL_STL,1999,3,STL,ATL,14,6,8,0.0,1.0,1.0,1.0,0.0,1.0,1.0,1.0,0.0,0.0,1.0,,,70.0,0.0,0.0,0.0,0.0,0.0,0.0,0.0
1999_03_DEN_TB,1999,3,TB,DEN,7,7,0,0.0,0.0,0.0,0.0,0.0,0.0,0.0,0.0,1.0,1.0,0.0,82.0,8.0,82.0,8.0,0.0,0.0,0.0,0.0,0.0,0.0
1999_03_SF_ARI,1999,3,ARI,SF,8,8,0,0.0,0.0,0.0,0.0,0.0,0.0,0.0,0.0,1.0,1.0,0.0,97.0,4.0,97.0,4.0,0.0,0.0,0.0,0.0,0.0,0.0
1999_04_BAL_ATL,1999,4,ATL,BAL,7,7,0,0.0,0.0,0.0,0.0,0.0,0.0,0.0,1.0,0.0,0.0,1.0,,,70.0,0.0,0.0,0.0,0.0,0.0,0.0,0.0
1999_04_NO_CHI,1999,4,CHI,NO,7,14,-7,0.0,0.0,0.0,0.0,1.0,-1.0,0.0,0.0,1.0,1.0,0.0,49.0,8.0,49.0,8.0,0.0,0.0,0.0,0.0,1.0,0.0
1999_04_STL_CIN,1999,4,CIN,STL,7,7,0,0.0,0.0,0.0,0.0,0.0,0.0,0.0,0.0,1.0,0.0,1.0,62.0,0.0,62.0,0.0,0.0,0.0,0.0,0.0,0.0,0.0
1999_04_NE_CLE,1999,4,CLE,NE,7,7,0,0.0,0.0,0.0,0.0,0.0,0.0,0.0,0.0,1.0,1.0,0.0,59.0,15.0,59.0,15.0,0.0,0.0,1.0,0.0,0.0,5.0
1999_04_ARI_DAL,1999,4,DAL,ARI,13,6,7,0.0,1.0,1.0,1.0,0.0,1.0,1.0,0.0,1.0,0.0,1.0,67.0,14.0,67.0,14.0,0.0,0.0,0.0,0.0,0.0,4.0
1999_04_NYJ_DEN,1999,4,DEN,NYJ,7,7,0,0.0,0.0,0.0,0.0,0.0,0.0,0.0,0.0,1.0,1.0,0.0,54.0,7.0,54.0,7.0,0.0,0.0,0.0,0.0,0.0,0.0
1999_04_TB_MIN,1999,4,MIN,TB,7,7,0,0.0,0.0,0.0,0.0,0.0,0.0,1.0,1.0,0.0,0.0,1.0,,,70.0,0.0,0.0,0.0,0.0,0.0,0.0,0.0
1999_04_PHI_NYG,1999,4,NYG,PHI,7,7,0,0.0,0.0,0.0,0.0,0.0,0.0,1.0,0.0,1.0,0.0,1.0,70.0,5.0,70.0,5.0,0.0,0.0,0.0,0.0,0.0,0.0
1999_04_JAX_PIT,1999,4,PIT,JAX,7,7,0,0.0,0.0,0.0,0.0,0.0,0.0,1.0,0.0,1.0,0.0,1.0,62.0,0.0,62.0,0.0,0.0,0.0,0.0,0.0,0.0,0.0
1999_04_KC_SD,1999,4,SD,KC,7,7,0,0.0,0.0,0.0,0.0,0.0,0.0,1.0,0.0,1.0,1.0,0.0,76.0,7.0,76.0,7.0,0.0,0.0,0.0,0.0,0.0,0.0
1999_04_OAK_SEA,1999,4,SEA,OAK,7,7,0,0.0,0.0,0.0,0.0,0.0,0.0,1.0,1.0,0.0,0.0,1.0,,,70.0,0.0,0.0,0.0,0.0,0.0,0.0,0.0
1999_04_TEN_SF,1999,4,SF,TEN,6,7,-1,1.0,0.0,-1.0,0.0,0.0,0.0,0.0,0.0,1.0,1.0,0.0,64.0,5.0,64.0,5.0,0.0,0.0,0.0,0.0,0.0,0.0
1999_04_CAR_WAS,1999,4,WAS,CAR,7,7,0,0.0,0.0,0.0,0.0,0.0,0.0,0.0,0.0,1.0,1.0,0.0,78.0,0.0,78.0,0.0,0.0,0.0,0.0,0.0,0.0,0.0
1999_04_BUF_MIA,1999,4,MIA,BUF,15,8,7,0.0,0.0,0.0,1.0,0.0,1.0,1.0,0.0,1.0,1.0,0.0,79.0,0.0,79.0,0.0,0.0,0.0,0.0,0.0,0.0,0.0
1999_05_NYG_ARI,1999,5,ARI,NYG,7,7,0,0.0,0.0,0.0,0.0,0.0,0.0,1.0,0.0,1.0,1.0,0.0,95.0,5.0,95.0,5.0,0.0,0.0,0.0,0.0,0.0,0.0
1999_05_PIT_BUF,1999,5,BUF,PIT,6,7,-1,1.0,0.0,-1.0,0.0,0.0,0.0,0.0,0.0,1.0,0.0,1.0,65.0,10.0,65.0,10.0,0.0,0.0,0.0,0.0,0.0,0.0
1999_05_CIN_CLE,1999,5,CLE,CIN,7,7,0,0.0,0.0,0.0,0.0,0.0,0.0,1.0,0.0,1.0,1.0,0.0,65.0,8.0,65.0,8.0,0.0,0.0,0.0,0.0,0.0,0.0
1999_05_SD_DET,1999,5,DET,SD,14,7,7,0.0,0.0,0.0,1.0,0.0,1.0,0.0,1.0,0.0,0.0,1.0,,,70.0,0.0,0.0,0.0,0.0,0.0,0.0,0.0
1999_05_TB_GB,1999,5,GB,TB,14,7,7,0.0,0.0,0.0,1.0,0.0,1.0,1.0,0.0,1.0,1.0,0.0,58.0,8.0,58.0,8.0,0.0,0.0,0.0,0.0,0.0,0.0
1999_05_MIA_IND,1999,5,IND,MIA,14,6,8,0.0,1.0,1.0,1.0,0.0,1.0,1.0,1.0,0.0,0.0,1.0,,,70.0,0.0,0.0,0.0,0.0,0.0,0.0,0.0
1999_05_NE_KC,1999,5,KC,NE,7,7,0,0.0,0.0,0.0,0.0,0.0,0.0,0.0,0.0,1.0,1.0,0.0,73.0,3.0,73.0,3.0,0.0,0.0,0.0,0.0,0.0,0.0
1999_05_CHI_MIN,1999,5,MIN,CHI,7,7,0,0.0,0.0,0.0,0.0,0.0,0.0,1.0,1.0,0.0,0.0,1.0,,,70.0,0.0,0.0,0.0,0.0,0.0,0.0,0.0
1999_05_ATL_NO,1999,5,NO,ATL,7,7,0,0.0,0.0,0.0,0.0,0.0,0.0,1.0,1.0,0.0,0.0,1.0,,,70.0,0.0,0.0,0.0,0.0,0.0,0.0,0.0
1999_05_DEN_OAK,1999,5,OAK,DEN,7,7,0,0.0,0.0,0.0,0.0,0.0,0.0,1.0,0.0,1.0,1.0,0.0,79.0,8.0,79.0,8.0,0.0,0.0,0.0,0.0,0.0,0.0
1999_05_DAL_PHI,1999,5,PHI,DAL,7,7,0,0.0,0.0,0.0,0.0,0.0,0.0,1.0,0.0,1.0,0.0,1.0,65.0,18.0,65.0,18.0,0.0,0.0,1.0,0.0,0.0,8.0
1999_05_SF_STL,1999,5,STL,SF,7,7,0,0.0,0.0,0.0,0.0,0.0,0.0,1.0,1.0,0.0,0.0,1.0,,,70.0,0.0,0.0,0.0,0.0,0.0,0.0,0.0
1999_05_BAL_TEN,1999,5,TEN,BAL,7,7,0,0.0,0.0,0.0,0.0,0.0,0.0,1.0,0.0,1.0,1.0,0.0,75.0,9.0,75.0,9.0,0.0,0.0,0.0,0.0,0.0,0.0
1999_05_JAX_NYJ,1999,5,NYJ,JAX,8,8,0,0.0,0.0,0.0,0.0,0.0,0.0,0.0,0.0,1.0,0.0,1.0,61.0,10.0,61.0,10.0,0.0,0.0,0.0,0.0,0.0,0.0
1999_06_WAS_ARI,1999,6,ARI,WAS,7,14,-7,0.0,0.0,0.0,0.0,1.0,-1.0,1.0,0.0,1.0,1.0,0.0,79.0,12.0,79.0,12.0,0.0,0.0,0.0,0.0,0.0,2.0
1999_06_STL_ATL,1999,6,ATL,STL,7,7,0,0.0,0.0,0.0,0.0,0.0,0.0,1.0,1.0,0.0,0.0,1.0,,,70.0,0.0,0.0,0.0,0.0,0.0,0.0,0.0
1999_06_OAK_BUF,1999,6,BUF,OAK,7,7,0,0.0,0.0,0.0,0.0,0.0,0.0,0.0,0.0,1.0,0.0,1.0,52.0,8.0,52.0,8.0,0.0,0.0,0.0,0.0,0.0,0.0
1999_06_PHI_CHI,1999,6,CHI,PHI,7,7,0,0.0,0.0,0.0,0.0,0.0,0.0,0.0,0.0,1.0,1.0,0.0,51.0,14.0,51.0,14.0,0.0,0.0,0.0,0.0,0.0,4.0
1999_06_PIT_CIN,1999,6,CIN,PIT,7,7,0,0.0,0.0,0.0,0.0,0.0,0.0,1.0,0.0,1.0,0.0,1.0,58.0,11.0,58.0,11.0,0.0,0.0,0.0,0.0,0.0,1.0
1999_06_GB_DEN,1999,6,DEN,GB,7,7,0,0.0,0.0,0.0,0.0,0.0,0.0,0.0,0.0,1.0,1.0,0.0,50.0,0.0,50.0,0.0,0.0,0.0,0.0,0.0,0.0,0.0
1999_06_MIN_DET,1999,6,DET,MIN,7,7,0,0.0,0.0,0.0,0.0,0.0,0.0,1.0,1.0,0.0,0.0,1.0,,,70.0,0.0,0.0,0.0,0.0,0.0,0.0,0.0
1999_06_CLE_JAX,1999,6,JAX,CLE,6,7,-1,1.0,0.0,-1.0,0.0,0.0,0.0,1.0,0.0,1.0,1.0,0.0,71.0,18.0,71.0,18.0,0.0,0.0,1.0,0.0,0.0,8.0
1999_06_MIA_NE,1999,6,NE,MIA,7,7,0,0.0,0.0,0.0,0.0,0.0,0.0,1.0,0.0,1.0,1.0,0.0,72.0,5.0,72.0,5.0,0.0,0.0,0.0,0.0,0.0,0.0
1999_06_TEN_NO,1999,6,NO,TEN,7,7,0,0.0,0.0,0.0,0.0,0.0,0.0,0.0,1.0,0.0,0.0,1.0,,,70.0,0.0,0.0,0.0,0.0,0.0,0.0,0.0
1999_06_IND_NYJ,1999,6,NYJ,IND,6,7,-1,1.0,0.0,-1.0,0.0,0.0,0.0,1.0,0.0,1.0,0.0,1.0,68.0,6.0,68.0,6.0,0.0,0.0,0.0,0.0,0.0,0.0
1999_06_SEA_SD,1999,6,SD,SEA,7,14,-7,0.0,0.0,0.0,0.0,1.0,-1.0,1.0,0.0,1.0,1.0,0.0,78.0,9.0,78.0,9.0,0.0,0.0,0.0,0.0,0.0,0.0
1999_06_CAR_SF,1999,6,SF,CAR,7,14,-7,0.0,0.0,0.0,0.0,1.0,-1.0,1.0,0.0,1.0,1.0,0.0,76.0,6.0,76.0,6.0,0.0,0.0,0.0,0.0,0.0,0.0
1999_06_DAL_NYG,1999,6,NYG,DAL,8,8,0,0.0,0.0,0.0,0.0,0.0,0.0,1.0,0.0,1.0,0.0,1.0,58.0,16.0,58.0,16.0,0.0,0.0,1.0,0.0,0.0,6.0
1999_07_KC_BAL,1999,7,BAL,KC,11,11,0,0.0,0.0,0.0,1.0,1.0,0.0,0.0,0.0,1.0,1.0,0.0,55.0,5.0,55.0,5.0,0.0,0.0,0.0,0.0,0.0,0.0
1999_07_DET_CAR,1999,7,CAR,DET,7,7,0,0.0,0.0,0.0,0.0,0.0,0.0,0.0,0.0,1.0,1.0,0.0,55.0,15.0,55.0,15.0,0.0,0.0,1.0,0.0,0.0,5.0
1999_07_WAS_DAL,1999,7,DAL,WAS,6,7,-1,1.0,0.0,-1.0,0.0,0.0,0.0,1.0,0.0,1.0,0.0,1.0,64.0,6.0,64.0,6.0,0.0,0.0,0.0,0.0,0.0,0.0
1999_07_CIN_IND,1999,7,IND,CIN,7,7,0,0.0,0.0,0.0,0.0,0.0,0.0,0.0,1.0,0.0,0.0,1.0,,,70.0,0.0,0.0,0.0,0.0,0.0,0.0,0.0
1999_07_PHI_MIA,1999,7,MIA,PHI,7,7,0,0.0,0.0,0.0,0.0,0.0,0.0,0.0,0.0,1.0,1.0,0.0,75.0,12.0,75.0,12.0,0.0,0.0,0.0,0.0,0.0,2.0
1999_07_SF_MIN,1999,7,MIN,SF,7,7,0,0.0,0.0,0.0,0.0,0.0,0.0,0.0,1.0,0.0,0.0,1.0,,,70.0,0.0,0.0,0.0,0.0,0.0,0.0,0.0
1999_07_DEN_NE,1999,7,NE,DEN,7,7,0,0.0,0.0,0.0,0.0,0.0,0.0,0.0,0.0,1.0,1.0,0.0,53.0,25.0,53.0,25.0,0.0,0.0,1.0,1.0,0.0,15.0
1999_07_NO_NYG,1999,7,NYG,NO,6,7,-1,1.0,0.0,-1.0,0.0,0.0,0.0,0.0,0.0,1.0,0.0,1.0,54.0,14.0,54.0,14.0,0.0,0.0,0.0,0.0,0.0,4.0
1999_07_NYJ_OAK,1999,7,OAK,NYJ,7,7,0,0.0,0.0,0.0,0.0,0.0,0.0,0.0,0.0,1.0,1.0,0.0,63.0,10.0,63.0,10.0,0.0,0.0,0.0,0.0,0.0,0.0
1999_07_GB_SD,1999,7,SD,GB,7,7,0,0.0,0.0,0.0,0.0,0.0,0.0,0.0,0.0,1.0,1.0,0.0,78.0,8.0,78.0,8.0,0.0,0.0,0.0,0.0,0.0,0.0
1999_07_BUF_SEA,1999,7,SEA,BUF,7,7,0,0.0,0.0,0.0,0.0,0.0,0.0,0.0,1.0,0.0,0.0,1.0,,,70.0,0.0,0.0,0.0,0.0,0.0,0.0,0.0
1999_07_CLE_STL,1999,7,STL,CLE,7,7,0,0.0,0.0,0.0,0.0,0.0,0.0,0.0,1.0,0.0,0.0,1.0,,,70.0,0.0,0.0,0.0,0.0,0.0,0.0,0.0
1999_07_CHI_TB,1999,7,TB,CHI,14,7,7,0.0,0.0,0.0,1.0,0.0,1.0,1.0,0.0,1.0,1.0,0.0,66.0,12.0,66.0,12.0,0.0,0.0,0.0,0.0,0.0,2.0
1999_07_ATL_PIT,1999,7,PIT,ATL,8,8,0,0.0,0.0,0.0,0.0,0.0,0.0,0.0,0.0,1.0,0.0,1.0,53.0,6.0,53.0,6.0,0.0,0.0,0.0,0.0,0.0,0.0
1999_08_NE_ARI,1999,8,ARI,NE,14,7,7,0.0,0.0,0.0,1.0,0.0,1.0,0.0,0.0,1.0,1.0,0.0,88.0,0.0,88.0,0.0,0.0,0.0,0.0,0.0,0.0,0.0
1999_08_CAR_ATL,1999,8,ATL,CAR,6,7,-1,1.0,0.0,-1.0,0.0,0.0,0.0,1.0,1.0,0.0,0.0,1.0,,,70.0,0.0,0.0,0.0,0.0,0.0,0.0,0.0
1999_08_BUF_BAL,1999,8,BAL,BUF,10,7,3,0.0,0.0,0.0,1.0,0.0,1.0,0.0,0.0,1.0,1.0,0.0,71.0,8.0,71.0,8.0,0.0,0.0,0.0,0.0,0.0,0.0
1999_08_JAX_CIN,1999,8,CIN,JAX,7,14,-7,0.0,0.0,0.0,0.0,1.0,-1.0,1.0,0.0,1.0,0.0,1.0,69.0,5.0,69.0,5.0,0.0,0.0,0.0,0.0,0.0,0.0
1999_08_MIN_DEN,1999,8,DEN,MIN,7,7,0,0.0,0.0,0.0,0.0,0.0,0.0,0.0,0.0,1.0,1.0,0.0,75.0,5.0,75.0,5.0,0.0,0.0,0.0,0.0,0.0,0.0
1999_08_TB_DET,1999,8,DET,TB,7,7,0,0.0,0.0,0.0,0.0,0.0,0.0,1.0,1.0,0.0,0.0,1.0,,,70.0,0.0,0.0,0.0,0.0,0.0,0.0,0.0
1999_08_DAL_IND,1999,8,IND,DAL,7,7,0,0.0,0.0,0.0,0.0,0.0,0.0,0.0,1.0,0.0,0.0,1.0,,,70.0,0.0,0.0,0.0,0.0,0.0,0.0,0.0
1999_08_SD_KC,1999,8,KC,SD,10,7,3,0.0,0.0,0.0,1.0,0.0,1.0,1.0,0.0,1.0,1.0,0.0,65.0,10.0,65.0,10.0,0.0,0.0,0.0,0.0,0.0,0.0
1999_08_CLE_NO,1999,8,NO,CLE,7,7,0,0.0,0.0,0.0,0.0,0.0,0.0,0.0,1.0,0.0,0.0,1.0,,,70.0,0.0,0.0,0.0,0.0,0.0,0.0,0.0
1999_08_MIA_OAK,1999,8,OAK,MIA,7,7,0,0.0,0.0,0.0,0.0,0.0,0.0,0.0,0.0,1.0,1.0,0.0,70.0,10.0,70.0,10.0,0.0,0.0,0.0,0.0,0.0,0.0
1999_08_NYG_PHI,1999,8,PHI,NYG,7,7,0,0.0,0.0,0.0,0.0,0.0,0.0,1.0,0.0,1.0,0.0,1.0,63.0,8.0,63.0,8.0,0.0,0.0,0.0,0.0,0.0,0.0
1999_08_STL_TEN,1999,8,TEN,STL,14,7,7,0.0,0.0,0.0,1.0,0.0,1.0,0.0,0.0,1.0,1.0,0.0,76.0,10.0,76.0,10.0,0.0,0.0,0.0,0.0,0.0,0.0
1999_08_CHI_WAS,1999,8,WAS,CHI,7,7,0,0.0,0.0,0.0,0.0,0.0,0.0,0.0,0.0,1.0,1.0,0.0,75.0,8.0,75.0,8.0,0.0,0.0,0.0,0.0,0.0,0.0
1999_08_SEA_GB,1999,8,GB,SEA,8,8,0,0.0,0.0,0.0,0.0,0.0,0.0,0.0,0.0,1.0,1.0,0.0,40.0,18.0,40.0,18.0,1.0,0.0,1.0,0.0,10.0,8.0
1999_09_JAX_ATL,1999,9,ATL,JAX,7,7,0,0.0,0.0,0.0,0.0,0.0,0.0,0.0,1.0,0.0,0.0,1.0,,,70.0,0.0,0.0,0.0,0.0,0.0,0.0,0.0
1999_09_PHI_CAR,1999,9,CAR,PHI,7,7,0,0.0,0.0,0.0,0.0,0.0,0.0,0.0,0.0,1.0,1.0,0.0,74.0,10.0,74.0,10.0,0.0,0.0,0.0,0.0,0.0,0.0
1999_09_BAL_CLE,1999,9,CLE,BAL,7,7,0,0.0,0.0,0.0,0.0,0.0,0.0,1.0,0.0,1.0,1.0,0.0,47.0,15.0,47.0,15.0,0.0,0.0,1.0,0.0,3.0,5.0
1999_09_STL_DET,1999,9,DET,STL,7,7,0,0.0,0.0,0.0,0.0,0.0,0.0,0.0,1.0,0.0,0.0,1.0,,,70.0,0.0,0.0,0.0,0.0,0.0,0.0,0.0
1999_09_CHI_GB,1999,9,GB,CHI,6,7,-1,1.0,0.0,-1.0,0.0,0.0,0.0,1.0,0.0,1.0,1.0,0.0,51.0,5.0,51.0,5.0,0.0,0.0,0.0,0.0,0.0,0.0
1999_09_KC_IND,1999,9,IND,KC,7,7,0,0.0,0.0,0.0,0.0,0.0,0.0,0.0,1.0,0.0,0.0,1.0,,,70.0,0.0,0.0,0.0,0.0,0.0,0.0,0.0
1999_09_TEN_MIA,1999,9,MIA,TEN,7,7,0,0.0,0.0,0.0,0.0,0.0,0.0,0.0,0.0,1.0,1.0,0.0,74.0,13.0,74.0,13.0,0.0,0.0,0.0,0.0,0.0,3.0
1999_09_TB_NO,1999,9,NO,TB,7,7,0,0.0,0.0,0.0,0.0,0.0,0.0,0.0,1.0,0.0,0.0,1.0,,,70.0,0.0,0.0,0.0,0.0,0.0,0.0,0.0
1999_09_ARI_NYJ,1999,9,NYJ,ARI,14,7,7,0.0,0.0,0.0,1.0,0.0,1.0,0.0,0.0,1.0,0.0,1.0,48.0,20.0,48.0,20.0,0.0,0.0,1.0,1.0,2.0,10.0
1999_09_DEN_SD,1999,9,SD,DEN,7,7,0,0.0,0.0,0.0,0.0,0.0,0.0,1.0,0.0,1.0,1.0,0.0,69.0,7.0,69.0,7.0,0.0,0.0,0.0,0.0,0.0,0.0
1999_09_CIN_SEA,1999,9,SEA,CIN,6,7,-1,1.0,0.0,-1.0,0.0,0.0,0.0,0.0,1.0,0.0,0.0,1.0,,,70.0,0.0,0.0,0.0,0.0,0.0,0.0,0.0
1999_09_PIT_SF,1999,9,SF,PIT,14,13,1,0.0,0.0,0.0,1.0,1.0,0.0,0.0,0.0,1.0,1.0,0.0,55.0,25.0,55.0,25.0,0.0,0.0,1.0,1.0,0.0,15.0
1999_09_BUF_WAS,1999,9,WAS,BUF,7,7,0,0.0,0.0,0.0,0.0,0.0,0.0,0.0,0.0,1.0,1.0,0.0,54.0,14.0,54.0,14.0,0.0,0.0,0.0,0.0,0.0,4.0
1999_09_DAL_MIN,1999,9,MIN,DAL,8,8,0,0.0,0.0,0.0,0.0,0.0,0.0,0.0,1.0,0.0,0.0,1.0,,,70.0,0.0,0.0,0.0,0.0,0.0,0.0,0.0
1999_10_DET_ARI,1999,10,ARI,DET,7,7,0,0.0,0.0,0.0,0.0,0.0,0.0,0.0,0.0,1.0,1.0,0.0,89.0,3.0,89.0,3.0,0.0,0.0,0.0,0.0,0.0,0.0
1999_10_MIA_BUF,1999,10,BUF,MIA,7,7,0,0.0,0.0,0.0,0.0,0.0,0.0,1.0,0.0,1.0,0.0,1.0,46.0,21.0,46.0,21.0,0.0,0.0,1.0,1.0,4.0,11.0
1999_10_MIN_CHI,1999,10,CHI,MIN,7,6,1,0.0,1.0,1.0,0.0,0.0,0.0,1.0,0.0,1.0,1.0,0.0,50.0,16.0,50.0,16.0,0.0,0.0,1.0,0.0,0.0,6.0
1999_10_TEN_CIN,1999,10,CIN,TEN,7,7,0,0.0,0.0,0.0,0.0,0.0,0.0,1.0,0.0,1.0,0.0,1.0,63.0,8.0,63.0,8.0,0.0,0.0,0.0,0.0,0.0,0.0
1999_10_GB_DAL,1999,10,DAL,GB,6,7,-1,1.0,0.0,-1.0,0.0,0.0,0.0,0.0,0.0,1.0,0.0,1.0,86.0,5.0,86.0,5.0,0.0,0.0,0.0,0.0,0.0,0.0
1999_10_BAL_JAX,1999,10,JAX,BAL,7,7,0,0.0,0.0,0.0,0.0,0.0,0.0,1.0,0.0,1.0,1.0,0.0,77.0,11.0,77.0,11.0,0.0,0.0,0.0,0.0,0.0,1.0
1999_10_SF_NO,1999,10,NO,SF,7,7,0,0.0,0.0,0.0,0.0,0.0,0.0,1.0,1.0,0.0,0.0,1.0,,,70.0,0.0,0.0,0.0,0.0,0.0,0.0,0.0
1999_10_IND_NYG,1999,10,NYG,IND,14,7,7,0.0,0.0,0.0,1.0,0.0,1.0,0.0,0.0,1.0,0.0,1.0,56.0,8.0,56.0,8.0,0.0,0.0,0.0,0.0,0.0,0.0
1999_10_SD_OAK,1999,10,OAK,SD,14,7,7,0.0,0.0,0.0,1.0,0.0,1.0,1.0,0.0,1.0,1.0,0.0,67.0,5.0,67.0,5.0,0.0,0.0,0.0,0.0,0.0,0.0
1999_10_WAS_PHI,1999,10,PHI,WAS,7,7,0,0.0,0.0,0.0,0.0,0.0,0.0,1.0,0.0,1.0,0.0,1.0,60.0,0.0,60.0,0.0,0.0,0.0,0.0,0.0,0.0,0.0
1999_10_CLE_PIT,1999,10,PIT,CLE,7,7,0,0.0,0.0,0.0,0.0,0.0,0.0,1.0,0.0,1.0,0.0,1.0,58.0,18.0,58.0,18.0,0.0,0.0,1.0,0.0,0.0,8.0
1999_10_DEN_SEA,1999,10,SEA,DEN,7,7,0,0.0,0.0,0.0,0.0,0.0,0.0,1.0,1.0,0.0,0.0,1.0,,,70.0,0.0,0.0,0.0,0.0,0.0,0.0,0.0
1999_10_CAR_STL,1999,10,STL,CAR,7,7,0,0.0,0.0,0.0,0.0,0.0,0.0,1.0,1.0,0.0,0.0,1.0,,,70.0,0.0,0.0,0.0,0.0,0.0,0.0,0.0
1999_10_KC_TB,1999,10,TB,KC,7,7,0,0.0,0.0,0.0,0.0,0.0,0.0,0.0,0.0,1.0,1.0,0.0,76.0,7.0,76.0,7.0,0.0,0.0,0.0,0.0,0.0,0.0
1999_10_NYJ_NE,1999,10,NE,NYJ,15,8,7,0.0,0.0,0.0,1.0,0.0,1.0,1.0,0.0,1.0,1.0,0.0,42.0,30.0,42.0,30.0,0.0,0.0,1.0,1.0,8.0,20.0
1999_11_DAL_ARI,1999,11,ARI,DAL,7,7,0,0.0,0.0,0.0,0.0,0.0,0.0,1.0,0.0,1.0,1.0,0.0,70.0,8.0,70.0,8.0,0.0,0.0,0.0,0.0,0.0,0.0
1999_11_BAL_CIN,1999,11,CIN,BAL,7,7,0,0.0,0.0,0.0,0.0,0.0,0.0,1.0,0.0,1.0,0.0,1.0,66.0,10.0,66.0,10.0,0.0,0.0,0.0,0.0,0.0,0.0
1999_11_CAR_CLE,1999,11,CLE,CAR,7,7,0,0.0,0.0,0.0,0.0,0.0,0.0,0.0,0.0,1.0,1.0,0.0,48.0,0.0,48.0,0.0,0.0,0.0,0.0,0.0,2.0,0.0
1999_11_DET_GB,1999,11,GB,DET,7,7,0,0.0,0.0,0.0,0.0,0.0,0.0,1.0,0.0,1.0,1.0,0.0,46.0,18.0,46.0,18.0,0.0,0.0,1.0,0.0,4.0,8.0
1999_11_NO_JAX,1999,11,JAX,NO,7,7,0,0.0,0.0,0.0,0.0,0.0,0.0,0.0,0.0,1.0,1.0,0.0,62.0,0.0,62.0,0.0,0.0,0.0,0.0,0.0,0.0,0.0
1999_11_SEA_KC,1999,11,KC,SEA,7,7,0,0.0,0.0,0.0,0.0,0.0,0.0,1.0,0.0,1.0,1.0,0.0,60.0,16.0,60.0,16.0,0.0,0.0,1.0,0.0,0.0,6.0
1999_11_NE_MIA,1999,11,MIA,NE,7,6,1,0.0,1.0,1.0,0.0,0.0,0.0,1.0,0.0,1.0,1.0,0.0,74.0,8.0,74.0,8.0,0.0,0.0,0.0,0.0,0.0,0.0
1999_11_BUF_NYJ,1999,11,NYJ,BUF,6,7,-1,1.0,0.0,-1.0,0.0,0.0,0.0,1.0,0.0,1.0,0.0,1.0,60.0,5.0,60.0,5.0,0.0,0.0,0.0,0.0,0.0,0.0
1999_11_IND_PHI,1999,11,PHI,IND,7,7,0,0.0,0.0,0.0,0.0,0.0,0.0,0.0,0.0,1.0,0.0,1.0,70.0,6.0,70.0,6.0,0.0,0.0,0.0,0.0,0.0,0.0
1999_11_CHI_SD,1999,11,SD,CHI,7,7,0,0.0,0.0,0.0,0.0,0.0,0.0,0.0,0.0,1.0,1.0,0.0,64.0,7.0,64.0,7.0,0.0,0.0,0.0,0.0,0.0,0.0
1999_11_STL_SF,1999,11,SF,STL,7,7,0,0.0,0.0,0.0,0.0,0.0,0.0,1.0,0.0,1.0,1.0,0.0,55.0,11.0,55.0,11.0,0.0,0.0,0.0,0.0,0.0,1.0
1999_11_ATL_TB,1999,11,TB,ATL,7,14,-7,0.0,0.0,0.0,0.0,1.0,-1.0,0.0,0.0,1.0,1.0,0.0,77.0,5.0,77.0,5.0,0.0,0.0,0.0,0.0,0.0,0.0
1999_11_PIT_TEN,1999,11,TEN,PIT,7,7,0,0.0,0.0,0.0,0.0,0.0,0.0,1.0,0.0,1.0,1.0,0.0,62.0,10.0,62.0,10.0,0.0,0.0,0.0,0.0,0.0,0.0
1999_11_NYG_WAS,1999,11,WAS,NYG,7,7,0,0.0,0.0,0.0,0.0,0.0,0.0,1.0,0.0,1.0,1.0,0.0,58.0,5.0,58.0,5.0,0.0,0.0,0.0,0.0,0.0,0.0
1999_11_OAK_DEN,1999,11,DEN,OAK,8,8,0,0.0,0.0,0.0,0.0,0.0,0.0,1.0,0.0,1.0,1.0,0.0,26.0,7.0,26.0,7.0,1.0,0.0,0.0,0.0,24.0,0.0
1999_12_MIA_DAL,1999,12,DAL,MIA,4,4,0,1.0,1.0,0.0,0.0,0.0,0.0,0.0,0.0,1.0,0.0,1.0,57.0,6.0,57.0,6.0,0.0,0.0,0.0,0.0,0.0,0.0
1999_12_CHI_DET,1999,12,DET,CHI,4,4,0,1.0,1.0,0.0,0.0,0.0,0.0,1.0,1.0,0.0,0.0,1.0,,,70.0,0.0,0.0,0.0,0.0,0.0,0.0,0.0
1999_12_JAX_BAL,1999,12,BAL,JAX,7,7,0,0.0,0.0,0.0,0.0,0.0,0.0,1.0,0.0,1.0,1.0,0.0,54.0,16.0,54.0,16.0,0.0,0.0,1.0,0.0,0.0,6.0
1999_12_NE_BUF,1999,12,BUF,NE,7,7,0,0.0,0.0,0.0,0.0,0.0,0.0,1.0,0.0,1.0,0.0,1.0,40.0,17.0,40.0,17.0,1.0,0.0,1.0,0.0,10.0,7.0
1999_12_ATL_CAR,1999,12,CAR,ATL,7,7,0,0.0,0.0,0.0,0.0,0.0,0.0,1.0,0.0,1.0,1.0,0.0,65.0,0.0,65.0,0.0,0.0,0.0,0.0,0.0,0.0,0.0
1999_12_TEN_CLE,1999,12,CLE,TEN,7,7,0,0.0,0.0,0.0,0.0,0.0,0.0,1.0,0.0,1.0,1.0,0.0,38.0,15.0,38.0,15.0,1.0,0.0,1.0,0.0,12.0,5.0
1999_12_NYJ_IND,1999,12,IND,NYJ,7,7,0,0.0,0.0,0.0,0.0,0.0,0.0,1.0,1.0,0.0,0.0,1.0,,,70.0,0.0,0.0,0.0,0.0,0.0,0.0,0.0
1999_12_SD_MIN,1999,12,MIN,SD,14,7,7,0.0,0.0,0.0,1.0,0.0,1.0,0.0,1.0,0.0,0.0,1.0,,,70.0,0.0,0.0,0.0,0.0,0.0,0.0,0.0
1999_12_ARI_NYG,1999,12,NYG,ARI,7,7,0,0.0,0.0,0.0,0.0,0.0,0.0,1.0,0.0,1.0,0.0,1.0,48.0,16.0,48.0,16.0,0.0,0.0,1.0,0.0,2.0,6.0
1999_12_KC_OAK,1999,12,OAK,KC,6,7,-1,1.0,0.0,-1.0,0.0,0.0,0.0,1.0,0.0,1.0,1.0,0.0,55.0,5.0,55.0,5.0,0.0,0.0,0.0,0.0,0.0,0.0
1999_12_CIN_PIT,1999,12,PIT,CIN,7,7,0,0.0,0.0,0.0,0.0,0.0,0.0,1.0,0.0,1.0,0.0,1.0,46.0,0.0,46.0,0.0,0.0,0.0,0.0,0.0,4.0,0.0
1999_12_TB_SEA,1999,12,SEA,TB,7,7,0,0.0,0.0,0.0,0.0,0.0,0.0,0.0,1.0,0.0,0.0,1.0,,,70.0,0.0,0.0,0.0,0.0,0.0,0.0,0.0
1999_12_NO_STL,1999,12,STL,NO,7,7,0,0.0,0.0,0.0,0.0,0.0,0.0,1.0,1.0,0.0,0.0,1.0,,,70.0,0.0,0.0,0.0,0.0,0.0,0.0,0.0
1999_12_PHI_WAS,1999,12,WAS,PHI,7,7,0,0.0,0.0,0.0,0.0,0.0,0.0,1.0,0.0,1.0,1.0,0.0,52.0,0.0,52.0,0.0,0.0,0.0,0.0,0.0,0.0,0.0
1999_12_GB_SF,1999,12,SF,GB,8,8,0,0.0,0.0,0.0,0.0,0.0,0.0,0.0,0.0,1.0,1.0,0.0,58.0,10.0,58.0,10.0,0.0,0.0,0.0,0.0,0.0,0.0
1999_13_PIT_JAX,1999,13,JAX,PIT,4,4,0,1.0,1.0,0.0,0.0,0.0,0.0,1.0,0.0,1.0,1.0,0.0,46.0,0.0,46.0,0.0,0.0,0.0,0.0,0.0,4.0,0.0
1999_13_PHI_ARI,1999,13,ARI,PHI,7,7,0,0.0,0.0,0.0,0.0,0.0,0.0,1.0,0.0,1.0,1.0,0.0,65.0,0.0,65.0,0.0,0.0,0.0,0.0,0.0,0.0,0.0
1999_13_NO_ATL,1999,13,ATL,NO,7,7,0,0.0,0.0,0.0,0.0,0.0,0.0,1.0,1.0,0.0,0.0,1.0,,,70.0,0.0,0.0,0.0,0.0,0.0,0.0,0.0
1999_13_TEN_BAL,1999,13,BAL,TEN,7,7,0,0.0,0.0,0.0,0.0,0.0,0.0,1.0,0.0,1.0,1.0,0.0,65.0,0.0,65.0,0.0,0.0,0.0,0.0,0.0,0.0,0.0
1999_13_STL_CAR,1999,13,CAR,STL,7,7,0,0.0,0.0,0.0,0.0,0.0,0.0,1.0,0.0,1.0,1.0,0.0,72.0,12.0,72.0,12.0,0.0,0.0,0.0,0.0,0.0,2.0
1999_13_GB_CHI,1999,13,CHI,GB,10,6,4,0.0,1.0,1.0,1.0,0.0,1.0,1.0,0.0,1.0,1.0,0.0,42.0,18.0,42.0,18.0,0.0,0.0,1.0,0.0,8.0,8.0
1999_13_SF_CIN,1999,13,CIN,SF,7,6,1,0.0,1.0,1.0,0.0,0.0,0.0,0.0,0.0,1.0,0.0,1.0,55.0,9.0,55.0,9.0,0.0,0.0,0.0,0.0,0.0,0.0
1999_13_KC_DEN,1999,13,DEN,KC,13,7,6,0.0,0.0,0.0,1.0,0.0,1.0,1.0,0.0,1.0,1.0,0.0,45.0,9.0,45.0,9.0,0.0,0.0,0.0,0.0,5.0,0.0
1999_13_WAS_DET,1999,13,DET,WAS,10,7,3,0.0,0.0,0.0,1.0,0.0,1.0,0.0,1.0,0.0,0.0,1.0,,,70.0,0.0,0.0,0.0,0.0,0.0,0.0,0.0
1999_13_IND_MIA,1999,13,MIA,IND,10,7,3,0.0,0.0,0.0,1.0,0.0,1.0,1.0,0.0,1.0,1.0,0.0,75.0,10.0,75.0,10.0,0.0,0.0,0.0,0.0,0.0,0.0
1999_13_DAL_NE,1999,13,NE,DAL,7,10,-3,0.0,0.0,0.0,0.0,1.0,-1.0,0.0,0.0,1.0,1.0,0.0,47.0,15.0,47.0,15.0,0.0,0.0,1.0,0.0,3.0,5.0
1999_13_NYJ_NYG,1999,13,NYG,NYJ,7,7,0,0.0,0.0,0.0,0.0,0.0,0.0,0.0,0.0,1.0,0.0,1.0,61.0,6.0,61.0,6.0,0.0,0.0,0.0,0.0,0.0,0.0
1999_13_SEA_OAK,1999,13,OAK,SEA,7,7,0,0.0,0.0,0.0,0.0,0.0,0.0,1.0,0.0,1.0,1.0,0.0,61.0,5.0,61.0,5.0,0.0,0.0,0.0,0.0,0.0,0.0
1999_13_CLE_SD,1999,13,SD,CLE,7,7,0,0.0,0.0,0.0,0.0,0.0,0.0,0.0,0.0,1.0,1.0,0.0,68.0,7.0,68.0,7.0,0.0,0.0,0.0,0.0,0.0,0.0
1999_13_MIN_TB,1999,13,TB,MIN,8,8,0,0.0,0.0,0.0,0.0,0.0,0.0,1.0,0.0,1.0,1.0,0.0,62.0,7.0,62.0,7.0,0.0,0.0,0.0,0.0,0.0,0.0
1999_14_OAK_TEN,1999,14,TEN,OAK,4,4,0,1.0,1.0,0.0,0.0,0.0,0.0,0.0,0.0,1.0,1.0,0.0,61.0,13.0,61.0,13.0,0.0,0.0,0.0,0.0,0.0,3.0
1999_14_NYG_BUF,1999,14,BUF,NYG,14,7,7,0.0,0.0,0.0,1.0,0.0,1.0,0.0,0.0,1.0,0.0,1.0,40.0,4.0,40.0,4.0,1.0,0.0,0.0,0.0,10.0,0.0
1999_14_CLE_CIN,1999,14,CIN,CLE,7,7,0,0.0,0.0,0.0,0.0,0.0,0.0,1.0,0.0,1.0,0.0,1.0,41.0,4.0,41.0,4.0,0.0,0.0,0.0,0.0,9.0,0.0
1999_14_PHI_DAL,1999,14,DAL,PHI,7,7,0,0.0,0.0,0.0,0.0,0.0,0.0,1.0,0.0,1.0,0.0,1.0,52.0,15.0,52.0,15.0,0.0,0.0,1.0,0.0,0.0,5.0
1999_14_CAR_GB,1999,14,GB,CAR,7,7,0,0.0,0.0,0.0,0.0,0.0,0.0,0.0,0.0,1.0,1.0,0.0,35.0,4.0,35.0,4.0,1.0,0.0,0.0,0.0,15.0,0.0
1999_14_NE_IND,1999,14,IND,NE,7,7,0,0.0,0.0,0.0,0.0,0.0,0.0,1.0,1.0,0.0,0.0,1.0,,,70.0,0.0,0.0,0.0,0.0,0.0,0.0,0.0
1999_14_MIN_KC,1999,14,KC,MIN,7,6,1,0.0,1.0,1.0,0.0,0.0,0.0,0.0,0.0,1.0,1.0,0.0,41.0,0.0,41.0,0.0,0.0,0.0,0.0,0.0,9.0,0.0
1999_14_STL_NO,1999,14,NO,STL,7,7,0,0.0,0.0,0.0,0.0,0.0,0.0,1.0,1.0,0.0,0.0,1.0,,,70.0,0.0,0.0,0.0,0.0,0.0,0.0,0.0
1999_14_MIA_NYJ,1999,14,NYJ,MIA,7,7,0,0.0,0.0,0.0,0.0,0.0,0.0,1.0,0.0,1.0,0.0,1.0,46.0,12.0,46.0,12.0,0.0,0.0,0.0,0.0,4.0,2.0
1999_14_BAL_PIT,1999,14,PIT,BAL,10,7,3,0.0,0.0,0.0,1.0,0.0,1.0,1.0,0.0,1.0,0.0,1.0,44.0,5.0,44.0,5.0,0.0,0.0,0.0,0.0,6.0,0.0
1999_14_SD_SEA,1999,14,SEA,SD,7,7,0,0.0,0.0,0.0,0.0,0.0,0.0,1.0,1.0,0.0,0.0,1.0,,,70.0,0.0,0.0,0.0,0.0,0.0,0.0,0.0
1999_14_ATL_SF,1999,14,SF,ATL,7,7,0,0.0,0.0,0.0,0.0,0.0,0.0,1.0,0.0,1.0,1.0,0.0,54.0,6.0,54.0,6.0,0.0,0.0,0.0,0.0,0.0,0.0
1999_14_DET_TB,1999,14,TB,DET,6,7,-1,1.0,0.0,-1.0,0.0,0.0,0.0,1.0,0.0,1.0,1.0,0.0,79.0,7.0,79.0,7.0,0.0,0.0,0.0,0.0,0.0,0.0
1999_14_ARI_WAS,1999,14,WAS,ARI,7,7,0,0.0,0.0,0.0,0.0,0.0,0.0,1.0,0.0,1.0,1.0,0.0,53.0,5.0,53.0,5.0,0.0,0.0,0.0,0.0,0.0,0.0
1999_14_DEN_JAX,1999,14,JAX,DEN,11,8,3,0.0,0.0,0.0,1.0,0.0,1.0,0.0,0.0,1.0,1.0,0.0,68.0,6.0,68.0,6.0,0.0,0.0,0.0,0.0,0.0,0.0
1999_15_SF_CAR,1999,15,CAR,SF,6,6,0,1.0,1.0,0.0,0.0,0.0,0.0,1.0,0.0,1.0,1.0,0.0,57.0,10.0,57.0,10.0,0.0,0.0,0.0,0.0,0.0,0.0
1999_15_PIT_KC,1999,15,KC,PIT,6,6,0,1.0,1.0,0.0,0.0,0.0,0.0,0.0,0.0,1.0,1.0,0.0,29.0,4.0,29.0,4.0,1.0,0.0,0.0,0.0,21.0,0.0
1999_15_BUF_ARI,1999,15,ARI,BUF,7,7,0,0.0,0.0,0.0,0.0,0.0,0.0,0.0,0.0,1.0,1.0,0.0,64.0,5.0,64.0,5.0,0.0,0.0,0.0,0.0,0.0,0.0
1999_15_NO_BAL,1999,15,BAL,NO,7,7,0,0.0,0.0,0.0,0.0,0.0,0.0,0.0,0.0,1.0,1.0,0.0,43.0,13.0,43.0,13.0,0.0,0.0,0.0,0.0,7.0,3.0
1999_15_DET_CHI,1999,15,CHI,DET,14,7,7,0.0,0.0,0.0,1.0,0.0,1.0,1.0,0.0,1.0,1.0,0.0,35.0,5.0,35.0,5.0,1.0,0.0,0.0,0.0,15.0,0.0
1999_15_JAX_CLE,1999,15,CLE,JAX,7,6,1,0.0,1.0,1.0,0.0,0.0,0.0,1.0,0.0,1.0,1.0,0.0,39.0,5.0,39.0,5.0,1.0,0.0,0.0,0.0,11.0,0.0
1999_15_NYJ_DAL,1999,15,DAL,NYJ,7,7,0,0.0,0.0,0.0,0.0,0.0,0.0,0.0,0.0,1.0,0.0,1.0,62.0,20.0,62.0,20.0,0.0,0.0,1.0,1.0,0.0,10.0
1999_15_SEA_DEN,1999,15,DEN,SEA,6,7,-1,1.0,0.0,-1.0,0.0,0.0,0.0,1.0,0.0,1.0,1.0,0.0,27.0,12.0,27.0,12.0,1.0,0.0,0.0,0.0,23.0,2.0
1999_15_WAS_IND,1999,15,IND,WAS,7,7,0,0.0,0.0,0.0,0.0,0.0,0.0,0.0,1.0,0.0,0.0,1.0,,,70.0,0.0,0.0,0.0,0.0,0.0,0.0,0.0
1999_15_SD_MIA,1999,15,MIA,SD,7,7,0,0.0,0.0,0.0,0.0,0.0,0.0,0.0,0.0,1.0,1.0,0.0,81.0,9.0,81.0,9.0,0.0,0.0,0.0,0.0,0.0,0.0
1999_15_TB_OAK,1999,15,OAK,TB,10,7,3,0.0,0.0,0.0,1.0,0.0,1.0,0.0,0.0,1.0,1.0,0.0,65.0,8.0,65.0,8.0,0.0,0.0,0.0,0.0,0.0,0.0
1999_15_NE_PHI,1999,15,PHI,NE,7,7,0,0.0,0.0,0.0,0.0,0.0,0.0,0.0,0.0,1.0,0.0,1.0,40.0,14.0,40.0,14.0,1.0,0.0,0.0,0.0,10.0,4.0
1999_15_NYG_STL,1999,15,STL,NYG,7,7,0,0.0,0.0,0.0,0.0,0.0,0.0,0.0,1.0,0.0,0.0,1.0,,,70.0,0.0,0.0,0.0,0.0,0.0,0.0,0.0
1999_15_ATL_TEN,1999,15,TEN,ATL,10,7,3,0.0,0.0,0.0,1.0,0.0,1.0,0.0,0.0,1.0,1.0,0.0,46.0,3.0,46.0,3.0,0.0,0.0,0.0,0.0,4.0,0.0
1999_15_GB_MIN,1999,15,MIN,GB,8,8,0,0.0,0.0,0.0,0.0,0.0,0.0,1.0,1.0,0.0,0.0,1.0,,,70.0,0.0,0.0,0.0,0.0,0.0,0.0,0.0
1999_16_DAL_NO,1999,16,NO,DAL,5,5,0,1.0,1.0,0.0,0.0,0.0,0.0,0.0,1.0,0.0,0.0,1.0,,,70.0,0.0,0.0,0.0,0.0,0.0,0.0,0.0
1999_16_DEN_DET,1999,16,DET,DEN,6,6,0,1.0,1.0,0.0,0.0,0.0,0.0,0.0,1.0,0.0,0.0,1.0,,,70.0,0.0,0.0,0.0,0.0,0.0,0.0,0.0
1999_16_ARI_ATL,1999,16,ATL,ARI,7,7,0,0.0,0.0,0.0,0.0,0.0,0.0,0.0,1.0,0.0,0.0,1.0,,,70.0,0.0,0.0,0.0,0.0,0.0,0.0,0.0
1999_16_CIN_BAL,1999,16,BAL,CIN,7,14,-7,0.0,0.0,0.0,0.0,1.0,-1.0,1.0,0.0,1.0,1.0,0.0,35.0,18.0,35.0,18.0,1.0,0.0,1.0,0.0,15.0,8.0
1999_16_IND_CLE,1999,16,CLE,IND,7,7,0,0.0,0.0,0.0,0.0,0.0,0.0,0.0,0.0,1.0,1.0,0.0,31.0,25.0,31.0,25.0,1.0,0.0,1.0,1.0,19.0,15.0
1999_16_BUF_NE,1999,16,NE,BUF,7,7,0,0.0,0.0,0.0,0.0,0.0,0.0,1.0,0.0,1.0,1.0,0.0,40.0,23.0,40.0,23.0,1.0,0.0,1.0,1.0,10.0,13.0
1999_16_MIN_NYG,1999,16,NYG,MIN,7,6,1,0.0,1.0,1.0,0.0,0.0,0.0,0.0,0.0,1.0,0.0,1.0,32.0,12.0,32.0,12.0,1.0,0.0,0.0,0.0,18.0,2.0
1999_16_CAR_PIT,1999,16,PIT,CAR,8,8,0,0.0,0.0,0.0,0.0,0.0,0.0,0.0,0.0,1.0,0.0,1.0,32.0,15.0,32.0,15.0,1.0,0.0,1.0,0.0,18.0,5.0
1999_16_OAK_SD,1999,16,SD,OAK,7,7,0,0.0,0.0,0.0,0.0,0.0,0.0,1.0,0.0,1.0,1.0,0.0,69.0,9.0,69.0,9.0,0.0,0.0,0.0,0.0,0.0,0.0
1999_16_KC_SEA,1999,16,SEA,KC,7,8,-1,0.0,0.0,0.0,0.0,0.0,0.0,1.0,1.0,0.0,0.0,1.0,,,70.0,0.0,0.0,0.0,0.0,0.0,0.0,0.0
1999_16_WAS_SF,1999,16,SF,WAS,8,7,1,0.0,0.0,0.0,0.0,0.0,0.0,0.0,0.0,1.0,1.0,0.0,58.0,0.0,58.0,0.0,0.0,0.0,0.0,0.0,0.0,0.0
1999_16_CHI_STL,1999,16,STL,CHI,7,7,0,0.0,0.0,0.0,0.0,0.0,0.0,0.0,1.0,0.0,0.0,1.0,,,70.0,0.0,0.0,0.0,0.0,0.0,0.0,0.0
1999_16_GB_TB,1999,16,TB,GB,7,6,1,0.0,1.0,1.0,0.0,0.0,0.0,1.0,0.0,1.0,1.0,0.0,58.0,12.0,58.0,12.0,0.0,0.0,0.0,0.0,0.0,2.0
1999_16_JAX_TEN,1999,16,TEN,JAX,7,7,0,0.0,0.0,0.0,0.0,0.0,0.0,1.0,0.0,1.0,1.0,0.0,46.0,13.0,46.0,13.0,0.0,0.0,0.0,0.0,4.0,3.0
1999_16_NYJ_MIA,1999,16,MIA,NYJ,8,8,0,0.0,0.0,0.0,0.0,0.0,0.0,1.0,0.0,1.0,1.0,0.0,63.0,8.0,63.0,8.0,0.0,0.0,0.0,0.0,0.0,0.0
1999_17_IND_BUF,1999,17,BUF,IND,7,7,0,0.0,0.0,0.0,0.0,0.0,0.0,1.0,0.0,1.0,0.0,1.0,54.0,21.0,54.0,21.0,0.0,0.0,1.0,1.0,0.0,11.0
1999_17_NO_CAR,1999,17,CAR,NO,7,9,-2,0.0,0.0,0.0,0.0,0.0,0.0,1.0,0.0,1.0,1.0,0.0,61.0,7.0,61.0,7.0,0.0,0.0,0.0,0.0,0.0,0.0
1999_17_TB_CHI,1999,17,CHI,TB,7,7,0,0.0,0.0,0.0,0.0,0.0,0.0,1.0,0.0,1.0,1.0,0.0,54.0,14.0,54.0,14.0,0.0,0.0,0.0,0.0,0.0,4.0
1999_17_NYG_DAL,1999,17,DAL,NYG,9,7,2,0.0,0.0,0.0,0.0,0.0,0.0,1.0,0.0,1.0,0.0,1.0,70.0,8.0,70.0,8.0,0.0,0.0,0.0,0.0,0.0,0.0
1999_17_SD_DEN,1999,17,DEN,SD,8,7,1,0.0,0.0,0.0,0.0,0.0,0.0,1.0,0.0,1.0,1.0,0.0,41.0,7.0,41.0,7.0,0.0,0.0,0.0,0.0,9.0,0.0
1999_17_ARI_GB,1999,17,GB,ARI,7,7,0,0.0,0.0,0.0,0.0,0.0,0.0,0.0,0.0,1.0,1.0,0.0,32.0,10.0,32.0,10.0,1.0,0.0,0.0,0.0,18.0,0.0
1999_17_CIN_JAX,1999,17,JAX,CIN,7,7,0,0.0,0.0,0.0,0.0,0.0,0.0,1.0,0.0,1.0,1.0,0.0,75.0,7.0,75.0,7.0,0.0,0.0,0.0,0.0,0.0,0.0
1999_17_OAK_KC,1999,17,KC,OAK,7,7,0,0.0,0.0,0.0,0.0,0.0,0.0,1.0,0.0,1.0,1.0,0.0,43.0,12.0,43.0,12.0,0.0,0.0,0.0,0.0,7.0,2.0
1999_17_DET_MIN,1999,17,MIN,DET,7,8,-1,0.0,0.0,0.0,0.0,0.0,0.0,1.0,1.0,0.0,0.0,1.0,,,70.0,0.0,0.0,0.0,0.0,0.0,0.0,0.0
1999_17_BAL_NE,1999,17,NE,BAL,7,7,0,0.0,0.0,0.0,0.0,0.0,0.0,0.0,0.0,1.0,1.0,0.0,47.0,15.0,47.0,15.0,0.0,0.0,1.0,0.0,3.0,5.0
1999_17_SEA_NYJ,1999,17,NYJ,SEA,6,7,-1,1.0,0.0,-1.0,0.0,0.0,0.0,0.0,0.0,1.0,0.0,1.0,52.0,4.0,52.0,4.0,0.0,0.0,0.0,0.0,0.0,0.0
1999_17_STL_PHI,1999,17,PHI,STL,14,7,7,0.0,0.0,0.0,1.0,0.0,1.0,0.0,0.0,1.0,0.0,1.0,54.0,5.0,54.0,5.0,0.0,0.0,0.0,0.0,0.0,0.0
1999_17_TEN_PIT,1999,17,PIT,TEN,7,7,0,0.0,0.0,0.0,0.0,0.0,0.0,1.0,0.0,1.0,0.0,1.0,70.0,23.0,70.0,23.0,0.0,0.0,1.0,1.0,0.0,13.0
1999_17_MIA_WAS,1999,17,WAS,MIA,7,6,1,0.0,1.0,1.0,0.0,0.0,0.0,0.0,0.0,1.0,1.0,0.0,67.0,15.0,67.0,15.0,0.0,0.0,1.0,0.0,0.0,5.0
1999_17_SF_ATL,1999,17,ATL,SF,8,8,0,0.0,0.0,0.0,0.0,0.0,0.0,1.0,1.0,0.0,0.0,1.0,,,70.0,0.0,0.0,0.0,0.0,0.0,0.0,0.0
1999_18_BUF_TEN,1999,18,TEN,BUF,6,6,0,1.0,1.0,0.0,0.0,0.0,0.0,0.0,0.0,1.0,1.0,0.0,40.0,3.0,40.0,3.0,1.0,0.0,0.0,0.0,10.0,0.0
1999_18_DET_WAS,1999,18,WAS,DET,6,6,0,1.0,1.0,0.0,0.0,0.0,0.0,0.0,0.0,1.0,1.0,0.0,45.0,10.0,45.0,10.0,0.0,0.0,0.0,0.0,5.0,0.0
1999_18_DAL_MIN,1999,18,MIN,DAL,7,7,0,0.0,0.0,0.0,0.0,0.0,0.0,0.0,1.0,0.0,0.0,1.0,,,70.0,0.0,0.0,0.0,0.0,0.0,0.0,0.0
1999_18_MIA_SEA,1999,18,SEA,MIA,7,7,0,0.0,0.0,0.0,0.0,0.0,0.0,0.0,1.0,0.0,0.0,1.0,,,70.0,0.0,0.0,0.0,0.0,0.0,0.0,0.0
1999_19_MIA_JAX,1999,19,JAX,MIA,13,6,7,0.0,1.0,1.0,1.0,0.0,1.0,0.0,0.0,1.0,1.0,0.0,57.0,14.0,57.0,14.0,0.0,0.0,0.0,0.0,0.0,4.0
1999_19_WAS_TB,1999,19,TB,WAS,13,7,6,0.0,0.0,0.0,1.0,0.0,1.0,0.0,0.0,1.0,1.0,0.0,66.0,12.0,66.0,12.0,0.0,0.0,0.0,0.0,0.0,2.0
1999_19_TEN_IND,1999,19,IND,TEN,14,8,6,0.0,0.0,0.0,1.0,0.0,1.0,0.0,1.0,0.0,0.0,1.0,,,70.0,0.0,0.0,0.0,0.0,0.0,0.0,0.0
1999_19_MIN_STL,1999,19,STL,MIN,14,7,7,0.0,0.0,0.0,1.0,0.0,1.0,0.0,1.0,0.0,0.0,1.0,,,70.0,0.0,0.0,0.0,0.0,0.0,0.0,0.0
1999_20_TEN_JAX,1999,20,JAX,TEN,8,7,1,0.0,0.0,0.0,0.0,0.0,0.0,1.0,0.0,1.0,1.0,0.0,68.0,12.0,68.0,12.0,0.0,0.0,0.0,0.0,0.0,2.0
1999_20_TB_STL,1999,20,STL,TB,7,8,-1,0.0,0.0,0.0,0.0,0.0,0.0,0.0,1.0,0.0,0.0,1.0,,,70.0,0.0,0.0,0.0,0.0,0.0,0.0,0.0
1999_21_STL_TEN,1999,21,TEN,STL,7,7,0,0.0,0.0,0.0,0.0,0.0,0.0,0.0,1.0,0.0,0.0,1.0,,,70.0,0.0,0.0,0.0,0.0,0.0,0.0,0.0
2000_01_SF_ATL,2000,1,ATL,SF,7,7,0,0.0,0.0,0.0,0.0,0.0,0.0,1.0,1.0,0.0,0.0,1.0,,,70.0,0.0,0.0,0.0,0.0,0.0,0.0,0.0
2000_01_JAX_CLE,2000,1,CLE,JAX,7,7,0,0.0,0.0,0.0,0.0,0.0,0.0,1.0,0.0,1.0,1.0,0.0,78.0,6.0,78.0,6.0,0.0,0.0,0.0,0.0,0.0,0.0
2000_01_IND_KC,2000,1,KC,IND,7,7,0,0.0,0.0,0.0,0.0,0.0,0.0,0.0,0.0,1.0,1.0,0.0,90.0,5.0,90.0,5.0,0.0,0.0,0.0,0.0,0.0,0.0
2000_01_CHI_MIN,2000,1,MIN,CHI,7,7,0,0.0,0.0,0.0,0.0,0.0,0.0,1.0,1.0,0.0,0.0,1.0,,,70.0,0.0,0.0,0.0,0.0,0.0,0.0,0.0
2000_01_TB_NE,2000,1,NE,TB,7,7,0,0.0,0.0,0.0,0.0,0.0,0.0,0.0,0.0,1.0,1.0,0.0,71.0,5.0,71.0,5.0,0.0,0.0,0.0,0.0,0.0,0.0
2000_01_DET_NO,2000,1,NO,DET,7,7,0,0.0,0.0,0.0,0.0,0.0,0.0,0.0,1.0,0.0,0.0,1.0,,,70.0,0.0,0.0,0.0,0.0,0.0,0.0,0.0
2000_01_ARI_NYG,2000,1,NYG,ARI,7,7,0,0.0,0.0,0.0,0.0,0.0,0.0,1.0,0.0,1.0,1.0,0.0,80.0,3.0,80.0,3.0,0.0,0.0,0.0,0.0,0.0,0.0
2000_01_BAL_PIT,2000,1,PIT,BAL,7,7,0,0.0,0.0,0.0,0.0,0.0,0.0,1.0,0.0,1.0,0.0,1.0,74.0,8.0,74.0,8.0,0.0,0.0,0.0,0.0,0.0,0.0
2000_01_CAR_WAS,2000,1,WAS,CAR,7,7,0,0.0,0.0,0.0,0.0,0.0,0.0,0.0,0.0,1.0,1.0,0.0,80.0,0.0,80.0,0.0,0.0,0.0,0.0,0.0,0.0,0.0
2000_01_PHI_DAL,2000,1,DAL,PHI,7,7,0,0.0,0.0,0.0,0.0,0.0,0.0,1.0,0.0,1.0,0.0,1.0,109.0,5.0,109.0,5.0,0.0,0.0,0.0,0.0,0.0,0.0
2000_01_NYJ_GB,2000,1,GB,NYJ,7,7,0,0.0,0.0,0.0,0.0,0.0,0.0,0.0,0.0,1.0,1.0,0.0,77.0,5.0,77.0,5.0,0.0,0.0,0.0,0.0,0.0,0.0
2000_01_SEA_MIA,2000,1,MIA,SEA,7,7,0,0.0,0.0,0.0,0.0,0.0,0.0,0.0,0.0,1.0,1.0,0.0,89.0,13.0,89.0,13.0,0.0,0.0,0.0,0.0,0.0,3.0
2000_01_SD_OAK,2000,1,OAK,SD,7,7,0,0.0,0.0,0.0,0.0,0.0,0.0,1.0,0.0,1.0,1.0,0.0,64.0,10.0,64.0,10.0,0.0,0.0,0.0,0.0,0.0,0.0
2000_01_TEN_BUF,2000,1,BUF,TEN,7,7,0,0.0,0.0,0.0,0.0,0.0,0.0,0.0,0.0,1.0,0.0,1.0,73.0,10.0,73.0,10.0,0.0,0.0,0.0,0.0,0.0,0.0
2000_01_DEN_STL,2000,1,STL,DEN,7,7,0,0.0,0.0,0.0,0.0,0.0,0.0,0.0,1.0,0.0,0.0,1.0,,,70.0,0.0,0.0,0.0,0.0,0.0,0.0,0.0
2000_02_OAK_IND,2000,2,IND,OAK,7,7,0,0.0,0.0,0.0,0.0,0.0,0.0,0.0,1.0,0.0,0.0,1.0,,,70.0,0.0,0.0,0.0,0.0,0.0,0.0,0.0
2000_02_JAX_BAL,2000,2,BAL,JAX,7,7,0,0.0,0.0,0.0,0.0,0.0,0.0,1.0,0.0,1.0,1.0,0.0,82.0,5.0,82.0,5.0,0.0,0.0,0.0,0.0,0.0,0.0
2000_02_GB_BUF,2000,2,BUF,GB,7,7,0,0.0,0.0,0.0,0.0,0.0,0.0,0.0,0.0,1.0,0.0,1.0,81.0,8.0,81.0,8.0,0.0,0.0,0.0,0.0,0.0,0.0
2000_02_CLE_CIN,2000,2,CIN,CLE,14,7,7,0.0,0.0,0.0,1.0,0.0,1.0,1.0,0.0,1.0,1.0,0.0,74.0,5.0,74.0,5.0,0.0,0.0,0.0,0.0,0.0,0.0
2000_02_MIA_MIN,2000,2,MIN,MIA,7,7,0,0.0,0.0,0.0,0.0,0.0,0.0,0.0,1.0,0.0,0.0,1.0,,,70.0,0.0,0.0,0.0,0.0,0.0,0.0,0.0
2000_02_NYG_PHI,2000,2,PHI,NYG,7,7,0,0.0,0.0,0.0,0.0,0.0,0.0,1.0,0.0,1.0,0.0,1.0,77.0,6.0,77.0,6.0,0.0,0.0,0.0,0.0,0.0,0.0
2000_02_CHI_TB,2000,2,TB,CHI,7,7,0,0.0,0.0,0.0,0.0,0.0,0.0,1.0,0.0,1.0,1.0,0.0,89.0,10.0,89.0,10.0,0.0,0.0,0.0,0.0,0.0,0.0
2000_02_KC_TEN,2000,2,TEN,KC,7,7,0,0.0,0.0,0.0,0.0,0.0,0.0,0.0,0.0,1.0,1.0,0.0,80.0,13.0,80.0,13.0,0.0,0.0,0.0,0.0,0.0,3.0
2000_02_ATL_DEN,2000,2,DEN,ATL,6,7,-1,1.0,0.0,-1.0,0.0,0.0,0.0,0.0,0.0,1.0,1.0,0.0,84.0,10.0,84.0,10.0,0.0,0.0,0.0,0.0,0.0,0.0
2000_02_WAS_DET,2000,2,DET,WAS,7,7,0,0.0,0.0,0.0,0.0,0.0,0.0,0.0,1.0,0.0,0.0,1.0,,,70.0,0.0,0.0,0.0,0.0,0.0,0.0,0.0
2000_02_NO_SD,2000,2,SD,NO,7,7,0,0.0,0.0,0.0,0.0,0.0,0.0,0.0,0.0,1.0,1.0,0.0,76.0,8.0,76.0,8.0,0.0,0.0,0.0,0.0,0.0,0.0
2000_02_STL_SEA,2000,2,SEA,STL,7,6,1,0.0,1.0,1.0,0.0,0.0,0.0,0.0,0.0,1.0,0.0,1.0,55.0,3.0,55.0,3.0,0.0,0.0,0.0,0.0,0.0,0.0
2000_02_CAR_SF,2000,2,SF,CAR,7,7,0,0.0,0.0,0.0,0.0,0.0,0.0,1.0,0.0,1.0,1.0,0.0,63.0,6.0,63.0,6.0,0.0,0.0,0.0,0.0,0.0,0.0
2000_02_DAL_ARI,2000,2,ARI,DAL,7,7,0,0.0,0.0,0.0,0.0,0.0,0.0,1.0,0.0,1.0,1.0,0.0,100.0,7.0,100.0,7.0,0.0,0.0,0.0,0.0,0.0,0.0
2000_02_NE_NYJ,2000,2,NYJ,NE,8,8,0,0.0,0.0,0.0,0.0,0.0,0.0,1.0,0.0,1.0,1.0,0.0,72.0,5.0,72.0,5.0,0.0,0.0,0.0,0.0,0.0,0.0
2000_03_ATL_CAR,2000,3,CAR,ATL,7,7,0,0.0,0.0,0.0,0.0,0.0,0.0,1.0,0.0,1.0,1.0,0.0,63.0,3.0,63.0,3.0,0.0,0.0,0.0,0.0,0.0,0.0
2000_03_PIT_CLE,2000,3,CLE,PIT,7,14,-7,0.0,0.0,0.0,0.0,1.0,-1.0,1.0,0.0,1.0,1.0,0.0,67.0,12.0,67.0,12.0,0.0,0.0,0.0,0.0,0.0,2.0
2000_03_TB_DET,2000,3,DET,TB,7,7,0,0.0,0.0,0.0,0.0,0.0,0.0,1.0,1.0,0.0,0.0,1.0,,,70.0,0.0,0.0,0.0,0.0,0.0,0.0,0.0
2000_03_PHI_GB,2000,3,GB,PHI,7,7,0,0.0,0.0,0.0,0.0,0.0,0.0,0.0,0.0,1.0,1.0,0.0,67.0,9.0,67.0,9.0,0.0,0.0,0.0,0.0,0.0,0.0
2000_03_CIN_JAX,2000,3,JAX,CIN,7,7,0,0.0,0.0,0.0,0.0,0.0,0.0,1.0,0.0,1.0,1.0,0.0,71.0,5.0,71.0,5.0,0.0,0.0,0.0,0.0,0.0,0.0
2000_03_SD_KC,2000,3,KC,SD,7,7,0,0.0,0.0,0.0,0.0,0.0,0.0,1.0,0.0,1.0,1.0,0.0,88.0,0.0,88.0,0.0,0.0,0.0,0.0,0.0,0.0,0.0
2000_03_BUF_NYJ,2000,3,NYJ,BUF,6,7,-1,1.0,0.0,-1.0,0.0,0.0,0.0,1.0,0.0,1.0,1.0,0.0,68.0,12.0,68.0,12.0,0.0,0.0,0.0,0.0,0.0,2.0
2000_03_SF_STL,2000,3,STL,SF,7,7,0,0.0,0.0,0.0,0.0,0.0,0.0,1.0,1.0,0.0,0.0,1.0,,,70.0,0.0,0.0,0.0,0.0,0.0,0.0,0.0
2000_03_DEN_OAK,2000,3,OAK,DEN,7,7,0,0.0,0.0,0.0,0.0,0.0,0.0,1.0,0.0,1.0,1.0,0.0,79.0,9.0,79.0,9.0,0.0,0.0,0.0,0.0,0.0,0.0
2000_03_NYG_CHI,2000,3,CHI,NYG,7,7,0,0.0,0.0,0.0,0.0,0.0,0.0,0.0,0.0,1.0,1.0,0.0,79.0,8.0,79.0,8.0,0.0,0.0,0.0,0.0,0.0,0.0
2000_03_MIN_NE,2000,3,NE,MIN,6,7,-1,1.0,0.0,-1.0,0.0,0.0,0.0,0.0,0.0,1.0,1.0,0.0,70.0,15.0,70.0,15.0,0.0,0.0,1.0,0.0,0.0,5.0
2000_03_NO_SEA,2000,3,SEA,NO,7,7,0,0.0,0.0,0.0,0.0,0.0,0.0,0.0,0.0,1.0,0.0,1.0,68.0,3.0,68.0,3.0,0.0,0.0,0.0,0.0,0.0,0.0
2000_03_BAL_MIA,2000,3,MIA,BAL,7,7,0,0.0,0.0,0.0,0.0,0.0,0.0,0.0,0.0,1.0,1.0,0.0,80.0,10.0,80.0,10.0,0.0,0.0,0.0,0.0,0.0,0.0
2000_03_DAL_WAS,2000,3,WAS,DAL,8,8,0,0.0,0.0,0.0,0.0,0.0,0.0,1.0,0.0,1.0,1.0,0.0,66.0,8.0,66.0,8.0,0.0,0.0,0.0,0.0,0.0,0.0
2000_04_STL_ATL,2000,4,ATL,STL,7,7,0,0.0,0.0,0.0,0.0,0.0,0.0,1.0,1.0,0.0,0.0,1.0,,,70.0,0.0,0.0,0.0,0.0,0.0,0.0,0.0
2000_04_CIN_BAL,2000,4,BAL,CIN,7,7,0,0.0,0.0,0.0,0.0,0.0,0.0,1.0,0.0,1.0,1.0,0.0,70.0,5.0,70.0,5.0,0.0,0.0,0.0,0.0,0.0,0.0
2000_04_DET_CHI,2000,4,CHI,DET,7,7,0,0.0,0.0,0.0,0.0,0.0,0.0,1.0,0.0,1.0,1.0,0.0,58.0,12.0,58.0,12.0,0.0,0.0,0.0,0.0,0.0,2.0
2000_04_SF_DAL,2000,4,DAL,SF,6,7,-1,1.0,0.0,-1.0,0.0,0.0,0.0,0.0,0.0,1.0,0.0,1.0,64.0,20.0,64.0,20.0,0.0,0.0,1.0,1.0,0.0,10.0
2000_04_NE_MIA,2000,4,MIA,NE,7,7,0,0.0,0.0,0.0,0.0,0.0,0.0,1.0,0.0,1.0,1.0,0.0,88.0,12.0,88.0,12.0,0.0,0.0,0.0,0.0,0.0,2.0
2000_04_PHI_NO,2000,4,NO,PHI,7,7,0,0.0,0.0,0.0,0.0,0.0,0.0,0.0,1.0,0.0,0.0,1.0,,,70.0,0.0,0.0,0.0,0.0,0.0,0.0,0.0
2000_04_TEN_PIT,2000,4,PIT,TEN,7,14,-7,0.0,0.0,0.0,0.0,1.0,-1.0,1.0,0.0,1.0,0.0,1.0,61.0,16.0,61.0,16.0,0.0,0.0,1.0,0.0,0.0,6.0
2000_04_GB_ARI,2000,4,ARI,GB,14,7,7,0.0,0.0,0.0,1.0,0.0,1.0,0.0,0.0,1.0,1.0,0.0,87.0,6.0,87.0,6.0,0.0,0.0,0.0,0.0,0.0,0.0
2000_04_KC_DEN,2000,4,DEN,KC,7,7,0,0.0,0.0,0.0,0.0,0.0,0.0,1.0,0.0,1.0,1.0,0.0,36.0,8.0,36.0,8.0,1.0,0.0,0.0,0.0,14.0,0.0
2000_04_CLE_OAK,2000,4,OAK,CLE,7,7,0,0.0,0.0,0.0,0.0,0.0,0.0,0.0,0.0,1.0,1.0,0.0,76.0,5.0,76.0,5.0,0.0,0.0,0.0,0.0,0.0,0.0
2000_04_SEA_SD,2000,4,SD,SEA,7,7,0,0.0,0.0,0.0,0.0,0.0,0.0,1.0,0.0,1.0,1.0,0.0,72.0,9.0,72.0,9.0,0.0,0.0,0.0,0.0,0.0,0.0
2000_04_NYJ_TB,2000,4,TB,NYJ,7,7,0,0.0,0.0,0.0,0.0,0.0,0.0,0.0,0.0,1.0,1.0,0.0,82.0,9.0,82.0,9.0,0.0,0.0,0.0,0.0,0.0,0.0
2000_04_WAS_NYG,2000,4,NYG,WAS,7,6,1,0.0,1.0,1.0,0.0,0.0,0.0,1.0,0.0,1.0,1.0,0.0,64.0,9.0,64.0,9.0,0.0,0.0,0.0,0.0,0.0,0.0
2000_04_JAX_IND,2000,4,IND,JAX,15,8,7,0.0,0.0,0.0,1.0,0.0,1.0,0.0,1.0,0.0,0.0,1.0,,,70.0,0.0,0.0,0.0,0.0,0.0,0.0,0.0
2000_05_IND_BUF,2000,5,BUF,IND,14,6,8,0.0,1.0,1.0,1.0,0.0,1.0,1.0,0.0,1.0,0.0,1.0,70.0,10.0,70.0,10.0,0.0,0.0,0.0,0.0,0.0,0.0
2000_05_DAL_CAR,2000,5,CAR,DAL,14,7,7,0.0,0.0,0.0,1.0,0.0,1.0,0.0,0.0,1.0,1.0,0.0,71.0,14.0,71.0,14.0,0.0,0.0,0.0,0.0,0.0,4.0
2000_05_BAL_CLE,2000,5,CLE,BAL,7,7,0,0.0,0.0,0.0,0.0,0.0,0.0,1.0,0.0,1.0,1.0,0.0,70.0,8.0,70.0,8.0,0.0,0.0,0.0,0.0,0.0,0.0
2000_05_MIN_DET,2000,5,DET,MIN,7,14,-7,0.0,0.0,0.0,0.0,1.0,-1.0,1.0,1.0,0.0,0.0,1.0,,,70.0,0.0,0.0,0.0,0.0,0.0,0.0,0.0
2000_05_PIT_JAX,2000,5,JAX,PIT,6,7,-1,1.0,0.0,-1.0,0.0,0.0,0.0,1.0,0.0,1.0,1.0,0.0,76.0,14.0,76.0,14.0,0.0,0.0,0.0,0.0,0.0,4.0
2000_05_SD_STL,2000,5,STL,SD,7,7,0,0.0,0.0,0.0,0.0,0.0,0.0,0.0,1.0,0.0,0.0,1.0,,,70.0,0.0,0.0,0.0,0.0,0.0,0.0,0.0
2000_05_NYG_TEN,2000,5,TEN,NYG,7,7,0,0.0,0.0,0.0,0.0,0.0,0.0,0.0,0.0,1.0,1.0,0.0,72.0,5.0,72.0,5.0,0.0,0.0,0.0,0.0,0.0,0.0
2000_05_MIA_CIN,2000,5,CIN,MIA,7,7,0,0.0,0.0,0.0,0.0,0.0,0.0,0.0,0.0,1.0,1.0,0.0,76.0,6.0,76.0,6.0,0.0,0.0,0.0,0.0,0.0,0.0
2000_05_NE_DEN,2000,5,DEN,NE,7,7,0,0.0,0.0,0.0,0.0,0.0,0.0,0.0,0.0,1.0,1.0,0.0,80.0,6.0,80.0,6.0,0.0,0.0,0.0,0.0,0.0,0.0
2000_05_CHI_GB,2000,5,GB,CHI,7,7,0,0.0,0.0,0.0,0.0,0.0,0.0,1.0,0.0,1.0,1.0,0.0,72.0,12.0,72.0,12.0,0.0,0.0,0.0,0.0,0.0,2.0
2000_05_ARI_SF,2000,5,SF,ARI,7,7,0,0.0,0.0,0.0,0.0,0.0,0.0,0.0,0.0,1.0,1.0,0.0,72.0,10.0,72.0,10.0,0.0,0.0,0.0,0.0,0.0,0.0
2000_05_TB_WAS,2000,5,WAS,TB,7,7,0,0.0,0.0,0.0,0.0,0.0,0.0,0.0,0.0,1.0,1.0,0.0,68.0,6.0,68.0,6.0,0.0,0.0,0.0,0.0,0.0,0.0
2000_05_ATL_PHI,2000,5,PHI,ATL,7,7,0,0.0,0.0,0.0,0.0,0.0,0.0,0.0,0.0,1.0,0.0,1.0,68.0,8.0,68.0,8.0,0.0,0.0,0.0,0.0,0.0,0.0
2000_05_SEA_KC,2000,5,KC,SEA,8,8,0,0.0,0.0,0.0,0.0,0.0,0.0,1.0,0.0,1.0,1.0,0.0,74.0,8.0,74.0,8.0,0.0,0.0,0.0,0.0,0.0,0.0
2000_06_NO_CHI,2000,6,CHI,NO,7,14,-7,0.0,0.0,0.0,0.0,1.0,-1.0,0.0,0.0,1.0,1.0,0.0,47.0,16.0,47.0,16.0,0.0,0.0,1.0,0.0,3.0,6.0
2000_06_TEN_CIN,2000,6,CIN,TEN,7,7,0,0.0,0.0,0.0,0.0,0.0,0.0,1.0,0.0,1.0,1.0,0.0,44.0,10.0,44.0,10.0,0.0,0.0,0.0,0.0,6.0,0.0
2000_06_GB_DET,2000,6,DET,GB,7,7,0,0.0,0.0,0.0,0.0,0.0,0.0,1.0,1.0,0.0,0.0,1.0,,,70.0,0.0,0.0,0.0,0.0,0.0,0.0,0.0
2000_06_BUF_MIA,2000,6,MIA,BUF,7,7,0,0.0,0.0,0.0,0.0,0.0,0.0,1.0,0.0,1.0,1.0,0.0,,,,,0.0,0.0,0.0,0.0,0.0,0.0
2000_06_IND_NE,2000,6,NE,IND,7,7,0,0.0,0.0,0.0,0.0,0.0,0.0,1.0,0.0,1.0,1.0,0.0,55.0,20.0,55.0,20.0,0.0,0.0,1.0,1.0,0.0,10.0
2000_06_PIT_NYJ,2000,6,NYJ,PIT,14,7,7,0.0,0.0,0.0,1.0,0.0,1.0,0.0,0.0,1.0,1.0,0.0,54.0,10.0,54.0,10.0,0.0,0.0,0.0,0.0,0.0,0.0
2000_06_WAS_PHI,2000,6,PHI,WAS,7,7,0,0.0,0.0,0.0,0.0,0.0,0.0,1.0,0.0,1.0,0.0,1.0,49.0,10.0,49.0,10.0,0.0,0.0,0.0,0.0,1.0,0.0
2000_06_CLE_ARI,2000,6,ARI,CLE,7,7,0,0.0,0.0,0.0,0.0,0.0,0.0,0.0,0.0,1.0,1.0,0.0,87.0,15.0,87.0,15.0,0.0,0.0,1.0,0.0,0.0,5.0
2000_06_NYG_ATL,2000,6,ATL,NYG,7,7,0,0.0,0.0,0.0,0.0,0.0,0.0,0.0,1.0,0.0,0.0,1.0,,,70.0,0.0,0.0,0.0,0.0,0.0,0.0,0.0
2000_06_SEA_CAR,2000,6,CAR,SEA,7,6,1,0.0,1.0,1.0,0.0,0.0,0.0,0.0,0.0,1.0,1.0,0.0,50.0,8.0,50.0,8.0,0.0,0.0,0.0,0.0,0.0,0.0
2000_06_DEN_SD,2000,6,SD,DEN,7,7,0,0.0,0.0,0.0,0.0,0.0,0.0,1.0,0.0,1.0,1.0,0.0,68.0,7.0,68.0,7.0,0.0,0.0,0.0,0.0,0.0,0.0
2000_06_OAK_SF,2000,6,SF,OAK,7,14,-7,0.0,0.0,0.0,0.0,1.0,-1.0,0.0,0.0,1.0,1.0,0.0,66.0,10.0,66.0,10.0,0.0,0.0,0.0,0.0,0.0,0.0
2000_06_BAL_JAX,2000,6,JAX,BAL,7,7,0,0.0,0.0,0.0,0.0,0.0,0.0,1.0,0.0,1.0,1.0,0.0,62.0,11.0,62.0,11.0,0.0,0.0,0.0,0.0,0.0,1.0
2000_06_TB_MIN,2000,6,MIN,TB,8,8,0,0.0,0.0,0.0,0.0,0.0,0.0,1.0,1.0,0.0,0.0,1.0,,,70.0,0.0,0.0,0.0,0.0,0.0,0.0,0.0
2000_07_SD_BUF,2000,7,BUF,SD,7,7,0,0.0,0.0,0.0,0.0,0.0,0.0,0.0,0.0,1.0,0.0,1.0,63.0,7.0,63.0,7.0,0.0,0.0,0.0,0.0,0.0,0.0
2000_07_OAK_KC,2000,7,KC,OAK,13,7,6,0.0,0.0,0.0,1.0,0.0,1.0,1.0,0.0,1.0,1.0,0.0,62.0,8.0,62.0,8.0,0.0,0.0,0.0,0.0,0.0,0.0
2000_07_CAR_NO,2000,7,NO,CAR,7,7,0,0.0,0.0,0.0,0.0,0.0,0.0,1.0,1.0,0.0,0.0,1.0,,,70.0,0.0,0.0,0.0,0.0,0.0,0.0,0.0
2000_07_DAL_NYG,2000,7,NYG,DAL,7,14,-7,0.0,0.0,0.0,0.0,1.0,-1.0,1.0,0.0,1.0,1.0,0.0,75.0,7.0,75.0,7.0,0.0,0.0,0.0,0.0,0.0,0.0
2000_07_CIN_PIT,2000,7,PIT,CIN,7,7,0,0.0,0.0,0.0,0.0,0.0,0.0,1.0,0.0,1.0,0.0,1.0,61.0,0.0,61.0,0.0,0.0,0.0,0.0,0.0,0.0,0.0
2000_07_ATL_STL,2000,7,STL,ATL,14,7,7,0.0,0.0,0.0,1.0,0.0,1.0,1.0,1.0,0.0,0.0,1.0,,,70.0,0.0,0.0,0.0,0.0,0.0,0.0,0.0
2000_07_BAL_WAS,2000,7,WAS,BAL,7,7,0,0.0,0.0,0.0,0.0,0.0,0.0,0.0,0.0,1.0,1.0,0.0,75.0,0.0,75.0,0.0,0.0,0.0,0.0,0.0,0.0,0.0
2000_07_PHI_ARI,2000,7,ARI,PHI,7,7,0,0.0,0.0,0.0,0.0,0.0,0.0,1.0,0.0,1.0,1.0,0.0,80.0,3.0,80.0,3.0,0.0,0.0,0.0,0.0,0.0,0.0
2000_07_CLE_DEN,2000,7,DEN,CLE,7,7,0,0.0,0.0,0.0,0.0,0.0,0.0,0.0,0.0,1.0,1.0,0.0,59.0,7.0,59.0,7.0,0.0,0.0,0.0,0.0,0.0,0.0
2000_07_NYJ_NE,2000,7,NE,NYJ,7,7,0,0.0,0.0,0.0,0.0,0.0,0.0,1.0,0.0,1.0,1.0,0.0,76.0,10.0,76.0,10.0,0.0,0.0,0.0,0.0,0.0,0.0
2000_07_IND_SEA,2000,7,SEA,IND,7,7,0,0.0,0.0,0.0,0.0,0.0,0.0,0.0,0.0,1.0,0.0,1.0,45.0,10.0,45.0,10.0,0.0,0.0,0.0,0.0,5.0,0.0
2000_07_SF_GB,2000,7,GB,SF,7,7,0,0.0,0.0,0.0,0.0,0.0,0.0,0.0,0.0,1.0,1.0,0.0,54.0,4.0,54.0,4.0,0.0,0.0,0.0,0.0,0.0,0.0
2000_07_MIN_CHI,2000,7,CHI,MIN,7,6,1,0.0,1.0,1.0,0.0,0.0,0.0,1.0,0.0,1.0,1.0,0.0,56.0,7.0,56.0,7.0,0.0,0.0,0.0,0.0,0.0,0.0
2000_07_JAX_TEN,2000,7,TEN,JAX,8,8,0,0.0,0.0,0.0,0.0,0.0,0.0,1.0,0.0,1.0,1.0,0.0,74.0,6.0,74.0,6.0,0.0,0.0,0.0,0.0,0.0,0.0
2000_08_DET_TB,2000,8,TB,DET,10,11,-1,0.0,0.0,0.0,1.0,1.0,0.0,1.0,0.0,1.0,1.0,0.0,76.0,5.0,76.0,5.0,0.0,0.0,0.0,0.0,0.0,0.0
2000_08_NE_IND,2000,8,IND,NE,7,7,0,0.0,0.0,0.0,0.0,0.0,0.0,1.0,1.0,0.0,0.0,1.0,,,70.0,0.0,0.0,0.0,0.0,0.0,0.0,0.0
2000_08_NO_ATL,2000,8,ATL,NO,7,7,0,0.0,0.0,0.0,0.0,0.0,0.0,1.0,1.0,0.0,0.0,1.0,,,70.0,0.0,0.0,0.0,0.0,0.0,0.0,0.0
2000_08_TEN_BAL,2000,8,BAL,TEN,7,6,1,0.0,1.0,1.0,0.0,0.0,0.0,1.0,0.0,1.0,1.0,0.0,64.0,10.0,64.0,10.0,0.0,0.0,0.0,0.0,0.0,0.0
2000_08_SF_CAR,2000,8,CAR,SF,7,7,0,0.0,0.0,0.0,0.0,0.0,0.0,1.0,0.0,1.0,1.0,0.0,76.0,7.0,76.0,7.0,0.0,0.0,0.0,0.0,0.0,0.0
2000_08_DEN_CIN,2000,8,CIN,DEN,7,7,0,0.0,0.0,0.0,0.0,0.0,0.0,0.0,0.0,1.0,1.0,0.0,73.0,2.0,73.0,2.0,0.0,0.0,0.0,0.0,0.0,0.0
2000_08_ARI_DAL,2000,8,DAL,ARI,7,7,0,0.0,0.0,0.0,0.0,0.0,0.0,1.0,0.0,1.0,0.0,1.0,70.0,10.0,70.0,10.0,0.0,0.0,0.0,0.0,0.0,0.0
2000_08_STL_KC,2000,8,KC,STL,7,7,0,0.0,0.0,0.0,0.0,0.0,0.0,0.0,0.0,1.0,1.0,0.0,64.0,14.0,64.0,14.0,0.0,0.0,0.0,0.0,0.0,4.0
2000_08_BUF_MIN,2000,8,MIN,BUF,7,7,0,0.0,0.0,0.0,0.0,0.0,0.0,0.0,1.0,0.0,0.0,1.0,,,70.0,0.0,0.0,0.0,0.0,0.0,0.0,0.0
2000_08_CHI_PHI,2000,8,PHI,CHI,7,7,0,0.0,0.0,0.0,0.0,0.0,0.0,0.0,0.0,1.0,0.0,1.0,59.0,10.0,59.0,10.0,0.0,0.0,0.0,0.0,0.0,0.0
2000_08_SEA_OAK,2000,8,OAK,SEA,7,7,0,0.0,0.0,0.0,0.0,0.0,0.0,1.0,0.0,1.0,1.0,0.0,70.0,31.0,70.0,31.0,0.0,0.0,1.0,1.0,0.0,21.0
2000_08_CLE_PIT,2000,8,PIT,CLE,7,7,0,0.0,0.0,0.0,0.0,0.0,0.0,1.0,0.0,1.0,0.0,1.0,75.0,0.0,75.0,0.0,0.0,0.0,0.0,0.0,0.0,0.0
2000_08_WAS_JAX,2000,8,JAX,WAS,6,7,-1,1.0,0.0,-1.0,0.0,0.0,0.0,0.0,0.0,1.0,1.0,0.0,79.0,15.0,79.0,15.0,0.0,0.0,1.0,0.0,0.0,5.0
2000_08_MIA_NYJ,2000,8,NYJ,MIA,8,15,-7,0.0,0.0,0.0,0.0,1.0,-1.0,1.0,0.0,1.0,1.0,0.0,51.0,3.0,51.0,3.0,0.0,0.0,0.0,0.0,0.0,0.0
2000_09_CAR_ATL,2000,9,ATL,CAR,7,7,0,0.0,0.0,0.0,0.0,0.0,0.0,1.0,1.0,0.0,0.0,1.0,,,70.0,0.0,0.0,0.0,0.0,0.0,0.0,0.0
2000_09_PIT_BAL,2000,9,BAL,PIT,7,7,0,0.0,0.0,0.0,0.0,0.0,0.0,1.0,0.0,1.0,1.0,0.0,53.0,15.0,53.0,15.0,0.0,0.0,1.0,0.0,0.0,5.0
2000_09_NYJ_BUF,2000,9,BUF,NYJ,7,6,1,0.0,1.0,1.0,0.0,0.0,0.0,1.0,0.0,1.0,0.0,1.0,46.0,6.0,46.0,6.0,0.0,0.0,0.0,0.0,4.0,0.0
2000_09_CIN_CLE,2000,9,CLE,CIN,7,7,0,0.0,0.0,0.0,0.0,0.0,0.0,1.0,0.0,1.0,1.0,0.0,50.0,5.0,50.0,5.0,0.0,0.0,0.0,0.0,0.0,0.0
2000_09_DET_IND,2000,9,IND,DET,7,10,-3,0.0,0.0,0.0,0.0,1.0,-1.0,0.0,1.0,0.0,0.0,1.0,,,70.0,0.0,0.0,0.0,0.0,0.0,0.0,0.0
2000_09_GB_MIA,2000,9,MIA,GB,6,14,-8,1.0,0.0,-1.0,0.0,1.0,-1.0,0.0,0.0,1.0,1.0,0.0,81.0,13.0,81.0,13.0,0.0,0.0,0.0,0.0,0.0,3.0
2000_09_MIN_TB,2000,9,TB,MIN,10,7,3,0.0,0.0,0.0,1.0,0.0,1.0,1.0,0.0,1.0,1.0,0.0,82.0,7.0,82.0,7.0,0.0,0.0,0.0,0.0,0.0,0.0
2000_09_NO_ARI,2000,9,ARI,NO,7,7,0,0.0,0.0,0.0,0.0,0.0,0.0,0.0,0.0,1.0,1.0,0.0,70.0,9.0,70.0,9.0,0.0,0.0,0.0,0.0,0.0,0.0
2000_09_PHI_NYG,2000,9,NYG,PHI,14,7,7,0.0,0.0,0.0,1.0,0.0,1.0,1.0,0.0,1.0,1.0,0.0,45.0,18.0,45.0,18.0,0.0,0.0,1.0,0.0,5.0,8.0
2000_09_STL_SF,2000,9,SF,STL,7,7,0,0.0,0.0,0.0,0.0,0.0,0.0,1.0,0.0,1.0,1.0,0.0,60.0,13.0,60.0,13.0,0.0,0.0,0.0,0.0,0.0,3.0
2000_09_JAX_DAL,2000,9,DAL,JAX,7,7,0,0.0,0.0,0.0,0.0,0.0,0.0,0.0,0.0,1.0,0.0,1.0,72.0,10.0,72.0,10.0,0.0,0.0,0.0,0.0,0.0,0.0
2000_09_KC_SEA,2000,9,SEA,KC,7,7,0,0.0,0.0,0.0,0.0,0.0,0.0,1.0,0.0,1.0,0.0,1.0,52.0,5.0,52.0,5.0,0.0,0.0,0.0,0.0,0.0,0.0
2000_09_OAK_SD,2000,9,SD,OAK,14,7,7,0.0,0.0,0.0,1.0,0.0,1.0,1.0,0.0,1.0,1.0,0.0,63.0,8.0,63.0,8.0,0.0,0.0,0.0,0.0,0.0,0.0
2000_09_TEN_WAS,2000,9,WAS,TEN,8,8,0,0.0,0.0,0.0,0.0,0.0,0.0,0.0,0.0,1.0,1.0,0.0,54.0,9.0,54.0,9.0,0.0,0.0,0.0,0.0,0.0,0.0
2000_10_TB_ATL,2000,10,ATL,TB,7,7,0,0.0,0.0,0.0,0.0,0.0,0.0,0.0,1.0,0.0,0.0,1.0,,,70.0,0.0,0.0,0.0,0.0,0.0,0.0,0.0
2000_10_IND_CHI,2000,10,CHI,IND,14,7,7,0.0,0.0,0.0,1.0,0.0,1.0,0.0,0.0,1.0,1.0,0.0,57.0,12.0,57.0,12.0,0.0,0.0,0.0,0.0,0.0,2.0
2000_10_BAL_CIN,2000,10,CIN,BAL,7,7,0,0.0,0.0,0.0,0.0,0.0,0.0,1.0,0.0,1.0,1.0,0.0,57.0,5.0,57.0,5.0,0.0,0.0,0.0,0.0,0.0,0.0
2000_10_NYG_CLE,2000,10,CLE,NYG,7,7,0,0.0,0.0,0.0,0.0,0.0,0.0,0.0,0.0,1.0,1.0,0.0,49.0,6.0,49.0,6.0,0.0,0.0,0.0,0.0,1.0,0.0
2000_10_MIA_DET,2000,10,DET,MIA,7,7,0,0.0,0.0,0.0,0.0,0.0,0.0,0.0,1.0,0.0,0.0,1.0,,,70.0,0.0,0.0,0.0,0.0,0.0,0.0,0.0
2000_10_BUF_NE,2000,10,NE,BUF,14,7,7,0.0,0.0,0.0,1.0,0.0,1.0,1.0,0.0,1.0,1.0,0.0,46.0,20.0,46.0,20.0,0.0,0.0,1.0,1.0,4.0,10.0
2000_10_SF_NO,2000,10,NO,SF,7,7,0,0.0,0.0,0.0,0.0,0.0,0.0,1.0,1.0,0.0,0.0,1.0,,,70.0,0.0,0.0,0.0,0.0,0.0,0.0,0.0
2000_10_DAL_PHI,2000,10,PHI,DAL,7,7,0,0.0,0.0,0.0,0.0,0.0,0.0,1.0,0.0,1.0,0.0,1.0,52.0,18.0,52.0,18.0,0.0,0.0,1.0,0.0,0.0,8.0
2000_10_PIT_TEN,2000,10,TEN,PIT,6,7,-1,1.0,0.0,-1.0,0.0,0.0,0.0,1.0,0.0,1.0,1.0,0.0,56.0,9.0,56.0,9.0,0.0,0.0,0.0,0.0,0.0,0.0
2000_10_WAS_ARI,2000,10,ARI,WAS,7,6,1,0.0,1.0,1.0,0.0,0.0,0.0,1.0,0.0,1.0,1.0,0.0,65.0,8.0,65.0,8.0,0.0,0.0,0.0,0.0,0.0,0.0
2000_10_DEN_NYJ,2000,10,NYJ,DEN,7,14,-7,0.0,0.0,0.0,0.0,1.0,-1.0,0.0,0.0,1.0,1.0,0.0,51.0,20.0,51.0,20.0,0.0,0.0,1.0,1.0,0.0,10.0
2000_10_KC_OAK,2000,10,OAK,KC,7,7,0,0.0,0.0,0.0,0.0,0.0,0.0,1.0,0.0,1.0,1.0,0.0,66.0,7.0,66.0,7.0,0.0,0.0,0.0,0.0,0.0,0.0
2000_10_SD_SEA,2000,10,SEA,SD,7,7,0,0.0,0.0,0.0,0.0,0.0,0.0,1.0,0.0,1.0,0.0,1.0,48.0,8.0,48.0,8.0,0.0,0.0,0.0,0.0,2.0,0.0
2000_10_CAR_STL,2000,10,STL,CAR,7,7,0,0.0,0.0,0.0,0.0,0.0,0.0,1.0,1.0,0.0,0.0,1.0,,,70.0,0.0,0.0,0.0,0.0,0.0,0.0,0.0
2000_10_MIN_GB,2000,10,GB,MIN,8,8,0,0.0,0.0,0.0,0.0,0.0,0.0,1.0,0.0,1.0,1.0,0.0,50.0,19.0,50.0,19.0,0.0,0.0,1.0,0.0,0.0,9.0
2000_11_CHI_BUF,2000,11,BUF,CHI,7,7,0,0.0,0.0,0.0,0.0,0.0,0.0,0.0,0.0,1.0,0.0,1.0,40.0,10.0,40.0,10.0,1.0,0.0,0.0,0.0,10.0,0.0
2000_11_NO_CAR,2000,11,CAR,NO,7,7,0,0.0,0.0,0.0,0.0,0.0,0.0,1.0,0.0,1.0,1.0,0.0,57.0,3.0,57.0,3.0,0.0,0.0,0.0,0.0,0.0,0.0
2000_11_CIN_DAL,2000,11,DAL,CIN,7,7,0,0.0,0.0,0.0,0.0,0.0,0.0,0.0,0.0,1.0,0.0,1.0,50.0,15.0,50.0,15.0,0.0,0.0,1.0,0.0,0.0,5.0
2000_11_ATL_DET,2000,11,DET,ATL,7,7,0,0.0,0.0,0.0,0.0,0.0,0.0,0.0,1.0,0.0,0.0,1.0,,,70.0,0.0,0.0,0.0,0.0,0.0,0.0,0.0
2000_11_SEA_JAX,2000,11,JAX,SEA,14,7,7,0.0,0.0,0.0,1.0,0.0,1.0,0.0,0.0,1.0,1.0,0.0,69.0,5.0,69.0,5.0,0.0,0.0,0.0,0.0,0.0,0.0
2000_11_ARI_MIN,2000,11,MIN,ARI,6,7,-1,1.0,0.0,-1.0,0.0,0.0,0.0,0.0,1.0,0.0,0.0,1.0,,,70.0,0.0,0.0,0.0,0.0,0.0,0.0,0.0
2000_11_PHI_PIT,2000,11,PIT,PHI,7,7,0,0.0,0.0,0.0,0.0,0.0,0.0,0.0,0.0,1.0,0.0,1.0,47.0,7.0,47.0,7.0,0.0,0.0,0.0,0.0,3.0,0.0
2000_11_BAL_TEN,2000,11,TEN,BAL,7,7,0,0.0,0.0,0.0,0.0,0.0,0.0,1.0,0.0,1.0,1.0,0.0,56.0,3.0,56.0,3.0,0.0,0.0,0.0,0.0,0.0,0.0
2000_11_NE_CLE,2000,11,CLE,NE,7,7,0,0.0,0.0,0.0,0.0,0.0,0.0,0.0,0.0,1.0,1.0,0.0,44.0,6.0,44.0,6.0,0.0,0.0,0.0,0.0,6.0,0.0
2000_11_MIA_SD,2000,11,SD,MIA,7,7,0,0.0,0.0,0.0,0.0,0.0,0.0,0.0,0.0,1.0,1.0,0.0,63.0,7.0,63.0,7.0,0.0,0.0,0.0,0.0,0.0,0.0
2000_11_KC_SF,2000,11,SF,KC,7,7,0,0.0,0.0,0.0,0.0,0.0,0.0,0.0,0.0,1.0,1.0,0.0,54.0,0.0,54.0,0.0,0.0,0.0,0.0,0.0,0.0,0.0
2000_11_STL_NYG,2000,11,NYG,STL,7,7,0,0.0,0.0,0.0,0.0,0.0,0.0,0.0,0.0,1.0,1.0,0.0,54.0,8.0,54.0,8.0,0.0,0.0,0.0,0.0,0.0,0.0
2000_11_GB_TB,2000,11,TB,GB,7,6,1,0.0,1.0,1.0,0.0,0.0,0.0,1.0,0.0,1.0,1.0,0.0,75.0,7.0,75.0,7.0,0.0,0.0,0.0,0.0,0.0,0.0
2000_11_NYJ_IND,2000,11,IND,NYJ,7,7,0,0.0,0.0,0.0,0.0,0.0,0.0,1.0,1.0,0.0,0.0,1.0,,,70.0,0.0,0.0,0.0,0.0,0.0,0.0,0.0
2000_11_OAK_DEN,2000,11,DEN,OAK,8,8,0,0.0,0.0,0.0,0.0,0.0,0.0,1.0,0.0,1.0,1.0,0.0,20.0,3.0,20.0,3.0,1.0,1.0,0.0,0.0,30.0,0.0
2000_12_TB_CHI,2000,12,CHI,TB,7,7,0,0.0,0.0,0.0,0.0,0.0,0.0,1.0,0.0,1.0,1.0,0.0,37.0,15.0,37.0,15.0,1.0,0.0,1.0,0.0,13.0,5.0
2000_12_IND_GB,2000,12,GB,IND,7,7,0,0.0,0.0,0.0,0.0,0.0,0.0,0.0,0.0,1.0,1.0,0.0,27.0,8.0,27.0,8.0,1.0,0.0,0.0,0.0,23.0,0.0
2000_12_BUF_KC,2000,12,KC,BUF,7,7,0,0.0,0.0,0.0,0.0,0.0,0.0,0.0,0.0,1.0,1.0,0.0,46.0,15.0,46.0,15.0,0.0,0.0,1.0,0.0,4.0,5.0
2000_12_CAR_MIN,2000,12,MIN,CAR,7,7,0,0.0,0.0,0.0,0.0,0.0,0.0,0.0,1.0,0.0,0.0,1.0,,,70.0,0.0,0.0,0.0,0.0,0.0,0.0,0.0
2000_12_CIN_NE,2000,12,NE,CIN,7,7,0,0.0,0.0,0.0,0.0,0.0,0.0,0.0,0.0,1.0,1.0,0.0,47.0,15.0,47.0,15.0,0.0,0.0,1.0,0.0,3.0,5.0
2000_12_OAK_NO,2000,12,NO,OAK,7,6,1,0.0,1.0,1.0,0.0,0.0,0.0,0.0,1.0,0.0,0.0,1.0,,,70.0,0.0,0.0,0.0,0.0,0.0,0.0,0.0
2000_12_DET_NYG,2000,12,NYG,DET,7,7,0,0.0,0.0,0.0,0.0,0.0,0.0,0.0,0.0,1.0,1.0,0.0,40.0,9.0,40.0,9.0,1.0,0.0,0.0,0.0,10.0,0.0
2000_12_ARI_PHI,2000,12,PHI,ARI,7,7,0,0.0,0.0,0.0,0.0,0.0,0.0,1.0,0.0,1.0,0.0,1.0,39.0,10.0,39.0,10.0,1.0,0.0,0.0,0.0,11.0,0.0
2000_12_CLE_TEN,2000,12,TEN,CLE,7,7,0,0.0,0.0,0.0,0.0,0.0,0.0,1.0,0.0,1.0,1.0,0.0,44.0,6.0,44.0,6.0,0.0,0.0,0.0,0.0,6.0,0.0
2000_12_SD_DEN,2000,12,DEN,SD,6,7,-1,1.0,0.0,-1.0,0.0,0.0,0.0,1.0,0.0,1.0,1.0,0.0,39.0,13.0,39.0,13.0,1.0,0.0,0.0,0.0,11.0,3.0
2000_12_NYJ_MIA,2000,12,MIA,NYJ,7,7,0,0.0,0.0,0.0,0.0,0.0,0.0,1.0,0.0,1.0,1.0,0.0,83.0,12.0,83.0,12.0,0.0,0.0,0.0,0.0,0.0,2.0
2000_12_DAL_BAL,2000,12,BAL,DAL,7,7,0,0.0,0.0,0.0,0.0,0.0,0.0,0.0,0.0,1.0,1.0,0.0,43.0,3.0,43.0,3.0,0.0,0.0,0.0,0.0,7.0,0.0
2000_12_ATL_SF,2000,12,SF,ATL,7,7,0,0.0,0.0,0.0,0.0,0.0,0.0,1.0,0.0,1.0,1.0,0.0,57.0,3.0,57.0,3.0,0.0,0.0,0.0,0.0,0.0,0.0
2000_12_JAX_PIT,2000,12,PIT,JAX,7,7,0,0.0,0.0,0.0,0.0,0.0,0.0,1.0,0.0,1.0,0.0,1.0,35.0,6.0,35.0,6.0,1.0,0.0,0.0,0.0,15.0,0.0
2000_12_WAS_STL,2000,12,STL,WAS,8,15,-7,0.0,0.0,0.0,0.0,1.0,-1.0,0.0,1.0,0.0,0.0,1.0,,,70.0,0.0,0.0,0.0,0.0,0.0,0.0,0.0
2000_13_NE_DET,2000,13,DET,NE,4,4,0,1.0,1.0,0.0,0.0,0.0,0.0,0.0,1.0,0.0,0.0,1.0,,,70.0,0.0,0.0,0.0,0.0,0.0,0.0,0.0
2000_13_MIN_DAL,2000,13,DAL,MIN,4,4,0,1.0,1.0,0.0,0.0,0.0,0.0,0.0,0.0,1.0,0.0,1.0,55.0,0.0,55.0,0.0,0.0,0.0,0.0,0.0,0.0,0.0
2000_13_CLE_BAL,2000,13,BAL,CLE,7,7,0,0.0,0.0,0.0,0.0,0.0,0.0,1.0,0.0,1.0,1.0,0.0,55.0,7.0,55.0,7.0,0.0,0.0,0.0,0.0,0.0,0.0
2000_13_PIT_CIN,2000,13,CIN,PIT,7,7,0,0.0,0.0,0.0,0.0,0.0,0.0,1.0,0.0,1.0,1.0,0.0,46.0,12.0,46.0,12.0,0.0,0.0,0.0,0.0,4.0,2.0
2000_13_CHI_NYJ,2000,13,NYJ,CHI,7,7,0,0.0,0.0,0.0,0.0,0.0,0.0,0.0,0.0,1.0,1.0,0.0,53.0,6.0,53.0,6.0,0.0,0.0,0.0,0.0,0.0,0.0
2000_13_NO_STL,2000,13,STL,NO,6,7,-1,1.0,0.0,-1.0,0.0,0.0,0.0,1.0,1.0,0.0,0.0,1.0,,,70.0,0.0,0.0,0.0,0.0,0.0,0.0,0.0
2000_13_BUF_TB,2000,13,TB,BUF,7,7,0,0.0,0.0,0.0,0.0,0.0,0.0,0.0,0.0,1.0,1.0,0.0,67.0,5.0,67.0,5.0,0.0,0.0,0.0,0.0,0.0,0.0
2000_13_PHI_WAS,2000,13,WAS,PHI,6,7,-1,1.0,0.0,-1.0,0.0,0.0,0.0,1.0,0.0,1.0,1.0,0.0,50.0,5.0,50.0,5.0,0.0,0.0,0.0,0.0,0.0,0.0
2000_13_ATL_OAK,2000,13,OAK,ATL,7,7,0,0.0,0.0,0.0,0.0,0.0,0.0,0.0,0.0,1.0,1.0,0.0,57.0,8.0,57.0,8.0,0.0,0.0,0.0,0.0,0.0,0.0
2000_13_MIA_IND,2000,13,IND,MIA,7,7,0,0.0,0.0,0.0,0.0,0.0,0.0,1.0,1.0,0.0,0.0,1.0,,,70.0,0.0,0.0,0.0,0.0,0.0,0.0,0.0
2000_13_TEN_JAX,2000,13,JAX,TEN,7,7,0,0.0,0.0,0.0,0.0,0.0,0.0,1.0,0.0,1.0,1.0,0.0,62.0,7.0,62.0,7.0,0.0,0.0,0.0,0.0,0.0,0.0
2000_13_KC_SD,2000,13,SD,KC,7,7,0,0.0,0.0,0.0,0.0,0.0,0.0,1.0,0.0,1.0,1.0,0.0,69.0,8.0,69.0,8.0,0.0,0.0,0.0,0.0,0.0,0.0
2000_13_DEN_SEA,2000,13,SEA,DEN,14,7,7,0.0,0.0,0.0,1.0,0.0,1.0,1.0,0.0,1.0,0.0,1.0,48.0,9.0,48.0,9.0,0.0,0.0,0.0,0.0,2.0,0.0
2000_13_NYG_ARI,2000,13,ARI,NYG,7,7,0,0.0,0.0,0.0,0.0,0.0,0.0,1.0,0.0,1.0,1.0,0.0,64.0,3.0,64.0,3.0,0.0,0.0,0.0,0.0,0.0,0.0
2000_13_GB_CAR,2000,13,CAR,GB,8,8,0,0.0,0.0,0.0,0.0,0.0,0.0,0.0,0.0,1.0,1.0,0.0,46.0,3.0,46.0,3.0,0.0,0.0,0.0,0.0,4.0,0.0
2000_14_DET_MIN,2000,14,MIN,DET,7,7,0,0.0,0.0,0.0,0.0,0.0,0.0,1.0,1.0,0.0,0.0,1.0,,,70.0,0.0,0.0,0.0,0.0,0.0,0.0,0.0
2000_14_SEA_ATL,2000,14,ATL,SEA,7,7,0,0.0,0.0,0.0,0.0,0.0,0.0,0.0,1.0,0.0,0.0,1.0,,,70.0,0.0,0.0,0.0,0.0,0.0,0.0,0.0
2000_14_MIA_BUF,2000,14,BUF,MIA,7,7,0,0.0,0.0,0.0,0.0,0.0,0.0,1.0,0.0,1.0,0.0,1.0,27.0,6.0,27.0,6.0,1.0,0.0,0.0,0.0,23.0,0.0
2000_14_STL_CAR,2000,14,CAR,STL,6,7,-1,1.0,0.0,-1.0,0.0,0.0,0.0,1.0,0.0,1.0,1.0,0.0,34.0,16.0,34.0,16.0,1.0,0.0,1.0,0.0,16.0,6.0
2000_14_ARI_CIN,2000,14,CIN,ARI,7,7,0,0.0,0.0,0.0,0.0,0.0,0.0,0.0,0.0,1.0,1.0,0.0,32.0,12.0,32.0,12.0,1.0,0.0,0.0,0.0,18.0,2.0
2000_14_DEN_NO,2000,14,NO,DEN,7,7,0,0.0,0.0,0.0,0.0,0.0,0.0,0.0,1.0,0.0,0.0,1.0,,,70.0,0.0,0.0,0.0,0.0,0.0,0.0,0.0
2000_14_TEN_PHI,2000,14,PHI,TEN,7,7,0,0.0,0.0,0.0,0.0,0.0,0.0,0.0,0.0,1.0,0.0,1.0,30.0,7.0,30.0,7.0,1.0,0.0,0.0,0.0,20.0,0.0
2000_14_OAK_PIT,2000,14,PIT,OAK,7,7,0,0.0,0.0,0.0,0.0,0.0,0.0,0.0,0.0,1.0,0.0,1.0,33.0,5.0,33.0,5.0,1.0,0.0,0.0,0.0,17.0,0.0
2000_14_DAL_TB,2000,14,TB,DAL,7,10,-3,0.0,0.0,0.0,0.0,1.0,-1.0,0.0,0.0,1.0,1.0,0.0,63.0,12.0,63.0,12.0,0.0,0.0,0.0,0.0,0.0,2.0
2000_14_NYG_WAS,2000,14,WAS,NYG,7,7,0,0.0,0.0,0.0,0.0,0.0,0.0,1.0,0.0,1.0,1.0,0.0,30.0,14.0,30.0,14.0,1.0,0.0,0.0,0.0,20.0,4.0
2000_14_SF_SD,2000,14,SD,SF,7,14,-7,0.0,0.0,0.0,0.0,1.0,-1.0,0.0,0.0,1.0,1.0,0.0,66.0,9.0,66.0,9.0,0.0,0.0,0.0,0.0,0.0,0.0
2000_14_CLE_JAX,2000,14,JAX,CLE,7,7,0,0.0,0.0,0.0,0.0,0.0,0.0,1.0,0.0,1.0,1.0,0.0,46.0,10.0,46.0,10.0,0.0,0.0,0.0,0.0,4.0,0.0
2000_14_IND_NYJ,2000,14,NYJ,IND,7,7,0,0.0,0.0,0.0,0.0,0.0,0.0,1.0,0.0,1.0,1.0,0.0,35.0,5.0,35.0,5.0,1.0,0.0,0.0,0.0,15.0,0.0
2000_14_GB_CHI,2000,14,CHI,GB,7,6,1,0.0,1.0,1.0,0.0,0.0,0.0,1.0,0.0,1.0,1.0,0.0,33.0,6.0,33.0,6.0,1.0,0.0,0.0,0.0,17.0,0.0
2000_14_KC_NE,2000,14,NE,KC,11,8,3,0.0,0.0,0.0,1.0,0.0,1.0,0.0,0.0,1.0,1.0,0.0,45.0,10.0,45.0,10.0,0.0,0.0,0.0,0.0,5.0,0.0
2000_15_SD_BAL,2000,15,BAL,SD,14,7,7,0.0,0.0,0.0,1.0,0.0,1.0,0.0,0.0,1.0,1.0,0.0,39.0,2.0,39.0,2.0,1.0,0.0,0.0,0.0,11.0,0.0
2000_15_NE_CHI,2000,15,CHI,NE,7,6,1,0.0,1.0,1.0,0.0,0.0,0.0,0.0,0.0,1.0,1.0,0.0,36.0,12.0,36.0,12.0,1.0,0.0,0.0,0.0,14.0,2.0
2000_15_PHI_CLE,2000,15,CLE,PHI,7,7,0,0.0,0.0,0.0,0.0,0.0,0.0,0.0,0.0,1.0,1.0,0.0,33.0,6.0,33.0,6.0,1.0,0.0,0.0,0.0,17.0,0.0
2000_15_DET_GB,2000,15,GB,DET,7,10,-3,0.0,0.0,0.0,0.0,1.0,-1.0,1.0,0.0,1.0,1.0,0.0,25.0,13.0,25.0,13.0,1.0,1.0,0.0,0.0,25.0,3.0
2000_15_ARI_JAX,2000,15,JAX,ARI,7,7,0,0.0,0.0,0.0,0.0,0.0,0.0,0.0,0.0,1.0,1.0,0.0,61.0,6.0,61.0,6.0,0.0,0.0,0.0,0.0,0.0,0.0
2000_15_CAR_KC,2000,15,KC,CAR,6,7,-1,1.0,0.0,-1.0,0.0,0.0,0.0,0.0,0.0,1.0,1.0,0.0,,,,,0.0,0.0,0.0,0.0,0.0,0.0
2000_15_TB_MIA,2000,15,MIA,TB,7,7,0,0.0,0.0,0.0,0.0,0.0,0.0,0.0,0.0,1.0,1.0,0.0,73.0,5.0,73.0,5.0,0.0,0.0,0.0,0.0,0.0,0.0
2000_15_PIT_NYG,2000,15,NYG,PIT,7,7,0,0.0,0.0,0.0,0.0,0.0,0.0,0.0,0.0,1.0,1.0,0.0,37.0,7.0,37.0,7.0,1.0,0.0,0.0,0.0,13.0,0.0
2000_15_CIN_TEN,2000,15,TEN,CIN,7,7,0,0.0,0.0,0.0,0.0,0.0,0.0,1.0,0.0,1.0,1.0,0.0,52.0,7.0,52.0,7.0,0.0,0.0,0.0,0.0,0.0,0.0
2000_15_SEA_DEN,2000,15,DEN,SEA,7,7,0,0.0,0.0,0.0,0.0,0.0,0.0,1.0,0.0,1.0,1.0,0.0,22.0,10.0,22.0,10.0,1.0,1.0,0.0,0.0,28.0,0.0
2000_15_WAS_DAL,2000,15,DAL,WAS,7,7,0,0.0,0.0,0.0,0.0,0.0,0.0,1.0,0.0,1.0,0.0,1.0,66.0,0.0,66.0,0.0,0.0,0.0,0.0,0.0,0.0,0.0
2000_15_NO_SF,2000,15,SF,NO,7,7,0,0.0,0.0,0.0,0.0,0.0,0.0,1.0,0.0,1.0,1.0,0.0,55.0,13.0,55.0,13.0,0.0,0.0,0.0,0.0,0.0,3.0
2000_15_MIN_STL,2000,15,STL,MIN,7,10,-3,0.0,0.0,0.0,0.0,1.0,-1.0,0.0,1.0,0.0,0.0,1.0,,,70.0,0.0,0.0,0.0,0.0,0.0,0.0,0.0
2000_15_NYJ_OAK,2000,15,OAK,NYJ,7,7,0,0.0,0.0,0.0,0.0,0.0,0.0,0.0,0.0,1.0,1.0,0.0,54.0,9.0,54.0,9.0,0.0,0.0,0.0,0.0,0.0,0.0
2000_15_BUF_IND,2000,15,IND,BUF,8,8,0,0.0,0.0,0.0,0.0,0.0,0.0,1.0,1.0,0.0,0.0,1.0,,,70.0,0.0,0.0,0.0,0.0,0.0,0.0,0.0
2000_16_WAS_PIT,2000,16,PIT,WAS,6,6,0,1.0,1.0,0.0,0.0,0.0,0.0,0.0,0.0,1.0,0.0,1.0,44.0,0.0,44.0,0.0,0.0,0.0,0.0,0.0,6.0,0.0
2000_16_OAK_SEA,2000,16,SEA,OAK,6,6,0,1.0,1.0,0.0,0.0,0.0,0.0,1.0,0.0,1.0,0.0,1.0,52.0,21.0,52.0,21.0,0.0,0.0,1.0,1.0,0.0,11.0
2000_16_NE_BUF,2000,16,BUF,NE,6,7,-1,1.0,0.0,-1.0,0.0,0.0,0.0,1.0,0.0,1.0,0.0,1.0,35.0,25.0,35.0,25.0,1.0,0.0,1.0,1.0,15.0,15.0
2000_16_SD_CAR,2000,16,CAR,SD,7,7,0,0.0,0.0,0.0,0.0,0.0,0.0,0.0,0.0,1.0,1.0,0.0,36.0,15.0,36.0,15.0,1.0,0.0,1.0,0.0,14.0,5.0
2000_16_JAX_CIN,2000,16,CIN,JAX,7,7,0,0.0,0.0,0.0,0.0,0.0,0.0,1.0,0.0,1.0,1.0,0.0,9.0,20.0,9.0,20.0,1.0,1.0,1.0,1.0,41.0,10.0
2000_16_TEN_CLE,2000,16,CLE,TEN,7,7,0,0.0,0.0,0.0,0.0,0.0,0.0,1.0,0.0,1.0,1.0,0.0,20.0,35.0,20.0,35.0,1.0,1.0,1.0,1.0,30.0,25.0
2000_16_DEN_KC,2000,16,KC,DEN,7,7,0,0.0,0.0,0.0,0.0,0.0,0.0,1.0,0.0,1.0,1.0,0.0,9.0,6.0,9.0,6.0,1.0,1.0,0.0,0.0,41.0,0.0
2000_16_GB_MIN,2000,16,MIN,GB,7,7,0,0.0,0.0,0.0,0.0,0.0,0.0,1.0,1.0,0.0,0.0,1.0,,,70.0,0.0,0.0,0.0,0.0,0.0,0.0,0.0
2000_16_ATL_NO,2000,16,NO,ATL,7,14,-7,0.0,0.0,0.0,0.0,1.0,-1.0,1.0,1.0,0.0,0.0,1.0,,,70.0,0.0,0.0,0.0,0.0,0.0,0.0,0.0
2000_16_DET_NYJ,2000,16,NYJ,DET,7,7,0,0.0,0.0,0.0,0.0,0.0,0.0,0.0,0.0,1.0,1.0,0.0,63.0,20.0,63.0,20.0,0.0,0.0,1.0,1.0,0.0,10.0
2000_16_CHI_SF,2000,16,SF,CHI,7,7,0,0.0,0.0,0.0,0.0,0.0,0.0,0.0,0.0,1.0,1.0,0.0,58.0,6.0,58.0,6.0,0.0,0.0,0.0,0.0,0.0,0.0
2000_16_BAL_ARI,2000,16,ARI,BAL,7,7,0,0.0,0.0,0.0,0.0,0.0,0.0,0.0,0.0,1.0,1.0,0.0,68.0,3.0,68.0,3.0,0.0,0.0,0.0,0.0,0.0,0.0
2000_16_IND_MIA,2000,16,MIA,IND,7,6,1,0.0,1.0,1.0,0.0,0.0,0.0,1.0,0.0,1.0,1.0,0.0,81.0,0.0,81.0,0.0,0.0,0.0,0.0,0.0,0.0,0.0
2000_16_NYG_DAL,2000,16,DAL,NYG,7,7,0,0.0,0.0,0.0,0.0,0.0,0.0,1.0,0.0,1.0,0.0,1.0,41.0,5.0,41.0,5.0,0.0,0.0,0.0,0.0,9.0,0.0
2000_16_STL_TB,2000,16,TB,STL,8,8,0,0.0,0.0,0.0,0.0,0.0,0.0,0.0,0.0,1.0,1.0,0.0,49.0,5.0,49.0,5.0,0.0,0.0,0.0,0.0,1.0,0.0
2000_17_JAX_NYG,2000,17,NYG,JAX,6,6,0,1.0,1.0,0.0,0.0,0.0,0.0,0.0,0.0,1.0,1.0,0.0,23.0,12.0,23.0,12.0,1.0,1.0,0.0,0.0,27.0,2.0
2000_17_SF_DEN,2000,17,DEN,SF,6,6,0,1.0,1.0,0.0,0.0,0.0,0.0,0.0,0.0,1.0,1.0,0.0,45.0,7.0,45.0,7.0,0.0,0.0,0.0,0.0,5.0,0.0
2000_17_BUF_SEA,2000,17,SEA,BUF,7,6,1,0.0,1.0,1.0,0.0,0.0,0.0,0.0,0.0,1.0,0.0,1.0,41.0,3.0,41.0,3.0,0.0,0.0,0.0,0.0,9.0,0.0
2000_17_KC_ATL,2000,17,ATL,KC,7,7,0,0.0,0.0,0.0,0.0,0.0,0.0,0.0,1.0,0.0,0.0,1.0,,,70.0,0.0,0.0,0.0,0.0,0.0,0.0,0.0
2000_17_NYJ_BAL,2000,17,BAL,NYJ,7,7,0,0.0,0.0,0.0,0.0,0.0,0.0,0.0,0.0,1.0,1.0,0.0,36.0,5.0,36.0,5.0,1.0,0.0,0.0,0.0,14.0,0.0
2000_17_CHI_DET,2000,17,DET,CHI,7,7,0,0.0,0.0,0.0,0.0,0.0,0.0,1.0,1.0,0.0,0.0,1.0,,,70.0,0.0,0.0,0.0,0.0,0.0,0.0,0.0
2000_17_TB_GB,2000,17,GB,TB,7,6,1,0.0,1.0,1.0,0.0,0.0,0.0,1.0,0.0,1.0,1.0,0.0,15.0,15.0,15.0,15.0,1.0,1.0,1.0,0.0,35.0,5.0
2000_17_MIA_NE,2000,17,NE,MIA,7,7,0,0.0,0.0,0.0,0.0,0.0,0.0,1.0,0.0,1.0,1.0,0.0,31.0,10.0,31.0,10.0,1.0,0.0,0.0,0.0,19.0,0.0
2000_17_STL_NO,2000,17,NO,STL,7,6,1,0.0,1.0,1.0,0.0,0.0,0.0,1.0,1.0,0.0,0.0,1.0,,,70.0,0.0,0.0,0.0,0.0,0.0,0.0,0.0
2000_17_CIN_PHI,2000,17,PHI,CIN,14,7,7,0.0,0.0,0.0,1.0,0.0,1.0,0.0,0.0,1.0,0.0,1.0,31.0,7.0,31.0,7.0,1.0,0.0,0.0,0.0,19.0,0.0
2000_17_ARI_WAS,2000,17,WAS,ARI,8,7,1,0.0,0.0,0.0,0.0,0.0,0.0,1.0,0.0,1.0,1.0,0.0,34.0,7.0,34.0,7.0,1.0,0.0,0.0,0.0,16.0,0.0
2000_17_PIT_SD,2000,17,SD,PIT,7,8,-1,0.0,0.0,0.0,0.0,0.0,0.0,0.0,0.0,1.0,1.0,0.0,62.0,8.0,62.0,8.0,0.0,0.0,0.0,0.0,0.0,0.0
2000_17_MIN_IND,2000,17,IND,MIN,7,7,0,0.0,0.0,0.0,0.0,0.0,0.0,0.0,1.0,0.0,0.0,1.0,,,70.0,0.0,0.0,0.0,0.0,0.0,0.0,0.0
2000_17_CAR_OAK,2000,17,OAK,CAR,8,7,1,0.0,0.0,0.0,0.0,0.0,0.0,0.0,0.0,1.0,1.0,0.0,56.0,8.0,56.0,8.0,0.0,0.0,0.0,0.0,0.0,0.0
2000_17_DAL_TEN,2000,17,TEN,DAL,8,8,0,0.0,0.0,0.0,0.0,0.0,0.0,0.0,0.0,1.0,1.0,0.0,29.0,10.0,29.0,10.0,1.0,0.0,0.0,0.0,21.0,0.0
2000_18_IND_MIA,2000,18,MIA,IND,6,6,0,1.0,1.0,0.0,0.0,0.0,0.0,1.0,0.0,1.0,1.0,0.0,59.0,12.0,59.0,12.0,0.0,0.0,0.0,0.0,0.0,2.0
2000_18_STL_NO,2000,18,NO,STL,6,6,0,1.0,1.0,0.0,0.0,0.0,0.0,1.0,1.0,0.0,0.0,1.0,,,70.0,0.0,0.0,0.0,0.0,0.0,0.0,0.0
2000_18_DEN_BAL,2000,18,BAL,DEN,7,8,-1,0.0,0.0,0.0,0.0,0.0,0.0,0.0,0.0,1.0,1.0,0.0,22.0,20.0,22.0,20.0,1.0,1.0,1.0,1.0,28.0,10.0
2000_18_TB_PHI,2000,18,PHI,TB,7,7,0,0.0,0.0,0.0,0.0,0.0,0.0,0.0,0.0,1.0,0.0,1.0,34.0,18.0,34.0,18.0,1.0,0.0,1.0,0.0,16.0,8.0
2000_19_NO_MIN,2000,19,MIN,NO,13,7,6,0.0,0.0,0.0,1.0,0.0,1.0,0.0,1.0,0.0,0.0,1.0,,,70.0,0.0,0.0,0.0,0.0,0.0,0.0,0.0
2000_19_MIA_OAK,2000,19,OAK,MIA,13,7,6,0.0,0.0,0.0,1.0,0.0,1.0,0.0,0.0,1.0,1.0,0.0,58.0,6.0,58.0,6.0,0.0,0.0,0.0,0.0,0.0,0.0
2000_19_BAL_TEN,2000,19,TEN,BAL,13,7,6,0.0,0.0,0.0,1.0,0.0,1.0,1.0,0.0,1.0,1.0,0.0,48.0,6.0,48.0,6.0,0.0,0.0,0.0,0.0,2.0,0.0
2000_19_PHI_NYG,2000,19,NYG,PHI,15,7,8,0.0,0.0,0.0,1.0,0.0,1.0,1.0,0.0,1.0,1.0,0.0,39.0,5.0,39.0,5.0,1.0,0.0,0.0,0.0,11.0,0.0
2000_20_MIN_NYG,2000,20,NYG,MIN,7,8,-1,0.0,0.0,0.0,0.0,0.0,0.0,0.0,0.0,1.0,1.0,0.0,35.0,5.0,35.0,5.0,1.0,0.0,0.0,0.0,15.0,0.0
2000_20_BAL_OAK,2000,20,OAK,BAL,8,7,1,0.0,0.0,0.0,0.0,0.0,0.0,0.0,0.0,1.0,1.0,0.0,56.0,12.0,56.0,12.0,0.0,0.0,0.0,0.0,0.0,2.0
2000_21_BAL_NYG,2000,21,NYG,BAL,14,14,0,0.0,0.0,0.0,1.0,1.0,0.0,0.0,0.0,1.0,1.0,0.0,65.0,8.0,65.0,8.0,0.0,0.0,0.0,0.0,0.0,0.0
2001_01_CHI_BAL,2001,1,BAL,CHI,7,7,0,0.0,0.0,0.0,0.0,0.0,0.0,0.0,0.0,1.0,1.0,0.0,83.0,10.0,83.0,10.0,0.0,0.0,0.0,0.0,0.0,0.0
2001_01_NO_BUF,2001,1,BUF,NO,7,7,0,0.0,0.0,0.0,0.0,0.0,0.0,0.0,0.0,1.0,0.0,1.0,87.0,10.0,87.0,10.0,0.0,0.0,0.0,0.0,0.0,0.0
2001_01_NE_CIN,2001,1,CIN,NE,7,7,0,0.0,0.0,0.0,0.0,0.0,0.0,0.0,0.0,1.0,1.0,0.0,79.0,8.0,79.0,8.0,0.0,0.0,0.0,0.0,0.0,0.0
2001_01_SEA_CLE,2001,1,CLE,SEA,7,7,0,0.0,0.0,0.0,0.0,0.0,0.0,0.0,0.0,1.0,1.0,0.0,81.0,12.0,81.0,12.0,0.0,0.0,0.0,0.0,0.0,2.0
2001_01_TB_DAL,2001,1,DAL,TB,7,7,0,0.0,0.0,0.0,0.0,0.0,0.0,0.0,0.0,1.0,0.0,1.0,69.0,10.0,69.0,10.0,0.0,0.0,0.0,0.0,0.0,0.0
2001_01_DET_GB,2001,1,GB,DET,7,7,0,0.0,0.0,0.0,0.0,0.0,0.0,1.0,0.0,1.0,1.0,0.0,60.0,5.0,60.0,5.0,0.0,0.0,0.0,0.0,0.0,0.0
2001_01_PIT_JAX,2001,1,JAX,PIT,7,7,0,0.0,0.0,0.0,0.0,0.0,0.0,1.0,0.0,1.0,1.0,0.0,83.0,10.0,83.0,10.0,0.0,0.0,0.0,0.0,0.0,0.0
2001_01_OAK_KC,2001,1,KC,OAK,7,7,0,0.0,0.0,0.0,0.0,0.0,0.0,1.0,0.0,1.0,1.0,0.0,64.0,12.0,64.0,12.0,0.0,0.0,0.0,0.0,0.0,2.0
2001_01_CAR_MIN,2001,1,MIN,CAR,7,7,0,0.0,0.0,0.0,0.0,0.0,0.0,0.0,1.0,0.0,0.0,1.0,,,70.0,0.0,0.0,0.0,0.0,0.0,0.0,0.0
2001_01_IND_NYJ,2001,1,NYJ,IND,7,7,0,0.0,0.0,0.0,0.0,0.0,0.0,1.0,0.0,1.0,1.0,0.0,81.0,6.0,81.0,6.0,0.0,0.0,0.0,0.0,0.0,0.0
2001_01_STL_PHI,2001,1,PHI,STL,7,7,0,0.0,0.0,0.0,0.0,0.0,0.0,0.0,0.0,1.0,0.0,1.0,82.0,5.0,82.0,5.0,0.0,0.0,0.0,0.0,0.0,0.0
2001_01_WAS_SD,2001,1,SD,WAS,7,7,0,0.0,0.0,0.0,0.0,0.0,0.0,0.0,0.0,1.0,1.0,0.0,68.0,8.0,68.0,8.0,0.0,0.0,0.0,0.0,0.0,0.0
2001_01_ATL_SF,2001,1,SF,ATL,7,7,0,0.0,0.0,0.0,0.0,0.0,0.0,1.0,0.0,1.0,1.0,0.0,68.0,12.0,68.0,12.0,0.0,0.0,0.0,0.0,0.0,2.0
2001_01_MIA_TEN,2001,1,TEN,MIA,7,7,0,0.0,0.0,0.0,0.0,0.0,0.0,0.0,0.0,1.0,1.0,0.0,81.0,7.0,81.0,7.0,0.0,0.0,0.0,0.0,0.0,0.0
2001_01_NYG_DEN,2001,1,DEN,NYG,7,7,0,0.0,0.0,0.0,0.0,0.0,0.0,0.0,0.0,1.0,1.0,0.0,75.0,9.0,75.0,9.0,0.0,0.0,0.0,0.0,0.0,0.0
2001_02_CAR_ATL,2001,2,ATL,CAR,14,14,0,0.0,0.0,0.0,1.0,1.0,0.0,1.0,1.0,0.0,0.0,1.0,,,70.0,0.0,0.0,0.0,0.0,0.0,0.0,0.0
2001_02_MIN_CHI,2001,2,CHI,MIN,14,14,0,0.0,0.0,0.0,1.0,1.0,0.0,1.0,0.0,1.0,1.0,0.0,63.0,5.0,63.0,5.0,0.0,0.0,0.0,0.0,0.0,0.0
2001_02_BAL_CIN,2001,2,CIN,BAL,14,14,0,0.0,0.0,0.0,1.0,1.0,0.0,1.0,0.0,1.0,1.0,0.0,73.0,8.0,73.0,8.0,0.0,0.0,0.0,0.0,0.0,0.0
2001_02_DET_CLE,2001,2,CLE,DET,14,14,0,0.0,0.0,0.0,1.0,1.0,0.0,0.0,0.0,1.0,1.0,0.0,66.0,6.0,66.0,6.0,0.0,0.0,0.0,0.0,0.0,0.0
2001_02_SD_DAL,2001,2,DAL,SD,14,14,0,0.0,0.0,0.0,1.0,1.0,0.0,0.0,0.0,1.0,0.0,1.0,79.0,0.0,79.0,0.0,0.0,0.0,0.0,0.0,0.0,0.0
2001_02_BUF_IND,2001,2,IND,BUF,14,14,0,0.0,0.0,0.0,1.0,1.0,0.0,1.0,1.0,0.0,0.0,1.0,,,70.0,0.0,0.0,0.0,0.0,0.0,0.0,0.0
2001_02_TEN_JAX,2001,2,JAX,TEN,14,14,0,0.0,0.0,0.0,1.0,1.0,0.0,1.0,0.0,1.0,1.0,0.0,84.0,10.0,84.0,10.0,0.0,0.0,0.0,0.0,0.0,0.0
2001_02_NYG_KC,2001,2,KC,NYG,14,13,1,0.0,0.0,0.0,1.0,1.0,0.0,0.0,0.0,1.0,1.0,0.0,64.0,14.0,64.0,14.0,0.0,0.0,0.0,0.0,0.0,4.0
2001_02_OAK_MIA,2001,2,MIA,OAK,14,14,0,0.0,0.0,0.0,1.0,1.0,0.0,0.0,0.0,1.0,1.0,0.0,88.0,9.0,88.0,9.0,0.0,0.0,0.0,0.0,0.0,0.0
2001_02_NYJ_NE,2001,2,NE,NYJ,14,14,0,0.0,0.0,0.0,1.0,1.0,0.0,1.0,0.0,1.0,1.0,0.0,74.0,10.0,74.0,10.0,0.0,0.0,0.0,0.0,0.0,0.0
2001_02_PHI_SEA,2001,2,SEA,PHI,14,14,0,0.0,0.0,0.0,1.0,1.0,0.0,0.0,0.0,1.0,0.0,1.0,65.0,4.0,65.0,4.0,0.0,0.0,0.0,0.0,0.0,0.0
2001_02_STL_SF,2001,2,SF,STL,14,14,0,0.0,0.0,0.0,1.0,1.0,0.0,1.0,0.0,1.0,1.0,0.0,59.0,10.0,59.0,10.0,0.0,0.0,0.0,0.0,0.0,0.0
2001_02_DEN_ARI,2001,2,ARI,DEN,14,13,1,0.0,0.0,0.0,1.0,1.0,0.0,0.0,0.0,1.0,1.0,0.0,103.0,6.0,103.0,6.0,0.0,0.0,0.0,0.0,0.0,0.0
2001_02_WAS_GB,2001,2,GB,WAS,15,15,0,0.0,0.0,0.0,1.0,1.0,0.0,0.0,0.0,1.0,1.0,0.0,46.0,12.0,46.0,12.0,0.0,0.0,0.0,0.0,4.0,2.0
2001_03_PIT_BUF,2001,3,BUF,PIT,7,21,-14,0.0,0.0,0.0,0.0,1.0,-1.0,0.0,0.0,1.0,0.0,1.0,63.0,7.0,63.0,7.0,0.0,0.0,0.0,0.0,0.0,0.0
2001_03_GB_CAR,2001,3,CAR,GB,7,6,1,0.0,1.0,1.0,0.0,0.0,0.0,0.0,0.0,1.0,1.0,0.0,64.0,14.0,64.0,14.0,0.0,0.0,0.0,0.0,0.0,4.0
2001_03_TB_MIN,2001,3,MIN,TB,7,21,-14,0.0,0.0,0.0,0.0,1.0,-1.0,1.0,1.0,0.0,0.0,1.0,,,70.0,0.0,0.0,0.0,0.0,0.0,0.0,0.0
2001_03_IND_NE,2001,3,NE,IND,7,7,0,0.0,0.0,0.0,0.0,0.0,0.0,1.0,0.0,1.0,1.0,0.0,59.0,20.0,59.0,20.0,0.0,0.0,1.0,1.0,0.0,10.0
2001_03_NO_NYG,2001,3,NYG,NO,7,21,-14,0.0,0.0,0.0,0.0,1.0,-1.0,0.0,0.0,1.0,1.0,0.0,54.0,10.0,54.0,10.0,0.0,0.0,0.0,0.0,0.0,0.0
2001_03_MIA_STL,2001,3,STL,MIA,7,7,0,0.0,0.0,0.0,0.0,0.0,0.0,0.0,1.0,0.0,0.0,1.0,,,70.0,0.0,0.0,0.0,0.0,0.0,0.0,0.0
2001_03_KC_WAS,2001,3,WAS,KC,6,7,-1,1.0,0.0,-1.0,0.0,0.0,0.0,0.0,0.0,1.0,1.0,0.0,57.0,19.0,57.0,19.0,0.0,0.0,1.0,0.0,0.0,9.0
2001_03_ATL_ARI,2001,3,ARI,ATL,7,7,0,0.0,0.0,0.0,0.0,0.0,0.0,0.0,0.0,1.0,1.0,0.0,104.0,20.0,104.0,20.0,0.0,0.0,1.0,1.0,0.0,10.0
2001_03_BAL_DEN,2001,3,DEN,BAL,7,7,0,0.0,0.0,0.0,0.0,0.0,0.0,0.0,0.0,1.0,1.0,0.0,71.0,5.0,71.0,5.0,0.0,0.0,0.0,0.0,0.0,0.0
2001_03_CLE_JAX,2001,3,JAX,CLE,7,7,0,0.0,0.0,0.0,0.0,0.0,0.0,1.0,0.0,1.0,1.0,0.0,72.0,12.0,72.0,12.0,0.0,0.0,0.0,0.0,0.0,2.0
2001_03_SEA_OAK,2001,3,OAK,SEA,7,7,0,0.0,0.0,0.0,0.0,0.0,0.0,1.0,0.0,1.0,1.0,0.0,81.0,7.0,81.0,7.0,0.0,0.0,0.0,0.0,0.0,0.0
2001_03_CIN_SD,2001,3,SD,CIN,7,7,0,0.0,0.0,0.0,0.0,0.0,0.0,0.0,0.0,1.0,1.0,0.0,78.0,8.0,78.0,8.0,0.0,0.0,0.0,0.0,0.0,0.0
2001_03_DAL_PHI,2001,3,PHI,DAL,7,7,0,0.0,0.0,0.0,0.0,0.0,0.0,1.0,0.0,1.0,0.0,1.0,53.0,13.0,53.0,13.0,0.0,0.0,0.0,0.0,0.0,3.0
2001_03_SF_NYJ,2001,3,NYJ,SF,8,8,0,0.0,0.0,0.0,0.0,0.0,0.0,0.0,0.0,1.0,1.0,0.0,52.0,0.0,52.0,0.0,0.0,0.0,0.0,0.0,0.0,0.0
2001_04_CHI_ATL,2001,4,ATL,CHI,7,14,-7,0.0,0.0,0.0,0.0,1.0,-1.0,0.0,1.0,0.0,0.0,1.0,,,70.0,0.0,0.0,0.0,0.0,0.0,0.0,0.0
2001_04_TEN_BAL,2001,4,BAL,TEN,7,14,-7,0.0,0.0,0.0,0.0,1.0,-1.0,1.0,0.0,1.0,1.0,0.0,55.0,11.0,55.0,11.0,0.0,0.0,0.0,0.0,0.0,1.0
2001_04_SD_CLE,2001,4,CLE,SD,7,7,0,0.0,0.0,0.0,0.0,0.0,0.0,0.0,0.0,1.0,1.0,0.0,45.0,12.0,45.0,12.0,0.0,0.0,0.0,0.0,5.0,2.0
2001_04_NE_MIA,2001,4,MIA,NE,7,7,0,0.0,0.0,0.0,0.0,0.0,0.0,1.0,0.0,1.0,1.0,0.0,88.0,0.0,88.0,0.0,0.0,0.0,0.0,0.0,0.0,0.0
2001_04_MIN_NO,2001,4,NO,MIN,7,7,0,0.0,0.0,0.0,0.0,0.0,0.0,0.0,1.0,0.0,0.0,1.0,,,70.0,0.0,0.0,0.0,0.0,0.0,0.0,0.0
2001_04_WAS_NYG,2001,4,NYG,WAS,7,7,0,0.0,0.0,0.0,0.0,0.0,0.0,1.0,0.0,1.0,1.0,0.0,55.0,16.0,55.0,16.0,0.0,0.0,1.0,0.0,0.0,6.0
2001_04_ARI_PHI,2001,4,PHI,ARI,7,7,0,0.0,0.0,0.0,0.0,0.0,0.0,1.0,0.0,1.0,0.0,1.0,53.0,17.0,53.0,17.0,0.0,0.0,1.0,0.0,0.0,7.0
2001_04_CIN_PIT,2001,4,PIT,CIN,7,7,0,0.0,0.0,0.0,0.0,0.0,0.0,1.0,0.0,1.0,1.0,0.0,44.0,20.0,44.0,20.0,0.0,0.0,1.0,1.0,6.0,10.0
2001_04_NYJ_BUF,2001,4,BUF,NYJ,7,6,1,0.0,1.0,1.0,0.0,0.0,0.0,1.0,0.0,1.0,0.0,1.0,45.0,16.0,45.0,16.0,0.0,0.0,1.0,0.0,5.0,6.0
2001_04_KC_DEN,2001,4,DEN,KC,7,7,0,0.0,0.0,0.0,0.0,0.0,0.0,1.0,0.0,1.0,1.0,0.0,74.0,9.0,74.0,9.0,0.0,0.0,0.0,0.0,0.0,0.0
2001_04_JAX_SEA,2001,4,SEA,JAX,7,7,0,0.0,0.0,0.0,0.0,0.0,0.0,0.0,0.0,1.0,0.0,1.0,50.0,6.0,50.0,6.0,0.0,0.0,0.0,0.0,0.0,0.0
2001_04_DAL_OAK,2001,4,OAK,DAL,7,7,0,0.0,0.0,0.0,0.0,0.0,0.0,0.0,0.0,1.0,1.0,0.0,59.0,10.0,59.0,10.0,0.0,0.0,0.0,0.0,0.0,0.0
2001_04_GB_TB,2001,4,TB,GB,7,7,0,0.0,0.0,0.0,0.0,0.0,0.0,1.0,0.0,1.0,1.0,0.0,80.0,9.0,80.0,9.0,0.0,0.0,0.0,0.0,0.0,0.0
2001_04_CAR_SF,2001,4,SF,CAR,6,7,-1,1.0,0.0,-1.0,0.0,0.0,0.0,1.0,0.0,1.0,1.0,0.0,52.0,10.0,52.0,10.0,0.0,0.0,0.0,0.0,0.0,0.0
2001_04_STL_DET,2001,4,DET,STL,15,8,7,0.0,0.0,0.0,1.0,0.0,1.0,0.0,1.0,0.0,0.0,1.0,,,70.0,0.0,0.0,0.0,0.0,0.0,0.0,0.0
2001_05_SF_ATL,2001,5,ATL,SF,7,7,0,0.0,0.0,0.0,0.0,0.0,0.0,1.0,1.0,0.0,0.0,1.0,,,70.0,0.0,0.0,0.0,0.0,0.0,0.0,0.0
2001_05_NO_CAR,2001,5,CAR,NO,7,7,0,0.0,0.0,0.0,0.0,0.0,0.0,1.0,0.0,1.0,1.0,0.0,71.0,16.0,71.0,16.0,0.0,0.0,1.0,0.0,0.0,6.0
2001_05_ARI_CHI,2001,5,CHI,ARI,7,7,0,0.0,0.0,0.0,0.0,0.0,0.0,0.0,0.0,1.0,1.0,0.0,54.0,9.0,54.0,9.0,0.0,0.0,0.0,0.0,0.0,0.0
2001_05_CLE_CIN,2001,5,CIN,CLE,7,7,0,0.0,0.0,0.0,0.0,0.0,0.0,1.0,0.0,1.0,1.0,0.0,57.0,10.0,57.0,10.0,0.0,0.0,0.0,0.0,0.0,0.0
2001_05_BAL_GB,2001,5,GB,BAL,7,7,0,0.0,0.0,0.0,0.0,0.0,0.0,0.0,0.0,1.0,1.0,0.0,54.0,12.0,54.0,12.0,0.0,0.0,0.0,0.0,0.0,2.0
2001_05_PIT_KC,2001,5,KC,PIT,7,7,0,0.0,0.0,0.0,0.0,0.0,0.0,0.0,0.0,1.0,1.0,0.0,57.0,15.0,57.0,15.0,0.0,0.0,1.0,0.0,0.0,5.0
2001_05_DET_MIN,2001,5,MIN,DET,7,6,1,0.0,1.0,1.0,0.0,0.0,0.0,1.0,1.0,0.0,0.0,1.0,,,70.0,0.0,0.0,0.0,0.0,0.0,0.0,0.0
2001_05_SD_NE,2001,5,NE,SD,7,7,0,0.0,0.0,0.0,0.0,0.0,0.0,0.0,0.0,1.0,1.0,0.0,59.0,15.0,59.0,15.0,0.0,0.0,1.0,0.0,0.0,5.0
2001_05_NYG_STL,2001,5,STL,NYG,6,7,-1,1.0,0.0,-1.0,0.0,0.0,0.0,0.0,1.0,0.0,0.0,1.0,,,70.0,0.0,0.0,0.0,0.0,0.0,0.0,0.0
2001_05_TB_TEN,2001,5,TEN,TB,7,7,0,0.0,0.0,0.0,0.0,0.0,0.0,0.0,0.0,1.0,1.0,0.0,64.0,10.0,64.0,10.0,0.0,0.0,0.0,0.0,0.0,0.0
2001_05_MIA_NYJ,2001,5,NYJ,MIA,7,7,0,0.0,0.0,0.0,0.0,0.0,0.0,1.0,0.0,1.0,1.0,0.0,62.0,12.0,62.0,12.0,0.0,0.0,0.0,0.0,0.0,2.0
2001_05_DEN_SEA,2001,5,SEA,DEN,7,7,0,0.0,0.0,0.0,0.0,0.0,0.0,1.0,0.0,1.0,0.0,1.0,54.0,7.0,54.0,7.0,0.0,0.0,0.0,0.0,0.0,0.0
2001_05_OAK_IND,2001,5,IND,OAK,14,7,7,0.0,0.0,0.0,1.0,0.0,1.0,0.0,1.0,0.0,0.0,1.0,,,70.0,0.0,0.0,0.0,0.0,0.0,0.0,0.0
2001_05_WAS_DAL,2001,5,DAL,WAS,8,8,0,0.0,0.0,0.0,0.0,0.0,0.0,1.0,0.0,1.0,0.0,1.0,65.0,0.0,65.0,0.0,0.0,0.0,0.0,0.0,0.0,0.0
2001_06_BUF_JAX,2001,6,JAX,BUF,11,11,0,0.0,0.0,0.0,1.0,1.0,0.0,0.0,0.0,1.0,1.0,0.0,66.0,13.0,66.0,13.0,0.0,0.0,0.0,0.0,0.0,3.0
2001_06_CHI_CIN,2001,6,CIN,CHI,7,7,0,0.0,0.0,0.0,0.0,0.0,0.0,0.0,0.0,1.0,1.0,0.0,68.0,8.0,68.0,8.0,0.0,0.0,0.0,0.0,0.0,0.0
2001_06_BAL_CLE,2001,6,CLE,BAL,7,7,0,0.0,0.0,0.0,0.0,0.0,0.0,1.0,0.0,1.0,1.0,0.0,61.0,12.0,61.0,12.0,0.0,0.0,0.0,0.0,0.0,2.0
2001_06_TEN_DET,2001,6,DET,TEN,7,7,0,0.0,0.0,0.0,0.0,0.0,0.0,0.0,1.0,0.0,0.0,1.0,,,70.0,0.0,0.0,0.0,0.0,0.0,0.0,0.0
2001_06_NE_IND,2001,6,IND,NE,7,7,0,0.0,0.0,0.0,0.0,0.0,0.0,1.0,1.0,0.0,0.0,1.0,,,70.0,0.0,0.0,0.0,0.0,0.0,0.0,0.0
2001_06_ATL_NO,2001,6,NO,ATL,7,7,0,0.0,0.0,0.0,0.0,0.0,0.0,1.0,1.0,0.0,0.0,1.0,,,70.0,0.0,0.0,0.0,0.0,0.0,0.0,0.0
2001_06_STL_NYJ,2001,6,NYJ,STL,7,7,0,0.0,0.0,0.0,0.0,0.0,0.0,0.0,0.0,1.0,1.0,0.0,70.0,10.0,70.0,10.0,0.0,0.0,0.0,0.0,0.0,0.0
2001_06_PIT_TB,2001,6,TB,PIT,7,7,0,0.0,0.0,0.0,0.0,0.0,0.0,0.0,0.0,1.0,1.0,0.0,83.0,9.0,83.0,9.0,0.0,0.0,0.0,0.0,0.0,0.0
2001_06_CAR_WAS,2001,6,WAS,CAR,6,7,-1,1.0,0.0,-1.0,0.0,0.0,0.0,0.0,0.0,1.0,1.0,0.0,71.0,7.0,71.0,7.0,0.0,0.0,0.0,0.0,0.0,0.0
2001_06_KC_ARI,2001,6,ARI,KC,7,7,0,0.0,0.0,0.0,0.0,0.0,0.0,0.0,0.0,1.0,1.0,0.0,88.0,2.0,88.0,2.0,0.0,0.0,0.0,0.0,0.0,0.0
2001_06_DEN_SD,2001,6,SD,DEN,7,7,0,0.0,0.0,0.0,0.0,0.0,0.0,1.0,0.0,1.0,1.0,0.0,66.0,8.0,66.0,8.0,0.0,0.0,0.0,0.0,0.0,0.0
2001_06_GB_MIN,2001,6,MIN,GB,7,7,0,0.0,0.0,0.0,0.0,0.0,0.0,1.0,1.0,0.0,0.0,1.0,,,70.0,0.0,0.0,0.0,0.0,0.0,0.0,0.0
2001_06_PHI_NYG,2001,6,NYG,PHI,8,15,-7,0.0,0.0,0.0,0.0,1.0,-1.0,1.0,0.0,1.0,1.0,0.0,61.0,7.0,61.0,7.0,0.0,0.0,0.0,0.0,0.0,0.0
2001_07_IND_KC,2001,7,KC,IND,4,4,0,1.0,1.0,0.0,0.0,0.0,0.0,0.0,0.0,1.0,1.0,0.0,55.0,12.0,55.0,12.0,0.0,0.0,0.0,0.0,0.0,2.0
2001_07_JAX_BAL,2001,7,BAL,JAX,7,10,-3,0.0,0.0,0.0,0.0,1.0,-1.0,1.0,0.0,1.0,1.0,0.0,50.0,20.0,50.0,20.0,0.0,0.0,1.0,1.0,0.0,10.0
2001_07_NYJ_CAR,2001,7,CAR,NYJ,7,7,0,0.0,0.0,0.0,0.0,0.0,0.0,0.0,0.0,1.0,1.0,0.0,51.0,10.0,51.0,10.0,0.0,0.0,0.0,0.0,0.0,0.0
2001_07_SF_CHI,2001,7,CHI,SF,7,14,-7,0.0,0.0,0.0,0.0,1.0,-1.0,0.0,0.0,1.0,1.0,0.0,46.0,15.0,46.0,15.0,0.0,0.0,1.0,0.0,4.0,5.0
2001_07_CIN_DET,2001,7,DET,CIN,7,7,0,0.0,0.0,0.0,0.0,0.0,0.0,0.0,1.0,0.0,0.0,1.0,,,70.0,0.0,0.0,0.0,0.0,0.0,0.0,0.0
2001_07_NO_STL,2001,7,STL,NO,7,7,0,0.0,0.0,0.0,0.0,0.0,0.0,1.0,1.0,0.0,0.0,1.0,,,70.0,0.0,0.0,0.0,0.0,0.0,0.0,0.0
2001_07_MIN_TB,2001,7,TB,MIN,7,7,0,0.0,0.0,0.0,0.0,0.0,0.0,1.0,0.0,1.0,1.0,0.0,67.0,15.0,67.0,15.0,0.0,0.0,1.0,0.0,0.0,5.0
2001_07_ARI_DAL,2001,7,DAL,ARI,13,7,6,0.0,0.0,0.0,1.0,0.0,1.0,1.0,0.0,1.0,0.0,1.0,70.0,5.0,70.0,5.0,0.0,0.0,0.0,0.0,0.0,0.0
2001_07_NYG_WAS,2001,7,WAS,NYG,7,6,1,0.0,1.0,1.0,0.0,0.0,0.0,1.0,0.0,1.0,1.0,0.0,50.0,21.0,50.0,21.0,0.0,0.0,1.0,1.0,0.0,11.0
2001_07_NE_DEN,2001,7,DEN,NE,7,7,0,0.0,0.0,0.0,0.0,0.0,0.0,0.0,0.0,1.0,1.0,0.0,72.0,9.0,72.0,9.0,0.0,0.0,0.0,0.0,0.0,0.0
2001_07_OAK_PHI,2001,7,PHI,OAK,6,14,-8,1.0,0.0,-1.0,0.0,1.0,-1.0,0.0,0.0,1.0,0.0,1.0,52.0,17.0,52.0,17.0,0.0,0.0,1.0,0.0,0.0,7.0
2001_07_BUF_SD,2001,7,SD,BUF,7,10,-3,0.0,0.0,0.0,0.0,1.0,-1.0,0.0,0.0,1.0,1.0,0.0,62.0,7.0,62.0,7.0,0.0,0.0,0.0,0.0,0.0,0.0
2001_07_MIA_SEA,2001,7,SEA,MIA,14,14,0,0.0,0.0,0.0,1.0,1.0,0.0,0.0,0.0,1.0,0.0,1.0,43.0,7.0,43.0,7.0,0.0,0.0,0.0,0.0,7.0,0.0
2001_07_TEN_PIT,2001,7,PIT,TEN,8,8,0,0.0,0.0,0.0,0.0,0.0,0.0,1.0,0.0,1.0,1.0,0.0,51.0,5.0,51.0,5.0,0.0,0.0,0.0,0.0,0.0,0.0
2001_08_NE_ATL,2001,8,ATL,NE,14,7,7,0.0,0.0,0.0,1.0,0.0,1.0,0.0,1.0,0.0,0.0,1.0,,,70.0,0.0,0.0,0.0,0.0,0.0,0.0,0.0
2001_08_IND_BUF,2001,8,BUF,IND,7,10,-3,0.0,0.0,0.0,0.0,1.0,-1.0,1.0,0.0,1.0,0.0,1.0,54.0,20.0,54.0,20.0,0.0,0.0,1.0,1.0,0.0,10.0
2001_08_TB_GB,2001,8,GB,TB,14,7,7,0.0,0.0,0.0,1.0,0.0,1.0,1.0,0.0,1.0,1.0,0.0,52.0,12.0,52.0,12.0,0.0,0.0,0.0,0.0,0.0,2.0
2001_08_CAR_MIA,2001,8,MIA,CAR,7,7,0,0.0,0.0,0.0,0.0,0.0,0.0,0.0,0.0,1.0,1.0,0.0,75.0,17.0,75.0,17.0,0.0,0.0,1.0,0.0,0.0,7.0
2001_08_DAL_NYG,2001,8,NYG,DAL,7,7,0,0.0,0.0,0.0,0.0,0.0,0.0,1.0,0.0,1.0,1.0,0.0,58.0,5.0,58.0,5.0,0.0,0.0,0.0,0.0,0.0,0.0
2001_08_BAL_PIT,2001,8,PIT,BAL,6,7,-1,1.0,0.0,-1.0,0.0,0.0,0.0,1.0,0.0,1.0,1.0,0.0,59.0,0.0,59.0,0.0,0.0,0.0,0.0,0.0,0.0,0.0
2001_08_JAX_TEN,2001,8,TEN,JAX,6,7,-1,1.0,0.0,-1.0,0.0,0.0,0.0,1.0,0.0,1.0,1.0,0.0,67.0,7.0,67.0,7.0,0.0,0.0,0.0,0.0,0.0,0.0
2001_08_PHI_ARI,2001,8,ARI,PHI,7,7,0,0.0,0.0,0.0,0.0,0.0,0.0,1.0,0.0,1.0,1.0,0.0,94.0,16.0,94.0,16.0,0.0,0.0,1.0,0.0,0.0,6.0
2001_08_DET_SF,2001,8,SF,DET,7,7,0,0.0,0.0,0.0,0.0,0.0,0.0,0.0,0.0,1.0,1.0,0.0,64.0,5.0,64.0,5.0,0.0,0.0,0.0,0.0,0.0,0.0
2001_08_CLE_CHI,2001,8,CHI,CLE,7,14,-7,0.0,0.0,0.0,0.0,1.0,-1.0,0.0,0.0,1.0,1.0,0.0,54.0,10.0,54.0,10.0,0.0,0.0,0.0,0.0,0.0,0.0
2001_08_KC_SD,2001,8,SD,KC,7,10,-3,0.0,0.0,0.0,0.0,1.0,-1.0,1.0,0.0,1.0,1.0,0.0,67.0,7.0,67.0,7.0,0.0,0.0,0.0,0.0,0.0,0.0
2001_08_SEA_WAS,2001,8,WAS,SEA,7,7,0,0.0,0.0,0.0,0.0,0.0,0.0,0.0,0.0,1.0,1.0,0.0,65.0,6.0,65.0,6.0,0.0,0.0,0.0,0.0,0.0,0.0
2001_08_NYJ_NO,2001,8,NO,NYJ,7,7,0,0.0,0.0,0.0,0.0,0.0,0.0,0.0,1.0,0.0,0.0,1.0,,,70.0,0.0,0.0,0.0,0.0,0.0,0.0,0.0
2001_08_DEN_OAK,2001,8,OAK,DEN,8,8,0,0.0,0.0,0.0,0.0,0.0,0.0,1.0,0.0,1.0,1.0,0.0,62.0,9.0,62.0,9.0,0.0,0.0,0.0,0.0,0.0,0.0
2001_09_DAL_ATL,2001,9,ATL,DAL,7,7,0,0.0,0.0,0.0,0.0,0.0,0.0,0.0,1.0,0.0,0.0,1.0,,,70.0,0.0,0.0,0.0,0.0,0.0,0.0,0.0
2001_09_GB_CHI,2001,9,CHI,GB,7,7,0,0.0,0.0,0.0,0.0,0.0,0.0,1.0,0.0,1.0,1.0,0.0,48.0,8.0,48.0,8.0,0.0,0.0,0.0,0.0,2.0,0.0
2001_09_PIT_CLE,2001,9,CLE,PIT,7,7,0,0.0,0.0,0.0,0.0,0.0,0.0,1.0,0.0,1.0,1.0,0.0,42.0,6.0,42.0,6.0,0.0,0.0,0.0,0.0,8.0,0.0
2001_09_TB_DET,2001,9,DET,TB,7,7,0,0.0,0.0,0.0,0.0,0.0,0.0,1.0,1.0,0.0,0.0,1.0,,,70.0,0.0,0.0,0.0,0.0,0.0,0.0,0.0
2001_09_MIA_IND,2001,9,IND,MIA,7,7,0,0.0,0.0,0.0,0.0,0.0,0.0,1.0,1.0,0.0,0.0,1.0,,,70.0,0.0,0.0,0.0,0.0,0.0,0.0,0.0
2001_09_CIN_JAX,2001,9,JAX,CIN,7,14,-7,0.0,0.0,0.0,0.0,1.0,-1.0,1.0,0.0,1.0,1.0,0.0,73.0,6.0,73.0,6.0,0.0,0.0,0.0,0.0,0.0,0.0
2001_09_BUF_NE,2001,9,NE,BUF,7,7,0,0.0,0.0,0.0,0.0,0.0,0.0,1.0,0.0,1.0,1.0,0.0,47.0,25.0,47.0,25.0,0.0,0.0,1.0,1.0,3.0,15.0
2001_09_KC_NYJ,2001,9,NYJ,KC,7,7,0,0.0,0.0,0.0,0.0,0.0,0.0,0.0,0.0,1.0,1.0,0.0,48.0,12.0,48.0,12.0,0.0,0.0,0.0,0.0,2.0,2.0
2001_09_CAR_STL,2001,9,STL,CAR,14,7,7,0.0,0.0,0.0,1.0,0.0,1.0,1.0,1.0,0.0,0.0,1.0,,,70.0,0.0,0.0,0.0,0.0,0.0,0.0,0.0
2001_09_SD_DEN,2001,9,DEN,SD,6,7,-1,1.0,0.0,-1.0,0.0,0.0,0.0,1.0,0.0,1.0,1.0,0.0,62.0,4.0,62.0,4.0,0.0,0.0,0.0,0.0,0.0,0.0
2001_09_NYG_ARI,2001,9,ARI,NYG,7,7,0,0.0,0.0,0.0,0.0,0.0,0.0,1.0,0.0,1.0,1.0,0.0,83.0,7.0,83.0,7.0,0.0,0.0,0.0,0.0,0.0,0.0
2001_09_MIN_PHI,2001,9,PHI,MIN,7,14,-7,0.0,0.0,0.0,0.0,1.0,-1.0,0.0,0.0,1.0,0.0,1.0,50.0,10.0,50.0,10.0,0.0,0.0,0.0,0.0,0.0,0.0
2001_09_NO_SF,2001,9,SF,NO,7,7,0,0.0,0.0,0.0,0.0,0.0,0.0,1.0,0.0,1.0,1.0,0.0,68.0,14.0,68.0,14.0,0.0,0.0,0.0,0.0,0.0,4.0
2001_09_OAK_SEA,2001,9,SEA,OAK,7,6,1,0.0,1.0,1.0,0.0,0.0,0.0,1.0,0.0,1.0,0.0,1.0,50.0,0.0,50.0,0.0,0.0,0.0,0.0,0.0,0.0,0.0
2001_09_BAL_TEN,2001,9,TEN,BAL,8,8,0,0.0,0.0,0.0,0.0,0.0,0.0,1.0,0.0,1.0,1.0,0.0,52.0,6.0,52.0,6.0,0.0,0.0,0.0,0.0,0.0,0.0
2001_10_CLE_BAL,2001,10,BAL,CLE,6,7,-1,1.0,0.0,-1.0,0.0,0.0,0.0,1.0,0.0,1.0,1.0,0.0,54.0,5.0,54.0,5.0,0.0,0.0,0.0,0.0,0.0,0.0
2001_10_SEA_BUF,2001,10,BUF,SEA,7,7,0,0.0,0.0,0.0,0.0,0.0,0.0,0.0,0.0,1.0,0.0,1.0,55.0,14.0,55.0,14.0,0.0,0.0,0.0,0.0,0.0,4.0
2001_10_SF_CAR,2001,10,CAR,SF,7,7,0,0.0,0.0,0.0,0.0,0.0,0.0,1.0,0.0,1.0,1.0,0.0,60.0,6.0,60.0,6.0,0.0,0.0,0.0,0.0,0.0,0.0
2001_10_TEN_CIN,2001,10,CIN,TEN,7,6,1,0.0,1.0,1.0,0.0,0.0,0.0,1.0,0.0,1.0,1.0,0.0,66.0,4.0,66.0,4.0,0.0,0.0,0.0,0.0,0.0,0.0
2001_10_PHI_DAL,2001,10,DAL,PHI,7,7,0,0.0,0.0,0.0,0.0,0.0,0.0,1.0,0.0,1.0,0.0,1.0,70.0,5.0,70.0,5.0,0.0,0.0,0.0,0.0,0.0,0.0
2001_10_ATL_GB,2001,10,GB,ATL,7,7,0,0.0,0.0,0.0,0.0,0.0,0.0,0.0,0.0,1.0,1.0,0.0,59.0,16.0,59.0,16.0,0.0,0.0,1.0,0.0,0.0,6.0
2001_10_NYJ_MIA,2001,10,MIA,NYJ,7,7,0,0.0,0.0,0.0,0.0,0.0,0.0,1.0,0.0,1.0,1.0,0.0,81.0,14.0,81.0,14.0,0.0,0.0,0.0,0.0,0.0,4.0
2001_10_IND_NO,2001,10,NO,IND,7,7,0,0.0,0.0,0.0,0.0,0.0,0.0,0.0,1.0,0.0,0.0,1.0,,,70.0,0.0,0.0,0.0,0.0,0.0,0.0,0.0
2001_10_SD_OAK,2001,10,OAK,SD,7,7,0,0.0,0.0,0.0,0.0,0.0,0.0,1.0,0.0,1.0,1.0,0.0,65.0,7.0,65.0,7.0,0.0,0.0,0.0,0.0,0.0,0.0
2001_10_JAX_PIT,2001,10,PIT,JAX,7,7,0,0.0,0.0,0.0,0.0,0.0,0.0,1.0,0.0,1.0,1.0,0.0,57.0,0.0,57.0,0.0,0.0,0.0,0.0,0.0,0.0,0.0
2001_10_DET_ARI,2001,10,ARI,DET,7,7,0,0.0,0.0,0.0,0.0,0.0,0.0,0.0,0.0,1.0,1.0,0.0,79.0,0.0,79.0,0.0,0.0,0.0,0.0,0.0,0.0,0.0
2001_10_WAS_DEN,2001,10,DEN,WAS,7,14,-7,0.0,0.0,0.0,0.0,1.0,-1.0,0.0,0.0,1.0,1.0,0.0,44.0,11.0,44.0,11.0,0.0,0.0,0.0,0.0,6.0,1.0
2001_10_CHI_TB,2001,10,TB,CHI,7,7,0,0.0,0.0,0.0,0.0,0.0,0.0,1.0,0.0,1.0,1.0,0.0,80.0,10.0,80.0,10.0,0.0,0.0,0.0,0.0,0.0,0.0
2001_10_STL_NE,2001,10,NE,STL,7,7,0,0.0,0.0,0.0,0.0,0.0,0.0,0.0,0.0,1.0,1.0,0.0,49.0,15.0,49.0,15.0,0.0,0.0,1.0,0.0,1.0,5.0
2001_10_NYG_MIN,2001,10,MIN,NYG,8,8,0,0.0,0.0,0.0,0.0,0.0,0.0,0.0,1.0,0.0,0.0,1.0,,,70.0,0.0,0.0,0.0,0.0,0.0,0.0,0.0
2001_11_GB_DET,2001,11,DET,GB,4,4,0,1.0,1.0,0.0,0.0,0.0,0.0,1.0,1.0,0.0,0.0,1.0,,,70.0,0.0,0.0,0.0,0.0,0.0,0.0,0.0
2001_11_DEN_DAL,2001,11,DAL,DEN,4,4,0,1.0,1.0,0.0,0.0,0.0,0.0,0.0,0.0,1.0,0.0,1.0,72.0,0.0,72.0,0.0,0.0,0.0,0.0,0.0,0.0,0.0
2001_11_MIA_BUF,2001,11,BUF,MIA,7,7,0,0.0,0.0,0.0,0.0,0.0,0.0,1.0,0.0,1.0,0.0,1.0,58.0,18.0,58.0,18.0,0.0,0.0,1.0,0.0,0.0,8.0
2001_11_ATL_CAR,2001,11,CAR,ATL,7,7,0,0.0,0.0,0.0,0.0,0.0,0.0,1.0,0.0,1.0,1.0,0.0,73.0,12.0,73.0,12.0,0.0,0.0,0.0,0.0,0.0,2.0
2001_11_CIN_CLE,2001,11,CLE,CIN,7,7,0,0.0,0.0,0.0,0.0,0.0,0.0,1.0,0.0,1.0,1.0,0.0,55.0,15.0,55.0,15.0,0.0,0.0,1.0,0.0,0.0,5.0
2001_11_SF_IND,2001,11,IND,SF,7,7,0,0.0,0.0,0.0,0.0,0.0,0.0,0.0,1.0,0.0,0.0,1.0,,,70.0,0.0,0.0,0.0,0.0,0.0,0.0,0.0
2001_11_BAL_JAX,2001,11,JAX,BAL,7,7,0,0.0,0.0,0.0,0.0,0.0,0.0,1.0,0.0,1.0,1.0,0.0,79.0,7.0,79.0,7.0,0.0,0.0,0.0,0.0,0.0,0.0
2001_11_SEA_KC,2001,11,KC,SEA,14,7,7,0.0,0.0,0.0,1.0,0.0,1.0,1.0,0.0,1.0,1.0,0.0,49.0,5.0,49.0,5.0,0.0,0.0,0.0,0.0,1.0,0.0
2001_11_WAS_PHI,2001,11,PHI,WAS,7,7,0,0.0,0.0,0.0,0.0,0.0,0.0,1.0,0.0,1.0,0.0,1.0,69.0,20.0,69.0,20.0,0.0,0.0,1.0,1.0,0.0,10.0
2001_11_PIT_TEN,2001,11,TEN,PIT,7,7,0,0.0,0.0,0.0,0.0,0.0,0.0,1.0,0.0,1.0,1.0,0.0,63.0,6.0,63.0,6.0,0.0,0.0,0.0,0.0,0.0,0.0
2001_11_NO_NE,2001,11,NE,NO,7,7,0,0.0,0.0,0.0,0.0,0.0,0.0,0.0,0.0,1.0,1.0,0.0,62.0,20.0,62.0,20.0,0.0,0.0,1.0,1.0,0.0,10.0
2001_11_ARI_SD,2001,11,SD,ARI,7,7,0,0.0,0.0,0.0,0.0,0.0,0.0,0.0,0.0,1.0,1.0,0.0,63.0,9.0,63.0,9.0,0.0,0.0,0.0,0.0,0.0,0.0
2001_11_OAK_NYG,2001,11,NYG,OAK,6,7,-1,1.0,0.0,-1.0,0.0,0.0,0.0,0.0,0.0,1.0,1.0,0.0,64.0,14.0,64.0,14.0,0.0,0.0,0.0,0.0,0.0,4.0
2001_11_CHI_MIN,2001,11,MIN,CHI,6,7,-1,1.0,0.0,-1.0,0.0,0.0,0.0,1.0,1.0,0.0,0.0,1.0,,,70.0,0.0,0.0,0.0,0.0,0.0,0.0,0.0
2001_11_TB_STL,2001,11,STL,TB,8,8,0,0.0,0.0,0.0,0.0,0.0,0.0,0.0,1.0,0.0,0.0,1.0,,,70.0,0.0,0.0,0.0,0.0,0.0,0.0,0.0
2001_12_PHI_KC,2001,12,KC,PHI,4,4,0,1.0,1.0,0.0,0.0,0.0,0.0,0.0,0.0,1.0,1.0,0.0,35.0,7.0,35.0,7.0,1.0,0.0,0.0,0.0,15.0,0.0
2001_12_IND_BAL,2001,12,BAL,IND,7,7,0,0.0,0.0,0.0,0.0,0.0,0.0,0.0,0.0,1.0,1.0,0.0,51.0,9.0,51.0,9.0,0.0,0.0,0.0,0.0,0.0,0.0
2001_12_DET_CHI,2001,12,CHI,DET,7,10,-3,0.0,0.0,0.0,0.0,1.0,-1.0,1.0,0.0,1.0,1.0,0.0,51.0,13.0,51.0,13.0,0.0,0.0,0.0,0.0,0.0,3.0
2001_12_TB_CIN,2001,12,CIN,TB,7,6,1,0.0,1.0,1.0,0.0,0.0,0.0,0.0,0.0,1.0,1.0,0.0,51.0,8.0,51.0,8.0,0.0,0.0,0.0,0.0,0.0,0.0
2001_12_TEN_CLE,2001,12,CLE,TEN,7,7,0,0.0,0.0,0.0,0.0,0.0,0.0,1.0,0.0,1.0,1.0,0.0,44.0,5.0,44.0,5.0,0.0,0.0,0.0,0.0,6.0,0.0
2001_12_DEN_MIA,2001,12,MIA,DEN,7,10,-3,0.0,0.0,0.0,0.0,1.0,-1.0,0.0,0.0,1.0,1.0,0.0,76.0,6.0,76.0,6.0,0.0,0.0,0.0,0.0,0.0,0.0
2001_12_CAR_NO,2001,12,NO,CAR,7,7,0,0.0,0.0,0.0,0.0,0.0,0.0,1.0,1.0,0.0,0.0,1.0,,,70.0,0.0,0.0,0.0,0.0,0.0,0.0,0.0
2001_12_NE_NYJ,2001,12,NYJ,NE,14,7,7,0.0,0.0,0.0,1.0,0.0,1.0,1.0,0.0,1.0,1.0,0.0,53.0,10.0,53.0,10.0,0.0,0.0,0.0,0.0,0.0,0.0
2001_12_MIN_PIT,2001,12,PIT,MIN,7,7,0,0.0,0.0,0.0,0.0,0.0,0.0,0.0,0.0,1.0,1.0,0.0,46.0,0.0,46.0,0.0,0.0,0.0,0.0,0.0,4.0,0.0
2001_12_SD_SEA,2001,12,SEA,SD,7,7,0,0.0,0.0,0.0,0.0,0.0,0.0,1.0,0.0,1.0,0.0,1.0,41.0,12.0,41.0,12.0,0.0,0.0,0.0,0.0,9.0,2.0
2001_12_STL_ATL,2001,12,ATL,STL,7,6,1,0.0,1.0,1.0,0.0,0.0,0.0,1.0,1.0,0.0,0.0,1.0,,,70.0,0.0,0.0,0.0,0.0,0.0,0.0,0.0
2001_12_ARI_OAK,2001,12,OAK,ARI,7,7,0,0.0,0.0,0.0,0.0,0.0,0.0,0.0,0.0,1.0,1.0,0.0,58.0,20.0,58.0,20.0,0.0,0.0,1.0,1.0,0.0,10.0
2001_12_DAL_WAS,2001,12,WAS,DAL,7,10,-3,0.0,0.0,0.0,0.0,1.0,-1.0,1.0,0.0,1.0,1.0,0.0,52.0,9.0,52.0,9.0,0.0,0.0,0.0,0.0,0.0,0.0
2001_12_BUF_SF,2001,12,SF,BUF,7,7,0,0.0,0.0,0.0,0.0,0.0,0.0,0.0,0.0,1.0,1.0,0.0,45.0,25.0,45.0,25.0,0.0,0.0,1.0,1.0,5.0,15.0
2001_12_GB_JAX,2001,12,JAX,GB,8,11,-3,0.0,0.0,0.0,0.0,1.0,-1.0,0.0,0.0,1.0,1.0,0.0,56.0,10.0,56.0,10.0,0.0,0.0,0.0,0.0,0.0,0.0
2001_13_NO_ATL,2001,13,ATL,NO,7,7,0,0.0,0.0,0.0,0.0,0.0,0.0,1.0,1.0,0.0,0.0,1.0,,,70.0,0.0,0.0,0.0,0.0,0.0,0.0,0.0
2001_13_CAR_BUF,2001,13,BUF,CAR,7,7,0,0.0,0.0,0.0,0.0,0.0,0.0,0.0,0.0,1.0,0.0,1.0,40.0,6.0,40.0,6.0,1.0,0.0,0.0,0.0,10.0,0.0
2001_13_JAX_CIN,2001,13,CIN,JAX,7,6,1,0.0,1.0,1.0,0.0,0.0,0.0,1.0,0.0,1.0,1.0,0.0,42.0,8.0,42.0,8.0,0.0,0.0,0.0,0.0,8.0,0.0
2001_13_NYG_DAL,2001,13,DAL,NYG,7,14,-7,0.0,0.0,0.0,0.0,1.0,-1.0,1.0,0.0,1.0,0.0,1.0,47.0,5.0,47.0,5.0,0.0,0.0,0.0,0.0,3.0,0.0
2001_13_CHI_GB,2001,13,GB,CHI,6,7,-1,1.0,0.0,-1.0,0.0,0.0,0.0,1.0,0.0,1.0,1.0,0.0,33.0,12.0,33.0,12.0,1.0,0.0,0.0,0.0,17.0,2.0
2001_13_TEN_MIN,2001,13,MIN,TEN,7,7,0,0.0,0.0,0.0,0.0,0.0,0.0,0.0,1.0,0.0,0.0,1.0,,,70.0,0.0,0.0,0.0,0.0,0.0,0.0,0.0
2001_13_CLE_NE,2001,13,NE,CLE,7,7,0,0.0,0.0,0.0,0.0,0.0,0.0,0.0,0.0,1.0,1.0,0.0,37.0,15.0,37.0,15.0,1.0,0.0,1.0,0.0,13.0,5.0
2001_13_SD_PHI,2001,13,PHI,SD,10,7,3,0.0,0.0,0.0,1.0,0.0,1.0,0.0,0.0,1.0,0.0,1.0,43.0,10.0,43.0,10.0,0.0,0.0,0.0,0.0,7.0,0.0
2001_13_SF_STL,2001,13,STL,SF,7,7,0,0.0,0.0,0.0,0.0,0.0,0.0,1.0,1.0,0.0,0.0,1.0,,,70.0,0.0,0.0,0.0,0.0,0.0,0.0,0.0
2001_13_DET_TB,2001,13,TB,DET,7,7,0,0.0,0.0,0.0,0.0,0.0,0.0,1.0,0.0,1.0,1.0,0.0,83.0,5.0,83.0,5.0,0.0,0.0,0.0,0.0,0.0,0.0
2001_13_WAS_ARI,2001,13,ARI,WAS,7,7,0,0.0,0.0,0.0,0.0,0.0,0.0,1.0,0.0,1.0,1.0,0.0,71.0,8.0,71.0,8.0,0.0,0.0,0.0,0.0,0.0,0.0
2001_13_KC_OAK,2001,13,OAK,KC,7,10,-3,0.0,0.0,0.0,0.0,1.0,-1.0,1.0,0.0,1.0,1.0,0.0,54.0,15.0,54.0,15.0,0.0,0.0,1.0,0.0,0.0,5.0
2001_13_NYJ_PIT,2001,13,PIT,NYJ,7,7,0,0.0,0.0,0.0,0.0,0.0,0.0,0.0,0.0,1.0,1.0,0.0,41.0,8.0,41.0,8.0,0.0,0.0,0.0,0.0,9.0,0.0
2001_13_SEA_DEN,2001,13,DEN,SEA,7,7,0,0.0,0.0,0.0,0.0,0.0,0.0,1.0,0.0,1.0,1.0,0.0,38.0,3.0,38.0,3.0,1.0,0.0,0.0,0.0,12.0,0.0
2001_13_IND_MIA,2001,13,MIA,IND,8,8,0,0.0,0.0,0.0,0.0,0.0,0.0,1.0,0.0,1.0,1.0,0.0,74.0,6.0,74.0,6.0,0.0,0.0,0.0,0.0,0.0,0.0
2001_14_ARI_NYG,2001,14,NYG,ARI,6,6,0,1.0,1.0,0.0,0.0,0.0,0.0,1.0,0.0,1.0,1.0,0.0,46.0,18.0,46.0,18.0,0.0,0.0,1.0,0.0,4.0,8.0
2001_14_OAK_SD,2001,14,SD,OAK,6,6,0,1.0,1.0,0.0,0.0,0.0,0.0,1.0,0.0,1.0,1.0,0.0,62.0,8.0,62.0,8.0,0.0,0.0,0.0,0.0,0.0,0.0
2001_14_NE_BUF,2001,14,BUF,NE,7,7,0,0.0,0.0,0.0,0.0,0.0,0.0,1.0,0.0,1.0,0.0,1.0,34.0,0.0,34.0,0.0,1.0,0.0,0.0,0.0,16.0,0.0
2001_14_TB_CHI,2001,14,CHI,TB,7,7,0,0.0,0.0,0.0,0.0,0.0,0.0,1.0,0.0,1.0,1.0,0.0,45.0,10.0,45.0,10.0,0.0,0.0,0.0,0.0,5.0,0.0
2001_14_JAX_CLE,2001,14,CLE,JAX,7,7,0,0.0,0.0,0.0,0.0,0.0,0.0,1.0,0.0,1.0,1.0,0.0,44.0,8.0,44.0,8.0,0.0,0.0,0.0,0.0,6.0,0.0
2001_14_MIN_DET,2001,14,DET,MIN,7,7,0,0.0,0.0,0.0,0.0,0.0,0.0,1.0,1.0,0.0,0.0,1.0,,,70.0,0.0,0.0,0.0,0.0,0.0,0.0,0.0
2001_14_ATL_IND,2001,14,IND,ATL,6,7,-1,1.0,0.0,-1.0,0.0,0.0,0.0,0.0,1.0,0.0,0.0,1.0,,,70.0,0.0,0.0,0.0,0.0,0.0,0.0,0.0
2001_14_DEN_KC,2001,14,KC,DEN,7,7,0,0.0,0.0,0.0,0.0,0.0,0.0,1.0,0.0,1.0,1.0,0.0,49.0,0.0,49.0,0.0,0.0,0.0,0.0,0.0,1.0,0.0
2001_14_CIN_NYJ,2001,14,NYJ,CIN,7,7,0,0.0,0.0,0.0,0.0,0.0,0.0,0.0,0.0,1.0,1.0,0.0,40.0,7.0,40.0,7.0,1.0,0.0,0.0,0.0,10.0,0.0
2001_14_PHI_WAS,2001,14,WAS,PHI,7,7,0,0.0,0.0,0.0,0.0,0.0,0.0,1.0,0.0,1.0,1.0,0.0,46.0,0.0,46.0,0.0,0.0,0.0,0.0,0.0,4.0,0.0
2001_14_MIA_SF,2001,14,SF,MIA,7,6,1,0.0,1.0,1.0,0.0,0.0,0.0,0.0,0.0,1.0,1.0,0.0,52.0,0.0,52.0,0.0,0.0,0.0,0.0,0.0,0.0,0.0
2001_14_DAL_SEA,2001,14,SEA,DAL,7,7,0,0.0,0.0,0.0,0.0,0.0,0.0,0.0,0.0,1.0,0.0,1.0,46.0,20.0,46.0,20.0,0.0,0.0,1.0,1.0,4.0,10.0
2001_14_GB_TEN,2001,14,TEN,GB,7,7,0,0.0,0.0,0.0,0.0,0.0,0.0,0.0,0.0,1.0,1.0,0.0,62.0,17.0,62.0,17.0,0.0,0.0,1.0,0.0,0.0,7.0
2001_14_PIT_BAL,2001,14,BAL,PIT,14,7,7,0.0,0.0,0.0,1.0,0.0,1.0,1.0,0.0,1.0,1.0,0.0,42.0,4.0,42.0,4.0,0.0,0.0,0.0,0.0,8.0,0.0
2001_14_STL_NO,2001,14,NO,STL,8,8,0,0.0,0.0,0.0,0.0,0.0,0.0,1.0,1.0,0.0,0.0,1.0,,,70.0,0.0,0.0,0.0,0.0,0.0,0.0,0.0
2001_15_TEN_OAK,2001,15,OAK,TEN,7,6,1,0.0,1.0,1.0,0.0,0.0,0.0,0.0,0.0,1.0,1.0,0.0,52.0,6.0,52.0,6.0,0.0,0.0,0.0,0.0,0.0,0.0
2001_15_MIA_NE,2001,15,NE,MIA,6,6,0,1.0,1.0,0.0,0.0,0.0,0.0,1.0,0.0,1.0,1.0,0.0,36.0,14.0,36.0,14.0,1.0,0.0,0.0,0.0,14.0,4.0
2001_15_PHI_SF,2001,15,SF,PHI,6,6,0,1.0,1.0,0.0,0.0,0.0,0.0,0.0,0.0,1.0,1.0,0.0,51.0,8.0,51.0,8.0,0.0,0.0,0.0,0.0,0.0,0.0
2001_15_BUF_ATL,2001,15,ATL,BUF,7,7,0,0.0,0.0,0.0,0.0,0.0,0.0,0.0,1.0,0.0,0.0,1.0,,,70.0,0.0,0.0,0.0,0.0,0.0,0.0,0.0
2001_15_CIN_BAL,2001,15,BAL,CIN,7,7,0,0.0,0.0,0.0,0.0,0.0,0.0,1.0,0.0,1.0,1.0,0.0,46.0,0.0,46.0,0.0,0.0,0.0,0.0,0.0,4.0,0.0
2001_15_STL_CAR,2001,15,CAR,STL,14,6,8,0.0,1.0,1.0,1.0,0.0,1.0,1.0,0.0,1.0,1.0,0.0,51.0,10.0,51.0,10.0,0.0,0.0,0.0,0.0,0.0,0.0
2001_15_SD_KC,2001,15,KC,SD,7,8,-1,0.0,0.0,0.0,0.0,0.0,0.0,1.0,0.0,1.0,1.0,0.0,28.0,15.0,28.0,15.0,1.0,0.0,1.0,0.0,22.0,5.0
2001_15_JAX_MIN,2001,15,MIN,JAX,7,7,0,0.0,0.0,0.0,0.0,0.0,0.0,0.0,1.0,0.0,0.0,1.0,,,70.0,0.0,0.0,0.0,0.0,0.0,0.0,0.0
2001_15_SEA_NYG,2001,15,NYG,SEA,8,7,1,0.0,0.0,0.0,0.0,0.0,0.0,0.0,0.0,1.0,1.0,0.0,43.0,7.0,43.0,7.0,0.0,0.0,0.0,0.0,7.0,0.0
2001_15_DET_PIT,2001,15,PIT,DET,7,7,0,0.0,0.0,0.0,0.0,0.0,0.0,0.0,0.0,1.0,1.0,0.0,45.0,13.0,45.0,13.0,0.0,0.0,0.0,0.0,5.0,3.0
2001_15_NO_TB,2001,15,TB,NO,7,6,1,0.0,1.0,1.0,0.0,0.0,0.0,0.0,0.0,1.0,1.0,0.0,74.0,9.0,74.0,9.0,0.0,0.0,0.0,0.0,0.0,0.0
2001_15_CHI_WAS,2001,15,WAS,CHI,7,7,0,0.0,0.0,0.0,0.0,0.0,0.0,0.0,0.0,1.0,1.0,0.0,51.0,14.0,51.0,14.0,0.0,0.0,0.0,0.0,0.0,4.0
2001_15_DAL_ARI,2001,15,ARI,DAL,8,7,1,0.0,0.0,0.0,0.0,0.0,0.0,1.0,0.0,1.0,1.0,0.0,58.0,5.0,58.0,5.0,0.0,0.0,0.0,0.0,0.0,0.0
2001_15_CLE_GB,2001,15,GB,CLE,7,7,0,0.0,0.0,0.0,0.0,0.0,0.0,0.0,0.0,1.0,1.0,0.0,24.0,15.0,24.0,15.0,1.0,1.0,1.0,0.0,26.0,5.0
2001_15_NYJ_IND,2001,15,IND,NYJ,7,7,0,0.0,0.0,0.0,0.0,0.0,0.0,1.0,1.0,0.0,0.0,1.0,,,70.0,0.0,0.0,0.0,0.0,0.0,0.0,0.0
2001_16_BAL_TB,2001,16,TB,BAL,6,6,0,1.0,1.0,0.0,0.0,0.0,0.0,0.0,0.0,1.0,1.0,0.0,65.0,5.0,65.0,5.0,0.0,0.0,0.0,0.0,0.0,0.0
2001_16_ARI_CAR,2001,16,CAR,ARI,7,7,0,0.0,0.0,0.0,0.0,0.0,0.0,0.0,0.0,1.0,1.0,0.0,42.0,7.0,42.0,7.0,0.0,0.0,0.0,0.0,8.0,0.0
2001_16_PIT_CIN,2001,16,CIN,PIT,7,7,0,0.0,0.0,0.0,0.0,0.0,0.0,1.0,0.0,1.0,1.0,0.0,20.0,10.0,20.0,10.0,1.0,1.0,0.0,0.0,30.0,0.0
2001_16_SF_DAL,2001,16,DAL,SF,7,8,-1,0.0,0.0,0.0,0.0,0.0,0.0,0.0,0.0,1.0,0.0,1.0,35.0,5.0,35.0,5.0,1.0,0.0,0.0,0.0,15.0,0.0
2001_16_CHI_DET,2001,16,DET,CHI,7,7,0,0.0,0.0,0.0,0.0,0.0,0.0,1.0,1.0,0.0,0.0,1.0,,,70.0,0.0,0.0,0.0,0.0,0.0,0.0,0.0
2001_16_MIN_GB,2001,16,GB,MIN,7,7,0,0.0,0.0,0.0,0.0,0.0,0.0,1.0,0.0,1.0,1.0,0.0,19.0,14.0,19.0,14.0,1.0,1.0,0.0,0.0,31.0,4.0
2001_16_KC_JAX,2001,16,JAX,KC,7,7,0,0.0,0.0,0.0,0.0,0.0,0.0,0.0,0.0,1.0,1.0,0.0,53.0,5.0,53.0,5.0,0.0,0.0,0.0,0.0,0.0,0.0
2001_16_ATL_MIA,2001,16,MIA,ATL,8,7,1,0.0,0.0,0.0,0.0,0.0,0.0,0.0,0.0,1.0,1.0,0.0,75.0,5.0,75.0,5.0,0.0,0.0,0.0,0.0,0.0,0.0
2001_16_BUF_NYJ,2001,16,NYJ,BUF,7,7,0,0.0,0.0,0.0,0.0,0.0,0.0,1.0,0.0,1.0,1.0,0.0,32.0,15.0,32.0,15.0,1.0,0.0,1.0,0.0,18.0,5.0
2001_16_IND_STL,2001,16,STL,IND,7,7,0,0.0,0.0,0.0,0.0,0.0,0.0,0.0,1.0,0.0,0.0,1.0,,,70.0,0.0,0.0,0.0,0.0,0.0,0.0,0.0
2001_16_CLE_TEN,2001,16,TEN,CLE,8,7,1,0.0,0.0,0.0,0.0,0.0,0.0,1.0,0.0,1.0,1.0,0.0,28.0,6.0,28.0,6.0,1.0,0.0,0.0,0.0,22.0,0.0
2001_16_NYG_PHI,2001,16,PHI,NYG,8,7,1,0.0,0.0,0.0,0.0,0.0,0.0,1.0,0.0,1.0,0.0,1.0,31.0,16.0,31.0,16.0,1.0,0.0,1.0,0.0,19.0,6.0
2001_16_OAK_DEN,2001,16,DEN,OAK,14,8,6,0.0,0.0,0.0,1.0,0.0,1.0,1.0,0.0,1.0,1.0,0.0,24.0,3.0,24.0,3.0,1.0,1.0,0.0,0.0,26.0,0.0
2001_16_SEA_SD,2001,16,SD,SEA,7,7,0,0.0,0.0,0.0,0.0,0.0,0.0,1.0,0.0,1.0,1.0,0.0,63.0,8.0,63.0,8.0,0.0,0.0,0.0,0.0,0.0,0.0
2001_16_WAS_NO,2001,16,NO,WAS,7,7,0,0.0,0.0,0.0,0.0,0.0,0.0,0.0,1.0,0.0,0.0,1.0,,,70.0,0.0,0.0,0.0,0.0,0.0,0.0,0.0
2001_17_DEN_IND,2001,17,IND,DEN,7,7,0,0.0,0.0,0.0,0.0,0.0,0.0,0.0,1.0,0.0,0.0,1.0,,,70.0,0.0,0.0,0.0,0.0,0.0,0.0,0.0
2001_17_NE_CAR,2001,17,CAR,NE,7,15,-8,0.0,0.0,0.0,0.0,1.0,-1.0,0.0,0.0,1.0,1.0,0.0,36.0,3.0,36.0,3.0,1.0,0.0,0.0,0.0,14.0,0.0
2001_17_JAX_CHI,2001,17,CHI,JAX,7,7,0,0.0,0.0,0.0,0.0,0.0,0.0,0.0,0.0,1.0,1.0,0.0,37.0,14.0,37.0,14.0,1.0,0.0,0.0,0.0,13.0,4.0
2001_17_DAL_DET,2001,17,DET,DAL,7,7,0,0.0,0.0,0.0,0.0,0.0,0.0,0.0,1.0,0.0,0.0,1.0,,,70.0,0.0,0.0,0.0,0.0,0.0,0.0,0.0
2001_17_SF_NO,2001,17,NO,SF,7,7,0,0.0,0.0,0.0,0.0,0.0,0.0,1.0,1.0,0.0,0.0,1.0,,,70.0,0.0,0.0,0.0,0.0,0.0,0.0,0.0
2001_17_GB_NYG,2001,17,NYG,GB,7,7,0,0.0,0.0,0.0,0.0,0.0,0.0,0.0,0.0,1.0,1.0,0.0,37.0,5.0,37.0,5.0,1.0,0.0,0.0,0.0,13.0,0.0
2001_17_CLE_PIT,2001,17,PIT,CLE,7,7,0,0.0,0.0,0.0,0.0,0.0,0.0,1.0,0.0,1.0,1.0,0.0,31.0,5.0,31.0,5.0,1.0,0.0,0.0,0.0,19.0,0.0
2001_17_CIN_TEN,2001,17,TEN,CIN,7,7,0,0.0,0.0,0.0,0.0,0.0,0.0,1.0,0.0,1.0,1.0,0.0,37.0,8.0,37.0,8.0,1.0,0.0,0.0,0.0,13.0,0.0
2001_17_ARI_WAS,2001,17,WAS,ARI,7,7,0,0.0,0.0,0.0,0.0,0.0,0.0,1.0,0.0,1.0,1.0,0.0,40.0,8.0,40.0,8.0,1.0,0.0,0.0,0.0,10.0,0.0
2001_17_ATL_STL,2001,17,STL,ATL,7,7,0,0.0,0.0,0.0,0.0,0.0,0.0,1.0,1.0,0.0,0.0,1.0,,,70.0,0.0,0.0,0.0,0.0,0.0,0.0,0.0
2001_17_BUF_MIA,2001,17,MIA,BUF,7,7,0,0.0,0.0,0.0,0.0,0.0,0.0,1.0,0.0,1.0,1.0,0.0,67.0,14.0,67.0,14.0,0.0,0.0,0.0,0.0,0.0,4.0
2001_17_NYJ_OAK,2001,17,OAK,NYJ,7,7,0,0.0,0.0,0.0,0.0,0.0,0.0,0.0,0.0,1.0,1.0,0.0,55.0,3.0,55.0,3.0,0.0,0.0,0.0,0.0,0.0,0.0
2001_17_KC_SEA,2001,17,SEA,KC,7,7,0,0.0,0.0,0.0,0.0,0.0,0.0,1.0,0.0,1.0,0.0,1.0,49.0,0.0,49.0,0.0,0.0,0.0,0.0,0.0,1.0,0.0
2001_17_PHI_TB,2001,17,TB,PHI,8,7,1,0.0,0.0,0.0,0.0,0.0,0.0,0.0,0.0,1.0,1.0,0.0,60.0,15.0,60.0,15.0,0.0,0.0,1.0,0.0,0.0,5.0
2001_17_MIN_BAL,2001,17,BAL,MIN,9,8,1,0.0,0.0,0.0,0.0,0.0,0.0,0.0,0.0,1.0,1.0,0.0,36.0,11.0,36.0,11.0,1.0,0.0,0.0,0.0,14.0,1.0
2001_18_TB_PHI,2001,18,PHI,TB,6,6,0,1.0,1.0,0.0,0.0,0.0,0.0,0.0,0.0,1.0,0.0,1.0,46.0,10.0,46.0,10.0,0.0,0.0,0.0,0.0,4.0,0.0
2001_18_NYJ_OAK,2001,18,OAK,NYJ,6,6,0,1.0,1.0,0.0,0.0,0.0,0.0,0.0,0.0,1.0,1.0,0.0,53.0,8.0,53.0,8.0,0.0,0.0,0.0,0.0,0.0,0.0
2001_18_SF_GB,2001,18,GB,SF,7,7,0,0.0,0.0,0.0,0.0,0.0,0.0,0.0,0.0,1.0,1.0,0.0,28.0,4.0,28.0,4.0,1.0,0.0,0.0,0.0,22.0,0.0
2001_18_BAL_MIA,2001,18,MIA,BAL,7,6,1,0.0,1.0,1.0,0.0,0.0,0.0,0.0,0.0,1.0,1.0,0.0,73.0,8.0,73.0,8.0,0.0,0.0,0.0,0.0,0.0,0.0
2001_19_PHI_CHI,2001,19,CHI,PHI,13,7,6,0.0,0.0,0.0,1.0,0.0,1.0,0.0,0.0,1.0,1.0,0.0,31.0,8.0,31.0,8.0,1.0,0.0,0.0,0.0,19.0,0.0
2001_19_OAK_NE,2001,19,NE,OAK,13,7,6,0.0,0.0,0.0,1.0,0.0,1.0,0.0,0.0,1.0,1.0,0.0,25.0,3.0,25.0,3.0,1.0,1.0,0.0,0.0,25.0,0.0
2001_19_BAL_PIT,2001,19,PIT,BAL,14,7,7,0.0,0.0,0.0,1.0,0.0,1.0,1.0,0.0,1.0,1.0,0.0,21.0,10.0,21.0,10.0,1.0,1.0,0.0,0.0,29.0,0.0
2001_19_GB_STL,2001,19,STL,GB,14,7,7,0.0,0.0,0.0,1.0,0.0,1.0,0.0,1.0,0.0,0.0,1.0,,,70.0,0.0,0.0,0.0,0.0,0.0,0.0,0.0
2001_20_NE_PIT,2001,20,PIT,NE,7,8,-1,0.0,0.0,0.0,0.0,0.0,0.0,0.0,0.0,1.0,1.0,0.0,50.0,16.0,50.0,16.0,0.0,0.0,1.0,0.0,0.0,6.0
2001_20_PHI_STL,2001,20,STL,PHI,7,8,-1,0.0,0.0,0.0,0.0,0.0,0.0,0.0,1.0,0.0,0.0,1.0,,,70.0,0.0,0.0,0.0,0.0,0.0,0.0,0.0
2001_21_STL_NE,2001,21,NE,STL,7,7,0,0.0,0.0,0.0,0.0,0.0,0.0,0.0,1.0,0.0,0.0,1.0,,,70.0,0.0,0.0,0.0,0.0,0.0,0.0,0.0
2002_01_SF_NYG,2002,1,NYG,SF,7,7,0,0.0,0.0,0.0,0.0,0.0,0.0,0.0,0.0,1.0,1.0,0.0,73.0,7.0,73.0,7.0,0.0,0.0,0.0,0.0,0.0,0.0
2002_01_NYJ_BUF,2002,1,BUF,NYJ,7,7,0,0.0,0.0,0.0,0.0,0.0,0.0,1.0,0.0,1.0,0.0,1.0,86.0,6.0,86.0,6.0,0.0,0.0,0.0,0.0,0.0,0.0
2002_01_BAL_CAR,2002,1,CAR,BAL,7,7,0,0.0,0.0,0.0,0.0,0.0,0.0,0.0,0.0,1.0,1.0,0.0,78.0,12.0,78.0,12.0,0.0,0.0,0.0,0.0,0.0,2.0
2002_01_MIN_CHI,2002,1,CHI,MIN,7,7,0,0.0,0.0,0.0,0.0,0.0,0.0,1.0,0.0,1.0,0.0,0.0,85.0,3.0,85.0,3.0,0.0,0.0,0.0,0.0,0.0,0.0
2002_01_SD_CIN,2002,1,CIN,SD,7,7,0,0.0,0.0,0.0,0.0,0.0,0.0,0.0,0.0,1.0,1.0,0.0,90.0,7.0,90.0,7.0,0.0,0.0,0.0,0.0,0.0,0.0
2002_01_KC_CLE,2002,1,CLE,KC,7,7,0,0.0,0.0,0.0,0.0,0.0,0.0,0.0,0.0,1.0,1.0,0.0,86.0,0.0,86.0,0.0,0.0,0.0,0.0,0.0,0.0,0.0
2002_01_ATL_GB,2002,1,GB,ATL,7,7,0,0.0,0.0,0.0,0.0,0.0,0.0,0.0,0.0,1.0,1.0,0.0,83.0,9.0,83.0,9.0,0.0,0.0,0.0,0.0,0.0,0.0
2002_01_IND_JAX,2002,1,JAX,IND,7,7,0,0.0,0.0,0.0,0.0,0.0,0.0,1.0,0.0,1.0,1.0,0.0,85.0,16.0,85.0,16.0,0.0,0.0,1.0,0.0,0.0,6.0
2002_01_DET_MIA,2002,1,MIA,DET,7,7,0,0.0,0.0,0.0,0.0,0.0,0.0,0.0,0.0,1.0,1.0,0.0,87.0,12.0,87.0,12.0,0.0,0.0,0.0,0.0,0.0,2.0
2002_01_PHI_TEN,2002,1,TEN,PHI,7,7,0,0.0,0.0,0.0,0.0,0.0,0.0,0.0,0.0,1.0,1.0,0.0,83.0,0.0,83.0,0.0,0.0,0.0,0.0,0.0,0.0,0.0
2002_01_ARI_WAS,2002,1,WAS,ARI,7,7,0,0.0,0.0,0.0,0.0,0.0,0.0,0.0,0.0,1.0,1.0,0.0,76.0,5.0,76.0,5.0,0.0,0.0,0.0,0.0,0.0,0.0
2002_01_STL_DEN,2002,1,DEN,STL,7,7,0,0.0,0.0,0.0,0.0,0.0,0.0,0.0,0.0,1.0,1.0,0.0,83.0,4.0,83.0,4.0,0.0,0.0,0.0,0.0,0.0,0.0
2002_01_SEA_OAK,2002,1,OAK,SEA,7,7,0,0.0,0.0,0.0,0.0,0.0,0.0,0.0,0.0,1.0,1.0,0.0,70.0,7.0,70.0,7.0,0.0,0.0,0.0,0.0,0.0,0.0
2002_01_NO_TB,2002,1,TB,NO,7,7,0,0.0,0.0,0.0,0.0,0.0,0.0,1.0,0.0,1.0,1.0,0.0,90.0,6.0,90.0,6.0,0.0,0.0,0.0,0.0,0.0,0.0
2002_01_DAL_HOU,2002,1,HOU,DAL,7,7,0,0.0,0.0,0.0,0.0,0.0,0.0,0.0,1.0,0.0,1.0,0.0,,,70.0,0.0,0.0,0.0,0.0,0.0,0.0,0.0
2002_01_PIT_NE,2002,1,NE,PIT,7,7,0,0.0,0.0,0.0,0.0,0.0,0.0,0.0,0.0,1.0,1.0,0.0,86.0,0.0,86.0,0.0,0.0,0.0,0.0,0.0,0.0,0.0
2002_02_CHI_ATL,2002,2,ATL,CHI,7,7,0,0.0,0.0,0.0,0.0,0.0,0.0,0.0,1.0,0.0,0.0,1.0,,,70.0,0.0,0.0,0.0,0.0,0.0,0.0,0.0
2002_02_TB_BAL,2002,2,BAL,TB,7,7,0,0.0,0.0,0.0,0.0,0.0,0.0,0.0,0.0,1.0,1.0,0.0,78.0,0.0,78.0,0.0,0.0,0.0,0.0,0.0,0.0,0.0
2002_02_DET_CAR,2002,2,CAR,DET,7,7,0,0.0,0.0,0.0,0.0,0.0,0.0,0.0,0.0,1.0,1.0,0.0,72.0,7.0,72.0,7.0,0.0,0.0,0.0,0.0,0.0,0.0
2002_02_CIN_CLE,2002,2,CLE,CIN,7,7,0,0.0,0.0,0.0,0.0,0.0,0.0,1.0,0.0,1.0,1.0,0.0,72.0,6.0,72.0,6.0,0.0,0.0,0.0,0.0,0.0,0.0
2002_02_TEN_DAL,2002,2,DAL,TEN,7,7,0,0.0,0.0,0.0,0.0,0.0,0.0,0.0,0.0,1.0,0.0,1.0,81.0,0.0,81.0,0.0,0.0,0.0,0.0,0.0,0.0,0.0
2002_02_MIA_IND,2002,2,IND,MIA,7,7,0,0.0,0.0,0.0,0.0,0.0,0.0,0.0,1.0,0.0,0.0,1.0,,,70.0,0.0,0.0,0.0,0.0,0.0,0.0,0.0
2002_02_JAX_KC,2002,2,KC,JAX,7,7,0,0.0,0.0,0.0,0.0,0.0,0.0,0.0,0.0,1.0,1.0,0.0,66.0,7.0,66.0,7.0,0.0,0.0,0.0,0.0,0.0,0.0
2002_02_GB_NO,2002,2,NO,GB,7,7,0,0.0,0.0,0.0,0.0,0.0,0.0,0.0,1.0,0.0,0.0,1.0,,,70.0,0.0,0.0,0.0,0.0,0.0,0.0,0.0
2002_02_NE_NYJ,2002,2,NYJ,NE,7,6,1,0.0,1.0,1.0,0.0,0.0,0.0,1.0,0.0,1.0,1.0,0.0,78.0,7.0,78.0,7.0,0.0,0.0,0.0,0.0,0.0,0.0
2002_02_ARI_SEA,2002,2,SEA,ARI,7,7,0,0.0,0.0,0.0,0.0,0.0,0.0,1.0,0.0,1.0,0.0,1.0,62.0,8.0,62.0,8.0,0.0,0.0,0.0,0.0,0.0,0.0
2002_02_NYG_STL,2002,2,STL,NYG,7,10,-3,0.0,0.0,0.0,0.0,1.0,-1.0,0.0,1.0,0.0,0.0,1.0,,,70.0,0.0,0.0,0.0,0.0,0.0,0.0,0.0
2002_02_BUF_MIN,2002,2,MIN,BUF,7,7,0,0.0,0.0,0.0,0.0,0.0,0.0,0.0,1.0,0.0,0.0,1.0,,,70.0,0.0,0.0,0.0,0.0,0.0,0.0,0.0
2002_02_HOU_SD,2002,2,SD,HOU,7,7,0,0.0,0.0,0.0,0.0,0.0,0.0,0.0,0.0,1.0,1.0,0.0,74.0,8.0,74.0,8.0,0.0,0.0,0.0,0.0,0.0,0.0
2002_02_DEN_SF,2002,2,SF,DEN,10,7,3,0.0,0.0,0.0,1.0,0.0,1.0,0.0,0.0,1.0,1.0,0.0,67.0,11.0,67.0,11.0,0.0,0.0,0.0,0.0,0.0,1.0
2002_02_OAK_PIT,2002,2,PIT,OAK,6,7,-1,1.0,0.0,-1.0,0.0,0.0,0.0,0.0,0.0,1.0,1.0,0.0,70.0,7.0,70.0,7.0,0.0,0.0,0.0,0.0,0.0,0.0
2002_02_PHI_WAS,2002,2,WAS,PHI,8,8,0,0.0,0.0,0.0,0.0,0.0,0.0,1.0,0.0,1.0,1.0,0.0,76.0,8.0,76.0,8.0,0.0,0.0,0.0,0.0,0.0,0.0
2002_03_NO_CHI,2002,3,CHI,NO,7,7,0,0.0,0.0,0.0,0.0,0.0,0.0,0.0,0.0,1.0,0.0,0.0,53.0,6.0,53.0,6.0,0.0,0.0,0.0,0.0,0.0,0.0
2002_03_IND_HOU,2002,3,HOU,IND,7,7,0,0.0,0.0,0.0,0.0,0.0,0.0,1.0,0.0,1.0,1.0,0.0,,,,,0.0,0.0,0.0,0.0,0.0,0.0
2002_03_NYJ_MIA,2002,3,MIA,NYJ,7,7,0,0.0,0.0,0.0,0.0,0.0,0.0,1.0,0.0,1.0,1.0,0.0,90.0,12.0,90.0,12.0,0.0,0.0,0.0,0.0,0.0,2.0
2002_03_CAR_MIN,2002,3,MIN,CAR,7,7,0,0.0,0.0,0.0,0.0,0.0,0.0,0.0,1.0,0.0,0.0,1.0,,,70.0,0.0,0.0,0.0,0.0,0.0,0.0,0.0
2002_03_KC_NE,2002,3,NE,KC,7,7,0,0.0,0.0,0.0,0.0,0.0,0.0,0.0,0.0,1.0,1.0,0.0,80.0,20.0,80.0,20.0,0.0,0.0,1.0,1.0,0.0,10.0
2002_03_DAL_PHI,2002,3,PHI,DAL,6,7,-1,1.0,0.0,-1.0,0.0,0.0,0.0,1.0,0.0,1.0,0.0,1.0,82.0,12.0,82.0,12.0,0.0,0.0,0.0,0.0,0.0,2.0
2002_03_CLE_TEN,2002,3,TEN,CLE,7,7,0,0.0,0.0,0.0,0.0,0.0,0.0,0.0,0.0,1.0,1.0,0.0,72.0,9.0,72.0,9.0,0.0,0.0,0.0,0.0,0.0,0.0
2002_03_SD_ARI,2002,3,ARI,SD,7,7,0,0.0,0.0,0.0,0.0,0.0,0.0,0.0,0.0,1.0,1.0,0.0,100.0,0.0,100.0,0.0,0.0,0.0,0.0,0.0,0.0,0.0
2002_03_BUF_DEN,2002,3,DEN,BUF,7,7,0,0.0,0.0,0.0,0.0,0.0,0.0,0.0,0.0,1.0,1.0,0.0,59.0,3.0,59.0,3.0,0.0,0.0,0.0,0.0,0.0,0.0
2002_03_GB_DET,2002,3,DET,GB,7,7,0,0.0,0.0,0.0,0.0,0.0,0.0,1.0,1.0,0.0,0.0,1.0,,,70.0,0.0,0.0,0.0,0.0,0.0,0.0,0.0
2002_03_SEA_NYG,2002,3,NYG,SEA,7,7,0,0.0,0.0,0.0,0.0,0.0,0.0,0.0,0.0,1.0,1.0,0.0,82.0,8.0,82.0,8.0,0.0,0.0,0.0,0.0,0.0,0.0
2002_03_WAS_SF,2002,3,SF,WAS,7,6,1,0.0,1.0,1.0,0.0,0.0,0.0,0.0,0.0,1.0,1.0,0.0,65.0,5.0,65.0,5.0,0.0,0.0,0.0,0.0,0.0,0.0
2002_03_CIN_ATL,2002,3,ATL,CIN,7,7,0,0.0,0.0,0.0,0.0,0.0,0.0,0.0,1.0,0.0,0.0,1.0,,,70.0,0.0,0.0,0.0,0.0,0.0,0.0,0.0
2002_03_STL_TB,2002,3,TB,STL,8,8,0,0.0,0.0,0.0,0.0,0.0,0.0,0.0,0.0,1.0,1.0,0.0,79.0,6.0,79.0,6.0,0.0,0.0,0.0,0.0,0.0,0.0
2002_04_CHI_BUF,2002,4,BUF,CHI,7,7,0,0.0,0.0,0.0,0.0,0.0,0.0,0.0,0.0,1.0,0.0,1.0,66.0,12.0,66.0,12.0,0.0,0.0,0.0,0.0,0.0,2.0
2002_04_NO_DET,2002,4,DET,NO,7,7,0,0.0,0.0,0.0,0.0,0.0,0.0,0.0,1.0,0.0,0.0,1.0,,,70.0,0.0,0.0,0.0,0.0,0.0,0.0,0.0
2002_04_CAR_GB,2002,4,GB,CAR,7,7,0,0.0,0.0,0.0,0.0,0.0,0.0,0.0,0.0,1.0,1.0,0.0,65.0,5.0,65.0,5.0,0.0,0.0,0.0,0.0,0.0,0.0
2002_04_NYJ_JAX,2002,4,JAX,NYJ,14,7,7,0.0,0.0,0.0,1.0,0.0,1.0,0.0,0.0,1.0,1.0,0.0,87.0,6.0,87.0,6.0,0.0,0.0,0.0,0.0,0.0,0.0
2002_04_MIA_KC,2002,4,KC,MIA,7,7,0,0.0,0.0,0.0,0.0,0.0,0.0,0.0,0.0,1.0,1.0,0.0,76.0,10.0,76.0,10.0,0.0,0.0,0.0,0.0,0.0,0.0
2002_04_HOU_PHI,2002,4,PHI,HOU,7,7,0,0.0,0.0,0.0,0.0,0.0,0.0,0.0,0.0,1.0,0.0,1.0,64.0,10.0,64.0,10.0,0.0,0.0,0.0,0.0,0.0,0.0
2002_04_CLE_PIT,2002,4,PIT,CLE,14,7,7,0.0,0.0,0.0,1.0,0.0,1.0,1.0,0.0,1.0,1.0,0.0,64.0,0.0,64.0,0.0,0.0,0.0,0.0,0.0,0.0,0.0
2002_04_DAL_STL,2002,4,STL,DAL,6,7,-1,1.0,0.0,-1.0,0.0,0.0,0.0,0.0,1.0,0.0,0.0,1.0,,,70.0,0.0,0.0,0.0,0.0,0.0,0.0,0.0
2002_04_NYG_ARI,2002,4,ARI,NYG,7,7,0,0.0,0.0,0.0,0.0,0.0,0.0,0.0,0.0,1.0,1.0,0.0,90.0,13.0,90.0,13.0,0.0,0.0,0.0,0.0,0.0,3.0
2002_04_TB_CIN,2002,4,CIN,TB,7,6,1,0.0,1.0,1.0,0.0,0.0,0.0,0.0,0.0,1.0,1.0,0.0,76.0,6.0,76.0,6.0,0.0,0.0,0.0,0.0,0.0,0.0
2002_04_TEN_OAK,2002,4,OAK,TEN,14,7,7,0.0,0.0,0.0,1.0,0.0,1.0,0.0,0.0,1.0,1.0,0.0,68.0,9.0,68.0,9.0,0.0,0.0,0.0,0.0,0.0,0.0
2002_04_NE_SD,2002,4,SD,NE,7,7,0,0.0,0.0,0.0,0.0,0.0,0.0,0.0,0.0,1.0,1.0,0.0,67.0,8.0,67.0,8.0,0.0,0.0,0.0,0.0,0.0,0.0
2002_04_MIN_SEA,2002,4,SEA,MIN,7,7,0,0.0,0.0,0.0,0.0,0.0,0.0,0.0,0.0,1.0,0.0,1.0,59.0,6.0,59.0,6.0,0.0,0.0,0.0,0.0,0.0,0.0
2002_04_DEN_BAL,2002,4,BAL,DEN,15,8,7,0.0,0.0,0.0,1.0,0.0,1.0,0.0,0.0,1.0,1.0,0.0,71.0,0.0,71.0,0.0,0.0,0.0,0.0,0.0,0.0,0.0
2002_05_TB_ATL,2002,5,ATL,TB,14,7,7,0.0,0.0,0.0,1.0,0.0,1.0,1.0,1.0,0.0,0.0,1.0,,,70.0,0.0,0.0,0.0,0.0,0.0,0.0,0.0
2002_05_OAK_BUF,2002,5,BUF,OAK,7,7,0,0.0,0.0,0.0,0.0,0.0,0.0,0.0,0.0,1.0,0.0,1.0,64.0,14.0,64.0,14.0,0.0,0.0,0.0,0.0,0.0,4.0
2002_05_ARI_CAR,2002,5,CAR,ARI,7,7,0,0.0,0.0,0.0,0.0,0.0,0.0,0.0,0.0,1.0,1.0,0.0,74.0,9.0,74.0,9.0,0.0,0.0,0.0,0.0,0.0,0.0
2002_05_NYG_DAL,2002,5,DAL,NYG,7,7,0,0.0,0.0,0.0,0.0,0.0,0.0,1.0,0.0,1.0,0.0,1.0,84.0,0.0,84.0,0.0,0.0,0.0,0.0,0.0,0.0,0.0
2002_05_CIN_IND,2002,5,IND,CIN,14,7,7,0.0,0.0,0.0,1.0,0.0,1.0,0.0,1.0,0.0,0.0,1.0,,,70.0,0.0,0.0,0.0,0.0,0.0,0.0,0.0
2002_05_NE_MIA,2002,5,MIA,NE,7,7,0,0.0,0.0,0.0,0.0,0.0,0.0,1.0,0.0,1.0,1.0,0.0,87.0,10.0,87.0,10.0,0.0,0.0,0.0,0.0,0.0,0.0
2002_05_PIT_NO,2002,5,NO,PIT,7,7,0,0.0,0.0,0.0,0.0,0.0,0.0,0.0,1.0,0.0,0.0,1.0,,,70.0,0.0,0.0,0.0,0.0,0.0,0.0,0.0
2002_05_WAS_TEN,2002,5,TEN,WAS,7,14,-7,0.0,0.0,0.0,0.0,1.0,-1.0,0.0,0.0,1.0,1.0,0.0,74.0,6.0,74.0,6.0,0.0,0.0,0.0,0.0,0.0,0.0
2002_05_SD_DEN,2002,5,DEN,SD,6,7,-1,1.0,0.0,-1.0,0.0,0.0,0.0,1.0,0.0,1.0,1.0,0.0,57.0,9.0,57.0,9.0,0.0,0.0,0.0,0.0,0.0,0.0
2002_05_KC_NYJ,2002,5,NYJ,KC,7,7,0,0.0,0.0,0.0,0.0,0.0,0.0,0.0,0.0,1.0,1.0,0.0,66.0,10.0,66.0,10.0,0.0,0.0,0.0,0.0,0.0,0.0
2002_05_PHI_JAX,2002,5,JAX,PHI,7,7,0,0.0,0.0,0.0,0.0,0.0,0.0,0.0,0.0,1.0,1.0,0.0,87.0,10.0,87.0,10.0,0.0,0.0,0.0,0.0,0.0,0.0
2002_05_STL_SF,2002,5,SF,STL,14,7,7,0.0,0.0,0.0,1.0,0.0,1.0,1.0,0.0,1.0,1.0,0.0,72.0,5.0,72.0,5.0,0.0,0.0,0.0,0.0,0.0,0.0
2002_05_BAL_CLE,2002,5,CLE,BAL,7,6,1,0.0,1.0,1.0,0.0,0.0,0.0,1.0,0.0,1.0,1.0,0.0,65.0,8.0,65.0,8.0,0.0,0.0,0.0,0.0,0.0,0.0
2002_05_GB_CHI,2002,5,CHI,GB,8,8,0,0.0,0.0,0.0,0.0,0.0,0.0,1.0,0.0,1.0,0.0,0.0,46.0,5.0,46.0,5.0,0.0,0.0,0.0,0.0,4.0,0.0
2002_06_PIT_CIN,2002,6,CIN,PIT,7,7,0,0.0,0.0,0.0,0.0,0.0,0.0,1.0,0.0,1.0,1.0,0.0,54.0,15.0,54.0,15.0,0.0,0.0,1.0,0.0,0.0,5.0
2002_06_CAR_DAL,2002,6,DAL,CAR,7,7,0,0.0,0.0,0.0,0.0,0.0,0.0,0.0,0.0,1.0,0.0,1.0,56.0,13.0,56.0,13.0,0.0,0.0,0.0,0.0,0.0,3.0
2002_06_BUF_HOU,2002,6,HOU,BUF,14,7,7,0.0,0.0,0.0,1.0,0.0,1.0,0.0,1.0,0.0,1.0,0.0,,,70.0,0.0,0.0,0.0,0.0,0.0,0.0,0.0
2002_06_BAL_IND,2002,6,IND,BAL,7,7,0,0.0,0.0,0.0,0.0,0.0,0.0,0.0,1.0,0.0,0.0,1.0,,,70.0,0.0,0.0,0.0,0.0,0.0,0.0,0.0
2002_06_DET_MIN,2002,6,MIN,DET,14,14,0,0.0,0.0,0.0,1.0,1.0,0.0,1.0,1.0,0.0,0.0,1.0,,,70.0,0.0,0.0,0.0,0.0,0.0,0.0,0.0
2002_06_GB_NE,2002,6,NE,GB,7,6,1,0.0,1.0,1.0,0.0,0.0,0.0,0.0,0.0,1.0,1.0,0.0,61.0,10.0,61.0,10.0,0.0,0.0,0.0,0.0,0.0,0.0
2002_06_ATL_NYG,2002,6,NYG,ATL,7,7,0,0.0,0.0,0.0,0.0,0.0,0.0,0.0,0.0,1.0,1.0,0.0,60.0,5.0,60.0,5.0,0.0,0.0,0.0,0.0,0.0,0.0
2002_06_CLE_TB,2002,6,TB,CLE,7,7,0,0.0,0.0,0.0,0.0,0.0,0.0,0.0,0.0,1.0,1.0,0.0,85.0,6.0,85.0,6.0,0.0,0.0,0.0,0.0,0.0,0.0
2002_06_NO_WAS,2002,6,WAS,NO,7,7,0,0.0,0.0,0.0,0.0,0.0,0.0,0.0,0.0,1.0,1.0,0.0,65.0,4.0,65.0,4.0,0.0,0.0,0.0,0.0,0.0,0.0
2002_06_KC_SD,2002,6,SD,KC,7,7,0,0.0,0.0,0.0,0.0,0.0,0.0,1.0,0.0,1.0,1.0,0.0,67.0,7.0,67.0,7.0,0.0,0.0,0.0,0.0,0.0,0.0
2002_06_OAK_STL,2002,6,STL,OAK,7,7,0,0.0,0.0,0.0,0.0,0.0,0.0,0.0,1.0,0.0,0.0,1.0,,,70.0,0.0,0.0,0.0,0.0,0.0,0.0,0.0
2002_06_JAX_TEN,2002,6,TEN,JAX,7,7,0,0.0,0.0,0.0,0.0,0.0,0.0,1.0,0.0,1.0,1.0,0.0,65.0,15.0,65.0,15.0,0.0,0.0,1.0,0.0,0.0,5.0
2002_06_MIA_DEN,2002,6,DEN,MIA,7,7,0,0.0,0.0,0.0,0.0,0.0,0.0,0.0,0.0,1.0,1.0,0.0,58.0,3.0,58.0,3.0,0.0,0.0,0.0,0.0,0.0,0.0
2002_06_SF_SEA,2002,6,SEA,SF,15,8,7,0.0,0.0,0.0,1.0,0.0,1.0,1.0,0.0,1.0,0.0,1.0,64.0,6.0,64.0,6.0,0.0,0.0,0.0,0.0,0.0,0.0
2002_07_CAR_ATL,2002,7,ATL,CAR,7,7,0,0.0,0.0,0.0,0.0,0.0,0.0,1.0,1.0,0.0,0.0,1.0,,,70.0,0.0,0.0,0.0,0.0,0.0,0.0,0.0
2002_07_JAX_BAL,2002,7,BAL,JAX,7,7,0,0.0,0.0,0.0,0.0,0.0,0.0,0.0,0.0,1.0,1.0,0.0,56.0,5.0,56.0,5.0,0.0,0.0,0.0,0.0,0.0,0.0
2002_07_CHI_DET,2002,7,DET,CHI,7,13,-6,0.0,0.0,0.0,0.0,1.0,-1.0,1.0,1.0,0.0,0.0,1.0,,,70.0,0.0,0.0,0.0,0.0,0.0,0.0,0.0
2002_07_DEN_KC,2002,7,KC,DEN,7,7,0,0.0,0.0,0.0,0.0,0.0,0.0,1.0,0.0,1.0,1.0,0.0,51.0,3.0,51.0,3.0,0.0,0.0,0.0,0.0,0.0,0.0
2002_07_BUF_MIA,2002,7,MIA,BUF,7,7,0,0.0,0.0,0.0,0.0,0.0,0.0,1.0,0.0,1.0,1.0,0.0,85.0,9.0,85.0,9.0,0.0,0.0,0.0,0.0,0.0,0.0
2002_07_SF_NO,2002,7,NO,SF,7,6,1,0.0,1.0,1.0,0.0,0.0,0.0,0.0,1.0,0.0,0.0,1.0,,,70.0,0.0,0.0,0.0,0.0,0.0,0.0,0.0
2002_07_MIN_NYJ,2002,7,NYJ,MIN,14,7,7,0.0,0.0,0.0,1.0,0.0,1.0,0.0,0.0,1.0,1.0,0.0,57.0,10.0,57.0,10.0,0.0,0.0,0.0,0.0,0.0,0.0
2002_07_SEA_STL,2002,7,STL,SEA,7,6,1,0.0,1.0,1.0,0.0,0.0,0.0,1.0,1.0,0.0,0.0,1.0,,,70.0,0.0,0.0,0.0,0.0,0.0,0.0,0.0
2002_07_HOU_CLE,2002,7,CLE,HOU,7,7,0,0.0,0.0,0.0,0.0,0.0,0.0,0.0,0.0,1.0,1.0,0.0,50.0,6.0,50.0,6.0,0.0,0.0,0.0,0.0,0.0,0.0
2002_07_SD_OAK,2002,7,OAK,SD,7,7,0,0.0,0.0,0.0,0.0,0.0,0.0,1.0,0.0,1.0,1.0,0.0,62.0,9.0,62.0,9.0,0.0,0.0,0.0,0.0,0.0,0.0
2002_07_DAL_ARI,2002,7,ARI,DAL,14,7,7,0.0,0.0,0.0,1.0,0.0,1.0,0.0,0.0,1.0,1.0,0.0,81.0,5.0,81.0,5.0,0.0,0.0,0.0,0.0,0.0,0.0
2002_07_WAS_GB,2002,7,GB,WAS,7,7,0,0.0,0.0,0.0,0.0,0.0,0.0,0.0,0.0,1.0,1.0,0.0,44.0,15.0,44.0,15.0,0.0,0.0,1.0,0.0,6.0,5.0
2002_07_TB_PHI,2002,7,PHI,TB,14,7,7,0.0,0.0,0.0,1.0,0.0,1.0,0.0,0.0,1.0,0.0,1.0,57.0,7.0,57.0,7.0,0.0,0.0,0.0,0.0,0.0,0.0
2002_07_IND_PIT,2002,7,PIT,IND,8,8,0,0.0,0.0,0.0,0.0,0.0,0.0,0.0,0.0,1.0,1.0,0.0,48.0,3.0,48.0,3.0,0.0,0.0,0.0,0.0,2.0,0.0
2002_08_PIT_BAL,2002,8,BAL,PIT,7,6,1,0.0,1.0,1.0,0.0,0.0,0.0,1.0,0.0,1.0,1.0,0.0,61.0,10.0,61.0,10.0,0.0,0.0,0.0,0.0,0.0,0.0
2002_08_DET_BUF,2002,8,BUF,DET,7,7,0,0.0,0.0,0.0,0.0,0.0,0.0,0.0,0.0,1.0,0.0,1.0,47.0,18.0,47.0,18.0,0.0,0.0,1.0,0.0,3.0,8.0
2002_08_TB_CAR,2002,8,CAR,TB,7,7,0,0.0,0.0,0.0,0.0,0.0,0.0,1.0,0.0,1.0,1.0,0.0,70.0,7.0,70.0,7.0,0.0,0.0,0.0,0.0,0.0,0.0
2002_08_TEN_CIN,2002,8,CIN,TEN,14,14,0,0.0,0.0,0.0,1.0,1.0,0.0,0.0,0.0,1.0,1.0,0.0,54.0,6.0,54.0,6.0,0.0,0.0,0.0,0.0,0.0,0.0
2002_08_SEA_DAL,2002,8,DAL,SEA,7,7,0,0.0,0.0,0.0,0.0,0.0,0.0,0.0,0.0,1.0,0.0,1.0,60.0,0.0,60.0,0.0,0.0,0.0,0.0,0.0,0.0,0.0
2002_08_OAK_KC,2002,8,KC,OAK,7,7,0,0.0,0.0,0.0,0.0,0.0,0.0,1.0,0.0,1.0,1.0,0.0,39.0,12.0,39.0,12.0,1.0,0.0,0.0,0.0,11.0,2.0
2002_08_CHI_MIN,2002,8,MIN,CHI,7,7,0,0.0,0.0,0.0,0.0,0.0,0.0,1.0,1.0,0.0,0.0,1.0,,,70.0,0.0,0.0,0.0,0.0,0.0,0.0,0.0
2002_08_ATL_NO,2002,8,NO,ATL,7,7,0,0.0,0.0,0.0,0.0,0.0,0.0,1.0,1.0,0.0,0.0,1.0,,,70.0,0.0,0.0,0.0,0.0,0.0,0.0,0.0
2002_08_CLE_NYJ,2002,8,NYJ,CLE,7,7,0,0.0,0.0,0.0,0.0,0.0,0.0,0.0,0.0,1.0,1.0,0.0,57.0,12.0,57.0,12.0,0.0,0.0,0.0,0.0,0.0,2.0
2002_08_ARI_SF,2002,8,SF,ARI,7,7,0,0.0,0.0,0.0,0.0,0.0,0.0,1.0,0.0,1.0,1.0,0.0,62.0,5.0,62.0,5.0,0.0,0.0,0.0,0.0,0.0,0.0
2002_08_HOU_JAX,2002,8,JAX,HOU,7,7,0,0.0,0.0,0.0,0.0,0.0,0.0,1.0,0.0,1.0,1.0,0.0,78.0,9.0,78.0,9.0,0.0,0.0,0.0,0.0,0.0,0.0
2002_08_DEN_NE,2002,8,NE,DEN,14,7,7,0.0,0.0,0.0,1.0,0.0,1.0,0.0,0.0,1.0,1.0,0.0,60.0,15.0,60.0,15.0,0.0,0.0,1.0,0.0,0.0,5.0
2002_08_IND_WAS,2002,8,WAS,IND,7,6,1,0.0,1.0,1.0,0.0,0.0,0.0,0.0,0.0,1.0,1.0,0.0,55.0,7.0,55.0,7.0,0.0,0.0,0.0,0.0,0.0,0.0
2002_08_NYG_PHI,2002,8,PHI,NYG,8,15,-7,0.0,0.0,0.0,0.0,1.0,-1.0,1.0,0.0,1.0,0.0,1.0,51.0,5.0,51.0,5.0,0.0,0.0,0.0,0.0,0.0,0.0
2002_09_BAL_ATL,2002,9,ATL,BAL,7,7,0,0.0,0.0,0.0,0.0,0.0,0.0,0.0,1.0,0.0,0.0,1.0,,,70.0,0.0,0.0,0.0,0.0,0.0,0.0,0.0
2002_09_NE_BUF,2002,9,BUF,NE,7,7,0,0.0,0.0,0.0,0.0,0.0,0.0,1.0,0.0,1.0,0.0,1.0,40.0,3.0,40.0,3.0,1.0,0.0,0.0,0.0,10.0,0.0
2002_09_PHI_CHI,2002,9,CHI,PHI,7,6,1,0.0,1.0,1.0,0.0,0.0,0.0,0.0,0.0,1.0,0.0,0.0,38.0,7.0,38.0,7.0,1.0,0.0,0.0,0.0,12.0,0.0
2002_09_PIT_CLE,2002,9,CLE,PIT,7,7,0,0.0,0.0,0.0,0.0,0.0,0.0,1.0,0.0,1.0,1.0,0.0,40.0,6.0,40.0,6.0,1.0,0.0,0.0,0.0,10.0,0.0
2002_09_DAL_DET,2002,9,DET,DAL,7,7,0,0.0,0.0,0.0,0.0,0.0,0.0,0.0,1.0,0.0,0.0,1.0,,,70.0,0.0,0.0,0.0,0.0,0.0,0.0,0.0
2002_09_CIN_HOU,2002,9,HOU,CIN,7,7,0,0.0,0.0,0.0,0.0,0.0,0.0,0.0,1.0,0.0,1.0,0.0,,,70.0,0.0,0.0,0.0,0.0,0.0,0.0,0.0
2002_09_TEN_IND,2002,9,IND,TEN,7,7,0,0.0,0.0,0.0,0.0,0.0,0.0,1.0,1.0,0.0,0.0,1.0,,,70.0,0.0,0.0,0.0,0.0,0.0,0.0,0.0
2002_09_MIN_TB,2002,9,TB,MIN,7,7,0,0.0,0.0,0.0,0.0,0.0,0.0,0.0,0.0,1.0,1.0,0.0,77.0,6.0,77.0,6.0,0.0,0.0,0.0,0.0,0.0,0.0
2002_09_NYJ_SD,2002,9,SD,NYJ,14,7,7,0.0,0.0,0.0,1.0,0.0,1.0,0.0,0.0,1.0,1.0,0.0,69.0,8.0,69.0,8.0,0.0,0.0,0.0,0.0,0.0,0.0
2002_09_STL_ARI,2002,9,ARI,STL,7,14,-7,0.0,0.0,0.0,0.0,1.0,-1.0,1.0,0.0,1.0,1.0,0.0,76.0,3.0,76.0,3.0,0.0,0.0,0.0,0.0,0.0,0.0
2002_09_SF_OAK,2002,9,OAK,SF,7,7,0,0.0,0.0,0.0,0.0,0.0,0.0,0.0,0.0,1.0,1.0,0.0,65.0,7.0,65.0,7.0,0.0,0.0,0.0,0.0,0.0,0.0
2002_09_WAS_SEA,2002,9,SEA,WAS,7,7,0,0.0,0.0,0.0,0.0,0.0,0.0,0.0,0.0,1.0,0.0,1.0,49.0,3.0,49.0,3.0,0.0,0.0,0.0,0.0,1.0,0.0
2002_09_JAX_NYG,2002,9,NYG,JAX,6,7,-1,1.0,0.0,-1.0,0.0,0.0,0.0,0.0,0.0,1.0,1.0,0.0,43.0,0.0,43.0,0.0,0.0,0.0,0.0,0.0,7.0,0.0
2002_09_MIA_GB,2002,9,GB,MIA,15,15,0,0.0,0.0,0.0,1.0,1.0,0.0,0.0,0.0,1.0,1.0,0.0,30.0,6.0,30.0,6.0,1.0,0.0,0.0,0.0,20.0,0.0
2002_10_CIN_BAL,2002,10,BAL,CIN,7,7,0,0.0,0.0,0.0,0.0,0.0,0.0,1.0,0.0,1.0,1.0,0.0,66.0,10.0,66.0,10.0,0.0,0.0,0.0,0.0,0.0,0.0
2002_10_NO_CAR,2002,10,CAR,NO,14,14,0,0.0,0.0,0.0,1.0,1.0,0.0,1.0,0.0,1.0,1.0,0.0,69.0,12.0,69.0,12.0,0.0,0.0,0.0,0.0,0.0,2.0
2002_10_DET_GB,2002,10,GB,DET,6,7,-1,1.0,0.0,-1.0,0.0,0.0,0.0,1.0,0.0,1.0,1.0,0.0,50.0,6.0,50.0,6.0,0.0,0.0,0.0,0.0,0.0,0.0
2002_10_NYG_MIN,2002,10,MIN,NYG,7,7,0,0.0,0.0,0.0,0.0,0.0,0.0,0.0,1.0,0.0,0.0,1.0,,,70.0,0.0,0.0,0.0,0.0,0.0,0.0,0.0
2002_10_IND_PHI,2002,10,PHI,IND,7,7,0,0.0,0.0,0.0,0.0,0.0,0.0,0.0,0.0,1.0,0.0,1.0,66.0,18.0,66.0,18.0,0.0,0.0,1.0,0.0,0.0,8.0
2002_10_ATL_PIT,2002,10,PIT,ATL,7,7,0,0.0,0.0,0.0,0.0,0.0,0.0,0.0,0.0,1.0,1.0,0.0,64.0,15.0,64.0,15.0,0.0,0.0,1.0,0.0,0.0,5.0
2002_10_SD_STL,2002,10,STL,SD,7,7,0,0.0,0.0,0.0,0.0,0.0,0.0,0.0,1.0,0.0,0.0,1.0,,,70.0,0.0,0.0,0.0,0.0,0.0,0.0,0.0
2002_10_HOU_TEN,2002,10,TEN,HOU,7,7,0,0.0,0.0,0.0,0.0,0.0,0.0,1.0,0.0,1.0,1.0,0.0,76.0,20.0,76.0,20.0,0.0,0.0,1.0,1.0,0.0,10.0
2002_10_SEA_ARI,2002,10,ARI,SEA,7,7,0,0.0,0.0,0.0,0.0,0.0,0.0,1.0,0.0,1.0,1.0,0.0,76.0,8.0,76.0,8.0,0.0,0.0,0.0,0.0,0.0,0.0
2002_10_WAS_JAX,2002,10,JAX,WAS,7,7,0,0.0,0.0,0.0,0.0,0.0,0.0,0.0,0.0,1.0,1.0,0.0,82.0,10.0,82.0,10.0,0.0,0.0,0.0,0.0,0.0,0.0
2002_10_NE_CHI,2002,10,CHI,NE,7,7,0,0.0,0.0,0.0,0.0,0.0,0.0,0.0,0.0,1.0,0.0,0.0,60.0,16.0,60.0,16.0,0.0,0.0,1.0,0.0,0.0,6.0
2002_10_KC_SF,2002,10,SF,KC,7,14,-7,0.0,0.0,0.0,0.0,1.0,-1.0,0.0,0.0,1.0,1.0,0.0,61.0,18.0,61.0,18.0,0.0,0.0,1.0,0.0,0.0,8.0
2002_10_MIA_NYJ,2002,10,NYJ,MIA,7,6,1,0.0,1.0,1.0,0.0,0.0,0.0,1.0,0.0,1.0,1.0,0.0,65.0,10.0,65.0,10.0,0.0,0.0,0.0,0.0,0.0,0.0
2002_10_OAK_DEN,2002,10,DEN,OAK,15,8,7,0.0,0.0,0.0,1.0,0.0,1.0,1.0,0.0,1.0,1.0,0.0,32.0,6.0,32.0,6.0,1.0,0.0,0.0,0.0,18.0,0.0
2002_11_NO_ATL,2002,11,ATL,NO,7,7,0,0.0,0.0,0.0,0.0,0.0,0.0,1.0,1.0,0.0,0.0,1.0,,,70.0,0.0,0.0,0.0,0.0,0.0,0.0,0.0
2002_11_CLE_CIN,2002,11,CIN,CLE,7,14,-7,0.0,0.0,0.0,0.0,1.0,-1.0,1.0,0.0,1.0,1.0,0.0,36.0,9.0,36.0,9.0,1.0,0.0,0.0,0.0,14.0,0.0
2002_11_JAX_HOU,2002,11,HOU,JAX,7,7,0,0.0,0.0,0.0,0.0,0.0,0.0,1.0,0.0,1.0,1.0,0.0,,,,,0.0,0.0,0.0,0.0,0.0,0.0
2002_11_DAL_IND,2002,11,IND,DAL,7,14,-7,0.0,0.0,0.0,0.0,1.0,-1.0,0.0,1.0,0.0,0.0,1.0,,,70.0,0.0,0.0,0.0,0.0,0.0,0.0,0.0
2002_11_BUF_KC,2002,11,KC,BUF,7,14,-7,0.0,0.0,0.0,0.0,1.0,-1.0,0.0,0.0,1.0,1.0,0.0,48.0,13.0,48.0,13.0,0.0,0.0,0.0,0.0,2.0,3.0
2002_11_GB_MIN,2002,11,MIN,GB,7,7,0,0.0,0.0,0.0,0.0,0.0,0.0,1.0,1.0,0.0,0.0,1.0,,,70.0,0.0,0.0,0.0,0.0,0.0,0.0,0.0
2002_11_WAS_NYG,2002,11,NYG,WAS,7,7,0,0.0,0.0,0.0,0.0,0.0,0.0,1.0,0.0,1.0,1.0,0.0,42.0,8.0,42.0,8.0,0.0,0.0,0.0,0.0,8.0,0.0
2002_11_ARI_PHI,2002,11,PHI,ARI,7,7,0,0.0,0.0,0.0,0.0,0.0,0.0,0.0,0.0,1.0,0.0,1.0,43.0,8.0,43.0,8.0,0.0,0.0,0.0,0.0,7.0,0.0
2002_11_PIT_TEN,2002,11,TEN,PIT,7,7,0,0.0,0.0,0.0,0.0,0.0,0.0,0.0,0.0,1.0,1.0,0.0,42.0,12.0,42.0,12.0,0.0,0.0,0.0,0.0,8.0,2.0
2002_11_SF_SD,2002,11,SD,SF,7,7,0,0.0,0.0,0.0,0.0,0.0,0.0,0.0,0.0,1.0,1.0,0.0,72.0,9.0,72.0,9.0,0.0,0.0,0.0,0.0,0.0,0.0
2002_11_CAR_TB,2002,11,TB,CAR,14,7,7,0.0,0.0,0.0,1.0,0.0,1.0,1.0,0.0,1.0,1.0,0.0,64.0,20.0,64.0,20.0,0.0,0.0,1.0,1.0,0.0,10.0
2002_11_NYJ_DET,2002,11,DET,NYJ,7,7,0,0.0,0.0,0.0,0.0,0.0,0.0,0.0,1.0,0.0,0.0,1.0,,,70.0,0.0,0.0,0.0,0.0,0.0,0.0,0.0
2002_11_BAL_MIA,2002,11,MIA,BAL,7,7,0,0.0,0.0,0.0,0.0,0.0,0.0,0.0,0.0,1.0,1.0,0.0,68.0,12.0,68.0,12.0,0.0,0.0,0.0,0.0,0.0,2.0
2002_11_DEN_SEA,2002,11,SEA,DEN,7,6,1,0.0,1.0,1.0,0.0,0.0,0.0,0.0,0.0,1.0,0.0,1.0,53.0,8.0,53.0,8.0,0.0,0.0,0.0,0.0,0.0,0.0
2002_11_NE_OAK,2002,11,OAK,NE,6,7,-1,1.0,0.0,-1.0,0.0,0.0,0.0,0.0,0.0,1.0,1.0,0.0,61.0,5.0,61.0,5.0,0.0,0.0,0.0,0.0,0.0,0.0
2002_11_CHI_STL,2002,11,STL,CHI,8,8,0,0.0,0.0,0.0,0.0,0.0,0.0,0.0,1.0,0.0,0.0,1.0,,,70.0,0.0,0.0,0.0,0.0,0.0,0.0,0.0
2002_12_TEN_BAL,2002,12,BAL,TEN,7,7,0,0.0,0.0,0.0,0.0,0.0,0.0,0.0,0.0,1.0,1.0,0.0,53.0,12.0,53.0,12.0,0.0,0.0,0.0,0.0,0.0,2.0
2002_12_ATL_CAR,2002,12,CAR,ATL,7,7,0,0.0,0.0,0.0,0.0,0.0,0.0,1.0,0.0,1.0,1.0,0.0,59.0,0.0,59.0,0.0,0.0,0.0,0.0,0.0,0.0,0.0
2002_12_DET_CHI,2002,12,CHI,DET,6,7,-1,1.0,0.0,-1.0,0.0,0.0,0.0,1.0,0.0,1.0,0.0,0.0,45.0,4.0,45.0,4.0,0.0,0.0,0.0,0.0,5.0,0.0
2002_12_JAX_DAL,2002,12,DAL,JAX,7,7,0,0.0,0.0,0.0,0.0,0.0,0.0,0.0,0.0,1.0,0.0,1.0,63.0,5.0,63.0,5.0,0.0,0.0,0.0,0.0,0.0,0.0
2002_12_SD_MIA,2002,12,MIA,SD,7,7,0,0.0,0.0,0.0,0.0,0.0,0.0,0.0,0.0,1.0,1.0,0.0,77.0,9.0,77.0,9.0,0.0,0.0,0.0,0.0,0.0,0.0
2002_12_MIN_NE,2002,12,NE,MIN,7,7,0,0.0,0.0,0.0,0.0,0.0,0.0,0.0,0.0,1.0,1.0,0.0,49.0,20.0,49.0,20.0,0.0,0.0,1.0,1.0,1.0,10.0
2002_12_CLE_NO,2002,12,NO,CLE,7,7,0,0.0,0.0,0.0,0.0,0.0,0.0,0.0,1.0,0.0,0.0,1.0,,,70.0,0.0,0.0,0.0,0.0,0.0,0.0,0.0
2002_12_BUF_NYJ,2002,12,NYJ,BUF,7,7,0,0.0,0.0,0.0,0.0,0.0,0.0,1.0,0.0,1.0,1.0,0.0,50.0,14.0,50.0,14.0,0.0,0.0,0.0,0.0,0.0,4.0
2002_12_CIN_PIT,2002,12,PIT,CIN,7,7,0,0.0,0.0,0.0,0.0,0.0,0.0,1.0,0.0,1.0,1.0,0.0,45.0,14.0,45.0,14.0,0.0,0.0,0.0,0.0,5.0,4.0
2002_12_STL_WAS,2002,12,WAS,STL,7,6,1,0.0,1.0,1.0,0.0,0.0,0.0,0.0,0.0,1.0,1.0,0.0,55.0,7.0,55.0,7.0,0.0,0.0,0.0,0.0,0.0,0.0
2002_12_OAK_ARI,2002,12,ARI,OAK,7,7,0,0.0,0.0,0.0,0.0,0.0,0.0,0.0,0.0,1.0,1.0,0.0,75.0,5.0,75.0,5.0,0.0,0.0,0.0,0.0,0.0,0.0
2002_12_KC_SEA,2002,12,SEA,KC,7,7,0,0.0,0.0,0.0,0.0,0.0,0.0,0.0,0.0,1.0,0.0,1.0,50.0,3.0,50.0,3.0,0.0,0.0,0.0,0.0,0.0,0.0
2002_12_NYG_HOU,2002,12,HOU,NYG,7,7,0,0.0,0.0,0.0,0.0,0.0,0.0,0.0,0.0,1.0,1.0,0.0,,,,,0.0,0.0,0.0,0.0,0.0,0.0
2002_12_GB_TB,2002,12,TB,GB,7,7,0,0.0,0.0,0.0,0.0,0.0,0.0,0.0,0.0,1.0,1.0,0.0,70.0,5.0,70.0,5.0,0.0,0.0,0.0,0.0,0.0,0.0
2002_12_IND_DEN,2002,12,DEN,IND,7,7,0,0.0,0.0,0.0,0.0,0.0,0.0,0.0,0.0,1.0,1.0,0.0,25.0,6.0,25.0,6.0,1.0,1.0,0.0,0.0,25.0,0.0
2002_12_PHI_SF,2002,12,SF,PHI,8,8,0,0.0,0.0,0.0,0.0,0.0,0.0,0.0,0.0,1.0,1.0,0.0,64.0,8.0,64.0,8.0,0.0,0.0,0.0,0.0,0.0,0.0
2002_13_NE_DET,2002,13,DET,NE,4,4,0,1.0,1.0,0.0,0.0,0.0,0.0,0.0,1.0,0.0,0.0,1.0,,,70.0,0.0,0.0,0.0,0.0,0.0,0.0,0.0
2002_13_WAS_DAL,2002,13,DAL,WAS,4,4,0,1.0,1.0,0.0,0.0,0.0,0.0,1.0,0.0,1.0,0.0,1.0,58.0,5.0,58.0,5.0,0.0,0.0,0.0,0.0,0.0,0.0
2002_13_MIA_BUF,2002,13,BUF,MIA,7,7,0,0.0,0.0,0.0,0.0,0.0,0.0,1.0,0.0,1.0,0.0,1.0,25.0,15.0,25.0,15.0,1.0,1.0,1.0,0.0,25.0,5.0
2002_13_BAL_CIN,2002,13,CIN,BAL,7,7,0,0.0,0.0,0.0,0.0,0.0,0.0,1.0,0.0,1.0,1.0,0.0,29.0,13.0,29.0,13.0,1.0,0.0,0.0,0.0,21.0,3.0
2002_13_CAR_CLE,2002,13,CLE,CAR,7,7,0,0.0,0.0,0.0,0.0,0.0,0.0,0.0,0.0,1.0,1.0,0.0,25.0,12.0,25.0,12.0,1.0,1.0,0.0,0.0,25.0,2.0
2002_13_CHI_GB,2002,13,GB,CHI,7,7,0,0.0,0.0,0.0,0.0,0.0,0.0,1.0,0.0,1.0,1.0,0.0,23.0,10.0,23.0,10.0,1.0,1.0,0.0,0.0,27.0,0.0
2002_13_PIT_JAX,2002,13,JAX,PIT,7,7,0,0.0,0.0,0.0,0.0,0.0,0.0,0.0,0.0,1.0,1.0,0.0,53.0,8.0,53.0,8.0,0.0,0.0,0.0,0.0,0.0,0.0
2002_13_ARI_KC,2002,13,KC,ARI,7,7,0,0.0,0.0,0.0,0.0,0.0,0.0,0.0,0.0,1.0,1.0,0.0,44.0,17.0,44.0,17.0,0.0,0.0,1.0,0.0,6.0,7.0
2002_13_ATL_MIN,2002,13,MIN,ATL,7,7,0,0.0,0.0,0.0,0.0,0.0,0.0,0.0,1.0,0.0,0.0,1.0,,,70.0,0.0,0.0,0.0,0.0,0.0,0.0,0.0
2002_13_TEN_NYG,2002,13,NYG,TEN,7,7,0,0.0,0.0,0.0,0.0,0.0,0.0,0.0,0.0,1.0,1.0,0.0,35.0,18.0,35.0,18.0,1.0,0.0,1.0,0.0,15.0,8.0
2002_13_HOU_IND,2002,13,IND,HOU,7,7,0,0.0,0.0,0.0,0.0,0.0,0.0,1.0,1.0,0.0,0.0,1.0,,,70.0,0.0,0.0,0.0,0.0,0.0,0.0,0.0
2002_13_DEN_SD,2002,13,SD,DEN,7,7,0,0.0,0.0,0.0,0.0,0.0,0.0,1.0,0.0,1.0,1.0,0.0,64.0,7.0,64.0,7.0,0.0,0.0,0.0,0.0,0.0,0.0
2002_13_STL_PHI,2002,13,PHI,STL,6,7,-1,1.0,0.0,-1.0,0.0,0.0,0.0,0.0,0.0,1.0,0.0,1.0,34.0,23.0,34.0,23.0,1.0,0.0,1.0,1.0,16.0,13.0
2002_13_SEA_SF,2002,13,SF,SEA,6,7,-1,1.0,0.0,-1.0,0.0,0.0,0.0,1.0,0.0,1.0,1.0,0.0,58.0,0.0,58.0,0.0,0.0,0.0,0.0,0.0,0.0,0.0
2002_13_TB_NO,2002,13,NO,TB,7,7,0,0.0,0.0,0.0,0.0,0.0,0.0,1.0,1.0,0.0,0.0,1.0,,,70.0,0.0,0.0,0.0,0.0,0.0,0.0,0.0
2002_13_NYJ_OAK,2002,13,OAK,NYJ,8,8,0,0.0,0.0,0.0,0.0,0.0,0.0,0.0,0.0,1.0,1.0,0.0,57.0,7.0,57.0,7.0,0.0,0.0,0.0,0.0,0.0,0.0
2002_14_CIN_CAR,2002,14,CAR,CIN,7,7,0,0.0,0.0,0.0,0.0,0.0,0.0,0.0,0.0,1.0,1.0,0.0,38.0,0.0,38.0,0.0,1.0,0.0,0.0,0.0,12.0,0.0
2002_14_SF_DAL,2002,14,DAL,SF,10,7,3,0.0,0.0,0.0,1.0,0.0,1.0,0.0,0.0,1.0,0.0,1.0,52.0,5.0,52.0,5.0,0.0,0.0,0.0,0.0,0.0,0.0
2002_14_CLE_JAX,2002,14,JAX,CLE,7,7,0,0.0,0.0,0.0,0.0,0.0,0.0,0.0,0.0,1.0,1.0,0.0,63.0,6.0,63.0,6.0,0.0,0.0,0.0,0.0,0.0,0.0
2002_14_STL_KC,2002,14,KC,STL,7,7,0,0.0,0.0,0.0,0.0,0.0,0.0,0.0,0.0,1.0,1.0,0.0,38.0,12.0,38.0,12.0,1.0,0.0,0.0,0.0,12.0,2.0
2002_14_BUF_NE,2002,14,NE,BUF,10,7,3,0.0,0.0,0.0,1.0,0.0,1.0,1.0,0.0,1.0,1.0,0.0,44.0,15.0,44.0,15.0,0.0,0.0,1.0,0.0,6.0,5.0
2002_14_HOU_PIT,2002,14,PIT,HOU,7,7,0,0.0,0.0,0.0,0.0,0.0,0.0,0.0,0.0,1.0,1.0,0.0,35.0,13.0,35.0,13.0,1.0,0.0,0.0,0.0,15.0,3.0
2002_14_ATL_TB,2002,14,TB,ATL,7,7,0,0.0,0.0,0.0,0.0,0.0,0.0,1.0,0.0,1.0,1.0,0.0,74.0,7.0,74.0,7.0,0.0,0.0,0.0,0.0,0.0,0.0
2002_14_IND_TEN,2002,14,TEN,IND,7,7,0,0.0,0.0,0.0,0.0,0.0,0.0,1.0,0.0,1.0,1.0,0.0,42.0,3.0,42.0,3.0,0.0,0.0,0.0,0.0,8.0,0.0
2002_14_NYG_WAS,2002,14,WAS,NYG,10,7,3,0.0,0.0,0.0,1.0,0.0,1.0,1.0,0.0,1.0,1.0,0.0,47.0,0.0,47.0,0.0,0.0,0.0,0.0,0.0,3.0,0.0
2002_14_DET_ARI,2002,14,ARI,DET,7,10,-3,0.0,0.0,0.0,0.0,1.0,-1.0,0.0,0.0,1.0,1.0,0.0,67.0,3.0,67.0,3.0,0.0,0.0,0.0,0.0,0.0,0.0
2002_14_NO_BAL,2002,14,BAL,NO,7,7,0,0.0,0.0,0.0,0.0,0.0,0.0,0.0,0.0,1.0,1.0,0.0,45.0,7.0,45.0,7.0,0.0,0.0,0.0,0.0,5.0,0.0
2002_14_PHI_SEA,2002,14,SEA,PHI,7,7,0,0.0,0.0,0.0,0.0,0.0,0.0,0.0,0.0,1.0,0.0,1.0,45.0,5.0,45.0,5.0,0.0,0.0,0.0,0.0,5.0,0.0
2002_14_DEN_NYJ,2002,14,NYJ,DEN,6,7,-1,1.0,0.0,-1.0,0.0,0.0,0.0,0.0,0.0,1.0,1.0,0.0,42.0,13.0,42.0,13.0,0.0,0.0,0.0,0.0,8.0,3.0
2002_14_OAK_SD,2002,14,SD,OAK,7,6,1,0.0,1.0,1.0,0.0,0.0,0.0,1.0,0.0,1.0,1.0,0.0,68.0,8.0,68.0,8.0,0.0,0.0,0.0,0.0,0.0,0.0
2002_14_MIN_GB,2002,14,GB,MIN,7,7,0,0.0,0.0,0.0,0.0,0.0,0.0,1.0,0.0,1.0,1.0,0.0,11.0,5.0,11.0,5.0,1.0,1.0,0.0,0.0,39.0,0.0
2002_14_CHI_MIA,2002,14,MIA,CHI,8,8,0,0.0,0.0,0.0,0.0,0.0,0.0,0.0,0.0,1.0,1.0,0.0,72.0,14.0,72.0,14.0,0.0,0.0,0.0,0.0,0.0,4.0
2002_15_SEA_ATL,2002,15,ATL,SEA,7,7,0,0.0,0.0,0.0,0.0,0.0,0.0,0.0,1.0,0.0,0.0,1.0,,,70.0,0.0,0.0,0.0,0.0,0.0,0.0,0.0
2002_15_SD_BUF,2002,15,BUF,SD,7,7,0,0.0,0.0,0.0,0.0,0.0,0.0,0.0,0.0,1.0,0.0,1.0,36.0,15.0,36.0,15.0,1.0,0.0,1.0,0.0,14.0,5.0
2002_15_NYJ_CHI,2002,15,CHI,NYJ,6,7,-1,1.0,0.0,-1.0,0.0,0.0,0.0,0.0,0.0,1.0,0.0,0.0,43.0,10.0,43.0,10.0,0.0,0.0,0.0,0.0,7.0,0.0
2002_15_JAX_CIN,2002,15,CIN,JAX,7,7,0,0.0,0.0,0.0,0.0,0.0,0.0,0.0,0.0,1.0,1.0,0.0,42.0,14.0,42.0,14.0,0.0,0.0,0.0,0.0,8.0,4.0
2002_15_IND_CLE,2002,15,CLE,IND,7,7,0,0.0,0.0,0.0,0.0,0.0,0.0,0.0,0.0,1.0,1.0,0.0,38.0,10.0,38.0,10.0,1.0,0.0,0.0,0.0,12.0,0.0
2002_15_TB_DET,2002,15,DET,TB,7,7,0,0.0,0.0,0.0,0.0,0.0,0.0,0.0,1.0,0.0,0.0,1.0,,,70.0,0.0,0.0,0.0,0.0,0.0,0.0,0.0
2002_15_BAL_HOU,2002,15,HOU,BAL,7,7,0,0.0,0.0,0.0,0.0,0.0,0.0,0.0,0.0,1.0,1.0,0.0,,,,,0.0,0.0,0.0,0.0,0.0,0.0
2002_15_OAK_MIA,2002,15,MIA,OAK,6,7,-1,1.0,0.0,-1.0,0.0,0.0,0.0,0.0,0.0,1.0,1.0,0.0,66.0,7.0,66.0,7.0,0.0,0.0,0.0,0.0,0.0,0.0
2002_15_MIN_NO,2002,15,NO,MIN,7,7,0,0.0,0.0,0.0,0.0,0.0,0.0,0.0,1.0,0.0,0.0,1.0,,,70.0,0.0,0.0,0.0,0.0,0.0,0.0,0.0
2002_15_WAS_PHI,2002,15,PHI,WAS,7,7,0,0.0,0.0,0.0,0.0,0.0,0.0,1.0,0.0,1.0,0.0,1.0,42.0,21.0,42.0,21.0,0.0,0.0,1.0,1.0,8.0,11.0
2002_15_CAR_PIT,2002,15,PIT,CAR,7,7,0,0.0,0.0,0.0,0.0,0.0,0.0,0.0,0.0,1.0,1.0,0.0,38.0,16.0,38.0,16.0,1.0,0.0,1.0,0.0,12.0,6.0
2002_15_KC_DEN,2002,15,DEN,KC,7,7,0,0.0,0.0,0.0,0.0,0.0,0.0,1.0,0.0,1.0,1.0,0.0,54.0,3.0,54.0,3.0,0.0,0.0,0.0,0.0,0.0,0.0
2002_15_DAL_NYG,2002,15,NYG,DAL,7,7,0,0.0,0.0,0.0,0.0,0.0,0.0,1.0,0.0,1.0,1.0,0.0,44.0,13.0,44.0,13.0,0.0,0.0,0.0,0.0,6.0,3.0
2002_15_GB_SF,2002,15,SF,GB,7,7,0,0.0,0.0,0.0,0.0,0.0,0.0,0.0,0.0,1.0,1.0,0.0,58.0,22.0,58.0,22.0,0.0,0.0,1.0,1.0,0.0,12.0
2002_15_ARI_STL,2002,15,STL,ARI,7,7,0,0.0,0.0,0.0,0.0,0.0,0.0,1.0,1.0,0.0,0.0,1.0,,,70.0,0.0,0.0,0.0,0.0,0.0,0.0,0.0
2002_15_NE_TEN,2002,15,TEN,NE,8,8,0,0.0,0.0,0.0,0.0,0.0,0.0,0.0,0.0,1.0,1.0,0.0,57.0,3.0,57.0,3.0,0.0,0.0,0.0,0.0,0.0,0.0
2002_16_MIA_MIN,2002,16,MIN,MIA,6,6,0,1.0,1.0,0.0,0.0,0.0,0.0,0.0,1.0,0.0,0.0,1.0,,,70.0,0.0,0.0,0.0,0.0,0.0,0.0,0.0
2002_16_SF_ARI,2002,16,ARI,SF,6,6,0,1.0,1.0,0.0,0.0,0.0,0.0,1.0,0.0,1.0,1.0,0.0,50.0,0.0,50.0,0.0,0.0,0.0,0.0,0.0,0.0,0.0
2002_16_PHI_DAL,2002,16,DAL,PHI,6,6,0,1.0,1.0,0.0,0.0,0.0,0.0,1.0,0.0,1.0,0.0,1.0,62.0,5.0,62.0,5.0,0.0,0.0,0.0,0.0,0.0,0.0
2002_16_DET_ATL,2002,16,ATL,DET,7,7,0,0.0,0.0,0.0,0.0,0.0,0.0,0.0,1.0,0.0,0.0,1.0,,,70.0,0.0,0.0,0.0,0.0,0.0,0.0,0.0
2002_16_CHI_CAR,2002,16,CAR,CHI,7,7,0,0.0,0.0,0.0,0.0,0.0,0.0,0.0,0.0,1.0,1.0,0.0,56.0,0.0,56.0,0.0,0.0,0.0,0.0,0.0,0.0,0.0
2002_16_NO_CIN,2002,16,CIN,NO,7,7,0,0.0,0.0,0.0,0.0,0.0,0.0,0.0,0.0,1.0,1.0,0.0,44.0,23.0,44.0,23.0,0.0,0.0,1.0,1.0,6.0,13.0
2002_16_BUF_GB,2002,16,GB,BUF,7,7,0,0.0,0.0,0.0,0.0,0.0,0.0,0.0,0.0,1.0,1.0,0.0,27.0,25.0,27.0,25.0,1.0,0.0,1.0,1.0,23.0,15.0
2002_16_NYG_IND,2002,16,IND,NYG,7,7,0,0.0,0.0,0.0,0.0,0.0,0.0,0.0,1.0,0.0,0.0,1.0,,,70.0,0.0,0.0,0.0,0.0,0.0,0.0,0.0
2002_16_TEN_JAX,2002,16,JAX,TEN,7,6,1,0.0,1.0,1.0,0.0,0.0,0.0,1.0,0.0,1.0,1.0,0.0,64.0,10.0,64.0,10.0,0.0,0.0,0.0,0.0,0.0,0.0
2002_16_SD_KC,2002,16,KC,SD,7,7,0,0.0,0.0,0.0,0.0,0.0,0.0,1.0,0.0,1.0,1.0,0.0,33.0,6.0,33.0,6.0,1.0,0.0,0.0,0.0,17.0,0.0
2002_16_HOU_WAS,2002,16,WAS,HOU,7,7,0,0.0,0.0,0.0,0.0,0.0,0.0,0.0,0.0,1.0,1.0,0.0,54.0,12.0,54.0,12.0,0.0,0.0,0.0,0.0,0.0,2.0
2002_16_STL_SEA,2002,16,SEA,STL,7,7,0,0.0,0.0,0.0,0.0,0.0,0.0,1.0,0.0,1.0,0.0,1.0,45.0,5.0,45.0,5.0,0.0,0.0,0.0,0.0,5.0,0.0
2002_16_CLE_BAL,2002,16,BAL,CLE,7,7,0,0.0,0.0,0.0,0.0,0.0,0.0,1.0,0.0,1.0,1.0,0.0,53.0,7.0,53.0,7.0,0.0,0.0,0.0,0.0,0.0,0.0
2002_16_DEN_OAK,2002,16,OAK,DEN,7,7,0,0.0,0.0,0.0,0.0,0.0,0.0,1.0,0.0,1.0,1.0,0.0,56.0,13.0,56.0,13.0,0.0,0.0,0.0,0.0,0.0,3.0
2002_16_NYJ_NE,2002,16,NE,NYJ,6,7,-1,1.0,0.0,-1.0,0.0,0.0,0.0,1.0,0.0,1.0,1.0,0.0,40.0,20.0,40.0,20.0,1.0,0.0,1.0,1.0,10.0,10.0
2002_16_PIT_TB,2002,16,TB,PIT,8,8,0,0.0,0.0,0.0,0.0,0.0,0.0,0.0,0.0,1.0,1.0,0.0,64.0,8.0,64.0,8.0,0.0,0.0,0.0,0.0,0.0,0.0
2002_17_PHI_NYG,2002,17,NYG,PHI,6,7,-1,1.0,0.0,-1.0,0.0,0.0,0.0,1.0,0.0,1.0,1.0,0.0,34.0,10.0,34.0,10.0,1.0,0.0,0.0,0.0,16.0,0.0
2002_17_KC_OAK,2002,17,OAK,KC,6,6,0,1.0,1.0,0.0,0.0,0.0,0.0,1.0,0.0,1.0,1.0,0.0,50.0,24.0,50.0,24.0,0.0,0.0,1.0,1.0,0.0,14.0
2002_17_CIN_BUF,2002,17,BUF,CIN,7,7,0,0.0,0.0,0.0,0.0,0.0,0.0,0.0,0.0,1.0,0.0,1.0,35.0,9.0,35.0,9.0,1.0,0.0,0.0,0.0,15.0,0.0
2002_17_ATL_CLE,2002,17,CLE,ATL,7,7,0,0.0,0.0,0.0,0.0,0.0,0.0,0.0,0.0,1.0,1.0,0.0,34.0,6.0,34.0,6.0,1.0,0.0,0.0,0.0,16.0,0.0
2002_17_MIN_DET,2002,17,DET,MIN,7,8,-1,0.0,0.0,0.0,0.0,0.0,0.0,1.0,1.0,0.0,0.0,1.0,,,70.0,0.0,0.0,0.0,0.0,0.0,0.0,0.0
2002_17_TEN_HOU,2002,17,HOU,TEN,7,7,0,0.0,0.0,0.0,0.0,0.0,0.0,1.0,0.0,1.0,1.0,0.0,,,,,0.0,0.0,0.0,0.0,0.0,0.0
2002_17_MIA_NE,2002,17,NE,MIA,7,8,-1,0.0,0.0,0.0,0.0,0.0,0.0,1.0,0.0,1.0,1.0,0.0,40.0,15.0,40.0,15.0,1.0,0.0,1.0,0.0,10.0,5.0
2002_17_CAR_NO,2002,17,NO,CAR,7,7,0,0.0,0.0,0.0,0.0,0.0,0.0,1.0,1.0,0.0,0.0,1.0,,,70.0,0.0,0.0,0.0,0.0,0.0,0.0,0.0
2002_17_BAL_PIT,2002,17,PIT,BAL,6,7,-1,1.0,0.0,-1.0,0.0,0.0,0.0,1.0,0.0,1.0,1.0,0.0,32.0,6.0,32.0,6.0,1.0,0.0,0.0,0.0,18.0,0.0
2002_17_DAL_WAS,2002,17,WAS,DAL,7,8,-1,0.0,0.0,0.0,0.0,0.0,0.0,1.0,0.0,1.0,1.0,0.0,46.0,13.0,46.0,13.0,0.0,0.0,0.0,0.0,4.0,3.0
2002_17_JAX_IND,2002,17,IND,JAX,7,7,0,0.0,0.0,0.0,0.0,0.0,0.0,1.0,1.0,0.0,0.0,1.0,,,70.0,0.0,0.0,0.0,0.0,0.0,0.0,0.0
2002_17_ARI_DEN,2002,17,DEN,ARI,7,8,-1,0.0,0.0,0.0,0.0,0.0,0.0,0.0,0.0,1.0,1.0,0.0,57.0,6.0,57.0,6.0,0.0,0.0,0.0,0.0,0.0,0.0
2002_17_GB_NYJ,2002,17,NYJ,GB,7,7,0,0.0,0.0,0.0,0.0,0.0,0.0,0.0,0.0,1.0,1.0,0.0,40.0,12.0,40.0,12.0,1.0,0.0,0.0,0.0,10.0,2.0
2002_17_SEA_SD,2002,17,SD,SEA,7,7,0,0.0,0.0,0.0,0.0,0.0,0.0,0.0,0.0,1.0,1.0,0.0,61.0,8.0,61.0,8.0,0.0,0.0,0.0,0.0,0.0,0.0
2002_17_TB_CHI,2002,17,CHI,TB,7,6,1,0.0,1.0,1.0,0.0,0.0,0.0,0.0,0.0,1.0,0.0,0.0,38.0,7.0,38.0,7.0,1.0,0.0,0.0,0.0,12.0,0.0
2002_17_SF_STL,2002,17,STL,SF,8,9,-1,0.0,0.0,0.0,0.0,0.0,0.0,1.0,1.0,0.0,0.0,1.0,,,70.0,0.0,0.0,0.0,0.0,0.0,0.0,0.0
2002_18_IND_NYJ,2002,18,NYJ,IND,6,6,0,1.0,1.0,0.0,0.0,0.0,0.0,0.0,0.0,1.0,1.0,0.0,35.0,10.0,35.0,10.0,1.0,0.0,0.0,0.0,15.0,0.0
2002_18_ATL_GB,2002,18,GB,ATL,6,6,0,1.0,1.0,0.0,0.0,0.0,0.0,0.0,0.0,1.0,1.0,0.0,31.0,5.0,31.0,5.0,1.0,0.0,0.0,0.0,19.0,0.0
2002_18_CLE_PIT,2002,18,PIT,CLE,7,7,0,0.0,0.0,0.0,0.0,0.0,0.0,1.0,0.0,1.0,1.0,0.0,27.0,5.0,27.0,5.0,1.0,0.0,0.0,0.0,23.0,0.0
2002_18_NYG_SF,2002,18,SF,NYG,6,8,-2,1.0,0.0,-1.0,0.0,0.0,0.0,0.0,0.0,1.0,1.0,0.0,53.0,5.0,53.0,5.0,0.0,0.0,0.0,0.0,0.0,0.0
2002_19_PIT_TEN,2002,19,TEN,PIT,13,6,7,0.0,1.0,1.0,1.0,0.0,1.0,0.0,0.0,1.0,1.0,0.0,34.0,9.0,34.0,9.0,1.0,0.0,0.0,0.0,16.0,0.0
2002_19_ATL_PHI,2002,19,PHI,ATL,14,7,7,0.0,0.0,0.0,1.0,0.0,1.0,0.0,0.0,1.0,0.0,1.0,29.0,10.0,29.0,10.0,1.0,0.0,0.0,0.0,21.0,0.0
2002_19_SF_TB,2002,19,TB,SF,14,7,7,0.0,0.0,0.0,1.0,0.0,1.0,0.0,0.0,1.0,1.0,0.0,54.0,10.0,54.0,10.0,0.0,0.0,0.0,0.0,0.0,0.0
2002_19_NYJ_OAK,2002,19,OAK,NYJ,15,8,7,0.0,0.0,0.0,1.0,0.0,1.0,0.0,0.0,1.0,1.0,0.0,61.0,13.0,61.0,13.0,0.0,0.0,0.0,0.0,0.0,3.0
2002_20_TB_PHI,2002,20,PHI,TB,8,7,1,0.0,0.0,0.0,0.0,0.0,0.0,0.0,0.0,1.0,0.0,1.0,26.0,14.0,26.0,14.0,1.0,0.0,0.0,0.0,24.0,4.0
2002_20_TEN_OAK,2002,20,OAK,TEN,7,8,-1,0.0,0.0,0.0,0.0,0.0,0.0,0.0,0.0,1.0,1.0,0.0,52.0,9.0,52.0,9.0,0.0,0.0,0.0,0.0,0.0,0.0
2002_21_OAK_TB,2002,21,TB,OAK,7,7,0,0.0,0.0,0.0,0.0,0.0,0.0,0.0,0.0,1.0,1.0,0.0,81.0,0.0,81.0,0.0,0.0,0.0,0.0,0.0,0.0,0.0
2003_01_NYJ_WAS,2003,1,WAS,NYJ,7,7,0,0.0,0.0,0.0,0.0,0.0,0.0,0.0,0.0,1.0,1.0,0.0,72.0,7.0,72.0,7.0,0.0,0.0,0.0,0.0,0.0,0.0
2003_01_NE_BUF,2003,1,BUF,NE,7,7,0,0.0,0.0,0.0,0.0,0.0,0.0,1.0,0.0,1.0,0.0,0.0,72.0,15.0,72.0,15.0,0.0,0.0,1.0,0.0,0.0,5.0
2003_01_JAX_CAR,2003,1,CAR,JAX,7,7,0,0.0,0.0,0.0,0.0,0.0,0.0,0.0,0.0,1.0,1.0,0.0,72.0,9.0,72.0,9.0,0.0,0.0,0.0,0.0,0.0,0.0
2003_01_DEN_CIN,2003,1,CIN,DEN,7,7,0,0.0,0.0,0.0,0.0,0.0,0.0,0.0,0.0,1.0,1.0,0.0,72.0,6.0,72.0,6.0,0.0,0.0,0.0,0.0,0.0,0.0
2003_01_IND_CLE,2003,1,CLE,IND,7,7,0,0.0,0.0,0.0,0.0,0.0,0.0,0.0,0.0,1.0,1.0,0.0,73.0,0.0,73.0,0.0,0.0,0.0,0.0,0.0,0.0,0.0
2003_01_ARI_DET,2003,1,DET,ARI,7,7,0,0.0,0.0,0.0,0.0,0.0,0.0,0.0,1.0,0.0,0.0,1.0,,,70.0,0.0,0.0,0.0,0.0,0.0,0.0,0.0
2003_01_MIN_GB,2003,1,GB,MIN,7,7,0,0.0,0.0,0.0,0.0,0.0,0.0,1.0,0.0,1.0,1.0,0.0,71.0,4.0,71.0,4.0,0.0,0.0,0.0,0.0,0.0,0.0
2003_01_SD_KC,2003,1,KC,SD,7,7,0,0.0,0.0,0.0,0.0,0.0,0.0,1.0,0.0,1.0,1.0,0.0,77.0,6.0,77.0,6.0,0.0,0.0,0.0,0.0,0.0,0.0
2003_01_HOU_MIA,2003,1,MIA,HOU,7,7,0,0.0,0.0,0.0,0.0,0.0,0.0,0.0,0.0,1.0,1.0,0.0,89.0,6.0,89.0,6.0,0.0,0.0,0.0,0.0,0.0,0.0
2003_01_STL_NYG,2003,1,NYG,STL,7,7,0,0.0,0.0,0.0,0.0,0.0,0.0,0.0,0.0,1.0,0.0,1.0,78.0,5.0,78.0,5.0,0.0,0.0,0.0,0.0,0.0,0.0
2003_01_BAL_PIT,2003,1,PIT,BAL,7,7,0,0.0,0.0,0.0,0.0,0.0,0.0,1.0,0.0,1.0,1.0,0.0,71.0,3.0,71.0,3.0,0.0,0.0,0.0,0.0,0.0,0.0
2003_01_ATL_DAL,2003,1,DAL,ATL,7,7,0,0.0,0.0,0.0,0.0,0.0,0.0,0.0,0.0,1.0,0.0,1.0,82.0,5.0,82.0,5.0,0.0,0.0,0.0,0.0,0.0,0.0
2003_01_NO_SEA,2003,1,SEA,NO,7,7,0,0.0,0.0,0.0,0.0,0.0,0.0,0.0,0.0,1.0,0.0,1.0,66.0,6.0,66.0,6.0,0.0,0.0,0.0,0.0,0.0,0.0
2003_01_CHI_SF,2003,1,SF,CHI,7,7,0,0.0,0.0,0.0,0.0,0.0,0.0,0.0,0.0,1.0,1.0,0.0,66.0,16.0,66.0,16.0,0.0,0.0,1.0,0.0,0.0,6.0
2003_01_OAK_TEN,2003,1,TEN,OAK,7,7,0,0.0,0.0,0.0,0.0,0.0,0.0,0.0,0.0,1.0,1.0,0.0,75.0,9.0,75.0,9.0,0.0,0.0,0.0,0.0,0.0,0.0
2003_01_TB_PHI,2003,1,PHI,TB,7,7,0,0.0,0.0,0.0,0.0,0.0,0.0,0.0,0.0,1.0,1.0,0.0,74.0,10.0,74.0,10.0,0.0,0.0,0.0,0.0,0.0,0.0
2003_02_WAS_ATL,2003,2,ATL,WAS,7,10,-3,0.0,0.0,0.0,0.0,1.0,-1.0,0.0,1.0,0.0,0.0,1.0,,,70.0,0.0,0.0,0.0,0.0,0.0,0.0,0.0
2003_02_CLE_BAL,2003,2,BAL,CLE,7,7,0,0.0,0.0,0.0,0.0,0.0,0.0,1.0,0.0,1.0,0.0,1.0,73.0,7.0,73.0,7.0,0.0,0.0,0.0,0.0,0.0,0.0
2003_02_DET_GB,2003,2,GB,DET,7,7,0,0.0,0.0,0.0,0.0,0.0,0.0,1.0,0.0,1.0,1.0,0.0,63.0,12.0,63.0,12.0,0.0,0.0,0.0,0.0,0.0,2.0
2003_02_TEN_IND,2003,2,IND,TEN,7,7,0,0.0,0.0,0.0,0.0,0.0,0.0,1.0,1.0,0.0,0.0,1.0,,,70.0,0.0,0.0,0.0,0.0,0.0,0.0,0.0
2003_02_BUF_JAX,2003,2,JAX,BUF,7,7,0,0.0,0.0,0.0,0.0,0.0,0.0,0.0,0.0,1.0,1.0,0.0,86.0,6.0,86.0,6.0,0.0,0.0,0.0,0.0,0.0,0.0
2003_02_PIT_KC,2003,2,KC,PIT,7,7,0,0.0,0.0,0.0,0.0,0.0,0.0,0.0,0.0,1.0,1.0,0.0,67.0,10.0,67.0,10.0,0.0,0.0,0.0,0.0,0.0,0.0
2003_02_HOU_NO,2003,2,NO,HOU,7,7,0,0.0,0.0,0.0,0.0,0.0,0.0,0.0,1.0,0.0,0.0,1.0,,,70.0,0.0,0.0,0.0,0.0,0.0,0.0,0.0
2003_02_MIA_NYJ,2003,2,NYJ,MIA,10,7,3,0.0,0.0,0.0,1.0,0.0,1.0,1.0,0.0,1.0,0.0,1.0,79.0,10.0,79.0,10.0,0.0,0.0,0.0,0.0,0.0,0.0
2003_02_SF_STL,2003,2,STL,SF,7,7,0,0.0,0.0,0.0,0.0,0.0,0.0,1.0,1.0,0.0,0.0,1.0,,,70.0,0.0,0.0,0.0,0.0,0.0,0.0,0.0
2003_02_SEA_ARI,2003,2,ARI,SEA,7,7,0,0.0,0.0,0.0,0.0,0.0,0.0,1.0,0.0,1.0,1.0,0.0,98.0,7.0,98.0,7.0,0.0,0.0,0.0,0.0,0.0,0.0
2003_02_CAR_TB,2003,2,TB,CAR,6,7,-1,1.0,0.0,-1.0,0.0,0.0,0.0,1.0,0.0,1.0,1.0,0.0,91.0,5.0,91.0,5.0,0.0,0.0,0.0,0.0,0.0,0.0
2003_02_CIN_OAK,2003,2,OAK,CIN,7,7,0,0.0,0.0,0.0,0.0,0.0,0.0,0.0,0.0,1.0,1.0,0.0,80.0,13.0,80.0,13.0,0.0,0.0,0.0,0.0,0.0,3.0
2003_02_NE_PHI,2003,2,PHI,NE,6,7,-1,1.0,0.0,-1.0,0.0,0.0,0.0,0.0,0.0,1.0,1.0,0.0,82.0,10.0,82.0,10.0,0.0,0.0,0.0,0.0,0.0,0.0
2003_02_DEN_SD,2003,2,SD,DEN,7,7,0,0.0,0.0,0.0,0.0,0.0,0.0,1.0,0.0,1.0,1.0,0.0,73.0,8.0,73.0,8.0,0.0,0.0,0.0,0.0,0.0,0.0
2003_02_CHI_MIN,2003,2,MIN,CHI,7,7,0,0.0,0.0,0.0,0.0,0.0,0.0,1.0,1.0,0.0,0.0,1.0,,,70.0,0.0,0.0,0.0,0.0,0.0,0.0,0.0
2003_02_DAL_NYG,2003,2,NYG,DAL,8,8,0,0.0,0.0,0.0,0.0,0.0,0.0,1.0,0.0,1.0,0.0,1.0,72.0,9.0,72.0,9.0,0.0,0.0,0.0,0.0,0.0,0.0
2003_03_TB_ATL,2003,3,ATL,TB,7,7,0,0.0,0.0,0.0,0.0,0.0,0.0,1.0,1.0,0.0,0.0,1.0,,,70.0,0.0,0.0,0.0,0.0,0.0,0.0,0.0
2003_03_PIT_CIN,2003,3,CIN,PIT,7,7,0,0.0,0.0,0.0,0.0,0.0,0.0,1.0,0.0,1.0,1.0,0.0,73.0,6.0,73.0,6.0,0.0,0.0,0.0,0.0,0.0,0.0
2003_03_MIN_DET,2003,3,DET,MIN,7,7,0,0.0,0.0,0.0,0.0,0.0,0.0,1.0,1.0,0.0,0.0,1.0,,,70.0,0.0,0.0,0.0,0.0,0.0,0.0,0.0
2003_03_KC_HOU,2003,3,HOU,KC,7,7,0,0.0,0.0,0.0,0.0,0.0,0.0,0.0,1.0,0.0,1.0,0.0,,,70.0,0.0,0.0,0.0,0.0,0.0,0.0,0.0
2003_03_JAX_IND,2003,3,IND,JAX,7,7,0,0.0,0.0,0.0,0.0,0.0,0.0,1.0,1.0,0.0,0.0,1.0,,,70.0,0.0,0.0,0.0,0.0,0.0,0.0,0.0
2003_03_NYJ_NE,2003,3,NE,NYJ,7,7,0,0.0,0.0,0.0,0.0,0.0,0.0,1.0,0.0,1.0,1.0,0.0,71.0,10.0,71.0,10.0,0.0,0.0,0.0,0.0,0.0,0.0
2003_03_NO_TEN,2003,3,TEN,NO,7,7,0,0.0,0.0,0.0,0.0,0.0,0.0,0.0,0.0,1.0,1.0,0.0,74.0,3.0,74.0,3.0,0.0,0.0,0.0,0.0,0.0,0.0
2003_03_GB_ARI,2003,3,ARI,GB,7,7,0,0.0,0.0,0.0,0.0,0.0,0.0,0.0,0.0,1.0,1.0,0.0,102.0,4.0,102.0,4.0,0.0,0.0,0.0,0.0,0.0,0.0
2003_03_STL_SEA,2003,3,SEA,STL,7,7,0,0.0,0.0,0.0,0.0,0.0,0.0,1.0,0.0,1.0,0.0,1.0,63.0,7.0,63.0,7.0,0.0,0.0,0.0,0.0,0.0,0.0
2003_03_NYG_WAS,2003,3,WAS,NYG,7,6,1,0.0,1.0,1.0,0.0,0.0,0.0,1.0,0.0,1.0,1.0,0.0,77.0,7.0,77.0,7.0,0.0,0.0,0.0,0.0,0.0,0.0
2003_03_BAL_SD,2003,3,SD,BAL,7,7,0,0.0,0.0,0.0,0.0,0.0,0.0,0.0,0.0,1.0,1.0,0.0,74.0,8.0,74.0,8.0,0.0,0.0,0.0,0.0,0.0,0.0
2003_03_CLE_SF,2003,3,SF,CLE,7,7,0,0.0,0.0,0.0,0.0,0.0,0.0,0.0,0.0,1.0,1.0,0.0,87.0,3.0,87.0,3.0,0.0,0.0,0.0,0.0,0.0,0.0
2003_03_BUF_MIA,2003,3,MIA,BUF,7,7,0,0.0,0.0,0.0,0.0,0.0,0.0,1.0,0.0,1.0,1.0,0.0,84.0,16.0,84.0,16.0,0.0,0.0,1.0,0.0,0.0,6.0
2003_03_OAK_DEN,2003,3,DEN,OAK,8,8,0,0.0,0.0,0.0,0.0,0.0,0.0,1.0,0.0,1.0,1.0,0.0,72.0,7.0,72.0,7.0,0.0,0.0,0.0,0.0,0.0,0.0
2003_04_PHI_BUF,2003,4,BUF,PHI,7,14,-7,0.0,0.0,0.0,0.0,1.0,-1.0,0.0,0.0,1.0,0.0,0.0,59.0,12.0,59.0,12.0,0.0,0.0,0.0,0.0,0.0,2.0
2003_04_CIN_CLE,2003,4,CLE,CIN,7,7,0,0.0,0.0,0.0,0.0,0.0,0.0,1.0,0.0,1.0,1.0,0.0,55.0,8.0,55.0,8.0,0.0,0.0,0.0,0.0,0.0,0.0
2003_04_JAX_HOU,2003,4,HOU,JAX,7,7,0,0.0,0.0,0.0,0.0,0.0,0.0,1.0,0.0,1.0,1.0,0.0,,,,,0.0,0.0,0.0,0.0,0.0,0.0
2003_04_SF_MIN,2003,4,MIN,SF,7,7,0,0.0,0.0,0.0,0.0,0.0,0.0,0.0,1.0,0.0,0.0,1.0,,,70.0,0.0,0.0,0.0,0.0,0.0,0.0,0.0
2003_04_TEN_PIT,2003,4,PIT,TEN,7,7,0,0.0,0.0,0.0,0.0,0.0,0.0,0.0,0.0,1.0,1.0,0.0,60.0,8.0,60.0,8.0,0.0,0.0,0.0,0.0,0.0,0.0
2003_04_ARI_STL,2003,4,STL,ARI,7,7,0,0.0,0.0,0.0,0.0,0.0,0.0,1.0,1.0,0.0,0.0,1.0,,,70.0,0.0,0.0,0.0,0.0,0.0,0.0,0.0
2003_04_NE_WAS,2003,4,WAS,NE,7,7,0,0.0,0.0,0.0,0.0,0.0,0.0,0.0,0.0,1.0,1.0,0.0,65.0,13.0,65.0,13.0,0.0,0.0,0.0,0.0,0.0,3.0
2003_04_KC_BAL,2003,4,BAL,KC,7,7,0,0.0,0.0,0.0,0.0,0.0,0.0,0.0,0.0,1.0,0.0,1.0,70.0,9.0,70.0,9.0,0.0,0.0,0.0,0.0,0.0,0.0
2003_04_SD_OAK,2003,4,OAK,SD,6,7,-1,1.0,0.0,-1.0,0.0,0.0,0.0,1.0,0.0,1.0,1.0,0.0,63.0,14.0,63.0,14.0,0.0,0.0,0.0,0.0,0.0,4.0
2003_04_ATL_CAR,2003,4,CAR,ATL,14,7,7,0.0,0.0,0.0,1.0,0.0,1.0,1.0,0.0,1.0,1.0,0.0,75.0,10.0,75.0,10.0,0.0,0.0,0.0,0.0,0.0,0.0
2003_04_DET_DEN,2003,4,DEN,DET,6,7,-1,1.0,0.0,-1.0,0.0,0.0,0.0,0.0,0.0,1.0,1.0,0.0,66.0,9.0,66.0,9.0,0.0,0.0,0.0,0.0,0.0,0.0
2003_04_DAL_NYJ,2003,4,NYJ,DAL,7,13,-6,0.0,0.0,0.0,0.0,1.0,-1.0,0.0,0.0,1.0,0.0,1.0,65.0,9.0,65.0,9.0,0.0,0.0,0.0,0.0,0.0,0.0
2003_04_IND_NO,2003,4,NO,IND,7,7,0,0.0,0.0,0.0,0.0,0.0,0.0,0.0,1.0,0.0,0.0,1.0,,,70.0,0.0,0.0,0.0,0.0,0.0,0.0,0.0
2003_04_GB_CHI,2003,4,CHI,GB,15,8,7,0.0,0.0,0.0,1.0,0.0,1.0,1.0,0.0,1.0,1.0,0.0,58.0,3.0,58.0,3.0,0.0,0.0,0.0,0.0,0.0,0.0
2003_05_MIN_ATL,2003,5,ATL,MIN,7,7,0,0.0,0.0,0.0,0.0,0.0,0.0,0.0,1.0,0.0,0.0,1.0,,,70.0,0.0,0.0,0.0,0.0,0.0,0.0,0.0
2003_05_CIN_BUF,2003,5,BUF,CIN,7,7,0,0.0,0.0,0.0,0.0,0.0,0.0,0.0,0.0,1.0,0.0,0.0,51.0,15.0,51.0,15.0,0.0,0.0,1.0,0.0,0.0,5.0
2003_05_NO_CAR,2003,5,CAR,NO,7,7,0,0.0,0.0,0.0,0.0,0.0,0.0,1.0,0.0,1.0,1.0,0.0,71.0,9.0,71.0,9.0,0.0,0.0,0.0,0.0,0.0,0.0
2003_05_OAK_CHI,2003,5,CHI,OAK,6,7,-1,1.0,0.0,-1.0,0.0,0.0,0.0,0.0,0.0,1.0,1.0,0.0,58.0,8.0,58.0,8.0,0.0,0.0,0.0,0.0,0.0,0.0
2003_05_ARI_DAL,2003,5,DAL,ARI,7,7,0,0.0,0.0,0.0,0.0,0.0,0.0,0.0,0.0,1.0,0.0,1.0,70.0,8.0,70.0,8.0,0.0,0.0,0.0,0.0,0.0,0.0
2003_05_SEA_GB,2003,5,GB,SEA,6,14,-8,1.0,0.0,-1.0,0.0,1.0,-1.0,0.0,0.0,1.0,1.0,0.0,48.0,5.0,48.0,5.0,0.0,0.0,0.0,0.0,2.0,0.0
2003_05_DEN_KC,2003,5,KC,DEN,7,7,0,0.0,0.0,0.0,0.0,0.0,0.0,1.0,0.0,1.0,1.0,0.0,69.0,8.0,69.0,8.0,0.0,0.0,0.0,0.0,0.0,0.0
2003_05_TEN_NE,2003,5,NE,TEN,7,7,0,0.0,0.0,0.0,0.0,0.0,0.0,0.0,0.0,1.0,1.0,0.0,53.0,8.0,53.0,8.0,0.0,0.0,0.0,0.0,0.0,0.0
2003_05_MIA_NYG,2003,5,NYG,MIA,14,14,0,0.0,0.0,0.0,1.0,1.0,0.0,0.0,0.0,1.0,0.0,1.0,55.0,13.0,55.0,13.0,0.0,0.0,0.0,0.0,0.0,3.0
2003_05_SD_JAX,2003,5,JAX,SD,7,7,0,0.0,0.0,0.0,0.0,0.0,0.0,0.0,0.0,1.0,1.0,0.0,84.0,5.0,84.0,5.0,0.0,0.0,0.0,0.0,0.0,0.0
2003_05_WAS_PHI,2003,5,PHI,WAS,7,7,0,0.0,0.0,0.0,0.0,0.0,0.0,1.0,0.0,1.0,1.0,0.0,63.0,12.0,63.0,12.0,0.0,0.0,0.0,0.0,0.0,2.0
2003_05_DET_SF,2003,5,SF,DET,7,7,0,0.0,0.0,0.0,0.0,0.0,0.0,0.0,0.0,1.0,1.0,0.0,66.0,6.0,66.0,6.0,0.0,0.0,0.0,0.0,0.0,0.0
2003_05_CLE_PIT,2003,5,PIT,CLE,7,7,0,0.0,0.0,0.0,0.0,0.0,0.0,1.0,0.0,1.0,1.0,0.0,51.0,3.0,51.0,3.0,0.0,0.0,0.0,0.0,0.0,0.0
2003_05_IND_TB,2003,5,TB,IND,15,8,7,0.0,0.0,0.0,1.0,0.0,1.0,0.0,0.0,1.0,1.0,0.0,82.0,0.0,82.0,0.0,0.0,0.0,0.0,0.0,0.0,0.0
2003_06_OAK_CLE,2003,6,CLE,OAK,7,7,0,0.0,0.0,0.0,0.0,0.0,0.0,0.0,0.0,1.0,1.0,0.0,62.0,10.0,62.0,10.0,0.0,0.0,0.0,0.0,0.0,0.0
2003_06_PHI_DAL,2003,6,DAL,PHI,7,7,0,0.0,0.0,0.0,0.0,0.0,0.0,1.0,0.0,1.0,0.0,1.0,70.0,5.0,70.0,5.0,0.0,0.0,0.0,0.0,0.0,0.0
2003_06_KC_GB,2003,6,GB,KC,7,7,0,0.0,0.0,0.0,0.0,0.0,0.0,0.0,0.0,1.0,1.0,0.0,60.0,17.0,60.0,17.0,0.0,0.0,1.0,0.0,0.0,7.0
2003_06_CAR_IND,2003,6,IND,CAR,6,7,-1,1.0,0.0,-1.0,0.0,0.0,0.0,0.0,1.0,0.0,0.0,1.0,,,70.0,0.0,0.0,0.0,0.0,0.0,0.0,0.0
2003_06_MIA_JAX,2003,6,JAX,MIA,7,7,0,0.0,0.0,0.0,0.0,0.0,0.0,0.0,0.0,1.0,1.0,0.0,75.0,13.0,75.0,13.0,0.0,0.0,0.0,0.0,0.0,3.0
2003_06_NYG_NE,2003,6,NE,NYG,7,7,0,0.0,0.0,0.0,0.0,0.0,0.0,0.0,0.0,1.0,1.0,0.0,55.0,10.0,55.0,10.0,0.0,0.0,0.0,0.0,0.0,0.0
2003_06_CHI_NO,2003,6,NO,CHI,7,7,0,0.0,0.0,0.0,0.0,0.0,0.0,0.0,1.0,0.0,0.0,1.0,,,70.0,0.0,0.0,0.0,0.0,0.0,0.0,0.0
2003_06_HOU_TEN,2003,6,TEN,HOU,7,14,-7,0.0,0.0,0.0,0.0,1.0,-1.0,1.0,0.0,1.0,1.0,0.0,69.0,3.0,69.0,3.0,0.0,0.0,0.0,0.0,0.0,0.0
2003_06_TB_WAS,2003,6,WAS,TB,7,6,1,0.0,1.0,1.0,0.0,0.0,0.0,0.0,0.0,1.0,1.0,0.0,71.0,7.0,71.0,7.0,0.0,0.0,0.0,0.0,0.0,0.0
2003_06_BAL_ARI,2003,6,ARI,BAL,7,14,-7,0.0,0.0,0.0,0.0,1.0,-1.0,0.0,0.0,1.0,1.0,0.0,96.0,6.0,96.0,6.0,0.0,0.0,0.0,0.0,0.0,0.0
2003_06_PIT_DEN,2003,6,DEN,PIT,7,7,0,0.0,0.0,0.0,0.0,0.0,0.0,0.0,0.0,1.0,1.0,0.0,73.0,5.0,73.0,5.0,0.0,0.0,0.0,0.0,0.0,0.0
2003_06_BUF_NYJ,2003,6,NYJ,BUF,14,7,7,0.0,0.0,0.0,1.0,0.0,1.0,1.0,0.0,1.0,0.0,1.0,65.0,5.0,65.0,5.0,0.0,0.0,0.0,0.0,0.0,0.0
2003_06_SF_SEA,2003,6,SEA,SF,7,7,0,0.0,0.0,0.0,0.0,0.0,0.0,1.0,0.0,1.0,0.0,1.0,59.0,16.0,59.0,16.0,0.0,0.0,1.0,0.0,0.0,6.0
2003_06_ATL_STL,2003,6,STL,ATL,15,8,7,0.0,0.0,0.0,1.0,0.0,1.0,0.0,1.0,0.0,0.0,1.0,,,70.0,0.0,0.0,0.0,0.0,0.0,0.0,0.0
2003_07_NO_ATL,2003,7,ATL,NO,6,7,-1,1.0,0.0,-1.0,0.0,0.0,0.0,1.0,1.0,0.0,0.0,1.0,,,70.0,0.0,0.0,0.0,0.0,0.0,0.0,0.0
2003_07_TEN_CAR,2003,7,CAR,TEN,7,7,0,0.0,0.0,0.0,0.0,0.0,0.0,0.0,0.0,1.0,1.0,0.0,67.0,3.0,67.0,3.0,0.0,0.0,0.0,0.0,0.0,0.0
2003_07_BAL_CIN,2003,7,CIN,BAL,14,7,7,0.0,0.0,0.0,1.0,0.0,1.0,1.0,0.0,1.0,1.0,0.0,63.0,3.0,63.0,3.0,0.0,0.0,0.0,0.0,0.0,0.0
2003_07_SD_CLE,2003,7,CLE,SD,7,14,-7,0.0,0.0,0.0,0.0,1.0,-1.0,0.0,0.0,1.0,1.0,0.0,58.0,8.0,58.0,8.0,0.0,0.0,0.0,0.0,0.0,0.0
2003_07_DAL_DET,2003,7,DET,DAL,14,7,7,0.0,0.0,0.0,1.0,0.0,1.0,0.0,1.0,0.0,0.0,1.0,,,70.0,0.0,0.0,0.0,0.0,0.0,0.0,0.0
2003_07_NE_MIA,2003,7,MIA,NE,7,7,0,0.0,0.0,0.0,0.0,0.0,0.0,1.0,0.0,1.0,1.0,0.0,84.0,9.0,84.0,9.0,0.0,0.0,0.0,0.0,0.0,0.0
2003_07_DEN_MIN,2003,7,MIN,DEN,14,7,7,0.0,0.0,0.0,1.0,0.0,1.0,0.0,1.0,0.0,0.0,1.0,,,70.0,0.0,0.0,0.0,0.0,0.0,0.0,0.0
2003_07_PHI_NYG,2003,7,NYG,PHI,7,7,0,0.0,0.0,0.0,0.0,0.0,0.0,1.0,0.0,1.0,0.0,1.0,51.0,9.0,51.0,9.0,0.0,0.0,0.0,0.0,0.0,0.0
2003_07_GB_STL,2003,7,STL,GB,6,7,-1,1.0,0.0,-1.0,0.0,0.0,0.0,0.0,1.0,0.0,0.0,1.0,,,70.0,0.0,0.0,0.0,0.0,0.0,0.0,0.0
2003_07_NYJ_HOU,2003,7,HOU,NYJ,7,7,0,0.0,0.0,0.0,0.0,0.0,0.0,0.0,0.0,1.0,1.0,0.0,,,,,0.0,0.0,0.0,0.0,0.0,0.0
2003_07_WAS_BUF,2003,7,BUF,WAS,7,7,0,0.0,0.0,0.0,0.0,0.0,0.0,0.0,0.0,1.0,0.0,0.0,44.0,6.0,44.0,6.0,0.0,0.0,0.0,0.0,6.0,0.0
2003_07_CHI_SEA,2003,7,SEA,CHI,7,7,0,0.0,0.0,0.0,0.0,0.0,0.0,0.0,0.0,1.0,0.0,1.0,63.0,8.0,63.0,8.0,0.0,0.0,0.0,0.0,0.0,0.0
2003_07_TB_SF,2003,7,SF,TB,7,7,0,0.0,0.0,0.0,0.0,0.0,0.0,0.0,0.0,1.0,1.0,0.0,65.0,7.0,65.0,7.0,0.0,0.0,0.0,0.0,0.0,0.0
2003_07_KC_OAK,2003,7,OAK,KC,8,8,0,0.0,0.0,0.0,0.0,0.0,0.0,1.0,0.0,1.0,1.0,0.0,75.0,8.0,75.0,8.0,0.0,0.0,0.0,0.0,0.0,0.0
2003_08_DEN_BAL,2003,8,BAL,DEN,7,7,0,0.0,0.0,0.0,0.0,0.0,0.0,0.0,0.0,1.0,0.0,1.0,67.0,12.0,67.0,12.0,0.0,0.0,0.0,0.0,0.0,2.0
2003_08_DET_CHI,2003,8,CHI,DET,7,7,0,0.0,0.0,0.0,0.0,0.0,0.0,1.0,0.0,1.0,1.0,0.0,46.0,10.0,46.0,10.0,0.0,0.0,0.0,0.0,4.0,0.0
2003_08_SEA_CIN,2003,8,CIN,SEA,7,7,0,0.0,0.0,0.0,0.0,0.0,0.0,0.0,0.0,1.0,1.0,0.0,49.0,5.0,49.0,5.0,0.0,0.0,0.0,0.0,1.0,0.0
2003_08_TEN_JAX,2003,8,JAX,TEN,14,7,7,0.0,0.0,0.0,1.0,0.0,1.0,1.0,0.0,1.0,1.0,0.0,80.0,10.0,80.0,10.0,0.0,0.0,0.0,0.0,0.0,0.0
2003_08_NYG_MIN,2003,8,MIN,NYG,7,7,0,0.0,0.0,0.0,0.0,0.0,0.0,0.0,1.0,0.0,0.0,1.0,,,70.0,0.0,0.0,0.0,0.0,0.0,0.0,0.0
2003_08_CLE_NE,2003,8,NE,CLE,7,7,0,0.0,0.0,0.0,0.0,0.0,0.0,0.0,0.0,1.0,1.0,0.0,62.0,15.0,62.0,15.0,0.0,0.0,1.0,0.0,0.0,5.0
2003_08_CAR_NO,2003,8,NO,CAR,7,7,0,0.0,0.0,0.0,0.0,0.0,0.0,1.0,1.0,0.0,0.0,1.0,,,70.0,0.0,0.0,0.0,0.0,0.0,0.0,0.0
2003_08_STL_PIT,2003,8,PIT,STL,14,7,7,0.0,0.0,0.0,1.0,0.0,1.0,0.0,0.0,1.0,1.0,0.0,59.0,8.0,59.0,8.0,0.0,0.0,0.0,0.0,0.0,0.0
2003_08_DAL_TB,2003,8,TB,DAL,7,7,0,0.0,0.0,0.0,0.0,0.0,0.0,0.0,0.0,1.0,1.0,0.0,82.0,8.0,82.0,8.0,0.0,0.0,0.0,0.0,0.0,0.0
2003_08_SF_ARI,2003,8,ARI,SF,14,7,7,0.0,0.0,0.0,1.0,0.0,1.0,1.0,0.0,1.0,1.0,0.0,80.0,3.0,80.0,3.0,0.0,0.0,0.0,0.0,0.0,0.0
2003_08_HOU_IND,2003,8,IND,HOU,14,7,7,0.0,0.0,0.0,1.0,0.0,1.0,1.0,1.0,0.0,0.0,1.0,,,70.0,0.0,0.0,0.0,0.0,0.0,0.0,0.0
2003_08_NYJ_PHI,2003,8,PHI,NYJ,7,7,0,0.0,0.0,0.0,0.0,0.0,0.0,0.0,0.0,1.0,1.0,0.0,67.0,14.0,67.0,14.0,0.0,0.0,0.0,0.0,0.0,4.0
2003_08_BUF_KC,2003,8,KC,BUF,6,7,-1,1.0,0.0,-1.0,0.0,0.0,0.0,0.0,0.0,1.0,1.0,0.0,45.0,5.0,45.0,5.0,0.0,0.0,0.0,0.0,5.0,0.0
2003_08_MIA_SD,2003,8,SD,MIA,8,8,0,0.0,0.0,0.0,0.0,0.0,0.0,0.0,0.0,1.0,1.0,0.0,79.0,3.0,79.0,3.0,0.0,0.0,0.0,0.0,0.0,0.0
2003_09_JAX_BAL,2003,9,BAL,JAX,7,7,0,0.0,0.0,0.0,0.0,0.0,0.0,0.0,0.0,1.0,0.0,1.0,71.0,0.0,71.0,0.0,0.0,0.0,0.0,0.0,0.0,0.0
2003_09_SD_CHI,2003,9,CHI,SD,7,6,1,0.0,1.0,1.0,0.0,0.0,0.0,0.0,0.0,1.0,1.0,0.0,57.0,0.0,57.0,0.0,0.0,0.0,0.0,0.0,0.0,0.0
2003_09_OAK_DET,2003,9,DET,OAK,7,13,-6,0.0,0.0,0.0,0.0,1.0,-1.0,0.0,1.0,0.0,0.0,1.0,,,70.0,0.0,0.0,0.0,0.0,0.0,0.0,0.0
2003_09_CAR_HOU,2003,9,HOU,CAR,7,7,0,0.0,0.0,0.0,0.0,0.0,0.0,0.0,1.0,0.0,1.0,0.0,,,70.0,0.0,0.0,0.0,0.0,0.0,0.0,0.0
2003_09_IND_MIA,2003,9,MIA,IND,6,7,-1,1.0,0.0,-1.0,0.0,0.0,0.0,0.0,0.0,1.0,1.0,0.0,82.0,14.0,82.0,14.0,0.0,0.0,0.0,0.0,0.0,4.0
2003_09_NYG_NYJ,2003,9,NYJ,NYG,7,7,0,0.0,0.0,0.0,0.0,0.0,0.0,0.0,0.0,1.0,0.0,1.0,66.0,5.0,66.0,5.0,0.0,0.0,0.0,0.0,0.0,0.0
2003_09_NO_TB,2003,9,TB,NO,7,7,0,0.0,0.0,0.0,0.0,0.0,0.0,1.0,0.0,1.0,1.0,0.0,82.0,9.0,82.0,9.0,0.0,0.0,0.0,0.0,0.0,0.0
2003_09_CIN_ARI,2003,9,ARI,CIN,7,7,0,0.0,0.0,0.0,0.0,0.0,0.0,0.0,0.0,1.0,1.0,0.0,75.0,9.0,75.0,9.0,0.0,0.0,0.0,0.0,0.0,0.0
2003_09_PIT_SEA,2003,9,SEA,PIT,7,7,0,0.0,0.0,0.0,0.0,0.0,0.0,0.0,0.0,1.0,0.0,1.0,44.0,8.0,44.0,8.0,0.0,0.0,0.0,0.0,6.0,0.0
2003_09_PHI_ATL,2003,9,ATL,PHI,14,7,7,0.0,0.0,0.0,1.0,0.0,1.0,0.0,1.0,0.0,0.0,1.0,,,70.0,0.0,0.0,0.0,0.0,0.0,0.0,0.0
2003_09_WAS_DAL,2003,9,DAL,WAS,7,14,-7,0.0,0.0,0.0,0.0,1.0,-1.0,1.0,0.0,1.0,0.0,1.0,79.0,10.0,79.0,10.0,0.0,0.0,0.0,0.0,0.0,0.0
2003_09_STL_SF,2003,9,SF,STL,7,7,0,0.0,0.0,0.0,0.0,0.0,0.0,1.0,0.0,1.0,1.0,0.0,58.0,12.0,58.0,12.0,0.0,0.0,0.0,0.0,0.0,2.0
2003_09_GB_MIN,2003,9,MIN,GB,7,14,-7,0.0,0.0,0.0,0.0,1.0,-1.0,1.0,1.0,0.0,0.0,1.0,,,70.0,0.0,0.0,0.0,0.0,0.0,0.0,0.0
2003_09_NE_DEN,2003,9,DEN,NE,8,8,0,0.0,0.0,0.0,0.0,0.0,0.0,0.0,0.0,1.0,1.0,0.0,35.0,0.0,35.0,0.0,1.0,0.0,0.0,0.0,15.0,0.0
2003_10_TB_CAR,2003,10,CAR,TB,7,7,0,0.0,0.0,0.0,0.0,0.0,0.0,1.0,0.0,1.0,1.0,0.0,50.0,13.0,50.0,13.0,0.0,0.0,0.0,0.0,0.0,3.0
2003_10_HOU_CIN,2003,10,CIN,HOU,7,7,0,0.0,0.0,0.0,0.0,0.0,0.0,0.0,0.0,1.0,1.0,0.0,43.0,7.0,43.0,7.0,0.0,0.0,0.0,0.0,7.0,0.0
2003_10_CHI_DET,2003,10,DET,CHI,7,7,0,0.0,0.0,0.0,0.0,0.0,0.0,1.0,1.0,0.0,0.0,1.0,,,70.0,0.0,0.0,0.0,0.0,0.0,0.0,0.0
2003_10_IND_JAX,2003,10,JAX,IND,7,7,0,0.0,0.0,0.0,0.0,0.0,0.0,1.0,0.0,1.0,1.0,0.0,62.0,15.0,62.0,15.0,0.0,0.0,1.0,0.0,0.0,5.0
2003_10_CLE_KC,2003,10,KC,CLE,14,14,0,0.0,0.0,0.0,1.0,1.0,0.0,0.0,0.0,1.0,1.0,0.0,45.0,8.0,45.0,8.0,0.0,0.0,0.0,0.0,5.0,0.0
2003_10_ATL_NYG,2003,10,NYG,ATL,7,7,0,0.0,0.0,0.0,0.0,0.0,0.0,0.0,0.0,1.0,0.0,1.0,40.0,5.0,40.0,5.0,1.0,0.0,0.0,0.0,10.0,0.0
2003_10_ARI_PIT,2003,10,PIT,ARI,7,7,0,0.0,0.0,0.0,0.0,0.0,0.0,0.0,0.0,1.0,1.0,0.0,38.0,5.0,38.0,5.0,1.0,0.0,0.0,0.0,12.0,0.0
2003_10_MIA_TEN,2003,10,TEN,MIA,14,7,7,0.0,0.0,0.0,1.0,0.0,1.0,0.0,0.0,1.0,1.0,0.0,49.0,6.0,49.0,6.0,0.0,0.0,0.0,0.0,1.0,0.0
2003_10_SEA_WAS,2003,10,WAS,SEA,7,7,0,0.0,0.0,0.0,0.0,0.0,0.0,0.0,0.0,1.0,1.0,0.0,42.0,4.0,42.0,4.0,0.0,0.0,0.0,0.0,8.0,0.0
2003_10_MIN_SD,2003,10,SD,MIN,7,7,0,0.0,0.0,0.0,0.0,0.0,0.0,0.0,0.0,1.0,1.0,0.0,66.0,9.0,66.0,9.0,0.0,0.0,0.0,0.0,0.0,0.0
2003_10_BUF_DAL,2003,10,DAL,BUF,7,14,-7,0.0,0.0,0.0,0.0,1.0,-1.0,0.0,0.0,1.0,0.0,1.0,55.0,5.0,55.0,5.0,0.0,0.0,0.0,0.0,0.0,0.0
2003_10_NYJ_OAK,2003,10,OAK,NYJ,7,7,0,0.0,0.0,0.0,0.0,0.0,0.0,0.0,0.0,1.0,1.0,0.0,61.0,10.0,61.0,10.0,0.0,0.0,0.0,0.0,0.0,0.0
2003_10_BAL_STL,2003,10,STL,BAL,7,7,0,0.0,0.0,0.0,0.0,0.0,0.0,0.0,1.0,0.0,0.0,1.0,,,70.0,0.0,0.0,0.0,0.0,0.0,0.0,0.0
2003_10_PHI_GB,2003,10,GB,PHI,8,8,0,0.0,0.0,0.0,0.0,0.0,0.0,0.0,0.0,1.0,1.0,0.0,39.0,8.0,39.0,8.0,1.0,0.0,0.0,0.0,11.0,0.0
2003_11_HOU_BUF,2003,11,BUF,HOU,7,7,0,0.0,0.0,0.0,0.0,0.0,0.0,0.0,0.0,1.0,0.0,0.0,47.0,3.0,47.0,3.0,0.0,0.0,0.0,0.0,3.0,0.0
2003_11_WAS_CAR,2003,11,CAR,WAS,7,7,0,0.0,0.0,0.0,0.0,0.0,0.0,0.0,0.0,1.0,1.0,0.0,63.0,7.0,63.0,7.0,0.0,0.0,0.0,0.0,0.0,0.0
2003_11_STL_CHI,2003,11,CHI,STL,7,7,0,0.0,0.0,0.0,0.0,0.0,0.0,0.0,0.0,1.0,1.0,0.0,48.0,0.0,48.0,0.0,0.0,0.0,0.0,0.0,2.0,0.0
2003_11_KC_CIN,2003,11,CIN,KC,7,7,0,0.0,0.0,0.0,0.0,0.0,0.0,0.0,0.0,1.0,1.0,0.0,54.0,4.0,54.0,4.0,0.0,0.0,0.0,0.0,0.0,0.0
2003_11_ARI_CLE,2003,11,CLE,ARI,7,7,0,0.0,0.0,0.0,0.0,0.0,0.0,0.0,0.0,1.0,1.0,0.0,43.0,5.0,43.0,5.0,0.0,0.0,0.0,0.0,7.0,0.0
2003_11_BAL_MIA,2003,11,MIA,BAL,7,7,0,0.0,0.0,0.0,0.0,0.0,0.0,0.0,0.0,1.0,1.0,0.0,79.0,16.0,79.0,16.0,0.0,0.0,1.0,0.0,0.0,6.0
2003_11_ATL_NO,2003,11,NO,ATL,14,7,7,0.0,0.0,0.0,1.0,0.0,1.0,1.0,1.0,0.0,0.0,1.0,,,70.0,0.0,0.0,0.0,0.0,0.0,0.0,0.0
2003_11_NYG_PHI,2003,11,PHI,NYG,6,7,-1,1.0,0.0,-1.0,0.0,0.0,0.0,1.0,0.0,1.0,1.0,0.0,52.0,6.0,52.0,6.0,0.0,0.0,0.0,0.0,0.0,0.0
2003_11_JAX_TEN,2003,11,TEN,JAX,7,7,0,0.0,0.0,0.0,0.0,0.0,0.0,1.0,0.0,1.0,1.0,0.0,60.0,6.0,60.0,6.0,0.0,0.0,0.0,0.0,0.0,0.0
2003_11_SD_DEN,2003,11,DEN,SD,13,7,6,0.0,0.0,0.0,1.0,0.0,1.0,1.0,0.0,1.0,1.0,0.0,52.0,6.0,52.0,6.0,0.0,0.0,0.0,0.0,0.0,0.0
2003_11_NYJ_IND,2003,11,IND,NYJ,7,7,0,0.0,0.0,0.0,0.0,0.0,0.0,0.0,1.0,0.0,0.0,1.0,,,70.0,0.0,0.0,0.0,0.0,0.0,0.0,0.0
2003_11_MIN_OAK,2003,11,OAK,MIN,7,7,0,0.0,0.0,0.0,0.0,0.0,0.0,0.0,0.0,1.0,1.0,0.0,55.0,6.0,55.0,6.0,0.0,0.0,0.0,0.0,0.0,0.0
2003_11_DET_SEA,2003,11,SEA,DET,7,7,0,0.0,0.0,0.0,0.0,0.0,0.0,0.0,0.0,1.0,0.0,1.0,46.0,9.0,46.0,9.0,0.0,0.0,0.0,0.0,4.0,0.0
2003_11_GB_TB,2003,11,TB,GB,7,6,1,0.0,1.0,1.0,0.0,0.0,0.0,0.0,0.0,1.0,1.0,0.0,80.0,5.0,80.0,5.0,0.0,0.0,0.0,0.0,0.0,0.0
2003_11_DAL_NE,2003,11,NE,DAL,13,7,6,0.0,0.0,0.0,1.0,0.0,1.0,0.0,0.0,1.0,1.0,0.0,33.0,0.0,33.0,0.0,1.0,0.0,0.0,0.0,17.0,0.0
2003_11_PIT_SF,2003,11,SF,PIT,15,8,7,0.0,0.0,0.0,1.0,0.0,1.0,0.0,0.0,1.0,1.0,0.0,57.0,14.0,57.0,14.0,0.0,0.0,0.0,0.0,0.0,4.0
2003_12_SEA_BAL,2003,12,BAL,SEA,7,7,0,0.0,0.0,0.0,0.0,0.0,0.0,0.0,0.0,1.0,0.0,1.0,55.0,6.0,55.0,6.0,0.0,0.0,0.0,0.0,0.0,0.0
2003_12_IND_BUF,2003,12,BUF,IND,7,7,0,0.0,0.0,0.0,0.0,0.0,0.0,0.0,0.0,1.0,0.0,0.0,70.0,17.0,70.0,17.0,0.0,0.0,1.0,0.0,0.0,7.0
2003_12_PIT_CLE,2003,12,CLE,PIT,7,6,1,0.0,1.0,1.0,0.0,0.0,0.0,1.0,0.0,1.0,1.0,0.0,61.0,12.0,61.0,12.0,0.0,0.0,0.0,0.0,0.0,2.0
2003_12_CAR_DAL,2003,12,DAL,CAR,7,7,0,0.0,0.0,0.0,0.0,0.0,0.0,0.0,0.0,1.0,0.0,1.0,44.0,10.0,44.0,10.0,0.0,0.0,0.0,0.0,6.0,0.0
2003_12_SF_GB,2003,12,GB,SF,7,6,1,0.0,1.0,1.0,0.0,0.0,0.0,0.0,0.0,1.0,1.0,0.0,38.0,10.0,38.0,10.0,1.0,0.0,0.0,0.0,12.0,0.0
2003_12_NE_HOU,2003,12,HOU,NE,7,7,0,0.0,0.0,0.0,0.0,0.0,0.0,0.0,1.0,0.0,1.0,0.0,,,70.0,0.0,0.0,0.0,0.0,0.0,0.0,0.0
2003_12_DET_MIN,2003,12,MIN,DET,7,7,0,0.0,0.0,0.0,0.0,0.0,0.0,1.0,1.0,0.0,0.0,1.0,,,70.0,0.0,0.0,0.0,0.0,0.0,0.0,0.0
2003_12_JAX_NYJ,2003,12,NYJ,JAX,7,7,0,0.0,0.0,0.0,0.0,0.0,0.0,0.0,0.0,1.0,0.0,1.0,53.0,0.0,53.0,0.0,0.0,0.0,0.0,0.0,0.0,0.0
2003_12_NO_PHI,2003,12,PHI,NO,7,7,0,0.0,0.0,0.0,0.0,0.0,0.0,0.0,0.0,1.0,1.0,0.0,56.0,3.0,56.0,3.0,0.0,0.0,0.0,0.0,0.0,0.0
2003_12_STL_ARI,2003,12,ARI,STL,7,7,0,0.0,0.0,0.0,0.0,0.0,0.0,1.0,0.0,1.0,1.0,0.0,58.0,0.0,58.0,0.0,0.0,0.0,0.0,0.0,0.0,0.0
2003_12_CHI_DEN,2003,12,DEN,CHI,7,7,0,0.0,0.0,0.0,0.0,0.0,0.0,0.0,0.0,1.0,1.0,0.0,18.0,8.0,18.0,8.0,1.0,1.0,0.0,0.0,32.0,0.0
2003_12_TEN_ATL,2003,12,ATL,TEN,7,7,0,0.0,0.0,0.0,0.0,0.0,0.0,0.0,1.0,0.0,0.0,1.0,,,70.0,0.0,0.0,0.0,0.0,0.0,0.0,0.0
2003_12_OAK_KC,2003,12,KC,OAK,7,7,0,0.0,0.0,0.0,0.0,0.0,0.0,1.0,0.0,1.0,1.0,0.0,30.0,14.0,30.0,14.0,1.0,0.0,0.0,0.0,20.0,4.0
2003_12_CIN_SD,2003,12,SD,CIN,7,7,0,0.0,0.0,0.0,0.0,0.0,0.0,0.0,0.0,1.0,1.0,0.0,67.0,9.0,67.0,9.0,0.0,0.0,0.0,0.0,0.0,0.0
2003_12_WAS_MIA,2003,12,MIA,WAS,7,7,0,0.0,0.0,0.0,0.0,0.0,0.0,0.0,0.0,1.0,1.0,0.0,74.0,10.0,74.0,10.0,0.0,0.0,0.0,0.0,0.0,0.0
2003_12_NYG_TB,2003,12,TB,NYG,8,8,0,0.0,0.0,0.0,0.0,0.0,0.0,0.0,0.0,1.0,1.0,0.0,70.0,0.0,70.0,0.0,0.0,0.0,0.0,0.0,0.0,0.0
2003_13_GB_DET,2003,13,DET,GB,4,4,0,1.0,1.0,0.0,0.0,0.0,0.0,1.0,1.0,0.0,0.0,1.0,,,70.0,0.0,0.0,0.0,0.0,0.0,0.0,0.0
2003_13_MIA_DAL,2003,13,DAL,MIA,4,4,0,1.0,1.0,0.0,0.0,0.0,0.0,0.0,0.0,1.0,0.0,1.0,60.0,10.0,60.0,10.0,0.0,0.0,0.0,0.0,0.0,0.0
2003_13_SF_BAL,2003,13,BAL,SF,7,7,0,0.0,0.0,0.0,0.0,0.0,0.0,0.0,0.0,1.0,0.0,1.0,42.0,10.0,42.0,10.0,0.0,0.0,0.0,0.0,8.0,0.0
2003_13_PHI_CAR,2003,13,CAR,PHI,7,7,0,0.0,0.0,0.0,0.0,0.0,0.0,0.0,0.0,1.0,1.0,0.0,59.0,12.0,59.0,12.0,0.0,0.0,0.0,0.0,0.0,2.0
2003_13_ARI_CHI,2003,13,CHI,ARI,7,7,0,0.0,0.0,0.0,0.0,0.0,0.0,0.0,0.0,1.0,1.0,0.0,51.0,12.0,51.0,12.0,0.0,0.0,0.0,0.0,0.0,2.0
2003_13_ATL_HOU,2003,13,HOU,ATL,7,7,0,0.0,0.0,0.0,0.0,0.0,0.0,0.0,1.0,0.0,1.0,0.0,,,70.0,0.0,0.0,0.0,0.0,0.0,0.0,0.0
2003_13_NE_IND,2003,13,IND,NE,7,7,0,0.0,0.0,0.0,0.0,0.0,0.0,0.0,1.0,0.0,0.0,1.0,,,70.0,0.0,0.0,0.0,0.0,0.0,0.0,0.0
2003_13_BUF_NYG,2003,13,NYG,BUF,6,7,-1,1.0,0.0,-1.0,0.0,0.0,0.0,0.0,0.0,1.0,0.0,1.0,47.0,16.0,47.0,16.0,0.0,0.0,1.0,0.0,3.0,6.0
2003_13_CIN_PIT,2003,13,PIT,CIN,7,7,0,0.0,0.0,0.0,0.0,0.0,0.0,1.0,0.0,1.0,1.0,0.0,41.0,14.0,41.0,14.0,0.0,0.0,0.0,0.0,9.0,4.0
2003_13_MIN_STL,2003,13,STL,MIN,7,7,0,0.0,0.0,0.0,0.0,0.0,0.0,0.0,1.0,0.0,0.0,1.0,,,70.0,0.0,0.0,0.0,0.0,0.0,0.0,0.0
2003_13_NO_WAS,2003,13,WAS,NO,7,7,0,0.0,0.0,0.0,0.0,0.0,0.0,0.0,0.0,1.0,1.0,0.0,49.0,9.0,49.0,9.0,0.0,0.0,0.0,0.0,1.0,0.0
2003_13_DEN_OAK,2003,13,OAK,DEN,7,7,0,0.0,0.0,0.0,0.0,0.0,0.0,1.0,0.0,1.0,1.0,0.0,55.0,8.0,55.0,8.0,0.0,0.0,0.0,0.0,0.0,0.0
2003_13_KC_SD,2003,13,SD,KC,7,7,0,0.0,0.0,0.0,0.0,0.0,0.0,1.0,0.0,1.0,1.0,0.0,71.0,8.0,71.0,8.0,0.0,0.0,0.0,0.0,0.0,0.0
2003_13_CLE_SEA,2003,13,SEA,CLE,7,7,0,0.0,0.0,0.0,0.0,0.0,0.0,0.0,0.0,1.0,0.0,1.0,42.0,9.0,42.0,9.0,0.0,0.0,0.0,0.0,8.0,0.0
2003_13_TB_JAX,2003,13,JAX,TB,7,6,1,0.0,1.0,1.0,0.0,0.0,0.0,0.0,0.0,1.0,1.0,0.0,46.0,0.0,46.0,0.0,0.0,0.0,0.0,0.0,4.0,0.0
2003_13_TEN_NYJ,2003,13,NYJ,TEN,8,8,0,0.0,0.0,0.0,0.0,0.0,0.0,0.0,0.0,1.0,0.0,1.0,37.0,9.0,37.0,9.0,1.0,0.0,0.0,0.0,13.0,0.0
2003_14_CIN_BAL,2003,14,BAL,CIN,7,7,0,0.0,0.0,0.0,0.0,0.0,0.0,1.0,0.0,1.0,0.0,1.0,34.0,20.0,34.0,20.0,1.0,0.0,1.0,1.0,16.0,10.0
2003_14_SD_DET,2003,14,DET,SD,10,7,3,0.0,0.0,0.0,1.0,0.0,1.0,0.0,1.0,0.0,0.0,1.0,,,70.0,0.0,0.0,0.0,0.0,0.0,0.0,0.0
2003_14_CHI_GB,2003,14,GB,CHI,10,7,3,0.0,0.0,0.0,1.0,0.0,1.0,1.0,0.0,1.0,1.0,0.0,35.0,16.0,35.0,16.0,1.0,0.0,1.0,0.0,15.0,6.0
2003_14_HOU_JAX,2003,14,JAX,HOU,7,7,0,0.0,0.0,0.0,0.0,0.0,0.0,1.0,0.0,1.0,1.0,0.0,56.0,7.0,56.0,7.0,0.0,0.0,0.0,0.0,0.0,0.0
2003_14_SEA_MIN,2003,14,MIN,SEA,7,7,0,0.0,0.0,0.0,0.0,0.0,0.0,0.0,1.0,0.0,0.0,1.0,,,70.0,0.0,0.0,0.0,0.0,0.0,0.0,0.0
2003_14_TB_NO,2003,14,NO,TB,7,7,0,0.0,0.0,0.0,0.0,0.0,0.0,1.0,1.0,0.0,0.0,1.0,,,70.0,0.0,0.0,0.0,0.0,0.0,0.0,0.0
2003_14_WAS_NYG,2003,14,NYG,WAS,7,7,0,0.0,0.0,0.0,0.0,0.0,0.0,1.0,0.0,1.0,0.0,1.0,27.0,15.0,27.0,15.0,1.0,0.0,1.0,0.0,23.0,5.0
2003_14_DAL_PHI,2003,14,PHI,DAL,7,10,-3,0.0,0.0,0.0,0.0,1.0,-1.0,1.0,0.0,1.0,1.0,0.0,30.0,23.0,30.0,23.0,1.0,0.0,1.0,1.0,20.0,13.0
2003_14_OAK_PIT,2003,14,PIT,OAK,7,7,0,0.0,0.0,0.0,0.0,0.0,0.0,0.0,0.0,1.0,1.0,0.0,30.0,7.0,30.0,7.0,1.0,0.0,0.0,0.0,20.0,0.0
2003_14_IND_TEN,2003,14,TEN,IND,6,7,-1,1.0,0.0,-1.0,0.0,0.0,0.0,1.0,0.0,1.0,1.0,0.0,42.0,0.0,42.0,0.0,0.0,0.0,0.0,0.0,8.0,0.0
2003_14_ARI_SF,2003,14,SF,ARI,7,7,0,0.0,0.0,0.0,0.0,0.0,0.0,1.0,0.0,1.0,1.0,0.0,58.0,15.0,58.0,15.0,0.0,0.0,1.0,0.0,0.0,5.0
2003_14_NYJ_BUF,2003,14,BUF,NYJ,7,6,1,0.0,1.0,1.0,0.0,0.0,0.0,1.0,0.0,1.0,0.0,0.0,30.0,12.0,30.0,12.0,1.0,0.0,0.0,0.0,20.0,2.0
2003_14_KC_DEN,2003,14,DEN,KC,7,7,0,0.0,0.0,0.0,0.0,0.0,0.0,1.0,0.0,1.0,1.0,0.0,63.0,8.0,63.0,8.0,0.0,0.0,0.0,0.0,0.0,0.0
2003_14_MIA_NE,2003,14,NE,MIA,7,10,-3,0.0,0.0,0.0,0.0,1.0,-1.0,1.0,0.0,1.0,1.0,0.0,28.0,15.0,28.0,15.0,1.0,0.0,1.0,0.0,22.0,5.0
2003_14_CAR_ATL,2003,14,ATL,CAR,7,7,0,0.0,0.0,0.0,0.0,0.0,0.0,1.0,1.0,0.0,0.0,1.0,,,70.0,0.0,0.0,0.0,0.0,0.0,0.0,0.0
2003_14_STL_CLE,2003,14,CLE,STL,8,8,0,0.0,0.0,0.0,0.0,0.0,0.0,0.0,0.0,1.0,1.0,0.0,35.0,10.0,35.0,10.0,1.0,0.0,0.0,0.0,15.0,0.0
2003_15_MIN_CHI,2003,15,CHI,MIN,7,7,0,0.0,0.0,0.0,0.0,0.0,0.0,1.0,0.0,1.0,1.0,0.0,33.0,6.0,33.0,6.0,1.0,0.0,0.0,0.0,17.0,0.0
2003_15_SF_CIN,2003,15,CIN,SF,7,7,0,0.0,0.0,0.0,0.0,0.0,0.0,0.0,0.0,1.0,1.0,0.0,30.0,5.0,30.0,5.0,1.0,0.0,0.0,0.0,20.0,0.0
2003_15_ATL_IND,2003,15,IND,ATL,7,7,0,0.0,0.0,0.0,0.0,0.0,0.0,0.0,1.0,0.0,0.0,1.0,,,70.0,0.0,0.0,0.0,0.0,0.0,0.0,0.0
2003_15_DET_KC,2003,15,KC,DET,7,7,0,0.0,0.0,0.0,0.0,0.0,0.0,0.0,0.0,1.0,1.0,0.0,29.0,12.0,29.0,12.0,1.0,0.0,0.0,0.0,21.0,2.0
2003_15_JAX_NE,2003,15,NE,JAX,7,7,0,0.0,0.0,0.0,0.0,0.0,0.0,0.0,0.0,1.0,1.0,0.0,25.0,8.0,25.0,8.0,1.0,1.0,0.0,0.0,25.0,0.0
2003_15_PIT_NYJ,2003,15,NYJ,PIT,7,7,0,0.0,0.0,0.0,0.0,0.0,0.0,0.0,0.0,1.0,0.0,1.0,30.0,15.0,30.0,15.0,1.0,0.0,1.0,0.0,20.0,5.0
2003_15_SEA_STL,2003,15,STL,SEA,6,7,-1,1.0,0.0,-1.0,0.0,0.0,0.0,1.0,1.0,0.0,0.0,1.0,,,70.0,0.0,0.0,0.0,0.0,0.0,0.0,0.0
2003_15_HOU_TB,2003,15,TB,HOU,7,7,0,0.0,0.0,0.0,0.0,0.0,0.0,0.0,0.0,1.0,1.0,0.0,67.0,7.0,67.0,7.0,0.0,0.0,0.0,0.0,0.0,0.0
2003_15_BUF_TEN,2003,15,TEN,BUF,7,7,0,0.0,0.0,0.0,0.0,0.0,0.0,0.0,0.0,1.0,1.0,0.0,37.0,10.0,37.0,10.0,1.0,0.0,0.0,0.0,13.0,0.0
2003_15_CLE_DEN,2003,15,DEN,CLE,7,6,1,0.0,1.0,1.0,0.0,0.0,0.0,0.0,0.0,1.0,1.0,0.0,52.0,6.0,52.0,6.0,0.0,0.0,0.0,0.0,0.0,0.0
2003_15_BAL_OAK,2003,15,OAK,BAL,7,7,0,0.0,0.0,0.0,0.0,0.0,0.0,0.0,0.0,1.0,1.0,0.0,55.0,7.0,55.0,7.0,0.0,0.0,0.0,0.0,0.0,0.0
2003_15_CAR_ARI,2003,15,ARI,CAR,7,7,0,0.0,0.0,0.0,0.0,0.0,0.0,0.0,0.0,1.0,1.0,0.0,63.0,4.0,63.0,4.0,0.0,0.0,0.0,0.0,0.0,0.0
2003_15_GB_SD,2003,15,SD,GB,7,7,0,0.0,0.0,0.0,0.0,0.0,0.0,0.0,0.0,1.0,1.0,0.0,61.0,8.0,61.0,8.0,0.0,0.0,0.0,0.0,0.0,0.0
2003_15_DAL_WAS,2003,15,WAS,DAL,7,7,0,0.0,0.0,0.0,0.0,0.0,0.0,1.0,0.0,1.0,1.0,0.0,36.0,13.0,36.0,13.0,1.0,0.0,0.0,0.0,14.0,3.0
2003_15_NYG_NO,2003,15,NO,NYG,7,7,0,0.0,0.0,0.0,0.0,0.0,0.0,0.0,1.0,0.0,0.0,1.0,,,70.0,0.0,0.0,0.0,0.0,0.0,0.0,0.0
2003_15_PHI_MIA,2003,15,MIA,PHI,8,8,0,0.0,0.0,0.0,0.0,0.0,0.0,0.0,0.0,1.0,1.0,0.0,70.0,8.0,70.0,8.0,0.0,0.0,0.0,0.0,0.0,0.0
2003_16_ATL_TB,2003,16,TB,ATL,6,6,0,1.0,1.0,0.0,0.0,0.0,0.0,1.0,0.0,1.0,1.0,0.0,53.0,12.0,53.0,12.0,0.0,0.0,0.0,0.0,0.0,2.0
2003_16_KC_MIN,2003,16,MIN,KC,6,6,0,1.0,1.0,0.0,0.0,0.0,0.0,0.0,1.0,0.0,0.0,1.0,,,70.0,0.0,0.0,0.0,0.0,0.0,0.0,0.0
2003_16_NE_NYJ,2003,16,NYJ,NE,6,6,0,1.0,1.0,0.0,0.0,0.0,0.0,1.0,0.0,1.0,0.0,1.0,30.0,12.0,30.0,12.0,1.0,0.0,0.0,0.0,20.0,2.0
2003_16_MIA_BUF,2003,16,BUF,MIA,7,6,1,0.0,1.0,1.0,0.0,0.0,0.0,1.0,0.0,1.0,0.0,0.0,35.0,20.0,35.0,20.0,1.0,0.0,1.0,1.0,15.0,10.0
2003_16_DET_CAR,2003,16,CAR,DET,7,7,0,0.0,0.0,0.0,0.0,0.0,0.0,0.0,0.0,1.0,1.0,0.0,42.0,7.0,42.0,7.0,0.0,0.0,0.0,0.0,8.0,0.0
2003_16_WAS_CHI,2003,16,CHI,WAS,7,7,0,0.0,0.0,0.0,0.0,0.0,0.0,0.0,0.0,1.0,1.0,0.0,46.0,22.0,46.0,22.0,0.0,0.0,1.0,1.0,4.0,12.0
2003_16_BAL_CLE,2003,16,CLE,BAL,7,7,0,0.0,0.0,0.0,0.0,0.0,0.0,1.0,0.0,1.0,1.0,0.0,34.0,12.0,34.0,12.0,1.0,0.0,0.0,0.0,16.0,2.0
2003_16_NYG_DAL,2003,16,DAL,NYG,7,7,0,0.0,0.0,0.0,0.0,0.0,0.0,1.0,0.0,1.0,0.0,1.0,57.0,10.0,57.0,10.0,0.0,0.0,0.0,0.0,0.0,0.0
2003_16_TEN_HOU,2003,16,HOU,TEN,7,7,0,0.0,0.0,0.0,0.0,0.0,0.0,1.0,0.0,1.0,1.0,0.0,,,,,0.0,0.0,0.0,0.0,0.0,0.0
2003_16_NO_JAX,2003,16,JAX,NO,7,7,0,0.0,0.0,0.0,0.0,0.0,0.0,0.0,0.0,1.0,1.0,0.0,52.0,9.0,52.0,9.0,0.0,0.0,0.0,0.0,0.0,0.0
2003_16_CIN_STL,2003,16,STL,CIN,7,7,0,0.0,0.0,0.0,0.0,0.0,0.0,0.0,1.0,0.0,0.0,1.0,,,70.0,0.0,0.0,0.0,0.0,0.0,0.0,0.0
2003_16_SD_PIT,2003,16,PIT,SD,7,7,0,0.0,0.0,0.0,0.0,0.0,0.0,0.0,0.0,1.0,1.0,0.0,36.0,15.0,36.0,15.0,1.0,0.0,1.0,0.0,14.0,5.0
2003_16_SF_PHI,2003,16,PHI,SF,6,7,-1,1.0,0.0,-1.0,0.0,0.0,0.0,0.0,0.0,1.0,1.0,0.0,35.0,16.0,35.0,16.0,1.0,0.0,1.0,0.0,15.0,6.0
2003_16_ARI_SEA,2003,16,SEA,ARI,7,7,0,0.0,0.0,0.0,0.0,0.0,0.0,1.0,0.0,1.0,0.0,1.0,49.0,3.0,49.0,3.0,0.0,0.0,0.0,0.0,1.0,0.0
2003_16_DEN_IND,2003,16,IND,DEN,7,7,0,0.0,0.0,0.0,0.0,0.0,0.0,0.0,1.0,0.0,0.0,1.0,,,70.0,0.0,0.0,0.0,0.0,0.0,0.0,0.0
2003_16_GB_OAK,2003,16,OAK,GB,8,8,0,0.0,0.0,0.0,0.0,0.0,0.0,0.0,0.0,1.0,1.0,0.0,54.0,6.0,54.0,6.0,0.0,0.0,0.0,0.0,0.0,0.0
2003_17_BUF_NE,2003,17,NE,BUF,7,6,1,0.0,1.0,1.0,0.0,0.0,0.0,1.0,0.0,1.0,1.0,0.0,42.0,10.0,42.0,10.0,0.0,0.0,0.0,0.0,8.0,0.0
2003_17_SEA_SF,2003,17,SF,SEA,6,6,0,1.0,1.0,0.0,0.0,0.0,0.0,1.0,0.0,1.0,1.0,0.0,49.0,5.0,49.0,5.0,0.0,0.0,0.0,0.0,1.0,0.0
2003_17_PHI_WAS,2003,17,WAS,PHI,6,6,0,1.0,1.0,0.0,0.0,0.0,0.0,1.0,0.0,1.0,1.0,0.0,46.0,12.0,46.0,12.0,0.0,0.0,0.0,0.0,4.0,2.0
2003_17_JAX_ATL,2003,17,ATL,JAX,8,7,1,0.0,0.0,0.0,0.0,0.0,0.0,0.0,1.0,0.0,0.0,1.0,,,70.0,0.0,0.0,0.0,0.0,0.0,0.0,0.0
2003_17_CLE_CIN,2003,17,CIN,CLE,7,7,0,0.0,0.0,0.0,0.0,0.0,0.0,1.0,0.0,1.0,1.0,0.0,56.0,10.0,56.0,10.0,0.0,0.0,0.0,0.0,0.0,0.0
2003_17_STL_DET,2003,17,DET,STL,7,7,0,0.0,0.0,0.0,0.0,0.0,0.0,0.0,1.0,0.0,0.0,1.0,,,70.0,0.0,0.0,0.0,0.0,0.0,0.0,0.0
2003_17_IND_HOU,2003,17,HOU,IND,7,7,0,0.0,0.0,0.0,0.0,0.0,0.0,1.0,1.0,0.0,1.0,0.0,,,70.0,0.0,0.0,0.0,0.0,0.0,0.0,0.0
2003_17_CHI_KC,2003,17,KC,CHI,8,7,1,0.0,0.0,0.0,0.0,0.0,0.0,0.0,0.0,1.0,1.0,0.0,46.0,6.0,46.0,6.0,0.0,0.0,0.0,0.0,4.0,0.0
2003_17_NYJ_MIA,2003,17,MIA,NYJ,7,8,-1,0.0,0.0,0.0,0.0,0.0,0.0,1.0,0.0,1.0,1.0,0.0,73.0,10.0,73.0,10.0,0.0,0.0,0.0,0.0,0.0,0.0
2003_17_DAL_NO,2003,17,NO,DAL,7,7,0,0.0,0.0,0.0,0.0,0.0,0.0,0.0,1.0,0.0,0.0,1.0,,,70.0,0.0,0.0,0.0,0.0,0.0,0.0,0.0
2003_17_TB_TEN,2003,17,TEN,TB,7,8,-1,0.0,0.0,0.0,0.0,0.0,0.0,0.0,0.0,1.0,1.0,0.0,59.0,16.0,59.0,16.0,0.0,0.0,1.0,0.0,0.0,6.0
2003_17_MIN_ARI,2003,17,ARI,MIN,7,8,-1,0.0,0.0,0.0,0.0,0.0,0.0,0.0,0.0,1.0,1.0,0.0,51.0,4.0,51.0,4.0,0.0,0.0,0.0,0.0,0.0,0.0
2003_17_CAR_NYG,2003,17,NYG,CAR,7,7,0,0.0,0.0,0.0,0.0,0.0,0.0,0.0,0.0,1.0,0.0,1.0,50.0,7.0,50.0,7.0,0.0,0.0,0.0,0.0,0.0,0.0
2003_17_DEN_GB,2003,17,GB,DEN,6,7,-1,1.0,0.0,-1.0,0.0,0.0,0.0,0.0,0.0,1.0,1.0,0.0,45.0,15.0,45.0,15.0,0.0,0.0,1.0,0.0,5.0,5.0
2003_17_OAK_SD,2003,17,SD,OAK,7,6,1,0.0,1.0,1.0,0.0,0.0,0.0,1.0,0.0,1.0,1.0,0.0,61.0,8.0,61.0,8.0,0.0,0.0,0.0,0.0,0.0,0.0
2003_17_PIT_BAL,2003,17,BAL,PIT,7,7,0,0.0,0.0,0.0,0.0,0.0,0.0,1.0,0.0,1.0,0.0,1.0,42.0,5.0,42.0,5.0,0.0,0.0,0.0,0.0,8.0,0.0
2003_18_TEN_BAL,2003,18,BAL,TEN,6,6,0,1.0,1.0,0.0,0.0,0.0,0.0,0.0,0.0,1.0,0.0,1.0,63.0,9.0,63.0,9.0,0.0,0.0,0.0,0.0,0.0,0.0
2003_18_DAL_CAR,2003,18,CAR,DAL,6,6,0,1.0,1.0,0.0,0.0,0.0,0.0,0.0,0.0,1.0,1.0,0.0,63.0,9.0,63.0,9.0,0.0,0.0,0.0,0.0,0.0,0.0
2003_18_SEA_GB,2003,18,GB,SEA,7,8,-1,0.0,0.0,0.0,0.0,0.0,0.0,0.0,0.0,1.0,1.0,0.0,20.0,14.0,20.0,14.0,1.0,1.0,0.0,0.0,30.0,4.0
2003_18_DEN_IND,2003,18,IND,DEN,7,7,0,0.0,0.0,0.0,0.0,0.0,0.0,0.0,1.0,0.0,0.0,1.0,,,70.0,0.0,0.0,0.0,0.0,0.0,0.0,0.0
2003_19_CAR_STL,2003,19,STL,CAR,13,7,6,0.0,0.0,0.0,1.0,0.0,1.0,0.0,1.0,0.0,0.0,1.0,,,70.0,0.0,0.0,0.0,0.0,0.0,0.0,0.0
2003_19_TEN_NE,2003,19,NE,TEN,14,7,7,0.0,0.0,0.0,1.0,0.0,1.0,0.0,0.0,1.0,1.0,0.0,4.0,10.0,4.0,10.0,1.0,1.0,0.0,0.0,46.0,0.0
2003_19_IND_KC,2003,19,KC,IND,14,7,7,0.0,0.0,0.0,1.0,0.0,1.0,0.0,0.0,1.0,1.0,0.0,51.0,13.0,51.0,13.0,0.0,0.0,0.0,0.0,0.0,3.0
2003_19_GB_PHI,2003,19,PHI,GB,15,7,8,0.0,0.0,0.0,1.0,0.0,1.0,0.0,0.0,1.0,1.0,0.0,25.0,13.0,25.0,13.0,1.0,1.0,0.0,0.0,25.0,3.0
2003_20_IND_NE,2003,20,NE,IND,8,7,1,0.0,0.0,0.0,0.0,0.0,0.0,0.0,0.0,1.0,1.0,0.0,32.0,2.0,32.0,2.0,1.0,0.0,0.0,0.0,18.0,0.0
2003_20_CAR_PHI,2003,20,PHI,CAR,7,8,-1,0.0,0.0,0.0,0.0,0.0,0.0,0.0,0.0,1.0,1.0,0.0,33.0,19.0,33.0,19.0,1.0,0.0,1.0,0.0,17.0,9.0
2003_21_CAR_NE,2003,21,NE,CAR,14,14,0,0.0,0.0,0.0,1.0,1.0,0.0,0.0,1.0,0.0,1.0,0.0,,,70.0,0.0,0.0,0.0,0.0,0.0,0.0,0.0
2004_01_IND_NE,2004,1,NE,IND,7,7,0,0.0,0.0,0.0,0.0,0.0,0.0,0.0,0.0,1.0,1.0,0.0,73.0,19.0,73.0,19.0,0.0,0.0,1.0,0.0,0.0,9.0
2004_01_TEN_MIA,2004,1,MIA,TEN,7,7,0,0.0,0.0,0.0,0.0,0.0,0.0,0.0,0.0,1.0,1.0,0.0,87.0,7.0,87.0,7.0,0.0,0.0,0.0,0.0,0.0,0.0
2004_01_JAX_BUF,2004,1,BUF,JAX,7,7,0,0.0,0.0,0.0,0.0,0.0,0.0,0.0,0.0,1.0,0.0,0.0,74.0,12.0,74.0,12.0,0.0,0.0,0.0,0.0,0.0,2.0
2004_01_DET_CHI,2004,1,CHI,DET,7,7,0,0.0,0.0,0.0,0.0,0.0,0.0,1.0,0.0,1.0,1.0,0.0,79.0,5.0,79.0,5.0,0.0,0.0,0.0,0.0,0.0,0.0
2004_01_BAL_CLE,2004,1,CLE,BAL,7,7,0,0.0,0.0,0.0,0.0,0.0,0.0,1.0,0.0,1.0,1.0,0.0,72.0,6.0,72.0,6.0,0.0,0.0,0.0,0.0,0.0,0.0
2004_01_SD_HOU,2004,1,HOU,SD,7,7,0,0.0,0.0,0.0,0.0,0.0,0.0,0.0,1.0,0.0,1.0,0.0,,,70.0,0.0,0.0,0.0,0.0,0.0,0.0,0.0
2004_01_SEA_NO,2004,1,NO,SEA,7,7,0,0.0,0.0,0.0,0.0,0.0,0.0,0.0,1.0,0.0,0.0,1.0,,,70.0,0.0,0.0,0.0,0.0,0.0,0.0,0.0
2004_01_CIN_NYJ,2004,1,NYJ,CIN,7,7,0,0.0,0.0,0.0,0.0,0.0,0.0,0.0,0.0,1.0,0.0,1.0,76.0,5.0,76.0,5.0,0.0,0.0,0.0,0.0,0.0,0.0
2004_01_OAK_PIT,2004,1,PIT,OAK,7,7,0,0.0,0.0,0.0,0.0,0.0,0.0,0.0,0.0,1.0,1.0,0.0,65.0,5.0,65.0,5.0,0.0,0.0,0.0,0.0,0.0,0.0
2004_01_ARI_STL,2004,1,STL,ARI,7,7,0,0.0,0.0,0.0,0.0,0.0,0.0,1.0,1.0,0.0,0.0,1.0,,,70.0,0.0,0.0,0.0,0.0,0.0,0.0,0.0
2004_01_TB_WAS,2004,1,WAS,TB,7,7,0,0.0,0.0,0.0,0.0,0.0,0.0,0.0,0.0,1.0,1.0,0.0,81.0,5.0,81.0,5.0,0.0,0.0,0.0,0.0,0.0,0.0
2004_01_DAL_MIN,2004,1,MIN,DAL,7,7,0,0.0,0.0,0.0,0.0,0.0,0.0,0.0,1.0,0.0,0.0,1.0,,,70.0,0.0,0.0,0.0,0.0,0.0,0.0,0.0
2004_01_NYG_PHI,2004,1,PHI,NYG,7,7,0,0.0,0.0,0.0,0.0,0.0,0.0,1.0,0.0,1.0,1.0,0.0,78.0,8.0,78.0,8.0,0.0,0.0,0.0,0.0,0.0,0.0
2004_01_ATL_SF,2004,1,SF,ATL,7,7,0,0.0,0.0,0.0,0.0,0.0,0.0,0.0,0.0,1.0,1.0,0.0,67.0,15.0,67.0,15.0,0.0,0.0,1.0,0.0,0.0,5.0
2004_01_KC_DEN,2004,1,DEN,KC,7,7,0,0.0,0.0,0.0,0.0,0.0,0.0,1.0,0.0,1.0,1.0,0.0,82.0,15.0,82.0,15.0,0.0,0.0,1.0,0.0,0.0,5.0
2004_01_GB_CAR,2004,1,CAR,GB,7,7,0,0.0,0.0,0.0,0.0,0.0,0.0,0.0,0.0,1.0,1.0,0.0,74.0,5.0,74.0,5.0,0.0,0.0,0.0,0.0,0.0,0.0
2004_02_STL_ATL,2004,2,ATL,STL,7,7,0,0.0,0.0,0.0,0.0,0.0,0.0,0.0,1.0,0.0,0.0,1.0,,,70.0,0.0,0.0,0.0,0.0,0.0,0.0,0.0
2004_02_PIT_BAL,2004,2,BAL,PIT,7,7,0,0.0,0.0,0.0,0.0,0.0,0.0,1.0,0.0,1.0,0.0,1.0,67.0,13.0,67.0,13.0,0.0,0.0,0.0,0.0,0.0,3.0
2004_02_HOU_DET,2004,2,DET,HOU,7,7,0,0.0,0.0,0.0,0.0,0.0,0.0,0.0,1.0,0.0,0.0,1.0,,,70.0,0.0,0.0,0.0,0.0,0.0,0.0,0.0
2004_02_CHI_GB,2004,2,GB,CHI,6,7,-1,1.0,0.0,-1.0,0.0,0.0,0.0,1.0,0.0,1.0,1.0,0.0,74.0,15.0,74.0,15.0,0.0,0.0,1.0,0.0,0.0,5.0
2004_02_DEN_JAX,2004,2,JAX,DEN,7,7,0,0.0,0.0,0.0,0.0,0.0,0.0,0.0,0.0,1.0,1.0,0.0,78.0,15.0,78.0,15.0,0.0,0.0,1.0,0.0,0.0,5.0
2004_02_CAR_KC,2004,2,KC,CAR,7,6,1,0.0,1.0,1.0,0.0,0.0,0.0,0.0,0.0,1.0,1.0,0.0,80.0,12.0,80.0,12.0,0.0,0.0,0.0,0.0,0.0,2.0
2004_02_SF_NO,2004,2,NO,SF,7,7,0,0.0,0.0,0.0,0.0,0.0,0.0,0.0,1.0,0.0,0.0,1.0,,,70.0,0.0,0.0,0.0,0.0,0.0,0.0,0.0
2004_02_WAS_NYG,2004,2,NYG,WAS,7,7,0,0.0,0.0,0.0,0.0,0.0,0.0,1.0,0.0,1.0,0.0,1.0,62.0,16.0,62.0,16.0,0.0,0.0,1.0,0.0,0.0,6.0
2004_02_IND_TEN,2004,2,TEN,IND,8,10,-2,0.0,0.0,0.0,0.0,1.0,-1.0,1.0,0.0,1.0,1.0,0.0,71.0,13.0,71.0,13.0,0.0,0.0,0.0,0.0,0.0,3.0
2004_02_SEA_TB,2004,2,TB,SEA,7,7,0,0.0,0.0,0.0,0.0,0.0,0.0,0.0,0.0,1.0,1.0,0.0,88.0,8.0,88.0,8.0,0.0,0.0,0.0,0.0,0.0,0.0
2004_02_NE_ARI,2004,2,ARI,NE,7,10,-3,0.0,0.0,0.0,0.0,1.0,-1.0,0.0,0.0,1.0,1.0,0.0,89.0,15.0,89.0,15.0,0.0,0.0,1.0,0.0,0.0,5.0
2004_02_CLE_DAL,2004,2,DAL,CLE,7,7,0,0.0,0.0,0.0,0.0,0.0,0.0,0.0,0.0,1.0,0.0,1.0,91.0,12.0,91.0,12.0,0.0,0.0,0.0,0.0,0.0,2.0
2004_02_BUF_OAK,2004,2,OAK,BUF,7,7,0,0.0,0.0,0.0,0.0,0.0,0.0,0.0,0.0,1.0,1.0,0.0,64.0,15.0,64.0,15.0,0.0,0.0,1.0,0.0,0.0,5.0
2004_02_NYJ_SD,2004,2,SD,NYJ,7,7,0,0.0,0.0,0.0,0.0,0.0,0.0,0.0,0.0,1.0,1.0,0.0,73.0,9.0,73.0,9.0,0.0,0.0,0.0,0.0,0.0,0.0
2004_02_MIA_CIN,2004,2,CIN,MIA,7,8,-1,0.0,0.0,0.0,0.0,0.0,0.0,0.0,0.0,1.0,0.0,1.0,72.0,9.0,72.0,9.0,0.0,0.0,0.0,0.0,0.0,0.0
2004_02_MIN_PHI,2004,2,PHI,MIN,8,8,0,0.0,0.0,0.0,0.0,0.0,0.0,0.0,0.0,1.0,1.0,0.0,61.0,1.0,61.0,1.0,0.0,0.0,0.0,0.0,0.0,0.0
2004_03_ARI_ATL,2004,3,ATL,ARI,7,7,0,0.0,0.0,0.0,0.0,0.0,0.0,0.0,1.0,0.0,0.0,1.0,,,70.0,0.0,0.0,0.0,0.0,0.0,0.0,0.0
2004_03_BAL_CIN,2004,3,CIN,BAL,7,7,0,0.0,0.0,0.0,0.0,0.0,0.0,1.0,0.0,1.0,0.0,1.0,65.0,7.0,65.0,7.0,0.0,0.0,0.0,0.0,0.0,0.0
2004_03_PHI_DET,2004,3,DET,PHI,7,6,1,0.0,1.0,1.0,0.0,0.0,0.0,0.0,1.0,0.0,0.0,1.0,,,70.0,0.0,0.0,0.0,0.0,0.0,0.0,0.0
2004_03_HOU_KC,2004,3,KC,HOU,7,7,0,0.0,0.0,0.0,0.0,0.0,0.0,0.0,0.0,1.0,1.0,0.0,71.0,3.0,71.0,3.0,0.0,0.0,0.0,0.0,0.0,0.0
2004_03_CHI_MIN,2004,3,MIN,CHI,6,7,-1,1.0,0.0,-1.0,0.0,0.0,0.0,1.0,1.0,0.0,0.0,1.0,,,70.0,0.0,0.0,0.0,0.0,0.0,0.0,0.0
2004_03_CLE_NYG,2004,3,NYG,CLE,7,7,0,0.0,0.0,0.0,0.0,0.0,0.0,0.0,0.0,1.0,0.0,1.0,77.0,3.0,77.0,3.0,0.0,0.0,0.0,0.0,0.0,0.0
2004_03_NO_STL,2004,3,STL,NO,7,7,0,0.0,0.0,0.0,0.0,0.0,0.0,0.0,1.0,0.0,0.0,1.0,,,70.0,0.0,0.0,0.0,0.0,0.0,0.0,0.0
2004_03_JAX_TEN,2004,3,TEN,JAX,7,7,0,0.0,0.0,0.0,0.0,0.0,0.0,1.0,0.0,1.0,1.0,0.0,76.0,12.0,76.0,12.0,0.0,0.0,0.0,0.0,0.0,2.0
2004_03_SD_DEN,2004,3,DEN,SD,7,7,0,0.0,0.0,0.0,0.0,0.0,0.0,1.0,0.0,1.0,1.0,0.0,73.0,7.0,73.0,7.0,0.0,0.0,0.0,0.0,0.0,0.0
2004_03_GB_IND,2004,3,IND,GB,7,7,0,0.0,0.0,0.0,0.0,0.0,0.0,0.0,1.0,0.0,0.0,1.0,,,70.0,0.0,0.0,0.0,0.0,0.0,0.0,0.0
2004_03_SF_SEA,2004,3,SEA,SF,7,7,0,0.0,0.0,0.0,0.0,0.0,0.0,1.0,0.0,1.0,0.0,1.0,57.0,3.0,57.0,3.0,0.0,0.0,0.0,0.0,0.0,0.0
2004_03_PIT_MIA,2004,3,MIA,PIT,7,7,0,0.0,0.0,0.0,0.0,0.0,0.0,0.0,0.0,1.0,1.0,0.0,79.0,10.0,79.0,10.0,0.0,0.0,0.0,0.0,0.0,0.0
2004_03_TB_OAK,2004,3,OAK,TB,7,7,0,0.0,0.0,0.0,0.0,0.0,0.0,0.0,0.0,1.0,1.0,0.0,71.0,12.0,71.0,12.0,0.0,0.0,0.0,0.0,0.0,2.0
2004_03_DAL_WAS,2004,3,WAS,DAL,8,8,0,0.0,0.0,0.0,0.0,0.0,0.0,1.0,0.0,1.0,1.0,0.0,72.0,7.0,72.0,7.0,0.0,0.0,0.0,0.0,0.0,0.0
2004_04_NE_BUF,2004,4,BUF,NE,14,14,0,0.0,0.0,0.0,1.0,1.0,0.0,1.0,0.0,1.0,0.0,0.0,58.0,13.0,58.0,13.0,0.0,0.0,0.0,0.0,0.0,3.0
2004_04_PHI_CHI,2004,4,CHI,PHI,7,7,0,0.0,0.0,0.0,0.0,0.0,0.0,0.0,0.0,1.0,1.0,0.0,61.0,15.0,61.0,15.0,0.0,0.0,1.0,0.0,0.0,5.0
2004_04_WAS_CLE,2004,4,CLE,WAS,7,6,1,0.0,1.0,1.0,0.0,0.0,0.0,0.0,0.0,1.0,1.0,0.0,58.0,12.0,58.0,12.0,0.0,0.0,0.0,0.0,0.0,2.0
2004_04_NYG_GB,2004,4,GB,NYG,7,7,0,0.0,0.0,0.0,0.0,0.0,0.0,0.0,0.0,1.0,1.0,0.0,61.0,18.0,61.0,18.0,0.0,0.0,1.0,0.0,0.0,8.0
2004_04_OAK_HOU,2004,4,HOU,OAK,7,7,0,0.0,0.0,0.0,0.0,0.0,0.0,0.0,0.0,1.0,1.0,0.0,,,,,0.0,0.0,0.0,0.0,0.0,0.0
2004_04_IND_JAX,2004,4,JAX,IND,7,7,0,0.0,0.0,0.0,0.0,0.0,0.0,1.0,0.0,1.0,1.0,0.0,85.0,5.0,85.0,5.0,0.0,0.0,0.0,0.0,0.0,0.0
2004_04_CIN_PIT,2004,4,PIT,CIN,7,7,0,0.0,0.0,0.0,0.0,0.0,0.0,1.0,0.0,1.0,1.0,0.0,54.0,5.0,54.0,5.0,0.0,0.0,0.0,0.0,0.0,0.0
2004_04_NO_ARI,2004,4,ARI,NO,7,7,0,0.0,0.0,0.0,0.0,0.0,0.0,0.0,0.0,1.0,1.0,0.0,93.0,3.0,93.0,3.0,0.0,0.0,0.0,0.0,0.0,0.0
2004_04_ATL_CAR,2004,4,CAR,ATL,14,7,7,0.0,0.0,0.0,1.0,0.0,1.0,1.0,0.0,1.0,1.0,0.0,71.0,6.0,71.0,6.0,0.0,0.0,0.0,0.0,0.0,0.0
2004_04_NYJ_MIA,2004,4,MIA,NYJ,7,14,-7,0.0,0.0,0.0,0.0,1.0,-1.0,1.0,0.0,1.0,1.0,0.0,88.0,17.0,88.0,17.0,0.0,0.0,1.0,0.0,0.0,7.0
2004_04_TEN_SD,2004,4,SD,TEN,7,7,0,0.0,0.0,0.0,0.0,0.0,0.0,0.0,0.0,1.0,1.0,0.0,74.0,8.0,74.0,8.0,0.0,0.0,0.0,0.0,0.0,0.0
2004_04_DEN_TB,2004,4,TB,DEN,7,7,0,0.0,0.0,0.0,0.0,0.0,0.0,0.0,0.0,1.0,1.0,0.0,86.0,9.0,86.0,9.0,0.0,0.0,0.0,0.0,0.0,0.0
2004_04_STL_SF,2004,4,SF,STL,7,7,0,0.0,0.0,0.0,0.0,0.0,0.0,1.0,0.0,1.0,1.0,0.0,59.0,15.0,59.0,15.0,0.0,0.0,1.0,0.0,0.0,5.0
2004_04_KC_BAL,2004,4,BAL,KC,8,8,0,0.0,0.0,0.0,0.0,0.0,0.0,0.0,0.0,1.0,0.0,1.0,66.0,6.0,66.0,6.0,0.0,0.0,0.0,0.0,0.0,0.0
2004_05_DET_ATL,2004,5,ATL,DET,7,14,-7,0.0,0.0,0.0,0.0,1.0,-1.0,0.0,1.0,0.0,0.0,1.0,,,70.0,0.0,0.0,0.0,0.0,0.0,0.0,0.0
2004_05_NYG_DAL,2004,5,DAL,NYG,13,7,6,0.0,0.0,0.0,1.0,0.0,1.0,1.0,0.0,1.0,0.0,1.0,65.0,10.0,65.0,10.0,0.0,0.0,0.0,0.0,0.0,0.0
2004_05_MIN_HOU,2004,5,HOU,MIN,7,14,-7,0.0,0.0,0.0,0.0,1.0,-1.0,0.0,0.0,1.0,1.0,0.0,,,,,0.0,0.0,0.0,0.0,0.0,0.0
2004_05_OAK_IND,2004,5,IND,OAK,7,7,0,0.0,0.0,0.0,0.0,0.0,0.0,0.0,1.0,0.0,0.0,1.0,,,70.0,0.0,0.0,0.0,0.0,0.0,0.0,0.0
2004_05_MIA_NE,2004,5,NE,MIA,7,7,0,0.0,0.0,0.0,0.0,0.0,0.0,1.0,0.0,1.0,1.0,0.0,64.0,8.0,64.0,8.0,0.0,0.0,0.0,0.0,0.0,0.0
2004_05_TB_NO,2004,5,NO,TB,7,7,0,0.0,0.0,0.0,0.0,0.0,0.0,1.0,1.0,0.0,0.0,1.0,,,70.0,0.0,0.0,0.0,0.0,0.0,0.0,0.0
2004_05_CLE_PIT,2004,5,PIT,CLE,7,7,0,0.0,0.0,0.0,0.0,0.0,0.0,1.0,0.0,1.0,1.0,0.0,54.0,7.0,54.0,7.0,0.0,0.0,0.0,0.0,0.0,0.0
2004_05_BUF_NYJ,2004,5,NYJ,BUF,7,7,0,0.0,0.0,0.0,0.0,0.0,0.0,1.0,0.0,1.0,0.0,1.0,64.0,8.0,64.0,8.0,0.0,0.0,0.0,0.0,0.0,0.0
2004_05_JAX_SD,2004,5,SD,JAX,7,7,0,0.0,0.0,0.0,0.0,0.0,0.0,0.0,0.0,1.0,1.0,0.0,68.0,9.0,68.0,9.0,0.0,0.0,0.0,0.0,0.0,0.0
2004_05_CAR_DEN,2004,5,DEN,CAR,7,7,0,0.0,0.0,0.0,0.0,0.0,0.0,0.0,0.0,1.0,1.0,0.0,72.0,4.0,72.0,4.0,0.0,0.0,0.0,0.0,0.0,0.0
2004_05_STL_SEA,2004,5,SEA,STL,14,7,7,0.0,0.0,0.0,1.0,0.0,1.0,1.0,0.0,1.0,0.0,1.0,57.0,8.0,57.0,8.0,0.0,0.0,0.0,0.0,0.0,0.0
2004_05_ARI_SF,2004,5,SF,ARI,7,7,0,0.0,0.0,0.0,0.0,0.0,0.0,1.0,0.0,1.0,1.0,0.0,68.0,3.0,68.0,3.0,0.0,0.0,0.0,0.0,0.0,0.0
2004_05_BAL_WAS,2004,5,WAS,BAL,7,6,1,0.0,1.0,1.0,0.0,0.0,0.0,0.0,0.0,1.0,1.0,0.0,61.0,16.0,61.0,16.0,0.0,0.0,1.0,0.0,0.0,6.0
2004_05_TEN_GB,2004,5,GB,TEN,8,8,0,0.0,0.0,0.0,0.0,0.0,0.0,0.0,0.0,1.0,1.0,0.0,50.0,2.0,50.0,2.0,0.0,0.0,0.0,0.0,0.0,0.0
2004_06_SD_ATL,2004,6,ATL,SD,7,7,0,0.0,0.0,0.0,0.0,0.0,0.0,0.0,1.0,0.0,0.0,1.0,,,70.0,0.0,0.0,0.0,0.0,0.0,0.0,0.0
2004_06_MIA_BUF,2004,6,BUF,MIA,7,7,0,0.0,0.0,0.0,0.0,0.0,0.0,1.0,0.0,1.0,0.0,0.0,45.0,25.0,45.0,25.0,0.0,0.0,1.0,1.0,5.0,15.0
2004_06_WAS_CHI,2004,6,CHI,WAS,14,7,7,0.0,0.0,0.0,1.0,0.0,1.0,0.0,0.0,1.0,1.0,0.0,42.0,12.0,42.0,12.0,0.0,0.0,0.0,0.0,8.0,2.0
2004_06_CIN_CLE,2004,6,CLE,CIN,7,14,-7,0.0,0.0,0.0,0.0,1.0,-1.0,1.0,0.0,1.0,1.0,0.0,46.0,12.0,46.0,12.0,0.0,0.0,0.0,0.0,4.0,2.0
2004_06_GB_DET,2004,6,DET,GB,7,6,1,0.0,1.0,1.0,0.0,0.0,0.0,1.0,1.0,0.0,0.0,1.0,,,70.0,0.0,0.0,0.0,0.0,0.0,0.0,0.0
2004_06_KC_JAX,2004,6,JAX,KC,7,13,-6,0.0,0.0,0.0,0.0,1.0,-1.0,0.0,0.0,1.0,1.0,0.0,78.0,9.0,78.0,9.0,0.0,0.0,0.0,0.0,0.0,0.0
2004_06_SEA_NE,2004,6,NE,SEA,7,7,0,0.0,0.0,0.0,0.0,0.0,0.0,0.0,0.0,1.0,1.0,0.0,50.0,12.0,50.0,12.0,0.0,0.0,0.0,0.0,0.0,2.0
2004_06_SF_NYJ,2004,6,NYJ,SF,7,7,0,0.0,0.0,0.0,0.0,0.0,0.0,0.0,0.0,1.0,0.0,1.0,53.0,9.0,53.0,9.0,0.0,0.0,0.0,0.0,0.0,0.0
2004_06_CAR_PHI,2004,6,PHI,CAR,14,7,7,0.0,0.0,0.0,1.0,0.0,1.0,0.0,0.0,1.0,1.0,0.0,56.0,21.0,56.0,21.0,0.0,0.0,1.0,1.0,0.0,11.0
2004_06_HOU_TEN,2004,6,TEN,HOU,6,7,-1,1.0,0.0,-1.0,0.0,0.0,0.0,1.0,0.0,1.0,1.0,0.0,60.0,0.0,60.0,0.0,0.0,0.0,0.0,0.0,0.0,0.0
2004_06_PIT_DAL,2004,6,DAL,PIT,7,7,0,0.0,0.0,0.0,0.0,0.0,0.0,0.0,0.0,1.0,0.0,1.0,86.0,14.0,86.0,14.0,0.0,0.0,0.0,0.0,0.0,4.0
2004_06_DEN_OAK,2004,6,OAK,DEN,7,7,0,0.0,0.0,0.0,0.0,0.0,0.0,1.0,0.0,1.0,1.0,0.0,67.0,15.0,67.0,15.0,0.0,0.0,1.0,0.0,0.0,5.0
2004_06_MIN_NO,2004,6,NO,MIN,7,7,0,0.0,0.0,0.0,0.0,0.0,0.0,0.0,1.0,0.0,0.0,1.0,,,70.0,0.0,0.0,0.0,0.0,0.0,0.0,0.0
2004_06_TB_STL,2004,6,STL,TB,8,8,0,0.0,0.0,0.0,0.0,0.0,0.0,0.0,1.0,0.0,0.0,1.0,,,70.0,0.0,0.0,0.0,0.0,0.0,0.0,0.0
2004_07_BUF_BAL,2004,7,BAL,BUF,14,7,7,0.0,0.0,0.0,1.0,0.0,1.0,0.0,0.0,1.0,0.0,1.0,52.0,3.0,52.0,3.0,0.0,0.0,0.0,0.0,0.0,0.0
2004_07_SD_CAR,2004,7,CAR,SD,7,7,0,0.0,0.0,0.0,0.0,0.0,0.0,0.0,0.0,1.0,1.0,0.0,58.0,7.0,58.0,7.0,0.0,0.0,0.0,0.0,0.0,0.0
2004_07_PHI_CLE,2004,7,CLE,PHI,7,7,0,0.0,0.0,0.0,0.0,0.0,0.0,0.0,0.0,1.0,1.0,0.0,58.0,6.0,58.0,6.0,0.0,0.0,0.0,0.0,0.0,0.0
2004_07_JAX_IND,2004,7,IND,JAX,14,7,7,0.0,0.0,0.0,1.0,0.0,1.0,1.0,1.0,0.0,0.0,1.0,,,70.0,0.0,0.0,0.0,0.0,0.0,0.0,0.0
2004_07_ATL_KC,2004,7,KC,ATL,7,7,0,0.0,0.0,0.0,0.0,0.0,0.0,0.0,0.0,1.0,1.0,0.0,69.0,9.0,69.0,9.0,0.0,0.0,0.0,0.0,0.0,0.0
2004_07_STL_MIA,2004,7,MIA,STL,7,6,1,0.0,1.0,1.0,0.0,0.0,0.0,0.0,0.0,1.0,1.0,0.0,82.0,7.0,82.0,7.0,0.0,0.0,0.0,0.0,0.0,0.0
2004_07_TEN_MIN,2004,7,MIN,TEN,7,7,0,0.0,0.0,0.0,0.0,0.0,0.0,0.0,1.0,0.0,0.0,1.0,,,70.0,0.0,0.0,0.0,0.0,0.0,0.0,0.0
2004_07_DET_NYG,2004,7,NYG,DET,14,7,7,0.0,0.0,0.0,1.0,0.0,1.0,0.0,0.0,1.0,0.0,1.0,52.0,8.0,52.0,8.0,0.0,0.0,0.0,0.0,0.0,0.0
2004_07_CHI_TB,2004,7,TB,CHI,6,7,-1,1.0,0.0,-1.0,0.0,0.0,0.0,0.0,0.0,1.0,1.0,0.0,80.0,7.0,80.0,7.0,0.0,0.0,0.0,0.0,0.0,0.0
2004_07_NYJ_NE,2004,7,NE,NYJ,7,7,0,0.0,0.0,0.0,0.0,0.0,0.0,1.0,0.0,1.0,1.0,0.0,46.0,15.0,46.0,15.0,0.0,0.0,1.0,0.0,4.0,5.0
2004_07_SEA_ARI,2004,7,ARI,SEA,14,7,7,0.0,0.0,0.0,1.0,0.0,1.0,1.0,0.0,1.0,1.0,0.0,77.0,0.0,77.0,0.0,0.0,0.0,0.0,0.0,0.0,0.0
2004_07_DAL_GB,2004,7,GB,DAL,7,7,0,0.0,0.0,0.0,0.0,0.0,0.0,0.0,0.0,1.0,1.0,0.0,55.0,8.0,55.0,8.0,0.0,0.0,0.0,0.0,0.0,0.0
2004_07_NO_OAK,2004,7,OAK,NO,7,7,0,0.0,0.0,0.0,0.0,0.0,0.0,0.0,0.0,1.0,1.0,0.0,62.0,10.0,62.0,10.0,0.0,0.0,0.0,0.0,0.0,0.0
2004_07_DEN_CIN,2004,7,CIN,DEN,8,8,0,0.0,0.0,0.0,0.0,0.0,0.0,0.0,0.0,1.0,0.0,1.0,61.0,7.0,61.0,7.0,0.0,0.0,0.0,0.0,0.0,0.0
2004_08_ARI_BUF,2004,8,BUF,ARI,7,7,0,0.0,0.0,0.0,0.0,0.0,0.0,0.0,0.0,1.0,0.0,0.0,55.0,21.0,55.0,21.0,0.0,0.0,1.0,1.0,0.0,11.0
2004_08_DET_DAL,2004,8,DAL,DET,7,7,0,0.0,0.0,0.0,0.0,0.0,0.0,0.0,0.0,1.0,0.0,1.0,78.0,0.0,78.0,0.0,0.0,0.0,0.0,0.0,0.0,0.0
2004_08_JAX_HOU,2004,8,HOU,JAX,14,7,7,0.0,0.0,0.0,1.0,0.0,1.0,1.0,0.0,1.0,1.0,0.0,,,,,0.0,0.0,0.0,0.0,0.0,0.0
2004_08_IND_KC,2004,8,KC,IND,7,7,0,0.0,0.0,0.0,0.0,0.0,0.0,0.0,0.0,1.0,1.0,0.0,67.0,10.0,67.0,10.0,0.0,0.0,0.0,0.0,0.0,0.0
2004_08_NYG_MIN,2004,8,MIN,NYG,7,7,0,0.0,0.0,0.0,0.0,0.0,0.0,0.0,1.0,0.0,0.0,1.0,,,70.0,0.0,0.0,0.0,0.0,0.0,0.0,0.0
2004_08_BAL_PHI,2004,8,PHI,BAL,7,7,0,0.0,0.0,0.0,0.0,0.0,0.0,0.0,0.0,1.0,1.0,0.0,73.0,22.0,73.0,22.0,0.0,0.0,1.0,1.0,0.0,12.0
2004_08_CIN_TEN,2004,8,TEN,CIN,7,6,1,0.0,1.0,1.0,0.0,0.0,0.0,0.0,0.0,1.0,1.0,0.0,69.0,5.0,69.0,5.0,0.0,0.0,0.0,0.0,0.0,0.0
2004_08_GB_WAS,2004,8,WAS,GB,14,7,7,0.0,0.0,0.0,1.0,0.0,1.0,0.0,0.0,1.0,1.0,0.0,78.0,9.0,78.0,9.0,0.0,0.0,0.0,0.0,0.0,0.0
2004_08_ATL_DEN,2004,8,DEN,ATL,6,7,-1,1.0,0.0,-1.0,0.0,0.0,0.0,0.0,0.0,1.0,1.0,0.0,54.0,12.0,54.0,12.0,0.0,0.0,0.0,0.0,0.0,2.0
2004_08_CAR_SEA,2004,8,SEA,CAR,7,7,0,0.0,0.0,0.0,0.0,0.0,0.0,0.0,0.0,1.0,0.0,1.0,49.0,6.0,49.0,6.0,0.0,0.0,0.0,0.0,1.0,0.0
2004_08_NE_PIT,2004,8,PIT,NE,14,7,7,0.0,0.0,0.0,1.0,0.0,1.0,0.0,0.0,1.0,1.0,0.0,64.0,13.0,64.0,13.0,0.0,0.0,0.0,0.0,0.0,3.0
2004_08_OAK_SD,2004,8,SD,OAK,7,7,0,0.0,0.0,0.0,0.0,0.0,0.0,1.0,0.0,1.0,1.0,0.0,69.0,8.0,69.0,8.0,0.0,0.0,0.0,0.0,0.0,0.0
2004_08_SF_CHI,2004,8,CHI,SF,7,14,-7,0.0,0.0,0.0,0.0,1.0,-1.0,0.0,0.0,1.0,1.0,0.0,50.0,7.0,50.0,7.0,0.0,0.0,0.0,0.0,0.0,0.0
2004_08_MIA_NYJ,2004,8,NYJ,MIA,8,8,0,0.0,0.0,0.0,0.0,0.0,0.0,1.0,0.0,1.0,0.0,1.0,52.0,3.0,52.0,3.0,0.0,0.0,0.0,0.0,0.0,0.0
2004_09_NYJ_BUF,2004,9,BUF,NYJ,7,6,1,0.0,1.0,1.0,0.0,0.0,0.0,1.0,0.0,1.0,0.0,0.0,55.0,25.0,55.0,25.0,0.0,0.0,1.0,1.0,0.0,15.0
2004_09_OAK_CAR,2004,9,CAR,OAK,7,7,0,0.0,0.0,0.0,0.0,0.0,0.0,0.0,0.0,1.0,1.0,0.0,73.0,3.0,73.0,3.0,0.0,0.0,0.0,0.0,0.0,0.0
2004_09_DAL_CIN,2004,9,CIN,DAL,7,7,0,0.0,0.0,0.0,0.0,0.0,0.0,0.0,0.0,1.0,0.0,1.0,63.0,9.0,63.0,9.0,0.0,0.0,0.0,0.0,0.0,0.0
2004_09_WAS_DET,2004,9,DET,WAS,7,7,0,0.0,0.0,0.0,0.0,0.0,0.0,0.0,1.0,0.0,0.0,1.0,,,70.0,0.0,0.0,0.0,0.0,0.0,0.0,0.0
2004_09_ARI_MIA,2004,9,MIA,ARI,6,7,-1,1.0,0.0,-1.0,0.0,0.0,0.0,0.0,0.0,1.0,1.0,0.0,80.0,12.0,80.0,12.0,0.0,0.0,0.0,0.0,0.0,2.0
2004_09_PHI_PIT,2004,9,PIT,PHI,7,7,0,0.0,0.0,0.0,0.0,0.0,0.0,0.0,0.0,1.0,1.0,0.0,63.0,24.0,63.0,24.0,0.0,0.0,1.0,1.0,0.0,14.0
2004_09_KC_TB,2004,9,TB,KC,14,7,7,0.0,0.0,0.0,1.0,0.0,1.0,0.0,0.0,1.0,1.0,0.0,76.0,7.0,76.0,7.0,0.0,0.0,0.0,0.0,0.0,0.0
2004_09_CHI_NYG,2004,9,NYG,CHI,7,7,0,0.0,0.0,0.0,0.0,0.0,0.0,0.0,0.0,1.0,0.0,1.0,71.0,22.0,71.0,22.0,0.0,0.0,1.0,1.0,0.0,12.0
2004_09_NO_SD,2004,9,SD,NO,7,14,-7,0.0,0.0,0.0,0.0,1.0,-1.0,0.0,0.0,1.0,1.0,0.0,63.0,8.0,63.0,8.0,0.0,0.0,0.0,0.0,0.0,0.0
2004_09_SEA_SF,2004,9,SF,SEA,7,7,0,0.0,0.0,0.0,0.0,0.0,0.0,1.0,0.0,1.0,1.0,0.0,57.0,7.0,57.0,7.0,0.0,0.0,0.0,0.0,0.0,0.0
2004_09_HOU_DEN,2004,9,DEN,HOU,7,7,0,0.0,0.0,0.0,0.0,0.0,0.0,0.0,0.0,1.0,1.0,0.0,69.0,7.0,69.0,7.0,0.0,0.0,0.0,0.0,0.0,0.0
2004_09_NE_STL,2004,9,STL,NE,14,7,7,0.0,0.0,0.0,1.0,0.0,1.0,0.0,1.0,0.0,0.0,1.0,,,70.0,0.0,0.0,0.0,0.0,0.0,0.0,0.0
2004_09_CLE_BAL,2004,9,BAL,CLE,7,14,-7,0.0,0.0,0.0,0.0,1.0,-1.0,1.0,0.0,1.0,0.0,1.0,61.0,7.0,61.0,7.0,0.0,0.0,0.0,0.0,0.0,0.0
2004_09_MIN_IND,2004,9,IND,MIN,8,8,0,0.0,0.0,0.0,0.0,0.0,0.0,0.0,1.0,0.0,0.0,1.0,,,70.0,0.0,0.0,0.0,0.0,0.0,0.0,0.0
2004_10_TB_ATL,2004,10,ATL,TB,14,7,7,0.0,0.0,0.0,1.0,0.0,1.0,1.0,1.0,0.0,0.0,1.0,,,70.0,0.0,0.0,0.0,0.0,0.0,0.0,0.0
2004_10_PIT_CLE,2004,10,CLE,PIT,7,7,0,0.0,0.0,0.0,0.0,0.0,0.0,1.0,0.0,1.0,1.0,0.0,44.0,0.0,44.0,0.0,0.0,0.0,0.0,0.0,6.0,0.0
2004_10_HOU_IND,2004,10,IND,HOU,6,7,-1,1.0,0.0,-1.0,0.0,0.0,0.0,1.0,1.0,0.0,0.0,1.0,,,70.0,0.0,0.0,0.0,0.0,0.0,0.0,0.0
2004_10_DET_JAX,2004,10,JAX,DET,14,7,7,0.0,0.0,0.0,1.0,0.0,1.0,0.0,0.0,1.0,1.0,0.0,60.0,14.0,60.0,14.0,0.0,0.0,0.0,0.0,0.0,4.0
2004_10_KC_NO,2004,10,NO,KC,7,7,0,0.0,0.0,0.0,0.0,0.0,0.0,0.0,1.0,0.0,0.0,1.0,,,70.0,0.0,0.0,0.0,0.0,0.0,0.0,0.0
2004_10_BAL_NYJ,2004,10,NYJ,BAL,7,7,0,0.0,0.0,0.0,0.0,0.0,0.0,0.0,0.0,1.0,0.0,1.0,48.0,7.0,48.0,7.0,0.0,0.0,0.0,0.0,2.0,0.0
2004_10_SEA_STL,2004,10,STL,SEA,7,7,0,0.0,0.0,0.0,0.0,0.0,0.0,1.0,1.0,0.0,0.0,1.0,,,70.0,0.0,0.0,0.0,0.0,0.0,0.0,0.0
2004_10_CHI_TEN,2004,10,TEN,CHI,14,7,7,0.0,0.0,0.0,1.0,0.0,1.0,0.0,0.0,1.0,1.0,0.0,56.0,9.0,56.0,9.0,0.0,0.0,0.0,0.0,0.0,0.0
2004_10_CIN_WAS,2004,10,WAS,CIN,7,7,0,0.0,0.0,0.0,0.0,0.0,0.0,0.0,0.0,1.0,1.0,0.0,53.0,0.0,53.0,0.0,0.0,0.0,0.0,0.0,0.0,0.0
2004_10_NYG_ARI,2004,10,ARI,NYG,7,7,0,0.0,0.0,0.0,0.0,0.0,0.0,0.0,0.0,1.0,1.0,0.0,72.0,16.0,72.0,16.0,0.0,0.0,1.0,0.0,0.0,6.0
2004_10_MIN_GB,2004,10,GB,MIN,14,6,8,0.0,1.0,1.0,1.0,0.0,1.0,1.0,0.0,1.0,1.0,0.0,46.0,7.0,46.0,7.0,0.0,0.0,0.0,0.0,4.0,0.0
2004_10_CAR_SF,2004,10,SF,CAR,7,7,0,0.0,0.0,0.0,0.0,0.0,0.0,0.0,0.0,1.0,1.0,0.0,59.0,3.0,59.0,3.0,0.0,0.0,0.0,0.0,0.0,0.0
2004_10_BUF_NE,2004,10,NE,BUF,7,7,0,0.0,0.0,0.0,0.0,0.0,0.0,1.0,0.0,1.0,1.0,0.0,40.0,2.0,40.0,2.0,1.0,0.0,0.0,0.0,10.0,0.0
2004_10_PHI_DAL,2004,10,DAL,PHI,8,8,0,0.0,0.0,0.0,0.0,0.0,0.0,1.0,0.0,1.0,0.0,1.0,62.0,6.0,62.0,6.0,0.0,0.0,0.0,0.0,0.0,0.0
2004_11_DAL_BAL,2004,11,BAL,DAL,7,6,1,0.0,1.0,1.0,0.0,0.0,0.0,0.0,0.0,1.0,0.0,1.0,60.0,4.0,60.0,4.0,0.0,0.0,0.0,0.0,0.0,0.0
2004_11_STL_BUF,2004,11,BUF,STL,7,7,0,0.0,0.0,0.0,0.0,0.0,0.0,0.0,0.0,1.0,0.0,0.0,50.0,10.0,50.0,10.0,0.0,0.0,0.0,0.0,0.0,0.0
2004_11_ARI_CAR,2004,11,CAR,ARI,7,7,0,0.0,0.0,0.0,0.0,0.0,0.0,0.0,0.0,1.0,1.0,0.0,68.0,3.0,68.0,3.0,0.0,0.0,0.0,0.0,0.0,0.0
2004_11_IND_CHI,2004,11,CHI,IND,7,7,0,0.0,0.0,0.0,0.0,0.0,0.0,0.0,0.0,1.0,1.0,0.0,43.0,3.0,43.0,3.0,0.0,0.0,0.0,0.0,7.0,0.0
2004_11_PIT_CIN,2004,11,CIN,PIT,7,7,0,0.0,0.0,0.0,0.0,0.0,0.0,1.0,0.0,1.0,0.0,1.0,50.0,7.0,50.0,7.0,0.0,0.0,0.0,0.0,0.0,0.0
2004_11_NYJ_CLE,2004,11,CLE,NYJ,7,7,0,0.0,0.0,0.0,0.0,0.0,0.0,0.0,0.0,1.0,1.0,0.0,51.0,6.0,51.0,6.0,0.0,0.0,0.0,0.0,0.0,0.0
2004_11_TEN_JAX,2004,11,JAX,TEN,7,7,0,0.0,0.0,0.0,0.0,0.0,0.0,1.0,0.0,1.0,1.0,0.0,80.0,4.0,80.0,4.0,0.0,0.0,0.0,0.0,0.0,0.0
2004_11_DET_MIN,2004,11,MIN,DET,7,7,0,0.0,0.0,0.0,0.0,0.0,0.0,1.0,1.0,0.0,0.0,1.0,,,70.0,0.0,0.0,0.0,0.0,0.0,0.0,0.0
2004_11_DEN_NO,2004,11,NO,DEN,7,14,-7,0.0,0.0,0.0,0.0,1.0,-1.0,0.0,1.0,0.0,0.0,1.0,,,70.0,0.0,0.0,0.0,0.0,0.0,0.0,0.0
2004_11_SF_TB,2004,11,TB,SF,7,7,0,0.0,0.0,0.0,0.0,0.0,0.0,0.0,0.0,1.0,1.0,0.0,77.0,8.0,77.0,8.0,0.0,0.0,0.0,0.0,0.0,0.0
2004_11_SD_OAK,2004,11,OAK,SD,14,14,0,0.0,0.0,0.0,1.0,1.0,0.0,1.0,0.0,1.0,1.0,0.0,61.0,18.0,61.0,18.0,0.0,0.0,1.0,0.0,0.0,8.0
2004_11_MIA_SEA,2004,11,SEA,MIA,7,14,-7,0.0,0.0,0.0,0.0,1.0,-1.0,0.0,0.0,1.0,0.0,1.0,46.0,3.0,46.0,3.0,0.0,0.0,0.0,0.0,4.0,0.0
2004_11_ATL_NYG,2004,11,NYG,ATL,7,7,0,0.0,0.0,0.0,0.0,0.0,0.0,0.0,0.0,1.0,0.0,1.0,57.0,3.0,57.0,3.0,0.0,0.0,0.0,0.0,0.0,0.0
2004_11_WAS_PHI,2004,11,PHI,WAS,6,7,-1,1.0,0.0,-1.0,0.0,0.0,0.0,1.0,0.0,1.0,1.0,0.0,55.0,2.0,55.0,2.0,0.0,0.0,0.0,0.0,0.0,0.0
2004_11_GB_HOU,2004,11,HOU,GB,7,7,0,0.0,0.0,0.0,0.0,0.0,0.0,0.0,1.0,0.0,1.0,0.0,,,70.0,0.0,0.0,0.0,0.0,0.0,0.0,0.0
2004_11_NE_KC,2004,11,KC,NE,8,8,0,0.0,0.0,0.0,0.0,0.0,0.0,0.0,0.0,1.0,1.0,0.0,45.0,5.0,45.0,5.0,0.0,0.0,0.0,0.0,5.0,0.0
2004_12_IND_DET,2004,12,DET,IND,4,4,0,1.0,1.0,0.0,0.0,0.0,0.0,0.0,1.0,0.0,0.0,1.0,,,70.0,0.0,0.0,0.0,0.0,0.0,0.0,0.0
2004_12_CHI_DAL,2004,12,DAL,CHI,4,4,0,1.0,1.0,0.0,0.0,0.0,0.0,0.0,0.0,1.0,0.0,1.0,61.0,0.0,61.0,0.0,0.0,0.0,0.0,0.0,0.0,0.0
2004_12_TB_CAR,2004,12,CAR,TB,7,7,0,0.0,0.0,0.0,0.0,0.0,0.0,1.0,0.0,1.0,1.0,0.0,56.0,5.0,56.0,5.0,0.0,0.0,0.0,0.0,0.0,0.0
2004_12_CLE_CIN,2004,12,CIN,CLE,7,7,0,0.0,0.0,0.0,0.0,0.0,0.0,1.0,0.0,1.0,0.0,1.0,38.0,13.0,38.0,13.0,1.0,0.0,0.0,0.0,12.0,3.0
2004_12_TEN_HOU,2004,12,HOU,TEN,7,7,0,0.0,0.0,0.0,0.0,0.0,0.0,1.0,0.0,1.0,1.0,0.0,,,,,0.0,0.0,0.0,0.0,0.0,0.0
2004_12_SD_KC,2004,12,KC,SD,6,7,-1,1.0,0.0,-1.0,0.0,0.0,0.0,1.0,0.0,1.0,1.0,0.0,35.0,14.0,35.0,14.0,1.0,0.0,0.0,0.0,15.0,4.0
2004_12_JAX_MIN,2004,12,MIN,JAX,7,7,0,0.0,0.0,0.0,0.0,0.0,0.0,0.0,1.0,0.0,0.0,1.0,,,70.0,0.0,0.0,0.0,0.0,0.0,0.0,0.0
2004_12_PHI_NYG,2004,12,NYG,PHI,7,7,0,0.0,0.0,0.0,0.0,0.0,0.0,1.0,0.0,1.0,0.0,1.0,61.0,3.0,61.0,3.0,0.0,0.0,0.0,0.0,0.0,0.0
2004_12_WAS_PIT,2004,12,PIT,WAS,7,7,0,0.0,0.0,0.0,0.0,0.0,0.0,0.0,0.0,1.0,1.0,0.0,38.0,15.0,38.0,15.0,1.0,0.0,1.0,0.0,12.0,5.0
2004_12_NO_ATL,2004,12,ATL,NO,7,7,0,0.0,0.0,0.0,0.0,0.0,0.0,1.0,1.0,0.0,0.0,1.0,,,70.0,0.0,0.0,0.0,0.0,0.0,0.0,0.0
2004_12_NYJ_ARI,2004,12,ARI,NYJ,7,7,0,0.0,0.0,0.0,0.0,0.0,0.0,0.0,0.0,1.0,1.0,0.0,63.0,22.0,63.0,22.0,0.0,0.0,1.0,1.0,0.0,12.0
2004_12_BAL_NE,2004,12,NE,BAL,6,7,-1,1.0,0.0,-1.0,0.0,0.0,0.0,0.0,0.0,1.0,1.0,0.0,52.0,20.0,52.0,20.0,0.0,0.0,1.0,1.0,0.0,10.0
2004_12_BUF_SEA,2004,12,SEA,BUF,7,7,0,0.0,0.0,0.0,0.0,0.0,0.0,0.0,0.0,1.0,0.0,1.0,41.0,3.0,41.0,3.0,0.0,0.0,0.0,0.0,9.0,0.0
2004_12_MIA_SF,2004,12,SF,MIA,7,7,0,0.0,0.0,0.0,0.0,0.0,0.0,0.0,0.0,1.0,1.0,0.0,55.0,20.0,55.0,20.0,0.0,0.0,1.0,1.0,0.0,10.0
2004_12_OAK_DEN,2004,12,DEN,OAK,7,7,0,0.0,0.0,0.0,0.0,0.0,0.0,1.0,0.0,1.0,1.0,0.0,18.0,7.0,18.0,7.0,1.0,1.0,0.0,0.0,32.0,0.0
2004_12_STL_GB,2004,12,GB,STL,8,8,0,0.0,0.0,0.0,0.0,0.0,0.0,0.0,0.0,1.0,1.0,0.0,28.0,4.0,28.0,4.0,1.0,0.0,0.0,0.0,22.0,0.0
2004_13_CIN_BAL,2004,13,BAL,CIN,7,7,0,0.0,0.0,0.0,0.0,0.0,0.0,1.0,0.0,1.0,0.0,1.0,56.0,7.0,56.0,7.0,0.0,0.0,0.0,0.0,0.0,0.0
2004_13_MIN_CHI,2004,13,CHI,MIN,10,7,3,0.0,0.0,0.0,1.0,0.0,1.0,1.0,0.0,1.0,1.0,0.0,45.0,14.0,45.0,14.0,0.0,0.0,0.0,0.0,5.0,4.0
2004_13_NE_CLE,2004,13,CLE,NE,7,7,0,0.0,0.0,0.0,0.0,0.0,0.0,0.0,0.0,1.0,1.0,0.0,46.0,5.0,46.0,5.0,0.0,0.0,0.0,0.0,4.0,0.0
2004_13_ARI_DET,2004,13,DET,ARI,10,7,3,0.0,0.0,0.0,1.0,0.0,1.0,0.0,1.0,0.0,0.0,1.0,,,70.0,0.0,0.0,0.0,0.0,0.0,0.0,0.0
2004_13_TEN_IND,2004,13,IND,TEN,10,7,3,0.0,0.0,0.0,1.0,0.0,1.0,1.0,1.0,0.0,0.0,1.0,,,70.0,0.0,0.0,0.0,0.0,0.0,0.0,0.0
2004_13_BUF_MIA,2004,13,MIA,BUF,7,7,0,0.0,0.0,0.0,0.0,0.0,0.0,1.0,0.0,1.0,1.0,0.0,79.0,13.0,79.0,13.0,0.0,0.0,0.0,0.0,0.0,3.0
2004_13_CAR_NO,2004,13,NO,CAR,7,7,0,0.0,0.0,0.0,0.0,0.0,0.0,1.0,1.0,0.0,0.0,1.0,,,70.0,0.0,0.0,0.0,0.0,0.0,0.0,0.0
2004_13_HOU_NYJ,2004,13,NYJ,HOU,7,7,0,0.0,0.0,0.0,0.0,0.0,0.0,0.0,0.0,1.0,0.0,1.0,56.0,11.0,56.0,11.0,0.0,0.0,0.0,0.0,0.0,1.0
2004_13_SF_STL,2004,13,STL,SF,6,7,-1,1.0,0.0,-1.0,0.0,0.0,0.0,1.0,1.0,0.0,0.0,1.0,,,70.0,0.0,0.0,0.0,0.0,0.0,0.0,0.0
2004_13_ATL_TB,2004,13,TB,ATL,7,7,0,0.0,0.0,0.0,0.0,0.0,0.0,1.0,0.0,1.0,1.0,0.0,71.0,3.0,71.0,3.0,0.0,0.0,0.0,0.0,0.0,0.0
2004_13_KC_OAK,2004,13,OAK,KC,7,7,0,0.0,0.0,0.0,0.0,0.0,0.0,1.0,0.0,1.0,1.0,0.0,50.0,8.0,50.0,8.0,0.0,0.0,0.0,0.0,0.0,0.0
2004_13_DEN_SD,2004,13,SD,DEN,7,7,0,0.0,0.0,0.0,0.0,0.0,0.0,1.0,0.0,1.0,1.0,0.0,58.0,9.0,58.0,9.0,0.0,0.0,0.0,0.0,0.0,0.0
2004_13_GB_PHI,2004,13,PHI,GB,7,6,1,0.0,1.0,1.0,0.0,0.0,0.0,0.0,0.0,1.0,1.0,0.0,55.0,14.0,55.0,14.0,0.0,0.0,0.0,0.0,0.0,4.0
2004_13_NYG_WAS,2004,13,WAS,NYG,7,7,0,0.0,0.0,0.0,0.0,0.0,0.0,1.0,0.0,1.0,1.0,0.0,61.0,6.0,61.0,6.0,0.0,0.0,0.0,0.0,0.0,0.0
2004_13_PIT_JAX,2004,13,JAX,PIT,7,7,0,0.0,0.0,0.0,0.0,0.0,0.0,0.0,0.0,1.0,1.0,0.0,56.0,0.0,56.0,0.0,0.0,0.0,0.0,0.0,0.0,0.0
2004_13_DAL_SEA,2004,13,SEA,DAL,8,11,-3,0.0,0.0,0.0,0.0,1.0,-1.0,0.0,0.0,1.0,0.0,1.0,45.0,0.0,45.0,0.0,0.0,0.0,0.0,0.0,5.0,0.0
2004_14_OAK_ATL,2004,14,ATL,OAK,7,7,0,0.0,0.0,0.0,0.0,0.0,0.0,0.0,1.0,0.0,0.0,1.0,,,70.0,0.0,0.0,0.0,0.0,0.0,0.0,0.0
2004_14_NYG_BAL,2004,14,BAL,NYG,7,7,0,0.0,0.0,0.0,0.0,0.0,0.0,0.0,0.0,1.0,0.0,1.0,48.0,12.0,48.0,12.0,0.0,0.0,0.0,0.0,2.0,2.0
2004_14_CLE_BUF,2004,14,BUF,CLE,7,7,0,0.0,0.0,0.0,0.0,0.0,0.0,0.0,0.0,1.0,0.0,0.0,31.0,10.0,31.0,10.0,1.0,0.0,0.0,0.0,19.0,0.0
2004_14_NO_DAL,2004,14,DAL,NO,6,7,-1,1.0,0.0,-1.0,0.0,0.0,0.0,0.0,0.0,1.0,0.0,1.0,62.0,0.0,62.0,0.0,0.0,0.0,0.0,0.0,0.0,0.0
2004_14_IND_HOU,2004,14,HOU,IND,7,7,0,0.0,0.0,0.0,0.0,0.0,0.0,1.0,0.0,1.0,1.0,0.0,,,,,0.0,0.0,0.0,0.0,0.0,0.0
2004_14_CHI_JAX,2004,14,JAX,CHI,7,7,0,0.0,0.0,0.0,0.0,0.0,0.0,0.0,0.0,1.0,1.0,0.0,53.0,15.0,53.0,15.0,0.0,0.0,1.0,0.0,0.0,5.0
2004_14_SEA_MIN,2004,14,MIN,SEA,7,6,1,0.0,1.0,1.0,0.0,0.0,0.0,0.0,1.0,0.0,0.0,1.0,,,70.0,0.0,0.0,0.0,0.0,0.0,0.0,0.0
2004_14_CIN_NE,2004,14,NE,CIN,7,7,0,0.0,0.0,0.0,0.0,0.0,0.0,0.0,0.0,1.0,1.0,0.0,39.0,5.0,39.0,5.0,1.0,0.0,0.0,0.0,11.0,0.0
2004_14_MIA_DEN,2004,14,DEN,MIA,7,7,0,0.0,0.0,0.0,0.0,0.0,0.0,0.0,0.0,1.0,1.0,0.0,37.0,8.0,37.0,8.0,1.0,0.0,0.0,0.0,13.0,0.0
2004_14_NYJ_PIT,2004,14,PIT,NYJ,7,7,0,0.0,0.0,0.0,0.0,0.0,0.0,0.0,0.0,1.0,1.0,0.0,34.0,12.0,34.0,12.0,1.0,0.0,0.0,0.0,16.0,2.0
2004_14_SF_ARI,2004,14,ARI,SF,7,7,0,0.0,0.0,0.0,0.0,0.0,0.0,1.0,0.0,1.0,1.0,0.0,74.0,0.0,74.0,0.0,0.0,0.0,0.0,0.0,0.0,0.0
2004_14_STL_CAR,2004,14,CAR,STL,7,7,0,0.0,0.0,0.0,0.0,0.0,0.0,0.0,0.0,1.0,1.0,0.0,53.0,6.0,53.0,6.0,0.0,0.0,0.0,0.0,0.0,0.0
2004_14_DET_GB,2004,14,GB,DET,7,7,0,0.0,0.0,0.0,0.0,0.0,0.0,1.0,0.0,1.0,1.0,0.0,33.0,28.0,33.0,28.0,1.0,0.0,1.0,1.0,17.0,18.0
2004_14_TB_SD,2004,14,SD,TB,7,7,0,0.0,0.0,0.0,0.0,0.0,0.0,0.0,0.0,1.0,1.0,0.0,69.0,8.0,69.0,8.0,0.0,0.0,0.0,0.0,0.0,0.0
2004_14_PHI_WAS,2004,14,WAS,PHI,7,7,0,0.0,0.0,0.0,0.0,0.0,0.0,1.0,0.0,1.0,1.0,0.0,47.0,13.0,47.0,13.0,0.0,0.0,0.0,0.0,3.0,3.0
2004_14_KC_TEN,2004,14,TEN,KC,8,8,0,0.0,0.0,0.0,0.0,0.0,0.0,0.0,0.0,1.0,1.0,0.0,37.0,10.0,37.0,10.0,1.0,0.0,0.0,0.0,13.0,0.0
2004_15_PIT_NYG,2004,15,NYG,PIT,6,6,0,1.0,1.0,0.0,0.0,0.0,0.0,0.0,0.0,1.0,0.0,1.0,42.0,5.0,42.0,5.0,0.0,0.0,0.0,0.0,8.0,0.0
2004_15_WAS_SF,2004,15,SF,WAS,6,6,0,1.0,1.0,0.0,0.0,0.0,0.0,0.0,0.0,1.0,1.0,0.0,55.0,0.0,55.0,0.0,0.0,0.0,0.0,0.0,0.0,0.0
2004_15_CAR_ATL,2004,15,ATL,CAR,6,6,0,1.0,1.0,0.0,0.0,0.0,0.0,1.0,1.0,0.0,0.0,1.0,,,70.0,0.0,0.0,0.0,0.0,0.0,0.0,0.0
2004_15_HOU_CHI,2004,15,CHI,HOU,7,7,0,0.0,0.0,0.0,0.0,0.0,0.0,0.0,0.0,1.0,1.0,0.0,12.0,21.0,12.0,21.0,1.0,1.0,1.0,1.0,38.0,11.0
2004_15_BUF_CIN,2004,15,CIN,BUF,7,7,0,0.0,0.0,0.0,0.0,0.0,0.0,0.0,0.0,1.0,0.0,1.0,19.0,22.0,19.0,22.0,1.0,1.0,1.0,1.0,31.0,12.0
2004_15_SD_CLE,2004,15,CLE,SD,7,7,0,0.0,0.0,0.0,0.0,0.0,0.0,0.0,0.0,1.0,1.0,0.0,18.0,30.0,18.0,30.0,1.0,1.0,1.0,1.0,32.0,20.0
2004_15_MIN_DET,2004,15,DET,MIN,7,7,0,0.0,0.0,0.0,0.0,0.0,0.0,1.0,1.0,0.0,0.0,1.0,,,70.0,0.0,0.0,0.0,0.0,0.0,0.0,0.0
2004_15_DEN_KC,2004,15,KC,DEN,6,7,-1,1.0,0.0,-1.0,0.0,0.0,0.0,1.0,0.0,1.0,1.0,0.0,15.0,10.0,15.0,10.0,1.0,1.0,0.0,0.0,35.0,0.0
2004_15_SEA_NYJ,2004,15,NYJ,SEA,7,7,0,0.0,0.0,0.0,0.0,0.0,0.0,0.0,0.0,1.0,0.0,1.0,45.0,5.0,45.0,5.0,0.0,0.0,0.0,0.0,5.0,0.0
2004_15_DAL_PHI,2004,15,PHI,DAL,7,7,0,0.0,0.0,0.0,0.0,0.0,0.0,1.0,0.0,1.0,1.0,0.0,37.0,4.0,37.0,4.0,1.0,0.0,0.0,0.0,13.0,0.0
2004_15_STL_ARI,2004,15,ARI,STL,7,7,0,0.0,0.0,0.0,0.0,0.0,0.0,1.0,0.0,1.0,1.0,0.0,75.0,10.0,75.0,10.0,0.0,0.0,0.0,0.0,0.0,0.0
2004_15_NO_TB,2004,15,TB,NO,7,7,0,0.0,0.0,0.0,0.0,0.0,0.0,1.0,0.0,1.0,1.0,0.0,64.0,13.0,64.0,13.0,0.0,0.0,0.0,0.0,0.0,3.0
2004_15_JAX_GB,2004,15,GB,JAX,7,7,0,0.0,0.0,0.0,0.0,0.0,0.0,0.0,0.0,1.0,1.0,0.0,12.0,13.0,12.0,13.0,1.0,1.0,0.0,0.0,38.0,3.0
2004_15_TEN_OAK,2004,15,OAK,TEN,7,6,1,0.0,1.0,1.0,0.0,0.0,0.0,0.0,0.0,1.0,1.0,0.0,54.0,6.0,54.0,6.0,0.0,0.0,0.0,0.0,0.0,0.0
2004_15_BAL_IND,2004,15,IND,BAL,7,7,0,0.0,0.0,0.0,0.0,0.0,0.0,0.0,1.0,0.0,0.0,1.0,,,70.0,0.0,0.0,0.0,0.0,0.0,0.0,0.0
2004_15_NE_MIA,2004,15,MIA,NE,8,8,0,0.0,0.0,0.0,0.0,0.0,0.0,1.0,0.0,1.0,1.0,0.0,52.0,7.0,52.0,7.0,0.0,0.0,0.0,0.0,0.0,0.0
2004_16_GB_MIN,2004,16,MIN,GB,5,5,0,1.0,1.0,0.0,0.0,0.0,0.0,1.0,1.0,0.0,0.0,1.0,,,70.0,0.0,0.0,0.0,0.0,0.0,0.0,0.0
2004_16_OAK_KC,2004,16,KC,OAK,6,6,0,1.0,1.0,0.0,0.0,0.0,0.0,1.0,0.0,1.0,1.0,0.0,43.0,8.0,43.0,8.0,0.0,0.0,0.0,0.0,7.0,0.0
2004_16_DEN_TEN,2004,16,TEN,DEN,6,6,0,1.0,1.0,0.0,0.0,0.0,0.0,0.0,0.0,1.0,1.0,0.0,29.0,8.0,29.0,8.0,1.0,0.0,0.0,0.0,21.0,0.0
2004_16_NYG_CIN,2004,16,CIN,NYG,7,8,-1,0.0,0.0,0.0,0.0,0.0,0.0,0.0,0.0,1.0,0.0,1.0,24.0,3.0,24.0,3.0,1.0,1.0,0.0,0.0,26.0,0.0
2004_16_CHI_DET,2004,16,DET,CHI,7,7,0,0.0,0.0,0.0,0.0,0.0,0.0,1.0,1.0,0.0,0.0,1.0,,,70.0,0.0,0.0,0.0,0.0,0.0,0.0,0.0
2004_16_SD_IND,2004,16,IND,SD,7,7,0,0.0,0.0,0.0,0.0,0.0,0.0,0.0,1.0,0.0,0.0,1.0,,,70.0,0.0,0.0,0.0,0.0,0.0,0.0,0.0
2004_16_HOU_JAX,2004,16,JAX,HOU,7,7,0,0.0,0.0,0.0,0.0,0.0,0.0,1.0,0.0,1.0,1.0,0.0,40.0,16.0,40.0,16.0,1.0,0.0,1.0,0.0,10.0,6.0
2004_16_ATL_NO,2004,16,NO,ATL,7,8,-1,0.0,0.0,0.0,0.0,0.0,0.0,1.0,1.0,0.0,0.0,1.0,,,70.0,0.0,0.0,0.0,0.0,0.0,0.0,0.0
2004_16_BAL_PIT,2004,16,PIT,BAL,8,7,1,0.0,0.0,0.0,0.0,0.0,0.0,1.0,0.0,1.0,1.0,0.0,26.0,3.0,26.0,3.0,1.0,0.0,0.0,0.0,24.0,0.0
2004_16_NE_NYJ,2004,16,NYJ,NE,7,6,1,0.0,1.0,1.0,0.0,0.0,0.0,1.0,0.0,1.0,0.0,1.0,30.0,10.0,30.0,10.0,1.0,0.0,0.0,0.0,20.0,0.0
2004_16_BUF_SF,2004,16,SF,BUF,8,7,1,0.0,0.0,0.0,0.0,0.0,0.0,0.0,0.0,1.0,1.0,0.0,54.0,18.0,54.0,18.0,0.0,0.0,1.0,0.0,0.0,8.0
2004_16_WAS_DAL,2004,16,DAL,WAS,7,8,-1,0.0,0.0,0.0,0.0,0.0,0.0,1.0,0.0,1.0,0.0,1.0,61.0,5.0,61.0,5.0,0.0,0.0,0.0,0.0,0.0,0.0
2004_16_ARI_SEA,2004,16,SEA,ARI,7,7,0,0.0,0.0,0.0,0.0,0.0,0.0,1.0,0.0,1.0,0.0,1.0,46.0,3.0,46.0,3.0,0.0,0.0,0.0,0.0,4.0,0.0
2004_16_CAR_TB,2004,16,TB,CAR,7,8,-1,0.0,0.0,0.0,0.0,0.0,0.0,1.0,0.0,1.0,1.0,0.0,50.0,15.0,50.0,15.0,0.0,0.0,1.0,0.0,0.0,5.0
2004_16_CLE_MIA,2004,16,MIA,CLE,6,7,-1,1.0,0.0,-1.0,0.0,0.0,0.0,0.0,0.0,1.0,1.0,0.0,55.0,0.0,55.0,0.0,0.0,0.0,0.0,0.0,0.0,0.0
2004_16_PHI_STL,2004,16,STL,PHI,8,8,0,0.0,0.0,0.0,0.0,0.0,0.0,0.0,1.0,0.0,0.0,1.0,,,70.0,0.0,0.0,0.0,0.0,0.0,0.0,0.0
2004_17_MIA_BAL,2004,17,BAL,MIA,7,7,0,0.0,0.0,0.0,0.0,0.0,0.0,0.0,0.0,1.0,0.0,1.0,42.0,7.0,42.0,7.0,0.0,0.0,0.0,0.0,8.0,0.0
2004_17_PIT_BUF,2004,17,BUF,PIT,7,7,0,0.0,0.0,0.0,0.0,0.0,0.0,0.0,0.0,1.0,0.0,0.0,52.0,17.0,52.0,17.0,0.0,0.0,1.0,0.0,0.0,7.0
2004_17_NO_CAR,2004,17,CAR,NO,7,7,0,0.0,0.0,0.0,0.0,0.0,0.0,1.0,0.0,1.0,1.0,0.0,65.0,8.0,65.0,8.0,0.0,0.0,0.0,0.0,0.0,0.0
2004_17_GB_CHI,2004,17,CHI,GB,7,9,-2,0.0,0.0,0.0,0.0,0.0,0.0,1.0,0.0,1.0,1.0,0.0,44.0,12.0,44.0,12.0,0.0,0.0,0.0,0.0,6.0,2.0
2004_17_CLE_HOU,2004,17,HOU,CLE,7,7,0,0.0,0.0,0.0,0.0,0.0,0.0,0.0,1.0,0.0,1.0,0.0,,,70.0,0.0,0.0,0.0,0.0,0.0,0.0,0.0
2004_17_SF_NE,2004,17,NE,SF,7,7,0,0.0,0.0,0.0,0.0,0.0,0.0,0.0,0.0,1.0,1.0,0.0,32.0,2.0,32.0,2.0,1.0,0.0,0.0,0.0,18.0,0.0
2004_17_CIN_PHI,2004,17,PHI,CIN,6,7,-1,1.0,0.0,-1.0,0.0,0.0,0.0,0.0,0.0,1.0,1.0,0.0,43.0,8.0,43.0,8.0,0.0,0.0,0.0,0.0,7.0,0.0
2004_17_NYJ_STL,2004,17,STL,NYJ,6,7,-1,1.0,0.0,-1.0,0.0,0.0,0.0,0.0,1.0,0.0,0.0,1.0,,,70.0,0.0,0.0,0.0,0.0,0.0,0.0,0.0
2004_17_DET_TEN,2004,17,TEN,DET,8,7,1,0.0,0.0,0.0,0.0,0.0,0.0,0.0,0.0,1.0,1.0,0.0,62.0,7.0,62.0,7.0,0.0,0.0,0.0,0.0,0.0,0.0
2004_17_MIN_WAS,2004,17,WAS,MIN,7,9,-2,0.0,0.0,0.0,0.0,0.0,0.0,0.0,0.0,1.0,1.0,0.0,46.0,0.0,46.0,0.0,0.0,0.0,0.0,0.0,4.0,0.0
2004_17_TB_ARI,2004,17,ARI,TB,7,7,0,0.0,0.0,0.0,0.0,0.0,0.0,0.0,0.0,1.0,1.0,0.0,63.0,7.0,63.0,7.0,0.0,0.0,0.0,0.0,0.0,0.0
2004_17_ATL_SEA,2004,17,SEA,ATL,7,7,0,0.0,0.0,0.0,0.0,0.0,0.0,0.0,0.0,1.0,0.0,1.0,40.0,5.0,40.0,5.0,1.0,0.0,0.0,0.0,10.0,0.0
2004_17_IND_DEN,2004,17,DEN,IND,8,7,1,0.0,0.0,0.0,0.0,0.0,0.0,0.0,0.0,1.0,1.0,0.0,32.0,4.0,32.0,4.0,1.0,0.0,0.0,0.0,18.0,0.0
2004_17_JAX_OAK,2004,17,OAK,JAX,8,7,1,0.0,0.0,0.0,0.0,0.0,0.0,0.0,0.0,1.0,1.0,0.0,48.0,9.0,48.0,9.0,0.0,0.0,0.0,0.0,2.0,0.0
2004_17_KC_SD,2004,17,SD,KC,7,8,-1,0.0,0.0,0.0,0.0,0.0,0.0,1.0,0.0,1.0,1.0,0.0,59.0,8.0,59.0,8.0,0.0,0.0,0.0,0.0,0.0,0.0
2004_17_DAL_NYG,2004,17,NYG,DAL,7,7,0,0.0,0.0,0.0,0.0,0.0,0.0,1.0,0.0,1.0,0.0,1.0,47.0,0.0,47.0,0.0,0.0,0.0,0.0,0.0,3.0,0.0
2004_18_STL_SEA,2004,18,SEA,STL,6,6,0,1.0,1.0,0.0,0.0,0.0,0.0,1.0,0.0,1.0,0.0,1.0,45.0,9.0,45.0,9.0,0.0,0.0,0.0,0.0,5.0,0.0
2004_18_NYJ_SD,2004,18,SD,NYJ,6,6,0,1.0,1.0,0.0,0.0,0.0,0.0,0.0,0.0,1.0,1.0,0.0,55.0,8.0,55.0,8.0,0.0,0.0,0.0,0.0,0.0,0.0
2004_18_DEN_IND,2004,18,IND,DEN,7,7,0,0.0,0.0,0.0,0.0,0.0,0.0,0.0,1.0,0.0,0.0,1.0,,,70.0,0.0,0.0,0.0,0.0,0.0,0.0,0.0
2004_18_MIN_GB,2004,18,GB,MIN,7,7,0,0.0,0.0,0.0,0.0,0.0,0.0,1.0,0.0,1.0,1.0,0.0,26.0,4.0,26.0,4.0,1.0,0.0,0.0,0.0,24.0,0.0
2004_19_NYJ_PIT,2004,19,PIT,NYJ,13,7,6,0.0,0.0,0.0,1.0,0.0,1.0,0.0,0.0,1.0,1.0,0.0,28.0,5.0,28.0,5.0,1.0,0.0,0.0,0.0,22.0,0.0
2004_19_STL_ATL,2004,19,ATL,STL,13,7,6,0.0,0.0,0.0,1.0,0.0,1.0,0.0,1.0,0.0,0.0,1.0,,,70.0,0.0,0.0,0.0,0.0,0.0,0.0,0.0
2004_19_MIN_PHI,2004,19,PHI,MIN,14,7,7,0.0,0.0,0.0,1.0,0.0,1.0,0.0,0.0,1.0,1.0,0.0,31.0,16.0,31.0,16.0,1.0,0.0,1.0,0.0,19.0,6.0
2004_19_IND_NE,2004,19,NE,IND,14,7,7,0.0,0.0,0.0,1.0,0.0,1.0,0.0,0.0,1.0,1.0,0.0,25.0,7.0,25.0,7.0,1.0,1.0,0.0,0.0,25.0,0.0
2004_20_ATL_PHI,2004,20,PHI,ATL,7,8,-1,0.0,0.0,0.0,0.0,0.0,0.0,0.0,0.0,1.0,1.0,0.0,17.0,26.0,17.0,26.0,1.0,1.0,1.0,1.0,33.0,16.0
2004_20_NE_PIT,2004,20,PIT,NE,8,7,1,0.0,0.0,0.0,0.0,0.0,0.0,0.0,0.0,1.0,1.0,0.0,11.0,9.0,11.0,9.0,1.0,1.0,0.0,0.0,39.0,0.0
2004_21_NE_PHI,2004,21,PHI,NE,14,14,0,0.0,0.0,0.0,1.0,1.0,0.0,0.0,0.0,1.0,1.0,0.0,59.0,12.0,59.0,12.0,0.0,0.0,0.0,0.0,0.0,2.0
2005_01_OAK_NE,2005,1,NE,OAK,7,7,0,0.0,0.0,0.0,0.0,0.0,0.0,0.0,0.0,1.0,1.0,0.0,74.0,0.0,74.0,0.0,0.0,0.0,0.0,0.0,0.0,0.0
2005_01_HOU_BUF,2005,1,BUF,HOU,7,7,0,0.0,0.0,0.0,0.0,0.0,0.0,0.0,0.0,1.0,0.0,0.0,76.0,0.0,76.0,0.0,0.0,0.0,0.0,0.0,0.0,0.0
2005_01_NO_CAR,2005,1,CAR,NO,7,7,0,0.0,0.0,0.0,0.0,0.0,0.0,1.0,0.0,1.0,1.0,0.0,79.0,15.0,79.0,15.0,0.0,0.0,1.0,0.0,0.0,5.0
2005_01_CIN_CLE,2005,1,CLE,CIN,7,7,0,0.0,0.0,0.0,0.0,0.0,0.0,1.0,0.0,1.0,1.0,0.0,74.0,5.0,74.0,5.0,0.0,0.0,0.0,0.0,0.0,0.0
2005_01_SEA_JAX,2005,1,JAX,SEA,7,7,0,0.0,0.0,0.0,0.0,0.0,0.0,0.0,0.0,1.0,1.0,0.0,82.0,7.0,82.0,7.0,0.0,0.0,0.0,0.0,0.0,0.0
2005_01_NYJ_KC,2005,1,KC,NYJ,7,7,0,0.0,0.0,0.0,0.0,0.0,0.0,0.0,0.0,1.0,1.0,0.0,81.0,12.0,81.0,12.0,0.0,0.0,0.0,0.0,0.0,2.0
2005_01_DEN_MIA,2005,1,MIA,DEN,7,7,0,0.0,0.0,0.0,0.0,0.0,0.0,0.0,0.0,1.0,1.0,0.0,89.0,0.0,89.0,0.0,0.0,0.0,0.0,0.0,0.0,0.0
2005_01_TB_MIN,2005,1,MIN,TB,7,7,0,0.0,0.0,0.0,0.0,0.0,0.0,0.0,1.0,0.0,0.0,1.0,,,70.0,0.0,0.0,0.0,0.0,0.0,0.0,0.0
2005_01_TEN_PIT,2005,1,PIT,TEN,7,7,0,0.0,0.0,0.0,0.0,0.0,0.0,0.0,0.0,1.0,1.0,0.0,75.0,5.0,75.0,5.0,0.0,0.0,0.0,0.0,0.0,0.0
2005_01_CHI_WAS,2005,1,WAS,CHI,7,7,0,0.0,0.0,0.0,0.0,0.0,0.0,0.0,0.0,1.0,1.0,0.0,83.0,0.0,83.0,0.0,0.0,0.0,0.0,0.0,0.0,0.0
2005_01_GB_DET,2005,1,DET,GB,7,7,0,0.0,0.0,0.0,0.0,0.0,0.0,1.0,1.0,0.0,0.0,1.0,,,70.0,0.0,0.0,0.0,0.0,0.0,0.0,0.0
2005_01_ARI_NYG,2005,1,NYG,ARI,7,7,0,0.0,0.0,0.0,0.0,0.0,0.0,0.0,0.0,1.0,0.0,1.0,85.0,9.0,85.0,9.0,0.0,0.0,0.0,0.0,0.0,0.0
2005_01_DAL_SD,2005,1,SD,DAL,7,7,0,0.0,0.0,0.0,0.0,0.0,0.0,0.0,0.0,1.0,1.0,0.0,67.0,8.0,67.0,8.0,0.0,0.0,0.0,0.0,0.0,0.0
2005_01_STL_SF,2005,1,SF,STL,7,7,0,0.0,0.0,0.0,0.0,0.0,0.0,1.0,0.0,1.0,1.0,0.0,65.0,17.0,65.0,17.0,0.0,0.0,1.0,0.0,0.0,7.0
2005_01_IND_BAL,2005,1,BAL,IND,7,7,0,0.0,0.0,0.0,0.0,0.0,0.0,0.0,0.0,1.0,0.0,1.0,76.0,5.0,76.0,5.0,0.0,0.0,0.0,0.0,0.0,0.0
2005_01_PHI_ATL,2005,1,ATL,PHI,7,7,0,0.0,0.0,0.0,0.0,0.0,0.0,0.0,1.0,0.0,0.0,1.0,,,70.0,0.0,0.0,0.0,0.0,0.0,0.0,0.0
2005_02_NE_CAR,2005,2,CAR,NE,7,10,-3,0.0,0.0,0.0,0.0,1.0,-1.0,0.0,0.0,1.0,1.0,0.0,90.0,5.0,90.0,5.0,0.0,0.0,0.0,0.0,0.0,0.0
2005_02_DET_CHI,2005,2,CHI,DET,7,7,0,0.0,0.0,0.0,0.0,0.0,0.0,1.0,0.0,1.0,1.0,0.0,76.0,14.0,76.0,14.0,0.0,0.0,0.0,0.0,0.0,4.0
2005_02_MIN_CIN,2005,2,CIN,MIN,7,7,0,0.0,0.0,0.0,0.0,0.0,0.0,0.0,0.0,1.0,0.0,1.0,74.0,0.0,74.0,0.0,0.0,0.0,0.0,0.0,0.0,0.0
2005_02_PIT_HOU,2005,2,HOU,PIT,7,7,0,0.0,0.0,0.0,0.0,0.0,0.0,0.0,0.0,1.0,1.0,0.0,,,,,0.0,0.0,0.0,0.0,0.0,0.0
2005_02_JAX_IND,2005,2,IND,JAX,7,7,0,0.0,0.0,0.0,0.0,0.0,0.0,1.0,1.0,0.0,0.0,1.0,,,70.0,0.0,0.0,0.0,0.0,0.0,0.0,0.0
2005_02_SF_PHI,2005,2,PHI,SF,6,7,-1,1.0,0.0,-1.0,0.0,0.0,0.0,0.0,0.0,1.0,1.0,0.0,82.0,7.0,82.0,7.0,0.0,0.0,0.0,0.0,0.0,0.0
2005_02_BUF_TB,2005,2,TB,BUF,7,7,0,0.0,0.0,0.0,0.0,0.0,0.0,0.0,0.0,1.0,1.0,0.0,91.0,4.0,91.0,4.0,0.0,0.0,0.0,0.0,0.0,0.0
2005_02_BAL_TEN,2005,2,TEN,BAL,7,7,0,0.0,0.0,0.0,0.0,0.0,0.0,0.0,0.0,1.0,1.0,0.0,75.0,0.0,75.0,0.0,0.0,0.0,0.0,0.0,0.0,0.0
2005_02_STL_ARI,2005,2,ARI,STL,7,7,0,0.0,0.0,0.0,0.0,0.0,0.0,1.0,0.0,1.0,1.0,0.0,94.0,0.0,94.0,0.0,0.0,0.0,0.0,0.0,0.0,0.0
2005_02_ATL_SEA,2005,2,SEA,ATL,7,6,1,0.0,1.0,1.0,0.0,0.0,0.0,0.0,0.0,1.0,0.0,1.0,60.0,4.0,60.0,4.0,0.0,0.0,0.0,0.0,0.0,0.0
2005_02_SD_DEN,2005,2,DEN,SD,7,7,0,0.0,0.0,0.0,0.0,0.0,0.0,1.0,0.0,1.0,1.0,0.0,77.0,4.0,77.0,4.0,0.0,0.0,0.0,0.0,0.0,0.0
2005_02_CLE_GB,2005,2,GB,CLE,7,7,0,0.0,0.0,0.0,0.0,0.0,0.0,0.0,0.0,1.0,1.0,0.0,76.0,7.0,76.0,7.0,0.0,0.0,0.0,0.0,0.0,0.0
2005_02_MIA_NYJ,2005,2,NYJ,MIA,7,7,0,0.0,0.0,0.0,0.0,0.0,0.0,1.0,0.0,1.0,0.0,1.0,82.0,8.0,82.0,8.0,0.0,0.0,0.0,0.0,0.0,0.0
2005_02_KC_OAK,2005,2,OAK,KC,10,7,3,0.0,0.0,0.0,1.0,0.0,1.0,1.0,0.0,1.0,1.0,0.0,70.0,16.0,70.0,16.0,0.0,0.0,1.0,0.0,0.0,6.0
2005_02_WAS_DAL,2005,2,DAL,WAS,8,8,0,0.0,0.0,0.0,0.0,0.0,0.0,1.0,0.0,1.0,0.0,1.0,93.0,0.0,93.0,0.0,0.0,0.0,0.0,0.0,0.0,0.0
2005_02_NYG_NO,2005,2,NO,NYG,8,8,0,0.0,0.0,0.0,0.0,0.0,0.0,0.0,0.0,1.0,0.0,1.0,77.0,8.0,77.0,8.0,0.0,0.0,0.0,0.0,0.0,0.0
2005_03_ATL_BUF,2005,3,BUF,ATL,7,7,0,0.0,0.0,0.0,0.0,0.0,0.0,0.0,0.0,1.0,0.0,0.0,77.0,12.0,77.0,12.0,0.0,0.0,0.0,0.0,0.0,2.0
2005_03_CIN_CHI,2005,3,CHI,CIN,7,7,0,0.0,0.0,0.0,0.0,0.0,0.0,0.0,0.0,1.0,1.0,0.0,73.0,9.0,73.0,9.0,0.0,0.0,0.0,0.0,0.0,0.0
2005_03_TB_GB,2005,3,GB,TB,7,7,0,0.0,0.0,0.0,0.0,0.0,0.0,0.0,0.0,1.0,1.0,0.0,65.0,3.0,65.0,3.0,0.0,0.0,0.0,0.0,0.0,0.0
2005_03_CLE_IND,2005,3,IND,CLE,7,7,0,0.0,0.0,0.0,0.0,0.0,0.0,0.0,1.0,0.0,0.0,1.0,,,70.0,0.0,0.0,0.0,0.0,0.0,0.0,0.0
2005_03_CAR_MIA,2005,3,MIA,CAR,7,7,0,0.0,0.0,0.0,0.0,0.0,0.0,0.0,0.0,1.0,1.0,0.0,85.0,14.0,85.0,14.0,0.0,0.0,0.0,0.0,0.0,4.0
2005_03_NO_MIN,2005,3,MIN,NO,7,6,1,0.0,1.0,1.0,0.0,0.0,0.0,0.0,1.0,0.0,0.0,1.0,,,70.0,0.0,0.0,0.0,0.0,0.0,0.0,0.0
2005_03_JAX_NYJ,2005,3,NYJ,JAX,7,7,0,0.0,0.0,0.0,0.0,0.0,0.0,0.0,0.0,1.0,0.0,1.0,69.0,10.0,69.0,10.0,0.0,0.0,0.0,0.0,0.0,0.0
2005_03_OAK_PHI,2005,3,PHI,OAK,7,7,0,0.0,0.0,0.0,0.0,0.0,0.0,0.0,0.0,1.0,1.0,0.0,75.0,0.0,75.0,0.0,0.0,0.0,0.0,0.0,0.0,0.0
2005_03_TEN_STL,2005,3,STL,TEN,7,7,0,0.0,0.0,0.0,0.0,0.0,0.0,0.0,1.0,0.0,0.0,1.0,,,70.0,0.0,0.0,0.0,0.0,0.0,0.0,0.0
2005_03_ARI_SEA,2005,3,SEA,ARI,7,7,0,0.0,0.0,0.0,0.0,0.0,0.0,1.0,0.0,1.0,0.0,1.0,60.0,0.0,60.0,0.0,0.0,0.0,0.0,0.0,0.0,0.0
2005_03_DAL_SF,2005,3,SF,DAL,7,6,1,0.0,1.0,1.0,0.0,0.0,0.0,0.0,0.0,1.0,1.0,0.0,72.0,0.0,72.0,0.0,0.0,0.0,0.0,0.0,0.0,0.0
2005_03_NE_PIT,2005,3,PIT,NE,7,7,0,0.0,0.0,0.0,0.0,0.0,0.0,0.0,0.0,1.0,1.0,0.0,83.0,7.0,83.0,7.0,0.0,0.0,0.0,0.0,0.0,0.0
2005_03_NYG_SD,2005,3,SD,NYG,7,6,1,0.0,1.0,1.0,0.0,0.0,0.0,0.0,0.0,1.0,1.0,0.0,68.0,8.0,68.0,8.0,0.0,0.0,0.0,0.0,0.0,0.0
2005_03_KC_DEN,2005,3,DEN,KC,8,8,0,0.0,0.0,0.0,0.0,0.0,0.0,1.0,0.0,1.0,1.0,0.0,72.0,6.0,72.0,6.0,0.0,0.0,0.0,0.0,0.0,0.0
2005_04_HOU_CIN,2005,4,CIN,HOU,7,14,-7,0.0,0.0,0.0,0.0,1.0,-1.0,0.0,0.0,1.0,0.0,1.0,79.0,2.0,79.0,2.0,0.0,0.0,0.0,0.0,0.0,0.0
2005_04_DEN_JAX,2005,4,JAX,DEN,7,6,1,0.0,1.0,1.0,0.0,0.0,0.0,0.0,0.0,1.0,1.0,0.0,82.0,10.0,82.0,10.0,0.0,0.0,0.0,0.0,0.0,0.0
2005_04_SD_NE,2005,4,NE,SD,7,7,0,0.0,0.0,0.0,0.0,0.0,0.0,0.0,0.0,1.0,1.0,0.0,73.0,0.0,73.0,0.0,0.0,0.0,0.0,0.0,0.0,0.0
2005_04_BUF_NO,2005,4,NO,BUF,7,7,0,0.0,0.0,0.0,0.0,0.0,0.0,0.0,1.0,0.0,0.0,1.0,,,70.0,0.0,0.0,0.0,0.0,0.0,0.0,0.0
2005_04_STL_NYG,2005,4,NYG,STL,7,7,0,0.0,0.0,0.0,0.0,0.0,0.0,0.0,0.0,1.0,0.0,1.0,78.0,1.0,78.0,1.0,0.0,0.0,0.0,0.0,0.0,0.0
2005_04_DET_TB,2005,4,TB,DET,7,14,-7,0.0,0.0,0.0,0.0,1.0,-1.0,0.0,0.0,1.0,1.0,0.0,87.0,10.0,87.0,10.0,0.0,0.0,0.0,0.0,0.0,0.0
2005_04_IND_TEN,2005,4,TEN,IND,7,7,0,0.0,0.0,0.0,0.0,0.0,0.0,1.0,0.0,1.0,1.0,0.0,82.0,9.0,82.0,9.0,0.0,0.0,0.0,0.0,0.0,0.0
2005_04_SEA_WAS,2005,4,WAS,SEA,13,7,6,0.0,0.0,0.0,1.0,0.0,1.0,0.0,0.0,1.0,1.0,0.0,80.0,7.0,80.0,7.0,0.0,0.0,0.0,0.0,0.0,0.0
2005_04_NYJ_BAL,2005,4,BAL,NYJ,14,7,7,0.0,0.0,0.0,1.0,0.0,1.0,0.0,0.0,1.0,0.0,1.0,79.0,6.0,79.0,6.0,0.0,0.0,0.0,0.0,0.0,0.0
2005_04_MIN_ATL,2005,4,ATL,MIN,7,7,0,0.0,0.0,0.0,0.0,0.0,0.0,0.0,1.0,0.0,0.0,1.0,,,70.0,0.0,0.0,0.0,0.0,0.0,0.0,0.0
2005_04_PHI_KC,2005,4,KC,PHI,6,7,-1,1.0,0.0,-1.0,0.0,0.0,0.0,0.0,0.0,1.0,1.0,0.0,87.0,17.0,87.0,17.0,0.0,0.0,1.0,0.0,0.0,7.0
2005_04_DAL_OAK,2005,4,OAK,DAL,7,7,0,0.0,0.0,0.0,0.0,0.0,0.0,0.0,0.0,1.0,1.0,0.0,66.0,10.0,66.0,10.0,0.0,0.0,0.0,0.0,0.0,0.0
2005_04_SF_ARI,2005,4,ARI,SF,7,7,0,0.0,0.0,0.0,0.0,0.0,0.0,1.0,0.0,1.0,1.0,0.0,66.0,13.0,66.0,13.0,0.0,0.0,0.0,0.0,0.0,3.0
2005_04_GB_CAR,2005,4,CAR,GB,8,8,0,0.0,0.0,0.0,0.0,0.0,0.0,0.0,0.0,1.0,1.0,0.0,75.0,3.0,75.0,3.0,0.0,0.0,0.0,0.0,0.0,0.0
2005_05_NE_ATL,2005,5,ATL,NE,7,7,0,0.0,0.0,0.0,0.0,0.0,0.0,0.0,1.0,0.0,0.0,1.0,,,70.0,0.0,0.0,0.0,0.0,0.0,0.0,0.0
2005_05_MIA_BUF,2005,5,BUF,MIA,7,14,-7,0.0,0.0,0.0,0.0,1.0,-1.0,1.0,0.0,1.0,0.0,0.0,50.0,8.0,50.0,8.0,0.0,0.0,0.0,0.0,0.0,0.0
2005_05_CHI_CLE,2005,5,CLE,CHI,14,14,0,0.0,0.0,0.0,1.0,1.0,0.0,0.0,0.0,1.0,1.0,0.0,52.0,6.0,52.0,6.0,0.0,0.0,0.0,0.0,0.0,0.0
2005_05_BAL_DET,2005,5,DET,BAL,7,7,0,0.0,0.0,0.0,0.0,0.0,0.0,0.0,1.0,0.0,0.0,1.0,,,70.0,0.0,0.0,0.0,0.0,0.0,0.0,0.0
2005_05_NO_GB,2005,5,GB,NO,6,7,-1,1.0,0.0,-1.0,0.0,0.0,0.0,0.0,0.0,1.0,1.0,0.0,52.0,10.0,52.0,10.0,0.0,0.0,0.0,0.0,0.0,0.0
2005_05_TEN_HOU,2005,5,HOU,TEN,7,7,0,0.0,0.0,0.0,0.0,0.0,0.0,1.0,1.0,0.0,1.0,0.0,,,70.0,0.0,0.0,0.0,0.0,0.0,0.0,0.0
2005_05_TB_NYJ,2005,5,NYJ,TB,7,7,0,0.0,0.0,0.0,0.0,0.0,0.0,0.0,0.0,1.0,0.0,1.0,57.0,7.0,57.0,7.0,0.0,0.0,0.0,0.0,0.0,0.0
2005_05_SEA_STL,2005,5,STL,SEA,7,7,0,0.0,0.0,0.0,0.0,0.0,0.0,1.0,1.0,0.0,0.0,1.0,,,70.0,0.0,0.0,0.0,0.0,0.0,0.0,0.0
2005_05_IND_SF,2005,5,SF,IND,7,7,0,0.0,0.0,0.0,0.0,0.0,0.0,0.0,0.0,1.0,1.0,0.0,64.0,3.0,64.0,3.0,0.0,0.0,0.0,0.0,0.0,0.0
2005_05_CAR_ARI,2005,5,ARI,CAR,7,6,1,0.0,1.0,1.0,0.0,0.0,0.0,0.0,0.0,1.0,1.0,0.0,81.0,10.0,81.0,10.0,0.0,0.0,0.0,0.0,0.0,0.0
2005_05_PHI_DAL,2005,5,DAL,PHI,7,7,0,0.0,0.0,0.0,0.0,0.0,0.0,1.0,0.0,1.0,0.0,1.0,77.0,0.0,77.0,0.0,0.0,0.0,0.0,0.0,0.0,0.0
2005_05_WAS_DEN,2005,5,DEN,WAS,7,7,0,0.0,0.0,0.0,0.0,0.0,0.0,0.0,0.0,1.0,1.0,0.0,50.0,7.0,50.0,7.0,0.0,0.0,0.0,0.0,0.0,0.0
2005_05_CIN_JAX,2005,5,JAX,CIN,7,7,0,0.0,0.0,0.0,0.0,0.0,0.0,0.0,0.0,1.0,1.0,0.0,80.0,5.0,80.0,5.0,0.0,0.0,0.0,0.0,0.0,0.0
2005_05_PIT_SD,2005,5,SD,PIT,8,15,-7,0.0,0.0,0.0,0.0,1.0,-1.0,0.0,0.0,1.0,1.0,0.0,64.0,8.0,64.0,8.0,0.0,0.0,0.0,0.0,0.0,0.0
2005_06_CLE_BAL,2005,6,BAL,CLE,7,7,0,0.0,0.0,0.0,0.0,0.0,0.0,1.0,0.0,1.0,0.0,1.0,67.0,22.0,67.0,22.0,0.0,0.0,1.0,1.0,0.0,12.0
2005_06_MIN_CHI,2005,6,CHI,MIN,7,14,-7,0.0,0.0,0.0,0.0,1.0,-1.0,1.0,0.0,1.0,1.0,0.0,57.0,9.0,57.0,9.0,0.0,0.0,0.0,0.0,0.0,0.0
2005_06_NYG_DAL,2005,6,DAL,NYG,7,14,-7,0.0,0.0,0.0,0.0,1.0,-1.0,1.0,0.0,1.0,0.0,1.0,76.0,0.0,76.0,0.0,0.0,0.0,0.0,0.0,0.0,0.0
2005_06_CAR_DET,2005,6,DET,CAR,7,7,0,0.0,0.0,0.0,0.0,0.0,0.0,0.0,1.0,0.0,0.0,1.0,,,70.0,0.0,0.0,0.0,0.0,0.0,0.0,0.0
2005_06_WAS_KC,2005,6,KC,WAS,14,7,7,0.0,0.0,0.0,1.0,0.0,1.0,0.0,0.0,1.0,1.0,0.0,66.0,7.0,66.0,7.0,0.0,0.0,0.0,0.0,0.0,0.0
2005_06_ATL_NO,2005,6,NO,ATL,7,7,0,0.0,0.0,0.0,0.0,0.0,0.0,1.0,1.0,0.0,0.0,1.0,,,70.0,0.0,0.0,0.0,0.0,0.0,0.0,0.0
2005_06_JAX_PIT,2005,6,PIT,JAX,6,7,-1,1.0,0.0,-1.0,0.0,0.0,0.0,0.0,0.0,1.0,1.0,0.0,56.0,15.0,56.0,15.0,0.0,0.0,1.0,0.0,0.0,5.0
2005_06_MIA_TB,2005,6,TB,MIA,7,7,0,0.0,0.0,0.0,0.0,0.0,0.0,0.0,0.0,1.0,1.0,0.0,81.0,9.0,81.0,9.0,0.0,0.0,0.0,0.0,0.0,0.0
2005_06_CIN_TEN,2005,6,TEN,CIN,7,7,0,0.0,0.0,0.0,0.0,0.0,0.0,0.0,0.0,1.0,1.0,0.0,66.0,0.0,66.0,0.0,0.0,0.0,0.0,0.0,0.0,0.0
2005_06_NYJ_BUF,2005,6,BUF,NYJ,7,7,0,0.0,0.0,0.0,0.0,0.0,0.0,1.0,0.0,1.0,0.0,0.0,52.0,15.0,52.0,15.0,0.0,0.0,1.0,0.0,0.0,5.0
2005_06_NE_DEN,2005,6,DEN,NE,7,7,0,0.0,0.0,0.0,0.0,0.0,0.0,0.0,0.0,1.0,1.0,0.0,75.0,5.0,75.0,5.0,0.0,0.0,0.0,0.0,0.0,0.0
2005_06_SD_OAK,2005,6,OAK,SD,14,6,8,0.0,1.0,1.0,1.0,0.0,1.0,1.0,0.0,1.0,1.0,0.0,64.0,7.0,64.0,7.0,0.0,0.0,0.0,0.0,0.0,0.0
2005_06_HOU_SEA,2005,6,SEA,HOU,7,7,0,0.0,0.0,0.0,0.0,0.0,0.0,0.0,0.0,1.0,0.0,1.0,57.0,14.0,57.0,14.0,0.0,0.0,0.0,0.0,0.0,4.0
2005_06_STL_IND,2005,6,IND,STL,8,8,0,0.0,0.0,0.0,0.0,0.0,0.0,0.0,1.0,0.0,0.0,1.0,,,70.0,0.0,0.0,0.0,0.0,0.0,0.0,0.0
2005_07_KC_MIA,2005,7,MIA,KC,5,5,0,1.0,1.0,0.0,0.0,0.0,0.0,0.0,0.0,1.0,1.0,0.0,78.0,15.0,78.0,15.0,0.0,0.0,1.0,0.0,0.0,5.0
2005_07_PIT_CIN,2005,7,CIN,PIT,7,7,0,0.0,0.0,0.0,0.0,0.0,0.0,1.0,0.0,1.0,0.0,1.0,47.0,6.0,47.0,6.0,0.0,0.0,0.0,0.0,3.0,0.0
2005_07_DET_CLE,2005,7,CLE,DET,7,7,0,0.0,0.0,0.0,0.0,0.0,0.0,0.0,0.0,1.0,1.0,0.0,47.0,5.0,47.0,5.0,0.0,0.0,0.0,0.0,3.0,0.0
2005_07_IND_HOU,2005,7,HOU,IND,7,6,1,0.0,1.0,1.0,0.0,0.0,0.0,1.0,1.0,0.0,1.0,0.0,,,70.0,0.0,0.0,0.0,0.0,0.0,0.0,0.0
2005_07_GB_MIN,2005,7,MIN,GB,7,14,-7,0.0,0.0,0.0,0.0,1.0,-1.0,1.0,1.0,0.0,0.0,1.0,,,70.0,0.0,0.0,0.0,0.0,0.0,0.0,0.0
2005_07_SD_PHI,2005,7,PHI,SD,14,7,7,0.0,0.0,0.0,1.0,0.0,1.0,0.0,0.0,1.0,1.0,0.0,53.0,17.0,53.0,17.0,0.0,0.0,1.0,0.0,0.0,7.0
2005_07_NO_STL,2005,7,STL,NO,6,7,-1,1.0,0.0,-1.0,0.0,0.0,0.0,0.0,1.0,0.0,0.0,1.0,,,70.0,0.0,0.0,0.0,0.0,0.0,0.0,0.0
2005_07_SF_WAS,2005,7,WAS,SF,7,14,-7,0.0,0.0,0.0,0.0,1.0,-1.0,0.0,0.0,1.0,1.0,0.0,60.0,4.0,60.0,4.0,0.0,0.0,0.0,0.0,0.0,0.0
2005_07_DAL_SEA,2005,7,SEA,DAL,7,7,0,0.0,0.0,0.0,0.0,0.0,0.0,0.0,0.0,1.0,0.0,1.0,55.0,1.0,55.0,1.0,0.0,0.0,0.0,0.0,0.0,0.0
2005_07_TEN_ARI,2005,7,ARI,TEN,14,7,7,0.0,0.0,0.0,1.0,0.0,1.0,0.0,0.0,1.0,1.0,0.0,83.0,5.0,83.0,5.0,0.0,0.0,0.0,0.0,0.0,0.0
2005_07_BAL_CHI,2005,7,CHI,BAL,7,7,0,0.0,0.0,0.0,0.0,0.0,0.0,0.0,0.0,1.0,1.0,0.0,48.0,6.0,48.0,6.0,0.0,0.0,0.0,0.0,2.0,0.0
2005_07_DEN_NYG,2005,7,NYG,DEN,7,7,0,0.0,0.0,0.0,0.0,0.0,0.0,0.0,0.0,1.0,0.0,1.0,54.0,17.0,54.0,17.0,0.0,0.0,1.0,0.0,0.0,7.0
2005_07_BUF_OAK,2005,7,OAK,BUF,7,7,0,0.0,0.0,0.0,0.0,0.0,0.0,0.0,0.0,1.0,1.0,0.0,59.0,0.0,59.0,0.0,0.0,0.0,0.0,0.0,0.0,0.0
2005_07_NYJ_ATL,2005,7,ATL,NYJ,8,8,0,0.0,0.0,0.0,0.0,0.0,0.0,0.0,1.0,0.0,0.0,1.0,,,70.0,0.0,0.0,0.0,0.0,0.0,0.0,0.0
2005_08_MIN_CAR,2005,8,CAR,MIN,14,7,7,0.0,0.0,0.0,1.0,0.0,1.0,0.0,0.0,1.0,1.0,0.0,70.0,5.0,70.0,5.0,0.0,0.0,0.0,0.0,0.0,0.0
2005_08_GB_CIN,2005,8,CIN,GB,7,7,0,0.0,0.0,0.0,0.0,0.0,0.0,0.0,0.0,1.0,0.0,1.0,58.0,9.0,58.0,9.0,0.0,0.0,0.0,0.0,0.0,0.0
2005_08_ARI_DAL,2005,8,DAL,ARI,7,7,0,0.0,0.0,0.0,0.0,0.0,0.0,0.0,0.0,1.0,0.0,1.0,71.0,0.0,71.0,0.0,0.0,0.0,0.0,0.0,0.0,0.0
2005_08_CHI_DET,2005,8,DET,CHI,7,7,0,0.0,0.0,0.0,0.0,0.0,0.0,1.0,1.0,0.0,0.0,1.0,,,70.0,0.0,0.0,0.0,0.0,0.0,0.0,0.0
2005_08_CLE_HOU,2005,8,HOU,CLE,7,7,0,0.0,0.0,0.0,0.0,0.0,0.0,0.0,0.0,1.0,1.0,0.0,,,,,0.0,0.0,0.0,0.0,0.0,0.0
2005_08_WAS_NYG,2005,8,NYG,WAS,7,7,0,0.0,0.0,0.0,0.0,0.0,0.0,1.0,0.0,1.0,0.0,1.0,64.0,13.0,64.0,13.0,0.0,0.0,0.0,0.0,0.0,3.0
2005_08_JAX_STL,2005,8,STL,JAX,7,14,-7,0.0,0.0,0.0,0.0,1.0,-1.0,0.0,1.0,0.0,0.0,1.0,,,70.0,0.0,0.0,0.0,0.0,0.0,0.0,0.0
2005_08_OAK_TEN,2005,8,TEN,OAK,7,7,0,0.0,0.0,0.0,0.0,0.0,0.0,0.0,0.0,1.0,1.0,0.0,67.0,9.0,67.0,9.0,0.0,0.0,0.0,0.0,0.0,0.0
2005_08_MIA_NO,2005,8,NO,MIA,7,9,-2,0.0,0.0,0.0,0.0,0.0,0.0,0.0,0.0,1.0,1.0,0.0,76.0,3.0,76.0,3.0,0.0,0.0,0.0,0.0,0.0,0.0
2005_08_KC_SD,2005,8,SD,KC,7,9,-2,0.0,0.0,0.0,0.0,0.0,0.0,1.0,0.0,1.0,1.0,0.0,73.0,8.0,73.0,8.0,0.0,0.0,0.0,0.0,0.0,0.0
2005_08_PHI_DEN,2005,8,DEN,PHI,7,7,0,0.0,0.0,0.0,0.0,0.0,0.0,0.0,0.0,1.0,1.0,0.0,52.0,3.0,52.0,3.0,0.0,0.0,0.0,0.0,0.0,0.0
2005_08_TB_SF,2005,8,SF,TB,7,14,-7,0.0,0.0,0.0,0.0,1.0,-1.0,0.0,0.0,1.0,1.0,0.0,61.0,3.0,61.0,3.0,0.0,0.0,0.0,0.0,0.0,0.0
2005_08_BUF_NE,2005,8,NE,BUF,14,7,7,0.0,0.0,0.0,1.0,0.0,1.0,1.0,0.0,1.0,1.0,0.0,58.0,7.0,58.0,7.0,0.0,0.0,0.0,0.0,0.0,0.0
2005_08_BAL_PIT,2005,8,PIT,BAL,8,8,0,0.0,0.0,0.0,0.0,0.0,0.0,1.0,0.0,1.0,1.0,0.0,54.0,2.0,54.0,2.0,0.0,0.0,0.0,0.0,0.0,0.0
2005_09_CIN_BAL,2005,9,BAL,CIN,6,7,-1,1.0,0.0,-1.0,0.0,0.0,0.0,1.0,0.0,1.0,0.0,1.0,70.0,14.0,70.0,14.0,0.0,0.0,0.0,0.0,0.0,4.0
2005_09_TEN_CLE,2005,9,CLE,TEN,7,7,0,0.0,0.0,0.0,0.0,0.0,0.0,0.0,0.0,1.0,1.0,0.0,64.0,18.0,64.0,18.0,0.0,0.0,1.0,0.0,0.0,8.0
2005_09_HOU_JAX,2005,9,JAX,HOU,7,7,0,0.0,0.0,0.0,0.0,0.0,0.0,1.0,0.0,1.0,1.0,0.0,79.0,3.0,79.0,3.0,0.0,0.0,0.0,0.0,0.0,0.0
2005_09_OAK_KC,2005,9,KC,OAK,7,7,0,0.0,0.0,0.0,0.0,0.0,0.0,1.0,0.0,1.0,1.0,0.0,55.0,8.0,55.0,8.0,0.0,0.0,0.0,0.0,0.0,0.0
2005_09_ATL_MIA,2005,9,MIA,ATL,7,13,-6,0.0,0.0,0.0,0.0,1.0,-1.0,0.0,0.0,1.0,1.0,0.0,80.0,8.0,80.0,8.0,0.0,0.0,0.0,0.0,0.0,0.0
2005_09_DET_MIN,2005,9,MIN,DET,7,7,0,0.0,0.0,0.0,0.0,0.0,0.0,1.0,1.0,0.0,0.0,1.0,,,70.0,0.0,0.0,0.0,0.0,0.0,0.0,0.0
2005_09_SD_NYJ,2005,9,NYJ,SD,13,7,6,0.0,0.0,0.0,1.0,0.0,1.0,0.0,0.0,1.0,0.0,1.0,63.0,12.0,63.0,12.0,0.0,0.0,0.0,0.0,0.0,2.0
2005_09_CAR_TB,2005,9,TB,CAR,7,7,0,0.0,0.0,0.0,0.0,0.0,0.0,1.0,0.0,1.0,1.0,0.0,84.0,8.0,84.0,8.0,0.0,0.0,0.0,0.0,0.0,0.0
2005_09_SEA_ARI,2005,9,ARI,SEA,7,14,-7,0.0,0.0,0.0,0.0,1.0,-1.0,1.0,0.0,1.0,1.0,0.0,79.0,0.0,79.0,0.0,0.0,0.0,0.0,0.0,0.0,0.0
2005_09_CHI_NO,2005,9,NO,CHI,7,7,0,0.0,0.0,0.0,0.0,0.0,0.0,0.0,0.0,1.0,1.0,0.0,85.0,0.0,85.0,0.0,0.0,0.0,0.0,0.0,0.0,0.0
2005_09_NYG_SF,2005,9,SF,NYG,7,7,0,0.0,0.0,0.0,0.0,0.0,0.0,0.0,0.0,1.0,1.0,0.0,61.0,5.0,61.0,5.0,0.0,0.0,0.0,0.0,0.0,0.0
2005_09_PIT_GB,2005,9,GB,PIT,7,6,1,0.0,1.0,1.0,0.0,0.0,0.0,0.0,0.0,1.0,1.0,0.0,49.0,16.0,49.0,16.0,0.0,0.0,1.0,0.0,1.0,6.0
2005_09_PHI_WAS,2005,9,WAS,PHI,7,7,0,0.0,0.0,0.0,0.0,0.0,0.0,1.0,0.0,1.0,1.0,0.0,68.0,15.0,68.0,15.0,0.0,0.0,1.0,0.0,0.0,5.0
2005_09_IND_NE,2005,9,NE,IND,8,15,-7,0.0,0.0,0.0,0.0,1.0,-1.0,0.0,0.0,1.0,1.0,0.0,51.0,8.0,51.0,8.0,0.0,0.0,0.0,0.0,0.0,0.0
2005_10_KC_BUF,2005,10,BUF,KC,14,7,7,0.0,0.0,0.0,1.0,0.0,1.0,0.0,0.0,1.0,0.0,0.0,61.0,18.0,61.0,18.0,0.0,0.0,1.0,0.0,0.0,8.0
2005_10_SF_CHI,2005,10,CHI,SF,7,7,0,0.0,0.0,0.0,0.0,0.0,0.0,0.0,0.0,1.0,1.0,0.0,51.0,26.0,51.0,26.0,0.0,0.0,1.0,1.0,0.0,16.0
2005_10_ARI_DET,2005,10,DET,ARI,7,7,0,0.0,0.0,0.0,0.0,0.0,0.0,0.0,1.0,0.0,0.0,1.0,,,70.0,0.0,0.0,0.0,0.0,0.0,0.0,0.0
2005_10_HOU_IND,2005,10,IND,HOU,6,7,-1,1.0,0.0,-1.0,0.0,0.0,0.0,1.0,1.0,0.0,0.0,1.0,,,70.0,0.0,0.0,0.0,0.0,0.0,0.0,0.0
2005_10_BAL_JAX,2005,10,JAX,BAL,7,7,0,0.0,0.0,0.0,0.0,0.0,0.0,0.0,0.0,1.0,1.0,0.0,75.0,8.0,75.0,8.0,0.0,0.0,0.0,0.0,0.0,0.0
2005_10_NE_MIA,2005,10,MIA,NE,7,6,1,0.0,1.0,1.0,0.0,0.0,0.0,1.0,0.0,1.0,1.0,0.0,82.0,18.0,82.0,18.0,0.0,0.0,1.0,0.0,0.0,8.0
2005_10_MIN_NYG,2005,10,NYG,MIN,7,7,0,0.0,0.0,0.0,0.0,0.0,0.0,0.0,0.0,1.0,0.0,1.0,62.0,14.0,62.0,14.0,0.0,0.0,0.0,0.0,0.0,4.0
2005_10_NYJ_CAR,2005,10,CAR,NYJ,7,7,0,0.0,0.0,0.0,0.0,0.0,0.0,0.0,0.0,1.0,1.0,0.0,68.0,5.0,68.0,5.0,0.0,0.0,0.0,0.0,0.0,0.0
2005_10_DEN_OAK,2005,10,OAK,DEN,7,14,-7,0.0,0.0,0.0,0.0,1.0,-1.0,1.0,0.0,1.0,1.0,0.0,61.0,8.0,61.0,8.0,0.0,0.0,0.0,0.0,0.0,0.0
2005_10_GB_ATL,2005,10,ATL,GB,7,7,0,0.0,0.0,0.0,0.0,0.0,0.0,0.0,1.0,0.0,0.0,1.0,,,70.0,0.0,0.0,0.0,0.0,0.0,0.0,0.0
2005_10_STL_SEA,2005,10,SEA,STL,7,14,-7,0.0,0.0,0.0,0.0,1.0,-1.0,1.0,0.0,1.0,0.0,1.0,47.0,8.0,47.0,8.0,0.0,0.0,0.0,0.0,3.0,0.0
2005_10_WAS_TB,2005,10,TB,WAS,7,7,0,0.0,0.0,0.0,0.0,0.0,0.0,0.0,0.0,1.0,1.0,0.0,81.0,9.0,81.0,9.0,0.0,0.0,0.0,0.0,0.0,0.0
2005_10_CLE_PIT,2005,10,PIT,CLE,7,7,0,0.0,0.0,0.0,0.0,0.0,0.0,1.0,0.0,1.0,1.0,0.0,58.0,11.0,58.0,11.0,0.0,0.0,0.0,0.0,0.0,1.0
2005_10_DAL_PHI,2005,10,PHI,DAL,8,15,-7,0.0,0.0,0.0,0.0,1.0,-1.0,1.0,0.0,1.0,1.0,0.0,54.0,3.0,54.0,3.0,0.0,0.0,0.0,0.0,0.0,0.0
2005_11_TB_ATL,2005,11,ATL,TB,7,7,0,0.0,0.0,0.0,0.0,0.0,0.0,1.0,1.0,0.0,0.0,1.0,,,70.0,0.0,0.0,0.0,0.0,0.0,0.0,0.0
2005_11_PIT_BAL,2005,11,BAL,PIT,7,7,0,0.0,0.0,0.0,0.0,0.0,0.0,1.0,0.0,1.0,0.0,1.0,56.0,5.0,56.0,5.0,0.0,0.0,0.0,0.0,0.0,0.0
2005_11_CAR_CHI,2005,11,CHI,CAR,7,7,0,0.0,0.0,0.0,0.0,0.0,0.0,0.0,0.0,1.0,1.0,0.0,45.0,7.0,45.0,7.0,0.0,0.0,0.0,0.0,5.0,0.0
2005_11_MIA_CLE,2005,11,CLE,MIA,7,7,0,0.0,0.0,0.0,0.0,0.0,0.0,0.0,0.0,1.0,1.0,0.0,48.0,0.0,48.0,0.0,0.0,0.0,0.0,0.0,2.0,0.0
2005_11_DET_DAL,2005,11,DAL,DET,6,7,-1,1.0,0.0,-1.0,0.0,0.0,0.0,0.0,0.0,1.0,0.0,1.0,57.0,0.0,57.0,0.0,0.0,0.0,0.0,0.0,0.0,0.0
2005_11_NO_NE,2005,11,NE,NO,7,14,-7,0.0,0.0,0.0,0.0,1.0,-1.0,0.0,0.0,1.0,1.0,0.0,51.0,12.0,51.0,12.0,0.0,0.0,0.0,0.0,0.0,2.0
2005_11_PHI_NYG,2005,11,NYG,PHI,7,6,1,0.0,1.0,1.0,0.0,0.0,0.0,1.0,0.0,1.0,0.0,1.0,57.0,9.0,57.0,9.0,0.0,0.0,0.0,0.0,0.0,0.0
2005_11_ARI_STL,2005,11,STL,ARI,7,7,0,0.0,0.0,0.0,0.0,0.0,0.0,1.0,1.0,0.0,0.0,1.0,,,70.0,0.0,0.0,0.0,0.0,0.0,0.0,0.0
2005_11_JAX_TEN,2005,11,TEN,JAX,14,7,7,0.0,0.0,0.0,1.0,0.0,1.0,1.0,0.0,1.0,1.0,0.0,56.0,3.0,56.0,3.0,0.0,0.0,0.0,0.0,0.0,0.0
2005_11_OAK_WAS,2005,11,WAS,OAK,7,7,0,0.0,0.0,0.0,0.0,0.0,0.0,0.0,0.0,1.0,1.0,0.0,55.0,4.0,55.0,4.0,0.0,0.0,0.0,0.0,0.0,0.0
2005_11_SEA_SF,2005,11,SF,SEA,7,7,0,0.0,0.0,0.0,0.0,0.0,0.0,1.0,0.0,1.0,1.0,0.0,63.0,0.0,63.0,0.0,0.0,0.0,0.0,0.0,0.0,0.0
2005_11_IND_CIN,2005,11,CIN,IND,14,7,7,0.0,0.0,0.0,1.0,0.0,1.0,0.0,0.0,1.0,0.0,1.0,55.0,10.0,55.0,10.0,0.0,0.0,0.0,0.0,0.0,0.0
2005_11_NYJ_DEN,2005,11,DEN,NYJ,7,7,0,0.0,0.0,0.0,0.0,0.0,0.0,0.0,0.0,1.0,1.0,0.0,61.0,4.0,61.0,4.0,0.0,0.0,0.0,0.0,0.0,0.0
2005_11_BUF_SD,2005,11,SD,BUF,14,7,7,0.0,0.0,0.0,1.0,0.0,1.0,0.0,0.0,1.0,1.0,0.0,78.0,10.0,78.0,10.0,0.0,0.0,0.0,0.0,0.0,0.0
2005_11_KC_HOU,2005,11,HOU,KC,7,7,0,0.0,0.0,0.0,0.0,0.0,0.0,0.0,0.0,1.0,1.0,0.0,,,,,0.0,0.0,0.0,0.0,0.0,0.0
2005_11_MIN_GB,2005,11,GB,MIN,8,8,0,0.0,0.0,0.0,0.0,0.0,0.0,1.0,0.0,1.0,1.0,0.0,36.0,7.0,36.0,7.0,1.0,0.0,0.0,0.0,14.0,0.0
2005_12_ATL_DET,2005,12,DET,ATL,4,4,0,1.0,1.0,0.0,0.0,0.0,0.0,0.0,1.0,0.0,0.0,1.0,,,70.0,0.0,0.0,0.0,0.0,0.0,0.0,0.0
2005_12_DEN_DAL,2005,12,DAL,DEN,4,4,0,1.0,1.0,0.0,0.0,0.0,0.0,0.0,0.0,1.0,0.0,1.0,68.0,0.0,68.0,0.0,0.0,0.0,0.0,0.0,0.0,0.0
2005_12_CAR_BUF,2005,12,BUF,CAR,7,7,0,0.0,0.0,0.0,0.0,0.0,0.0,0.0,0.0,1.0,0.0,0.0,41.0,7.0,41.0,7.0,0.0,0.0,0.0,0.0,9.0,0.0
2005_12_BAL_CIN,2005,12,CIN,BAL,7,7,0,0.0,0.0,0.0,0.0,0.0,0.0,1.0,0.0,1.0,0.0,1.0,56.0,5.0,56.0,5.0,0.0,0.0,0.0,0.0,0.0,0.0
2005_12_STL_HOU,2005,12,HOU,STL,7,7,0,0.0,0.0,0.0,0.0,0.0,0.0,0.0,0.0,1.0,1.0,0.0,,,,,0.0,0.0,0.0,0.0,0.0,0.0
2005_12_NE_KC,2005,12,KC,NE,7,7,0,0.0,0.0,0.0,0.0,0.0,0.0,0.0,0.0,1.0,1.0,0.0,58.0,8.0,58.0,8.0,0.0,0.0,0.0,0.0,0.0,0.0
2005_12_CLE_MIN,2005,12,MIN,CLE,6,7,-1,1.0,0.0,-1.0,0.0,0.0,0.0,0.0,1.0,0.0,0.0,1.0,,,70.0,0.0,0.0,0.0,0.0,0.0,0.0,0.0
2005_12_CHI_TB,2005,12,TB,CHI,7,7,0,0.0,0.0,0.0,0.0,0.0,0.0,0.0,0.0,1.0,1.0,0.0,76.0,10.0,76.0,10.0,0.0,0.0,0.0,0.0,0.0,0.0
2005_12_SF_TEN,2005,12,TEN,SF,7,7,0,0.0,0.0,0.0,0.0,0.0,0.0,0.0,0.0,1.0,1.0,0.0,63.0,21.0,63.0,21.0,0.0,0.0,1.0,1.0,0.0,11.0
2005_12_SD_WAS,2005,12,WAS,SD,7,7,0,0.0,0.0,0.0,0.0,0.0,0.0,0.0,0.0,1.0,1.0,0.0,52.0,0.0,52.0,0.0,0.0,0.0,0.0,0.0,0.0,0.0
2005_12_JAX_ARI,2005,12,ARI,JAX,7,7,0,0.0,0.0,0.0,0.0,0.0,0.0,0.0,0.0,1.0,1.0,0.0,58.0,14.0,58.0,14.0,0.0,0.0,0.0,0.0,0.0,4.0
2005_12_MIA_OAK,2005,12,OAK,MIA,7,7,0,0.0,0.0,0.0,0.0,0.0,0.0,0.0,0.0,1.0,1.0,0.0,52.0,0.0,52.0,0.0,0.0,0.0,0.0,0.0,0.0,0.0
2005_12_GB_PHI,2005,12,PHI,GB,7,6,1,0.0,1.0,1.0,0.0,0.0,0.0,0.0,0.0,1.0,1.0,0.0,50.0,4.0,50.0,4.0,0.0,0.0,0.0,0.0,0.0,0.0
2005_12_NYG_SEA,2005,12,SEA,NYG,7,7,0,0.0,0.0,0.0,0.0,0.0,0.0,0.0,0.0,1.0,0.0,1.0,42.0,5.0,42.0,5.0,0.0,0.0,0.0,0.0,8.0,0.0
2005_12_NO_NYJ,2005,12,NYJ,NO,7,7,0,0.0,0.0,0.0,0.0,0.0,0.0,0.0,0.0,1.0,0.0,1.0,49.0,7.0,49.0,7.0,0.0,0.0,0.0,0.0,1.0,0.0
2005_12_PIT_IND,2005,12,IND,PIT,8,8,0,0.0,0.0,0.0,0.0,0.0,0.0,0.0,1.0,0.0,0.0,1.0,,,70.0,0.0,0.0,0.0,0.0,0.0,0.0,0.0
2005_13_HOU_BAL,2005,13,BAL,HOU,7,7,0,0.0,0.0,0.0,0.0,0.0,0.0,0.0,0.0,1.0,0.0,1.0,47.0,10.0,47.0,10.0,0.0,0.0,0.0,0.0,3.0,0.0
2005_13_ATL_CAR,2005,13,CAR,ATL,7,10,-3,0.0,0.0,0.0,0.0,1.0,-1.0,1.0,0.0,1.0,1.0,0.0,60.0,12.0,60.0,12.0,0.0,0.0,0.0,0.0,0.0,2.0
2005_13_GB_CHI,2005,13,CHI,GB,7,7,0,0.0,0.0,0.0,0.0,0.0,0.0,1.0,0.0,1.0,1.0,0.0,26.0,12.0,26.0,12.0,1.0,0.0,0.0,0.0,24.0,2.0
2005_13_JAX_CLE,2005,13,CLE,JAX,7,7,0,0.0,0.0,0.0,0.0,0.0,0.0,0.0,0.0,1.0,1.0,0.0,28.0,10.0,28.0,10.0,1.0,0.0,0.0,0.0,22.0,0.0
2005_13_MIN_DET,2005,13,DET,MIN,10,7,3,0.0,0.0,0.0,1.0,0.0,1.0,1.0,1.0,0.0,0.0,1.0,,,70.0,0.0,0.0,0.0,0.0,0.0,0.0,0.0
2005_13_TEN_IND,2005,13,IND,TEN,6,7,-1,1.0,0.0,-1.0,0.0,0.0,0.0,1.0,1.0,0.0,0.0,1.0,,,70.0,0.0,0.0,0.0,0.0,0.0,0.0,0.0
2005_13_BUF_MIA,2005,13,MIA,BUF,7,7,0,0.0,0.0,0.0,0.0,0.0,0.0,1.0,0.0,1.0,1.0,0.0,77.0,8.0,77.0,8.0,0.0,0.0,0.0,0.0,0.0,0.0
2005_13_TB_NO,2005,13,NO,TB,7,7,0,0.0,0.0,0.0,0.0,0.0,0.0,1.0,0.0,1.0,1.0,0.0,74.0,9.0,74.0,9.0,0.0,0.0,0.0,0.0,0.0,0.0
2005_13_DAL_NYG,2005,13,NYG,DAL,7,10,-3,0.0,0.0,0.0,0.0,1.0,-1.0,1.0,0.0,1.0,0.0,1.0,30.0,7.0,30.0,7.0,1.0,0.0,0.0,0.0,20.0,0.0
2005_13_CIN_PIT,2005,13,PIT,CIN,6,7,-1,1.0,0.0,-1.0,0.0,0.0,0.0,1.0,0.0,1.0,1.0,0.0,30.0,10.0,30.0,10.0,1.0,0.0,0.0,0.0,20.0,0.0
2005_13_ARI_SF,2005,13,SF,ARI,7,7,0,0.0,0.0,0.0,0.0,0.0,0.0,1.0,0.0,1.0,1.0,0.0,54.0,3.0,54.0,3.0,0.0,0.0,0.0,0.0,0.0,0.0
2005_13_WAS_STL,2005,13,STL,WAS,7,7,0,0.0,0.0,0.0,0.0,0.0,0.0,0.0,1.0,0.0,0.0,1.0,,,70.0,0.0,0.0,0.0,0.0,0.0,0.0,0.0
2005_13_DEN_KC,2005,13,KC,DEN,7,10,-3,0.0,0.0,0.0,0.0,1.0,-1.0,1.0,0.0,1.0,1.0,0.0,28.0,8.0,28.0,8.0,1.0,0.0,0.0,0.0,22.0,0.0
2005_13_NYJ_NE,2005,13,NE,NYJ,7,7,0,0.0,0.0,0.0,0.0,0.0,0.0,1.0,0.0,1.0,1.0,0.0,26.0,4.0,26.0,4.0,1.0,0.0,0.0,0.0,24.0,0.0
2005_13_OAK_SD,2005,13,SD,OAK,7,7,0,0.0,0.0,0.0,0.0,0.0,0.0,1.0,0.0,1.0,1.0,0.0,56.0,8.0,56.0,8.0,0.0,0.0,0.0,0.0,0.0,0.0
2005_13_SEA_PHI,2005,13,PHI,SEA,8,8,0,0.0,0.0,0.0,0.0,0.0,0.0,0.0,0.0,1.0,1.0,0.0,31.0,6.0,31.0,6.0,1.0,0.0,0.0,0.0,19.0,0.0
2005_14_NE_BUF,2005,14,BUF,NE,7,7,0,0.0,0.0,0.0,0.0,0.0,0.0,1.0,0.0,1.0,0.0,0.0,30.0,15.0,30.0,15.0,1.0,0.0,1.0,0.0,20.0,5.0
2005_14_TB_CAR,2005,14,CAR,TB,7,7,0,0.0,0.0,0.0,0.0,0.0,0.0,1.0,0.0,1.0,1.0,0.0,52.0,10.0,52.0,10.0,0.0,0.0,0.0,0.0,0.0,0.0
2005_14_CLE_CIN,2005,14,CIN,CLE,7,7,0,0.0,0.0,0.0,0.0,0.0,0.0,1.0,0.0,1.0,0.0,1.0,36.0,18.0,36.0,18.0,1.0,0.0,1.0,0.0,14.0,8.0
2005_14_IND_JAX,2005,14,JAX,IND,7,7,0,0.0,0.0,0.0,0.0,0.0,0.0,1.0,0.0,1.0,1.0,0.0,55.0,10.0,55.0,10.0,0.0,0.0,0.0,0.0,0.0,0.0
2005_14_STL_MIN,2005,14,MIN,STL,7,7,0,0.0,0.0,0.0,0.0,0.0,0.0,0.0,1.0,0.0,0.0,1.0,,,70.0,0.0,0.0,0.0,0.0,0.0,0.0,0.0
2005_14_OAK_NYJ,2005,14,NYJ,OAK,7,7,0,0.0,0.0,0.0,0.0,0.0,0.0,0.0,0.0,1.0,0.0,1.0,39.0,12.0,39.0,12.0,1.0,0.0,0.0,0.0,11.0,2.0
2005_14_CHI_PIT,2005,14,PIT,CHI,7,7,0,0.0,0.0,0.0,0.0,0.0,0.0,0.0,0.0,1.0,1.0,0.0,32.0,12.0,32.0,12.0,1.0,0.0,0.0,0.0,18.0,2.0
2005_14_HOU_TEN,2005,14,TEN,HOU,7,7,0,0.0,0.0,0.0,0.0,0.0,0.0,1.0,0.0,1.0,1.0,0.0,43.0,12.0,43.0,12.0,0.0,0.0,0.0,0.0,7.0,2.0
2005_14_WAS_ARI,2005,14,ARI,WAS,7,7,0,0.0,0.0,0.0,0.0,0.0,0.0,0.0,0.0,1.0,1.0,0.0,66.0,0.0,66.0,0.0,0.0,0.0,0.0,0.0,0.0,0.0
2005_14_NYG_PHI,2005,14,PHI,NYG,6,7,-1,1.0,0.0,-1.0,0.0,0.0,0.0,1.0,0.0,1.0,1.0,0.0,38.0,7.0,38.0,7.0,1.0,0.0,0.0,0.0,12.0,0.0
2005_14_SF_SEA,2005,14,SEA,SF,6,7,-1,1.0,0.0,-1.0,0.0,0.0,0.0,1.0,0.0,1.0,0.0,1.0,36.0,1.0,36.0,1.0,1.0,0.0,0.0,0.0,14.0,0.0
2005_14_KC_DAL,2005,14,DAL,KC,7,7,0,0.0,0.0,0.0,0.0,0.0,0.0,0.0,0.0,1.0,0.0,1.0,64.0,0.0,64.0,0.0,0.0,0.0,0.0,0.0,0.0,0.0
2005_14_BAL_DEN,2005,14,DEN,BAL,7,7,0,0.0,0.0,0.0,0.0,0.0,0.0,0.0,0.0,1.0,1.0,0.0,41.0,5.0,41.0,5.0,0.0,0.0,0.0,0.0,9.0,0.0
2005_14_MIA_SD,2005,14,SD,MIA,7,7,0,0.0,0.0,0.0,0.0,0.0,0.0,0.0,0.0,1.0,1.0,0.0,69.0,8.0,69.0,8.0,0.0,0.0,0.0,0.0,0.0,0.0
2005_14_DET_GB,2005,14,GB,DET,7,7,0,0.0,0.0,0.0,0.0,0.0,0.0,1.0,0.0,1.0,1.0,0.0,14.0,8.0,14.0,8.0,1.0,1.0,0.0,0.0,36.0,0.0
2005_14_NO_ATL,2005,14,ATL,NO,8,8,0,0.0,0.0,0.0,0.0,0.0,0.0,1.0,1.0,0.0,0.0,1.0,,,70.0,0.0,0.0,0.0,0.0,0.0,0.0,0.0
2005_15_TB_NE,2005,15,NE,TB,6,6,0,1.0,1.0,0.0,0.0,0.0,0.0,0.0,0.0,1.0,1.0,0.0,38.0,0.0,38.0,0.0,1.0,0.0,0.0,0.0,12.0,0.0
2005_15_KC_NYG,2005,15,NYG,KC,6,6,0,1.0,1.0,0.0,0.0,0.0,0.0,0.0,0.0,1.0,0.0,1.0,39.0,8.0,39.0,8.0,1.0,0.0,0.0,0.0,11.0,0.0
2005_15_DEN_BUF,2005,15,BUF,DEN,6,6,0,1.0,1.0,0.0,0.0,0.0,0.0,0.0,0.0,1.0,0.0,0.0,28.0,0.0,28.0,0.0,1.0,0.0,0.0,0.0,22.0,0.0
2005_15_ARI_HOU,2005,15,HOU,ARI,7,7,0,0.0,0.0,0.0,0.0,0.0,0.0,0.0,1.0,0.0,1.0,0.0,,,70.0,0.0,0.0,0.0,0.0,0.0,0.0,0.0
2005_15_SD_IND,2005,15,IND,SD,7,7,0,0.0,0.0,0.0,0.0,0.0,0.0,0.0,1.0,0.0,0.0,1.0,,,70.0,0.0,0.0,0.0,0.0,0.0,0.0,0.0
2005_15_SF_JAX,2005,15,JAX,SF,7,7,0,0.0,0.0,0.0,0.0,0.0,0.0,0.0,0.0,1.0,1.0,0.0,49.0,10.0,49.0,10.0,0.0,0.0,0.0,0.0,1.0,0.0
2005_15_NYJ_MIA,2005,15,MIA,NYJ,7,7,0,0.0,0.0,0.0,0.0,0.0,0.0,1.0,0.0,1.0,1.0,0.0,78.0,8.0,78.0,8.0,0.0,0.0,0.0,0.0,0.0,0.0
2005_15_PIT_MIN,2005,15,MIN,PIT,7,7,0,0.0,0.0,0.0,0.0,0.0,0.0,0.0,1.0,0.0,0.0,1.0,,,70.0,0.0,0.0,0.0,0.0,0.0,0.0,0.0
2005_15_CAR_NO,2005,15,NO,CAR,6,7,-1,1.0,0.0,-1.0,0.0,0.0,0.0,1.0,0.0,1.0,1.0,0.0,55.0,8.0,55.0,8.0,0.0,0.0,0.0,0.0,0.0,0.0
2005_15_PHI_STL,2005,15,STL,PHI,7,7,0,0.0,0.0,0.0,0.0,0.0,0.0,0.0,1.0,0.0,0.0,1.0,,,70.0,0.0,0.0,0.0,0.0,0.0,0.0,0.0
2005_15_SEA_TEN,2005,15,TEN,SEA,7,7,0,0.0,0.0,0.0,0.0,0.0,0.0,0.0,0.0,1.0,1.0,0.0,45.0,4.0,45.0,4.0,0.0,0.0,0.0,0.0,5.0,0.0
2005_15_CIN_DET,2005,15,DET,CIN,7,7,0,0.0,0.0,0.0,0.0,0.0,0.0,0.0,1.0,0.0,0.0,1.0,,,70.0,0.0,0.0,0.0,0.0,0.0,0.0,0.0
2005_15_CLE_OAK,2005,15,OAK,CLE,7,7,0,0.0,0.0,0.0,0.0,0.0,0.0,0.0,0.0,1.0,1.0,0.0,56.0,18.0,56.0,18.0,0.0,0.0,1.0,0.0,0.0,8.0
2005_15_DAL_WAS,2005,15,WAS,DAL,7,7,0,0.0,0.0,0.0,0.0,0.0,0.0,1.0,0.0,1.0,1.0,0.0,44.0,6.0,44.0,6.0,0.0,0.0,0.0,0.0,6.0,0.0
2005_15_ATL_CHI,2005,15,CHI,ATL,7,6,1,0.0,1.0,1.0,0.0,0.0,0.0,0.0,0.0,1.0,1.0,0.0,12.0,8.0,12.0,8.0,1.0,1.0,0.0,0.0,38.0,0.0
2005_15_GB_BAL,2005,15,BAL,GB,8,8,0,0.0,0.0,0.0,0.0,0.0,0.0,0.0,0.0,1.0,0.0,1.0,29.0,14.0,29.0,14.0,1.0,0.0,0.0,0.0,21.0,4.0
2005_16_DAL_CAR,2005,16,CAR,DAL,6,6,0,1.0,1.0,0.0,0.0,0.0,0.0,0.0,0.0,1.0,1.0,0.0,60.0,5.0,60.0,5.0,0.0,0.0,0.0,0.0,0.0,0.0
2005_16_BUF_CIN,2005,16,CIN,BUF,6,7,-1,1.0,0.0,-1.0,0.0,0.0,0.0,0.0,0.0,1.0,0.0,1.0,51.0,10.0,51.0,10.0,0.0,0.0,0.0,0.0,0.0,0.0
2005_16_PIT_CLE,2005,16,CLE,PIT,6,6,0,1.0,1.0,0.0,0.0,0.0,0.0,1.0,0.0,1.0,1.0,0.0,44.0,5.0,44.0,5.0,0.0,0.0,0.0,0.0,6.0,0.0
2005_16_JAX_HOU,2005,16,HOU,JAX,6,6,0,1.0,1.0,0.0,0.0,0.0,0.0,1.0,0.0,1.0,1.0,0.0,,,,,0.0,0.0,0.0,0.0,0.0,0.0
2005_16_SD_KC,2005,16,KC,SD,7,6,1,0.0,1.0,1.0,0.0,0.0,0.0,1.0,0.0,1.0,1.0,0.0,42.0,10.0,42.0,10.0,0.0,0.0,0.0,0.0,8.0,0.0
2005_16_TEN_MIA,2005,16,MIA,TEN,6,6,0,1.0,1.0,0.0,0.0,0.0,0.0,0.0,0.0,1.0,1.0,0.0,77.0,14.0,77.0,14.0,0.0,0.0,0.0,0.0,0.0,4.0
2005_16_DET_NO,2005,16,NO,DET,6,6,0,1.0,1.0,0.0,0.0,0.0,0.0,0.0,1.0,0.0,0.0,1.0,,,70.0,0.0,0.0,0.0,0.0,0.0,0.0,0.0
2005_16_SF_STL,2005,16,STL,SF,6,6,0,1.0,1.0,0.0,0.0,0.0,0.0,1.0,1.0,0.0,0.0,1.0,,,70.0,0.0,0.0,0.0,0.0,0.0,0.0,0.0
2005_16_ATL_TB,2005,16,TB,ATL,7,6,1,0.0,1.0,1.0,0.0,0.0,0.0,1.0,0.0,1.0,1.0,0.0,66.0,9.0,66.0,9.0,0.0,0.0,0.0,0.0,0.0,0.0
2005_16_NYG_WAS,2005,16,WAS,NYG,6,7,-1,1.0,0.0,-1.0,0.0,0.0,0.0,1.0,0.0,1.0,1.0,0.0,50.0,8.0,50.0,8.0,0.0,0.0,0.0,0.0,0.0,0.0
2005_16_PHI_ARI,2005,16,ARI,PHI,6,6,0,1.0,1.0,0.0,0.0,0.0,0.0,0.0,0.0,1.0,1.0,0.0,75.0,3.0,75.0,3.0,0.0,0.0,0.0,0.0,0.0,0.0
2005_16_OAK_DEN,2005,16,DEN,OAK,7,6,1,0.0,1.0,1.0,0.0,0.0,0.0,1.0,0.0,1.0,1.0,0.0,52.0,7.0,52.0,7.0,0.0,0.0,0.0,0.0,0.0,0.0
2005_16_IND_SEA,2005,16,SEA,IND,6,6,0,1.0,1.0,0.0,0.0,0.0,0.0,0.0,0.0,1.0,0.0,1.0,57.0,10.0,57.0,10.0,0.0,0.0,0.0,0.0,0.0,0.0
2005_16_CHI_GB,2005,16,GB,CHI,6,7,-1,1.0,0.0,-1.0,0.0,0.0,0.0,1.0,0.0,1.0,1.0,0.0,34.0,6.0,34.0,6.0,1.0,0.0,0.0,0.0,16.0,0.0
2005_16_MIN_BAL,2005,16,BAL,MIN,6,7,-1,1.0,0.0,-1.0,0.0,0.0,0.0,0.0,0.0,1.0,0.0,1.0,43.0,5.0,43.0,5.0,0.0,0.0,0.0,0.0,7.0,0.0
2005_16_NE_NYJ,2005,16,NYJ,NE,8,9,-1,0.0,0.0,0.0,0.0,0.0,0.0,1.0,0.0,1.0,0.0,1.0,41.0,18.0,41.0,18.0,0.0,0.0,1.0,0.0,9.0,8.0
2005_17_DEN_SD,2005,17,SD,DEN,7,7,0,0.0,0.0,0.0,0.0,0.0,0.0,1.0,0.0,1.0,1.0,0.0,61.0,8.0,61.0,8.0,0.0,0.0,0.0,0.0,0.0,0.0
2005_17_NYG_OAK,2005,17,OAK,NYG,7,7,0,0.0,0.0,0.0,0.0,0.0,0.0,0.0,0.0,1.0,1.0,0.0,57.0,15.0,57.0,15.0,0.0,0.0,1.0,0.0,0.0,5.0
2005_17_CAR_ATL,2005,17,ATL,CAR,8,8,0,0.0,0.0,0.0,0.0,0.0,0.0,1.0,1.0,0.0,0.0,1.0,,,70.0,0.0,0.0,0.0,0.0,0.0,0.0,0.0
2005_17_BAL_CLE,2005,17,CLE,BAL,8,7,1,0.0,0.0,0.0,0.0,0.0,0.0,1.0,0.0,1.0,1.0,0.0,39.0,6.0,39.0,6.0,1.0,0.0,0.0,0.0,11.0,0.0
2005_17_SEA_GB,2005,17,GB,SEA,7,8,-1,0.0,0.0,0.0,0.0,0.0,0.0,0.0,0.0,1.0,1.0,0.0,34.0,7.0,34.0,7.0,1.0,0.0,0.0,0.0,16.0,0.0
2005_17_ARI_IND,2005,17,IND,ARI,8,8,0,0.0,0.0,0.0,0.0,0.0,0.0,0.0,1.0,0.0,0.0,1.0,,,70.0,0.0,0.0,0.0,0.0,0.0,0.0,0.0
2005_17_CIN_KC,2005,17,KC,CIN,8,8,0,0.0,0.0,0.0,0.0,0.0,0.0,0.0,0.0,1.0,1.0,0.0,52.0,10.0,52.0,10.0,0.0,0.0,0.0,0.0,0.0,0.0
2005_17_MIA_NE,2005,17,NE,MIA,6,8,-2,1.0,0.0,-1.0,0.0,0.0,0.0,1.0,0.0,1.0,1.0,0.0,25.0,4.0,25.0,4.0,1.0,1.0,0.0,0.0,25.0,0.0
2005_17_BUF_NYJ,2005,17,NYJ,BUF,6,8,-2,1.0,0.0,-1.0,0.0,0.0,0.0,1.0,0.0,1.0,0.0,1.0,35.0,0.0,35.0,0.0,1.0,0.0,0.0,0.0,15.0,0.0
2005_17_DET_PIT,2005,17,PIT,DET,8,8,0,0.0,0.0,0.0,0.0,0.0,0.0,0.0,0.0,1.0,1.0,0.0,39.0,6.0,39.0,6.0,1.0,0.0,0.0,0.0,11.0,0.0
2005_17_NO_TB,2005,17,TB,NO,8,8,0,0.0,0.0,0.0,0.0,0.0,0.0,1.0,0.0,1.0,1.0,0.0,74.0,7.0,74.0,7.0,0.0,0.0,0.0,0.0,0.0,0.0
2005_17_TEN_JAX,2005,17,JAX,TEN,8,8,0,0.0,0.0,0.0,0.0,0.0,0.0,1.0,0.0,1.0,1.0,0.0,69.0,7.0,69.0,7.0,0.0,0.0,0.0,0.0,0.0,0.0
2005_17_HOU_SF,2005,17,SF,HOU,8,8,0,0.0,0.0,0.0,0.0,0.0,0.0,0.0,0.0,1.0,1.0,0.0,56.0,28.0,56.0,28.0,0.0,0.0,1.0,1.0,0.0,18.0
2005_17_CHI_MIN,2005,17,MIN,CHI,7,7,0,0.0,0.0,0.0,0.0,0.0,0.0,1.0,1.0,0.0,0.0,1.0,,,70.0,0.0,0.0,0.0,0.0,0.0,0.0,0.0
2005_17_WAS_PHI,2005,17,PHI,WAS,8,8,0,0.0,0.0,0.0,0.0,0.0,0.0,1.0,0.0,1.0,1.0,0.0,43.0,5.0,43.0,5.0,0.0,0.0,0.0,0.0,7.0,0.0
2005_17_STL_DAL,2005,17,DAL,STL,8,8,0,0.0,0.0,0.0,0.0,0.0,0.0,0.0,0.0,1.0,0.0,1.0,75.0,0.0,75.0,0.0,0.0,0.0,0.0,0.0,0.0,0.0
2005_18_WAS_TB,2005,18,TB,WAS,6,6,0,1.0,1.0,0.0,0.0,0.0,0.0,0.0,0.0,1.0,1.0,0.0,52.0,12.0,52.0,12.0,0.0,0.0,0.0,0.0,0.0,2.0
2005_18_JAX_NE,2005,18,NE,JAX,6,6,0,1.0,1.0,0.0,0.0,0.0,0.0,0.0,0.0,1.0,1.0,0.0,24.0,0.0,24.0,0.0,1.0,1.0,0.0,0.0,26.0,0.0
2005_18_CAR_NYG,2005,18,NYG,CAR,8,7,1,0.0,0.0,0.0,0.0,0.0,0.0,0.0,0.0,1.0,0.0,1.0,44.0,6.0,44.0,6.0,0.0,0.0,0.0,0.0,6.0,0.0
2005_18_PIT_CIN,2005,18,CIN,PIT,7,7,0,0.0,0.0,0.0,0.0,0.0,0.0,1.0,0.0,1.0,0.0,1.0,61.0,22.0,61.0,22.0,0.0,0.0,1.0,1.0,0.0,12.0
2005_19_WAS_SEA,2005,19,SEA,WAS,13,7,6,0.0,0.0,0.0,1.0,0.0,1.0,0.0,0.0,1.0,0.0,1.0,44.0,1.0,44.0,1.0,0.0,0.0,0.0,0.0,6.0,0.0
2005_19_NE_DEN,2005,19,DEN,NE,14,7,7,0.0,0.0,0.0,1.0,0.0,1.0,0.0,0.0,1.0,1.0,0.0,54.0,3.0,54.0,3.0,0.0,0.0,0.0,0.0,0.0,0.0
2005_19_PIT_IND,2005,19,IND,PIT,14,7,7,0.0,0.0,0.0,1.0,0.0,1.0,0.0,1.0,0.0,0.0,1.0,,,70.0,0.0,0.0,0.0,0.0,0.0,0.0,0.0
2005_19_CAR_CHI,2005,19,CHI,CAR,14,7,7,0.0,0.0,0.0,1.0,0.0,1.0,0.0,0.0,1.0,1.0,0.0,40.0,15.0,40.0,15.0,1.0,0.0,1.0,0.0,10.0,5.0
2005_20_PIT_DEN,2005,20,DEN,PIT,8,7,1,0.0,0.0,0.0,0.0,0.0,0.0,0.0,0.0,1.0,1.0,0.0,34.0,11.0,34.0,11.0,1.0,0.0,0.0,0.0,16.0,1.0
2005_20_CAR_SEA,2005,20,SEA,CAR,8,7,1,0.0,0.0,0.0,0.0,0.0,0.0,0.0,0.0,1.0,0.0,1.0,48.0,14.0,48.0,14.0,0.0,0.0,0.0,0.0,2.0,4.0
2005_21_SEA_PIT,2005,21,PIT,SEA,14,14,0,0.0,0.0,0.0,1.0,1.0,0.0,0.0,1.0,0.0,0.0,1.0,,,70.0,0.0,0.0,0.0,0.0,0.0,0.0,0.0
2006_01_MIA_PIT,2006,1,PIT,MIA,7,7,0,0.0,0.0,0.0,0.0,0.0,0.0,0.0,0.0,1.0,1.0,0.0,69.0,1.0,69.0,1.0,0.0,0.0,0.0,0.0,0.0,0.0
2006_01_ATL_CAR,2006,1,CAR,ATL,7,7,0,0.0,0.0,0.0,0.0,0.0,0.0,1.0,0.0,1.0,1.0,0.0,86.0,5.0,86.0,5.0,0.0,0.0,0.0,0.0,0.0,0.0
2006_01_NO_CLE,2006,1,CLE,NO,7,7,0,0.0,0.0,0.0,0.0,0.0,0.0,0.0,0.0,1.0,1.0,0.0,68.0,8.0,68.0,8.0,0.0,0.0,0.0,0.0,0.0,0.0
2006_01_SEA_DET,2006,1,DET,SEA,7,7,0,0.0,0.0,0.0,0.0,0.0,0.0,0.0,1.0,0.0,0.0,1.0,,,70.0,0.0,0.0,0.0,0.0,0.0,0.0,0.0
2006_01_PHI_HOU,2006,1,HOU,PHI,7,7,0,0.0,0.0,0.0,0.0,0.0,0.0,0.0,1.0,0.0,1.0,0.0,,,70.0,0.0,0.0,0.0,0.0,0.0,0.0,0.0
2006_01_CIN_KC,2006,1,KC,CIN,7,7,0,0.0,0.0,0.0,0.0,0.0,0.0,0.0,0.0,1.0,1.0,0.0,67.0,0.0,67.0,0.0,0.0,0.0,0.0,0.0,0.0,0.0
2006_01_BUF_NE,2006,1,NE,BUF,7,7,0,0.0,0.0,0.0,0.0,0.0,0.0,1.0,0.0,1.0,1.0,0.0,63.0,10.0,63.0,10.0,0.0,0.0,0.0,0.0,0.0,0.0
2006_01_DEN_STL,2006,1,STL,DEN,7,7,0,0.0,0.0,0.0,0.0,0.0,0.0,0.0,1.0,0.0,0.0,1.0,,,70.0,0.0,0.0,0.0,0.0,0.0,0.0,0.0
2006_01_BAL_TB,2006,1,TB,BAL,7,7,0,0.0,0.0,0.0,0.0,0.0,0.0,0.0,0.0,1.0,1.0,0.0,87.0,3.0,87.0,3.0,0.0,0.0,0.0,0.0,0.0,0.0
2006_01_NYJ_TEN,2006,1,TEN,NYJ,7,7,0,0.0,0.0,0.0,0.0,0.0,0.0,0.0,0.0,1.0,1.0,0.0,85.0,5.0,85.0,5.0,0.0,0.0,0.0,0.0,0.0,0.0
2006_01_SF_ARI,2006,1,ARI,SF,7,7,0,0.0,0.0,0.0,0.0,0.0,0.0,1.0,1.0,0.0,1.0,0.0,,,70.0,0.0,0.0,0.0,0.0,0.0,0.0,0.0
2006_01_CHI_GB,2006,1,GB,CHI,7,7,0,0.0,0.0,0.0,0.0,0.0,0.0,1.0,0.0,1.0,1.0,0.0,62.0,12.0,62.0,12.0,0.0,0.0,0.0,0.0,0.0,2.0
2006_01_DAL_JAX,2006,1,JAX,DAL,7,7,0,0.0,0.0,0.0,0.0,0.0,0.0,0.0,0.0,1.0,1.0,0.0,82.0,9.0,82.0,9.0,0.0,0.0,0.0,0.0,0.0,0.0
2006_01_IND_NYG,2006,1,NYG,IND,7,7,0,0.0,0.0,0.0,0.0,0.0,0.0,0.0,0.0,1.0,0.0,1.0,71.0,7.0,71.0,7.0,0.0,0.0,0.0,0.0,0.0,0.0
2006_01_MIN_WAS,2006,1,WAS,MIN,7,7,0,0.0,0.0,0.0,0.0,0.0,0.0,0.0,0.0,1.0,1.0,0.0,65.0,9.0,65.0,9.0,0.0,0.0,0.0,0.0,0.0,0.0
2006_01_SD_OAK,2006,1,OAK,SD,7,7,0,0.0,0.0,0.0,0.0,0.0,0.0,1.0,0.0,1.0,1.0,0.0,74.0,8.0,74.0,8.0,0.0,0.0,0.0,0.0,0.0,0.0
2006_02_TB_ATL,2006,2,ATL,TB,7,7,0,0.0,0.0,0.0,0.0,0.0,0.0,1.0,1.0,0.0,0.0,1.0,,,70.0,0.0,0.0,0.0,0.0,0.0,0.0,0.0
2006_02_OAK_BAL,2006,2,BAL,OAK,7,6,1,0.0,1.0,1.0,0.0,0.0,0.0,0.0,0.0,1.0,0.0,1.0,80.0,4.0,80.0,4.0,0.0,0.0,0.0,0.0,0.0,0.0
2006_02_DET_CHI,2006,2,CHI,DET,7,7,0,0.0,0.0,0.0,0.0,0.0,0.0,1.0,0.0,1.0,1.0,0.0,68.0,7.0,68.0,7.0,0.0,0.0,0.0,0.0,0.0,0.0
2006_02_CLE_CIN,2006,2,CIN,CLE,7,7,0,0.0,0.0,0.0,0.0,0.0,0.0,1.0,0.0,1.0,0.0,1.0,79.0,4.0,79.0,4.0,0.0,0.0,0.0,0.0,0.0,0.0
2006_02_NO_GB,2006,2,GB,NO,7,7,0,0.0,0.0,0.0,0.0,0.0,0.0,0.0,0.0,1.0,1.0,0.0,78.0,12.0,78.0,12.0,0.0,0.0,0.0,0.0,0.0,2.0
2006_02_HOU_IND,2006,2,IND,HOU,7,7,0,0.0,0.0,0.0,0.0,0.0,0.0,1.0,1.0,0.0,0.0,1.0,,,70.0,0.0,0.0,0.0,0.0,0.0,0.0,0.0
2006_02_BUF_MIA,2006,2,MIA,BUF,10,7,3,0.0,0.0,0.0,1.0,0.0,1.0,1.0,0.0,1.0,1.0,0.0,86.0,10.0,86.0,10.0,0.0,0.0,0.0,0.0,0.0,0.0
2006_02_CAR_MIN,2006,2,MIN,CAR,6,7,-1,1.0,0.0,-1.0,0.0,0.0,0.0,0.0,1.0,0.0,0.0,1.0,,,70.0,0.0,0.0,0.0,0.0,0.0,0.0,0.0
2006_02_NYG_PHI,2006,2,PHI,NYG,7,7,0,0.0,0.0,0.0,0.0,0.0,0.0,1.0,0.0,1.0,1.0,0.0,79.0,4.0,79.0,4.0,0.0,0.0,0.0,0.0,0.0,0.0
2006_02_ARI_SEA,2006,2,SEA,ARI,7,7,0,0.0,0.0,0.0,0.0,0.0,0.0,1.0,0.0,1.0,0.0,1.0,61.0,7.0,61.0,7.0,0.0,0.0,0.0,0.0,0.0,0.0
2006_02_STL_SF,2006,2,SF,STL,7,7,0,0.0,0.0,0.0,0.0,0.0,0.0,1.0,0.0,1.0,1.0,0.0,68.0,3.0,68.0,3.0,0.0,0.0,0.0,0.0,0.0,0.0
2006_02_KC_DEN,2006,2,DEN,KC,7,7,0,0.0,0.0,0.0,0.0,0.0,0.0,1.0,0.0,1.0,1.0,0.0,61.0,7.0,61.0,7.0,0.0,0.0,0.0,0.0,0.0,0.0
2006_02_NE_NYJ,2006,2,NYJ,NE,7,7,0,0.0,0.0,0.0,0.0,0.0,0.0,1.0,0.0,1.0,0.0,1.0,84.0,6.0,84.0,6.0,0.0,0.0,0.0,0.0,0.0,0.0
2006_02_TEN_SD,2006,2,SD,TEN,6,7,-1,1.0,0.0,-1.0,0.0,0.0,0.0,0.0,0.0,1.0,1.0,0.0,88.0,17.0,88.0,17.0,0.0,0.0,1.0,0.0,0.0,7.0
2006_02_WAS_DAL,2006,2,DAL,WAS,7,6,1,0.0,1.0,1.0,0.0,0.0,0.0,1.0,0.0,1.0,0.0,1.0,73.0,0.0,73.0,0.0,0.0,0.0,0.0,0.0,0.0,0.0
2006_02_PIT_JAX,2006,2,JAX,PIT,8,11,-3,0.0,0.0,0.0,0.0,1.0,-1.0,0.0,0.0,1.0,1.0,0.0,79.0,5.0,79.0,5.0,0.0,0.0,0.0,0.0,0.0,0.0
2006_03_NYJ_BUF,2006,3,BUF,NYJ,7,7,0,0.0,0.0,0.0,0.0,0.0,0.0,1.0,0.0,1.0,0.0,0.0,65.0,20.0,65.0,20.0,0.0,0.0,1.0,1.0,0.0,10.0
2006_03_GB_DET,2006,3,DET,GB,7,7,0,0.0,0.0,0.0,0.0,0.0,0.0,1.0,1.0,0.0,0.0,1.0,,,70.0,0.0,0.0,0.0,0.0,0.0,0.0,0.0
2006_03_WAS_HOU,2006,3,HOU,WAS,7,7,0,0.0,0.0,0.0,0.0,0.0,0.0,0.0,1.0,0.0,1.0,0.0,,,70.0,0.0,0.0,0.0,0.0,0.0,0.0,0.0
2006_03_JAX_IND,2006,3,IND,JAX,7,6,1,0.0,1.0,1.0,0.0,0.0,0.0,1.0,1.0,0.0,0.0,1.0,,,70.0,0.0,0.0,0.0,0.0,0.0,0.0,0.0
2006_03_TEN_MIA,2006,3,MIA,TEN,7,7,0,0.0,0.0,0.0,0.0,0.0,0.0,0.0,0.0,1.0,1.0,0.0,88.0,12.0,88.0,12.0,0.0,0.0,0.0,0.0,0.0,2.0
2006_03_CHI_MIN,2006,3,MIN,CHI,7,7,0,0.0,0.0,0.0,0.0,0.0,0.0,1.0,1.0,0.0,0.0,1.0,,,70.0,0.0,0.0,0.0,0.0,0.0,0.0,0.0
2006_03_CIN_PIT,2006,3,PIT,CIN,6,7,-1,1.0,0.0,-1.0,0.0,0.0,0.0,1.0,0.0,1.0,1.0,0.0,69.0,15.0,69.0,15.0,0.0,0.0,1.0,0.0,0.0,5.0
2006_03_CAR_TB,2006,3,TB,CAR,7,7,0,0.0,0.0,0.0,0.0,0.0,0.0,1.0,0.0,1.0,1.0,0.0,89.0,3.0,89.0,3.0,0.0,0.0,0.0,0.0,0.0,0.0
2006_03_BAL_CLE,2006,3,CLE,BAL,7,7,0,0.0,0.0,0.0,0.0,0.0,0.0,1.0,0.0,1.0,1.0,0.0,68.0,12.0,68.0,12.0,0.0,0.0,0.0,0.0,0.0,2.0
2006_03_STL_ARI,2006,3,ARI,STL,7,7,0,0.0,0.0,0.0,0.0,0.0,0.0,1.0,1.0,0.0,1.0,0.0,,,70.0,0.0,0.0,0.0,0.0,0.0,0.0,0.0
2006_03_NYG_SEA,2006,3,SEA,NYG,7,7,0,0.0,0.0,0.0,0.0,0.0,0.0,0.0,0.0,1.0,0.0,1.0,65.0,6.0,65.0,6.0,0.0,0.0,0.0,0.0,0.0,0.0
2006_03_PHI_SF,2006,3,SF,PHI,7,7,0,0.0,0.0,0.0,0.0,0.0,0.0,0.0,0.0,1.0,1.0,0.0,66.0,5.0,66.0,5.0,0.0,0.0,0.0,0.0,0.0,0.0
2006_03_DEN_NE,2006,3,NE,DEN,7,7,0,0.0,0.0,0.0,0.0,0.0,0.0,0.0,0.0,1.0,1.0,0.0,68.0,12.0,68.0,12.0,0.0,0.0,0.0,0.0,0.0,2.0
2006_03_ATL_NO,2006,3,NO,ATL,8,8,0,0.0,0.0,0.0,0.0,0.0,0.0,1.0,1.0,0.0,0.0,1.0,,,70.0,0.0,0.0,0.0,0.0,0.0,0.0,0.0
2006_04_ARI_ATL,2006,4,ATL,ARI,6,7,-1,1.0,0.0,-1.0,0.0,0.0,0.0,0.0,1.0,0.0,0.0,1.0,,,70.0,0.0,0.0,0.0,0.0,0.0,0.0,0.0
2006_04_SD_BAL,2006,4,BAL,SD,7,14,-7,0.0,0.0,0.0,0.0,1.0,-1.0,0.0,0.0,1.0,0.0,1.0,68.0,7.0,68.0,7.0,0.0,0.0,0.0,0.0,0.0,0.0
2006_04_MIN_BUF,2006,4,BUF,MIN,7,7,0,0.0,0.0,0.0,0.0,0.0,0.0,0.0,0.0,1.0,0.0,0.0,58.0,11.0,58.0,11.0,0.0,0.0,0.0,0.0,0.0,1.0
2006_04_NO_CAR,2006,4,CAR,NO,7,6,1,0.0,1.0,1.0,0.0,0.0,0.0,1.0,0.0,1.0,1.0,0.0,82.0,6.0,82.0,6.0,0.0,0.0,0.0,0.0,0.0,0.0
2006_04_MIA_HOU,2006,4,HOU,MIA,7,7,0,0.0,0.0,0.0,0.0,0.0,0.0,0.0,1.0,0.0,1.0,0.0,,,70.0,0.0,0.0,0.0,0.0,0.0,0.0,0.0
2006_04_SF_KC,2006,4,KC,SF,14,7,7,0.0,0.0,0.0,1.0,0.0,1.0,0.0,0.0,1.0,1.0,0.0,82.0,15.0,82.0,15.0,0.0,0.0,1.0,0.0,0.0,5.0
2006_04_IND_NYJ,2006,4,NYJ,IND,7,7,0,0.0,0.0,0.0,0.0,0.0,0.0,0.0,0.0,1.0,0.0,1.0,62.0,2.0,62.0,2.0,0.0,0.0,0.0,0.0,0.0,0.0
2006_04_DAL_TEN,2006,4,TEN,DAL,7,14,-7,0.0,0.0,0.0,0.0,1.0,-1.0,0.0,0.0,1.0,1.0,0.0,75.0,0.0,75.0,0.0,0.0,0.0,0.0,0.0,0.0,0.0
2006_04_DET_STL,2006,4,STL,DET,7,7,0,0.0,0.0,0.0,0.0,0.0,0.0,0.0,1.0,0.0,0.0,1.0,,,70.0,0.0,0.0,0.0,0.0,0.0,0.0,0.0
2006_04_NE_CIN,2006,4,CIN,NE,7,7,0,0.0,0.0,0.0,0.0,0.0,0.0,0.0,0.0,1.0,0.0,1.0,75.0,9.0,75.0,9.0,0.0,0.0,0.0,0.0,0.0,0.0
2006_04_CLE_OAK,2006,4,OAK,CLE,14,7,7,0.0,0.0,0.0,1.0,0.0,1.0,0.0,0.0,1.0,1.0,0.0,63.0,0.0,63.0,0.0,0.0,0.0,0.0,0.0,0.0,0.0
2006_04_JAX_WAS,2006,4,WAS,JAX,7,7,0,0.0,0.0,0.0,0.0,0.0,0.0,0.0,0.0,1.0,1.0,0.0,72.0,3.0,72.0,3.0,0.0,0.0,0.0,0.0,0.0,0.0
2006_04_SEA_CHI,2006,4,CHI,SEA,7,7,0,0.0,0.0,0.0,0.0,0.0,0.0,0.0,0.0,1.0,1.0,0.0,69.0,5.0,69.0,5.0,0.0,0.0,0.0,0.0,0.0,0.0
2006_04_GB_PHI,2006,4,PHI,GB,8,8,0,0.0,0.0,0.0,0.0,0.0,0.0,0.0,0.0,1.0,1.0,0.0,59.0,2.0,59.0,2.0,0.0,0.0,0.0,0.0,0.0,0.0
2006_05_CLE_CAR,2006,5,CAR,CLE,7,7,0,0.0,0.0,0.0,0.0,0.0,0.0,0.0,0.0,1.0,1.0,0.0,60.0,7.0,60.0,7.0,0.0,0.0,0.0,0.0,0.0,0.0
2006_05_BUF_CHI,2006,5,CHI,BUF,7,7,0,0.0,0.0,0.0,0.0,0.0,0.0,0.0,0.0,1.0,1.0,0.0,56.0,5.0,56.0,5.0,0.0,0.0,0.0,0.0,0.0,0.0
2006_05_STL_GB,2006,5,GB,STL,6,7,-1,1.0,0.0,-1.0,0.0,0.0,0.0,0.0,0.0,1.0,1.0,0.0,69.0,22.0,69.0,22.0,0.0,0.0,1.0,1.0,0.0,12.0
2006_05_TEN_IND,2006,5,IND,TEN,7,7,0,0.0,0.0,0.0,0.0,0.0,0.0,1.0,1.0,0.0,0.0,1.0,,,70.0,0.0,0.0,0.0,0.0,0.0,0.0,0.0
2006_05_DET_MIN,2006,5,MIN,DET,7,7,0,0.0,0.0,0.0,0.0,0.0,0.0,1.0,1.0,0.0,0.0,1.0,,,70.0,0.0,0.0,0.0,0.0,0.0,0.0,0.0
2006_05_MIA_NE,2006,5,NE,MIA,7,7,0,0.0,0.0,0.0,0.0,0.0,0.0,1.0,0.0,1.0,1.0,0.0,65.0,4.0,65.0,4.0,0.0,0.0,0.0,0.0,0.0,0.0
2006_05_TB_NO,2006,5,NO,TB,7,14,-7,0.0,0.0,0.0,0.0,1.0,-1.0,1.0,1.0,0.0,0.0,1.0,,,70.0,0.0,0.0,0.0,0.0,0.0,0.0,0.0
2006_05_WAS_NYG,2006,5,NYG,WAS,14,7,7,0.0,0.0,0.0,1.0,0.0,1.0,1.0,0.0,1.0,0.0,1.0,66.0,1.0,66.0,1.0,0.0,0.0,0.0,0.0,0.0,0.0
2006_05_KC_ARI,2006,5,ARI,KC,7,7,0,0.0,0.0,0.0,0.0,0.0,0.0,0.0,1.0,0.0,1.0,0.0,,,70.0,0.0,0.0,0.0,0.0,0.0,0.0,0.0
2006_05_NYJ_JAX,2006,5,JAX,NYJ,7,7,0,0.0,0.0,0.0,0.0,0.0,0.0,0.0,0.0,1.0,1.0,0.0,75.0,5.0,75.0,5.0,0.0,0.0,0.0,0.0,0.0,0.0
2006_05_OAK_SF,2006,5,SF,OAK,7,7,0,0.0,0.0,0.0,0.0,0.0,0.0,0.0,0.0,1.0,1.0,0.0,65.0,3.0,65.0,3.0,0.0,0.0,0.0,0.0,0.0,0.0
2006_05_DAL_PHI,2006,5,PHI,DAL,6,7,-1,1.0,0.0,-1.0,0.0,0.0,0.0,1.0,0.0,1.0,1.0,0.0,70.0,3.0,70.0,3.0,0.0,0.0,0.0,0.0,0.0,0.0
2006_05_PIT_SD,2006,5,SD,PIT,7,14,-7,0.0,0.0,0.0,0.0,1.0,-1.0,0.0,0.0,1.0,1.0,0.0,67.0,9.0,67.0,9.0,0.0,0.0,0.0,0.0,0.0,0.0
2006_05_BAL_DEN,2006,5,DEN,BAL,15,8,7,0.0,0.0,0.0,1.0,0.0,1.0,0.0,0.0,1.0,1.0,0.0,39.0,7.0,39.0,7.0,1.0,0.0,0.0,0.0,11.0,0.0
2006_06_NYG_ATL,2006,6,ATL,NYG,14,7,7,0.0,0.0,0.0,1.0,0.0,1.0,0.0,1.0,0.0,0.0,1.0,,,70.0,0.0,0.0,0.0,0.0,0.0,0.0,0.0
2006_06_CAR_BAL,2006,6,BAL,CAR,6,7,-1,1.0,0.0,-1.0,0.0,0.0,0.0,0.0,0.0,1.0,0.0,1.0,58.0,11.0,58.0,11.0,0.0,0.0,0.0,0.0,0.0,1.0
2006_06_HOU_DAL,2006,6,DAL,HOU,7,14,-7,0.0,0.0,0.0,0.0,1.0,-1.0,0.0,0.0,1.0,0.0,1.0,66.0,8.0,66.0,8.0,0.0,0.0,0.0,0.0,0.0,0.0
2006_06_BUF_DET,2006,6,DET,BUF,7,7,0,0.0,0.0,0.0,0.0,0.0,0.0,0.0,1.0,0.0,0.0,1.0,,,70.0,0.0,0.0,0.0,0.0,0.0,0.0,0.0
2006_06_PHI_NO,2006,6,NO,PHI,7,7,0,0.0,0.0,0.0,0.0,0.0,0.0,0.0,1.0,0.0,0.0,1.0,,,70.0,0.0,0.0,0.0,0.0,0.0,0.0,0.0
2006_06_SEA_STL,2006,6,STL,SEA,7,14,-7,0.0,0.0,0.0,0.0,1.0,-1.0,1.0,1.0,0.0,0.0,1.0,,,70.0,0.0,0.0,0.0,0.0,0.0,0.0,0.0
2006_06_CIN_TB,2006,6,TB,CIN,7,14,-7,0.0,0.0,0.0,0.0,1.0,-1.0,0.0,0.0,1.0,1.0,0.0,77.0,8.0,77.0,8.0,0.0,0.0,0.0,0.0,0.0,0.0
2006_06_TEN_WAS,2006,6,WAS,TEN,7,7,0,0.0,0.0,0.0,0.0,0.0,0.0,0.0,0.0,1.0,1.0,0.0,59.0,6.0,59.0,6.0,0.0,0.0,0.0,0.0,0.0,0.0
2006_06_MIA_NYJ,2006,6,NYJ,MIA,7,7,0,0.0,0.0,0.0,0.0,0.0,0.0,1.0,0.0,1.0,0.0,1.0,57.0,13.0,57.0,13.0,0.0,0.0,0.0,0.0,0.0,3.0
2006_06_KC_PIT,2006,6,PIT,KC,7,7,0,0.0,0.0,0.0,0.0,0.0,0.0,0.0,0.0,1.0,1.0,0.0,52.0,6.0,52.0,6.0,0.0,0.0,0.0,0.0,0.0,0.0
2006_06_SD_SF,2006,6,SF,SD,7,7,0,0.0,0.0,0.0,0.0,0.0,0.0,0.0,0.0,1.0,1.0,0.0,57.0,12.0,57.0,12.0,0.0,0.0,0.0,0.0,0.0,2.0
2006_06_OAK_DEN,2006,6,DEN,OAK,6,7,-1,1.0,0.0,-1.0,0.0,0.0,0.0,1.0,0.0,1.0,1.0,0.0,64.0,3.0,64.0,3.0,0.0,0.0,0.0,0.0,0.0,0.0
2006_06_CHI_ARI,2006,6,ARI,CHI,8,8,0,0.0,0.0,0.0,0.0,0.0,0.0,0.0,0.0,1.0,1.0,0.0,,,,,0.0,0.0,0.0,0.0,0.0,0.0
2006_07_PIT_ATL,2006,7,ATL,PIT,7,7,0,0.0,0.0,0.0,0.0,0.0,0.0,0.0,1.0,0.0,0.0,1.0,,,70.0,0.0,0.0,0.0,0.0,0.0,0.0,0.0
2006_07_NE_BUF,2006,7,BUF,NE,7,14,-7,0.0,0.0,0.0,0.0,1.0,-1.0,1.0,0.0,1.0,0.0,0.0,50.0,14.0,50.0,14.0,0.0,0.0,0.0,0.0,0.0,4.0
2006_07_CAR_CIN,2006,7,CIN,CAR,7,7,0,0.0,0.0,0.0,0.0,0.0,0.0,0.0,0.0,1.0,0.0,1.0,48.0,18.0,48.0,18.0,0.0,0.0,1.0,0.0,2.0,8.0
2006_07_JAX_HOU,2006,7,HOU,JAX,7,14,-7,0.0,0.0,0.0,0.0,1.0,-1.0,1.0,0.0,1.0,1.0,0.0,,,,,0.0,0.0,0.0,0.0,0.0,0.0
2006_07_SD_KC,2006,7,KC,SD,7,7,0,0.0,0.0,0.0,0.0,0.0,0.0,1.0,0.0,1.0,1.0,0.0,40.0,9.0,40.0,9.0,1.0,0.0,0.0,0.0,10.0,0.0
2006_07_GB_MIA,2006,7,MIA,GB,7,14,-7,0.0,0.0,0.0,0.0,1.0,-1.0,0.0,0.0,1.0,1.0,0.0,86.0,9.0,86.0,9.0,0.0,0.0,0.0,0.0,0.0,0.0
2006_07_DET_NYJ,2006,7,NYJ,DET,7,7,0,0.0,0.0,0.0,0.0,0.0,0.0,0.0,0.0,1.0,0.0,1.0,57.0,8.0,57.0,8.0,0.0,0.0,0.0,0.0,0.0,0.0
2006_07_PHI_TB,2006,7,TB,PHI,7,7,0,0.0,0.0,0.0,0.0,0.0,0.0,0.0,0.0,1.0,1.0,0.0,88.0,8.0,88.0,8.0,0.0,0.0,0.0,0.0,0.0,0.0
2006_07_DEN_CLE,2006,7,CLE,DEN,14,7,7,0.0,0.0,0.0,1.0,0.0,1.0,0.0,0.0,1.0,1.0,0.0,48.0,15.0,48.0,15.0,0.0,0.0,1.0,0.0,2.0,5.0
2006_07_WAS_IND,2006,7,IND,WAS,14,7,7,0.0,0.0,0.0,1.0,0.0,1.0,0.0,1.0,0.0,0.0,1.0,,,70.0,0.0,0.0,0.0,0.0,0.0,0.0,0.0
2006_07_ARI_OAK,2006,7,OAK,ARI,7,6,1,0.0,1.0,1.0,0.0,0.0,0.0,0.0,0.0,1.0,1.0,0.0,67.0,6.0,67.0,6.0,0.0,0.0,0.0,0.0,0.0,0.0
2006_07_MIN_SEA,2006,7,SEA,MIN,7,14,-7,0.0,0.0,0.0,0.0,1.0,-1.0,0.0,0.0,1.0,0.0,1.0,60.0,5.0,60.0,5.0,0.0,0.0,0.0,0.0,0.0,0.0
2006_07_NYG_DAL,2006,7,DAL,NYG,8,8,0,0.0,0.0,0.0,0.0,0.0,0.0,1.0,0.0,1.0,0.0,1.0,63.0,6.0,63.0,6.0,0.0,0.0,0.0,0.0,0.0,0.0
2006_08_SF_CHI,2006,8,CHI,SF,13,14,-1,0.0,0.0,0.0,1.0,1.0,0.0,0.0,0.0,1.0,1.0,0.0,46.0,9.0,46.0,9.0,0.0,0.0,0.0,0.0,4.0,0.0
2006_08_ATL_CIN,2006,8,CIN,ATL,7,7,0,0.0,0.0,0.0,0.0,0.0,0.0,0.0,0.0,1.0,0.0,1.0,56.0,11.0,56.0,11.0,0.0,0.0,0.0,0.0,0.0,1.0
2006_08_ARI_GB,2006,8,GB,ARI,7,7,0,0.0,0.0,0.0,0.0,0.0,0.0,0.0,0.0,1.0,1.0,0.0,45.0,10.0,45.0,10.0,0.0,0.0,0.0,0.0,5.0,0.0
2006_08_SEA_KC,2006,8,KC,SEA,7,7,0,0.0,0.0,0.0,0.0,0.0,0.0,0.0,0.0,1.0,1.0,0.0,67.0,5.0,67.0,5.0,0.0,0.0,0.0,0.0,0.0,0.0
2006_08_BAL_NO,2006,8,NO,BAL,14,14,0,0.0,0.0,0.0,1.0,1.0,0.0,0.0,1.0,0.0,0.0,1.0,,,70.0,0.0,0.0,0.0,0.0,0.0,0.0,0.0
2006_08_TB_NYG,2006,8,NYG,TB,6,7,-1,1.0,0.0,-1.0,0.0,0.0,0.0,0.0,0.0,1.0,0.0,1.0,53.0,20.0,53.0,20.0,0.0,0.0,1.0,1.0,0.0,10.0
2006_08_JAX_PHI,2006,8,PHI,JAX,7,7,0,0.0,0.0,0.0,0.0,0.0,0.0,0.0,0.0,1.0,1.0,0.0,53.0,24.0,53.0,24.0,0.0,0.0,1.0,1.0,0.0,14.0
2006_08_HOU_TEN,2006,8,TEN,HOU,14,7,7,0.0,0.0,0.0,1.0,0.0,1.0,1.0,0.0,1.0,1.0,0.0,72.0,8.0,72.0,8.0,0.0,0.0,0.0,0.0,0.0,0.0
2006_08_STL_SD,2006,8,SD,STL,7,14,-7,0.0,0.0,0.0,0.0,1.0,-1.0,0.0,0.0,1.0,1.0,0.0,72.0,6.0,72.0,6.0,0.0,0.0,0.0,0.0,0.0,0.0
2006_08_NYJ_CLE,2006,8,CLE,NYJ,7,7,0,0.0,0.0,0.0,0.0,0.0,0.0,0.0,0.0,1.0,1.0,0.0,46.0,12.0,46.0,12.0,0.0,0.0,0.0,0.0,4.0,2.0
2006_08_IND_DEN,2006,8,DEN,IND,7,7,0,0.0,0.0,0.0,0.0,0.0,0.0,0.0,0.0,1.0,1.0,0.0,70.0,4.0,70.0,4.0,0.0,0.0,0.0,0.0,0.0,0.0
2006_08_PIT_OAK,2006,8,OAK,PIT,7,7,0,0.0,0.0,0.0,0.0,0.0,0.0,0.0,0.0,1.0,1.0,0.0,62.0,10.0,62.0,10.0,0.0,0.0,0.0,0.0,0.0,0.0
2006_08_DAL_CAR,2006,8,CAR,DAL,7,6,1,0.0,1.0,1.0,0.0,0.0,0.0,0.0,0.0,1.0,1.0,0.0,53.0,5.0,53.0,5.0,0.0,0.0,0.0,0.0,0.0,0.0
2006_08_NE_MIN,2006,8,MIN,NE,8,8,0,0.0,0.0,0.0,0.0,0.0,0.0,0.0,1.0,0.0,0.0,1.0,,,70.0,0.0,0.0,0.0,0.0,0.0,0.0,0.0
2006_09_CIN_BAL,2006,9,BAL,CIN,7,7,0,0.0,0.0,0.0,0.0,0.0,0.0,1.0,0.0,1.0,0.0,1.0,50.0,3.0,50.0,3.0,0.0,0.0,0.0,0.0,0.0,0.0
2006_09_GB_BUF,2006,9,BUF,GB,14,7,7,0.0,0.0,0.0,1.0,0.0,1.0,0.0,0.0,1.0,0.0,0.0,47.0,10.0,47.0,10.0,0.0,0.0,0.0,0.0,3.0,0.0
2006_09_MIA_CHI,2006,9,CHI,MIA,7,14,-7,0.0,0.0,0.0,0.0,1.0,-1.0,0.0,0.0,1.0,1.0,0.0,54.0,8.0,54.0,8.0,0.0,0.0,0.0,0.0,0.0,0.0
2006_09_ATL_DET,2006,9,DET,ATL,14,7,7,0.0,0.0,0.0,1.0,0.0,1.0,0.0,1.0,0.0,0.0,1.0,,,70.0,0.0,0.0,0.0,0.0,0.0,0.0,0.0
2006_09_TEN_JAX,2006,9,JAX,TEN,7,7,0,0.0,0.0,0.0,0.0,0.0,0.0,1.0,0.0,1.0,1.0,0.0,69.0,20.0,69.0,20.0,0.0,0.0,1.0,1.0,0.0,10.0
2006_09_HOU_NYG,2006,9,NYG,HOU,7,7,0,0.0,0.0,0.0,0.0,0.0,0.0,0.0,0.0,1.0,0.0,1.0,46.0,1.0,46.0,1.0,0.0,0.0,0.0,0.0,4.0,0.0
2006_09_KC_STL,2006,9,STL,KC,7,7,0,0.0,0.0,0.0,0.0,0.0,0.0,0.0,1.0,0.0,0.0,1.0,,,70.0,0.0,0.0,0.0,0.0,0.0,0.0,0.0
2006_09_NO_TB,2006,9,TB,NO,7,7,0,0.0,0.0,0.0,0.0,0.0,0.0,1.0,0.0,1.0,1.0,0.0,81.0,16.0,81.0,16.0,0.0,0.0,1.0,0.0,0.0,6.0
2006_09_DAL_WAS,2006,9,WAS,DAL,14,7,7,0.0,0.0,0.0,1.0,0.0,1.0,1.0,0.0,1.0,1.0,0.0,51.0,6.0,51.0,6.0,0.0,0.0,0.0,0.0,0.0,0.0
2006_09_MIN_SF,2006,9,SF,MIN,7,6,1,0.0,1.0,1.0,0.0,0.0,0.0,0.0,0.0,1.0,1.0,0.0,62.0,7.0,62.0,7.0,0.0,0.0,0.0,0.0,0.0,0.0
2006_09_DEN_PIT,2006,9,PIT,DEN,7,7,0,0.0,0.0,0.0,0.0,0.0,0.0,0.0,0.0,1.0,1.0,0.0,53.0,5.0,53.0,5.0,0.0,0.0,0.0,0.0,0.0,0.0
2006_09_CLE_SD,2006,9,SD,CLE,7,7,0,0.0,0.0,0.0,0.0,0.0,0.0,0.0,0.0,1.0,1.0,0.0,87.0,3.0,87.0,3.0,0.0,0.0,0.0,0.0,0.0,0.0
2006_09_IND_NE,2006,9,NE,IND,6,7,-1,1.0,0.0,-1.0,0.0,0.0,0.0,0.0,0.0,1.0,1.0,0.0,31.0,0.0,31.0,0.0,1.0,0.0,0.0,0.0,19.0,0.0
2006_09_OAK_SEA,2006,9,SEA,OAK,8,8,0,0.0,0.0,0.0,0.0,0.0,0.0,0.0,0.0,1.0,0.0,1.0,62.0,17.0,62.0,17.0,0.0,0.0,1.0,0.0,0.0,7.0
2006_10_CLE_ATL,2006,10,ATL,CLE,7,7,0,0.0,0.0,0.0,0.0,0.0,0.0,0.0,1.0,0.0,0.0,1.0,,,70.0,0.0,0.0,0.0,0.0,0.0,0.0,0.0
2006_10_SD_CIN,2006,10,CIN,SD,7,7,0,0.0,0.0,0.0,0.0,0.0,0.0,0.0,0.0,1.0,0.0,1.0,42.0,9.0,42.0,9.0,0.0,0.0,0.0,0.0,8.0,0.0
2006_10_SF_DET,2006,10,DET,SF,7,7,0,0.0,0.0,0.0,0.0,0.0,0.0,0.0,1.0,0.0,0.0,1.0,,,70.0,0.0,0.0,0.0,0.0,0.0,0.0,0.0
2006_10_BUF_IND,2006,10,IND,BUF,7,7,0,0.0,0.0,0.0,0.0,0.0,0.0,0.0,1.0,0.0,0.0,1.0,,,70.0,0.0,0.0,0.0,0.0,0.0,0.0,0.0
2006_10_HOU_JAX,2006,10,JAX,HOU,7,7,0,0.0,0.0,0.0,0.0,0.0,0.0,1.0,0.0,1.0,1.0,0.0,56.0,10.0,56.0,10.0,0.0,0.0,0.0,0.0,0.0,0.0
2006_10_KC_MIA,2006,10,MIA,KC,7,7,0,0.0,0.0,0.0,0.0,0.0,0.0,0.0,0.0,1.0,1.0,0.0,81.0,9.0,81.0,9.0,0.0,0.0,0.0,0.0,0.0,0.0
2006_10_GB_MIN,2006,10,MIN,GB,7,7,0,0.0,0.0,0.0,0.0,0.0,0.0,1.0,1.0,0.0,0.0,1.0,,,70.0,0.0,0.0,0.0,0.0,0.0,0.0,0.0
2006_10_NYJ_NE,2006,10,NE,NYJ,7,14,-7,0.0,0.0,0.0,0.0,1.0,-1.0,1.0,0.0,1.0,1.0,0.0,58.0,0.0,58.0,0.0,0.0,0.0,0.0,0.0,0.0,0.0
2006_10_WAS_PHI,2006,10,PHI,WAS,14,7,7,0.0,0.0,0.0,1.0,0.0,1.0,1.0,0.0,1.0,1.0,0.0,61.0,14.0,61.0,14.0,0.0,0.0,0.0,0.0,0.0,4.0
2006_10_BAL_TEN,2006,10,TEN,BAL,7,7,0,0.0,0.0,0.0,0.0,0.0,0.0,0.0,0.0,1.0,1.0,0.0,47.0,11.0,47.0,11.0,0.0,0.0,0.0,0.0,3.0,1.0
2006_10_DEN_OAK,2006,10,OAK,DEN,6,7,-1,1.0,0.0,-1.0,0.0,0.0,0.0,1.0,0.0,1.0,1.0,0.0,56.0,0.0,56.0,0.0,0.0,0.0,0.0,0.0,0.0,0.0
2006_10_DAL_ARI,2006,10,ARI,DAL,14,7,7,0.0,0.0,0.0,1.0,0.0,1.0,0.0,0.0,1.0,1.0,0.0,,,,,0.0,0.0,0.0,0.0,0.0,0.0
2006_10_NO_PIT,2006,10,PIT,NO,7,7,0,0.0,0.0,0.0,0.0,0.0,0.0,0.0,0.0,1.0,1.0,0.0,39.0,9.0,39.0,9.0,1.0,0.0,0.0,0.0,11.0,0.0
2006_10_STL_SEA,2006,10,SEA,STL,6,7,-1,1.0,0.0,-1.0,0.0,0.0,0.0,1.0,0.0,1.0,0.0,1.0,48.0,17.0,48.0,17.0,0.0,0.0,1.0,0.0,2.0,7.0
2006_10_CHI_NYG,2006,10,NYG,CHI,7,7,0,0.0,0.0,0.0,0.0,0.0,0.0,0.0,0.0,1.0,0.0,1.0,48.0,9.0,48.0,9.0,0.0,0.0,0.0,0.0,2.0,0.0
2006_10_TB_CAR,2006,10,CAR,TB,15,8,7,0.0,0.0,0.0,1.0,0.0,1.0,1.0,0.0,1.0,1.0,0.0,58.0,3.0,58.0,3.0,0.0,0.0,0.0,0.0,0.0,0.0
2006_11_ATL_BAL,2006,11,BAL,ATL,7,7,0,0.0,0.0,0.0,0.0,0.0,0.0,0.0,0.0,1.0,0.0,1.0,49.0,8.0,49.0,8.0,0.0,0.0,0.0,0.0,1.0,0.0
2006_11_STL_CAR,2006,11,CAR,STL,6,7,-1,1.0,0.0,-1.0,0.0,0.0,0.0,0.0,0.0,1.0,1.0,0.0,58.0,8.0,58.0,8.0,0.0,0.0,0.0,0.0,0.0,0.0
2006_11_PIT_CLE,2006,11,CLE,PIT,7,7,0,0.0,0.0,0.0,0.0,0.0,0.0,1.0,0.0,1.0,1.0,0.0,38.0,6.0,38.0,6.0,1.0,0.0,0.0,0.0,12.0,0.0
2006_11_NE_GB,2006,11,GB,NE,7,7,0,0.0,0.0,0.0,0.0,0.0,0.0,0.0,0.0,1.0,1.0,0.0,41.0,12.0,41.0,12.0,0.0,0.0,0.0,0.0,9.0,2.0
2006_11_BUF_HOU,2006,11,HOU,BUF,7,7,0,0.0,0.0,0.0,0.0,0.0,0.0,0.0,0.0,1.0,1.0,0.0,,,,,0.0,0.0,0.0,0.0,0.0,0.0
2006_11_OAK_KC,2006,11,KC,OAK,7,7,0,0.0,0.0,0.0,0.0,0.0,0.0,1.0,0.0,1.0,1.0,0.0,41.0,6.0,41.0,6.0,0.0,0.0,0.0,0.0,9.0,0.0
2006_11_MIN_MIA,2006,11,MIA,MIN,7,7,0,0.0,0.0,0.0,0.0,0.0,0.0,0.0,0.0,1.0,1.0,0.0,68.0,9.0,68.0,9.0,0.0,0.0,0.0,0.0,0.0,0.0
2006_11_CIN_NO,2006,11,NO,CIN,7,7,0,0.0,0.0,0.0,0.0,0.0,0.0,0.0,1.0,0.0,0.0,1.0,,,70.0,0.0,0.0,0.0,0.0,0.0,0.0,0.0
2006_11_CHI_NYJ,2006,11,NYJ,CHI,7,7,0,0.0,0.0,0.0,0.0,0.0,0.0,0.0,0.0,1.0,0.0,1.0,47.0,5.0,47.0,5.0,0.0,0.0,0.0,0.0,3.0,0.0
2006_11_TEN_PHI,2006,11,PHI,TEN,7,7,0,0.0,0.0,0.0,0.0,0.0,0.0,0.0,0.0,1.0,1.0,0.0,50.0,7.0,50.0,7.0,0.0,0.0,0.0,0.0,0.0,0.0
2006_11_WAS_TB,2006,11,TB,WAS,6,7,-1,1.0,0.0,-1.0,0.0,0.0,0.0,0.0,0.0,1.0,1.0,0.0,69.0,11.0,69.0,11.0,0.0,0.0,0.0,0.0,0.0,1.0
2006_11_DET_ARI,2006,11,ARI,DET,7,7,0,0.0,0.0,0.0,0.0,0.0,0.0,0.0,1.0,0.0,1.0,0.0,,,70.0,0.0,0.0,0.0,0.0,0.0,0.0,0.0
2006_11_SEA_SF,2006,11,SF,SEA,7,7,0,0.0,0.0,0.0,0.0,0.0,0.0,1.0,0.0,1.0,1.0,0.0,59.0,5.0,59.0,5.0,0.0,0.0,0.0,0.0,0.0,0.0
2006_11_IND_DAL,2006,11,DAL,IND,7,7,0,0.0,0.0,0.0,0.0,0.0,0.0,0.0,0.0,1.0,0.0,1.0,63.0,10.0,63.0,10.0,0.0,0.0,0.0,0.0,0.0,0.0
2006_11_SD_DEN,2006,11,DEN,SD,7,7,0,0.0,0.0,0.0,0.0,0.0,0.0,1.0,0.0,1.0,1.0,0.0,34.0,8.0,34.0,8.0,1.0,0.0,0.0,0.0,16.0,0.0
2006_11_NYG_JAX,2006,11,JAX,NYG,8,8,0,0.0,0.0,0.0,0.0,0.0,0.0,0.0,0.0,1.0,1.0,0.0,45.0,7.0,45.0,7.0,0.0,0.0,0.0,0.0,5.0,0.0
2006_12_MIA_DET,2006,12,DET,MIA,4,4,0,1.0,1.0,0.0,0.0,0.0,0.0,0.0,1.0,0.0,0.0,1.0,,,70.0,0.0,0.0,0.0,0.0,0.0,0.0,0.0
2006_12_TB_DAL,2006,12,DAL,TB,4,4,0,1.0,1.0,0.0,0.0,0.0,0.0,0.0,0.0,1.0,0.0,1.0,76.0,0.0,76.0,0.0,0.0,0.0,0.0,0.0,0.0,0.0
2006_12_DEN_KC,2006,12,KC,DEN,4,4,0,1.0,1.0,0.0,0.0,0.0,0.0,1.0,0.0,1.0,1.0,0.0,65.0,10.0,65.0,10.0,0.0,0.0,0.0,0.0,0.0,0.0
2006_12_NO_ATL,2006,12,ATL,NO,7,7,0,0.0,0.0,0.0,0.0,0.0,0.0,1.0,1.0,0.0,0.0,1.0,,,70.0,0.0,0.0,0.0,0.0,0.0,0.0,0.0
2006_12_PIT_BAL,2006,12,BAL,PIT,7,7,0,0.0,0.0,0.0,0.0,0.0,0.0,1.0,0.0,1.0,0.0,1.0,57.0,4.0,57.0,4.0,0.0,0.0,0.0,0.0,0.0,0.0
2006_12_JAX_BUF,2006,12,BUF,JAX,7,6,1,0.0,1.0,1.0,0.0,0.0,0.0,0.0,0.0,1.0,0.0,0.0,60.0,12.0,60.0,12.0,0.0,0.0,0.0,0.0,0.0,2.0
2006_12_CIN_CLE,2006,12,CLE,CIN,7,7,0,0.0,0.0,0.0,0.0,0.0,0.0,1.0,0.0,1.0,1.0,0.0,61.0,5.0,61.0,5.0,0.0,0.0,0.0,0.0,0.0,0.0
2006_12_ARI_MIN,2006,12,MIN,ARI,7,7,0,0.0,0.0,0.0,0.0,0.0,0.0,0.0,1.0,0.0,0.0,1.0,,,70.0,0.0,0.0,0.0,0.0,0.0,0.0,0.0
2006_12_HOU_NYJ,2006,12,NYJ,HOU,7,7,0,0.0,0.0,0.0,0.0,0.0,0.0,0.0,0.0,1.0,0.0,1.0,56.0,10.0,56.0,10.0,0.0,0.0,0.0,0.0,0.0,0.0
2006_12_SF_STL,2006,12,STL,SF,7,7,0,0.0,0.0,0.0,0.0,0.0,0.0,1.0,1.0,0.0,0.0,1.0,,,70.0,0.0,0.0,0.0,0.0,0.0,0.0,0.0
2006_12_CAR_WAS,2006,12,WAS,CAR,7,7,0,0.0,0.0,0.0,0.0,0.0,0.0,0.0,0.0,1.0,1.0,0.0,60.0,3.0,60.0,3.0,0.0,0.0,0.0,0.0,0.0,0.0
2006_12_OAK_SD,2006,12,SD,OAK,7,7,0,0.0,0.0,0.0,0.0,0.0,0.0,1.0,0.0,1.0,1.0,0.0,64.0,8.0,64.0,8.0,0.0,0.0,0.0,0.0,0.0,0.0
2006_12_CHI_NE,2006,12,NE,CHI,7,7,0,0.0,0.0,0.0,0.0,0.0,0.0,0.0,0.0,1.0,0.0,1.0,54.0,7.0,54.0,7.0,0.0,0.0,0.0,0.0,0.0,0.0
2006_12_NYG_TEN,2006,12,TEN,NYG,7,6,1,0.0,1.0,1.0,0.0,0.0,0.0,0.0,0.0,1.0,1.0,0.0,69.0,8.0,69.0,8.0,0.0,0.0,0.0,0.0,0.0,0.0
2006_12_PHI_IND,2006,12,IND,PHI,7,7,0,0.0,0.0,0.0,0.0,0.0,0.0,0.0,1.0,0.0,0.0,1.0,,,70.0,0.0,0.0,0.0,0.0,0.0,0.0,0.0
2006_12_GB_SEA,2006,12,SEA,GB,8,8,0,0.0,0.0,0.0,0.0,0.0,0.0,0.0,0.0,1.0,0.0,1.0,34.0,7.0,34.0,7.0,1.0,0.0,0.0,0.0,16.0,0.0
2006_13_BAL_CIN,2006,13,CIN,BAL,4,4,0,1.0,1.0,0.0,0.0,0.0,0.0,1.0,0.0,1.0,0.0,1.0,55.0,4.0,55.0,4.0,0.0,0.0,0.0,0.0,0.0,0.0
2006_13_SD_BUF,2006,13,BUF,SD,7,7,0,0.0,0.0,0.0,0.0,0.0,0.0,0.0,0.0,1.0,0.0,0.0,35.0,11.0,35.0,11.0,1.0,0.0,0.0,0.0,15.0,1.0
2006_13_MIN_CHI,2006,13,CHI,MIN,7,7,0,0.0,0.0,0.0,0.0,0.0,0.0,1.0,0.0,1.0,1.0,0.0,20.0,15.0,20.0,15.0,1.0,1.0,1.0,0.0,30.0,5.0
2006_13_KC_CLE,2006,13,CLE,KC,7,10,-3,0.0,0.0,0.0,0.0,1.0,-1.0,0.0,0.0,1.0,1.0,0.0,31.0,12.0,31.0,12.0,1.0,0.0,0.0,0.0,19.0,2.0
2006_13_NYJ_GB,2006,13,GB,NYJ,6,7,-1,1.0,0.0,-1.0,0.0,0.0,0.0,0.0,0.0,1.0,1.0,0.0,19.0,18.0,19.0,18.0,1.0,1.0,1.0,0.0,31.0,8.0
2006_13_DET_NE,2006,13,NE,DET,7,10,-3,0.0,0.0,0.0,0.0,1.0,-1.0,0.0,0.0,1.0,0.0,1.0,44.0,7.0,44.0,7.0,0.0,0.0,0.0,0.0,6.0,0.0
2006_13_SF_NO,2006,13,NO,SF,7,7,0,0.0,0.0,0.0,0.0,0.0,0.0,0.0,1.0,0.0,0.0,1.0,,,70.0,0.0,0.0,0.0,0.0,0.0,0.0,0.0
2006_13_ARI_STL,2006,13,STL,ARI,7,7,0,0.0,0.0,0.0,0.0,0.0,0.0,1.0,1.0,0.0,0.0,1.0,,,70.0,0.0,0.0,0.0,0.0,0.0,0.0,0.0
2006_13_IND_TEN,2006,13,TEN,IND,7,7,0,0.0,0.0,0.0,0.0,0.0,0.0,1.0,0.0,1.0,1.0,0.0,40.0,11.0,40.0,11.0,1.0,0.0,0.0,0.0,10.0,1.0
2006_13_ATL_WAS,2006,13,WAS,ATL,7,7,0,0.0,0.0,0.0,0.0,0.0,0.0,0.0,0.0,1.0,1.0,0.0,44.0,5.0,44.0,5.0,0.0,0.0,0.0,0.0,6.0,0.0
2006_13_JAX_MIA,2006,13,MIA,JAX,10,7,3,0.0,0.0,0.0,1.0,0.0,1.0,0.0,0.0,1.0,1.0,0.0,81.0,11.0,81.0,11.0,0.0,0.0,0.0,0.0,0.0,1.0
2006_13_HOU_OAK,2006,13,OAK,HOU,7,7,0,0.0,0.0,0.0,0.0,0.0,0.0,0.0,0.0,1.0,1.0,0.0,56.0,8.0,56.0,8.0,0.0,0.0,0.0,0.0,0.0,0.0
2006_13_DAL_NYG,2006,13,NYG,DAL,7,10,-3,0.0,0.0,0.0,0.0,1.0,-1.0,1.0,0.0,1.0,0.0,1.0,45.0,9.0,45.0,9.0,0.0,0.0,0.0,0.0,5.0,0.0
2006_13_TB_PIT,2006,13,PIT,TB,7,10,-3,0.0,0.0,0.0,0.0,1.0,-1.0,0.0,0.0,1.0,1.0,0.0,42.0,7.0,42.0,7.0,0.0,0.0,0.0,0.0,8.0,0.0
2006_13_SEA_DEN,2006,13,DEN,SEA,10,6,4,0.0,1.0,1.0,1.0,0.0,1.0,0.0,0.0,1.0,1.0,0.0,16.0,0.0,16.0,0.0,1.0,1.0,0.0,0.0,34.0,0.0
2006_13_CAR_PHI,2006,13,PHI,CAR,8,8,0,0.0,0.0,0.0,0.0,0.0,0.0,0.0,0.0,1.0,1.0,0.0,32.0,8.0,32.0,8.0,1.0,0.0,0.0,0.0,18.0,0.0
2006_14_CLE_PIT,2006,14,PIT,CLE,4,4,0,1.0,1.0,0.0,0.0,0.0,0.0,1.0,0.0,1.0,1.0,0.0,20.0,12.0,20.0,12.0,1.0,1.0,0.0,0.0,30.0,2.0
2006_14_NYG_CAR,2006,14,CAR,NYG,6,7,-1,1.0,0.0,-1.0,0.0,0.0,0.0,0.0,0.0,1.0,1.0,0.0,47.0,6.0,47.0,6.0,0.0,0.0,0.0,0.0,3.0,0.0
2006_14_OAK_CIN,2006,14,CIN,OAK,10,7,3,0.0,0.0,0.0,1.0,0.0,1.0,0.0,0.0,1.0,0.0,1.0,50.0,10.0,50.0,10.0,0.0,0.0,0.0,0.0,0.0,0.0
2006_14_MIN_DET,2006,14,DET,MIN,7,7,0,0.0,0.0,0.0,0.0,0.0,0.0,1.0,1.0,0.0,0.0,1.0,,,70.0,0.0,0.0,0.0,0.0,0.0,0.0,0.0
2006_14_TEN_HOU,2006,14,HOU,TEN,7,7,0,0.0,0.0,0.0,0.0,0.0,0.0,1.0,1.0,0.0,1.0,0.0,,,70.0,0.0,0.0,0.0,0.0,0.0,0.0,0.0
2006_14_IND_JAX,2006,14,JAX,IND,7,7,0,0.0,0.0,0.0,0.0,0.0,0.0,1.0,0.0,1.0,1.0,0.0,65.0,15.0,65.0,15.0,0.0,0.0,1.0,0.0,0.0,5.0
2006_14_BAL_KC,2006,14,KC,BAL,7,10,-3,0.0,0.0,0.0,0.0,1.0,-1.0,0.0,0.0,1.0,1.0,0.0,49.0,13.0,49.0,13.0,0.0,0.0,0.0,0.0,1.0,3.0
2006_14_NE_MIA,2006,14,MIA,NE,7,7,0,0.0,0.0,0.0,0.0,0.0,0.0,1.0,0.0,1.0,1.0,0.0,77.0,21.0,77.0,21.0,0.0,0.0,1.0,1.0,0.0,11.0
2006_14_ATL_TB,2006,14,TB,ATL,7,7,0,0.0,0.0,0.0,0.0,0.0,0.0,1.0,0.0,1.0,1.0,0.0,72.0,14.0,72.0,14.0,0.0,0.0,0.0,0.0,0.0,4.0
2006_14_PHI_WAS,2006,14,WAS,PHI,7,6,1,0.0,1.0,1.0,0.0,0.0,0.0,1.0,0.0,1.0,1.0,0.0,51.0,7.0,51.0,7.0,0.0,0.0,0.0,0.0,0.0,0.0
2006_14_SEA_ARI,2006,14,ARI,SEA,7,7,0,0.0,0.0,0.0,0.0,0.0,0.0,1.0,1.0,0.0,1.0,0.0,,,70.0,0.0,0.0,0.0,0.0,0.0,0.0,0.0
2006_14_GB_SF,2006,14,SF,GB,7,7,0,0.0,0.0,0.0,0.0,0.0,0.0,0.0,0.0,1.0,1.0,0.0,58.0,15.0,58.0,15.0,0.0,0.0,1.0,0.0,0.0,5.0
2006_14_BUF_NYJ,2006,14,NYJ,BUF,7,7,0,0.0,0.0,0.0,0.0,0.0,0.0,1.0,0.0,1.0,0.0,1.0,54.0,10.0,54.0,10.0,0.0,0.0,0.0,0.0,0.0,0.0
2006_14_DEN_SD,2006,14,SD,DEN,7,7,0,0.0,0.0,0.0,0.0,0.0,0.0,1.0,0.0,1.0,1.0,0.0,57.0,13.0,57.0,13.0,0.0,0.0,0.0,0.0,0.0,3.0
2006_14_NO_DAL,2006,14,DAL,NO,7,7,0,0.0,0.0,0.0,0.0,0.0,0.0,0.0,0.0,1.0,0.0,1.0,48.0,0.0,48.0,0.0,0.0,0.0,0.0,0.0,2.0,0.0
2006_14_CHI_STL,2006,14,STL,CHI,8,8,0,0.0,0.0,0.0,0.0,0.0,0.0,0.0,1.0,0.0,0.0,1.0,,,70.0,0.0,0.0,0.0,0.0,0.0,0.0,0.0
2006_15_SF_SEA,2006,15,SEA,SF,4,4,0,1.0,1.0,0.0,0.0,0.0,0.0,1.0,0.0,1.0,0.0,1.0,52.0,20.0,52.0,20.0,0.0,0.0,1.0,1.0,0.0,10.0
2006_15_DAL_ATL,2006,15,ATL,DAL,6,6,0,1.0,1.0,0.0,0.0,0.0,0.0,0.0,1.0,0.0,0.0,1.0,,,70.0,0.0,0.0,0.0,0.0,0.0,0.0,0.0
2006_15_CLE_BAL,2006,15,BAL,CLE,7,10,-3,0.0,0.0,0.0,0.0,1.0,-1.0,1.0,0.0,1.0,0.0,1.0,58.0,9.0,58.0,9.0,0.0,0.0,0.0,0.0,0.0,0.0
2006_15_MIA_BUF,2006,15,BUF,MIA,7,7,0,0.0,0.0,0.0,0.0,0.0,0.0,1.0,0.0,1.0,0.0,0.0,53.0,18.0,53.0,18.0,0.0,0.0,1.0,0.0,0.0,8.0
2006_15_PIT_CAR,2006,15,CAR,PIT,7,10,-3,0.0,0.0,0.0,0.0,1.0,-1.0,0.0,0.0,1.0,1.0,0.0,68.0,5.0,68.0,5.0,0.0,0.0,0.0,0.0,0.0,0.0
2006_15_TB_CHI,2006,15,CHI,TB,6,7,-1,1.0,0.0,-1.0,0.0,0.0,0.0,0.0,0.0,1.0,1.0,0.0,46.0,0.0,46.0,0.0,0.0,0.0,0.0,0.0,4.0,0.0
2006_15_DET_GB,2006,15,GB,DET,7,7,0,0.0,0.0,0.0,0.0,0.0,0.0,1.0,0.0,1.0,1.0,0.0,41.0,10.0,41.0,10.0,0.0,0.0,0.0,0.0,9.0,0.0
2006_15_NYJ_MIN,2006,15,MIN,NYJ,7,7,0,0.0,0.0,0.0,0.0,0.0,0.0,0.0,1.0,0.0,0.0,1.0,,,70.0,0.0,0.0,0.0,0.0,0.0,0.0,0.0
2006_15_HOU_NE,2006,15,NE,HOU,7,7,0,0.0,0.0,0.0,0.0,0.0,0.0,0.0,0.0,1.0,0.0,1.0,52.0,10.0,52.0,10.0,0.0,0.0,0.0,0.0,0.0,0.0
2006_15_WAS_NO,2006,15,NO,WAS,7,7,0,0.0,0.0,0.0,0.0,0.0,0.0,0.0,1.0,0.0,0.0,1.0,,,70.0,0.0,0.0,0.0,0.0,0.0,0.0,0.0
2006_15_JAX_TEN,2006,15,TEN,JAX,7,7,0,0.0,0.0,0.0,0.0,0.0,0.0,1.0,0.0,1.0,1.0,0.0,70.0,8.0,70.0,8.0,0.0,0.0,0.0,0.0,0.0,0.0
2006_15_DEN_ARI,2006,15,ARI,DEN,7,7,0,0.0,0.0,0.0,0.0,0.0,0.0,0.0,0.0,1.0,1.0,0.0,,,,,0.0,0.0,0.0,0.0,0.0,0.0
2006_15_PHI_NYG,2006,15,NYG,PHI,7,7,0,0.0,0.0,0.0,0.0,0.0,0.0,1.0,0.0,1.0,0.0,1.0,56.0,7.0,56.0,7.0,0.0,0.0,0.0,0.0,0.0,0.0
2006_15_STL_OAK,2006,15,OAK,STL,7,6,1,0.0,1.0,1.0,0.0,0.0,0.0,0.0,0.0,1.0,1.0,0.0,52.0,6.0,52.0,6.0,0.0,0.0,0.0,0.0,0.0,0.0
2006_15_KC_SD,2006,15,SD,KC,7,7,0,0.0,0.0,0.0,0.0,0.0,0.0,1.0,0.0,1.0,1.0,0.0,57.0,12.0,57.0,12.0,0.0,0.0,0.0,0.0,0.0,2.0
2006_15_CIN_IND,2006,15,IND,CIN,8,8,0,0.0,0.0,0.0,0.0,0.0,0.0,0.0,1.0,0.0,0.0,1.0,,,70.0,0.0,0.0,0.0,0.0,0.0,0.0,0.0
2006_16_MIN_GB,2006,16,GB,MIN,4,4,0,1.0,1.0,0.0,0.0,0.0,0.0,1.0,0.0,1.0,1.0,0.0,36.0,10.0,36.0,10.0,1.0,0.0,0.0,0.0,14.0,0.0
2006_16_KC_OAK,2006,16,OAK,KC,6,6,0,1.0,1.0,0.0,0.0,0.0,0.0,1.0,0.0,1.0,1.0,0.0,55.0,0.0,55.0,0.0,0.0,0.0,0.0,0.0,0.0,0.0
2006_16_CAR_ATL,2006,16,ATL,CAR,8,7,1,0.0,0.0,0.0,0.0,0.0,0.0,1.0,1.0,0.0,0.0,1.0,,,70.0,0.0,0.0,0.0,0.0,0.0,0.0,0.0
2006_16_TEN_BUF,2006,16,BUF,TEN,7,7,0,0.0,0.0,0.0,0.0,0.0,0.0,0.0,0.0,1.0,0.0,0.0,39.0,15.0,39.0,15.0,1.0,0.0,1.0,0.0,11.0,5.0
2006_16_TB_CLE,2006,16,CLE,TB,7,7,0,0.0,0.0,0.0,0.0,0.0,0.0,0.0,0.0,1.0,1.0,0.0,41.0,8.0,41.0,8.0,0.0,0.0,0.0,0.0,9.0,0.0
2006_16_CHI_DET,2006,16,DET,CHI,7,7,0,0.0,0.0,0.0,0.0,0.0,0.0,1.0,1.0,0.0,0.0,1.0,,,70.0,0.0,0.0,0.0,0.0,0.0,0.0,0.0
2006_16_IND_HOU,2006,16,HOU,IND,7,6,1,0.0,1.0,1.0,0.0,0.0,0.0,1.0,1.0,0.0,1.0,0.0,,,70.0,0.0,0.0,0.0,0.0,0.0,0.0,0.0
2006_16_NE_JAX,2006,16,JAX,NE,7,7,0,0.0,0.0,0.0,0.0,0.0,0.0,0.0,0.0,1.0,1.0,0.0,65.0,7.0,65.0,7.0,0.0,0.0,0.0,0.0,0.0,0.0
2006_16_NO_NYG,2006,16,NYG,NO,7,7,0,0.0,0.0,0.0,0.0,0.0,0.0,0.0,0.0,1.0,0.0,1.0,52.0,20.0,52.0,20.0,0.0,0.0,1.0,1.0,0.0,10.0
2006_16_BAL_PIT,2006,16,PIT,BAL,7,7,0,0.0,0.0,0.0,0.0,0.0,0.0,1.0,0.0,1.0,1.0,0.0,41.0,10.0,41.0,10.0,0.0,0.0,0.0,0.0,9.0,0.0
2006_16_WAS_STL,2006,16,STL,WAS,7,7,0,0.0,0.0,0.0,0.0,0.0,0.0,0.0,1.0,0.0,0.0,1.0,,,70.0,0.0,0.0,0.0,0.0,0.0,0.0,0.0
2006_16_ARI_SF,2006,16,SF,ARI,10,7,3,0.0,0.0,0.0,1.0,0.0,1.0,1.0,0.0,1.0,1.0,0.0,50.0,5.0,50.0,5.0,0.0,0.0,0.0,0.0,0.0,0.0
2006_16_CIN_DEN,2006,16,DEN,CIN,7,6,1,0.0,1.0,1.0,0.0,0.0,0.0,0.0,0.0,1.0,1.0,0.0,32.0,14.0,32.0,14.0,1.0,0.0,0.0,0.0,18.0,4.0
2006_16_SD_SEA,2006,16,SEA,SD,10,7,3,0.0,0.0,0.0,1.0,0.0,1.0,0.0,0.0,1.0,0.0,1.0,47.0,18.0,47.0,18.0,0.0,0.0,1.0,0.0,3.0,8.0
2006_16_PHI_DAL,2006,16,DAL,PHI,9,8,1,0.0,0.0,0.0,0.0,0.0,0.0,1.0,0.0,1.0,0.0,1.0,50.0,0.0,50.0,0.0,0.0,0.0,0.0,0.0,0.0,0.0
2006_16_NYJ_MIA,2006,16,MIA,NYJ,8,8,0,0.0,0.0,0.0,0.0,0.0,0.0,1.0,0.0,1.0,1.0,0.0,71.0,18.0,71.0,18.0,0.0,0.0,1.0,0.0,0.0,8.0
2006_17_NYG_WAS,2006,17,WAS,NYG,6,6,0,1.0,1.0,0.0,0.0,0.0,0.0,1.0,0.0,1.0,1.0,0.0,48.0,7.0,48.0,7.0,0.0,0.0,0.0,0.0,2.0,0.0
2006_17_PIT_CIN,2006,17,CIN,PIT,7,7,0,0.0,0.0,0.0,0.0,0.0,0.0,1.0,0.0,1.0,0.0,1.0,54.0,8.0,54.0,8.0,0.0,0.0,0.0,0.0,0.0,0.0
2006_17_DET_DAL,2006,17,DAL,DET,6,7,-1,1.0,0.0,-1.0,0.0,0.0,0.0,0.0,0.0,1.0,0.0,1.0,45.0,0.0,45.0,0.0,0.0,0.0,0.0,0.0,5.0,0.0
2006_17_CLE_HOU,2006,17,HOU,CLE,7,7,0,0.0,0.0,0.0,0.0,0.0,0.0,0.0,0.0,1.0,1.0,0.0,,,,,0.0,0.0,0.0,0.0,0.0,0.0
2006_17_JAX_KC,2006,17,KC,JAX,8,7,1,0.0,0.0,0.0,0.0,0.0,0.0,0.0,0.0,1.0,1.0,0.0,40.0,10.0,40.0,10.0,1.0,0.0,0.0,0.0,10.0,0.0
2006_17_STL_MIN,2006,17,MIN,STL,10,7,3,0.0,0.0,0.0,1.0,0.0,1.0,0.0,1.0,0.0,0.0,1.0,,,70.0,0.0,0.0,0.0,0.0,0.0,0.0,0.0
2006_17_CAR_NO,2006,17,NO,CAR,7,7,0,0.0,0.0,0.0,0.0,0.0,0.0,1.0,1.0,0.0,0.0,1.0,,,70.0,0.0,0.0,0.0,0.0,0.0,0.0,0.0
2006_17_OAK_NYJ,2006,17,NYJ,OAK,6,8,-2,1.0,0.0,-1.0,0.0,0.0,0.0,0.0,0.0,1.0,0.0,1.0,40.0,0.0,40.0,0.0,1.0,0.0,0.0,0.0,10.0,0.0
2006_17_SEA_TB,2006,17,TB,SEA,7,7,0,0.0,0.0,0.0,0.0,0.0,0.0,0.0,0.0,1.0,1.0,0.0,78.0,10.0,78.0,10.0,0.0,0.0,0.0,0.0,0.0,0.0
2006_17_NE_TEN,2006,17,TEN,NE,7,7,0,0.0,0.0,0.0,0.0,0.0,0.0,0.0,0.0,1.0,1.0,0.0,63.0,13.0,63.0,13.0,0.0,0.0,0.0,0.0,0.0,3.0
2006_17_BUF_BAL,2006,17,BAL,BUF,7,7,0,0.0,0.0,0.0,0.0,0.0,0.0,0.0,0.0,1.0,0.0,1.0,46.0,10.0,46.0,10.0,0.0,0.0,0.0,0.0,4.0,0.0
2006_17_SF_DEN,2006,17,DEN,SF,7,7,0,0.0,0.0,0.0,0.0,0.0,0.0,0.0,0.0,1.0,1.0,0.0,32.0,4.0,32.0,4.0,1.0,0.0,0.0,0.0,18.0,0.0
2006_17_MIA_IND,2006,17,IND,MIA,7,6,1,0.0,1.0,1.0,0.0,0.0,0.0,0.0,1.0,0.0,0.0,1.0,,,70.0,0.0,0.0,0.0,0.0,0.0,0.0,0.0
2006_17_ATL_PHI,2006,17,PHI,ATL,6,7,-1,1.0,0.0,-1.0,0.0,0.0,0.0,0.0,0.0,1.0,1.0,0.0,47.0,6.0,47.0,6.0,0.0,0.0,0.0,0.0,3.0,0.0
2006_17_ARI_SD,2006,17,SD,ARI,7,7,0,0.0,0.0,0.0,0.0,0.0,0.0,0.0,0.0,1.0,1.0,0.0,57.0,4.0,57.0,4.0,0.0,0.0,0.0,0.0,0.0,0.0
2006_17_GB_CHI,2006,17,CHI,GB,7,10,-3,0.0,0.0,0.0,0.0,1.0,-1.0,1.0,0.0,1.0,1.0,0.0,50.0,10.0,50.0,10.0,0.0,0.0,0.0,0.0,0.0,0.0
2006_18_KC_IND,2006,18,IND,KC,6,6,0,1.0,1.0,0.0,0.0,0.0,0.0,0.0,1.0,0.0,0.0,1.0,,,70.0,0.0,0.0,0.0,0.0,0.0,0.0,0.0
2006_18_DAL_SEA,2006,18,SEA,DAL,6,6,0,1.0,1.0,0.0,0.0,0.0,0.0,0.0,0.0,1.0,0.0,1.0,44.0,15.0,44.0,15.0,0.0,0.0,1.0,0.0,6.0,5.0
2006_18_NYJ_NE,2006,18,NE,NYJ,7,7,0,0.0,0.0,0.0,0.0,0.0,0.0,1.0,0.0,1.0,0.0,1.0,50.0,8.0,50.0,8.0,0.0,0.0,0.0,0.0,0.0,0.0
2006_18_NYG_PHI,2006,18,PHI,NYG,7,8,-1,0.0,0.0,0.0,0.0,0.0,0.0,1.0,0.0,1.0,1.0,0.0,52.0,5.0,52.0,5.0,0.0,0.0,0.0,0.0,0.0,0.0
2006_19_IND_BAL,2006,19,BAL,IND,13,7,6,0.0,0.0,0.0,1.0,0.0,1.0,0.0,0.0,1.0,0.0,1.0,63.0,4.0,63.0,4.0,0.0,0.0,0.0,0.0,0.0,0.0
2006_19_PHI_NO,2006,19,NO,PHI,13,6,7,0.0,1.0,1.0,1.0,0.0,1.0,0.0,1.0,0.0,0.0,1.0,,,70.0,0.0,0.0,0.0,0.0,0.0,0.0,0.0
2006_19_SEA_CHI,2006,19,CHI,SEA,14,8,6,0.0,0.0,0.0,1.0,0.0,1.0,0.0,0.0,1.0,1.0,0.0,32.0,0.0,32.0,0.0,1.0,0.0,0.0,0.0,18.0,0.0
2006_19_NE_SD,2006,19,SD,NE,14,7,7,0.0,0.0,0.0,1.0,0.0,1.0,0.0,0.0,1.0,1.0,0.0,53.0,6.0,53.0,6.0,0.0,0.0,0.0,0.0,0.0,0.0
2006_20_NO_CHI,2006,20,CHI,NO,7,8,-1,0.0,0.0,0.0,0.0,0.0,0.0,0.0,0.0,1.0,1.0,0.0,28.0,10.0,28.0,10.0,1.0,0.0,0.0,0.0,22.0,0.0
2006_20_NE_IND,2006,20,IND,NE,8,7,1,0.0,0.0,0.0,0.0,0.0,0.0,0.0,1.0,0.0,0.0,1.0,,,70.0,0.0,0.0,0.0,0.0,0.0,0.0,0.0
2006_21_IND_CHI,2006,21,CHI,IND,14,14,0,0.0,0.0,0.0,1.0,1.0,0.0,0.0,0.0,1.0,1.0,0.0,67.0,10.0,67.0,10.0,0.0,0.0,0.0,0.0,0.0,0.0
2007_01_NO_IND,2007,1,IND,NO,7,7,0,0.0,0.0,0.0,0.0,0.0,0.0,0.0,1.0,0.0,0.0,1.0,,,70.0,0.0,0.0,0.0,0.0,0.0,0.0,0.0
2007_01_DEN_BUF,2007,1,BUF,DEN,7,7,0,0.0,0.0,0.0,0.0,0.0,0.0,0.0,0.0,1.0,0.0,0.0,70.0,5.0,70.0,5.0,0.0,0.0,0.0,0.0,0.0,0.0
2007_01_PIT_CLE,2007,1,CLE,PIT,7,7,0,0.0,0.0,0.0,0.0,0.0,0.0,1.0,0.0,1.0,1.0,0.0,71.0,5.0,71.0,5.0,0.0,0.0,0.0,0.0,0.0,0.0
2007_01_PHI_GB,2007,1,GB,PHI,7,7,0,0.0,0.0,0.0,0.0,0.0,0.0,0.0,0.0,1.0,1.0,0.0,62.0,9.0,62.0,9.0,0.0,0.0,0.0,0.0,0.0,0.0
2007_01_KC_HOU,2007,1,HOU,KC,7,7,0,0.0,0.0,0.0,0.0,0.0,0.0,0.0,1.0,0.0,1.0,0.0,,,70.0,0.0,0.0,0.0,0.0,0.0,0.0,0.0
2007_01_TEN_JAX,2007,1,JAX,TEN,7,7,0,0.0,0.0,0.0,0.0,0.0,0.0,1.0,0.0,1.0,1.0,0.0,86.0,0.0,86.0,0.0,0.0,0.0,0.0,0.0,0.0,0.0
2007_01_ATL_MIN,2007,1,MIN,ATL,7,7,0,0.0,0.0,0.0,0.0,0.0,0.0,0.0,1.0,0.0,0.0,1.0,,,70.0,0.0,0.0,0.0,0.0,0.0,0.0,0.0
2007_01_NE_NYJ,2007,1,NYJ,NE,7,7,0,0.0,0.0,0.0,0.0,0.0,0.0,1.0,0.0,1.0,0.0,1.0,84.0,10.0,84.0,10.0,0.0,0.0,0.0,0.0,0.0,0.0
2007_01_CAR_STL,2007,1,STL,CAR,7,7,0,0.0,0.0,0.0,0.0,0.0,0.0,0.0,1.0,0.0,0.0,1.0,,,70.0,0.0,0.0,0.0,0.0,0.0,0.0,0.0
2007_01_MIA_WAS,2007,1,WAS,MIA,7,7,0,0.0,0.0,0.0,0.0,0.0,0.0,0.0,0.0,1.0,1.0,0.0,82.0,7.0,82.0,7.0,0.0,0.0,0.0,0.0,0.0,0.0
2007_01_DET_OAK,2007,1,OAK,DET,7,7,0,0.0,0.0,0.0,0.0,0.0,0.0,0.0,0.0,1.0,1.0,0.0,66.0,8.0,66.0,8.0,0.0,0.0,0.0,0.0,0.0,0.0
2007_01_CHI_SD,2007,1,SD,CHI,7,7,0,0.0,0.0,0.0,0.0,0.0,0.0,0.0,0.0,1.0,1.0,0.0,73.0,8.0,73.0,8.0,0.0,0.0,0.0,0.0,0.0,0.0
2007_01_TB_SEA,2007,1,SEA,TB,7,7,0,0.0,0.0,0.0,0.0,0.0,0.0,0.0,0.0,1.0,0.0,1.0,67.0,12.0,67.0,12.0,0.0,0.0,0.0,0.0,0.0,2.0
2007_01_NYG_DAL,2007,1,DAL,NYG,7,7,0,0.0,0.0,0.0,0.0,0.0,0.0,1.0,0.0,1.0,0.0,1.0,78.0,0.0,78.0,0.0,0.0,0.0,0.0,0.0,0.0,0.0
2007_01_BAL_CIN,2007,1,CIN,BAL,7,7,0,0.0,0.0,0.0,0.0,0.0,0.0,1.0,0.0,1.0,0.0,1.0,82.0,5.0,82.0,5.0,0.0,0.0,0.0,0.0,0.0,0.0
2007_01_ARI_SF,2007,1,SF,ARI,7,7,0,0.0,0.0,0.0,0.0,0.0,0.0,1.0,0.0,1.0,1.0,0.0,64.0,18.0,64.0,18.0,0.0,0.0,1.0,0.0,0.0,8.0
2007_02_HOU_CAR,2007,2,CAR,HOU,7,7,0,0.0,0.0,0.0,0.0,0.0,0.0,0.0,0.0,1.0,1.0,0.0,74.0,10.0,74.0,10.0,0.0,0.0,0.0,0.0,0.0,0.0
2007_02_CIN_CLE,2007,2,CLE,CIN,7,6,1,0.0,1.0,1.0,0.0,0.0,0.0,1.0,0.0,1.0,1.0,0.0,59.0,6.0,59.0,6.0,0.0,0.0,0.0,0.0,0.0,0.0
2007_02_ATL_JAX,2007,2,JAX,ATL,7,7,0,0.0,0.0,0.0,0.0,0.0,0.0,0.0,0.0,1.0,1.0,0.0,88.0,9.0,88.0,9.0,0.0,0.0,0.0,0.0,0.0,0.0
2007_02_GB_NYG,2007,2,NYG,GB,7,7,0,0.0,0.0,0.0,0.0,0.0,0.0,0.0,0.0,1.0,0.0,1.0,64.0,7.0,64.0,7.0,0.0,0.0,0.0,0.0,0.0,0.0
2007_02_BUF_PIT,2007,2,PIT,BUF,7,7,0,0.0,0.0,0.0,0.0,0.0,0.0,0.0,0.0,1.0,1.0,0.0,59.0,4.0,59.0,4.0,0.0,0.0,0.0,0.0,0.0,0.0
2007_02_SF_STL,2007,2,STL,SF,7,6,1,0.0,1.0,1.0,0.0,0.0,0.0,1.0,1.0,0.0,0.0,1.0,,,70.0,0.0,0.0,0.0,0.0,0.0,0.0,0.0
2007_02_NO_TB,2007,2,TB,NO,7,10,-3,0.0,0.0,0.0,0.0,1.0,-1.0,1.0,0.0,1.0,1.0,0.0,88.0,7.0,88.0,7.0,0.0,0.0,0.0,0.0,0.0,0.0
2007_02_IND_TEN,2007,2,TEN,IND,7,10,-3,0.0,0.0,0.0,0.0,1.0,-1.0,1.0,0.0,1.0,1.0,0.0,67.0,6.0,67.0,6.0,0.0,0.0,0.0,0.0,0.0,0.0
2007_02_SEA_ARI,2007,2,ARI,SEA,6,7,-1,1.0,0.0,-1.0,0.0,0.0,0.0,1.0,1.0,0.0,1.0,0.0,,,70.0,0.0,0.0,0.0,0.0,0.0,0.0,0.0
2007_02_MIN_DET,2007,2,DET,MIN,7,7,0,0.0,0.0,0.0,0.0,0.0,0.0,1.0,1.0,0.0,0.0,1.0,,,70.0,0.0,0.0,0.0,0.0,0.0,0.0,0.0
2007_02_DAL_MIA,2007,2,MIA,DAL,7,7,0,0.0,0.0,0.0,0.0,0.0,0.0,0.0,0.0,1.0,1.0,0.0,89.0,9.0,89.0,9.0,0.0,0.0,0.0,0.0,0.0,0.0
2007_02_NYJ_BAL,2007,2,BAL,NYJ,6,7,-1,1.0,0.0,-1.0,0.0,0.0,0.0,0.0,0.0,1.0,0.0,1.0,69.0,3.0,69.0,3.0,0.0,0.0,0.0,0.0,0.0,0.0
2007_02_KC_CHI,2007,2,CHI,KC,7,7,0,0.0,0.0,0.0,0.0,0.0,0.0,0.0,0.0,1.0,1.0,0.0,70.0,11.0,70.0,11.0,0.0,0.0,0.0,0.0,0.0,1.0
2007_02_OAK_DEN,2007,2,DEN,OAK,7,7,0,0.0,0.0,0.0,0.0,0.0,0.0,1.0,0.0,1.0,1.0,0.0,87.0,0.0,87.0,0.0,0.0,0.0,0.0,0.0,0.0,0.0
2007_02_SD_NE,2007,2,NE,SD,7,7,0,0.0,0.0,0.0,0.0,0.0,0.0,0.0,0.0,1.0,0.0,1.0,55.0,5.0,55.0,5.0,0.0,0.0,0.0,0.0,0.0,0.0
2007_02_WAS_PHI,2007,2,PHI,WAS,8,8,0,0.0,0.0,0.0,0.0,0.0,0.0,1.0,0.0,1.0,1.0,0.0,62.0,6.0,62.0,6.0,0.0,0.0,0.0,0.0,0.0,0.0
2007_03_ARI_BAL,2007,3,BAL,ARI,7,7,0,0.0,0.0,0.0,0.0,0.0,0.0,0.0,0.0,1.0,0.0,1.0,75.0,9.0,75.0,9.0,0.0,0.0,0.0,0.0,0.0,0.0
2007_03_SD_GB,2007,3,GB,SD,7,7,0,0.0,0.0,0.0,0.0,0.0,0.0,0.0,0.0,1.0,1.0,0.0,73.0,11.0,73.0,11.0,0.0,0.0,0.0,0.0,0.0,1.0
2007_03_IND_HOU,2007,3,HOU,IND,7,7,0,0.0,0.0,0.0,0.0,0.0,0.0,1.0,1.0,0.0,1.0,0.0,,,70.0,0.0,0.0,0.0,0.0,0.0,0.0,0.0
2007_03_MIN_KC,2007,3,KC,MIN,7,7,0,0.0,0.0,0.0,0.0,0.0,0.0,0.0,0.0,1.0,1.0,0.0,83.0,5.0,83.0,5.0,0.0,0.0,0.0,0.0,0.0,0.0
2007_03_BUF_NE,2007,3,NE,BUF,7,7,0,0.0,0.0,0.0,0.0,0.0,0.0,1.0,0.0,1.0,0.0,1.0,74.0,10.0,74.0,10.0,0.0,0.0,0.0,0.0,0.0,0.0
2007_03_MIA_NYJ,2007,3,NYJ,MIA,7,7,0,0.0,0.0,0.0,0.0,0.0,0.0,1.0,0.0,1.0,0.0,1.0,72.0,8.0,72.0,8.0,0.0,0.0,0.0,0.0,0.0,0.0
2007_03_DET_PHI,2007,3,PHI,DET,6,7,-1,1.0,0.0,-1.0,0.0,0.0,0.0,0.0,0.0,1.0,1.0,0.0,76.0,12.0,76.0,12.0,0.0,0.0,0.0,0.0,0.0,2.0
2007_03_SF_PIT,2007,3,PIT,SF,7,7,0,0.0,0.0,0.0,0.0,0.0,0.0,0.0,0.0,1.0,1.0,0.0,72.0,6.0,72.0,6.0,0.0,0.0,0.0,0.0,0.0,0.0
2007_03_STL_TB,2007,3,TB,STL,7,7,0,0.0,0.0,0.0,0.0,0.0,0.0,0.0,0.0,1.0,1.0,0.0,86.0,5.0,86.0,5.0,0.0,0.0,0.0,0.0,0.0,0.0
2007_03_JAX_DEN,2007,3,DEN,JAX,7,7,0,0.0,0.0,0.0,0.0,0.0,0.0,0.0,0.0,1.0,1.0,0.0,75.0,10.0,75.0,10.0,0.0,0.0,0.0,0.0,0.0,0.0
2007_03_CLE_OAK,2007,3,OAK,CLE,7,7,0,0.0,0.0,0.0,0.0,0.0,0.0,0.0,0.0,1.0,1.0,0.0,67.0,10.0,67.0,10.0,0.0,0.0,0.0,0.0,0.0,0.0
2007_03_CIN_SEA,2007,3,SEA,CIN,7,7,0,0.0,0.0,0.0,0.0,0.0,0.0,0.0,0.0,1.0,0.0,1.0,54.0,0.0,54.0,0.0,0.0,0.0,0.0,0.0,0.0,0.0
2007_03_CAR_ATL,2007,3,ATL,CAR,7,7,0,0.0,0.0,0.0,0.0,0.0,0.0,1.0,1.0,0.0,0.0,1.0,,,70.0,0.0,0.0,0.0,0.0,0.0,0.0,0.0
2007_03_NYG_WAS,2007,3,WAS,NYG,6,7,-1,1.0,0.0,-1.0,0.0,0.0,0.0,1.0,0.0,1.0,1.0,0.0,82.0,4.0,82.0,4.0,0.0,0.0,0.0,0.0,0.0,0.0
2007_03_DAL_CHI,2007,3,CHI,DAL,7,7,0,0.0,0.0,0.0,0.0,0.0,0.0,0.0,0.0,1.0,1.0,0.0,79.0,0.0,79.0,0.0,0.0,0.0,0.0,0.0,0.0,0.0
2007_03_TEN_NO,2007,3,NO,TEN,8,8,0,0.0,0.0,0.0,0.0,0.0,0.0,0.0,1.0,0.0,0.0,1.0,,,70.0,0.0,0.0,0.0,0.0,0.0,0.0,0.0
2007_04_HOU_ATL,2007,4,ATL,HOU,7,7,0,0.0,0.0,0.0,0.0,0.0,0.0,0.0,1.0,0.0,0.0,1.0,,,70.0,0.0,0.0,0.0,0.0,0.0,0.0,0.0
2007_04_NYJ_BUF,2007,4,BUF,NYJ,7,7,0,0.0,0.0,0.0,0.0,0.0,0.0,1.0,0.0,1.0,0.0,0.0,70.0,10.0,70.0,10.0,0.0,0.0,0.0,0.0,0.0,0.0
2007_04_BAL_CLE,2007,4,CLE,BAL,7,7,0,0.0,0.0,0.0,0.0,0.0,0.0,1.0,0.0,1.0,1.0,0.0,77.0,6.0,77.0,6.0,0.0,0.0,0.0,0.0,0.0,0.0
2007_04_STL_DAL,2007,4,DAL,STL,7,7,0,0.0,0.0,0.0,0.0,0.0,0.0,0.0,0.0,1.0,0.0,1.0,85.0,0.0,85.0,0.0,0.0,0.0,0.0,0.0,0.0,0.0
2007_04_CHI_DET,2007,4,DET,CHI,7,7,0,0.0,0.0,0.0,0.0,0.0,0.0,1.0,1.0,0.0,0.0,1.0,,,70.0,0.0,0.0,0.0,0.0,0.0,0.0,0.0
2007_04_OAK_MIA,2007,4,MIA,OAK,7,7,0,0.0,0.0,0.0,0.0,0.0,0.0,0.0,0.0,1.0,1.0,0.0,82.0,16.0,82.0,16.0,0.0,0.0,1.0,0.0,0.0,6.0
2007_04_GB_MIN,2007,4,MIN,GB,7,7,0,0.0,0.0,0.0,0.0,0.0,0.0,1.0,1.0,0.0,0.0,1.0,,,70.0,0.0,0.0,0.0,0.0,0.0,0.0,0.0
2007_04_TB_CAR,2007,4,CAR,TB,7,7,0,0.0,0.0,0.0,0.0,0.0,0.0,1.0,0.0,1.0,1.0,0.0,78.0,12.0,78.0,12.0,0.0,0.0,0.0,0.0,0.0,2.0
2007_04_SEA_SF,2007,4,SF,SEA,7,7,0,0.0,0.0,0.0,0.0,0.0,0.0,1.0,0.0,1.0,1.0,0.0,65.0,12.0,65.0,12.0,0.0,0.0,0.0,0.0,0.0,2.0
2007_04_PIT_ARI,2007,4,ARI,PIT,7,7,0,0.0,0.0,0.0,0.0,0.0,0.0,0.0,1.0,0.0,1.0,0.0,,,70.0,0.0,0.0,0.0,0.0,0.0,0.0,0.0
2007_04_DEN_IND,2007,4,IND,DEN,7,7,0,0.0,0.0,0.0,0.0,0.0,0.0,0.0,1.0,0.0,0.0,1.0,,,70.0,0.0,0.0,0.0,0.0,0.0,0.0,0.0
2007_04_KC_SD,2007,4,SD,KC,7,7,0,0.0,0.0,0.0,0.0,0.0,0.0,1.0,0.0,1.0,1.0,0.0,76.0,8.0,76.0,8.0,0.0,0.0,0.0,0.0,0.0,0.0
2007_04_PHI_NYG,2007,4,NYG,PHI,7,7,0,0.0,0.0,0.0,0.0,0.0,0.0,1.0,0.0,1.0,0.0,1.0,67.0,8.0,67.0,8.0,0.0,0.0,0.0,0.0,0.0,0.0
2007_04_NE_CIN,2007,4,CIN,NE,8,8,0,0.0,0.0,0.0,0.0,0.0,0.0,0.0,0.0,1.0,0.0,1.0,72.0,8.0,72.0,8.0,0.0,0.0,0.0,0.0,0.0,0.0
2007_05_MIA_HOU,2007,5,HOU,MIA,7,7,0,0.0,0.0,0.0,0.0,0.0,0.0,0.0,1.0,0.0,1.0,0.0,,,70.0,0.0,0.0,0.0,0.0,0.0,0.0,0.0
2007_05_JAX_KC,2007,5,KC,JAX,7,14,-7,0.0,0.0,0.0,0.0,1.0,-1.0,0.0,0.0,1.0,1.0,0.0,78.0,10.0,78.0,10.0,0.0,0.0,0.0,0.0,0.0,0.0
2007_05_CLE_NE,2007,5,NE,CLE,6,7,-1,1.0,0.0,-1.0,0.0,0.0,0.0,0.0,0.0,1.0,0.0,1.0,56.0,8.0,56.0,8.0,0.0,0.0,0.0,0.0,0.0,0.0
2007_05_CAR_NO,2007,5,NO,CAR,13,7,6,0.0,0.0,0.0,1.0,0.0,1.0,1.0,1.0,0.0,0.0,1.0,,,70.0,0.0,0.0,0.0,0.0,0.0,0.0,0.0
2007_05_NYJ_NYG,2007,5,NYG,NYJ,7,7,0,0.0,0.0,0.0,0.0,0.0,0.0,0.0,0.0,1.0,0.0,1.0,81.0,10.0,81.0,10.0,0.0,0.0,0.0,0.0,0.0,0.0
2007_05_SEA_PIT,2007,5,PIT,SEA,7,7,0,0.0,0.0,0.0,0.0,0.0,0.0,0.0,0.0,1.0,1.0,0.0,80.0,2.0,80.0,2.0,0.0,0.0,0.0,0.0,0.0,0.0
2007_05_ARI_STL,2007,5,STL,ARI,7,7,0,0.0,0.0,0.0,0.0,0.0,0.0,1.0,1.0,0.0,0.0,1.0,,,70.0,0.0,0.0,0.0,0.0,0.0,0.0,0.0
2007_05_ATL_TEN,2007,5,TEN,ATL,13,7,6,0.0,0.0,0.0,1.0,0.0,1.0,0.0,0.0,1.0,1.0,0.0,84.0,5.0,84.0,5.0,0.0,0.0,0.0,0.0,0.0,0.0
2007_05_DET_WAS,2007,5,WAS,DET,14,7,7,0.0,0.0,0.0,1.0,0.0,1.0,0.0,0.0,1.0,1.0,0.0,88.0,8.0,88.0,8.0,0.0,0.0,0.0,0.0,0.0,0.0
2007_05_TB_IND,2007,5,IND,TB,7,7,0,0.0,0.0,0.0,0.0,0.0,0.0,0.0,1.0,0.0,0.0,1.0,,,70.0,0.0,0.0,0.0,0.0,0.0,0.0,0.0
2007_05_SD_DEN,2007,5,DEN,SD,7,7,0,0.0,0.0,0.0,0.0,0.0,0.0,1.0,0.0,1.0,1.0,0.0,54.0,0.0,54.0,0.0,0.0,0.0,0.0,0.0,0.0,0.0
2007_05_BAL_SF,2007,5,SF,BAL,7,7,0,0.0,0.0,0.0,0.0,0.0,0.0,0.0,0.0,1.0,1.0,0.0,63.0,3.0,63.0,3.0,0.0,0.0,0.0,0.0,0.0,0.0
2007_05_CHI_GB,2007,5,GB,CHI,7,7,0,0.0,0.0,0.0,0.0,0.0,0.0,1.0,0.0,1.0,1.0,0.0,79.0,5.0,79.0,5.0,0.0,0.0,0.0,0.0,0.0,0.0
2007_05_DAL_BUF,2007,5,BUF,DAL,8,8,0,0.0,0.0,0.0,0.0,0.0,0.0,0.0,0.0,1.0,0.0,0.0,73.0,11.0,73.0,11.0,0.0,0.0,0.0,0.0,0.0,1.0
2007_06_STL_BAL,2007,6,BAL,STL,7,7,0,0.0,0.0,0.0,0.0,0.0,0.0,0.0,0.0,1.0,0.0,1.0,68.0,8.0,68.0,8.0,0.0,0.0,0.0,0.0,0.0,0.0
2007_06_MIN_CHI,2007,6,CHI,MIN,7,14,-7,0.0,0.0,0.0,0.0,1.0,-1.0,1.0,0.0,1.0,1.0,0.0,55.0,5.0,55.0,5.0,0.0,0.0,0.0,0.0,0.0,0.0
2007_06_MIA_CLE,2007,6,CLE,MIA,7,7,0,0.0,0.0,0.0,0.0,0.0,0.0,0.0,0.0,1.0,1.0,0.0,58.0,0.0,58.0,0.0,0.0,0.0,0.0,0.0,0.0,0.0
2007_06_WAS_GB,2007,6,GB,WAS,7,7,0,0.0,0.0,0.0,0.0,0.0,0.0,0.0,0.0,1.0,1.0,0.0,46.0,7.0,46.0,7.0,0.0,0.0,0.0,0.0,4.0,0.0
2007_06_HOU_JAX,2007,6,JAX,HOU,7,7,0,0.0,0.0,0.0,0.0,0.0,0.0,1.0,0.0,1.0,1.0,0.0,81.0,14.0,81.0,14.0,0.0,0.0,0.0,0.0,0.0,4.0
2007_06_CIN_KC,2007,6,KC,CIN,7,13,-6,0.0,0.0,0.0,0.0,1.0,-1.0,0.0,0.0,1.0,1.0,0.0,68.0,12.0,68.0,12.0,0.0,0.0,0.0,0.0,0.0,2.0
2007_06_PHI_NYJ,2007,6,NYJ,PHI,7,14,-7,0.0,0.0,0.0,0.0,1.0,-1.0,0.0,0.0,1.0,0.0,1.0,62.0,12.0,62.0,12.0,0.0,0.0,0.0,0.0,0.0,2.0
2007_06_TEN_TB,2007,6,TB,TEN,7,7,0,0.0,0.0,0.0,0.0,0.0,0.0,0.0,0.0,1.0,1.0,0.0,81.0,10.0,81.0,10.0,0.0,0.0,0.0,0.0,0.0,0.0
2007_06_CAR_ARI,2007,6,ARI,CAR,7,7,0,0.0,0.0,0.0,0.0,0.0,0.0,0.0,1.0,0.0,1.0,0.0,,,70.0,0.0,0.0,0.0,0.0,0.0,0.0,0.0
2007_06_NE_DAL,2007,6,DAL,NE,6,7,-1,1.0,0.0,-1.0,0.0,0.0,0.0,0.0,0.0,1.0,0.0,1.0,85.0,0.0,85.0,0.0,0.0,0.0,0.0,0.0,0.0,0.0
2007_06_OAK_SD,2007,6,SD,OAK,7,14,-7,0.0,0.0,0.0,0.0,1.0,-1.0,1.0,0.0,1.0,1.0,0.0,73.0,8.0,73.0,8.0,0.0,0.0,0.0,0.0,0.0,0.0
2007_06_NO_SEA,2007,6,SEA,NO,7,7,0,0.0,0.0,0.0,0.0,0.0,0.0,0.0,0.0,1.0,0.0,1.0,68.0,4.0,68.0,4.0,0.0,0.0,0.0,0.0,0.0,0.0
2007_06_NYG_ATL,2007,6,ATL,NYG,8,8,0,0.0,0.0,0.0,0.0,0.0,0.0,0.0,1.0,0.0,0.0,1.0,,,70.0,0.0,0.0,0.0,0.0,0.0,0.0,0.0
2007_07_BAL_BUF,2007,7,BUF,BAL,13,7,6,0.0,0.0,0.0,1.0,0.0,1.0,0.0,0.0,1.0,0.0,0.0,66.0,16.0,66.0,16.0,0.0,0.0,1.0,0.0,0.0,6.0
2007_07_TB_DET,2007,7,DET,TB,14,7,7,0.0,0.0,0.0,1.0,0.0,1.0,0.0,1.0,0.0,0.0,1.0,,,70.0,0.0,0.0,0.0,0.0,0.0,0.0,0.0
2007_07_TEN_HOU,2007,7,HOU,TEN,7,7,0,0.0,0.0,0.0,0.0,0.0,0.0,1.0,1.0,0.0,1.0,0.0,,,70.0,0.0,0.0,0.0,0.0,0.0,0.0,0.0
2007_07_NE_MIA,2007,7,MIA,NE,7,7,0,0.0,0.0,0.0,0.0,0.0,0.0,1.0,0.0,1.0,1.0,0.0,85.0,12.0,85.0,12.0,0.0,0.0,0.0,0.0,0.0,2.0
2007_07_ATL_NO,2007,7,NO,ATL,7,6,1,0.0,1.0,1.0,0.0,0.0,0.0,1.0,1.0,0.0,0.0,1.0,,,70.0,0.0,0.0,0.0,0.0,0.0,0.0,0.0
2007_07_SF_NYG,2007,7,NYG,SF,6,14,-8,1.0,0.0,-1.0,0.0,1.0,-1.0,0.0,0.0,1.0,0.0,1.0,69.0,5.0,69.0,5.0,0.0,0.0,0.0,0.0,0.0,0.0
2007_07_ARI_WAS,2007,7,WAS,ARI,7,7,0,0.0,0.0,0.0,0.0,0.0,0.0,0.0,0.0,1.0,1.0,0.0,75.0,9.0,75.0,9.0,0.0,0.0,0.0,0.0,0.0,0.0
2007_07_NYJ_CIN,2007,7,CIN,NYJ,7,7,0,0.0,0.0,0.0,0.0,0.0,0.0,0.0,0.0,1.0,0.0,1.0,77.0,13.0,77.0,13.0,0.0,0.0,0.0,0.0,0.0,3.0
2007_07_KC_OAK,2007,7,OAK,KC,7,7,0,0.0,0.0,0.0,0.0,0.0,0.0,1.0,0.0,1.0,1.0,0.0,68.0,10.0,68.0,10.0,0.0,0.0,0.0,0.0,0.0,0.0
2007_07_MIN_DAL,2007,7,DAL,MIN,7,7,0,0.0,0.0,0.0,0.0,0.0,0.0,0.0,0.0,1.0,0.0,1.0,88.0,0.0,88.0,0.0,0.0,0.0,0.0,0.0,0.0,0.0
2007_07_CHI_PHI,2007,7,PHI,CHI,7,7,0,0.0,0.0,0.0,0.0,0.0,0.0,0.0,0.0,1.0,1.0,0.0,75.0,7.0,75.0,7.0,0.0,0.0,0.0,0.0,0.0,0.0
2007_07_STL_SEA,2007,7,SEA,STL,7,7,0,0.0,0.0,0.0,0.0,0.0,0.0,1.0,0.0,1.0,0.0,1.0,52.0,11.0,52.0,11.0,0.0,0.0,0.0,0.0,0.0,1.0
2007_07_PIT_DEN,2007,7,DEN,PIT,14,14,0,0.0,0.0,0.0,1.0,1.0,0.0,0.0,0.0,1.0,1.0,0.0,37.0,10.0,37.0,10.0,1.0,0.0,0.0,0.0,13.0,0.0
2007_07_IND_JAX,2007,7,JAX,IND,8,15,-7,0.0,0.0,0.0,0.0,1.0,-1.0,1.0,0.0,1.0,1.0,0.0,77.0,8.0,77.0,8.0,0.0,0.0,0.0,0.0,0.0,0.0
2007_08_IND_CAR,2007,8,CAR,IND,14,6,8,0.0,1.0,1.0,1.0,0.0,1.0,0.0,0.0,1.0,1.0,0.0,69.0,8.0,69.0,8.0,0.0,0.0,0.0,0.0,0.0,0.0
2007_08_DET_CHI,2007,8,CHI,DET,7,7,0,0.0,0.0,0.0,0.0,0.0,0.0,1.0,0.0,1.0,1.0,0.0,51.0,5.0,51.0,5.0,0.0,0.0,0.0,0.0,0.0,0.0
2007_08_PIT_CIN,2007,8,CIN,PIT,7,7,0,0.0,0.0,0.0,0.0,0.0,0.0,1.0,0.0,1.0,0.0,1.0,55.0,7.0,55.0,7.0,0.0,0.0,0.0,0.0,0.0,0.0
2007_08_NYG_MIA,2007,8,MIA,NYG,7,7,0,0.0,0.0,0.0,0.0,0.0,0.0,0.0,0.0,1.0,1.0,0.0,59.0,15.0,59.0,15.0,0.0,0.0,1.0,0.0,0.0,5.0
2007_08_PHI_MIN,2007,8,MIN,PHI,7,7,0,0.0,0.0,0.0,0.0,0.0,0.0,0.0,1.0,0.0,0.0,1.0,,,70.0,0.0,0.0,0.0,0.0,0.0,0.0,0.0
2007_08_CLE_STL,2007,8,STL,CLE,7,14,-7,0.0,0.0,0.0,0.0,1.0,-1.0,0.0,1.0,0.0,0.0,1.0,,,70.0,0.0,0.0,0.0,0.0,0.0,0.0,0.0
2007_08_OAK_TEN,2007,8,TEN,OAK,7,7,0,0.0,0.0,0.0,0.0,0.0,0.0,0.0,0.0,1.0,1.0,0.0,58.0,16.0,58.0,16.0,0.0,0.0,1.0,0.0,0.0,6.0
2007_08_BUF_NYJ,2007,8,NYJ,BUF,7,7,0,0.0,0.0,0.0,0.0,0.0,0.0,1.0,0.0,1.0,0.0,1.0,56.0,16.0,56.0,16.0,0.0,0.0,1.0,0.0,0.0,6.0
2007_08_HOU_SD,2007,8,SD,HOU,14,7,7,0.0,0.0,0.0,1.0,0.0,1.0,0.0,0.0,1.0,1.0,0.0,78.0,8.0,78.0,8.0,0.0,0.0,0.0,0.0,0.0,0.0
2007_08_JAX_TB,2007,8,TB,JAX,7,6,1,0.0,1.0,1.0,0.0,0.0,0.0,0.0,0.0,1.0,1.0,0.0,84.0,11.0,84.0,11.0,0.0,0.0,0.0,0.0,0.0,1.0
2007_08_WAS_NE,2007,8,NE,WAS,7,7,0,0.0,0.0,0.0,0.0,0.0,0.0,0.0,0.0,1.0,0.0,1.0,55.0,15.0,55.0,15.0,0.0,0.0,1.0,0.0,0.0,5.0
2007_08_NO_SF,2007,8,SF,NO,7,7,0,0.0,0.0,0.0,0.0,0.0,0.0,0.0,0.0,1.0,1.0,0.0,63.0,6.0,63.0,6.0,0.0,0.0,0.0,0.0,0.0,0.0
2007_08_GB_DEN,2007,8,DEN,GB,8,15,-7,0.0,0.0,0.0,0.0,1.0,-1.0,0.0,0.0,1.0,1.0,0.0,67.0,0.0,67.0,0.0,0.0,0.0,0.0,0.0,0.0,0.0
2007_09_SF_ATL,2007,9,ATL,SF,14,7,7,0.0,0.0,0.0,1.0,0.0,1.0,0.0,1.0,0.0,0.0,1.0,,,70.0,0.0,0.0,0.0,0.0,0.0,0.0,0.0
2007_09_CIN_BUF,2007,9,BUF,CIN,7,7,0,0.0,0.0,0.0,0.0,0.0,0.0,0.0,0.0,1.0,0.0,0.0,47.0,9.0,47.0,9.0,0.0,0.0,0.0,0.0,3.0,0.0
2007_09_DEN_DET,2007,9,DET,DEN,7,6,1,0.0,1.0,1.0,0.0,0.0,0.0,0.0,1.0,0.0,0.0,1.0,,,70.0,0.0,0.0,0.0,0.0,0.0,0.0,0.0
2007_09_GB_KC,2007,9,KC,GB,14,6,8,0.0,1.0,1.0,1.0,0.0,1.0,0.0,0.0,1.0,1.0,0.0,61.0,8.0,61.0,8.0,0.0,0.0,0.0,0.0,0.0,0.0
2007_09_SD_MIN,2007,9,MIN,SD,7,7,0,0.0,0.0,0.0,0.0,0.0,0.0,0.0,1.0,0.0,0.0,1.0,,,70.0,0.0,0.0,0.0,0.0,0.0,0.0,0.0
2007_09_JAX_NO,2007,9,NO,JAX,7,7,0,0.0,0.0,0.0,0.0,0.0,0.0,0.0,1.0,0.0,0.0,1.0,,,70.0,0.0,0.0,0.0,0.0,0.0,0.0,0.0
2007_09_WAS_NYJ,2007,9,NYJ,WAS,7,7,0,0.0,0.0,0.0,0.0,0.0,0.0,0.0,0.0,1.0,0.0,1.0,55.0,8.0,55.0,8.0,0.0,0.0,0.0,0.0,0.0,0.0
2007_09_ARI_TB,2007,9,TB,ARI,7,14,-7,0.0,0.0,0.0,0.0,1.0,-1.0,0.0,0.0,1.0,1.0,0.0,78.0,10.0,78.0,10.0,0.0,0.0,0.0,0.0,0.0,0.0
2007_09_CAR_TEN,2007,9,TEN,CAR,7,7,0,0.0,0.0,0.0,0.0,0.0,0.0,0.0,0.0,1.0,1.0,0.0,66.0,8.0,66.0,8.0,0.0,0.0,0.0,0.0,0.0,0.0
2007_09_SEA_CLE,2007,9,CLE,SEA,7,14,-7,0.0,0.0,0.0,0.0,1.0,-1.0,0.0,0.0,1.0,1.0,0.0,48.0,6.0,48.0,6.0,0.0,0.0,0.0,0.0,2.0,0.0
2007_09_NE_IND,2007,9,IND,NE,7,7,0,0.0,0.0,0.0,0.0,0.0,0.0,0.0,1.0,0.0,0.0,1.0,,,70.0,0.0,0.0,0.0,0.0,0.0,0.0,0.0
2007_09_HOU_OAK,2007,9,OAK,HOU,7,7,0,0.0,0.0,0.0,0.0,0.0,0.0,0.0,0.0,1.0,1.0,0.0,70.0,4.0,70.0,4.0,0.0,0.0,0.0,0.0,0.0,0.0
2007_09_DAL_PHI,2007,9,PHI,DAL,7,14,-7,0.0,0.0,0.0,0.0,1.0,-1.0,1.0,0.0,1.0,1.0,0.0,49.0,6.0,49.0,6.0,0.0,0.0,0.0,0.0,1.0,0.0
2007_09_BAL_PIT,2007,9,PIT,BAL,8,15,-7,0.0,0.0,0.0,0.0,1.0,-1.0,1.0,0.0,1.0,1.0,0.0,52.0,5.0,52.0,5.0,0.0,0.0,0.0,0.0,0.0,0.0
2007_10_ATL_CAR,2007,10,CAR,ATL,7,7,0,0.0,0.0,0.0,0.0,0.0,0.0,1.0,0.0,1.0,1.0,0.0,63.0,6.0,63.0,6.0,0.0,0.0,0.0,0.0,0.0,0.0
2007_10_MIN_GB,2007,10,GB,MIN,7,7,0,0.0,0.0,0.0,0.0,0.0,0.0,1.0,0.0,1.0,1.0,0.0,49.0,10.0,49.0,10.0,0.0,0.0,0.0,0.0,1.0,0.0
2007_10_DEN_KC,2007,10,KC,DEN,7,7,0,0.0,0.0,0.0,0.0,0.0,0.0,1.0,0.0,1.0,1.0,0.0,69.0,15.0,69.0,15.0,0.0,0.0,1.0,0.0,0.0,5.0
2007_10_BUF_MIA,2007,10,MIA,BUF,14,7,7,0.0,0.0,0.0,1.0,0.0,1.0,1.0,0.0,1.0,1.0,0.0,80.0,9.0,80.0,9.0,0.0,0.0,0.0,0.0,0.0,0.0
2007_10_STL_NO,2007,10,NO,STL,7,14,-7,0.0,0.0,0.0,0.0,1.0,-1.0,0.0,1.0,0.0,0.0,1.0,,,70.0,0.0,0.0,0.0,0.0,0.0,0.0,0.0
2007_10_CLE_PIT,2007,10,PIT,CLE,6,7,-1,1.0,0.0,-1.0,0.0,0.0,0.0,1.0,0.0,1.0,1.0,0.0,40.0,3.0,40.0,3.0,1.0,0.0,0.0,0.0,10.0,0.0
2007_10_JAX_TEN,2007,10,TEN,JAX,7,7,0,0.0,0.0,0.0,0.0,0.0,0.0,1.0,0.0,1.0,1.0,0.0,62.0,11.0,62.0,11.0,0.0,0.0,0.0,0.0,0.0,1.0
2007_10_PHI_WAS,2007,10,WAS,PHI,7,7,0,0.0,0.0,0.0,0.0,0.0,0.0,1.0,0.0,1.0,1.0,0.0,49.0,0.0,49.0,0.0,0.0,0.0,0.0,0.0,1.0,0.0
2007_10_CIN_BAL,2007,10,BAL,CIN,6,7,-1,1.0,0.0,-1.0,0.0,0.0,0.0,1.0,0.0,1.0,0.0,1.0,50.0,4.0,50.0,4.0,0.0,0.0,0.0,0.0,0.0,0.0
2007_10_DET_ARI,2007,10,ARI,DET,7,7,0,0.0,0.0,0.0,0.0,0.0,0.0,0.0,1.0,0.0,1.0,0.0,,,70.0,0.0,0.0,0.0,0.0,0.0,0.0,0.0
2007_10_DAL_NYG,2007,10,NYG,DAL,14,7,7,0.0,0.0,0.0,1.0,0.0,1.0,1.0,0.0,1.0,0.0,1.0,47.0,8.0,47.0,8.0,0.0,0.0,0.0,0.0,3.0,0.0
2007_10_CHI_OAK,2007,10,OAK,CHI,7,14,-7,0.0,0.0,0.0,0.0,1.0,-1.0,0.0,0.0,1.0,1.0,0.0,62.0,14.0,62.0,14.0,0.0,0.0,0.0,0.0,0.0,4.0
2007_10_IND_SD,2007,10,SD,IND,7,7,0,0.0,0.0,0.0,0.0,0.0,0.0,0.0,0.0,1.0,1.0,0.0,61.0,8.0,61.0,8.0,0.0,0.0,0.0,0.0,0.0,0.0
2007_10_SF_SEA,2007,10,SEA,SF,8,8,0,0.0,0.0,0.0,0.0,0.0,0.0,1.0,0.0,1.0,0.0,1.0,49.0,10.0,49.0,10.0,0.0,0.0,0.0,0.0,1.0,0.0
2007_11_TB_ATL,2007,11,ATL,TB,7,14,-7,0.0,0.0,0.0,0.0,1.0,-1.0,1.0,1.0,0.0,0.0,1.0,,,70.0,0.0,0.0,0.0,0.0,0.0,0.0,0.0
2007_11_CLE_BAL,2007,11,BAL,CLE,7,7,0,0.0,0.0,0.0,0.0,0.0,0.0,1.0,0.0,1.0,0.0,1.0,53.0,11.0,53.0,11.0,0.0,0.0,0.0,0.0,0.0,1.0
2007_11_ARI_CIN,2007,11,CIN,ARI,7,7,0,0.0,0.0,0.0,0.0,0.0,0.0,0.0,0.0,1.0,0.0,1.0,44.0,5.0,44.0,5.0,0.0,0.0,0.0,0.0,6.0,0.0
2007_11_NYG_DET,2007,11,DET,NYG,7,7,0,0.0,0.0,0.0,0.0,0.0,0.0,0.0,1.0,0.0,0.0,1.0,,,70.0,0.0,0.0,0.0,0.0,0.0,0.0,0.0
2007_11_CAR_GB,2007,11,GB,CAR,7,7,0,0.0,0.0,0.0,0.0,0.0,0.0,0.0,0.0,1.0,1.0,0.0,42.0,10.0,42.0,10.0,0.0,0.0,0.0,0.0,8.0,0.0
2007_11_NO_HOU,2007,11,HOU,NO,14,7,7,0.0,0.0,0.0,1.0,0.0,1.0,0.0,1.0,0.0,1.0,0.0,,,70.0,0.0,0.0,0.0,0.0,0.0,0.0,0.0
2007_11_KC_IND,2007,11,IND,KC,7,7,0,0.0,0.0,0.0,0.0,0.0,0.0,0.0,1.0,0.0,0.0,1.0,,,70.0,0.0,0.0,0.0,0.0,0.0,0.0,0.0
2007_11_SD_JAX,2007,11,JAX,SD,7,7,0,0.0,0.0,0.0,0.0,0.0,0.0,0.0,0.0,1.0,1.0,0.0,70.0,5.0,70.0,5.0,0.0,0.0,0.0,0.0,0.0,0.0
2007_11_OAK_MIN,2007,11,MIN,OAK,7,7,0,0.0,0.0,0.0,0.0,0.0,0.0,0.0,1.0,0.0,0.0,1.0,,,70.0,0.0,0.0,0.0,0.0,0.0,0.0,0.0
2007_11_MIA_PHI,2007,11,PHI,MIA,7,7,0,0.0,0.0,0.0,0.0,0.0,0.0,0.0,0.0,1.0,1.0,0.0,42.0,13.0,42.0,13.0,0.0,0.0,0.0,0.0,8.0,3.0
2007_11_PIT_NYJ,2007,11,NYJ,PIT,14,7,7,0.0,0.0,0.0,1.0,0.0,1.0,0.0,0.0,1.0,0.0,1.0,42.0,10.0,42.0,10.0,0.0,0.0,0.0,0.0,8.0,0.0
2007_11_WAS_DAL,2007,11,DAL,WAS,7,7,0,0.0,0.0,0.0,0.0,0.0,0.0,1.0,0.0,1.0,0.0,1.0,77.0,0.0,77.0,0.0,0.0,0.0,0.0,0.0,0.0,0.0
2007_11_CHI_SEA,2007,11,SEA,CHI,6,7,-1,1.0,0.0,-1.0,0.0,0.0,0.0,0.0,0.0,1.0,0.0,1.0,46.0,1.0,46.0,1.0,0.0,0.0,0.0,0.0,4.0,0.0
2007_11_STL_SF,2007,11,SF,STL,6,7,-1,1.0,0.0,-1.0,0.0,0.0,0.0,1.0,0.0,1.0,1.0,0.0,54.0,5.0,54.0,5.0,0.0,0.0,0.0,0.0,0.0,0.0
2007_11_NE_BUF,2007,11,BUF,NE,7,14,-7,0.0,0.0,0.0,0.0,1.0,-1.0,1.0,0.0,1.0,0.0,0.0,36.0,10.0,36.0,10.0,1.0,0.0,0.0,0.0,14.0,0.0
2007_11_TEN_DEN,2007,11,DEN,TEN,8,8,0,0.0,0.0,0.0,0.0,0.0,0.0,0.0,0.0,1.0,1.0,0.0,63.0,12.0,63.0,12.0,0.0,0.0,0.0,0.0,0.0,2.0
2007_12_GB_DET,2007,12,DET,GB,4,4,0,1.0,1.0,0.0,0.0,0.0,0.0,1.0,1.0,0.0,0.0,1.0,,,70.0,0.0,0.0,0.0,0.0,0.0,0.0,0.0
2007_12_NYJ_DAL,2007,12,DAL,NYJ,4,4,0,1.0,1.0,0.0,0.0,0.0,0.0,0.0,0.0,1.0,0.0,1.0,45.0,0.0,45.0,0.0,0.0,0.0,0.0,0.0,5.0,0.0
2007_12_IND_ATL,2007,12,ATL,IND,4,4,0,1.0,1.0,0.0,0.0,0.0,0.0,0.0,1.0,0.0,0.0,1.0,,,70.0,0.0,0.0,0.0,0.0,0.0,0.0,0.0
2007_12_NO_CAR,2007,12,CAR,NO,7,7,0,0.0,0.0,0.0,0.0,0.0,0.0,1.0,0.0,1.0,1.0,0.0,46.0,5.0,46.0,5.0,0.0,0.0,0.0,0.0,4.0,0.0
2007_12_TEN_CIN,2007,12,CIN,TEN,7,6,1,0.0,1.0,1.0,0.0,0.0,0.0,0.0,0.0,1.0,0.0,1.0,42.0,2.0,42.0,2.0,0.0,0.0,0.0,0.0,8.0,0.0
2007_12_HOU_CLE,2007,12,CLE,HOU,7,7,0,0.0,0.0,0.0,0.0,0.0,0.0,0.0,0.0,1.0,1.0,0.0,41.0,14.0,41.0,14.0,0.0,0.0,0.0,0.0,9.0,4.0
2007_12_BUF_JAX,2007,12,JAX,BUF,7,7,0,0.0,0.0,0.0,0.0,0.0,0.0,0.0,0.0,1.0,1.0,0.0,68.0,10.0,68.0,10.0,0.0,0.0,0.0,0.0,0.0,0.0
2007_12_OAK_KC,2007,12,KC,OAK,7,7,0,0.0,0.0,0.0,0.0,0.0,0.0,1.0,0.0,1.0,1.0,0.0,43.0,6.0,43.0,6.0,0.0,0.0,0.0,0.0,7.0,0.0
2007_12_MIN_NYG,2007,12,NYG,MIN,7,7,0,0.0,0.0,0.0,0.0,0.0,0.0,0.0,0.0,1.0,0.0,1.0,46.0,6.0,46.0,6.0,0.0,0.0,0.0,0.0,4.0,0.0
2007_12_SEA_STL,2007,12,STL,SEA,7,7,0,0.0,0.0,0.0,0.0,0.0,0.0,1.0,1.0,0.0,0.0,1.0,,,70.0,0.0,0.0,0.0,0.0,0.0,0.0,0.0
2007_12_WAS_TB,2007,12,TB,WAS,7,7,0,0.0,0.0,0.0,0.0,0.0,0.0,0.0,0.0,1.0,1.0,0.0,81.0,8.0,81.0,8.0,0.0,0.0,0.0,0.0,0.0,0.0
2007_12_SF_ARI,2007,12,ARI,SF,7,7,0,0.0,0.0,0.0,0.0,0.0,0.0,1.0,0.0,1.0,1.0,0.0,,,,,0.0,0.0,0.0,0.0,0.0,0.0
2007_12_DEN_CHI,2007,12,CHI,DEN,7,6,1,0.0,1.0,1.0,0.0,0.0,0.0,0.0,0.0,1.0,1.0,0.0,39.0,13.0,39.0,13.0,1.0,0.0,0.0,0.0,11.0,3.0
2007_12_BAL_SD,2007,12,SD,BAL,7,7,0,0.0,0.0,0.0,0.0,0.0,0.0,0.0,0.0,1.0,1.0,0.0,69.0,8.0,69.0,8.0,0.0,0.0,0.0,0.0,0.0,0.0
2007_12_PHI_NE,2007,12,NE,PHI,7,7,0,0.0,0.0,0.0,0.0,0.0,0.0,0.0,0.0,1.0,0.0,1.0,39.0,8.0,39.0,8.0,1.0,0.0,0.0,0.0,11.0,0.0
2007_12_MIA_PIT,2007,12,PIT,MIA,8,8,0,0.0,0.0,0.0,0.0,0.0,0.0,0.0,0.0,1.0,1.0,0.0,60.0,10.0,60.0,10.0,0.0,0.0,0.0,0.0,0.0,0.0
2007_13_GB_DAL,2007,13,DAL,GB,7,7,0,0.0,0.0,0.0,0.0,0.0,0.0,0.0,0.0,1.0,0.0,1.0,56.0,0.0,56.0,0.0,0.0,0.0,0.0,0.0,0.0,0.0
2007_13_SF_CAR,2007,13,CAR,SF,7,7,0,0.0,0.0,0.0,0.0,0.0,0.0,0.0,0.0,1.0,1.0,0.0,51.0,3.0,51.0,3.0,0.0,0.0,0.0,0.0,0.0,0.0
2007_13_JAX_IND,2007,13,IND,JAX,10,7,3,0.0,0.0,0.0,1.0,0.0,1.0,1.0,1.0,0.0,0.0,1.0,,,70.0,0.0,0.0,0.0,0.0,0.0,0.0,0.0
2007_13_SD_KC,2007,13,KC,SD,7,7,0,0.0,0.0,0.0,0.0,0.0,0.0,1.0,0.0,1.0,1.0,0.0,34.0,16.0,34.0,16.0,1.0,0.0,1.0,0.0,16.0,6.0
2007_13_NYJ_MIA,2007,13,MIA,NYJ,6,10,-4,1.0,0.0,-1.0,0.0,1.0,-1.0,1.0,0.0,1.0,1.0,0.0,81.0,10.0,81.0,10.0,0.0,0.0,0.0,0.0,0.0,0.0
2007_13_DET_MIN,2007,13,MIN,DET,7,10,-3,0.0,0.0,0.0,0.0,1.0,-1.0,1.0,1.0,0.0,0.0,1.0,,,70.0,0.0,0.0,0.0,0.0,0.0,0.0,0.0
2007_13_SEA_PHI,2007,13,PHI,SEA,7,7,0,0.0,0.0,0.0,0.0,0.0,0.0,0.0,0.0,1.0,1.0,0.0,33.0,9.0,33.0,9.0,1.0,0.0,0.0,0.0,17.0,0.0
2007_13_ATL_STL,2007,13,STL,ATL,7,10,-3,0.0,0.0,0.0,0.0,1.0,-1.0,0.0,1.0,0.0,0.0,1.0,,,70.0,0.0,0.0,0.0,0.0,0.0,0.0,0.0
2007_13_HOU_TEN,2007,13,TEN,HOU,7,7,0,0.0,0.0,0.0,0.0,0.0,0.0,1.0,0.0,1.0,1.0,0.0,61.0,19.0,61.0,19.0,0.0,0.0,1.0,0.0,0.0,9.0
2007_13_BUF_WAS,2007,13,WAS,BUF,7,7,0,0.0,0.0,0.0,0.0,0.0,0.0,0.0,0.0,1.0,1.0,0.0,40.0,8.0,40.0,8.0,1.0,0.0,0.0,0.0,10.0,0.0
2007_13_CLE_ARI,2007,13,ARI,CLE,7,7,0,0.0,0.0,0.0,0.0,0.0,0.0,0.0,0.0,1.0,1.0,0.0,,,,,0.0,0.0,0.0,0.0,0.0,0.0
2007_13_DEN_OAK,2007,13,OAK,DEN,7,7,0,0.0,0.0,0.0,0.0,0.0,0.0,1.0,0.0,1.0,1.0,0.0,60.0,19.0,60.0,19.0,0.0,0.0,1.0,0.0,0.0,9.0
2007_13_NYG_CHI,2007,13,CHI,NYG,7,7,0,0.0,0.0,0.0,0.0,0.0,0.0,0.0,0.0,1.0,1.0,0.0,46.0,13.0,46.0,13.0,0.0,0.0,0.0,0.0,4.0,3.0
2007_13_TB_NO,2007,13,NO,TB,7,7,0,0.0,0.0,0.0,0.0,0.0,0.0,1.0,1.0,0.0,0.0,1.0,,,70.0,0.0,0.0,0.0,0.0,0.0,0.0,0.0
2007_13_CIN_PIT,2007,13,PIT,CIN,6,7,-1,1.0,0.0,-1.0,0.0,0.0,0.0,1.0,0.0,1.0,1.0,0.0,48.0,9.0,48.0,9.0,0.0,0.0,0.0,0.0,2.0,0.0
2007_13_NE_BAL,2007,13,BAL,NE,8,8,0,0.0,0.0,0.0,0.0,0.0,0.0,0.0,0.0,1.0,0.0,1.0,40.0,27.0,40.0,27.0,1.0,0.0,1.0,1.0,10.0,17.0
2007_14_CHI_WAS,2007,14,WAS,CHI,4,4,0,1.0,1.0,0.0,0.0,0.0,0.0,0.0,0.0,1.0,1.0,0.0,26.0,0.0,26.0,0.0,1.0,0.0,0.0,0.0,24.0,0.0
2007_14_MIA_BUF,2007,14,BUF,MIA,7,7,0,0.0,0.0,0.0,0.0,0.0,0.0,1.0,0.0,1.0,0.0,0.0,30.0,6.0,30.0,6.0,1.0,0.0,0.0,0.0,20.0,0.0
2007_14_STL_CIN,2007,14,CIN,STL,7,7,0,0.0,0.0,0.0,0.0,0.0,0.0,0.0,0.0,1.0,0.0,1.0,38.0,7.0,38.0,7.0,1.0,0.0,0.0,0.0,12.0,0.0
2007_14_DAL_DET,2007,14,DET,DAL,7,10,-3,0.0,0.0,0.0,0.0,1.0,-1.0,0.0,1.0,0.0,0.0,1.0,,,70.0,0.0,0.0,0.0,0.0,0.0,0.0,0.0
2007_14_OAK_GB,2007,14,GB,OAK,10,7,3,0.0,0.0,0.0,1.0,0.0,1.0,0.0,0.0,1.0,1.0,0.0,18.0,4.0,18.0,4.0,1.0,1.0,0.0,0.0,32.0,0.0
2007_14_TB_HOU,2007,14,HOU,TB,7,7,0,0.0,0.0,0.0,0.0,0.0,0.0,0.0,1.0,0.0,1.0,0.0,,,70.0,0.0,0.0,0.0,0.0,0.0,0.0,0.0
2007_14_CAR_JAX,2007,14,JAX,CAR,7,7,0,0.0,0.0,0.0,0.0,0.0,0.0,0.0,0.0,1.0,1.0,0.0,77.0,9.0,77.0,9.0,0.0,0.0,0.0,0.0,0.0,0.0
2007_14_NYG_PHI,2007,14,PHI,NYG,7,7,0,0.0,0.0,0.0,0.0,0.0,0.0,1.0,0.0,1.0,1.0,0.0,36.0,3.0,36.0,3.0,1.0,0.0,0.0,0.0,14.0,0.0
2007_14_SD_TEN,2007,14,TEN,SD,7,7,0,0.0,0.0,0.0,0.0,0.0,0.0,0.0,0.0,1.0,1.0,0.0,69.0,7.0,69.0,7.0,0.0,0.0,0.0,0.0,0.0,0.0
2007_14_ARI_SEA,2007,14,SEA,ARI,7,7,0,0.0,0.0,0.0,0.0,0.0,0.0,1.0,0.0,1.0,0.0,1.0,35.0,0.0,35.0,0.0,1.0,0.0,0.0,0.0,15.0,0.0
2007_14_MIN_SF,2007,14,SF,MIN,7,7,0,0.0,0.0,0.0,0.0,0.0,0.0,0.0,0.0,1.0,1.0,0.0,53.0,6.0,53.0,6.0,0.0,0.0,0.0,0.0,0.0,0.0
2007_14_KC_DEN,2007,14,DEN,KC,7,7,0,0.0,0.0,0.0,0.0,0.0,0.0,1.0,0.0,1.0,1.0,0.0,21.0,6.0,21.0,6.0,1.0,1.0,0.0,0.0,29.0,0.0
2007_14_PIT_NE,2007,14,NE,PIT,6,7,-1,1.0,0.0,-1.0,0.0,0.0,0.0,0.0,0.0,1.0,0.0,1.0,34.0,2.0,34.0,2.0,1.0,0.0,0.0,0.0,16.0,0.0
2007_14_CLE_NYJ,2007,14,NYJ,CLE,7,7,0,0.0,0.0,0.0,0.0,0.0,0.0,0.0,0.0,1.0,0.0,1.0,38.0,4.0,38.0,4.0,1.0,0.0,0.0,0.0,12.0,0.0
2007_14_IND_BAL,2007,14,BAL,IND,6,7,-1,1.0,0.0,-1.0,0.0,0.0,0.0,0.0,0.0,1.0,0.0,1.0,40.0,4.0,40.0,4.0,1.0,0.0,0.0,0.0,10.0,0.0
2007_14_NO_ATL,2007,14,ATL,NO,8,8,0,0.0,0.0,0.0,0.0,0.0,0.0,1.0,1.0,0.0,0.0,1.0,,,70.0,0.0,0.0,0.0,0.0,0.0,0.0,0.0
2007_15_DEN_HOU,2007,15,HOU,DEN,4,4,0,1.0,1.0,0.0,0.0,0.0,0.0,0.0,0.0,1.0,1.0,0.0,,,,,0.0,0.0,0.0,0.0,0.0,0.0
2007_15_CIN_SF,2007,15,SF,CIN,6,6,0,1.0,1.0,0.0,0.0,0.0,0.0,0.0,0.0,1.0,1.0,0.0,52.0,0.0,52.0,0.0,0.0,0.0,0.0,0.0,0.0,0.0
2007_15_SEA_CAR,2007,15,CAR,SEA,7,7,0,0.0,0.0,0.0,0.0,0.0,0.0,0.0,0.0,1.0,1.0,0.0,45.0,18.0,45.0,18.0,0.0,0.0,1.0,0.0,5.0,8.0
2007_15_BUF_CLE,2007,15,CLE,BUF,7,7,0,0.0,0.0,0.0,0.0,0.0,0.0,0.0,0.0,1.0,1.0,0.0,30.0,32.0,30.0,32.0,1.0,0.0,1.0,1.0,20.0,22.0
2007_15_TEN_KC,2007,15,KC,TEN,7,7,0,0.0,0.0,0.0,0.0,0.0,0.0,0.0,0.0,1.0,1.0,0.0,22.0,6.0,22.0,6.0,1.0,1.0,0.0,0.0,28.0,0.0
2007_15_BAL_MIA,2007,15,MIA,BAL,7,7,0,0.0,0.0,0.0,0.0,0.0,0.0,0.0,0.0,1.0,1.0,0.0,79.0,20.0,79.0,20.0,0.0,0.0,1.0,1.0,0.0,10.0
2007_15_NYJ_NE,2007,15,NE,NYJ,7,7,0,0.0,0.0,0.0,0.0,0.0,0.0,1.0,0.0,1.0,0.0,1.0,36.0,17.0,36.0,17.0,1.0,0.0,1.0,0.0,14.0,7.0
2007_15_ARI_NO,2007,15,NO,ARI,6,7,-1,1.0,0.0,-1.0,0.0,0.0,0.0,0.0,1.0,0.0,0.0,1.0,,,70.0,0.0,0.0,0.0,0.0,0.0,0.0,0.0
2007_15_JAX_PIT,2007,15,PIT,JAX,7,7,0,0.0,0.0,0.0,0.0,0.0,0.0,0.0,0.0,1.0,1.0,0.0,35.0,19.0,35.0,19.0,1.0,0.0,1.0,0.0,15.0,9.0
2007_15_GB_STL,2007,15,STL,GB,7,7,0,0.0,0.0,0.0,0.0,0.0,0.0,0.0,1.0,0.0,0.0,1.0,,,70.0,0.0,0.0,0.0,0.0,0.0,0.0,0.0
2007_15_ATL_TB,2007,15,TB,ATL,7,6,1,0.0,1.0,1.0,0.0,0.0,0.0,1.0,0.0,1.0,1.0,0.0,68.0,25.0,68.0,25.0,0.0,0.0,1.0,1.0,0.0,15.0
2007_15_IND_OAK,2007,15,OAK,IND,7,7,0,0.0,0.0,0.0,0.0,0.0,0.0,0.0,0.0,1.0,1.0,0.0,55.0,8.0,55.0,8.0,0.0,0.0,0.0,0.0,0.0,0.0
2007_15_PHI_DAL,2007,15,DAL,PHI,7,7,0,0.0,0.0,0.0,0.0,0.0,0.0,1.0,0.0,1.0,0.0,1.0,49.0,0.0,49.0,0.0,0.0,0.0,0.0,0.0,1.0,0.0
2007_15_DET_SD,2007,15,SD,DET,7,7,0,0.0,0.0,0.0,0.0,0.0,0.0,0.0,0.0,1.0,1.0,0.0,67.0,8.0,67.0,8.0,0.0,0.0,0.0,0.0,0.0,0.0
2007_15_WAS_NYG,2007,15,NYG,WAS,7,10,-3,0.0,0.0,0.0,0.0,1.0,-1.0,1.0,0.0,1.0,0.0,1.0,36.0,18.0,36.0,18.0,1.0,0.0,1.0,0.0,14.0,8.0
2007_15_CHI_MIN,2007,15,MIN,CHI,8,11,-3,0.0,0.0,0.0,0.0,1.0,-1.0,1.0,1.0,0.0,0.0,1.0,,,70.0,0.0,0.0,0.0,0.0,0.0,0.0,0.0
2007_16_PIT_STL,2007,16,STL,PIT,4,4,0,1.0,1.0,0.0,0.0,0.0,0.0,0.0,1.0,0.0,0.0,1.0,,,70.0,0.0,0.0,0.0,0.0,0.0,0.0,0.0
2007_16_DAL_CAR,2007,16,CAR,DAL,6,6,0,1.0,1.0,0.0,0.0,0.0,0.0,0.0,0.0,1.0,1.0,0.0,51.0,10.0,51.0,10.0,0.0,0.0,0.0,0.0,0.0,0.0
2007_16_NYG_BUF,2007,16,BUF,NYG,7,7,0,0.0,0.0,0.0,0.0,0.0,0.0,0.0,0.0,1.0,0.0,0.0,52.0,23.0,52.0,23.0,0.0,0.0,1.0,1.0,0.0,13.0
2007_16_GB_CHI,2007,16,CHI,GB,6,7,-1,1.0,0.0,-1.0,0.0,0.0,0.0,1.0,0.0,1.0,1.0,0.0,16.0,22.0,16.0,22.0,1.0,1.0,1.0,1.0,34.0,12.0
2007_16_CLE_CIN,2007,16,CIN,CLE,8,7,1,0.0,0.0,0.0,0.0,0.0,0.0,1.0,0.0,1.0,0.0,1.0,31.0,19.0,31.0,19.0,1.0,0.0,1.0,0.0,19.0,9.0
2007_16_KC_DET,2007,16,DET,KC,7,7,0,0.0,0.0,0.0,0.0,0.0,0.0,0.0,1.0,0.0,0.0,1.0,,,70.0,0.0,0.0,0.0,0.0,0.0,0.0,0.0
2007_16_HOU_IND,2007,16,IND,HOU,7,10,-3,0.0,0.0,0.0,0.0,1.0,-1.0,1.0,1.0,0.0,0.0,1.0,,,70.0,0.0,0.0,0.0,0.0,0.0,0.0,0.0
2007_16_OAK_JAX,2007,16,JAX,OAK,7,7,0,0.0,0.0,0.0,0.0,0.0,0.0,0.0,0.0,1.0,1.0,0.0,69.0,6.0,69.0,6.0,0.0,0.0,0.0,0.0,0.0,0.0
2007_16_PHI_NO,2007,16,NO,PHI,7,7,0,0.0,0.0,0.0,0.0,0.0,0.0,0.0,1.0,0.0,0.0,1.0,,,70.0,0.0,0.0,0.0,0.0,0.0,0.0,0.0
2007_16_ATL_ARI,2007,16,ARI,ATL,7,7,0,0.0,0.0,0.0,0.0,0.0,0.0,0.0,0.0,1.0,1.0,0.0,,,,,0.0,0.0,0.0,0.0,0.0,0.0
2007_16_TB_SF,2007,16,SF,TB,8,7,1,0.0,0.0,0.0,0.0,0.0,0.0,0.0,0.0,1.0,1.0,0.0,51.0,5.0,51.0,5.0,0.0,0.0,0.0,0.0,0.0,0.0
2007_16_MIA_NE,2007,16,NE,MIA,7,7,0,0.0,0.0,0.0,0.0,0.0,0.0,1.0,0.0,1.0,0.0,1.0,43.0,7.0,43.0,7.0,0.0,0.0,0.0,0.0,7.0,0.0
2007_16_BAL_SEA,2007,16,SEA,BAL,7,7,0,0.0,0.0,0.0,0.0,0.0,0.0,0.0,0.0,1.0,0.0,1.0,43.0,0.0,43.0,0.0,0.0,0.0,0.0,0.0,7.0,0.0
2007_16_NYJ_TEN,2007,16,TEN,NYJ,7,7,0,0.0,0.0,0.0,0.0,0.0,0.0,0.0,0.0,1.0,1.0,0.0,42.0,10.0,42.0,10.0,0.0,0.0,0.0,0.0,8.0,0.0
2007_16_WAS_MIN,2007,16,MIN,WAS,6,7,-1,1.0,0.0,-1.0,0.0,0.0,0.0,0.0,1.0,0.0,0.0,1.0,,,70.0,0.0,0.0,0.0,0.0,0.0,0.0,0.0
2007_16_DEN_SD,2007,16,SD,DEN,8,11,-3,0.0,0.0,0.0,0.0,1.0,-1.0,1.0,0.0,1.0,1.0,0.0,62.0,8.0,62.0,8.0,0.0,0.0,0.0,0.0,0.0,0.0
2007_17_NE_NYG,2007,17,NYG,NE,6,6,0,1.0,1.0,0.0,0.0,0.0,0.0,0.0,0.0,1.0,0.0,1.0,44.0,8.0,44.0,8.0,0.0,0.0,0.0,0.0,6.0,0.0
2007_17_SEA_ATL,2007,17,ATL,SEA,7,7,0,0.0,0.0,0.0,0.0,0.0,0.0,0.0,1.0,0.0,0.0,1.0,,,70.0,0.0,0.0,0.0,0.0,0.0,0.0,0.0
2007_17_NO_CHI,2007,17,CHI,NO,7,7,0,0.0,0.0,0.0,0.0,0.0,0.0,0.0,0.0,1.0,1.0,0.0,30.0,2.0,30.0,2.0,1.0,0.0,0.0,0.0,20.0,0.0
2007_17_SF_CLE,2007,17,CLE,SF,7,7,0,0.0,0.0,0.0,0.0,0.0,0.0,0.0,0.0,1.0,1.0,0.0,35.0,8.0,35.0,8.0,1.0,0.0,0.0,0.0,15.0,0.0
2007_17_DET_GB,2007,17,GB,DET,7,7,0,0.0,0.0,0.0,0.0,0.0,0.0,1.0,0.0,1.0,1.0,0.0,20.0,7.0,20.0,7.0,1.0,1.0,0.0,0.0,30.0,0.0
2007_17_JAX_HOU,2007,17,HOU,JAX,7,7,0,0.0,0.0,0.0,0.0,0.0,0.0,1.0,0.0,1.0,1.0,0.0,,,,,0.0,0.0,0.0,0.0,0.0,0.0
2007_17_CIN_MIA,2007,17,MIA,CIN,7,7,0,0.0,0.0,0.0,0.0,0.0,0.0,0.0,0.0,1.0,1.0,0.0,81.0,22.0,81.0,22.0,0.0,0.0,1.0,1.0,0.0,12.0
2007_17_BUF_PHI,2007,17,PHI,BUF,7,7,0,0.0,0.0,0.0,0.0,0.0,0.0,0.0,0.0,1.0,1.0,0.0,42.0,5.0,42.0,5.0,0.0,0.0,0.0,0.0,8.0,0.0
2007_17_CAR_TB,2007,17,TB,CAR,7,8,-1,0.0,0.0,0.0,0.0,0.0,0.0,1.0,0.0,1.0,1.0,0.0,80.0,14.0,80.0,14.0,0.0,0.0,0.0,0.0,0.0,4.0
2007_17_STL_ARI,2007,17,ARI,STL,7,10,-3,0.0,0.0,0.0,0.0,1.0,-1.0,1.0,0.0,1.0,1.0,0.0,,,,,0.0,0.0,0.0,0.0,0.0,0.0
2007_17_PIT_BAL,2007,17,BAL,PIT,7,10,-3,0.0,0.0,0.0,0.0,1.0,-1.0,1.0,0.0,1.0,0.0,1.0,42.0,5.0,42.0,5.0,0.0,0.0,0.0,0.0,8.0,0.0
2007_17_MIN_DEN,2007,17,DEN,MIN,6,7,-1,1.0,0.0,-1.0,0.0,0.0,0.0,0.0,0.0,1.0,1.0,0.0,36.0,7.0,36.0,7.0,1.0,0.0,0.0,0.0,14.0,0.0
2007_17_KC_NYJ,2007,17,NYJ,KC,7,7,0,0.0,0.0,0.0,0.0,0.0,0.0,0.0,0.0,1.0,0.0,1.0,41.0,7.0,41.0,7.0,0.0,0.0,0.0,0.0,9.0,0.0
2007_17_SD_OAK,2007,17,OAK,SD,7,6,1,0.0,1.0,1.0,0.0,0.0,0.0,1.0,0.0,1.0,1.0,0.0,54.0,7.0,54.0,7.0,0.0,0.0,0.0,0.0,0.0,0.0
2007_17_DAL_WAS,2007,17,WAS,DAL,7,8,-1,0.0,0.0,0.0,0.0,0.0,0.0,1.0,0.0,1.0,1.0,0.0,39.0,6.0,39.0,6.0,1.0,0.0,0.0,0.0,11.0,0.0
2007_17_TEN_IND,2007,17,IND,TEN,7,7,0,0.0,0.0,0.0,0.0,0.0,0.0,1.0,1.0,0.0,0.0,1.0,,,70.0,0.0,0.0,0.0,0.0,0.0,0.0,0.0
2007_18_WAS_SEA,2007,18,SEA,WAS,6,6,0,1.0,1.0,0.0,0.0,0.0,0.0,0.0,0.0,1.0,0.0,1.0,42.0,13.0,42.0,13.0,0.0,0.0,0.0,0.0,8.0,3.0
2007_18_JAX_PIT,2007,18,PIT,JAX,6,6,0,1.0,1.0,0.0,0.0,0.0,0.0,0.0,0.0,1.0,1.0,0.0,39.0,8.0,39.0,8.0,1.0,0.0,0.0,0.0,11.0,0.0
2007_18_NYG_TB,2007,18,TB,NYG,7,8,-1,0.0,0.0,0.0,0.0,0.0,0.0,0.0,0.0,1.0,1.0,0.0,70.0,5.0,70.0,5.0,0.0,0.0,0.0,0.0,0.0,0.0
2007_18_TEN_SD,2007,18,SD,TEN,7,7,0,0.0,0.0,0.0,0.0,0.0,0.0,0.0,0.0,1.0,1.0,0.0,57.0,8.0,57.0,8.0,0.0,0.0,0.0,0.0,0.0,0.0
2007_19_SEA_GB,2007,19,GB,SEA,13,7,6,0.0,0.0,0.0,1.0,0.0,1.0,0.0,0.0,1.0,1.0,0.0,31.0,4.0,31.0,4.0,1.0,0.0,0.0,0.0,19.0,0.0
2007_19_JAX_NE,2007,19,NE,JAX,14,7,7,0.0,0.0,0.0,1.0,0.0,1.0,0.0,0.0,1.0,0.0,1.0,37.0,5.0,37.0,5.0,1.0,0.0,0.0,0.0,13.0,0.0
2007_19_SD_IND,2007,19,IND,SD,14,7,7,0.0,0.0,0.0,1.0,0.0,1.0,0.0,1.0,0.0,0.0,1.0,,,70.0,0.0,0.0,0.0,0.0,0.0,0.0,0.0
2007_19_NYG_DAL,2007,19,DAL,NYG,14,7,7,0.0,0.0,0.0,1.0,0.0,1.0,1.0,0.0,1.0,0.0,1.0,59.0,0.0,59.0,0.0,0.0,0.0,0.0,0.0,0.0,0.0
2007_20_SD_NE,2007,20,NE,SD,8,7,1,0.0,0.0,0.0,0.0,0.0,0.0,0.0,0.0,1.0,0.0,1.0,23.0,17.0,23.0,17.0,1.0,1.0,1.0,0.0,27.0,7.0
2007_20_NYG_GB,2007,20,GB,NYG,8,7,1,0.0,0.0,0.0,0.0,0.0,0.0,0.0,0.0,1.0,1.0,0.0,-1.0,12.0,-1.0,12.0,1.0,1.0,0.0,0.0,51.0,2.0
2007_21_NYG_NE,2007,21,NE,NYG,14,14,0,0.0,0.0,0.0,1.0,1.0,0.0,0.0,1.0,0.0,1.0,0.0,,,70.0,0.0,0.0,0.0,0.0,0.0,0.0,0.0
2008_01_WAS_NYG,2008,1,NYG,WAS,7,7,0,0.0,0.0,0.0,0.0,0.0,0.0,1.0,0.0,1.0,0.0,1.0,85.0,10.0,85.0,10.0,0.0,0.0,0.0,0.0,0.0,0.0
2008_01_DET_ATL,2008,1,ATL,DET,7,7,0,0.0,0.0,0.0,0.0,0.0,0.0,0.0,1.0,0.0,0.0,1.0,,,70.0,0.0,0.0,0.0,0.0,0.0,0.0,0.0
2008_01_CIN_BAL,2008,1,BAL,CIN,7,7,0,0.0,0.0,0.0,0.0,0.0,0.0,1.0,0.0,1.0,0.0,1.0,78.0,7.0,78.0,7.0,0.0,0.0,0.0,0.0,0.0,0.0
2008_01_SEA_BUF,2008,1,BUF,SEA,7,7,0,0.0,0.0,0.0,0.0,0.0,0.0,0.0,0.0,1.0,0.0,0.0,66.0,11.0,66.0,11.0,0.0,0.0,0.0,0.0,0.0,1.0
2008_01_NYJ_MIA,2008,1,MIA,NYJ,7,7,0,0.0,0.0,0.0,0.0,0.0,0.0,1.0,0.0,1.0,1.0,0.0,88.0,14.0,88.0,14.0,0.0,0.0,0.0,0.0,0.0,4.0
2008_01_KC_NE,2008,1,NE,KC,7,7,0,0.0,0.0,0.0,0.0,0.0,0.0,0.0,0.0,1.0,0.0,1.0,75.0,15.0,75.0,15.0,0.0,0.0,1.0,0.0,0.0,5.0
2008_01_TB_NO,2008,1,NO,TB,7,7,0,0.0,0.0,0.0,0.0,0.0,0.0,1.0,1.0,0.0,0.0,1.0,,,70.0,0.0,0.0,0.0,0.0,0.0,0.0,0.0
2008_01_STL_PHI,2008,1,PHI,STL,7,7,0,0.0,0.0,0.0,0.0,0.0,0.0,0.0,0.0,1.0,1.0,0.0,80.0,11.0,80.0,11.0,0.0,0.0,0.0,0.0,0.0,1.0
2008_01_HOU_PIT,2008,1,PIT,HOU,7,7,0,0.0,0.0,0.0,0.0,0.0,0.0,0.0,0.0,1.0,1.0,0.0,72.0,11.0,72.0,11.0,0.0,0.0,0.0,0.0,0.0,1.0
2008_01_JAX_TEN,2008,1,TEN,JAX,7,7,0,0.0,0.0,0.0,0.0,0.0,0.0,1.0,0.0,1.0,1.0,0.0,78.0,0.0,78.0,0.0,0.0,0.0,0.0,0.0,0.0,0.0
2008_01_DAL_CLE,2008,1,CLE,DAL,7,7,0,0.0,0.0,0.0,0.0,0.0,0.0,0.0,0.0,1.0,1.0,0.0,71.0,12.0,71.0,12.0,0.0,0.0,0.0,0.0,0.0,2.0
2008_01_CAR_SD,2008,1,SD,CAR,7,7,0,0.0,0.0,0.0,0.0,0.0,0.0,0.0,0.0,1.0,1.0,0.0,81.0,8.0,81.0,8.0,0.0,0.0,0.0,0.0,0.0,0.0
2008_01_ARI_SF,2008,1,SF,ARI,7,7,0,0.0,0.0,0.0,0.0,0.0,0.0,1.0,0.0,1.0,1.0,0.0,70.0,20.0,70.0,20.0,0.0,0.0,1.0,1.0,0.0,10.0
2008_01_CHI_IND,2008,1,IND,CHI,7,7,0,0.0,0.0,0.0,0.0,0.0,0.0,0.0,0.0,1.0,0.0,1.0,,,,,0.0,0.0,0.0,0.0,0.0,0.0
2008_01_MIN_GB,2008,1,GB,MIN,7,7,0,0.0,0.0,0.0,0.0,0.0,0.0,1.0,0.0,1.0,1.0,0.0,58.0,5.0,58.0,5.0,0.0,0.0,0.0,0.0,0.0,0.0
2008_01_DEN_OAK,2008,1,OAK,DEN,7,7,0,0.0,0.0,0.0,0.0,0.0,0.0,1.0,0.0,1.0,1.0,0.0,60.0,13.0,60.0,13.0,0.0,0.0,0.0,0.0,0.0,3.0
2008_02_CHI_CAR,2008,2,CAR,CHI,7,7,0,0.0,0.0,0.0,0.0,0.0,0.0,0.0,0.0,1.0,1.0,0.0,88.0,10.0,88.0,10.0,0.0,0.0,0.0,0.0,0.0,0.0
2008_02_TEN_CIN,2008,2,CIN,TEN,7,7,0,0.0,0.0,0.0,0.0,0.0,0.0,0.0,0.0,1.0,0.0,1.0,88.0,70.0,88.0,70.0,0.0,0.0,1.0,1.0,0.0,60.0
2008_02_GB_DET,2008,2,DET,GB,7,6,1,0.0,1.0,1.0,0.0,0.0,0.0,1.0,1.0,0.0,0.0,1.0,,,70.0,0.0,0.0,0.0,0.0,0.0,0.0,0.0
2008_02_BUF_JAX,2008,2,JAX,BUF,7,7,0,0.0,0.0,0.0,0.0,0.0,0.0,0.0,0.0,1.0,1.0,0.0,87.0,5.0,87.0,5.0,0.0,0.0,0.0,0.0,0.0,0.0
2008_02_OAK_KC,2008,2,KC,OAK,7,6,1,0.0,1.0,1.0,0.0,0.0,0.0,1.0,0.0,1.0,1.0,0.0,61.0,25.0,61.0,25.0,0.0,0.0,1.0,1.0,0.0,15.0
2008_02_IND_MIN,2008,2,MIN,IND,6,7,-1,1.0,0.0,-1.0,0.0,0.0,0.0,0.0,1.0,0.0,0.0,1.0,,,70.0,0.0,0.0,0.0,0.0,0.0,0.0,0.0
2008_02_NYG_STL,2008,2,STL,NYG,7,10,-3,0.0,0.0,0.0,0.0,1.0,-1.0,0.0,1.0,0.0,0.0,1.0,,,70.0,0.0,0.0,0.0,0.0,0.0,0.0,0.0
2008_02_NO_WAS,2008,2,WAS,NO,10,7,3,0.0,0.0,0.0,1.0,0.0,1.0,0.0,0.0,1.0,1.0,0.0,90.0,6.0,90.0,6.0,0.0,0.0,0.0,0.0,0.0,0.0
2008_02_SF_SEA,2008,2,SEA,SF,7,7,0,0.0,0.0,0.0,0.0,0.0,0.0,1.0,0.0,1.0,0.0,1.0,67.0,6.0,67.0,6.0,0.0,0.0,0.0,0.0,0.0,0.0
2008_02_ATL_TB,2008,2,TB,ATL,7,7,0,0.0,0.0,0.0,0.0,0.0,0.0,1.0,0.0,1.0,1.0,0.0,89.0,8.0,89.0,8.0,0.0,0.0,0.0,0.0,0.0,0.0
2008_02_MIA_ARI,2008,2,ARI,MIA,7,7,0,0.0,0.0,0.0,0.0,0.0,0.0,0.0,1.0,0.0,1.0,0.0,,,70.0,0.0,0.0,0.0,0.0,0.0,0.0,0.0
2008_02_SD_DEN,2008,2,DEN,SD,6,7,-1,1.0,0.0,-1.0,0.0,0.0,0.0,1.0,0.0,1.0,1.0,0.0,59.0,5.0,59.0,5.0,0.0,0.0,0.0,0.0,0.0,0.0
2008_02_NE_NYJ,2008,2,NYJ,NE,7,7,0,0.0,0.0,0.0,0.0,0.0,0.0,1.0,0.0,1.0,0.0,1.0,90.0,12.0,90.0,12.0,0.0,0.0,0.0,0.0,0.0,2.0
2008_02_PIT_CLE,2008,2,CLE,PIT,7,7,0,0.0,0.0,0.0,0.0,0.0,0.0,1.0,0.0,1.0,1.0,0.0,80.0,40.0,80.0,40.0,0.0,0.0,1.0,1.0,0.0,30.0
2008_02_PHI_DAL,2008,2,DAL,PHI,8,8,0,0.0,0.0,0.0,0.0,0.0,0.0,1.0,0.0,1.0,0.0,1.0,76.0,0.0,76.0,0.0,0.0,0.0,0.0,0.0,0.0,0.0
2008_03_KC_ATL,2008,3,ATL,KC,7,7,0,0.0,0.0,0.0,0.0,0.0,0.0,0.0,1.0,0.0,0.0,1.0,,,70.0,0.0,0.0,0.0,0.0,0.0,0.0,0.0
2008_03_OAK_BUF,2008,3,BUF,OAK,7,7,0,0.0,0.0,0.0,0.0,0.0,0.0,0.0,0.0,1.0,0.0,0.0,66.0,0.0,66.0,0.0,0.0,0.0,0.0,0.0,0.0,0.0
2008_03_TB_CHI,2008,3,CHI,TB,7,7,0,0.0,0.0,0.0,0.0,0.0,0.0,0.0,0.0,1.0,1.0,0.0,76.0,5.0,76.0,5.0,0.0,0.0,0.0,0.0,0.0,0.0
2008_03_CAR_MIN,2008,3,MIN,CAR,7,7,0,0.0,0.0,0.0,0.0,0.0,0.0,0.0,1.0,0.0,0.0,1.0,,,70.0,0.0,0.0,0.0,0.0,0.0,0.0,0.0
2008_03_MIA_NE,2008,3,NE,MIA,7,7,0,0.0,0.0,0.0,0.0,0.0,0.0,1.0,0.0,1.0,0.0,1.0,72.0,1.0,72.0,1.0,0.0,0.0,0.0,0.0,0.0,0.0
2008_03_CIN_NYG,2008,3,NYG,CIN,7,7,0,0.0,0.0,0.0,0.0,0.0,0.0,0.0,0.0,1.0,0.0,1.0,76.0,3.0,76.0,3.0,0.0,0.0,0.0,0.0,0.0,0.0
2008_03_HOU_TEN,2008,3,TEN,HOU,7,14,-7,0.0,0.0,0.0,0.0,1.0,-1.0,1.0,0.0,1.0,1.0,0.0,80.0,4.0,80.0,4.0,0.0,0.0,0.0,0.0,0.0,0.0
2008_03_ARI_WAS,2008,3,WAS,ARI,7,7,0,0.0,0.0,0.0,0.0,0.0,0.0,0.0,0.0,1.0,1.0,0.0,75.0,1.0,75.0,1.0,0.0,0.0,0.0,0.0,0.0,0.0
2008_03_NO_DEN,2008,3,DEN,NO,7,7,0,0.0,0.0,0.0,0.0,0.0,0.0,0.0,0.0,1.0,1.0,0.0,75.0,7.0,75.0,7.0,0.0,0.0,0.0,0.0,0.0,0.0
2008_03_STL_SEA,2008,3,SEA,STL,7,7,0,0.0,0.0,0.0,0.0,0.0,0.0,1.0,0.0,1.0,0.0,1.0,59.0,5.0,59.0,5.0,0.0,0.0,0.0,0.0,0.0,0.0
2008_03_DET_SF,2008,3,SF,DET,7,7,0,0.0,0.0,0.0,0.0,0.0,0.0,0.0,0.0,1.0,1.0,0.0,67.0,12.0,67.0,12.0,0.0,0.0,0.0,0.0,0.0,2.0
2008_03_CLE_BAL,2008,3,BAL,CLE,14,7,7,0.0,0.0,0.0,1.0,0.0,1.0,1.0,0.0,1.0,0.0,1.0,77.0,2.0,77.0,2.0,0.0,0.0,0.0,0.0,0.0,0.0
2008_03_JAX_IND,2008,3,IND,JAX,7,7,0,0.0,0.0,0.0,0.0,0.0,0.0,1.0,1.0,0.0,0.0,1.0,,,70.0,0.0,0.0,0.0,0.0,0.0,0.0,0.0
2008_03_PIT_PHI,2008,3,PHI,PIT,6,7,-1,1.0,0.0,-1.0,0.0,0.0,0.0,0.0,0.0,1.0,1.0,0.0,79.0,3.0,79.0,3.0,0.0,0.0,0.0,0.0,0.0,0.0
2008_03_DAL_GB,2008,3,GB,DAL,7,6,1,0.0,1.0,1.0,0.0,0.0,0.0,0.0,0.0,1.0,1.0,0.0,64.0,8.0,64.0,8.0,0.0,0.0,0.0,0.0,0.0,0.0
2008_03_NYJ_SD,2008,3,SD,NYJ,8,8,0,0.0,0.0,0.0,0.0,0.0,0.0,0.0,0.0,1.0,1.0,0.0,71.0,8.0,71.0,8.0,0.0,0.0,0.0,0.0,0.0,0.0
2008_04_ATL_CAR,2008,4,CAR,ATL,7,7,0,0.0,0.0,0.0,0.0,0.0,0.0,1.0,0.0,1.0,1.0,0.0,78.0,4.0,78.0,4.0,0.0,0.0,0.0,0.0,0.0,0.0
2008_04_CLE_CIN,2008,4,CIN,CLE,7,7,0,0.0,0.0,0.0,0.0,0.0,0.0,1.0,0.0,1.0,0.0,1.0,74.0,7.0,74.0,7.0,0.0,0.0,0.0,0.0,0.0,0.0
2008_04_HOU_JAX,2008,4,JAX,HOU,7,7,0,0.0,0.0,0.0,0.0,0.0,0.0,1.0,0.0,1.0,1.0,0.0,82.0,7.0,82.0,7.0,0.0,0.0,0.0,0.0,0.0,0.0
2008_04_DEN_KC,2008,4,KC,DEN,7,7,0,0.0,0.0,0.0,0.0,0.0,0.0,1.0,0.0,1.0,1.0,0.0,74.0,7.0,74.0,7.0,0.0,0.0,0.0,0.0,0.0,0.0
2008_04_SF_NO,2008,4,NO,SF,7,7,0,0.0,0.0,0.0,0.0,0.0,0.0,0.0,1.0,0.0,0.0,1.0,,,70.0,0.0,0.0,0.0,0.0,0.0,0.0,0.0
2008_04_ARI_NYJ,2008,4,NYJ,ARI,6,7,-1,1.0,0.0,-1.0,0.0,0.0,0.0,0.0,0.0,1.0,0.0,1.0,69.0,0.0,69.0,0.0,0.0,0.0,0.0,0.0,0.0,0.0
2008_04_GB_TB,2008,4,TB,GB,7,7,0,0.0,0.0,0.0,0.0,0.0,0.0,0.0,0.0,1.0,1.0,0.0,81.0,5.0,81.0,5.0,0.0,0.0,0.0,0.0,0.0,0.0
2008_04_MIN_TEN,2008,4,TEN,MIN,7,7,0,0.0,0.0,0.0,0.0,0.0,0.0,0.0,0.0,1.0,1.0,0.0,78.0,10.0,78.0,10.0,0.0,0.0,0.0,0.0,0.0,0.0
2008_04_SD_OAK,2008,4,OAK,SD,7,6,1,0.0,1.0,1.0,0.0,0.0,0.0,1.0,0.0,1.0,1.0,0.0,78.0,11.0,78.0,11.0,0.0,0.0,0.0,0.0,0.0,1.0
2008_04_BUF_STL,2008,4,STL,BUF,7,7,0,0.0,0.0,0.0,0.0,0.0,0.0,0.0,1.0,0.0,0.0,1.0,,,70.0,0.0,0.0,0.0,0.0,0.0,0.0,0.0
2008_04_WAS_DAL,2008,4,DAL,WAS,7,7,0,0.0,0.0,0.0,0.0,0.0,0.0,1.0,0.0,1.0,0.0,1.0,85.0,0.0,85.0,0.0,0.0,0.0,0.0,0.0,0.0,0.0
2008_04_PHI_CHI,2008,4,CHI,PHI,7,7,0,0.0,0.0,0.0,0.0,0.0,0.0,0.0,0.0,1.0,1.0,0.0,65.0,8.0,65.0,8.0,0.0,0.0,0.0,0.0,0.0,0.0
2008_04_BAL_PIT,2008,4,PIT,BAL,8,8,0,0.0,0.0,0.0,0.0,0.0,0.0,1.0,0.0,1.0,1.0,0.0,65.0,3.0,65.0,3.0,0.0,0.0,0.0,0.0,0.0,0.0
2008_05_TEN_BAL,2008,5,BAL,TEN,6,7,-1,1.0,0.0,-1.0,0.0,0.0,0.0,0.0,0.0,1.0,0.0,1.0,69.0,3.0,69.0,3.0,0.0,0.0,0.0,0.0,0.0,0.0
2008_05_KC_CAR,2008,5,CAR,KC,7,7,0,0.0,0.0,0.0,0.0,0.0,0.0,0.0,0.0,1.0,1.0,0.0,80.0,0.0,80.0,0.0,0.0,0.0,0.0,0.0,0.0,0.0
2008_05_CHI_DET,2008,5,DET,CHI,14,7,7,0.0,0.0,0.0,1.0,0.0,1.0,1.0,1.0,0.0,0.0,1.0,,,70.0,0.0,0.0,0.0,0.0,0.0,0.0,0.0
2008_05_ATL_GB,2008,5,GB,ATL,7,7,0,0.0,0.0,0.0,0.0,0.0,0.0,0.0,0.0,1.0,1.0,0.0,60.0,8.0,60.0,8.0,0.0,0.0,0.0,0.0,0.0,0.0
2008_05_IND_HOU,2008,5,HOU,IND,7,14,-7,0.0,0.0,0.0,0.0,1.0,-1.0,1.0,0.0,1.0,1.0,0.0,,,,,0.0,0.0,0.0,0.0,0.0,0.0
2008_05_SD_MIA,2008,5,MIA,SD,14,7,7,0.0,0.0,0.0,1.0,0.0,1.0,0.0,0.0,1.0,1.0,0.0,86.0,16.0,86.0,16.0,0.0,0.0,1.0,0.0,0.0,6.0
2008_05_SEA_NYG,2008,5,NYG,SEA,14,14,0,0.0,0.0,0.0,1.0,1.0,0.0,0.0,0.0,1.0,0.0,1.0,60.0,6.0,60.0,6.0,0.0,0.0,0.0,0.0,0.0,0.0
2008_05_WAS_PHI,2008,5,PHI,WAS,7,7,0,0.0,0.0,0.0,0.0,0.0,0.0,1.0,0.0,1.0,1.0,0.0,66.0,4.0,66.0,4.0,0.0,0.0,0.0,0.0,0.0,0.0
2008_05_TB_DEN,2008,5,DEN,TB,7,7,0,0.0,0.0,0.0,0.0,0.0,0.0,0.0,0.0,1.0,1.0,0.0,70.0,9.0,70.0,9.0,0.0,0.0,0.0,0.0,0.0,0.0
2008_05_BUF_ARI,2008,5,ARI,BUF,7,7,0,0.0,0.0,0.0,0.0,0.0,0.0,0.0,1.0,0.0,1.0,0.0,,,70.0,0.0,0.0,0.0,0.0,0.0,0.0,0.0
2008_05_CIN_DAL,2008,5,DAL,CIN,7,7,0,0.0,0.0,0.0,0.0,0.0,0.0,0.0,0.0,1.0,0.0,1.0,87.0,0.0,87.0,0.0,0.0,0.0,0.0,0.0,0.0,0.0
2008_05_NE_SF,2008,5,SF,NE,7,14,-7,0.0,0.0,0.0,0.0,1.0,-1.0,0.0,0.0,1.0,1.0,0.0,67.0,8.0,67.0,8.0,0.0,0.0,0.0,0.0,0.0,0.0
2008_05_PIT_JAX,2008,5,JAX,PIT,7,6,1,0.0,1.0,1.0,0.0,0.0,0.0,0.0,0.0,1.0,1.0,0.0,73.0,10.0,73.0,10.0,0.0,0.0,0.0,0.0,0.0,0.0
2008_05_MIN_NO,2008,5,NO,MIN,8,8,0,0.0,0.0,0.0,0.0,0.0,0.0,0.0,1.0,0.0,0.0,1.0,,,70.0,0.0,0.0,0.0,0.0,0.0,0.0,0.0
2008_06_CHI_ATL,2008,6,ATL,CHI,7,7,0,0.0,0.0,0.0,0.0,0.0,0.0,0.0,1.0,0.0,0.0,1.0,,,70.0,0.0,0.0,0.0,0.0,0.0,0.0,0.0
2008_06_MIA_HOU,2008,6,HOU,MIA,7,7,0,0.0,0.0,0.0,0.0,0.0,0.0,0.0,0.0,1.0,1.0,0.0,,,,,0.0,0.0,0.0,0.0,0.0,0.0
2008_06_BAL_IND,2008,6,IND,BAL,7,7,0,0.0,0.0,0.0,0.0,0.0,0.0,0.0,0.0,1.0,0.0,1.0,,,,,0.0,0.0,0.0,0.0,0.0,0.0
2008_06_DET_MIN,2008,6,MIN,DET,6,7,-1,1.0,0.0,-1.0,0.0,0.0,0.0,1.0,1.0,0.0,0.0,1.0,,,70.0,0.0,0.0,0.0,0.0,0.0,0.0,0.0
2008_06_OAK_NO,2008,6,NO,OAK,6,14,-8,1.0,0.0,-1.0,0.0,1.0,-1.0,0.0,1.0,0.0,0.0,1.0,,,70.0,0.0,0.0,0.0,0.0,0.0,0.0,0.0
2008_06_CIN_NYJ,2008,6,NYJ,CIN,14,7,7,0.0,0.0,0.0,1.0,0.0,1.0,0.0,0.0,1.0,0.0,1.0,67.0,7.0,67.0,7.0,0.0,0.0,0.0,0.0,0.0,0.0
2008_06_CAR_TB,2008,6,TB,CAR,7,7,0,0.0,0.0,0.0,0.0,0.0,0.0,1.0,0.0,1.0,1.0,0.0,84.0,8.0,84.0,8.0,0.0,0.0,0.0,0.0,0.0,0.0
2008_06_STL_WAS,2008,6,WAS,STL,7,14,-7,0.0,0.0,0.0,0.0,1.0,-1.0,0.0,0.0,1.0,1.0,0.0,72.0,2.0,72.0,2.0,0.0,0.0,0.0,0.0,0.0,0.0
2008_06_JAX_DEN,2008,6,DEN,JAX,7,7,0,0.0,0.0,0.0,0.0,0.0,0.0,0.0,0.0,1.0,1.0,0.0,43.0,6.0,43.0,6.0,0.0,0.0,0.0,0.0,7.0,0.0
2008_06_DAL_ARI,2008,6,ARI,DAL,7,7,0,0.0,0.0,0.0,0.0,0.0,0.0,0.0,1.0,0.0,1.0,0.0,,,70.0,0.0,0.0,0.0,0.0,0.0,0.0,0.0
2008_06_GB_SEA,2008,6,SEA,GB,7,7,0,0.0,0.0,0.0,0.0,0.0,0.0,0.0,0.0,1.0,0.0,1.0,56.0,0.0,56.0,0.0,0.0,0.0,0.0,0.0,0.0,0.0
2008_06_PHI_SF,2008,6,SF,PHI,7,7,0,0.0,0.0,0.0,0.0,0.0,0.0,0.0,0.0,1.0,1.0,0.0,64.0,13.0,64.0,13.0,0.0,0.0,0.0,0.0,0.0,3.0
2008_06_NE_SD,2008,6,SD,NE,7,7,0,0.0,0.0,0.0,0.0,0.0,0.0,0.0,0.0,1.0,1.0,0.0,69.0,8.0,69.0,8.0,0.0,0.0,0.0,0.0,0.0,0.0
2008_06_NYG_CLE,2008,6,CLE,NYG,15,8,7,0.0,0.0,0.0,1.0,0.0,1.0,0.0,0.0,1.0,1.0,0.0,71.0,0.0,71.0,0.0,0.0,0.0,0.0,0.0,0.0,0.0
2008_07_SD_BUF,2008,7,BUF,SD,14,7,7,0.0,0.0,0.0,1.0,0.0,1.0,0.0,0.0,1.0,0.0,0.0,51.0,4.0,51.0,4.0,0.0,0.0,0.0,0.0,0.0,0.0
2008_07_NO_CAR,2008,7,CAR,NO,7,7,0,0.0,0.0,0.0,0.0,0.0,0.0,1.0,0.0,1.0,1.0,0.0,65.0,12.0,65.0,12.0,0.0,0.0,0.0,0.0,0.0,2.0
2008_07_MIN_CHI,2008,7,CHI,MIN,7,7,0,0.0,0.0,0.0,0.0,0.0,0.0,1.0,0.0,1.0,1.0,0.0,58.0,17.0,58.0,17.0,0.0,0.0,1.0,0.0,0.0,7.0
2008_07_PIT_CIN,2008,7,CIN,PIT,7,14,-7,0.0,0.0,0.0,0.0,1.0,-1.0,1.0,0.0,1.0,0.0,1.0,56.0,3.0,56.0,3.0,0.0,0.0,0.0,0.0,0.0,0.0
2008_07_TEN_KC,2008,7,KC,TEN,14,14,0,0.0,0.0,0.0,1.0,1.0,0.0,0.0,0.0,1.0,1.0,0.0,63.0,10.0,63.0,10.0,0.0,0.0,0.0,0.0,0.0,0.0
2008_07_BAL_MIA,2008,7,MIA,BAL,7,7,0,0.0,0.0,0.0,0.0,0.0,0.0,0.0,0.0,1.0,1.0,0.0,80.0,13.0,80.0,13.0,0.0,0.0,0.0,0.0,0.0,3.0
2008_07_SF_NYG,2008,7,NYG,SF,6,7,-1,1.0,0.0,-1.0,0.0,0.0,0.0,0.0,0.0,1.0,0.0,1.0,51.0,14.0,51.0,14.0,0.0,0.0,0.0,0.0,0.0,4.0
2008_07_DAL_STL,2008,7,STL,DAL,7,7,0,0.0,0.0,0.0,0.0,0.0,0.0,0.0,1.0,0.0,0.0,1.0,,,70.0,0.0,0.0,0.0,0.0,0.0,0.0,0.0
2008_07_DET_HOU,2008,7,HOU,DET,7,7,0,0.0,0.0,0.0,0.0,0.0,0.0,0.0,0.0,1.0,1.0,0.0,,,,,0.0,0.0,0.0,0.0,0.0,0.0
2008_07_IND_GB,2008,7,GB,IND,7,7,0,0.0,0.0,0.0,0.0,0.0,0.0,0.0,0.0,1.0,1.0,0.0,60.0,20.0,60.0,20.0,0.0,0.0,1.0,1.0,0.0,10.0
2008_07_NYJ_OAK,2008,7,OAK,NYJ,7,7,0,0.0,0.0,0.0,0.0,0.0,0.0,0.0,0.0,1.0,1.0,0.0,59.0,8.0,59.0,8.0,0.0,0.0,0.0,0.0,0.0,0.0
2008_07_CLE_WAS,2008,7,WAS,CLE,7,6,1,0.0,1.0,1.0,0.0,0.0,0.0,0.0,0.0,1.0,1.0,0.0,59.0,5.0,59.0,5.0,0.0,0.0,0.0,0.0,0.0,0.0
2008_07_SEA_TB,2008,7,TB,SEA,7,7,0,0.0,0.0,0.0,0.0,0.0,0.0,0.0,0.0,1.0,1.0,0.0,75.0,10.0,75.0,10.0,0.0,0.0,0.0,0.0,0.0,0.0
2008_07_DEN_NE,2008,7,NE,DEN,8,8,0,0.0,0.0,0.0,0.0,0.0,0.0,0.0,0.0,1.0,0.0,1.0,40.0,0.0,40.0,0.0,1.0,0.0,0.0,0.0,10.0,0.0
2008_08_OAK_BAL,2008,8,BAL,OAK,7,7,0,0.0,0.0,0.0,0.0,0.0,0.0,0.0,0.0,1.0,0.0,1.0,65.0,6.0,65.0,6.0,0.0,0.0,0.0,0.0,0.0,0.0
2008_08_ARI_CAR,2008,8,CAR,ARI,7,14,-7,0.0,0.0,0.0,0.0,1.0,-1.0,0.0,0.0,1.0,1.0,0.0,70.0,0.0,70.0,0.0,0.0,0.0,0.0,0.0,0.0,0.0
2008_08_TB_DAL,2008,8,DAL,TB,7,7,0,0.0,0.0,0.0,0.0,0.0,0.0,0.0,0.0,1.0,0.0,1.0,74.0,0.0,74.0,0.0,0.0,0.0,0.0,0.0,0.0,0.0
2008_08_WAS_DET,2008,8,DET,WAS,7,7,0,0.0,0.0,0.0,0.0,0.0,0.0,0.0,1.0,0.0,0.0,1.0,,,70.0,0.0,0.0,0.0,0.0,0.0,0.0,0.0
2008_08_BUF_MIA,2008,8,MIA,BUF,7,7,0,0.0,0.0,0.0,0.0,0.0,0.0,1.0,0.0,1.0,1.0,0.0,78.0,8.0,78.0,8.0,0.0,0.0,0.0,0.0,0.0,0.0
2008_08_STL_NE,2008,8,NE,STL,6,7,-1,1.0,0.0,-1.0,0.0,0.0,0.0,0.0,0.0,1.0,0.0,1.0,61.0,7.0,61.0,7.0,0.0,0.0,0.0,0.0,0.0,0.0
2008_08_SD_NO,2008,8,NO,SD,7,7,0,0.0,0.0,0.0,0.0,0.0,0.0,0.0,0.0,1.0,1.0,0.0,54.0,9.0,54.0,9.0,0.0,0.0,0.0,0.0,0.0,0.0
2008_08_KC_NYJ,2008,8,NYJ,KC,7,7,0,0.0,0.0,0.0,0.0,0.0,0.0,0.0,0.0,1.0,0.0,1.0,59.0,5.0,59.0,5.0,0.0,0.0,0.0,0.0,0.0,0.0
2008_08_ATL_PHI,2008,8,PHI,ATL,14,14,0,0.0,0.0,0.0,1.0,1.0,0.0,0.0,0.0,1.0,1.0,0.0,63.0,10.0,63.0,10.0,0.0,0.0,0.0,0.0,0.0,0.0
2008_08_CIN_HOU,2008,8,HOU,CIN,7,7,0,0.0,0.0,0.0,0.0,0.0,0.0,0.0,0.0,1.0,1.0,0.0,,,,,0.0,0.0,0.0,0.0,0.0,0.0
2008_08_CLE_JAX,2008,8,JAX,CLE,14,7,7,0.0,0.0,0.0,1.0,0.0,1.0,0.0,0.0,1.0,1.0,0.0,72.0,12.0,72.0,12.0,0.0,0.0,0.0,0.0,0.0,2.0
2008_08_NYG_PIT,2008,8,PIT,NYG,7,7,0,0.0,0.0,0.0,0.0,0.0,0.0,0.0,0.0,1.0,1.0,0.0,62.0,10.0,62.0,10.0,0.0,0.0,0.0,0.0,0.0,0.0
2008_08_SEA_SF,2008,8,SF,SEA,7,7,0,0.0,0.0,0.0,0.0,0.0,0.0,1.0,0.0,1.0,1.0,0.0,64.0,3.0,64.0,3.0,0.0,0.0,0.0,0.0,0.0,0.0
2008_08_IND_TEN,2008,8,TEN,IND,8,8,0,0.0,0.0,0.0,0.0,0.0,0.0,1.0,0.0,1.0,1.0,0.0,45.0,10.0,45.0,10.0,0.0,0.0,0.0,0.0,5.0,0.0
2008_09_NYJ_BUF,2008,9,BUF,NYJ,7,7,0,0.0,0.0,0.0,0.0,0.0,0.0,1.0,0.0,1.0,0.0,0.0,49.0,15.0,49.0,15.0,0.0,0.0,1.0,0.0,1.0,5.0
2008_09_DET_CHI,2008,9,CHI,DET,14,7,7,0.0,0.0,0.0,1.0,0.0,1.0,1.0,0.0,1.0,1.0,0.0,60.0,9.0,60.0,9.0,0.0,0.0,0.0,0.0,0.0,0.0
2008_09_JAX_CIN,2008,9,CIN,JAX,7,7,0,0.0,0.0,0.0,0.0,0.0,0.0,0.0,0.0,1.0,0.0,1.0,66.0,1.0,66.0,1.0,0.0,0.0,0.0,0.0,0.0,0.0
2008_09_BAL_CLE,2008,9,CLE,BAL,7,7,0,0.0,0.0,0.0,0.0,0.0,0.0,1.0,0.0,1.0,1.0,0.0,55.0,8.0,55.0,8.0,0.0,0.0,0.0,0.0,0.0,0.0
2008_09_TB_KC,2008,9,KC,TB,7,7,0,0.0,0.0,0.0,0.0,0.0,0.0,0.0,0.0,1.0,1.0,0.0,69.0,0.0,69.0,0.0,0.0,0.0,0.0,0.0,0.0,0.0
2008_09_HOU_MIN,2008,9,MIN,HOU,14,7,7,0.0,0.0,0.0,1.0,0.0,1.0,0.0,1.0,0.0,0.0,1.0,,,70.0,0.0,0.0,0.0,0.0,0.0,0.0,0.0
2008_09_ARI_STL,2008,9,STL,ARI,7,7,0,0.0,0.0,0.0,0.0,0.0,0.0,1.0,1.0,0.0,0.0,1.0,,,70.0,0.0,0.0,0.0,0.0,0.0,0.0,0.0
2008_09_GB_TEN,2008,9,TEN,GB,6,14,-8,1.0,0.0,-1.0,0.0,1.0,-1.0,0.0,0.0,1.0,1.0,0.0,69.0,0.0,69.0,0.0,0.0,0.0,0.0,0.0,0.0,0.0
2008_09_MIA_DEN,2008,9,DEN,MIA,13,7,6,0.0,0.0,0.0,1.0,0.0,1.0,0.0,0.0,1.0,1.0,0.0,77.0,11.0,77.0,11.0,0.0,0.0,0.0,0.0,0.0,1.0
2008_09_DAL_NYG,2008,9,NYG,DAL,7,7,0,0.0,0.0,0.0,0.0,0.0,0.0,1.0,0.0,1.0,0.0,1.0,48.0,6.0,48.0,6.0,0.0,0.0,0.0,0.0,2.0,0.0
2008_09_ATL_OAK,2008,9,OAK,ATL,7,7,0,0.0,0.0,0.0,0.0,0.0,0.0,0.0,0.0,1.0,1.0,0.0,63.0,10.0,63.0,10.0,0.0,0.0,0.0,0.0,0.0,0.0
2008_09_PHI_SEA,2008,9,SEA,PHI,7,7,0,0.0,0.0,0.0,0.0,0.0,0.0,0.0,0.0,1.0,0.0,1.0,58.0,13.0,58.0,13.0,0.0,0.0,0.0,0.0,0.0,3.0
2008_09_NE_IND,2008,9,IND,NE,6,7,-1,1.0,0.0,-1.0,0.0,0.0,0.0,0.0,0.0,1.0,0.0,1.0,,,,,0.0,0.0,0.0,0.0,0.0,0.0
2008_09_PIT_WAS,2008,9,WAS,PIT,8,8,0,0.0,0.0,0.0,0.0,0.0,0.0,0.0,0.0,1.0,1.0,0.0,51.0,0.0,51.0,0.0,0.0,0.0,0.0,0.0,0.0,0.0
2008_10_DEN_CLE,2008,10,CLE,DEN,4,4,0,1.0,1.0,0.0,0.0,0.0,0.0,0.0,0.0,1.0,1.0,0.0,56.0,6.0,56.0,6.0,0.0,0.0,0.0,0.0,0.0,0.0
2008_10_NO_ATL,2008,10,ATL,NO,7,14,-7,0.0,0.0,0.0,0.0,1.0,-1.0,1.0,1.0,0.0,0.0,1.0,,,70.0,0.0,0.0,0.0,0.0,0.0,0.0,0.0
2008_10_TEN_CHI,2008,10,CHI,TEN,7,7,0,0.0,0.0,0.0,0.0,0.0,0.0,0.0,0.0,1.0,1.0,0.0,37.0,16.0,37.0,16.0,1.0,0.0,1.0,0.0,13.0,6.0
2008_10_JAX_DET,2008,10,DET,JAX,7,7,0,0.0,0.0,0.0,0.0,0.0,0.0,0.0,1.0,0.0,0.0,1.0,,,70.0,0.0,0.0,0.0,0.0,0.0,0.0,0.0
2008_10_BAL_HOU,2008,10,HOU,BAL,7,7,0,0.0,0.0,0.0,0.0,0.0,0.0,0.0,0.0,1.0,1.0,0.0,,,,,0.0,0.0,0.0,0.0,0.0,0.0
2008_10_SEA_MIA,2008,10,MIA,SEA,7,7,0,0.0,0.0,0.0,0.0,0.0,0.0,0.0,0.0,1.0,1.0,0.0,78.0,15.0,78.0,15.0,0.0,0.0,1.0,0.0,0.0,5.0
2008_10_GB_MIN,2008,10,MIN,GB,7,7,0,0.0,0.0,0.0,0.0,0.0,0.0,1.0,1.0,0.0,0.0,1.0,,,70.0,0.0,0.0,0.0,0.0,0.0,0.0,0.0
2008_10_BUF_NE,2008,10,NE,BUF,7,7,0,0.0,0.0,0.0,0.0,0.0,0.0,1.0,0.0,1.0,0.0,1.0,54.0,15.0,54.0,15.0,0.0,0.0,1.0,0.0,0.0,5.0
2008_10_STL_NYJ,2008,10,NYJ,STL,7,7,0,0.0,0.0,0.0,0.0,0.0,0.0,0.0,0.0,1.0,0.0,1.0,53.0,14.0,53.0,14.0,0.0,0.0,0.0,0.0,0.0,4.0
2008_10_CAR_OAK,2008,10,OAK,CAR,7,14,-7,0.0,0.0,0.0,0.0,1.0,-1.0,0.0,0.0,1.0,1.0,0.0,62.0,12.0,62.0,12.0,0.0,0.0,0.0,0.0,0.0,2.0
2008_10_IND_PIT,2008,10,PIT,IND,6,7,-1,1.0,0.0,-1.0,0.0,0.0,0.0,0.0,0.0,1.0,1.0,0.0,44.0,11.0,44.0,11.0,0.0,0.0,0.0,0.0,6.0,1.0
2008_10_KC_SD,2008,10,SD,KC,14,7,7,0.0,0.0,0.0,1.0,0.0,1.0,1.0,0.0,1.0,1.0,0.0,62.0,24.0,62.0,24.0,0.0,0.0,1.0,1.0,0.0,14.0
2008_10_NYG_PHI,2008,10,PHI,NYG,7,7,0,0.0,0.0,0.0,0.0,0.0,0.0,1.0,0.0,1.0,1.0,0.0,48.0,5.0,48.0,5.0,0.0,0.0,0.0,0.0,2.0,0.0
2008_10_SF_ARI,2008,10,ARI,SF,8,15,-7,0.0,0.0,0.0,0.0,1.0,-1.0,1.0,0.0,1.0,1.0,0.0,,,,,0.0,0.0,0.0,0.0,0.0,0.0
2008_11_NYJ_NE,2008,11,NE,NYJ,4,4,0,1.0,1.0,0.0,0.0,0.0,0.0,1.0,0.0,1.0,0.0,1.0,44.0,6.0,44.0,6.0,0.0,0.0,0.0,0.0,6.0,0.0
2008_11_DEN_ATL,2008,11,ATL,DEN,7,10,-3,0.0,0.0,0.0,0.0,1.0,-1.0,0.0,1.0,0.0,0.0,1.0,,,70.0,0.0,0.0,0.0,0.0,0.0,0.0,0.0
2008_11_DET_CAR,2008,11,CAR,DET,7,7,0,0.0,0.0,0.0,0.0,0.0,0.0,0.0,0.0,1.0,1.0,0.0,54.0,10.0,54.0,10.0,0.0,0.0,0.0,0.0,0.0,0.0
2008_11_PHI_CIN,2008,11,CIN,PHI,14,7,7,0.0,0.0,0.0,1.0,0.0,1.0,0.0,0.0,1.0,0.0,1.0,38.0,15.0,38.0,15.0,1.0,0.0,1.0,0.0,12.0,5.0
2008_11_CHI_GB,2008,11,GB,CHI,7,7,0,0.0,0.0,0.0,0.0,0.0,0.0,1.0,0.0,1.0,1.0,0.0,33.0,15.0,33.0,15.0,1.0,0.0,1.0,0.0,17.0,5.0
2008_11_HOU_IND,2008,11,IND,HOU,7,7,0,0.0,0.0,0.0,0.0,0.0,0.0,1.0,1.0,0.0,0.0,1.0,,,70.0,0.0,0.0,0.0,0.0,0.0,0.0,0.0
2008_11_NO_KC,2008,11,KC,NO,7,7,0,0.0,0.0,0.0,0.0,0.0,0.0,0.0,0.0,1.0,1.0,0.0,53.0,10.0,53.0,10.0,0.0,0.0,0.0,0.0,0.0,0.0
2008_11_OAK_MIA,2008,11,MIA,OAK,7,7,0,0.0,0.0,0.0,0.0,0.0,0.0,0.0,0.0,1.0,1.0,0.0,67.0,11.0,67.0,11.0,0.0,0.0,0.0,0.0,0.0,1.0
2008_11_BAL_NYG,2008,11,NYG,BAL,7,7,0,0.0,0.0,0.0,0.0,0.0,0.0,0.0,0.0,1.0,0.0,1.0,49.0,19.0,49.0,19.0,0.0,0.0,1.0,0.0,1.0,9.0
2008_11_MIN_TB,2008,11,TB,MIN,14,7,7,0.0,0.0,0.0,1.0,0.0,1.0,0.0,0.0,1.0,1.0,0.0,62.0,10.0,62.0,10.0,0.0,0.0,0.0,0.0,0.0,0.0
2008_11_ARI_SEA,2008,11,SEA,ARI,7,6,1,0.0,1.0,1.0,0.0,0.0,0.0,1.0,0.0,1.0,0.0,1.0,52.0,3.0,52.0,3.0,0.0,0.0,0.0,0.0,0.0,0.0
2008_11_STL_SF,2008,11,SF,STL,6,7,-1,1.0,0.0,-1.0,0.0,0.0,0.0,1.0,0.0,1.0,1.0,0.0,75.0,5.0,75.0,5.0,0.0,0.0,0.0,0.0,0.0,0.0
2008_11_TEN_JAX,2008,11,JAX,TEN,7,7,0,0.0,0.0,0.0,0.0,0.0,0.0,1.0,0.0,1.0,1.0,0.0,60.0,10.0,60.0,10.0,0.0,0.0,0.0,0.0,0.0,0.0
2008_11_SD_PIT,2008,11,PIT,SD,7,7,0,0.0,0.0,0.0,0.0,0.0,0.0,0.0,0.0,1.0,1.0,0.0,35.0,14.0,35.0,14.0,1.0,0.0,0.0,0.0,15.0,4.0
2008_11_DAL_WAS,2008,11,WAS,DAL,13,14,-1,0.0,0.0,0.0,1.0,1.0,0.0,1.0,0.0,1.0,1.0,0.0,44.0,7.0,44.0,7.0,0.0,0.0,0.0,0.0,6.0,0.0
2008_11_CLE_BUF,2008,11,BUF,CLE,8,11,-3,0.0,0.0,0.0,0.0,1.0,-1.0,0.0,0.0,1.0,0.0,0.0,30.0,9.0,30.0,9.0,1.0,0.0,0.0,0.0,20.0,0.0
2008_12_CIN_PIT,2008,12,PIT,CIN,4,4,0,1.0,1.0,0.0,0.0,0.0,0.0,1.0,0.0,1.0,1.0,0.0,32.0,11.0,32.0,11.0,1.0,0.0,0.0,0.0,18.0,1.0
2008_12_PHI_BAL,2008,12,BAL,PHI,7,7,0,0.0,0.0,0.0,0.0,0.0,0.0,0.0,0.0,1.0,0.0,1.0,39.0,5.0,39.0,5.0,1.0,0.0,0.0,0.0,11.0,0.0
2008_12_HOU_CLE,2008,12,CLE,HOU,6,7,-1,1.0,0.0,-1.0,0.0,0.0,0.0,0.0,0.0,1.0,1.0,0.0,30.0,12.0,30.0,12.0,1.0,0.0,0.0,0.0,20.0,2.0
2008_12_SF_DAL,2008,12,DAL,SF,7,7,0,0.0,0.0,0.0,0.0,0.0,0.0,0.0,0.0,1.0,0.0,1.0,64.0,0.0,64.0,0.0,0.0,0.0,0.0,0.0,0.0,0.0
2008_12_TB_DET,2008,12,DET,TB,7,7,0,0.0,0.0,0.0,0.0,0.0,0.0,0.0,1.0,0.0,0.0,1.0,,,70.0,0.0,0.0,0.0,0.0,0.0,0.0,0.0
2008_12_MIN_JAX,2008,12,JAX,MIN,7,7,0,0.0,0.0,0.0,0.0,0.0,0.0,0.0,0.0,1.0,1.0,0.0,66.0,5.0,66.0,5.0,0.0,0.0,0.0,0.0,0.0,0.0
2008_12_BUF_KC,2008,12,KC,BUF,7,6,1,0.0,1.0,1.0,0.0,0.0,0.0,0.0,0.0,1.0,1.0,0.0,50.0,10.0,50.0,10.0,0.0,0.0,0.0,0.0,0.0,0.0
2008_12_NE_MIA,2008,12,MIA,NE,7,10,-3,0.0,0.0,0.0,0.0,1.0,-1.0,1.0,0.0,1.0,1.0,0.0,73.0,14.0,73.0,14.0,0.0,0.0,0.0,0.0,0.0,4.0
2008_12_CHI_STL,2008,12,STL,CHI,7,7,0,0.0,0.0,0.0,0.0,0.0,0.0,0.0,1.0,0.0,0.0,1.0,,,70.0,0.0,0.0,0.0,0.0,0.0,0.0,0.0
2008_12_NYJ_TEN,2008,12,TEN,NYJ,7,10,-3,0.0,0.0,0.0,0.0,1.0,-1.0,0.0,0.0,1.0,1.0,0.0,52.0,6.0,52.0,6.0,0.0,0.0,0.0,0.0,0.0,0.0
2008_12_OAK_DEN,2008,12,DEN,OAK,7,7,0,0.0,0.0,0.0,0.0,0.0,0.0,1.0,0.0,1.0,1.0,0.0,47.0,15.0,47.0,15.0,0.0,0.0,1.0,0.0,3.0,5.0
2008_12_NYG_ARI,2008,12,ARI,NYG,7,7,0,0.0,0.0,0.0,0.0,0.0,0.0,0.0,1.0,0.0,1.0,0.0,,,70.0,0.0,0.0,0.0,0.0,0.0,0.0,0.0
2008_12_CAR_ATL,2008,12,ATL,CAR,7,7,0,0.0,0.0,0.0,0.0,0.0,0.0,1.0,1.0,0.0,0.0,1.0,,,70.0,0.0,0.0,0.0,0.0,0.0,0.0,0.0
2008_12_WAS_SEA,2008,12,SEA,WAS,7,7,0,0.0,0.0,0.0,0.0,0.0,0.0,0.0,0.0,1.0,0.0,1.0,49.0,4.0,49.0,4.0,0.0,0.0,0.0,0.0,1.0,0.0
2008_12_IND_SD,2008,12,SD,IND,7,7,0,0.0,0.0,0.0,0.0,0.0,0.0,0.0,0.0,1.0,1.0,0.0,58.0,8.0,58.0,8.0,0.0,0.0,0.0,0.0,0.0,0.0
2008_12_GB_NO,2008,12,NO,GB,8,8,0,0.0,0.0,0.0,0.0,0.0,0.0,0.0,1.0,0.0,0.0,1.0,,,70.0,0.0,0.0,0.0,0.0,0.0,0.0,0.0
2008_13_TEN_DET,2008,13,DET,TEN,4,4,0,1.0,1.0,0.0,0.0,0.0,0.0,0.0,1.0,0.0,0.0,1.0,,,70.0,0.0,0.0,0.0,0.0,0.0,0.0,0.0
2008_13_SEA_DAL,2008,13,DAL,SEA,4,4,0,1.0,1.0,0.0,0.0,0.0,0.0,0.0,0.0,1.0,0.0,1.0,69.0,0.0,69.0,0.0,0.0,0.0,0.0,0.0,0.0,0.0
2008_13_ARI_PHI,2008,13,PHI,ARI,4,4,0,1.0,1.0,0.0,0.0,0.0,0.0,0.0,0.0,1.0,1.0,0.0,41.0,5.0,41.0,5.0,0.0,0.0,0.0,0.0,9.0,0.0
2008_13_SF_BUF,2008,13,BUF,SF,7,7,0,0.0,0.0,0.0,0.0,0.0,0.0,0.0,0.0,1.0,0.0,0.0,38.0,15.0,38.0,15.0,1.0,0.0,1.0,0.0,12.0,5.0
2008_13_BAL_CIN,2008,13,CIN,BAL,10,7,3,0.0,0.0,0.0,1.0,0.0,1.0,1.0,0.0,1.0,0.0,1.0,42.0,3.0,42.0,3.0,0.0,0.0,0.0,0.0,8.0,0.0
2008_13_IND_CLE,2008,13,CLE,IND,7,7,0,0.0,0.0,0.0,0.0,0.0,0.0,0.0,0.0,1.0,1.0,0.0,36.0,15.0,36.0,15.0,1.0,0.0,1.0,0.0,14.0,5.0
2008_13_CAR_GB,2008,13,GB,CAR,6,7,-1,1.0,0.0,-1.0,0.0,0.0,0.0,0.0,0.0,1.0,1.0,0.0,37.0,10.0,37.0,10.0,1.0,0.0,0.0,0.0,13.0,0.0
2008_13_MIA_STL,2008,13,STL,MIA,7,7,0,0.0,0.0,0.0,0.0,0.0,0.0,0.0,1.0,0.0,0.0,1.0,,,70.0,0.0,0.0,0.0,0.0,0.0,0.0,0.0
2008_13_NO_TB,2008,13,TB,NO,7,6,1,0.0,1.0,1.0,0.0,0.0,0.0,1.0,0.0,1.0,1.0,0.0,73.0,30.0,73.0,30.0,0.0,0.0,1.0,1.0,0.0,20.0
2008_13_NYG_WAS,2008,13,WAS,NYG,7,7,0,0.0,0.0,0.0,0.0,0.0,0.0,1.0,0.0,1.0,1.0,0.0,40.0,10.0,40.0,10.0,1.0,0.0,0.0,0.0,10.0,0.0
2008_13_ATL_SD,2008,13,SD,ATL,7,7,0,0.0,0.0,0.0,0.0,0.0,0.0,0.0,0.0,1.0,1.0,0.0,73.0,8.0,73.0,8.0,0.0,0.0,0.0,0.0,0.0,0.0
2008_13_PIT_NE,2008,13,NE,PIT,7,10,-3,0.0,0.0,0.0,0.0,1.0,-1.0,0.0,0.0,1.0,0.0,1.0,34.0,3.0,34.0,3.0,1.0,0.0,0.0,0.0,16.0,0.0
2008_13_DEN_NYJ,2008,13,NYJ,DEN,7,7,0,0.0,0.0,0.0,0.0,0.0,0.0,0.0,0.0,1.0,0.0,1.0,36.0,10.0,36.0,10.0,1.0,0.0,0.0,0.0,14.0,0.0
2008_13_KC_OAK,2008,13,OAK,KC,7,7,0,0.0,0.0,0.0,0.0,0.0,0.0,1.0,0.0,1.0,1.0,0.0,59.0,6.0,59.0,6.0,0.0,0.0,0.0,0.0,0.0,0.0
2008_13_CHI_MIN,2008,13,MIN,CHI,7,7,0,0.0,0.0,0.0,0.0,0.0,0.0,1.0,1.0,0.0,0.0,1.0,,,70.0,0.0,0.0,0.0,0.0,0.0,0.0,0.0
2008_13_JAX_HOU,2008,13,HOU,JAX,8,8,0,0.0,0.0,0.0,0.0,0.0,0.0,1.0,0.0,1.0,1.0,0.0,,,,,0.0,0.0,0.0,0.0,0.0,0.0
2008_14_OAK_SD,2008,14,SD,OAK,4,4,0,1.0,1.0,0.0,0.0,0.0,0.0,1.0,0.0,1.0,1.0,0.0,62.0,8.0,62.0,8.0,0.0,0.0,0.0,0.0,0.0,0.0
2008_14_JAX_CHI,2008,14,CHI,JAX,7,6,1,0.0,1.0,1.0,0.0,0.0,0.0,0.0,0.0,1.0,1.0,0.0,19.0,8.0,19.0,8.0,1.0,1.0,0.0,0.0,31.0,0.0
2008_14_MIN_DET,2008,14,DET,MIN,10,7,3,0.0,0.0,0.0,1.0,0.0,1.0,1.0,1.0,0.0,0.0,1.0,,,70.0,0.0,0.0,0.0,0.0,0.0,0.0,0.0
2008_14_HOU_GB,2008,14,GB,HOU,7,6,1,0.0,1.0,1.0,0.0,0.0,0.0,0.0,0.0,1.0,1.0,0.0,3.0,3.0,3.0,3.0,1.0,1.0,0.0,0.0,47.0,0.0
2008_14_CIN_IND,2008,14,IND,CIN,7,7,0,0.0,0.0,0.0,0.0,0.0,0.0,0.0,1.0,0.0,0.0,1.0,,,70.0,0.0,0.0,0.0,0.0,0.0,0.0,0.0
2008_14_ATL_NO,2008,14,NO,ATL,7,7,0,0.0,0.0,0.0,0.0,0.0,0.0,1.0,1.0,0.0,0.0,1.0,,,70.0,0.0,0.0,0.0,0.0,0.0,0.0,0.0
2008_14_PHI_NYG,2008,14,NYG,PHI,7,10,-3,0.0,0.0,0.0,0.0,1.0,-1.0,1.0,0.0,1.0,0.0,1.0,35.0,21.0,35.0,21.0,1.0,0.0,1.0,1.0,15.0,11.0
2008_14_CLE_TEN,2008,14,TEN,CLE,10,7,3,0.0,0.0,0.0,1.0,0.0,1.0,0.0,0.0,1.0,1.0,0.0,32.0,6.0,32.0,6.0,1.0,0.0,0.0,0.0,18.0,0.0
2008_14_MIA_BUF,2008,14,BUF,MIA,7,7,0,0.0,0.0,0.0,0.0,0.0,0.0,1.0,1.0,0.0,0.0,1.0,,,70.0,0.0,0.0,0.0,0.0,0.0,0.0,0.0
2008_14_KC_DEN,2008,14,DEN,KC,7,7,0,0.0,0.0,0.0,0.0,0.0,0.0,1.0,0.0,1.0,1.0,0.0,64.0,4.0,64.0,4.0,0.0,0.0,0.0,0.0,0.0,0.0
2008_14_NE_SEA,2008,14,SEA,NE,10,7,3,0.0,0.0,0.0,1.0,0.0,1.0,0.0,0.0,1.0,0.0,1.0,50.0,3.0,50.0,3.0,0.0,0.0,0.0,0.0,0.0,0.0
2008_14_NYJ_SF,2008,14,SF,NYJ,7,7,0,0.0,0.0,0.0,0.0,0.0,0.0,0.0,0.0,1.0,1.0,0.0,52.0,0.0,52.0,0.0,0.0,0.0,0.0,0.0,0.0,0.0
2008_14_STL_ARI,2008,14,ARI,STL,10,7,3,0.0,0.0,0.0,1.0,0.0,1.0,1.0,0.0,1.0,1.0,0.0,,,,,0.0,0.0,0.0,0.0,0.0,0.0
2008_14_DAL_PIT,2008,14,PIT,DAL,7,10,-3,0.0,0.0,0.0,0.0,1.0,-1.0,0.0,0.0,1.0,1.0,0.0,22.0,16.0,22.0,16.0,1.0,1.0,1.0,0.0,28.0,6.0
2008_14_WAS_BAL,2008,14,BAL,WAS,7,7,0,0.0,0.0,0.0,0.0,0.0,0.0,0.0,0.0,1.0,0.0,1.0,29.0,20.0,29.0,20.0,1.0,0.0,1.0,1.0,21.0,10.0
2008_14_TB_CAR,2008,14,CAR,TB,8,8,0,0.0,0.0,0.0,0.0,0.0,0.0,1.0,0.0,1.0,1.0,0.0,38.0,4.0,38.0,4.0,1.0,0.0,0.0,0.0,12.0,0.0
2008_15_NO_CHI,2008,15,CHI,NO,4,4,0,1.0,1.0,0.0,0.0,0.0,0.0,0.0,0.0,1.0,1.0,0.0,28.0,11.0,28.0,11.0,1.0,0.0,0.0,0.0,22.0,1.0
2008_15_TB_ATL,2008,15,ATL,TB,7,6,1,0.0,1.0,1.0,0.0,0.0,0.0,1.0,1.0,0.0,0.0,1.0,,,70.0,0.0,0.0,0.0,0.0,0.0,0.0,0.0
2008_15_WAS_CIN,2008,15,CIN,WAS,7,7,0,0.0,0.0,0.0,0.0,0.0,0.0,0.0,0.0,1.0,0.0,1.0,49.0,15.0,49.0,15.0,0.0,0.0,1.0,0.0,1.0,5.0
2008_15_TEN_HOU,2008,15,HOU,TEN,7,7,0,0.0,0.0,0.0,0.0,0.0,0.0,1.0,0.0,1.0,1.0,0.0,,,,,0.0,0.0,0.0,0.0,0.0,0.0
2008_15_DET_IND,2008,15,IND,DET,7,7,0,0.0,0.0,0.0,0.0,0.0,0.0,0.0,1.0,0.0,0.0,1.0,,,70.0,0.0,0.0,0.0,0.0,0.0,0.0,0.0
2008_15_GB_JAX,2008,15,JAX,GB,7,7,0,0.0,0.0,0.0,0.0,0.0,0.0,0.0,0.0,1.0,1.0,0.0,67.0,6.0,67.0,6.0,0.0,0.0,0.0,0.0,0.0,0.0
2008_15_SD_KC,2008,15,KC,SD,7,10,-3,0.0,0.0,0.0,0.0,1.0,-1.0,1.0,0.0,1.0,1.0,0.0,36.0,25.0,36.0,25.0,1.0,0.0,1.0,1.0,14.0,15.0
2008_15_SF_MIA,2008,15,MIA,SF,7,7,0,0.0,0.0,0.0,0.0,0.0,0.0,0.0,0.0,1.0,1.0,0.0,77.0,17.0,77.0,17.0,0.0,0.0,1.0,0.0,0.0,7.0
2008_15_BUF_NYJ,2008,15,NYJ,BUF,7,7,0,0.0,0.0,0.0,0.0,0.0,0.0,1.0,0.0,1.0,0.0,1.0,40.0,20.0,40.0,20.0,1.0,0.0,1.0,1.0,10.0,10.0
2008_15_SEA_STL,2008,15,STL,SEA,7,7,0,0.0,0.0,0.0,0.0,0.0,0.0,1.0,1.0,0.0,0.0,1.0,,,70.0,0.0,0.0,0.0,0.0,0.0,0.0,0.0
2008_15_MIN_ARI,2008,15,ARI,MIN,7,7,0,0.0,0.0,0.0,0.0,0.0,0.0,0.0,0.0,1.0,1.0,0.0,,,,,0.0,0.0,0.0,0.0,0.0,0.0
2008_15_PIT_BAL,2008,15,BAL,PIT,7,7,0,0.0,0.0,0.0,0.0,0.0,0.0,1.0,0.0,1.0,0.0,1.0,45.0,14.0,45.0,14.0,0.0,0.0,0.0,0.0,5.0,4.0
2008_15_DEN_CAR,2008,15,CAR,DEN,6,7,-1,1.0,0.0,-1.0,0.0,0.0,0.0,0.0,0.0,1.0,1.0,0.0,46.0,5.0,46.0,5.0,0.0,0.0,0.0,0.0,4.0,0.0
2008_15_NE_OAK,2008,15,OAK,NE,10,7,3,0.0,0.0,0.0,1.0,0.0,1.0,0.0,0.0,1.0,1.0,0.0,44.0,15.0,44.0,15.0,0.0,0.0,1.0,0.0,6.0,5.0
2008_15_NYG_DAL,2008,15,DAL,NYG,7,7,0,0.0,0.0,0.0,0.0,0.0,0.0,1.0,0.0,1.0,0.0,1.0,71.0,0.0,71.0,0.0,0.0,0.0,0.0,0.0,0.0,0.0
2008_15_CLE_PHI,2008,15,PHI,CLE,8,8,0,0.0,0.0,0.0,0.0,0.0,0.0,0.0,0.0,1.0,1.0,0.0,58.0,12.0,58.0,12.0,0.0,0.0,0.0,0.0,0.0,2.0
2008_16_IND_JAX,2008,16,JAX,IND,4,4,0,1.0,1.0,0.0,0.0,0.0,0.0,1.0,0.0,1.0,1.0,0.0,66.0,4.0,66.0,4.0,0.0,0.0,0.0,0.0,0.0,0.0
2008_16_BAL_DAL,2008,16,DAL,BAL,6,6,0,1.0,1.0,0.0,0.0,0.0,0.0,0.0,0.0,1.0,0.0,1.0,45.0,0.0,45.0,0.0,0.0,0.0,0.0,0.0,5.0,0.0
2008_16_CIN_CLE,2008,16,CLE,CIN,6,7,-1,1.0,0.0,-1.0,0.0,0.0,0.0,1.0,0.0,1.0,1.0,0.0,18.0,26.0,18.0,26.0,1.0,1.0,1.0,1.0,32.0,16.0
2008_16_NO_DET,2008,16,DET,NO,7,10,-3,0.0,0.0,0.0,0.0,1.0,-1.0,0.0,1.0,0.0,0.0,1.0,,,70.0,0.0,0.0,0.0,0.0,0.0,0.0,0.0
2008_16_MIA_KC,2008,16,KC,MIA,7,7,0,0.0,0.0,0.0,0.0,0.0,0.0,0.0,0.0,1.0,1.0,0.0,10.0,20.0,10.0,20.0,1.0,1.0,1.0,1.0,40.0,10.0
2008_16_ARI_NE,2008,16,NE,ARI,7,7,0,0.0,0.0,0.0,0.0,0.0,0.0,0.0,0.0,1.0,0.0,1.0,30.0,10.0,30.0,10.0,1.0,0.0,0.0,0.0,20.0,0.0
2008_16_SF_STL,2008,16,STL,SF,7,7,0,0.0,0.0,0.0,0.0,0.0,0.0,1.0,1.0,0.0,0.0,1.0,,,70.0,0.0,0.0,0.0,0.0,0.0,0.0,0.0
2008_16_SD_TB,2008,16,TB,SD,7,7,0,0.0,0.0,0.0,0.0,0.0,0.0,0.0,0.0,1.0,1.0,0.0,72.0,10.0,72.0,10.0,0.0,0.0,0.0,0.0,0.0,0.0
2008_16_PIT_TEN,2008,16,TEN,PIT,7,7,0,0.0,0.0,0.0,0.0,0.0,0.0,0.0,0.0,1.0,1.0,0.0,29.0,11.0,29.0,11.0,1.0,0.0,0.0,0.0,21.0,1.0
2008_16_BUF_DEN,2008,16,DEN,BUF,7,7,0,0.0,0.0,0.0,0.0,0.0,0.0,0.0,0.0,1.0,1.0,0.0,17.0,8.0,17.0,8.0,1.0,1.0,0.0,0.0,33.0,0.0
2008_16_HOU_OAK,2008,16,OAK,HOU,7,7,0,0.0,0.0,0.0,0.0,0.0,0.0,0.0,0.0,1.0,1.0,0.0,48.0,6.0,48.0,6.0,0.0,0.0,0.0,0.0,2.0,0.0
2008_16_NYJ_SEA,2008,16,SEA,NYJ,7,7,0,0.0,0.0,0.0,0.0,0.0,0.0,0.0,0.0,1.0,0.0,1.0,31.0,11.0,31.0,11.0,1.0,0.0,0.0,0.0,19.0,1.0
2008_16_ATL_MIN,2008,16,MIN,ATL,7,7,0,0.0,0.0,0.0,0.0,0.0,0.0,0.0,1.0,0.0,0.0,1.0,,,70.0,0.0,0.0,0.0,0.0,0.0,0.0,0.0
2008_16_PHI_WAS,2008,16,WAS,PHI,7,6,1,0.0,1.0,1.0,0.0,0.0,0.0,1.0,0.0,1.0,1.0,0.0,42.0,17.0,42.0,17.0,0.0,0.0,1.0,0.0,8.0,7.0
2008_16_CAR_NYG,2008,16,NYG,CAR,7,7,0,0.0,0.0,0.0,0.0,0.0,0.0,0.0,0.0,1.0,0.0,1.0,34.0,18.0,34.0,18.0,1.0,0.0,1.0,0.0,16.0,8.0
2008_16_GB_CHI,2008,16,CHI,GB,11,8,3,0.0,0.0,0.0,1.0,0.0,1.0,1.0,0.0,1.0,1.0,0.0,2.0,9.0,2.0,9.0,1.0,1.0,0.0,0.0,48.0,0.0
2008_17_STL_ATL,2008,17,ATL,STL,7,7,0,0.0,0.0,0.0,0.0,0.0,0.0,0.0,1.0,0.0,0.0,1.0,,,70.0,0.0,0.0,0.0,0.0,0.0,0.0,0.0
2008_17_NE_BUF,2008,17,BUF,NE,7,7,0,0.0,0.0,0.0,0.0,0.0,0.0,1.0,0.0,1.0,0.0,0.0,39.0,30.0,39.0,30.0,1.0,0.0,1.0,1.0,11.0,20.0
2008_17_KC_CIN,2008,17,CIN,KC,7,7,0,0.0,0.0,0.0,0.0,0.0,0.0,0.0,0.0,1.0,0.0,1.0,43.0,17.0,43.0,17.0,0.0,0.0,1.0,0.0,7.0,7.0
2008_17_DET_GB,2008,17,GB,DET,6,7,-1,1.0,0.0,-1.0,0.0,0.0,0.0,1.0,0.0,1.0,1.0,0.0,22.0,13.0,22.0,13.0,1.0,1.0,0.0,0.0,28.0,3.0
2008_17_CHI_HOU,2008,17,HOU,CHI,7,6,1,0.0,1.0,1.0,0.0,0.0,0.0,0.0,0.0,1.0,1.0,0.0,,,,,0.0,0.0,0.0,0.0,0.0,0.0
2008_17_TEN_IND,2008,17,IND,TEN,10,7,3,0.0,0.0,0.0,1.0,0.0,1.0,1.0,1.0,0.0,0.0,1.0,,,70.0,0.0,0.0,0.0,0.0,0.0,0.0,0.0
2008_17_NYG_MIN,2008,17,MIN,NYG,7,7,0,0.0,0.0,0.0,0.0,0.0,0.0,0.0,1.0,0.0,0.0,1.0,,,70.0,0.0,0.0,0.0,0.0,0.0,0.0,0.0
2008_17_CAR_NO,2008,17,NO,CAR,7,7,0,0.0,0.0,0.0,0.0,0.0,0.0,1.0,1.0,0.0,0.0,1.0,,,70.0,0.0,0.0,0.0,0.0,0.0,0.0,0.0
2008_17_CLE_PIT,2008,17,PIT,CLE,7,7,0,0.0,0.0,0.0,0.0,0.0,0.0,1.0,0.0,1.0,1.0,0.0,48.0,22.0,48.0,22.0,0.0,0.0,1.0,1.0,2.0,12.0
2008_17_OAK_TB,2008,17,TB,OAK,7,7,0,0.0,0.0,0.0,0.0,0.0,0.0,0.0,0.0,1.0,1.0,0.0,77.0,5.0,77.0,5.0,0.0,0.0,0.0,0.0,0.0,0.0
2008_17_SEA_ARI,2008,17,ARI,SEA,7,7,0,0.0,0.0,0.0,0.0,0.0,0.0,1.0,1.0,0.0,1.0,0.0,,,70.0,0.0,0.0,0.0,0.0,0.0,0.0,0.0
2008_17_JAX_BAL,2008,17,BAL,JAX,8,10,-2,0.0,0.0,0.0,0.0,1.0,-1.0,0.0,0.0,1.0,0.0,1.0,62.0,18.0,62.0,18.0,0.0,0.0,1.0,0.0,0.0,8.0
2008_17_MIA_NYJ,2008,17,NYJ,MIA,7,7,0,0.0,0.0,0.0,0.0,0.0,0.0,1.0,0.0,1.0,0.0,1.0,65.0,15.0,65.0,15.0,0.0,0.0,1.0,0.0,0.0,5.0
2008_17_DAL_PHI,2008,17,PHI,DAL,7,8,-1,0.0,0.0,0.0,0.0,0.0,0.0,1.0,0.0,1.0,1.0,0.0,62.0,17.0,62.0,17.0,0.0,0.0,1.0,0.0,0.0,7.0
2008_17_WAS_SF,2008,17,SF,WAS,7,7,0,0.0,0.0,0.0,0.0,0.0,0.0,0.0,0.0,1.0,1.0,0.0,50.0,5.0,50.0,5.0,0.0,0.0,0.0,0.0,0.0,0.0
2008_17_DEN_SD,2008,17,SD,DEN,7,7,0,0.0,0.0,0.0,0.0,0.0,0.0,1.0,0.0,1.0,1.0,0.0,58.0,8.0,58.0,8.0,0.0,0.0,0.0,0.0,0.0,0.0
2008_18_ATL_ARI,2008,18,ARI,ATL,6,6,0,1.0,1.0,0.0,0.0,0.0,0.0,0.0,1.0,0.0,1.0,0.0,,,70.0,0.0,0.0,0.0,0.0,0.0,0.0,0.0
2008_18_IND_SD,2008,18,SD,IND,6,6,0,1.0,1.0,0.0,0.0,0.0,0.0,0.0,0.0,1.0,1.0,0.0,53.0,8.0,53.0,8.0,0.0,0.0,0.0,0.0,0.0,0.0
2008_18_BAL_MIA,2008,18,MIA,BAL,7,7,0,0.0,0.0,0.0,0.0,0.0,0.0,0.0,0.0,1.0,1.0,0.0,79.0,16.0,79.0,16.0,0.0,0.0,1.0,0.0,0.0,6.0
2008_18_PHI_MIN,2008,18,MIN,PHI,7,7,0,0.0,0.0,0.0,0.0,0.0,0.0,0.0,1.0,0.0,0.0,1.0,,,70.0,0.0,0.0,0.0,0.0,0.0,0.0,0.0
2008_19_BAL_TEN,2008,19,TEN,BAL,13,6,7,0.0,1.0,1.0,1.0,0.0,1.0,0.0,0.0,1.0,1.0,0.0,53.0,11.0,53.0,11.0,0.0,0.0,0.0,0.0,0.0,1.0
2008_19_ARI_CAR,2008,19,CAR,ARI,13,7,6,0.0,0.0,0.0,1.0,0.0,1.0,0.0,0.0,1.0,1.0,0.0,45.0,10.0,45.0,10.0,0.0,0.0,0.0,0.0,5.0,0.0
2008_19_PHI_NYG,2008,19,NYG,PHI,14,7,7,0.0,0.0,0.0,1.0,0.0,1.0,1.0,0.0,1.0,0.0,1.0,30.0,20.0,30.0,20.0,1.0,0.0,1.0,1.0,20.0,10.0
2008_19_SD_PIT,2008,19,PIT,SD,14,8,6,0.0,0.0,0.0,1.0,0.0,1.0,0.0,0.0,1.0,1.0,0.0,26.0,5.0,26.0,5.0,1.0,0.0,0.0,0.0,24.0,0.0
2008_20_PHI_ARI,2008,20,ARI,PHI,8,7,1,0.0,0.0,0.0,0.0,0.0,0.0,0.0,1.0,0.0,1.0,0.0,,,70.0,0.0,0.0,0.0,0.0,0.0,0.0,0.0
2008_20_BAL_PIT,2008,20,PIT,BAL,7,8,-1,0.0,0.0,0.0,0.0,0.0,0.0,1.0,0.0,1.0,1.0,0.0,26.0,12.0,26.0,12.0,1.0,0.0,0.0,0.0,24.0,2.0
2008_21_PIT_ARI,2008,21,ARI,PIT,14,14,0,0.0,0.0,0.0,1.0,1.0,0.0,0.0,0.0,1.0,1.0,0.0,66.0,1.0,66.0,1.0,0.0,0.0,0.0,0.0,0.0,0.0
2009_01_TEN_PIT,2009,1,PIT,TEN,7,7,0,0.0,0.0,0.0,0.0,0.0,0.0,0.0,0.0,1.0,1.0,0.0,67.0,9.0,67.0,9.0,0.0,0.0,0.0,0.0,0.0,0.0
2009_01_MIA_ATL,2009,1,ATL,MIA,7,7,0,0.0,0.0,0.0,0.0,0.0,0.0,0.0,1.0,0.0,0.0,1.0,,,70.0,0.0,0.0,0.0,0.0,0.0,0.0,0.0
2009_01_KC_BAL,2009,1,BAL,KC,7,7,0,0.0,0.0,0.0,0.0,0.0,0.0,0.0,0.0,1.0,0.0,1.0,76.0,5.0,76.0,5.0,0.0,0.0,0.0,0.0,0.0,0.0
2009_01_PHI_CAR,2009,1,CAR,PHI,7,7,0,0.0,0.0,0.0,0.0,0.0,0.0,0.0,0.0,1.0,1.0,0.0,82.0,5.0,82.0,5.0,0.0,0.0,0.0,0.0,0.0,0.0
2009_01_DEN_CIN,2009,1,CIN,DEN,7,7,0,0.0,0.0,0.0,0.0,0.0,0.0,0.0,0.0,1.0,0.0,1.0,73.0,7.0,73.0,7.0,0.0,0.0,0.0,0.0,0.0,0.0
2009_01_MIN_CLE,2009,1,CLE,MIN,7,7,0,0.0,0.0,0.0,0.0,0.0,0.0,0.0,0.0,1.0,1.0,0.0,70.0,6.0,70.0,6.0,0.0,0.0,0.0,0.0,0.0,0.0
2009_01_NYJ_HOU,2009,1,HOU,NYJ,7,7,0,0.0,0.0,0.0,0.0,0.0,0.0,0.0,1.0,0.0,1.0,0.0,,,70.0,0.0,0.0,0.0,0.0,0.0,0.0,0.0
2009_01_JAX_IND,2009,1,IND,JAX,7,7,0,0.0,0.0,0.0,0.0,0.0,0.0,1.0,0.0,1.0,0.0,1.0,,,,,0.0,0.0,0.0,0.0,0.0,0.0
2009_01_DET_NO,2009,1,NO,DET,7,7,0,0.0,0.0,0.0,0.0,0.0,0.0,0.0,1.0,0.0,0.0,1.0,,,70.0,0.0,0.0,0.0,0.0,0.0,0.0,0.0
2009_01_DAL_TB,2009,1,TB,DAL,7,7,0,0.0,0.0,0.0,0.0,0.0,0.0,0.0,0.0,1.0,1.0,0.0,85.0,6.0,85.0,6.0,0.0,0.0,0.0,0.0,0.0,0.0
2009_01_SF_ARI,2009,1,ARI,SF,7,7,0,0.0,0.0,0.0,0.0,0.0,0.0,1.0,1.0,0.0,1.0,0.0,,,70.0,0.0,0.0,0.0,0.0,0.0,0.0,0.0
2009_01_WAS_NYG,2009,1,NYG,WAS,7,7,0,0.0,0.0,0.0,0.0,0.0,0.0,1.0,0.0,1.0,0.0,1.0,80.0,8.0,80.0,8.0,0.0,0.0,0.0,0.0,0.0,0.0
2009_01_STL_SEA,2009,1,SEA,STL,7,7,0,0.0,0.0,0.0,0.0,0.0,0.0,1.0,0.0,1.0,0.0,1.0,73.0,5.0,73.0,5.0,0.0,0.0,0.0,0.0,0.0,0.0
2009_01_CHI_GB,2009,1,GB,CHI,7,7,0,0.0,0.0,0.0,0.0,0.0,0.0,1.0,0.0,1.0,1.0,0.0,76.0,0.0,76.0,0.0,0.0,0.0,0.0,0.0,0.0,0.0
2009_01_BUF_NE,2009,1,NE,BUF,7,7,0,0.0,0.0,0.0,0.0,0.0,0.0,1.0,0.0,1.0,0.0,1.0,70.0,5.0,70.0,5.0,0.0,0.0,0.0,0.0,0.0,0.0
2009_01_SD_OAK,2009,1,OAK,SD,7,7,0,0.0,0.0,0.0,0.0,0.0,0.0,1.0,0.0,1.0,1.0,0.0,63.0,12.0,63.0,12.0,0.0,0.0,0.0,0.0,0.0,2.0
2009_02_CAR_ATL,2009,2,ATL,CAR,7,7,0,0.0,0.0,0.0,0.0,0.0,0.0,1.0,1.0,0.0,0.0,1.0,,,70.0,0.0,0.0,0.0,0.0,0.0,0.0,0.0
2009_02_MIN_DET,2009,2,DET,MIN,7,7,0,0.0,0.0,0.0,0.0,0.0,0.0,1.0,1.0,0.0,0.0,1.0,,,70.0,0.0,0.0,0.0,0.0,0.0,0.0,0.0
2009_02_CIN_GB,2009,2,GB,CIN,7,7,0,0.0,0.0,0.0,0.0,0.0,0.0,0.0,0.0,1.0,1.0,0.0,68.0,7.0,68.0,7.0,0.0,0.0,0.0,0.0,0.0,0.0
2009_02_ARI_JAX,2009,2,JAX,ARI,7,7,0,0.0,0.0,0.0,0.0,0.0,0.0,0.0,0.0,1.0,1.0,0.0,83.0,8.0,83.0,8.0,0.0,0.0,0.0,0.0,0.0,0.0
2009_02_OAK_KC,2009,2,KC,OAK,7,6,1,0.0,1.0,1.0,0.0,0.0,0.0,1.0,0.0,1.0,1.0,0.0,72.0,5.0,72.0,5.0,0.0,0.0,0.0,0.0,0.0,0.0
2009_02_NE_NYJ,2009,2,NYJ,NE,7,6,1,0.0,1.0,1.0,0.0,0.0,0.0,1.0,0.0,1.0,0.0,1.0,69.0,5.0,69.0,5.0,0.0,0.0,0.0,0.0,0.0,0.0
2009_02_NO_PHI,2009,2,PHI,NO,7,7,0,0.0,0.0,0.0,0.0,0.0,0.0,0.0,0.0,1.0,1.0,0.0,68.0,2.0,68.0,2.0,0.0,0.0,0.0,0.0,0.0,0.0
2009_02_HOU_TEN,2009,2,TEN,HOU,10,7,3,0.0,0.0,0.0,1.0,0.0,1.0,1.0,0.0,1.0,1.0,0.0,77.0,13.0,77.0,13.0,0.0,0.0,0.0,0.0,0.0,3.0
2009_02_STL_WAS,2009,2,WAS,STL,7,7,0,0.0,0.0,0.0,0.0,0.0,0.0,0.0,0.0,1.0,1.0,0.0,72.0,7.0,72.0,7.0,0.0,0.0,0.0,0.0,0.0,0.0
2009_02_TB_BUF,2009,2,BUF,TB,6,7,-1,1.0,0.0,-1.0,0.0,0.0,0.0,0.0,0.0,1.0,0.0,0.0,74.0,4.0,74.0,4.0,0.0,0.0,0.0,0.0,0.0,0.0
2009_02_SEA_SF,2009,2,SF,SEA,7,7,0,0.0,0.0,0.0,0.0,0.0,0.0,1.0,0.0,1.0,1.0,0.0,68.0,0.0,68.0,0.0,0.0,0.0,0.0,0.0,0.0,0.0
2009_02_PIT_CHI,2009,2,CHI,PIT,7,10,-3,0.0,0.0,0.0,0.0,1.0,-1.0,0.0,0.0,1.0,1.0,0.0,70.0,13.0,70.0,13.0,0.0,0.0,0.0,0.0,0.0,3.0
2009_02_CLE_DEN,2009,2,DEN,CLE,7,7,0,0.0,0.0,0.0,0.0,0.0,0.0,0.0,0.0,1.0,1.0,0.0,82.0,9.0,82.0,9.0,0.0,0.0,0.0,0.0,0.0,0.0
2009_02_BAL_SD,2009,2,SD,BAL,6,7,-1,1.0,0.0,-1.0,0.0,0.0,0.0,0.0,0.0,1.0,1.0,0.0,83.0,8.0,83.0,8.0,0.0,0.0,0.0,0.0,0.0,0.0
2009_02_NYG_DAL,2009,2,DAL,NYG,7,7,0,0.0,0.0,0.0,0.0,0.0,0.0,1.0,0.0,1.0,0.0,1.0,,,,,0.0,0.0,0.0,0.0,0.0,0.0
2009_02_IND_MIA,2009,2,MIA,IND,8,8,0,0.0,0.0,0.0,0.0,0.0,0.0,0.0,0.0,1.0,1.0,0.0,84.0,10.0,84.0,10.0,0.0,0.0,0.0,0.0,0.0,0.0
2009_03_CLE_BAL,2009,3,BAL,CLE,7,7,0,0.0,0.0,0.0,0.0,0.0,0.0,1.0,0.0,1.0,0.0,1.0,72.0,6.0,72.0,6.0,0.0,0.0,0.0,0.0,0.0,0.0
2009_03_WAS_DET,2009,3,DET,WAS,7,7,0,0.0,0.0,0.0,0.0,0.0,0.0,0.0,1.0,0.0,0.0,1.0,,,70.0,0.0,0.0,0.0,0.0,0.0,0.0,0.0
2009_03_JAX_HOU,2009,3,HOU,JAX,7,7,0,0.0,0.0,0.0,0.0,0.0,0.0,1.0,1.0,0.0,1.0,0.0,,,70.0,0.0,0.0,0.0,0.0,0.0,0.0,0.0
2009_03_SF_MIN,2009,3,MIN,SF,7,7,0,0.0,0.0,0.0,0.0,0.0,0.0,0.0,1.0,0.0,0.0,1.0,,,70.0,0.0,0.0,0.0,0.0,0.0,0.0,0.0
2009_03_ATL_NE,2009,3,NE,ATL,7,7,0,0.0,0.0,0.0,0.0,0.0,0.0,0.0,0.0,1.0,0.0,1.0,62.0,0.0,62.0,0.0,0.0,0.0,0.0,0.0,0.0,0.0
2009_03_TEN_NYJ,2009,3,NYJ,TEN,7,7,0,0.0,0.0,0.0,0.0,0.0,0.0,0.0,0.0,1.0,0.0,1.0,66.0,8.0,66.0,8.0,0.0,0.0,0.0,0.0,0.0,0.0
2009_03_KC_PHI,2009,3,PHI,KC,7,7,0,0.0,0.0,0.0,0.0,0.0,0.0,0.0,0.0,1.0,1.0,0.0,69.0,6.0,69.0,6.0,0.0,0.0,0.0,0.0,0.0,0.0
2009_03_GB_STL,2009,3,STL,GB,7,7,0,0.0,0.0,0.0,0.0,0.0,0.0,0.0,1.0,0.0,0.0,1.0,,,70.0,0.0,0.0,0.0,0.0,0.0,0.0,0.0
2009_03_NYG_TB,2009,3,TB,NYG,7,7,0,0.0,0.0,0.0,0.0,0.0,0.0,0.0,0.0,1.0,1.0,0.0,88.0,12.0,88.0,12.0,0.0,0.0,0.0,0.0,0.0,2.0
2009_03_NO_BUF,2009,3,BUF,NO,7,7,0,0.0,0.0,0.0,0.0,0.0,0.0,0.0,0.0,1.0,0.0,0.0,64.0,9.0,64.0,9.0,0.0,0.0,0.0,0.0,0.0,0.0
2009_03_CHI_SEA,2009,3,SEA,CHI,7,7,0,0.0,0.0,0.0,0.0,0.0,0.0,0.0,0.0,1.0,0.0,1.0,60.0,7.0,60.0,7.0,0.0,0.0,0.0,0.0,0.0,0.0
2009_03_PIT_CIN,2009,3,CIN,PIT,7,7,0,0.0,0.0,0.0,0.0,0.0,0.0,1.0,0.0,1.0,0.0,1.0,65.0,9.0,65.0,9.0,0.0,0.0,0.0,0.0,0.0,0.0
2009_03_DEN_OAK,2009,3,OAK,DEN,7,7,0,0.0,0.0,0.0,0.0,0.0,0.0,1.0,0.0,1.0,1.0,0.0,81.0,6.0,81.0,6.0,0.0,0.0,0.0,0.0,0.0,0.0
2009_03_MIA_SD,2009,3,SD,MIA,7,6,1,0.0,1.0,1.0,0.0,0.0,0.0,0.0,0.0,1.0,1.0,0.0,80.0,11.0,80.0,11.0,0.0,0.0,0.0,0.0,0.0,1.0
2009_03_IND_ARI,2009,3,ARI,IND,7,6,1,0.0,1.0,1.0,0.0,0.0,0.0,0.0,1.0,0.0,1.0,0.0,,,70.0,0.0,0.0,0.0,0.0,0.0,0.0,0.0
2009_03_CAR_DAL,2009,3,DAL,CAR,8,8,0,0.0,0.0,0.0,0.0,0.0,0.0,0.0,1.0,0.0,0.0,1.0,,,70.0,0.0,0.0,0.0,0.0,0.0,0.0,0.0
2009_04_DET_CHI,2009,4,CHI,DET,7,7,0,0.0,0.0,0.0,0.0,0.0,0.0,1.0,0.0,1.0,1.0,0.0,53.0,14.0,53.0,14.0,0.0,0.0,0.0,0.0,0.0,4.0
2009_04_CIN_CLE,2009,4,CLE,CIN,7,7,0,0.0,0.0,0.0,0.0,0.0,0.0,1.0,0.0,1.0,1.0,0.0,58.0,15.0,58.0,15.0,0.0,0.0,1.0,0.0,0.0,5.0
2009_04_OAK_HOU,2009,4,HOU,OAK,7,7,0,0.0,0.0,0.0,0.0,0.0,0.0,0.0,1.0,0.0,1.0,0.0,,,70.0,0.0,0.0,0.0,0.0,0.0,0.0,0.0
2009_04_SEA_IND,2009,4,IND,SEA,7,7,0,0.0,0.0,0.0,0.0,0.0,0.0,0.0,0.0,1.0,0.0,1.0,,,,,0.0,0.0,0.0,0.0,0.0,0.0
2009_04_TEN_JAX,2009,4,JAX,TEN,7,7,0,0.0,0.0,0.0,0.0,0.0,0.0,1.0,0.0,1.0,1.0,0.0,79.0,5.0,79.0,5.0,0.0,0.0,0.0,0.0,0.0,0.0
2009_04_NYG_KC,2009,4,KC,NYG,7,7,0,0.0,0.0,0.0,0.0,0.0,0.0,0.0,0.0,1.0,1.0,0.0,59.0,10.0,59.0,10.0,0.0,0.0,0.0,0.0,0.0,0.0
2009_04_BAL_NE,2009,4,NE,BAL,7,7,0,0.0,0.0,0.0,0.0,0.0,0.0,0.0,0.0,1.0,0.0,1.0,64.0,2.0,64.0,2.0,0.0,0.0,0.0,0.0,0.0,0.0
2009_04_TB_WAS,2009,4,WAS,TB,7,7,0,0.0,0.0,0.0,0.0,0.0,0.0,0.0,0.0,1.0,1.0,0.0,69.0,10.0,69.0,10.0,0.0,0.0,0.0,0.0,0.0,0.0
2009_04_BUF_MIA,2009,4,MIA,BUF,7,7,0,0.0,0.0,0.0,0.0,0.0,0.0,1.0,0.0,1.0,1.0,0.0,88.0,10.0,88.0,10.0,0.0,0.0,0.0,0.0,0.0,0.0
2009_04_NYJ_NO,2009,4,NO,NYJ,7,7,0,0.0,0.0,0.0,0.0,0.0,0.0,0.0,1.0,0.0,0.0,1.0,,,70.0,0.0,0.0,0.0,0.0,0.0,0.0,0.0
2009_04_DAL_DEN,2009,4,DEN,DAL,7,6,1,0.0,1.0,1.0,0.0,0.0,0.0,0.0,0.0,1.0,1.0,0.0,55.0,6.0,55.0,6.0,0.0,0.0,0.0,0.0,0.0,0.0
2009_04_STL_SF,2009,4,SF,STL,7,7,0,0.0,0.0,0.0,0.0,0.0,0.0,1.0,0.0,1.0,1.0,0.0,60.0,17.0,60.0,17.0,0.0,0.0,1.0,0.0,0.0,7.0
2009_04_SD_PIT,2009,4,PIT,SD,7,7,0,0.0,0.0,0.0,0.0,0.0,0.0,0.0,0.0,1.0,1.0,0.0,54.0,4.0,54.0,4.0,0.0,0.0,0.0,0.0,0.0,0.0
2009_04_GB_MIN,2009,4,MIN,GB,8,8,0,0.0,0.0,0.0,0.0,0.0,0.0,1.0,1.0,0.0,0.0,1.0,,,70.0,0.0,0.0,0.0,0.0,0.0,0.0,0.0
2009_05_CIN_BAL,2009,5,BAL,CIN,7,7,0,0.0,0.0,0.0,0.0,0.0,0.0,1.0,0.0,1.0,0.0,1.0,64.0,3.0,64.0,3.0,0.0,0.0,0.0,0.0,0.0,0.0
2009_05_CLE_BUF,2009,5,BUF,CLE,7,7,0,0.0,0.0,0.0,0.0,0.0,0.0,0.0,0.0,1.0,0.0,0.0,47.0,13.0,47.0,13.0,0.0,0.0,0.0,0.0,3.0,3.0
2009_05_WAS_CAR,2009,5,CAR,WAS,13,7,6,0.0,0.0,0.0,1.0,0.0,1.0,0.0,0.0,1.0,1.0,0.0,70.0,7.0,70.0,7.0,0.0,0.0,0.0,0.0,0.0,0.0
2009_05_PIT_DET,2009,5,DET,PIT,7,7,0,0.0,0.0,0.0,0.0,0.0,0.0,0.0,1.0,0.0,0.0,1.0,,,70.0,0.0,0.0,0.0,0.0,0.0,0.0,0.0
2009_05_DAL_KC,2009,5,KC,DAL,7,7,0,0.0,0.0,0.0,0.0,0.0,0.0,0.0,0.0,1.0,1.0,0.0,40.0,5.0,40.0,5.0,1.0,0.0,0.0,0.0,10.0,0.0
2009_05_OAK_NYG,2009,5,NYG,OAK,7,7,0,0.0,0.0,0.0,0.0,0.0,0.0,0.0,0.0,1.0,0.0,1.0,61.0,10.0,61.0,10.0,0.0,0.0,0.0,0.0,0.0,0.0
2009_05_TB_PHI,2009,5,PHI,TB,14,7,7,0.0,0.0,0.0,1.0,0.0,1.0,0.0,0.0,1.0,1.0,0.0,62.0,7.0,62.0,7.0,0.0,0.0,0.0,0.0,0.0,0.0
2009_05_MIN_STL,2009,5,STL,MIN,7,6,1,0.0,1.0,1.0,0.0,0.0,0.0,0.0,1.0,0.0,0.0,1.0,,,70.0,0.0,0.0,0.0,0.0,0.0,0.0,0.0
2009_05_ATL_SF,2009,5,SF,ATL,7,14,-7,0.0,0.0,0.0,0.0,1.0,-1.0,0.0,0.0,1.0,1.0,0.0,58.0,9.0,58.0,9.0,0.0,0.0,0.0,0.0,0.0,0.0
2009_05_HOU_ARI,2009,5,ARI,HOU,14,7,7,0.0,0.0,0.0,1.0,0.0,1.0,0.0,1.0,0.0,1.0,0.0,,,70.0,0.0,0.0,0.0,0.0,0.0,0.0,0.0
2009_05_NE_DEN,2009,5,DEN,NE,7,7,0,0.0,0.0,0.0,0.0,0.0,0.0,0.0,0.0,1.0,1.0,0.0,30.0,4.0,30.0,4.0,1.0,0.0,0.0,0.0,20.0,0.0
2009_05_JAX_SEA,2009,5,SEA,JAX,7,7,0,0.0,0.0,0.0,0.0,0.0,0.0,0.0,0.0,1.0,0.0,1.0,55.0,0.0,55.0,0.0,0.0,0.0,0.0,0.0,0.0,0.0
2009_05_IND_TEN,2009,5,TEN,IND,7,7,0,0.0,0.0,0.0,0.0,0.0,0.0,1.0,0.0,1.0,1.0,0.0,57.0,4.0,57.0,4.0,0.0,0.0,0.0,0.0,0.0,0.0
2009_05_NYJ_MIA,2009,5,MIA,NYJ,8,8,0,0.0,0.0,0.0,0.0,0.0,0.0,1.0,0.0,1.0,1.0,0.0,83.0,7.0,83.0,7.0,0.0,0.0,0.0,0.0,0.0,0.0
2009_06_HOU_CIN,2009,6,CIN,HOU,7,7,0,0.0,0.0,0.0,0.0,0.0,0.0,0.0,0.0,1.0,0.0,1.0,49.0,2.0,49.0,2.0,0.0,0.0,0.0,0.0,1.0,0.0
2009_06_DET_GB,2009,6,GB,DET,13,7,6,0.0,0.0,0.0,1.0,0.0,1.0,1.0,0.0,1.0,1.0,0.0,46.0,13.0,46.0,13.0,0.0,0.0,0.0,0.0,4.0,3.0
2009_06_STL_JAX,2009,6,JAX,STL,7,7,0,0.0,0.0,0.0,0.0,0.0,0.0,0.0,0.0,1.0,1.0,0.0,57.0,17.0,57.0,17.0,0.0,0.0,1.0,0.0,0.0,7.0
2009_06_BAL_MIN,2009,6,MIN,BAL,7,7,0,0.0,0.0,0.0,0.0,0.0,0.0,0.0,1.0,0.0,0.0,1.0,,,70.0,0.0,0.0,0.0,0.0,0.0,0.0,0.0
2009_06_NYG_NO,2009,6,NO,NYG,14,7,7,0.0,0.0,0.0,1.0,0.0,1.0,0.0,1.0,0.0,0.0,1.0,,,70.0,0.0,0.0,0.0,0.0,0.0,0.0,0.0
2009_06_CLE_PIT,2009,6,PIT,CLE,7,7,0,0.0,0.0,0.0,0.0,0.0,0.0,1.0,0.0,1.0,1.0,0.0,41.0,9.0,41.0,9.0,0.0,0.0,0.0,0.0,9.0,0.0
2009_06_CAR_TB,2009,6,TB,CAR,7,7,0,0.0,0.0,0.0,0.0,0.0,0.0,1.0,0.0,1.0,1.0,0.0,64.0,17.0,64.0,17.0,0.0,0.0,1.0,0.0,0.0,7.0
2009_06_KC_WAS,2009,6,WAS,KC,7,7,0,0.0,0.0,0.0,0.0,0.0,0.0,0.0,0.0,1.0,1.0,0.0,45.0,13.0,45.0,13.0,0.0,0.0,0.0,0.0,5.0,3.0
2009_06_PHI_OAK,2009,6,OAK,PHI,7,7,0,0.0,0.0,0.0,0.0,0.0,0.0,0.0,0.0,1.0,1.0,0.0,62.0,15.0,62.0,15.0,0.0,0.0,1.0,0.0,0.0,5.0
2009_06_ARI_SEA,2009,6,SEA,ARI,7,7,0,0.0,0.0,0.0,0.0,0.0,0.0,1.0,0.0,1.0,0.0,1.0,58.0,4.0,58.0,4.0,0.0,0.0,0.0,0.0,0.0,0.0
2009_06_TEN_NE,2009,6,NE,TEN,7,7,0,0.0,0.0,0.0,0.0,0.0,0.0,0.0,0.0,1.0,0.0,1.0,39.0,13.0,39.0,13.0,1.0,0.0,0.0,0.0,11.0,3.0
2009_06_BUF_NYJ,2009,6,NYJ,BUF,6,7,-1,1.0,0.0,-1.0,0.0,0.0,0.0,1.0,0.0,1.0,0.0,1.0,44.0,18.0,44.0,18.0,0.0,0.0,1.0,0.0,6.0,8.0
2009_06_CHI_ATL,2009,6,ATL,CHI,7,14,-7,0.0,0.0,0.0,0.0,1.0,-1.0,0.0,1.0,0.0,0.0,1.0,,,70.0,0.0,0.0,0.0,0.0,0.0,0.0,0.0
2009_06_DEN_SD,2009,6,SD,DEN,15,8,7,0.0,0.0,0.0,1.0,0.0,1.0,1.0,0.0,1.0,1.0,0.0,68.0,8.0,68.0,8.0,0.0,0.0,0.0,0.0,0.0,0.0
2009_07_GB_CLE,2009,7,CLE,GB,7,7,0,0.0,0.0,0.0,0.0,0.0,0.0,0.0,0.0,1.0,1.0,0.0,50.0,12.0,50.0,12.0,0.0,0.0,0.0,0.0,0.0,2.0
2009_07_SF_HOU,2009,7,HOU,SF,7,14,-7,0.0,0.0,0.0,0.0,1.0,-1.0,0.0,0.0,1.0,1.0,0.0,,,,,0.0,0.0,0.0,0.0,0.0,0.0
2009_07_SD_KC,2009,7,KC,SD,7,6,1,0.0,1.0,1.0,0.0,0.0,0.0,1.0,0.0,1.0,1.0,0.0,58.0,10.0,58.0,10.0,0.0,0.0,0.0,0.0,0.0,0.0
2009_07_MIN_PIT,2009,7,PIT,MIN,7,7,0,0.0,0.0,0.0,0.0,0.0,0.0,0.0,0.0,1.0,1.0,0.0,52.0,5.0,52.0,5.0,0.0,0.0,0.0,0.0,0.0,0.0
2009_07_IND_STL,2009,7,STL,IND,7,14,-7,0.0,0.0,0.0,0.0,1.0,-1.0,0.0,1.0,0.0,0.0,1.0,,,70.0,0.0,0.0,0.0,0.0,0.0,0.0,0.0
2009_07_NE_TB,2009,7,TB,NE,7,7,0,0.0,0.0,0.0,0.0,0.0,0.0,0.0,0.0,1.0,1.0,0.0,59.0,16.0,59.0,16.0,0.0,0.0,1.0,0.0,0.0,6.0
2009_07_BUF_CAR,2009,7,CAR,BUF,7,7,0,0.0,0.0,0.0,0.0,0.0,0.0,0.0,0.0,1.0,1.0,0.0,67.0,9.0,67.0,9.0,0.0,0.0,0.0,0.0,0.0,0.0
2009_07_NYJ_OAK,2009,7,OAK,NYJ,7,7,0,0.0,0.0,0.0,0.0,0.0,0.0,0.0,0.0,1.0,1.0,0.0,70.0,6.0,70.0,6.0,0.0,0.0,0.0,0.0,0.0,0.0
2009_07_CHI_CIN,2009,7,CIN,CHI,7,7,0,0.0,0.0,0.0,0.0,0.0,0.0,0.0,0.0,1.0,0.0,1.0,61.0,7.0,61.0,7.0,0.0,0.0,0.0,0.0,0.0,0.0
2009_07_ATL_DAL,2009,7,DAL,ATL,14,7,7,0.0,0.0,0.0,1.0,0.0,1.0,0.0,1.0,0.0,0.0,1.0,,,70.0,0.0,0.0,0.0,0.0,0.0,0.0,0.0
2009_07_NO_MIA,2009,7,MIA,NO,13,7,6,0.0,0.0,0.0,1.0,0.0,1.0,0.0,0.0,1.0,1.0,0.0,89.0,2.0,89.0,2.0,0.0,0.0,0.0,0.0,0.0,0.0
2009_07_ARI_NYG,2009,7,NYG,ARI,7,7,0,0.0,0.0,0.0,0.0,0.0,0.0,0.0,0.0,1.0,0.0,1.0,57.0,3.0,57.0,3.0,0.0,0.0,0.0,0.0,0.0,0.0
2009_07_PHI_WAS,2009,7,WAS,PHI,8,8,0,0.0,0.0,0.0,0.0,0.0,0.0,1.0,0.0,1.0,1.0,0.0,57.0,0.0,57.0,0.0,0.0,0.0,0.0,0.0,0.0,0.0
2009_08_DEN_BAL,2009,8,BAL,DEN,14,13,1,0.0,0.0,0.0,1.0,1.0,0.0,0.0,0.0,1.0,0.0,1.0,56.0,8.0,56.0,8.0,0.0,0.0,0.0,0.0,0.0,0.0
2009_08_HOU_BUF,2009,8,BUF,HOU,7,7,0,0.0,0.0,0.0,0.0,0.0,0.0,0.0,0.0,1.0,0.0,0.0,49.0,5.0,49.0,5.0,0.0,0.0,0.0,0.0,1.0,0.0
2009_08_CLE_CHI,2009,8,CHI,CLE,7,7,0,0.0,0.0,0.0,0.0,0.0,0.0,0.0,0.0,1.0,1.0,0.0,50.0,8.0,50.0,8.0,0.0,0.0,0.0,0.0,0.0,0.0
2009_08_SEA_DAL,2009,8,DAL,SEA,7,14,-7,0.0,0.0,0.0,0.0,1.0,-1.0,0.0,1.0,0.0,0.0,1.0,,,70.0,0.0,0.0,0.0,0.0,0.0,0.0,0.0
2009_08_STL_DET,2009,8,DET,STL,14,7,7,0.0,0.0,0.0,1.0,0.0,1.0,0.0,1.0,0.0,0.0,1.0,,,70.0,0.0,0.0,0.0,0.0,0.0,0.0,0.0
2009_08_SF_IND,2009,8,IND,SF,7,7,0,0.0,0.0,0.0,0.0,0.0,0.0,0.0,0.0,1.0,0.0,1.0,,,,,0.0,0.0,0.0,0.0,0.0,0.0
2009_08_MIA_NYJ,2009,8,NYJ,MIA,7,7,0,0.0,0.0,0.0,0.0,0.0,0.0,1.0,0.0,1.0,0.0,1.0,54.0,10.0,54.0,10.0,0.0,0.0,0.0,0.0,0.0,0.0
2009_08_NYG_PHI,2009,8,PHI,NYG,6,7,-1,1.0,0.0,-1.0,0.0,0.0,0.0,1.0,0.0,1.0,1.0,0.0,56.0,10.0,56.0,10.0,0.0,0.0,0.0,0.0,0.0,0.0
2009_08_OAK_SD,2009,8,SD,OAK,7,7,0,0.0,0.0,0.0,0.0,0.0,0.0,1.0,0.0,1.0,1.0,0.0,78.0,8.0,78.0,8.0,0.0,0.0,0.0,0.0,0.0,0.0
2009_08_JAX_TEN,2009,8,TEN,JAX,14,14,0,0.0,0.0,0.0,1.0,1.0,0.0,1.0,0.0,1.0,1.0,0.0,59.0,11.0,59.0,11.0,0.0,0.0,0.0,0.0,0.0,1.0
2009_08_CAR_ARI,2009,8,ARI,CAR,7,7,0,0.0,0.0,0.0,0.0,0.0,0.0,0.0,1.0,0.0,1.0,0.0,,,70.0,0.0,0.0,0.0,0.0,0.0,0.0,0.0
2009_08_MIN_GB,2009,8,GB,MIN,7,7,0,0.0,0.0,0.0,0.0,0.0,0.0,1.0,0.0,1.0,1.0,0.0,48.0,6.0,48.0,6.0,0.0,0.0,0.0,0.0,2.0,0.0
2009_08_ATL_NO,2009,8,NO,ATL,8,8,0,0.0,0.0,0.0,0.0,0.0,0.0,1.0,1.0,0.0,0.0,1.0,,,70.0,0.0,0.0,0.0,0.0,0.0,0.0,0.0
2009_09_WAS_ATL,2009,9,ATL,WAS,6,13,-7,1.0,0.0,-1.0,0.0,1.0,-1.0,0.0,1.0,0.0,0.0,1.0,,,70.0,0.0,0.0,0.0,0.0,0.0,0.0,0.0
2009_09_ARI_CHI,2009,9,CHI,ARI,7,7,0,0.0,0.0,0.0,0.0,0.0,0.0,0.0,0.0,1.0,1.0,0.0,65.0,12.0,65.0,12.0,0.0,0.0,0.0,0.0,0.0,2.0
2009_09_BAL_CIN,2009,9,CIN,BAL,14,7,7,0.0,0.0,0.0,1.0,0.0,1.0,1.0,0.0,1.0,0.0,1.0,67.0,7.0,67.0,7.0,0.0,0.0,0.0,0.0,0.0,0.0
2009_09_HOU_IND,2009,9,IND,HOU,7,7,0,0.0,0.0,0.0,0.0,0.0,0.0,1.0,0.0,1.0,0.0,1.0,,,,,0.0,0.0,0.0,0.0,0.0,0.0
2009_09_KC_JAX,2009,9,JAX,KC,7,14,-7,0.0,0.0,0.0,0.0,1.0,-1.0,0.0,0.0,1.0,1.0,0.0,75.0,12.0,75.0,12.0,0.0,0.0,0.0,0.0,0.0,2.0
2009_09_MIA_NE,2009,9,NE,MIA,14,7,7,0.0,0.0,0.0,1.0,0.0,1.0,1.0,0.0,1.0,0.0,1.0,65.0,8.0,65.0,8.0,0.0,0.0,0.0,0.0,0.0,0.0
2009_09_GB_TB,2009,9,TB,GB,14,7,7,0.0,0.0,0.0,1.0,0.0,1.0,0.0,0.0,1.0,1.0,0.0,82.0,13.0,82.0,13.0,0.0,0.0,0.0,0.0,0.0,3.0
2009_09_CAR_NO,2009,9,NO,CAR,6,7,-1,1.0,0.0,-1.0,0.0,0.0,0.0,1.0,1.0,0.0,0.0,1.0,,,70.0,0.0,0.0,0.0,0.0,0.0,0.0,0.0
2009_09_DET_SEA,2009,9,SEA,DET,7,7,0,0.0,0.0,0.0,0.0,0.0,0.0,0.0,0.0,1.0,0.0,1.0,48.0,11.0,48.0,11.0,0.0,0.0,0.0,0.0,2.0,1.0
2009_09_SD_NYG,2009,9,NYG,SD,7,7,0,0.0,0.0,0.0,0.0,0.0,0.0,0.0,0.0,1.0,0.0,1.0,71.0,2.0,71.0,2.0,0.0,0.0,0.0,0.0,0.0,0.0
2009_09_TEN_SF,2009,9,SF,TEN,7,7,0,0.0,0.0,0.0,0.0,0.0,0.0,0.0,0.0,1.0,1.0,0.0,63.0,5.0,63.0,5.0,0.0,0.0,0.0,0.0,0.0,0.0
2009_09_DAL_PHI,2009,9,PHI,DAL,7,7,0,0.0,0.0,0.0,0.0,0.0,0.0,1.0,0.0,1.0,1.0,0.0,61.0,1.0,61.0,1.0,0.0,0.0,0.0,0.0,0.0,0.0
2009_09_PIT_DEN,2009,9,DEN,PIT,8,15,-7,0.0,0.0,0.0,0.0,1.0,-1.0,0.0,0.0,1.0,1.0,0.0,55.0,7.0,55.0,7.0,0.0,0.0,0.0,0.0,0.0,0.0
2009_10_CHI_SF,2009,10,SF,CHI,4,4,0,1.0,1.0,0.0,0.0,0.0,0.0,0.0,0.0,1.0,1.0,0.0,60.0,18.0,60.0,18.0,0.0,0.0,1.0,0.0,0.0,8.0
2009_10_ATL_CAR,2009,10,CAR,ATL,7,7,0,0.0,0.0,0.0,0.0,0.0,0.0,1.0,0.0,1.0,1.0,0.0,73.0,3.0,73.0,3.0,0.0,0.0,0.0,0.0,0.0,0.0
2009_10_TB_MIA,2009,10,MIA,TB,7,7,0,0.0,0.0,0.0,0.0,0.0,0.0,0.0,0.0,1.0,1.0,0.0,80.0,9.0,80.0,9.0,0.0,0.0,0.0,0.0,0.0,0.0
2009_10_DET_MIN,2009,10,MIN,DET,14,7,7,0.0,0.0,0.0,1.0,0.0,1.0,1.0,1.0,0.0,0.0,1.0,,,70.0,0.0,0.0,0.0,0.0,0.0,0.0,0.0
2009_10_JAX_NYJ,2009,10,NYJ,JAX,14,7,7,0.0,0.0,0.0,1.0,0.0,1.0,0.0,0.0,1.0,0.0,1.0,62.0,5.0,62.0,5.0,0.0,0.0,0.0,0.0,0.0,0.0
2009_10_CIN_PIT,2009,10,PIT,CIN,6,7,-1,1.0,0.0,-1.0,0.0,0.0,0.0,1.0,0.0,1.0,1.0,0.0,64.0,4.0,64.0,4.0,0.0,0.0,0.0,0.0,0.0,0.0
2009_10_NO_STL,2009,10,STL,NO,14,7,7,0.0,0.0,0.0,1.0,0.0,1.0,0.0,1.0,0.0,0.0,1.0,,,70.0,0.0,0.0,0.0,0.0,0.0,0.0,0.0
2009_10_BUF_TEN,2009,10,TEN,BUF,7,14,-7,0.0,0.0,0.0,0.0,1.0,-1.0,0.0,0.0,1.0,1.0,0.0,68.0,5.0,68.0,5.0,0.0,0.0,0.0,0.0,0.0,0.0
2009_10_DEN_WAS,2009,10,WAS,DEN,7,6,1,0.0,1.0,1.0,0.0,0.0,0.0,0.0,0.0,1.0,1.0,0.0,70.0,0.0,70.0,0.0,0.0,0.0,0.0,0.0,0.0,0.0
2009_10_KC_OAK,2009,10,OAK,KC,14,7,7,0.0,0.0,0.0,1.0,0.0,1.0,1.0,0.0,1.0,1.0,0.0,60.0,5.0,60.0,5.0,0.0,0.0,0.0,0.0,0.0,0.0
2009_10_SEA_ARI,2009,10,ARI,SEA,7,7,0,0.0,0.0,0.0,0.0,0.0,0.0,1.0,1.0,0.0,1.0,0.0,,,70.0,0.0,0.0,0.0,0.0,0.0,0.0,0.0
2009_10_DAL_GB,2009,10,GB,DAL,7,7,0,0.0,0.0,0.0,0.0,0.0,0.0,0.0,0.0,1.0,1.0,0.0,47.0,10.0,47.0,10.0,0.0,0.0,0.0,0.0,3.0,0.0
2009_10_PHI_SD,2009,10,SD,PHI,7,7,0,0.0,0.0,0.0,0.0,0.0,0.0,0.0,0.0,1.0,1.0,0.0,71.0,8.0,71.0,8.0,0.0,0.0,0.0,0.0,0.0,0.0
2009_10_NE_IND,2009,10,IND,NE,7,7,0,0.0,0.0,0.0,0.0,0.0,0.0,0.0,1.0,0.0,0.0,1.0,,,70.0,0.0,0.0,0.0,0.0,0.0,0.0,0.0
2009_10_BAL_CLE,2009,10,CLE,BAL,15,8,7,0.0,0.0,0.0,1.0,0.0,1.0,1.0,0.0,1.0,1.0,0.0,46.0,16.0,46.0,16.0,0.0,0.0,1.0,0.0,4.0,6.0
2009_11_MIA_CAR,2009,11,CAR,MIA,4,4,0,1.0,1.0,0.0,0.0,0.0,0.0,0.0,0.0,1.0,1.0,0.0,56.0,2.0,56.0,2.0,0.0,0.0,0.0,0.0,0.0,0.0
2009_11_IND_BAL,2009,11,BAL,IND,6,7,-1,1.0,0.0,-1.0,0.0,0.0,0.0,0.0,0.0,1.0,0.0,1.0,56.0,7.0,56.0,7.0,0.0,0.0,0.0,0.0,0.0,0.0
2009_11_WAS_DAL,2009,11,DAL,WAS,7,7,0,0.0,0.0,0.0,0.0,0.0,0.0,1.0,1.0,0.0,0.0,1.0,,,70.0,0.0,0.0,0.0,0.0,0.0,0.0,0.0
2009_11_CLE_DET,2009,11,DET,CLE,7,6,1,0.0,1.0,1.0,0.0,0.0,0.0,0.0,1.0,0.0,0.0,1.0,,,70.0,0.0,0.0,0.0,0.0,0.0,0.0,0.0
2009_11_SF_GB,2009,11,GB,SF,7,10,-3,0.0,0.0,0.0,0.0,1.0,-1.0,0.0,0.0,1.0,1.0,0.0,53.0,13.0,53.0,13.0,0.0,0.0,0.0,0.0,0.0,3.0
2009_11_BUF_JAX,2009,11,JAX,BUF,7,7,0,0.0,0.0,0.0,0.0,0.0,0.0,0.0,0.0,1.0,1.0,0.0,74.0,10.0,74.0,10.0,0.0,0.0,0.0,0.0,0.0,0.0
2009_11_PIT_KC,2009,11,KC,PIT,7,7,0,0.0,0.0,0.0,0.0,0.0,0.0,0.0,0.0,1.0,1.0,0.0,55.0,5.0,55.0,5.0,0.0,0.0,0.0,0.0,0.0,0.0
2009_11_SEA_MIN,2009,11,MIN,SEA,7,7,0,0.0,0.0,0.0,0.0,0.0,0.0,0.0,1.0,0.0,0.0,1.0,,,70.0,0.0,0.0,0.0,0.0,0.0,0.0,0.0
2009_11_ATL_NYG,2009,11,NYG,ATL,14,7,7,0.0,0.0,0.0,1.0,0.0,1.0,0.0,0.0,1.0,0.0,1.0,53.0,10.0,53.0,10.0,0.0,0.0,0.0,0.0,0.0,0.0
2009_11_NO_TB,2009,11,TB,NO,7,7,0,0.0,0.0,0.0,0.0,0.0,0.0,1.0,0.0,1.0,1.0,0.0,79.0,8.0,79.0,8.0,0.0,0.0,0.0,0.0,0.0,0.0
2009_11_ARI_STL,2009,11,STL,ARI,7,7,0,0.0,0.0,0.0,0.0,0.0,0.0,1.0,1.0,0.0,0.0,1.0,,,70.0,0.0,0.0,0.0,0.0,0.0,0.0,0.0
2009_11_SD_DEN,2009,11,DEN,SD,7,7,0,0.0,0.0,0.0,0.0,0.0,0.0,1.0,0.0,1.0,1.0,0.0,51.0,3.0,51.0,3.0,0.0,0.0,0.0,0.0,0.0,0.0
2009_11_NYJ_NE,2009,11,NE,NYJ,7,7,0,0.0,0.0,0.0,0.0,0.0,0.0,1.0,0.0,1.0,0.0,1.0,45.0,10.0,45.0,10.0,0.0,0.0,0.0,0.0,5.0,0.0
2009_11_CIN_OAK,2009,11,OAK,CIN,7,7,0,0.0,0.0,0.0,0.0,0.0,0.0,0.0,0.0,1.0,1.0,0.0,54.0,8.0,54.0,8.0,0.0,0.0,0.0,0.0,0.0,0.0
2009_11_PHI_CHI,2009,11,CHI,PHI,10,7,3,0.0,0.0,0.0,1.0,0.0,1.0,0.0,0.0,1.0,1.0,0.0,47.0,5.0,47.0,5.0,0.0,0.0,0.0,0.0,3.0,0.0
2009_11_TEN_HOU,2009,11,HOU,TEN,15,8,7,0.0,0.0,0.0,1.0,0.0,1.0,1.0,0.0,1.0,1.0,0.0,,,,,0.0,0.0,0.0,0.0,0.0,0.0
2009_12_GB_DET,2009,12,DET,GB,4,4,0,1.0,1.0,0.0,0.0,0.0,0.0,1.0,1.0,0.0,0.0,1.0,,,70.0,0.0,0.0,0.0,0.0,0.0,0.0,0.0
2009_12_OAK_DAL,2009,12,DAL,OAK,4,4,0,1.0,1.0,0.0,0.0,0.0,0.0,0.0,0.0,1.0,0.0,1.0,,,,,0.0,0.0,0.0,0.0,0.0,0.0
2009_12_NYG_DEN,2009,12,DEN,NYG,4,4,0,1.0,1.0,0.0,0.0,0.0,0.0,0.0,0.0,1.0,1.0,0.0,57.0,0.0,57.0,0.0,0.0,0.0,0.0,0.0,0.0,0.0
2009_12_TB_ATL,2009,12,ATL,TB,7,7,0,0.0,0.0,0.0,0.0,0.0,0.0,1.0,1.0,0.0,0.0,1.0,,,70.0,0.0,0.0,0.0,0.0,0.0,0.0,0.0
2009_12_MIA_BUF,2009,12,BUF,MIA,7,10,-3,0.0,0.0,0.0,0.0,1.0,-1.0,1.0,0.0,1.0,0.0,0.0,49.0,15.0,49.0,15.0,0.0,0.0,1.0,0.0,1.0,5.0
2009_12_CLE_CIN,2009,12,CIN,CLE,7,7,0,0.0,0.0,0.0,0.0,0.0,0.0,1.0,0.0,1.0,0.0,1.0,59.0,15.0,59.0,15.0,0.0,0.0,1.0,0.0,0.0,5.0
2009_12_IND_HOU,2009,12,HOU,IND,6,7,-1,1.0,0.0,-1.0,0.0,0.0,0.0,1.0,0.0,1.0,1.0,0.0,,,,,0.0,0.0,0.0,0.0,0.0,0.0
2009_12_CAR_NYJ,2009,12,NYJ,CAR,7,10,-3,0.0,0.0,0.0,0.0,1.0,-1.0,0.0,0.0,1.0,0.0,1.0,53.0,9.0,53.0,9.0,0.0,0.0,0.0,0.0,0.0,0.0
2009_12_WAS_PHI,2009,12,PHI,WAS,7,7,0,0.0,0.0,0.0,0.0,0.0,0.0,1.0,0.0,1.0,1.0,0.0,56.0,10.0,56.0,10.0,0.0,0.0,0.0,0.0,0.0,0.0
2009_12_SEA_STL,2009,12,STL,SEA,7,7,0,0.0,0.0,0.0,0.0,0.0,0.0,1.0,1.0,0.0,0.0,1.0,,,70.0,0.0,0.0,0.0,0.0,0.0,0.0,0.0
2009_12_KC_SD,2009,12,SD,KC,7,7,0,0.0,0.0,0.0,0.0,0.0,0.0,1.0,0.0,1.0,1.0,0.0,63.0,8.0,63.0,8.0,0.0,0.0,0.0,0.0,0.0,0.0
2009_12_JAX_SF,2009,12,SF,JAX,7,7,0,0.0,0.0,0.0,0.0,0.0,0.0,0.0,0.0,1.0,1.0,0.0,68.0,0.0,68.0,0.0,0.0,0.0,0.0,0.0,0.0,0.0
2009_12_CHI_MIN,2009,12,MIN,CHI,7,7,0,0.0,0.0,0.0,0.0,0.0,0.0,1.0,1.0,0.0,0.0,1.0,,,70.0,0.0,0.0,0.0,0.0,0.0,0.0,0.0
2009_12_ARI_TEN,2009,12,TEN,ARI,6,7,-1,1.0,0.0,-1.0,0.0,0.0,0.0,0.0,0.0,1.0,1.0,0.0,59.0,9.0,59.0,9.0,0.0,0.0,0.0,0.0,0.0,0.0
2009_12_PIT_BAL,2009,12,BAL,PIT,7,7,0,0.0,0.0,0.0,0.0,0.0,0.0,1.0,0.0,1.0,0.0,1.0,58.0,5.0,58.0,5.0,0.0,0.0,0.0,0.0,0.0,0.0
2009_12_NE_NO,2009,12,NO,NE,8,8,0,0.0,0.0,0.0,0.0,0.0,0.0,0.0,1.0,0.0,0.0,1.0,,,70.0,0.0,0.0,0.0,0.0,0.0,0.0,0.0
2009_13_NYJ_BUF,2009,13,BUF,NYJ,4,4,0,1.0,1.0,0.0,0.0,0.0,0.0,1.0,1.0,0.0,0.0,1.0,,,70.0,0.0,0.0,0.0,0.0,0.0,0.0,0.0
2009_13_PHI_ATL,2009,13,ATL,PHI,7,7,0,0.0,0.0,0.0,0.0,0.0,0.0,0.0,1.0,0.0,0.0,1.0,,,70.0,0.0,0.0,0.0,0.0,0.0,0.0,0.0
2009_13_TB_CAR,2009,13,CAR,TB,7,7,0,0.0,0.0,0.0,0.0,0.0,0.0,1.0,0.0,1.0,1.0,0.0,43.0,7.0,43.0,7.0,0.0,0.0,0.0,0.0,7.0,0.0
2009_13_STL_CHI,2009,13,CHI,STL,7,7,0,0.0,0.0,0.0,0.0,0.0,0.0,0.0,0.0,1.0,1.0,0.0,36.0,8.0,36.0,8.0,1.0,0.0,0.0,0.0,14.0,0.0
2009_13_DET_CIN,2009,13,CIN,DET,7,10,-3,0.0,0.0,0.0,0.0,1.0,-1.0,0.0,0.0,1.0,0.0,1.0,34.0,7.0,34.0,7.0,1.0,0.0,0.0,0.0,16.0,0.0
2009_13_TEN_IND,2009,13,IND,TEN,7,7,0,0.0,0.0,0.0,0.0,0.0,0.0,1.0,1.0,0.0,0.0,1.0,,,70.0,0.0,0.0,0.0,0.0,0.0,0.0,0.0
2009_13_HOU_JAX,2009,13,JAX,HOU,7,7,0,0.0,0.0,0.0,0.0,0.0,0.0,1.0,0.0,1.0,1.0,0.0,54.0,6.0,54.0,6.0,0.0,0.0,0.0,0.0,0.0,0.0
2009_13_DEN_KC,2009,13,KC,DEN,7,10,-3,0.0,0.0,0.0,0.0,1.0,-1.0,1.0,0.0,1.0,1.0,0.0,37.0,6.0,37.0,6.0,1.0,0.0,0.0,0.0,13.0,0.0
2009_13_NE_MIA,2009,13,MIA,NE,7,6,1,0.0,1.0,1.0,0.0,0.0,0.0,1.0,0.0,1.0,1.0,0.0,75.0,5.0,75.0,5.0,0.0,0.0,0.0,0.0,0.0,0.0
2009_13_OAK_PIT,2009,13,PIT,OAK,7,10,-3,0.0,0.0,0.0,0.0,1.0,-1.0,0.0,0.0,1.0,1.0,0.0,28.0,6.0,28.0,6.0,1.0,0.0,0.0,0.0,22.0,0.0
2009_13_NO_WAS,2009,13,WAS,NO,7,6,1,0.0,1.0,1.0,0.0,0.0,0.0,0.0,0.0,1.0,1.0,0.0,36.0,9.0,36.0,9.0,1.0,0.0,0.0,0.0,14.0,0.0
2009_13_SD_CLE,2009,13,CLE,SD,7,7,0,0.0,0.0,0.0,0.0,0.0,0.0,0.0,0.0,1.0,1.0,0.0,34.0,8.0,34.0,8.0,1.0,0.0,0.0,0.0,16.0,0.0
2009_13_DAL_NYG,2009,13,NYG,DAL,10,10,0,0.0,0.0,0.0,1.0,1.0,0.0,1.0,0.0,1.0,0.0,1.0,37.0,8.0,37.0,8.0,1.0,0.0,0.0,0.0,13.0,0.0
2009_13_SF_SEA,2009,13,SEA,SF,7,7,0,0.0,0.0,0.0,0.0,0.0,0.0,1.0,0.0,1.0,0.0,1.0,35.0,6.0,35.0,6.0,1.0,0.0,0.0,0.0,15.0,0.0
2009_13_MIN_ARI,2009,13,ARI,MIN,7,7,0,0.0,0.0,0.0,0.0,0.0,0.0,0.0,1.0,0.0,1.0,0.0,,,70.0,0.0,0.0,0.0,0.0,0.0,0.0,0.0
2009_13_BAL_GB,2009,13,GB,BAL,11,8,3,0.0,0.0,0.0,1.0,0.0,1.0,0.0,0.0,1.0,1.0,0.0,21.0,4.0,21.0,4.0,1.0,1.0,0.0,0.0,29.0,0.0
2009_14_PIT_CLE,2009,14,CLE,PIT,4,4,0,1.0,1.0,0.0,0.0,0.0,0.0,1.0,0.0,1.0,1.0,0.0,15.0,25.0,15.0,25.0,1.0,1.0,1.0,1.0,35.0,15.0
2009_14_NO_ATL,2009,14,ATL,NO,7,7,0,0.0,0.0,0.0,0.0,0.0,0.0,1.0,1.0,0.0,0.0,1.0,,,70.0,0.0,0.0,0.0,0.0,0.0,0.0,0.0
2009_14_DET_BAL,2009,14,BAL,DET,6,7,-1,1.0,0.0,-1.0,0.0,0.0,0.0,0.0,0.0,1.0,0.0,1.0,36.0,3.0,36.0,3.0,1.0,0.0,0.0,0.0,14.0,0.0
2009_14_GB_CHI,2009,14,CHI,GB,7,6,1,0.0,1.0,1.0,0.0,0.0,0.0,1.0,0.0,1.0,1.0,0.0,38.0,8.0,38.0,8.0,1.0,0.0,0.0,0.0,12.0,0.0
2009_14_SEA_HOU,2009,14,HOU,SEA,7,7,0,0.0,0.0,0.0,0.0,0.0,0.0,0.0,1.0,0.0,1.0,0.0,,,70.0,0.0,0.0,0.0,0.0,0.0,0.0,0.0
2009_14_DEN_IND,2009,14,IND,DEN,7,7,0,0.0,0.0,0.0,0.0,0.0,0.0,0.0,1.0,0.0,0.0,1.0,,,70.0,0.0,0.0,0.0,0.0,0.0,0.0,0.0
2009_14_MIA_JAX,2009,14,JAX,MIA,7,7,0,0.0,0.0,0.0,0.0,0.0,0.0,0.0,0.0,1.0,1.0,0.0,75.0,13.0,75.0,13.0,0.0,0.0,0.0,0.0,0.0,3.0
2009_14_BUF_KC,2009,14,KC,BUF,7,10,-3,0.0,0.0,0.0,0.0,1.0,-1.0,0.0,0.0,1.0,1.0,0.0,42.0,3.0,42.0,3.0,0.0,0.0,0.0,0.0,8.0,0.0
2009_14_CIN_MIN,2009,14,MIN,CIN,7,7,0,0.0,0.0,0.0,0.0,0.0,0.0,0.0,1.0,0.0,0.0,1.0,,,70.0,0.0,0.0,0.0,0.0,0.0,0.0,0.0
2009_14_CAR_NE,2009,14,NE,CAR,7,7,0,0.0,0.0,0.0,0.0,0.0,0.0,0.0,0.0,1.0,0.0,1.0,40.0,4.0,40.0,4.0,1.0,0.0,0.0,0.0,10.0,0.0
2009_14_NYJ_TB,2009,14,TB,NYJ,7,10,-3,0.0,0.0,0.0,0.0,1.0,-1.0,0.0,0.0,1.0,1.0,0.0,73.0,5.0,73.0,5.0,0.0,0.0,0.0,0.0,0.0,0.0
2009_14_WAS_OAK,2009,14,OAK,WAS,7,7,0,0.0,0.0,0.0,0.0,0.0,0.0,0.0,0.0,1.0,1.0,0.0,52.0,9.0,52.0,9.0,0.0,0.0,0.0,0.0,0.0,0.0
2009_14_STL_TEN,2009,14,TEN,STL,7,7,0,0.0,0.0,0.0,0.0,0.0,0.0,0.0,0.0,1.0,1.0,0.0,54.0,0.0,54.0,0.0,0.0,0.0,0.0,0.0,0.0,0.0
2009_14_SD_DAL,2009,14,DAL,SD,7,7,0,0.0,0.0,0.0,0.0,0.0,0.0,0.0,0.0,1.0,0.0,1.0,,,,,0.0,0.0,0.0,0.0,0.0,0.0
2009_14_PHI_NYG,2009,14,NYG,PHI,7,7,0,0.0,0.0,0.0,0.0,0.0,0.0,1.0,0.0,1.0,0.0,1.0,42.0,0.0,42.0,0.0,0.0,0.0,0.0,0.0,8.0,0.0
2009_14_ARI_SF,2009,14,SF,ARI,8,8,0,0.0,0.0,0.0,0.0,0.0,0.0,1.0,0.0,1.0,1.0,0.0,53.0,0.0,53.0,0.0,0.0,0.0,0.0,0.0,0.0,0.0
2009_15_IND_JAX,2009,15,JAX,IND,4,4,0,1.0,1.0,0.0,0.0,0.0,0.0,1.0,0.0,1.0,1.0,0.0,56.0,10.0,56.0,10.0,0.0,0.0,0.0,0.0,0.0,0.0
2009_15_DAL_NO,2009,15,NO,DAL,6,6,0,1.0,1.0,0.0,0.0,0.0,0.0,0.0,1.0,0.0,0.0,1.0,,,70.0,0.0,0.0,0.0,0.0,0.0,0.0,0.0
2009_15_NE_BUF,2009,15,BUF,NE,7,7,0,0.0,0.0,0.0,0.0,0.0,0.0,1.0,0.0,1.0,0.0,0.0,28.0,5.0,28.0,5.0,1.0,0.0,0.0,0.0,22.0,0.0
2009_15_ARI_DET,2009,15,DET,ARI,7,6,1,0.0,1.0,1.0,0.0,0.0,0.0,0.0,1.0,0.0,0.0,1.0,,,70.0,0.0,0.0,0.0,0.0,0.0,0.0,0.0
2009_15_CLE_KC,2009,15,KC,CLE,7,10,-3,0.0,0.0,0.0,0.0,1.0,-1.0,0.0,0.0,1.0,1.0,0.0,39.0,15.0,39.0,15.0,1.0,0.0,1.0,0.0,11.0,5.0
2009_15_ATL_NYJ,2009,15,NYJ,ATL,7,7,0,0.0,0.0,0.0,0.0,0.0,0.0,0.0,0.0,1.0,0.0,1.0,29.0,18.0,29.0,18.0,1.0,0.0,1.0,0.0,21.0,8.0
2009_15_HOU_STL,2009,15,STL,HOU,7,7,0,0.0,0.0,0.0,0.0,0.0,0.0,0.0,1.0,0.0,0.0,1.0,,,70.0,0.0,0.0,0.0,0.0,0.0,0.0,0.0
2009_15_MIA_TEN,2009,15,TEN,MIA,7,7,0,0.0,0.0,0.0,0.0,0.0,0.0,0.0,0.0,1.0,1.0,0.0,35.0,5.0,35.0,5.0,1.0,0.0,0.0,0.0,15.0,0.0
2009_15_OAK_DEN,2009,15,DEN,OAK,7,7,0,0.0,0.0,0.0,0.0,0.0,0.0,1.0,0.0,1.0,1.0,0.0,57.0,6.0,57.0,6.0,0.0,0.0,0.0,0.0,0.0,0.0
2009_15_CIN_SD,2009,15,SD,CIN,7,7,0,0.0,0.0,0.0,0.0,0.0,0.0,0.0,0.0,1.0,1.0,0.0,72.0,8.0,72.0,8.0,0.0,0.0,0.0,0.0,0.0,0.0
2009_15_CHI_BAL,2009,15,BAL,CHI,7,7,0,0.0,0.0,0.0,0.0,0.0,0.0,0.0,0.0,1.0,0.0,1.0,32.0,19.0,32.0,19.0,1.0,0.0,1.0,0.0,18.0,9.0
2009_15_SF_PHI,2009,15,PHI,SF,7,6,1,0.0,1.0,1.0,0.0,0.0,0.0,0.0,0.0,1.0,1.0,0.0,32.0,18.0,32.0,18.0,1.0,0.0,1.0,0.0,18.0,8.0
2009_15_GB_PIT,2009,15,PIT,GB,10,7,3,0.0,0.0,0.0,1.0,0.0,1.0,0.0,0.0,1.0,1.0,0.0,30.0,10.0,30.0,10.0,1.0,0.0,0.0,0.0,20.0,0.0
2009_15_TB_SEA,2009,15,SEA,TB,7,7,0,0.0,0.0,0.0,0.0,0.0,0.0,0.0,0.0,1.0,0.0,1.0,52.0,12.0,52.0,12.0,0.0,0.0,0.0,0.0,0.0,2.0
2009_15_MIN_CAR,2009,15,CAR,MIN,7,7,0,0.0,0.0,0.0,0.0,0.0,0.0,0.0,0.0,1.0,1.0,0.0,37.0,5.0,37.0,5.0,1.0,0.0,0.0,0.0,13.0,0.0
2009_15_NYG_WAS,2009,15,WAS,NYG,8,8,0,0.0,0.0,0.0,0.0,0.0,0.0,1.0,0.0,1.0,1.0,0.0,38.0,12.0,38.0,12.0,1.0,0.0,0.0,0.0,12.0,2.0
2009_16_SD_TEN,2009,16,TEN,SD,5,5,0,1.0,1.0,0.0,0.0,0.0,0.0,0.0,0.0,1.0,1.0,0.0,33.0,7.0,33.0,7.0,1.0,0.0,0.0,0.0,17.0,0.0
2009_16_BUF_ATL,2009,16,ATL,BUF,7,7,0,0.0,0.0,0.0,0.0,0.0,0.0,0.0,1.0,0.0,0.0,1.0,,,70.0,0.0,0.0,0.0,0.0,0.0,0.0,0.0
2009_16_KC_CIN,2009,16,CIN,KC,7,7,0,0.0,0.0,0.0,0.0,0.0,0.0,0.0,0.0,1.0,0.0,1.0,41.0,14.0,41.0,14.0,0.0,0.0,0.0,0.0,9.0,4.0
2009_16_OAK_CLE,2009,16,CLE,OAK,7,7,0,0.0,0.0,0.0,0.0,0.0,0.0,0.0,0.0,1.0,1.0,0.0,34.0,6.0,34.0,6.0,1.0,0.0,0.0,0.0,16.0,0.0
2009_16_SEA_GB,2009,16,GB,SEA,7,7,0,0.0,0.0,0.0,0.0,0.0,0.0,0.0,0.0,1.0,1.0,0.0,18.0,5.0,18.0,5.0,1.0,1.0,0.0,0.0,32.0,0.0
2009_16_HOU_MIA,2009,16,MIA,HOU,7,7,0,0.0,0.0,0.0,0.0,0.0,0.0,0.0,0.0,1.0,1.0,0.0,75.0,6.0,75.0,6.0,0.0,0.0,0.0,0.0,0.0,0.0
2009_16_JAX_NE,2009,16,NE,JAX,7,10,-3,0.0,0.0,0.0,0.0,1.0,-1.0,0.0,0.0,1.0,0.0,1.0,55.0,14.0,55.0,14.0,0.0,0.0,0.0,0.0,0.0,4.0
2009_16_TB_NO,2009,16,NO,TB,8,7,1,0.0,0.0,0.0,0.0,0.0,0.0,1.0,1.0,0.0,0.0,1.0,,,70.0,0.0,0.0,0.0,0.0,0.0,0.0,0.0
2009_16_CAR_NYG,2009,16,NYG,CAR,6,7,-1,1.0,0.0,-1.0,0.0,0.0,0.0,0.0,0.0,1.0,0.0,1.0,50.0,12.0,50.0,12.0,0.0,0.0,0.0,0.0,0.0,2.0
2009_16_BAL_PIT,2009,16,PIT,BAL,7,7,0,0.0,0.0,0.0,0.0,0.0,0.0,1.0,0.0,1.0,1.0,0.0,39.0,9.0,39.0,9.0,1.0,0.0,0.0,0.0,11.0,0.0
2009_16_STL_ARI,2009,16,ARI,STL,7,7,0,0.0,0.0,0.0,0.0,0.0,0.0,1.0,0.0,1.0,1.0,0.0,,,,,0.0,0.0,0.0,0.0,0.0,0.0
2009_16_DET_SF,2009,16,SF,DET,7,7,0,0.0,0.0,0.0,0.0,0.0,0.0,0.0,0.0,1.0,1.0,0.0,55.0,5.0,55.0,5.0,0.0,0.0,0.0,0.0,0.0,0.0
2009_16_NYJ_IND,2009,16,IND,NYJ,10,7,3,0.0,0.0,0.0,1.0,0.0,1.0,0.0,1.0,0.0,0.0,1.0,,,70.0,0.0,0.0,0.0,0.0,0.0,0.0,0.0
2009_16_DEN_PHI,2009,16,PHI,DEN,7,7,0,0.0,0.0,0.0,0.0,0.0,0.0,0.0,0.0,1.0,1.0,0.0,45.0,7.0,45.0,7.0,0.0,0.0,0.0,0.0,5.0,0.0
2009_16_DAL_WAS,2009,16,WAS,DAL,6,8,-2,1.0,0.0,-1.0,0.0,0.0,0.0,1.0,0.0,1.0,1.0,0.0,37.0,8.0,37.0,8.0,1.0,0.0,0.0,0.0,13.0,0.0
2009_16_MIN_CHI,2009,16,CHI,MIN,8,8,0,0.0,0.0,0.0,0.0,0.0,0.0,1.0,0.0,1.0,1.0,0.0,26.0,9.0,26.0,9.0,1.0,0.0,0.0,0.0,24.0,0.0
2009_17_IND_BUF,2009,17,BUF,IND,7,7,0,0.0,0.0,0.0,0.0,0.0,0.0,0.0,0.0,1.0,0.0,0.0,12.0,12.0,12.0,12.0,1.0,1.0,0.0,0.0,38.0,2.0
2009_17_NO_CAR,2009,17,CAR,NO,7,7,0,0.0,0.0,0.0,0.0,0.0,0.0,1.0,0.0,1.0,1.0,0.0,30.0,7.0,30.0,7.0,1.0,0.0,0.0,0.0,20.0,0.0
2009_17_JAX_CLE,2009,17,CLE,JAX,7,7,0,0.0,0.0,0.0,0.0,0.0,0.0,0.0,0.0,1.0,1.0,0.0,16.0,20.0,16.0,20.0,1.0,1.0,1.0,1.0,34.0,10.0
2009_17_CHI_DET,2009,17,DET,CHI,7,6,1,0.0,1.0,1.0,0.0,0.0,0.0,1.0,1.0,0.0,0.0,1.0,,,70.0,0.0,0.0,0.0,0.0,0.0,0.0,0.0
2009_17_NE_HOU,2009,17,HOU,NE,7,7,0,0.0,0.0,0.0,0.0,0.0,0.0,0.0,1.0,0.0,1.0,0.0,,,70.0,0.0,0.0,0.0,0.0,0.0,0.0,0.0
2009_17_PIT_MIA,2009,17,MIA,PIT,7,7,0,0.0,0.0,0.0,0.0,0.0,0.0,0.0,0.0,1.0,1.0,0.0,60.0,11.0,60.0,11.0,0.0,0.0,0.0,0.0,0.0,1.0
2009_17_NYG_MIN,2009,17,MIN,NYG,6,7,-1,1.0,0.0,-1.0,0.0,0.0,0.0,0.0,1.0,0.0,0.0,1.0,,,70.0,0.0,0.0,0.0,0.0,0.0,0.0,0.0
2009_17_SF_STL,2009,17,STL,SF,7,7,0,0.0,0.0,0.0,0.0,0.0,0.0,1.0,1.0,0.0,0.0,1.0,,,70.0,0.0,0.0,0.0,0.0,0.0,0.0,0.0
2009_17_ATL_TB,2009,17,TB,ATL,7,7,0,0.0,0.0,0.0,0.0,0.0,0.0,1.0,0.0,1.0,1.0,0.0,44.0,5.0,44.0,5.0,0.0,0.0,0.0,0.0,6.0,0.0
2009_17_GB_ARI,2009,17,ARI,GB,7,7,0,0.0,0.0,0.0,0.0,0.0,0.0,0.0,1.0,0.0,1.0,0.0,,,70.0,0.0,0.0,0.0,0.0,0.0,0.0,0.0
2009_17_PHI_DAL,2009,17,DAL,PHI,7,7,0,0.0,0.0,0.0,0.0,0.0,0.0,1.0,1.0,0.0,0.0,1.0,,,70.0,0.0,0.0,0.0,0.0,0.0,0.0,0.0
2009_17_KC_DEN,2009,17,DEN,KC,7,7,0,0.0,0.0,0.0,0.0,0.0,0.0,1.0,0.0,1.0,1.0,0.0,36.0,6.0,36.0,6.0,1.0,0.0,0.0,0.0,14.0,0.0
2009_17_BAL_OAK,2009,17,OAK,BAL,7,7,0,0.0,0.0,0.0,0.0,0.0,0.0,0.0,0.0,1.0,1.0,0.0,54.0,6.0,54.0,6.0,0.0,0.0,0.0,0.0,0.0,0.0
2009_17_WAS_SD,2009,17,SD,WAS,9,7,2,0.0,0.0,0.0,0.0,0.0,0.0,0.0,0.0,1.0,1.0,0.0,74.0,8.0,74.0,8.0,0.0,0.0,0.0,0.0,0.0,0.0
2009_17_TEN_SEA,2009,17,SEA,TEN,7,9,-2,0.0,0.0,0.0,0.0,0.0,0.0,0.0,0.0,1.0,0.0,1.0,46.0,0.0,46.0,0.0,0.0,0.0,0.0,0.0,4.0,0.0
2009_17_CIN_NYJ,2009,17,NYJ,CIN,7,7,0,0.0,0.0,0.0,0.0,0.0,0.0,0.0,0.0,1.0,0.0,1.0,20.0,17.0,20.0,17.0,1.0,1.0,1.0,0.0,30.0,7.0
2009_18_NYJ_CIN,2009,18,CIN,NYJ,6,6,0,1.0,1.0,0.0,0.0,0.0,0.0,0.0,0.0,1.0,0.0,1.0,21.0,11.0,21.0,11.0,1.0,1.0,0.0,0.0,29.0,1.0
2009_18_PHI_DAL,2009,18,DAL,PHI,6,6,0,1.0,1.0,0.0,0.0,0.0,0.0,1.0,1.0,0.0,0.0,1.0,,,70.0,0.0,0.0,0.0,0.0,0.0,0.0,0.0
2009_18_BAL_NE,2009,18,NE,BAL,7,7,0,0.0,0.0,0.0,0.0,0.0,0.0,0.0,0.0,1.0,0.0,1.0,20.0,12.0,20.0,12.0,1.0,1.0,0.0,0.0,30.0,2.0
2009_18_GB_ARI,2009,18,ARI,GB,7,7,0,0.0,0.0,0.0,0.0,0.0,0.0,0.0,1.0,0.0,1.0,0.0,,,70.0,0.0,0.0,0.0,0.0,0.0,0.0,0.0
2009_19_ARI_NO,2009,19,NO,ARI,13,6,7,0.0,1.0,1.0,1.0,0.0,1.0,0.0,1.0,0.0,0.0,1.0,,,70.0,0.0,0.0,0.0,0.0,0.0,0.0,0.0
2009_19_BAL_IND,2009,19,IND,BAL,13,6,7,0.0,1.0,1.0,1.0,0.0,1.0,0.0,1.0,0.0,0.0,1.0,,,70.0,0.0,0.0,0.0,0.0,0.0,0.0,0.0
2009_19_DAL_MIN,2009,19,MIN,DAL,14,8,6,0.0,0.0,0.0,1.0,0.0,1.0,0.0,1.0,0.0,0.0,1.0,,,70.0,0.0,0.0,0.0,0.0,0.0,0.0,0.0
2009_19_NYJ_SD,2009,19,SD,NYJ,14,8,6,0.0,0.0,0.0,1.0,0.0,1.0,0.0,0.0,1.0,1.0,0.0,63.0,8.0,63.0,8.0,0.0,0.0,0.0,0.0,0.0,0.0
2009_20_NYJ_IND,2009,20,IND,NYJ,8,7,1,0.0,0.0,0.0,0.0,0.0,0.0,0.0,1.0,0.0,0.0,1.0,,,70.0,0.0,0.0,0.0,0.0,0.0,0.0,0.0
2009_20_MIN_NO,2009,20,NO,MIN,8,7,1,0.0,0.0,0.0,0.0,0.0,0.0,0.0,1.0,0.0,0.0,1.0,,,70.0,0.0,0.0,0.0,0.0,0.0,0.0,0.0
2009_21_NO_IND,2009,21,IND,NO,14,14,0,0.0,0.0,0.0,1.0,1.0,0.0,0.0,0.0,1.0,1.0,0.0,60.0,6.0,60.0,6.0,0.0,0.0,0.0,0.0,0.0,0.0
2010_01_MIN_NO,2010,1,NO,MIN,7,7,0,0.0,0.0,0.0,0.0,0.0,0.0,0.0,1.0,0.0,0.0,1.0,,,70.0,0.0,0.0,0.0,0.0,0.0,0.0,0.0
2010_01_MIA_BUF,2010,1,BUF,MIA,7,7,0,0.0,0.0,0.0,0.0,0.0,0.0,1.0,0.0,1.0,0.0,0.0,62.0,7.0,62.0,7.0,0.0,0.0,0.0,0.0,0.0,0.0
2010_01_DET_CHI,2010,1,CHI,DET,7,7,0,0.0,0.0,0.0,0.0,0.0,0.0,1.0,0.0,1.0,1.0,0.0,75.0,10.0,75.0,10.0,0.0,0.0,0.0,0.0,0.0,0.0
2010_01_IND_HOU,2010,1,HOU,IND,7,7,0,0.0,0.0,0.0,0.0,0.0,0.0,1.0,1.0,0.0,1.0,0.0,,,70.0,0.0,0.0,0.0,0.0,0.0,0.0,0.0
2010_01_DEN_JAX,2010,1,JAX,DEN,7,7,0,0.0,0.0,0.0,0.0,0.0,0.0,0.0,0.0,1.0,1.0,0.0,90.0,10.0,90.0,10.0,0.0,0.0,0.0,0.0,0.0,0.0
2010_01_CIN_NE,2010,1,NE,CIN,7,7,0,0.0,0.0,0.0,0.0,0.0,0.0,0.0,0.0,1.0,0.0,1.0,62.0,10.0,62.0,10.0,0.0,0.0,0.0,0.0,0.0,0.0
2010_01_CAR_NYG,2010,1,NYG,CAR,7,7,0,0.0,0.0,0.0,0.0,0.0,0.0,0.0,0.0,1.0,0.0,1.0,64.0,10.0,64.0,10.0,0.0,0.0,0.0,0.0,0.0,0.0
2010_01_ATL_PIT,2010,1,PIT,ATL,7,7,0,0.0,0.0,0.0,0.0,0.0,0.0,0.0,0.0,1.0,1.0,0.0,65.0,9.0,65.0,9.0,0.0,0.0,0.0,0.0,0.0,0.0
2010_01_CLE_TB,2010,1,TB,CLE,7,7,0,0.0,0.0,0.0,0.0,0.0,0.0,0.0,0.0,1.0,1.0,0.0,87.0,6.0,87.0,6.0,0.0,0.0,0.0,0.0,0.0,0.0
2010_01_OAK_TEN,2010,1,TEN,OAK,7,7,0,0.0,0.0,0.0,0.0,0.0,0.0,0.0,0.0,1.0,1.0,0.0,77.0,9.0,77.0,9.0,0.0,0.0,0.0,0.0,0.0,0.0
2010_01_GB_PHI,2010,1,PHI,GB,7,7,0,0.0,0.0,0.0,0.0,0.0,0.0,0.0,0.0,1.0,1.0,0.0,69.0,4.0,69.0,4.0,0.0,0.0,0.0,0.0,0.0,0.0
2010_01_SF_SEA,2010,1,SEA,SF,7,7,0,0.0,0.0,0.0,0.0,0.0,0.0,1.0,0.0,1.0,0.0,1.0,64.0,11.0,64.0,11.0,0.0,0.0,0.0,0.0,0.0,1.0
2010_01_ARI_STL,2010,1,STL,ARI,7,7,0,0.0,0.0,0.0,0.0,0.0,0.0,1.0,1.0,0.0,0.0,0.0,,,70.0,0.0,0.0,0.0,0.0,0.0,0.0,0.0
2010_01_DAL_WAS,2010,1,WAS,DAL,7,7,0,0.0,0.0,0.0,0.0,0.0,0.0,1.0,0.0,1.0,1.0,0.0,66.0,2.0,66.0,2.0,0.0,0.0,0.0,0.0,0.0,0.0
2010_01_BAL_NYJ,2010,1,NYJ,BAL,7,7,0,0.0,0.0,0.0,0.0,0.0,0.0,0.0,0.0,1.0,0.0,1.0,67.0,11.0,67.0,11.0,0.0,0.0,0.0,0.0,0.0,1.0
2010_01_SD_KC,2010,1,KC,SD,7,7,0,0.0,0.0,0.0,0.0,0.0,0.0,1.0,0.0,1.0,1.0,0.0,78.0,10.0,78.0,10.0,0.0,0.0,0.0,0.0,0.0,0.0
2010_02_ARI_ATL,2010,2,ATL,ARI,7,7,0,0.0,0.0,0.0,0.0,0.0,0.0,0.0,1.0,0.0,0.0,1.0,,,70.0,0.0,0.0,0.0,0.0,0.0,0.0,0.0
2010_02_TB_CAR,2010,2,CAR,TB,7,7,0,0.0,0.0,0.0,0.0,0.0,0.0,1.0,0.0,1.0,1.0,0.0,89.0,4.0,89.0,4.0,0.0,0.0,0.0,0.0,0.0,0.0
2010_02_BAL_CIN,2010,2,CIN,BAL,7,6,1,0.0,1.0,1.0,0.0,0.0,0.0,1.0,0.0,1.0,0.0,1.0,78.0,1.0,78.0,1.0,0.0,0.0,0.0,0.0,0.0,0.0
2010_02_KC_CLE,2010,2,CLE,KC,7,6,1,0.0,1.0,1.0,0.0,0.0,0.0,0.0,0.0,1.0,1.0,0.0,65.0,16.0,65.0,16.0,0.0,0.0,1.0,0.0,0.0,6.0
2010_02_CHI_DAL,2010,2,DAL,CHI,7,7,0,0.0,0.0,0.0,0.0,0.0,0.0,0.0,1.0,0.0,0.0,1.0,,,70.0,0.0,0.0,0.0,0.0,0.0,0.0,0.0
2010_02_PHI_DET,2010,2,DET,PHI,7,7,0,0.0,0.0,0.0,0.0,0.0,0.0,0.0,1.0,0.0,0.0,1.0,,,70.0,0.0,0.0,0.0,0.0,0.0,0.0,0.0
2010_02_BUF_GB,2010,2,GB,BUF,7,7,0,0.0,0.0,0.0,0.0,0.0,0.0,0.0,0.0,1.0,1.0,0.0,58.0,4.0,58.0,4.0,0.0,0.0,0.0,0.0,0.0,0.0
2010_02_MIA_MIN,2010,2,MIN,MIA,10,7,3,0.0,0.0,0.0,1.0,0.0,1.0,0.0,1.0,0.0,0.0,1.0,,,70.0,0.0,0.0,0.0,0.0,0.0,0.0,0.0
2010_02_PIT_TEN,2010,2,TEN,PIT,7,7,0,0.0,0.0,0.0,0.0,0.0,0.0,0.0,0.0,1.0,1.0,0.0,87.0,3.0,87.0,3.0,0.0,0.0,0.0,0.0,0.0,0.0
2010_02_SEA_DEN,2010,2,DEN,SEA,7,7,0,0.0,0.0,0.0,0.0,0.0,0.0,0.0,0.0,1.0,1.0,0.0,91.0,9.0,91.0,9.0,0.0,0.0,0.0,0.0,0.0,0.0
2010_02_STL_OAK,2010,2,OAK,STL,7,7,0,0.0,0.0,0.0,0.0,0.0,0.0,0.0,0.0,1.0,1.0,0.0,72.0,6.0,72.0,6.0,0.0,0.0,0.0,0.0,0.0,0.0
2010_02_NE_NYJ,2010,2,NYJ,NE,6,7,-1,1.0,0.0,-1.0,0.0,0.0,0.0,1.0,0.0,1.0,0.0,1.0,81.0,6.0,81.0,6.0,0.0,0.0,0.0,0.0,0.0,0.0
2010_02_JAX_SD,2010,2,SD,JAX,6,7,-1,1.0,0.0,-1.0,0.0,0.0,0.0,0.0,0.0,1.0,1.0,0.0,76.0,8.0,76.0,8.0,0.0,0.0,0.0,0.0,0.0,0.0
2010_02_HOU_WAS,2010,2,WAS,HOU,7,7,0,0.0,0.0,0.0,0.0,0.0,0.0,0.0,0.0,1.0,1.0,0.0,85.0,6.0,85.0,6.0,0.0,0.0,0.0,0.0,0.0,0.0
2010_02_NYG_IND,2010,2,IND,NYG,7,7,0,0.0,0.0,0.0,0.0,0.0,0.0,0.0,0.0,1.0,0.0,1.0,,,,,0.0,0.0,0.0,0.0,0.0,0.0
2010_02_NO_SF,2010,2,SF,NO,8,11,-3,0.0,0.0,0.0,0.0,1.0,-1.0,0.0,0.0,1.0,1.0,0.0,65.0,10.0,65.0,10.0,0.0,0.0,0.0,0.0,0.0,0.0
2010_03_CLE_BAL,2010,3,BAL,CLE,7,7,0,0.0,0.0,0.0,0.0,0.0,0.0,1.0,0.0,1.0,0.0,1.0,64.0,6.0,64.0,6.0,0.0,0.0,0.0,0.0,0.0,0.0
2010_03_CIN_CAR,2010,3,CAR,CIN,7,7,0,0.0,0.0,0.0,0.0,0.0,0.0,0.0,0.0,1.0,1.0,0.0,67.0,8.0,67.0,8.0,0.0,0.0,0.0,0.0,0.0,0.0
2010_03_DAL_HOU,2010,3,HOU,DAL,7,7,0,0.0,0.0,0.0,0.0,0.0,0.0,0.0,1.0,0.0,1.0,0.0,,,70.0,0.0,0.0,0.0,0.0,0.0,0.0,0.0
2010_03_SF_KC,2010,3,KC,SF,7,6,1,0.0,1.0,1.0,0.0,0.0,0.0,0.0,0.0,1.0,1.0,0.0,55.0,10.0,55.0,10.0,0.0,0.0,0.0,0.0,0.0,0.0
2010_03_DET_MIN,2010,3,MIN,DET,7,7,0,0.0,0.0,0.0,0.0,0.0,0.0,1.0,1.0,0.0,0.0,1.0,,,70.0,0.0,0.0,0.0,0.0,0.0,0.0,0.0
2010_03_BUF_NE,2010,3,NE,BUF,7,7,0,0.0,0.0,0.0,0.0,0.0,0.0,1.0,0.0,1.0,0.0,1.0,68.0,11.0,68.0,11.0,0.0,0.0,0.0,0.0,0.0,1.0
2010_03_ATL_NO,2010,3,NO,ATL,6,7,-1,1.0,0.0,-1.0,0.0,0.0,0.0,1.0,1.0,0.0,0.0,1.0,,,70.0,0.0,0.0,0.0,0.0,0.0,0.0,0.0
2010_03_TEN_NYG,2010,3,NYG,TEN,7,7,0,0.0,0.0,0.0,0.0,0.0,0.0,0.0,0.0,1.0,0.0,1.0,70.0,3.0,70.0,3.0,0.0,0.0,0.0,0.0,0.0,0.0
2010_03_PIT_TB,2010,3,TB,PIT,7,7,0,0.0,0.0,0.0,0.0,0.0,0.0,0.0,0.0,1.0,1.0,0.0,90.0,7.0,90.0,7.0,0.0,0.0,0.0,0.0,0.0,0.0
2010_03_PHI_JAX,2010,3,JAX,PHI,7,7,0,0.0,0.0,0.0,0.0,0.0,0.0,0.0,0.0,1.0,1.0,0.0,89.0,5.0,89.0,5.0,0.0,0.0,0.0,0.0,0.0,0.0
2010_03_WAS_STL,2010,3,STL,WAS,7,7,0,0.0,0.0,0.0,0.0,0.0,0.0,0.0,1.0,0.0,0.0,0.0,,,70.0,0.0,0.0,0.0,0.0,0.0,0.0,0.0
2010_03_OAK_ARI,2010,3,ARI,OAK,7,7,0,0.0,0.0,0.0,0.0,0.0,0.0,0.0,1.0,0.0,1.0,0.0,,,70.0,0.0,0.0,0.0,0.0,0.0,0.0,0.0
2010_03_IND_DEN,2010,3,DEN,IND,7,7,0,0.0,0.0,0.0,0.0,0.0,0.0,0.0,0.0,1.0,1.0,0.0,85.0,6.0,85.0,6.0,0.0,0.0,0.0,0.0,0.0,0.0
2010_03_SD_SEA,2010,3,SEA,SD,7,7,0,0.0,0.0,0.0,0.0,0.0,0.0,0.0,0.0,1.0,0.0,1.0,68.0,10.0,68.0,10.0,0.0,0.0,0.0,0.0,0.0,0.0
2010_03_NYJ_MIA,2010,3,MIA,NYJ,7,7,0,0.0,0.0,0.0,0.0,0.0,0.0,1.0,0.0,1.0,1.0,0.0,83.0,9.0,83.0,9.0,0.0,0.0,0.0,0.0,0.0,0.0
2010_03_GB_CHI,2010,3,CHI,GB,8,8,0,0.0,0.0,0.0,0.0,0.0,0.0,1.0,0.0,1.0,1.0,0.0,56.0,6.0,56.0,6.0,0.0,0.0,0.0,0.0,0.0,0.0
2010_04_SF_ATL,2010,4,ATL,SF,7,7,0,0.0,0.0,0.0,0.0,0.0,0.0,0.0,1.0,0.0,0.0,1.0,,,70.0,0.0,0.0,0.0,0.0,0.0,0.0,0.0
2010_04_NYJ_BUF,2010,4,BUF,NYJ,7,7,0,0.0,0.0,0.0,0.0,0.0,0.0,1.0,0.0,1.0,0.0,0.0,51.0,16.0,51.0,16.0,0.0,0.0,1.0,0.0,0.0,6.0
2010_04_CIN_CLE,2010,4,CLE,CIN,7,7,0,0.0,0.0,0.0,0.0,0.0,0.0,1.0,0.0,1.0,1.0,0.0,50.0,10.0,50.0,10.0,0.0,0.0,0.0,0.0,0.0,0.0
2010_04_DET_GB,2010,4,GB,DET,6,7,-1,1.0,0.0,-1.0,0.0,0.0,0.0,1.0,0.0,1.0,1.0,0.0,52.0,8.0,52.0,8.0,0.0,0.0,0.0,0.0,0.0,0.0
2010_04_CAR_NO,2010,4,NO,CAR,7,7,0,0.0,0.0,0.0,0.0,0.0,0.0,1.0,1.0,0.0,0.0,1.0,,,70.0,0.0,0.0,0.0,0.0,0.0,0.0,0.0
2010_04_BAL_PIT,2010,4,PIT,BAL,7,7,0,0.0,0.0,0.0,0.0,0.0,0.0,1.0,0.0,1.0,1.0,0.0,52.0,5.0,52.0,5.0,0.0,0.0,0.0,0.0,0.0,0.0
2010_04_SEA_STL,2010,4,STL,SEA,7,7,0,0.0,0.0,0.0,0.0,0.0,0.0,1.0,1.0,0.0,0.0,0.0,,,70.0,0.0,0.0,0.0,0.0,0.0,0.0,0.0
2010_04_DEN_TEN,2010,4,TEN,DEN,7,7,0,0.0,0.0,0.0,0.0,0.0,0.0,0.0,0.0,1.0,1.0,0.0,54.0,13.0,54.0,13.0,0.0,0.0,0.0,0.0,0.0,3.0
2010_04_IND_JAX,2010,4,JAX,IND,7,7,0,0.0,0.0,0.0,0.0,0.0,0.0,1.0,0.0,1.0,1.0,0.0,80.0,10.0,80.0,10.0,0.0,0.0,0.0,0.0,0.0,0.0
2010_04_HOU_OAK,2010,4,OAK,HOU,7,7,0,0.0,0.0,0.0,0.0,0.0,0.0,0.0,0.0,1.0,1.0,0.0,71.0,15.0,71.0,15.0,0.0,0.0,1.0,0.0,0.0,5.0
2010_04_WAS_PHI,2010,4,PHI,WAS,7,7,0,0.0,0.0,0.0,0.0,0.0,0.0,1.0,0.0,1.0,1.0,0.0,63.0,13.0,63.0,13.0,0.0,0.0,0.0,0.0,0.0,3.0
2010_04_ARI_SD,2010,4,SD,ARI,7,7,0,0.0,0.0,0.0,0.0,0.0,0.0,0.0,0.0,1.0,1.0,0.0,72.0,8.0,72.0,8.0,0.0,0.0,0.0,0.0,0.0,0.0
2010_04_CHI_NYG,2010,4,NYG,CHI,7,6,1,0.0,1.0,1.0,0.0,0.0,0.0,0.0,0.0,1.0,0.0,1.0,59.0,14.0,59.0,14.0,0.0,0.0,0.0,0.0,0.0,4.0
2010_04_NE_MIA,2010,4,MIA,NE,8,8,0,0.0,0.0,0.0,0.0,0.0,0.0,1.0,0.0,1.0,1.0,0.0,80.0,15.0,80.0,15.0,0.0,0.0,1.0,0.0,0.0,5.0
2010_05_DEN_BAL,2010,5,BAL,DEN,7,7,0,0.0,0.0,0.0,0.0,0.0,0.0,0.0,0.0,1.0,0.0,1.0,67.0,6.0,67.0,6.0,0.0,0.0,0.0,0.0,0.0,0.0
2010_05_JAX_BUF,2010,5,BUF,JAX,7,7,0,0.0,0.0,0.0,0.0,0.0,0.0,0.0,0.0,1.0,0.0,0.0,62.0,10.0,62.0,10.0,0.0,0.0,0.0,0.0,0.0,0.0
2010_05_CHI_CAR,2010,5,CAR,CHI,7,7,0,0.0,0.0,0.0,0.0,0.0,0.0,0.0,0.0,1.0,1.0,0.0,81.0,2.0,81.0,2.0,0.0,0.0,0.0,0.0,0.0,0.0
2010_05_TB_CIN,2010,5,CIN,TB,7,14,-7,0.0,0.0,0.0,0.0,1.0,-1.0,0.0,0.0,1.0,0.0,1.0,81.0,2.0,81.0,2.0,0.0,0.0,0.0,0.0,0.0,0.0
2010_05_ATL_CLE,2010,5,CLE,ATL,7,7,0,0.0,0.0,0.0,0.0,0.0,0.0,0.0,0.0,1.0,1.0,0.0,71.0,9.0,71.0,9.0,0.0,0.0,0.0,0.0,0.0,0.0
2010_05_STL_DET,2010,5,DET,STL,7,7,0,0.0,0.0,0.0,0.0,0.0,0.0,0.0,1.0,0.0,0.0,1.0,,,70.0,0.0,0.0,0.0,0.0,0.0,0.0,0.0
2010_05_NYG_HOU,2010,5,HOU,NYG,7,7,0,0.0,0.0,0.0,0.0,0.0,0.0,0.0,1.0,0.0,1.0,0.0,,,70.0,0.0,0.0,0.0,0.0,0.0,0.0,0.0
2010_05_KC_IND,2010,5,IND,KC,7,14,-7,0.0,0.0,0.0,0.0,1.0,-1.0,0.0,1.0,0.0,0.0,1.0,,,70.0,0.0,0.0,0.0,0.0,0.0,0.0,0.0
2010_05_GB_WAS,2010,5,WAS,GB,7,7,0,0.0,0.0,0.0,0.0,0.0,0.0,0.0,0.0,1.0,1.0,0.0,72.0,0.0,72.0,0.0,0.0,0.0,0.0,0.0,0.0,0.0
2010_05_NO_ARI,2010,5,ARI,NO,7,7,0,0.0,0.0,0.0,0.0,0.0,0.0,0.0,1.0,0.0,1.0,0.0,,,70.0,0.0,0.0,0.0,0.0,0.0,0.0,0.0
2010_05_TEN_DAL,2010,5,DAL,TEN,14,7,7,0.0,0.0,0.0,1.0,0.0,1.0,0.0,1.0,0.0,0.0,1.0,,,70.0,0.0,0.0,0.0,0.0,0.0,0.0,0.0
2010_05_SD_OAK,2010,5,OAK,SD,7,7,0,0.0,0.0,0.0,0.0,0.0,0.0,1.0,0.0,1.0,1.0,0.0,67.0,0.0,67.0,0.0,0.0,0.0,0.0,0.0,0.0,0.0
2010_05_PHI_SF,2010,5,SF,PHI,7,7,0,0.0,0.0,0.0,0.0,0.0,0.0,0.0,0.0,1.0,1.0,0.0,71.0,10.0,71.0,10.0,0.0,0.0,0.0,0.0,0.0,0.0
2010_05_MIN_NYJ,2010,5,NYJ,MIN,8,15,-7,0.0,0.0,0.0,0.0,1.0,-1.0,0.0,0.0,1.0,0.0,1.0,72.0,10.0,72.0,10.0,0.0,0.0,0.0,0.0,0.0,0.0
2010_06_SEA_CHI,2010,6,CHI,SEA,7,14,-7,0.0,0.0,0.0,0.0,1.0,-1.0,0.0,0.0,1.0,1.0,0.0,61.0,9.0,61.0,9.0,0.0,0.0,0.0,0.0,0.0,0.0
2010_06_MIA_GB,2010,6,GB,MIA,7,13,-6,0.0,0.0,0.0,0.0,1.0,-1.0,0.0,0.0,1.0,1.0,0.0,57.0,11.0,57.0,11.0,0.0,0.0,0.0,0.0,0.0,1.0
2010_06_KC_HOU,2010,6,HOU,KC,7,7,0,0.0,0.0,0.0,0.0,0.0,0.0,0.0,0.0,1.0,1.0,0.0,,,,,0.0,0.0,0.0,0.0,0.0,0.0
2010_06_BAL_NE,2010,6,NE,BAL,13,7,6,0.0,0.0,0.0,1.0,0.0,1.0,0.0,0.0,1.0,0.0,1.0,57.0,14.0,57.0,14.0,0.0,0.0,0.0,0.0,0.0,4.0
2010_06_DET_NYG,2010,6,NYG,DET,7,7,0,0.0,0.0,0.0,0.0,0.0,0.0,0.0,0.0,1.0,0.0,1.0,63.0,9.0,63.0,9.0,0.0,0.0,0.0,0.0,0.0,0.0
2010_06_ATL_PHI,2010,6,PHI,ATL,7,7,0,0.0,0.0,0.0,0.0,0.0,0.0,0.0,0.0,1.0,1.0,0.0,66.0,12.0,66.0,12.0,0.0,0.0,0.0,0.0,0.0,2.0
2010_06_CLE_PIT,2010,6,PIT,CLE,14,7,7,0.0,0.0,0.0,1.0,0.0,1.0,1.0,0.0,1.0,1.0,0.0,61.0,13.0,61.0,13.0,0.0,0.0,0.0,0.0,0.0,3.0
2010_06_SD_STL,2010,6,STL,SD,7,7,0,0.0,0.0,0.0,0.0,0.0,0.0,0.0,1.0,0.0,0.0,0.0,,,70.0,0.0,0.0,0.0,0.0,0.0,0.0,0.0
2010_06_NO_TB,2010,6,TB,NO,7,7,0,0.0,0.0,0.0,0.0,0.0,0.0,1.0,0.0,1.0,1.0,0.0,81.0,9.0,81.0,9.0,0.0,0.0,0.0,0.0,0.0,0.0
2010_06_NYJ_DEN,2010,6,DEN,NYJ,7,6,1,0.0,1.0,1.0,0.0,0.0,0.0,0.0,0.0,1.0,1.0,0.0,73.0,4.0,73.0,4.0,0.0,0.0,0.0,0.0,0.0,0.0
2010_06_OAK_SF,2010,6,SF,OAK,7,7,0,0.0,0.0,0.0,0.0,0.0,0.0,0.0,0.0,1.0,1.0,0.0,53.0,10.0,53.0,10.0,0.0,0.0,0.0,0.0,0.0,0.0
2010_06_DAL_MIN,2010,6,MIN,DAL,6,7,-1,1.0,0.0,-1.0,0.0,0.0,0.0,0.0,1.0,0.0,0.0,1.0,,,70.0,0.0,0.0,0.0,0.0,0.0,0.0,0.0
2010_06_IND_WAS,2010,6,WAS,IND,7,7,0,0.0,0.0,0.0,0.0,0.0,0.0,0.0,0.0,1.0,1.0,0.0,70.0,7.0,70.0,7.0,0.0,0.0,0.0,0.0,0.0,0.0
2010_06_TEN_JAX,2010,6,JAX,TEN,8,8,0,0.0,0.0,0.0,0.0,0.0,0.0,1.0,0.0,1.0,1.0,0.0,70.0,8.0,70.0,8.0,0.0,0.0,0.0,0.0,0.0,0.0
2010_07_CIN_ATL,2010,7,ATL,CIN,7,14,-7,0.0,0.0,0.0,0.0,1.0,-1.0,0.0,1.0,0.0,0.0,1.0,,,70.0,0.0,0.0,0.0,0.0,0.0,0.0,0.0
2010_07_BUF_BAL,2010,7,BAL,BUF,7,14,-7,0.0,0.0,0.0,0.0,1.0,-1.0,0.0,0.0,1.0,0.0,1.0,70.0,5.0,70.0,5.0,0.0,0.0,0.0,0.0,0.0,0.0
2010_07_SF_CAR,2010,7,CAR,SF,14,7,7,0.0,0.0,0.0,1.0,0.0,1.0,0.0,0.0,1.0,1.0,0.0,75.0,9.0,75.0,9.0,0.0,0.0,0.0,0.0,0.0,0.0
2010_07_WAS_CHI,2010,7,CHI,WAS,7,7,0,0.0,0.0,0.0,0.0,0.0,0.0,0.0,0.0,1.0,1.0,0.0,67.0,11.0,67.0,11.0,0.0,0.0,0.0,0.0,0.0,1.0
2010_07_JAX_KC,2010,7,KC,JAX,7,6,1,0.0,1.0,1.0,0.0,0.0,0.0,0.0,0.0,1.0,1.0,0.0,63.0,15.0,63.0,15.0,0.0,0.0,1.0,0.0,0.0,5.0
2010_07_PIT_MIA,2010,7,MIA,PIT,7,7,0,0.0,0.0,0.0,0.0,0.0,0.0,0.0,0.0,1.0,1.0,0.0,80.0,13.0,80.0,13.0,0.0,0.0,0.0,0.0,0.0,3.0
2010_07_CLE_NO,2010,7,NO,CLE,7,7,0,0.0,0.0,0.0,0.0,0.0,0.0,0.0,1.0,0.0,0.0,1.0,,,70.0,0.0,0.0,0.0,0.0,0.0,0.0,0.0
2010_07_STL_TB,2010,7,TB,STL,7,7,0,0.0,0.0,0.0,0.0,0.0,0.0,0.0,0.0,1.0,1.0,0.0,84.0,9.0,84.0,9.0,0.0,0.0,0.0,0.0,0.0,0.0
2010_07_PHI_TEN,2010,7,TEN,PHI,6,7,-1,1.0,0.0,-1.0,0.0,0.0,0.0,0.0,0.0,1.0,1.0,0.0,78.0,22.0,78.0,22.0,0.0,0.0,1.0,1.0,0.0,12.0
2010_07_ARI_SEA,2010,7,SEA,ARI,7,14,-7,0.0,0.0,0.0,0.0,1.0,-1.0,1.0,0.0,1.0,0.0,1.0,52.0,12.0,52.0,12.0,0.0,0.0,0.0,0.0,0.0,2.0
2010_07_OAK_DEN,2010,7,DEN,OAK,7,7,0,0.0,0.0,0.0,0.0,0.0,0.0,1.0,0.0,1.0,1.0,0.0,63.0,9.0,63.0,9.0,0.0,0.0,0.0,0.0,0.0,0.0
2010_07_NE_SD,2010,7,SD,NE,7,7,0,0.0,0.0,0.0,0.0,0.0,0.0,0.0,0.0,1.0,1.0,0.0,69.0,7.0,69.0,7.0,0.0,0.0,0.0,0.0,0.0,0.0
2010_07_MIN_GB,2010,7,GB,MIN,7,7,0,0.0,0.0,0.0,0.0,0.0,0.0,1.0,0.0,1.0,1.0,0.0,58.0,4.0,58.0,4.0,0.0,0.0,0.0,0.0,0.0,0.0
2010_07_NYG_DAL,2010,7,DAL,NYG,8,8,0,0.0,0.0,0.0,0.0,0.0,0.0,1.0,0.0,1.0,0.0,1.0,,,,,0.0,0.0,0.0,0.0,0.0,0.0
2010_08_MIA_CIN,2010,8,CIN,MIA,7,7,0,0.0,0.0,0.0,0.0,0.0,0.0,0.0,0.0,1.0,0.0,1.0,54.0,11.0,54.0,11.0,0.0,0.0,0.0,0.0,0.0,1.0
2010_08_JAX_DAL,2010,8,DAL,JAX,6,7,-1,1.0,0.0,-1.0,0.0,0.0,0.0,0.0,1.0,0.0,0.0,1.0,,,70.0,0.0,0.0,0.0,0.0,0.0,0.0,0.0
2010_08_WAS_DET,2010,8,DET,WAS,14,7,7,0.0,0.0,0.0,1.0,0.0,1.0,0.0,1.0,0.0,0.0,1.0,,,70.0,0.0,0.0,0.0,0.0,0.0,0.0,0.0
2010_08_BUF_KC,2010,8,KC,BUF,7,7,0,0.0,0.0,0.0,0.0,0.0,0.0,0.0,0.0,1.0,1.0,0.0,51.0,13.0,51.0,13.0,0.0,0.0,0.0,0.0,0.0,3.0
2010_08_GB_NYJ,2010,8,NYJ,GB,14,7,7,0.0,0.0,0.0,1.0,0.0,1.0,0.0,0.0,1.0,0.0,1.0,57.0,15.0,57.0,15.0,0.0,0.0,1.0,0.0,0.0,5.0
2010_08_DEN_SF,2010,8,SF,DEN,7,7,0,0.0,0.0,0.0,0.0,0.0,0.0,0.0,0.0,1.0,1.0,0.0,54.0,6.0,54.0,6.0,0.0,0.0,0.0,0.0,0.0,0.0
2010_08_CAR_STL,2010,8,STL,CAR,7,7,0,0.0,0.0,0.0,0.0,0.0,0.0,0.0,1.0,0.0,0.0,0.0,,,70.0,0.0,0.0,0.0,0.0,0.0,0.0,0.0
2010_08_TEN_SD,2010,8,SD,TEN,7,7,0,0.0,0.0,0.0,0.0,0.0,0.0,0.0,0.0,1.0,1.0,0.0,65.0,10.0,65.0,10.0,0.0,0.0,0.0,0.0,0.0,0.0
2010_08_TB_ARI,2010,8,ARI,TB,7,7,0,0.0,0.0,0.0,0.0,0.0,0.0,0.0,1.0,0.0,1.0,0.0,,,70.0,0.0,0.0,0.0,0.0,0.0,0.0,0.0
2010_08_MIN_NE,2010,8,NE,MIN,7,7,0,0.0,0.0,0.0,0.0,0.0,0.0,0.0,0.0,1.0,0.0,1.0,49.0,16.0,49.0,16.0,0.0,0.0,1.0,0.0,1.0,6.0
2010_08_SEA_OAK,2010,8,OAK,SEA,7,7,0,0.0,0.0,0.0,0.0,0.0,0.0,0.0,0.0,1.0,1.0,0.0,66.0,5.0,66.0,5.0,0.0,0.0,0.0,0.0,0.0,0.0
2010_08_PIT_NO,2010,8,NO,PIT,7,7,0,0.0,0.0,0.0,0.0,0.0,0.0,0.0,1.0,0.0,0.0,1.0,,,70.0,0.0,0.0,0.0,0.0,0.0,0.0,0.0
2010_08_HOU_IND,2010,8,IND,HOU,15,15,0,0.0,0.0,0.0,1.0,1.0,0.0,1.0,1.0,0.0,0.0,1.0,,,70.0,0.0,0.0,0.0,0.0,0.0,0.0,0.0
2010_09_TB_ATL,2010,9,ATL,TB,14,7,7,0.0,0.0,0.0,1.0,0.0,1.0,1.0,1.0,0.0,0.0,1.0,,,70.0,0.0,0.0,0.0,0.0,0.0,0.0,0.0
2010_09_MIA_BAL,2010,9,BAL,MIA,14,7,7,0.0,0.0,0.0,1.0,0.0,1.0,0.0,0.0,1.0,0.0,1.0,50.0,11.0,50.0,11.0,0.0,0.0,0.0,0.0,0.0,1.0
2010_09_CHI_BUF,2010,9,BUF,CHI,7,14,-7,0.0,0.0,0.0,0.0,1.0,-1.0,0.0,1.0,0.0,0.0,0.0,,,70.0,0.0,0.0,0.0,0.0,0.0,0.0,0.0
2010_09_NO_CAR,2010,9,CAR,NO,7,7,0,0.0,0.0,0.0,0.0,0.0,0.0,1.0,0.0,1.0,1.0,0.0,50.0,7.0,50.0,7.0,0.0,0.0,0.0,0.0,0.0,0.0
2010_09_NE_CLE,2010,9,CLE,NE,14,7,7,0.0,0.0,0.0,1.0,0.0,1.0,0.0,0.0,1.0,1.0,0.0,43.0,13.0,43.0,13.0,0.0,0.0,0.0,0.0,7.0,3.0
2010_09_NYJ_DET,2010,9,DET,NYJ,7,7,0,0.0,0.0,0.0,0.0,0.0,0.0,0.0,1.0,0.0,0.0,1.0,,,70.0,0.0,0.0,0.0,0.0,0.0,0.0,0.0
2010_09_SD_HOU,2010,9,HOU,SD,6,7,-1,1.0,0.0,-1.0,0.0,0.0,0.0,0.0,0.0,1.0,1.0,0.0,,,,,0.0,0.0,0.0,0.0,0.0,0.0
2010_09_ARI_MIN,2010,9,MIN,ARI,7,7,0,0.0,0.0,0.0,0.0,0.0,0.0,0.0,1.0,0.0,0.0,1.0,,,70.0,0.0,0.0,0.0,0.0,0.0,0.0,0.0
2010_09_NYG_SEA,2010,9,SEA,NYG,7,13,-6,0.0,0.0,0.0,0.0,1.0,-1.0,0.0,0.0,1.0,0.0,1.0,55.0,15.0,55.0,15.0,0.0,0.0,1.0,0.0,0.0,5.0
2010_09_KC_OAK,2010,9,OAK,KC,7,7,0,0.0,0.0,0.0,0.0,0.0,0.0,1.0,0.0,1.0,1.0,0.0,62.0,9.0,62.0,9.0,0.0,0.0,0.0,0.0,0.0,0.0
2010_09_IND_PHI,2010,9,PHI,IND,14,6,8,0.0,1.0,1.0,1.0,0.0,1.0,0.0,0.0,1.0,1.0,0.0,52.0,18.0,52.0,18.0,0.0,0.0,1.0,0.0,0.0,8.0
2010_09_DAL_GB,2010,9,GB,DAL,7,7,0,0.0,0.0,0.0,0.0,0.0,0.0,0.0,0.0,1.0,1.0,0.0,43.0,3.0,43.0,3.0,0.0,0.0,0.0,0.0,7.0,0.0
2010_09_PIT_CIN,2010,9,CIN,PIT,8,8,0,0.0,0.0,0.0,0.0,0.0,0.0,1.0,0.0,1.0,0.0,1.0,44.0,2.0,44.0,2.0,0.0,0.0,0.0,0.0,6.0,0.0
2010_10_BAL_ATL,2010,10,ATL,BAL,4,4,0,1.0,1.0,0.0,0.0,0.0,0.0,0.0,1.0,0.0,0.0,1.0,,,70.0,0.0,0.0,0.0,0.0,0.0,0.0,0.0
2010_10_DET_BUF,2010,10,BUF,DET,7,7,0,0.0,0.0,0.0,0.0,0.0,0.0,0.0,0.0,1.0,0.0,0.0,58.0,12.0,58.0,12.0,0.0,0.0,0.0,0.0,0.0,2.0
2010_10_MIN_CHI,2010,10,CHI,MIN,7,7,0,0.0,0.0,0.0,0.0,0.0,0.0,1.0,0.0,1.0,1.0,0.0,44.0,22.0,44.0,22.0,0.0,0.0,1.0,1.0,6.0,12.0
2010_10_NYJ_CLE,2010,10,CLE,NYJ,7,7,0,0.0,0.0,0.0,0.0,0.0,0.0,0.0,0.0,1.0,1.0,0.0,46.0,17.0,46.0,17.0,0.0,0.0,1.0,0.0,4.0,7.0
2010_10_CIN_IND,2010,10,IND,CIN,7,6,1,0.0,1.0,1.0,0.0,0.0,0.0,0.0,1.0,0.0,0.0,1.0,,,70.0,0.0,0.0,0.0,0.0,0.0,0.0,0.0
2010_10_HOU_JAX,2010,10,JAX,HOU,14,7,7,0.0,0.0,0.0,1.0,0.0,1.0,1.0,0.0,1.0,1.0,0.0,70.0,5.0,70.0,5.0,0.0,0.0,0.0,0.0,0.0,0.0
2010_10_TEN_MIA,2010,10,MIA,TEN,7,14,-7,0.0,0.0,0.0,0.0,1.0,-1.0,0.0,0.0,1.0,1.0,0.0,79.0,9.0,79.0,9.0,0.0,0.0,0.0,0.0,0.0,0.0
2010_10_CAR_TB,2010,10,TB,CAR,7,7,0,0.0,0.0,0.0,0.0,0.0,0.0,1.0,0.0,1.0,1.0,0.0,73.0,7.0,73.0,7.0,0.0,0.0,0.0,0.0,0.0,0.0
2010_10_KC_DEN,2010,10,DEN,KC,14,7,7,0.0,0.0,0.0,1.0,0.0,1.0,1.0,0.0,1.0,1.0,0.0,43.0,6.0,43.0,6.0,0.0,0.0,0.0,0.0,7.0,0.0
2010_10_SEA_ARI,2010,10,ARI,SEA,7,7,0,0.0,0.0,0.0,0.0,0.0,0.0,1.0,1.0,0.0,1.0,0.0,,,70.0,0.0,0.0,0.0,0.0,0.0,0.0,0.0
2010_10_DAL_NYG,2010,10,NYG,DAL,7,7,0,0.0,0.0,0.0,0.0,0.0,0.0,1.0,0.0,1.0,0.0,1.0,60.0,8.0,60.0,8.0,0.0,0.0,0.0,0.0,0.0,0.0
2010_10_STL_SF,2010,10,SF,STL,14,14,0,0.0,0.0,0.0,1.0,1.0,0.0,1.0,0.0,1.0,1.0,0.0,74.0,5.0,74.0,5.0,0.0,0.0,0.0,0.0,0.0,0.0
2010_10_NE_PIT,2010,10,PIT,NE,6,7,-1,1.0,0.0,-1.0,0.0,0.0,0.0,0.0,0.0,1.0,1.0,0.0,49.0,8.0,49.0,8.0,0.0,0.0,0.0,0.0,1.0,0.0
2010_10_PHI_WAS,2010,10,WAS,PHI,15,8,7,0.0,0.0,0.0,1.0,0.0,1.0,1.0,0.0,1.0,1.0,0.0,52.0,3.0,52.0,3.0,0.0,0.0,0.0,0.0,0.0,0.0
2010_11_CHI_MIA,2010,11,MIA,CHI,4,4,0,1.0,1.0,0.0,0.0,0.0,0.0,0.0,0.0,1.0,1.0,0.0,75.0,8.0,75.0,8.0,0.0,0.0,0.0,0.0,0.0,0.0
2010_11_BAL_CAR,2010,11,CAR,BAL,7,10,-3,0.0,0.0,0.0,0.0,1.0,-1.0,0.0,0.0,1.0,1.0,0.0,65.0,6.0,65.0,6.0,0.0,0.0,0.0,0.0,0.0,0.0
2010_11_BUF_CIN,2010,11,CIN,BUF,7,7,0,0.0,0.0,0.0,0.0,0.0,0.0,0.0,0.0,1.0,0.0,1.0,65.0,16.0,65.0,16.0,0.0,0.0,1.0,0.0,0.0,6.0
2010_11_DET_DAL,2010,11,DAL,DET,7,7,0,0.0,0.0,0.0,0.0,0.0,0.0,0.0,1.0,0.0,0.0,1.0,,,70.0,0.0,0.0,0.0,0.0,0.0,0.0,0.0
2010_11_CLE_JAX,2010,11,JAX,CLE,7,7,0,0.0,0.0,0.0,0.0,0.0,0.0,0.0,0.0,1.0,1.0,0.0,76.0,8.0,76.0,8.0,0.0,0.0,0.0,0.0,0.0,0.0
2010_11_ARI_KC,2010,11,KC,ARI,7,7,0,0.0,0.0,0.0,0.0,0.0,0.0,0.0,0.0,1.0,1.0,0.0,66.0,20.0,66.0,20.0,0.0,0.0,1.0,1.0,0.0,10.0
2010_11_GB_MIN,2010,11,MIN,GB,7,14,-7,0.0,0.0,0.0,0.0,1.0,-1.0,1.0,1.0,0.0,0.0,1.0,,,70.0,0.0,0.0,0.0,0.0,0.0,0.0,0.0
2010_11_HOU_NYJ,2010,11,NYJ,HOU,7,7,0,0.0,0.0,0.0,0.0,0.0,0.0,0.0,0.0,1.0,0.0,1.0,46.0,1.0,46.0,1.0,0.0,0.0,0.0,0.0,4.0,0.0
2010_11_OAK_PIT,2010,11,PIT,OAK,7,14,-7,0.0,0.0,0.0,0.0,1.0,-1.0,0.0,0.0,1.0,1.0,0.0,57.0,9.0,57.0,9.0,0.0,0.0,0.0,0.0,0.0,0.0
2010_11_WAS_TEN,2010,11,TEN,WAS,7,6,1,0.0,1.0,1.0,0.0,0.0,0.0,0.0,0.0,1.0,1.0,0.0,66.0,12.0,66.0,12.0,0.0,0.0,0.0,0.0,0.0,2.0
2010_11_SEA_NO,2010,11,NO,SEA,14,7,7,0.0,0.0,0.0,1.0,0.0,1.0,0.0,1.0,0.0,0.0,1.0,,,70.0,0.0,0.0,0.0,0.0,0.0,0.0,0.0
2010_11_TB_SF,2010,11,SF,TB,7,7,0,0.0,0.0,0.0,0.0,0.0,0.0,0.0,0.0,1.0,1.0,0.0,54.0,25.0,54.0,25.0,0.0,0.0,1.0,1.0,0.0,15.0
2010_11_ATL_STL,2010,11,STL,ATL,7,10,-3,0.0,0.0,0.0,0.0,1.0,-1.0,0.0,1.0,0.0,0.0,0.0,,,70.0,0.0,0.0,0.0,0.0,0.0,0.0,0.0
2010_11_IND_NE,2010,11,NE,IND,7,7,0,0.0,0.0,0.0,0.0,0.0,0.0,0.0,0.0,1.0,0.0,1.0,37.0,6.0,37.0,6.0,1.0,0.0,0.0,0.0,13.0,0.0
2010_11_NYG_PHI,2010,11,PHI,NYG,6,7,-1,1.0,0.0,-1.0,0.0,0.0,0.0,1.0,0.0,1.0,1.0,0.0,45.0,7.0,45.0,7.0,0.0,0.0,0.0,0.0,5.0,0.0
2010_11_DEN_SD,2010,11,SD,DEN,15,8,7,0.0,0.0,0.0,1.0,0.0,1.0,1.0,0.0,1.0,1.0,0.0,55.0,5.0,55.0,5.0,0.0,0.0,0.0,0.0,0.0,0.0
2010_12_NE_DET,2010,12,DET,NE,4,4,0,1.0,1.0,0.0,0.0,0.0,0.0,0.0,1.0,0.0,0.0,1.0,,,70.0,0.0,0.0,0.0,0.0,0.0,0.0,0.0
2010_12_NO_DAL,2010,12,DAL,NO,4,4,0,1.0,1.0,0.0,0.0,0.0,0.0,0.0,1.0,0.0,0.0,1.0,,,70.0,0.0,0.0,0.0,0.0,0.0,0.0,0.0
2010_12_CIN_NYJ,2010,12,NYJ,CIN,4,4,0,1.0,1.0,0.0,0.0,0.0,0.0,0.0,0.0,1.0,0.0,1.0,39.0,6.0,39.0,6.0,1.0,0.0,0.0,0.0,11.0,0.0
2010_12_GB_ATL,2010,12,ATL,GB,7,7,0,0.0,0.0,0.0,0.0,0.0,0.0,0.0,1.0,0.0,0.0,1.0,,,70.0,0.0,0.0,0.0,0.0,0.0,0.0,0.0
2010_12_PIT_BUF,2010,12,BUF,PIT,7,7,0,0.0,0.0,0.0,0.0,0.0,0.0,0.0,0.0,1.0,0.0,0.0,36.0,13.0,36.0,13.0,1.0,0.0,0.0,0.0,14.0,3.0
2010_12_CAR_CLE,2010,12,CLE,CAR,7,7,0,0.0,0.0,0.0,0.0,0.0,0.0,0.0,0.0,1.0,1.0,0.0,39.0,5.0,39.0,5.0,1.0,0.0,0.0,0.0,11.0,0.0
2010_12_TEN_HOU,2010,12,HOU,TEN,7,7,0,0.0,0.0,0.0,0.0,0.0,0.0,1.0,0.0,1.0,1.0,0.0,,,,,0.0,0.0,0.0,0.0,0.0,0.0
2010_12_JAX_NYG,2010,12,NYG,JAX,7,7,0,0.0,0.0,0.0,0.0,0.0,0.0,0.0,0.0,1.0,0.0,1.0,43.0,6.0,43.0,6.0,0.0,0.0,0.0,0.0,7.0,0.0
2010_12_MIN_WAS,2010,12,WAS,MIN,7,7,0,0.0,0.0,0.0,0.0,0.0,0.0,0.0,0.0,1.0,1.0,0.0,47.0,5.0,47.0,5.0,0.0,0.0,0.0,0.0,3.0,0.0
2010_12_MIA_OAK,2010,12,OAK,MIA,7,10,-3,0.0,0.0,0.0,0.0,1.0,-1.0,0.0,0.0,1.0,1.0,0.0,54.0,10.0,54.0,10.0,0.0,0.0,0.0,0.0,0.0,0.0
2010_12_KC_SEA,2010,12,SEA,KC,7,7,0,0.0,0.0,0.0,0.0,0.0,0.0,0.0,0.0,1.0,0.0,1.0,43.0,1.0,43.0,1.0,0.0,0.0,0.0,0.0,7.0,0.0
2010_12_TB_BAL,2010,12,BAL,TB,7,7,0,0.0,0.0,0.0,0.0,0.0,0.0,0.0,0.0,1.0,0.0,1.0,48.0,3.0,48.0,3.0,0.0,0.0,0.0,0.0,2.0,0.0
2010_12_PHI_CHI,2010,12,CHI,PHI,10,7,3,0.0,0.0,0.0,1.0,0.0,1.0,0.0,0.0,1.0,1.0,0.0,45.0,16.0,45.0,16.0,0.0,0.0,1.0,0.0,5.0,6.0
2010_12_STL_DEN,2010,12,DEN,STL,6,7,-1,1.0,0.0,-1.0,0.0,0.0,0.0,0.0,0.0,1.0,1.0,0.0,45.0,12.0,45.0,12.0,0.0,0.0,0.0,0.0,5.0,2.0
2010_12_SD_IND,2010,12,IND,SD,7,6,1,0.0,1.0,1.0,0.0,0.0,0.0,0.0,1.0,0.0,0.0,1.0,,,70.0,0.0,0.0,0.0,0.0,0.0,0.0,0.0
2010_12_SF_ARI,2010,12,ARI,SF,8,8,0,0.0,0.0,0.0,0.0,0.0,0.0,1.0,1.0,0.0,1.0,0.0,,,70.0,0.0,0.0,0.0,0.0,0.0,0.0,0.0
2010_13_HOU_PHI,2010,13,PHI,HOU,4,4,0,1.0,1.0,0.0,0.0,0.0,0.0,0.0,0.0,1.0,1.0,0.0,36.0,5.0,36.0,5.0,1.0,0.0,0.0,0.0,14.0,0.0
2010_13_NO_CIN,2010,13,CIN,NO,10,10,0,0.0,0.0,0.0,1.0,1.0,0.0,0.0,0.0,1.0,0.0,1.0,32.0,12.0,32.0,12.0,1.0,0.0,0.0,0.0,18.0,2.0
2010_13_CHI_DET,2010,13,DET,CHI,10,7,3,0.0,0.0,0.0,1.0,0.0,1.0,1.0,1.0,0.0,0.0,1.0,,,70.0,0.0,0.0,0.0,0.0,0.0,0.0,0.0
2010_13_SF_GB,2010,13,GB,SF,7,6,1,0.0,1.0,1.0,0.0,0.0,0.0,0.0,0.0,1.0,1.0,0.0,26.0,16.0,26.0,16.0,1.0,0.0,1.0,0.0,24.0,6.0
2010_13_DEN_KC,2010,13,KC,DEN,7,7,0,0.0,0.0,0.0,0.0,0.0,0.0,1.0,0.0,1.0,1.0,0.0,26.0,8.0,26.0,8.0,1.0,0.0,0.0,0.0,24.0,0.0
2010_13_CLE_MIA,2010,13,MIA,CLE,7,7,0,0.0,0.0,0.0,0.0,0.0,0.0,0.0,0.0,1.0,1.0,0.0,76.0,10.0,76.0,10.0,0.0,0.0,0.0,0.0,0.0,0.0
2010_13_BUF_MIN,2010,13,MIN,BUF,7,7,0,0.0,0.0,0.0,0.0,0.0,0.0,0.0,1.0,0.0,0.0,1.0,,,70.0,0.0,0.0,0.0,0.0,0.0,0.0,0.0
2010_13_WAS_NYG,2010,13,NYG,WAS,7,7,0,0.0,0.0,0.0,0.0,0.0,0.0,1.0,0.0,1.0,0.0,1.0,33.0,17.0,33.0,17.0,1.0,0.0,1.0,0.0,17.0,7.0
2010_13_JAX_TEN,2010,13,TEN,JAX,7,7,0,0.0,0.0,0.0,0.0,0.0,0.0,1.0,0.0,1.0,1.0,0.0,35.0,11.0,35.0,11.0,1.0,0.0,0.0,0.0,15.0,1.0
2010_13_OAK_SD,2010,13,SD,OAK,7,7,0,0.0,0.0,0.0,0.0,0.0,0.0,1.0,0.0,1.0,1.0,0.0,67.0,5.0,67.0,5.0,0.0,0.0,0.0,0.0,0.0,0.0
2010_13_STL_ARI,2010,13,ARI,STL,6,7,-1,1.0,0.0,-1.0,0.0,0.0,0.0,1.0,1.0,0.0,1.0,0.0,,,70.0,0.0,0.0,0.0,0.0,0.0,0.0,0.0
2010_13_DAL_IND,2010,13,IND,DAL,7,10,-3,0.0,0.0,0.0,0.0,1.0,-1.0,0.0,1.0,0.0,0.0,1.0,,,70.0,0.0,0.0,0.0,0.0,0.0,0.0,0.0
2010_13_CAR_SEA,2010,13,SEA,CAR,7,7,0,0.0,0.0,0.0,0.0,0.0,0.0,0.0,0.0,1.0,0.0,1.0,45.0,6.0,45.0,6.0,0.0,0.0,0.0,0.0,5.0,0.0
2010_13_ATL_TB,2010,13,TB,ATL,7,7,0,0.0,0.0,0.0,0.0,0.0,0.0,1.0,0.0,1.0,1.0,0.0,72.0,9.0,72.0,9.0,0.0,0.0,0.0,0.0,0.0,0.0
2010_13_PIT_BAL,2010,13,BAL,PIT,7,7,0,0.0,0.0,0.0,0.0,0.0,0.0,1.0,0.0,1.0,0.0,1.0,35.0,17.0,35.0,17.0,1.0,0.0,1.0,0.0,15.0,7.0
2010_13_NYJ_NE,2010,13,NE,NYJ,11,11,0,0.0,0.0,0.0,1.0,1.0,0.0,1.0,0.0,1.0,0.0,1.0,27.0,16.0,27.0,16.0,1.0,0.0,1.0,0.0,23.0,6.0
2010_14_IND_TEN,2010,14,TEN,IND,4,4,0,1.0,1.0,0.0,0.0,0.0,0.0,1.0,0.0,1.0,1.0,0.0,35.0,6.0,35.0,6.0,1.0,0.0,0.0,0.0,15.0,0.0
2010_14_CLE_BUF,2010,14,BUF,CLE,7,7,0,0.0,0.0,0.0,0.0,0.0,0.0,0.0,0.0,1.0,0.0,0.0,36.0,6.0,36.0,6.0,1.0,0.0,0.0,0.0,14.0,0.0
2010_14_ATL_CAR,2010,14,CAR,ATL,7,7,0,0.0,0.0,0.0,0.0,0.0,0.0,1.0,0.0,1.0,1.0,0.0,44.0,14.0,44.0,14.0,0.0,0.0,0.0,0.0,6.0,4.0
2010_14_GB_DET,2010,14,DET,GB,7,7,0,0.0,0.0,0.0,0.0,0.0,0.0,1.0,1.0,0.0,0.0,1.0,,,70.0,0.0,0.0,0.0,0.0,0.0,0.0,0.0
2010_14_OAK_JAX,2010,14,JAX,OAK,7,7,0,0.0,0.0,0.0,0.0,0.0,0.0,0.0,0.0,1.0,1.0,0.0,54.0,15.0,54.0,15.0,0.0,0.0,1.0,0.0,0.0,5.0
2010_14_CIN_PIT,2010,14,PIT,CIN,7,7,0,0.0,0.0,0.0,0.0,0.0,0.0,1.0,0.0,1.0,1.0,0.0,37.0,8.0,37.0,8.0,1.0,0.0,0.0,0.0,13.0,0.0
2010_14_TB_WAS,2010,14,WAS,TB,7,7,0,0.0,0.0,0.0,0.0,0.0,0.0,0.0,0.0,1.0,1.0,0.0,43.0,5.0,43.0,5.0,0.0,0.0,0.0,0.0,7.0,0.0
2010_14_STL_NO,2010,14,NO,STL,7,7,0,0.0,0.0,0.0,0.0,0.0,0.0,0.0,1.0,0.0,0.0,1.0,,,70.0,0.0,0.0,0.0,0.0,0.0,0.0,0.0
2010_14_SEA_SF,2010,14,SF,SEA,7,7,0,0.0,0.0,0.0,0.0,0.0,0.0,1.0,0.0,1.0,1.0,0.0,55.0,3.0,55.0,3.0,0.0,0.0,0.0,0.0,0.0,0.0
2010_14_DEN_ARI,2010,14,ARI,DEN,7,7,0,0.0,0.0,0.0,0.0,0.0,0.0,0.0,1.0,0.0,1.0,0.0,,,70.0,0.0,0.0,0.0,0.0,0.0,0.0,0.0
2010_14_NE_CHI,2010,14,CHI,NE,7,6,1,0.0,1.0,1.0,0.0,0.0,0.0,0.0,0.0,1.0,1.0,0.0,26.0,30.0,26.0,30.0,1.0,0.0,1.0,1.0,24.0,20.0
2010_14_MIA_NYJ,2010,14,NYJ,MIA,6,7,-1,1.0,0.0,-1.0,0.0,0.0,0.0,1.0,0.0,1.0,0.0,1.0,53.0,8.0,53.0,8.0,0.0,0.0,0.0,0.0,0.0,0.0
2010_14_KC_SD,2010,14,SD,KC,7,7,0,0.0,0.0,0.0,0.0,0.0,0.0,1.0,0.0,1.0,1.0,0.0,86.0,5.0,86.0,5.0,0.0,0.0,0.0,0.0,0.0,0.0
2010_14_PHI_DAL,2010,14,DAL,PHI,7,10,-3,0.0,0.0,0.0,0.0,1.0,-1.0,1.0,1.0,0.0,0.0,1.0,,,70.0,0.0,0.0,0.0,0.0,0.0,0.0,0.0
2010_14_NYG_MIN,2010,14,MIN,NYG,8,8,0,0.0,0.0,0.0,0.0,0.0,0.0,0.0,1.0,0.0,0.0,1.0,,,70.0,0.0,0.0,0.0,0.0,0.0,0.0,0.0
2010_14_BAL_HOU,2010,14,HOU,BAL,11,8,3,0.0,0.0,0.0,1.0,0.0,1.0,0.0,1.0,0.0,1.0,0.0,,,70.0,0.0,0.0,0.0,0.0,0.0,0.0,0.0
2010_15_SF_SD,2010,15,SD,SF,4,4,0,1.0,1.0,0.0,0.0,0.0,0.0,0.0,0.0,1.0,1.0,0.0,56.0,7.0,56.0,7.0,0.0,0.0,0.0,0.0,0.0,0.0
2010_15_NO_BAL,2010,15,BAL,NO,6,7,-1,1.0,0.0,-1.0,0.0,0.0,0.0,0.0,0.0,1.0,0.0,1.0,34.0,12.0,34.0,12.0,1.0,0.0,0.0,0.0,16.0,2.0
2010_15_ARI_CAR,2010,15,CAR,ARI,7,7,0,0.0,0.0,0.0,0.0,0.0,0.0,0.0,0.0,1.0,1.0,0.0,42.0,6.0,42.0,6.0,0.0,0.0,0.0,0.0,8.0,0.0
2010_15_CLE_CIN,2010,15,CIN,CLE,7,7,0,0.0,0.0,0.0,0.0,0.0,0.0,1.0,0.0,1.0,0.0,1.0,28.0,8.0,28.0,8.0,1.0,0.0,0.0,0.0,22.0,0.0
2010_15_WAS_DAL,2010,15,DAL,WAS,7,7,0,0.0,0.0,0.0,0.0,0.0,0.0,1.0,0.0,1.0,0.0,1.0,,,,,0.0,0.0,0.0,0.0,0.0,0.0
2010_15_JAX_IND,2010,15,IND,JAX,10,7,3,0.0,0.0,0.0,1.0,0.0,1.0,1.0,1.0,0.0,0.0,1.0,,,70.0,0.0,0.0,0.0,0.0,0.0,0.0,0.0
2010_15_BUF_MIA,2010,15,MIA,BUF,7,7,0,0.0,0.0,0.0,0.0,0.0,0.0,1.0,0.0,1.0,1.0,0.0,67.0,18.0,67.0,18.0,0.0,0.0,1.0,0.0,0.0,8.0
2010_15_PHI_NYG,2010,15,NYG,PHI,6,7,-1,1.0,0.0,-1.0,0.0,0.0,0.0,1.0,0.0,1.0,0.0,1.0,33.0,6.0,33.0,6.0,1.0,0.0,0.0,0.0,17.0,0.0
2010_15_KC_STL,2010,15,STL,KC,7,7,0,0.0,0.0,0.0,0.0,0.0,0.0,0.0,1.0,0.0,0.0,0.0,,,70.0,0.0,0.0,0.0,0.0,0.0,0.0,0.0
2010_15_DET_TB,2010,15,TB,DET,7,7,0,0.0,0.0,0.0,0.0,0.0,0.0,0.0,0.0,1.0,1.0,0.0,54.0,10.0,54.0,10.0,0.0,0.0,0.0,0.0,0.0,0.0
2010_15_HOU_TEN,2010,15,TEN,HOU,10,6,4,0.0,1.0,1.0,1.0,0.0,1.0,1.0,0.0,1.0,1.0,0.0,36.0,4.0,36.0,4.0,1.0,0.0,0.0,0.0,14.0,0.0
2010_15_ATL_SEA,2010,15,SEA,ATL,7,7,0,0.0,0.0,0.0,0.0,0.0,0.0,0.0,0.0,1.0,0.0,1.0,45.0,2.0,45.0,2.0,0.0,0.0,0.0,0.0,5.0,0.0
2010_15_DEN_OAK,2010,15,OAK,DEN,7,7,0,0.0,0.0,0.0,0.0,0.0,0.0,1.0,0.0,1.0,1.0,0.0,55.0,0.0,55.0,0.0,0.0,0.0,0.0,0.0,0.0,0.0
2010_15_NYJ_PIT,2010,15,PIT,NYJ,7,7,0,0.0,0.0,0.0,0.0,0.0,0.0,0.0,0.0,1.0,1.0,0.0,25.0,9.0,25.0,9.0,1.0,1.0,0.0,0.0,25.0,0.0
2010_15_GB_NE,2010,15,NE,GB,7,7,0,0.0,0.0,0.0,0.0,0.0,0.0,0.0,0.0,1.0,0.0,1.0,32.0,8.0,32.0,8.0,1.0,0.0,0.0,0.0,18.0,0.0
2010_15_CHI_MIN,2010,15,MIN,CHI,7,8,-1,0.0,0.0,0.0,0.0,0.0,0.0,1.0,0.0,1.0,0.0,1.0,23.0,17.0,23.0,17.0,1.0,1.0,1.0,0.0,27.0,7.0
2010_16_CAR_PIT,2010,16,PIT,CAR,4,4,0,1.0,1.0,0.0,0.0,0.0,0.0,0.0,0.0,1.0,1.0,0.0,27.0,11.0,27.0,11.0,1.0,0.0,0.0,0.0,23.0,1.0
2010_16_DAL_ARI,2010,16,ARI,DAL,6,6,0,1.0,1.0,0.0,0.0,0.0,0.0,0.0,1.0,0.0,1.0,0.0,,,70.0,0.0,0.0,0.0,0.0,0.0,0.0,0.0
2010_16_NE_BUF,2010,16,BUF,NE,7,7,0,0.0,0.0,0.0,0.0,0.0,0.0,1.0,0.0,1.0,0.0,0.0,22.0,16.0,22.0,16.0,1.0,1.0,1.0,0.0,28.0,6.0
2010_16_NYJ_CHI,2010,16,CHI,NYJ,6,7,-1,1.0,0.0,-1.0,0.0,0.0,0.0,0.0,0.0,1.0,1.0,0.0,33.0,9.0,33.0,9.0,1.0,0.0,0.0,0.0,17.0,0.0
2010_16_BAL_CLE,2010,16,CLE,BAL,7,7,0,0.0,0.0,0.0,0.0,0.0,0.0,1.0,0.0,1.0,1.0,0.0,26.0,18.0,26.0,18.0,1.0,0.0,1.0,0.0,24.0,8.0
2010_16_WAS_JAX,2010,16,JAX,WAS,7,7,0,0.0,0.0,0.0,0.0,0.0,0.0,0.0,0.0,1.0,1.0,0.0,38.0,18.0,38.0,18.0,1.0,0.0,1.0,0.0,12.0,8.0
2010_16_TEN_KC,2010,16,KC,TEN,7,7,0,0.0,0.0,0.0,0.0,0.0,0.0,0.0,0.0,1.0,1.0,0.0,19.0,7.0,19.0,7.0,1.0,1.0,0.0,0.0,31.0,0.0
2010_16_DET_MIA,2010,16,MIA,DET,7,7,0,0.0,0.0,0.0,0.0,0.0,0.0,0.0,0.0,1.0,1.0,0.0,69.0,22.0,69.0,22.0,0.0,0.0,1.0,1.0,0.0,12.0
2010_16_SF_STL,2010,16,STL,SF,7,10,-3,0.0,0.0,0.0,0.0,1.0,-1.0,1.0,1.0,0.0,0.0,0.0,,,70.0,0.0,0.0,0.0,0.0,0.0,0.0,0.0
2010_16_SD_CIN,2010,16,CIN,SD,7,10,-3,0.0,0.0,0.0,0.0,1.0,-1.0,0.0,0.0,1.0,0.0,1.0,29.0,16.0,29.0,16.0,1.0,0.0,1.0,0.0,21.0,6.0
2010_16_HOU_DEN,2010,16,DEN,HOU,7,7,0,0.0,0.0,0.0,0.0,0.0,0.0,0.0,0.0,1.0,1.0,0.0,50.0,7.0,50.0,7.0,0.0,0.0,0.0,0.0,0.0,0.0
2010_16_IND_OAK,2010,16,OAK,IND,7,7,0,0.0,0.0,0.0,0.0,0.0,0.0,0.0,0.0,1.0,1.0,0.0,58.0,5.0,58.0,5.0,0.0,0.0,0.0,0.0,0.0,0.0
2010_16_NYG_GB,2010,16,GB,NYG,7,7,0,0.0,0.0,0.0,0.0,0.0,0.0,0.0,0.0,1.0,1.0,0.0,25.0,5.0,25.0,5.0,1.0,1.0,0.0,0.0,25.0,0.0
2010_16_SEA_TB,2010,16,TB,SEA,7,7,0,0.0,0.0,0.0,0.0,0.0,0.0,0.0,0.0,1.0,1.0,0.0,49.0,16.0,49.0,16.0,0.0,0.0,1.0,0.0,1.0,6.0
2010_16_NO_ATL,2010,16,ATL,NO,8,8,0,0.0,0.0,0.0,0.0,0.0,0.0,1.0,1.0,0.0,0.0,1.0,,,70.0,0.0,0.0,0.0,0.0,0.0,0.0,0.0
2010_16_MIN_PHI,2010,16,PHI,MIN,9,8,1,0.0,0.0,0.0,0.0,0.0,0.0,0.0,0.0,1.0,1.0,0.0,32.0,10.0,32.0,10.0,1.0,0.0,0.0,0.0,18.0,0.0
2010_17_CAR_ATL,2010,17,ATL,CAR,6,10,-4,1.0,0.0,-1.0,0.0,1.0,-1.0,1.0,1.0,0.0,0.0,1.0,,,70.0,0.0,0.0,0.0,0.0,0.0,0.0,0.0
2010_17_CIN_BAL,2010,17,BAL,CIN,7,7,0,0.0,0.0,0.0,0.0,0.0,0.0,1.0,0.0,1.0,0.0,1.0,51.0,7.0,51.0,7.0,0.0,0.0,0.0,0.0,0.0,0.0
2010_17_PIT_CLE,2010,17,CLE,PIT,7,10,-3,0.0,0.0,0.0,0.0,1.0,-1.0,1.0,0.0,1.0,1.0,0.0,25.0,14.0,25.0,14.0,1.0,1.0,0.0,0.0,25.0,4.0
2010_17_MIN_DET,2010,17,DET,MIN,7,5,2,0.0,1.0,1.0,0.0,0.0,0.0,1.0,1.0,0.0,0.0,1.0,,,70.0,0.0,0.0,0.0,0.0,0.0,0.0,0.0
2010_17_OAK_KC,2010,17,KC,OAK,7,7,0,0.0,0.0,0.0,0.0,0.0,0.0,1.0,0.0,1.0,1.0,0.0,30.0,12.0,30.0,12.0,1.0,0.0,0.0,0.0,20.0,2.0
2010_17_MIA_NE,2010,17,NE,MIA,7,7,0,0.0,0.0,0.0,0.0,0.0,0.0,1.0,0.0,1.0,0.0,1.0,47.0,5.0,47.0,5.0,0.0,0.0,0.0,0.0,3.0,0.0
2010_17_TB_NO,2010,17,NO,TB,6,7,-1,1.0,0.0,-1.0,0.0,0.0,0.0,1.0,1.0,0.0,0.0,1.0,,,70.0,0.0,0.0,0.0,0.0,0.0,0.0,0.0
2010_17_BUF_NYJ,2010,17,NYJ,BUF,7,7,0,0.0,0.0,0.0,0.0,0.0,0.0,1.0,0.0,1.0,0.0,1.0,48.0,5.0,48.0,5.0,0.0,0.0,0.0,0.0,2.0,0.0
2010_17_SD_DEN,2010,17,DEN,SD,7,7,0,0.0,0.0,0.0,0.0,0.0,0.0,1.0,0.0,1.0,1.0,0.0,42.0,4.0,42.0,4.0,0.0,0.0,0.0,0.0,8.0,0.0
2010_17_CHI_GB,2010,17,GB,CHI,7,7,0,0.0,0.0,0.0,0.0,0.0,0.0,1.0,0.0,1.0,1.0,0.0,19.0,14.0,19.0,14.0,1.0,1.0,0.0,0.0,31.0,4.0
2010_17_JAX_HOU,2010,17,HOU,JAX,7,7,0,0.0,0.0,0.0,0.0,0.0,0.0,1.0,0.0,1.0,1.0,0.0,,,,,0.0,0.0,0.0,0.0,0.0,0.0
2010_17_TEN_IND,2010,17,IND,TEN,7,7,0,0.0,0.0,0.0,0.0,0.0,0.0,1.0,1.0,0.0,0.0,1.0,,,70.0,0.0,0.0,0.0,0.0,0.0,0.0,0.0
2010_17_DAL_PHI,2010,17,PHI,DAL,5,8,-3,1.0,0.0,-1.0,0.0,0.0,0.0,1.0,0.0,1.0,1.0,0.0,40.0,10.0,40.0,10.0,1.0,0.0,0.0,0.0,10.0,0.0
2010_17_ARI_SF,2010,17,SF,ARI,7,8,-1,0.0,0.0,0.0,0.0,0.0,0.0,1.0,0.0,1.0,1.0,0.0,49.0,3.0,49.0,3.0,0.0,0.0,0.0,0.0,1.0,0.0
2010_17_NYG_WAS,2010,17,WAS,NYG,7,7,0,0.0,0.0,0.0,0.0,0.0,0.0,1.0,0.0,1.0,1.0,0.0,37.0,7.0,37.0,7.0,1.0,0.0,0.0,0.0,13.0,0.0
2010_17_STL_SEA,2010,17,SEA,STL,7,7,0,0.0,0.0,0.0,0.0,0.0,0.0,1.0,0.0,1.0,0.0,1.0,34.0,4.0,34.0,4.0,1.0,0.0,0.0,0.0,16.0,0.0
2010_18_NO_SEA,2010,18,SEA,NO,6,6,0,1.0,1.0,0.0,0.0,0.0,0.0,0.0,0.0,1.0,0.0,1.0,40.0,8.0,40.0,8.0,1.0,0.0,0.0,0.0,10.0,0.0
2010_18_NYJ_IND,2010,18,IND,NYJ,6,6,0,1.0,1.0,0.0,0.0,0.0,0.0,0.0,1.0,0.0,0.0,1.0,,,70.0,0.0,0.0,0.0,0.0,0.0,0.0,0.0
2010_18_BAL_KC,2010,18,KC,BAL,7,7,0,0.0,0.0,0.0,0.0,0.0,0.0,0.0,0.0,1.0,1.0,0.0,26.0,15.0,26.0,15.0,1.0,0.0,1.0,0.0,24.0,5.0
2010_18_GB_PHI,2010,18,PHI,GB,7,7,0,0.0,0.0,0.0,0.0,0.0,0.0,0.0,0.0,1.0,1.0,0.0,30.0,18.0,30.0,18.0,1.0,0.0,1.0,0.0,20.0,8.0
2010_19_BAL_PIT,2010,19,PIT,BAL,13,6,7,0.0,1.0,1.0,1.0,0.0,1.0,1.0,0.0,1.0,1.0,0.0,36.0,17.0,36.0,17.0,1.0,0.0,1.0,0.0,14.0,7.0
2010_19_GB_ATL,2010,19,ATL,GB,13,6,7,0.0,1.0,1.0,1.0,0.0,1.0,0.0,1.0,0.0,0.0,1.0,,,70.0,0.0,0.0,0.0,0.0,0.0,0.0,0.0
2010_19_SEA_CHI,2010,19,CHI,SEA,14,8,6,0.0,0.0,0.0,1.0,0.0,1.0,0.0,0.0,1.0,1.0,0.0,24.0,4.0,24.0,4.0,1.0,1.0,0.0,0.0,26.0,0.0
2010_19_NYJ_NE,2010,19,NE,NYJ,14,8,6,0.0,0.0,0.0,1.0,0.0,1.0,1.0,0.0,1.0,0.0,1.0,30.0,14.0,30.0,14.0,1.0,0.0,0.0,0.0,20.0,4.0
2010_20_GB_CHI,2010,20,CHI,GB,7,8,-1,0.0,0.0,0.0,0.0,0.0,0.0,1.0,0.0,1.0,1.0,0.0,20.0,14.0,20.0,14.0,1.0,1.0,0.0,0.0,30.0,4.0
2010_20_NYJ_PIT,2010,20,PIT,NYJ,8,7,1,0.0,0.0,0.0,0.0,0.0,0.0,0.0,0.0,1.0,1.0,0.0,17.0,10.0,17.0,10.0,1.0,1.0,0.0,0.0,33.0,0.0
2010_21_PIT_GB,2010,21,GB,PIT,14,14,0,0.0,0.0,0.0,1.0,1.0,0.0,0.0,1.0,0.0,1.0,0.0,,,70.0,0.0,0.0,0.0,0.0,0.0,0.0,0.0
2011_01_NO_GB,2011,1,GB,NO,7,7,0,0.0,0.0,0.0,0.0,0.0,0.0,0.0,0.0,1.0,1.0,0.0,68.0,5.0,68.0,5.0,0.0,0.0,0.0,0.0,0.0,0.0
2011_01_PIT_BAL,2011,1,BAL,PIT,7,7,0,0.0,0.0,0.0,0.0,0.0,0.0,1.0,0.0,1.0,0.0,1.0,75.0,2.0,75.0,2.0,0.0,0.0,0.0,0.0,0.0,0.0
2011_01_ATL_CHI,2011,1,CHI,ATL,7,7,0,0.0,0.0,0.0,0.0,0.0,0.0,0.0,0.0,1.0,1.0,0.0,76.0,7.0,76.0,7.0,0.0,0.0,0.0,0.0,0.0,0.0
2011_01_CIN_CLE,2011,1,CLE,CIN,7,7,0,0.0,0.0,0.0,0.0,0.0,0.0,1.0,0.0,1.0,1.0,0.0,72.0,9.0,72.0,9.0,0.0,0.0,0.0,0.0,0.0,0.0
2011_01_IND_HOU,2011,1,HOU,IND,7,7,0,0.0,0.0,0.0,0.0,0.0,0.0,1.0,0.0,1.0,1.0,0.0,,,,,0.0,0.0,0.0,0.0,0.0,0.0
2011_01_TEN_JAX,2011,1,JAX,TEN,7,7,0,0.0,0.0,0.0,0.0,0.0,0.0,1.0,0.0,1.0,1.0,0.0,87.0,5.0,87.0,5.0,0.0,0.0,0.0,0.0,0.0,0.0
2011_01_BUF_KC,2011,1,KC,BUF,7,7,0,0.0,0.0,0.0,0.0,0.0,0.0,0.0,0.0,1.0,1.0,0.0,75.0,0.0,75.0,0.0,0.0,0.0,0.0,0.0,0.0,0.0
2011_01_PHI_STL,2011,1,STL,PHI,7,7,0,0.0,0.0,0.0,0.0,0.0,0.0,0.0,1.0,0.0,0.0,0.0,,,70.0,0.0,0.0,0.0,0.0,0.0,0.0,0.0
2011_01_DET_TB,2011,1,TB,DET,7,7,0,0.0,0.0,0.0,0.0,0.0,0.0,0.0,0.0,1.0,1.0,0.0,86.0,6.0,86.0,6.0,0.0,0.0,0.0,0.0,0.0,0.0
2011_01_CAR_ARI,2011,1,ARI,CAR,7,7,0,0.0,0.0,0.0,0.0,0.0,0.0,0.0,1.0,0.0,1.0,0.0,,,70.0,0.0,0.0,0.0,0.0,0.0,0.0,0.0
2011_01_MIN_SD,2011,1,SD,MIN,7,7,0,0.0,0.0,0.0,0.0,0.0,0.0,0.0,0.0,1.0,1.0,0.0,74.0,7.0,74.0,7.0,0.0,0.0,0.0,0.0,0.0,0.0
2011_01_SEA_SF,2011,1,SF,SEA,7,7,0,0.0,0.0,0.0,0.0,0.0,0.0,1.0,0.0,1.0,1.0,0.0,68.0,15.0,68.0,15.0,0.0,0.0,1.0,0.0,0.0,5.0
2011_01_NYG_WAS,2011,1,WAS,NYG,7,7,0,0.0,0.0,0.0,0.0,0.0,0.0,1.0,0.0,1.0,1.0,0.0,87.0,5.0,87.0,5.0,0.0,0.0,0.0,0.0,0.0,0.0
2011_01_DAL_NYJ,2011,1,NYJ,DAL,7,7,0,0.0,0.0,0.0,0.0,0.0,0.0,0.0,0.0,1.0,0.0,1.0,70.0,6.0,70.0,6.0,0.0,0.0,0.0,0.0,0.0,0.0
2011_01_NE_MIA,2011,1,MIA,NE,7,7,0,0.0,0.0,0.0,0.0,0.0,0.0,1.0,0.0,1.0,1.0,0.0,82.0,11.0,82.0,11.0,0.0,0.0,0.0,0.0,0.0,1.0
2011_01_OAK_DEN,2011,1,DEN,OAK,7,7,0,0.0,0.0,0.0,0.0,0.0,0.0,1.0,0.0,1.0,1.0,0.0,75.0,6.0,75.0,6.0,0.0,0.0,0.0,0.0,0.0,0.0
2011_02_OAK_BUF,2011,2,BUF,OAK,7,6,1,0.0,1.0,1.0,0.0,0.0,0.0,0.0,0.0,1.0,0.0,1.0,65.0,5.0,65.0,5.0,0.0,0.0,0.0,0.0,0.0,0.0
2011_02_GB_CAR,2011,2,CAR,GB,7,10,-3,0.0,0.0,0.0,0.0,1.0,-1.0,0.0,0.0,1.0,1.0,0.0,64.0,11.0,64.0,11.0,0.0,0.0,0.0,0.0,0.0,1.0
2011_02_KC_DET,2011,2,DET,KC,7,7,0,0.0,0.0,0.0,0.0,0.0,0.0,0.0,1.0,0.0,0.0,1.0,,,70.0,0.0,0.0,0.0,0.0,0.0,0.0,0.0
2011_02_CLE_IND,2011,2,IND,CLE,7,7,0,0.0,0.0,0.0,0.0,0.0,0.0,0.0,1.0,0.0,0.0,1.0,,,70.0,0.0,0.0,0.0,0.0,0.0,0.0,0.0
2011_02_TB_MIN,2011,2,MIN,TB,7,7,0,0.0,0.0,0.0,0.0,0.0,0.0,0.0,1.0,0.0,0.0,1.0,,,70.0,0.0,0.0,0.0,0.0,0.0,0.0,0.0
2011_02_CHI_NO,2011,2,NO,CHI,10,7,3,0.0,0.0,0.0,1.0,0.0,1.0,0.0,1.0,0.0,0.0,1.0,,,70.0,0.0,0.0,0.0,0.0,0.0,0.0,0.0
2011_02_JAX_NYJ,2011,2,NYJ,JAX,7,7,0,0.0,0.0,0.0,0.0,0.0,0.0,0.0,0.0,1.0,0.0,1.0,66.0,12.0,66.0,12.0,0.0,0.0,0.0,0.0,0.0,2.0
2011_02_SEA_PIT,2011,2,PIT,SEA,7,7,0,0.0,0.0,0.0,0.0,0.0,0.0,0.0,0.0,1.0,1.0,0.0,63.0,12.0,63.0,12.0,0.0,0.0,0.0,0.0,0.0,2.0
2011_02_BAL_TEN,2011,2,TEN,BAL,7,7,0,0.0,0.0,0.0,0.0,0.0,0.0,0.0,0.0,1.0,1.0,0.0,76.0,11.0,76.0,11.0,0.0,0.0,0.0,0.0,0.0,1.0
2011_02_ARI_WAS,2011,2,WAS,ARI,7,7,0,0.0,0.0,0.0,0.0,0.0,0.0,0.0,0.0,1.0,1.0,0.0,66.0,7.0,66.0,7.0,0.0,0.0,0.0,0.0,0.0,0.0
2011_02_DAL_SF,2011,2,SF,DAL,7,7,0,0.0,0.0,0.0,0.0,0.0,0.0,0.0,0.0,1.0,1.0,0.0,70.0,3.0,70.0,3.0,0.0,0.0,0.0,0.0,0.0,0.0
2011_02_CIN_DEN,2011,2,DEN,CIN,6,7,-1,1.0,0.0,-1.0,0.0,0.0,0.0,0.0,0.0,1.0,1.0,0.0,69.0,6.0,69.0,6.0,0.0,0.0,0.0,0.0,0.0,0.0
2011_02_HOU_MIA,2011,2,MIA,HOU,6,7,-1,1.0,0.0,-1.0,0.0,0.0,0.0,0.0,0.0,1.0,1.0,0.0,87.0,15.0,87.0,15.0,0.0,0.0,1.0,0.0,0.0,5.0
2011_02_SD_NE,2011,2,NE,SD,6,7,-1,1.0,0.0,-1.0,0.0,0.0,0.0,0.0,0.0,1.0,0.0,1.0,63.0,12.0,63.0,12.0,0.0,0.0,0.0,0.0,0.0,2.0
2011_02_PHI_ATL,2011,2,ATL,PHI,7,7,0,0.0,0.0,0.0,0.0,0.0,0.0,0.0,1.0,0.0,0.0,1.0,,,70.0,0.0,0.0,0.0,0.0,0.0,0.0,0.0
2011_02_STL_NYG,2011,2,NYG,STL,8,8,0,0.0,0.0,0.0,0.0,0.0,0.0,0.0,0.0,1.0,0.0,1.0,60.0,6.0,60.0,6.0,0.0,0.0,0.0,0.0,0.0,0.0
2011_03_NE_BUF,2011,3,BUF,NE,7,7,0,0.0,0.0,0.0,0.0,0.0,0.0,1.0,0.0,1.0,0.0,1.0,78.0,8.0,78.0,8.0,0.0,0.0,0.0,0.0,0.0,0.0
2011_03_JAX_CAR,2011,3,CAR,JAX,7,7,0,0.0,0.0,0.0,0.0,0.0,0.0,0.0,0.0,1.0,1.0,0.0,75.0,4.0,75.0,4.0,0.0,0.0,0.0,0.0,0.0,0.0
2011_03_SF_CIN,2011,3,CIN,SF,7,7,0,0.0,0.0,0.0,0.0,0.0,0.0,0.0,0.0,1.0,0.0,1.0,71.0,2.0,71.0,2.0,0.0,0.0,0.0,0.0,0.0,0.0
2011_03_MIA_CLE,2011,3,CLE,MIA,7,7,0,0.0,0.0,0.0,0.0,0.0,0.0,0.0,0.0,1.0,1.0,0.0,70.0,5.0,70.0,5.0,0.0,0.0,0.0,0.0,0.0,0.0
2011_03_DET_MIN,2011,3,MIN,DET,7,7,0,0.0,0.0,0.0,0.0,0.0,0.0,1.0,1.0,0.0,0.0,1.0,,,70.0,0.0,0.0,0.0,0.0,0.0,0.0,0.0
2011_03_HOU_NO,2011,3,NO,HOU,7,7,0,0.0,0.0,0.0,0.0,0.0,0.0,0.0,1.0,0.0,0.0,1.0,,,70.0,0.0,0.0,0.0,0.0,0.0,0.0,0.0
2011_03_NYG_PHI,2011,3,PHI,NYG,7,6,1,0.0,1.0,1.0,0.0,0.0,0.0,1.0,0.0,1.0,1.0,0.0,76.0,5.0,76.0,5.0,0.0,0.0,0.0,0.0,0.0,0.0
2011_03_DEN_TEN,2011,3,TEN,DEN,7,7,0,0.0,0.0,0.0,0.0,0.0,0.0,0.0,0.0,1.0,1.0,0.0,73.0,11.0,73.0,11.0,0.0,0.0,0.0,0.0,0.0,1.0
2011_03_NYJ_OAK,2011,3,OAK,NYJ,7,7,0,0.0,0.0,0.0,0.0,0.0,0.0,0.0,0.0,1.0,1.0,0.0,70.0,7.0,70.0,7.0,0.0,0.0,0.0,0.0,0.0,0.0
2011_03_KC_SD,2011,3,SD,KC,7,7,0,0.0,0.0,0.0,0.0,0.0,0.0,1.0,0.0,1.0,1.0,0.0,67.0,8.0,67.0,8.0,0.0,0.0,0.0,0.0,0.0,0.0
2011_03_BAL_STL,2011,3,STL,BAL,6,7,-1,1.0,0.0,-1.0,0.0,0.0,0.0,0.0,1.0,0.0,0.0,0.0,,,70.0,0.0,0.0,0.0,0.0,0.0,0.0,0.0
2011_03_GB_CHI,2011,3,CHI,GB,7,7,0,0.0,0.0,0.0,0.0,0.0,0.0,1.0,0.0,1.0,1.0,0.0,61.0,10.0,61.0,10.0,0.0,0.0,0.0,0.0,0.0,0.0
2011_03_ARI_SEA,2011,3,SEA,ARI,7,7,0,0.0,0.0,0.0,0.0,0.0,0.0,1.0,0.0,1.0,0.0,1.0,68.0,20.0,68.0,20.0,0.0,0.0,1.0,1.0,0.0,10.0
2011_03_ATL_TB,2011,3,TB,ATL,7,7,0,0.0,0.0,0.0,0.0,0.0,0.0,1.0,0.0,1.0,1.0,0.0,89.0,9.0,89.0,9.0,0.0,0.0,0.0,0.0,0.0,0.0
2011_03_PIT_IND,2011,3,IND,PIT,7,7,0,0.0,0.0,0.0,0.0,0.0,0.0,0.0,1.0,0.0,0.0,1.0,,,70.0,0.0,0.0,0.0,0.0,0.0,0.0,0.0
2011_03_WAS_DAL,2011,3,DAL,WAS,8,8,0,0.0,0.0,0.0,0.0,0.0,0.0,1.0,1.0,0.0,0.0,1.0,,,70.0,0.0,0.0,0.0,0.0,0.0,0.0,0.0
2011_04_CAR_CHI,2011,4,CHI,CAR,7,7,0,0.0,0.0,0.0,0.0,0.0,0.0,0.0,0.0,1.0,1.0,0.0,60.0,8.0,60.0,8.0,0.0,0.0,0.0,0.0,0.0,0.0
2011_04_BUF_CIN,2011,4,CIN,BUF,7,7,0,0.0,0.0,0.0,0.0,0.0,0.0,0.0,0.0,1.0,0.0,1.0,57.0,13.0,57.0,13.0,0.0,0.0,0.0,0.0,0.0,3.0
2011_04_TEN_CLE,2011,4,CLE,TEN,7,7,0,0.0,0.0,0.0,0.0,0.0,0.0,0.0,0.0,1.0,1.0,0.0,48.0,24.0,48.0,24.0,0.0,0.0,1.0,1.0,2.0,14.0
2011_04_DET_DAL,2011,4,DAL,DET,6,7,-1,1.0,0.0,-1.0,0.0,0.0,0.0,0.0,1.0,0.0,0.0,1.0,,,70.0,0.0,0.0,0.0,0.0,0.0,0.0,0.0
2011_04_PIT_HOU,2011,4,HOU,PIT,7,7,0,0.0,0.0,0.0,0.0,0.0,0.0,0.0,0.0,1.0,1.0,0.0,,,,,0.0,0.0,0.0,0.0,0.0,0.0
2011_04_NO_JAX,2011,4,JAX,NO,7,7,0,0.0,0.0,0.0,0.0,0.0,0.0,0.0,0.0,1.0,1.0,0.0,71.0,5.0,71.0,5.0,0.0,0.0,0.0,0.0,0.0,0.0
2011_04_MIN_KC,2011,4,KC,MIN,7,7,0,0.0,0.0,0.0,0.0,0.0,0.0,0.0,0.0,1.0,1.0,0.0,65.0,7.0,65.0,7.0,0.0,0.0,0.0,0.0,0.0,0.0
2011_04_SF_PHI,2011,4,PHI,SF,7,7,0,0.0,0.0,0.0,0.0,0.0,0.0,0.0,0.0,1.0,1.0,0.0,54.0,20.0,54.0,20.0,0.0,0.0,1.0,1.0,0.0,10.0
2011_04_WAS_STL,2011,4,STL,WAS,7,6,1,0.0,1.0,1.0,0.0,0.0,0.0,0.0,1.0,0.0,0.0,0.0,,,70.0,0.0,0.0,0.0,0.0,0.0,0.0,0.0
2011_04_NYG_ARI,2011,4,ARI,NYG,7,7,0,0.0,0.0,0.0,0.0,0.0,0.0,0.0,1.0,0.0,1.0,0.0,,,70.0,0.0,0.0,0.0,0.0,0.0,0.0,0.0
2011_04_ATL_SEA,2011,4,SEA,ATL,7,7,0,0.0,0.0,0.0,0.0,0.0,0.0,0.0,0.0,1.0,0.0,1.0,58.0,0.0,58.0,0.0,0.0,0.0,0.0,0.0,0.0,0.0
2011_04_DEN_GB,2011,4,GB,DEN,7,7,0,0.0,0.0,0.0,0.0,0.0,0.0,0.0,0.0,1.0,1.0,0.0,67.0,10.0,67.0,10.0,0.0,0.0,0.0,0.0,0.0,0.0
2011_04_NE_OAK,2011,4,OAK,NE,7,7,0,0.0,0.0,0.0,0.0,0.0,0.0,0.0,0.0,1.0,1.0,0.0,71.0,6.0,71.0,6.0,0.0,0.0,0.0,0.0,0.0,0.0
2011_04_MIA_SD,2011,4,SD,MIA,7,7,0,0.0,0.0,0.0,0.0,0.0,0.0,0.0,0.0,1.0,1.0,0.0,84.0,9.0,84.0,9.0,0.0,0.0,0.0,0.0,0.0,0.0
2011_04_NYJ_BAL,2011,4,BAL,NYJ,7,7,0,0.0,0.0,0.0,0.0,0.0,0.0,0.0,0.0,1.0,0.0,1.0,51.0,6.0,51.0,6.0,0.0,0.0,0.0,0.0,0.0,0.0
2011_04_IND_TB,2011,4,TB,IND,8,8,0,0.0,0.0,0.0,0.0,0.0,0.0,0.0,0.0,1.0,1.0,0.0,80.0,0.0,80.0,0.0,0.0,0.0,0.0,0.0,0.0,0.0
2011_05_PHI_BUF,2011,5,BUF,PHI,7,7,0,0.0,0.0,0.0,0.0,0.0,0.0,0.0,0.0,1.0,0.0,1.0,74.0,6.0,74.0,6.0,0.0,0.0,0.0,0.0,0.0,0.0
2011_05_NO_CAR,2011,5,CAR,NO,7,7,0,0.0,0.0,0.0,0.0,0.0,0.0,1.0,0.0,1.0,1.0,0.0,68.0,12.0,68.0,12.0,0.0,0.0,0.0,0.0,0.0,2.0
2011_05_OAK_HOU,2011,5,HOU,OAK,7,7,0,0.0,0.0,0.0,0.0,0.0,0.0,0.0,1.0,0.0,1.0,0.0,,,70.0,0.0,0.0,0.0,0.0,0.0,0.0,0.0
2011_05_KC_IND,2011,5,IND,KC,6,7,-1,1.0,0.0,-1.0,0.0,0.0,0.0,0.0,0.0,1.0,0.0,1.0,,,,,0.0,0.0,0.0,0.0,0.0,0.0
2011_05_CIN_JAX,2011,5,JAX,CIN,7,7,0,0.0,0.0,0.0,0.0,0.0,0.0,0.0,0.0,1.0,1.0,0.0,79.0,15.0,79.0,15.0,0.0,0.0,1.0,0.0,0.0,5.0
2011_05_ARI_MIN,2011,5,MIN,ARI,7,7,0,0.0,0.0,0.0,0.0,0.0,0.0,0.0,1.0,0.0,0.0,1.0,,,70.0,0.0,0.0,0.0,0.0,0.0,0.0,0.0
2011_05_SEA_NYG,2011,5,NYG,SEA,7,7,0,0.0,0.0,0.0,0.0,0.0,0.0,0.0,0.0,1.0,0.0,1.0,81.0,4.0,81.0,4.0,0.0,0.0,0.0,0.0,0.0,0.0
2011_05_TEN_PIT,2011,5,PIT,TEN,7,7,0,0.0,0.0,0.0,0.0,0.0,0.0,0.0,0.0,1.0,1.0,0.0,70.0,3.0,70.0,3.0,0.0,0.0,0.0,0.0,0.0,0.0
2011_05_TB_SF,2011,5,SF,TB,7,6,1,0.0,1.0,1.0,0.0,0.0,0.0,0.0,0.0,1.0,1.0,0.0,62.0,6.0,62.0,6.0,0.0,0.0,0.0,0.0,0.0,0.0
2011_05_SD_DEN,2011,5,DEN,SD,7,7,0,0.0,0.0,0.0,0.0,0.0,0.0,1.0,0.0,1.0,1.0,0.0,52.0,6.0,52.0,6.0,0.0,0.0,0.0,0.0,0.0,0.0
2011_05_NYJ_NE,2011,5,NE,NYJ,7,7,0,0.0,0.0,0.0,0.0,0.0,0.0,1.0,0.0,1.0,0.0,1.0,82.0,9.0,82.0,9.0,0.0,0.0,0.0,0.0,0.0,0.0
2011_05_GB_ATL,2011,5,ATL,GB,7,7,0,0.0,0.0,0.0,0.0,0.0,0.0,0.0,1.0,0.0,0.0,1.0,,,70.0,0.0,0.0,0.0,0.0,0.0,0.0,0.0
2011_05_CHI_DET,2011,5,DET,CHI,8,8,0,0.0,0.0,0.0,0.0,0.0,0.0,1.0,1.0,0.0,0.0,1.0,,,70.0,0.0,0.0,0.0,0.0,0.0,0.0,0.0
2011_06_CAR_ATL,2011,6,ATL,CAR,7,7,0,0.0,0.0,0.0,0.0,0.0,0.0,1.0,1.0,0.0,0.0,1.0,,,70.0,0.0,0.0,0.0,0.0,0.0,0.0,0.0
2011_06_IND_CIN,2011,6,CIN,IND,7,7,0,0.0,0.0,0.0,0.0,0.0,0.0,0.0,0.0,1.0,0.0,1.0,71.0,16.0,71.0,16.0,0.0,0.0,1.0,0.0,0.0,6.0
2011_06_SF_DET,2011,6,DET,SF,6,7,-1,1.0,0.0,-1.0,0.0,0.0,0.0,0.0,1.0,0.0,0.0,1.0,,,70.0,0.0,0.0,0.0,0.0,0.0,0.0,0.0
2011_06_STL_GB,2011,6,GB,STL,7,14,-7,0.0,0.0,0.0,0.0,1.0,-1.0,0.0,0.0,1.0,1.0,0.0,57.0,23.0,57.0,23.0,0.0,0.0,1.0,1.0,0.0,13.0
2011_06_BUF_NYG,2011,6,NYG,BUF,7,7,0,0.0,0.0,0.0,0.0,0.0,0.0,0.0,0.0,1.0,0.0,1.0,65.0,15.0,65.0,15.0,0.0,0.0,1.0,0.0,0.0,5.0
2011_06_JAX_PIT,2011,6,PIT,JAX,7,7,0,0.0,0.0,0.0,0.0,0.0,0.0,0.0,0.0,1.0,1.0,0.0,58.0,10.0,58.0,10.0,0.0,0.0,0.0,0.0,0.0,0.0
2011_06_PHI_WAS,2011,6,WAS,PHI,14,7,7,0.0,0.0,0.0,1.0,0.0,1.0,1.0,0.0,1.0,1.0,0.0,68.0,7.0,68.0,7.0,0.0,0.0,0.0,0.0,0.0,0.0
2011_06_HOU_BAL,2011,6,BAL,HOU,14,7,7,0.0,0.0,0.0,1.0,0.0,1.0,0.0,0.0,1.0,0.0,1.0,72.0,10.0,72.0,10.0,0.0,0.0,0.0,0.0,0.0,0.0
2011_06_CLE_OAK,2011,6,OAK,CLE,7,14,-7,0.0,0.0,0.0,0.0,1.0,-1.0,0.0,0.0,1.0,1.0,0.0,71.0,8.0,71.0,8.0,0.0,0.0,0.0,0.0,0.0,0.0
2011_06_DAL_NE,2011,6,NE,DAL,7,14,-7,0.0,0.0,0.0,0.0,1.0,-1.0,0.0,0.0,1.0,0.0,1.0,63.0,8.0,63.0,8.0,0.0,0.0,0.0,0.0,0.0,0.0
2011_06_NO_TB,2011,6,TB,NO,7,7,0,0.0,0.0,0.0,0.0,0.0,0.0,1.0,0.0,1.0,1.0,0.0,84.0,11.0,84.0,11.0,0.0,0.0,0.0,0.0,0.0,1.0
2011_06_MIN_CHI,2011,6,CHI,MIN,6,7,-1,1.0,0.0,-1.0,0.0,0.0,0.0,1.0,0.0,1.0,1.0,0.0,56.0,11.0,56.0,11.0,0.0,0.0,0.0,0.0,0.0,1.0
2011_06_MIA_NYJ,2011,6,NYJ,MIA,8,15,-7,0.0,0.0,0.0,0.0,1.0,-1.0,1.0,0.0,1.0,0.0,1.0,62.0,12.0,62.0,12.0,0.0,0.0,0.0,0.0,0.0,2.0
2011_07_WAS_CAR,2011,7,CAR,WAS,7,7,0,0.0,0.0,0.0,0.0,0.0,0.0,0.0,0.0,1.0,1.0,0.0,62.0,0.0,62.0,0.0,0.0,0.0,0.0,0.0,0.0,0.0
2011_07_SEA_CLE,2011,7,CLE,SEA,7,14,-7,0.0,0.0,0.0,0.0,1.0,-1.0,0.0,0.0,1.0,1.0,0.0,56.0,7.0,56.0,7.0,0.0,0.0,0.0,0.0,0.0,0.0
2011_07_ATL_DET,2011,7,DET,ATL,7,7,0,0.0,0.0,0.0,0.0,0.0,0.0,0.0,1.0,0.0,0.0,1.0,,,70.0,0.0,0.0,0.0,0.0,0.0,0.0,0.0
2011_07_DEN_MIA,2011,7,MIA,DEN,6,14,-8,1.0,0.0,-1.0,0.0,1.0,-1.0,0.0,0.0,1.0,1.0,0.0,77.0,9.0,77.0,9.0,0.0,0.0,0.0,0.0,0.0,0.0
2011_07_SD_NYJ,2011,7,NYJ,SD,6,14,-8,1.0,0.0,-1.0,0.0,1.0,-1.0,0.0,0.0,1.0,0.0,1.0,58.0,0.0,58.0,0.0,0.0,0.0,0.0,0.0,0.0,0.0
2011_07_CHI_TB,2011,7,TB,CHI,7,7,0,0.0,0.0,0.0,0.0,0.0,0.0,0.0,0.0,1.0,1.0,0.0,62.0,15.0,62.0,15.0,0.0,0.0,1.0,0.0,0.0,5.0
2011_07_HOU_TEN,2011,7,TEN,HOU,14,7,7,0.0,0.0,0.0,1.0,0.0,1.0,1.0,0.0,1.0,1.0,0.0,72.0,0.0,72.0,0.0,0.0,0.0,0.0,0.0,0.0,0.0
2011_07_PIT_ARI,2011,7,ARI,PIT,14,7,7,0.0,0.0,0.0,1.0,0.0,1.0,0.0,1.0,0.0,1.0,0.0,,,70.0,0.0,0.0,0.0,0.0,0.0,0.0,0.0
2011_07_KC_OAK,2011,7,OAK,KC,7,14,-7,0.0,0.0,0.0,0.0,1.0,-1.0,1.0,0.0,1.0,1.0,0.0,79.0,6.0,79.0,6.0,0.0,0.0,0.0,0.0,0.0,0.0
2011_07_STL_DAL,2011,7,DAL,STL,7,7,0,0.0,0.0,0.0,0.0,0.0,0.0,0.0,1.0,0.0,0.0,1.0,,,70.0,0.0,0.0,0.0,0.0,0.0,0.0,0.0
2011_07_GB_MIN,2011,7,MIN,GB,7,7,0,0.0,0.0,0.0,0.0,0.0,0.0,1.0,1.0,0.0,0.0,1.0,,,70.0,0.0,0.0,0.0,0.0,0.0,0.0,0.0
2011_07_IND_NO,2011,7,NO,IND,7,7,0,0.0,0.0,0.0,0.0,0.0,0.0,0.0,1.0,0.0,0.0,1.0,,,70.0,0.0,0.0,0.0,0.0,0.0,0.0,0.0
2011_07_BAL_JAX,2011,7,JAX,BAL,8,8,0,0.0,0.0,0.0,0.0,0.0,0.0,0.0,0.0,1.0,1.0,0.0,60.0,0.0,60.0,0.0,0.0,0.0,0.0,0.0,0.0,0.0
2011_08_ARI_BAL,2011,8,BAL,ARI,6,7,-1,1.0,0.0,-1.0,0.0,0.0,0.0,0.0,0.0,1.0,0.0,1.0,48.0,9.0,48.0,9.0,0.0,0.0,0.0,0.0,2.0,0.0
2011_08_MIN_CAR,2011,8,CAR,MIN,7,7,0,0.0,0.0,0.0,0.0,0.0,0.0,0.0,0.0,1.0,1.0,0.0,54.0,6.0,54.0,6.0,0.0,0.0,0.0,0.0,0.0,0.0
2011_08_JAX_HOU,2011,8,HOU,JAX,7,6,1,0.0,1.0,1.0,0.0,0.0,0.0,1.0,0.0,1.0,1.0,0.0,,,,,0.0,0.0,0.0,0.0,0.0,0.0
2011_08_MIA_NYG,2011,8,NYG,MIA,14,7,7,0.0,0.0,0.0,1.0,0.0,1.0,0.0,0.0,1.0,0.0,1.0,41.0,12.0,41.0,12.0,0.0,0.0,0.0,0.0,9.0,2.0
2011_08_NO_STL,2011,8,STL,NO,7,7,0,0.0,0.0,0.0,0.0,0.0,0.0,0.0,1.0,0.0,0.0,0.0,,,70.0,0.0,0.0,0.0,0.0,0.0,0.0,0.0
2011_08_IND_TEN,2011,8,TEN,IND,7,7,0,0.0,0.0,0.0,0.0,0.0,0.0,1.0,0.0,1.0,1.0,0.0,62.0,0.0,62.0,0.0,0.0,0.0,0.0,0.0,0.0,0.0
2011_08_WAS_BUF,2011,8,BUF,WAS,14,7,7,0.0,0.0,0.0,1.0,0.0,1.0,0.0,1.0,0.0,0.0,1.0,,,70.0,0.0,0.0,0.0,0.0,0.0,0.0,0.0
2011_08_DET_DEN,2011,8,DEN,DET,7,7,0,0.0,0.0,0.0,0.0,0.0,0.0,0.0,0.0,1.0,1.0,0.0,56.0,5.0,56.0,5.0,0.0,0.0,0.0,0.0,0.0,0.0
2011_08_NE_PIT,2011,8,PIT,NE,7,14,-7,0.0,0.0,0.0,0.0,1.0,-1.0,0.0,0.0,1.0,1.0,0.0,40.0,3.0,40.0,3.0,1.0,0.0,0.0,0.0,10.0,0.0
2011_08_CIN_SEA,2011,8,SEA,CIN,7,14,-7,0.0,0.0,0.0,0.0,1.0,-1.0,0.0,0.0,1.0,0.0,1.0,56.0,14.0,56.0,14.0,0.0,0.0,0.0,0.0,0.0,4.0
2011_08_CLE_SF,2011,8,SF,CLE,14,7,7,0.0,0.0,0.0,1.0,0.0,1.0,0.0,0.0,1.0,1.0,0.0,67.0,5.0,67.0,5.0,0.0,0.0,0.0,0.0,0.0,0.0
2011_08_DAL_PHI,2011,8,PHI,DAL,14,7,7,0.0,0.0,0.0,1.0,0.0,1.0,1.0,0.0,1.0,1.0,0.0,42.0,5.0,42.0,5.0,0.0,0.0,0.0,0.0,8.0,0.0
2011_08_SD_KC,2011,8,KC,SD,8,8,0,0.0,0.0,0.0,0.0,0.0,0.0,1.0,0.0,1.0,1.0,0.0,63.0,0.0,63.0,0.0,0.0,0.0,0.0,0.0,0.0,0.0
2011_09_NYJ_BUF,2011,9,BUF,NYJ,7,14,-7,0.0,0.0,0.0,0.0,1.0,-1.0,1.0,0.0,1.0,0.0,1.0,57.0,8.0,57.0,8.0,0.0,0.0,0.0,0.0,0.0,0.0
2011_09_SEA_DAL,2011,9,DAL,SEA,7,7,0,0.0,0.0,0.0,0.0,0.0,0.0,0.0,1.0,0.0,0.0,1.0,,,70.0,0.0,0.0,0.0,0.0,0.0,0.0,0.0
2011_09_CLE_HOU,2011,9,HOU,CLE,7,7,0,0.0,0.0,0.0,0.0,0.0,0.0,0.0,1.0,0.0,1.0,0.0,,,70.0,0.0,0.0,0.0,0.0,0.0,0.0,0.0
2011_09_ATL_IND,2011,9,IND,ATL,7,14,-7,0.0,0.0,0.0,0.0,1.0,-1.0,0.0,0.0,1.0,0.0,1.0,,,,,0.0,0.0,0.0,0.0,0.0,0.0
2011_09_MIA_KC,2011,9,KC,MIA,6,7,-1,1.0,0.0,-1.0,0.0,0.0,0.0,0.0,0.0,1.0,1.0,0.0,62.0,12.0,62.0,12.0,0.0,0.0,0.0,0.0,0.0,2.0
2011_09_TB_NO,2011,9,NO,TB,7,14,-7,0.0,0.0,0.0,0.0,1.0,-1.0,1.0,1.0,0.0,0.0,1.0,,,70.0,0.0,0.0,0.0,0.0,0.0,0.0,0.0
2011_09_SF_WAS,2011,9,WAS,SF,7,7,0,0.0,0.0,0.0,0.0,0.0,0.0,0.0,0.0,1.0,1.0,0.0,56.0,6.0,56.0,6.0,0.0,0.0,0.0,0.0,0.0,0.0
2011_09_DEN_OAK,2011,9,OAK,DEN,14,7,7,0.0,0.0,0.0,1.0,0.0,1.0,1.0,0.0,1.0,1.0,0.0,62.0,5.0,62.0,5.0,0.0,0.0,0.0,0.0,0.0,0.0
2011_09_CIN_TEN,2011,9,TEN,CIN,7,7,0,0.0,0.0,0.0,0.0,0.0,0.0,0.0,0.0,1.0,1.0,0.0,68.0,13.0,68.0,13.0,0.0,0.0,0.0,0.0,0.0,3.0
2011_09_STL_ARI,2011,9,ARI,STL,7,7,0,0.0,0.0,0.0,0.0,0.0,0.0,1.0,1.0,0.0,1.0,0.0,,,70.0,0.0,0.0,0.0,0.0,0.0,0.0,0.0
2011_09_NYG_NE,2011,9,NE,NYG,7,7,0,0.0,0.0,0.0,0.0,0.0,0.0,0.0,0.0,1.0,0.0,1.0,54.0,9.0,54.0,9.0,0.0,0.0,0.0,0.0,0.0,0.0
2011_09_GB_SD,2011,9,SD,GB,6,14,-8,1.0,0.0,-1.0,0.0,1.0,-1.0,0.0,0.0,1.0,1.0,0.0,53.0,10.0,53.0,10.0,0.0,0.0,0.0,0.0,0.0,0.0
2011_09_BAL_PIT,2011,9,PIT,BAL,7,7,0,0.0,0.0,0.0,0.0,0.0,0.0,1.0,0.0,1.0,1.0,0.0,50.0,2.0,50.0,2.0,0.0,0.0,0.0,0.0,0.0,0.0
2011_09_CHI_PHI,2011,9,PHI,CHI,8,15,-7,0.0,0.0,0.0,0.0,1.0,-1.0,0.0,0.0,1.0,1.0,0.0,51.0,2.0,51.0,2.0,0.0,0.0,0.0,0.0,0.0,0.0
2011_10_OAK_SD,2011,10,SD,OAK,4,4,0,1.0,1.0,0.0,0.0,0.0,0.0,1.0,0.0,1.0,1.0,0.0,69.0,5.0,69.0,5.0,0.0,0.0,0.0,0.0,0.0,0.0
2011_10_NO_ATL,2011,10,ATL,NO,7,7,0,0.0,0.0,0.0,0.0,0.0,0.0,1.0,1.0,0.0,0.0,1.0,,,70.0,0.0,0.0,0.0,0.0,0.0,0.0,0.0
2011_10_TEN_CAR,2011,10,CAR,TEN,14,7,7,0.0,0.0,0.0,1.0,0.0,1.0,0.0,0.0,1.0,1.0,0.0,57.0,12.0,57.0,12.0,0.0,0.0,0.0,0.0,0.0,2.0
2011_10_PIT_CIN,2011,10,CIN,PIT,7,7,0,0.0,0.0,0.0,0.0,0.0,0.0,1.0,0.0,1.0,0.0,1.0,62.0,23.0,62.0,23.0,0.0,0.0,1.0,1.0,0.0,13.0
2011_10_STL_CLE,2011,10,CLE,STL,7,7,0,0.0,0.0,0.0,0.0,0.0,0.0,0.0,0.0,1.0,1.0,0.0,60.0,40.0,60.0,40.0,0.0,0.0,1.0,1.0,0.0,30.0
2011_10_BUF_DAL,2011,10,DAL,BUF,7,7,0,0.0,0.0,0.0,0.0,0.0,0.0,0.0,1.0,0.0,0.0,1.0,,,70.0,0.0,0.0,0.0,0.0,0.0,0.0,0.0
2011_10_JAX_IND,2011,10,IND,JAX,7,14,-7,0.0,0.0,0.0,0.0,1.0,-1.0,1.0,1.0,0.0,0.0,1.0,,,70.0,0.0,0.0,0.0,0.0,0.0,0.0,0.0
2011_10_DEN_KC,2011,10,KC,DEN,7,7,0,0.0,0.0,0.0,0.0,0.0,0.0,1.0,0.0,1.0,1.0,0.0,67.0,15.0,67.0,15.0,0.0,0.0,1.0,0.0,0.0,5.0
2011_10_WAS_MIA,2011,10,MIA,WAS,7,7,0,0.0,0.0,0.0,0.0,0.0,0.0,0.0,0.0,1.0,1.0,0.0,79.0,19.0,79.0,19.0,0.0,0.0,1.0,0.0,0.0,9.0
2011_10_ARI_PHI,2011,10,PHI,ARI,6,7,-1,1.0,0.0,-1.0,0.0,0.0,0.0,0.0,0.0,1.0,1.0,0.0,60.0,15.0,60.0,15.0,0.0,0.0,1.0,0.0,0.0,5.0
2011_10_HOU_TB,2011,10,TB,HOU,7,7,0,0.0,0.0,0.0,0.0,0.0,0.0,0.0,0.0,1.0,1.0,0.0,77.0,9.0,77.0,9.0,0.0,0.0,0.0,0.0,0.0,0.0
2011_10_BAL_SEA,2011,10,SEA,BAL,7,7,0,0.0,0.0,0.0,0.0,0.0,0.0,0.0,0.0,1.0,0.0,1.0,50.0,10.0,50.0,10.0,0.0,0.0,0.0,0.0,0.0,0.0
2011_10_DET_CHI,2011,10,CHI,DET,6,14,-8,1.0,0.0,-1.0,0.0,1.0,-1.0,1.0,0.0,1.0,1.0,0.0,69.0,22.0,69.0,22.0,0.0,0.0,1.0,1.0,0.0,12.0
2011_10_NYG_SF,2011,10,SF,NYG,7,7,0,0.0,0.0,0.0,0.0,0.0,0.0,0.0,0.0,1.0,1.0,0.0,58.0,10.0,58.0,10.0,0.0,0.0,0.0,0.0,0.0,0.0
2011_10_NE_NYJ,2011,10,NYJ,NE,7,7,0,0.0,0.0,0.0,0.0,0.0,0.0,1.0,0.0,1.0,0.0,1.0,58.0,12.0,58.0,12.0,0.0,0.0,0.0,0.0,0.0,2.0
2011_10_MIN_GB,2011,10,GB,MIN,8,15,-7,0.0,0.0,0.0,0.0,1.0,-1.0,1.0,0.0,1.0,1.0,0.0,47.0,13.0,47.0,13.0,0.0,0.0,0.0,0.0,3.0,3.0
2011_11_NYJ_DEN,2011,11,DEN,NYJ,4,4,0,1.0,1.0,0.0,0.0,0.0,0.0,0.0,0.0,1.0,1.0,0.0,54.0,3.0,54.0,3.0,0.0,0.0,0.0,0.0,0.0,0.0
2011_11_CIN_BAL,2011,11,BAL,CIN,7,7,0,0.0,0.0,0.0,0.0,0.0,0.0,1.0,0.0,1.0,0.0,1.0,67.0,7.0,67.0,7.0,0.0,0.0,0.0,0.0,0.0,0.0
2011_11_JAX_CLE,2011,11,CLE,JAX,7,7,0,0.0,0.0,0.0,0.0,0.0,0.0,0.0,0.0,1.0,1.0,0.0,57.0,15.0,57.0,15.0,0.0,0.0,1.0,0.0,0.0,5.0
2011_11_CAR_DET,2011,11,DET,CAR,7,7,0,0.0,0.0,0.0,0.0,0.0,0.0,0.0,1.0,0.0,0.0,1.0,,,70.0,0.0,0.0,0.0,0.0,0.0,0.0,0.0
2011_11_TB_GB,2011,11,GB,TB,6,7,-1,1.0,0.0,-1.0,0.0,0.0,0.0,0.0,0.0,1.0,1.0,0.0,32.0,7.0,32.0,7.0,1.0,0.0,0.0,0.0,18.0,0.0
2011_11_BUF_MIA,2011,11,MIA,BUF,7,7,0,0.0,0.0,0.0,0.0,0.0,0.0,1.0,0.0,1.0,1.0,0.0,80.0,15.0,80.0,15.0,0.0,0.0,1.0,0.0,0.0,5.0
2011_11_OAK_MIN,2011,11,MIN,OAK,6,10,-4,1.0,0.0,-1.0,0.0,1.0,-1.0,0.0,1.0,0.0,0.0,1.0,,,70.0,0.0,0.0,0.0,0.0,0.0,0.0,0.0
2011_11_DAL_WAS,2011,11,WAS,DAL,7,7,0,0.0,0.0,0.0,0.0,0.0,0.0,1.0,0.0,1.0,1.0,0.0,62.0,4.0,62.0,4.0,0.0,0.0,0.0,0.0,0.0,0.0
2011_11_ARI_SF,2011,11,SF,ARI,7,7,0,0.0,0.0,0.0,0.0,0.0,0.0,1.0,0.0,1.0,1.0,0.0,55.0,15.0,55.0,15.0,0.0,0.0,1.0,0.0,0.0,5.0
2011_11_SEA_STL,2011,11,STL,SEA,7,7,0,0.0,0.0,0.0,0.0,0.0,0.0,1.0,1.0,0.0,0.0,0.0,,,70.0,0.0,0.0,0.0,0.0,0.0,0.0,0.0
2011_11_TEN_ATL,2011,11,ATL,TEN,7,7,0,0.0,0.0,0.0,0.0,0.0,0.0,0.0,1.0,0.0,0.0,1.0,,,70.0,0.0,0.0,0.0,0.0,0.0,0.0,0.0
2011_11_SD_CHI,2011,11,CHI,SD,7,10,-3,0.0,0.0,0.0,0.0,1.0,-1.0,0.0,0.0,1.0,1.0,0.0,42.0,13.0,42.0,13.0,0.0,0.0,0.0,0.0,8.0,3.0
2011_11_PHI_NYG,2011,11,NYG,PHI,7,7,0,0.0,0.0,0.0,0.0,0.0,0.0,1.0,0.0,1.0,0.0,1.0,58.0,10.0,58.0,10.0,0.0,0.0,0.0,0.0,0.0,0.0
2011_11_KC_NE,2011,11,NE,KC,8,8,0,0.0,0.0,0.0,0.0,0.0,0.0,0.0,0.0,1.0,0.0,1.0,33.0,2.0,33.0,2.0,1.0,0.0,0.0,0.0,17.0,0.0
2011_12_GB_DET,2011,12,DET,GB,4,4,0,1.0,1.0,0.0,0.0,0.0,0.0,1.0,1.0,0.0,0.0,1.0,,,70.0,0.0,0.0,0.0,0.0,0.0,0.0,0.0
2011_12_MIA_DAL,2011,12,DAL,MIA,4,4,0,1.0,1.0,0.0,0.0,0.0,0.0,0.0,1.0,0.0,0.0,1.0,,,70.0,0.0,0.0,0.0,0.0,0.0,0.0,0.0
2011_12_SF_BAL,2011,12,BAL,SF,4,4,0,1.0,1.0,0.0,0.0,0.0,0.0,0.0,0.0,1.0,0.0,1.0,53.0,5.0,53.0,5.0,0.0,0.0,0.0,0.0,0.0,0.0
2011_12_MIN_ATL,2011,12,ATL,MIN,7,7,0,0.0,0.0,0.0,0.0,0.0,0.0,0.0,1.0,0.0,0.0,1.0,,,70.0,0.0,0.0,0.0,0.0,0.0,0.0,0.0
2011_12_CLE_CIN,2011,12,CIN,CLE,7,7,0,0.0,0.0,0.0,0.0,0.0,0.0,1.0,0.0,1.0,0.0,1.0,57.0,7.0,57.0,7.0,0.0,0.0,0.0,0.0,0.0,0.0
2011_12_CAR_IND,2011,12,IND,CAR,14,7,7,0.0,0.0,0.0,1.0,0.0,1.0,0.0,1.0,0.0,0.0,1.0,,,70.0,0.0,0.0,0.0,0.0,0.0,0.0,0.0
2011_12_HOU_JAX,2011,12,JAX,HOU,7,14,-7,0.0,0.0,0.0,0.0,1.0,-1.0,1.0,0.0,1.0,1.0,0.0,75.0,10.0,75.0,10.0,0.0,0.0,0.0,0.0,0.0,0.0
2011_12_BUF_NYJ,2011,12,NYJ,BUF,10,7,3,0.0,0.0,0.0,1.0,0.0,1.0,1.0,0.0,1.0,0.0,1.0,60.0,10.0,60.0,10.0,0.0,0.0,0.0,0.0,0.0,0.0
2011_12_ARI_STL,2011,12,STL,ARI,7,7,0,0.0,0.0,0.0,0.0,0.0,0.0,1.0,1.0,0.0,0.0,0.0,,,70.0,0.0,0.0,0.0,0.0,0.0,0.0,0.0
2011_12_TB_TEN,2011,12,TEN,TB,7,7,0,0.0,0.0,0.0,0.0,0.0,0.0,0.0,0.0,1.0,1.0,0.0,47.0,20.0,47.0,20.0,0.0,0.0,1.0,1.0,3.0,10.0
2011_12_CHI_OAK,2011,12,OAK,CHI,7,7,0,0.0,0.0,0.0,0.0,0.0,0.0,0.0,0.0,1.0,1.0,0.0,59.0,6.0,59.0,6.0,0.0,0.0,0.0,0.0,0.0,0.0
2011_12_WAS_SEA,2011,12,SEA,WAS,7,7,0,0.0,0.0,0.0,0.0,0.0,0.0,0.0,0.0,1.0,0.0,1.0,52.0,13.0,52.0,13.0,0.0,0.0,0.0,0.0,0.0,3.0
2011_12_NE_PHI,2011,12,PHI,NE,7,6,1,0.0,1.0,1.0,0.0,0.0,0.0,0.0,0.0,1.0,1.0,0.0,63.0,12.0,63.0,12.0,0.0,0.0,0.0,0.0,0.0,2.0
2011_12_DEN_SD,2011,12,SD,DEN,7,10,-3,0.0,0.0,0.0,0.0,1.0,-1.0,1.0,0.0,1.0,1.0,0.0,84.0,0.0,84.0,0.0,0.0,0.0,0.0,0.0,0.0,0.0
2011_12_PIT_KC,2011,12,KC,PIT,6,14,-8,1.0,0.0,-1.0,0.0,1.0,-1.0,0.0,0.0,1.0,1.0,0.0,32.0,5.0,32.0,5.0,1.0,0.0,0.0,0.0,18.0,0.0
2011_12_NYG_NO,2011,12,NO,NYG,15,8,7,0.0,0.0,0.0,1.0,0.0,1.0,0.0,1.0,0.0,0.0,1.0,,,70.0,0.0,0.0,0.0,0.0,0.0,0.0,0.0
2011_13_PHI_SEA,2011,13,SEA,PHI,4,4,0,1.0,1.0,0.0,0.0,0.0,0.0,0.0,0.0,1.0,0.0,1.0,38.0,2.0,38.0,2.0,1.0,0.0,0.0,0.0,12.0,0.0
2011_13_TEN_BUF,2011,13,BUF,TEN,7,7,0,0.0,0.0,0.0,0.0,0.0,0.0,0.0,0.0,1.0,0.0,1.0,57.0,18.0,57.0,18.0,0.0,0.0,1.0,0.0,0.0,8.0
2011_13_KC_CHI,2011,13,CHI,KC,7,7,0,0.0,0.0,0.0,0.0,0.0,0.0,0.0,0.0,1.0,1.0,0.0,46.0,17.0,46.0,17.0,0.0,0.0,1.0,0.0,4.0,7.0
2011_13_ATL_HOU,2011,13,HOU,ATL,7,7,0,0.0,0.0,0.0,0.0,0.0,0.0,0.0,1.0,0.0,1.0,0.0,,,70.0,0.0,0.0,0.0,0.0,0.0,0.0,0.0
2011_13_OAK_MIA,2011,13,MIA,OAK,10,7,3,0.0,0.0,0.0,1.0,0.0,1.0,0.0,0.0,1.0,1.0,0.0,80.0,22.0,80.0,22.0,0.0,0.0,1.0,1.0,0.0,12.0
2011_13_DEN_MIN,2011,13,MIN,DEN,7,7,0,0.0,0.0,0.0,0.0,0.0,0.0,0.0,1.0,0.0,0.0,1.0,,,70.0,0.0,0.0,0.0,0.0,0.0,0.0,0.0
2011_13_IND_NE,2011,13,NE,IND,7,7,0,0.0,0.0,0.0,0.0,0.0,0.0,0.0,0.0,1.0,0.0,1.0,51.0,10.0,51.0,10.0,0.0,0.0,0.0,0.0,0.0,0.0
2011_13_CIN_PIT,2011,13,PIT,CIN,7,7,0,0.0,0.0,0.0,0.0,0.0,0.0,1.0,0.0,1.0,1.0,0.0,59.0,14.0,59.0,14.0,0.0,0.0,0.0,0.0,0.0,4.0
2011_13_CAR_TB,2011,13,TB,CAR,7,7,0,0.0,0.0,0.0,0.0,0.0,0.0,1.0,0.0,1.0,1.0,0.0,79.0,13.0,79.0,13.0,0.0,0.0,0.0,0.0,0.0,3.0
2011_13_NYJ_WAS,2011,13,WAS,NYJ,7,7,0,0.0,0.0,0.0,0.0,0.0,0.0,0.0,0.0,1.0,1.0,0.0,53.0,5.0,53.0,5.0,0.0,0.0,0.0,0.0,0.0,0.0
2011_13_BAL_CLE,2011,13,CLE,BAL,7,10,-3,0.0,0.0,0.0,0.0,1.0,-1.0,1.0,0.0,1.0,1.0,0.0,54.0,30.0,54.0,30.0,0.0,0.0,1.0,1.0,0.0,20.0
2011_13_DAL_ARI,2011,13,ARI,DAL,7,10,-3,0.0,0.0,0.0,0.0,1.0,-1.0,0.0,1.0,0.0,1.0,0.0,,,70.0,0.0,0.0,0.0,0.0,0.0,0.0,0.0
2011_13_GB_NYG,2011,13,NYG,GB,6,10,-4,1.0,0.0,-1.0,0.0,1.0,-1.0,0.0,0.0,1.0,0.0,1.0,52.0,9.0,52.0,9.0,0.0,0.0,0.0,0.0,0.0,0.0
2011_13_STL_SF,2011,13,SF,STL,10,7,3,0.0,0.0,0.0,1.0,0.0,1.0,1.0,0.0,1.0,1.0,0.0,53.0,2.0,53.0,2.0,0.0,0.0,0.0,0.0,0.0,0.0
2011_13_DET_NO,2011,13,NO,DET,6,10,-4,1.0,0.0,-1.0,0.0,1.0,-1.0,0.0,1.0,0.0,0.0,1.0,,,70.0,0.0,0.0,0.0,0.0,0.0,0.0,0.0
2011_13_SD_JAX,2011,13,JAX,SD,8,8,0,0.0,0.0,0.0,0.0,0.0,0.0,0.0,0.0,1.0,1.0,0.0,67.0,6.0,67.0,6.0,0.0,0.0,0.0,0.0,0.0,0.0
2011_14_CLE_PIT,2011,14,PIT,CLE,4,4,0,1.0,1.0,0.0,0.0,0.0,0.0,1.0,0.0,1.0,1.0,0.0,31.0,6.0,31.0,6.0,1.0,0.0,0.0,0.0,19.0,0.0
2011_14_IND_BAL,2011,14,BAL,IND,7,7,0,0.0,0.0,0.0,0.0,0.0,0.0,0.0,0.0,1.0,0.0,1.0,43.0,2.0,43.0,2.0,0.0,0.0,0.0,0.0,7.0,0.0
2011_14_ATL_CAR,2011,14,CAR,ATL,7,7,0,0.0,0.0,0.0,0.0,0.0,0.0,1.0,0.0,1.0,1.0,0.0,43.0,10.0,43.0,10.0,0.0,0.0,0.0,0.0,7.0,0.0
2011_14_HOU_CIN,2011,14,CIN,HOU,7,7,0,0.0,0.0,0.0,0.0,0.0,0.0,0.0,0.0,1.0,0.0,1.0,34.0,4.0,34.0,4.0,1.0,0.0,0.0,0.0,16.0,0.0
2011_14_MIN_DET,2011,14,DET,MIN,7,7,0,0.0,0.0,0.0,0.0,0.0,0.0,1.0,1.0,0.0,0.0,1.0,,,70.0,0.0,0.0,0.0,0.0,0.0,0.0,0.0
2011_14_TB_JAX,2011,14,JAX,TB,6,7,-1,1.0,0.0,-1.0,0.0,0.0,0.0,0.0,0.0,1.0,1.0,0.0,58.0,12.0,58.0,12.0,0.0,0.0,0.0,0.0,0.0,2.0
2011_14_PHI_MIA,2011,14,MIA,PHI,7,10,-3,0.0,0.0,0.0,0.0,1.0,-1.0,0.0,0.0,1.0,1.0,0.0,75.0,11.0,75.0,11.0,0.0,0.0,0.0,0.0,0.0,1.0
2011_14_KC_NYJ,2011,14,NYJ,KC,7,7,0,0.0,0.0,0.0,0.0,0.0,0.0,0.0,0.0,1.0,0.0,1.0,37.0,5.0,37.0,5.0,1.0,0.0,0.0,0.0,13.0,0.0
2011_14_NO_TEN,2011,14,TEN,NO,7,7,0,0.0,0.0,0.0,0.0,0.0,0.0,0.0,0.0,1.0,1.0,0.0,41.0,7.0,41.0,7.0,0.0,0.0,0.0,0.0,9.0,0.0
2011_14_NE_WAS,2011,14,WAS,NE,7,7,0,0.0,0.0,0.0,0.0,0.0,0.0,0.0,0.0,1.0,1.0,0.0,40.0,0.0,40.0,0.0,1.0,0.0,0.0,0.0,10.0,0.0
2011_14_SF_ARI,2011,14,ARI,SF,7,7,0,0.0,0.0,0.0,0.0,0.0,0.0,1.0,1.0,0.0,1.0,0.0,,,70.0,0.0,0.0,0.0,0.0,0.0,0.0,0.0
2011_14_CHI_DEN,2011,14,DEN,CHI,7,7,0,0.0,0.0,0.0,0.0,0.0,0.0,0.0,0.0,1.0,1.0,0.0,50.0,7.0,50.0,7.0,0.0,0.0,0.0,0.0,0.0,0.0
2011_14_OAK_GB,2011,14,GB,OAK,7,7,0,0.0,0.0,0.0,0.0,0.0,0.0,0.0,0.0,1.0,1.0,0.0,43.0,15.0,43.0,15.0,0.0,0.0,1.0,0.0,7.0,5.0
2011_14_BUF_SD,2011,14,SD,BUF,6,7,-1,1.0,0.0,-1.0,0.0,0.0,0.0,0.0,0.0,1.0,1.0,0.0,59.0,5.0,59.0,5.0,0.0,0.0,0.0,0.0,0.0,0.0
2011_14_NYG_DAL,2011,14,DAL,NYG,7,7,0,0.0,0.0,0.0,0.0,0.0,0.0,1.0,1.0,0.0,0.0,1.0,,,70.0,0.0,0.0,0.0,0.0,0.0,0.0,0.0
2011_14_STL_SEA,2011,14,SEA,STL,11,8,3,0.0,0.0,0.0,1.0,0.0,1.0,1.0,0.0,1.0,0.0,1.0,40.0,7.0,40.0,7.0,1.0,0.0,0.0,0.0,10.0,0.0
2011_15_JAX_ATL,2011,15,ATL,JAX,4,4,0,1.0,1.0,0.0,0.0,0.0,0.0,0.0,1.0,0.0,0.0,1.0,,,70.0,0.0,0.0,0.0,0.0,0.0,0.0,0.0
2011_15_DAL_TB,2011,15,TB,DAL,6,6,0,1.0,1.0,0.0,0.0,0.0,0.0,0.0,0.0,1.0,1.0,0.0,66.0,3.0,66.0,3.0,0.0,0.0,0.0,0.0,0.0,0.0
2011_15_MIA_BUF,2011,15,BUF,MIA,7,7,0,0.0,0.0,0.0,0.0,0.0,0.0,1.0,0.0,1.0,0.0,1.0,31.0,12.0,31.0,12.0,1.0,0.0,0.0,0.0,19.0,2.0
2011_15_SEA_CHI,2011,15,CHI,SEA,7,6,1,0.0,1.0,1.0,0.0,0.0,0.0,0.0,0.0,1.0,1.0,0.0,39.0,5.0,39.0,5.0,1.0,0.0,0.0,0.0,11.0,0.0
2011_15_CAR_HOU,2011,15,HOU,CAR,7,7,0,0.0,0.0,0.0,0.0,0.0,0.0,0.0,1.0,0.0,1.0,0.0,,,70.0,0.0,0.0,0.0,0.0,0.0,0.0,0.0
2011_15_TEN_IND,2011,15,IND,TEN,7,7,0,0.0,0.0,0.0,0.0,0.0,0.0,1.0,1.0,0.0,0.0,1.0,,,70.0,0.0,0.0,0.0,0.0,0.0,0.0,0.0
2011_15_GB_KC,2011,15,KC,GB,7,7,0,0.0,0.0,0.0,0.0,0.0,0.0,0.0,0.0,1.0,1.0,0.0,50.0,10.0,50.0,10.0,0.0,0.0,0.0,0.0,0.0,0.0
2011_15_NO_MIN,2011,15,MIN,NO,7,7,0,0.0,0.0,0.0,0.0,0.0,0.0,0.0,1.0,0.0,0.0,1.0,,,70.0,0.0,0.0,0.0,0.0,0.0,0.0,0.0
2011_15_WAS_NYG,2011,15,NYG,WAS,7,7,0,0.0,0.0,0.0,0.0,0.0,0.0,1.0,0.0,1.0,0.0,1.0,29.0,9.0,29.0,9.0,1.0,0.0,0.0,0.0,21.0,0.0
2011_15_CIN_STL,2011,15,STL,CIN,6,7,-1,1.0,0.0,-1.0,0.0,0.0,0.0,0.0,1.0,0.0,0.0,0.0,,,70.0,0.0,0.0,0.0,0.0,0.0,0.0,0.0
2011_15_DET_OAK,2011,15,OAK,DET,7,7,0,0.0,0.0,0.0,0.0,0.0,0.0,0.0,0.0,1.0,1.0,0.0,50.0,1.0,50.0,1.0,0.0,0.0,0.0,0.0,0.0,0.0
2011_15_CLE_ARI,2011,15,ARI,CLE,7,10,-3,0.0,0.0,0.0,0.0,1.0,-1.0,0.0,1.0,0.0,1.0,0.0,,,70.0,0.0,0.0,0.0,0.0,0.0,0.0,0.0
2011_15_NE_DEN,2011,15,DEN,NE,7,7,0,0.0,0.0,0.0,0.0,0.0,0.0,0.0,0.0,1.0,1.0,0.0,63.0,3.0,63.0,3.0,0.0,0.0,0.0,0.0,0.0,0.0
2011_15_NYJ_PHI,2011,15,PHI,NYJ,7,7,0,0.0,0.0,0.0,0.0,0.0,0.0,0.0,0.0,1.0,1.0,0.0,35.0,9.0,35.0,9.0,1.0,0.0,0.0,0.0,15.0,0.0
2011_15_BAL_SD,2011,15,SD,BAL,7,7,0,0.0,0.0,0.0,0.0,0.0,0.0,0.0,0.0,1.0,1.0,0.0,58.0,7.0,58.0,7.0,0.0,0.0,0.0,0.0,0.0,0.0
2011_15_PIT_SF,2011,15,SF,PIT,8,11,-3,0.0,0.0,0.0,0.0,1.0,-1.0,0.0,0.0,1.0,1.0,0.0,51.0,10.0,51.0,10.0,0.0,0.0,0.0,0.0,0.0,0.0
2011_16_HOU_IND,2011,16,IND,HOU,4,4,0,1.0,1.0,0.0,0.0,0.0,0.0,1.0,1.0,0.0,0.0,1.0,,,70.0,0.0,0.0,0.0,0.0,0.0,0.0,0.0
2011_16_CLE_BAL,2011,16,BAL,CLE,6,6,0,1.0,1.0,0.0,0.0,0.0,0.0,1.0,0.0,1.0,0.0,1.0,44.0,10.0,44.0,10.0,0.0,0.0,0.0,0.0,6.0,0.0
2011_16_DEN_BUF,2011,16,BUF,DEN,6,6,0,1.0,1.0,0.0,0.0,0.0,0.0,0.0,0.0,1.0,0.0,1.0,30.0,2.0,30.0,2.0,1.0,0.0,0.0,0.0,20.0,0.0
2011_16_TB_CAR,2011,16,CAR,TB,6,7,-1,1.0,0.0,-1.0,0.0,0.0,0.0,1.0,0.0,1.0,1.0,0.0,51.0,9.0,51.0,9.0,0.0,0.0,0.0,0.0,0.0,0.0
2011_16_ARI_CIN,2011,16,CIN,ARI,6,6,0,1.0,1.0,0.0,0.0,0.0,0.0,0.0,0.0,1.0,0.0,1.0,38.0,8.0,38.0,8.0,1.0,0.0,0.0,0.0,12.0,0.0
2011_16_OAK_KC,2011,16,KC,OAK,6,6,0,1.0,1.0,0.0,0.0,0.0,0.0,1.0,0.0,1.0,1.0,0.0,38.0,7.0,38.0,7.0,1.0,0.0,0.0,0.0,12.0,0.0
2011_16_MIA_NE,2011,16,NE,MIA,6,6,0,1.0,1.0,0.0,0.0,0.0,0.0,1.0,0.0,1.0,0.0,1.0,30.0,7.0,30.0,7.0,1.0,0.0,0.0,0.0,20.0,0.0
2011_16_NYG_NYJ,2011,16,NYJ,NYG,6,6,0,1.0,1.0,0.0,0.0,0.0,0.0,0.0,0.0,1.0,0.0,1.0,35.0,9.0,35.0,9.0,1.0,0.0,0.0,0.0,15.0,0.0
2011_16_STL_PIT,2011,16,PIT,STL,5,6,-1,1.0,1.0,0.0,0.0,0.0,0.0,0.0,0.0,1.0,1.0,0.0,36.0,4.0,36.0,4.0,1.0,0.0,0.0,0.0,14.0,0.0
2011_16_JAX_TEN,2011,16,TEN,JAX,6,9,-3,1.0,0.0,-1.0,0.0,0.0,0.0,1.0,0.0,1.0,1.0,0.0,44.0,2.0,44.0,2.0,0.0,0.0,0.0,0.0,6.0,0.0
2011_16_MIN_WAS,2011,16,WAS,MIN,6,6,0,1.0,1.0,0.0,0.0,0.0,0.0,0.0,0.0,1.0,1.0,0.0,45.0,9.0,45.0,9.0,0.0,0.0,0.0,0.0,5.0,0.0
2011_16_SD_DET,2011,16,DET,SD,6,6,0,1.0,1.0,0.0,0.0,0.0,0.0,0.0,1.0,0.0,0.0,1.0,,,70.0,0.0,0.0,0.0,0.0,0.0,0.0,0.0
2011_16_PHI_DAL,2011,16,DAL,PHI,7,6,1,0.0,1.0,1.0,0.0,0.0,0.0,1.0,1.0,0.0,0.0,1.0,,,70.0,0.0,0.0,0.0,0.0,0.0,0.0,0.0
2011_16_SF_SEA,2011,16,SEA,SF,6,5,1,1.0,1.0,0.0,0.0,0.0,0.0,1.0,0.0,1.0,0.0,1.0,48.0,8.0,48.0,8.0,0.0,0.0,0.0,0.0,2.0,0.0
2011_16_CHI_GB,2011,16,GB,CHI,7,7,0,0.0,0.0,0.0,0.0,0.0,0.0,1.0,0.0,1.0,1.0,0.0,37.0,13.0,37.0,13.0,1.0,0.0,0.0,0.0,13.0,3.0
2011_16_ATL_NO,2011,16,NO,ATL,8,11,-3,0.0,0.0,0.0,0.0,1.0,-1.0,1.0,1.0,0.0,0.0,1.0,,,70.0,0.0,0.0,0.0,0.0,0.0,0.0,0.0
2011_17_DET_GB,2011,17,GB,DET,7,8,-1,0.0,0.0,0.0,0.0,0.0,0.0,1.0,0.0,1.0,1.0,0.0,31.0,20.0,31.0,20.0,1.0,0.0,1.0,1.0,19.0,10.0
2011_17_TEN_HOU,2011,17,HOU,TEN,10,8,2,0.0,0.0,0.0,1.0,0.0,1.0,1.0,1.0,0.0,1.0,0.0,,,70.0,0.0,0.0,0.0,0.0,0.0,0.0,0.0
2011_17_IND_JAX,2011,17,JAX,IND,8,10,-2,0.0,0.0,0.0,0.0,1.0,-1.0,1.0,0.0,1.0,1.0,0.0,70.0,10.0,70.0,10.0,0.0,0.0,0.0,0.0,0.0,0.0
2011_17_NYJ_MIA,2011,17,MIA,NYJ,8,8,0,0.0,0.0,0.0,0.0,0.0,0.0,1.0,0.0,1.0,1.0,0.0,78.0,8.0,78.0,8.0,0.0,0.0,0.0,0.0,0.0,0.0
2011_17_CHI_MIN,2011,17,MIN,CHI,8,7,1,0.0,0.0,0.0,0.0,0.0,0.0,1.0,1.0,0.0,0.0,1.0,,,70.0,0.0,0.0,0.0,0.0,0.0,0.0,0.0
2011_17_BUF_NE,2011,17,NE,BUF,8,8,0,0.0,0.0,0.0,0.0,0.0,0.0,1.0,0.0,1.0,0.0,1.0,51.0,5.0,51.0,5.0,0.0,0.0,0.0,0.0,0.0,0.0
2011_17_CAR_NO,2011,17,NO,CAR,6,8,-2,1.0,0.0,-1.0,0.0,0.0,0.0,1.0,1.0,0.0,0.0,1.0,,,70.0,0.0,0.0,0.0,0.0,0.0,0.0,0.0
2011_17_WAS_PHI,2011,17,PHI,WAS,8,8,0,0.0,0.0,0.0,0.0,0.0,0.0,1.0,0.0,1.0,1.0,0.0,53.0,11.0,53.0,11.0,0.0,0.0,0.0,0.0,0.0,1.0
2011_17_SF_STL,2011,17,STL,SF,8,8,0,0.0,0.0,0.0,0.0,0.0,0.0,1.0,1.0,0.0,0.0,0.0,,,70.0,0.0,0.0,0.0,0.0,0.0,0.0,0.0
2011_17_SEA_ARI,2011,17,ARI,SEA,8,8,0,0.0,0.0,0.0,0.0,0.0,0.0,1.0,1.0,0.0,1.0,0.0,,,70.0,0.0,0.0,0.0,0.0,0.0,0.0,0.0
2011_17_TB_ATL,2011,17,ATL,TB,6,8,-2,1.0,0.0,-1.0,0.0,0.0,0.0,1.0,1.0,0.0,0.0,1.0,,,70.0,0.0,0.0,0.0,0.0,0.0,0.0,0.0
2011_17_BAL_CIN,2011,17,CIN,BAL,8,8,0,0.0,0.0,0.0,0.0,0.0,0.0,1.0,0.0,1.0,0.0,1.0,42.0,19.0,42.0,19.0,0.0,0.0,1.0,0.0,8.0,9.0
2011_17_PIT_CLE,2011,17,CLE,PIT,8,8,0,0.0,0.0,0.0,0.0,0.0,0.0,1.0,0.0,1.0,1.0,0.0,49.0,24.0,49.0,24.0,0.0,0.0,1.0,1.0,1.0,14.0
2011_17_KC_DEN,2011,17,DEN,KC,8,8,0,0.0,0.0,0.0,0.0,0.0,0.0,1.0,0.0,1.0,1.0,0.0,35.0,6.0,35.0,6.0,1.0,0.0,0.0,0.0,15.0,0.0
2011_17_SD_OAK,2011,17,OAK,SD,8,8,0,0.0,0.0,0.0,0.0,0.0,0.0,1.0,0.0,1.0,1.0,0.0,56.0,8.0,56.0,8.0,0.0,0.0,0.0,0.0,0.0,0.0
2011_17_DAL_NYG,2011,17,NYG,DAL,8,8,0,0.0,0.0,0.0,0.0,0.0,0.0,1.0,0.0,1.0,0.0,1.0,48.0,7.0,48.0,7.0,0.0,0.0,0.0,0.0,2.0,0.0
2011_18_CIN_HOU,2011,18,HOU,CIN,6,6,0,1.0,1.0,0.0,0.0,0.0,0.0,0.0,1.0,0.0,1.0,0.0,,,70.0,0.0,0.0,0.0,0.0,0.0,0.0,0.0
2011_18_DET_NO,2011,18,NO,DET,6,6,0,1.0,1.0,0.0,0.0,0.0,0.0,0.0,1.0,0.0,0.0,1.0,,,70.0,0.0,0.0,0.0,0.0,0.0,0.0,0.0
2011_18_ATL_NYG,2011,18,NYG,ATL,7,7,0,0.0,0.0,0.0,0.0,0.0,0.0,0.0,0.0,1.0,0.0,1.0,44.0,12.0,44.0,12.0,0.0,0.0,0.0,0.0,6.0,2.0
2011_18_PIT_DEN,2011,18,DEN,PIT,7,7,0,0.0,0.0,0.0,0.0,0.0,0.0,0.0,0.0,1.0,1.0,0.0,40.0,6.0,40.0,6.0,1.0,0.0,0.0,0.0,10.0,0.0
2011_19_NO_SF,2011,19,SF,NO,13,7,6,0.0,0.0,0.0,1.0,0.0,1.0,0.0,0.0,1.0,1.0,0.0,62.0,2.0,62.0,2.0,0.0,0.0,0.0,0.0,0.0,0.0
2011_19_DEN_NE,2011,19,NE,DEN,13,6,7,0.0,1.0,1.0,1.0,0.0,1.0,0.0,0.0,1.0,0.0,1.0,24.0,13.0,24.0,13.0,1.0,1.0,0.0,0.0,26.0,3.0
2011_19_HOU_BAL,2011,19,BAL,HOU,14,8,6,0.0,0.0,0.0,1.0,0.0,1.0,0.0,0.0,1.0,0.0,1.0,31.0,7.0,31.0,7.0,1.0,0.0,0.0,0.0,19.0,0.0
2011_19_NYG_GB,2011,19,GB,NYG,14,7,7,0.0,0.0,0.0,1.0,0.0,1.0,0.0,0.0,1.0,1.0,0.0,31.0,20.0,31.0,20.0,1.0,0.0,1.0,1.0,19.0,10.0
2011_20_BAL_NE,2011,20,NE,BAL,8,7,1,0.0,0.0,0.0,0.0,0.0,0.0,0.0,0.0,1.0,0.0,1.0,29.0,6.0,29.0,6.0,1.0,0.0,0.0,0.0,21.0,0.0
2011_20_NYG_SF,2011,20,SF,NYG,8,7,1,0.0,0.0,0.0,0.0,0.0,0.0,0.0,0.0,1.0,1.0,0.0,52.0,15.0,52.0,15.0,0.0,0.0,1.0,0.0,0.0,5.0
2011_21_NYG_NE,2011,21,NE,NYG,14,14,0,0.0,0.0,0.0,1.0,1.0,0.0,0.0,1.0,0.0,0.0,1.0,,,70.0,0.0,0.0,0.0,0.0,0.0,0.0,0.0
2012_01_DAL_NYG,2012,1,NYG,DAL,7,7,0,0.0,0.0,0.0,0.0,0.0,0.0,1.0,0.0,1.0,0.0,1.0,77.0,5.0,77.0,5.0,0.0,0.0,0.0,0.0,0.0,0.0
2012_01_IND_CHI,2012,1,CHI,IND,7,7,0,0.0,0.0,0.0,0.0,0.0,0.0,0.0,0.0,1.0,1.0,0.0,67.0,13.0,67.0,13.0,0.0,0.0,0.0,0.0,0.0,3.0
2012_01_PHI_CLE,2012,1,CLE,PHI,7,7,0,0.0,0.0,0.0,0.0,0.0,0.0,0.0,0.0,1.0,1.0,0.0,68.0,9.0,68.0,9.0,0.0,0.0,0.0,0.0,0.0,0.0
2012_01_STL_DET,2012,1,DET,STL,7,7,0,0.0,0.0,0.0,0.0,0.0,0.0,0.0,1.0,0.0,0.0,1.0,,,70.0,0.0,0.0,0.0,0.0,0.0,0.0,0.0
2012_01_MIA_HOU,2012,1,HOU,MIA,7,7,0,0.0,0.0,0.0,0.0,0.0,0.0,0.0,1.0,0.0,1.0,0.0,,,70.0,0.0,0.0,0.0,0.0,0.0,0.0,0.0
2012_01_ATL_KC,2012,1,KC,ATL,7,7,0,0.0,0.0,0.0,0.0,0.0,0.0,0.0,0.0,1.0,1.0,0.0,69.0,7.0,69.0,7.0,0.0,0.0,0.0,0.0,0.0,0.0
2012_01_JAX_MIN,2012,1,MIN,JAX,7,7,0,0.0,0.0,0.0,0.0,0.0,0.0,0.0,1.0,0.0,0.0,1.0,,,70.0,0.0,0.0,0.0,0.0,0.0,0.0,0.0
2012_01_WAS_NO,2012,1,NO,WAS,7,7,0,0.0,0.0,0.0,0.0,0.0,0.0,0.0,1.0,0.0,0.0,1.0,,,70.0,0.0,0.0,0.0,0.0,0.0,0.0,0.0
2012_01_BUF_NYJ,2012,1,NYJ,BUF,7,7,0,0.0,0.0,0.0,0.0,0.0,0.0,1.0,0.0,1.0,0.0,1.0,74.0,1.0,74.0,1.0,0.0,0.0,0.0,0.0,0.0,0.0
2012_01_NE_TEN,2012,1,TEN,NE,7,7,0,0.0,0.0,0.0,0.0,0.0,0.0,0.0,0.0,1.0,1.0,0.0,74.0,4.0,74.0,4.0,0.0,0.0,0.0,0.0,0.0,0.0
2012_01_SEA_ARI,2012,1,ARI,SEA,7,7,0,0.0,0.0,0.0,0.0,0.0,0.0,1.0,1.0,0.0,1.0,0.0,,,70.0,0.0,0.0,0.0,0.0,0.0,0.0,0.0
2012_01_SF_GB,2012,1,GB,SF,7,7,0,0.0,0.0,0.0,0.0,0.0,0.0,0.0,0.0,1.0,1.0,0.0,72.0,11.0,72.0,11.0,0.0,0.0,0.0,0.0,0.0,1.0
2012_01_CAR_TB,2012,1,TB,CAR,7,7,0,0.0,0.0,0.0,0.0,0.0,0.0,1.0,0.0,1.0,1.0,0.0,83.0,15.0,83.0,15.0,0.0,0.0,1.0,0.0,0.0,5.0
2012_01_PIT_DEN,2012,1,DEN,PIT,7,7,0,0.0,0.0,0.0,0.0,0.0,0.0,0.0,0.0,1.0,1.0,0.0,85.0,10.0,85.0,10.0,0.0,0.0,0.0,0.0,0.0,0.0
2012_01_CIN_BAL,2012,1,BAL,CIN,7,7,0,0.0,0.0,0.0,0.0,0.0,0.0,1.0,0.0,1.0,0.0,1.0,74.0,10.0,74.0,10.0,0.0,0.0,0.0,0.0,0.0,0.0
2012_01_SD_OAK,2012,1,OAK,SD,7,7,0,0.0,0.0,0.0,0.0,0.0,0.0,1.0,0.0,1.0,1.0,0.0,67.0,11.0,67.0,11.0,0.0,0.0,0.0,0.0,0.0,1.0
2012_02_CHI_GB,2012,2,GB,CHI,4,4,0,1.0,1.0,0.0,0.0,0.0,0.0,1.0,0.0,1.0,1.0,0.0,60.0,0.0,60.0,0.0,0.0,0.0,0.0,0.0,0.0,0.0
2012_02_KC_BUF,2012,2,BUF,KC,7,7,0,0.0,0.0,0.0,0.0,0.0,0.0,0.0,0.0,1.0,0.0,1.0,66.0,11.0,66.0,11.0,0.0,0.0,0.0,0.0,0.0,1.0
2012_02_NO_CAR,2012,2,CAR,NO,7,7,0,0.0,0.0,0.0,0.0,0.0,0.0,1.0,0.0,1.0,1.0,0.0,71.0,4.0,71.0,4.0,0.0,0.0,0.0,0.0,0.0,0.0
2012_02_CLE_CIN,2012,2,CIN,CLE,6,7,-1,1.0,0.0,-1.0,0.0,0.0,0.0,1.0,0.0,1.0,0.0,1.0,76.0,5.0,76.0,5.0,0.0,0.0,0.0,0.0,0.0,0.0
2012_02_MIN_IND,2012,2,IND,MIN,7,7,0,0.0,0.0,0.0,0.0,0.0,0.0,0.0,0.0,1.0,0.0,1.0,,,,,0.0,0.0,0.0,0.0,0.0,0.0
2012_02_HOU_JAX,2012,2,JAX,HOU,7,7,0,0.0,0.0,0.0,0.0,0.0,0.0,1.0,0.0,1.0,1.0,0.0,83.0,5.0,83.0,5.0,0.0,0.0,0.0,0.0,0.0,0.0
2012_02_OAK_MIA,2012,2,MIA,OAK,7,6,1,0.0,1.0,1.0,0.0,0.0,0.0,0.0,0.0,1.0,1.0,0.0,80.0,8.0,80.0,8.0,0.0,0.0,0.0,0.0,0.0,0.0
2012_02_ARI_NE,2012,2,NE,ARI,7,7,0,0.0,0.0,0.0,0.0,0.0,0.0,0.0,0.0,1.0,0.0,1.0,64.0,2.0,64.0,2.0,0.0,0.0,0.0,0.0,0.0,0.0
2012_02_TB_NYG,2012,2,NYG,TB,11,7,4,0.0,0.0,0.0,1.0,0.0,1.0,0.0,0.0,1.0,0.0,1.0,73.0,1.0,73.0,1.0,0.0,0.0,0.0,0.0,0.0,0.0
2012_02_BAL_PHI,2012,2,PHI,BAL,7,6,1,0.0,1.0,1.0,0.0,0.0,0.0,0.0,0.0,1.0,1.0,0.0,72.0,5.0,72.0,5.0,0.0,0.0,0.0,0.0,0.0,0.0
2012_02_DAL_SEA,2012,2,SEA,DAL,7,11,-4,0.0,0.0,0.0,0.0,1.0,-1.0,0.0,0.0,1.0,0.0,1.0,68.0,4.0,68.0,4.0,0.0,0.0,0.0,0.0,0.0,0.0
2012_02_WAS_STL,2012,2,STL,WAS,7,7,0,0.0,0.0,0.0,0.0,0.0,0.0,0.0,1.0,0.0,0.0,0.0,,,70.0,0.0,0.0,0.0,0.0,0.0,0.0,0.0
2012_02_NYJ_PIT,2012,2,PIT,NYJ,7,7,0,0.0,0.0,0.0,0.0,0.0,0.0,0.0,0.0,1.0,1.0,0.0,71.0,2.0,71.0,2.0,0.0,0.0,0.0,0.0,0.0,0.0
2012_02_TEN_SD,2012,2,SD,TEN,6,7,-1,1.0,0.0,-1.0,0.0,0.0,0.0,0.0,0.0,1.0,1.0,0.0,85.0,8.0,85.0,8.0,0.0,0.0,0.0,0.0,0.0,0.0
2012_02_DET_SF,2012,2,SF,DET,7,7,0,0.0,0.0,0.0,0.0,0.0,0.0,0.0,0.0,1.0,1.0,0.0,62.0,15.0,62.0,15.0,0.0,0.0,1.0,0.0,0.0,5.0
2012_02_DEN_ATL,2012,2,ATL,DEN,8,8,0,0.0,0.0,0.0,0.0,0.0,0.0,0.0,1.0,0.0,0.0,1.0,,,70.0,0.0,0.0,0.0,0.0,0.0,0.0,0.0
2012_03_NYG_CAR,2012,3,CAR,NYG,4,4,0,1.0,1.0,0.0,0.0,0.0,0.0,0.0,0.0,1.0,1.0,0.0,75.0,3.0,75.0,3.0,0.0,0.0,0.0,0.0,0.0,0.0
2012_03_STL_CHI,2012,3,CHI,STL,10,7,3,0.0,0.0,0.0,1.0,0.0,1.0,0.0,0.0,1.0,1.0,0.0,56.0,10.0,56.0,10.0,0.0,0.0,0.0,0.0,0.0,0.0
2012_03_BUF_CLE,2012,3,CLE,BUF,7,7,0,0.0,0.0,0.0,0.0,0.0,0.0,0.0,0.0,1.0,1.0,0.0,53.0,9.0,53.0,9.0,0.0,0.0,0.0,0.0,0.0,0.0
2012_03_TB_DAL,2012,3,DAL,TB,7,7,0,0.0,0.0,0.0,0.0,0.0,0.0,0.0,1.0,0.0,0.0,1.0,,,70.0,0.0,0.0,0.0,0.0,0.0,0.0,0.0
2012_03_JAX_IND,2012,3,IND,JAX,7,7,0,0.0,0.0,0.0,0.0,0.0,0.0,1.0,0.0,1.0,0.0,1.0,,,,,0.0,0.0,0.0,0.0,0.0,0.0
2012_03_NYJ_MIA,2012,3,MIA,NYJ,7,7,0,0.0,0.0,0.0,0.0,0.0,0.0,1.0,0.0,1.0,1.0,0.0,83.0,4.0,83.0,4.0,0.0,0.0,0.0,0.0,0.0,0.0
2012_03_SF_MIN,2012,3,MIN,SF,7,7,0,0.0,0.0,0.0,0.0,0.0,0.0,0.0,1.0,0.0,0.0,1.0,,,70.0,0.0,0.0,0.0,0.0,0.0,0.0,0.0
2012_03_KC_NO,2012,3,NO,KC,7,7,0,0.0,0.0,0.0,0.0,0.0,0.0,0.0,1.0,0.0,0.0,1.0,,,70.0,0.0,0.0,0.0,0.0,0.0,0.0,0.0
2012_03_DET_TEN,2012,3,TEN,DET,7,7,0,0.0,0.0,0.0,0.0,0.0,0.0,0.0,0.0,1.0,1.0,0.0,68.0,5.0,68.0,5.0,0.0,0.0,0.0,0.0,0.0,0.0
2012_03_CIN_WAS,2012,3,WAS,CIN,7,7,0,0.0,0.0,0.0,0.0,0.0,0.0,0.0,0.0,1.0,1.0,0.0,65.0,6.0,65.0,6.0,0.0,0.0,0.0,0.0,0.0,0.0
2012_03_PHI_ARI,2012,3,ARI,PHI,7,7,0,0.0,0.0,0.0,0.0,0.0,0.0,0.0,1.0,0.0,1.0,0.0,,,70.0,0.0,0.0,0.0,0.0,0.0,0.0,0.0
2012_03_ATL_SD,2012,3,SD,ATL,7,6,1,0.0,1.0,1.0,0.0,0.0,0.0,0.0,0.0,1.0,1.0,0.0,82.0,13.0,82.0,13.0,0.0,0.0,0.0,0.0,0.0,3.0
2012_03_HOU_DEN,2012,3,DEN,HOU,6,7,-1,1.0,0.0,-1.0,0.0,0.0,0.0,0.0,0.0,1.0,1.0,0.0,84.0,13.0,84.0,13.0,0.0,0.0,0.0,0.0,0.0,3.0
2012_03_PIT_OAK,2012,3,OAK,PIT,7,7,0,0.0,0.0,0.0,0.0,0.0,0.0,0.0,0.0,1.0,1.0,0.0,69.0,10.0,69.0,10.0,0.0,0.0,0.0,0.0,0.0,0.0
2012_03_NE_BAL,2012,3,BAL,NE,7,7,0,0.0,0.0,0.0,0.0,0.0,0.0,0.0,0.0,1.0,0.0,1.0,67.0,5.0,67.0,5.0,0.0,0.0,0.0,0.0,0.0,0.0
2012_03_GB_SEA,2012,3,SEA,GB,8,11,-3,0.0,0.0,0.0,0.0,1.0,-1.0,0.0,0.0,1.0,0.0,1.0,67.0,3.0,67.0,3.0,0.0,0.0,0.0,0.0,0.0,0.0
2012_04_CLE_BAL,2012,4,BAL,CLE,4,4,0,1.0,1.0,0.0,0.0,0.0,0.0,1.0,0.0,1.0,0.0,1.0,77.0,5.0,77.0,5.0,0.0,0.0,0.0,0.0,0.0,0.0
2012_04_CAR_ATL,2012,4,ATL,CAR,7,10,-3,0.0,0.0,0.0,0.0,1.0,-1.0,1.0,1.0,0.0,0.0,1.0,,,70.0,0.0,0.0,0.0,0.0,0.0,0.0,0.0
2012_04_NE_BUF,2012,4,BUF,NE,7,7,0,0.0,0.0,0.0,0.0,0.0,0.0,1.0,0.0,1.0,0.0,1.0,58.0,7.0,58.0,7.0,0.0,0.0,0.0,0.0,0.0,0.0
2012_04_MIN_DET,2012,4,DET,MIN,7,7,0,0.0,0.0,0.0,0.0,0.0,0.0,1.0,1.0,0.0,0.0,1.0,,,70.0,0.0,0.0,0.0,0.0,0.0,0.0,0.0
2012_04_TEN_HOU,2012,4,HOU,TEN,7,7,0,0.0,0.0,0.0,0.0,0.0,0.0,1.0,1.0,0.0,1.0,0.0,,,70.0,0.0,0.0,0.0,0.0,0.0,0.0,0.0
2012_04_SD_KC,2012,4,KC,SD,7,7,0,0.0,0.0,0.0,0.0,0.0,0.0,1.0,0.0,1.0,1.0,0.0,67.0,0.0,67.0,0.0,0.0,0.0,0.0,0.0,0.0,0.0
2012_04_SF_NYJ,2012,4,NYJ,SF,7,7,0,0.0,0.0,0.0,0.0,0.0,0.0,0.0,0.0,1.0,0.0,1.0,67.0,4.0,67.0,4.0,0.0,0.0,0.0,0.0,0.0,0.0
2012_04_SEA_STL,2012,4,STL,SEA,7,6,1,0.0,1.0,1.0,0.0,0.0,0.0,1.0,1.0,0.0,0.0,0.0,,,70.0,0.0,0.0,0.0,0.0,0.0,0.0,0.0
2012_04_MIA_ARI,2012,4,ARI,MIA,7,7,0,0.0,0.0,0.0,0.0,0.0,0.0,0.0,1.0,0.0,1.0,0.0,,,70.0,0.0,0.0,0.0,0.0,0.0,0.0,0.0
2012_04_OAK_DEN,2012,4,DEN,OAK,7,7,0,0.0,0.0,0.0,0.0,0.0,0.0,1.0,0.0,1.0,1.0,0.0,72.0,6.0,72.0,6.0,0.0,0.0,0.0,0.0,0.0,0.0
2012_04_CIN_JAX,2012,4,JAX,CIN,7,7,0,0.0,0.0,0.0,0.0,0.0,0.0,0.0,0.0,1.0,1.0,0.0,86.0,7.0,86.0,7.0,0.0,0.0,0.0,0.0,0.0,0.0
2012_04_NO_GB,2012,4,GB,NO,6,7,-1,1.0,0.0,-1.0,0.0,0.0,0.0,0.0,0.0,1.0,1.0,0.0,64.0,7.0,64.0,7.0,0.0,0.0,0.0,0.0,0.0,0.0
2012_04_WAS_TB,2012,4,TB,WAS,7,7,0,0.0,0.0,0.0,0.0,0.0,0.0,0.0,0.0,1.0,1.0,0.0,89.0,11.0,89.0,11.0,0.0,0.0,0.0,0.0,0.0,1.0
2012_04_NYG_PHI,2012,4,PHI,NYG,7,10,-3,0.0,0.0,0.0,0.0,1.0,-1.0,1.0,0.0,1.0,1.0,0.0,63.0,6.0,63.0,6.0,0.0,0.0,0.0,0.0,0.0,0.0
2012_04_CHI_DAL,2012,4,DAL,CHI,8,8,0,0.0,0.0,0.0,0.0,0.0,0.0,0.0,1.0,0.0,0.0,1.0,,,70.0,0.0,0.0,0.0,0.0,0.0,0.0,0.0
2012_05_ARI_STL,2012,5,STL,ARI,4,4,0,1.0,1.0,0.0,0.0,0.0,0.0,1.0,1.0,0.0,0.0,0.0,,,70.0,0.0,0.0,0.0,0.0,0.0,0.0,0.0
2012_05_MIA_CIN,2012,5,CIN,MIA,7,7,0,0.0,0.0,0.0,0.0,0.0,0.0,0.0,0.0,1.0,0.0,1.0,49.0,6.0,49.0,6.0,0.0,0.0,0.0,0.0,1.0,0.0
2012_05_GB_IND,2012,5,IND,GB,14,7,7,0.0,0.0,0.0,1.0,0.0,1.0,0.0,1.0,0.0,0.0,1.0,,,70.0,0.0,0.0,0.0,0.0,0.0,0.0,0.0
2012_05_BAL_KC,2012,5,KC,BAL,7,10,-3,0.0,0.0,0.0,0.0,1.0,-1.0,0.0,0.0,1.0,1.0,0.0,47.0,0.0,47.0,0.0,0.0,0.0,0.0,0.0,3.0,0.0
2012_05_CLE_NYG,2012,5,NYG,CLE,7,10,-3,0.0,0.0,0.0,0.0,1.0,-1.0,0.0,0.0,1.0,0.0,1.0,51.0,2.0,51.0,2.0,0.0,0.0,0.0,0.0,0.0,0.0
2012_05_PHI_PIT,2012,5,PIT,PHI,14,7,7,0.0,0.0,0.0,1.0,0.0,1.0,0.0,0.0,1.0,1.0,0.0,48.0,4.0,48.0,4.0,0.0,0.0,0.0,0.0,2.0,0.0
2012_05_ATL_WAS,2012,5,WAS,ATL,7,7,0,0.0,0.0,0.0,0.0,0.0,0.0,0.0,0.0,1.0,1.0,0.0,52.0,3.0,52.0,3.0,0.0,0.0,0.0,0.0,0.0,0.0
2012_05_SEA_CAR,2012,5,CAR,SEA,7,7,0,0.0,0.0,0.0,0.0,0.0,0.0,0.0,0.0,1.0,1.0,0.0,63.0,6.0,63.0,6.0,0.0,0.0,0.0,0.0,0.0,0.0
2012_05_CHI_JAX,2012,5,JAX,CHI,7,6,1,0.0,1.0,1.0,0.0,0.0,0.0,0.0,0.0,1.0,1.0,0.0,88.0,3.0,88.0,3.0,0.0,0.0,0.0,0.0,0.0,0.0
2012_05_TEN_MIN,2012,5,MIN,TEN,7,7,0,0.0,0.0,0.0,0.0,0.0,0.0,0.0,1.0,0.0,0.0,1.0,,,70.0,0.0,0.0,0.0,0.0,0.0,0.0,0.0
2012_05_DEN_NE,2012,5,NE,DEN,7,7,0,0.0,0.0,0.0,0.0,0.0,0.0,0.0,0.0,1.0,0.0,1.0,54.0,4.0,54.0,4.0,0.0,0.0,0.0,0.0,0.0,0.0
2012_05_BUF_SF,2012,5,SF,BUF,7,7,0,0.0,0.0,0.0,0.0,0.0,0.0,0.0,0.0,1.0,1.0,0.0,62.0,8.0,62.0,8.0,0.0,0.0,0.0,0.0,0.0,0.0
2012_05_SD_NO,2012,5,NO,SD,7,7,0,0.0,0.0,0.0,0.0,0.0,0.0,0.0,1.0,0.0,0.0,1.0,,,70.0,0.0,0.0,0.0,0.0,0.0,0.0,0.0
2012_05_HOU_NYJ,2012,5,NYJ,HOU,8,8,0,0.0,0.0,0.0,0.0,0.0,0.0,0.0,0.0,1.0,0.0,1.0,52.0,4.0,52.0,4.0,0.0,0.0,0.0,0.0,0.0,0.0
2012_06_PIT_TEN,2012,6,TEN,PIT,4,4,0,1.0,1.0,0.0,0.0,0.0,0.0,0.0,0.0,1.0,1.0,0.0,64.0,2.0,64.0,2.0,0.0,0.0,0.0,0.0,0.0,0.0
2012_06_OAK_ATL,2012,6,ATL,OAK,7,14,-7,0.0,0.0,0.0,0.0,1.0,-1.0,0.0,1.0,0.0,0.0,1.0,,,70.0,0.0,0.0,0.0,0.0,0.0,0.0,0.0
2012_06_DAL_BAL,2012,6,BAL,DAL,7,13,-6,0.0,0.0,0.0,0.0,1.0,-1.0,0.0,0.0,1.0,0.0,1.0,69.0,11.0,69.0,11.0,0.0,0.0,0.0,0.0,0.0,1.0
2012_06_CIN_CLE,2012,6,CLE,CIN,7,7,0,0.0,0.0,0.0,0.0,0.0,0.0,1.0,0.0,1.0,1.0,0.0,70.0,19.0,70.0,19.0,0.0,0.0,1.0,0.0,0.0,9.0
2012_06_STL_MIA,2012,6,MIA,STL,7,10,-3,0.0,0.0,0.0,0.0,1.0,-1.0,0.0,0.0,1.0,1.0,0.0,84.0,20.0,84.0,20.0,0.0,0.0,1.0,1.0,0.0,10.0
2012_06_IND_NYJ,2012,6,NYJ,IND,6,7,-1,1.0,0.0,-1.0,0.0,0.0,0.0,0.0,0.0,1.0,0.0,1.0,65.0,14.0,65.0,14.0,0.0,0.0,0.0,0.0,0.0,4.0
2012_06_DET_PHI,2012,6,PHI,DET,7,14,-7,0.0,0.0,0.0,0.0,1.0,-1.0,0.0,0.0,1.0,1.0,0.0,66.0,15.0,66.0,15.0,0.0,0.0,1.0,0.0,0.0,5.0
2012_06_KC_TB,2012,6,TB,KC,14,7,7,0.0,0.0,0.0,1.0,0.0,1.0,0.0,0.0,1.0,1.0,0.0,85.0,9.0,85.0,9.0,0.0,0.0,0.0,0.0,0.0,0.0
2012_06_BUF_ARI,2012,6,ARI,BUF,10,7,3,0.0,0.0,0.0,1.0,0.0,1.0,0.0,1.0,0.0,1.0,0.0,,,70.0,0.0,0.0,0.0,0.0,0.0,0.0,0.0
2012_06_NE_SEA,2012,6,SEA,NE,7,7,0,0.0,0.0,0.0,0.0,0.0,0.0,0.0,0.0,1.0,0.0,1.0,63.0,9.0,63.0,9.0,0.0,0.0,0.0,0.0,0.0,0.0
2012_06_NYG_SF,2012,6,SF,NYG,7,7,0,0.0,0.0,0.0,0.0,0.0,0.0,0.0,0.0,1.0,1.0,0.0,61.0,7.0,61.0,7.0,0.0,0.0,0.0,0.0,0.0,0.0
2012_06_MIN_WAS,2012,6,WAS,MIN,7,7,0,0.0,0.0,0.0,0.0,0.0,0.0,0.0,0.0,1.0,1.0,0.0,74.0,14.0,74.0,14.0,0.0,0.0,0.0,0.0,0.0,4.0
2012_06_GB_HOU,2012,6,HOU,GB,6,7,-1,1.0,0.0,-1.0,0.0,0.0,0.0,0.0,1.0,0.0,1.0,0.0,,,70.0,0.0,0.0,0.0,0.0,0.0,0.0,0.0
2012_06_DEN_SD,2012,6,SD,DEN,8,8,0,0.0,0.0,0.0,0.0,0.0,0.0,1.0,0.0,1.0,1.0,0.0,78.0,7.0,78.0,7.0,0.0,0.0,0.0,0.0,0.0,0.0
2012_07_SEA_SF,2012,7,SF,SEA,4,4,0,1.0,1.0,0.0,0.0,0.0,0.0,1.0,0.0,1.0,1.0,0.0,80.0,15.0,80.0,15.0,0.0,0.0,1.0,0.0,0.0,5.0
2012_07_TEN_BUF,2012,7,BUF,TEN,7,10,-3,0.0,0.0,0.0,0.0,1.0,-1.0,0.0,0.0,1.0,0.0,1.0,55.0,15.0,55.0,15.0,0.0,0.0,1.0,0.0,0.0,5.0
2012_07_DAL_CAR,2012,7,CAR,DAL,14,7,7,0.0,0.0,0.0,1.0,0.0,1.0,0.0,0.0,1.0,1.0,0.0,62.0,8.0,62.0,8.0,0.0,0.0,0.0,0.0,0.0,0.0
2012_07_BAL_HOU,2012,7,HOU,BAL,7,7,0,0.0,0.0,0.0,0.0,0.0,0.0,0.0,1.0,0.0,1.0,0.0,,,70.0,0.0,0.0,0.0,0.0,0.0,0.0,0.0
2012_07_CLE_IND,2012,7,IND,CLE,7,7,0,0.0,0.0,0.0,0.0,0.0,0.0,0.0,0.0,1.0,0.0,1.0,,,,,0.0,0.0,0.0,0.0,0.0,0.0
2012_07_ARI_MIN,2012,7,MIN,ARI,7,7,0,0.0,0.0,0.0,0.0,0.0,0.0,0.0,1.0,0.0,0.0,1.0,,,70.0,0.0,0.0,0.0,0.0,0.0,0.0,0.0
2012_07_WAS_NYG,2012,7,NYG,WAS,7,7,0,0.0,0.0,0.0,0.0,0.0,0.0,1.0,0.0,1.0,0.0,1.0,61.0,11.0,61.0,11.0,0.0,0.0,0.0,0.0,0.0,1.0
2012_07_GB_STL,2012,7,STL,GB,7,7,0,0.0,0.0,0.0,0.0,0.0,0.0,0.0,1.0,0.0,0.0,0.0,,,70.0,0.0,0.0,0.0,0.0,0.0,0.0,0.0
2012_07_NO_TB,2012,7,TB,NO,7,14,-7,0.0,0.0,0.0,0.0,1.0,-1.0,1.0,0.0,1.0,1.0,0.0,77.0,8.0,77.0,8.0,0.0,0.0,0.0,0.0,0.0,0.0
2012_07_NYJ_NE,2012,7,NE,NYJ,7,7,0,0.0,0.0,0.0,0.0,0.0,0.0,1.0,0.0,1.0,0.0,1.0,62.0,13.0,62.0,13.0,0.0,0.0,0.0,0.0,0.0,3.0
2012_07_JAX_OAK,2012,7,OAK,JAX,7,14,-7,0.0,0.0,0.0,0.0,1.0,-1.0,0.0,0.0,1.0,1.0,0.0,62.0,11.0,62.0,11.0,0.0,0.0,0.0,0.0,0.0,1.0
2012_07_PIT_CIN,2012,7,CIN,PIT,7,10,-3,0.0,0.0,0.0,0.0,1.0,-1.0,1.0,0.0,1.0,0.0,1.0,55.0,1.0,55.0,1.0,0.0,0.0,0.0,0.0,0.0,0.0
2012_07_DET_CHI,2012,7,CHI,DET,15,8,7,0.0,0.0,0.0,1.0,0.0,1.0,1.0,0.0,1.0,1.0,0.0,63.0,8.0,63.0,8.0,0.0,0.0,0.0,0.0,0.0,0.0
2012_08_TB_MIN,2012,8,MIN,TB,4,4,0,1.0,1.0,0.0,0.0,0.0,0.0,0.0,1.0,0.0,0.0,1.0,,,70.0,0.0,0.0,0.0,0.0,0.0,0.0,0.0
2012_08_CAR_CHI,2012,8,CHI,CAR,6,7,-1,1.0,0.0,-1.0,0.0,0.0,0.0,0.0,0.0,1.0,1.0,0.0,49.0,18.0,49.0,18.0,0.0,0.0,1.0,0.0,1.0,8.0
2012_08_SD_CLE,2012,8,CLE,SD,7,13,-6,0.0,0.0,0.0,0.0,1.0,-1.0,0.0,0.0,1.0,1.0,0.0,44.0,19.0,44.0,19.0,0.0,0.0,1.0,0.0,6.0,9.0
2012_08_SEA_DET,2012,8,DET,SEA,6,10,-4,1.0,0.0,-1.0,0.0,1.0,-1.0,0.0,1.0,0.0,0.0,1.0,,,70.0,0.0,0.0,0.0,0.0,0.0,0.0,0.0
2012_08_JAX_GB,2012,8,GB,JAX,7,7,0,0.0,0.0,0.0,0.0,0.0,0.0,0.0,0.0,1.0,1.0,0.0,44.0,10.0,44.0,10.0,0.0,0.0,0.0,0.0,6.0,0.0
2012_08_MIA_NYJ,2012,8,NYJ,MIA,7,14,-7,0.0,0.0,0.0,0.0,1.0,-1.0,1.0,0.0,1.0,0.0,1.0,60.0,9.0,60.0,9.0,0.0,0.0,0.0,0.0,0.0,0.0
2012_08_ATL_PHI,2012,8,PHI,ATL,14,14,0,0.0,0.0,0.0,1.0,1.0,0.0,0.0,0.0,1.0,1.0,0.0,58.0,16.0,58.0,16.0,0.0,0.0,1.0,0.0,0.0,6.0
2012_08_WAS_PIT,2012,8,PIT,WAS,7,7,0,0.0,0.0,0.0,0.0,0.0,0.0,0.0,0.0,1.0,1.0,0.0,45.0,10.0,45.0,10.0,0.0,0.0,0.0,0.0,5.0,0.0
2012_08_NE_STL,2012,8,STL,NE,7,7,0,0.0,0.0,0.0,0.0,0.0,0.0,0.0,0.0,1.0,0.0,0.0,49.0,9.0,49.0,9.0,0.0,0.0,0.0,0.0,1.0,0.0
2012_08_IND_TEN,2012,8,TEN,IND,7,7,0,0.0,0.0,0.0,0.0,0.0,0.0,1.0,0.0,1.0,1.0,0.0,52.0,18.0,52.0,18.0,0.0,0.0,1.0,0.0,0.0,8.0
2012_08_OAK_KC,2012,8,KC,OAK,14,7,7,0.0,0.0,0.0,1.0,0.0,1.0,1.0,0.0,1.0,1.0,0.0,50.0,3.0,50.0,3.0,0.0,0.0,0.0,0.0,0.0,0.0
2012_08_NYG_DAL,2012,8,DAL,NYG,7,7,0,0.0,0.0,0.0,0.0,0.0,0.0,1.0,0.0,1.0,0.0,1.0,,,,,0.0,0.0,0.0,0.0,0.0,0.0
2012_08_NO_DEN,2012,8,DEN,NO,13,7,6,0.0,0.0,0.0,1.0,0.0,1.0,0.0,0.0,1.0,1.0,0.0,59.0,5.0,59.0,5.0,0.0,0.0,0.0,0.0,0.0,0.0
2012_08_SF_ARI,2012,8,ARI,SF,8,11,-3,0.0,0.0,0.0,0.0,1.0,-1.0,1.0,1.0,0.0,1.0,0.0,,,70.0,0.0,0.0,0.0,0.0,0.0,0.0,0.0
2012_09_KC_SD,2012,9,SD,KC,4,4,0,1.0,1.0,0.0,0.0,0.0,0.0,1.0,0.0,1.0,1.0,0.0,63.0,12.0,63.0,12.0,0.0,0.0,0.0,0.0,0.0,2.0
2012_09_DEN_CIN,2012,9,CIN,DEN,14,7,7,0.0,0.0,0.0,1.0,0.0,1.0,0.0,0.0,1.0,0.0,1.0,48.0,1.0,48.0,1.0,0.0,0.0,0.0,0.0,2.0,0.0
2012_09_BAL_CLE,2012,9,CLE,BAL,7,14,-7,0.0,0.0,0.0,0.0,1.0,-1.0,1.0,0.0,1.0,1.0,0.0,39.0,8.0,39.0,8.0,1.0,0.0,0.0,0.0,11.0,0.0
2012_09_ARI_GB,2012,9,GB,ARI,7,6,1,0.0,1.0,1.0,0.0,0.0,0.0,0.0,0.0,1.0,1.0,0.0,39.0,7.0,39.0,7.0,1.0,0.0,0.0,0.0,11.0,0.0
2012_09_BUF_HOU,2012,9,HOU,BUF,14,14,0,0.0,0.0,0.0,1.0,1.0,0.0,0.0,1.0,0.0,1.0,0.0,,,70.0,0.0,0.0,0.0,0.0,0.0,0.0,0.0
2012_09_MIA_IND,2012,9,IND,MIA,7,7,0,0.0,0.0,0.0,0.0,0.0,0.0,0.0,1.0,0.0,0.0,1.0,,,70.0,0.0,0.0,0.0,0.0,0.0,0.0,0.0
2012_09_DET_JAX,2012,9,JAX,DET,7,7,0,0.0,0.0,0.0,0.0,0.0,0.0,0.0,0.0,1.0,1.0,0.0,81.0,10.0,81.0,10.0,0.0,0.0,0.0,0.0,0.0,0.0
2012_09_CHI_TEN,2012,9,TEN,CHI,7,7,0,0.0,0.0,0.0,0.0,0.0,0.0,0.0,0.0,1.0,1.0,0.0,50.0,6.0,50.0,6.0,0.0,0.0,0.0,0.0,0.0,0.0
2012_09_CAR_WAS,2012,9,WAS,CAR,7,7,0,0.0,0.0,0.0,0.0,0.0,0.0,0.0,0.0,1.0,1.0,0.0,50.0,3.0,50.0,3.0,0.0,0.0,0.0,0.0,0.0,0.0
2012_09_TB_OAK,2012,9,OAK,TB,7,10,-3,0.0,0.0,0.0,0.0,1.0,-1.0,0.0,0.0,1.0,1.0,0.0,71.0,7.0,71.0,7.0,0.0,0.0,0.0,0.0,0.0,0.0
2012_09_MIN_SEA,2012,9,SEA,MIN,7,10,-3,0.0,0.0,0.0,0.0,1.0,-1.0,0.0,0.0,1.0,0.0,1.0,60.0,5.0,60.0,5.0,0.0,0.0,0.0,0.0,0.0,0.0
2012_09_PIT_NYG,2012,9,NYG,PIT,7,7,0,0.0,0.0,0.0,0.0,0.0,0.0,0.0,0.0,1.0,0.0,1.0,44.0,5.0,44.0,5.0,0.0,0.0,0.0,0.0,6.0,0.0
2012_09_DAL_ATL,2012,9,ATL,DAL,7,7,0,0.0,0.0,0.0,0.0,0.0,0.0,0.0,1.0,0.0,0.0,1.0,,,70.0,0.0,0.0,0.0,0.0,0.0,0.0,0.0
2012_09_PHI_NO,2012,9,NO,PHI,8,8,0,0.0,0.0,0.0,0.0,0.0,0.0,0.0,1.0,0.0,0.0,1.0,,,70.0,0.0,0.0,0.0,0.0,0.0,0.0,0.0
2012_10_IND_JAX,2012,10,JAX,IND,4,4,0,1.0,1.0,0.0,0.0,0.0,0.0,1.0,0.0,1.0,1.0,0.0,50.0,0.0,50.0,0.0,0.0,0.0,0.0,0.0,0.0,0.0
2012_10_OAK_BAL,2012,10,BAL,OAK,7,7,0,0.0,0.0,0.0,0.0,0.0,0.0,0.0,0.0,1.0,0.0,1.0,61.0,6.0,61.0,6.0,0.0,0.0,0.0,0.0,0.0,0.0
2012_10_DEN_CAR,2012,10,CAR,DEN,7,7,0,0.0,0.0,0.0,0.0,0.0,0.0,0.0,0.0,1.0,1.0,0.0,71.0,5.0,71.0,5.0,0.0,0.0,0.0,0.0,0.0,0.0
2012_10_NYG_CIN,2012,10,CIN,NYG,7,7,0,0.0,0.0,0.0,0.0,0.0,0.0,0.0,0.0,1.0,0.0,1.0,69.0,16.0,69.0,16.0,0.0,0.0,1.0,0.0,0.0,6.0
2012_10_TEN_MIA,2012,10,MIA,TEN,7,7,0,0.0,0.0,0.0,0.0,0.0,0.0,0.0,0.0,1.0,1.0,0.0,78.0,20.0,78.0,20.0,0.0,0.0,1.0,1.0,0.0,10.0
2012_10_DET_MIN,2012,10,MIN,DET,7,7,0,0.0,0.0,0.0,0.0,0.0,0.0,1.0,1.0,0.0,0.0,1.0,,,70.0,0.0,0.0,0.0,0.0,0.0,0.0,0.0
2012_10_BUF_NE,2012,10,NE,BUF,14,7,7,0.0,0.0,0.0,1.0,0.0,1.0,1.0,0.0,1.0,0.0,1.0,60.0,12.0,60.0,12.0,0.0,0.0,0.0,0.0,0.0,2.0
2012_10_ATL_NO,2012,10,NO,ATL,6,7,-1,1.0,0.0,-1.0,0.0,0.0,0.0,1.0,1.0,0.0,0.0,1.0,,,70.0,0.0,0.0,0.0,0.0,0.0,0.0,0.0
2012_10_SD_TB,2012,10,TB,SD,7,10,-3,0.0,0.0,0.0,0.0,1.0,-1.0,0.0,0.0,1.0,1.0,0.0,80.0,10.0,80.0,10.0,0.0,0.0,0.0,0.0,0.0,0.0
2012_10_NYJ_SEA,2012,10,SEA,NYJ,7,14,-7,0.0,0.0,0.0,0.0,1.0,-1.0,0.0,0.0,1.0,0.0,1.0,43.0,2.0,43.0,2.0,0.0,0.0,0.0,0.0,7.0,0.0
2012_10_DAL_PHI,2012,10,PHI,DAL,6,7,-1,1.0,0.0,-1.0,0.0,0.0,0.0,1.0,0.0,1.0,1.0,0.0,63.0,7.0,63.0,7.0,0.0,0.0,0.0,0.0,0.0,0.0
2012_10_STL_SF,2012,10,SF,STL,13,14,-1,0.0,0.0,0.0,1.0,1.0,0.0,1.0,0.0,1.0,1.0,0.0,55.0,5.0,55.0,5.0,0.0,0.0,0.0,0.0,0.0,0.0
2012_10_HOU_CHI,2012,10,CHI,HOU,7,7,0,0.0,0.0,0.0,0.0,0.0,0.0,0.0,0.0,1.0,1.0,0.0,54.0,8.0,54.0,8.0,0.0,0.0,0.0,0.0,0.0,0.0
2012_10_KC_PIT,2012,10,PIT,KC,8,11,-3,0.0,0.0,0.0,0.0,1.0,-1.0,0.0,0.0,1.0,1.0,0.0,45.0,16.0,45.0,16.0,0.0,0.0,1.0,0.0,5.0,6.0
2012_11_MIA_BUF,2012,11,BUF,MIA,4,4,0,1.0,1.0,0.0,0.0,0.0,0.0,1.0,0.0,1.0,0.0,1.0,35.0,5.0,35.0,5.0,1.0,0.0,0.0,0.0,15.0,0.0
2012_11_ARI_ATL,2012,11,ATL,ARI,7,14,-7,0.0,0.0,0.0,0.0,1.0,-1.0,0.0,1.0,0.0,0.0,1.0,,,70.0,0.0,0.0,0.0,0.0,0.0,0.0,0.0
2012_11_TB_CAR,2012,11,CAR,TB,7,7,0,0.0,0.0,0.0,0.0,0.0,0.0,1.0,0.0,1.0,1.0,0.0,53.0,9.0,53.0,9.0,0.0,0.0,0.0,0.0,0.0,0.0
2012_11_CLE_DAL,2012,11,DAL,CLE,7,14,-7,0.0,0.0,0.0,0.0,1.0,-1.0,0.0,1.0,0.0,0.0,1.0,,,70.0,0.0,0.0,0.0,0.0,0.0,0.0,0.0
2012_11_GB_DET,2012,11,DET,GB,7,14,-7,0.0,0.0,0.0,0.0,1.0,-1.0,1.0,1.0,0.0,0.0,1.0,,,70.0,0.0,0.0,0.0,0.0,0.0,0.0,0.0
2012_11_JAX_HOU,2012,11,HOU,JAX,7,10,-3,0.0,0.0,0.0,0.0,1.0,-1.0,1.0,1.0,0.0,1.0,0.0,,,70.0,0.0,0.0,0.0,0.0,0.0,0.0,0.0
2012_11_CIN_KC,2012,11,KC,CIN,6,7,-1,1.0,0.0,-1.0,0.0,0.0,0.0,0.0,0.0,1.0,1.0,0.0,59.0,15.0,59.0,15.0,0.0,0.0,1.0,0.0,0.0,5.0
2012_11_NYJ_STL,2012,11,STL,NYJ,7,7,0,0.0,0.0,0.0,0.0,0.0,0.0,0.0,1.0,0.0,0.0,0.0,,,70.0,0.0,0.0,0.0,0.0,0.0,0.0,0.0
2012_11_PHI_WAS,2012,11,WAS,PHI,14,7,7,0.0,0.0,0.0,1.0,0.0,1.0,1.0,0.0,1.0,1.0,0.0,52.0,9.0,52.0,9.0,0.0,0.0,0.0,0.0,0.0,0.0
2012_11_NO_OAK,2012,11,OAK,NO,7,7,0,0.0,0.0,0.0,0.0,0.0,0.0,0.0,0.0,1.0,1.0,0.0,61.0,3.0,61.0,3.0,0.0,0.0,0.0,0.0,0.0,0.0
2012_11_SD_DEN,2012,11,DEN,SD,7,7,0,0.0,0.0,0.0,0.0,0.0,0.0,1.0,0.0,1.0,1.0,0.0,62.0,3.0,62.0,3.0,0.0,0.0,0.0,0.0,0.0,0.0
2012_11_IND_NE,2012,11,NE,IND,7,10,-3,0.0,0.0,0.0,0.0,1.0,-1.0,0.0,0.0,1.0,0.0,1.0,42.0,14.0,42.0,14.0,0.0,0.0,0.0,0.0,8.0,4.0
2012_11_BAL_PIT,2012,11,PIT,BAL,6,7,-1,1.0,0.0,-1.0,0.0,0.0,0.0,1.0,0.0,1.0,1.0,0.0,46.0,5.0,46.0,5.0,0.0,0.0,0.0,0.0,4.0,0.0
2012_11_CHI_SF,2012,11,SF,CHI,8,8,0,0.0,0.0,0.0,0.0,0.0,0.0,0.0,0.0,1.0,1.0,0.0,64.0,12.0,64.0,12.0,0.0,0.0,0.0,0.0,0.0,2.0
2012_12_HOU_DET,2012,12,DET,HOU,4,4,0,1.0,1.0,0.0,0.0,0.0,0.0,0.0,1.0,0.0,0.0,1.0,,,70.0,0.0,0.0,0.0,0.0,0.0,0.0,0.0
2012_12_WAS_DAL,2012,12,DAL,WAS,4,4,0,1.0,1.0,0.0,0.0,0.0,0.0,1.0,1.0,0.0,0.0,1.0,,,70.0,0.0,0.0,0.0,0.0,0.0,0.0,0.0
2012_12_NE_NYJ,2012,12,NYJ,NE,4,4,0,1.0,1.0,0.0,0.0,0.0,0.0,1.0,0.0,1.0,0.0,1.0,46.0,2.0,46.0,2.0,0.0,0.0,0.0,0.0,4.0,0.0
2012_12_MIN_CHI,2012,12,CHI,MIN,6,14,-8,1.0,0.0,-1.0,0.0,1.0,-1.0,1.0,0.0,1.0,1.0,0.0,41.0,5.0,41.0,5.0,0.0,0.0,0.0,0.0,9.0,0.0
2012_12_OAK_CIN,2012,12,CIN,OAK,7,7,0,0.0,0.0,0.0,0.0,0.0,0.0,0.0,0.0,1.0,0.0,1.0,41.0,9.0,41.0,9.0,0.0,0.0,0.0,0.0,9.0,0.0
2012_12_PIT_CLE,2012,12,CLE,PIT,7,7,0,0.0,0.0,0.0,0.0,0.0,0.0,1.0,0.0,1.0,1.0,0.0,34.0,10.0,34.0,10.0,1.0,0.0,0.0,0.0,16.0,0.0
2012_12_BUF_IND,2012,12,IND,BUF,7,10,-3,0.0,0.0,0.0,0.0,1.0,-1.0,0.0,1.0,0.0,0.0,1.0,,,70.0,0.0,0.0,0.0,0.0,0.0,0.0,0.0
2012_12_TEN_JAX,2012,12,JAX,TEN,7,14,-7,0.0,0.0,0.0,0.0,1.0,-1.0,1.0,0.0,1.0,1.0,0.0,60.0,4.0,60.0,4.0,0.0,0.0,0.0,0.0,0.0,0.0
2012_12_DEN_KC,2012,12,KC,DEN,7,7,0,0.0,0.0,0.0,0.0,0.0,0.0,1.0,0.0,1.0,1.0,0.0,52.0,5.0,52.0,5.0,0.0,0.0,0.0,0.0,0.0,0.0
2012_12_SEA_MIA,2012,12,MIA,SEA,10,14,-4,0.0,0.0,0.0,1.0,1.0,0.0,0.0,0.0,1.0,1.0,0.0,72.0,6.0,72.0,6.0,0.0,0.0,0.0,0.0,0.0,0.0
2012_12_ATL_TB,2012,12,TB,ATL,7,7,0,0.0,0.0,0.0,0.0,0.0,0.0,1.0,0.0,1.0,1.0,0.0,65.0,7.0,65.0,7.0,0.0,0.0,0.0,0.0,0.0,0.0
2012_12_BAL_SD,2012,12,SD,BAL,7,7,0,0.0,0.0,0.0,0.0,0.0,0.0,0.0,0.0,1.0,1.0,0.0,59.0,1.0,59.0,1.0,0.0,0.0,0.0,0.0,0.0,0.0
2012_12_STL_ARI,2012,12,ARI,STL,7,7,0,0.0,0.0,0.0,0.0,0.0,0.0,1.0,1.0,0.0,1.0,0.0,,,70.0,0.0,0.0,0.0,0.0,0.0,0.0,0.0
2012_12_SF_NO,2012,12,NO,SF,7,6,1,0.0,1.0,1.0,0.0,0.0,0.0,0.0,1.0,0.0,0.0,1.0,,,70.0,0.0,0.0,0.0,0.0,0.0,0.0,0.0
2012_12_GB_NYG,2012,12,NYG,GB,14,7,7,0.0,0.0,0.0,1.0,0.0,1.0,0.0,0.0,1.0,0.0,1.0,34.0,17.0,34.0,17.0,1.0,0.0,1.0,0.0,16.0,7.0
2012_12_CAR_PHI,2012,12,PHI,CAR,8,8,0,0.0,0.0,0.0,0.0,0.0,0.0,0.0,0.0,1.0,1.0,0.0,36.0,2.0,36.0,2.0,1.0,0.0,0.0,0.0,14.0,0.0
2012_13_NO_ATL,2012,13,ATL,NO,4,4,0,1.0,1.0,0.0,0.0,0.0,0.0,1.0,1.0,0.0,0.0,1.0,,,70.0,0.0,0.0,0.0,0.0,0.0,0.0,0.0
2012_13_JAX_BUF,2012,13,BUF,JAX,7,7,0,0.0,0.0,0.0,0.0,0.0,0.0,0.0,0.0,1.0,0.0,1.0,52.0,17.0,52.0,17.0,0.0,0.0,1.0,0.0,0.0,7.0
2012_13_SEA_CHI,2012,13,CHI,SEA,7,7,0,0.0,0.0,0.0,0.0,0.0,0.0,0.0,0.0,1.0,1.0,0.0,61.0,4.0,61.0,4.0,0.0,0.0,0.0,0.0,0.0,0.0
2012_13_IND_DET,2012,13,DET,IND,10,7,3,0.0,0.0,0.0,1.0,0.0,1.0,0.0,1.0,0.0,0.0,1.0,,,70.0,0.0,0.0,0.0,0.0,0.0,0.0,0.0
2012_13_MIN_GB,2012,13,GB,MIN,7,7,0,0.0,0.0,0.0,0.0,0.0,0.0,1.0,0.0,1.0,1.0,0.0,45.0,8.0,45.0,8.0,0.0,0.0,0.0,0.0,5.0,0.0
2012_13_CAR_KC,2012,13,KC,CAR,7,6,1,0.0,1.0,1.0,0.0,0.0,0.0,0.0,0.0,1.0,1.0,0.0,61.0,0.0,61.0,0.0,0.0,0.0,0.0,0.0,0.0,0.0
2012_13_NE_MIA,2012,13,MIA,NE,7,10,-3,0.0,0.0,0.0,0.0,1.0,-1.0,1.0,0.0,1.0,1.0,0.0,77.0,18.0,77.0,18.0,0.0,0.0,1.0,0.0,0.0,8.0
2012_13_ARI_NYJ,2012,13,NYJ,ARI,10,7,3,0.0,0.0,0.0,1.0,0.0,1.0,0.0,0.0,1.0,0.0,1.0,46.0,6.0,46.0,6.0,0.0,0.0,0.0,0.0,4.0,0.0
2012_13_SF_STL,2012,13,STL,SF,7,7,0,0.0,0.0,0.0,0.0,0.0,0.0,1.0,1.0,0.0,0.0,0.0,,,70.0,0.0,0.0,0.0,0.0,0.0,0.0,0.0
2012_13_HOU_TEN,2012,13,TEN,HOU,7,10,-3,0.0,0.0,0.0,0.0,1.0,-1.0,1.0,0.0,1.0,1.0,0.0,66.0,19.0,66.0,19.0,0.0,0.0,1.0,0.0,0.0,9.0
2012_13_TB_DEN,2012,13,DEN,TB,7,7,0,0.0,0.0,0.0,0.0,0.0,0.0,0.0,0.0,1.0,1.0,0.0,64.0,4.0,64.0,4.0,0.0,0.0,0.0,0.0,0.0,0.0
2012_13_PIT_BAL,2012,13,BAL,PIT,7,7,0,0.0,0.0,0.0,0.0,0.0,0.0,1.0,0.0,1.0,0.0,1.0,57.0,9.0,57.0,9.0,0.0,0.0,0.0,0.0,0.0,0.0
2012_13_CLE_OAK,2012,13,OAK,CLE,7,7,0,0.0,0.0,0.0,0.0,0.0,0.0,0.0,0.0,1.0,1.0,0.0,61.0,21.0,61.0,21.0,0.0,0.0,1.0,1.0,0.0,11.0
2012_13_CIN_SD,2012,13,SD,CIN,7,7,0,0.0,0.0,0.0,0.0,0.0,0.0,0.0,0.0,1.0,1.0,0.0,66.0,14.0,66.0,14.0,0.0,0.0,0.0,0.0,0.0,4.0
2012_13_PHI_DAL,2012,13,DAL,PHI,10,6,4,0.0,1.0,1.0,1.0,0.0,1.0,1.0,1.0,0.0,0.0,1.0,,,70.0,0.0,0.0,0.0,0.0,0.0,0.0,0.0
2012_13_NYG_WAS,2012,13,WAS,NYG,11,8,3,0.0,0.0,0.0,1.0,0.0,1.0,1.0,0.0,1.0,1.0,0.0,55.0,1.0,55.0,1.0,0.0,0.0,0.0,0.0,0.0,0.0
2012_14_DEN_OAK,2012,14,OAK,DEN,4,4,0,1.0,1.0,0.0,0.0,0.0,0.0,1.0,0.0,1.0,1.0,0.0,57.0,7.0,57.0,7.0,0.0,0.0,0.0,0.0,0.0,0.0
2012_14_STL_BUF,2012,14,BUF,STL,7,7,0,0.0,0.0,0.0,0.0,0.0,0.0,0.0,0.0,1.0,0.0,1.0,37.0,14.0,37.0,14.0,1.0,0.0,0.0,0.0,13.0,4.0
2012_14_ATL_CAR,2012,14,CAR,ATL,7,10,-3,0.0,0.0,0.0,0.0,1.0,-1.0,1.0,0.0,1.0,1.0,0.0,70.0,4.0,70.0,4.0,0.0,0.0,0.0,0.0,0.0,0.0
2012_14_DAL_CIN,2012,14,CIN,DAL,7,7,0,0.0,0.0,0.0,0.0,0.0,0.0,0.0,0.0,1.0,0.0,1.0,53.0,6.0,53.0,6.0,0.0,0.0,0.0,0.0,0.0,0.0
2012_14_KC_CLE,2012,14,CLE,KC,7,7,0,0.0,0.0,0.0,0.0,0.0,0.0,0.0,0.0,1.0,1.0,0.0,44.0,5.0,44.0,5.0,0.0,0.0,0.0,0.0,6.0,0.0
2012_14_TEN_IND,2012,14,IND,TEN,7,7,0,0.0,0.0,0.0,0.0,0.0,0.0,1.0,1.0,0.0,0.0,1.0,,,70.0,0.0,0.0,0.0,0.0,0.0,0.0,0.0
2012_14_NYJ_JAX,2012,14,JAX,NYJ,7,7,0,0.0,0.0,0.0,0.0,0.0,0.0,0.0,0.0,1.0,1.0,0.0,67.0,10.0,67.0,10.0,0.0,0.0,0.0,0.0,0.0,0.0
2012_14_CHI_MIN,2012,14,MIN,CHI,7,7,0,0.0,0.0,0.0,0.0,0.0,0.0,1.0,1.0,0.0,0.0,1.0,,,70.0,0.0,0.0,0.0,0.0,0.0,0.0,0.0
2012_14_SD_PIT,2012,14,PIT,SD,7,7,0,0.0,0.0,0.0,0.0,0.0,0.0,0.0,0.0,1.0,1.0,0.0,45.0,10.0,45.0,10.0,0.0,0.0,0.0,0.0,5.0,0.0
2012_14_PHI_TB,2012,14,TB,PHI,7,7,0,0.0,0.0,0.0,0.0,0.0,0.0,0.0,0.0,1.0,1.0,0.0,69.0,1.0,69.0,1.0,0.0,0.0,0.0,0.0,0.0,0.0
2012_14_BAL_WAS,2012,14,WAS,BAL,6,7,-1,1.0,0.0,-1.0,0.0,0.0,0.0,0.0,0.0,1.0,1.0,0.0,51.0,7.0,51.0,7.0,0.0,0.0,0.0,0.0,0.0,0.0
2012_14_MIA_SF,2012,14,SF,MIA,7,7,0,0.0,0.0,0.0,0.0,0.0,0.0,0.0,0.0,1.0,1.0,0.0,62.0,3.0,62.0,3.0,0.0,0.0,0.0,0.0,0.0,0.0
2012_14_NO_NYG,2012,14,NYG,NO,6,10,-4,1.0,0.0,-1.0,0.0,1.0,-1.0,0.0,0.0,1.0,0.0,1.0,42.0,1.0,42.0,1.0,0.0,0.0,0.0,0.0,8.0,0.0
2012_14_ARI_SEA,2012,14,SEA,ARI,7,7,0,0.0,0.0,0.0,0.0,0.0,0.0,1.0,0.0,1.0,0.0,1.0,48.0,8.0,48.0,8.0,0.0,0.0,0.0,0.0,2.0,0.0
2012_14_DET_GB,2012,14,GB,DET,7,7,0,0.0,0.0,0.0,0.0,0.0,0.0,1.0,0.0,1.0,1.0,0.0,33.0,10.0,33.0,10.0,1.0,0.0,0.0,0.0,17.0,0.0
2012_14_HOU_NE,2012,14,NE,HOU,8,8,0,0.0,0.0,0.0,0.0,0.0,0.0,0.0,0.0,1.0,0.0,1.0,59.0,7.0,59.0,7.0,0.0,0.0,0.0,0.0,0.0,0.0
2012_15_CIN_PHI,2012,15,PHI,CIN,4,4,0,1.0,1.0,0.0,0.0,0.0,0.0,0.0,0.0,1.0,1.0,0.0,36.0,1.0,36.0,1.0,1.0,0.0,0.0,0.0,14.0,0.0
2012_15_NYG_ATL,2012,15,ATL,NYG,7,7,0,0.0,0.0,0.0,0.0,0.0,0.0,0.0,1.0,0.0,0.0,1.0,,,70.0,0.0,0.0,0.0,0.0,0.0,0.0,0.0
2012_15_DEN_BAL,2012,15,BAL,DEN,7,10,-3,0.0,0.0,0.0,0.0,1.0,-1.0,0.0,0.0,1.0,0.0,1.0,53.0,7.0,53.0,7.0,0.0,0.0,0.0,0.0,0.0,0.0
2012_15_GB_CHI,2012,15,CHI,GB,7,7,0,0.0,0.0,0.0,0.0,0.0,0.0,1.0,0.0,1.0,1.0,0.0,44.0,9.0,44.0,9.0,0.0,0.0,0.0,0.0,6.0,0.0
2012_15_WAS_CLE,2012,15,CLE,WAS,7,7,0,0.0,0.0,0.0,0.0,0.0,0.0,0.0,0.0,1.0,1.0,0.0,59.0,18.0,59.0,18.0,0.0,0.0,1.0,0.0,0.0,8.0
2012_15_IND_HOU,2012,15,HOU,IND,6,7,-1,1.0,0.0,-1.0,0.0,0.0,0.0,1.0,1.0,0.0,1.0,0.0,,,70.0,0.0,0.0,0.0,0.0,0.0,0.0,0.0
2012_15_JAX_MIA,2012,15,MIA,JAX,7,7,0,0.0,0.0,0.0,0.0,0.0,0.0,0.0,0.0,1.0,1.0,0.0,80.0,13.0,80.0,13.0,0.0,0.0,0.0,0.0,0.0,3.0
2012_15_TB_NO,2012,15,NO,TB,7,7,0,0.0,0.0,0.0,0.0,0.0,0.0,1.0,1.0,0.0,0.0,1.0,,,70.0,0.0,0.0,0.0,0.0,0.0,0.0,0.0
2012_15_MIN_STL,2012,15,STL,MIN,7,7,0,0.0,0.0,0.0,0.0,0.0,0.0,0.0,1.0,0.0,0.0,0.0,,,70.0,0.0,0.0,0.0,0.0,0.0,0.0,0.0
2012_15_DET_ARI,2012,15,ARI,DET,7,7,0,0.0,0.0,0.0,0.0,0.0,0.0,0.0,1.0,0.0,1.0,0.0,,,70.0,0.0,0.0,0.0,0.0,0.0,0.0,0.0
2012_15_SEA_BUF,2012,15,BUF,SEA,7,7,0,0.0,0.0,0.0,0.0,0.0,0.0,0.0,1.0,0.0,0.0,1.0,,,70.0,0.0,0.0,0.0,0.0,0.0,0.0,0.0
2012_15_CAR_SD,2012,15,SD,CAR,7,7,0,0.0,0.0,0.0,0.0,0.0,0.0,0.0,0.0,1.0,1.0,0.0,59.0,6.0,59.0,6.0,0.0,0.0,0.0,0.0,0.0,0.0
2012_15_PIT_DAL,2012,15,DAL,PIT,7,7,0,0.0,0.0,0.0,0.0,0.0,0.0,0.0,1.0,0.0,0.0,1.0,,,70.0,0.0,0.0,0.0,0.0,0.0,0.0,0.0
2012_15_KC_OAK,2012,15,OAK,KC,10,7,3,0.0,0.0,0.0,1.0,0.0,1.0,1.0,0.0,1.0,1.0,0.0,54.0,2.0,54.0,2.0,0.0,0.0,0.0,0.0,0.0,0.0
2012_15_SF_NE,2012,15,NE,SF,6,7,-1,1.0,0.0,-1.0,0.0,0.0,0.0,0.0,0.0,1.0,0.0,1.0,34.0,5.0,34.0,5.0,1.0,0.0,0.0,0.0,16.0,0.0
2012_15_NYJ_TEN,2012,15,TEN,NYJ,8,8,0,0.0,0.0,0.0,0.0,0.0,0.0,0.0,0.0,1.0,1.0,0.0,54.0,10.0,54.0,10.0,0.0,0.0,0.0,0.0,0.0,0.0
2012_16_ATL_DET,2012,16,DET,ATL,6,6,0,1.0,1.0,0.0,0.0,0.0,0.0,0.0,1.0,0.0,0.0,1.0,,,70.0,0.0,0.0,0.0,0.0,0.0,0.0,0.0
2012_16_OAK_CAR,2012,16,CAR,OAK,7,7,0,0.0,0.0,0.0,0.0,0.0,0.0,0.0,0.0,1.0,1.0,0.0,53.0,3.0,53.0,3.0,0.0,0.0,0.0,0.0,0.0,0.0
2012_16_NO_DAL,2012,16,DAL,NO,7,7,0,0.0,0.0,0.0,0.0,0.0,0.0,0.0,1.0,0.0,0.0,1.0,,,70.0,0.0,0.0,0.0,0.0,0.0,0.0,0.0
2012_16_TEN_GB,2012,16,GB,TEN,7,6,1,0.0,1.0,1.0,0.0,0.0,0.0,0.0,0.0,1.0,1.0,0.0,24.0,9.0,24.0,9.0,1.0,1.0,0.0,0.0,26.0,0.0
2012_16_MIN_HOU,2012,16,HOU,MIN,7,7,0,0.0,0.0,0.0,0.0,0.0,0.0,0.0,1.0,0.0,1.0,0.0,,,70.0,0.0,0.0,0.0,0.0,0.0,0.0,0.0
2012_16_NE_JAX,2012,16,JAX,NE,7,7,0,0.0,0.0,0.0,0.0,0.0,0.0,0.0,0.0,1.0,1.0,0.0,58.0,0.0,58.0,0.0,0.0,0.0,0.0,0.0,0.0,0.0
2012_16_IND_KC,2012,16,KC,IND,7,7,0,0.0,0.0,0.0,0.0,0.0,0.0,0.0,0.0,1.0,1.0,0.0,25.0,6.0,25.0,6.0,1.0,1.0,0.0,0.0,25.0,0.0
2012_16_BUF_MIA,2012,16,MIA,BUF,7,7,0,0.0,0.0,0.0,0.0,0.0,0.0,1.0,0.0,1.0,1.0,0.0,73.0,8.0,73.0,8.0,0.0,0.0,0.0,0.0,0.0,0.0
2012_16_SD_NYJ,2012,16,NYJ,SD,6,7,-1,1.0,0.0,-1.0,0.0,0.0,0.0,0.0,0.0,1.0,0.0,1.0,39.0,13.0,39.0,13.0,1.0,0.0,0.0,0.0,11.0,3.0
2012_16_WAS_PHI,2012,16,PHI,WAS,10,7,3,0.0,0.0,0.0,1.0,0.0,1.0,1.0,0.0,1.0,1.0,0.0,40.0,11.0,40.0,11.0,1.0,0.0,0.0,0.0,10.0,1.0
2012_16_CIN_PIT,2012,16,PIT,CIN,7,10,-3,0.0,0.0,0.0,0.0,1.0,-1.0,1.0,0.0,1.0,1.0,0.0,35.0,10.0,35.0,10.0,1.0,0.0,0.0,0.0,15.0,0.0
2012_16_STL_TB,2012,16,TB,STL,7,7,0,0.0,0.0,0.0,0.0,0.0,0.0,0.0,0.0,1.0,1.0,0.0,59.0,8.0,59.0,8.0,0.0,0.0,0.0,0.0,0.0,0.0
2012_16_CLE_DEN,2012,16,DEN,CLE,7,7,0,0.0,0.0,0.0,0.0,0.0,0.0,0.0,0.0,1.0,1.0,0.0,51.0,15.0,51.0,15.0,0.0,0.0,1.0,0.0,0.0,5.0
2012_16_CHI_ARI,2012,16,ARI,CHI,7,7,0,0.0,0.0,0.0,0.0,0.0,0.0,0.0,1.0,0.0,1.0,0.0,,,70.0,0.0,0.0,0.0,0.0,0.0,0.0,0.0
2012_16_NYG_BAL,2012,16,BAL,NYG,7,7,0,0.0,0.0,0.0,0.0,0.0,0.0,0.0,0.0,1.0,0.0,1.0,51.0,7.0,51.0,7.0,0.0,0.0,0.0,0.0,0.0,0.0
2012_16_SF_SEA,2012,16,SEA,SF,7,7,0,0.0,0.0,0.0,0.0,0.0,0.0,1.0,0.0,1.0,0.0,1.0,45.0,3.0,45.0,3.0,0.0,0.0,0.0,0.0,5.0,0.0
2012_17_TB_ATL,2012,17,ATL,TB,8,7,1,0.0,0.0,0.0,0.0,0.0,0.0,1.0,1.0,0.0,0.0,1.0,,,70.0,0.0,0.0,0.0,0.0,0.0,0.0,0.0
2012_17_NYJ_BUF,2012,17,BUF,NYJ,7,7,0,0.0,0.0,0.0,0.0,0.0,0.0,1.0,0.0,1.0,0.0,1.0,28.0,18.0,28.0,18.0,1.0,0.0,1.0,0.0,22.0,8.0
2012_17_BAL_CIN,2012,17,CIN,BAL,7,7,0,0.0,0.0,0.0,0.0,0.0,0.0,1.0,0.0,1.0,0.0,1.0,26.0,8.0,26.0,8.0,1.0,0.0,0.0,0.0,24.0,0.0
2012_17_CHI_DET,2012,17,DET,CHI,8,7,1,0.0,0.0,0.0,0.0,0.0,0.0,1.0,1.0,0.0,0.0,1.0,,,70.0,0.0,0.0,0.0,0.0,0.0,0.0,0.0
2012_17_HOU_IND,2012,17,IND,HOU,7,7,0,0.0,0.0,0.0,0.0,0.0,0.0,1.0,1.0,0.0,0.0,1.0,,,70.0,0.0,0.0,0.0,0.0,0.0,0.0,0.0
2012_17_CAR_NO,2012,17,NO,CAR,7,7,0,0.0,0.0,0.0,0.0,0.0,0.0,1.0,1.0,0.0,0.0,1.0,,,70.0,0.0,0.0,0.0,0.0,0.0,0.0,0.0
2012_17_PHI_NYG,2012,17,NYG,PHI,7,7,0,0.0,0.0,0.0,0.0,0.0,0.0,1.0,0.0,1.0,0.0,1.0,32.0,13.0,32.0,13.0,1.0,0.0,0.0,0.0,18.0,3.0
2012_17_CLE_PIT,2012,17,PIT,CLE,7,7,0,0.0,0.0,0.0,0.0,0.0,0.0,1.0,0.0,1.0,1.0,0.0,28.0,12.0,28.0,12.0,1.0,0.0,0.0,0.0,22.0,2.0
2012_17_JAX_TEN,2012,17,TEN,JAX,7,7,0,0.0,0.0,0.0,0.0,0.0,0.0,1.0,0.0,1.0,1.0,0.0,39.0,4.0,39.0,4.0,1.0,0.0,0.0,0.0,11.0,0.0
2012_17_KC_DEN,2012,17,DEN,KC,7,7,0,0.0,0.0,0.0,0.0,0.0,0.0,1.0,0.0,1.0,1.0,0.0,35.0,10.0,35.0,10.0,1.0,0.0,0.0,0.0,15.0,0.0
2012_17_GB_MIN,2012,17,MIN,GB,7,7,0,0.0,0.0,0.0,0.0,0.0,0.0,1.0,1.0,0.0,0.0,1.0,,,70.0,0.0,0.0,0.0,0.0,0.0,0.0,0.0
2012_17_MIA_NE,2012,17,NE,MIA,7,7,0,0.0,0.0,0.0,0.0,0.0,0.0,1.0,0.0,1.0,0.0,1.0,28.0,15.0,28.0,15.0,1.0,0.0,1.0,0.0,22.0,5.0
2012_17_OAK_SD,2012,17,SD,OAK,7,7,0,0.0,0.0,0.0,0.0,0.0,0.0,1.0,0.0,1.0,1.0,0.0,50.0,3.0,50.0,3.0,0.0,0.0,0.0,0.0,0.0,0.0
2012_17_STL_SEA,2012,17,SEA,STL,7,7,0,0.0,0.0,0.0,0.0,0.0,0.0,1.0,0.0,1.0,0.0,1.0,41.0,1.0,41.0,1.0,0.0,0.0,0.0,0.0,9.0,0.0
2012_17_ARI_SF,2012,17,SF,ARI,7,7,0,0.0,0.0,0.0,0.0,0.0,0.0,1.0,0.0,1.0,1.0,0.0,50.0,5.0,50.0,5.0,0.0,0.0,0.0,0.0,0.0,0.0
2012_17_DAL_WAS,2012,17,WAS,DAL,7,7,0,0.0,0.0,0.0,0.0,0.0,0.0,1.0,0.0,1.0,1.0,0.0,37.0,9.0,37.0,9.0,1.0,0.0,0.0,0.0,13.0,0.0
2012_18_CIN_HOU,2012,18,HOU,CIN,6,6,0,1.0,1.0,0.0,0.0,0.0,0.0,0.0,1.0,0.0,1.0,0.0,,,70.0,0.0,0.0,0.0,0.0,0.0,0.0,0.0
2012_18_MIN_GB,2012,18,GB,MIN,6,6,0,1.0,1.0,0.0,0.0,0.0,0.0,1.0,0.0,1.0,1.0,0.0,29.0,9.0,29.0,9.0,1.0,0.0,0.0,0.0,21.0,0.0
2012_18_IND_BAL,2012,18,BAL,IND,7,7,0,0.0,0.0,0.0,0.0,0.0,0.0,0.0,0.0,1.0,0.0,1.0,49.0,8.0,49.0,8.0,0.0,0.0,0.0,0.0,1.0,0.0
2012_18_SEA_WAS,2012,18,WAS,SEA,7,7,0,0.0,0.0,0.0,0.0,0.0,0.0,0.0,0.0,1.0,1.0,0.0,52.0,3.0,52.0,3.0,0.0,0.0,0.0,0.0,0.0,0.0
2012_19_BAL_DEN,2012,19,DEN,BAL,13,6,7,0.0,1.0,1.0,1.0,0.0,1.0,0.0,0.0,1.0,1.0,0.0,13.0,8.0,13.0,8.0,1.0,1.0,0.0,0.0,37.0,0.0
2012_19_GB_SF,2012,19,SF,GB,13,7,6,0.0,0.0,0.0,1.0,0.0,1.0,0.0,0.0,1.0,1.0,0.0,48.0,5.0,48.0,5.0,0.0,0.0,0.0,0.0,2.0,0.0
2012_19_SEA_ATL,2012,19,ATL,SEA,14,7,7,0.0,0.0,0.0,1.0,0.0,1.0,0.0,1.0,0.0,0.0,1.0,,,70.0,0.0,0.0,0.0,0.0,0.0,0.0,0.0
2012_19_HOU_NE,2012,19,NE,HOU,14,8,6,0.0,0.0,0.0,1.0,0.0,1.0,0.0,0.0,1.0,0.0,1.0,51.0,10.0,51.0,10.0,0.0,0.0,0.0,0.0,0.0,0.0
2012_20_SF_ATL,2012,20,ATL,SF,7,8,-1,0.0,0.0,0.0,0.0,0.0,0.0,0.0,1.0,0.0,0.0,1.0,,,70.0,0.0,0.0,0.0,0.0,0.0,0.0,0.0
2012_20_BAL_NE,2012,20,NE,BAL,7,8,-1,0.0,0.0,0.0,0.0,0.0,0.0,0.0,0.0,1.0,0.0,1.0,41.0,18.0,41.0,18.0,0.0,0.0,1.0,0.0,9.0,8.0
2012_21_BAL_SF,2012,21,SF,BAL,14,14,0,0.0,0.0,0.0,1.0,1.0,0.0,0.0,1.0,0.0,0.0,1.0,,,70.0,0.0,0.0,0.0,0.0,0.0,0.0,0.0
2013_01_BAL_DEN,2013,1,DEN,BAL,7,7,0,0.0,0.0,0.0,0.0,0.0,0.0,0.0,0.0,1.0,1.0,0.0,83.0,7.0,83.0,7.0,0.0,0.0,0.0,0.0,0.0,0.0
2013_01_NE_BUF,2013,1,BUF,NE,7,7,0,0.0,0.0,0.0,0.0,0.0,0.0,1.0,0.0,1.0,0.0,1.0,65.0,11.0,65.0,11.0,0.0,0.0,0.0,0.0,0.0,1.0
2013_01_SEA_CAR,2013,1,CAR,SEA,7,7,0,0.0,0.0,0.0,0.0,0.0,0.0,0.0,0.0,1.0,1.0,0.0,87.0,7.0,87.0,7.0,0.0,0.0,0.0,0.0,0.0,0.0
2013_01_CIN_CHI,2013,1,CHI,CIN,7,7,0,0.0,0.0,0.0,0.0,0.0,0.0,0.0,0.0,1.0,1.0,0.0,73.0,11.0,73.0,11.0,0.0,0.0,0.0,0.0,0.0,1.0
2013_01_MIA_CLE,2013,1,CLE,MIA,7,7,0,0.0,0.0,0.0,0.0,0.0,0.0,0.0,0.0,1.0,1.0,0.0,70.0,13.0,70.0,13.0,0.0,0.0,0.0,0.0,0.0,3.0
2013_01_MIN_DET,2013,1,DET,MIN,7,7,0,0.0,0.0,0.0,0.0,0.0,0.0,1.0,1.0,0.0,0.0,1.0,,,70.0,0.0,0.0,0.0,0.0,0.0,0.0,0.0
2013_01_OAK_IND,2013,1,IND,OAK,7,7,0,0.0,0.0,0.0,0.0,0.0,0.0,0.0,1.0,0.0,0.0,1.0,,,70.0,0.0,0.0,0.0,0.0,0.0,0.0,0.0
2013_01_KC_JAX,2013,1,JAX,KC,7,7,0,0.0,0.0,0.0,0.0,0.0,0.0,0.0,0.0,1.0,1.0,0.0,85.0,10.0,85.0,10.0,0.0,0.0,0.0,0.0,0.0,0.0
2013_01_ATL_NO,2013,1,NO,ATL,7,7,0,0.0,0.0,0.0,0.0,0.0,0.0,1.0,1.0,0.0,0.0,1.0,,,70.0,0.0,0.0,0.0,0.0,0.0,0.0,0.0
2013_01_TB_NYJ,2013,1,NYJ,TB,7,7,0,0.0,0.0,0.0,0.0,0.0,0.0,0.0,0.0,1.0,0.0,1.0,82.0,9.0,82.0,9.0,0.0,0.0,0.0,0.0,0.0,0.0
2013_01_TEN_PIT,2013,1,PIT,TEN,7,7,0,0.0,0.0,0.0,0.0,0.0,0.0,0.0,0.0,1.0,1.0,0.0,73.0,9.0,73.0,9.0,0.0,0.0,0.0,0.0,0.0,0.0
2013_01_GB_SF,2013,1,SF,GB,7,7,0,0.0,0.0,0.0,0.0,0.0,0.0,0.0,0.0,1.0,1.0,0.0,69.0,6.0,69.0,6.0,0.0,0.0,0.0,0.0,0.0,0.0
2013_01_ARI_STL,2013,1,STL,ARI,7,7,0,0.0,0.0,0.0,0.0,0.0,0.0,1.0,1.0,0.0,0.0,0.0,,,70.0,0.0,0.0,0.0,0.0,0.0,0.0,0.0
2013_01_NYG_DAL,2013,1,DAL,NYG,7,7,0,0.0,0.0,0.0,0.0,0.0,0.0,1.0,1.0,0.0,0.0,1.0,,,70.0,0.0,0.0,0.0,0.0,0.0,0.0,0.0
2013_01_PHI_WAS,2013,1,WAS,PHI,7,7,0,0.0,0.0,0.0,0.0,0.0,0.0,1.0,0.0,1.0,1.0,0.0,80.0,9.0,80.0,9.0,0.0,0.0,0.0,0.0,0.0,0.0
2013_01_HOU_SD,2013,1,SD,HOU,7,7,0,0.0,0.0,0.0,0.0,0.0,0.0,0.0,0.0,1.0,1.0,0.0,70.0,10.0,70.0,10.0,0.0,0.0,0.0,0.0,0.0,0.0
2013_02_NYJ_NE,2013,2,NE,NYJ,4,4,0,1.0,1.0,0.0,0.0,0.0,0.0,1.0,0.0,1.0,0.0,1.0,72.0,8.0,72.0,8.0,0.0,0.0,0.0,0.0,0.0,0.0
2013_02_STL_ATL,2013,2,ATL,STL,7,7,0,0.0,0.0,0.0,0.0,0.0,0.0,0.0,1.0,0.0,0.0,1.0,,,70.0,0.0,0.0,0.0,0.0,0.0,0.0,0.0
2013_02_CLE_BAL,2013,2,BAL,CLE,10,7,3,0.0,0.0,0.0,1.0,0.0,1.0,1.0,0.0,1.0,0.0,1.0,75.0,6.0,75.0,6.0,0.0,0.0,0.0,0.0,0.0,0.0
2013_02_CAR_BUF,2013,2,BUF,CAR,7,7,0,0.0,0.0,0.0,0.0,0.0,0.0,0.0,0.0,1.0,0.0,1.0,65.0,10.0,65.0,10.0,0.0,0.0,0.0,0.0,0.0,0.0
2013_02_MIN_CHI,2013,2,CHI,MIN,7,7,0,0.0,0.0,0.0,0.0,0.0,0.0,1.0,0.0,1.0,1.0,0.0,60.0,6.0,60.0,6.0,0.0,0.0,0.0,0.0,0.0,0.0
2013_02_WAS_GB,2013,2,GB,WAS,7,6,1,0.0,1.0,1.0,0.0,0.0,0.0,0.0,0.0,1.0,1.0,0.0,56.0,4.0,56.0,4.0,0.0,0.0,0.0,0.0,0.0,0.0
2013_02_TEN_HOU,2013,2,HOU,TEN,6,7,-1,1.0,0.0,-1.0,0.0,0.0,0.0,1.0,1.0,0.0,1.0,0.0,,,70.0,0.0,0.0,0.0,0.0,0.0,0.0,0.0
2013_02_MIA_IND,2013,2,IND,MIA,7,7,0,0.0,0.0,0.0,0.0,0.0,0.0,0.0,0.0,1.0,0.0,1.0,,,,,0.0,0.0,0.0,0.0,0.0,0.0
2013_02_DAL_KC,2013,2,KC,DAL,7,7,0,0.0,0.0,0.0,0.0,0.0,0.0,0.0,0.0,1.0,1.0,0.0,72.0,6.0,72.0,6.0,0.0,0.0,0.0,0.0,0.0,0.0
2013_02_SD_PHI,2013,2,PHI,SD,6,6,0,1.0,1.0,0.0,0.0,0.0,0.0,0.0,0.0,1.0,1.0,0.0,71.0,6.0,71.0,6.0,0.0,0.0,0.0,0.0,0.0,0.0
2013_02_DET_ARI,2013,2,ARI,DET,7,7,0,0.0,0.0,0.0,0.0,0.0,0.0,0.0,1.0,0.0,1.0,0.0,,,70.0,0.0,0.0,0.0,0.0,0.0,0.0,0.0
2013_02_NO_TB,2013,2,TB,NO,7,7,0,0.0,0.0,0.0,0.0,0.0,0.0,1.0,0.0,1.0,1.0,0.0,93.0,8.0,93.0,8.0,0.0,0.0,0.0,0.0,0.0,0.0
2013_02_DEN_NYG,2013,2,NYG,DEN,7,10,-3,0.0,0.0,0.0,0.0,1.0,-1.0,0.0,0.0,1.0,0.0,1.0,70.0,3.0,70.0,3.0,0.0,0.0,0.0,0.0,0.0,0.0
2013_02_JAX_OAK,2013,2,OAK,JAX,7,7,0,0.0,0.0,0.0,0.0,0.0,0.0,0.0,0.0,1.0,1.0,0.0,76.0,10.0,76.0,10.0,0.0,0.0,0.0,0.0,0.0,0.0
2013_02_SF_SEA,2013,2,SEA,SF,7,7,0,0.0,0.0,0.0,0.0,0.0,0.0,1.0,0.0,1.0,0.0,1.0,64.0,6.0,64.0,6.0,0.0,0.0,0.0,0.0,0.0,0.0
2013_02_PIT_CIN,2013,2,CIN,PIT,8,8,0,0.0,0.0,0.0,0.0,0.0,0.0,1.0,0.0,1.0,0.0,1.0,62.0,5.0,62.0,5.0,0.0,0.0,0.0,0.0,0.0,0.0
2013_03_KC_PHI,2013,3,PHI,KC,4,4,0,1.0,1.0,0.0,0.0,0.0,0.0,0.0,0.0,1.0,1.0,0.0,73.0,4.0,73.0,4.0,0.0,0.0,0.0,0.0,0.0,0.0
2013_03_HOU_BAL,2013,3,BAL,HOU,7,7,0,0.0,0.0,0.0,0.0,0.0,0.0,0.0,0.0,1.0,0.0,1.0,73.0,9.0,73.0,9.0,0.0,0.0,0.0,0.0,0.0,0.0
2013_03_NYG_CAR,2013,3,CAR,NYG,7,7,0,0.0,0.0,0.0,0.0,0.0,0.0,0.0,0.0,1.0,1.0,0.0,75.0,15.0,75.0,15.0,0.0,0.0,1.0,0.0,0.0,5.0
2013_03_GB_CIN,2013,3,CIN,GB,6,7,-1,1.0,0.0,-1.0,0.0,0.0,0.0,0.0,0.0,1.0,0.0,1.0,63.0,13.0,63.0,13.0,0.0,0.0,0.0,0.0,0.0,3.0
2013_03_STL_DAL,2013,3,DAL,STL,7,7,0,0.0,0.0,0.0,0.0,0.0,0.0,0.0,1.0,0.0,0.0,1.0,,,70.0,0.0,0.0,0.0,0.0,0.0,0.0,0.0
2013_03_CLE_MIN,2013,3,MIN,CLE,7,7,0,0.0,0.0,0.0,0.0,0.0,0.0,0.0,1.0,0.0,0.0,1.0,,,70.0,0.0,0.0,0.0,0.0,0.0,0.0,0.0
2013_03_TB_NE,2013,3,NE,TB,10,7,3,0.0,0.0,0.0,1.0,0.0,1.0,0.0,0.0,1.0,0.0,1.0,65.0,9.0,65.0,9.0,0.0,0.0,0.0,0.0,0.0,0.0
2013_03_ARI_NO,2013,3,NO,ARI,7,7,0,0.0,0.0,0.0,0.0,0.0,0.0,0.0,1.0,0.0,0.0,1.0,,,70.0,0.0,0.0,0.0,0.0,0.0,0.0,0.0
2013_03_SD_TEN,2013,3,TEN,SD,7,7,0,0.0,0.0,0.0,0.0,0.0,0.0,0.0,0.0,1.0,1.0,0.0,72.0,7.0,72.0,7.0,0.0,0.0,0.0,0.0,0.0,0.0
2013_03_DET_WAS,2013,3,WAS,DET,7,7,0,0.0,0.0,0.0,0.0,0.0,0.0,0.0,0.0,1.0,1.0,0.0,72.0,8.0,72.0,8.0,0.0,0.0,0.0,0.0,0.0,0.0
2013_03_ATL_MIA,2013,3,MIA,ATL,7,7,0,0.0,0.0,0.0,0.0,0.0,0.0,0.0,0.0,1.0,1.0,0.0,89.0,8.0,89.0,8.0,0.0,0.0,0.0,0.0,0.0,0.0
2013_03_BUF_NYJ,2013,3,NYJ,BUF,10,7,3,0.0,0.0,0.0,1.0,0.0,1.0,1.0,0.0,1.0,0.0,1.0,67.0,24.0,67.0,24.0,0.0,0.0,1.0,1.0,0.0,14.0
2013_03_JAX_SEA,2013,3,SEA,JAX,7,7,0,0.0,0.0,0.0,0.0,0.0,0.0,0.0,0.0,1.0,0.0,1.0,61.0,17.0,61.0,17.0,0.0,0.0,1.0,0.0,0.0,7.0
2013_03_IND_SF,2013,3,SF,IND,7,7,0,0.0,0.0,0.0,0.0,0.0,0.0,0.0,0.0,1.0,1.0,0.0,66.0,5.0,66.0,5.0,0.0,0.0,0.0,0.0,0.0,0.0
2013_03_CHI_PIT,2013,3,PIT,CHI,6,7,-1,1.0,0.0,-1.0,0.0,0.0,0.0,0.0,0.0,1.0,1.0,0.0,56.0,5.0,56.0,5.0,0.0,0.0,0.0,0.0,0.0,0.0
2013_03_OAK_DEN,2013,3,DEN,OAK,8,8,0,0.0,0.0,0.0,0.0,0.0,0.0,1.0,0.0,1.0,1.0,0.0,64.0,16.0,64.0,16.0,0.0,0.0,1.0,0.0,0.0,6.0
2013_04_SF_STL,2013,4,STL,SF,4,4,0,1.0,1.0,0.0,0.0,0.0,0.0,1.0,1.0,0.0,0.0,0.0,,,70.0,0.0,0.0,0.0,0.0,0.0,0.0,0.0
2013_04_BAL_BUF,2013,4,BUF,BAL,7,7,0,0.0,0.0,0.0,0.0,0.0,0.0,0.0,0.0,1.0,0.0,1.0,67.0,15.0,67.0,15.0,0.0,0.0,1.0,0.0,0.0,5.0
2013_04_CIN_CLE,2013,4,CLE,CIN,7,7,0,0.0,0.0,0.0,0.0,0.0,0.0,1.0,0.0,1.0,1.0,0.0,68.0,9.0,68.0,9.0,0.0,0.0,0.0,0.0,0.0,0.0
2013_04_CHI_DET,2013,4,DET,CHI,7,7,0,0.0,0.0,0.0,0.0,0.0,0.0,1.0,1.0,0.0,0.0,1.0,,,70.0,0.0,0.0,0.0,0.0,0.0,0.0,0.0
2013_04_SEA_HOU,2013,4,HOU,SEA,7,7,0,0.0,0.0,0.0,0.0,0.0,0.0,0.0,1.0,0.0,1.0,0.0,,,70.0,0.0,0.0,0.0,0.0,0.0,0.0,0.0
2013_04_IND_JAX,2013,4,JAX,IND,7,7,0,0.0,0.0,0.0,0.0,0.0,0.0,1.0,0.0,1.0,1.0,0.0,80.0,12.0,80.0,12.0,0.0,0.0,0.0,0.0,0.0,2.0
2013_04_NYG_KC,2013,4,KC,NYG,10,7,3,0.0,0.0,0.0,1.0,0.0,1.0,0.0,0.0,1.0,1.0,0.0,66.0,0.0,66.0,0.0,0.0,0.0,0.0,0.0,0.0,0.0
2013_04_PIT_MIN,2013,4,MIN,PIT,7,7,0,0.0,0.0,0.0,0.0,0.0,0.0,0.0,0.0,1.0,1.0,0.0,54.0,11.0,54.0,11.0,0.0,0.0,0.0,0.0,0.0,1.0
2013_04_ARI_TB,2013,4,TB,ARI,7,7,0,0.0,0.0,0.0,0.0,0.0,0.0,0.0,0.0,1.0,1.0,0.0,84.0,5.0,84.0,5.0,0.0,0.0,0.0,0.0,0.0,0.0
2013_04_NYJ_TEN,2013,4,TEN,NYJ,7,7,0,0.0,0.0,0.0,0.0,0.0,0.0,0.0,0.0,1.0,1.0,0.0,74.0,4.0,74.0,4.0,0.0,0.0,0.0,0.0,0.0,0.0
2013_04_PHI_DEN,2013,4,DEN,PHI,6,10,-4,1.0,0.0,-1.0,0.0,1.0,-1.0,0.0,0.0,1.0,1.0,0.0,76.0,8.0,76.0,8.0,0.0,0.0,0.0,0.0,0.0,0.0
2013_04_WAS_OAK,2013,4,OAK,WAS,6,7,-1,1.0,0.0,-1.0,0.0,0.0,0.0,0.0,0.0,1.0,1.0,0.0,77.0,13.0,77.0,13.0,0.0,0.0,0.0,0.0,0.0,3.0
2013_04_DAL_SD,2013,4,SD,DAL,7,7,0,0.0,0.0,0.0,0.0,0.0,0.0,0.0,0.0,1.0,1.0,0.0,80.0,7.0,80.0,7.0,0.0,0.0,0.0,0.0,0.0,0.0
2013_04_NE_ATL,2013,4,ATL,NE,7,7,0,0.0,0.0,0.0,0.0,0.0,0.0,0.0,1.0,0.0,0.0,1.0,,,70.0,0.0,0.0,0.0,0.0,0.0,0.0,0.0
2013_04_MIA_NO,2013,4,NO,MIA,8,8,0,0.0,0.0,0.0,0.0,0.0,0.0,0.0,1.0,0.0,0.0,1.0,,,70.0,0.0,0.0,0.0,0.0,0.0,0.0,0.0
2013_05_BUF_CLE,2013,5,CLE,BUF,4,4,0,1.0,1.0,0.0,0.0,0.0,0.0,0.0,0.0,1.0,1.0,0.0,75.0,6.0,75.0,6.0,0.0,0.0,0.0,0.0,0.0,0.0
2013_05_NO_CHI,2013,5,CHI,NO,7,6,1,0.0,1.0,1.0,0.0,0.0,0.0,0.0,0.0,1.0,1.0,0.0,60.0,10.0,60.0,10.0,0.0,0.0,0.0,0.0,0.0,0.0
2013_05_NE_CIN,2013,5,CIN,NE,7,7,0,0.0,0.0,0.0,0.0,0.0,0.0,0.0,0.0,1.0,0.0,1.0,68.0,7.0,68.0,7.0,0.0,0.0,0.0,0.0,0.0,0.0
2013_05_DET_GB,2013,5,GB,DET,14,7,7,0.0,0.0,0.0,1.0,0.0,1.0,1.0,0.0,1.0,1.0,0.0,59.0,10.0,59.0,10.0,0.0,0.0,0.0,0.0,0.0,0.0
2013_05_SEA_IND,2013,5,IND,SEA,7,7,0,0.0,0.0,0.0,0.0,0.0,0.0,0.0,1.0,0.0,0.0,1.0,,,70.0,0.0,0.0,0.0,0.0,0.0,0.0,0.0
2013_05_BAL_MIA,2013,5,MIA,BAL,6,7,-1,1.0,0.0,-1.0,0.0,0.0,0.0,0.0,0.0,1.0,1.0,0.0,87.0,5.0,87.0,5.0,0.0,0.0,0.0,0.0,0.0,0.0
2013_05_PHI_NYG,2013,5,NYG,PHI,7,7,0,0.0,0.0,0.0,0.0,0.0,0.0,1.0,0.0,1.0,0.0,1.0,66.0,6.0,66.0,6.0,0.0,0.0,0.0,0.0,0.0,0.0
2013_05_JAX_STL,2013,5,STL,JAX,10,7,3,0.0,0.0,0.0,1.0,0.0,1.0,0.0,1.0,0.0,0.0,0.0,,,70.0,0.0,0.0,0.0,0.0,0.0,0.0,0.0
2013_05_KC_TEN,2013,5,TEN,KC,7,7,0,0.0,0.0,0.0,0.0,0.0,0.0,0.0,0.0,1.0,1.0,0.0,74.0,10.0,74.0,10.0,0.0,0.0,0.0,0.0,0.0,0.0
2013_05_CAR_ARI,2013,5,ARI,CAR,7,14,-7,0.0,0.0,0.0,0.0,1.0,-1.0,0.0,1.0,0.0,1.0,0.0,,,70.0,0.0,0.0,0.0,0.0,0.0,0.0,0.0
2013_05_DEN_DAL,2013,5,DAL,DEN,7,7,0,0.0,0.0,0.0,0.0,0.0,0.0,0.0,1.0,0.0,0.0,1.0,,,70.0,0.0,0.0,0.0,0.0,0.0,0.0,0.0
2013_05_HOU_SF,2013,5,SF,HOU,10,7,3,0.0,0.0,0.0,1.0,0.0,1.0,0.0,0.0,1.0,1.0,0.0,76.0,9.0,76.0,9.0,0.0,0.0,0.0,0.0,0.0,0.0
2013_05_SD_OAK,2013,5,OAK,SD,7,7,0,0.0,0.0,0.0,0.0,0.0,0.0,1.0,0.0,1.0,1.0,0.0,70.0,2.0,70.0,2.0,0.0,0.0,0.0,0.0,0.0,0.0
2013_05_NYJ_ATL,2013,5,ATL,NYJ,8,8,0,0.0,0.0,0.0,0.0,0.0,0.0,0.0,1.0,0.0,0.0,1.0,,,70.0,0.0,0.0,0.0,0.0,0.0,0.0,0.0
2013_06_NYG_CHI,2013,6,CHI,NYG,4,4,0,1.0,1.0,0.0,0.0,0.0,0.0,0.0,0.0,1.0,1.0,0.0,63.0,10.0,63.0,10.0,0.0,0.0,0.0,0.0,0.0,0.0
2013_06_GB_BAL,2013,6,BAL,GB,7,7,0,0.0,0.0,0.0,0.0,0.0,0.0,0.0,0.0,1.0,0.0,1.0,61.0,10.0,61.0,10.0,0.0,0.0,0.0,0.0,0.0,0.0
2013_06_CIN_BUF,2013,6,BUF,CIN,10,7,3,0.0,0.0,0.0,1.0,0.0,1.0,0.0,0.0,1.0,0.0,1.0,65.0,11.0,65.0,11.0,0.0,0.0,0.0,0.0,0.0,1.0
2013_06_DET_CLE,2013,6,CLE,DET,10,7,3,0.0,0.0,0.0,1.0,0.0,1.0,0.0,0.0,1.0,1.0,0.0,66.0,8.0,66.0,8.0,0.0,0.0,0.0,0.0,0.0,0.0
2013_06_STL_HOU,2013,6,HOU,STL,7,7,0,0.0,0.0,0.0,0.0,0.0,0.0,0.0,1.0,0.0,1.0,0.0,,,70.0,0.0,0.0,0.0,0.0,0.0,0.0,0.0
2013_06_OAK_KC,2013,6,KC,OAK,7,7,0,0.0,0.0,0.0,0.0,0.0,0.0,1.0,0.0,1.0,1.0,0.0,63.0,7.0,63.0,7.0,0.0,0.0,0.0,0.0,0.0,0.0
2013_06_CAR_MIN,2013,6,MIN,CAR,14,7,7,0.0,0.0,0.0,1.0,0.0,1.0,0.0,1.0,0.0,0.0,1.0,,,70.0,0.0,0.0,0.0,0.0,0.0,0.0,0.0
2013_06_PIT_NYJ,2013,6,NYJ,PIT,6,14,-8,1.0,0.0,-1.0,0.0,1.0,-1.0,0.0,0.0,1.0,0.0,1.0,62.0,10.0,62.0,10.0,0.0,0.0,0.0,0.0,0.0,0.0
2013_06_PHI_TB,2013,6,TB,PHI,14,7,7,0.0,0.0,0.0,1.0,0.0,1.0,0.0,0.0,1.0,1.0,0.0,82.0,3.0,82.0,3.0,0.0,0.0,0.0,0.0,0.0,0.0
2013_06_JAX_DEN,2013,6,DEN,JAX,7,7,0,0.0,0.0,0.0,0.0,0.0,0.0,0.0,0.0,1.0,1.0,0.0,59.0,7.0,59.0,7.0,0.0,0.0,0.0,0.0,0.0,0.0
2013_06_TEN_SEA,2013,6,SEA,TEN,7,7,0,0.0,0.0,0.0,0.0,0.0,0.0,0.0,0.0,1.0,0.0,1.0,51.0,4.0,51.0,4.0,0.0,0.0,0.0,0.0,0.0,0.0
2013_06_NO_NE,2013,6,NE,NO,7,7,0,0.0,0.0,0.0,0.0,0.0,0.0,0.0,0.0,1.0,0.0,1.0,59.0,7.0,59.0,7.0,0.0,0.0,0.0,0.0,0.0,0.0
2013_06_ARI_SF,2013,6,SF,ARI,7,7,0,0.0,0.0,0.0,0.0,0.0,0.0,1.0,0.0,1.0,1.0,0.0,65.0,5.0,65.0,5.0,0.0,0.0,0.0,0.0,0.0,0.0
2013_06_WAS_DAL,2013,6,DAL,WAS,7,14,-7,0.0,0.0,0.0,0.0,1.0,-1.0,1.0,1.0,0.0,0.0,1.0,,,70.0,0.0,0.0,0.0,0.0,0.0,0.0,0.0
2013_06_IND_SD,2013,6,SD,IND,8,8,0,0.0,0.0,0.0,0.0,0.0,0.0,0.0,0.0,1.0,1.0,0.0,69.0,13.0,69.0,13.0,0.0,0.0,0.0,0.0,0.0,3.0
2013_07_SEA_ARI,2013,7,ARI,SEA,4,4,0,1.0,1.0,0.0,0.0,0.0,0.0,1.0,1.0,0.0,1.0,0.0,,,70.0,0.0,0.0,0.0,0.0,0.0,0.0,0.0
2013_07_TB_ATL,2013,7,ATL,TB,13,7,6,0.0,0.0,0.0,1.0,0.0,1.0,1.0,1.0,0.0,0.0,1.0,,,70.0,0.0,0.0,0.0,0.0,0.0,0.0,0.0
2013_07_STL_CAR,2013,7,CAR,STL,7,7,0,0.0,0.0,0.0,0.0,0.0,0.0,0.0,0.0,1.0,1.0,0.0,68.0,4.0,68.0,4.0,0.0,0.0,0.0,0.0,0.0,0.0
2013_07_CIN_DET,2013,7,DET,CIN,7,7,0,0.0,0.0,0.0,0.0,0.0,0.0,0.0,1.0,0.0,0.0,1.0,,,70.0,0.0,0.0,0.0,0.0,0.0,0.0,0.0
2013_07_SD_JAX,2013,7,JAX,SD,7,6,1,0.0,1.0,1.0,0.0,0.0,0.0,0.0,0.0,1.0,1.0,0.0,73.0,12.0,73.0,12.0,0.0,0.0,0.0,0.0,0.0,2.0
2013_07_BUF_MIA,2013,7,MIA,BUF,14,7,7,0.0,0.0,0.0,1.0,0.0,1.0,1.0,0.0,1.0,1.0,0.0,87.0,5.0,87.0,5.0,0.0,0.0,0.0,0.0,0.0,0.0
2013_07_NE_NYJ,2013,7,NYJ,NE,7,7,0,0.0,0.0,0.0,0.0,0.0,0.0,1.0,0.0,1.0,0.0,1.0,63.0,11.0,63.0,11.0,0.0,0.0,0.0,0.0,0.0,1.0
2013_07_DAL_PHI,2013,7,PHI,DAL,7,7,0,0.0,0.0,0.0,0.0,0.0,0.0,1.0,0.0,1.0,1.0,0.0,60.0,13.0,60.0,13.0,0.0,0.0,0.0,0.0,0.0,3.0
2013_07_CHI_WAS,2013,7,WAS,CHI,7,10,-3,0.0,0.0,0.0,0.0,1.0,-1.0,0.0,0.0,1.0,1.0,0.0,61.0,13.0,61.0,13.0,0.0,0.0,0.0,0.0,0.0,3.0
2013_07_SF_TEN,2013,7,TEN,SF,7,7,0,0.0,0.0,0.0,0.0,0.0,0.0,0.0,0.0,1.0,1.0,0.0,68.0,3.0,68.0,3.0,0.0,0.0,0.0,0.0,0.0,0.0
2013_07_CLE_GB,2013,7,GB,CLE,7,7,0,0.0,0.0,0.0,0.0,0.0,0.0,0.0,0.0,1.0,1.0,0.0,46.0,8.0,46.0,8.0,0.0,0.0,0.0,0.0,4.0,0.0
2013_07_HOU_KC,2013,7,KC,HOU,7,7,0,0.0,0.0,0.0,0.0,0.0,0.0,0.0,0.0,1.0,1.0,0.0,70.0,15.0,70.0,15.0,0.0,0.0,1.0,0.0,0.0,5.0
2013_07_BAL_PIT,2013,7,PIT,BAL,7,7,0,0.0,0.0,0.0,0.0,0.0,0.0,1.0,0.0,1.0,1.0,0.0,57.0,14.0,57.0,14.0,0.0,0.0,0.0,0.0,0.0,4.0
2013_07_DEN_IND,2013,7,IND,DEN,6,7,-1,1.0,0.0,-1.0,0.0,0.0,0.0,0.0,0.0,1.0,0.0,1.0,,,,,0.0,0.0,0.0,0.0,0.0,0.0
2013_07_MIN_NYG,2013,7,NYG,MIN,11,8,3,0.0,0.0,0.0,1.0,0.0,1.0,0.0,0.0,1.0,0.0,1.0,57.0,4.0,57.0,4.0,0.0,0.0,0.0,0.0,0.0,0.0
2013_08_CAR_TB,2013,8,TB,CAR,4,4,0,1.0,1.0,0.0,0.0,0.0,0.0,1.0,0.0,1.0,1.0,0.0,70.0,5.0,70.0,5.0,0.0,0.0,0.0,0.0,0.0,0.0
2013_08_DAL_DET,2013,8,DET,DAL,7,7,0,0.0,0.0,0.0,0.0,0.0,0.0,0.0,1.0,0.0,0.0,1.0,,,70.0,0.0,0.0,0.0,0.0,0.0,0.0,0.0
2013_08_SF_JAX,2013,8,JAX,SF,7,7,0,0.0,0.0,0.0,0.0,0.0,0.0,0.0,0.0,1.0,1.0,0.0,60.0,13.0,60.0,13.0,0.0,0.0,0.0,0.0,0.0,3.0
2013_08_CLE_KC,2013,8,KC,CLE,7,7,0,0.0,0.0,0.0,0.0,0.0,0.0,0.0,0.0,1.0,1.0,0.0,52.0,4.0,52.0,4.0,0.0,0.0,0.0,0.0,0.0,0.0
2013_08_MIA_NE,2013,8,NE,MIA,7,7,0,0.0,0.0,0.0,0.0,0.0,0.0,1.0,0.0,1.0,0.0,1.0,53.0,13.0,53.0,13.0,0.0,0.0,0.0,0.0,0.0,3.0
2013_08_BUF_NO,2013,8,NO,BUF,14,7,7,0.0,0.0,0.0,1.0,0.0,1.0,0.0,1.0,0.0,0.0,1.0,,,70.0,0.0,0.0,0.0,0.0,0.0,0.0,0.0
2013_08_NYG_PHI,2013,8,PHI,NYG,7,6,1,0.0,1.0,1.0,0.0,0.0,0.0,1.0,0.0,1.0,1.0,0.0,56.0,13.0,56.0,13.0,0.0,0.0,0.0,0.0,0.0,3.0
2013_08_NYJ_CIN,2013,8,CIN,NYJ,7,7,0,0.0,0.0,0.0,0.0,0.0,0.0,0.0,0.0,1.0,0.0,1.0,57.0,3.0,57.0,3.0,0.0,0.0,0.0,0.0,0.0,0.0
2013_08_PIT_OAK,2013,8,OAK,PIT,14,7,7,0.0,0.0,0.0,1.0,0.0,1.0,0.0,0.0,1.0,1.0,0.0,56.0,17.0,56.0,17.0,0.0,0.0,1.0,0.0,0.0,7.0
2013_08_ATL_ARI,2013,8,ARI,ATL,10,7,3,0.0,0.0,0.0,1.0,0.0,1.0,0.0,1.0,0.0,1.0,0.0,,,70.0,0.0,0.0,0.0,0.0,0.0,0.0,0.0
2013_08_WAS_DEN,2013,8,DEN,WAS,7,7,0,0.0,0.0,0.0,0.0,0.0,0.0,0.0,0.0,1.0,1.0,0.0,69.0,8.0,69.0,8.0,0.0,0.0,0.0,0.0,0.0,0.0
2013_08_GB_MIN,2013,8,MIN,GB,6,7,-1,1.0,0.0,-1.0,0.0,0.0,0.0,1.0,1.0,0.0,0.0,1.0,,,70.0,0.0,0.0,0.0,0.0,0.0,0.0,0.0
2013_08_SEA_STL,2013,8,STL,SEA,8,11,-3,0.0,0.0,0.0,0.0,1.0,-1.0,1.0,1.0,0.0,0.0,0.0,,,70.0,0.0,0.0,0.0,0.0,0.0,0.0,0.0
2013_09_CIN_MIA,2013,9,MIA,CIN,4,4,0,1.0,1.0,0.0,0.0,0.0,0.0,0.0,0.0,1.0,1.0,0.0,79.0,8.0,79.0,8.0,0.0,0.0,0.0,0.0,0.0,0.0
2013_09_KC_BUF,2013,9,BUF,KC,7,7,0,0.0,0.0,0.0,0.0,0.0,0.0,0.0,0.0,1.0,0.0,1.0,36.0,7.0,36.0,7.0,1.0,0.0,0.0,0.0,14.0,0.0
2013_09_ATL_CAR,2013,9,CAR,ATL,10,7,3,0.0,0.0,0.0,1.0,0.0,1.0,1.0,0.0,1.0,1.0,0.0,62.0,12.0,62.0,12.0,0.0,0.0,0.0,0.0,0.0,2.0
2013_09_MIN_DAL,2013,9,DAL,MIN,7,7,0,0.0,0.0,0.0,0.0,0.0,0.0,0.0,1.0,0.0,0.0,1.0,,,70.0,0.0,0.0,0.0,0.0,0.0,0.0,0.0
2013_09_NO_NYJ,2013,9,NYJ,NO,7,7,0,0.0,0.0,0.0,0.0,0.0,0.0,0.0,0.0,1.0,0.0,1.0,48.0,14.0,48.0,14.0,0.0,0.0,0.0,0.0,2.0,4.0
2013_09_TEN_STL,2013,9,STL,TEN,6,14,-8,1.0,0.0,-1.0,0.0,1.0,-1.0,0.0,1.0,0.0,0.0,0.0,,,70.0,0.0,0.0,0.0,0.0,0.0,0.0,0.0
2013_09_SD_WAS,2013,9,WAS,SD,7,14,-7,0.0,0.0,0.0,0.0,1.0,-1.0,0.0,0.0,1.0,1.0,0.0,57.0,20.0,57.0,20.0,0.0,0.0,1.0,1.0,0.0,10.0
2013_09_PHI_OAK,2013,9,OAK,PHI,7,7,0,0.0,0.0,0.0,0.0,0.0,0.0,0.0,0.0,1.0,1.0,0.0,62.0,6.0,62.0,6.0,0.0,0.0,0.0,0.0,0.0,0.0
2013_09_TB_SEA,2013,9,SEA,TB,6,10,-4,1.0,0.0,-1.0,0.0,1.0,-1.0,0.0,0.0,1.0,0.0,1.0,48.0,4.0,48.0,4.0,0.0,0.0,0.0,0.0,2.0,0.0
2013_09_BAL_CLE,2013,9,CLE,BAL,7,14,-7,0.0,0.0,0.0,0.0,1.0,-1.0,1.0,0.0,1.0,1.0,0.0,46.0,9.0,46.0,9.0,0.0,0.0,0.0,0.0,4.0,0.0
2013_09_PIT_NE,2013,9,NE,PIT,7,7,0,0.0,0.0,0.0,0.0,0.0,0.0,0.0,0.0,1.0,0.0,1.0,44.0,6.0,44.0,6.0,0.0,0.0,0.0,0.0,6.0,0.0
2013_09_IND_HOU,2013,9,HOU,IND,14,14,0,0.0,0.0,0.0,1.0,1.0,0.0,1.0,1.0,0.0,1.0,0.0,,,70.0,0.0,0.0,0.0,0.0,0.0,0.0,0.0
2013_09_CHI_GB,2013,9,GB,CHI,8,15,-7,0.0,0.0,0.0,0.0,1.0,-1.0,1.0,0.0,1.0,1.0,0.0,49.0,14.0,49.0,14.0,0.0,0.0,0.0,0.0,1.0,4.0
2013_10_WAS_MIN,2013,10,MIN,WAS,4,4,0,1.0,1.0,0.0,0.0,0.0,0.0,0.0,1.0,0.0,0.0,1.0,,,70.0,0.0,0.0,0.0,0.0,0.0,0.0,0.0
2013_10_SEA_ATL,2013,10,ATL,SEA,7,7,0,0.0,0.0,0.0,0.0,0.0,0.0,0.0,1.0,0.0,0.0,1.0,,,70.0,0.0,0.0,0.0,0.0,0.0,0.0,0.0
2013_10_CIN_BAL,2013,10,BAL,CIN,7,10,-3,0.0,0.0,0.0,0.0,1.0,-1.0,1.0,0.0,1.0,0.0,1.0,60.0,17.0,60.0,17.0,0.0,0.0,1.0,0.0,0.0,7.0
2013_10_DET_CHI,2013,10,CHI,DET,6,14,-8,1.0,0.0,-1.0,0.0,1.0,-1.0,1.0,0.0,1.0,1.0,0.0,47.0,6.0,47.0,6.0,0.0,0.0,0.0,0.0,3.0,0.0
2013_10_PHI_GB,2013,10,GB,PHI,6,7,-1,1.0,0.0,-1.0,0.0,0.0,0.0,0.0,0.0,1.0,1.0,0.0,45.0,12.0,45.0,12.0,0.0,0.0,0.0,0.0,5.0,2.0
2013_10_STL_IND,2013,10,IND,STL,7,7,0,0.0,0.0,0.0,0.0,0.0,0.0,0.0,1.0,0.0,0.0,1.0,,,70.0,0.0,0.0,0.0,0.0,0.0,0.0,0.0
2013_10_OAK_NYG,2013,10,NYG,OAK,14,7,7,0.0,0.0,0.0,1.0,0.0,1.0,0.0,0.0,1.0,0.0,1.0,49.0,14.0,49.0,14.0,0.0,0.0,0.0,0.0,1.0,4.0
2013_10_BUF_PIT,2013,10,PIT,BUF,7,7,0,0.0,0.0,0.0,0.0,0.0,0.0,0.0,0.0,1.0,1.0,0.0,46.0,21.0,46.0,21.0,0.0,0.0,1.0,1.0,4.0,11.0
2013_10_JAX_TEN,2013,10,TEN,JAX,7,14,-7,0.0,0.0,0.0,0.0,1.0,-1.0,1.0,0.0,1.0,1.0,0.0,62.0,6.0,62.0,6.0,0.0,0.0,0.0,0.0,0.0,0.0
2013_10_CAR_SF,2013,10,SF,CAR,14,7,7,0.0,0.0,0.0,1.0,0.0,1.0,0.0,0.0,1.0,1.0,0.0,62.0,6.0,62.0,6.0,0.0,0.0,0.0,0.0,0.0,0.0
2013_10_HOU_ARI,2013,10,ARI,HOU,14,7,7,0.0,0.0,0.0,1.0,0.0,1.0,0.0,1.0,0.0,1.0,0.0,,,70.0,0.0,0.0,0.0,0.0,0.0,0.0,0.0
2013_10_DEN_SD,2013,10,SD,DEN,7,14,-7,0.0,0.0,0.0,0.0,1.0,-1.0,1.0,0.0,1.0,1.0,0.0,78.0,6.0,78.0,6.0,0.0,0.0,0.0,0.0,0.0,0.0
2013_10_DAL_NO,2013,10,NO,DAL,7,7,0,0.0,0.0,0.0,0.0,0.0,0.0,0.0,1.0,0.0,0.0,1.0,,,70.0,0.0,0.0,0.0,0.0,0.0,0.0,0.0
2013_10_MIA_TB,2013,10,TB,MIA,8,11,-3,0.0,0.0,0.0,0.0,1.0,-1.0,0.0,0.0,1.0,1.0,0.0,73.0,5.0,73.0,5.0,0.0,0.0,0.0,0.0,0.0,0.0
2013_11_IND_TEN,2013,11,TEN,IND,4,4,0,1.0,1.0,0.0,0.0,0.0,0.0,1.0,0.0,1.0,1.0,0.0,44.0,3.0,44.0,3.0,0.0,0.0,0.0,0.0,6.0,0.0
2013_11_NYJ_BUF,2013,11,BUF,NYJ,7,14,-7,0.0,0.0,0.0,0.0,1.0,-1.0,1.0,0.0,1.0,0.0,1.0,62.0,14.0,62.0,14.0,0.0,0.0,0.0,0.0,0.0,4.0
2013_11_BAL_CHI,2013,11,CHI,BAL,7,7,0,0.0,0.0,0.0,0.0,0.0,0.0,0.0,0.0,1.0,1.0,0.0,68.0,17.0,68.0,17.0,0.0,0.0,1.0,0.0,0.0,7.0
2013_11_CLE_CIN,2013,11,CIN,CLE,7,14,-7,0.0,0.0,0.0,0.0,1.0,-1.0,1.0,0.0,1.0,0.0,1.0,62.0,7.0,62.0,7.0,0.0,0.0,0.0,0.0,0.0,0.0
2013_11_OAK_HOU,2013,11,HOU,OAK,7,7,0,0.0,0.0,0.0,0.0,0.0,0.0,0.0,1.0,0.0,1.0,0.0,,,70.0,0.0,0.0,0.0,0.0,0.0,0.0,0.0
2013_11_ARI_JAX,2013,11,JAX,ARI,7,7,0,0.0,0.0,0.0,0.0,0.0,0.0,0.0,0.0,1.0,1.0,0.0,76.0,8.0,76.0,8.0,0.0,0.0,0.0,0.0,0.0,0.0
2013_11_WAS_PHI,2013,11,PHI,WAS,7,10,-3,0.0,0.0,0.0,0.0,1.0,-1.0,1.0,0.0,1.0,1.0,0.0,64.0,7.0,64.0,7.0,0.0,0.0,0.0,0.0,0.0,0.0
2013_11_DET_PIT,2013,11,PIT,DET,7,7,0,0.0,0.0,0.0,0.0,0.0,0.0,0.0,0.0,1.0,1.0,0.0,60.0,12.0,60.0,12.0,0.0,0.0,0.0,0.0,0.0,2.0
2013_11_ATL_TB,2013,11,TB,ATL,6,7,-1,1.0,0.0,-1.0,0.0,0.0,0.0,1.0,0.0,1.0,1.0,0.0,79.0,6.0,79.0,6.0,0.0,0.0,0.0,0.0,0.0,0.0
2013_11_SD_MIA,2013,11,MIA,SD,6,7,-1,1.0,0.0,-1.0,0.0,0.0,0.0,0.0,0.0,1.0,1.0,0.0,81.0,12.0,81.0,12.0,0.0,0.0,0.0,0.0,0.0,2.0
2013_11_SF_NO,2013,11,NO,SF,7,7,0,0.0,0.0,0.0,0.0,0.0,0.0,0.0,1.0,0.0,0.0,1.0,,,70.0,0.0,0.0,0.0,0.0,0.0,0.0,0.0
2013_11_GB_NYG,2013,11,NYG,GB,7,7,0,0.0,0.0,0.0,0.0,0.0,0.0,0.0,0.0,1.0,0.0,1.0,59.0,2.0,59.0,2.0,0.0,0.0,0.0,0.0,0.0,0.0
2013_11_MIN_SEA,2013,11,SEA,MIN,7,10,-3,0.0,0.0,0.0,0.0,1.0,-1.0,0.0,0.0,1.0,0.0,1.0,50.0,14.0,50.0,14.0,0.0,0.0,0.0,0.0,0.0,4.0
2013_11_KC_DEN,2013,11,DEN,KC,7,14,-7,0.0,0.0,0.0,0.0,1.0,-1.0,1.0,0.0,1.0,1.0,0.0,43.0,6.0,43.0,6.0,0.0,0.0,0.0,0.0,7.0,0.0
2013_11_NE_CAR,2013,11,CAR,NE,8,15,-7,0.0,0.0,0.0,0.0,1.0,-1.0,0.0,0.0,1.0,1.0,0.0,59.0,8.0,59.0,8.0,0.0,0.0,0.0,0.0,0.0,0.0
2013_12_NO_ATL,2013,12,ATL,NO,4,4,0,1.0,1.0,0.0,0.0,0.0,0.0,1.0,1.0,0.0,0.0,1.0,,,70.0,0.0,0.0,0.0,0.0,0.0,0.0,0.0
2013_12_NYJ_BAL,2013,12,BAL,NYJ,7,7,0,0.0,0.0,0.0,0.0,0.0,0.0,0.0,0.0,1.0,0.0,1.0,33.0,26.0,33.0,26.0,1.0,0.0,1.0,1.0,17.0,16.0
2013_12_PIT_CLE,2013,12,CLE,PIT,7,7,0,0.0,0.0,0.0,0.0,0.0,0.0,1.0,0.0,1.0,1.0,0.0,20.0,31.0,20.0,31.0,1.0,1.0,1.0,1.0,30.0,21.0
2013_12_TB_DET,2013,12,DET,TB,7,7,0,0.0,0.0,0.0,0.0,0.0,0.0,0.0,1.0,0.0,0.0,1.0,,,70.0,0.0,0.0,0.0,0.0,0.0,0.0,0.0
2013_12_MIN_GB,2013,12,GB,MIN,7,7,0,0.0,0.0,0.0,0.0,0.0,0.0,1.0,0.0,1.0,1.0,0.0,19.0,10.0,19.0,10.0,1.0,1.0,0.0,0.0,31.0,0.0
2013_12_JAX_HOU,2013,12,HOU,JAX,7,7,0,0.0,0.0,0.0,0.0,0.0,0.0,1.0,1.0,0.0,1.0,0.0,,,70.0,0.0,0.0,0.0,0.0,0.0,0.0,0.0
2013_12_SD_KC,2013,12,KC,SD,7,7,0,0.0,0.0,0.0,0.0,0.0,0.0,1.0,0.0,1.0,1.0,0.0,24.0,3.0,24.0,3.0,1.0,1.0,0.0,0.0,26.0,0.0
2013_12_CAR_MIA,2013,12,MIA,CAR,7,6,1,0.0,1.0,1.0,0.0,0.0,0.0,0.0,0.0,1.0,1.0,0.0,82.0,13.0,82.0,13.0,0.0,0.0,0.0,0.0,0.0,3.0
2013_12_CHI_STL,2013,12,STL,CHI,14,7,7,0.0,0.0,0.0,1.0,0.0,1.0,0.0,1.0,0.0,0.0,0.0,,,70.0,0.0,0.0,0.0,0.0,0.0,0.0,0.0
2013_12_IND_ARI,2013,12,ARI,IND,7,10,-3,0.0,0.0,0.0,0.0,1.0,-1.0,0.0,1.0,0.0,1.0,0.0,,,70.0,0.0,0.0,0.0,0.0,0.0,0.0,0.0
2013_12_TEN_OAK,2013,12,OAK,TEN,7,10,-3,0.0,0.0,0.0,0.0,1.0,-1.0,0.0,0.0,1.0,1.0,0.0,58.0,5.0,58.0,5.0,0.0,0.0,0.0,0.0,0.0,0.0
2013_12_DAL_NYG,2013,12,NYG,DAL,7,14,-7,0.0,0.0,0.0,0.0,1.0,-1.0,1.0,0.0,1.0,0.0,1.0,25.0,6.0,25.0,6.0,1.0,1.0,0.0,0.0,25.0,0.0
2013_12_DEN_NE,2013,12,NE,DEN,6,7,-1,1.0,0.0,-1.0,0.0,0.0,0.0,0.0,0.0,1.0,0.0,1.0,22.0,22.0,22.0,22.0,1.0,1.0,1.0,1.0,28.0,12.0
2013_12_SF_WAS,2013,12,WAS,SF,8,8,0,0.0,0.0,0.0,0.0,0.0,0.0,0.0,0.0,1.0,1.0,0.0,35.0,12.0,35.0,12.0,1.0,0.0,0.0,0.0,15.0,2.0
2013_13_GB_DET,2013,13,DET,GB,4,4,0,1.0,1.0,0.0,0.0,0.0,0.0,1.0,1.0,0.0,0.0,1.0,,,70.0,0.0,0.0,0.0,0.0,0.0,0.0,0.0
2013_13_OAK_DAL,2013,13,DAL,OAK,4,4,0,1.0,1.0,0.0,0.0,0.0,0.0,0.0,1.0,0.0,0.0,1.0,,,70.0,0.0,0.0,0.0,0.0,0.0,0.0,0.0
2013_13_PIT_BAL,2013,13,BAL,PIT,4,4,0,1.0,1.0,0.0,0.0,0.0,0.0,1.0,0.0,1.0,0.0,1.0,37.0,2.0,37.0,2.0,1.0,0.0,0.0,0.0,13.0,0.0
2013_13_TB_CAR,2013,13,CAR,TB,7,7,0,0.0,0.0,0.0,0.0,0.0,0.0,1.0,0.0,1.0,1.0,0.0,56.0,2.0,56.0,2.0,0.0,0.0,0.0,0.0,0.0,0.0
2013_13_JAX_CLE,2013,13,CLE,JAX,7,7,0,0.0,0.0,0.0,0.0,0.0,0.0,0.0,0.0,1.0,1.0,0.0,40.0,7.0,40.0,7.0,1.0,0.0,0.0,0.0,10.0,0.0
2013_13_NE_HOU,2013,13,HOU,NE,7,7,0,0.0,0.0,0.0,0.0,0.0,0.0,0.0,1.0,0.0,1.0,0.0,,,70.0,0.0,0.0,0.0,0.0,0.0,0.0,0.0
2013_13_TEN_IND,2013,13,IND,TEN,7,7,0,0.0,0.0,0.0,0.0,0.0,0.0,1.0,1.0,0.0,0.0,1.0,,,70.0,0.0,0.0,0.0,0.0,0.0,0.0,0.0
2013_13_CHI_MIN,2013,13,MIN,CHI,7,7,0,0.0,0.0,0.0,0.0,0.0,0.0,1.0,1.0,0.0,0.0,1.0,,,70.0,0.0,0.0,0.0,0.0,0.0,0.0,0.0
2013_13_MIA_NYJ,2013,13,NYJ,MIA,7,7,0,0.0,0.0,0.0,0.0,0.0,0.0,1.0,0.0,1.0,0.0,1.0,48.0,4.0,48.0,4.0,0.0,0.0,0.0,0.0,2.0,0.0
2013_13_ARI_PHI,2013,13,PHI,ARI,14,7,7,0.0,0.0,0.0,1.0,0.0,1.0,0.0,0.0,1.0,1.0,0.0,46.0,4.0,46.0,4.0,0.0,0.0,0.0,0.0,4.0,0.0
2013_13_ATL_BUF,2013,13,BUF,ATL,14,10,4,0.0,0.0,0.0,1.0,1.0,0.0,0.0,1.0,0.0,0.0,1.0,,,70.0,0.0,0.0,0.0,0.0,0.0,0.0,0.0
2013_13_STL_SF,2013,13,SF,STL,6,7,-1,1.0,0.0,-1.0,0.0,0.0,0.0,1.0,0.0,1.0,1.0,0.0,59.0,6.0,59.0,6.0,0.0,0.0,0.0,0.0,0.0,0.0
2013_13_DEN_KC,2013,13,KC,DEN,7,7,0,0.0,0.0,0.0,0.0,0.0,0.0,1.0,0.0,1.0,1.0,0.0,55.0,4.0,55.0,4.0,0.0,0.0,0.0,0.0,0.0,0.0
2013_13_CIN_SD,2013,13,SD,CIN,7,14,-7,0.0,0.0,0.0,0.0,1.0,-1.0,0.0,0.0,1.0,1.0,0.0,77.0,5.0,77.0,5.0,0.0,0.0,0.0,0.0,0.0,0.0
2013_13_NYG_WAS,2013,13,WAS,NYG,6,7,-1,1.0,0.0,-1.0,0.0,0.0,0.0,1.0,0.0,1.0,1.0,0.0,43.0,0.0,43.0,0.0,0.0,0.0,0.0,0.0,7.0,0.0
2013_13_NO_SEA,2013,13,SEA,NO,15,11,4,0.0,0.0,0.0,1.0,1.0,0.0,0.0,0.0,1.0,0.0,1.0,41.0,6.0,41.0,6.0,0.0,0.0,0.0,0.0,9.0,0.0
2013_14_HOU_JAX,2013,14,JAX,HOU,4,4,0,1.0,1.0,0.0,0.0,0.0,0.0,1.0,0.0,1.0,1.0,0.0,72.0,7.0,72.0,7.0,0.0,0.0,0.0,0.0,0.0,0.0
2013_14_MIN_BAL,2013,14,BAL,MIN,10,7,3,0.0,0.0,0.0,1.0,0.0,1.0,0.0,0.0,1.0,0.0,1.0,33.0,7.0,33.0,7.0,1.0,0.0,0.0,0.0,17.0,0.0
2013_14_IND_CIN,2013,14,CIN,IND,7,7,0,0.0,0.0,0.0,0.0,0.0,0.0,0.0,0.0,1.0,0.0,1.0,25.0,7.0,25.0,7.0,1.0,1.0,0.0,0.0,25.0,0.0
2013_14_ATL_GB,2013,14,GB,ATL,10,7,3,0.0,0.0,0.0,1.0,0.0,1.0,0.0,0.0,1.0,1.0,0.0,9.0,6.0,9.0,6.0,1.0,1.0,0.0,0.0,41.0,0.0
2013_14_CLE_NE,2013,14,NE,CLE,7,7,0,0.0,0.0,0.0,0.0,0.0,0.0,0.0,0.0,1.0,0.0,1.0,30.0,5.0,30.0,5.0,1.0,0.0,0.0,0.0,20.0,0.0
2013_14_OAK_NYJ,2013,14,NYJ,OAK,7,10,-3,0.0,0.0,0.0,0.0,1.0,-1.0,0.0,0.0,1.0,0.0,1.0,33.0,6.0,33.0,6.0,1.0,0.0,0.0,0.0,17.0,0.0
2013_14_DET_PHI,2013,14,PHI,DET,7,10,-3,0.0,0.0,0.0,0.0,1.0,-1.0,0.0,0.0,1.0,1.0,0.0,27.0,6.0,27.0,6.0,1.0,0.0,0.0,0.0,23.0,0.0
2013_14_MIA_PIT,2013,14,PIT,MIA,10,7,3,0.0,0.0,0.0,1.0,0.0,1.0,0.0,0.0,1.0,1.0,0.0,25.0,9.0,25.0,9.0,1.0,1.0,0.0,0.0,25.0,0.0
2013_14_BUF_TB,2013,14,TB,BUF,7,7,0,0.0,0.0,0.0,0.0,0.0,0.0,0.0,0.0,1.0,1.0,0.0,82.0,13.0,82.0,13.0,0.0,0.0,0.0,0.0,0.0,3.0
2013_14_KC_WAS,2013,14,WAS,KC,7,7,0,0.0,0.0,0.0,0.0,0.0,0.0,0.0,0.0,1.0,1.0,0.0,30.0,10.0,30.0,10.0,1.0,0.0,0.0,0.0,20.0,0.0
2013_14_TEN_DEN,2013,14,DEN,TEN,7,7,0,0.0,0.0,0.0,0.0,0.0,0.0,0.0,0.0,1.0,1.0,0.0,18.0,5.0,18.0,5.0,1.0,1.0,0.0,0.0,32.0,0.0
2013_14_STL_ARI,2013,14,ARI,STL,7,7,0,0.0,0.0,0.0,0.0,0.0,0.0,1.0,1.0,0.0,1.0,0.0,,,70.0,0.0,0.0,0.0,0.0,0.0,0.0,0.0
2013_14_NYG_SD,2013,14,SD,NYG,7,7,0,0.0,0.0,0.0,0.0,0.0,0.0,0.0,0.0,1.0,1.0,0.0,53.0,8.0,53.0,8.0,0.0,0.0,0.0,0.0,0.0,0.0
2013_14_SEA_SF,2013,14,SF,SEA,7,6,1,0.0,1.0,1.0,0.0,0.0,0.0,1.0,0.0,1.0,1.0,0.0,43.0,5.0,43.0,5.0,0.0,0.0,0.0,0.0,7.0,0.0
2013_14_CAR_NO,2013,14,NO,CAR,6,7,-1,1.0,0.0,-1.0,0.0,0.0,0.0,1.0,1.0,0.0,0.0,1.0,,,70.0,0.0,0.0,0.0,0.0,0.0,0.0,0.0
2013_14_DAL_CHI,2013,14,CHI,DAL,8,11,-3,0.0,0.0,0.0,0.0,1.0,-1.0,0.0,0.0,1.0,1.0,0.0,8.0,14.0,8.0,14.0,1.0,1.0,0.0,0.0,42.0,4.0
2013_15_SD_DEN,2013,15,DEN,SD,4,4,0,1.0,1.0,0.0,0.0,0.0,0.0,1.0,0.0,1.0,1.0,0.0,37.0,2.0,37.0,2.0,1.0,0.0,0.0,0.0,13.0,0.0
2013_15_WAS_ATL,2013,15,ATL,WAS,7,7,0,0.0,0.0,0.0,0.0,0.0,0.0,0.0,1.0,0.0,0.0,1.0,,,70.0,0.0,0.0,0.0,0.0,0.0,0.0,0.0
2013_15_CHI_CLE,2013,15,CLE,CHI,7,6,1,0.0,1.0,1.0,0.0,0.0,0.0,0.0,0.0,1.0,1.0,0.0,25.0,12.0,25.0,12.0,1.0,1.0,0.0,0.0,25.0,2.0
2013_15_HOU_IND,2013,15,IND,HOU,7,10,-3,0.0,0.0,0.0,0.0,1.0,-1.0,1.0,1.0,0.0,0.0,1.0,,,70.0,0.0,0.0,0.0,0.0,0.0,0.0,0.0
2013_15_BUF_JAX,2013,15,JAX,BUF,10,7,3,0.0,0.0,0.0,1.0,0.0,1.0,0.0,0.0,1.0,1.0,0.0,60.0,20.0,60.0,20.0,0.0,0.0,1.0,1.0,0.0,10.0
2013_15_NE_MIA,2013,15,MIA,NE,7,7,0,0.0,0.0,0.0,0.0,0.0,0.0,1.0,0.0,1.0,1.0,0.0,84.0,14.0,84.0,14.0,0.0,0.0,0.0,0.0,0.0,4.0
2013_15_PHI_MIN,2013,15,MIN,PHI,7,7,0,0.0,0.0,0.0,0.0,0.0,0.0,0.0,1.0,0.0,0.0,1.0,,,70.0,0.0,0.0,0.0,0.0,0.0,0.0,0.0
2013_15_SEA_NYG,2013,15,NYG,SEA,7,7,0,0.0,0.0,0.0,0.0,0.0,0.0,0.0,0.0,1.0,0.0,1.0,36.0,7.0,36.0,7.0,1.0,0.0,0.0,0.0,14.0,0.0
2013_15_SF_TB,2013,15,TB,SF,7,7,0,0.0,0.0,0.0,0.0,0.0,0.0,0.0,0.0,1.0,1.0,0.0,70.0,7.0,70.0,7.0,0.0,0.0,0.0,0.0,0.0,0.0
2013_15_NYJ_CAR,2013,15,CAR,NYJ,7,7,0,0.0,0.0,0.0,0.0,0.0,0.0,0.0,0.0,1.0,1.0,0.0,54.0,11.0,54.0,11.0,0.0,0.0,0.0,0.0,0.0,1.0
2013_15_KC_OAK,2013,15,OAK,KC,7,7,0,0.0,0.0,0.0,0.0,0.0,0.0,1.0,0.0,1.0,1.0,0.0,64.0,6.0,64.0,6.0,0.0,0.0,0.0,0.0,0.0,0.0
2013_15_GB_DAL,2013,15,DAL,GB,6,7,-1,1.0,0.0,-1.0,0.0,0.0,0.0,0.0,1.0,0.0,0.0,1.0,,,70.0,0.0,0.0,0.0,0.0,0.0,0.0,0.0
2013_15_NO_STL,2013,15,STL,NO,7,7,0,0.0,0.0,0.0,0.0,0.0,0.0,0.0,1.0,0.0,0.0,0.0,,,70.0,0.0,0.0,0.0,0.0,0.0,0.0,0.0
2013_15_ARI_TEN,2013,15,TEN,ARI,7,7,0,0.0,0.0,0.0,0.0,0.0,0.0,0.0,0.0,1.0,1.0,0.0,37.0,4.0,37.0,4.0,1.0,0.0,0.0,0.0,13.0,0.0
2013_15_CIN_PIT,2013,15,PIT,CIN,7,7,0,0.0,0.0,0.0,0.0,0.0,0.0,1.0,0.0,1.0,1.0,0.0,26.0,20.0,26.0,20.0,1.0,0.0,1.0,1.0,24.0,10.0
2013_15_BAL_DET,2013,15,DET,BAL,8,8,0,0.0,0.0,0.0,0.0,0.0,0.0,0.0,1.0,0.0,0.0,1.0,,,70.0,0.0,0.0,0.0,0.0,0.0,0.0,0.0
2013_16_MIA_BUF,2013,16,BUF,MIA,7,7,0,0.0,0.0,0.0,0.0,0.0,0.0,1.0,0.0,1.0,0.0,1.0,41.0,8.0,41.0,8.0,0.0,0.0,0.0,0.0,9.0,0.0
2013_16_NO_CAR,2013,16,CAR,NO,7,7,0,0.0,0.0,0.0,0.0,0.0,0.0,1.0,0.0,1.0,1.0,0.0,72.0,18.0,72.0,18.0,0.0,0.0,1.0,0.0,0.0,8.0
2013_16_MIN_CIN,2013,16,CIN,MIN,7,7,0,0.0,0.0,0.0,0.0,0.0,0.0,0.0,0.0,1.0,0.0,1.0,53.0,11.0,53.0,11.0,0.0,0.0,0.0,0.0,0.0,1.0
2013_16_DEN_HOU,2013,16,HOU,DEN,7,10,-3,0.0,0.0,0.0,0.0,1.0,-1.0,0.0,1.0,0.0,1.0,0.0,,,70.0,0.0,0.0,0.0,0.0,0.0,0.0,0.0
2013_16_TEN_JAX,2013,16,JAX,TEN,7,7,0,0.0,0.0,0.0,0.0,0.0,0.0,1.0,0.0,1.0,1.0,0.0,79.0,13.0,79.0,13.0,0.0,0.0,0.0,0.0,0.0,3.0
2013_16_IND_KC,2013,16,KC,IND,7,7,0,0.0,0.0,0.0,0.0,0.0,0.0,0.0,0.0,1.0,1.0,0.0,22.0,10.0,22.0,10.0,1.0,1.0,0.0,0.0,28.0,0.0
2013_16_CLE_NYJ,2013,16,NYJ,CLE,7,7,0,0.0,0.0,0.0,0.0,0.0,0.0,0.0,0.0,1.0,0.0,1.0,70.0,12.0,70.0,12.0,0.0,0.0,0.0,0.0,0.0,2.0
2013_16_TB_STL,2013,16,STL,TB,7,7,0,0.0,0.0,0.0,0.0,0.0,0.0,0.0,1.0,0.0,0.0,0.0,,,70.0,0.0,0.0,0.0,0.0,0.0,0.0,0.0
2013_16_DAL_WAS,2013,16,WAS,DAL,7,7,0,0.0,0.0,0.0,0.0,0.0,0.0,1.0,0.0,1.0,1.0,0.0,65.0,5.0,65.0,5.0,0.0,0.0,0.0,0.0,0.0,0.0
2013_16_NYG_DET,2013,16,DET,NYG,6,7,-1,1.0,0.0,-1.0,0.0,0.0,0.0,0.0,1.0,0.0,0.0,1.0,,,70.0,0.0,0.0,0.0,0.0,0.0,0.0,0.0
2013_16_ARI_SEA,2013,16,SEA,ARI,7,7,0,0.0,0.0,0.0,0.0,0.0,0.0,1.0,0.0,1.0,0.0,1.0,48.0,6.0,48.0,6.0,0.0,0.0,0.0,0.0,2.0,0.0
2013_16_NE_BAL,2013,16,BAL,NE,6,7,-1,1.0,0.0,-1.0,0.0,0.0,0.0,0.0,0.0,1.0,0.0,1.0,65.0,8.0,65.0,8.0,0.0,0.0,0.0,0.0,0.0,0.0
2013_16_PIT_GB,2013,16,GB,PIT,7,7,0,0.0,0.0,0.0,0.0,0.0,0.0,0.0,0.0,1.0,1.0,0.0,23.0,13.0,23.0,13.0,1.0,1.0,0.0,0.0,27.0,3.0
2013_16_OAK_SD,2013,16,SD,OAK,10,7,3,0.0,0.0,0.0,1.0,0.0,1.0,1.0,0.0,1.0,1.0,0.0,67.0,7.0,67.0,7.0,0.0,0.0,0.0,0.0,0.0,0.0
2013_16_CHI_PHI,2013,16,PHI,CHI,7,7,0,0.0,0.0,0.0,0.0,0.0,0.0,0.0,0.0,1.0,1.0,0.0,62.0,11.0,62.0,11.0,0.0,0.0,0.0,0.0,0.0,1.0
2013_16_ATL_SF,2013,16,SF,ATL,8,8,0,0.0,0.0,0.0,0.0,0.0,0.0,0.0,0.0,1.0,1.0,0.0,60.0,0.0,60.0,0.0,0.0,0.0,0.0,0.0,0.0,0.0
2013_17_CAR_ATL,2013,17,ATL,CAR,6,7,-1,1.0,0.0,-1.0,0.0,0.0,0.0,1.0,1.0,0.0,0.0,1.0,,,70.0,0.0,0.0,0.0,0.0,0.0,0.0,0.0
2013_17_BAL_CIN,2013,17,CIN,BAL,7,7,0,0.0,0.0,0.0,0.0,0.0,0.0,1.0,0.0,1.0,0.0,1.0,43.0,3.0,43.0,3.0,0.0,0.0,0.0,0.0,7.0,0.0
2013_17_JAX_IND,2013,17,IND,JAX,7,7,0,0.0,0.0,0.0,0.0,0.0,0.0,1.0,1.0,0.0,0.0,1.0,,,70.0,0.0,0.0,0.0,0.0,0.0,0.0,0.0
2013_17_NYJ_MIA,2013,17,MIA,NYJ,7,7,0,0.0,0.0,0.0,0.0,0.0,0.0,1.0,0.0,1.0,1.0,0.0,79.0,12.0,79.0,12.0,0.0,0.0,0.0,0.0,0.0,2.0
2013_17_DET_MIN,2013,17,MIN,DET,7,7,0,0.0,0.0,0.0,0.0,0.0,0.0,1.0,1.0,0.0,0.0,1.0,,,70.0,0.0,0.0,0.0,0.0,0.0,0.0,0.0
2013_17_WAS_NYG,2013,17,NYG,WAS,7,7,0,0.0,0.0,0.0,0.0,0.0,0.0,1.0,0.0,1.0,0.0,1.0,40.0,2.0,40.0,2.0,1.0,0.0,0.0,0.0,10.0,0.0
2013_17_CLE_PIT,2013,17,PIT,CLE,7,7,0,0.0,0.0,0.0,0.0,0.0,0.0,1.0,0.0,1.0,1.0,0.0,40.0,5.0,40.0,5.0,1.0,0.0,0.0,0.0,10.0,0.0
2013_17_HOU_TEN,2013,17,TEN,HOU,7,7,0,0.0,0.0,0.0,0.0,0.0,0.0,1.0,0.0,1.0,1.0,0.0,53.0,4.0,53.0,4.0,0.0,0.0,0.0,0.0,0.0,0.0
2013_17_SF_ARI,2013,17,ARI,SF,7,6,1,0.0,1.0,1.0,0.0,0.0,0.0,1.0,1.0,0.0,1.0,0.0,,,70.0,0.0,0.0,0.0,0.0,0.0,0.0,0.0
2013_17_GB_CHI,2013,17,CHI,GB,7,7,0,0.0,0.0,0.0,0.0,0.0,0.0,1.0,0.0,1.0,1.0,0.0,26.0,16.0,26.0,16.0,1.0,0.0,1.0,0.0,24.0,6.0
2013_17_BUF_NE,2013,17,NE,BUF,7,7,0,0.0,0.0,0.0,0.0,0.0,0.0,1.0,0.0,1.0,0.0,1.0,39.0,8.0,39.0,8.0,1.0,0.0,0.0,0.0,11.0,0.0
2013_17_TB_NO,2013,17,NO,TB,7,7,0,0.0,0.0,0.0,0.0,0.0,0.0,1.0,1.0,0.0,0.0,1.0,,,70.0,0.0,0.0,0.0,0.0,0.0,0.0,0.0
2013_17_DEN_OAK,2013,17,OAK,DEN,7,7,0,0.0,0.0,0.0,0.0,0.0,0.0,1.0,0.0,1.0,1.0,0.0,70.0,8.0,70.0,8.0,0.0,0.0,0.0,0.0,0.0,0.0
2013_17_KC_SD,2013,17,SD,KC,7,7,0,0.0,0.0,0.0,0.0,0.0,0.0,1.0,0.0,1.0,1.0,0.0,73.0,1.0,73.0,1.0,0.0,0.0,0.0,0.0,0.0,0.0
2013_17_STL_SEA,2013,17,SEA,STL,7,7,0,0.0,0.0,0.0,0.0,0.0,0.0,1.0,0.0,1.0,0.0,1.0,40.0,5.0,40.0,5.0,1.0,0.0,0.0,0.0,10.0,0.0
2013_17_PHI_DAL,2013,17,DAL,PHI,7,7,0,0.0,0.0,0.0,0.0,0.0,0.0,1.0,1.0,0.0,0.0,1.0,,,70.0,0.0,0.0,0.0,0.0,0.0,0.0,0.0
2013_18_KC_IND,2013,18,IND,KC,6,6,0,1.0,1.0,0.0,0.0,0.0,0.0,0.0,1.0,0.0,0.0,1.0,,,70.0,0.0,0.0,0.0,0.0,0.0,0.0,0.0
2013_18_NO_PHI,2013,18,PHI,NO,6,6,0,1.0,1.0,0.0,0.0,0.0,0.0,0.0,0.0,1.0,1.0,0.0,25.0,5.0,25.0,5.0,1.0,1.0,0.0,0.0,25.0,0.0
2013_18_SD_CIN,2013,18,CIN,SD,7,7,0,0.0,0.0,0.0,0.0,0.0,0.0,0.0,0.0,1.0,0.0,1.0,42.0,5.0,42.0,5.0,0.0,0.0,0.0,0.0,8.0,0.0
2013_18_SF_GB,2013,18,GB,SF,7,7,0,0.0,0.0,0.0,0.0,0.0,0.0,0.0,0.0,1.0,1.0,0.0,5.0,10.0,5.0,10.0,1.0,1.0,0.0,0.0,45.0,0.0
2013_19_NO_SEA,2013,19,SEA,NO,13,7,6,0.0,0.0,0.0,1.0,0.0,1.0,0.0,0.0,1.0,0.0,1.0,48.0,20.0,48.0,20.0,0.0,0.0,1.0,1.0,2.0,10.0
2013_19_IND_NE,2013,19,NE,IND,13,7,6,0.0,0.0,0.0,1.0,0.0,1.0,0.0,0.0,1.0,0.0,1.0,57.0,18.0,57.0,18.0,0.0,0.0,1.0,0.0,0.0,8.0
2013_19_SF_CAR,2013,19,CAR,SF,14,7,7,0.0,0.0,0.0,1.0,0.0,1.0,0.0,0.0,1.0,1.0,0.0,54.0,8.0,54.0,8.0,0.0,0.0,0.0,0.0,0.0,0.0
2013_19_SD_DEN,2013,19,DEN,SD,14,7,7,0.0,0.0,0.0,1.0,0.0,1.0,1.0,0.0,1.0,1.0,0.0,41.0,17.0,41.0,17.0,0.0,0.0,1.0,0.0,9.0,7.0
2013_20_NE_DEN,2013,20,DEN,NE,7,8,-1,0.0,0.0,0.0,0.0,0.0,0.0,0.0,0.0,1.0,1.0,0.0,63.0,9.0,63.0,9.0,0.0,0.0,0.0,0.0,0.0,0.0
2013_20_SF_SEA,2013,20,SEA,SF,8,7,1,0.0,0.0,0.0,0.0,0.0,0.0,1.0,0.0,1.0,0.0,1.0,43.0,1.0,43.0,1.0,0.0,0.0,0.0,0.0,7.0,0.0
2013_21_SEA_DEN,2013,21,DEN,SEA,14,14,0,0.0,0.0,0.0,1.0,1.0,0.0,0.0,0.0,1.0,0.0,1.0,49.0,4.0,49.0,4.0,0.0,0.0,0.0,0.0,1.0,0.0
2014_01_GB_SEA,2014,1,SEA,GB,7,7,0,0.0,0.0,0.0,0.0,0.0,0.0,0.0,0.0,1.0,0.0,1.0,71.0,11.0,71.0,11.0,0.0,0.0,0.0,0.0,0.0,1.0
2014_01_NO_ATL,2014,1,ATL,NO,7,7,0,0.0,0.0,0.0,0.0,0.0,0.0,1.0,1.0,0.0,0.0,1.0,,,70.0,0.0,0.0,0.0,0.0,0.0,0.0,0.0
2014_01_CIN_BAL,2014,1,BAL,CIN,7,7,0,0.0,0.0,0.0,0.0,0.0,0.0,1.0,0.0,1.0,0.0,1.0,74.0,8.0,74.0,8.0,0.0,0.0,0.0,0.0,0.0,0.0
2014_01_BUF_CHI,2014,1,CHI,BUF,7,7,0,0.0,0.0,0.0,0.0,0.0,0.0,0.0,0.0,1.0,1.0,0.0,74.0,3.0,74.0,3.0,0.0,0.0,0.0,0.0,0.0,0.0
2014_01_WAS_HOU,2014,1,HOU,WAS,7,7,0,0.0,0.0,0.0,0.0,0.0,0.0,0.0,1.0,0.0,1.0,0.0,,,70.0,0.0,0.0,0.0,0.0,0.0,0.0,0.0
2014_01_TEN_KC,2014,1,KC,TEN,7,7,0,0.0,0.0,0.0,0.0,0.0,0.0,0.0,0.0,1.0,1.0,0.0,69.0,7.0,69.0,7.0,0.0,0.0,0.0,0.0,0.0,0.0
2014_01_NE_MIA,2014,1,MIA,NE,7,7,0,0.0,0.0,0.0,0.0,0.0,0.0,1.0,0.0,1.0,1.0,0.0,89.0,0.0,89.0,0.0,0.0,0.0,0.0,0.0,0.0,0.0
2014_01_OAK_NYJ,2014,1,NYJ,OAK,7,7,0,0.0,0.0,0.0,0.0,0.0,0.0,0.0,0.0,1.0,0.0,1.0,76.0,12.0,76.0,12.0,0.0,0.0,0.0,0.0,0.0,2.0
2014_01_JAX_PHI,2014,1,PHI,JAX,7,7,0,0.0,0.0,0.0,0.0,0.0,0.0,0.0,0.0,1.0,1.0,0.0,75.0,9.0,75.0,9.0,0.0,0.0,0.0,0.0,0.0,0.0
2014_01_CLE_PIT,2014,1,PIT,CLE,7,7,0,0.0,0.0,0.0,0.0,0.0,0.0,1.0,0.0,1.0,1.0,0.0,71.0,6.0,71.0,6.0,0.0,0.0,0.0,0.0,0.0,0.0
2014_01_MIN_STL,2014,1,STL,MIN,7,7,0,0.0,0.0,0.0,0.0,0.0,0.0,0.0,1.0,0.0,0.0,0.0,,,70.0,0.0,0.0,0.0,0.0,0.0,0.0,0.0
2014_01_SF_DAL,2014,1,DAL,SF,7,7,0,0.0,0.0,0.0,0.0,0.0,0.0,0.0,1.0,0.0,0.0,1.0,,,70.0,0.0,0.0,0.0,0.0,0.0,0.0,0.0
2014_01_CAR_TB,2014,1,TB,CAR,7,7,0,0.0,0.0,0.0,0.0,0.0,0.0,1.0,0.0,1.0,1.0,0.0,88.0,6.0,88.0,6.0,0.0,0.0,0.0,0.0,0.0,0.0
2014_01_IND_DEN,2014,1,DEN,IND,7,7,0,0.0,0.0,0.0,0.0,0.0,0.0,0.0,0.0,1.0,1.0,0.0,75.0,6.0,75.0,6.0,0.0,0.0,0.0,0.0,0.0,0.0
2014_01_NYG_DET,2014,1,DET,NYG,7,7,0,0.0,0.0,0.0,0.0,0.0,0.0,0.0,1.0,0.0,0.0,1.0,,,70.0,0.0,0.0,0.0,0.0,0.0,0.0,0.0
2014_01_SD_ARI,2014,1,ARI,SD,7,7,0,0.0,0.0,0.0,0.0,0.0,0.0,0.0,1.0,0.0,1.0,0.0,,,70.0,0.0,0.0,0.0,0.0,0.0,0.0,0.0
2014_02_PIT_BAL,2014,2,BAL,PIT,4,4,0,1.0,1.0,0.0,0.0,0.0,0.0,1.0,0.0,1.0,0.0,1.0,82.0,6.0,82.0,6.0,0.0,0.0,0.0,0.0,0.0,0.0
2014_02_MIA_BUF,2014,2,BUF,MIA,7,7,0,0.0,0.0,0.0,0.0,0.0,0.0,1.0,0.0,1.0,0.0,1.0,58.0,4.0,58.0,4.0,0.0,0.0,0.0,0.0,0.0,0.0
2014_02_DET_CAR,2014,2,CAR,DET,7,6,1,0.0,1.0,1.0,0.0,0.0,0.0,0.0,0.0,1.0,1.0,0.0,70.0,9.0,70.0,9.0,0.0,0.0,0.0,0.0,0.0,0.0
2014_02_ATL_CIN,2014,2,CIN,ATL,7,7,0,0.0,0.0,0.0,0.0,0.0,0.0,0.0,0.0,1.0,0.0,1.0,66.0,4.0,66.0,4.0,0.0,0.0,0.0,0.0,0.0,0.0
2014_02_NO_CLE,2014,2,CLE,NO,7,7,0,0.0,0.0,0.0,0.0,0.0,0.0,0.0,0.0,1.0,1.0,0.0,61.0,6.0,61.0,6.0,0.0,0.0,0.0,0.0,0.0,0.0
2014_02_NE_MIN,2014,2,MIN,NE,7,7,0,0.0,0.0,0.0,0.0,0.0,0.0,0.0,0.0,1.0,0.0,1.0,58.0,0.0,58.0,0.0,0.0,0.0,0.0,0.0,0.0,0.0
2014_02_ARI_NYG,2014,2,NYG,ARI,6,6,0,1.0,1.0,0.0,0.0,0.0,0.0,0.0,0.0,1.0,0.0,1.0,66.0,1.0,66.0,1.0,0.0,0.0,0.0,0.0,0.0,0.0
2014_02_DAL_TEN,2014,2,TEN,DAL,7,7,0,0.0,0.0,0.0,0.0,0.0,0.0,0.0,0.0,1.0,1.0,0.0,75.0,2.0,75.0,2.0,0.0,0.0,0.0,0.0,0.0,0.0
2014_02_JAX_WAS,2014,2,WAS,JAX,7,7,0,0.0,0.0,0.0,0.0,0.0,0.0,0.0,0.0,1.0,1.0,0.0,65.0,6.0,65.0,6.0,0.0,0.0,0.0,0.0,0.0,0.0
2014_02_SEA_SD,2014,2,SD,SEA,6,10,-4,1.0,0.0,-1.0,0.0,1.0,-1.0,0.0,0.0,1.0,1.0,0.0,94.0,8.0,94.0,8.0,0.0,0.0,0.0,0.0,0.0,0.0
2014_02_STL_TB,2014,2,TB,STL,7,7,0,0.0,0.0,0.0,0.0,0.0,0.0,0.0,0.0,1.0,1.0,0.0,88.0,8.0,88.0,8.0,0.0,0.0,0.0,0.0,0.0,0.0
2014_02_KC_DEN,2014,2,DEN,KC,7,7,0,0.0,0.0,0.0,0.0,0.0,0.0,1.0,0.0,1.0,1.0,0.0,85.0,7.0,85.0,7.0,0.0,0.0,0.0,0.0,0.0,0.0
2014_02_NYJ_GB,2014,2,GB,NYJ,10,7,3,0.0,0.0,0.0,1.0,0.0,1.0,0.0,0.0,1.0,1.0,0.0,63.0,15.0,63.0,15.0,0.0,0.0,1.0,0.0,0.0,5.0
2014_02_HOU_OAK,2014,2,OAK,HOU,7,7,0,0.0,0.0,0.0,0.0,0.0,0.0,0.0,0.0,1.0,1.0,0.0,67.0,16.0,67.0,16.0,0.0,0.0,1.0,0.0,0.0,6.0
2014_02_CHI_SF,2014,2,SF,CHI,7,7,0,0.0,0.0,0.0,0.0,0.0,0.0,0.0,0.0,1.0,1.0,0.0,78.0,10.0,78.0,10.0,0.0,0.0,0.0,0.0,0.0,0.0
2014_02_PHI_IND,2014,2,IND,PHI,8,8,0,0.0,0.0,0.0,0.0,0.0,0.0,0.0,1.0,0.0,0.0,1.0,,,70.0,0.0,0.0,0.0,0.0,0.0,0.0,0.0
2014_03_TB_ATL,2014,3,ATL,TB,4,4,0,1.0,1.0,0.0,0.0,0.0,0.0,1.0,1.0,0.0,0.0,1.0,,,70.0,0.0,0.0,0.0,0.0,0.0,0.0,0.0
2014_03_SD_BUF,2014,3,BUF,SD,7,7,0,0.0,0.0,0.0,0.0,0.0,0.0,0.0,0.0,1.0,0.0,1.0,72.0,24.0,72.0,24.0,0.0,0.0,1.0,1.0,0.0,14.0
2014_03_TEN_CIN,2014,3,CIN,TEN,7,7,0,0.0,0.0,0.0,0.0,0.0,0.0,0.0,0.0,1.0,0.0,1.0,74.0,20.0,74.0,20.0,0.0,0.0,1.0,1.0,0.0,10.0
2014_03_BAL_CLE,2014,3,CLE,BAL,7,10,-3,0.0,0.0,0.0,0.0,1.0,-1.0,1.0,0.0,1.0,1.0,0.0,71.0,23.0,71.0,23.0,0.0,0.0,1.0,1.0,0.0,13.0
2014_03_GB_DET,2014,3,DET,GB,7,7,0,0.0,0.0,0.0,0.0,0.0,0.0,1.0,1.0,0.0,0.0,1.0,,,70.0,0.0,0.0,0.0,0.0,0.0,0.0,0.0
2014_03_IND_JAX,2014,3,JAX,IND,7,6,1,0.0,1.0,1.0,0.0,0.0,0.0,1.0,0.0,1.0,1.0,0.0,85.0,5.0,85.0,5.0,0.0,0.0,0.0,0.0,0.0,0.0
2014_03_OAK_NE,2014,3,NE,OAK,7,7,0,0.0,0.0,0.0,0.0,0.0,0.0,0.0,0.0,1.0,0.0,1.0,78.0,11.0,78.0,11.0,0.0,0.0,0.0,0.0,0.0,1.0
2014_03_MIN_NO,2014,3,NO,MIN,7,7,0,0.0,0.0,0.0,0.0,0.0,0.0,0.0,1.0,0.0,0.0,1.0,,,70.0,0.0,0.0,0.0,0.0,0.0,0.0,0.0
2014_03_HOU_NYG,2014,3,NYG,HOU,7,7,0,0.0,0.0,0.0,0.0,0.0,0.0,0.0,0.0,1.0,0.0,1.0,70.0,4.0,70.0,4.0,0.0,0.0,0.0,0.0,0.0,0.0
2014_03_WAS_PHI,2014,3,PHI,WAS,6,7,-1,1.0,0.0,-1.0,0.0,0.0,0.0,1.0,0.0,1.0,1.0,0.0,79.0,4.0,79.0,4.0,0.0,0.0,0.0,0.0,0.0,0.0
2014_03_DAL_STL,2014,3,STL,DAL,7,7,0,0.0,0.0,0.0,0.0,0.0,0.0,0.0,1.0,0.0,0.0,0.0,,,70.0,0.0,0.0,0.0,0.0,0.0,0.0,0.0
2014_03_SF_ARI,2014,3,ARI,SF,7,7,0,0.0,0.0,0.0,0.0,0.0,0.0,1.0,1.0,0.0,1.0,0.0,,,70.0,0.0,0.0,0.0,0.0,0.0,0.0,0.0
2014_03_KC_MIA,2014,3,MIA,KC,7,7,0,0.0,0.0,0.0,0.0,0.0,0.0,0.0,0.0,1.0,1.0,0.0,88.0,4.0,88.0,4.0,0.0,0.0,0.0,0.0,0.0,0.0
2014_03_DEN_SEA,2014,3,SEA,DEN,7,7,0,0.0,0.0,0.0,0.0,0.0,0.0,0.0,0.0,1.0,0.0,1.0,70.0,7.0,70.0,7.0,0.0,0.0,0.0,0.0,0.0,0.0
2014_03_PIT_CAR,2014,3,CAR,PIT,7,10,-3,0.0,0.0,0.0,0.0,1.0,-1.0,0.0,0.0,1.0,1.0,0.0,79.0,7.0,79.0,7.0,0.0,0.0,0.0,0.0,0.0,0.0
2014_03_CHI_NYJ,2014,3,NYJ,CHI,8,8,0,0.0,0.0,0.0,0.0,0.0,0.0,0.0,0.0,1.0,0.0,1.0,60.0,10.0,60.0,10.0,0.0,0.0,0.0,0.0,0.0,0.0
2014_04_NYG_WAS,2014,4,WAS,NYG,4,4,0,1.0,1.0,0.0,0.0,0.0,0.0,1.0,0.0,1.0,1.0,0.0,64.0,4.0,64.0,4.0,0.0,0.0,0.0,0.0,0.0,0.0
2014_04_CAR_BAL,2014,4,BAL,CAR,7,7,0,0.0,0.0,0.0,0.0,0.0,0.0,0.0,0.0,1.0,0.0,1.0,78.0,4.0,78.0,4.0,0.0,0.0,0.0,0.0,0.0,0.0
2014_04_GB_CHI,2014,4,CHI,GB,6,7,-1,1.0,0.0,-1.0,0.0,0.0,0.0,1.0,0.0,1.0,1.0,0.0,70.0,3.0,70.0,3.0,0.0,0.0,0.0,0.0,0.0,0.0
2014_04_BUF_HOU,2014,4,HOU,BUF,7,7,0,0.0,0.0,0.0,0.0,0.0,0.0,0.0,1.0,0.0,1.0,0.0,,,70.0,0.0,0.0,0.0,0.0,0.0,0.0,0.0
2014_04_TEN_IND,2014,4,IND,TEN,7,7,0,0.0,0.0,0.0,0.0,0.0,0.0,1.0,0.0,1.0,0.0,1.0,,,,,0.0,0.0,0.0,0.0,0.0,0.0
2014_04_DET_NYJ,2014,4,NYJ,DET,6,7,-1,1.0,0.0,-1.0,0.0,0.0,0.0,0.0,0.0,1.0,0.0,1.0,80.0,0.0,80.0,0.0,0.0,0.0,0.0,0.0,0.0,0.0
2014_04_MIA_OAK,2014,4,OAK,MIA,7,7,0,0.0,0.0,0.0,0.0,0.0,0.0,0.0,0.0,1.0,1.0,0.0,74.0,6.0,74.0,6.0,0.0,0.0,0.0,0.0,0.0,0.0
2014_04_TB_PIT,2014,4,PIT,TB,7,10,-3,0.0,0.0,0.0,0.0,1.0,-1.0,0.0,0.0,1.0,1.0,0.0,74.0,3.0,74.0,3.0,0.0,0.0,0.0,0.0,0.0,0.0
2014_04_JAX_SD,2014,4,SD,JAX,7,7,0,0.0,0.0,0.0,0.0,0.0,0.0,0.0,0.0,1.0,1.0,0.0,73.0,8.0,73.0,8.0,0.0,0.0,0.0,0.0,0.0,0.0
2014_04_ATL_MIN,2014,4,MIN,ATL,7,10,-3,0.0,0.0,0.0,0.0,1.0,-1.0,0.0,0.0,1.0,0.0,1.0,82.0,0.0,82.0,0.0,0.0,0.0,0.0,0.0,0.0,0.0
2014_04_PHI_SF,2014,4,SF,PHI,7,7,0,0.0,0.0,0.0,0.0,0.0,0.0,0.0,0.0,1.0,1.0,0.0,72.0,4.0,72.0,4.0,0.0,0.0,0.0,0.0,0.0,0.0
2014_04_NO_DAL,2014,4,DAL,NO,7,7,0,0.0,0.0,0.0,0.0,0.0,0.0,0.0,1.0,0.0,0.0,1.0,,,70.0,0.0,0.0,0.0,0.0,0.0,0.0,0.0
2014_04_NE_KC,2014,4,KC,NE,8,8,0,0.0,0.0,0.0,0.0,0.0,0.0,0.0,0.0,1.0,1.0,0.0,82.0,3.0,82.0,3.0,0.0,0.0,0.0,0.0,0.0,0.0
2014_05_MIN_GB,2014,5,GB,MIN,4,4,0,1.0,1.0,0.0,0.0,0.0,0.0,1.0,0.0,1.0,1.0,0.0,62.0,6.0,62.0,6.0,0.0,0.0,0.0,0.0,0.0,0.0
2014_05_CHI_CAR,2014,5,CAR,CHI,7,7,0,0.0,0.0,0.0,0.0,0.0,0.0,0.0,0.0,1.0,1.0,0.0,60.0,7.0,60.0,7.0,0.0,0.0,0.0,0.0,0.0,0.0
2014_05_HOU_DAL,2014,5,DAL,HOU,7,7,0,0.0,0.0,0.0,0.0,0.0,0.0,0.0,1.0,0.0,0.0,1.0,,,70.0,0.0,0.0,0.0,0.0,0.0,0.0,0.0
2014_05_BUF_DET,2014,5,DET,BUF,7,7,0,0.0,0.0,0.0,0.0,0.0,0.0,0.0,1.0,0.0,0.0,1.0,,,70.0,0.0,0.0,0.0,0.0,0.0,0.0,0.0
2014_05_BAL_IND,2014,5,IND,BAL,7,7,0,0.0,0.0,0.0,0.0,0.0,0.0,0.0,0.0,1.0,0.0,1.0,,,,,0.0,0.0,0.0,0.0,0.0,0.0
2014_05_PIT_JAX,2014,5,JAX,PIT,7,7,0,0.0,0.0,0.0,0.0,0.0,0.0,0.0,0.0,1.0,1.0,0.0,71.0,10.0,71.0,10.0,0.0,0.0,0.0,0.0,0.0,0.0
2014_05_TB_NO,2014,5,NO,TB,7,7,0,0.0,0.0,0.0,0.0,0.0,0.0,1.0,1.0,0.0,0.0,1.0,,,70.0,0.0,0.0,0.0,0.0,0.0,0.0,0.0
2014_05_ATL_NYG,2014,5,NYG,ATL,10,7,3,0.0,0.0,0.0,1.0,0.0,1.0,0.0,0.0,1.0,0.0,1.0,55.0,9.0,55.0,9.0,0.0,0.0,0.0,0.0,0.0,0.0
2014_05_STL_PHI,2014,5,PHI,STL,7,14,-7,0.0,0.0,0.0,0.0,1.0,-1.0,0.0,0.0,1.0,1.0,0.0,59.0,16.0,59.0,16.0,0.0,0.0,1.0,0.0,0.0,6.0
2014_05_CLE_TEN,2014,5,TEN,CLE,7,14,-7,0.0,0.0,0.0,0.0,1.0,-1.0,0.0,0.0,1.0,1.0,0.0,67.0,13.0,67.0,13.0,0.0,0.0,0.0,0.0,0.0,3.0
2014_05_ARI_DEN,2014,5,DEN,ARI,14,14,0,0.0,0.0,0.0,1.0,1.0,0.0,0.0,0.0,1.0,1.0,0.0,71.0,10.0,71.0,10.0,0.0,0.0,0.0,0.0,0.0,0.0
2014_05_NYJ_SD,2014,5,SD,NYJ,7,7,0,0.0,0.0,0.0,0.0,0.0,0.0,0.0,0.0,1.0,1.0,0.0,91.0,8.0,91.0,8.0,0.0,0.0,0.0,0.0,0.0,0.0
2014_05_KC_SF,2014,5,SF,KC,7,6,1,0.0,1.0,1.0,0.0,0.0,0.0,0.0,0.0,1.0,1.0,0.0,85.0,1.0,85.0,1.0,0.0,0.0,0.0,0.0,0.0,0.0
2014_05_CIN_NE,2014,5,NE,CIN,6,14,-8,1.0,0.0,-1.0,0.0,1.0,-1.0,0.0,0.0,1.0,0.0,1.0,47.0,2.0,47.0,2.0,0.0,0.0,0.0,0.0,3.0,0.0
2014_05_SEA_WAS,2014,5,WAS,SEA,11,15,-4,0.0,0.0,0.0,1.0,1.0,0.0,0.0,0.0,1.0,1.0,0.0,67.0,4.0,67.0,4.0,0.0,0.0,0.0,0.0,0.0,0.0
2014_06_IND_HOU,2014,6,HOU,IND,4,4,0,1.0,1.0,0.0,0.0,0.0,0.0,1.0,1.0,0.0,1.0,0.0,,,70.0,0.0,0.0,0.0,0.0,0.0,0.0,0.0
2014_06_NE_BUF,2014,6,BUF,NE,7,7,0,0.0,0.0,0.0,0.0,0.0,0.0,1.0,0.0,1.0,0.0,1.0,55.0,6.0,55.0,6.0,0.0,0.0,0.0,0.0,0.0,0.0
2014_06_CAR_CIN,2014,6,CIN,CAR,7,7,0,0.0,0.0,0.0,0.0,0.0,0.0,0.0,0.0,1.0,0.0,1.0,60.0,5.0,60.0,5.0,0.0,0.0,0.0,0.0,0.0,0.0
2014_06_PIT_CLE,2014,6,CLE,PIT,7,7,0,0.0,0.0,0.0,0.0,0.0,0.0,1.0,0.0,1.0,1.0,0.0,58.0,13.0,58.0,13.0,0.0,0.0,0.0,0.0,0.0,3.0
2014_06_GB_MIA,2014,6,MIA,GB,14,10,4,0.0,0.0,0.0,1.0,1.0,0.0,0.0,0.0,1.0,1.0,0.0,86.0,13.0,86.0,13.0,0.0,0.0,0.0,0.0,0.0,3.0
2014_06_DET_MIN,2014,6,MIN,DET,10,7,3,0.0,0.0,0.0,1.0,0.0,1.0,1.0,0.0,1.0,0.0,1.0,53.0,0.0,53.0,0.0,0.0,0.0,0.0,0.0,0.0,0.0
2014_06_DEN_NYJ,2014,6,NYJ,DEN,7,7,0,0.0,0.0,0.0,0.0,0.0,0.0,0.0,0.0,1.0,0.0,1.0,61.0,5.0,61.0,5.0,0.0,0.0,0.0,0.0,0.0,0.0
2014_06_BAL_TB,2014,6,TB,BAL,7,7,0,0.0,0.0,0.0,0.0,0.0,0.0,0.0,0.0,1.0,1.0,0.0,84.0,6.0,84.0,6.0,0.0,0.0,0.0,0.0,0.0,0.0
2014_06_JAX_TEN,2014,6,TEN,JAX,7,7,0,0.0,0.0,0.0,0.0,0.0,0.0,1.0,0.0,1.0,1.0,0.0,67.0,7.0,67.0,7.0,0.0,0.0,0.0,0.0,0.0,0.0
2014_06_SD_OAK,2014,6,OAK,SD,14,7,7,0.0,0.0,0.0,1.0,0.0,1.0,1.0,0.0,1.0,1.0,0.0,77.0,5.0,77.0,5.0,0.0,0.0,0.0,0.0,0.0,0.0
2014_06_WAS_ARI,2014,6,ARI,WAS,7,6,1,0.0,1.0,1.0,0.0,0.0,0.0,0.0,1.0,0.0,1.0,0.0,,,70.0,0.0,0.0,0.0,0.0,0.0,0.0,0.0
2014_06_CHI_ATL,2014,6,ATL,CHI,7,7,0,0.0,0.0,0.0,0.0,0.0,0.0,0.0,1.0,0.0,0.0,1.0,,,70.0,0.0,0.0,0.0,0.0,0.0,0.0,0.0
2014_06_DAL_SEA,2014,6,SEA,DAL,6,7,-1,1.0,0.0,-1.0,0.0,0.0,0.0,0.0,0.0,1.0,0.0,1.0,60.0,6.0,60.0,6.0,0.0,0.0,0.0,0.0,0.0,0.0
2014_06_NYG_PHI,2014,6,PHI,NYG,7,7,0,0.0,0.0,0.0,0.0,0.0,0.0,1.0,0.0,1.0,1.0,0.0,57.0,5.0,57.0,5.0,0.0,0.0,0.0,0.0,0.0,0.0
2014_06_SF_STL,2014,6,STL,SF,8,8,0,0.0,0.0,0.0,0.0,0.0,0.0,1.0,1.0,0.0,0.0,0.0,,,70.0,0.0,0.0,0.0,0.0,0.0,0.0,0.0
2014_07_NYJ_NE,2014,7,NE,NYJ,4,4,0,1.0,1.0,0.0,0.0,0.0,0.0,1.0,0.0,1.0,0.0,1.0,64.0,9.0,64.0,9.0,0.0,0.0,0.0,0.0,0.0,0.0
2014_07_ATL_BAL,2014,7,BAL,ATL,7,7,0,0.0,0.0,0.0,0.0,0.0,0.0,0.0,0.0,1.0,0.0,1.0,54.0,14.0,54.0,14.0,0.0,0.0,0.0,0.0,0.0,4.0
2014_07_MIN_BUF,2014,7,BUF,MIN,7,7,0,0.0,0.0,0.0,0.0,0.0,0.0,0.0,0.0,1.0,0.0,1.0,41.0,9.0,41.0,9.0,0.0,0.0,0.0,0.0,9.0,0.0
2014_07_MIA_CHI,2014,7,CHI,MIA,7,7,0,0.0,0.0,0.0,0.0,0.0,0.0,0.0,0.0,1.0,1.0,0.0,50.0,10.0,50.0,10.0,0.0,0.0,0.0,0.0,0.0,0.0
2014_07_NO_DET,2014,7,DET,NO,7,14,-7,0.0,0.0,0.0,0.0,1.0,-1.0,0.0,1.0,0.0,0.0,1.0,,,70.0,0.0,0.0,0.0,0.0,0.0,0.0,0.0
2014_07_CAR_GB,2014,7,GB,CAR,7,7,0,0.0,0.0,0.0,0.0,0.0,0.0,0.0,0.0,1.0,1.0,0.0,48.0,12.0,48.0,12.0,0.0,0.0,0.0,0.0,2.0,2.0
2014_07_CIN_IND,2014,7,IND,CIN,10,7,3,0.0,0.0,0.0,1.0,0.0,1.0,0.0,0.0,1.0,0.0,1.0,,,,,0.0,0.0,0.0,0.0,0.0,0.0
2014_07_CLE_JAX,2014,7,JAX,CLE,7,7,0,0.0,0.0,0.0,0.0,0.0,0.0,0.0,0.0,1.0,1.0,0.0,76.0,8.0,76.0,8.0,0.0,0.0,0.0,0.0,0.0,0.0
2014_07_SEA_STL,2014,7,STL,SEA,6,7,-1,1.0,0.0,-1.0,0.0,0.0,0.0,1.0,1.0,0.0,0.0,0.0,,,70.0,0.0,0.0,0.0,0.0,0.0,0.0,0.0
2014_07_TEN_WAS,2014,7,WAS,TEN,7,7,0,0.0,0.0,0.0,0.0,0.0,0.0,0.0,0.0,1.0,1.0,0.0,55.0,13.0,55.0,13.0,0.0,0.0,0.0,0.0,0.0,3.0
2014_07_KC_SD,2014,7,SD,KC,7,14,-7,0.0,0.0,0.0,0.0,1.0,-1.0,1.0,0.0,1.0,1.0,0.0,75.0,2.0,75.0,2.0,0.0,0.0,0.0,0.0,0.0,0.0
2014_07_NYG_DAL,2014,7,DAL,NYG,7,7,0,0.0,0.0,0.0,0.0,0.0,0.0,1.0,1.0,0.0,0.0,1.0,,,70.0,0.0,0.0,0.0,0.0,0.0,0.0,0.0
2014_07_ARI_OAK,2014,7,OAK,ARI,7,7,0,0.0,0.0,0.0,0.0,0.0,0.0,0.0,0.0,1.0,1.0,0.0,69.0,6.0,69.0,6.0,0.0,0.0,0.0,0.0,0.0,0.0
2014_07_SF_DEN,2014,7,DEN,SF,7,6,1,0.0,1.0,1.0,0.0,0.0,0.0,0.0,0.0,1.0,1.0,0.0,67.0,4.0,67.0,4.0,0.0,0.0,0.0,0.0,0.0,0.0
2014_07_HOU_PIT,2014,7,PIT,HOU,8,11,-3,0.0,0.0,0.0,0.0,1.0,-1.0,0.0,0.0,1.0,1.0,0.0,57.0,6.0,57.0,6.0,0.0,0.0,0.0,0.0,0.0,0.0
2014_08_SD_DEN,2014,8,DEN,SD,4,4,0,1.0,1.0,0.0,0.0,0.0,0.0,1.0,0.0,1.0,1.0,0.0,68.0,3.0,68.0,3.0,0.0,0.0,0.0,0.0,0.0,0.0
2014_08_DET_ATL,2014,8,ATL,DET,7,7,0,0.0,0.0,0.0,0.0,0.0,0.0,0.0,0.0,1.0,0.0,1.0,59.0,13.0,59.0,13.0,0.0,0.0,0.0,0.0,0.0,3.0
2014_08_SEA_CAR,2014,8,CAR,SEA,7,7,0,0.0,0.0,0.0,0.0,0.0,0.0,0.0,0.0,1.0,1.0,0.0,77.0,9.0,77.0,9.0,0.0,0.0,0.0,0.0,0.0,0.0
2014_08_BAL_CIN,2014,8,CIN,BAL,7,7,0,0.0,0.0,0.0,0.0,0.0,0.0,1.0,0.0,1.0,0.0,1.0,62.0,6.0,62.0,6.0,0.0,0.0,0.0,0.0,0.0,0.0
2014_08_MIA_JAX,2014,8,JAX,MIA,7,7,0,0.0,0.0,0.0,0.0,0.0,0.0,0.0,0.0,1.0,1.0,0.0,76.0,6.0,76.0,6.0,0.0,0.0,0.0,0.0,0.0,0.0
2014_08_STL_KC,2014,8,KC,STL,7,7,0,0.0,0.0,0.0,0.0,0.0,0.0,0.0,0.0,1.0,1.0,0.0,70.0,8.0,70.0,8.0,0.0,0.0,0.0,0.0,0.0,0.0
2014_08_CHI_NE,2014,8,NE,CHI,10,7,3,0.0,0.0,0.0,1.0,0.0,1.0,0.0,0.0,1.0,0.0,1.0,54.0,14.0,54.0,14.0,0.0,0.0,0.0,0.0,0.0,4.0
2014_08_BUF_NYJ,2014,8,NYJ,BUF,10,7,3,0.0,0.0,0.0,1.0,0.0,1.0,1.0,0.0,1.0,0.0,1.0,59.0,16.0,59.0,16.0,0.0,0.0,1.0,0.0,0.0,6.0
2014_08_MIN_TB,2014,8,TB,MIN,14,7,7,0.0,0.0,0.0,1.0,0.0,1.0,0.0,0.0,1.0,1.0,0.0,77.0,5.0,77.0,5.0,0.0,0.0,0.0,0.0,0.0,0.0
2014_08_HOU_TEN,2014,8,TEN,HOU,7,6,1,0.0,1.0,1.0,0.0,0.0,0.0,1.0,0.0,1.0,1.0,0.0,73.0,2.0,73.0,2.0,0.0,0.0,0.0,0.0,0.0,0.0
2014_08_PHI_ARI,2014,8,ARI,PHI,7,14,-7,0.0,0.0,0.0,0.0,1.0,-1.0,0.0,1.0,0.0,1.0,0.0,,,70.0,0.0,0.0,0.0,0.0,0.0,0.0,0.0
2014_08_OAK_CLE,2014,8,CLE,OAK,7,7,0,0.0,0.0,0.0,0.0,0.0,0.0,0.0,0.0,1.0,1.0,0.0,55.0,20.0,55.0,20.0,0.0,0.0,1.0,1.0,0.0,10.0
2014_08_IND_PIT,2014,8,PIT,IND,6,7,-1,1.0,0.0,-1.0,0.0,0.0,0.0,0.0,0.0,1.0,1.0,0.0,62.0,12.0,62.0,12.0,0.0,0.0,0.0,0.0,0.0,2.0
2014_08_GB_NO,2014,8,NO,GB,7,7,0,0.0,0.0,0.0,0.0,0.0,0.0,0.0,1.0,0.0,0.0,1.0,,,70.0,0.0,0.0,0.0,0.0,0.0,0.0,0.0
2014_08_WAS_DAL,2014,8,DAL,WAS,8,8,0,0.0,0.0,0.0,0.0,0.0,0.0,1.0,1.0,0.0,0.0,1.0,,,70.0,0.0,0.0,0.0,0.0,0.0,0.0,0.0
2014_09_NO_CAR,2014,9,CAR,NO,4,4,0,1.0,1.0,0.0,0.0,0.0,0.0,1.0,0.0,1.0,1.0,0.0,58.0,3.0,58.0,3.0,0.0,0.0,0.0,0.0,0.0,0.0
2014_09_JAX_CIN,2014,9,CIN,JAX,7,7,0,0.0,0.0,0.0,0.0,0.0,0.0,0.0,0.0,1.0,0.0,1.0,42.0,3.0,42.0,3.0,0.0,0.0,0.0,0.0,8.0,0.0
2014_09_TB_CLE,2014,9,CLE,TB,7,7,0,0.0,0.0,0.0,0.0,0.0,0.0,0.0,0.0,1.0,1.0,0.0,42.0,8.0,42.0,8.0,0.0,0.0,0.0,0.0,8.0,0.0
2014_09_ARI_DAL,2014,9,DAL,ARI,6,7,-1,1.0,0.0,-1.0,0.0,0.0,0.0,0.0,1.0,0.0,0.0,1.0,,,70.0,0.0,0.0,0.0,0.0,0.0,0.0,0.0
2014_09_PHI_HOU,2014,9,HOU,PHI,7,7,0,0.0,0.0,0.0,0.0,0.0,0.0,0.0,1.0,0.0,1.0,0.0,,,70.0,0.0,0.0,0.0,0.0,0.0,0.0,0.0
2014_09_NYJ_KC,2014,9,KC,NYJ,7,7,0,0.0,0.0,0.0,0.0,0.0,0.0,0.0,0.0,1.0,1.0,0.0,57.0,20.0,57.0,20.0,0.0,0.0,1.0,1.0,0.0,10.0
2014_09_SD_MIA,2014,9,MIA,SD,7,10,-3,0.0,0.0,0.0,0.0,1.0,-1.0,0.0,0.0,1.0,1.0,0.0,70.0,16.0,70.0,16.0,0.0,0.0,1.0,0.0,0.0,6.0
2014_09_WAS_MIN,2014,9,MIN,WAS,7,6,1,0.0,1.0,1.0,0.0,0.0,0.0,0.0,0.0,1.0,0.0,1.0,50.0,10.0,50.0,10.0,0.0,0.0,0.0,0.0,0.0,0.0
2014_09_STL_SF,2014,9,SF,STL,14,7,7,0.0,0.0,0.0,1.0,0.0,1.0,1.0,0.0,1.0,1.0,0.0,61.0,8.0,61.0,8.0,0.0,0.0,0.0,0.0,0.0,0.0
2014_09_DEN_NE,2014,9,NE,DEN,7,10,-3,0.0,0.0,0.0,0.0,1.0,-1.0,0.0,0.0,1.0,0.0,1.0,35.0,19.0,35.0,19.0,1.0,0.0,1.0,0.0,15.0,9.0
2014_09_OAK_SEA,2014,9,SEA,OAK,7,7,0,0.0,0.0,0.0,0.0,0.0,0.0,0.0,0.0,1.0,0.0,1.0,54.0,9.0,54.0,9.0,0.0,0.0,0.0,0.0,0.0,0.0
2014_09_BAL_PIT,2014,9,PIT,BAL,7,7,0,0.0,0.0,0.0,0.0,0.0,0.0,1.0,0.0,1.0,1.0,0.0,38.0,6.0,38.0,6.0,1.0,0.0,0.0,0.0,12.0,0.0
2014_09_IND_NYG,2014,9,NYG,IND,15,8,7,0.0,0.0,0.0,1.0,0.0,1.0,0.0,0.0,1.0,0.0,1.0,55.0,6.0,55.0,6.0,0.0,0.0,0.0,0.0,0.0,0.0
2014_10_CLE_CIN,2014,10,CIN,CLE,4,4,0,1.0,1.0,0.0,0.0,0.0,0.0,1.0,0.0,1.0,0.0,1.0,42.0,17.0,42.0,17.0,0.0,0.0,1.0,0.0,8.0,7.0
2014_10_TEN_BAL,2014,10,BAL,TEN,7,14,-7,0.0,0.0,0.0,0.0,1.0,-1.0,0.0,0.0,1.0,0.0,1.0,57.0,7.0,57.0,7.0,0.0,0.0,0.0,0.0,0.0,0.0
2014_10_KC_BUF,2014,10,BUF,KC,14,7,7,0.0,0.0,0.0,1.0,0.0,1.0,0.0,0.0,1.0,0.0,1.0,42.0,10.0,42.0,10.0,0.0,0.0,0.0,0.0,8.0,0.0
2014_10_MIA_DET,2014,10,DET,MIA,14,7,7,0.0,0.0,0.0,1.0,0.0,1.0,0.0,1.0,0.0,0.0,1.0,,,70.0,0.0,0.0,0.0,0.0,0.0,0.0,0.0
2014_10_DAL_JAX,2014,10,JAX,DAL,7,7,0,0.0,0.0,0.0,0.0,0.0,0.0,0.0,0.0,1.0,1.0,0.0,50.0,3.0,50.0,3.0,0.0,0.0,0.0,0.0,0.0,0.0
2014_10_SF_NO,2014,10,NO,SF,10,7,3,0.0,0.0,0.0,1.0,0.0,1.0,0.0,1.0,0.0,0.0,1.0,,,70.0,0.0,0.0,0.0,0.0,0.0,0.0,0.0
2014_10_PIT_NYJ,2014,10,NYJ,PIT,7,7,0,0.0,0.0,0.0,0.0,0.0,0.0,0.0,0.0,1.0,0.0,1.0,58.0,8.0,58.0,8.0,0.0,0.0,0.0,0.0,0.0,0.0
2014_10_ATL_TB,2014,10,TB,ATL,7,14,-7,0.0,0.0,0.0,0.0,1.0,-1.0,1.0,0.0,1.0,1.0,0.0,64.0,5.0,64.0,5.0,0.0,0.0,0.0,0.0,0.0,0.0
2014_10_DEN_OAK,2014,10,OAK,DEN,7,7,0,0.0,0.0,0.0,0.0,0.0,0.0,1.0,0.0,1.0,1.0,0.0,68.0,6.0,68.0,6.0,0.0,0.0,0.0,0.0,0.0,0.0
2014_10_STL_ARI,2014,10,ARI,STL,7,7,0,0.0,0.0,0.0,0.0,0.0,0.0,1.0,1.0,0.0,1.0,0.0,,,70.0,0.0,0.0,0.0,0.0,0.0,0.0,0.0
2014_10_NYG_SEA,2014,10,SEA,NYG,7,6,1,0.0,1.0,1.0,0.0,0.0,0.0,0.0,0.0,1.0,0.0,1.0,50.0,0.0,50.0,0.0,0.0,0.0,0.0,0.0,0.0,0.0
2014_10_CHI_GB,2014,10,GB,CHI,14,14,0,0.0,0.0,0.0,1.0,1.0,0.0,1.0,0.0,1.0,1.0,0.0,34.0,5.0,34.0,5.0,1.0,0.0,0.0,0.0,16.0,0.0
2014_10_CAR_PHI,2014,10,PHI,CAR,8,11,-3,0.0,0.0,0.0,0.0,1.0,-1.0,0.0,0.0,1.0,1.0,0.0,52.0,5.0,52.0,5.0,0.0,0.0,0.0,0.0,0.0,0.0
2014_11_BUF_MIA,2014,11,MIA,BUF,4,4,0,1.0,1.0,0.0,0.0,0.0,0.0,1.0,0.0,1.0,1.0,0.0,74.0,4.0,74.0,4.0,0.0,0.0,0.0,0.0,0.0,0.0
2014_11_ATL_CAR,2014,11,CAR,ATL,6,7,-1,1.0,0.0,-1.0,0.0,0.0,0.0,1.0,0.0,1.0,1.0,0.0,48.0,3.0,48.0,3.0,0.0,0.0,0.0,0.0,2.0,0.0
2014_11_MIN_CHI,2014,11,CHI,MIN,7,14,-7,0.0,0.0,0.0,0.0,1.0,-1.0,1.0,0.0,1.0,1.0,0.0,31.0,12.0,31.0,12.0,1.0,0.0,0.0,0.0,19.0,2.0
2014_11_HOU_CLE,2014,11,CLE,HOU,10,14,-4,0.0,0.0,0.0,1.0,1.0,0.0,0.0,0.0,1.0,1.0,0.0,34.0,9.0,34.0,9.0,1.0,0.0,0.0,0.0,16.0,0.0
2014_11_SEA_KC,2014,11,KC,SEA,7,7,0,0.0,0.0,0.0,0.0,0.0,0.0,0.0,0.0,1.0,1.0,0.0,21.0,8.0,21.0,8.0,1.0,1.0,0.0,0.0,29.0,0.0
2014_11_CIN_NO,2014,11,NO,CIN,7,10,-3,0.0,0.0,0.0,0.0,1.0,-1.0,0.0,1.0,0.0,0.0,1.0,,,70.0,0.0,0.0,0.0,0.0,0.0,0.0,0.0
2014_11_SF_NYG,2014,11,NYG,SF,7,7,0,0.0,0.0,0.0,0.0,0.0,0.0,0.0,0.0,1.0,0.0,1.0,42.0,0.0,42.0,0.0,0.0,0.0,0.0,0.0,8.0,0.0
2014_11_DEN_STL,2014,11,STL,DEN,7,7,0,0.0,0.0,0.0,0.0,0.0,0.0,0.0,1.0,0.0,0.0,0.0,,,70.0,0.0,0.0,0.0,0.0,0.0,0.0,0.0
2014_11_TB_WAS,2014,11,WAS,TB,14,7,7,0.0,0.0,0.0,1.0,0.0,1.0,0.0,0.0,1.0,1.0,0.0,45.0,6.0,45.0,6.0,0.0,0.0,0.0,0.0,5.0,0.0
2014_11_OAK_SD,2014,11,SD,OAK,14,7,7,0.0,0.0,0.0,1.0,0.0,1.0,1.0,0.0,1.0,1.0,0.0,72.0,13.0,72.0,13.0,0.0,0.0,0.0,0.0,0.0,3.0
2014_11_DET_ARI,2014,11,ARI,DET,7,7,0,0.0,0.0,0.0,0.0,0.0,0.0,0.0,1.0,0.0,1.0,0.0,,,70.0,0.0,0.0,0.0,0.0,0.0,0.0,0.0
2014_11_PHI_GB,2014,11,GB,PHI,7,6,1,0.0,1.0,1.0,0.0,0.0,0.0,0.0,0.0,1.0,1.0,0.0,28.0,13.0,28.0,13.0,1.0,0.0,0.0,0.0,22.0,3.0
2014_11_NE_IND,2014,11,IND,NE,13,14,-1,0.0,0.0,0.0,1.0,1.0,0.0,0.0,1.0,0.0,0.0,1.0,,,70.0,0.0,0.0,0.0,0.0,0.0,0.0,0.0
2014_11_PIT_TEN,2014,11,TEN,PIT,8,8,0,0.0,0.0,0.0,0.0,0.0,0.0,0.0,0.0,1.0,1.0,0.0,25.0,9.0,25.0,9.0,1.0,1.0,0.0,0.0,25.0,0.0
2014_12_KC_OAK,2014,12,OAK,KC,4,4,0,1.0,1.0,0.0,0.0,0.0,0.0,1.0,0.0,1.0,1.0,0.0,57.0,6.0,57.0,6.0,0.0,0.0,0.0,0.0,0.0,0.0
2014_12_CLE_ATL,2014,12,ATL,CLE,7,7,0,0.0,0.0,0.0,0.0,0.0,0.0,0.0,1.0,0.0,0.0,1.0,,,70.0,0.0,0.0,0.0,0.0,0.0,0.0,0.0
2014_12_TB_CHI,2014,12,CHI,TB,7,7,0,0.0,0.0,0.0,0.0,0.0,0.0,0.0,0.0,1.0,1.0,0.0,54.0,12.0,54.0,12.0,0.0,0.0,0.0,0.0,0.0,2.0
2014_12_CIN_HOU,2014,12,HOU,CIN,7,7,0,0.0,0.0,0.0,0.0,0.0,0.0,0.0,1.0,0.0,1.0,0.0,,,70.0,0.0,0.0,0.0,0.0,0.0,0.0,0.0
2014_12_JAX_IND,2014,12,IND,JAX,7,14,-7,0.0,0.0,0.0,0.0,1.0,-1.0,1.0,1.0,0.0,0.0,1.0,,,70.0,0.0,0.0,0.0,0.0,0.0,0.0,0.0
2014_12_GB_MIN,2014,12,MIN,GB,7,7,0,0.0,0.0,0.0,0.0,0.0,0.0,1.0,0.0,1.0,0.0,1.0,49.0,0.0,49.0,0.0,0.0,0.0,0.0,0.0,1.0,0.0
2014_12_DET_NE,2014,12,NE,DET,7,7,0,0.0,0.0,0.0,0.0,0.0,0.0,0.0,0.0,1.0,0.0,1.0,58.0,7.0,58.0,7.0,0.0,0.0,0.0,0.0,0.0,0.0
2014_12_TEN_PHI,2014,12,PHI,TEN,7,6,1,0.0,1.0,1.0,0.0,0.0,0.0,0.0,0.0,1.0,1.0,0.0,54.0,7.0,54.0,7.0,0.0,0.0,0.0,0.0,0.0,0.0
2014_12_STL_SD,2014,12,SD,STL,7,7,0,0.0,0.0,0.0,0.0,0.0,0.0,0.0,0.0,1.0,1.0,0.0,72.0,5.0,72.0,5.0,0.0,0.0,0.0,0.0,0.0,0.0
2014_12_ARI_SEA,2014,12,SEA,ARI,7,7,0,0.0,0.0,0.0,0.0,0.0,0.0,1.0,0.0,1.0,0.0,1.0,51.0,10.0,51.0,10.0,0.0,0.0,0.0,0.0,0.0,0.0
2014_12_MIA_DEN,2014,12,DEN,MIA,7,10,-3,0.0,0.0,0.0,0.0,1.0,-1.0,0.0,0.0,1.0,1.0,0.0,39.0,6.0,39.0,6.0,1.0,0.0,0.0,0.0,11.0,0.0
2014_12_WAS_SF,2014,12,SF,WAS,7,7,0,0.0,0.0,0.0,0.0,0.0,0.0,0.0,0.0,1.0,1.0,0.0,62.0,9.0,62.0,9.0,0.0,0.0,0.0,0.0,0.0,0.0
2014_12_DAL_NYG,2014,12,NYG,DAL,7,14,-7,0.0,0.0,0.0,0.0,1.0,-1.0,1.0,0.0,1.0,0.0,1.0,51.0,2.0,51.0,2.0,0.0,0.0,0.0,0.0,0.0,0.0
2014_12_NYJ_BUF,2014,12,BUF,NYJ,11,15,-4,0.0,0.0,0.0,1.0,1.0,0.0,1.0,1.0,0.0,0.0,1.0,,,70.0,0.0,0.0,0.0,0.0,0.0,0.0,0.0
2014_12_BAL_NO,2014,12,NO,BAL,8,15,-7,0.0,0.0,0.0,0.0,1.0,-1.0,0.0,1.0,0.0,0.0,1.0,,,70.0,0.0,0.0,0.0,0.0,0.0,0.0,0.0
2014_13_CHI_DET,2014,13,DET,CHI,4,4,0,1.0,1.0,0.0,0.0,0.0,0.0,1.0,1.0,0.0,0.0,1.0,,,70.0,0.0,0.0,0.0,0.0,0.0,0.0,0.0
2014_13_PHI_DAL,2014,13,DAL,PHI,4,4,0,1.0,1.0,0.0,0.0,0.0,0.0,1.0,1.0,0.0,0.0,1.0,,,70.0,0.0,0.0,0.0,0.0,0.0,0.0,0.0
2014_13_SEA_SF,2014,13,SF,SEA,4,4,0,1.0,1.0,0.0,0.0,0.0,0.0,1.0,0.0,1.0,1.0,0.0,68.0,0.0,68.0,0.0,0.0,0.0,0.0,0.0,0.0,0.0
2014_13_SD_BAL,2014,13,BAL,SD,6,7,-1,1.0,0.0,-1.0,0.0,0.0,0.0,0.0,0.0,1.0,0.0,1.0,54.0,8.0,54.0,8.0,0.0,0.0,0.0,0.0,0.0,0.0
2014_13_CLE_BUF,2014,13,BUF,CLE,6,7,-1,1.0,0.0,-1.0,0.0,0.0,0.0,0.0,0.0,1.0,0.0,1.0,57.0,17.0,57.0,17.0,0.0,0.0,1.0,0.0,0.0,7.0
2014_13_TEN_HOU,2014,13,HOU,TEN,7,7,0,0.0,0.0,0.0,0.0,0.0,0.0,1.0,1.0,0.0,1.0,0.0,,,70.0,0.0,0.0,0.0,0.0,0.0,0.0,0.0
2014_13_WAS_IND,2014,13,IND,WAS,7,7,0,0.0,0.0,0.0,0.0,0.0,0.0,0.0,1.0,0.0,0.0,1.0,,,70.0,0.0,0.0,0.0,0.0,0.0,0.0,0.0
2014_13_NYG_JAX,2014,13,JAX,NYG,7,7,0,0.0,0.0,0.0,0.0,0.0,0.0,0.0,0.0,1.0,1.0,0.0,71.0,5.0,71.0,5.0,0.0,0.0,0.0,0.0,0.0,0.0
2014_13_CAR_MIN,2014,13,MIN,CAR,7,14,-7,0.0,0.0,0.0,0.0,1.0,-1.0,0.0,0.0,1.0,0.0,1.0,12.0,17.0,12.0,17.0,1.0,1.0,1.0,0.0,38.0,7.0
2014_13_NO_PIT,2014,13,PIT,NO,13,6,7,0.0,1.0,1.0,1.0,0.0,1.0,0.0,0.0,1.0,1.0,0.0,63.0,15.0,63.0,15.0,0.0,0.0,1.0,0.0,0.0,5.0
2014_13_OAK_STL,2014,13,STL,OAK,7,10,-3,0.0,0.0,0.0,0.0,1.0,-1.0,0.0,1.0,0.0,0.0,0.0,,,70.0,0.0,0.0,0.0,0.0,0.0,0.0,0.0
2014_13_CIN_TB,2014,13,TB,CIN,7,7,0,0.0,0.0,0.0,0.0,0.0,0.0,0.0,0.0,1.0,1.0,0.0,77.0,7.0,77.0,7.0,0.0,0.0,0.0,0.0,0.0,0.0
2014_13_ARI_ATL,2014,13,ATL,ARI,7,7,0,0.0,0.0,0.0,0.0,0.0,0.0,0.0,1.0,0.0,0.0,1.0,,,70.0,0.0,0.0,0.0,0.0,0.0,0.0,0.0
2014_13_NE_GB,2014,13,GB,NE,7,7,0,0.0,0.0,0.0,0.0,0.0,0.0,0.0,0.0,1.0,1.0,0.0,28.0,14.0,28.0,14.0,1.0,0.0,0.0,0.0,22.0,4.0
2014_13_DEN_KC,2014,13,KC,DEN,10,7,3,0.0,0.0,0.0,1.0,0.0,1.0,1.0,0.0,1.0,1.0,0.0,27.0,18.0,27.0,18.0,1.0,0.0,1.0,0.0,23.0,8.0
2014_13_MIA_NYJ,2014,13,NYJ,MIA,7,8,-1,0.0,0.0,0.0,0.0,0.0,0.0,1.0,0.0,1.0,0.0,1.0,42.0,6.0,42.0,6.0,0.0,0.0,0.0,0.0,8.0,0.0
2014_14_DAL_CHI,2014,14,CHI,DAL,7,7,0,0.0,0.0,0.0,0.0,0.0,0.0,0.0,0.0,1.0,1.0,0.0,35.0,5.0,35.0,5.0,1.0,0.0,0.0,0.0,15.0,0.0
2014_14_PIT_CIN,2014,14,CIN,PIT,7,7,0,0.0,0.0,0.0,0.0,0.0,0.0,1.0,0.0,1.0,0.0,1.0,39.0,8.0,39.0,8.0,1.0,0.0,0.0,0.0,11.0,0.0
2014_14_IND_CLE,2014,14,CLE,IND,7,7,0,0.0,0.0,0.0,0.0,0.0,0.0,0.0,0.0,1.0,1.0,0.0,37.0,10.0,37.0,10.0,1.0,0.0,0.0,0.0,13.0,0.0
2014_14_TB_DET,2014,14,DET,TB,10,7,3,0.0,0.0,0.0,1.0,0.0,1.0,0.0,1.0,0.0,0.0,1.0,,,70.0,0.0,0.0,0.0,0.0,0.0,0.0,0.0
2014_14_HOU_JAX,2014,14,JAX,HOU,7,7,0,0.0,0.0,0.0,0.0,0.0,0.0,1.0,0.0,1.0,1.0,0.0,61.0,15.0,61.0,15.0,0.0,0.0,1.0,0.0,0.0,5.0
2014_14_BAL_MIA,2014,14,MIA,BAL,6,7,-1,1.0,0.0,-1.0,0.0,0.0,0.0,0.0,0.0,1.0,1.0,0.0,76.0,10.0,76.0,10.0,0.0,0.0,0.0,0.0,0.0,0.0
2014_14_NYJ_MIN,2014,14,MIN,NYJ,7,6,1,0.0,1.0,1.0,0.0,0.0,0.0,0.0,0.0,1.0,0.0,1.0,32.0,17.0,32.0,17.0,1.0,0.0,1.0,0.0,18.0,7.0
2014_14_CAR_NO,2014,14,NO,CAR,7,7,0,0.0,0.0,0.0,0.0,0.0,0.0,1.0,1.0,0.0,0.0,1.0,,,70.0,0.0,0.0,0.0,0.0,0.0,0.0,0.0
2014_14_NYG_TEN,2014,14,TEN,NYG,7,7,0,0.0,0.0,0.0,0.0,0.0,0.0,0.0,0.0,1.0,1.0,0.0,45.0,6.0,45.0,6.0,0.0,0.0,0.0,0.0,5.0,0.0
2014_14_STL_WAS,2014,14,WAS,STL,7,7,0,0.0,0.0,0.0,0.0,0.0,0.0,0.0,0.0,1.0,1.0,0.0,45.0,8.0,45.0,8.0,0.0,0.0,0.0,0.0,5.0,0.0
2014_14_KC_ARI,2014,14,ARI,KC,7,7,0,0.0,0.0,0.0,0.0,0.0,0.0,0.0,1.0,0.0,1.0,0.0,,,70.0,0.0,0.0,0.0,0.0,0.0,0.0,0.0
2014_14_BUF_DEN,2014,14,DEN,BUF,7,7,0,0.0,0.0,0.0,0.0,0.0,0.0,0.0,0.0,1.0,1.0,0.0,63.0,3.0,63.0,3.0,0.0,0.0,0.0,0.0,0.0,0.0
2014_14_SF_OAK,2014,14,OAK,SF,7,10,-3,0.0,0.0,0.0,0.0,1.0,-1.0,0.0,0.0,1.0,1.0,0.0,63.0,0.0,63.0,0.0,0.0,0.0,0.0,0.0,0.0,0.0
2014_14_SEA_PHI,2014,14,PHI,SEA,10,10,0,0.0,0.0,0.0,1.0,1.0,0.0,0.0,0.0,1.0,1.0,0.0,45.0,15.0,45.0,15.0,0.0,0.0,1.0,0.0,5.0,5.0
2014_14_NE_SD,2014,14,SD,NE,7,7,0,0.0,0.0,0.0,0.0,0.0,0.0,0.0,0.0,1.0,1.0,0.0,67.0,7.0,67.0,7.0,0.0,0.0,0.0,0.0,0.0,0.0
2014_14_ATL_GB,2014,14,GB,ATL,8,8,0,0.0,0.0,0.0,0.0,0.0,0.0,0.0,0.0,1.0,1.0,0.0,33.0,0.0,33.0,0.0,1.0,0.0,0.0,0.0,17.0,0.0
2014_15_ARI_STL,2014,15,STL,ARI,4,4,0,1.0,1.0,0.0,0.0,0.0,0.0,1.0,1.0,0.0,0.0,0.0,,,70.0,0.0,0.0,0.0,0.0,0.0,0.0,0.0
2014_15_PIT_ATL,2014,15,ATL,PIT,6,7,-1,1.0,0.0,-1.0,0.0,0.0,0.0,0.0,1.0,0.0,0.0,1.0,,,70.0,0.0,0.0,0.0,0.0,0.0,0.0,0.0
2014_15_JAX_BAL,2014,15,BAL,JAX,7,7,0,0.0,0.0,0.0,0.0,0.0,0.0,0.0,0.0,1.0,0.0,1.0,47.0,3.0,47.0,3.0,0.0,0.0,0.0,0.0,3.0,0.0
2014_15_GB_BUF,2014,15,BUF,GB,7,6,1,0.0,1.0,1.0,0.0,0.0,0.0,0.0,0.0,1.0,0.0,1.0,38.0,10.0,38.0,10.0,1.0,0.0,0.0,0.0,12.0,0.0
2014_15_TB_CAR,2014,15,CAR,TB,7,7,0,0.0,0.0,0.0,0.0,0.0,0.0,1.0,0.0,1.0,1.0,0.0,60.0,0.0,60.0,0.0,0.0,0.0,0.0,0.0,0.0,0.0
2014_15_CIN_CLE,2014,15,CLE,CIN,7,7,0,0.0,0.0,0.0,0.0,0.0,0.0,1.0,0.0,1.0,1.0,0.0,43.0,7.0,43.0,7.0,0.0,0.0,0.0,0.0,7.0,0.0
2014_15_HOU_IND,2014,15,IND,HOU,7,7,0,0.0,0.0,0.0,0.0,0.0,0.0,1.0,1.0,0.0,0.0,1.0,,,70.0,0.0,0.0,0.0,0.0,0.0,0.0,0.0
2014_15_OAK_KC,2014,15,KC,OAK,7,7,0,0.0,0.0,0.0,0.0,0.0,0.0,1.0,0.0,1.0,1.0,0.0,58.0,16.0,58.0,16.0,0.0,0.0,1.0,0.0,0.0,6.0
2014_15_MIA_NE,2014,15,NE,MIA,7,7,0,0.0,0.0,0.0,0.0,0.0,0.0,1.0,0.0,1.0,0.0,1.0,43.0,9.0,43.0,9.0,0.0,0.0,0.0,0.0,7.0,0.0
2014_15_WAS_NYG,2014,15,NYG,WAS,7,7,0,0.0,0.0,0.0,0.0,0.0,0.0,1.0,0.0,1.0,0.0,1.0,43.0,9.0,43.0,9.0,0.0,0.0,0.0,0.0,7.0,0.0
2014_15_DEN_SD,2014,15,SD,DEN,7,7,0,0.0,0.0,0.0,0.0,0.0,0.0,1.0,0.0,1.0,1.0,0.0,64.0,6.0,64.0,6.0,0.0,0.0,0.0,0.0,0.0,0.0
2014_15_NYJ_TEN,2014,15,TEN,NYJ,7,7,0,0.0,0.0,0.0,0.0,0.0,0.0,0.0,0.0,1.0,1.0,0.0,54.0,6.0,54.0,6.0,0.0,0.0,0.0,0.0,0.0,0.0
2014_15_MIN_DET,2014,15,DET,MIN,7,7,0,0.0,0.0,0.0,0.0,0.0,0.0,1.0,1.0,0.0,0.0,1.0,,,70.0,0.0,0.0,0.0,0.0,0.0,0.0,0.0
2014_15_SF_SEA,2014,15,SEA,SF,7,7,0,0.0,0.0,0.0,0.0,0.0,0.0,1.0,0.0,1.0,0.0,1.0,46.0,4.0,46.0,4.0,0.0,0.0,0.0,0.0,4.0,0.0
2014_15_DAL_PHI,2014,15,PHI,DAL,7,10,-3,0.0,0.0,0.0,0.0,1.0,-1.0,1.0,0.0,1.0,1.0,0.0,41.0,9.0,41.0,9.0,0.0,0.0,0.0,0.0,9.0,0.0
2014_15_NO_CHI,2014,15,CHI,NO,11,8,3,0.0,0.0,0.0,1.0,0.0,1.0,0.0,0.0,1.0,1.0,0.0,44.0,5.0,44.0,5.0,0.0,0.0,0.0,0.0,6.0,0.0
2014_16_TEN_JAX,2014,16,JAX,TEN,4,4,0,1.0,1.0,0.0,0.0,0.0,0.0,1.0,0.0,1.0,1.0,0.0,58.0,2.0,58.0,2.0,0.0,0.0,0.0,0.0,0.0,0.0
2014_16_PHI_WAS,2014,16,WAS,PHI,6,6,0,1.0,1.0,0.0,0.0,0.0,0.0,1.0,0.0,1.0,1.0,0.0,37.0,0.0,37.0,0.0,1.0,0.0,0.0,0.0,13.0,0.0
2014_16_SD_SF,2014,16,SF,SD,6,6,0,1.0,1.0,0.0,0.0,0.0,0.0,0.0,0.0,1.0,1.0,0.0,61.0,5.0,61.0,5.0,0.0,0.0,0.0,0.0,0.0,0.0
2014_16_CLE_CAR,2014,16,CAR,CLE,7,7,0,0.0,0.0,0.0,0.0,0.0,0.0,0.0,0.0,1.0,1.0,0.0,48.0,3.0,48.0,3.0,0.0,0.0,0.0,0.0,2.0,0.0
2014_16_DET_CHI,2014,16,CHI,DET,6,7,-1,1.0,0.0,-1.0,0.0,0.0,0.0,1.0,0.0,1.0,1.0,0.0,36.0,13.0,36.0,13.0,1.0,0.0,0.0,0.0,14.0,3.0
2014_16_BAL_HOU,2014,16,HOU,BAL,7,7,0,0.0,0.0,0.0,0.0,0.0,0.0,0.0,1.0,0.0,1.0,0.0,,,70.0,0.0,0.0,0.0,0.0,0.0,0.0,0.0
2014_16_MIN_MIA,2014,16,MIA,MIN,7,7,0,0.0,0.0,0.0,0.0,0.0,0.0,0.0,0.0,1.0,1.0,0.0,80.0,9.0,80.0,9.0,0.0,0.0,0.0,0.0,0.0,0.0
2014_16_ATL_NO,2014,16,NO,ATL,6,7,-1,1.0,0.0,-1.0,0.0,0.0,0.0,1.0,1.0,0.0,0.0,1.0,,,70.0,0.0,0.0,0.0,0.0,0.0,0.0,0.0
2014_16_NE_NYJ,2014,16,NYJ,NE,7,7,0,0.0,0.0,0.0,0.0,0.0,0.0,1.0,0.0,1.0,0.0,1.0,34.0,9.0,34.0,9.0,1.0,0.0,0.0,0.0,16.0,0.0
2014_16_KC_PIT,2014,16,PIT,KC,7,7,0,0.0,0.0,0.0,0.0,0.0,0.0,0.0,0.0,1.0,1.0,0.0,36.0,1.0,36.0,1.0,1.0,0.0,0.0,0.0,14.0,0.0
2014_16_GB_TB,2014,16,TB,GB,7,7,0,0.0,0.0,0.0,0.0,0.0,0.0,0.0,0.0,1.0,1.0,0.0,75.0,7.0,75.0,7.0,0.0,0.0,0.0,0.0,0.0,0.0
2014_16_NYG_STL,2014,16,STL,NYG,10,7,3,0.0,0.0,0.0,1.0,0.0,1.0,0.0,1.0,0.0,0.0,0.0,,,70.0,0.0,0.0,0.0,0.0,0.0,0.0,0.0
2014_16_IND_DAL,2014,16,DAL,IND,7,7,0,0.0,0.0,0.0,0.0,0.0,0.0,0.0,1.0,0.0,0.0,1.0,,,70.0,0.0,0.0,0.0,0.0,0.0,0.0,0.0
2014_16_BUF_OAK,2014,16,OAK,BUF,7,7,0,0.0,0.0,0.0,0.0,0.0,0.0,0.0,0.0,1.0,1.0,0.0,64.0,10.0,64.0,10.0,0.0,0.0,0.0,0.0,0.0,0.0
2014_16_SEA_ARI,2014,16,ARI,SEA,10,7,3,0.0,0.0,0.0,1.0,0.0,1.0,1.0,1.0,0.0,1.0,0.0,,,70.0,0.0,0.0,0.0,0.0,0.0,0.0,0.0
2014_16_DEN_CIN,2014,16,CIN,DEN,8,8,0,0.0,0.0,0.0,0.0,0.0,0.0,0.0,0.0,1.0,0.0,1.0,47.0,8.0,47.0,8.0,0.0,0.0,0.0,0.0,3.0,0.0
2014_17_CLE_BAL,2014,17,BAL,CLE,7,7,0,0.0,0.0,0.0,0.0,0.0,0.0,1.0,0.0,1.0,0.0,1.0,54.0,5.0,54.0,5.0,0.0,0.0,0.0,0.0,0.0,0.0
2014_17_JAX_HOU,2014,17,HOU,JAX,7,10,-3,0.0,0.0,0.0,0.0,1.0,-1.0,1.0,1.0,0.0,1.0,0.0,,,70.0,0.0,0.0,0.0,0.0,0.0,0.0,0.0
2014_17_SD_KC,2014,17,KC,SD,7,8,-1,0.0,0.0,0.0,0.0,0.0,0.0,1.0,0.0,1.0,1.0,0.0,31.0,7.0,31.0,7.0,1.0,0.0,0.0,0.0,19.0,0.0
2014_17_NYJ_MIA,2014,17,MIA,NYJ,7,7,0,0.0,0.0,0.0,0.0,0.0,0.0,1.0,0.0,1.0,1.0,0.0,80.0,12.0,80.0,12.0,0.0,0.0,0.0,0.0,0.0,2.0
2014_17_CHI_MIN,2014,17,MIN,CHI,7,7,0,0.0,0.0,0.0,0.0,0.0,0.0,1.0,0.0,1.0,0.0,1.0,15.0,0.0,15.0,0.0,1.0,1.0,0.0,0.0,35.0,0.0
2014_17_BUF_NE,2014,17,NE,BUF,7,7,0,0.0,0.0,0.0,0.0,0.0,0.0,1.0,0.0,1.0,0.0,1.0,49.0,9.0,49.0,9.0,0.0,0.0,0.0,0.0,1.0,0.0
2014_17_PHI_NYG,2014,17,NYG,PHI,7,8,-1,0.0,0.0,0.0,0.0,0.0,0.0,1.0,0.0,1.0,0.0,1.0,48.0,8.0,48.0,8.0,0.0,0.0,0.0,0.0,2.0,0.0
2014_17_NO_TB,2014,17,TB,NO,7,7,0,0.0,0.0,0.0,0.0,0.0,0.0,1.0,0.0,1.0,1.0,0.0,79.0,6.0,79.0,6.0,0.0,0.0,0.0,0.0,0.0,0.0
2014_17_IND_TEN,2014,17,TEN,IND,10,7,3,0.0,0.0,0.0,1.0,0.0,1.0,1.0,0.0,1.0,1.0,0.0,40.0,6.0,40.0,6.0,1.0,0.0,0.0,0.0,10.0,0.0
2014_17_DAL_WAS,2014,17,WAS,DAL,8,7,1,0.0,0.0,0.0,0.0,0.0,0.0,1.0,0.0,1.0,1.0,0.0,58.0,0.0,58.0,0.0,0.0,0.0,0.0,0.0,0.0,0.0
2014_17_CAR_ATL,2014,17,ATL,CAR,7,7,0,0.0,0.0,0.0,0.0,0.0,0.0,1.0,1.0,0.0,0.0,1.0,,,70.0,0.0,0.0,0.0,0.0,0.0,0.0,0.0
2014_17_OAK_DEN,2014,17,DEN,OAK,6,7,-1,1.0,0.0,-1.0,0.0,0.0,0.0,1.0,0.0,1.0,1.0,0.0,40.0,7.0,40.0,7.0,1.0,0.0,0.0,0.0,10.0,0.0
2014_17_DET_GB,2014,17,GB,DET,7,7,0,0.0,0.0,0.0,0.0,0.0,0.0,1.0,0.0,1.0,1.0,0.0,27.0,5.0,27.0,5.0,1.0,0.0,0.0,0.0,23.0,0.0
2014_17_STL_SEA,2014,17,SEA,STL,7,7,0,0.0,0.0,0.0,0.0,0.0,0.0,1.0,0.0,1.0,0.0,1.0,43.0,5.0,43.0,5.0,0.0,0.0,0.0,0.0,7.0,0.0
2014_17_ARI_SF,2014,17,SF,ARI,8,7,1,0.0,0.0,0.0,0.0,0.0,0.0,1.0,0.0,1.0,1.0,0.0,51.0,3.0,51.0,3.0,0.0,0.0,0.0,0.0,0.0,0.0
2014_17_CIN_PIT,2014,17,PIT,CIN,7,6,1,0.0,1.0,1.0,0.0,0.0,0.0,1.0,0.0,1.0,1.0,0.0,37.0,5.0,37.0,5.0,1.0,0.0,0.0,0.0,13.0,0.0
2014_18_ARI_CAR,2014,18,CAR,ARI,6,6,0,1.0,1.0,0.0,0.0,0.0,0.0,0.0,0.0,1.0,1.0,0.0,51.0,6.0,51.0,6.0,0.0,0.0,0.0,0.0,0.0,0.0
2014_18_BAL_PIT,2014,18,PIT,BAL,6,6,0,1.0,1.0,0.0,0.0,0.0,0.0,1.0,0.0,1.0,1.0,0.0,48.0,10.0,48.0,10.0,0.0,0.0,0.0,0.0,2.0,0.0
2014_18_CIN_IND,2014,18,IND,CIN,7,7,0,0.0,0.0,0.0,0.0,0.0,0.0,0.0,1.0,0.0,0.0,1.0,,,70.0,0.0,0.0,0.0,0.0,0.0,0.0,0.0
2014_18_DET_DAL,2014,18,DAL,DET,7,7,0,0.0,0.0,0.0,0.0,0.0,0.0,0.0,1.0,0.0,0.0,1.0,,,70.0,0.0,0.0,0.0,0.0,0.0,0.0,0.0
2014_19_BAL_NE,2014,19,NE,BAL,13,7,6,0.0,0.0,0.0,1.0,0.0,1.0,0.0,0.0,1.0,0.0,1.0,20.0,12.0,20.0,12.0,1.0,1.0,0.0,0.0,30.0,2.0
2014_19_CAR_SEA,2014,19,SEA,CAR,13,7,6,0.0,0.0,0.0,1.0,0.0,1.0,0.0,0.0,1.0,0.0,1.0,48.0,0.0,48.0,0.0,0.0,0.0,0.0,0.0,2.0,0.0
2014_19_DAL_GB,2014,19,GB,DAL,14,7,7,0.0,0.0,0.0,1.0,0.0,1.0,0.0,0.0,1.0,1.0,0.0,24.0,0.0,24.0,0.0,1.0,1.0,0.0,0.0,26.0,0.0
2014_19_IND_DEN,2014,19,DEN,IND,14,7,7,0.0,0.0,0.0,1.0,0.0,1.0,0.0,0.0,1.0,1.0,0.0,40.0,7.0,40.0,7.0,1.0,0.0,0.0,0.0,10.0,0.0
2014_20_GB_SEA,2014,20,SEA,GB,8,7,1,0.0,0.0,0.0,0.0,0.0,0.0,0.0,0.0,1.0,0.0,1.0,52.0,15.0,52.0,15.0,0.0,0.0,1.0,0.0,0.0,5.0
2014_20_IND_NE,2014,20,NE,IND,8,7,1,0.0,0.0,0.0,0.0,0.0,0.0,0.0,0.0,1.0,0.0,1.0,51.0,15.0,51.0,15.0,0.0,0.0,1.0,0.0,0.0,5.0
2014_21_NE_SEA,2014,21,SEA,NE,14,14,0,0.0,0.0,0.0,1.0,1.0,0.0,0.0,1.0,0.0,1.0,0.0,,,70.0,0.0,0.0,0.0,0.0,0.0,0.0,0.0
2015_01_PIT_NE,2015,1,NE,PIT,7,7,0,0.0,0.0,0.0,0.0,0.0,0.0,0.0,0.0,1.0,0.0,1.0,65.0,7.0,65.0,7.0,0.0,0.0,0.0,0.0,0.0,0.0
2015_01_IND_BUF,2015,1,BUF,IND,7,7,0,0.0,0.0,0.0,0.0,0.0,0.0,0.0,0.0,1.0,0.0,1.0,56.0,15.0,56.0,15.0,0.0,0.0,1.0,0.0,0.0,5.0
2015_01_GB_CHI,2015,1,CHI,GB,7,7,0,0.0,0.0,0.0,0.0,0.0,0.0,1.0,0.0,1.0,1.0,0.0,72.0,11.0,72.0,11.0,0.0,0.0,0.0,0.0,0.0,1.0
2015_01_KC_HOU,2015,1,HOU,KC,7,7,0,0.0,0.0,0.0,0.0,0.0,0.0,0.0,1.0,0.0,1.0,0.0,,,70.0,0.0,0.0,0.0,0.0,0.0,0.0,0.0
2015_01_CAR_JAX,2015,1,JAX,CAR,7,7,0,0.0,0.0,0.0,0.0,0.0,0.0,0.0,0.0,1.0,1.0,0.0,77.0,7.0,77.0,7.0,0.0,0.0,0.0,0.0,0.0,0.0
2015_01_CLE_NYJ,2015,1,NYJ,CLE,7,7,0,0.0,0.0,0.0,0.0,0.0,0.0,0.0,0.0,1.0,0.0,1.0,77.0,8.0,77.0,8.0,0.0,0.0,0.0,0.0,0.0,0.0
2015_01_SEA_STL,2015,1,STL,SEA,7,7,0,0.0,0.0,0.0,0.0,0.0,0.0,1.0,1.0,0.0,0.0,0.0,,,70.0,0.0,0.0,0.0,0.0,0.0,0.0,0.0
2015_01_MIA_WAS,2015,1,WAS,MIA,7,7,0,0.0,0.0,0.0,0.0,0.0,0.0,0.0,0.0,1.0,1.0,0.0,69.0,10.0,69.0,10.0,0.0,0.0,0.0,0.0,0.0,0.0
2015_01_NO_ARI,2015,1,ARI,NO,7,7,0,0.0,0.0,0.0,0.0,0.0,0.0,0.0,1.0,0.0,1.0,0.0,,,70.0,0.0,0.0,0.0,0.0,0.0,0.0,0.0
2015_01_DET_SD,2015,1,SD,DET,7,7,0,0.0,0.0,0.0,0.0,0.0,0.0,0.0,0.0,1.0,1.0,0.0,84.0,10.0,84.0,10.0,0.0,0.0,0.0,0.0,0.0,0.0
2015_01_BAL_DEN,2015,1,DEN,BAL,7,7,0,0.0,0.0,0.0,0.0,0.0,0.0,0.0,0.0,1.0,1.0,0.0,88.0,13.0,88.0,13.0,0.0,0.0,0.0,0.0,0.0,3.0
2015_01_CIN_OAK,2015,1,OAK,CIN,7,7,0,0.0,0.0,0.0,0.0,0.0,0.0,0.0,0.0,1.0,1.0,0.0,73.0,9.0,73.0,9.0,0.0,0.0,0.0,0.0,0.0,0.0
2015_01_TEN_TB,2015,1,TB,TEN,7,7,0,0.0,0.0,0.0,0.0,0.0,0.0,0.0,0.0,1.0,1.0,0.0,84.0,8.0,84.0,8.0,0.0,0.0,0.0,0.0,0.0,0.0
2015_01_NYG_DAL,2015,1,DAL,NYG,7,7,0,0.0,0.0,0.0,0.0,0.0,0.0,1.0,1.0,0.0,0.0,1.0,,,70.0,0.0,0.0,0.0,0.0,0.0,0.0,0.0
2015_01_PHI_ATL,2015,1,ATL,PHI,7,7,0,0.0,0.0,0.0,0.0,0.0,0.0,0.0,1.0,0.0,0.0,1.0,,,70.0,0.0,0.0,0.0,0.0,0.0,0.0,0.0
2015_01_MIN_SF,2015,1,SF,MIN,7,7,0,0.0,0.0,0.0,0.0,0.0,0.0,0.0,0.0,1.0,1.0,0.0,70.0,5.0,70.0,5.0,0.0,0.0,0.0,0.0,0.0,0.0
2015_02_DEN_KC,2015,2,KC,DEN,4,4,0,1.0,1.0,0.0,0.0,0.0,0.0,1.0,0.0,1.0,1.0,0.0,87.0,13.0,87.0,13.0,0.0,0.0,0.0,0.0,0.0,3.0
2015_02_NE_BUF,2015,2,BUF,NE,7,10,-3,0.0,0.0,0.0,0.0,1.0,-1.0,1.0,0.0,1.0,0.0,1.0,62.0,7.0,62.0,7.0,0.0,0.0,0.0,0.0,0.0,0.0
2015_02_HOU_CAR,2015,2,CAR,HOU,7,7,0,0.0,0.0,0.0,0.0,0.0,0.0,0.0,0.0,1.0,1.0,0.0,88.0,6.0,88.0,6.0,0.0,0.0,0.0,0.0,0.0,0.0
2015_02_ARI_CHI,2015,2,CHI,ARI,7,7,0,0.0,0.0,0.0,0.0,0.0,0.0,0.0,0.0,1.0,1.0,0.0,70.0,6.0,70.0,6.0,0.0,0.0,0.0,0.0,0.0,0.0
2015_02_SD_CIN,2015,2,CIN,SD,7,7,0,0.0,0.0,0.0,0.0,0.0,0.0,0.0,0.0,1.0,0.0,1.0,69.0,6.0,69.0,6.0,0.0,0.0,0.0,0.0,0.0,0.0
2015_02_TEN_CLE,2015,2,CLE,TEN,7,7,0,0.0,0.0,0.0,0.0,0.0,0.0,0.0,0.0,1.0,1.0,0.0,64.0,12.0,64.0,12.0,0.0,0.0,0.0,0.0,0.0,2.0
2015_02_DET_MIN,2015,2,MIN,DET,6,7,-1,1.0,0.0,-1.0,0.0,0.0,0.0,1.0,0.0,1.0,0.0,1.0,67.0,0.0,67.0,0.0,0.0,0.0,0.0,0.0,0.0,0.0
2015_02_TB_NO,2015,2,NO,TB,7,7,0,0.0,0.0,0.0,0.0,0.0,0.0,1.0,1.0,0.0,0.0,1.0,,,70.0,0.0,0.0,0.0,0.0,0.0,0.0,0.0
2015_02_ATL_NYG,2015,2,NYG,ATL,7,6,1,0.0,1.0,1.0,0.0,0.0,0.0,0.0,0.0,1.0,0.0,1.0,73.0,9.0,73.0,9.0,0.0,0.0,0.0,0.0,0.0,0.0
2015_02_SF_PIT,2015,2,PIT,SF,10,6,4,0.0,1.0,1.0,1.0,0.0,1.0,0.0,0.0,1.0,1.0,0.0,66.0,10.0,66.0,10.0,0.0,0.0,0.0,0.0,0.0,0.0
2015_02_STL_WAS,2015,2,WAS,STL,7,7,0,0.0,0.0,0.0,0.0,0.0,0.0,0.0,0.0,1.0,1.0,0.0,72.0,9.0,72.0,9.0,0.0,0.0,0.0,0.0,0.0,0.0
2015_02_MIA_JAX,2015,2,JAX,MIA,7,7,0,0.0,0.0,0.0,0.0,0.0,0.0,0.0,0.0,1.0,1.0,0.0,87.0,5.0,87.0,5.0,0.0,0.0,0.0,0.0,0.0,0.0
2015_02_BAL_OAK,2015,2,OAK,BAL,7,7,0,0.0,0.0,0.0,0.0,0.0,0.0,0.0,0.0,1.0,1.0,0.0,80.0,8.0,80.0,8.0,0.0,0.0,0.0,0.0,0.0,0.0
2015_02_DAL_PHI,2015,2,PHI,DAL,6,7,-1,1.0,0.0,-1.0,0.0,0.0,0.0,1.0,0.0,1.0,1.0,0.0,77.0,15.0,77.0,15.0,0.0,0.0,1.0,0.0,0.0,5.0
2015_02_SEA_GB,2015,2,GB,SEA,7,7,0,0.0,0.0,0.0,0.0,0.0,0.0,0.0,0.0,1.0,1.0,0.0,62.0,9.0,62.0,9.0,0.0,0.0,0.0,0.0,0.0,0.0
2015_02_NYJ_IND,2015,2,IND,NYJ,8,8,0,0.0,0.0,0.0,0.0,0.0,0.0,0.0,1.0,0.0,0.0,1.0,,,70.0,0.0,0.0,0.0,0.0,0.0,0.0,0.0
2015_03_WAS_NYG,2015,3,NYG,WAS,4,4,0,1.0,1.0,0.0,0.0,0.0,0.0,1.0,0.0,1.0,0.0,1.0,71.0,4.0,71.0,4.0,0.0,0.0,0.0,0.0,0.0,0.0
2015_03_CIN_BAL,2015,3,BAL,CIN,7,7,0,0.0,0.0,0.0,0.0,0.0,0.0,1.0,0.0,1.0,0.0,1.0,70.0,12.0,70.0,12.0,0.0,0.0,0.0,0.0,0.0,2.0
2015_03_NO_CAR,2015,3,CAR,NO,7,7,0,0.0,0.0,0.0,0.0,0.0,0.0,1.0,0.0,1.0,1.0,0.0,69.0,9.0,69.0,9.0,0.0,0.0,0.0,0.0,0.0,0.0
2015_03_OAK_CLE,2015,3,CLE,OAK,7,7,0,0.0,0.0,0.0,0.0,0.0,0.0,0.0,0.0,1.0,1.0,0.0,75.0,16.0,75.0,16.0,0.0,0.0,1.0,0.0,0.0,6.0
2015_03_ATL_DAL,2015,3,DAL,ATL,7,7,0,0.0,0.0,0.0,0.0,0.0,0.0,0.0,1.0,0.0,0.0,1.0,,,70.0,0.0,0.0,0.0,0.0,0.0,0.0,0.0
2015_03_TB_HOU,2015,3,HOU,TB,7,7,0,0.0,0.0,0.0,0.0,0.0,0.0,0.0,1.0,0.0,0.0,1.0,,,70.0,0.0,0.0,0.0,0.0,0.0,0.0,0.0
2015_03_SD_MIN,2015,3,MIN,SD,7,7,0,0.0,0.0,0.0,0.0,0.0,0.0,0.0,0.0,1.0,0.0,1.0,75.0,12.0,75.0,12.0,0.0,0.0,0.0,0.0,0.0,2.0
2015_03_JAX_NE,2015,3,NE,JAX,7,7,0,0.0,0.0,0.0,0.0,0.0,0.0,0.0,0.0,1.0,0.0,1.0,68.0,6.0,68.0,6.0,0.0,0.0,0.0,0.0,0.0,0.0
2015_03_PHI_NYJ,2015,3,NYJ,PHI,6,7,-1,1.0,0.0,-1.0,0.0,0.0,0.0,0.0,0.0,1.0,0.0,1.0,66.0,7.0,66.0,7.0,0.0,0.0,0.0,0.0,0.0,0.0
2015_03_PIT_STL,2015,3,STL,PIT,7,7,0,0.0,0.0,0.0,0.0,0.0,0.0,0.0,1.0,0.0,0.0,0.0,,,70.0,0.0,0.0,0.0,0.0,0.0,0.0,0.0
2015_03_IND_TEN,2015,3,TEN,IND,7,6,1,0.0,1.0,1.0,0.0,0.0,0.0,1.0,0.0,1.0,1.0,0.0,74.0,3.0,74.0,3.0,0.0,0.0,0.0,0.0,0.0,0.0
2015_03_SF_ARI,2015,3,ARI,SF,7,7,0,0.0,0.0,0.0,0.0,0.0,0.0,1.0,1.0,0.0,1.0,0.0,,,70.0,0.0,0.0,0.0,0.0,0.0,0.0,0.0
2015_03_BUF_MIA,2015,3,MIA,BUF,7,7,0,0.0,0.0,0.0,0.0,0.0,0.0,1.0,0.0,1.0,1.0,0.0,87.0,6.0,87.0,6.0,0.0,0.0,0.0,0.0,0.0,0.0
2015_03_CHI_SEA,2015,3,SEA,CHI,7,7,0,0.0,0.0,0.0,0.0,0.0,0.0,0.0,0.0,1.0,0.0,1.0,60.0,5.0,60.0,5.0,0.0,0.0,0.0,0.0,0.0,0.0
2015_03_DEN_DET,2015,3,DET,DEN,7,10,-3,0.0,0.0,0.0,0.0,1.0,-1.0,0.0,1.0,0.0,0.0,1.0,,,70.0,0.0,0.0,0.0,0.0,0.0,0.0,0.0
2015_03_KC_GB,2015,3,GB,KC,8,11,-3,0.0,0.0,0.0,0.0,1.0,-1.0,0.0,0.0,1.0,1.0,0.0,67.0,5.0,67.0,5.0,0.0,0.0,0.0,0.0,0.0,0.0
2015_04_BAL_PIT,2015,4,PIT,BAL,4,4,0,1.0,1.0,0.0,0.0,0.0,0.0,1.0,0.0,1.0,1.0,0.0,63.0,8.0,63.0,8.0,0.0,0.0,0.0,0.0,0.0,0.0
2015_04_NYJ_MIA,2015,4,MIA,NYJ,7,7,0,0.0,0.0,0.0,0.0,0.0,0.0,1.0,0.0,1.0,1.0,0.0,59.0,5.0,59.0,5.0,0.0,0.0,0.0,0.0,0.0,0.0
2015_04_HOU_ATL,2015,4,ATL,HOU,7,7,0,0.0,0.0,0.0,0.0,0.0,0.0,0.0,1.0,0.0,0.0,1.0,,,70.0,0.0,0.0,0.0,0.0,0.0,0.0,0.0
2015_04_NYG_BUF,2015,4,BUF,NYG,7,10,-3,0.0,0.0,0.0,0.0,1.0,-1.0,0.0,0.0,1.0,0.0,1.0,60.0,8.0,60.0,8.0,0.0,0.0,0.0,0.0,0.0,0.0
2015_04_OAK_CHI,2015,4,CHI,OAK,7,7,0,0.0,0.0,0.0,0.0,0.0,0.0,0.0,0.0,1.0,1.0,0.0,55.0,12.0,55.0,12.0,0.0,0.0,0.0,0.0,0.0,2.0
2015_04_KC_CIN,2015,4,CIN,KC,7,6,1,0.0,1.0,1.0,0.0,0.0,0.0,0.0,0.0,1.0,0.0,1.0,68.0,5.0,68.0,5.0,0.0,0.0,0.0,0.0,0.0,0.0
2015_04_JAX_IND,2015,4,IND,JAX,7,7,0,0.0,0.0,0.0,0.0,0.0,0.0,1.0,0.0,1.0,0.0,1.0,,,,,0.0,0.0,0.0,0.0,0.0,0.0
2015_04_CAR_TB,2015,4,TB,CAR,7,7,0,0.0,0.0,0.0,0.0,0.0,0.0,1.0,0.0,1.0,1.0,0.0,74.0,5.0,74.0,5.0,0.0,0.0,0.0,0.0,0.0,0.0
2015_04_PHI_WAS,2015,4,WAS,PHI,10,7,3,0.0,0.0,0.0,1.0,0.0,1.0,1.0,0.0,1.0,1.0,0.0,58.0,13.0,58.0,13.0,0.0,0.0,0.0,0.0,0.0,3.0
2015_04_CLE_SD,2015,4,SD,CLE,7,7,0,0.0,0.0,0.0,0.0,0.0,0.0,0.0,0.0,1.0,1.0,0.0,68.0,11.0,68.0,11.0,0.0,0.0,0.0,0.0,0.0,1.0
2015_04_STL_ARI,2015,4,ARI,STL,7,7,0,0.0,0.0,0.0,0.0,0.0,0.0,1.0,1.0,0.0,1.0,0.0,,,70.0,0.0,0.0,0.0,0.0,0.0,0.0,0.0
2015_04_MIN_DEN,2015,4,DEN,MIN,7,7,0,0.0,0.0,0.0,0.0,0.0,0.0,0.0,0.0,1.0,1.0,0.0,61.0,9.0,61.0,9.0,0.0,0.0,0.0,0.0,0.0,0.0
2015_04_GB_SF,2015,4,SF,GB,7,6,1,0.0,1.0,1.0,0.0,0.0,0.0,0.0,0.0,1.0,1.0,0.0,74.0,5.0,74.0,5.0,0.0,0.0,0.0,0.0,0.0,0.0
2015_04_DAL_NO,2015,4,NO,DAL,7,7,0,0.0,0.0,0.0,0.0,0.0,0.0,0.0,1.0,0.0,0.0,1.0,,,70.0,0.0,0.0,0.0,0.0,0.0,0.0,0.0
2015_04_DET_SEA,2015,4,SEA,DET,8,8,0,0.0,0.0,0.0,0.0,0.0,0.0,0.0,0.0,1.0,0.0,1.0,74.0,8.0,74.0,8.0,0.0,0.0,0.0,0.0,0.0,0.0
2015_05_IND_HOU,2015,5,HOU,IND,4,4,0,1.0,1.0,0.0,0.0,0.0,0.0,1.0,1.0,0.0,0.0,1.0,,,70.0,0.0,0.0,0.0,0.0,0.0,0.0,0.0
2015_05_WAS_ATL,2015,5,ATL,WAS,7,7,0,0.0,0.0,0.0,0.0,0.0,0.0,0.0,1.0,0.0,0.0,1.0,,,70.0,0.0,0.0,0.0,0.0,0.0,0.0,0.0
2015_05_CLE_BAL,2015,5,BAL,CLE,10,7,3,0.0,0.0,0.0,1.0,0.0,1.0,1.0,0.0,1.0,0.0,1.0,65.0,2.0,65.0,2.0,0.0,0.0,0.0,0.0,0.0,0.0
2015_05_SEA_CIN,2015,5,CIN,SEA,7,6,1,0.0,1.0,1.0,0.0,0.0,0.0,0.0,0.0,1.0,0.0,1.0,66.0,3.0,66.0,3.0,0.0,0.0,0.0,0.0,0.0,0.0
2015_05_STL_GB,2015,5,GB,STL,7,7,0,0.0,0.0,0.0,0.0,0.0,0.0,0.0,0.0,1.0,1.0,0.0,67.0,14.0,67.0,14.0,0.0,0.0,0.0,0.0,0.0,4.0
2015_05_CHI_KC,2015,5,KC,CHI,7,7,0,0.0,0.0,0.0,0.0,0.0,0.0,0.0,0.0,1.0,1.0,0.0,72.0,10.0,72.0,10.0,0.0,0.0,0.0,0.0,0.0,0.0
2015_05_NO_PHI,2015,5,PHI,NO,7,7,0,0.0,0.0,0.0,0.0,0.0,0.0,0.0,0.0,1.0,1.0,0.0,67.0,6.0,67.0,6.0,0.0,0.0,0.0,0.0,0.0,0.0
2015_05_JAX_TB,2015,5,TB,JAX,7,7,0,0.0,0.0,0.0,0.0,0.0,0.0,0.0,0.0,1.0,1.0,0.0,84.0,9.0,84.0,9.0,0.0,0.0,0.0,0.0,0.0,0.0
2015_05_BUF_TEN,2015,5,TEN,BUF,14,7,7,0.0,0.0,0.0,1.0,0.0,1.0,0.0,0.0,1.0,1.0,0.0,67.0,5.0,67.0,5.0,0.0,0.0,0.0,0.0,0.0,0.0
2015_05_ARI_DET,2015,5,DET,ARI,6,7,-1,1.0,0.0,-1.0,0.0,0.0,0.0,0.0,1.0,0.0,0.0,1.0,,,70.0,0.0,0.0,0.0,0.0,0.0,0.0,0.0
2015_05_NE_DAL,2015,5,DAL,NE,7,14,-7,0.0,0.0,0.0,0.0,1.0,-1.0,0.0,1.0,0.0,0.0,1.0,,,70.0,0.0,0.0,0.0,0.0,0.0,0.0,0.0
2015_05_DEN_OAK,2015,5,OAK,DEN,7,7,0,0.0,0.0,0.0,0.0,0.0,0.0,1.0,0.0,1.0,1.0,0.0,72.0,10.0,72.0,10.0,0.0,0.0,0.0,0.0,0.0,0.0
2015_05_SF_NYG,2015,5,NYG,SF,7,7,0,0.0,0.0,0.0,0.0,0.0,0.0,0.0,0.0,1.0,0.0,1.0,61.0,4.0,61.0,4.0,0.0,0.0,0.0,0.0,0.0,0.0
2015_05_PIT_SD,2015,5,SD,PIT,8,11,-3,0.0,0.0,0.0,0.0,1.0,-1.0,0.0,0.0,1.0,1.0,0.0,93.0,10.0,93.0,10.0,0.0,0.0,0.0,0.0,0.0,0.0
2015_06_ATL_NO,2015,6,NO,ATL,4,4,0,1.0,1.0,0.0,0.0,0.0,0.0,1.0,1.0,0.0,0.0,1.0,,,70.0,0.0,0.0,0.0,0.0,0.0,0.0,0.0
2015_06_CIN_BUF,2015,6,BUF,CIN,7,7,0,0.0,0.0,0.0,0.0,0.0,0.0,0.0,0.0,1.0,0.0,1.0,40.0,4.0,40.0,4.0,1.0,0.0,0.0,0.0,10.0,0.0
2015_06_DEN_CLE,2015,6,CLE,DEN,7,7,0,0.0,0.0,0.0,0.0,0.0,0.0,0.0,0.0,1.0,1.0,0.0,47.0,20.0,47.0,20.0,0.0,0.0,1.0,1.0,3.0,10.0
2015_06_CHI_DET,2015,6,DET,CHI,7,7,0,0.0,0.0,0.0,0.0,0.0,0.0,1.0,1.0,0.0,0.0,1.0,,,70.0,0.0,0.0,0.0,0.0,0.0,0.0,0.0
2015_06_HOU_JAX,2015,6,JAX,HOU,7,10,-3,0.0,0.0,0.0,0.0,1.0,-1.0,1.0,0.0,1.0,1.0,0.0,73.0,18.0,73.0,18.0,0.0,0.0,1.0,0.0,0.0,8.0
2015_06_KC_MIN,2015,6,MIN,KC,14,7,7,0.0,0.0,0.0,1.0,0.0,1.0,0.0,0.0,1.0,0.0,1.0,54.0,10.0,54.0,10.0,0.0,0.0,0.0,0.0,0.0,0.0
2015_06_WAS_NYJ,2015,6,NYJ,WAS,14,7,7,0.0,0.0,0.0,1.0,0.0,1.0,0.0,0.0,1.0,0.0,1.0,49.0,16.0,49.0,16.0,0.0,0.0,1.0,0.0,1.0,6.0
2015_06_ARI_PIT,2015,6,PIT,ARI,6,7,-1,1.0,0.0,-1.0,0.0,0.0,0.0,0.0,0.0,1.0,1.0,0.0,45.0,12.0,45.0,12.0,0.0,0.0,0.0,0.0,5.0,2.0
2015_06_MIA_TEN,2015,6,TEN,MIA,7,14,-7,0.0,0.0,0.0,0.0,1.0,-1.0,0.0,0.0,1.0,1.0,0.0,56.0,8.0,56.0,8.0,0.0,0.0,0.0,0.0,0.0,0.0
2015_06_CAR_SEA,2015,6,SEA,CAR,7,14,-7,0.0,0.0,0.0,0.0,1.0,-1.0,0.0,0.0,1.0,0.0,1.0,61.0,5.0,61.0,5.0,0.0,0.0,0.0,0.0,0.0,0.0
2015_06_SD_GB,2015,6,GB,SD,7,6,1,0.0,1.0,1.0,0.0,0.0,0.0,0.0,0.0,1.0,1.0,0.0,54.0,12.0,54.0,12.0,0.0,0.0,0.0,0.0,0.0,2.0
2015_06_BAL_SF,2015,6,SF,BAL,7,7,0,0.0,0.0,0.0,0.0,0.0,0.0,0.0,0.0,1.0,1.0,0.0,69.0,7.0,69.0,7.0,0.0,0.0,0.0,0.0,0.0,0.0
2015_06_NE_IND,2015,6,IND,NE,10,7,3,0.0,0.0,0.0,1.0,0.0,1.0,0.0,1.0,0.0,0.0,1.0,,,70.0,0.0,0.0,0.0,0.0,0.0,0.0,0.0
2015_06_NYG_PHI,2015,6,PHI,NYG,8,8,0,0.0,0.0,0.0,0.0,0.0,0.0,1.0,0.0,1.0,1.0,0.0,44.0,6.0,44.0,6.0,0.0,0.0,0.0,0.0,6.0,0.0
2015_07_SEA_SF,2015,7,SF,SEA,4,4,0,1.0,1.0,0.0,0.0,0.0,0.0,1.0,0.0,1.0,1.0,0.0,75.0,8.0,75.0,8.0,0.0,0.0,0.0,0.0,0.0,0.0
2015_07_BUF_JAX,2015,7,JAX,BUF,7,7,0,0.0,0.0,0.0,0.0,0.0,0.0,0.0,0.0,1.0,1.0,0.0,48.0,2.0,48.0,2.0,0.0,0.0,0.0,0.0,2.0,0.0
2015_07_MIN_DET,2015,7,DET,MIN,7,7,0,0.0,0.0,0.0,0.0,0.0,0.0,1.0,1.0,0.0,0.0,1.0,,,70.0,0.0,0.0,0.0,0.0,0.0,0.0,0.0
2015_07_NO_IND,2015,7,IND,NO,7,10,-3,0.0,0.0,0.0,0.0,1.0,-1.0,0.0,0.0,1.0,0.0,1.0,,,,,0.0,0.0,0.0,0.0,0.0,0.0
2015_07_PIT_KC,2015,7,KC,PIT,7,7,0,0.0,0.0,0.0,0.0,0.0,0.0,0.0,0.0,1.0,1.0,0.0,58.0,7.0,58.0,7.0,0.0,0.0,0.0,0.0,0.0,0.0
2015_07_HOU_MIA,2015,7,MIA,HOU,7,7,0,0.0,0.0,0.0,0.0,0.0,0.0,0.0,0.0,1.0,1.0,0.0,84.0,13.0,84.0,13.0,0.0,0.0,0.0,0.0,0.0,3.0
2015_07_NYJ_NE,2015,7,NE,NYJ,7,7,0,0.0,0.0,0.0,0.0,0.0,0.0,1.0,0.0,1.0,0.0,1.0,58.0,9.0,58.0,9.0,0.0,0.0,0.0,0.0,0.0,0.0
2015_07_CLE_STL,2015,7,STL,CLE,14,7,7,0.0,0.0,0.0,1.0,0.0,1.0,0.0,1.0,0.0,0.0,0.0,,,70.0,0.0,0.0,0.0,0.0,0.0,0.0,0.0
2015_07_ATL_TEN,2015,7,TEN,ATL,7,10,-3,0.0,0.0,0.0,0.0,1.0,-1.0,0.0,0.0,1.0,1.0,0.0,59.0,8.0,59.0,8.0,0.0,0.0,0.0,0.0,0.0,0.0
2015_07_TB_WAS,2015,7,WAS,TB,7,14,-7,0.0,0.0,0.0,0.0,1.0,-1.0,0.0,0.0,1.0,1.0,0.0,64.0,5.0,64.0,5.0,0.0,0.0,0.0,0.0,0.0,0.0
2015_07_OAK_SD,2015,7,SD,OAK,7,14,-7,0.0,0.0,0.0,0.0,1.0,-1.0,1.0,0.0,1.0,1.0,0.0,77.0,4.0,77.0,4.0,0.0,0.0,0.0,0.0,0.0,0.0
2015_07_DAL_NYG,2015,7,NYG,DAL,6,14,-8,1.0,0.0,-1.0,0.0,1.0,-1.0,1.0,0.0,1.0,0.0,1.0,71.0,14.0,71.0,14.0,0.0,0.0,0.0,0.0,0.0,4.0
2015_07_PHI_CAR,2015,7,CAR,PHI,7,6,1,0.0,1.0,1.0,0.0,0.0,0.0,0.0,0.0,1.0,1.0,0.0,71.0,0.0,71.0,0.0,0.0,0.0,0.0,0.0,0.0,0.0
2015_07_BAL_ARI,2015,7,ARI,BAL,8,8,0,0.0,0.0,0.0,0.0,0.0,0.0,0.0,1.0,0.0,1.0,0.0,,,70.0,0.0,0.0,0.0,0.0,0.0,0.0,0.0
2015_08_MIA_NE,2015,8,NE,MIA,4,4,0,1.0,1.0,0.0,0.0,0.0,0.0,1.0,0.0,1.0,0.0,1.0,58.0,10.0,58.0,10.0,0.0,0.0,0.0,0.0,0.0,0.0
2015_08_DET_KC,2015,8,KC,DET,7,7,0,0.0,0.0,0.0,0.0,0.0,0.0,0.0,0.0,1.0,1.0,0.0,50.0,2.0,50.0,2.0,0.0,0.0,0.0,0.0,0.0,0.0
2015_08_TB_ATL,2015,8,ATL,TB,7,7,0,0.0,0.0,0.0,0.0,0.0,0.0,1.0,1.0,0.0,0.0,1.0,,,70.0,0.0,0.0,0.0,0.0,0.0,0.0,0.0
2015_08_SD_BAL,2015,8,BAL,SD,6,7,-1,1.0,0.0,-1.0,0.0,0.0,0.0,0.0,0.0,1.0,0.0,1.0,63.0,10.0,63.0,10.0,0.0,0.0,0.0,0.0,0.0,0.0
2015_08_MIN_CHI,2015,8,CHI,MIN,14,7,7,0.0,0.0,0.0,1.0,0.0,1.0,1.0,0.0,1.0,1.0,0.0,62.0,11.0,62.0,11.0,0.0,0.0,0.0,0.0,0.0,1.0
2015_08_ARI_CLE,2015,8,CLE,ARI,7,6,1,0.0,1.0,1.0,0.0,0.0,0.0,0.0,0.0,1.0,1.0,0.0,58.0,21.0,58.0,21.0,0.0,0.0,1.0,1.0,0.0,11.0
2015_08_TEN_HOU,2015,8,HOU,TEN,7,7,0,0.0,0.0,0.0,0.0,0.0,0.0,1.0,1.0,0.0,0.0,1.0,,,70.0,0.0,0.0,0.0,0.0,0.0,0.0,0.0
2015_08_NYG_NO,2015,8,NO,NYG,7,7,0,0.0,0.0,0.0,0.0,0.0,0.0,0.0,1.0,0.0,0.0,1.0,,,70.0,0.0,0.0,0.0,0.0,0.0,0.0,0.0
2015_08_CIN_PIT,2015,8,PIT,CIN,7,14,-7,0.0,0.0,0.0,0.0,1.0,-1.0,1.0,0.0,1.0,1.0,0.0,62.0,11.0,62.0,11.0,0.0,0.0,0.0,0.0,0.0,1.0
2015_08_SF_STL,2015,8,STL,SF,7,10,-3,0.0,0.0,0.0,0.0,1.0,-1.0,1.0,1.0,0.0,0.0,0.0,,,70.0,0.0,0.0,0.0,0.0,0.0,0.0,0.0
2015_08_NYJ_OAK,2015,8,OAK,NYJ,7,7,0,0.0,0.0,0.0,0.0,0.0,0.0,0.0,0.0,1.0,1.0,0.0,68.0,8.0,68.0,8.0,0.0,0.0,0.0,0.0,0.0,0.0
2015_08_SEA_DAL,2015,8,DAL,SEA,7,10,-3,0.0,0.0,0.0,0.0,1.0,-1.0,0.0,1.0,0.0,0.0,1.0,,,70.0,0.0,0.0,0.0,0.0,0.0,0.0,0.0
2015_08_GB_DEN,2015,8,DEN,GB,14,14,0,0.0,0.0,0.0,1.0,1.0,0.0,0.0,0.0,1.0,1.0,0.0,61.0,9.0,61.0,9.0,0.0,0.0,0.0,0.0,0.0,0.0
2015_08_IND_CAR,2015,8,CAR,IND,8,8,0,0.0,0.0,0.0,0.0,0.0,0.0,0.0,0.0,1.0,1.0,0.0,60.0,7.0,60.0,7.0,0.0,0.0,0.0,0.0,0.0,0.0
2015_09_CLE_CIN,2015,9,CIN,CLE,4,4,0,1.0,1.0,0.0,0.0,0.0,0.0,1.0,0.0,1.0,0.0,1.0,71.0,4.0,71.0,4.0,0.0,0.0,0.0,0.0,0.0,0.0
2015_09_MIA_BUF,2015,9,BUF,MIA,14,10,4,0.0,0.0,0.0,1.0,1.0,0.0,1.0,0.0,1.0,0.0,1.0,49.0,7.0,49.0,7.0,0.0,0.0,0.0,0.0,1.0,0.0
2015_09_GB_CAR,2015,9,CAR,GB,6,7,-1,1.0,0.0,-1.0,0.0,0.0,0.0,0.0,0.0,1.0,1.0,0.0,57.0,10.0,57.0,10.0,0.0,0.0,0.0,0.0,0.0,0.0
2015_09_STL_MIN,2015,9,MIN,STL,7,7,0,0.0,0.0,0.0,0.0,0.0,0.0,0.0,0.0,1.0,0.0,1.0,51.0,14.0,51.0,14.0,0.0,0.0,0.0,0.0,0.0,4.0
2015_09_WAS_NE,2015,9,NE,WAS,10,14,-4,0.0,0.0,0.0,1.0,1.0,0.0,0.0,0.0,1.0,0.0,1.0,54.0,12.0,54.0,12.0,0.0,0.0,0.0,0.0,0.0,2.0
2015_09_TEN_NO,2015,9,NO,TEN,7,7,0,0.0,0.0,0.0,0.0,0.0,0.0,0.0,1.0,0.0,0.0,1.0,,,70.0,0.0,0.0,0.0,0.0,0.0,0.0,0.0
2015_09_JAX_NYJ,2015,9,NYJ,JAX,7,14,-7,0.0,0.0,0.0,0.0,1.0,-1.0,0.0,0.0,1.0,0.0,1.0,56.0,10.0,56.0,10.0,0.0,0.0,0.0,0.0,0.0,0.0
2015_09_OAK_PIT,2015,9,PIT,OAK,7,7,0,0.0,0.0,0.0,0.0,0.0,0.0,0.0,0.0,1.0,1.0,0.0,54.0,5.0,54.0,5.0,0.0,0.0,0.0,0.0,0.0,0.0
2015_09_ATL_SF,2015,9,SF,ATL,7,7,0,0.0,0.0,0.0,0.0,0.0,0.0,0.0,0.0,1.0,1.0,0.0,58.0,0.0,58.0,0.0,0.0,0.0,0.0,0.0,0.0,0.0
2015_09_NYG_TB,2015,9,TB,NYG,7,7,0,0.0,0.0,0.0,0.0,0.0,0.0,0.0,0.0,1.0,1.0,0.0,80.0,3.0,80.0,3.0,0.0,0.0,0.0,0.0,0.0,0.0
2015_09_DEN_IND,2015,9,IND,DEN,6,7,-1,1.0,0.0,-1.0,0.0,0.0,0.0,0.0,0.0,1.0,0.0,1.0,,,,,0.0,0.0,0.0,0.0,0.0,0.0
2015_09_PHI_DAL,2015,9,DAL,PHI,7,14,-7,0.0,0.0,0.0,0.0,1.0,-1.0,1.0,1.0,0.0,0.0,1.0,,,70.0,0.0,0.0,0.0,0.0,0.0,0.0,0.0
2015_09_CHI_SD,2015,9,SD,CHI,8,8,0,0.0,0.0,0.0,0.0,0.0,0.0,0.0,0.0,1.0,1.0,0.0,63.0,9.0,63.0,9.0,0.0,0.0,0.0,0.0,0.0,0.0
2015_10_BUF_NYJ,2015,10,NYJ,BUF,4,4,0,1.0,1.0,0.0,0.0,0.0,0.0,1.0,0.0,1.0,0.0,1.0,60.0,16.0,60.0,16.0,0.0,0.0,1.0,0.0,0.0,6.0
2015_10_JAX_BAL,2015,10,BAL,JAX,14,7,7,0.0,0.0,0.0,1.0,0.0,1.0,0.0,0.0,1.0,0.0,1.0,60.0,10.0,60.0,10.0,0.0,0.0,0.0,0.0,0.0,0.0
2015_10_DET_GB,2015,10,GB,DET,7,14,-7,0.0,0.0,0.0,0.0,1.0,-1.0,1.0,0.0,1.0,1.0,0.0,55.0,7.0,55.0,7.0,0.0,0.0,0.0,0.0,0.0,0.0
2015_10_MIA_PHI,2015,10,PHI,MIA,7,7,0,0.0,0.0,0.0,0.0,0.0,0.0,0.0,0.0,1.0,1.0,0.0,59.0,13.0,59.0,13.0,0.0,0.0,0.0,0.0,0.0,3.0
2015_10_CLE_PIT,2015,10,PIT,CLE,7,10,-3,0.0,0.0,0.0,0.0,1.0,-1.0,1.0,0.0,1.0,1.0,0.0,61.0,12.0,61.0,12.0,0.0,0.0,0.0,0.0,0.0,2.0
2015_10_CHI_STL,2015,10,STL,CHI,7,6,1,0.0,1.0,1.0,0.0,0.0,0.0,0.0,1.0,0.0,0.0,0.0,,,70.0,0.0,0.0,0.0,0.0,0.0,0.0,0.0
2015_10_DAL_TB,2015,10,TB,DAL,7,7,0,0.0,0.0,0.0,0.0,0.0,0.0,0.0,0.0,1.0,1.0,0.0,79.0,13.0,79.0,13.0,0.0,0.0,0.0,0.0,0.0,3.0
2015_10_CAR_TEN,2015,10,TEN,CAR,7,7,0,0.0,0.0,0.0,0.0,0.0,0.0,0.0,0.0,1.0,1.0,0.0,57.0,2.0,57.0,2.0,0.0,0.0,0.0,0.0,0.0,0.0
2015_10_NO_WAS,2015,10,WAS,NO,7,7,0,0.0,0.0,0.0,0.0,0.0,0.0,0.0,0.0,1.0,1.0,0.0,61.0,5.0,61.0,5.0,0.0,0.0,0.0,0.0,0.0,0.0
2015_10_MIN_OAK,2015,10,OAK,MIN,7,7,0,0.0,0.0,0.0,0.0,0.0,0.0,0.0,0.0,1.0,1.0,0.0,62.0,31.0,62.0,31.0,0.0,0.0,1.0,1.0,0.0,21.0
2015_10_KC_DEN,2015,10,DEN,KC,7,14,-7,0.0,0.0,0.0,0.0,1.0,-1.0,1.0,0.0,1.0,1.0,0.0,64.0,5.0,64.0,5.0,0.0,0.0,0.0,0.0,0.0,0.0
2015_10_NE_NYG,2015,10,NYG,NE,7,7,0,0.0,0.0,0.0,0.0,0.0,0.0,0.0,0.0,1.0,0.0,1.0,60.0,8.0,60.0,8.0,0.0,0.0,0.0,0.0,0.0,0.0
2015_10_ARI_SEA,2015,10,SEA,ARI,14,14,0,0.0,0.0,0.0,1.0,1.0,0.0,1.0,0.0,1.0,0.0,1.0,49.0,0.0,49.0,0.0,0.0,0.0,0.0,0.0,1.0,0.0
2015_10_HOU_CIN,2015,10,CIN,HOU,11,15,-4,0.0,0.0,0.0,1.0,1.0,0.0,0.0,0.0,1.0,0.0,1.0,53.0,4.0,53.0,4.0,0.0,0.0,0.0,0.0,0.0,0.0
2015_11_TEN_JAX,2015,11,JAX,TEN,4,4,0,1.0,1.0,0.0,0.0,0.0,0.0,1.0,0.0,1.0,1.0,0.0,75.0,5.0,75.0,5.0,0.0,0.0,0.0,0.0,0.0,0.0
2015_11_IND_ATL,2015,11,ATL,IND,14,14,0,0.0,0.0,0.0,1.0,1.0,0.0,0.0,1.0,0.0,0.0,1.0,,,70.0,0.0,0.0,0.0,0.0,0.0,0.0,0.0
2015_11_STL_BAL,2015,11,BAL,STL,7,7,0,0.0,0.0,0.0,0.0,0.0,0.0,0.0,0.0,1.0,0.0,1.0,47.0,14.0,47.0,14.0,0.0,0.0,0.0,0.0,3.0,4.0
2015_11_WAS_CAR,2015,11,CAR,WAS,7,7,0,0.0,0.0,0.0,0.0,0.0,0.0,0.0,0.0,1.0,1.0,0.0,50.0,8.0,50.0,8.0,0.0,0.0,0.0,0.0,0.0,0.0
2015_11_DEN_CHI,2015,11,CHI,DEN,7,7,0,0.0,0.0,0.0,0.0,0.0,0.0,0.0,0.0,1.0,1.0,0.0,29.0,9.0,29.0,9.0,1.0,0.0,0.0,0.0,21.0,0.0
2015_11_OAK_DET,2015,11,DET,OAK,7,7,0,0.0,0.0,0.0,0.0,0.0,0.0,0.0,1.0,0.0,0.0,1.0,,,70.0,0.0,0.0,0.0,0.0,0.0,0.0,0.0
2015_11_NYJ_HOU,2015,11,HOU,NYJ,6,10,-4,1.0,0.0,-1.0,0.0,1.0,-1.0,0.0,1.0,0.0,0.0,1.0,,,70.0,0.0,0.0,0.0,0.0,0.0,0.0,0.0
2015_11_DAL_MIA,2015,11,MIA,DAL,7,7,0,0.0,0.0,0.0,0.0,0.0,0.0,0.0,0.0,1.0,1.0,0.0,74.0,10.0,74.0,10.0,0.0,0.0,0.0,0.0,0.0,0.0
2015_11_TB_PHI,2015,11,PHI,TB,7,7,0,0.0,0.0,0.0,0.0,0.0,0.0,0.0,0.0,1.0,1.0,0.0,48.0,15.0,48.0,15.0,0.0,0.0,1.0,0.0,2.0,5.0
2015_11_KC_SD,2015,11,SD,KC,13,7,6,0.0,0.0,0.0,1.0,0.0,1.0,1.0,0.0,1.0,1.0,0.0,87.0,4.0,87.0,4.0,0.0,0.0,0.0,0.0,0.0,0.0
2015_11_GB_MIN,2015,11,MIN,GB,7,7,0,0.0,0.0,0.0,0.0,0.0,0.0,1.0,0.0,1.0,0.0,1.0,30.0,8.0,30.0,8.0,1.0,0.0,0.0,0.0,20.0,0.0
2015_11_SF_SEA,2015,11,SEA,SF,7,14,-7,0.0,0.0,0.0,0.0,1.0,-1.0,1.0,0.0,1.0,0.0,1.0,46.0,6.0,46.0,6.0,0.0,0.0,0.0,0.0,4.0,0.0
2015_11_CIN_ARI,2015,11,ARI,CIN,7,6,1,0.0,1.0,1.0,0.0,0.0,0.0,0.0,1.0,0.0,1.0,0.0,,,70.0,0.0,0.0,0.0,0.0,0.0,0.0,0.0
2015_11_BUF_NE,2015,11,NE,BUF,8,11,-3,0.0,0.0,0.0,0.0,1.0,-1.0,1.0,0.0,1.0,0.0,1.0,29.0,8.0,29.0,8.0,1.0,0.0,0.0,0.0,21.0,0.0
2015_12_PHI_DET,2015,12,DET,PHI,4,4,0,1.0,1.0,0.0,0.0,0.0,0.0,0.0,1.0,0.0,0.0,1.0,,,70.0,0.0,0.0,0.0,0.0,0.0,0.0,0.0
2015_12_CAR_DAL,2015,12,DAL,CAR,4,4,0,1.0,1.0,0.0,0.0,0.0,0.0,0.0,1.0,0.0,0.0,1.0,,,70.0,0.0,0.0,0.0,0.0,0.0,0.0,0.0
2015_12_CHI_GB,2015,12,GB,CHI,4,4,0,1.0,1.0,0.0,0.0,0.0,0.0,1.0,0.0,1.0,1.0,0.0,39.0,19.0,39.0,19.0,1.0,0.0,1.0,0.0,11.0,9.0
2015_12_MIN_ATL,2015,12,ATL,MIN,7,7,0,0.0,0.0,0.0,0.0,0.0,0.0,0.0,1.0,0.0,0.0,1.0,,,70.0,0.0,0.0,0.0,0.0,0.0,0.0,0.0
2015_12_STL_CIN,2015,12,CIN,STL,7,7,0,0.0,0.0,0.0,0.0,0.0,0.0,0.0,0.0,1.0,0.0,1.0,41.0,8.0,41.0,8.0,0.0,0.0,0.0,0.0,9.0,0.0
2015_12_NO_HOU,2015,12,HOU,NO,7,14,-7,0.0,0.0,0.0,0.0,1.0,-1.0,0.0,1.0,0.0,0.0,1.0,,,70.0,0.0,0.0,0.0,0.0,0.0,0.0,0.0
2015_12_TB_IND,2015,12,IND,TB,7,7,0,0.0,0.0,0.0,0.0,0.0,0.0,0.0,1.0,0.0,0.0,1.0,,,70.0,0.0,0.0,0.0,0.0,0.0,0.0,0.0
2015_12_SD_JAX,2015,12,JAX,SD,10,7,3,0.0,0.0,0.0,1.0,0.0,1.0,0.0,0.0,1.0,1.0,0.0,75.0,8.0,75.0,8.0,0.0,0.0,0.0,0.0,0.0,0.0
2015_12_BUF_KC,2015,12,KC,BUF,7,6,1,0.0,1.0,1.0,0.0,0.0,0.0,0.0,0.0,1.0,1.0,0.0,35.0,7.0,35.0,7.0,1.0,0.0,0.0,0.0,15.0,0.0
2015_12_MIA_NYJ,2015,12,NYJ,MIA,7,7,0,0.0,0.0,0.0,0.0,0.0,0.0,1.0,0.0,1.0,0.0,1.0,45.0,5.0,45.0,5.0,0.0,0.0,0.0,0.0,5.0,0.0
2015_12_OAK_TEN,2015,12,TEN,OAK,10,7,3,0.0,0.0,0.0,1.0,0.0,1.0,0.0,0.0,1.0,1.0,0.0,56.0,4.0,56.0,4.0,0.0,0.0,0.0,0.0,0.0,0.0
2015_12_NYG_WAS,2015,12,WAS,NYG,7,14,-7,0.0,0.0,0.0,0.0,1.0,-1.0,1.0,0.0,1.0,1.0,0.0,46.0,5.0,46.0,5.0,0.0,0.0,0.0,0.0,4.0,0.0
2015_12_ARI_SF,2015,12,SF,ARI,7,7,0,0.0,0.0,0.0,0.0,0.0,0.0,1.0,0.0,1.0,1.0,0.0,54.0,4.0,54.0,4.0,0.0,0.0,0.0,0.0,0.0,0.0
2015_12_PIT_SEA,2015,12,SEA,PIT,7,14,-7,0.0,0.0,0.0,0.0,1.0,-1.0,0.0,0.0,1.0,0.0,1.0,38.0,2.0,38.0,2.0,1.0,0.0,0.0,0.0,12.0,0.0
2015_12_NE_DEN,2015,12,DEN,NE,7,6,1,0.0,1.0,1.0,0.0,0.0,0.0,0.0,0.0,1.0,1.0,0.0,23.0,3.0,23.0,3.0,1.0,1.0,0.0,0.0,27.0,0.0
2015_12_BAL_CLE,2015,12,CLE,BAL,15,8,7,0.0,0.0,0.0,1.0,0.0,1.0,1.0,0.0,1.0,1.0,0.0,45.0,9.0,45.0,9.0,0.0,0.0,0.0,0.0,5.0,0.0
2015_13_GB_DET,2015,13,DET,GB,7,7,0,0.0,0.0,0.0,0.0,0.0,0.0,1.0,1.0,0.0,0.0,1.0,,,70.0,0.0,0.0,0.0,0.0,0.0,0.0,0.0
2015_13_HOU_BUF,2015,13,BUF,HOU,7,7,0,0.0,0.0,0.0,0.0,0.0,0.0,0.0,0.0,1.0,0.0,1.0,47.0,8.0,47.0,8.0,0.0,0.0,0.0,0.0,3.0,0.0
2015_13_SF_CHI,2015,13,CHI,SF,10,7,3,0.0,0.0,0.0,1.0,0.0,1.0,0.0,0.0,1.0,1.0,0.0,50.0,5.0,50.0,5.0,0.0,0.0,0.0,0.0,0.0,0.0
2015_13_CIN_CLE,2015,13,CLE,CIN,6,7,-1,1.0,0.0,-1.0,0.0,0.0,0.0,1.0,0.0,1.0,1.0,0.0,45.0,12.0,45.0,12.0,0.0,0.0,0.0,0.0,5.0,2.0
2015_13_BAL_MIA,2015,13,MIA,BAL,7,6,1,0.0,1.0,1.0,0.0,0.0,0.0,0.0,0.0,1.0,1.0,0.0,80.0,21.0,80.0,21.0,0.0,0.0,1.0,1.0,0.0,11.0
2015_13_SEA_MIN,2015,13,MIN,SEA,7,7,0,0.0,0.0,0.0,0.0,0.0,0.0,0.0,0.0,1.0,0.0,1.0,37.0,3.0,37.0,3.0,1.0,0.0,0.0,0.0,13.0,0.0
2015_13_NYJ_NYG,2015,13,NYG,NYJ,7,7,0,0.0,0.0,0.0,0.0,0.0,0.0,0.0,0.0,1.0,0.0,1.0,51.0,8.0,51.0,8.0,0.0,0.0,0.0,0.0,0.0,0.0
2015_13_ARI_STL,2015,13,STL,ARI,7,7,0,0.0,0.0,0.0,0.0,0.0,0.0,1.0,1.0,0.0,0.0,0.0,,,70.0,0.0,0.0,0.0,0.0,0.0,0.0,0.0
2015_13_ATL_TB,2015,13,TB,ATL,7,7,0,0.0,0.0,0.0,0.0,0.0,0.0,1.0,0.0,1.0,1.0,0.0,79.0,18.0,79.0,18.0,0.0,0.0,1.0,0.0,0.0,8.0
2015_13_JAX_TEN,2015,13,TEN,JAX,7,7,0,0.0,0.0,0.0,0.0,0.0,0.0,1.0,0.0,1.0,1.0,0.0,56.0,1.0,56.0,1.0,0.0,0.0,0.0,0.0,0.0,0.0
2015_13_KC_OAK,2015,13,OAK,KC,7,7,0,0.0,0.0,0.0,0.0,0.0,0.0,1.0,0.0,1.0,1.0,0.0,57.0,3.0,57.0,3.0,0.0,0.0,0.0,0.0,0.0,0.0
2015_13_DEN_SD,2015,13,SD,DEN,7,7,0,0.0,0.0,0.0,0.0,0.0,0.0,1.0,0.0,1.0,1.0,0.0,78.0,4.0,78.0,4.0,0.0,0.0,0.0,0.0,0.0,0.0
2015_13_PHI_NE,2015,13,NE,PHI,7,10,-3,0.0,0.0,0.0,0.0,1.0,-1.0,0.0,0.0,1.0,0.0,1.0,52.0,5.0,52.0,5.0,0.0,0.0,0.0,0.0,0.0,0.0
2015_13_CAR_NO,2015,13,NO,CAR,7,10,-3,0.0,0.0,0.0,0.0,1.0,-1.0,1.0,1.0,0.0,0.0,1.0,,,70.0,0.0,0.0,0.0,0.0,0.0,0.0,0.0
2015_13_IND_PIT,2015,13,PIT,IND,7,7,0,0.0,0.0,0.0,0.0,0.0,0.0,0.0,0.0,1.0,1.0,0.0,37.0,2.0,37.0,2.0,1.0,0.0,0.0,0.0,13.0,0.0
2015_13_DAL_WAS,2015,13,WAS,DAL,8,11,-3,0.0,0.0,0.0,0.0,1.0,-1.0,1.0,0.0,1.0,1.0,0.0,41.0,0.0,41.0,0.0,0.0,0.0,0.0,0.0,9.0,0.0
2015_14_MIN_ARI,2015,14,ARI,MIN,4,4,0,1.0,1.0,0.0,0.0,0.0,0.0,0.0,0.0,1.0,1.0,0.0,,,,,0.0,0.0,0.0,0.0,0.0,0.0
2015_14_SEA_BAL,2015,14,BAL,SEA,7,7,0,0.0,0.0,0.0,0.0,0.0,0.0,0.0,0.0,1.0,0.0,1.0,65.0,2.0,65.0,2.0,0.0,0.0,0.0,0.0,0.0,0.0
2015_14_ATL_CAR,2015,14,CAR,ATL,7,7,0,0.0,0.0,0.0,0.0,0.0,0.0,1.0,0.0,1.0,1.0,0.0,63.0,6.0,63.0,6.0,0.0,0.0,0.0,0.0,0.0,0.0
2015_14_WAS_CHI,2015,14,CHI,WAS,7,6,1,0.0,1.0,1.0,0.0,0.0,0.0,0.0,0.0,1.0,1.0,0.0,62.0,12.0,62.0,12.0,0.0,0.0,0.0,0.0,0.0,2.0
2015_14_PIT_CIN,2015,14,CIN,PIT,7,7,0,0.0,0.0,0.0,0.0,0.0,0.0,1.0,0.0,1.0,0.0,1.0,63.0,8.0,63.0,8.0,0.0,0.0,0.0,0.0,0.0,0.0
2015_14_SF_CLE,2015,14,CLE,SF,7,7,0,0.0,0.0,0.0,0.0,0.0,0.0,0.0,0.0,1.0,1.0,0.0,63.0,11.0,63.0,11.0,0.0,0.0,0.0,0.0,0.0,1.0
2015_14_IND_JAX,2015,14,JAX,IND,7,7,0,0.0,0.0,0.0,0.0,0.0,0.0,1.0,0.0,1.0,1.0,0.0,79.0,5.0,79.0,5.0,0.0,0.0,0.0,0.0,0.0,0.0
2015_14_SD_KC,2015,14,KC,SD,7,7,0,0.0,0.0,0.0,0.0,0.0,0.0,1.0,0.0,1.0,1.0,0.0,61.0,14.0,61.0,14.0,0.0,0.0,0.0,0.0,0.0,4.0
2015_14_TEN_NYJ,2015,14,NYJ,TEN,7,7,0,0.0,0.0,0.0,0.0,0.0,0.0,0.0,0.0,1.0,0.0,1.0,67.0,5.0,67.0,5.0,0.0,0.0,0.0,0.0,0.0,0.0
2015_14_BUF_PHI,2015,14,PHI,BUF,7,7,0,0.0,0.0,0.0,0.0,0.0,0.0,0.0,0.0,1.0,1.0,0.0,66.0,3.0,66.0,3.0,0.0,0.0,0.0,0.0,0.0,0.0
2015_14_DET_STL,2015,14,STL,DET,7,10,-3,0.0,0.0,0.0,0.0,1.0,-1.0,0.0,1.0,0.0,0.0,0.0,,,70.0,0.0,0.0,0.0,0.0,0.0,0.0,0.0
2015_14_NO_TB,2015,14,TB,NO,7,7,0,0.0,0.0,0.0,0.0,0.0,0.0,1.0,0.0,1.0,1.0,0.0,81.0,15.0,81.0,15.0,0.0,0.0,1.0,0.0,0.0,5.0
2015_14_OAK_DEN,2015,14,DEN,OAK,7,7,0,0.0,0.0,0.0,0.0,0.0,0.0,1.0,0.0,1.0,1.0,0.0,45.0,2.0,45.0,2.0,0.0,0.0,0.0,0.0,5.0,0.0
2015_14_DAL_GB,2015,14,GB,DAL,10,6,4,0.0,1.0,1.0,1.0,0.0,1.0,0.0,0.0,1.0,1.0,0.0,53.0,10.0,53.0,10.0,0.0,0.0,0.0,0.0,0.0,0.0
2015_14_NE_HOU,2015,14,HOU,NE,7,7,0,0.0,0.0,0.0,0.0,0.0,0.0,0.0,1.0,0.0,0.0,1.0,,,70.0,0.0,0.0,0.0,0.0,0.0,0.0,0.0
2015_14_NYG_MIA,2015,14,MIA,NYG,8,8,0,0.0,0.0,0.0,0.0,0.0,0.0,0.0,0.0,1.0,1.0,0.0,77.0,6.0,77.0,6.0,0.0,0.0,0.0,0.0,0.0,0.0
2015_15_TB_STL,2015,15,STL,TB,4,4,0,1.0,1.0,0.0,0.0,0.0,0.0,0.0,1.0,0.0,0.0,0.0,,,70.0,0.0,0.0,0.0,0.0,0.0,0.0,0.0
2015_15_NYJ_DAL,2015,15,DAL,NYJ,6,6,0,1.0,1.0,0.0,0.0,0.0,0.0,0.0,1.0,0.0,0.0,1.0,,,70.0,0.0,0.0,0.0,0.0,0.0,0.0,0.0
2015_15_KC_BAL,2015,15,BAL,KC,7,7,0,0.0,0.0,0.0,0.0,0.0,0.0,0.0,0.0,1.0,0.0,1.0,41.0,5.0,41.0,5.0,0.0,0.0,0.0,0.0,9.0,0.0
2015_15_HOU_IND,2015,15,IND,HOU,7,7,0,0.0,0.0,0.0,0.0,0.0,0.0,1.0,1.0,0.0,0.0,1.0,,,70.0,0.0,0.0,0.0,0.0,0.0,0.0,0.0
2015_15_ATL_JAX,2015,15,JAX,ATL,7,7,0,0.0,0.0,0.0,0.0,0.0,0.0,0.0,0.0,1.0,1.0,0.0,65.0,8.0,65.0,8.0,0.0,0.0,0.0,0.0,0.0,0.0
2015_15_CHI_MIN,2015,15,MIN,CHI,10,7,3,0.0,0.0,0.0,1.0,0.0,1.0,1.0,0.0,1.0,0.0,1.0,36.0,3.0,36.0,3.0,1.0,0.0,0.0,0.0,14.0,0.0
2015_15_TEN_NE,2015,15,NE,TEN,7,7,0,0.0,0.0,0.0,0.0,0.0,0.0,0.0,0.0,1.0,0.0,1.0,40.0,12.0,40.0,12.0,1.0,0.0,0.0,0.0,10.0,2.0
2015_15_CAR_NYG,2015,15,NYG,CAR,6,7,-1,1.0,0.0,-1.0,0.0,0.0,0.0,0.0,0.0,1.0,0.0,1.0,41.0,8.0,41.0,8.0,0.0,0.0,0.0,0.0,9.0,0.0
2015_15_BUF_WAS,2015,15,WAS,BUF,7,7,0,0.0,0.0,0.0,0.0,0.0,0.0,0.0,0.0,1.0,1.0,0.0,43.0,3.0,43.0,3.0,0.0,0.0,0.0,0.0,7.0,0.0
2015_15_GB_OAK,2015,15,OAK,GB,7,7,0,0.0,0.0,0.0,0.0,0.0,0.0,0.0,0.0,1.0,1.0,0.0,54.0,18.0,54.0,18.0,0.0,0.0,1.0,0.0,0.0,8.0
2015_15_CLE_SEA,2015,15,SEA,CLE,7,7,0,0.0,0.0,0.0,0.0,0.0,0.0,0.0,0.0,1.0,0.0,1.0,47.0,10.0,47.0,10.0,0.0,0.0,0.0,0.0,3.0,0.0
2015_15_DEN_PIT,2015,15,PIT,DEN,7,7,0,0.0,0.0,0.0,0.0,0.0,0.0,0.0,0.0,1.0,1.0,0.0,41.0,8.0,41.0,8.0,0.0,0.0,0.0,0.0,9.0,0.0
2015_15_MIA_SD,2015,15,SD,MIA,7,6,1,0.0,1.0,1.0,0.0,0.0,0.0,0.0,0.0,1.0,1.0,0.0,61.0,11.0,61.0,11.0,0.0,0.0,0.0,0.0,0.0,1.0
2015_15_CIN_SF,2015,15,SF,CIN,7,7,0,0.0,0.0,0.0,0.0,0.0,0.0,0.0,0.0,1.0,1.0,0.0,52.0,14.0,52.0,14.0,0.0,0.0,0.0,0.0,0.0,4.0
2015_15_ARI_PHI,2015,15,PHI,ARI,7,10,-3,0.0,0.0,0.0,0.0,1.0,-1.0,0.0,0.0,1.0,1.0,0.0,37.0,4.0,37.0,4.0,1.0,0.0,0.0,0.0,13.0,0.0
2015_15_DET_NO,2015,15,NO,DET,8,8,0,0.0,0.0,0.0,0.0,0.0,0.0,0.0,1.0,0.0,0.0,1.0,,,70.0,0.0,0.0,0.0,0.0,0.0,0.0,0.0
2015_16_SD_OAK,2015,16,OAK,SD,4,4,0,1.0,1.0,0.0,0.0,0.0,0.0,1.0,0.0,1.0,1.0,0.0,47.0,25.0,47.0,25.0,0.0,0.0,1.0,1.0,3.0,15.0
2015_16_WAS_PHI,2015,16,PHI,WAS,6,6,0,1.0,1.0,0.0,0.0,0.0,0.0,1.0,0.0,1.0,1.0,0.0,52.0,6.0,52.0,6.0,0.0,0.0,0.0,0.0,0.0,0.0
2015_16_CAR_ATL,2015,16,ATL,CAR,7,7,0,0.0,0.0,0.0,0.0,0.0,0.0,1.0,1.0,0.0,0.0,1.0,,,70.0,0.0,0.0,0.0,0.0,0.0,0.0,0.0
2015_16_PIT_BAL,2015,16,BAL,PIT,7,7,0,0.0,0.0,0.0,0.0,0.0,0.0,1.0,0.0,1.0,0.0,1.0,64.0,9.0,64.0,9.0,0.0,0.0,0.0,0.0,0.0,0.0
2015_16_DAL_BUF,2015,16,BUF,DAL,7,8,-1,0.0,0.0,0.0,0.0,0.0,0.0,0.0,0.0,1.0,0.0,1.0,39.0,11.0,39.0,11.0,1.0,0.0,0.0,0.0,11.0,1.0
2015_16_SF_DET,2015,16,DET,SF,6,7,-1,1.0,0.0,-1.0,0.0,0.0,0.0,0.0,1.0,0.0,0.0,1.0,,,70.0,0.0,0.0,0.0,0.0,0.0,0.0,0.0
2015_16_CLE_KC,2015,16,KC,CLE,7,7,0,0.0,0.0,0.0,0.0,0.0,0.0,0.0,0.0,1.0,1.0,0.0,36.0,16.0,36.0,16.0,1.0,0.0,1.0,0.0,14.0,6.0
2015_16_IND_MIA,2015,16,MIA,IND,7,7,0,0.0,0.0,0.0,0.0,0.0,0.0,0.0,0.0,1.0,1.0,0.0,82.0,15.0,82.0,15.0,0.0,0.0,1.0,0.0,0.0,5.0
2015_16_NE_NYJ,2015,16,NYJ,NE,8,7,1,0.0,0.0,0.0,0.0,0.0,0.0,1.0,0.0,1.0,0.0,1.0,57.0,11.0,57.0,11.0,0.0,0.0,0.0,0.0,0.0,1.0
2015_16_CHI_TB,2015,16,TB,CHI,10,7,3,0.0,0.0,0.0,1.0,0.0,1.0,0.0,0.0,1.0,1.0,0.0,83.0,13.0,83.0,13.0,0.0,0.0,0.0,0.0,0.0,3.0
2015_16_HOU_TEN,2015,16,TEN,HOU,7,7,0,0.0,0.0,0.0,0.0,0.0,0.0,1.0,0.0,1.0,1.0,0.0,73.0,15.0,73.0,15.0,0.0,0.0,1.0,0.0,0.0,5.0
2015_16_JAX_NO,2015,16,NO,JAX,6,7,-1,1.0,0.0,-1.0,0.0,0.0,0.0,0.0,1.0,0.0,0.0,1.0,,,70.0,0.0,0.0,0.0,0.0,0.0,0.0,0.0
2015_16_GB_ARI,2015,16,ARI,GB,7,7,0,0.0,0.0,0.0,0.0,0.0,0.0,0.0,1.0,0.0,1.0,0.0,,,70.0,0.0,0.0,0.0,0.0,0.0,0.0,0.0
2015_16_STL_SEA,2015,16,SEA,STL,7,10,-3,0.0,0.0,0.0,0.0,1.0,-1.0,1.0,0.0,1.0,0.0,1.0,37.0,0.0,37.0,0.0,1.0,0.0,0.0,0.0,13.0,0.0
2015_16_NYG_MIN,2015,16,MIN,NYG,7,7,0,0.0,0.0,0.0,0.0,0.0,0.0,0.0,0.0,1.0,0.0,1.0,13.0,8.0,13.0,8.0,1.0,1.0,0.0,0.0,37.0,0.0
2015_16_CIN_DEN,2015,16,DEN,CIN,8,8,0,0.0,0.0,0.0,0.0,0.0,0.0,0.0,0.0,1.0,1.0,0.0,16.0,6.0,16.0,6.0,1.0,1.0,0.0,0.0,34.0,0.0
2015_17_NO_ATL,2015,17,ATL,NO,7,7,0,0.0,0.0,0.0,0.0,0.0,0.0,1.0,1.0,0.0,0.0,1.0,,,70.0,0.0,0.0,0.0,0.0,0.0,0.0,0.0
2015_17_NYJ_BUF,2015,17,BUF,NYJ,7,7,0,0.0,0.0,0.0,0.0,0.0,0.0,1.0,0.0,1.0,0.0,1.0,35.0,21.0,35.0,21.0,1.0,0.0,1.0,1.0,15.0,11.0
2015_17_DET_CHI,2015,17,CHI,DET,7,7,0,0.0,0.0,0.0,0.0,0.0,0.0,1.0,0.0,1.0,1.0,0.0,31.0,15.0,31.0,15.0,1.0,0.0,1.0,0.0,19.0,5.0
2015_17_BAL_CIN,2015,17,CIN,BAL,6,7,-1,1.0,0.0,-1.0,0.0,0.0,0.0,1.0,0.0,1.0,0.0,1.0,35.0,7.0,35.0,7.0,1.0,0.0,0.0,0.0,15.0,0.0
2015_17_PIT_CLE,2015,17,CLE,PIT,7,7,0,0.0,0.0,0.0,0.0,0.0,0.0,1.0,0.0,1.0,1.0,0.0,34.0,18.0,34.0,18.0,1.0,0.0,1.0,0.0,16.0,8.0
2015_17_WAS_DAL,2015,17,DAL,WAS,7,8,-1,0.0,0.0,0.0,0.0,0.0,0.0,1.0,1.0,0.0,0.0,1.0,,,70.0,0.0,0.0,0.0,0.0,0.0,0.0,0.0
2015_17_JAX_HOU,2015,17,HOU,JAX,7,7,0,0.0,0.0,0.0,0.0,0.0,0.0,1.0,1.0,0.0,0.0,1.0,,,70.0,0.0,0.0,0.0,0.0,0.0,0.0,0.0
2015_17_TEN_IND,2015,17,IND,TEN,7,7,0,0.0,0.0,0.0,0.0,0.0,0.0,1.0,1.0,0.0,0.0,1.0,,,70.0,0.0,0.0,0.0,0.0,0.0,0.0,0.0
2015_17_NE_MIA,2015,17,MIA,NE,7,7,0,0.0,0.0,0.0,0.0,0.0,0.0,1.0,0.0,1.0,1.0,0.0,80.0,7.0,80.0,7.0,0.0,0.0,0.0,0.0,0.0,0.0
2015_17_PHI_NYG,2015,17,NYG,PHI,7,8,-1,0.0,0.0,0.0,0.0,0.0,0.0,1.0,0.0,1.0,0.0,1.0,45.0,17.0,45.0,17.0,0.0,0.0,1.0,0.0,5.0,7.0
2015_17_SEA_ARI,2015,17,ARI,SEA,7,7,0,0.0,0.0,0.0,0.0,0.0,0.0,1.0,1.0,0.0,1.0,0.0,,,70.0,0.0,0.0,0.0,0.0,0.0,0.0,0.0
2015_17_TB_CAR,2015,17,CAR,TB,7,7,0,0.0,0.0,0.0,0.0,0.0,0.0,1.0,0.0,1.0,1.0,0.0,54.0,4.0,54.0,4.0,0.0,0.0,0.0,0.0,0.0,0.0
2015_17_SD_DEN,2015,17,DEN,SD,6,10,-4,1.0,0.0,-1.0,0.0,1.0,-1.0,1.0,0.0,1.0,1.0,0.0,50.0,5.0,50.0,5.0,0.0,0.0,0.0,0.0,0.0,0.0
2015_17_OAK_KC,2015,17,KC,OAK,7,10,-3,0.0,0.0,0.0,0.0,1.0,-1.0,1.0,0.0,1.0,1.0,0.0,37.0,9.0,37.0,9.0,1.0,0.0,0.0,0.0,13.0,0.0
2015_17_STL_SF,2015,17,SF,STL,7,7,0,0.0,0.0,0.0,0.0,0.0,0.0,1.0,0.0,1.0,1.0,0.0,53.0,6.0,53.0,6.0,0.0,0.0,0.0,0.0,0.0,0.0
2015_17_MIN_GB,2015,17,GB,MIN,7,7,0,0.0,0.0,0.0,0.0,0.0,0.0,1.0,0.0,1.0,1.0,0.0,24.0,11.0,24.0,11.0,1.0,1.0,0.0,0.0,26.0,1.0
2015_18_KC_HOU,2015,18,HOU,KC,6,6,0,1.0,1.0,0.0,0.0,0.0,0.0,0.0,1.0,0.0,0.0,1.0,,,70.0,0.0,0.0,0.0,0.0,0.0,0.0,0.0
2015_18_PIT_CIN,2015,18,CIN,PIT,6,6,0,1.0,1.0,0.0,0.0,0.0,0.0,1.0,0.0,1.0,0.0,1.0,51.0,5.0,51.0,5.0,0.0,0.0,0.0,0.0,0.0,0.0
2015_18_SEA_MIN,2015,18,MIN,SEA,7,7,0,0.0,0.0,0.0,0.0,0.0,0.0,0.0,0.0,1.0,0.0,1.0,-6.0,12.0,-6.0,12.0,1.0,1.0,0.0,0.0,56.0,2.0
2015_18_GB_WAS,2015,18,WAS,GB,7,7,0,0.0,0.0,0.0,0.0,0.0,0.0,0.0,0.0,1.0,1.0,0.0,61.0,14.0,61.0,14.0,0.0,0.0,0.0,0.0,0.0,4.0
2015_19_KC_NE,2015,19,NE,KC,13,7,6,0.0,0.0,0.0,1.0,0.0,1.0,0.0,0.0,1.0,0.0,1.0,38.0,6.0,38.0,6.0,1.0,0.0,0.0,0.0,12.0,0.0
2015_19_GB_ARI,2015,19,ARI,GB,13,6,7,0.0,1.0,1.0,1.0,0.0,1.0,0.0,1.0,0.0,1.0,0.0,,,70.0,0.0,0.0,0.0,0.0,0.0,0.0,0.0
2015_19_SEA_CAR,2015,19,CAR,SEA,14,7,7,0.0,0.0,0.0,1.0,0.0,1.0,0.0,0.0,1.0,1.0,0.0,43.0,7.0,43.0,7.0,0.0,0.0,0.0,0.0,7.0,0.0
2015_19_PIT_DEN,2015,19,DEN,PIT,14,8,6,0.0,0.0,0.0,1.0,0.0,1.0,0.0,0.0,1.0,1.0,0.0,43.0,9.0,43.0,9.0,0.0,0.0,0.0,0.0,7.0,0.0
2015_20_NE_DEN,2015,20,DEN,NE,7,8,-1,0.0,0.0,0.0,0.0,0.0,0.0,0.0,0.0,1.0,1.0,0.0,46.0,6.0,46.0,6.0,0.0,0.0,0.0,0.0,4.0,0.0
2015_20_ARI_CAR,2015,20,CAR,ARI,7,8,-1,0.0,0.0,0.0,0.0,0.0,0.0,0.0,0.0,1.0,1.0,0.0,39.0,4.0,39.0,4.0,1.0,0.0,0.0,0.0,11.0,0.0
2015_21_CAR_DEN,2015,21,DEN,CAR,14,14,0,0.0,0.0,0.0,1.0,1.0,0.0,0.0,0.0,1.0,1.0,0.0,76.0,16.0,76.0,16.0,0.0,0.0,1.0,0.0,0.0,6.0
2016_01_CAR_DEN,2016,1,DEN,CAR,7,7,0,0.0,0.0,0.0,0.0,0.0,0.0,0.0,0.0,1.0,1.0,0.0,85.0,10.0,85.0,10.0,0.0,0.0,0.0,0.0,0.0,0.0
2016_01_TB_ATL,2016,1,ATL,TB,7,7,0,0.0,0.0,0.0,0.0,0.0,0.0,1.0,1.0,0.0,0.0,1.0,,,70.0,0.0,0.0,0.0,0.0,0.0,0.0,0.0
2016_01_BUF_BAL,2016,1,BAL,BUF,7,7,0,0.0,0.0,0.0,0.0,0.0,0.0,0.0,0.0,1.0,1.0,0.0,84.0,8.0,84.0,8.0,0.0,0.0,0.0,0.0,0.0,0.0
2016_01_CHI_HOU,2016,1,HOU,CHI,7,7,0,0.0,0.0,0.0,0.0,0.0,0.0,0.0,1.0,0.0,0.0,1.0,,,70.0,0.0,0.0,0.0,0.0,0.0,0.0,0.0
2016_01_GB_JAX,2016,1,JAX,GB,7,7,0,0.0,0.0,0.0,0.0,0.0,0.0,0.0,0.0,1.0,1.0,0.0,90.0,3.0,90.0,3.0,0.0,0.0,0.0,0.0,0.0,0.0
2016_01_SD_KC,2016,1,KC,SD,7,7,0,0.0,0.0,0.0,0.0,0.0,0.0,1.0,0.0,1.0,1.0,0.0,74.0,9.0,74.0,9.0,0.0,0.0,0.0,0.0,0.0,0.0
2016_01_OAK_NO,2016,1,NO,OAK,7,7,0,0.0,0.0,0.0,0.0,0.0,0.0,0.0,1.0,0.0,0.0,1.0,,,70.0,0.0,0.0,0.0,0.0,0.0,0.0,0.0
2016_01_CIN_NYJ,2016,1,NYJ,CIN,7,7,0,0.0,0.0,0.0,0.0,0.0,0.0,0.0,0.0,1.0,0.0,1.0,79.0,17.0,79.0,17.0,0.0,0.0,1.0,0.0,0.0,7.0
2016_01_CLE_PHI,2016,1,PHI,CLE,7,7,0,0.0,0.0,0.0,0.0,0.0,0.0,0.0,0.0,1.0,1.0,0.0,85.0,14.0,85.0,14.0,0.0,0.0,0.0,0.0,0.0,4.0
2016_01_MIN_TEN,2016,1,TEN,MIN,7,7,0,0.0,0.0,0.0,0.0,0.0,0.0,0.0,0.0,1.0,1.0,0.0,76.0,5.0,76.0,5.0,0.0,0.0,0.0,0.0,0.0,0.0
2016_01_MIA_SEA,2016,1,SEA,MIA,7,7,0,0.0,0.0,0.0,0.0,0.0,0.0,0.0,0.0,1.0,0.0,1.0,61.0,2.0,61.0,2.0,0.0,0.0,0.0,0.0,0.0,0.0
2016_01_NYG_DAL,2016,1,DAL,NYG,7,7,0,0.0,0.0,0.0,0.0,0.0,0.0,1.0,1.0,0.0,0.0,1.0,,,70.0,0.0,0.0,0.0,0.0,0.0,0.0,0.0
2016_01_DET_IND,2016,1,IND,DET,7,7,0,0.0,0.0,0.0,0.0,0.0,0.0,0.0,0.0,1.0,0.0,1.0,,,,,0.0,0.0,0.0,0.0,0.0,0.0
2016_01_NE_ARI,2016,1,ARI,NE,7,7,0,0.0,0.0,0.0,0.0,0.0,0.0,0.0,1.0,0.0,1.0,0.0,,,70.0,0.0,0.0,0.0,0.0,0.0,0.0,0.0
2016_01_PIT_WAS,2016,1,WAS,PIT,7,7,0,0.0,0.0,0.0,0.0,0.0,0.0,0.0,0.0,1.0,1.0,0.0,79.0,4.0,79.0,4.0,0.0,0.0,0.0,0.0,0.0,0.0
2016_01_LA_SF,2016,1,SF,LA,7,7,0,0.0,0.0,0.0,0.0,0.0,0.0,1.0,0.0,1.0,1.0,0.0,66.0,17.0,66.0,17.0,0.0,0.0,1.0,0.0,0.0,7.0
2016_02_NYJ_BUF,2016,2,BUF,NYJ,4,4,0,1.0,1.0,0.0,0.0,0.0,0.0,1.0,0.0,1.0,0.0,1.0,60.0,11.0,60.0,11.0,0.0,0.0,0.0,0.0,0.0,1.0
2016_02_TB_ARI,2016,2,ARI,TB,7,7,0,0.0,0.0,0.0,0.0,0.0,0.0,0.0,1.0,0.0,1.0,0.0,,,70.0,0.0,0.0,0.0,0.0,0.0,0.0,0.0
2016_02_SF_CAR,2016,2,CAR,SF,10,6,4,0.0,1.0,1.0,1.0,0.0,1.0,0.0,0.0,1.0,1.0,0.0,82.0,4.0,82.0,4.0,0.0,0.0,0.0,0.0,0.0,0.0
2016_02_BAL_CLE,2016,2,CLE,BAL,7,7,0,0.0,0.0,0.0,0.0,0.0,0.0,1.0,0.0,1.0,1.0,0.0,74.0,7.0,74.0,7.0,0.0,0.0,0.0,0.0,0.0,0.0
2016_02_TEN_DET,2016,2,DET,TEN,7,7,0,0.0,0.0,0.0,0.0,0.0,0.0,0.0,1.0,0.0,0.0,1.0,,,70.0,0.0,0.0,0.0,0.0,0.0,0.0,0.0
2016_02_KC_HOU,2016,2,HOU,KC,7,7,0,0.0,0.0,0.0,0.0,0.0,0.0,0.0,1.0,0.0,0.0,1.0,,,70.0,0.0,0.0,0.0,0.0,0.0,0.0,0.0
2016_02_MIA_NE,2016,2,NE,MIA,7,7,0,0.0,0.0,0.0,0.0,0.0,0.0,1.0,0.0,1.0,0.0,1.0,79.0,10.0,79.0,10.0,0.0,0.0,0.0,0.0,0.0,0.0
2016_02_NO_NYG,2016,2,NYG,NO,7,7,0,0.0,0.0,0.0,0.0,0.0,0.0,0.0,0.0,1.0,0.0,1.0,80.0,5.0,80.0,5.0,0.0,0.0,0.0,0.0,0.0,0.0
2016_02_CIN_PIT,2016,2,PIT,CIN,6,7,-1,1.0,0.0,-1.0,0.0,0.0,0.0,1.0,0.0,1.0,1.0,0.0,72.0,4.0,72.0,4.0,0.0,0.0,0.0,0.0,0.0,0.0
2016_02_DAL_WAS,2016,2,WAS,DAL,6,7,-1,1.0,0.0,-1.0,0.0,0.0,0.0,1.0,0.0,1.0,1.0,0.0,81.0,6.0,81.0,6.0,0.0,0.0,0.0,0.0,0.0,0.0
2016_02_SEA_LA,2016,2,LA,SEA,6,7,-1,1.0,0.0,-1.0,0.0,0.0,0.0,1.0,0.0,1.0,1.0,0.0,88.0,3.0,88.0,3.0,0.0,0.0,0.0,0.0,0.0,0.0
2016_02_IND_DEN,2016,2,DEN,IND,10,7,3,0.0,0.0,0.0,1.0,0.0,1.0,0.0,0.0,1.0,1.0,0.0,85.0,4.0,85.0,4.0,0.0,0.0,0.0,0.0,0.0,0.0
2016_02_ATL_OAK,2016,2,OAK,ATL,7,7,0,0.0,0.0,0.0,0.0,0.0,0.0,0.0,0.0,1.0,1.0,0.0,79.0,7.0,79.0,7.0,0.0,0.0,0.0,0.0,0.0,0.0
2016_02_JAX_SD,2016,2,SD,JAX,7,7,0,0.0,0.0,0.0,0.0,0.0,0.0,0.0,0.0,1.0,1.0,0.0,82.0,7.0,82.0,7.0,0.0,0.0,0.0,0.0,0.0,0.0
2016_02_GB_MIN,2016,2,MIN,GB,7,7,0,0.0,0.0,0.0,0.0,0.0,0.0,1.0,1.0,0.0,0.0,1.0,,,70.0,0.0,0.0,0.0,0.0,0.0,0.0,0.0
2016_02_PHI_CHI,2016,2,CHI,PHI,8,8,0,0.0,0.0,0.0,0.0,0.0,0.0,0.0,0.0,1.0,1.0,0.0,84.0,5.0,84.0,5.0,0.0,0.0,0.0,0.0,0.0,0.0
2016_03_HOU_NE,2016,3,NE,HOU,4,4,0,1.0,1.0,0.0,0.0,0.0,0.0,0.0,0.0,1.0,0.0,1.0,68.0,4.0,68.0,4.0,0.0,0.0,0.0,0.0,0.0,0.0
2016_03_ARI_BUF,2016,3,BUF,ARI,10,7,3,0.0,0.0,0.0,1.0,0.0,1.0,0.0,0.0,1.0,0.0,1.0,64.0,8.0,64.0,8.0,0.0,0.0,0.0,0.0,0.0,0.0
2016_03_MIN_CAR,2016,3,CAR,MIN,7,7,0,0.0,0.0,0.0,0.0,0.0,0.0,0.0,0.0,1.0,1.0,0.0,80.0,0.0,80.0,0.0,0.0,0.0,0.0,0.0,0.0,0.0
2016_03_DEN_CIN,2016,3,CIN,DEN,7,7,0,0.0,0.0,0.0,0.0,0.0,0.0,0.0,0.0,1.0,0.0,1.0,81.0,3.0,81.0,3.0,0.0,0.0,0.0,0.0,0.0,0.0
2016_03_DET_GB,2016,3,GB,DET,7,7,0,0.0,0.0,0.0,0.0,0.0,0.0,1.0,0.0,1.0,1.0,0.0,72.0,17.0,72.0,17.0,0.0,0.0,1.0,0.0,0.0,7.0
2016_03_BAL_JAX,2016,3,JAX,BAL,7,7,0,0.0,0.0,0.0,0.0,0.0,0.0,0.0,0.0,1.0,1.0,0.0,88.0,8.0,88.0,8.0,0.0,0.0,0.0,0.0,0.0,0.0
2016_03_CLE_MIA,2016,3,MIA,CLE,7,7,0,0.0,0.0,0.0,0.0,0.0,0.0,0.0,0.0,1.0,1.0,0.0,86.0,16.0,86.0,16.0,0.0,0.0,1.0,0.0,0.0,6.0
2016_03_WAS_NYG,2016,3,NYG,WAS,7,7,0,0.0,0.0,0.0,0.0,0.0,0.0,1.0,0.0,1.0,0.0,1.0,67.0,2.0,67.0,2.0,0.0,0.0,0.0,0.0,0.0,0.0
2016_03_OAK_TEN,2016,3,TEN,OAK,7,7,0,0.0,0.0,0.0,0.0,0.0,0.0,0.0,0.0,1.0,1.0,0.0,89.0,2.0,89.0,2.0,0.0,0.0,0.0,0.0,0.0,0.0
2016_03_SF_SEA,2016,3,SEA,SF,7,7,0,0.0,0.0,0.0,0.0,0.0,0.0,1.0,0.0,1.0,0.0,1.0,66.0,6.0,66.0,6.0,0.0,0.0,0.0,0.0,0.0,0.0
2016_03_LA_TB,2016,3,TB,LA,7,7,0,0.0,0.0,0.0,0.0,0.0,0.0,0.0,0.0,1.0,1.0,0.0,91.0,4.0,91.0,4.0,0.0,0.0,0.0,0.0,0.0,0.0
2016_03_SD_IND,2016,3,IND,SD,7,7,0,0.0,0.0,0.0,0.0,0.0,0.0,0.0,1.0,0.0,0.0,1.0,,,70.0,0.0,0.0,0.0,0.0,0.0,0.0,0.0
2016_03_NYJ_KC,2016,3,KC,NYJ,7,10,-3,0.0,0.0,0.0,0.0,1.0,-1.0,0.0,0.0,1.0,1.0,0.0,65.0,9.0,65.0,9.0,0.0,0.0,0.0,0.0,0.0,0.0
2016_03_PIT_PHI,2016,3,PHI,PIT,6,7,-1,1.0,0.0,-1.0,0.0,0.0,0.0,0.0,0.0,1.0,1.0,0.0,73.0,7.0,73.0,7.0,0.0,0.0,0.0,0.0,0.0,0.0
2016_03_CHI_DAL,2016,3,DAL,CHI,7,6,1,0.0,1.0,1.0,0.0,0.0,0.0,0.0,1.0,0.0,0.0,1.0,,,70.0,0.0,0.0,0.0,0.0,0.0,0.0,0.0
2016_03_ATL_NO,2016,3,NO,ATL,8,8,0,0.0,0.0,0.0,0.0,0.0,0.0,1.0,1.0,0.0,0.0,1.0,,,70.0,0.0,0.0,0.0,0.0,0.0,0.0,0.0
2016_04_MIA_CIN,2016,4,CIN,MIA,4,4,0,1.0,1.0,0.0,0.0,0.0,0.0,0.0,0.0,1.0,0.0,1.0,62.0,2.0,62.0,2.0,0.0,0.0,0.0,0.0,0.0,0.0
2016_04_IND_JAX,2016,4,JAX,IND,7,7,0,0.0,0.0,0.0,0.0,0.0,0.0,1.0,0.0,1.0,1.0,0.0,59.0,7.0,59.0,7.0,0.0,0.0,0.0,0.0,0.0,0.0
2016_04_CAR_ATL,2016,4,ATL,CAR,6,7,-1,1.0,0.0,-1.0,0.0,0.0,0.0,1.0,1.0,0.0,0.0,1.0,,,70.0,0.0,0.0,0.0,0.0,0.0,0.0,0.0
2016_04_OAK_BAL,2016,4,BAL,OAK,7,7,0,0.0,0.0,0.0,0.0,0.0,0.0,0.0,0.0,1.0,1.0,0.0,65.0,2.0,65.0,2.0,0.0,0.0,0.0,0.0,0.0,0.0
2016_04_DET_CHI,2016,4,CHI,DET,7,7,0,0.0,0.0,0.0,0.0,0.0,0.0,1.0,0.0,1.0,1.0,0.0,62.0,6.0,62.0,6.0,0.0,0.0,0.0,0.0,0.0,0.0
2016_04_TEN_HOU,2016,4,HOU,TEN,10,7,3,0.0,0.0,0.0,1.0,0.0,1.0,1.0,1.0,0.0,0.0,1.0,,,70.0,0.0,0.0,0.0,0.0,0.0,0.0,0.0
2016_04_BUF_NE,2016,4,NE,BUF,10,7,3,0.0,0.0,0.0,1.0,0.0,1.0,1.0,0.0,1.0,0.0,1.0,56.0,7.0,56.0,7.0,0.0,0.0,0.0,0.0,0.0,0.0
2016_04_SEA_NYJ,2016,4,NYJ,SEA,7,7,0,0.0,0.0,0.0,0.0,0.0,0.0,0.0,0.0,1.0,0.0,1.0,61.0,0.0,61.0,0.0,0.0,0.0,0.0,0.0,0.0,0.0
2016_04_CLE_WAS,2016,4,WAS,CLE,7,7,0,0.0,0.0,0.0,0.0,0.0,0.0,0.0,0.0,1.0,1.0,0.0,67.0,1.0,67.0,1.0,0.0,0.0,0.0,0.0,0.0,0.0
2016_04_DEN_TB,2016,4,TB,DEN,7,7,0,0.0,0.0,0.0,0.0,0.0,0.0,0.0,0.0,1.0,1.0,0.0,88.0,7.0,88.0,7.0,0.0,0.0,0.0,0.0,0.0,0.0
2016_04_LA_ARI,2016,4,ARI,LA,7,7,0,0.0,0.0,0.0,0.0,0.0,0.0,1.0,1.0,0.0,1.0,0.0,,,70.0,0.0,0.0,0.0,0.0,0.0,0.0,0.0
2016_04_NO_SD,2016,4,SD,NO,7,6,1,0.0,1.0,1.0,0.0,0.0,0.0,0.0,0.0,1.0,1.0,0.0,74.0,8.0,74.0,8.0,0.0,0.0,0.0,0.0,0.0,0.0
2016_04_DAL_SF,2016,4,SF,DAL,7,7,0,0.0,0.0,0.0,0.0,0.0,0.0,0.0,0.0,1.0,1.0,0.0,68.0,10.0,68.0,10.0,0.0,0.0,0.0,0.0,0.0,0.0
2016_04_KC_PIT,2016,4,PIT,KC,7,7,0,0.0,0.0,0.0,0.0,0.0,0.0,0.0,0.0,1.0,1.0,0.0,59.0,6.0,59.0,6.0,0.0,0.0,0.0,0.0,0.0,0.0
2016_04_NYG_MIN,2016,4,MIN,NYG,8,8,0,0.0,0.0,0.0,0.0,0.0,0.0,0.0,1.0,0.0,0.0,1.0,,,70.0,0.0,0.0,0.0,0.0,0.0,0.0,0.0
2016_05_ARI_SF,2016,5,SF,ARI,4,4,0,1.0,1.0,0.0,0.0,0.0,0.0,1.0,0.0,1.0,1.0,0.0,75.0,16.0,75.0,16.0,0.0,0.0,1.0,0.0,0.0,6.0
2016_05_WAS_BAL,2016,5,BAL,WAS,7,7,0,0.0,0.0,0.0,0.0,0.0,0.0,0.0,0.0,1.0,1.0,0.0,62.0,16.0,62.0,16.0,0.0,0.0,1.0,0.0,0.0,6.0
2016_05_NE_CLE,2016,5,CLE,NE,7,7,0,0.0,0.0,0.0,0.0,0.0,0.0,0.0,0.0,1.0,1.0,0.0,58.0,13.0,58.0,13.0,0.0,0.0,0.0,0.0,0.0,3.0
2016_05_PHI_DET,2016,5,DET,PHI,7,14,-7,0.0,0.0,0.0,0.0,1.0,-1.0,0.0,1.0,0.0,0.0,1.0,,,70.0,0.0,0.0,0.0,0.0,0.0,0.0,0.0
2016_05_CHI_IND,2016,5,IND,CHI,7,7,0,0.0,0.0,0.0,0.0,0.0,0.0,0.0,0.0,1.0,0.0,1.0,,,,,0.0,0.0,0.0,0.0,0.0,0.0
2016_05_TEN_MIA,2016,5,MIA,TEN,10,7,3,0.0,0.0,0.0,1.0,0.0,1.0,0.0,0.0,1.0,1.0,0.0,88.0,15.0,88.0,15.0,0.0,0.0,1.0,0.0,0.0,5.0
2016_05_HOU_MIN,2016,5,MIN,HOU,6,7,-1,1.0,0.0,-1.0,0.0,0.0,0.0,0.0,1.0,0.0,0.0,1.0,,,70.0,0.0,0.0,0.0,0.0,0.0,0.0,0.0
2016_05_NYJ_PIT,2016,5,PIT,NYJ,7,7,0,0.0,0.0,0.0,0.0,0.0,0.0,0.0,0.0,1.0,1.0,0.0,57.0,9.0,57.0,9.0,0.0,0.0,0.0,0.0,0.0,0.0
2016_05_ATL_DEN,2016,5,DEN,ATL,7,7,0,0.0,0.0,0.0,0.0,0.0,0.0,0.0,0.0,1.0,1.0,0.0,72.0,5.0,72.0,5.0,0.0,0.0,0.0,0.0,0.0,0.0
2016_05_CIN_DAL,2016,5,DAL,CIN,7,10,-3,0.0,0.0,0.0,0.0,1.0,-1.0,0.0,1.0,0.0,0.0,1.0,,,70.0,0.0,0.0,0.0,0.0,0.0,0.0,0.0
2016_05_BUF_LA,2016,5,LA,BUF,7,7,0,0.0,0.0,0.0,0.0,0.0,0.0,0.0,0.0,1.0,1.0,0.0,91.0,5.0,91.0,5.0,0.0,0.0,0.0,0.0,0.0,0.0
2016_05_SD_OAK,2016,5,OAK,SD,7,7,0,0.0,0.0,0.0,0.0,0.0,0.0,1.0,0.0,1.0,1.0,0.0,75.0,7.0,75.0,7.0,0.0,0.0,0.0,0.0,0.0,0.0
2016_05_NYG_GB,2016,5,GB,NYG,14,6,8,0.0,1.0,1.0,1.0,0.0,1.0,0.0,0.0,1.0,1.0,0.0,49.0,7.0,49.0,7.0,0.0,0.0,0.0,0.0,1.0,0.0
2016_05_TB_CAR,2016,5,CAR,TB,8,8,0,0.0,0.0,0.0,0.0,0.0,0.0,1.0,0.0,1.0,1.0,0.0,66.0,7.0,66.0,7.0,0.0,0.0,0.0,0.0,0.0,0.0
2016_06_DEN_SD,2016,6,SD,DEN,4,4,0,1.0,1.0,0.0,0.0,0.0,0.0,1.0,0.0,1.0,1.0,0.0,70.0,9.0,70.0,9.0,0.0,0.0,0.0,0.0,0.0,0.0
2016_06_SF_BUF,2016,6,BUF,SF,7,10,-3,0.0,0.0,0.0,0.0,1.0,-1.0,0.0,0.0,1.0,0.0,1.0,72.0,22.0,72.0,22.0,0.0,0.0,1.0,1.0,0.0,12.0
2016_06_JAX_CHI,2016,6,CHI,JAX,7,14,-7,0.0,0.0,0.0,0.0,1.0,-1.0,0.0,0.0,1.0,1.0,0.0,69.0,7.0,69.0,7.0,0.0,0.0,0.0,0.0,0.0,0.0
2016_06_LA_DET,2016,6,DET,LA,7,7,0,0.0,0.0,0.0,0.0,0.0,0.0,0.0,1.0,0.0,0.0,1.0,,,70.0,0.0,0.0,0.0,0.0,0.0,0.0,0.0
2016_06_PIT_MIA,2016,6,MIA,PIT,7,7,0,0.0,0.0,0.0,0.0,0.0,0.0,0.0,0.0,1.0,1.0,0.0,81.0,15.0,81.0,15.0,0.0,0.0,1.0,0.0,0.0,5.0
2016_06_CIN_NE,2016,6,NE,CIN,7,7,0,0.0,0.0,0.0,0.0,0.0,0.0,0.0,0.0,1.0,0.0,1.0,66.0,14.0,66.0,14.0,0.0,0.0,0.0,0.0,0.0,4.0
2016_06_CAR_NO,2016,6,NO,CAR,14,6,8,0.0,1.0,1.0,1.0,0.0,1.0,1.0,1.0,0.0,0.0,1.0,,,70.0,0.0,0.0,0.0,0.0,0.0,0.0,0.0
2016_06_BAL_NYG,2016,6,NYG,BAL,7,7,0,0.0,0.0,0.0,0.0,0.0,0.0,0.0,0.0,1.0,0.0,1.0,66.0,6.0,66.0,6.0,0.0,0.0,0.0,0.0,0.0,0.0
2016_06_CLE_TEN,2016,6,TEN,CLE,7,7,0,0.0,0.0,0.0,0.0,0.0,0.0,0.0,0.0,1.0,1.0,0.0,75.0,10.0,75.0,10.0,0.0,0.0,0.0,0.0,0.0,0.0
2016_06_PHI_WAS,2016,6,WAS,PHI,7,7,0,0.0,0.0,0.0,0.0,0.0,0.0,1.0,0.0,1.0,1.0,0.0,69.0,13.0,69.0,13.0,0.0,0.0,0.0,0.0,0.0,3.0
2016_06_KC_OAK,2016,6,OAK,KC,7,14,-7,0.0,0.0,0.0,0.0,1.0,-1.0,1.0,0.0,1.0,1.0,0.0,61.0,6.0,61.0,6.0,0.0,0.0,0.0,0.0,0.0,0.0
2016_06_DAL_GB,2016,6,GB,DAL,7,7,0,0.0,0.0,0.0,0.0,0.0,0.0,0.0,0.0,1.0,1.0,0.0,69.0,8.0,69.0,8.0,0.0,0.0,0.0,0.0,0.0,0.0
2016_06_ATL_SEA,2016,6,SEA,ATL,14,7,7,0.0,0.0,0.0,1.0,0.0,1.0,0.0,0.0,1.0,0.0,1.0,54.0,10.0,54.0,10.0,0.0,0.0,0.0,0.0,0.0,0.0
2016_06_IND_HOU,2016,6,HOU,IND,7,7,0,0.0,0.0,0.0,0.0,0.0,0.0,1.0,1.0,0.0,0.0,1.0,,,70.0,0.0,0.0,0.0,0.0,0.0,0.0,0.0
2016_06_NYJ_ARI,2016,6,ARI,NYJ,11,8,3,0.0,0.0,0.0,1.0,0.0,1.0,0.0,1.0,0.0,1.0,0.0,,,70.0,0.0,0.0,0.0,0.0,0.0,0.0,0.0
2016_07_CHI_GB,2016,7,GB,CHI,4,4,0,1.0,1.0,0.0,0.0,0.0,0.0,1.0,0.0,1.0,1.0,0.0,47.0,10.0,47.0,10.0,0.0,0.0,0.0,0.0,3.0,0.0
2016_07_NYG_LA,2016,7,LA,NYG,7,7,0,0.0,0.0,0.0,0.0,0.0,0.0,0.0,0.0,1.0,1.0,0.0,55.0,12.0,55.0,12.0,0.0,0.0,0.0,0.0,0.0,2.0
2016_07_CLE_CIN,2016,7,CIN,CLE,7,7,0,0.0,0.0,0.0,0.0,0.0,0.0,1.0,0.0,1.0,0.0,1.0,65.0,5.0,65.0,5.0,0.0,0.0,0.0,0.0,0.0,0.0
2016_07_WAS_DET,2016,7,DET,WAS,7,7,0,0.0,0.0,0.0,0.0,0.0,0.0,0.0,1.0,0.0,0.0,1.0,,,70.0,0.0,0.0,0.0,0.0,0.0,0.0,0.0
2016_07_OAK_JAX,2016,7,JAX,OAK,7,7,0,0.0,0.0,0.0,0.0,0.0,0.0,0.0,0.0,1.0,1.0,0.0,70.0,6.0,70.0,6.0,0.0,0.0,0.0,0.0,0.0,0.0
2016_07_NO_KC,2016,7,KC,NO,7,7,0,0.0,0.0,0.0,0.0,0.0,0.0,0.0,0.0,1.0,1.0,0.0,68.0,9.0,68.0,9.0,0.0,0.0,0.0,0.0,0.0,0.0
2016_07_BUF_MIA,2016,7,MIA,BUF,7,7,0,0.0,0.0,0.0,0.0,0.0,0.0,1.0,0.0,1.0,1.0,0.0,81.0,11.0,81.0,11.0,0.0,0.0,0.0,0.0,0.0,1.0
2016_07_BAL_NYJ,2016,7,NYJ,BAL,6,7,-1,1.0,0.0,-1.0,0.0,0.0,0.0,0.0,0.0,1.0,0.0,1.0,58.0,36.0,58.0,36.0,0.0,0.0,1.0,1.0,0.0,26.0
2016_07_MIN_PHI,2016,7,PHI,MIN,7,14,-7,0.0,0.0,0.0,0.0,1.0,-1.0,0.0,0.0,1.0,1.0,0.0,62.0,20.0,62.0,20.0,0.0,0.0,1.0,1.0,0.0,10.0
2016_07_IND_TEN,2016,7,TEN,IND,7,7,0,0.0,0.0,0.0,0.0,0.0,0.0,1.0,0.0,1.0,1.0,0.0,68.0,5.0,68.0,5.0,0.0,0.0,0.0,0.0,0.0,0.0
2016_07_SD_ATL,2016,7,ATL,SD,7,10,-3,0.0,0.0,0.0,0.0,1.0,-1.0,0.0,1.0,0.0,0.0,1.0,,,70.0,0.0,0.0,0.0,0.0,0.0,0.0,0.0
2016_07_TB_SF,2016,7,SF,TB,7,13,-6,0.0,0.0,0.0,0.0,1.0,-1.0,0.0,0.0,1.0,1.0,0.0,68.0,5.0,68.0,5.0,0.0,0.0,0.0,0.0,0.0,0.0
2016_07_NE_PIT,2016,7,PIT,NE,7,7,0,0.0,0.0,0.0,0.0,0.0,0.0,0.0,0.0,1.0,1.0,0.0,63.0,13.0,63.0,13.0,0.0,0.0,0.0,0.0,0.0,3.0
2016_07_SEA_ARI,2016,7,ARI,SEA,6,7,-1,1.0,0.0,-1.0,0.0,0.0,0.0,1.0,1.0,0.0,1.0,0.0,,,70.0,0.0,0.0,0.0,0.0,0.0,0.0,0.0
2016_07_HOU_DEN,2016,7,DEN,HOU,11,8,3,0.0,0.0,0.0,1.0,0.0,1.0,0.0,0.0,1.0,1.0,0.0,71.0,5.0,71.0,5.0,0.0,0.0,0.0,0.0,0.0,0.0
2016_08_JAX_TEN,2016,8,TEN,JAX,4,4,0,1.0,1.0,0.0,0.0,0.0,0.0,1.0,0.0,1.0,1.0,0.0,71.0,3.0,71.0,3.0,0.0,0.0,0.0,0.0,0.0,0.0
2016_08_WAS_CIN,2016,8,CIN,WAS,7,7,0,0.0,0.0,0.0,0.0,0.0,0.0,0.0,0.0,1.0,1.0,0.0,54.0,2.0,54.0,2.0,0.0,0.0,0.0,0.0,0.0,0.0
2016_08_NE_BUF,2016,8,BUF,NE,7,7,0,0.0,0.0,0.0,0.0,0.0,0.0,1.0,0.0,1.0,0.0,1.0,49.0,9.0,49.0,9.0,0.0,0.0,0.0,0.0,1.0,0.0
2016_08_ARI_CAR,2016,8,CAR,ARI,14,7,7,0.0,0.0,0.0,1.0,0.0,1.0,0.0,0.0,1.0,1.0,0.0,85.0,5.0,85.0,5.0,0.0,0.0,0.0,0.0,0.0,0.0
2016_08_NYJ_CLE,2016,8,CLE,NYJ,7,7,0,0.0,0.0,0.0,0.0,0.0,0.0,0.0,0.0,1.0,1.0,0.0,53.0,15.0,53.0,15.0,0.0,0.0,1.0,0.0,0.0,5.0
2016_08_DET_HOU,2016,8,HOU,DET,6,7,-1,1.0,0.0,-1.0,0.0,0.0,0.0,0.0,1.0,0.0,0.0,1.0,,,70.0,0.0,0.0,0.0,0.0,0.0,0.0,0.0
2016_08_KC_IND,2016,8,IND,KC,7,7,0,0.0,0.0,0.0,0.0,0.0,0.0,0.0,1.0,0.0,0.0,1.0,,,70.0,0.0,0.0,0.0,0.0,0.0,0.0,0.0
2016_08_SEA_NO,2016,8,NO,SEA,7,7,0,0.0,0.0,0.0,0.0,0.0,0.0,0.0,1.0,0.0,0.0,1.0,,,70.0,0.0,0.0,0.0,0.0,0.0,0.0,0.0
2016_08_OAK_TB,2016,8,TB,OAK,7,7,0,0.0,0.0,0.0,0.0,0.0,0.0,0.0,0.0,1.0,1.0,0.0,86.0,15.0,86.0,15.0,0.0,0.0,1.0,0.0,0.0,5.0
2016_08_SD_DEN,2016,8,DEN,SD,6,7,-1,1.0,0.0,-1.0,0.0,0.0,0.0,1.0,0.0,1.0,1.0,0.0,76.0,6.0,76.0,6.0,0.0,0.0,0.0,0.0,0.0,0.0
2016_08_GB_ATL,2016,8,ATL,GB,7,10,-3,0.0,0.0,0.0,0.0,1.0,-1.0,0.0,1.0,0.0,0.0,1.0,,,70.0,0.0,0.0,0.0,0.0,0.0,0.0,0.0
2016_08_PHI_DAL,2016,8,DAL,PHI,14,7,7,0.0,0.0,0.0,1.0,0.0,1.0,1.0,1.0,0.0,0.0,1.0,,,70.0,0.0,0.0,0.0,0.0,0.0,0.0,0.0
2016_08_MIN_CHI,2016,8,CHI,MIN,11,8,3,0.0,0.0,0.0,1.0,0.0,1.0,1.0,0.0,1.0,1.0,0.0,58.0,12.0,58.0,12.0,0.0,0.0,0.0,0.0,0.0,2.0
2016_09_ATL_TB,2016,9,TB,ATL,4,4,0,1.0,1.0,0.0,0.0,0.0,0.0,1.0,0.0,1.0,1.0,0.0,76.0,2.0,76.0,2.0,0.0,0.0,0.0,0.0,0.0,0.0
2016_09_PIT_BAL,2016,9,BAL,PIT,14,14,0,0.0,0.0,0.0,1.0,1.0,0.0,1.0,0.0,1.0,1.0,0.0,65.0,15.0,65.0,15.0,0.0,0.0,1.0,0.0,0.0,5.0
2016_09_DAL_CLE,2016,9,CLE,DAL,7,7,0,0.0,0.0,0.0,0.0,0.0,0.0,0.0,0.0,1.0,1.0,0.0,58.0,4.0,58.0,4.0,0.0,0.0,0.0,0.0,0.0,0.0
2016_09_JAX_KC,2016,9,KC,JAX,7,10,-3,0.0,0.0,0.0,0.0,1.0,-1.0,0.0,0.0,1.0,1.0,0.0,62.0,7.0,62.0,7.0,0.0,0.0,0.0,0.0,0.0,0.0
2016_09_NYJ_MIA,2016,9,MIA,NYJ,14,7,7,0.0,0.0,0.0,1.0,0.0,1.0,1.0,0.0,1.0,1.0,0.0,80.0,14.0,80.0,14.0,0.0,0.0,0.0,0.0,0.0,4.0
2016_09_DET_MIN,2016,9,MIN,DET,6,7,-1,1.0,0.0,-1.0,0.0,0.0,0.0,1.0,1.0,0.0,0.0,1.0,,,70.0,0.0,0.0,0.0,0.0,0.0,0.0,0.0
2016_09_PHI_NYG,2016,9,NYG,PHI,14,7,7,0.0,0.0,0.0,1.0,0.0,1.0,1.0,0.0,1.0,0.0,1.0,56.0,9.0,56.0,9.0,0.0,0.0,0.0,0.0,0.0,0.0
2016_09_CAR_LA,2016,9,LA,CAR,14,7,7,0.0,0.0,0.0,1.0,0.0,1.0,0.0,0.0,1.0,1.0,0.0,75.0,2.0,75.0,2.0,0.0,0.0,0.0,0.0,0.0,0.0
2016_09_NO_SF,2016,9,SF,NO,14,7,7,0.0,0.0,0.0,1.0,0.0,1.0,0.0,0.0,1.0,1.0,0.0,70.0,0.0,70.0,0.0,0.0,0.0,0.0,0.0,0.0,0.0
2016_09_IND_GB,2016,9,GB,IND,7,7,0,0.0,0.0,0.0,0.0,0.0,0.0,0.0,0.0,1.0,1.0,0.0,68.0,7.0,68.0,7.0,0.0,0.0,0.0,0.0,0.0,0.0
2016_09_TEN_SD,2016,9,SD,TEN,7,10,-3,0.0,0.0,0.0,0.0,1.0,-1.0,0.0,0.0,1.0,1.0,0.0,76.0,6.0,76.0,6.0,0.0,0.0,0.0,0.0,0.0,0.0
2016_09_DEN_OAK,2016,9,OAK,DEN,7,7,0,0.0,0.0,0.0,0.0,0.0,0.0,1.0,0.0,1.0,1.0,0.0,65.0,6.0,65.0,6.0,0.0,0.0,0.0,0.0,0.0,0.0
2016_09_BUF_SEA,2016,9,SEA,BUF,8,8,0,0.0,0.0,0.0,0.0,0.0,0.0,0.0,0.0,1.0,0.0,1.0,61.0,4.0,61.0,4.0,0.0,0.0,0.0,0.0,0.0,0.0
2016_10_CLE_BAL,2016,10,BAL,CLE,4,4,0,1.0,1.0,0.0,0.0,0.0,0.0,1.0,0.0,1.0,1.0,0.0,54.0,3.0,54.0,3.0,0.0,0.0,0.0,0.0,0.0,0.0
2016_10_KC_CAR,2016,10,CAR,KC,7,7,0,0.0,0.0,0.0,0.0,0.0,0.0,0.0,0.0,1.0,1.0,0.0,45.0,6.0,45.0,6.0,0.0,0.0,0.0,0.0,5.0,0.0
2016_10_HOU_JAX,2016,10,JAX,HOU,7,14,-7,0.0,0.0,0.0,0.0,1.0,-1.0,1.0,0.0,1.0,1.0,0.0,69.0,10.0,69.0,10.0,0.0,0.0,0.0,0.0,0.0,0.0
2016_10_DEN_NO,2016,10,NO,DEN,7,7,0,0.0,0.0,0.0,0.0,0.0,0.0,0.0,1.0,0.0,0.0,1.0,,,70.0,0.0,0.0,0.0,0.0,0.0,0.0,0.0
2016_10_LA_NYJ,2016,10,NYJ,LA,7,7,0,0.0,0.0,0.0,0.0,0.0,0.0,0.0,0.0,1.0,0.0,1.0,62.0,7.0,62.0,7.0,0.0,0.0,0.0,0.0,0.0,0.0
2016_10_ATL_PHI,2016,10,PHI,ATL,7,10,-3,0.0,0.0,0.0,0.0,1.0,-1.0,0.0,0.0,1.0,1.0,0.0,58.0,10.0,58.0,10.0,0.0,0.0,0.0,0.0,0.0,0.0
2016_10_CHI_TB,2016,10,TB,CHI,10,13,-3,0.0,0.0,0.0,1.0,1.0,0.0,0.0,0.0,1.0,1.0,0.0,81.0,4.0,81.0,4.0,0.0,0.0,0.0,0.0,0.0,0.0
2016_10_GB_TEN,2016,10,TEN,GB,7,7,0,0.0,0.0,0.0,0.0,0.0,0.0,0.0,0.0,1.0,1.0,0.0,56.0,3.0,56.0,3.0,0.0,0.0,0.0,0.0,0.0,0.0
2016_10_MIN_WAS,2016,10,WAS,MIN,14,7,7,0.0,0.0,0.0,1.0,0.0,1.0,0.0,0.0,1.0,1.0,0.0,58.0,7.0,58.0,7.0,0.0,0.0,0.0,0.0,0.0,0.0
2016_10_MIA_SD,2016,10,SD,MIA,7,7,0,0.0,0.0,0.0,0.0,0.0,0.0,0.0,0.0,1.0,1.0,0.0,85.0,11.0,85.0,11.0,0.0,0.0,0.0,0.0,0.0,1.0
2016_10_SF_ARI,2016,10,ARI,SF,14,7,7,0.0,0.0,0.0,1.0,0.0,1.0,1.0,1.0,0.0,1.0,0.0,,,70.0,0.0,0.0,0.0,0.0,0.0,0.0,0.0
2016_10_DAL_PIT,2016,10,PIT,DAL,7,7,0,0.0,0.0,0.0,0.0,0.0,0.0,0.0,0.0,1.0,1.0,0.0,56.0,7.0,56.0,7.0,0.0,0.0,0.0,0.0,0.0,0.0
2016_10_SEA_NE,2016,10,NE,SEA,14,6,8,0.0,1.0,1.0,1.0,0.0,1.0,0.0,0.0,1.0,0.0,1.0,43.0,3.0,43.0,3.0,0.0,0.0,0.0,0.0,7.0,0.0
2016_10_CIN_NYG,2016,10,NYG,CIN,8,15,-7,0.0,0.0,0.0,0.0,1.0,-1.0,0.0,0.0,1.0,0.0,1.0,56.0,2.0,56.0,2.0,0.0,0.0,0.0,0.0,0.0,0.0
2016_11_NO_CAR,2016,11,CAR,NO,4,4,0,1.0,1.0,0.0,0.0,0.0,0.0,1.0,0.0,1.0,1.0,0.0,63.0,6.0,63.0,6.0,0.0,0.0,0.0,0.0,0.0,0.0
2016_11_BUF_CIN,2016,11,CIN,BUF,6,13,-7,1.0,0.0,-1.0,0.0,1.0,-1.0,0.0,0.0,1.0,0.0,1.0,36.0,8.0,36.0,8.0,1.0,0.0,0.0,0.0,14.0,0.0
2016_11_PIT_CLE,2016,11,CLE,PIT,10,7,3,0.0,0.0,0.0,1.0,0.0,1.0,1.0,0.0,1.0,1.0,0.0,36.0,27.0,36.0,27.0,1.0,0.0,1.0,1.0,14.0,17.0
2016_11_BAL_DAL,2016,11,DAL,BAL,7,10,-3,0.0,0.0,0.0,0.0,1.0,-1.0,0.0,1.0,0.0,0.0,1.0,,,70.0,0.0,0.0,0.0,0.0,0.0,0.0,0.0
2016_11_JAX_DET,2016,11,DET,JAX,14,7,7,0.0,0.0,0.0,1.0,0.0,1.0,0.0,1.0,0.0,0.0,1.0,,,70.0,0.0,0.0,0.0,0.0,0.0,0.0,0.0
2016_11_TEN_IND,2016,11,IND,TEN,14,7,7,0.0,0.0,0.0,1.0,0.0,1.0,1.0,1.0,0.0,0.0,1.0,,,70.0,0.0,0.0,0.0,0.0,0.0,0.0,0.0
2016_11_TB_KC,2016,11,KC,TB,7,7,0,0.0,0.0,0.0,0.0,0.0,0.0,0.0,0.0,1.0,1.0,0.0,46.0,9.0,46.0,9.0,0.0,0.0,0.0,0.0,4.0,0.0
2016_11_ARI_MIN,2016,11,MIN,ARI,7,7,0,0.0,0.0,0.0,0.0,0.0,0.0,0.0,1.0,0.0,0.0,1.0,,,70.0,0.0,0.0,0.0,0.0,0.0,0.0,0.0
2016_11_CHI_NYG,2016,11,NYG,CHI,6,7,-1,1.0,0.0,-1.0,0.0,0.0,0.0,0.0,0.0,1.0,0.0,1.0,41.0,10.0,41.0,10.0,0.0,0.0,0.0,0.0,9.0,0.0
2016_11_MIA_LA,2016,11,LA,MIA,7,7,0,0.0,0.0,0.0,0.0,0.0,0.0,0.0,0.0,1.0,1.0,0.0,63.0,3.0,63.0,3.0,0.0,0.0,0.0,0.0,0.0,0.0
2016_11_PHI_SEA,2016,11,SEA,PHI,7,7,0,0.0,0.0,0.0,0.0,0.0,0.0,0.0,0.0,1.0,0.0,1.0,54.0,5.0,54.0,5.0,0.0,0.0,0.0,0.0,0.0,0.0
2016_11_NE_SF,2016,11,SF,NE,7,7,0,0.0,0.0,0.0,0.0,0.0,0.0,0.0,0.0,1.0,1.0,0.0,64.0,6.0,64.0,6.0,0.0,0.0,0.0,0.0,0.0,0.0
2016_11_GB_WAS,2016,11,WAS,GB,7,7,0,0.0,0.0,0.0,0.0,0.0,0.0,0.0,0.0,1.0,1.0,0.0,38.0,23.0,38.0,23.0,1.0,0.0,1.0,1.0,12.0,13.0
2016_11_HOU_OAK,2016,11,OAK,HOU,15,8,7,0.0,0.0,0.0,1.0,0.0,1.0,0.0,0.0,1.0,1.0,0.0,63.0,6.0,63.0,6.0,0.0,0.0,0.0,0.0,0.0,0.0
2016_12_MIN_DET,2016,12,DET,MIN,4,4,0,1.0,1.0,0.0,0.0,0.0,0.0,1.0,1.0,0.0,0.0,1.0,,,70.0,0.0,0.0,0.0,0.0,0.0,0.0,0.0
2016_12_WAS_DAL,2016,12,DAL,WAS,4,4,0,1.0,1.0,0.0,0.0,0.0,0.0,1.0,1.0,0.0,0.0,1.0,,,70.0,0.0,0.0,0.0,0.0,0.0,0.0,0.0
2016_12_PIT_IND,2016,12,IND,PIT,4,4,0,1.0,1.0,0.0,0.0,0.0,0.0,0.0,1.0,0.0,0.0,1.0,,,70.0,0.0,0.0,0.0,0.0,0.0,0.0,0.0
2016_12_ARI_ATL,2016,12,ATL,ARI,14,7,7,0.0,0.0,0.0,1.0,0.0,1.0,0.0,1.0,0.0,0.0,1.0,,,70.0,0.0,0.0,0.0,0.0,0.0,0.0,0.0
2016_12_CIN_BAL,2016,12,BAL,CIN,7,7,0,0.0,0.0,0.0,0.0,0.0,0.0,1.0,0.0,1.0,1.0,0.0,50.0,12.0,50.0,12.0,0.0,0.0,0.0,0.0,0.0,2.0
2016_12_JAX_BUF,2016,12,BUF,JAX,7,7,0,0.0,0.0,0.0,0.0,0.0,0.0,0.0,0.0,1.0,0.0,1.0,42.0,13.0,42.0,13.0,0.0,0.0,0.0,0.0,8.0,3.0
2016_12_TEN_CHI,2016,12,CHI,TEN,7,7,0,0.0,0.0,0.0,0.0,0.0,0.0,0.0,0.0,1.0,1.0,0.0,40.0,11.0,40.0,11.0,1.0,0.0,0.0,0.0,10.0,1.0
2016_12_NYG_CLE,2016,12,CLE,NYG,7,7,0,0.0,0.0,0.0,0.0,0.0,0.0,0.0,0.0,1.0,1.0,0.0,48.0,10.0,48.0,10.0,0.0,0.0,0.0,0.0,2.0,0.0
2016_12_SD_HOU,2016,12,HOU,SD,6,14,-8,1.0,0.0,-1.0,0.0,1.0,-1.0,0.0,1.0,0.0,0.0,1.0,,,70.0,0.0,0.0,0.0,0.0,0.0,0.0,0.0
2016_12_SF_MIA,2016,12,MIA,SF,7,7,0,0.0,0.0,0.0,0.0,0.0,0.0,0.0,0.0,1.0,1.0,0.0,79.0,13.0,79.0,13.0,0.0,0.0,0.0,0.0,0.0,3.0
2016_12_LA_NO,2016,12,NO,LA,10,7,3,0.0,0.0,0.0,1.0,0.0,1.0,0.0,1.0,0.0,0.0,1.0,,,70.0,0.0,0.0,0.0,0.0,0.0,0.0,0.0
2016_12_SEA_TB,2016,12,TB,SEA,7,7,0,0.0,0.0,0.0,0.0,0.0,0.0,0.0,0.0,1.0,1.0,0.0,81.0,6.0,81.0,6.0,0.0,0.0,0.0,0.0,0.0,0.0
2016_12_NE_NYJ,2016,12,NYJ,NE,14,7,7,0.0,0.0,0.0,1.0,0.0,1.0,1.0,0.0,1.0,0.0,1.0,47.0,10.0,47.0,10.0,0.0,0.0,0.0,0.0,3.0,0.0
2016_12_CAR_OAK,2016,12,OAK,CAR,6,10,-4,1.0,0.0,-1.0,0.0,1.0,-1.0,0.0,0.0,1.0,1.0,0.0,59.0,12.0,59.0,12.0,0.0,0.0,0.0,0.0,0.0,2.0
2016_12_KC_DEN,2016,12,DEN,KC,14,7,7,0.0,0.0,0.0,1.0,0.0,1.0,1.0,0.0,1.0,1.0,0.0,44.0,21.0,44.0,21.0,0.0,0.0,1.0,1.0,6.0,11.0
2016_12_GB_PHI,2016,12,PHI,GB,8,8,0,0.0,0.0,0.0,0.0,0.0,0.0,0.0,0.0,1.0,1.0,0.0,47.0,7.0,47.0,7.0,0.0,0.0,0.0,0.0,3.0,0.0
2016_13_DAL_MIN,2016,13,MIN,DAL,7,7,0,0.0,0.0,0.0,0.0,0.0,0.0,0.0,1.0,0.0,0.0,1.0,,,70.0,0.0,0.0,0.0,0.0,0.0,0.0,0.0
2016_13_KC_ATL,2016,13,ATL,KC,7,7,0,0.0,0.0,0.0,0.0,0.0,0.0,0.0,1.0,0.0,0.0,1.0,,,70.0,0.0,0.0,0.0,0.0,0.0,0.0,0.0
2016_13_MIA_BAL,2016,13,BAL,MIA,7,7,0,0.0,0.0,0.0,0.0,0.0,0.0,0.0,0.0,1.0,1.0,0.0,47.0,3.0,47.0,3.0,0.0,0.0,0.0,0.0,3.0,0.0
2016_13_SF_CHI,2016,13,CHI,SF,7,7,0,0.0,0.0,0.0,0.0,0.0,0.0,0.0,0.0,1.0,1.0,0.0,33.0,5.0,33.0,5.0,1.0,0.0,0.0,0.0,17.0,0.0
2016_13_PHI_CIN,2016,13,CIN,PHI,7,6,1,0.0,1.0,1.0,0.0,0.0,0.0,0.0,0.0,1.0,0.0,1.0,42.0,10.0,42.0,10.0,0.0,0.0,0.0,0.0,8.0,0.0
2016_13_HOU_GB,2016,13,GB,HOU,6,7,-1,1.0,0.0,-1.0,0.0,0.0,0.0,0.0,0.0,1.0,1.0,0.0,32.0,8.0,32.0,8.0,1.0,0.0,0.0,0.0,18.0,0.0
2016_13_DEN_JAX,2016,13,JAX,DEN,7,7,0,0.0,0.0,0.0,0.0,0.0,0.0,0.0,0.0,1.0,1.0,0.0,70.0,10.0,70.0,10.0,0.0,0.0,0.0,0.0,0.0,0.0
2016_13_LA_NE,2016,13,NE,LA,7,7,0,0.0,0.0,0.0,0.0,0.0,0.0,0.0,0.0,1.0,0.0,1.0,39.0,8.0,39.0,8.0,1.0,0.0,0.0,0.0,11.0,0.0
2016_13_DET_NO,2016,13,NO,DET,7,10,-3,0.0,0.0,0.0,0.0,1.0,-1.0,0.0,1.0,0.0,0.0,1.0,,,70.0,0.0,0.0,0.0,0.0,0.0,0.0,0.0
2016_13_BUF_OAK,2016,13,OAK,BUF,7,7,0,0.0,0.0,0.0,0.0,0.0,0.0,0.0,0.0,1.0,1.0,0.0,59.0,4.0,59.0,4.0,0.0,0.0,0.0,0.0,0.0,0.0
2016_13_WAS_ARI,2016,13,ARI,WAS,7,10,-3,0.0,0.0,0.0,0.0,1.0,-1.0,0.0,1.0,0.0,1.0,0.0,,,70.0,0.0,0.0,0.0,0.0,0.0,0.0,0.0
2016_13_NYG_PIT,2016,13,PIT,NYG,10,7,3,0.0,0.0,0.0,1.0,0.0,1.0,0.0,0.0,1.0,1.0,0.0,43.0,71.0,43.0,71.0,0.0,0.0,1.0,1.0,7.0,61.0
2016_13_TB_SD,2016,13,SD,TB,7,7,0,0.0,0.0,0.0,0.0,0.0,0.0,0.0,0.0,1.0,1.0,0.0,72.0,7.0,72.0,7.0,0.0,0.0,0.0,0.0,0.0,0.0
2016_13_CAR_SEA,2016,13,SEA,CAR,7,7,0,0.0,0.0,0.0,0.0,0.0,0.0,0.0,0.0,1.0,0.0,1.0,37.0,4.0,37.0,4.0,1.0,0.0,0.0,0.0,13.0,0.0
2016_13_IND_NYJ,2016,13,NYJ,IND,8,11,-3,0.0,0.0,0.0,0.0,1.0,-1.0,0.0,0.0,1.0,0.0,1.0,45.0,6.0,45.0,6.0,0.0,0.0,0.0,0.0,5.0,0.0
2016_14_OAK_KC,2016,14,KC,OAK,4,4,0,1.0,1.0,0.0,0.0,0.0,0.0,1.0,0.0,1.0,1.0,0.0,21.0,7.0,21.0,7.0,1.0,1.0,0.0,0.0,29.0,0.0
2016_14_PIT_BUF,2016,14,BUF,PIT,7,7,0,0.0,0.0,0.0,0.0,0.0,0.0,0.0,0.0,1.0,0.0,1.0,27.0,9.0,27.0,9.0,1.0,0.0,0.0,0.0,23.0,0.0
2016_14_SD_CAR,2016,14,CAR,SD,7,7,0,0.0,0.0,0.0,0.0,0.0,0.0,0.0,0.0,1.0,1.0,0.0,37.0,6.0,37.0,6.0,1.0,0.0,0.0,0.0,13.0,0.0
2016_14_CIN_CLE,2016,14,CLE,CIN,14,7,7,0.0,0.0,0.0,1.0,0.0,1.0,1.0,0.0,1.0,1.0,0.0,28.0,15.0,28.0,15.0,1.0,0.0,1.0,0.0,22.0,5.0
2016_14_CHI_DET,2016,14,DET,CHI,7,7,0,0.0,0.0,0.0,0.0,0.0,0.0,1.0,1.0,0.0,0.0,1.0,,,70.0,0.0,0.0,0.0,0.0,0.0,0.0,0.0
2016_14_HOU_IND,2016,14,IND,HOU,6,7,-1,1.0,0.0,-1.0,0.0,0.0,0.0,1.0,1.0,0.0,0.0,1.0,,,70.0,0.0,0.0,0.0,0.0,0.0,0.0,0.0
2016_14_MIN_JAX,2016,14,JAX,MIN,7,10,-3,0.0,0.0,0.0,0.0,1.0,-1.0,0.0,0.0,1.0,1.0,0.0,71.0,5.0,71.0,5.0,0.0,0.0,0.0,0.0,0.0,0.0
2016_14_ARI_MIA,2016,14,MIA,ARI,7,7,0,0.0,0.0,0.0,0.0,0.0,0.0,0.0,0.0,1.0,1.0,0.0,77.0,18.0,77.0,18.0,0.0,0.0,1.0,0.0,0.0,8.0
2016_14_WAS_PHI,2016,14,PHI,WAS,7,7,0,0.0,0.0,0.0,0.0,0.0,0.0,1.0,0.0,1.0,1.0,0.0,35.0,3.0,35.0,3.0,1.0,0.0,0.0,0.0,15.0,0.0
2016_14_DEN_TEN,2016,14,TEN,DEN,14,7,7,0.0,0.0,0.0,1.0,0.0,1.0,0.0,0.0,1.0,1.0,0.0,50.0,5.0,50.0,5.0,0.0,0.0,0.0,0.0,0.0,0.0
2016_14_NYJ_SF,2016,14,SF,NYJ,7,6,1,0.0,1.0,1.0,0.0,0.0,0.0,0.0,0.0,1.0,1.0,0.0,54.0,8.0,54.0,8.0,0.0,0.0,0.0,0.0,0.0,0.0
2016_14_SEA_GB,2016,14,GB,SEA,7,7,0,0.0,0.0,0.0,0.0,0.0,0.0,0.0,0.0,1.0,1.0,0.0,26.0,5.0,26.0,5.0,1.0,0.0,0.0,0.0,24.0,0.0
2016_14_ATL_LA,2016,14,LA,ATL,7,7,0,0.0,0.0,0.0,0.0,0.0,0.0,0.0,0.0,1.0,1.0,0.0,65.0,1.0,65.0,1.0,0.0,0.0,0.0,0.0,0.0,0.0
2016_14_NO_TB,2016,14,TB,NO,7,7,0,0.0,0.0,0.0,0.0,0.0,0.0,1.0,0.0,1.0,1.0,0.0,79.0,9.0,79.0,9.0,0.0,0.0,0.0,0.0,0.0,0.0
2016_14_DAL_NYG,2016,14,NYG,DAL,7,10,-3,0.0,0.0,0.0,0.0,1.0,-1.0,1.0,0.0,1.0,0.0,1.0,32.0,0.0,32.0,0.0,1.0,0.0,0.0,0.0,18.0,0.0
2016_14_BAL_NE,2016,14,NE,BAL,8,8,0,0.0,0.0,0.0,0.0,0.0,0.0,0.0,0.0,1.0,0.0,1.0,31.0,3.0,31.0,3.0,1.0,0.0,0.0,0.0,19.0,0.0
2016_15_LA_SEA,2016,15,SEA,LA,4,4,0,1.0,1.0,0.0,0.0,0.0,0.0,1.0,0.0,1.0,0.0,1.0,36.0,5.0,36.0,5.0,1.0,0.0,0.0,0.0,14.0,0.0
2016_15_MIA_NYJ,2016,15,NYJ,MIA,6,6,0,1.0,1.0,0.0,0.0,0.0,0.0,1.0,0.0,1.0,0.0,1.0,35.0,5.0,35.0,5.0,1.0,0.0,0.0,0.0,15.0,0.0
2016_15_PHI_BAL,2016,15,BAL,PHI,6,7,-1,1.0,0.0,-1.0,0.0,0.0,0.0,0.0,0.0,1.0,1.0,0.0,62.0,9.0,62.0,9.0,0.0,0.0,0.0,0.0,0.0,0.0
2016_15_CLE_BUF,2016,15,BUF,CLE,7,7,0,0.0,0.0,0.0,0.0,0.0,0.0,0.0,0.0,1.0,0.0,1.0,26.0,15.0,26.0,15.0,1.0,0.0,1.0,0.0,24.0,5.0
2016_15_GB_CHI,2016,15,CHI,GB,7,7,0,0.0,0.0,0.0,0.0,0.0,0.0,1.0,0.0,1.0,1.0,0.0,11.0,12.0,11.0,12.0,1.0,1.0,0.0,0.0,39.0,2.0
2016_15_PIT_CIN,2016,15,CIN,PIT,7,7,0,0.0,0.0,0.0,0.0,0.0,0.0,1.0,0.0,1.0,0.0,1.0,24.0,8.0,24.0,8.0,1.0,1.0,0.0,0.0,26.0,0.0
2016_15_JAX_HOU,2016,15,HOU,JAX,7,7,0,0.0,0.0,0.0,0.0,0.0,0.0,1.0,1.0,0.0,0.0,1.0,,,70.0,0.0,0.0,0.0,0.0,0.0,0.0,0.0
2016_15_TEN_KC,2016,15,KC,TEN,10,7,3,0.0,0.0,0.0,1.0,0.0,1.0,0.0,0.0,1.0,1.0,0.0,1.0,5.0,1.0,5.0,1.0,1.0,0.0,0.0,49.0,0.0
2016_15_IND_MIN,2016,15,MIN,IND,7,7,0,0.0,0.0,0.0,0.0,0.0,0.0,0.0,1.0,0.0,0.0,1.0,,,70.0,0.0,0.0,0.0,0.0,0.0,0.0,0.0
2016_15_DET_NYG,2016,15,NYG,DET,7,7,0,0.0,0.0,0.0,0.0,0.0,0.0,0.0,0.0,1.0,0.0,1.0,55.0,1.0,55.0,1.0,0.0,0.0,0.0,0.0,0.0,0.0
2016_15_NO_ARI,2016,15,ARI,NO,7,7,0,0.0,0.0,0.0,0.0,0.0,0.0,0.0,1.0,0.0,1.0,0.0,,,70.0,0.0,0.0,0.0,0.0,0.0,0.0,0.0
2016_15_SF_ATL,2016,15,ATL,SF,7,7,0,0.0,0.0,0.0,0.0,0.0,0.0,0.0,1.0,0.0,0.0,1.0,,,70.0,0.0,0.0,0.0,0.0,0.0,0.0,0.0
2016_15_NE_DEN,2016,15,DEN,NE,7,6,1,0.0,1.0,1.0,0.0,0.0,0.0,0.0,0.0,1.0,1.0,0.0,18.0,9.0,18.0,9.0,1.0,1.0,0.0,0.0,32.0,0.0
2016_15_OAK_SD,2016,15,SD,OAK,7,10,-3,0.0,0.0,0.0,0.0,1.0,-1.0,1.0,0.0,1.0,1.0,0.0,62.0,5.0,62.0,5.0,0.0,0.0,0.0,0.0,0.0,0.0
2016_15_TB_DAL,2016,15,DAL,TB,7,7,0,0.0,0.0,0.0,0.0,0.0,0.0,0.0,1.0,0.0,0.0,1.0,,,70.0,0.0,0.0,0.0,0.0,0.0,0.0,0.0
2016_15_CAR_WAS,2016,15,WAS,CAR,8,8,0,0.0,0.0,0.0,0.0,0.0,0.0,0.0,0.0,1.0,1.0,0.0,32.0,8.0,32.0,8.0,1.0,0.0,0.0,0.0,18.0,0.0
2016_16_NYG_PHI,2016,16,PHI,NYG,4,4,0,1.0,1.0,0.0,0.0,0.0,0.0,1.0,0.0,1.0,1.0,0.0,40.0,10.0,40.0,10.0,1.0,0.0,0.0,0.0,10.0,0.0
2016_16_MIA_BUF,2016,16,BUF,MIA,6,7,-1,1.0,0.0,-1.0,0.0,0.0,0.0,1.0,0.0,1.0,0.0,1.0,38.0,13.0,38.0,13.0,1.0,0.0,0.0,0.0,12.0,3.0
2016_16_ATL_CAR,2016,16,CAR,ATL,5,6,-1,1.0,1.0,0.0,0.0,0.0,0.0,1.0,0.0,1.0,1.0,0.0,56.0,5.0,56.0,5.0,0.0,0.0,0.0,0.0,0.0,0.0
2016_16_WAS_CHI,2016,16,CHI,WAS,6,5,1,1.0,1.0,0.0,0.0,0.0,0.0,0.0,0.0,1.0,1.0,0.0,37.0,1.0,37.0,1.0,1.0,0.0,0.0,0.0,13.0,0.0
2016_16_SD_CLE,2016,16,CLE,SD,6,6,0,1.0,1.0,0.0,0.0,0.0,0.0,0.0,0.0,1.0,1.0,0.0,38.0,13.0,38.0,13.0,1.0,0.0,0.0,0.0,12.0,3.0
2016_16_MIN_GB,2016,16,GB,MIN,6,6,0,1.0,1.0,0.0,0.0,0.0,0.0,1.0,0.0,1.0,1.0,0.0,37.0,8.0,37.0,8.0,1.0,0.0,0.0,0.0,13.0,0.0
2016_16_TEN_JAX,2016,16,JAX,TEN,6,6,0,1.0,1.0,0.0,0.0,0.0,0.0,1.0,0.0,1.0,1.0,0.0,67.0,5.0,67.0,5.0,0.0,0.0,0.0,0.0,0.0,0.0
2016_16_NYJ_NE,2016,16,NE,NYJ,6,7,-1,1.0,0.0,-1.0,0.0,0.0,0.0,1.0,0.0,1.0,0.0,1.0,40.0,6.0,40.0,6.0,1.0,0.0,0.0,0.0,10.0,0.0
2016_16_IND_OAK,2016,16,OAK,IND,6,6,0,1.0,1.0,0.0,0.0,0.0,0.0,0.0,0.0,1.0,1.0,0.0,50.0,9.0,50.0,9.0,0.0,0.0,0.0,0.0,0.0,0.0
2016_16_SF_LA,2016,16,LA,SF,9,6,3,0.0,1.0,1.0,0.0,0.0,0.0,1.0,0.0,1.0,1.0,0.0,59.0,6.0,59.0,6.0,0.0,0.0,0.0,0.0,0.0,0.0
2016_16_TB_NO,2016,16,NO,TB,6,6,0,1.0,1.0,0.0,0.0,0.0,0.0,1.0,1.0,0.0,0.0,1.0,,,70.0,0.0,0.0,0.0,0.0,0.0,0.0,0.0
2016_16_ARI_SEA,2016,16,SEA,ARI,9,6,3,0.0,1.0,1.0,0.0,0.0,0.0,1.0,0.0,1.0,0.0,1.0,39.0,2.0,39.0,2.0,1.0,0.0,0.0,0.0,11.0,0.0
2016_16_CIN_HOU,2016,16,HOU,CIN,6,6,0,1.0,1.0,0.0,0.0,0.0,0.0,0.0,1.0,0.0,0.0,1.0,,,70.0,0.0,0.0,0.0,0.0,0.0,0.0,0.0
2016_16_BAL_PIT,2016,16,PIT,BAL,7,7,0,0.0,0.0,0.0,0.0,0.0,0.0,1.0,0.0,1.0,1.0,0.0,41.0,9.0,41.0,9.0,0.0,0.0,0.0,0.0,9.0,0.0
2016_16_DEN_KC,2016,16,KC,DEN,7,7,0,0.0,0.0,0.0,0.0,0.0,0.0,1.0,0.0,1.0,1.0,0.0,53.0,9.0,53.0,9.0,0.0,0.0,0.0,0.0,0.0,0.0
2016_16_DET_DAL,2016,16,DAL,DET,8,8,0,0.0,0.0,0.0,0.0,0.0,0.0,0.0,1.0,0.0,0.0,1.0,,,70.0,0.0,0.0,0.0,0.0,0.0,0.0,0.0
2016_17_BAL_CIN,2016,17,CIN,BAL,8,7,1,0.0,0.0,0.0,0.0,0.0,0.0,1.0,0.0,1.0,0.0,1.0,40.0,6.0,40.0,6.0,1.0,0.0,0.0,0.0,10.0,0.0
2016_17_JAX_IND,2016,17,IND,JAX,8,8,0,0.0,0.0,0.0,0.0,0.0,0.0,1.0,1.0,0.0,0.0,1.0,,,70.0,0.0,0.0,0.0,0.0,0.0,0.0,0.0
2016_17_NE_MIA,2016,17,MIA,NE,8,8,0,0.0,0.0,0.0,0.0,0.0,0.0,1.0,0.0,1.0,1.0,0.0,80.0,15.0,80.0,15.0,0.0,0.0,1.0,0.0,0.0,5.0
2016_17_CHI_MIN,2016,17,MIN,CHI,8,8,0,0.0,0.0,0.0,0.0,0.0,0.0,1.0,1.0,0.0,0.0,1.0,,,70.0,0.0,0.0,0.0,0.0,0.0,0.0,0.0
2016_17_BUF_NYJ,2016,17,NYJ,BUF,8,8,0,0.0,0.0,0.0,0.0,0.0,0.0,1.0,0.0,1.0,0.0,1.0,42.0,11.0,42.0,11.0,0.0,0.0,0.0,0.0,8.0,1.0
2016_17_DAL_PHI,2016,17,PHI,DAL,10,6,4,0.0,1.0,1.0,1.0,0.0,1.0,1.0,0.0,1.0,1.0,0.0,50.0,10.0,50.0,10.0,0.0,0.0,0.0,0.0,0.0,0.0
2016_17_CLE_PIT,2016,17,PIT,CLE,7,8,-1,0.0,0.0,0.0,0.0,0.0,0.0,1.0,0.0,1.0,1.0,0.0,41.0,1.0,41.0,1.0,0.0,0.0,0.0,0.0,9.0,0.0
2016_17_CAR_TB,2016,17,TB,CAR,8,8,0,0.0,0.0,0.0,0.0,0.0,0.0,1.0,0.0,1.0,1.0,0.0,81.0,6.0,81.0,6.0,0.0,0.0,0.0,0.0,0.0,0.0
2016_17_HOU_TEN,2016,17,TEN,HOU,8,8,0,0.0,0.0,0.0,0.0,0.0,0.0,1.0,0.0,1.0,1.0,0.0,52.0,7.0,52.0,7.0,0.0,0.0,0.0,0.0,0.0,0.0
2016_17_NO_ATL,2016,17,ATL,NO,8,8,0,0.0,0.0,0.0,0.0,0.0,0.0,1.0,1.0,0.0,0.0,1.0,,,70.0,0.0,0.0,0.0,0.0,0.0,0.0,0.0
2016_17_OAK_DEN,2016,17,DEN,OAK,7,8,-1,0.0,0.0,0.0,0.0,0.0,0.0,1.0,0.0,1.0,1.0,0.0,45.0,9.0,45.0,9.0,0.0,0.0,0.0,0.0,5.0,0.0
2016_17_ARI_LA,2016,17,LA,ARI,8,8,0,0.0,0.0,0.0,0.0,0.0,0.0,1.0,0.0,1.0,1.0,0.0,59.0,0.0,59.0,0.0,0.0,0.0,0.0,0.0,0.0,0.0
2016_17_KC_SD,2016,17,SD,KC,8,7,1,0.0,0.0,0.0,0.0,0.0,0.0,1.0,0.0,1.0,1.0,0.0,59.0,10.0,59.0,10.0,0.0,0.0,0.0,0.0,0.0,0.0
2016_17_SEA_SF,2016,17,SF,SEA,8,8,0,0.0,0.0,0.0,0.0,0.0,0.0,1.0,0.0,1.0,1.0,0.0,54.0,5.0,54.0,5.0,0.0,0.0,0.0,0.0,0.0,0.0
2016_17_NYG_WAS,2016,17,WAS,NYG,8,10,-2,0.0,0.0,0.0,0.0,1.0,-1.0,1.0,0.0,1.0,1.0,0.0,53.0,1.0,53.0,1.0,0.0,0.0,0.0,0.0,0.0,0.0
2016_17_GB_DET,2016,17,DET,GB,6,8,-2,1.0,0.0,-1.0,0.0,0.0,0.0,1.0,1.0,0.0,0.0,1.0,,,70.0,0.0,0.0,0.0,0.0,0.0,0.0,0.0
2016_18_OAK_HOU,2016,18,HOU,OAK,6,6,0,1.0,1.0,0.0,0.0,0.0,0.0,0.0,1.0,0.0,0.0,1.0,,,70.0,0.0,0.0,0.0,0.0,0.0,0.0,0.0
2016_18_DET_SEA,2016,18,SEA,DET,6,6,0,1.0,1.0,0.0,0.0,0.0,0.0,0.0,0.0,1.0,0.0,1.0,38.0,7.0,38.0,7.0,1.0,0.0,0.0,0.0,12.0,0.0
2016_18_MIA_PIT,2016,18,PIT,MIA,7,7,0,0.0,0.0,0.0,0.0,0.0,0.0,0.0,0.0,1.0,1.0,0.0,17.0,16.0,17.0,16.0,1.0,1.0,1.0,0.0,33.0,6.0
2016_18_NYG_GB,2016,18,GB,NYG,7,7,0,0.0,0.0,0.0,0.0,0.0,0.0,0.0,0.0,1.0,1.0,0.0,14.0,7.0,14.0,7.0,1.0,1.0,0.0,0.0,36.0,0.0
2016_19_SEA_ATL,2016,19,ATL,SEA,13,7,6,0.0,0.0,0.0,1.0,0.0,1.0,0.0,1.0,0.0,0.0,1.0,,,70.0,0.0,0.0,0.0,0.0,0.0,0.0,0.0
2016_19_HOU_NE,2016,19,NE,HOU,13,7,6,0.0,0.0,0.0,1.0,0.0,1.0,0.0,0.0,1.0,0.0,1.0,28.0,6.0,28.0,6.0,1.0,0.0,0.0,0.0,22.0,0.0
2016_19_GB_DAL,2016,19,DAL,GB,14,7,7,0.0,0.0,0.0,1.0,0.0,1.0,0.0,1.0,0.0,0.0,1.0,,,70.0,0.0,0.0,0.0,0.0,0.0,0.0,0.0
2016_19_PIT_KC,2016,19,KC,PIT,14,7,7,0.0,0.0,0.0,1.0,0.0,1.0,0.0,0.0,1.0,1.0,0.0,33.0,9.0,33.0,9.0,1.0,0.0,0.0,0.0,17.0,0.0
2016_20_GB_ATL,2016,20,ATL,GB,8,7,1,0.0,0.0,0.0,0.0,0.0,0.0,0.0,1.0,0.0,0.0,1.0,,,70.0,0.0,0.0,0.0,0.0,0.0,0.0,0.0
2016_20_PIT_NE,2016,20,NE,PIT,8,7,1,0.0,0.0,0.0,0.0,0.0,0.0,0.0,0.0,1.0,0.0,1.0,41.0,10.0,41.0,10.0,0.0,0.0,0.0,0.0,9.0,0.0
2016_21_NE_ATL,2016,21,ATL,NE,14,14,0,0.0,0.0,0.0,1.0,1.0,0.0,0.0,1.0,0.0,0.0,1.0,,,70.0,0.0,0.0,0.0,0.0,0.0,0.0,0.0
2017_01_KC_NE,2017,1,NE,KC,7,7,0,0.0,0.0,0.0,0.0,0.0,0.0,0.0,0.0,1.0,0.0,1.0,63.0,8.0,63.0,8.0,0.0,0.0,0.0,0.0,0.0,0.0
2017_01_NYJ_BUF,2017,1,BUF,NYJ,7,7,0,0.0,0.0,0.0,0.0,0.0,0.0,1.0,0.0,1.0,0.0,1.0,65.0,6.0,65.0,6.0,0.0,0.0,0.0,0.0,0.0,0.0
2017_01_ATL_CHI,2017,1,CHI,ATL,7,7,0,0.0,0.0,0.0,0.0,0.0,0.0,0.0,0.0,1.0,1.0,0.0,64.0,10.0,64.0,10.0,0.0,0.0,0.0,0.0,0.0,0.0
2017_01_BAL_CIN,2017,1,CIN,BAL,7,7,0,0.0,0.0,0.0,0.0,0.0,0.0,1.0,0.0,1.0,0.0,1.0,68.0,9.0,68.0,9.0,0.0,0.0,0.0,0.0,0.0,0.0
2017_01_PIT_CLE,2017,1,CLE,PIT,7,7,0,0.0,0.0,0.0,0.0,0.0,0.0,1.0,0.0,1.0,1.0,0.0,63.0,11.0,63.0,11.0,0.0,0.0,0.0,0.0,0.0,1.0
2017_01_ARI_DET,2017,1,DET,ARI,7,7,0,0.0,0.0,0.0,0.0,0.0,0.0,0.0,1.0,0.0,0.0,1.0,,,70.0,0.0,0.0,0.0,0.0,0.0,0.0,0.0
2017_01_JAX_HOU,2017,1,HOU,JAX,7,7,0,0.0,0.0,0.0,0.0,0.0,0.0,1.0,0.0,1.0,0.0,1.0,,,,,0.0,0.0,0.0,0.0,0.0,0.0
2017_01_OAK_TEN,2017,1,TEN,OAK,7,7,0,0.0,0.0,0.0,0.0,0.0,0.0,0.0,0.0,1.0,1.0,0.0,72.0,7.0,72.0,7.0,0.0,0.0,0.0,0.0,0.0,0.0
2017_01_PHI_WAS,2017,1,WAS,PHI,7,7,0,0.0,0.0,0.0,0.0,0.0,0.0,1.0,0.0,1.0,1.0,0.0,67.0,5.0,67.0,5.0,0.0,0.0,0.0,0.0,0.0,0.0
2017_01_IND_LA,2017,1,LA,IND,7,7,0,0.0,0.0,0.0,0.0,0.0,0.0,0.0,0.0,1.0,1.0,0.0,90.0,2.0,90.0,2.0,0.0,0.0,0.0,0.0,0.0,0.0
2017_01_SEA_GB,2017,1,GB,SEA,7,7,0,0.0,0.0,0.0,0.0,0.0,0.0,0.0,0.0,1.0,1.0,0.0,71.0,11.0,71.0,11.0,0.0,0.0,0.0,0.0,0.0,1.0
2017_01_CAR_SF,2017,1,SF,CAR,7,7,0,0.0,0.0,0.0,0.0,0.0,0.0,0.0,0.0,1.0,1.0,0.0,87.0,8.0,87.0,8.0,0.0,0.0,0.0,0.0,0.0,0.0
2017_01_NYG_DAL,2017,1,DAL,NYG,7,7,0,0.0,0.0,0.0,0.0,0.0,0.0,1.0,1.0,0.0,0.0,1.0,,,70.0,0.0,0.0,0.0,0.0,0.0,0.0,0.0
2017_01_NO_MIN,2017,1,MIN,NO,7,7,0,0.0,0.0,0.0,0.0,0.0,0.0,0.0,1.0,0.0,0.0,1.0,,,70.0,0.0,0.0,0.0,0.0,0.0,0.0,0.0
2017_01_LAC_DEN,2017,1,DEN,LAC,7,7,0,0.0,0.0,0.0,0.0,0.0,0.0,1.0,0.0,1.0,1.0,0.0,73.0,12.0,73.0,12.0,0.0,0.0,0.0,0.0,0.0,2.0
2017_02_HOU_CIN,2017,2,CIN,HOU,4,4,0,1.0,1.0,0.0,0.0,0.0,0.0,0.0,0.0,1.0,0.0,1.0,69.0,2.0,69.0,2.0,0.0,0.0,0.0,0.0,0.0,0.0
2017_02_CLE_BAL,2017,2,BAL,CLE,7,7,0,0.0,0.0,0.0,0.0,0.0,0.0,1.0,0.0,1.0,1.0,0.0,80.0,2.0,80.0,2.0,0.0,0.0,0.0,0.0,0.0,0.0
2017_02_BUF_CAR,2017,2,CAR,BUF,7,7,0,0.0,0.0,0.0,0.0,0.0,0.0,0.0,0.0,1.0,1.0,0.0,83.0,5.0,83.0,5.0,0.0,0.0,0.0,0.0,0.0,0.0
2017_02_ARI_IND,2017,2,IND,ARI,7,7,0,0.0,0.0,0.0,0.0,0.0,0.0,0.0,1.0,0.0,0.0,1.0,,,70.0,0.0,0.0,0.0,0.0,0.0,0.0,0.0
2017_02_TEN_JAX,2017,2,JAX,TEN,7,7,0,0.0,0.0,0.0,0.0,0.0,0.0,1.0,0.0,1.0,1.0,0.0,84.0,10.0,84.0,10.0,0.0,0.0,0.0,0.0,0.0,0.0
2017_02_PHI_KC,2017,2,KC,PHI,10,7,3,0.0,0.0,0.0,1.0,0.0,1.0,0.0,0.0,1.0,1.0,0.0,68.0,7.0,68.0,7.0,0.0,0.0,0.0,0.0,0.0,0.0
2017_02_NE_NO,2017,2,NO,NE,6,10,-4,1.0,0.0,-1.0,0.0,1.0,-1.0,0.0,1.0,0.0,0.0,1.0,,,70.0,0.0,0.0,0.0,0.0,0.0,0.0,0.0
2017_02_MIN_PIT,2017,2,PIT,MIN,7,6,1,0.0,1.0,1.0,0.0,0.0,0.0,0.0,0.0,1.0,1.0,0.0,78.0,1.0,78.0,1.0,0.0,0.0,0.0,0.0,0.0,0.0
2017_02_CHI_TB,2017,2,TB,CHI,14,7,7,0.0,0.0,0.0,1.0,0.0,1.0,0.0,0.0,1.0,1.0,0.0,88.0,7.0,88.0,7.0,0.0,0.0,0.0,0.0,0.0,0.0
2017_02_MIA_LAC,2017,2,LAC,MIA,6,14,-8,1.0,0.0,-1.0,0.0,1.0,-1.0,0.0,0.0,1.0,1.0,0.0,71.0,7.0,71.0,7.0,0.0,0.0,0.0,0.0,0.0,0.0
2017_02_NYJ_OAK,2017,2,OAK,NYJ,7,7,0,0.0,0.0,0.0,0.0,0.0,0.0,0.0,0.0,1.0,1.0,0.0,70.0,6.0,70.0,6.0,0.0,0.0,0.0,0.0,0.0,0.0
2017_02_DAL_DEN,2017,2,DEN,DAL,6,7,-1,1.0,0.0,-1.0,0.0,0.0,0.0,0.0,0.0,1.0,1.0,0.0,72.0,5.0,72.0,5.0,0.0,0.0,0.0,0.0,0.0,0.0
2017_02_WAS_LA,2017,2,LA,WAS,7,7,0,0.0,0.0,0.0,0.0,0.0,0.0,0.0,0.0,1.0,1.0,0.0,74.0,3.0,74.0,3.0,0.0,0.0,0.0,0.0,0.0,0.0
2017_02_SF_SEA,2017,2,SEA,SF,7,7,0,0.0,0.0,0.0,0.0,0.0,0.0,1.0,0.0,1.0,0.0,1.0,65.0,12.0,65.0,12.0,0.0,0.0,0.0,0.0,0.0,2.0
2017_02_GB_ATL,2017,2,ATL,GB,7,7,0,0.0,0.0,0.0,0.0,0.0,0.0,0.0,0.0,1.0,0.0,1.0,,,,,0.0,0.0,0.0,0.0,0.0,0.0
2017_02_DET_NYG,2017,2,NYG,DET,8,8,0,0.0,0.0,0.0,0.0,0.0,0.0,0.0,0.0,1.0,0.0,1.0,72.0,5.0,72.0,5.0,0.0,0.0,0.0,0.0,0.0,0.0
2017_03_LA_SF,2017,3,SF,LA,4,4,0,1.0,1.0,0.0,0.0,0.0,0.0,1.0,0.0,1.0,1.0,0.0,68.0,13.0,68.0,13.0,0.0,0.0,0.0,0.0,0.0,3.0
2017_03_DEN_BUF,2017,3,BUF,DEN,7,7,0,0.0,0.0,0.0,0.0,0.0,0.0,0.0,0.0,1.0,0.0,1.0,83.0,5.0,83.0,5.0,0.0,0.0,0.0,0.0,0.0,0.0
2017_03_NO_CAR,2017,3,CAR,NO,7,7,0,0.0,0.0,0.0,0.0,0.0,0.0,1.0,0.0,1.0,1.0,0.0,82.0,6.0,82.0,6.0,0.0,0.0,0.0,0.0,0.0,0.0
2017_03_PIT_CHI,2017,3,CHI,PIT,7,7,0,0.0,0.0,0.0,0.0,0.0,0.0,0.0,0.0,1.0,1.0,0.0,89.0,5.0,89.0,5.0,0.0,0.0,0.0,0.0,0.0,0.0
2017_03_ATL_DET,2017,3,DET,ATL,6,7,-1,1.0,0.0,-1.0,0.0,0.0,0.0,0.0,1.0,0.0,0.0,1.0,,,70.0,0.0,0.0,0.0,0.0,0.0,0.0,0.0
2017_03_CLE_IND,2017,3,IND,CLE,7,7,0,0.0,0.0,0.0,0.0,0.0,0.0,0.0,1.0,0.0,0.0,1.0,,,70.0,0.0,0.0,0.0,0.0,0.0,0.0,0.0
2017_03_TB_MIN,2017,3,MIN,TB,7,7,0,0.0,0.0,0.0,0.0,0.0,0.0,0.0,1.0,0.0,0.0,1.0,,,70.0,0.0,0.0,0.0,0.0,0.0,0.0,0.0
2017_03_HOU_NE,2017,3,NE,HOU,7,10,-3,0.0,0.0,0.0,0.0,1.0,-1.0,0.0,0.0,1.0,0.0,1.0,84.0,4.0,84.0,4.0,0.0,0.0,0.0,0.0,0.0,0.0
2017_03_MIA_NYJ,2017,3,NYJ,MIA,7,7,0,0.0,0.0,0.0,0.0,0.0,0.0,1.0,0.0,1.0,0.0,1.0,88.0,5.0,88.0,5.0,0.0,0.0,0.0,0.0,0.0,0.0
2017_03_NYG_PHI,2017,3,PHI,NYG,7,6,1,0.0,1.0,1.0,0.0,0.0,0.0,1.0,0.0,1.0,1.0,0.0,89.0,6.0,89.0,6.0,0.0,0.0,0.0,0.0,0.0,0.0
2017_03_SEA_TEN,2017,3,TEN,SEA,7,7,0,0.0,0.0,0.0,0.0,0.0,0.0,0.0,0.0,1.0,1.0,0.0,88.0,4.0,88.0,4.0,0.0,0.0,0.0,0.0,0.0,0.0
2017_03_CIN_GB,2017,3,GB,CIN,7,10,-3,0.0,0.0,0.0,0.0,1.0,-1.0,0.0,0.0,1.0,1.0,0.0,89.0,8.0,89.0,8.0,0.0,0.0,0.0,0.0,0.0,0.0
2017_03_KC_LAC,2017,3,LAC,KC,7,7,0,0.0,0.0,0.0,0.0,0.0,0.0,1.0,0.0,1.0,1.0,0.0,84.0,5.0,84.0,5.0,0.0,0.0,0.0,0.0,0.0,0.0
2017_03_OAK_WAS,2017,3,WAS,OAK,7,7,0,0.0,0.0,0.0,0.0,0.0,0.0,0.0,0.0,1.0,1.0,0.0,76.0,0.0,76.0,0.0,0.0,0.0,0.0,0.0,0.0,0.0
2017_03_BAL_JAX,2017,3,JAX,BAL,7,7,0,0.0,0.0,0.0,0.0,0.0,0.0,0.0,0.0,1.0,1.0,0.0,70.0,10.0,70.0,10.0,0.0,0.0,0.0,0.0,0.0,0.0
2017_03_DAL_ARI,2017,3,ARI,DAL,8,8,0,0.0,0.0,0.0,0.0,0.0,0.0,0.0,1.0,0.0,1.0,0.0,,,70.0,0.0,0.0,0.0,0.0,0.0,0.0,0.0
2017_04_CHI_GB,2017,4,GB,CHI,4,4,0,1.0,1.0,0.0,0.0,0.0,0.0,1.0,0.0,1.0,1.0,0.0,65.0,5.0,65.0,5.0,0.0,0.0,0.0,0.0,0.0,0.0
2017_04_BUF_ATL,2017,4,ATL,BUF,7,7,0,0.0,0.0,0.0,0.0,0.0,0.0,0.0,1.0,0.0,0.0,1.0,,,70.0,0.0,0.0,0.0,0.0,0.0,0.0,0.0
2017_04_PIT_BAL,2017,4,BAL,PIT,7,7,0,0.0,0.0,0.0,0.0,0.0,0.0,1.0,0.0,1.0,1.0,0.0,64.0,6.0,64.0,6.0,0.0,0.0,0.0,0.0,0.0,0.0
2017_04_CIN_CLE,2017,4,CLE,CIN,7,7,0,0.0,0.0,0.0,0.0,0.0,0.0,1.0,0.0,1.0,1.0,0.0,63.0,6.0,63.0,6.0,0.0,0.0,0.0,0.0,0.0,0.0
2017_04_LA_DAL,2017,4,DAL,LA,6,10,-4,1.0,0.0,-1.0,0.0,1.0,-1.0,0.0,1.0,0.0,0.0,1.0,,,70.0,0.0,0.0,0.0,0.0,0.0,0.0,0.0
2017_04_TEN_HOU,2017,4,HOU,TEN,7,7,0,0.0,0.0,0.0,0.0,0.0,0.0,1.0,0.0,1.0,0.0,1.0,,,,,0.0,0.0,0.0,0.0,0.0,0.0
2017_04_DET_MIN,2017,4,MIN,DET,7,7,0,0.0,0.0,0.0,0.0,0.0,0.0,1.0,1.0,0.0,0.0,1.0,,,70.0,0.0,0.0,0.0,0.0,0.0,0.0,0.0
2017_04_CAR_NE,2017,4,NE,CAR,7,7,0,0.0,0.0,0.0,0.0,0.0,0.0,0.0,0.0,1.0,0.0,1.0,61.0,6.0,61.0,6.0,0.0,0.0,0.0,0.0,0.0,0.0
2017_04_JAX_NYJ,2017,4,NYJ,JAX,7,7,0,0.0,0.0,0.0,0.0,0.0,0.0,0.0,0.0,1.0,0.0,1.0,64.0,5.0,64.0,5.0,0.0,0.0,0.0,0.0,0.0,0.0
2017_04_SF_ARI,2017,4,ARI,SF,6,10,-4,1.0,0.0,-1.0,0.0,1.0,-1.0,1.0,1.0,0.0,1.0,0.0,,,70.0,0.0,0.0,0.0,0.0,0.0,0.0,0.0
2017_04_PHI_LAC,2017,4,LAC,PHI,7,7,0,0.0,0.0,0.0,0.0,0.0,0.0,0.0,0.0,1.0,1.0,0.0,72.0,6.0,72.0,6.0,0.0,0.0,0.0,0.0,0.0,0.0
2017_04_NYG_TB,2017,4,TB,NYG,7,7,0,0.0,0.0,0.0,0.0,0.0,0.0,0.0,0.0,1.0,1.0,0.0,91.0,8.0,91.0,8.0,0.0,0.0,0.0,0.0,0.0,0.0
2017_04_OAK_DEN,2017,4,DEN,OAK,7,7,0,0.0,0.0,0.0,0.0,0.0,0.0,1.0,0.0,1.0,1.0,0.0,72.0,7.0,72.0,7.0,0.0,0.0,0.0,0.0,0.0,0.0
2017_04_IND_SEA,2017,4,SEA,IND,7,7,0,0.0,0.0,0.0,0.0,0.0,0.0,0.0,0.0,1.0,0.0,1.0,61.0,8.0,61.0,8.0,0.0,0.0,0.0,0.0,0.0,0.0
2017_04_NO_MIA,2017,4,MIA,NO,7,7,0,0.0,0.0,0.0,0.0,0.0,0.0,0.0,0.0,1.0,1.0,0.0,63.0,13.0,63.0,13.0,0.0,0.0,0.0,0.0,0.0,3.0
2017_04_WAS_KC,2017,4,KC,WAS,8,8,0,0.0,0.0,0.0,0.0,0.0,0.0,0.0,0.0,1.0,1.0,0.0,82.0,14.0,82.0,14.0,0.0,0.0,0.0,0.0,0.0,4.0
2017_05_NE_TB,2017,5,TB,NE,4,4,0,1.0,1.0,0.0,0.0,0.0,0.0,0.0,0.0,1.0,1.0,0.0,76.0,9.0,76.0,9.0,0.0,0.0,0.0,0.0,0.0,0.0
2017_05_BUF_CIN,2017,5,CIN,BUF,7,7,0,0.0,0.0,0.0,0.0,0.0,0.0,0.0,0.0,1.0,0.0,1.0,63.0,10.0,63.0,10.0,0.0,0.0,0.0,0.0,0.0,0.0
2017_05_NYJ_CLE,2017,5,CLE,NYJ,7,7,0,0.0,0.0,0.0,0.0,0.0,0.0,0.0,0.0,1.0,1.0,0.0,67.0,8.0,67.0,8.0,0.0,0.0,0.0,0.0,0.0,0.0
2017_05_CAR_DET,2017,5,DET,CAR,7,7,0,0.0,0.0,0.0,0.0,0.0,0.0,0.0,1.0,0.0,0.0,1.0,,,70.0,0.0,0.0,0.0,0.0,0.0,0.0,0.0
2017_05_SF_IND,2017,5,IND,SF,7,7,0,0.0,0.0,0.0,0.0,0.0,0.0,0.0,1.0,0.0,0.0,1.0,,,70.0,0.0,0.0,0.0,0.0,0.0,0.0,0.0
2017_05_TEN_MIA,2017,5,MIA,TEN,7,7,0,0.0,0.0,0.0,0.0,0.0,0.0,0.0,0.0,1.0,1.0,0.0,89.0,9.0,89.0,9.0,0.0,0.0,0.0,0.0,0.0,0.0
2017_05_LAC_NYG,2017,5,NYG,LAC,7,7,0,0.0,0.0,0.0,0.0,0.0,0.0,0.0,0.0,1.0,0.0,1.0,76.0,7.0,76.0,7.0,0.0,0.0,0.0,0.0,0.0,0.0
2017_05_ARI_PHI,2017,5,PHI,ARI,7,7,0,0.0,0.0,0.0,0.0,0.0,0.0,0.0,0.0,1.0,1.0,0.0,77.0,10.0,77.0,10.0,0.0,0.0,0.0,0.0,0.0,0.0
2017_05_JAX_PIT,2017,5,PIT,JAX,7,7,0,0.0,0.0,0.0,0.0,0.0,0.0,0.0,0.0,1.0,1.0,0.0,73.0,9.0,73.0,9.0,0.0,0.0,0.0,0.0,0.0,0.0
2017_05_SEA_LA,2017,5,LA,SEA,7,7,0,0.0,0.0,0.0,0.0,0.0,0.0,1.0,0.0,1.0,1.0,0.0,78.0,0.0,78.0,0.0,0.0,0.0,0.0,0.0,0.0,0.0
2017_05_BAL_OAK,2017,5,OAK,BAL,7,7,0,0.0,0.0,0.0,0.0,0.0,0.0,0.0,0.0,1.0,1.0,0.0,72.0,8.0,72.0,8.0,0.0,0.0,0.0,0.0,0.0,0.0
2017_05_GB_DAL,2017,5,DAL,GB,7,10,-3,0.0,0.0,0.0,0.0,1.0,-1.0,0.0,1.0,0.0,0.0,1.0,,,70.0,0.0,0.0,0.0,0.0,0.0,0.0,0.0
2017_05_KC_HOU,2017,5,HOU,KC,7,6,1,0.0,1.0,1.0,0.0,0.0,0.0,0.0,1.0,0.0,0.0,1.0,,,70.0,0.0,0.0,0.0,0.0,0.0,0.0,0.0
2017_05_MIN_CHI,2017,5,CHI,MIN,11,8,3,0.0,0.0,0.0,1.0,0.0,1.0,1.0,0.0,1.0,1.0,0.0,70.0,10.0,70.0,10.0,0.0,0.0,0.0,0.0,0.0,0.0
2017_06_PHI_CAR,2017,6,CAR,PHI,4,4,0,1.0,1.0,0.0,0.0,0.0,0.0,0.0,0.0,1.0,1.0,0.0,72.0,6.0,72.0,6.0,0.0,0.0,0.0,0.0,0.0,0.0
2017_06_MIA_ATL,2017,6,ATL,MIA,14,7,7,0.0,0.0,0.0,1.0,0.0,1.0,0.0,1.0,0.0,0.0,1.0,,,70.0,0.0,0.0,0.0,0.0,0.0,0.0,0.0
2017_06_CHI_BAL,2017,6,BAL,CHI,7,6,1,0.0,1.0,1.0,0.0,0.0,0.0,0.0,0.0,1.0,1.0,0.0,69.0,7.0,69.0,7.0,0.0,0.0,0.0,0.0,0.0,0.0
2017_06_CLE_HOU,2017,6,HOU,CLE,7,7,0,0.0,0.0,0.0,0.0,0.0,0.0,0.0,1.0,0.0,0.0,1.0,,,70.0,0.0,0.0,0.0,0.0,0.0,0.0,0.0
2017_06_GB_MIN,2017,6,MIN,GB,6,7,-1,1.0,0.0,-1.0,0.0,0.0,0.0,1.0,1.0,0.0,0.0,1.0,,,70.0,0.0,0.0,0.0,0.0,0.0,0.0,0.0
2017_06_DET_NO,2017,6,NO,DET,14,7,7,0.0,0.0,0.0,1.0,0.0,1.0,0.0,1.0,0.0,0.0,1.0,,,70.0,0.0,0.0,0.0,0.0,0.0,0.0,0.0
2017_06_NE_NYJ,2017,6,NYJ,NE,7,10,-3,0.0,0.0,0.0,0.0,1.0,-1.0,1.0,0.0,1.0,0.0,1.0,73.0,13.0,73.0,13.0,0.0,0.0,0.0,0.0,0.0,3.0
2017_06_SF_WAS,2017,6,WAS,SF,13,7,6,0.0,0.0,0.0,1.0,0.0,1.0,0.0,0.0,1.0,1.0,0.0,68.0,4.0,68.0,4.0,0.0,0.0,0.0,0.0,0.0,0.0
2017_06_TB_ARI,2017,6,ARI,TB,7,10,-3,0.0,0.0,0.0,0.0,1.0,-1.0,0.0,1.0,0.0,1.0,0.0,,,70.0,0.0,0.0,0.0,0.0,0.0,0.0,0.0
2017_06_LA_JAX,2017,6,JAX,LA,7,7,0,0.0,0.0,0.0,0.0,0.0,0.0,0.0,0.0,1.0,1.0,0.0,88.0,10.0,88.0,10.0,0.0,0.0,0.0,0.0,0.0,0.0
2017_06_PIT_KC,2017,6,KC,PIT,7,7,0,0.0,0.0,0.0,0.0,0.0,0.0,0.0,0.0,1.0,1.0,0.0,60.0,14.0,60.0,14.0,0.0,0.0,0.0,0.0,0.0,4.0
2017_06_LAC_OAK,2017,6,OAK,LAC,7,7,0,0.0,0.0,0.0,0.0,0.0,0.0,1.0,0.0,1.0,1.0,0.0,76.0,9.0,76.0,9.0,0.0,0.0,0.0,0.0,0.0,0.0
2017_06_NYG_DEN,2017,6,DEN,NYG,14,7,7,0.0,0.0,0.0,1.0,0.0,1.0,0.0,0.0,1.0,1.0,0.0,61.0,4.0,61.0,4.0,0.0,0.0,0.0,0.0,0.0,0.0
2017_06_IND_TEN,2017,6,TEN,IND,8,8,0,0.0,0.0,0.0,0.0,0.0,0.0,1.0,0.0,1.0,1.0,0.0,57.0,7.0,57.0,7.0,0.0,0.0,0.0,0.0,0.0,0.0
2017_07_KC_OAK,2017,7,OAK,KC,4,4,0,1.0,1.0,0.0,0.0,0.0,0.0,1.0,0.0,1.0,1.0,0.0,62.0,1.0,62.0,1.0,0.0,0.0,0.0,0.0,0.0,0.0
2017_07_TB_BUF,2017,7,BUF,TB,14,7,7,0.0,0.0,0.0,1.0,0.0,1.0,0.0,0.0,1.0,0.0,1.0,74.0,9.0,74.0,9.0,0.0,0.0,0.0,0.0,0.0,0.0
2017_07_CAR_CHI,2017,7,CHI,CAR,7,10,-3,0.0,0.0,0.0,0.0,1.0,-1.0,0.0,0.0,1.0,1.0,0.0,70.0,15.0,70.0,15.0,0.0,0.0,1.0,0.0,0.0,5.0
2017_07_TEN_CLE,2017,7,CLE,TEN,7,6,1,0.0,1.0,1.0,0.0,0.0,0.0,0.0,0.0,1.0,1.0,0.0,74.0,12.0,74.0,12.0,0.0,0.0,0.0,0.0,0.0,2.0
2017_07_NO_GB,2017,7,GB,NO,7,7,0,0.0,0.0,0.0,0.0,0.0,0.0,0.0,0.0,1.0,1.0,0.0,52.0,10.0,52.0,10.0,0.0,0.0,0.0,0.0,0.0,0.0
2017_07_JAX_IND,2017,7,IND,JAX,6,7,-1,1.0,0.0,-1.0,0.0,0.0,0.0,1.0,1.0,0.0,0.0,1.0,,,70.0,0.0,0.0,0.0,0.0,0.0,0.0,0.0
2017_07_ARI_LA,2017,7,LA,ARI,7,7,0,0.0,0.0,0.0,0.0,0.0,0.0,1.0,0.0,1.0,1.0,0.0,54.0,10.0,54.0,10.0,0.0,0.0,0.0,0.0,0.0,0.0
2017_07_NYJ_MIA,2017,7,MIA,NYJ,7,7,0,0.0,0.0,0.0,0.0,0.0,0.0,1.0,0.0,1.0,1.0,0.0,86.0,18.0,86.0,18.0,0.0,0.0,1.0,0.0,0.0,8.0
2017_07_BAL_MIN,2017,7,MIN,BAL,7,7,0,0.0,0.0,0.0,0.0,0.0,0.0,0.0,1.0,0.0,0.0,1.0,,,70.0,0.0,0.0,0.0,0.0,0.0,0.0,0.0
2017_07_DAL_SF,2017,7,SF,DAL,7,14,-7,0.0,0.0,0.0,0.0,1.0,-1.0,0.0,0.0,1.0,1.0,0.0,68.0,10.0,68.0,10.0,0.0,0.0,0.0,0.0,0.0,0.0
2017_07_DEN_LAC,2017,7,LAC,DEN,7,7,0,0.0,0.0,0.0,0.0,0.0,0.0,1.0,0.0,1.0,1.0,0.0,90.0,4.0,90.0,4.0,0.0,0.0,0.0,0.0,0.0,0.0
2017_07_SEA_NYG,2017,7,NYG,SEA,7,14,-7,0.0,0.0,0.0,0.0,1.0,-1.0,0.0,0.0,1.0,0.0,1.0,75.0,7.0,75.0,7.0,0.0,0.0,0.0,0.0,0.0,0.0
2017_07_CIN_PIT,2017,7,PIT,CIN,7,14,-7,0.0,0.0,0.0,0.0,1.0,-1.0,1.0,0.0,1.0,1.0,0.0,79.0,6.0,79.0,6.0,0.0,0.0,0.0,0.0,0.0,0.0
2017_07_ATL_NE,2017,7,NE,ATL,7,7,0,0.0,0.0,0.0,0.0,0.0,0.0,0.0,0.0,1.0,0.0,1.0,56.0,2.0,56.0,2.0,0.0,0.0,0.0,0.0,0.0,0.0
2017_07_WAS_PHI,2017,7,PHI,WAS,11,8,3,0.0,0.0,0.0,1.0,0.0,1.0,1.0,0.0,1.0,1.0,0.0,70.0,9.0,70.0,9.0,0.0,0.0,0.0,0.0,0.0,0.0
2017_08_MIA_BAL,2017,8,BAL,MIA,4,4,0,1.0,1.0,0.0,0.0,0.0,0.0,0.0,0.0,1.0,1.0,0.0,56.0,9.0,56.0,9.0,0.0,0.0,0.0,0.0,0.0,0.0
2017_08_OAK_BUF,2017,8,BUF,OAK,7,10,-3,0.0,0.0,0.0,0.0,1.0,-1.0,0.0,0.0,1.0,0.0,1.0,42.0,7.0,42.0,7.0,0.0,0.0,0.0,0.0,8.0,0.0
2017_08_IND_CIN,2017,8,CIN,IND,7,7,0,0.0,0.0,0.0,0.0,0.0,0.0,0.0,0.0,1.0,0.0,1.0,39.0,9.0,39.0,9.0,1.0,0.0,0.0,0.0,11.0,0.0
2017_08_LAC_NE,2017,8,NE,LAC,7,7,0,0.0,0.0,0.0,0.0,0.0,0.0,0.0,0.0,1.0,0.0,1.0,62.0,8.0,62.0,8.0,0.0,0.0,0.0,0.0,0.0,0.0
2017_08_CHI_NO,2017,8,NO,CHI,7,7,0,0.0,0.0,0.0,0.0,0.0,0.0,0.0,1.0,0.0,0.0,1.0,,,70.0,0.0,0.0,0.0,0.0,0.0,0.0,0.0
2017_08_ATL_NYJ,2017,8,NYJ,ATL,7,7,0,0.0,0.0,0.0,0.0,0.0,0.0,0.0,0.0,1.0,0.0,1.0,63.0,5.0,63.0,5.0,0.0,0.0,0.0,0.0,0.0,0.0
2017_08_SF_PHI,2017,8,PHI,SF,6,7,-1,1.0,0.0,-1.0,0.0,0.0,0.0,0.0,0.0,1.0,1.0,0.0,67.0,12.0,67.0,12.0,0.0,0.0,0.0,0.0,0.0,2.0
2017_08_CAR_TB,2017,8,TB,CAR,7,7,0,0.0,0.0,0.0,0.0,0.0,0.0,1.0,0.0,1.0,1.0,0.0,63.0,13.0,63.0,13.0,0.0,0.0,0.0,0.0,0.0,3.0
2017_08_HOU_SEA,2017,8,SEA,HOU,7,14,-7,0.0,0.0,0.0,0.0,1.0,-1.0,0.0,0.0,1.0,0.0,1.0,50.0,2.0,50.0,2.0,0.0,0.0,0.0,0.0,0.0,0.0
2017_08_DAL_WAS,2017,8,WAS,DAL,6,7,-1,1.0,0.0,-1.0,0.0,0.0,0.0,1.0,0.0,1.0,1.0,0.0,60.0,4.0,60.0,4.0,0.0,0.0,0.0,0.0,0.0,0.0
2017_08_PIT_DET,2017,8,DET,PIT,14,7,7,0.0,0.0,0.0,1.0,0.0,1.0,0.0,1.0,0.0,0.0,1.0,,,70.0,0.0,0.0,0.0,0.0,0.0,0.0,0.0
2017_08_MIN_CLE,2017,8,CLE,MIN,7,7,0,0.0,0.0,0.0,0.0,0.0,0.0,0.0,0.0,1.0,1.0,0.0,56.0,11.0,56.0,11.0,0.0,0.0,0.0,0.0,0.0,1.0
2017_08_DEN_KC,2017,8,KC,DEN,11,8,3,0.0,0.0,0.0,1.0,0.0,1.0,1.0,0.0,1.0,1.0,0.0,44.0,12.0,44.0,12.0,0.0,0.0,0.0,0.0,6.0,2.0
2017_09_BUF_NYJ,2017,9,NYJ,BUF,4,4,0,1.0,1.0,0.0,0.0,0.0,0.0,1.0,0.0,1.0,0.0,1.0,68.0,11.0,68.0,11.0,0.0,0.0,0.0,0.0,0.0,1.0
2017_09_ATL_CAR,2017,9,CAR,ATL,7,7,0,0.0,0.0,0.0,0.0,0.0,0.0,1.0,0.0,1.0,1.0,0.0,61.0,4.0,61.0,4.0,0.0,0.0,0.0,0.0,0.0,0.0
2017_09_IND_HOU,2017,9,HOU,IND,7,7,0,0.0,0.0,0.0,0.0,0.0,0.0,1.0,1.0,0.0,0.0,1.0,,,70.0,0.0,0.0,0.0,0.0,0.0,0.0,0.0
2017_09_CIN_JAX,2017,9,JAX,CIN,14,7,7,0.0,0.0,0.0,1.0,0.0,1.0,0.0,0.0,1.0,1.0,0.0,78.0,12.0,78.0,12.0,0.0,0.0,0.0,0.0,0.0,2.0
2017_09_TB_NO,2017,9,NO,TB,7,7,0,0.0,0.0,0.0,0.0,0.0,0.0,1.0,1.0,0.0,0.0,1.0,,,70.0,0.0,0.0,0.0,0.0,0.0,0.0,0.0
2017_09_LA_NYG,2017,9,NYG,LA,14,14,0,0.0,0.0,0.0,1.0,1.0,0.0,0.0,0.0,1.0,0.0,1.0,56.0,6.0,56.0,6.0,0.0,0.0,0.0,0.0,0.0,0.0
2017_09_DEN_PHI,2017,9,PHI,DEN,7,6,1,0.0,1.0,1.0,0.0,0.0,0.0,0.0,0.0,1.0,1.0,0.0,61.0,5.0,61.0,5.0,0.0,0.0,0.0,0.0,0.0,0.0
2017_09_BAL_TEN,2017,9,TEN,BAL,14,10,4,0.0,0.0,0.0,1.0,1.0,0.0,0.0,0.0,1.0,1.0,0.0,75.0,10.0,75.0,10.0,0.0,0.0,0.0,0.0,0.0,0.0
2017_09_WAS_SEA,2017,9,SEA,WAS,7,7,0,0.0,0.0,0.0,0.0,0.0,0.0,0.0,0.0,1.0,0.0,1.0,36.0,11.0,36.0,11.0,1.0,0.0,0.0,0.0,14.0,1.0
2017_09_ARI_SF,2017,9,SF,ARI,7,14,-7,0.0,0.0,0.0,0.0,1.0,-1.0,1.0,0.0,1.0,1.0,0.0,61.0,8.0,61.0,8.0,0.0,0.0,0.0,0.0,0.0,0.0
2017_09_KC_DAL,2017,9,DAL,KC,7,6,1,0.0,1.0,1.0,0.0,0.0,0.0,0.0,1.0,0.0,0.0,1.0,,,70.0,0.0,0.0,0.0,0.0,0.0,0.0,0.0
2017_09_OAK_MIA,2017,9,MIA,OAK,10,7,3,0.0,0.0,0.0,1.0,0.0,1.0,0.0,0.0,1.0,1.0,0.0,77.0,2.0,77.0,2.0,0.0,0.0,0.0,0.0,0.0,0.0
2017_09_DET_GB,2017,9,GB,DET,15,8,7,0.0,0.0,0.0,1.0,0.0,1.0,1.0,0.0,1.0,1.0,0.0,35.0,3.0,35.0,3.0,1.0,0.0,0.0,0.0,15.0,0.0
2017_10_SEA_ARI,2017,10,ARI,SEA,4,4,0,1.0,1.0,0.0,0.0,0.0,0.0,1.0,0.0,1.0,1.0,0.0,,,,,0.0,0.0,0.0,0.0,0.0,0.0
2017_10_NO_BUF,2017,10,BUF,NO,10,7,3,0.0,0.0,0.0,1.0,0.0,1.0,0.0,0.0,1.0,0.0,1.0,42.0,2.0,42.0,2.0,0.0,0.0,0.0,0.0,8.0,0.0
2017_10_GB_CHI,2017,10,CHI,GB,14,6,8,0.0,1.0,1.0,1.0,0.0,1.0,1.0,0.0,1.0,1.0,0.0,40.0,6.0,40.0,6.0,1.0,0.0,0.0,0.0,10.0,0.0
2017_10_CLE_DET,2017,10,DET,CLE,6,14,-8,1.0,0.0,-1.0,0.0,1.0,-1.0,0.0,1.0,0.0,0.0,1.0,,,70.0,0.0,0.0,0.0,0.0,0.0,0.0,0.0
2017_10_PIT_IND,2017,10,IND,PIT,7,14,-7,0.0,0.0,0.0,0.0,1.0,-1.0,0.0,1.0,0.0,0.0,1.0,,,70.0,0.0,0.0,0.0,0.0,0.0,0.0,0.0
2017_10_LAC_JAX,2017,10,JAX,LAC,7,14,-7,0.0,0.0,0.0,0.0,1.0,-1.0,0.0,0.0,1.0,1.0,0.0,76.0,5.0,76.0,5.0,0.0,0.0,0.0,0.0,0.0,0.0
2017_10_NYJ_TB,2017,10,TB,NYJ,7,10,-3,0.0,0.0,0.0,0.0,1.0,-1.0,0.0,0.0,1.0,1.0,0.0,79.0,16.0,79.0,16.0,0.0,0.0,1.0,0.0,0.0,6.0
2017_10_CIN_TEN,2017,10,TEN,CIN,7,7,0,0.0,0.0,0.0,0.0,0.0,0.0,0.0,0.0,1.0,1.0,0.0,53.0,4.0,53.0,4.0,0.0,0.0,0.0,0.0,0.0,0.0
2017_10_MIN_WAS,2017,10,WAS,MIN,7,14,-7,0.0,0.0,0.0,0.0,1.0,-1.0,0.0,0.0,1.0,1.0,0.0,44.0,4.0,44.0,4.0,0.0,0.0,0.0,0.0,6.0,0.0
2017_10_HOU_LA,2017,10,LA,HOU,7,7,0,0.0,0.0,0.0,0.0,0.0,0.0,0.0,0.0,1.0,1.0,0.0,68.0,0.0,68.0,0.0,0.0,0.0,0.0,0.0,0.0,0.0
2017_10_DAL_ATL,2017,10,ATL,DAL,7,7,0,0.0,0.0,0.0,0.0,0.0,0.0,0.0,1.0,0.0,0.0,1.0,,,70.0,0.0,0.0,0.0,0.0,0.0,0.0,0.0
2017_10_NYG_SF,2017,10,SF,NYG,7,7,0,0.0,0.0,0.0,0.0,0.0,0.0,0.0,0.0,1.0,1.0,0.0,68.0,5.0,68.0,5.0,0.0,0.0,0.0,0.0,0.0,0.0
2017_10_NE_DEN,2017,10,DEN,NE,7,14,-7,0.0,0.0,0.0,0.0,1.0,-1.0,0.0,0.0,1.0,1.0,0.0,48.0,5.0,48.0,5.0,0.0,0.0,0.0,0.0,2.0,0.0
2017_10_MIA_CAR,2017,10,CAR,MIA,8,8,0,0.0,0.0,0.0,0.0,0.0,0.0,0.0,0.0,1.0,1.0,0.0,49.0,6.0,49.0,6.0,0.0,0.0,0.0,0.0,1.0,0.0
2017_11_TEN_PIT,2017,11,PIT,TEN,4,4,0,1.0,1.0,0.0,0.0,0.0,0.0,0.0,0.0,1.0,1.0,0.0,40.0,17.0,40.0,17.0,1.0,0.0,1.0,0.0,10.0,7.0
2017_11_DET_CHI,2017,11,CHI,DET,7,7,0,0.0,0.0,0.0,0.0,0.0,0.0,1.0,0.0,1.0,1.0,0.0,33.0,16.0,33.0,16.0,1.0,0.0,1.0,0.0,17.0,6.0
2017_11_JAX_CLE,2017,11,CLE,JAX,7,7,0,0.0,0.0,0.0,0.0,0.0,0.0,0.0,0.0,1.0,1.0,0.0,38.0,16.0,38.0,16.0,1.0,0.0,1.0,0.0,12.0,6.0
2017_11_BAL_GB,2017,11,GB,BAL,7,14,-7,0.0,0.0,0.0,0.0,1.0,-1.0,0.0,0.0,1.0,1.0,0.0,28.0,14.0,28.0,14.0,1.0,0.0,0.0,0.0,22.0,4.0
2017_11_ARI_HOU,2017,11,HOU,ARI,7,10,-3,0.0,0.0,0.0,0.0,1.0,-1.0,0.0,1.0,0.0,0.0,1.0,,,70.0,0.0,0.0,0.0,0.0,0.0,0.0,0.0
2017_11_TB_MIA,2017,11,MIA,TB,6,7,-1,1.0,0.0,-1.0,0.0,0.0,0.0,0.0,0.0,1.0,1.0,0.0,81.0,9.0,81.0,9.0,0.0,0.0,0.0,0.0,0.0,0.0
2017_11_LA_MIN,2017,11,MIN,LA,7,7,0,0.0,0.0,0.0,0.0,0.0,0.0,0.0,1.0,0.0,0.0,1.0,,,70.0,0.0,0.0,0.0,0.0,0.0,0.0,0.0
2017_11_WAS_NO,2017,11,NO,WAS,7,7,0,0.0,0.0,0.0,0.0,0.0,0.0,0.0,1.0,0.0,0.0,1.0,,,70.0,0.0,0.0,0.0,0.0,0.0,0.0,0.0
2017_11_KC_NYG,2017,11,NYG,KC,7,14,-7,0.0,0.0,0.0,0.0,1.0,-1.0,0.0,0.0,1.0,0.0,1.0,50.0,23.0,50.0,23.0,0.0,0.0,1.0,1.0,0.0,13.0
2017_11_BUF_LAC,2017,11,LAC,BUF,7,7,0,0.0,0.0,0.0,0.0,0.0,0.0,0.0,0.0,1.0,1.0,0.0,76.0,6.0,76.0,6.0,0.0,0.0,0.0,0.0,0.0,0.0
2017_11_CIN_DEN,2017,11,DEN,CIN,7,7,0,0.0,0.0,0.0,0.0,0.0,0.0,0.0,0.0,1.0,1.0,0.0,60.0,7.0,60.0,7.0,0.0,0.0,0.0,0.0,0.0,0.0
2017_11_NE_OAK,2017,11,OAK,NE,14,7,7,0.0,0.0,0.0,1.0,0.0,1.0,0.0,0.0,1.0,1.0,0.0,66.0,0.0,66.0,0.0,0.0,0.0,0.0,0.0,0.0,0.0
2017_11_PHI_DAL,2017,11,DAL,PHI,7,14,-7,0.0,0.0,0.0,0.0,1.0,-1.0,1.0,1.0,0.0,0.0,1.0,,,70.0,0.0,0.0,0.0,0.0,0.0,0.0,0.0
2017_11_ATL_SEA,2017,11,SEA,ATL,11,8,3,0.0,0.0,0.0,1.0,0.0,1.0,0.0,0.0,1.0,0.0,1.0,45.0,6.0,45.0,6.0,0.0,0.0,0.0,0.0,5.0,0.0
2017_12_MIN_DET,2017,12,DET,MIN,4,4,0,1.0,1.0,0.0,0.0,0.0,0.0,1.0,1.0,0.0,0.0,1.0,,,70.0,0.0,0.0,0.0,0.0,0.0,0.0,0.0
2017_12_LAC_DAL,2017,12,DAL,LAC,4,4,0,1.0,1.0,0.0,0.0,0.0,0.0,0.0,1.0,0.0,0.0,1.0,,,70.0,0.0,0.0,0.0,0.0,0.0,0.0,0.0
2017_12_NYG_WAS,2017,12,WAS,NYG,4,4,0,1.0,1.0,0.0,0.0,0.0,0.0,1.0,0.0,1.0,1.0,0.0,33.0,0.0,33.0,0.0,1.0,0.0,0.0,0.0,17.0,0.0
2017_12_TB_ATL,2017,12,ATL,TB,6,7,-1,1.0,0.0,-1.0,0.0,0.0,0.0,1.0,1.0,0.0,0.0,1.0,,,70.0,0.0,0.0,0.0,0.0,0.0,0.0,0.0
2017_12_CLE_CIN,2017,12,CIN,CLE,7,7,0,0.0,0.0,0.0,0.0,0.0,0.0,1.0,0.0,1.0,0.0,1.0,46.0,3.0,46.0,3.0,0.0,0.0,0.0,0.0,4.0,0.0
2017_12_TEN_IND,2017,12,IND,TEN,14,10,4,0.0,0.0,0.0,1.0,1.0,0.0,1.0,0.0,1.0,0.0,1.0,,,,,0.0,0.0,0.0,0.0,0.0,0.0
2017_12_BUF_KC,2017,12,KC,BUF,7,7,0,0.0,0.0,0.0,0.0,0.0,0.0,0.0,0.0,1.0,1.0,0.0,62.0,9.0,62.0,9.0,0.0,0.0,0.0,0.0,0.0,0.0
2017_12_MIA_NE,2017,12,NE,MIA,7,7,0,0.0,0.0,0.0,0.0,0.0,0.0,1.0,0.0,1.0,0.0,1.0,47.0,17.0,47.0,17.0,0.0,0.0,1.0,0.0,3.0,7.0
2017_12_CAR_NYJ,2017,12,NYJ,CAR,14,13,1,0.0,0.0,0.0,1.0,1.0,0.0,0.0,0.0,1.0,0.0,1.0,47.0,23.0,47.0,23.0,0.0,0.0,1.0,1.0,3.0,13.0
2017_12_CHI_PHI,2017,12,PHI,CHI,7,7,0,0.0,0.0,0.0,0.0,0.0,0.0,0.0,0.0,1.0,1.0,0.0,49.0,17.0,49.0,17.0,0.0,0.0,1.0,0.0,1.0,7.0
2017_12_SEA_SF,2017,12,SF,SEA,14,6,8,0.0,1.0,1.0,1.0,0.0,1.0,1.0,0.0,1.0,1.0,0.0,66.0,12.0,66.0,12.0,0.0,0.0,0.0,0.0,0.0,2.0
2017_12_JAX_ARI,2017,12,ARI,JAX,7,7,0,0.0,0.0,0.0,0.0,0.0,0.0,0.0,1.0,0.0,1.0,0.0,,,70.0,0.0,0.0,0.0,0.0,0.0,0.0,0.0
2017_12_NO_LA,2017,12,LA,NO,7,7,0,0.0,0.0,0.0,0.0,0.0,0.0,0.0,0.0,1.0,1.0,0.0,72.0,1.0,72.0,1.0,0.0,0.0,0.0,0.0,0.0,0.0
2017_12_DEN_OAK,2017,12,OAK,DEN,7,7,0,0.0,0.0,0.0,0.0,0.0,0.0,1.0,0.0,1.0,1.0,0.0,61.0,13.0,61.0,13.0,0.0,0.0,0.0,0.0,0.0,3.0
2017_12_GB_PIT,2017,12,PIT,GB,10,7,3,0.0,0.0,0.0,1.0,0.0,1.0,0.0,0.0,1.0,1.0,0.0,38.0,7.0,38.0,7.0,1.0,0.0,0.0,0.0,12.0,0.0
2017_12_HOU_BAL,2017,12,BAL,HOU,8,8,0,0.0,0.0,0.0,0.0,0.0,0.0,0.0,0.0,1.0,1.0,0.0,50.0,1.0,50.0,1.0,0.0,0.0,0.0,0.0,0.0,0.0
2017_13_WAS_DAL,2017,13,DAL,WAS,7,7,0,0.0,0.0,0.0,0.0,0.0,0.0,1.0,1.0,0.0,0.0,1.0,,,70.0,0.0,0.0,0.0,0.0,0.0,0.0,0.0
2017_13_MIN_ATL,2017,13,ATL,MIN,7,10,-3,0.0,0.0,0.0,0.0,1.0,-1.0,0.0,1.0,0.0,0.0,1.0,,,70.0,0.0,0.0,0.0,0.0,0.0,0.0,0.0
2017_13_DET_BAL,2017,13,BAL,DET,6,10,-4,1.0,0.0,-1.0,0.0,1.0,-1.0,0.0,0.0,1.0,1.0,0.0,53.0,4.0,53.0,4.0,0.0,0.0,0.0,0.0,0.0,0.0
2017_13_NE_BUF,2017,13,BUF,NE,7,7,0,0.0,0.0,0.0,0.0,0.0,0.0,1.0,0.0,1.0,0.0,1.0,48.0,13.0,48.0,13.0,0.0,0.0,0.0,0.0,2.0,3.0
2017_13_SF_CHI,2017,13,CHI,SF,7,7,0,0.0,0.0,0.0,0.0,0.0,0.0,0.0,0.0,1.0,1.0,0.0,54.0,6.0,54.0,6.0,0.0,0.0,0.0,0.0,0.0,0.0
2017_13_TB_GB,2017,13,GB,TB,7,7,0,0.0,0.0,0.0,0.0,0.0,0.0,0.0,0.0,1.0,1.0,0.0,42.0,8.0,42.0,8.0,0.0,0.0,0.0,0.0,8.0,0.0
2017_13_IND_JAX,2017,13,JAX,IND,7,7,0,0.0,0.0,0.0,0.0,0.0,0.0,1.0,0.0,1.0,1.0,0.0,70.0,7.0,70.0,7.0,0.0,0.0,0.0,0.0,0.0,0.0
2017_13_DEN_MIA,2017,13,MIA,DEN,7,7,0,0.0,0.0,0.0,0.0,0.0,0.0,0.0,0.0,1.0,1.0,0.0,80.0,11.0,80.0,11.0,0.0,0.0,0.0,0.0,0.0,1.0
2017_13_KC_NYJ,2017,13,NYJ,KC,7,7,0,0.0,0.0,0.0,0.0,0.0,0.0,0.0,0.0,1.0,0.0,1.0,48.0,0.0,48.0,0.0,0.0,0.0,0.0,0.0,2.0,0.0
2017_13_HOU_TEN,2017,13,TEN,HOU,7,6,1,0.0,1.0,1.0,0.0,0.0,0.0,1.0,0.0,1.0,1.0,0.0,60.0,4.0,60.0,4.0,0.0,0.0,0.0,0.0,0.0,0.0
2017_13_CLE_LAC,2017,13,LAC,CLE,10,7,3,0.0,0.0,0.0,1.0,0.0,1.0,0.0,0.0,1.0,1.0,0.0,68.0,7.0,68.0,7.0,0.0,0.0,0.0,0.0,0.0,0.0
2017_13_LA_ARI,2017,13,ARI,LA,7,7,0,0.0,0.0,0.0,0.0,0.0,0.0,1.0,1.0,0.0,1.0,0.0,,,70.0,0.0,0.0,0.0,0.0,0.0,0.0,0.0
2017_13_CAR_NO,2017,13,NO,CAR,7,7,0,0.0,0.0,0.0,0.0,0.0,0.0,1.0,1.0,0.0,0.0,1.0,,,70.0,0.0,0.0,0.0,0.0,0.0,0.0,0.0
2017_13_NYG_OAK,2017,13,OAK,NYG,7,10,-3,0.0,0.0,0.0,0.0,1.0,-1.0,0.0,0.0,1.0,1.0,0.0,58.0,11.0,58.0,11.0,0.0,0.0,0.0,0.0,0.0,1.0
2017_13_PHI_SEA,2017,13,SEA,PHI,7,7,0,0.0,0.0,0.0,0.0,0.0,0.0,0.0,0.0,1.0,0.0,1.0,44.0,3.0,44.0,3.0,0.0,0.0,0.0,0.0,6.0,0.0
2017_13_PIT_CIN,2017,13,CIN,PIT,8,8,0,0.0,0.0,0.0,0.0,0.0,0.0,1.0,0.0,1.0,0.0,1.0,61.0,9.0,61.0,9.0,0.0,0.0,0.0,0.0,0.0,0.0
2017_14_NO_ATL,2017,14,ATL,NO,4,4,0,1.0,1.0,0.0,0.0,0.0,0.0,1.0,1.0,0.0,0.0,1.0,,,70.0,0.0,0.0,0.0,0.0,0.0,0.0,0.0
2017_14_IND_BUF,2017,14,BUF,IND,7,7,0,0.0,0.0,0.0,0.0,0.0,0.0,0.0,0.0,1.0,0.0,1.0,32.0,15.0,32.0,15.0,1.0,0.0,1.0,0.0,18.0,5.0
2017_14_MIN_CAR,2017,14,CAR,MIN,7,7,0,0.0,0.0,0.0,0.0,0.0,0.0,0.0,0.0,1.0,1.0,0.0,41.0,5.0,41.0,5.0,0.0,0.0,0.0,0.0,9.0,0.0
2017_14_CHI_CIN,2017,14,CIN,CHI,6,7,-1,1.0,0.0,-1.0,0.0,0.0,0.0,0.0,0.0,1.0,0.0,1.0,31.0,11.0,31.0,11.0,1.0,0.0,0.0,0.0,19.0,1.0
2017_14_GB_CLE,2017,14,CLE,GB,7,7,0,0.0,0.0,0.0,0.0,0.0,0.0,0.0,0.0,1.0,1.0,0.0,29.0,24.0,29.0,24.0,1.0,0.0,1.0,1.0,21.0,14.0
2017_14_SF_HOU,2017,14,HOU,SF,7,7,0,0.0,0.0,0.0,0.0,0.0,0.0,0.0,1.0,0.0,0.0,1.0,,,70.0,0.0,0.0,0.0,0.0,0.0,0.0,0.0
2017_14_OAK_KC,2017,14,KC,OAK,7,7,0,0.0,0.0,0.0,0.0,0.0,0.0,1.0,0.0,1.0,1.0,0.0,46.0,13.0,46.0,13.0,0.0,0.0,0.0,0.0,4.0,3.0
2017_14_DAL_NYG,2017,14,NYG,DAL,7,10,-3,0.0,0.0,0.0,0.0,1.0,-1.0,1.0,0.0,1.0,0.0,1.0,39.0,11.0,39.0,11.0,1.0,0.0,0.0,0.0,11.0,1.0
2017_14_DET_TB,2017,14,TB,DET,7,7,0,0.0,0.0,0.0,0.0,0.0,0.0,0.0,0.0,1.0,1.0,0.0,55.0,9.0,55.0,9.0,0.0,0.0,0.0,0.0,0.0,0.0
2017_14_TEN_ARI,2017,14,ARI,TEN,7,7,0,0.0,0.0,0.0,0.0,0.0,0.0,0.0,1.0,0.0,1.0,0.0,,,70.0,0.0,0.0,0.0,0.0,0.0,0.0,0.0
2017_14_NYJ_DEN,2017,14,DEN,NYJ,7,7,0,0.0,0.0,0.0,0.0,0.0,0.0,0.0,0.0,1.0,1.0,0.0,60.0,3.0,60.0,3.0,0.0,0.0,0.0,0.0,0.0,0.0
2017_14_WAS_LAC,2017,14,LAC,WAS,7,10,-3,0.0,0.0,0.0,0.0,1.0,-1.0,0.0,0.0,1.0,1.0,0.0,81.0,4.0,81.0,4.0,0.0,0.0,0.0,0.0,0.0,0.0
2017_14_SEA_JAX,2017,14,JAX,SEA,7,7,0,0.0,0.0,0.0,0.0,0.0,0.0,0.0,0.0,1.0,1.0,0.0,54.0,5.0,54.0,5.0,0.0,0.0,0.0,0.0,0.0,0.0
2017_14_PHI_LA,2017,14,LA,PHI,7,7,0,0.0,0.0,0.0,0.0,0.0,0.0,0.0,0.0,1.0,1.0,0.0,83.0,0.0,83.0,0.0,0.0,0.0,0.0,0.0,0.0,0.0
2017_14_BAL_PIT,2017,14,PIT,BAL,6,7,-1,1.0,0.0,-1.0,0.0,0.0,0.0,1.0,0.0,1.0,1.0,0.0,33.0,12.0,33.0,12.0,1.0,0.0,0.0,0.0,17.0,2.0
2017_14_NE_MIA,2017,14,MIA,NE,8,8,0,0.0,0.0,0.0,0.0,0.0,0.0,1.0,0.0,1.0,1.0,0.0,55.0,7.0,55.0,7.0,0.0,0.0,0.0,0.0,0.0,0.0
2017_15_DEN_IND,2017,15,IND,DEN,4,4,0,1.0,1.0,0.0,0.0,0.0,0.0,0.0,1.0,0.0,0.0,1.0,,,70.0,0.0,0.0,0.0,0.0,0.0,0.0,0.0
2017_15_CHI_DET,2017,15,DET,CHI,6,6,0,1.0,1.0,0.0,0.0,0.0,0.0,1.0,1.0,0.0,0.0,1.0,,,70.0,0.0,0.0,0.0,0.0,0.0,0.0,0.0
2017_15_LAC_KC,2017,15,KC,LAC,6,6,0,1.0,1.0,0.0,0.0,0.0,0.0,1.0,0.0,1.0,1.0,0.0,53.0,9.0,53.0,9.0,0.0,0.0,0.0,0.0,0.0,0.0
2017_15_MIA_BUF,2017,15,BUF,MIA,7,6,1,0.0,1.0,1.0,0.0,0.0,0.0,1.0,0.0,1.0,0.0,1.0,22.0,8.0,22.0,8.0,1.0,1.0,0.0,0.0,28.0,0.0
2017_15_GB_CAR,2017,15,CAR,GB,7,7,0,0.0,0.0,0.0,0.0,0.0,0.0,0.0,0.0,1.0,1.0,0.0,51.0,5.0,51.0,5.0,0.0,0.0,0.0,0.0,0.0,0.0
2017_15_BAL_CLE,2017,15,CLE,BAL,7,7,0,0.0,0.0,0.0,0.0,0.0,0.0,1.0,0.0,1.0,1.0,0.0,36.0,0.0,36.0,0.0,1.0,0.0,0.0,0.0,14.0,0.0
2017_15_HOU_JAX,2017,15,JAX,HOU,7,7,0,0.0,0.0,0.0,0.0,0.0,0.0,1.0,0.0,1.0,1.0,0.0,72.0,5.0,72.0,5.0,0.0,0.0,0.0,0.0,0.0,0.0
2017_15_CIN_MIN,2017,15,MIN,CIN,7,7,0,0.0,0.0,0.0,0.0,0.0,0.0,0.0,1.0,0.0,0.0,1.0,,,70.0,0.0,0.0,0.0,0.0,0.0,0.0,0.0
2017_15_NYJ_NO,2017,15,NO,NYJ,10,7,3,0.0,0.0,0.0,1.0,0.0,1.0,0.0,1.0,0.0,0.0,1.0,,,70.0,0.0,0.0,0.0,0.0,0.0,0.0,0.0
2017_15_PHI_NYG,2017,15,NYG,PHI,7,7,0,0.0,0.0,0.0,0.0,0.0,0.0,1.0,0.0,1.0,0.0,1.0,35.0,0.0,35.0,0.0,1.0,0.0,0.0,0.0,15.0,0.0
2017_15_ARI_WAS,2017,15,WAS,ARI,7,7,0,0.0,0.0,0.0,0.0,0.0,0.0,0.0,0.0,1.0,1.0,0.0,50.0,1.0,50.0,1.0,0.0,0.0,0.0,0.0,0.0,0.0
2017_15_LA_SEA,2017,15,SEA,LA,7,7,0,0.0,0.0,0.0,0.0,0.0,0.0,1.0,0.0,1.0,0.0,1.0,47.0,15.0,47.0,15.0,0.0,0.0,1.0,0.0,3.0,5.0
2017_15_NE_PIT,2017,15,PIT,NE,7,6,1,0.0,1.0,1.0,0.0,0.0,0.0,0.0,0.0,1.0,1.0,0.0,42.0,4.0,42.0,4.0,0.0,0.0,0.0,0.0,8.0,0.0
2017_15_TEN_SF,2017,15,SF,TEN,7,7,0,0.0,0.0,0.0,0.0,0.0,0.0,0.0,0.0,1.0,1.0,0.0,65.0,17.0,65.0,17.0,0.0,0.0,1.0,0.0,0.0,7.0
2017_15_DAL_OAK,2017,15,OAK,DAL,7,7,0,0.0,0.0,0.0,0.0,0.0,0.0,0.0,0.0,1.0,1.0,0.0,57.0,4.0,57.0,4.0,0.0,0.0,0.0,0.0,0.0,0.0
2017_15_ATL_TB,2017,15,TB,ATL,8,11,-3,0.0,0.0,0.0,0.0,1.0,-1.0,1.0,0.0,1.0,1.0,0.0,71.0,2.0,71.0,2.0,0.0,0.0,0.0,0.0,0.0,0.0
2017_16_IND_BAL,2017,16,BAL,IND,6,9,-3,1.0,0.0,-1.0,0.0,0.0,0.0,0.0,0.0,1.0,1.0,0.0,63.0,14.0,63.0,14.0,0.0,0.0,0.0,0.0,0.0,4.0
2017_16_MIN_GB,2017,16,GB,MIN,6,6,0,1.0,1.0,0.0,0.0,0.0,0.0,1.0,0.0,1.0,1.0,0.0,10.0,6.0,10.0,6.0,1.0,1.0,0.0,0.0,40.0,0.0
2017_16_TB_CAR,2017,16,CAR,TB,7,6,1,0.0,1.0,1.0,0.0,0.0,0.0,1.0,0.0,1.0,1.0,0.0,55.0,6.0,55.0,6.0,0.0,0.0,0.0,0.0,0.0,0.0
2017_16_CLE_CHI,2017,16,CHI,CLE,8,7,1,0.0,0.0,0.0,0.0,0.0,0.0,0.0,0.0,1.0,1.0,0.0,24.0,8.0,24.0,8.0,1.0,1.0,0.0,0.0,26.0,0.0
2017_16_DET_CIN,2017,16,CIN,DET,7,8,-1,0.0,0.0,0.0,0.0,0.0,0.0,0.0,0.0,1.0,0.0,1.0,35.0,2.0,35.0,2.0,1.0,0.0,0.0,0.0,15.0,0.0
2017_16_MIA_KC,2017,16,KC,MIA,8,7,1,0.0,0.0,0.0,0.0,0.0,0.0,0.0,0.0,1.0,1.0,0.0,23.0,15.0,23.0,15.0,1.0,1.0,1.0,0.0,27.0,5.0
2017_16_BUF_NE,2017,16,NE,BUF,7,7,0,0.0,0.0,0.0,0.0,0.0,0.0,1.0,0.0,1.0,0.0,1.0,35.0,7.0,35.0,7.0,1.0,0.0,0.0,0.0,15.0,0.0
2017_16_ATL_NO,2017,16,NO,ATL,7,6,1,0.0,1.0,1.0,0.0,0.0,0.0,1.0,1.0,0.0,0.0,1.0,,,70.0,0.0,0.0,0.0,0.0,0.0,0.0,0.0
2017_16_LAC_NYJ,2017,16,NYJ,LAC,7,8,-1,0.0,0.0,0.0,0.0,0.0,0.0,0.0,0.0,1.0,0.0,1.0,40.0,6.0,40.0,6.0,1.0,0.0,0.0,0.0,10.0,0.0
2017_16_LA_TEN,2017,16,TEN,LA,7,7,0,0.0,0.0,0.0,0.0,0.0,0.0,0.0,0.0,1.0,1.0,0.0,39.0,11.0,39.0,11.0,1.0,0.0,0.0,0.0,11.0,1.0
2017_16_DEN_WAS,2017,16,WAS,DEN,7,10,-3,0.0,0.0,0.0,0.0,1.0,-1.0,0.0,0.0,1.0,1.0,0.0,43.0,7.0,43.0,7.0,0.0,0.0,0.0,0.0,7.0,0.0
2017_16_JAX_SF,2017,16,SF,JAX,7,7,0,0.0,0.0,0.0,0.0,0.0,0.0,0.0,0.0,1.0,1.0,0.0,52.0,0.0,52.0,0.0,0.0,0.0,0.0,0.0,0.0,0.0
2017_16_NYG_ARI,2017,16,ARI,NYG,7,7,0,0.0,0.0,0.0,0.0,0.0,0.0,0.0,1.0,0.0,1.0,0.0,,,70.0,0.0,0.0,0.0,0.0,0.0,0.0,0.0
2017_16_SEA_DAL,2017,16,DAL,SEA,7,7,0,0.0,0.0,0.0,0.0,0.0,0.0,0.0,1.0,0.0,0.0,1.0,,,70.0,0.0,0.0,0.0,0.0,0.0,0.0,0.0
2017_16_PIT_HOU,2017,16,HOU,PIT,8,8,0,0.0,0.0,0.0,0.0,0.0,0.0,0.0,1.0,0.0,0.0,1.0,,,70.0,0.0,0.0,0.0,0.0,0.0,0.0,0.0
2017_16_OAK_PHI,2017,16,PHI,OAK,8,8,0,0.0,0.0,0.0,0.0,0.0,0.0,0.0,0.0,1.0,1.0,0.0,29.0,15.0,29.0,15.0,1.0,0.0,1.0,0.0,21.0,5.0
2017_17_GB_DET,2017,17,DET,GB,7,8,-1,0.0,0.0,0.0,0.0,0.0,0.0,1.0,1.0,0.0,0.0,1.0,,,70.0,0.0,0.0,0.0,0.0,0.0,0.0,0.0
2017_17_HOU_IND,2017,17,IND,HOU,8,6,2,0.0,1.0,1.0,0.0,0.0,0.0,1.0,1.0,0.0,0.0,1.0,,,70.0,0.0,0.0,0.0,0.0,0.0,0.0,0.0
2017_17_CHI_MIN,2017,17,MIN,CHI,8,7,1,0.0,0.0,0.0,0.0,0.0,0.0,1.0,1.0,0.0,0.0,1.0,,,70.0,0.0,0.0,0.0,0.0,0.0,0.0,0.0
2017_17_NYJ_NE,2017,17,NE,NYJ,7,7,0,0.0,0.0,0.0,0.0,0.0,0.0,1.0,0.0,1.0,0.0,1.0,13.0,14.0,13.0,14.0,1.0,1.0,0.0,0.0,37.0,4.0
2017_17_WAS_NYG,2017,17,NYG,WAS,7,7,0,0.0,0.0,0.0,0.0,0.0,0.0,1.0,0.0,1.0,0.0,1.0,16.0,16.0,16.0,16.0,1.0,1.0,1.0,0.0,34.0,6.0
2017_17_DAL_PHI,2017,17,PHI,DAL,6,7,-1,1.0,0.0,-1.0,0.0,0.0,0.0,1.0,0.0,1.0,1.0,0.0,19.0,17.0,19.0,17.0,1.0,1.0,1.0,0.0,31.0,7.0
2017_17_CLE_PIT,2017,17,PIT,CLE,6,7,-1,1.0,0.0,-1.0,0.0,0.0,0.0,1.0,0.0,1.0,1.0,0.0,11.0,3.0,11.0,3.0,1.0,1.0,0.0,0.0,39.0,0.0
2017_17_CAR_ATL,2017,17,ATL,CAR,7,7,0,0.0,0.0,0.0,0.0,0.0,0.0,1.0,1.0,0.0,0.0,1.0,,,70.0,0.0,0.0,0.0,0.0,0.0,0.0,0.0
2017_17_CIN_BAL,2017,17,BAL,CIN,8,7,1,0.0,0.0,0.0,0.0,0.0,0.0,1.0,0.0,1.0,1.0,0.0,19.0,12.0,19.0,12.0,1.0,1.0,0.0,0.0,31.0,2.0
2017_17_KC_DEN,2017,17,DEN,KC,7,7,0,0.0,0.0,0.0,0.0,0.0,0.0,1.0,0.0,1.0,1.0,0.0,17.0,4.0,17.0,4.0,1.0,1.0,0.0,0.0,33.0,0.0
2017_17_SF_LA,2017,17,LA,SF,7,7,0,0.0,0.0,0.0,0.0,0.0,0.0,1.0,0.0,1.0,1.0,0.0,67.0,3.0,67.0,3.0,0.0,0.0,0.0,0.0,0.0,0.0
2017_17_OAK_LAC,2017,17,LAC,OAK,7,6,1,0.0,1.0,1.0,0.0,0.0,0.0,1.0,0.0,1.0,1.0,0.0,62.0,2.0,62.0,2.0,0.0,0.0,0.0,0.0,0.0,0.0
2017_17_BUF_MIA,2017,17,MIA,BUF,7,7,0,0.0,0.0,0.0,0.0,0.0,0.0,1.0,0.0,1.0,1.0,0.0,71.0,9.0,71.0,9.0,0.0,0.0,0.0,0.0,0.0,0.0
2017_17_ARI_SEA,2017,17,SEA,ARI,7,7,0,0.0,0.0,0.0,0.0,0.0,0.0,1.0,0.0,1.0,0.0,1.0,40.0,7.0,40.0,7.0,1.0,0.0,0.0,0.0,10.0,0.0
2017_17_NO_TB,2017,17,TB,NO,7,7,0,0.0,0.0,0.0,0.0,0.0,0.0,1.0,0.0,1.0,1.0,0.0,71.0,3.0,71.0,3.0,0.0,0.0,0.0,0.0,0.0,0.0
2017_17_JAX_TEN,2017,17,TEN,JAX,7,7,0,0.0,0.0,0.0,0.0,0.0,0.0,1.0,0.0,1.0,1.0,0.0,23.0,5.0,23.0,5.0,1.0,1.0,0.0,0.0,27.0,0.0
2017_18_TEN_KC,2017,18,KC,TEN,6,6,0,1.0,1.0,0.0,0.0,0.0,0.0,0.0,0.0,1.0,1.0,0.0,33.0,10.0,33.0,10.0,1.0,0.0,0.0,0.0,17.0,0.0
2017_18_ATL_LA,2017,18,LA,ATL,6,6,0,1.0,1.0,0.0,0.0,0.0,0.0,0.0,0.0,1.0,1.0,0.0,62.0,3.0,62.0,3.0,0.0,0.0,0.0,0.0,0.0,0.0
2017_18_BUF_JAX,2017,18,JAX,BUF,7,7,0,0.0,0.0,0.0,0.0,0.0,0.0,0.0,0.0,1.0,1.0,0.0,53.0,18.0,53.0,18.0,0.0,0.0,1.0,0.0,0.0,8.0
2017_18_CAR_NO,2017,18,NO,CAR,7,7,0,0.0,0.0,0.0,0.0,0.0,0.0,1.0,1.0,0.0,0.0,1.0,,,70.0,0.0,0.0,0.0,0.0,0.0,0.0,0.0
2017_19_ATL_PHI,2017,19,PHI,ATL,13,7,6,0.0,0.0,0.0,1.0,0.0,1.0,0.0,0.0,1.0,1.0,0.0,32.0,16.0,32.0,16.0,1.0,0.0,1.0,0.0,18.0,6.0
2017_19_TEN_NE,2017,19,NE,TEN,13,7,6,0.0,0.0,0.0,1.0,0.0,1.0,0.0,0.0,1.0,0.0,1.0,24.0,12.0,24.0,12.0,1.0,1.0,0.0,0.0,26.0,2.0
2017_19_JAX_PIT,2017,19,PIT,JAX,14,7,7,0.0,0.0,0.0,1.0,0.0,1.0,0.0,0.0,1.0,1.0,0.0,18.0,2.0,18.0,2.0,1.0,1.0,0.0,0.0,32.0,0.0
2017_19_NO_MIN,2017,19,MIN,NO,14,7,7,0.0,0.0,0.0,1.0,0.0,1.0,0.0,1.0,0.0,0.0,1.0,,,70.0,0.0,0.0,0.0,0.0,0.0,0.0,0.0
2017_20_JAX_NE,2017,20,NE,JAX,8,7,1,0.0,0.0,0.0,0.0,0.0,0.0,0.0,0.0,1.0,0.0,1.0,48.0,3.0,48.0,3.0,0.0,0.0,0.0,0.0,2.0,0.0
2017_20_MIN_PHI,2017,20,PHI,MIN,8,7,1,0.0,0.0,0.0,0.0,0.0,0.0,0.0,0.0,1.0,1.0,0.0,47.0,5.0,47.0,5.0,0.0,0.0,0.0,0.0,3.0,0.0
2017_21_PHI_NE,2017,21,NE,PHI,14,14,0,0.0,0.0,0.0,1.0,1.0,0.0,0.0,1.0,0.0,0.0,1.0,,,70.0,0.0,0.0,0.0,0.0,0.0,0.0,0.0
2018_01_ATL_PHI,2018,1,PHI,ATL,7,7,0,0.0,0.0,0.0,0.0,0.0,0.0,0.0,0.0,1.0,1.0,0.0,81.0,8.0,81.0,8.0,0.0,0.0,0.0,0.0,0.0,0.0
2018_01_BUF_BAL,2018,1,BAL,BUF,7,7,0,0.0,0.0,0.0,0.0,0.0,0.0,0.0,0.0,1.0,1.0,0.0,61.0,12.0,61.0,12.0,0.0,0.0,0.0,0.0,0.0,2.0
2018_01_PIT_CLE,2018,1,CLE,PIT,7,7,0,0.0,0.0,0.0,0.0,0.0,0.0,1.0,0.0,1.0,1.0,0.0,58.0,11.0,58.0,11.0,0.0,0.0,0.0,0.0,0.0,1.0
2018_01_CIN_IND,2018,1,IND,CIN,7,7,0,0.0,0.0,0.0,0.0,0.0,0.0,0.0,1.0,0.0,0.0,1.0,,,70.0,0.0,0.0,0.0,0.0,0.0,0.0,0.0
2018_01_TEN_MIA,2018,1,MIA,TEN,7,7,0,0.0,0.0,0.0,0.0,0.0,0.0,0.0,0.0,1.0,1.0,0.0,89.0,7.0,89.0,7.0,0.0,0.0,0.0,0.0,0.0,0.0
2018_01_SF_MIN,2018,1,MIN,SF,7,7,0,0.0,0.0,0.0,0.0,0.0,0.0,0.0,1.0,0.0,0.0,1.0,,,70.0,0.0,0.0,0.0,0.0,0.0,0.0,0.0
2018_01_HOU_NE,2018,1,NE,HOU,7,7,0,0.0,0.0,0.0,0.0,0.0,0.0,0.0,0.0,1.0,0.0,1.0,62.0,10.0,62.0,10.0,0.0,0.0,0.0,0.0,0.0,0.0
2018_01_TB_NO,2018,1,NO,TB,7,7,0,0.0,0.0,0.0,0.0,0.0,0.0,1.0,1.0,0.0,0.0,1.0,,,70.0,0.0,0.0,0.0,0.0,0.0,0.0,0.0
2018_01_JAX_NYG,2018,1,NYG,JAX,7,7,0,0.0,0.0,0.0,0.0,0.0,0.0,0.0,0.0,1.0,0.0,1.0,59.0,7.0,59.0,7.0,0.0,0.0,0.0,0.0,0.0,0.0
2018_01_KC_LAC,2018,1,LAC,KC,7,7,0,0.0,0.0,0.0,0.0,0.0,0.0,1.0,0.0,1.0,1.0,0.0,84.0,8.0,84.0,8.0,0.0,0.0,0.0,0.0,0.0,0.0
2018_01_WAS_ARI,2018,1,ARI,WAS,7,7,0,0.0,0.0,0.0,0.0,0.0,0.0,0.0,1.0,0.0,1.0,0.0,,,70.0,0.0,0.0,0.0,0.0,0.0,0.0,0.0
2018_01_DAL_CAR,2018,1,CAR,DAL,7,7,0,0.0,0.0,0.0,0.0,0.0,0.0,0.0,0.0,1.0,1.0,0.0,81.0,9.0,81.0,9.0,0.0,0.0,0.0,0.0,0.0,0.0
2018_01_SEA_DEN,2018,1,DEN,SEA,7,7,0,0.0,0.0,0.0,0.0,0.0,0.0,0.0,0.0,1.0,1.0,0.0,84.0,5.0,84.0,5.0,0.0,0.0,0.0,0.0,0.0,0.0
2018_01_CHI_GB,2018,1,GB,CHI,7,7,0,0.0,0.0,0.0,0.0,0.0,0.0,1.0,0.0,1.0,1.0,0.0,62.0,10.0,62.0,10.0,0.0,0.0,0.0,0.0,0.0,0.0
2018_01_NYJ_DET,2018,1,DET,NYJ,7,7,0,0.0,0.0,0.0,0.0,0.0,0.0,0.0,1.0,0.0,0.0,1.0,,,70.0,0.0,0.0,0.0,0.0,0.0,0.0,0.0
2018_01_LA_OAK,2018,1,OAK,LA,7,7,0,0.0,0.0,0.0,0.0,0.0,0.0,0.0,0.0,1.0,1.0,0.0,69.0,10.0,69.0,10.0,0.0,0.0,0.0,0.0,0.0,0.0
2018_02_BAL_CIN,2018,2,CIN,BAL,4,4,0,1.0,1.0,0.0,0.0,0.0,0.0,1.0,0.0,1.0,0.0,1.0,82.0,3.0,82.0,3.0,0.0,0.0,0.0,0.0,0.0,0.0
2018_02_CAR_ATL,2018,2,ATL,CAR,10,7,3,0.0,0.0,0.0,1.0,0.0,1.0,1.0,1.0,0.0,0.0,1.0,,,70.0,0.0,0.0,0.0,0.0,0.0,0.0,0.0
2018_02_LAC_BUF,2018,2,BUF,LAC,7,7,0,0.0,0.0,0.0,0.0,0.0,0.0,0.0,0.0,1.0,0.0,1.0,83.0,6.0,83.0,6.0,0.0,0.0,0.0,0.0,0.0,0.0
2018_02_MIN_GB,2018,2,GB,MIN,7,7,0,0.0,0.0,0.0,0.0,0.0,0.0,1.0,0.0,1.0,1.0,0.0,80.0,5.0,80.0,5.0,0.0,0.0,0.0,0.0,0.0,0.0
2018_02_CLE_NO,2018,2,NO,CLE,7,7,0,0.0,0.0,0.0,0.0,0.0,0.0,0.0,1.0,0.0,0.0,1.0,,,70.0,0.0,0.0,0.0,0.0,0.0,0.0,0.0
2018_02_MIA_NYJ,2018,2,NYJ,MIA,6,7,-1,1.0,0.0,-1.0,0.0,0.0,0.0,1.0,0.0,1.0,0.0,1.0,80.0,4.0,80.0,4.0,0.0,0.0,0.0,0.0,0.0,0.0
2018_02_KC_PIT,2018,2,PIT,KC,7,7,0,0.0,0.0,0.0,0.0,0.0,0.0,0.0,0.0,1.0,1.0,0.0,80.0,10.0,80.0,10.0,0.0,0.0,0.0,0.0,0.0,0.0
2018_02_PHI_TB,2018,2,TB,PHI,7,10,-3,0.0,0.0,0.0,0.0,1.0,-1.0,0.0,0.0,1.0,1.0,0.0,91.0,9.0,91.0,9.0,0.0,0.0,0.0,0.0,0.0,0.0
2018_02_HOU_TEN,2018,2,TEN,HOU,7,7,0,0.0,0.0,0.0,0.0,0.0,0.0,1.0,0.0,1.0,1.0,0.0,81.0,12.0,81.0,12.0,0.0,0.0,0.0,0.0,0.0,2.0
2018_02_IND_WAS,2018,2,WAS,IND,7,7,0,0.0,0.0,0.0,0.0,0.0,0.0,0.0,0.0,1.0,1.0,0.0,71.0,5.0,71.0,5.0,0.0,0.0,0.0,0.0,0.0,0.0
2018_02_ARI_LA,2018,2,LA,ARI,6,7,-1,1.0,0.0,-1.0,0.0,0.0,0.0,1.0,0.0,1.0,1.0,0.0,86.0,2.0,86.0,2.0,0.0,0.0,0.0,0.0,0.0,0.0
2018_02_DET_SF,2018,2,SF,DET,7,6,1,0.0,1.0,1.0,0.0,0.0,0.0,0.0,0.0,1.0,1.0,0.0,73.0,12.0,73.0,12.0,0.0,0.0,0.0,0.0,0.0,2.0
2018_02_OAK_DEN,2018,2,DEN,OAK,7,6,1,0.0,1.0,1.0,0.0,0.0,0.0,1.0,0.0,1.0,1.0,0.0,92.0,4.0,92.0,4.0,0.0,0.0,0.0,0.0,0.0,0.0
2018_02_NE_JAX,2018,2,JAX,NE,7,7,0,0.0,0.0,0.0,0.0,0.0,0.0,0.0,0.0,1.0,1.0,0.0,97.0,15.0,97.0,15.0,0.0,0.0,1.0,0.0,0.0,5.0
2018_02_NYG_DAL,2018,2,DAL,NYG,7,7,0,0.0,0.0,0.0,0.0,0.0,0.0,1.0,1.0,0.0,0.0,1.0,,,70.0,0.0,0.0,0.0,0.0,0.0,0.0,0.0
2018_02_SEA_CHI,2018,2,CHI,SEA,8,8,0,0.0,0.0,0.0,0.0,0.0,0.0,0.0,0.0,1.0,1.0,0.0,79.0,2.0,79.0,2.0,0.0,0.0,0.0,0.0,0.0,0.0
2018_03_NYJ_CLE,2018,3,CLE,NYJ,4,4,0,1.0,1.0,0.0,0.0,0.0,0.0,0.0,0.0,1.0,1.0,0.0,83.0,11.0,83.0,11.0,0.0,0.0,0.0,0.0,0.0,1.0
2018_03_NO_ATL,2018,3,ATL,NO,7,7,0,0.0,0.0,0.0,0.0,0.0,0.0,1.0,1.0,0.0,0.0,1.0,,,70.0,0.0,0.0,0.0,0.0,0.0,0.0,0.0
2018_03_DEN_BAL,2018,3,BAL,DEN,10,7,3,0.0,0.0,0.0,1.0,0.0,1.0,0.0,0.0,1.0,1.0,0.0,61.0,5.0,61.0,5.0,0.0,0.0,0.0,0.0,0.0,0.0
2018_03_CIN_CAR,2018,3,CAR,CIN,7,10,-3,0.0,0.0,0.0,0.0,1.0,-1.0,0.0,0.0,1.0,1.0,0.0,80.0,3.0,80.0,3.0,0.0,0.0,0.0,0.0,0.0,0.0
2018_03_NYG_HOU,2018,3,HOU,NYG,7,7,0,0.0,0.0,0.0,0.0,0.0,0.0,0.0,1.0,0.0,0.0,1.0,,,70.0,0.0,0.0,0.0,0.0,0.0,0.0,0.0
2018_03_TEN_JAX,2018,3,JAX,TEN,7,7,0,0.0,0.0,0.0,0.0,0.0,0.0,1.0,0.0,1.0,1.0,0.0,89.0,10.0,89.0,10.0,0.0,0.0,0.0,0.0,0.0,0.0
2018_03_SF_KC,2018,3,KC,SF,7,7,0,0.0,0.0,0.0,0.0,0.0,0.0,0.0,0.0,1.0,1.0,0.0,70.0,4.0,70.0,4.0,0.0,0.0,0.0,0.0,0.0,0.0
2018_03_OAK_MIA,2018,3,MIA,OAK,7,7,0,0.0,0.0,0.0,0.0,0.0,0.0,0.0,0.0,1.0,1.0,0.0,90.0,7.0,90.0,7.0,0.0,0.0,0.0,0.0,0.0,0.0
2018_03_BUF_MIN,2018,3,MIN,BUF,7,7,0,0.0,0.0,0.0,0.0,0.0,0.0,0.0,1.0,0.0,0.0,1.0,,,70.0,0.0,0.0,0.0,0.0,0.0,0.0,0.0
2018_03_IND_PHI,2018,3,PHI,IND,7,7,0,0.0,0.0,0.0,0.0,0.0,0.0,0.0,0.0,1.0,1.0,0.0,61.0,5.0,61.0,5.0,0.0,0.0,0.0,0.0,0.0,0.0
2018_03_GB_WAS,2018,3,WAS,GB,7,7,0,0.0,0.0,0.0,0.0,0.0,0.0,0.0,0.0,1.0,1.0,0.0,62.0,6.0,62.0,6.0,0.0,0.0,0.0,0.0,0.0,0.0
2018_03_LAC_LA,2018,3,LA,LAC,7,7,0,0.0,0.0,0.0,0.0,0.0,0.0,0.0,0.0,1.0,1.0,0.0,80.0,5.0,80.0,5.0,0.0,0.0,0.0,0.0,0.0,0.0
2018_03_CHI_ARI,2018,3,ARI,CHI,7,6,1,0.0,1.0,1.0,0.0,0.0,0.0,0.0,1.0,0.0,1.0,0.0,,,70.0,0.0,0.0,0.0,0.0,0.0,0.0,0.0
2018_03_DAL_SEA,2018,3,SEA,DAL,6,7,-1,1.0,0.0,-1.0,0.0,0.0,0.0,0.0,0.0,1.0,0.0,1.0,61.0,4.0,61.0,4.0,0.0,0.0,0.0,0.0,0.0,0.0
2018_03_NE_DET,2018,3,DET,NE,7,7,0,0.0,0.0,0.0,0.0,0.0,0.0,0.0,1.0,0.0,0.0,1.0,,,70.0,0.0,0.0,0.0,0.0,0.0,0.0,0.0
2018_03_PIT_TB,2018,3,TB,PIT,8,8,0,0.0,0.0,0.0,0.0,0.0,0.0,0.0,0.0,1.0,1.0,0.0,77.0,5.0,77.0,5.0,0.0,0.0,0.0,0.0,0.0,0.0
2018_04_MIN_LA,2018,4,LA,MIN,4,4,0,1.0,1.0,0.0,0.0,0.0,0.0,0.0,0.0,1.0,1.0,0.0,75.0,3.0,75.0,3.0,0.0,0.0,0.0,0.0,0.0,0.0
2018_04_CIN_ATL,2018,4,ATL,CIN,7,7,0,0.0,0.0,0.0,0.0,0.0,0.0,0.0,1.0,0.0,0.0,1.0,,,70.0,0.0,0.0,0.0,0.0,0.0,0.0,0.0
2018_04_TB_CHI,2018,4,CHI,TB,7,6,1,0.0,1.0,1.0,0.0,0.0,0.0,0.0,0.0,1.0,1.0,0.0,66.0,5.0,66.0,5.0,0.0,0.0,0.0,0.0,0.0,0.0
2018_04_DET_DAL,2018,4,DAL,DET,7,7,0,0.0,0.0,0.0,0.0,0.0,0.0,0.0,1.0,0.0,0.0,1.0,,,70.0,0.0,0.0,0.0,0.0,0.0,0.0,0.0
2018_04_BUF_GB,2018,4,GB,BUF,7,7,0,0.0,0.0,0.0,0.0,0.0,0.0,0.0,0.0,1.0,1.0,0.0,49.0,9.0,49.0,9.0,0.0,0.0,0.0,0.0,1.0,0.0
2018_04_HOU_IND,2018,4,IND,HOU,7,7,0,0.0,0.0,0.0,0.0,0.0,0.0,1.0,1.0,0.0,0.0,1.0,,,70.0,0.0,0.0,0.0,0.0,0.0,0.0,0.0
2018_04_NYJ_JAX,2018,4,JAX,NYJ,7,10,-3,0.0,0.0,0.0,0.0,1.0,-1.0,0.0,0.0,1.0,1.0,0.0,86.0,10.0,86.0,10.0,0.0,0.0,0.0,0.0,0.0,0.0
2018_04_MIA_NE,2018,4,NE,MIA,7,7,0,0.0,0.0,0.0,0.0,0.0,0.0,1.0,0.0,1.0,0.0,1.0,65.0,6.0,65.0,6.0,0.0,0.0,0.0,0.0,0.0,0.0
2018_04_PHI_TEN,2018,4,TEN,PHI,7,7,0,0.0,0.0,0.0,0.0,0.0,0.0,0.0,0.0,1.0,1.0,0.0,80.0,4.0,80.0,4.0,0.0,0.0,0.0,0.0,0.0,0.0
2018_04_SEA_ARI,2018,4,ARI,SEA,7,7,0,0.0,0.0,0.0,0.0,0.0,0.0,1.0,1.0,0.0,1.0,0.0,,,70.0,0.0,0.0,0.0,0.0,0.0,0.0,0.0
2018_04_CLE_OAK,2018,4,OAK,CLE,7,10,-3,0.0,0.0,0.0,0.0,1.0,-1.0,0.0,0.0,1.0,1.0,0.0,71.0,8.0,71.0,8.0,0.0,0.0,0.0,0.0,0.0,0.0
2018_04_SF_LAC,2018,4,LAC,SF,7,7,0,0.0,0.0,0.0,0.0,0.0,0.0,0.0,0.0,1.0,1.0,0.0,78.0,9.0,78.0,9.0,0.0,0.0,0.0,0.0,0.0,0.0
2018_04_NO_NYG,2018,4,NYG,NO,7,7,0,0.0,0.0,0.0,0.0,0.0,0.0,0.0,0.0,1.0,0.0,1.0,71.0,7.0,71.0,7.0,0.0,0.0,0.0,0.0,0.0,0.0
2018_04_BAL_PIT,2018,4,PIT,BAL,6,7,-1,1.0,0.0,-1.0,0.0,0.0,0.0,1.0,0.0,1.0,1.0,0.0,69.0,2.0,69.0,2.0,0.0,0.0,0.0,0.0,0.0,0.0
2018_04_KC_DEN,2018,4,DEN,KC,8,8,0,0.0,0.0,0.0,0.0,0.0,0.0,1.0,0.0,1.0,1.0,0.0,65.0,5.0,65.0,5.0,0.0,0.0,0.0,0.0,0.0,0.0
2018_05_IND_NE,2018,5,NE,IND,4,4,0,1.0,1.0,0.0,0.0,0.0,0.0,0.0,0.0,1.0,0.0,1.0,66.0,6.0,66.0,6.0,0.0,0.0,0.0,0.0,0.0,0.0
2018_05_TEN_BUF,2018,5,BUF,TEN,7,7,0,0.0,0.0,0.0,0.0,0.0,0.0,0.0,0.0,1.0,0.0,1.0,62.0,8.0,62.0,8.0,0.0,0.0,0.0,0.0,0.0,0.0
2018_05_NYG_CAR,2018,5,CAR,NYG,14,7,7,0.0,0.0,0.0,1.0,0.0,1.0,0.0,0.0,1.0,1.0,0.0,80.0,3.0,80.0,3.0,0.0,0.0,0.0,0.0,0.0,0.0
2018_05_MIA_CIN,2018,5,CIN,MIA,7,7,0,0.0,0.0,0.0,0.0,0.0,0.0,0.0,0.0,1.0,0.0,1.0,87.0,4.0,87.0,4.0,0.0,0.0,0.0,0.0,0.0,0.0
2018_05_BAL_CLE,2018,5,CLE,BAL,7,7,0,0.0,0.0,0.0,0.0,0.0,0.0,1.0,0.0,1.0,1.0,0.0,72.0,5.0,72.0,5.0,0.0,0.0,0.0,0.0,0.0,0.0
2018_05_GB_DET,2018,5,DET,GB,7,7,0,0.0,0.0,0.0,0.0,0.0,0.0,1.0,1.0,0.0,0.0,1.0,,,70.0,0.0,0.0,0.0,0.0,0.0,0.0,0.0
2018_05_JAX_KC,2018,5,KC,JAX,6,7,-1,1.0,0.0,-1.0,0.0,0.0,0.0,0.0,0.0,1.0,1.0,0.0,58.0,5.0,58.0,5.0,0.0,0.0,0.0,0.0,0.0,0.0
2018_05_DEN_NYJ,2018,5,NYJ,DEN,7,6,1,0.0,1.0,1.0,0.0,0.0,0.0,0.0,0.0,1.0,0.0,1.0,77.0,7.0,77.0,7.0,0.0,0.0,0.0,0.0,0.0,0.0
2018_05_ATL_PIT,2018,5,PIT,ATL,7,7,0,0.0,0.0,0.0,0.0,0.0,0.0,0.0,0.0,1.0,1.0,0.0,83.0,5.0,83.0,5.0,0.0,0.0,0.0,0.0,0.0,0.0
2018_05_OAK_LAC,2018,5,LAC,OAK,7,7,0,0.0,0.0,0.0,0.0,0.0,0.0,1.0,0.0,1.0,1.0,0.0,75.0,10.0,75.0,10.0,0.0,0.0,0.0,0.0,0.0,0.0
2018_05_MIN_PHI,2018,5,PHI,MIN,7,10,-3,0.0,0.0,0.0,0.0,1.0,-1.0,0.0,0.0,1.0,1.0,0.0,79.0,6.0,79.0,6.0,0.0,0.0,0.0,0.0,0.0,0.0
2018_05_LA_SEA,2018,5,SEA,LA,7,10,-3,0.0,0.0,0.0,0.0,1.0,-1.0,1.0,0.0,1.0,0.0,1.0,53.0,5.0,53.0,5.0,0.0,0.0,0.0,0.0,0.0,0.0
2018_05_ARI_SF,2018,5,SF,ARI,7,7,0,0.0,0.0,0.0,0.0,0.0,0.0,1.0,0.0,1.0,1.0,0.0,79.0,15.0,79.0,15.0,0.0,0.0,1.0,0.0,0.0,5.0
2018_05_DAL_HOU,2018,5,HOU,DAL,7,7,0,0.0,0.0,0.0,0.0,0.0,0.0,0.0,1.0,0.0,0.0,1.0,,,70.0,0.0,0.0,0.0,0.0,0.0,0.0,0.0
2018_05_WAS_NO,2018,5,NO,WAS,8,15,-7,0.0,0.0,0.0,0.0,1.0,-1.0,0.0,1.0,0.0,0.0,1.0,,,70.0,0.0,0.0,0.0,0.0,0.0,0.0,0.0
2018_06_PHI_NYG,2018,6,NYG,PHI,4,4,0,1.0,1.0,0.0,0.0,0.0,0.0,1.0,0.0,1.0,0.0,1.0,70.0,3.0,70.0,3.0,0.0,0.0,0.0,0.0,0.0,0.0
2018_06_TB_ATL,2018,6,ATL,TB,7,14,-7,0.0,0.0,0.0,0.0,1.0,-1.0,1.0,0.0,1.0,0.0,1.0,,,,,0.0,0.0,0.0,0.0,0.0,0.0
2018_06_PIT_CIN,2018,6,CIN,PIT,7,7,0,0.0,0.0,0.0,0.0,0.0,0.0,1.0,0.0,1.0,0.0,1.0,51.0,6.0,51.0,6.0,0.0,0.0,0.0,0.0,0.0,0.0
2018_06_LAC_CLE,2018,6,CLE,LAC,7,7,0,0.0,0.0,0.0,0.0,0.0,0.0,0.0,0.0,1.0,1.0,0.0,51.0,9.0,51.0,9.0,0.0,0.0,0.0,0.0,0.0,0.0
2018_06_BUF_HOU,2018,6,HOU,BUF,7,7,0,0.0,0.0,0.0,0.0,0.0,0.0,0.0,1.0,0.0,0.0,1.0,,,70.0,0.0,0.0,0.0,0.0,0.0,0.0,0.0
2018_06_CHI_MIA,2018,6,MIA,CHI,7,14,-7,0.0,0.0,0.0,0.0,1.0,-1.0,0.0,0.0,1.0,1.0,0.0,89.0,8.0,89.0,8.0,0.0,0.0,0.0,0.0,0.0,0.0
2018_06_ARI_MIN,2018,6,MIN,ARI,7,7,0,0.0,0.0,0.0,0.0,0.0,0.0,0.0,1.0,0.0,0.0,1.0,,,70.0,0.0,0.0,0.0,0.0,0.0,0.0,0.0
2018_06_IND_NYJ,2018,6,NYJ,IND,7,10,-3,0.0,0.0,0.0,0.0,1.0,-1.0,0.0,0.0,1.0,0.0,1.0,60.0,7.0,60.0,7.0,0.0,0.0,0.0,0.0,0.0,0.0
2018_06_SEA_OAK,2018,6,OAK,SEA,7,7,0,0.0,0.0,0.0,0.0,0.0,0.0,0.0,0.0,1.0,1.0,0.0,52.0,10.0,52.0,10.0,0.0,0.0,0.0,0.0,0.0,0.0
2018_06_CAR_WAS,2018,6,WAS,CAR,6,7,-1,1.0,0.0,-1.0,0.0,0.0,0.0,0.0,0.0,1.0,1.0,0.0,52.0,0.0,52.0,0.0,0.0,0.0,0.0,0.0,0.0,0.0
2018_06_LA_DEN,2018,6,DEN,LA,7,7,0,0.0,0.0,0.0,0.0,0.0,0.0,0.0,0.0,1.0,1.0,0.0,25.0,6.0,25.0,6.0,1.0,1.0,0.0,0.0,25.0,0.0
2018_06_JAX_DAL,2018,6,DAL,JAX,7,7,0,0.0,0.0,0.0,0.0,0.0,0.0,0.0,1.0,0.0,0.0,1.0,,,70.0,0.0,0.0,0.0,0.0,0.0,0.0,0.0
2018_06_BAL_TEN,2018,6,TEN,BAL,7,7,0,0.0,0.0,0.0,0.0,0.0,0.0,0.0,0.0,1.0,1.0,0.0,66.0,4.0,66.0,4.0,0.0,0.0,0.0,0.0,0.0,0.0
2018_06_KC_NE,2018,6,NE,KC,10,7,3,0.0,0.0,0.0,1.0,0.0,1.0,0.0,0.0,1.0,0.0,1.0,45.0,0.0,45.0,0.0,0.0,0.0,0.0,0.0,5.0,0.0
2018_06_SF_GB,2018,6,GB,SF,8,8,0,0.0,0.0,0.0,0.0,0.0,0.0,0.0,0.0,1.0,1.0,0.0,37.0,5.0,37.0,5.0,1.0,0.0,0.0,0.0,13.0,0.0
2018_07_DEN_ARI,2018,7,ARI,DEN,4,4,0,1.0,1.0,0.0,0.0,0.0,0.0,0.0,1.0,0.0,1.0,0.0,,,70.0,0.0,0.0,0.0,0.0,0.0,0.0,0.0
2018_07_NE_CHI,2018,7,CHI,NE,7,7,0,0.0,0.0,0.0,0.0,0.0,0.0,0.0,0.0,1.0,1.0,0.0,44.0,9.0,44.0,9.0,0.0,0.0,0.0,0.0,6.0,0.0
2018_07_BUF_IND,2018,7,IND,BUF,7,7,0,0.0,0.0,0.0,0.0,0.0,0.0,0.0,1.0,0.0,0.0,1.0,,,70.0,0.0,0.0,0.0,0.0,0.0,0.0,0.0
2018_07_HOU_JAX,2018,7,JAX,HOU,7,7,0,0.0,0.0,0.0,0.0,0.0,0.0,1.0,0.0,1.0,1.0,0.0,68.0,15.0,68.0,15.0,0.0,0.0,1.0,0.0,0.0,5.0
2018_07_DET_MIA,2018,7,MIA,DET,7,14,-7,0.0,0.0,0.0,0.0,1.0,-1.0,0.0,0.0,1.0,1.0,0.0,89.0,8.0,89.0,8.0,0.0,0.0,0.0,0.0,0.0,0.0
2018_07_MIN_NYJ,2018,7,NYJ,MIN,7,7,0,0.0,0.0,0.0,0.0,0.0,0.0,0.0,0.0,1.0,0.0,1.0,46.0,16.0,46.0,16.0,0.0,0.0,1.0,0.0,4.0,6.0
2018_07_CAR_PHI,2018,7,PHI,CAR,10,7,3,0.0,0.0,0.0,1.0,0.0,1.0,0.0,0.0,1.0,1.0,0.0,49.0,19.0,49.0,19.0,0.0,0.0,1.0,0.0,1.0,9.0
2018_07_CLE_TB,2018,7,TB,CLE,7,7,0,0.0,0.0,0.0,0.0,0.0,0.0,0.0,0.0,1.0,1.0,0.0,79.0,7.0,79.0,7.0,0.0,0.0,0.0,0.0,0.0,0.0
2018_07_NO_BAL,2018,7,BAL,NO,7,13,-6,0.0,0.0,0.0,0.0,1.0,-1.0,0.0,0.0,1.0,1.0,0.0,54.0,15.0,54.0,15.0,0.0,0.0,1.0,0.0,0.0,5.0
2018_07_LA_SF,2018,7,SF,LA,6,7,-1,1.0,0.0,-1.0,0.0,0.0,0.0,1.0,0.0,1.0,1.0,0.0,62.0,5.0,62.0,5.0,0.0,0.0,0.0,0.0,0.0,0.0
2018_07_DAL_WAS,2018,7,WAS,DAL,7,7,0,0.0,0.0,0.0,0.0,0.0,0.0,1.0,0.0,1.0,1.0,0.0,52.0,12.0,52.0,12.0,0.0,0.0,0.0,0.0,0.0,2.0
2018_07_CIN_KC,2018,7,KC,CIN,7,7,0,0.0,0.0,0.0,0.0,0.0,0.0,0.0,0.0,1.0,1.0,0.0,59.0,10.0,59.0,10.0,0.0,0.0,0.0,0.0,0.0,0.0
2018_07_TEN_LAC,2018,7,LAC,TEN,7,7,0,0.0,0.0,0.0,0.0,0.0,0.0,0.0,0.0,1.0,1.0,0.0,66.0,6.0,66.0,6.0,0.0,0.0,0.0,0.0,0.0,0.0
2018_07_NYG_ATL,2018,7,ATL,NYG,8,11,-3,0.0,0.0,0.0,0.0,1.0,-1.0,0.0,0.0,1.0,0.0,1.0,,,,,0.0,0.0,0.0,0.0,0.0,0.0
2018_08_MIA_HOU,2018,8,HOU,MIA,4,4,0,1.0,1.0,0.0,0.0,0.0,0.0,0.0,1.0,0.0,0.0,1.0,,,70.0,0.0,0.0,0.0,0.0,0.0,0.0,0.0
2018_08_BAL_CAR,2018,8,CAR,BAL,7,7,0,0.0,0.0,0.0,0.0,0.0,0.0,0.0,0.0,1.0,1.0,0.0,61.0,10.0,61.0,10.0,0.0,0.0,0.0,0.0,0.0,0.0
2018_08_NYJ_CHI,2018,8,CHI,NYJ,7,7,0,0.0,0.0,0.0,0.0,0.0,0.0,0.0,0.0,1.0,1.0,0.0,48.0,18.0,48.0,18.0,0.0,0.0,1.0,0.0,2.0,8.0
2018_08_TB_CIN,2018,8,CIN,TB,7,7,0,0.0,0.0,0.0,0.0,0.0,0.0,0.0,0.0,1.0,0.0,1.0,55.0,7.0,55.0,7.0,0.0,0.0,0.0,0.0,0.0,0.0
2018_08_SEA_DET,2018,8,DET,SEA,7,14,-7,0.0,0.0,0.0,0.0,1.0,-1.0,0.0,1.0,0.0,0.0,1.0,,,70.0,0.0,0.0,0.0,0.0,0.0,0.0,0.0
2018_08_DEN_KC,2018,8,KC,DEN,7,10,-3,0.0,0.0,0.0,0.0,1.0,-1.0,1.0,0.0,1.0,1.0,0.0,56.0,12.0,56.0,12.0,0.0,0.0,0.0,0.0,0.0,2.0
2018_08_WAS_NYG,2018,8,NYG,WAS,6,7,-1,1.0,0.0,-1.0,0.0,0.0,0.0,1.0,0.0,1.0,0.0,1.0,51.0,11.0,51.0,11.0,0.0,0.0,0.0,0.0,0.0,1.0
2018_08_CLE_PIT,2018,8,PIT,CLE,14,7,7,0.0,0.0,0.0,1.0,0.0,1.0,1.0,0.0,1.0,1.0,0.0,47.0,11.0,47.0,11.0,0.0,0.0,0.0,0.0,3.0,1.0
2018_08_IND_OAK,2018,8,OAK,IND,14,7,7,0.0,0.0,0.0,1.0,0.0,1.0,0.0,0.0,1.0,1.0,0.0,69.0,8.0,69.0,8.0,0.0,0.0,0.0,0.0,0.0,0.0
2018_08_SF_ARI,2018,8,ARI,SF,10,7,3,0.0,0.0,0.0,1.0,0.0,1.0,1.0,1.0,0.0,1.0,0.0,,,70.0,0.0,0.0,0.0,0.0,0.0,0.0,0.0
2018_08_GB_LA,2018,8,LA,GB,7,13,-6,0.0,0.0,0.0,0.0,1.0,-1.0,0.0,0.0,1.0,1.0,0.0,82.0,1.0,82.0,1.0,0.0,0.0,0.0,0.0,0.0,0.0
2018_08_NO_MIN,2018,8,MIN,NO,7,7,0,0.0,0.0,0.0,0.0,0.0,0.0,0.0,1.0,0.0,0.0,1.0,,,70.0,0.0,0.0,0.0,0.0,0.0,0.0,0.0
2018_08_PHI_JAX,2018,8,JAX,PHI,7,7,0,0.0,0.0,0.0,0.0,0.0,0.0,0.0,0.0,1.0,1.0,0.0,48.0,12.0,48.0,12.0,0.0,0.0,0.0,0.0,2.0,2.0
2018_08_NE_BUF,2018,8,BUF,NE,8,8,0,0.0,0.0,0.0,0.0,0.0,0.0,1.0,0.0,1.0,0.0,1.0,46.0,16.0,46.0,16.0,0.0,0.0,1.0,0.0,4.0,6.0
2018_09_OAK_SF,2018,9,SF,OAK,4,4,0,1.0,1.0,0.0,0.0,0.0,0.0,0.0,0.0,1.0,1.0,0.0,82.0,8.0,82.0,8.0,0.0,0.0,0.0,0.0,0.0,0.0
2018_09_PIT_BAL,2018,9,BAL,PIT,7,7,0,0.0,0.0,0.0,0.0,0.0,0.0,1.0,0.0,1.0,1.0,0.0,55.0,6.0,55.0,6.0,0.0,0.0,0.0,0.0,0.0,0.0
2018_09_CHI_BUF,2018,9,BUF,CHI,6,7,-1,1.0,0.0,-1.0,0.0,0.0,0.0,0.0,0.0,1.0,0.0,1.0,49.0,12.0,49.0,12.0,0.0,0.0,0.0,0.0,1.0,2.0
2018_09_TB_CAR,2018,9,CAR,TB,7,7,0,0.0,0.0,0.0,0.0,0.0,0.0,1.0,0.0,1.0,1.0,0.0,62.0,8.0,62.0,8.0,0.0,0.0,0.0,0.0,0.0,0.0
2018_09_KC_CLE,2018,9,CLE,KC,7,7,0,0.0,0.0,0.0,0.0,0.0,0.0,0.0,0.0,1.0,1.0,0.0,53.0,16.0,53.0,16.0,0.0,0.0,1.0,0.0,0.0,6.0
2018_09_NYJ_MIA,2018,9,MIA,NYJ,10,7,3,0.0,0.0,0.0,1.0,0.0,1.0,1.0,0.0,1.0,1.0,0.0,87.0,16.0,87.0,16.0,0.0,0.0,1.0,0.0,0.0,6.0
2018_09_DET_MIN,2018,9,MIN,DET,7,7,0,0.0,0.0,0.0,0.0,0.0,0.0,1.0,1.0,0.0,0.0,1.0,,,70.0,0.0,0.0,0.0,0.0,0.0,0.0,0.0
2018_09_ATL_WAS,2018,9,WAS,ATL,7,13,-6,0.0,0.0,0.0,0.0,1.0,-1.0,0.0,0.0,1.0,1.0,0.0,55.0,5.0,55.0,5.0,0.0,0.0,0.0,0.0,0.0,0.0
2018_09_HOU_DEN,2018,9,DEN,HOU,7,10,-3,0.0,0.0,0.0,0.0,1.0,-1.0,0.0,0.0,1.0,1.0,0.0,53.0,3.0,53.0,3.0,0.0,0.0,0.0,0.0,0.0,0.0
2018_09_LAC_SEA,2018,9,SEA,LAC,7,14,-7,0.0,0.0,0.0,0.0,1.0,-1.0,0.0,0.0,1.0,0.0,1.0,56.0,4.0,56.0,4.0,0.0,0.0,0.0,0.0,0.0,0.0
2018_09_LA_NO,2018,9,NO,LA,7,7,0,0.0,0.0,0.0,0.0,0.0,0.0,0.0,1.0,0.0,0.0,1.0,,,70.0,0.0,0.0,0.0,0.0,0.0,0.0,0.0
2018_09_GB_NE,2018,9,NE,GB,6,7,-1,1.0,0.0,-1.0,0.0,0.0,0.0,0.0,0.0,1.0,0.0,1.0,40.0,2.0,40.0,2.0,1.0,0.0,0.0,0.0,10.0,0.0
2018_09_TEN_DAL,2018,9,DAL,TEN,15,15,0,0.0,0.0,0.0,1.0,1.0,0.0,0.0,1.0,0.0,0.0,1.0,,,70.0,0.0,0.0,0.0,0.0,0.0,0.0,0.0
2018_10_CAR_PIT,2018,10,PIT,CAR,4,4,0,1.0,1.0,0.0,0.0,0.0,0.0,0.0,0.0,1.0,1.0,0.0,40.0,4.0,40.0,4.0,1.0,0.0,0.0,0.0,10.0,0.0
2018_10_DET_CHI,2018,10,CHI,DET,7,7,0,0.0,0.0,0.0,0.0,0.0,0.0,1.0,0.0,1.0,1.0,0.0,37.0,12.0,37.0,12.0,1.0,0.0,0.0,0.0,13.0,2.0
2018_10_NO_CIN,2018,10,CIN,NO,14,7,7,0.0,0.0,0.0,1.0,0.0,1.0,0.0,0.0,1.0,0.0,1.0,39.0,6.0,39.0,6.0,1.0,0.0,0.0,0.0,11.0,0.0
2018_10_ATL_CLE,2018,10,CLE,ATL,7,7,0,0.0,0.0,0.0,0.0,0.0,0.0,0.0,0.0,1.0,1.0,0.0,36.0,9.0,36.0,9.0,1.0,0.0,0.0,0.0,14.0,0.0
2018_10_JAX_IND,2018,10,IND,JAX,14,14,0,0.0,0.0,0.0,1.0,1.0,0.0,1.0,1.0,0.0,0.0,1.0,,,70.0,0.0,0.0,0.0,0.0,0.0,0.0,0.0
2018_10_ARI_KC,2018,10,KC,ARI,7,14,-7,0.0,0.0,0.0,0.0,1.0,-1.0,0.0,0.0,1.0,1.0,0.0,43.0,5.0,43.0,5.0,0.0,0.0,0.0,0.0,7.0,0.0
2018_10_BUF_NYJ,2018,10,NYJ,BUF,7,7,0,0.0,0.0,0.0,0.0,0.0,0.0,1.0,0.0,1.0,0.0,1.0,46.0,10.0,46.0,10.0,0.0,0.0,0.0,0.0,4.0,0.0
2018_10_WAS_TB,2018,10,TB,WAS,7,7,0,0.0,0.0,0.0,0.0,0.0,0.0,0.0,0.0,1.0,1.0,0.0,82.0,3.0,82.0,3.0,0.0,0.0,0.0,0.0,0.0,0.0
2018_10_NE_TEN,2018,10,TEN,NE,6,7,-1,1.0,0.0,-1.0,0.0,0.0,0.0,0.0,0.0,1.0,1.0,0.0,46.0,4.0,46.0,4.0,0.0,0.0,0.0,0.0,4.0,0.0
2018_10_LAC_OAK,2018,10,OAK,LAC,10,7,3,0.0,0.0,0.0,1.0,0.0,1.0,1.0,0.0,1.0,1.0,0.0,69.0,16.0,69.0,16.0,0.0,0.0,1.0,0.0,0.0,6.0
2018_10_MIA_GB,2018,10,GB,MIA,7,7,0,0.0,0.0,0.0,0.0,0.0,0.0,0.0,0.0,1.0,1.0,0.0,33.0,6.0,33.0,6.0,1.0,0.0,0.0,0.0,17.0,0.0
2018_10_SEA_LA,2018,10,LA,SEA,7,7,0,0.0,0.0,0.0,0.0,0.0,0.0,1.0,0.0,1.0,1.0,0.0,75.0,1.0,75.0,1.0,0.0,0.0,0.0,0.0,0.0,0.0
2018_10_DAL_PHI,2018,10,PHI,DAL,14,6,8,0.0,1.0,1.0,1.0,0.0,1.0,1.0,0.0,1.0,1.0,0.0,38.0,5.0,38.0,5.0,1.0,0.0,0.0,0.0,12.0,0.0
2018_10_NYG_SF,2018,10,SF,NYG,11,15,-4,0.0,0.0,0.0,1.0,1.0,0.0,0.0,0.0,1.0,1.0,0.0,62.0,0.0,62.0,0.0,0.0,0.0,0.0,0.0,0.0,0.0
2018_11_GB_SEA,2018,11,SEA,GB,4,4,0,1.0,1.0,0.0,0.0,0.0,0.0,0.0,0.0,1.0,0.0,1.0,54.0,6.0,54.0,6.0,0.0,0.0,0.0,0.0,0.0,0.0
2018_11_DAL_ATL,2018,11,ATL,DAL,7,7,0,0.0,0.0,0.0,0.0,0.0,0.0,0.0,0.0,1.0,0.0,1.0,,,,,0.0,0.0,0.0,0.0,0.0,0.0
2018_11_CIN_BAL,2018,11,BAL,CIN,14,7,7,0.0,0.0,0.0,1.0,0.0,1.0,1.0,0.0,1.0,1.0,0.0,48.0,8.0,48.0,8.0,0.0,0.0,0.0,0.0,2.0,0.0
2018_11_CAR_DET,2018,11,DET,CAR,7,10,-3,0.0,0.0,0.0,0.0,1.0,-1.0,0.0,1.0,0.0,0.0,1.0,,,70.0,0.0,0.0,0.0,0.0,0.0,0.0,0.0
2018_11_TEN_IND,2018,11,IND,TEN,7,7,0,0.0,0.0,0.0,0.0,0.0,0.0,1.0,1.0,0.0,0.0,1.0,,,70.0,0.0,0.0,0.0,0.0,0.0,0.0,0.0
2018_11_PIT_JAX,2018,11,JAX,PIT,7,10,-3,0.0,0.0,0.0,0.0,1.0,-1.0,0.0,0.0,1.0,1.0,0.0,73.0,8.0,73.0,8.0,0.0,0.0,0.0,0.0,0.0,0.0
2018_11_TB_NYG,2018,11,NYG,TB,6,7,-1,1.0,0.0,-1.0,0.0,0.0,0.0,0.0,0.0,1.0,0.0,1.0,42.0,1.0,42.0,1.0,0.0,0.0,0.0,0.0,8.0,0.0
2018_11_HOU_WAS,2018,11,WAS,HOU,7,14,-7,0.0,0.0,0.0,0.0,1.0,-1.0,0.0,0.0,1.0,1.0,0.0,48.0,6.0,48.0,6.0,0.0,0.0,0.0,0.0,2.0,0.0
2018_11_OAK_ARI,2018,11,ARI,OAK,7,7,0,0.0,0.0,0.0,0.0,0.0,0.0,0.0,1.0,0.0,1.0,0.0,,,70.0,0.0,0.0,0.0,0.0,0.0,0.0,0.0
2018_11_DEN_LAC,2018,11,LAC,DEN,7,14,-7,0.0,0.0,0.0,0.0,1.0,-1.0,1.0,0.0,1.0,1.0,0.0,69.0,4.0,69.0,4.0,0.0,0.0,0.0,0.0,0.0,0.0
2018_11_PHI_NO,2018,11,NO,PHI,7,7,0,0.0,0.0,0.0,0.0,0.0,0.0,0.0,1.0,0.0,0.0,1.0,,,70.0,0.0,0.0,0.0,0.0,0.0,0.0,0.0
2018_11_MIN_CHI,2018,11,CHI,MIN,7,14,-7,0.0,0.0,0.0,0.0,1.0,-1.0,1.0,0.0,1.0,1.0,0.0,33.0,6.0,33.0,6.0,1.0,0.0,0.0,0.0,17.0,0.0
2018_11_KC_LA,2018,11,LA,KC,8,8,0,0.0,0.0,0.0,0.0,0.0,0.0,0.0,0.0,1.0,1.0,0.0,65.0,0.0,65.0,0.0,0.0,0.0,0.0,0.0,0.0,0.0
2018_12_CHI_DET,2018,12,DET,CHI,4,4,0,1.0,1.0,0.0,0.0,0.0,0.0,1.0,1.0,0.0,0.0,1.0,,,70.0,0.0,0.0,0.0,0.0,0.0,0.0,0.0
2018_12_WAS_DAL,2018,12,DAL,WAS,4,4,0,1.0,1.0,0.0,0.0,0.0,0.0,1.0,1.0,0.0,0.0,1.0,,,70.0,0.0,0.0,0.0,0.0,0.0,0.0,0.0
2018_12_ATL_NO,2018,12,NO,ATL,4,4,0,1.0,1.0,0.0,0.0,0.0,0.0,1.0,1.0,0.0,0.0,1.0,,,70.0,0.0,0.0,0.0,0.0,0.0,0.0,0.0
2018_12_OAK_BAL,2018,12,BAL,OAK,7,7,0,0.0,0.0,0.0,0.0,0.0,0.0,0.0,0.0,1.0,1.0,0.0,60.0,7.0,60.0,7.0,0.0,0.0,0.0,0.0,0.0,0.0
2018_12_JAX_BUF,2018,12,BUF,JAX,14,7,7,0.0,0.0,0.0,1.0,0.0,1.0,0.0,0.0,1.0,0.0,1.0,44.0,12.0,44.0,12.0,0.0,0.0,0.0,0.0,6.0,2.0
2018_12_SEA_CAR,2018,12,CAR,SEA,7,10,-3,0.0,0.0,0.0,0.0,1.0,-1.0,0.0,0.0,1.0,1.0,0.0,57.0,1.0,57.0,1.0,0.0,0.0,0.0,0.0,0.0,0.0
2018_12_CLE_CIN,2018,12,CIN,CLE,7,14,-7,0.0,0.0,0.0,0.0,1.0,-1.0,1.0,0.0,1.0,0.0,1.0,44.0,4.0,44.0,4.0,0.0,0.0,0.0,0.0,6.0,0.0
2018_12_NE_NYJ,2018,12,NYJ,NE,14,14,0,0.0,0.0,0.0,1.0,1.0,0.0,1.0,0.0,1.0,0.0,1.0,54.0,8.0,54.0,8.0,0.0,0.0,0.0,0.0,0.0,0.0
2018_12_NYG_PHI,2018,12,PHI,NYG,7,7,0,0.0,0.0,0.0,0.0,0.0,0.0,1.0,0.0,1.0,1.0,0.0,56.0,10.0,56.0,10.0,0.0,0.0,0.0,0.0,0.0,0.0
2018_12_SF_TB,2018,12,TB,SF,7,13,-6,0.0,0.0,0.0,0.0,1.0,-1.0,0.0,0.0,1.0,1.0,0.0,77.0,7.0,77.0,7.0,0.0,0.0,0.0,0.0,0.0,0.0
2018_12_ARI_LAC,2018,12,LAC,ARI,7,7,0,0.0,0.0,0.0,0.0,0.0,0.0,0.0,0.0,1.0,1.0,0.0,74.0,3.0,74.0,3.0,0.0,0.0,0.0,0.0,0.0,0.0
2018_12_PIT_DEN,2018,12,DEN,PIT,7,7,0,0.0,0.0,0.0,0.0,0.0,0.0,0.0,0.0,1.0,1.0,0.0,41.0,7.0,41.0,7.0,0.0,0.0,0.0,0.0,9.0,0.0
2018_12_MIA_IND,2018,12,IND,MIA,7,14,-7,0.0,0.0,0.0,0.0,1.0,-1.0,0.0,1.0,0.0,0.0,1.0,,,70.0,0.0,0.0,0.0,0.0,0.0,0.0,0.0
2018_12_GB_MIN,2018,12,MIN,GB,7,10,-3,0.0,0.0,0.0,0.0,1.0,-1.0,1.0,1.0,0.0,0.0,1.0,,,70.0,0.0,0.0,0.0,0.0,0.0,0.0,0.0
2018_12_TEN_HOU,2018,12,HOU,TEN,8,8,0,0.0,0.0,0.0,0.0,0.0,0.0,1.0,1.0,0.0,0.0,1.0,,,70.0,0.0,0.0,0.0,0.0,0.0,0.0,0.0
2018_13_NO_DAL,2018,13,DAL,NO,7,7,0,0.0,0.0,0.0,0.0,0.0,0.0,0.0,1.0,0.0,0.0,1.0,,,70.0,0.0,0.0,0.0,0.0,0.0,0.0,0.0
2018_13_BAL_ATL,2018,13,ATL,BAL,10,7,3,0.0,0.0,0.0,1.0,0.0,1.0,0.0,0.0,1.0,0.0,1.0,,,,,0.0,0.0,0.0,0.0,0.0,0.0
2018_13_DEN_CIN,2018,13,CIN,DEN,7,7,0,0.0,0.0,0.0,0.0,0.0,0.0,0.0,0.0,1.0,0.0,1.0,63.0,12.0,63.0,12.0,0.0,0.0,0.0,0.0,0.0,2.0
2018_13_LA_DET,2018,13,DET,LA,10,13,-3,0.0,0.0,0.0,1.0,1.0,0.0,0.0,1.0,0.0,0.0,1.0,,,70.0,0.0,0.0,0.0,0.0,0.0,0.0,0.0
2018_13_ARI_GB,2018,13,GB,ARI,7,7,0,0.0,0.0,0.0,0.0,0.0,0.0,0.0,0.0,1.0,1.0,0.0,34.0,20.0,34.0,20.0,1.0,0.0,1.0,1.0,16.0,10.0
2018_13_CLE_HOU,2018,13,HOU,CLE,6,7,-1,1.0,0.0,-1.0,0.0,0.0,0.0,0.0,1.0,0.0,0.0,1.0,,,70.0,0.0,0.0,0.0,0.0,0.0,0.0,0.0
2018_13_IND_JAX,2018,13,JAX,IND,7,7,0,0.0,0.0,0.0,0.0,0.0,0.0,1.0,0.0,1.0,1.0,0.0,78.0,13.0,78.0,13.0,0.0,0.0,0.0,0.0,0.0,3.0
2018_13_BUF_MIA,2018,13,MIA,BUF,7,7,0,0.0,0.0,0.0,0.0,0.0,0.0,1.0,0.0,1.0,1.0,0.0,86.0,15.0,86.0,15.0,0.0,0.0,1.0,0.0,0.0,5.0
2018_13_CHI_NYG,2018,13,NYG,CHI,7,10,-3,0.0,0.0,0.0,0.0,1.0,-1.0,0.0,0.0,1.0,0.0,1.0,52.0,3.0,52.0,3.0,0.0,0.0,0.0,0.0,0.0,0.0
2018_13_CAR_TB,2018,13,TB,CAR,7,7,0,0.0,0.0,0.0,0.0,0.0,0.0,1.0,0.0,1.0,1.0,0.0,81.0,15.0,81.0,15.0,0.0,0.0,1.0,0.0,0.0,5.0
2018_13_KC_OAK,2018,13,OAK,KC,7,13,-6,0.0,0.0,0.0,0.0,1.0,-1.0,1.0,0.0,1.0,1.0,0.0,57.0,6.0,57.0,6.0,0.0,0.0,0.0,0.0,0.0,0.0
2018_13_NYJ_TEN,2018,13,TEN,NYJ,6,7,-1,1.0,0.0,-1.0,0.0,0.0,0.0,0.0,0.0,1.0,1.0,0.0,70.0,13.0,70.0,13.0,0.0,0.0,0.0,0.0,0.0,3.0
2018_13_MIN_NE,2018,13,NE,MIN,7,7,0,0.0,0.0,0.0,0.0,0.0,0.0,0.0,0.0,1.0,0.0,1.0,53.0,6.0,53.0,6.0,0.0,0.0,0.0,0.0,0.0,0.0
2018_13_SF_SEA,2018,13,SEA,SF,7,7,0,0.0,0.0,0.0,0.0,0.0,0.0,1.0,0.0,1.0,0.0,1.0,45.0,2.0,45.0,2.0,0.0,0.0,0.0,0.0,5.0,0.0
2018_13_LAC_PIT,2018,13,PIT,LAC,7,7,0,0.0,0.0,0.0,0.0,0.0,0.0,0.0,0.0,1.0,1.0,0.0,57.0,8.0,57.0,8.0,0.0,0.0,0.0,0.0,0.0,0.0
2018_13_WAS_PHI,2018,13,PHI,WAS,8,11,-3,0.0,0.0,0.0,0.0,1.0,-1.0,1.0,0.0,1.0,1.0,0.0,36.0,15.0,36.0,15.0,1.0,0.0,1.0,0.0,14.0,5.0
2018_14_JAX_TEN,2018,14,TEN,JAX,4,4,0,1.0,1.0,0.0,0.0,0.0,0.0,1.0,0.0,1.0,1.0,0.0,44.0,5.0,44.0,5.0,0.0,0.0,0.0,0.0,6.0,0.0
2018_14_NYJ_BUF,2018,14,BUF,NYJ,7,7,0,0.0,0.0,0.0,0.0,0.0,0.0,1.0,0.0,1.0,0.0,1.0,31.0,12.0,31.0,12.0,1.0,0.0,0.0,0.0,19.0,2.0
2018_14_CAR_CLE,2018,14,CLE,CAR,7,7,0,0.0,0.0,0.0,0.0,0.0,0.0,0.0,0.0,1.0,1.0,0.0,28.0,4.0,28.0,4.0,1.0,0.0,0.0,0.0,22.0,0.0
2018_14_ATL_GB,2018,14,GB,ATL,7,7,0,0.0,0.0,0.0,0.0,0.0,0.0,0.0,0.0,1.0,1.0,0.0,25.0,10.0,25.0,10.0,1.0,1.0,0.0,0.0,25.0,0.0
2018_14_IND_HOU,2018,14,HOU,IND,7,7,0,0.0,0.0,0.0,0.0,0.0,0.0,1.0,1.0,0.0,0.0,1.0,,,70.0,0.0,0.0,0.0,0.0,0.0,0.0,0.0
2018_14_BAL_KC,2018,14,KC,BAL,7,7,0,0.0,0.0,0.0,0.0,0.0,0.0,0.0,0.0,1.0,1.0,0.0,27.0,0.0,27.0,0.0,1.0,0.0,0.0,0.0,23.0,0.0
2018_14_NE_MIA,2018,14,MIA,NE,7,7,0,0.0,0.0,0.0,0.0,0.0,0.0,1.0,0.0,1.0,1.0,0.0,82.0,13.0,82.0,13.0,0.0,0.0,0.0,0.0,0.0,3.0
2018_14_NO_TB,2018,14,TB,NO,7,10,-3,0.0,0.0,0.0,0.0,1.0,-1.0,1.0,0.0,1.0,1.0,0.0,71.0,7.0,71.0,7.0,0.0,0.0,0.0,0.0,0.0,0.0
2018_14_NYG_WAS,2018,14,WAS,NYG,6,7,-1,1.0,0.0,-1.0,0.0,0.0,0.0,1.0,0.0,1.0,1.0,0.0,33.0,6.0,33.0,6.0,1.0,0.0,0.0,0.0,17.0,0.0
2018_14_CIN_LAC,2018,14,LAC,CIN,7,7,0,0.0,0.0,0.0,0.0,0.0,0.0,0.0,0.0,1.0,1.0,0.0,,,,,0.0,0.0,0.0,0.0,0.0,0.0
2018_14_DEN_SF,2018,14,SF,DEN,7,7,0,0.0,0.0,0.0,0.0,0.0,0.0,0.0,0.0,1.0,1.0,0.0,54.0,3.0,54.0,3.0,0.0,0.0,0.0,0.0,0.0,0.0
2018_14_DET_ARI,2018,14,ARI,DET,7,7,0,0.0,0.0,0.0,0.0,0.0,0.0,0.0,1.0,0.0,1.0,0.0,,,70.0,0.0,0.0,0.0,0.0,0.0,0.0,0.0
2018_14_PHI_DAL,2018,14,DAL,PHI,10,6,4,0.0,1.0,1.0,1.0,0.0,1.0,1.0,1.0,0.0,0.0,1.0,,,70.0,0.0,0.0,0.0,0.0,0.0,0.0,0.0
2018_14_PIT_OAK,2018,14,OAK,PIT,7,7,0,0.0,0.0,0.0,0.0,0.0,0.0,0.0,0.0,1.0,1.0,0.0,55.0,8.0,55.0,8.0,0.0,0.0,0.0,0.0,0.0,0.0
2018_14_LA_CHI,2018,14,CHI,LA,7,7,0,0.0,0.0,0.0,0.0,0.0,0.0,0.0,0.0,1.0,1.0,0.0,29.0,4.0,29.0,4.0,1.0,0.0,0.0,0.0,21.0,0.0
2018_14_MIN_SEA,2018,14,SEA,MIN,8,8,0,0.0,0.0,0.0,0.0,0.0,0.0,0.0,0.0,1.0,0.0,1.0,48.0,9.0,48.0,9.0,0.0,0.0,0.0,0.0,2.0,0.0
2018_15_LAC_KC,2018,15,KC,LAC,4,4,0,1.0,1.0,0.0,0.0,0.0,0.0,1.0,0.0,1.0,1.0,0.0,39.0,5.0,39.0,5.0,1.0,0.0,0.0,0.0,11.0,0.0
2018_15_HOU_NYJ,2018,15,NYJ,HOU,6,6,0,1.0,1.0,0.0,0.0,0.0,0.0,0.0,0.0,1.0,0.0,1.0,51.0,8.0,51.0,8.0,0.0,0.0,0.0,0.0,0.0,0.0
2018_15_CLE_DEN,2018,15,DEN,CLE,6,6,0,1.0,1.0,0.0,0.0,0.0,0.0,0.0,0.0,1.0,1.0,0.0,46.0,0.0,46.0,0.0,0.0,0.0,0.0,0.0,4.0,0.0
2018_15_ARI_ATL,2018,15,ATL,ARI,7,7,0,0.0,0.0,0.0,0.0,0.0,0.0,0.0,1.0,0.0,0.0,1.0,,,70.0,0.0,0.0,0.0,0.0,0.0,0.0,0.0
2018_15_TB_BAL,2018,15,BAL,TB,7,7,0,0.0,0.0,0.0,0.0,0.0,0.0,0.0,0.0,1.0,1.0,0.0,43.0,10.0,43.0,10.0,0.0,0.0,0.0,0.0,7.0,0.0
2018_15_DET_BUF,2018,15,BUF,DET,7,7,0,0.0,0.0,0.0,0.0,0.0,0.0,0.0,0.0,1.0,0.0,1.0,39.0,7.0,39.0,7.0,1.0,0.0,0.0,0.0,11.0,0.0
2018_15_GB_CHI,2018,15,CHI,GB,7,7,0,0.0,0.0,0.0,0.0,0.0,0.0,1.0,0.0,1.0,1.0,0.0,45.0,10.0,45.0,10.0,0.0,0.0,0.0,0.0,5.0,0.0
2018_15_OAK_CIN,2018,15,CIN,OAK,7,7,0,0.0,0.0,0.0,0.0,0.0,0.0,0.0,0.0,1.0,0.0,1.0,43.0,2.0,43.0,2.0,0.0,0.0,0.0,0.0,7.0,0.0
2018_15_DAL_IND,2018,15,IND,DAL,7,7,0,0.0,0.0,0.0,0.0,0.0,0.0,0.0,1.0,0.0,0.0,1.0,,,70.0,0.0,0.0,0.0,0.0,0.0,0.0,0.0
2018_15_WAS_JAX,2018,15,JAX,WAS,10,7,3,0.0,0.0,0.0,1.0,0.0,1.0,0.0,0.0,1.0,1.0,0.0,64.0,12.0,64.0,12.0,0.0,0.0,0.0,0.0,0.0,2.0
2018_15_MIA_MIN,2018,15,MIN,MIA,6,7,-1,1.0,0.0,-1.0,0.0,0.0,0.0,0.0,1.0,0.0,0.0,1.0,,,70.0,0.0,0.0,0.0,0.0,0.0,0.0,0.0
2018_15_TEN_NYG,2018,15,NYG,TEN,7,10,-3,0.0,0.0,0.0,0.0,1.0,-1.0,0.0,0.0,1.0,0.0,1.0,40.0,6.0,40.0,6.0,1.0,0.0,0.0,0.0,10.0,0.0
2018_15_SEA_SF,2018,15,SF,SEA,7,6,1,0.0,1.0,1.0,0.0,0.0,0.0,1.0,0.0,1.0,1.0,0.0,61.0,11.0,61.0,11.0,0.0,0.0,0.0,0.0,0.0,1.0
2018_15_NE_PIT,2018,15,PIT,NE,7,7,0,0.0,0.0,0.0,0.0,0.0,0.0,0.0,0.0,1.0,1.0,0.0,42.0,5.0,42.0,5.0,0.0,0.0,0.0,0.0,8.0,0.0
2018_15_PHI_LA,2018,15,LA,PHI,7,7,0,0.0,0.0,0.0,0.0,0.0,0.0,0.0,0.0,1.0,1.0,0.0,60.0,5.0,60.0,5.0,0.0,0.0,0.0,0.0,0.0,0.0
2018_15_NO_CAR,2018,15,CAR,NO,8,8,0,0.0,0.0,0.0,0.0,0.0,0.0,1.0,0.0,1.0,1.0,0.0,48.0,3.0,48.0,3.0,0.0,0.0,0.0,0.0,2.0,0.0
2018_16_WAS_TEN,2018,16,TEN,WAS,6,6,0,1.0,1.0,0.0,0.0,0.0,0.0,0.0,0.0,1.0,1.0,0.0,51.0,9.0,51.0,9.0,0.0,0.0,0.0,0.0,0.0,0.0
2018_16_BAL_LAC,2018,16,LAC,BAL,9,6,3,0.0,1.0,1.0,0.0,0.0,0.0,0.0,0.0,1.0,1.0,0.0,60.0,5.0,60.0,5.0,0.0,0.0,0.0,0.0,0.0,0.0
2018_16_ATL_CAR,2018,16,CAR,ATL,6,7,-1,1.0,0.0,-1.0,0.0,0.0,0.0,1.0,0.0,1.0,1.0,0.0,52.0,7.0,52.0,7.0,0.0,0.0,0.0,0.0,0.0,0.0
2018_16_CIN_CLE,2018,16,CLE,CIN,8,7,1,0.0,0.0,0.0,0.0,0.0,0.0,1.0,0.0,1.0,1.0,0.0,37.0,9.0,37.0,9.0,1.0,0.0,0.0,0.0,13.0,0.0
2018_16_TB_DAL,2018,16,DAL,TB,7,7,0,0.0,0.0,0.0,0.0,0.0,0.0,0.0,1.0,0.0,0.0,1.0,,,70.0,0.0,0.0,0.0,0.0,0.0,0.0,0.0
2018_16_MIN_DET,2018,16,DET,MIN,7,7,0,0.0,0.0,0.0,0.0,0.0,0.0,1.0,1.0,0.0,0.0,1.0,,,70.0,0.0,0.0,0.0,0.0,0.0,0.0,0.0
2018_16_NYG_IND,2018,16,IND,NYG,7,7,0,0.0,0.0,0.0,0.0,0.0,0.0,0.0,1.0,0.0,0.0,1.0,,,70.0,0.0,0.0,0.0,0.0,0.0,0.0,0.0
2018_16_JAX_MIA,2018,16,MIA,JAX,7,7,0,0.0,0.0,0.0,0.0,0.0,0.0,0.0,0.0,1.0,1.0,0.0,73.0,9.0,73.0,9.0,0.0,0.0,0.0,0.0,0.0,0.0
2018_16_BUF_NE,2018,16,NE,BUF,7,7,0,0.0,0.0,0.0,0.0,0.0,0.0,1.0,0.0,1.0,0.0,1.0,40.0,12.0,40.0,12.0,1.0,0.0,0.0,0.0,10.0,2.0
2018_16_GB_NYJ,2018,16,NYJ,GB,8,7,1,0.0,0.0,0.0,0.0,0.0,0.0,0.0,0.0,1.0,0.0,1.0,43.0,8.0,43.0,8.0,0.0,0.0,0.0,0.0,7.0,0.0
2018_16_HOU_PHI,2018,16,PHI,HOU,7,8,-1,0.0,0.0,0.0,0.0,0.0,0.0,0.0,0.0,1.0,1.0,0.0,44.0,5.0,44.0,5.0,0.0,0.0,0.0,0.0,6.0,0.0
2018_16_LA_ARI,2018,16,ARI,LA,7,7,0,0.0,0.0,0.0,0.0,0.0,0.0,1.0,1.0,0.0,1.0,0.0,,,70.0,0.0,0.0,0.0,0.0,0.0,0.0,0.0
2018_16_CHI_SF,2018,16,SF,CHI,7,7,0,0.0,0.0,0.0,0.0,0.0,0.0,0.0,0.0,1.0,1.0,0.0,50.0,5.0,50.0,5.0,0.0,0.0,0.0,0.0,0.0,0.0
2018_16_PIT_NO,2018,16,NO,PIT,6,7,-1,1.0,0.0,-1.0,0.0,0.0,0.0,0.0,1.0,0.0,0.0,1.0,,,70.0,0.0,0.0,0.0,0.0,0.0,0.0,0.0
2018_16_KC_SEA,2018,16,SEA,KC,7,10,-3,0.0,0.0,0.0,0.0,1.0,-1.0,0.0,0.0,1.0,0.0,1.0,43.0,8.0,43.0,8.0,0.0,0.0,0.0,0.0,7.0,0.0
2018_16_DEN_OAK,2018,16,OAK,DEN,8,9,-1,0.0,0.0,0.0,0.0,0.0,0.0,1.0,0.0,1.0,1.0,0.0,58.0,14.0,58.0,14.0,0.0,0.0,0.0,0.0,0.0,4.0
2018_17_MIA_BUF,2018,17,BUF,MIA,7,7,0,0.0,0.0,0.0,0.0,0.0,0.0,1.0,0.0,1.0,0.0,1.0,33.0,9.0,33.0,9.0,1.0,0.0,0.0,0.0,17.0,0.0
2018_17_DET_GB,2018,17,GB,DET,7,7,0,0.0,0.0,0.0,0.0,0.0,0.0,1.0,0.0,1.0,1.0,0.0,26.0,15.0,26.0,15.0,1.0,0.0,1.0,0.0,24.0,5.0
2018_17_JAX_HOU,2018,17,HOU,JAX,7,7,0,0.0,0.0,0.0,0.0,0.0,0.0,1.0,1.0,0.0,0.0,1.0,,,70.0,0.0,0.0,0.0,0.0,0.0,0.0,0.0
2018_17_NYJ_NE,2018,17,NE,NYJ,7,7,0,0.0,0.0,0.0,0.0,0.0,0.0,1.0,0.0,1.0,0.0,1.0,33.0,2.0,33.0,2.0,1.0,0.0,0.0,0.0,17.0,0.0
2018_17_CAR_NO,2018,17,NO,CAR,7,7,0,0.0,0.0,0.0,0.0,0.0,0.0,1.0,1.0,0.0,0.0,1.0,,,70.0,0.0,0.0,0.0,0.0,0.0,0.0,0.0
2018_17_DAL_NYG,2018,17,NYG,DAL,7,7,0,0.0,0.0,0.0,0.0,0.0,0.0,1.0,0.0,1.0,0.0,1.0,37.0,2.0,37.0,2.0,1.0,0.0,0.0,0.0,13.0,0.0
2018_17_ATL_TB,2018,17,TB,ATL,7,7,0,0.0,0.0,0.0,0.0,0.0,0.0,1.0,0.0,1.0,1.0,0.0,80.0,5.0,80.0,5.0,0.0,0.0,0.0,0.0,0.0,0.0
2018_17_CLE_BAL,2018,17,BAL,CLE,8,7,1,0.0,0.0,0.0,0.0,0.0,0.0,1.0,0.0,1.0,1.0,0.0,48.0,2.0,48.0,2.0,0.0,0.0,0.0,0.0,2.0,0.0
2018_17_LAC_DEN,2018,17,DEN,LAC,6,8,-2,1.0,0.0,-1.0,0.0,0.0,0.0,1.0,0.0,1.0,1.0,0.0,51.0,6.0,51.0,6.0,0.0,0.0,0.0,0.0,0.0,0.0
2018_17_OAK_KC,2018,17,KC,OAK,7,6,1,0.0,1.0,1.0,0.0,0.0,0.0,1.0,0.0,1.0,1.0,0.0,45.0,15.0,45.0,15.0,0.0,0.0,1.0,0.0,5.0,5.0
2018_17_SF_LA,2018,17,LA,SF,7,7,0,0.0,0.0,0.0,0.0,0.0,0.0,1.0,0.0,1.0,1.0,0.0,65.0,3.0,65.0,3.0,0.0,0.0,0.0,0.0,0.0,0.0
2018_17_CHI_MIN,2018,17,MIN,CHI,7,7,0,0.0,0.0,0.0,0.0,0.0,0.0,1.0,1.0,0.0,0.0,1.0,,,70.0,0.0,0.0,0.0,0.0,0.0,0.0,0.0
2018_17_CIN_PIT,2018,17,PIT,CIN,7,7,0,0.0,0.0,0.0,0.0,0.0,0.0,1.0,0.0,1.0,1.0,0.0,42.0,9.0,42.0,9.0,0.0,0.0,0.0,0.0,8.0,0.0
2018_17_ARI_SEA,2018,17,SEA,ARI,7,7,0,0.0,0.0,0.0,0.0,0.0,0.0,1.0,0.0,1.0,0.0,1.0,45.0,5.0,45.0,5.0,0.0,0.0,0.0,0.0,5.0,0.0
2018_17_PHI_WAS,2018,17,WAS,PHI,8,7,1,0.0,0.0,0.0,0.0,0.0,0.0,1.0,0.0,1.0,1.0,0.0,46.0,3.0,46.0,3.0,0.0,0.0,0.0,0.0,4.0,0.0
2018_17_IND_TEN,2018,17,TEN,IND,8,7,1,0.0,0.0,0.0,0.0,0.0,0.0,1.0,0.0,1.0,1.0,0.0,53.0,4.0,53.0,4.0,0.0,0.0,0.0,0.0,0.0,0.0
2018_18_IND_HOU,2018,18,HOU,IND,6,6,0,1.0,1.0,0.0,0.0,0.0,0.0,1.0,1.0,0.0,0.0,1.0,,,70.0,0.0,0.0,0.0,0.0,0.0,0.0,0.0
2018_18_SEA_DAL,2018,18,DAL,SEA,6,6,0,1.0,1.0,0.0,0.0,0.0,0.0,0.0,1.0,0.0,0.0,1.0,,,70.0,0.0,0.0,0.0,0.0,0.0,0.0,0.0
2018_18_LAC_BAL,2018,18,BAL,LAC,7,7,0,0.0,0.0,0.0,0.0,0.0,0.0,0.0,0.0,1.0,1.0,0.0,52.0,12.0,52.0,12.0,0.0,0.0,0.0,0.0,0.0,2.0
2018_18_PHI_CHI,2018,18,CHI,PHI,7,7,0,0.0,0.0,0.0,0.0,0.0,0.0,0.0,0.0,1.0,1.0,0.0,39.0,12.0,39.0,12.0,1.0,0.0,0.0,0.0,11.0,2.0
2018_19_IND_KC,2018,19,KC,IND,13,7,6,0.0,0.0,0.0,1.0,0.0,1.0,0.0,0.0,1.0,1.0,0.0,32.0,13.0,32.0,13.0,1.0,0.0,0.0,0.0,18.0,3.0
2018_19_DAL_LA,2018,19,LA,DAL,13,7,6,0.0,0.0,0.0,1.0,0.0,1.0,0.0,0.0,1.0,1.0,0.0,57.0,1.0,57.0,1.0,0.0,0.0,0.0,0.0,0.0,0.0
2018_19_LAC_NE,2018,19,NE,LAC,14,7,7,0.0,0.0,0.0,1.0,0.0,1.0,0.0,0.0,1.0,0.0,1.0,26.0,3.0,26.0,3.0,1.0,0.0,0.0,0.0,24.0,0.0
2018_19_PHI_NO,2018,19,NO,PHI,14,7,7,0.0,0.0,0.0,1.0,0.0,1.0,0.0,1.0,0.0,0.0,1.0,,,70.0,0.0,0.0,0.0,0.0,0.0,0.0,0.0
2018_20_LA_NO,2018,20,NO,LA,7,8,-1,0.0,0.0,0.0,0.0,0.0,0.0,0.0,1.0,0.0,0.0,1.0,,,70.0,0.0,0.0,0.0,0.0,0.0,0.0,0.0
2018_20_NE_KC,2018,20,KC,NE,8,7,1,0.0,0.0,0.0,0.0,0.0,0.0,0.0,0.0,1.0,1.0,0.0,19.0,14.0,19.0,14.0,1.0,1.0,0.0,0.0,31.0,4.0
2018_21_NE_LA,2018,21,LA,NE,14,14,0,0.0,0.0,0.0,1.0,1.0,0.0,0.0,1.0,0.0,0.0,1.0,,,70.0,0.0,0.0,0.0,0.0,0.0,0.0,0.0
2019_01_GB_CHI,2019,1,CHI,GB,7,7,0,0.0,0.0,0.0,0.0,0.0,0.0,1.0,0.0,1.0,1.0,0.0,65.0,10.0,65.0,10.0,0.0,0.0,0.0,0.0,0.0,0.0
2019_01_LA_CAR,2019,1,CAR,LA,7,7,0,0.0,0.0,0.0,0.0,0.0,0.0,0.0,0.0,1.0,1.0,0.0,87.0,3.0,87.0,3.0,0.0,0.0,0.0,0.0,0.0,0.0
2019_01_TEN_CLE,2019,1,CLE,TEN,7,7,0,0.0,0.0,0.0,0.0,0.0,0.0,0.0,0.0,1.0,1.0,0.0,71.0,10.0,71.0,10.0,0.0,0.0,0.0,0.0,0.0,0.0
2019_01_KC_JAX,2019,1,JAX,KC,7,7,0,0.0,0.0,0.0,0.0,0.0,0.0,0.0,0.0,1.0,1.0,0.0,91.0,6.0,91.0,6.0,0.0,0.0,0.0,0.0,0.0,0.0
2019_01_BAL_MIA,2019,1,MIA,BAL,7,7,0,0.0,0.0,0.0,0.0,0.0,0.0,0.0,0.0,1.0,1.0,0.0,91.0,8.0,91.0,8.0,0.0,0.0,0.0,0.0,0.0,0.0
2019_01_ATL_MIN,2019,1,MIN,ATL,7,7,0,0.0,0.0,0.0,0.0,0.0,0.0,0.0,1.0,0.0,0.0,1.0,,,70.0,0.0,0.0,0.0,0.0,0.0,0.0,0.0
2019_01_BUF_NYJ,2019,1,NYJ,BUF,7,7,0,0.0,0.0,0.0,0.0,0.0,0.0,1.0,0.0,1.0,0.0,1.0,77.0,6.0,77.0,6.0,0.0,0.0,0.0,0.0,0.0,0.0
2019_01_WAS_PHI,2019,1,PHI,WAS,7,7,0,0.0,0.0,0.0,0.0,0.0,0.0,1.0,0.0,1.0,1.0,0.0,79.0,4.0,79.0,4.0,0.0,0.0,0.0,0.0,0.0,0.0
2019_01_IND_LAC,2019,1,LAC,IND,7,7,0,0.0,0.0,0.0,0.0,0.0,0.0,0.0,0.0,1.0,1.0,0.0,77.0,10.0,77.0,10.0,0.0,0.0,0.0,0.0,0.0,0.0
2019_01_CIN_SEA,2019,1,SEA,CIN,7,7,0,0.0,0.0,0.0,0.0,0.0,0.0,0.0,0.0,1.0,0.0,1.0,64.0,7.0,64.0,7.0,0.0,0.0,0.0,0.0,0.0,0.0
2019_01_DET_ARI,2019,1,ARI,DET,7,7,0,0.0,0.0,0.0,0.0,0.0,0.0,0.0,1.0,0.0,1.0,0.0,,,70.0,0.0,0.0,0.0,0.0,0.0,0.0,0.0
2019_01_NYG_DAL,2019,1,DAL,NYG,7,7,0,0.0,0.0,0.0,0.0,0.0,0.0,1.0,1.0,0.0,0.0,1.0,,,70.0,0.0,0.0,0.0,0.0,0.0,0.0,0.0
2019_01_SF_TB,2019,1,TB,SF,7,7,0,0.0,0.0,0.0,0.0,0.0,0.0,0.0,0.0,1.0,1.0,0.0,93.0,9.0,93.0,9.0,0.0,0.0,0.0,0.0,0.0,0.0
2019_01_PIT_NE,2019,1,NE,PIT,7,7,0,0.0,0.0,0.0,0.0,0.0,0.0,0.0,0.0,1.0,1.0,0.0,66.0,2.0,66.0,2.0,0.0,0.0,0.0,0.0,0.0,0.0
2019_01_HOU_NO,2019,1,NO,HOU,7,7,0,0.0,0.0,0.0,0.0,0.0,0.0,0.0,1.0,0.0,0.0,1.0,,,70.0,0.0,0.0,0.0,0.0,0.0,0.0,0.0
2019_01_DEN_OAK,2019,1,OAK,DEN,7,7,0,0.0,0.0,0.0,0.0,0.0,0.0,1.0,0.0,1.0,1.0,0.0,68.0,15.0,68.0,15.0,0.0,0.0,1.0,0.0,0.0,5.0
2019_02_TB_CAR,2019,2,CAR,TB,4,4,0,1.0,1.0,0.0,0.0,0.0,0.0,1.0,0.0,1.0,1.0,0.0,85.0,3.0,85.0,3.0,0.0,0.0,0.0,0.0,0.0,0.0
2019_02_ARI_BAL,2019,2,BAL,ARI,7,7,0,0.0,0.0,0.0,0.0,0.0,0.0,0.0,0.0,1.0,1.0,0.0,82.0,8.0,82.0,8.0,0.0,0.0,0.0,0.0,0.0,0.0
2019_02_SF_CIN,2019,2,CIN,SF,7,7,0,0.0,0.0,0.0,0.0,0.0,0.0,0.0,0.0,1.0,1.0,0.0,81.0,5.0,81.0,5.0,0.0,0.0,0.0,0.0,0.0,0.0
2019_02_LAC_DET,2019,2,DET,LAC,7,7,0,0.0,0.0,0.0,0.0,0.0,0.0,0.0,1.0,0.0,0.0,1.0,,,70.0,0.0,0.0,0.0,0.0,0.0,0.0,0.0
2019_02_MIN_GB,2019,2,GB,MIN,10,7,3,0.0,0.0,0.0,1.0,0.0,1.0,1.0,0.0,1.0,1.0,0.0,72.0,5.0,72.0,5.0,0.0,0.0,0.0,0.0,0.0,0.0
2019_02_JAX_HOU,2019,2,HOU,JAX,6,7,-1,1.0,0.0,-1.0,0.0,0.0,0.0,1.0,1.0,0.0,1.0,0.0,,,70.0,0.0,0.0,0.0,0.0,0.0,0.0,0.0
2019_02_NE_MIA,2019,2,MIA,NE,7,7,0,0.0,0.0,0.0,0.0,0.0,0.0,1.0,0.0,1.0,1.0,0.0,87.0,4.0,87.0,4.0,0.0,0.0,0.0,0.0,0.0,0.0
2019_02_BUF_NYG,2019,2,NYG,BUF,7,7,0,0.0,0.0,0.0,0.0,0.0,0.0,0.0,0.0,1.0,0.0,1.0,79.0,5.0,79.0,5.0,0.0,0.0,0.0,0.0,0.0,0.0
2019_02_SEA_PIT,2019,2,PIT,SEA,7,7,0,0.0,0.0,0.0,0.0,0.0,0.0,0.0,0.0,1.0,1.0,0.0,81.0,3.0,81.0,3.0,0.0,0.0,0.0,0.0,0.0,0.0
2019_02_IND_TEN,2019,2,TEN,IND,7,7,0,0.0,0.0,0.0,0.0,0.0,0.0,1.0,0.0,1.0,1.0,0.0,93.0,1.0,93.0,1.0,0.0,0.0,0.0,0.0,0.0,0.0
2019_02_DAL_WAS,2019,2,WAS,DAL,7,7,0,0.0,0.0,0.0,0.0,0.0,0.0,1.0,0.0,1.0,1.0,0.0,80.0,7.0,80.0,7.0,0.0,0.0,0.0,0.0,0.0,0.0
2019_02_KC_OAK,2019,2,OAK,KC,6,7,-1,1.0,0.0,-1.0,0.0,0.0,0.0,1.0,0.0,1.0,1.0,0.0,70.0,13.0,70.0,13.0,0.0,0.0,0.0,0.0,0.0,3.0
2019_02_CHI_DEN,2019,2,DEN,CHI,6,10,-4,1.0,0.0,-1.0,0.0,1.0,-1.0,0.0,0.0,1.0,1.0,0.0,87.0,3.0,87.0,3.0,0.0,0.0,0.0,0.0,0.0,0.0
2019_02_NO_LA,2019,2,LA,NO,7,6,1,0.0,1.0,1.0,0.0,0.0,0.0,0.0,0.0,1.0,1.0,0.0,85.0,4.0,85.0,4.0,0.0,0.0,0.0,0.0,0.0,0.0
2019_02_PHI_ATL,2019,2,ATL,PHI,7,7,0,0.0,0.0,0.0,0.0,0.0,0.0,0.0,0.0,1.0,0.0,1.0,,,,,0.0,0.0,0.0,0.0,0.0,0.0
2019_02_CLE_NYJ,2019,2,NYJ,CLE,8,8,0,0.0,0.0,0.0,0.0,0.0,0.0,0.0,0.0,1.0,0.0,1.0,72.0,3.0,72.0,3.0,0.0,0.0,0.0,0.0,0.0,0.0
2019_03_TEN_JAX,2019,3,JAX,TEN,4,4,0,1.0,1.0,0.0,0.0,0.0,0.0,1.0,0.0,1.0,1.0,0.0,73.0,9.0,73.0,9.0,0.0,0.0,0.0,0.0,0.0,0.0
2019_03_CIN_BUF,2019,3,BUF,CIN,7,7,0,0.0,0.0,0.0,0.0,0.0,0.0,0.0,0.0,1.0,0.0,1.0,83.0,13.0,83.0,13.0,0.0,0.0,0.0,0.0,0.0,3.0
2019_03_MIA_DAL,2019,3,DAL,MIA,7,7,0,0.0,0.0,0.0,0.0,0.0,0.0,0.0,1.0,0.0,0.0,1.0,,,70.0,0.0,0.0,0.0,0.0,0.0,0.0,0.0
2019_03_DEN_GB,2019,3,GB,DEN,7,7,0,0.0,0.0,0.0,0.0,0.0,0.0,0.0,0.0,1.0,1.0,0.0,69.0,7.0,69.0,7.0,0.0,0.0,0.0,0.0,0.0,0.0
2019_03_ATL_IND,2019,3,IND,ATL,7,7,0,0.0,0.0,0.0,0.0,0.0,0.0,0.0,1.0,0.0,0.0,1.0,,,70.0,0.0,0.0,0.0,0.0,0.0,0.0,0.0
2019_03_BAL_KC,2019,3,KC,BAL,7,7,0,0.0,0.0,0.0,0.0,0.0,0.0,0.0,0.0,1.0,0.0,1.0,,,,,0.0,0.0,0.0,0.0,0.0,0.0
2019_03_OAK_MIN,2019,3,MIN,OAK,7,7,0,0.0,0.0,0.0,0.0,0.0,0.0,0.0,1.0,0.0,0.0,1.0,,,70.0,0.0,0.0,0.0,0.0,0.0,0.0,0.0
2019_03_NYJ_NE,2019,3,NE,NYJ,7,6,1,0.0,1.0,1.0,0.0,0.0,0.0,1.0,0.0,1.0,1.0,0.0,81.0,10.0,81.0,10.0,0.0,0.0,0.0,0.0,0.0,0.0
2019_03_DET_PHI,2019,3,PHI,DET,7,7,0,0.0,0.0,0.0,0.0,0.0,0.0,0.0,0.0,1.0,1.0,0.0,84.0,7.0,84.0,7.0,0.0,0.0,0.0,0.0,0.0,0.0
2019_03_CAR_ARI,2019,3,ARI,CAR,7,10,-3,0.0,0.0,0.0,0.0,1.0,-1.0,0.0,1.0,0.0,1.0,0.0,,,70.0,0.0,0.0,0.0,0.0,0.0,0.0,0.0
2019_03_NYG_TB,2019,3,TB,NYG,10,7,3,0.0,0.0,0.0,1.0,0.0,1.0,0.0,0.0,1.0,1.0,0.0,88.0,11.0,88.0,11.0,0.0,0.0,0.0,0.0,0.0,1.0
2019_03_HOU_LAC,2019,3,LAC,HOU,7,7,0,0.0,0.0,0.0,0.0,0.0,0.0,0.0,0.0,1.0,1.0,0.0,87.0,4.0,87.0,4.0,0.0,0.0,0.0,0.0,0.0,0.0
2019_03_NO_SEA,2019,3,SEA,NO,7,7,0,0.0,0.0,0.0,0.0,0.0,0.0,0.0,0.0,1.0,0.0,1.0,63.0,8.0,63.0,8.0,0.0,0.0,0.0,0.0,0.0,0.0
2019_03_PIT_SF,2019,3,SF,PIT,7,7,0,0.0,0.0,0.0,0.0,0.0,0.0,0.0,0.0,1.0,1.0,0.0,79.0,3.0,79.0,3.0,0.0,0.0,0.0,0.0,0.0,0.0
2019_03_LA_CLE,2019,3,CLE,LA,6,7,-1,1.0,0.0,-1.0,0.0,0.0,0.0,0.0,0.0,1.0,1.0,0.0,83.0,12.0,83.0,12.0,0.0,0.0,0.0,0.0,0.0,2.0
2019_03_CHI_WAS,2019,3,WAS,CHI,8,8,0,0.0,0.0,0.0,0.0,0.0,0.0,0.0,0.0,1.0,1.0,0.0,87.0,5.0,87.0,5.0,0.0,0.0,0.0,0.0,0.0,0.0
2019_04_PHI_GB,2019,4,GB,PHI,4,4,0,1.0,1.0,0.0,0.0,0.0,0.0,0.0,0.0,1.0,1.0,0.0,60.0,3.0,60.0,3.0,0.0,0.0,0.0,0.0,0.0,0.0
2019_04_TEN_ATL,2019,4,ATL,TEN,7,10,-3,0.0,0.0,0.0,0.0,1.0,-1.0,0.0,1.0,0.0,0.0,1.0,,,70.0,0.0,0.0,0.0,0.0,0.0,0.0,0.0
2019_04_CLE_BAL,2019,4,BAL,CLE,7,7,0,0.0,0.0,0.0,0.0,0.0,0.0,1.0,0.0,1.0,1.0,0.0,83.0,8.0,83.0,8.0,0.0,0.0,0.0,0.0,0.0,0.0
2019_04_NE_BUF,2019,4,BUF,NE,7,7,0,0.0,0.0,0.0,0.0,0.0,0.0,1.0,0.0,1.0,0.0,1.0,58.0,10.0,58.0,10.0,0.0,0.0,0.0,0.0,0.0,0.0
2019_04_KC_DET,2019,4,DET,KC,7,7,0,0.0,0.0,0.0,0.0,0.0,0.0,0.0,1.0,0.0,0.0,1.0,,,70.0,0.0,0.0,0.0,0.0,0.0,0.0,0.0
2019_04_CAR_HOU,2019,4,HOU,CAR,7,7,0,0.0,0.0,0.0,0.0,0.0,0.0,0.0,1.0,0.0,1.0,0.0,,,70.0,0.0,0.0,0.0,0.0,0.0,0.0,0.0
2019_04_OAK_IND,2019,4,IND,OAK,7,7,0,0.0,0.0,0.0,0.0,0.0,0.0,0.0,1.0,0.0,0.0,1.0,,,70.0,0.0,0.0,0.0,0.0,0.0,0.0,0.0
2019_04_LAC_MIA,2019,4,MIA,LAC,7,7,0,0.0,0.0,0.0,0.0,0.0,0.0,0.0,0.0,1.0,1.0,0.0,88.0,15.0,88.0,15.0,0.0,0.0,1.0,0.0,0.0,5.0
2019_04_WAS_NYG,2019,4,NYG,WAS,7,6,1,0.0,1.0,1.0,0.0,0.0,0.0,1.0,0.0,1.0,0.0,1.0,77.0,11.0,77.0,11.0,0.0,0.0,0.0,0.0,0.0,1.0
2019_04_SEA_ARI,2019,4,ARI,SEA,7,7,0,0.0,0.0,0.0,0.0,0.0,0.0,1.0,1.0,0.0,1.0,0.0,,,70.0,0.0,0.0,0.0,0.0,0.0,0.0,0.0
2019_04_TB_LA,2019,4,LA,TB,7,7,0,0.0,0.0,0.0,0.0,0.0,0.0,0.0,0.0,1.0,1.0,0.0,74.0,2.0,74.0,2.0,0.0,0.0,0.0,0.0,0.0,0.0
2019_04_MIN_CHI,2019,4,CHI,MIN,6,7,-1,1.0,0.0,-1.0,0.0,0.0,0.0,1.0,0.0,1.0,1.0,0.0,67.0,8.0,67.0,8.0,0.0,0.0,0.0,0.0,0.0,0.0
2019_04_JAX_DEN,2019,4,DEN,JAX,7,10,-3,0.0,0.0,0.0,0.0,1.0,-1.0,0.0,0.0,1.0,1.0,0.0,87.0,14.0,87.0,14.0,0.0,0.0,0.0,0.0,0.0,4.0
2019_04_DAL_NO,2019,4,NO,DAL,7,7,0,0.0,0.0,0.0,0.0,0.0,0.0,0.0,1.0,0.0,0.0,1.0,,,70.0,0.0,0.0,0.0,0.0,0.0,0.0,0.0
2019_04_CIN_PIT,2019,4,PIT,CIN,8,8,0,0.0,0.0,0.0,0.0,0.0,0.0,1.0,0.0,1.0,1.0,0.0,76.0,1.0,76.0,1.0,0.0,0.0,0.0,0.0,0.0,0.0
2019_05_LA_SEA,2019,5,SEA,LA,4,4,0,1.0,1.0,0.0,0.0,0.0,0.0,1.0,0.0,1.0,0.0,1.0,57.0,7.0,57.0,7.0,0.0,0.0,0.0,0.0,0.0,0.0
2019_05_JAX_CAR,2019,5,CAR,JAX,7,7,0,0.0,0.0,0.0,0.0,0.0,0.0,0.0,0.0,1.0,1.0,0.0,72.0,4.0,72.0,4.0,0.0,0.0,0.0,0.0,0.0,0.0
2019_05_ARI_CIN,2019,5,CIN,ARI,6,7,-1,1.0,0.0,-1.0,0.0,0.0,0.0,0.0,0.0,1.0,1.0,0.0,76.0,6.0,76.0,6.0,0.0,0.0,0.0,0.0,0.0,0.0
2019_05_ATL_HOU,2019,5,HOU,ATL,7,7,0,0.0,0.0,0.0,0.0,0.0,0.0,0.0,1.0,0.0,1.0,0.0,,,70.0,0.0,0.0,0.0,0.0,0.0,0.0,0.0
2019_05_TB_NO,2019,5,NO,TB,7,7,0,0.0,0.0,0.0,0.0,0.0,0.0,1.0,1.0,0.0,0.0,1.0,,,70.0,0.0,0.0,0.0,0.0,0.0,0.0,0.0
2019_05_MIN_NYG,2019,5,NYG,MIN,7,7,0,0.0,0.0,0.0,0.0,0.0,0.0,0.0,0.0,1.0,0.0,1.0,66.0,10.0,66.0,10.0,0.0,0.0,0.0,0.0,0.0,0.0
2019_05_CHI_OAK,2019,5,OAK,CHI,7,7,0,0.0,0.0,0.0,0.0,0.0,0.0,0.0,0.0,1.0,1.0,0.0,59.0,15.0,59.0,15.0,0.0,0.0,1.0,0.0,0.0,5.0
2019_05_NYJ_PHI,2019,5,PHI,NYJ,10,14,-4,0.0,0.0,0.0,1.0,1.0,0.0,0.0,0.0,1.0,1.0,0.0,68.0,10.0,68.0,10.0,0.0,0.0,0.0,0.0,0.0,0.0
2019_05_BAL_PIT,2019,5,PIT,BAL,6,7,-1,1.0,0.0,-1.0,0.0,0.0,0.0,1.0,0.0,1.0,1.0,0.0,70.0,7.0,70.0,7.0,0.0,0.0,0.0,0.0,0.0,0.0
2019_05_BUF_TEN,2019,5,TEN,BUF,7,7,0,0.0,0.0,0.0,0.0,0.0,0.0,0.0,0.0,1.0,1.0,0.0,77.0,13.0,77.0,13.0,0.0,0.0,0.0,0.0,0.0,3.0
2019_05_NE_WAS,2019,5,WAS,NE,7,7,0,0.0,0.0,0.0,0.0,0.0,0.0,0.0,0.0,1.0,1.0,0.0,70.0,8.0,70.0,8.0,0.0,0.0,0.0,0.0,0.0,0.0
2019_05_DEN_LAC,2019,5,LAC,DEN,7,7,0,0.0,0.0,0.0,0.0,0.0,0.0,1.0,0.0,1.0,1.0,0.0,85.0,12.0,85.0,12.0,0.0,0.0,0.0,0.0,0.0,2.0
2019_05_GB_DAL,2019,5,DAL,GB,7,10,-3,0.0,0.0,0.0,0.0,1.0,-1.0,0.0,1.0,0.0,0.0,1.0,,,70.0,0.0,0.0,0.0,0.0,0.0,0.0,0.0
2019_05_IND_KC,2019,5,KC,IND,7,7,0,0.0,0.0,0.0,0.0,0.0,0.0,0.0,0.0,1.0,0.0,1.0,59.0,3.0,59.0,3.0,0.0,0.0,0.0,0.0,0.0,0.0
2019_05_CLE_SF,2019,5,SF,CLE,15,8,7,0.0,0.0,0.0,1.0,0.0,1.0,0.0,0.0,1.0,1.0,0.0,87.0,8.0,87.0,8.0,0.0,0.0,0.0,0.0,0.0,0.0
2019_06_NYG_NE,2019,6,NE,NYG,4,4,0,1.0,1.0,0.0,0.0,0.0,0.0,0.0,0.0,1.0,1.0,0.0,54.0,13.0,54.0,13.0,0.0,0.0,0.0,0.0,0.0,3.0
2019_06_CAR_TB,2019,6,TB,CAR,7,7,0,0.0,0.0,0.0,0.0,0.0,0.0,1.0,0.0,1.0,1.0,0.0,61.0,14.0,61.0,14.0,0.0,0.0,0.0,0.0,0.0,4.0
2019_06_CIN_BAL,2019,6,BAL,CIN,7,7,0,0.0,0.0,0.0,0.0,0.0,0.0,1.0,0.0,1.0,1.0,0.0,64.0,7.0,64.0,7.0,0.0,0.0,0.0,0.0,0.0,0.0
2019_06_SEA_CLE,2019,6,CLE,SEA,6,10,-4,1.0,0.0,-1.0,0.0,1.0,-1.0,0.0,0.0,1.0,1.0,0.0,58.0,20.0,58.0,20.0,0.0,0.0,1.0,1.0,0.0,10.0
2019_06_NO_JAX,2019,6,JAX,NO,7,7,0,0.0,0.0,0.0,0.0,0.0,0.0,0.0,0.0,1.0,1.0,0.0,81.0,3.0,81.0,3.0,0.0,0.0,0.0,0.0,0.0,0.0
2019_06_HOU_KC,2019,6,KC,HOU,7,7,0,0.0,0.0,0.0,0.0,0.0,0.0,0.0,0.0,1.0,0.0,1.0,56.0,2.0,56.0,2.0,0.0,0.0,0.0,0.0,0.0,0.0
2019_06_WAS_MIA,2019,6,MIA,WAS,14,7,7,0.0,0.0,0.0,1.0,0.0,1.0,0.0,0.0,1.0,1.0,0.0,84.0,13.0,84.0,13.0,0.0,0.0,0.0,0.0,0.0,3.0
2019_06_PHI_MIN,2019,6,MIN,PHI,7,7,0,0.0,0.0,0.0,0.0,0.0,0.0,0.0,1.0,0.0,0.0,1.0,,,70.0,0.0,0.0,0.0,0.0,0.0,0.0,0.0
2019_06_ATL_ARI,2019,6,ARI,ATL,7,7,0,0.0,0.0,0.0,0.0,0.0,0.0,0.0,1.0,0.0,1.0,0.0,,,70.0,0.0,0.0,0.0,0.0,0.0,0.0,0.0
2019_06_SF_LA,2019,6,LA,SF,10,6,4,0.0,1.0,1.0,1.0,0.0,1.0,1.0,0.0,1.0,1.0,0.0,77.0,2.0,77.0,2.0,0.0,0.0,0.0,0.0,0.0,0.0
2019_06_TEN_DEN,2019,6,DEN,TEN,7,7,0,0.0,0.0,0.0,0.0,0.0,0.0,0.0,0.0,1.0,1.0,0.0,69.0,7.0,69.0,7.0,0.0,0.0,0.0,0.0,0.0,0.0
2019_06_DAL_NYJ,2019,6,NYJ,DAL,7,7,0,0.0,0.0,0.0,0.0,0.0,0.0,0.0,0.0,1.0,0.0,1.0,66.0,7.0,66.0,7.0,0.0,0.0,0.0,0.0,0.0,0.0
2019_06_PIT_LAC,2019,6,LAC,PIT,7,7,0,0.0,0.0,0.0,0.0,0.0,0.0,0.0,0.0,1.0,1.0,0.0,71.0,9.0,71.0,9.0,0.0,0.0,0.0,0.0,0.0,0.0
2019_06_DET_GB,2019,6,GB,DET,8,15,-7,0.0,0.0,0.0,0.0,1.0,-1.0,1.0,0.0,1.0,1.0,0.0,43.0,5.0,43.0,5.0,0.0,0.0,0.0,0.0,7.0,0.0
2019_07_KC_DEN,2019,7,DEN,KC,4,4,0,1.0,1.0,0.0,0.0,0.0,0.0,1.0,0.0,1.0,1.0,0.0,75.0,6.0,75.0,6.0,0.0,0.0,0.0,0.0,0.0,0.0
2019_07_LA_ATL,2019,7,ATL,LA,7,7,0,0.0,0.0,0.0,0.0,0.0,0.0,0.0,0.0,1.0,0.0,1.0,,,,,0.0,0.0,0.0,0.0,0.0,0.0
2019_07_MIA_BUF,2019,7,BUF,MIA,14,7,7,0.0,0.0,0.0,1.0,0.0,1.0,1.0,0.0,1.0,0.0,1.0,65.0,7.0,65.0,7.0,0.0,0.0,0.0,0.0,0.0,0.0
2019_07_JAX_CIN,2019,7,CIN,JAX,7,7,0,0.0,0.0,0.0,0.0,0.0,0.0,0.0,0.0,1.0,1.0,0.0,70.0,2.0,70.0,2.0,0.0,0.0,0.0,0.0,0.0,0.0
2019_07_MIN_DET,2019,7,DET,MIN,6,7,-1,1.0,0.0,-1.0,0.0,0.0,0.0,1.0,1.0,0.0,0.0,1.0,,,70.0,0.0,0.0,0.0,0.0,0.0,0.0,0.0
2019_07_OAK_GB,2019,7,GB,OAK,6,14,-8,1.0,0.0,-1.0,0.0,1.0,-1.0,0.0,0.0,1.0,1.0,0.0,55.0,6.0,55.0,6.0,0.0,0.0,0.0,0.0,0.0,0.0
2019_07_HOU_IND,2019,7,IND,HOU,14,7,7,0.0,0.0,0.0,1.0,0.0,1.0,1.0,0.0,1.0,0.0,1.0,,,,,0.0,0.0,0.0,0.0,0.0,0.0
2019_07_ARI_NYG,2019,7,NYG,ARI,10,7,3,0.0,0.0,0.0,1.0,0.0,1.0,0.0,0.0,1.0,0.0,1.0,56.0,3.0,56.0,3.0,0.0,0.0,0.0,0.0,0.0,0.0
2019_07_SF_WAS,2019,7,WAS,SF,7,7,0,0.0,0.0,0.0,0.0,0.0,0.0,0.0,0.0,1.0,1.0,0.0,55.0,12.0,55.0,12.0,0.0,0.0,0.0,0.0,0.0,2.0
2019_07_LAC_TEN,2019,7,TEN,LAC,7,7,0,0.0,0.0,0.0,0.0,0.0,0.0,0.0,0.0,1.0,1.0,0.0,77.0,2.0,77.0,2.0,0.0,0.0,0.0,0.0,0.0,0.0
2019_07_NO_CHI,2019,7,CHI,NO,14,7,7,0.0,0.0,0.0,1.0,0.0,1.0,0.0,0.0,1.0,1.0,0.0,54.0,6.0,54.0,6.0,0.0,0.0,0.0,0.0,0.0,0.0
2019_07_BAL_SEA,2019,7,SEA,BAL,7,7,0,0.0,0.0,0.0,0.0,0.0,0.0,0.0,0.0,1.0,0.0,1.0,50.0,8.0,50.0,8.0,0.0,0.0,0.0,0.0,0.0,0.0
2019_07_PHI_DAL,2019,7,DAL,PHI,7,7,0,0.0,0.0,0.0,0.0,0.0,0.0,1.0,1.0,0.0,0.0,1.0,,,70.0,0.0,0.0,0.0,0.0,0.0,0.0,0.0
2019_07_NE_NYJ,2019,7,NYJ,NE,8,11,-3,0.0,0.0,0.0,0.0,1.0,-1.0,1.0,0.0,1.0,0.0,1.0,58.0,0.0,58.0,0.0,0.0,0.0,0.0,0.0,0.0,0.0
2019_08_WAS_MIN,2019,8,MIN,WAS,4,4,0,1.0,1.0,0.0,0.0,0.0,0.0,0.0,1.0,0.0,0.0,1.0,,,70.0,0.0,0.0,0.0,0.0,0.0,0.0,0.0
2019_08_SEA_ATL,2019,8,ATL,SEA,7,7,0,0.0,0.0,0.0,0.0,0.0,0.0,0.0,0.0,1.0,0.0,1.0,,,,,0.0,0.0,0.0,0.0,0.0,0.0
2019_08_PHI_BUF,2019,8,BUF,PHI,7,7,0,0.0,0.0,0.0,0.0,0.0,0.0,0.0,0.0,1.0,0.0,1.0,54.0,23.0,54.0,23.0,0.0,0.0,1.0,1.0,0.0,13.0
2019_08_LAC_CHI,2019,8,CHI,LAC,7,7,0,0.0,0.0,0.0,0.0,0.0,0.0,0.0,0.0,1.0,1.0,0.0,52.0,9.0,52.0,9.0,0.0,0.0,0.0,0.0,0.0,0.0
2019_08_NYG_DET,2019,8,DET,NYG,7,7,0,0.0,0.0,0.0,0.0,0.0,0.0,0.0,1.0,0.0,0.0,1.0,,,70.0,0.0,0.0,0.0,0.0,0.0,0.0,0.0
2019_08_DEN_IND,2019,8,IND,DEN,7,10,-3,0.0,0.0,0.0,0.0,1.0,-1.0,0.0,0.0,1.0,0.0,1.0,,,,,0.0,0.0,0.0,0.0,0.0,0.0
2019_08_NYJ_JAX,2019,8,JAX,NYJ,7,6,1,0.0,1.0,1.0,0.0,0.0,0.0,0.0,0.0,1.0,1.0,0.0,79.0,11.0,79.0,11.0,0.0,0.0,0.0,0.0,0.0,1.0
2019_08_CIN_LA,2019,8,LA,CIN,7,7,0,0.0,0.0,0.0,0.0,0.0,0.0,0.0,0.0,1.0,1.0,0.0,48.0,5.0,48.0,5.0,0.0,0.0,0.0,0.0,2.0,0.0
2019_08_ARI_NO,2019,8,NO,ARI,7,7,0,0.0,0.0,0.0,0.0,0.0,0.0,0.0,1.0,0.0,0.0,1.0,,,70.0,0.0,0.0,0.0,0.0,0.0,0.0,0.0
2019_08_TB_TEN,2019,8,TEN,TB,7,14,-7,0.0,0.0,0.0,0.0,1.0,-1.0,0.0,0.0,1.0,1.0,0.0,59.0,3.0,59.0,3.0,0.0,0.0,0.0,0.0,0.0,0.0
2019_08_CAR_SF,2019,8,SF,CAR,7,14,-7,0.0,0.0,0.0,0.0,1.0,-1.0,0.0,0.0,1.0,1.0,0.0,66.0,19.0,66.0,19.0,0.0,0.0,1.0,0.0,0.0,9.0
2019_08_OAK_HOU,2019,8,HOU,OAK,7,7,0,0.0,0.0,0.0,0.0,0.0,0.0,0.0,1.0,0.0,1.0,0.0,,,70.0,0.0,0.0,0.0,0.0,0.0,0.0,0.0
2019_08_CLE_NE,2019,8,NE,CLE,6,14,-8,1.0,0.0,-1.0,0.0,1.0,-1.0,0.0,0.0,1.0,1.0,0.0,49.0,11.0,49.0,11.0,0.0,0.0,0.0,0.0,1.0,1.0
2019_08_GB_KC,2019,8,KC,GB,10,7,3,0.0,0.0,0.0,1.0,0.0,1.0,0.0,0.0,1.0,0.0,1.0,54.0,5.0,54.0,5.0,0.0,0.0,0.0,0.0,0.0,0.0
2019_08_MIA_PIT,2019,8,PIT,MIA,15,8,7,0.0,0.0,0.0,1.0,0.0,1.0,0.0,0.0,1.0,1.0,0.0,59.0,2.0,59.0,2.0,0.0,0.0,0.0,0.0,0.0,0.0
2019_09_SF_ARI,2019,9,ARI,SF,4,4,0,1.0,1.0,0.0,0.0,0.0,0.0,1.0,1.0,0.0,1.0,0.0,,,70.0,0.0,0.0,0.0,0.0,0.0,0.0,0.0
2019_09_HOU_JAX,2019,9,JAX,HOU,7,7,0,0.0,0.0,0.0,0.0,0.0,0.0,1.0,0.0,1.0,1.0,0.0,53.0,6.0,53.0,6.0,0.0,0.0,0.0,0.0,0.0,0.0
2019_09_WAS_BUF,2019,9,BUF,WAS,7,10,-3,0.0,0.0,0.0,0.0,1.0,-1.0,0.0,0.0,1.0,0.0,1.0,42.0,18.0,42.0,18.0,0.0,0.0,1.0,0.0,8.0,8.0
2019_09_TEN_CAR,2019,9,CAR,TEN,7,7,0,0.0,0.0,0.0,0.0,0.0,0.0,0.0,0.0,1.0,1.0,0.0,58.0,5.0,58.0,5.0,0.0,0.0,0.0,0.0,0.0,0.0
2019_09_MIN_KC,2019,9,KC,MIN,7,10,-3,0.0,0.0,0.0,0.0,1.0,-1.0,0.0,0.0,1.0,0.0,1.0,54.0,15.0,54.0,15.0,0.0,0.0,1.0,0.0,0.0,5.0
2019_09_NYJ_MIA,2019,9,MIA,NYJ,6,7,-1,1.0,0.0,-1.0,0.0,0.0,0.0,1.0,0.0,1.0,1.0,0.0,85.0,11.0,85.0,11.0,0.0,0.0,0.0,0.0,0.0,1.0
2019_09_CHI_PHI,2019,9,PHI,CHI,7,7,0,0.0,0.0,0.0,0.0,0.0,0.0,0.0,0.0,1.0,1.0,0.0,52.0,13.0,52.0,13.0,0.0,0.0,0.0,0.0,0.0,3.0
2019_09_IND_PIT,2019,9,PIT,IND,6,7,-1,1.0,0.0,-1.0,0.0,0.0,0.0,0.0,0.0,1.0,1.0,0.0,48.0,12.0,48.0,12.0,0.0,0.0,0.0,0.0,2.0,2.0
2019_09_DET_OAK,2019,9,OAK,DET,7,7,0,0.0,0.0,0.0,0.0,0.0,0.0,0.0,0.0,1.0,1.0,0.0,71.0,6.0,71.0,6.0,0.0,0.0,0.0,0.0,0.0,0.0
2019_09_TB_SEA,2019,9,SEA,TB,7,7,0,0.0,0.0,0.0,0.0,0.0,0.0,0.0,0.0,1.0,0.0,1.0,54.0,6.0,54.0,6.0,0.0,0.0,0.0,0.0,0.0,0.0
2019_09_CLE_DEN,2019,9,DEN,CLE,7,7,0,0.0,0.0,0.0,0.0,0.0,0.0,0.0,0.0,1.0,1.0,0.0,55.0,4.0,55.0,4.0,0.0,0.0,0.0,0.0,0.0,0.0
2019_09_GB_LAC,2019,9,LAC,GB,7,7,0,0.0,0.0,0.0,0.0,0.0,0.0,0.0,0.0,1.0,1.0,0.0,79.0,2.0,79.0,2.0,0.0,0.0,0.0,0.0,0.0,0.0
2019_09_NE_BAL,2019,9,BAL,NE,14,7,7,0.0,0.0,0.0,1.0,0.0,1.0,0.0,0.0,1.0,1.0,0.0,48.0,1.0,48.0,1.0,0.0,0.0,0.0,0.0,2.0,0.0
2019_09_DAL_NYG,2019,9,NYG,DAL,8,15,-7,0.0,0.0,0.0,0.0,1.0,-1.0,1.0,0.0,1.0,0.0,1.0,51.0,10.0,51.0,10.0,0.0,0.0,0.0,0.0,0.0,0.0
2019_10_LAC_OAK,2019,10,OAK,LAC,4,4,0,1.0,1.0,0.0,0.0,0.0,0.0,1.0,0.0,1.0,1.0,0.0,54.0,9.0,54.0,9.0,0.0,0.0,0.0,0.0,0.0,0.0
2019_10_DET_CHI,2019,10,CHI,DET,7,7,0,0.0,0.0,0.0,0.0,0.0,0.0,1.0,0.0,1.0,1.0,0.0,40.0,12.0,40.0,12.0,1.0,0.0,0.0,0.0,10.0,2.0
2019_10_BAL_CIN,2019,10,CIN,BAL,14,7,7,0.0,0.0,0.0,1.0,0.0,1.0,1.0,0.0,1.0,1.0,0.0,56.0,9.0,56.0,9.0,0.0,0.0,0.0,0.0,0.0,0.0
2019_10_BUF_CLE,2019,10,CLE,BUF,7,7,0,0.0,0.0,0.0,0.0,0.0,0.0,0.0,0.0,1.0,1.0,0.0,50.0,10.0,50.0,10.0,0.0,0.0,0.0,0.0,0.0,0.0
2019_10_ATL_NO,2019,10,NO,ATL,14,14,0,0.0,0.0,0.0,1.0,1.0,0.0,1.0,1.0,0.0,0.0,1.0,,,70.0,0.0,0.0,0.0,0.0,0.0,0.0,0.0
2019_10_NYG_NYJ,2019,10,NYJ,NYG,7,6,1,0.0,1.0,1.0,0.0,0.0,0.0,0.0,0.0,1.0,0.0,1.0,48.0,8.0,48.0,8.0,0.0,0.0,0.0,0.0,2.0,0.0
2019_10_ARI_TB,2019,10,TB,ARI,7,10,-3,0.0,0.0,0.0,0.0,1.0,-1.0,0.0,0.0,1.0,1.0,0.0,77.0,8.0,77.0,8.0,0.0,0.0,0.0,0.0,0.0,0.0
2019_10_KC_TEN,2019,10,TEN,KC,7,7,0,0.0,0.0,0.0,0.0,0.0,0.0,0.0,0.0,1.0,1.0,0.0,63.0,9.0,63.0,9.0,0.0,0.0,0.0,0.0,0.0,0.0
2019_10_MIA_IND,2019,10,IND,MIA,7,7,0,0.0,0.0,0.0,0.0,0.0,0.0,0.0,1.0,0.0,0.0,1.0,,,70.0,0.0,0.0,0.0,0.0,0.0,0.0,0.0
2019_10_CAR_GB,2019,10,GB,CAR,7,7,0,0.0,0.0,0.0,0.0,0.0,0.0,0.0,0.0,1.0,1.0,0.0,34.0,6.0,34.0,6.0,1.0,0.0,0.0,0.0,16.0,0.0
2019_10_LA_PIT,2019,10,PIT,LA,7,14,-7,0.0,0.0,0.0,0.0,1.0,-1.0,0.0,0.0,1.0,1.0,0.0,55.0,12.0,55.0,12.0,0.0,0.0,0.0,0.0,0.0,2.0
2019_10_MIN_DAL,2019,10,DAL,MIN,6,7,-1,1.0,0.0,-1.0,0.0,0.0,0.0,0.0,1.0,0.0,0.0,1.0,,,70.0,0.0,0.0,0.0,0.0,0.0,0.0,0.0
2019_10_SEA_SF,2019,10,SF,SEA,11,8,3,0.0,0.0,0.0,1.0,0.0,1.0,1.0,0.0,1.0,1.0,0.0,77.0,3.0,77.0,3.0,0.0,0.0,0.0,0.0,0.0,0.0
2019_11_PIT_CLE,2019,11,CLE,PIT,4,4,0,1.0,1.0,0.0,0.0,0.0,0.0,1.0,0.0,1.0,1.0,0.0,36.0,10.0,36.0,10.0,1.0,0.0,0.0,0.0,14.0,0.0
2019_11_HOU_BAL,2019,11,BAL,HOU,7,14,-7,0.0,0.0,0.0,0.0,1.0,-1.0,0.0,0.0,1.0,1.0,0.0,44.0,10.0,44.0,10.0,0.0,0.0,0.0,0.0,6.0,0.0
2019_11_ATL_CAR,2019,11,CAR,ATL,7,7,0,0.0,0.0,0.0,0.0,0.0,0.0,1.0,0.0,1.0,1.0,0.0,51.0,11.0,51.0,11.0,0.0,0.0,0.0,0.0,0.0,1.0
2019_11_DAL_DET,2019,11,DET,DAL,7,7,0,0.0,0.0,0.0,0.0,0.0,0.0,0.0,1.0,0.0,0.0,1.0,,,70.0,0.0,0.0,0.0,0.0,0.0,0.0,0.0
2019_11_JAX_IND,2019,11,IND,JAX,7,14,-7,0.0,0.0,0.0,0.0,1.0,-1.0,1.0,1.0,0.0,0.0,1.0,,,70.0,0.0,0.0,0.0,0.0,0.0,0.0,0.0
2019_11_BUF_MIA,2019,11,MIA,BUF,7,7,0,0.0,0.0,0.0,0.0,0.0,0.0,1.0,0.0,1.0,1.0,0.0,62.0,13.0,62.0,13.0,0.0,0.0,0.0,0.0,0.0,3.0
2019_11_DEN_MIN,2019,11,MIN,DEN,7,14,-7,0.0,0.0,0.0,0.0,1.0,-1.0,0.0,1.0,0.0,0.0,1.0,,,70.0,0.0,0.0,0.0,0.0,0.0,0.0,0.0
2019_11_NO_TB,2019,11,TB,NO,7,7,0,0.0,0.0,0.0,0.0,0.0,0.0,1.0,0.0,1.0,1.0,0.0,55.0,4.0,55.0,4.0,0.0,0.0,0.0,0.0,0.0,0.0
2019_11_NYJ_WAS,2019,11,WAS,NYJ,14,7,7,0.0,0.0,0.0,1.0,0.0,1.0,0.0,0.0,1.0,1.0,0.0,43.0,8.0,43.0,8.0,0.0,0.0,0.0,0.0,7.0,0.0
2019_11_ARI_SF,2019,11,SF,ARI,6,7,-1,1.0,0.0,-1.0,0.0,0.0,0.0,1.0,0.0,1.0,1.0,0.0,72.0,0.0,72.0,0.0,0.0,0.0,0.0,0.0,0.0,0.0
2019_11_CIN_OAK,2019,11,OAK,CIN,10,7,3,0.0,0.0,0.0,1.0,0.0,1.0,0.0,0.0,1.0,1.0,0.0,76.0,13.0,76.0,13.0,0.0,0.0,0.0,0.0,0.0,3.0
2019_11_NE_PHI,2019,11,PHI,NE,14,14,0,0.0,0.0,0.0,1.0,1.0,0.0,0.0,0.0,1.0,1.0,0.0,42.0,13.0,42.0,13.0,0.0,0.0,0.0,0.0,8.0,3.0
2019_11_CHI_LA,2019,11,LA,CHI,7,7,0,0.0,0.0,0.0,0.0,0.0,0.0,0.0,0.0,1.0,1.0,0.0,79.0,0.0,79.0,0.0,0.0,0.0,0.0,0.0,0.0,0.0
2019_11_KC_LAC,2019,11,LAC,KC,11,8,3,0.0,0.0,0.0,1.0,0.0,1.0,1.0,0.0,1.0,1.0,0.0,67.0,7.0,67.0,7.0,0.0,0.0,0.0,0.0,0.0,0.0
2019_12_IND_HOU,2019,12,HOU,IND,4,4,0,1.0,1.0,0.0,0.0,0.0,0.0,1.0,1.0,0.0,1.0,0.0,,,70.0,0.0,0.0,0.0,0.0,0.0,0.0,0.0
2019_12_TB_ATL,2019,12,ATL,TB,7,7,0,0.0,0.0,0.0,0.0,0.0,0.0,1.0,1.0,0.0,0.0,1.0,,,70.0,0.0,0.0,0.0,0.0,0.0,0.0,0.0
2019_12_DEN_BUF,2019,12,BUF,DEN,7,7,0,0.0,0.0,0.0,0.0,0.0,0.0,0.0,0.0,1.0,0.0,1.0,40.0,17.0,40.0,17.0,1.0,0.0,1.0,0.0,10.0,7.0
2019_12_NYG_CHI,2019,12,CHI,NYG,7,14,-7,0.0,0.0,0.0,0.0,1.0,-1.0,0.0,0.0,1.0,1.0,0.0,48.0,12.0,48.0,12.0,0.0,0.0,0.0,0.0,2.0,2.0
2019_12_PIT_CIN,2019,12,CIN,PIT,7,10,-3,0.0,0.0,0.0,0.0,1.0,-1.0,1.0,0.0,1.0,1.0,0.0,46.0,10.0,46.0,10.0,0.0,0.0,0.0,0.0,4.0,0.0
2019_12_MIA_CLE,2019,12,CLE,MIA,10,7,3,0.0,0.0,0.0,1.0,0.0,1.0,0.0,0.0,1.0,1.0,0.0,39.0,14.0,39.0,14.0,1.0,0.0,0.0,0.0,11.0,4.0
2019_12_CAR_NO,2019,12,NO,CAR,7,7,0,0.0,0.0,0.0,0.0,0.0,0.0,1.0,1.0,0.0,0.0,1.0,,,70.0,0.0,0.0,0.0,0.0,0.0,0.0,0.0
2019_12_OAK_NYJ,2019,12,NYJ,OAK,7,7,0,0.0,0.0,0.0,0.0,0.0,0.0,0.0,0.0,1.0,0.0,1.0,43.0,12.0,43.0,12.0,0.0,0.0,0.0,0.0,7.0,2.0
2019_12_SEA_PHI,2019,12,PHI,SEA,7,13,-6,0.0,0.0,0.0,0.0,1.0,-1.0,0.0,0.0,1.0,1.0,0.0,40.0,17.0,40.0,17.0,1.0,0.0,1.0,0.0,10.0,7.0
2019_12_DET_WAS,2019,12,WAS,DET,7,7,0,0.0,0.0,0.0,0.0,0.0,0.0,0.0,0.0,1.0,1.0,0.0,46.0,17.0,46.0,17.0,0.0,0.0,1.0,0.0,4.0,7.0
2019_12_JAX_TEN,2019,12,TEN,JAX,14,7,7,0.0,0.0,0.0,1.0,0.0,1.0,1.0,0.0,1.0,1.0,0.0,52.0,9.0,52.0,9.0,0.0,0.0,0.0,0.0,0.0,0.0
2019_12_DAL_NE,2019,12,NE,DAL,7,7,0,0.0,0.0,0.0,0.0,0.0,0.0,0.0,0.0,1.0,1.0,0.0,38.0,16.0,38.0,16.0,1.0,0.0,1.0,0.0,12.0,6.0
2019_12_GB_SF,2019,12,SF,GB,7,14,-7,0.0,0.0,0.0,0.0,1.0,-1.0,0.0,0.0,1.0,1.0,0.0,63.0,7.0,63.0,7.0,0.0,0.0,0.0,0.0,0.0,0.0
2019_12_BAL_LA,2019,12,LA,BAL,8,8,0,0.0,0.0,0.0,0.0,0.0,0.0,0.0,0.0,1.0,1.0,0.0,62.0,5.0,62.0,5.0,0.0,0.0,0.0,0.0,0.0,0.0
2019_13_CHI_DET,2019,13,DET,CHI,4,4,0,1.0,1.0,0.0,0.0,0.0,0.0,1.0,1.0,0.0,0.0,1.0,,,70.0,0.0,0.0,0.0,0.0,0.0,0.0,0.0
2019_13_BUF_DAL,2019,13,DAL,BUF,4,4,0,1.0,1.0,0.0,0.0,0.0,0.0,0.0,1.0,0.0,0.0,1.0,,,70.0,0.0,0.0,0.0,0.0,0.0,0.0,0.0
2019_13_NO_ATL,2019,13,ATL,NO,4,4,0,1.0,1.0,0.0,0.0,0.0,0.0,1.0,1.0,0.0,0.0,1.0,,,70.0,0.0,0.0,0.0,0.0,0.0,0.0,0.0
2019_13_SF_BAL,2019,13,BAL,SF,6,7,-1,1.0,0.0,-1.0,0.0,0.0,0.0,0.0,0.0,1.0,1.0,0.0,40.0,13.0,40.0,13.0,1.0,0.0,0.0,0.0,10.0,3.0
2019_13_WAS_CAR,2019,13,CAR,WAS,7,7,0,0.0,0.0,0.0,0.0,0.0,0.0,0.0,0.0,1.0,1.0,0.0,64.0,16.0,64.0,16.0,0.0,0.0,1.0,0.0,0.0,6.0
2019_13_NYJ_CIN,2019,13,CIN,NYJ,7,7,0,0.0,0.0,0.0,0.0,0.0,0.0,0.0,0.0,1.0,1.0,0.0,46.0,15.0,46.0,15.0,0.0,0.0,1.0,0.0,4.0,5.0
2019_13_TEN_IND,2019,13,IND,TEN,10,7,3,0.0,0.0,0.0,1.0,0.0,1.0,1.0,1.0,0.0,0.0,1.0,,,70.0,0.0,0.0,0.0,0.0,0.0,0.0,0.0
2019_13_TB_JAX,2019,13,JAX,TB,7,7,0,0.0,0.0,0.0,0.0,0.0,0.0,0.0,0.0,1.0,1.0,0.0,77.0,15.0,77.0,15.0,0.0,0.0,1.0,0.0,0.0,5.0
2019_13_PHI_MIA,2019,13,MIA,PHI,7,7,0,0.0,0.0,0.0,0.0,0.0,0.0,0.0,0.0,1.0,1.0,0.0,82.0,15.0,82.0,15.0,0.0,0.0,1.0,0.0,0.0,5.0
2019_13_GB_NYG,2019,13,NYG,GB,7,7,0,0.0,0.0,0.0,0.0,0.0,0.0,0.0,0.0,1.0,0.0,1.0,32.0,10.0,32.0,10.0,1.0,0.0,0.0,0.0,18.0,0.0
2019_13_CLE_PIT,2019,13,PIT,CLE,7,7,0,0.0,0.0,0.0,0.0,0.0,0.0,1.0,0.0,1.0,1.0,0.0,46.0,6.0,46.0,6.0,0.0,0.0,0.0,0.0,4.0,0.0
2019_13_LA_ARI,2019,13,ARI,LA,14,6,8,0.0,1.0,1.0,1.0,0.0,1.0,1.0,1.0,0.0,1.0,0.0,,,70.0,0.0,0.0,0.0,0.0,0.0,0.0,0.0
2019_13_LAC_DEN,2019,13,DEN,LAC,7,13,-6,0.0,0.0,0.0,0.0,1.0,-1.0,1.0,0.0,1.0,1.0,0.0,33.0,7.0,33.0,7.0,1.0,0.0,0.0,0.0,17.0,0.0
2019_13_OAK_KC,2019,13,KC,OAK,13,7,6,0.0,0.0,0.0,1.0,0.0,1.0,1.0,0.0,1.0,0.0,1.0,36.0,20.0,36.0,20.0,1.0,0.0,1.0,1.0,14.0,10.0
2019_13_NE_HOU,2019,13,HOU,NE,10,7,3,0.0,0.0,0.0,1.0,0.0,1.0,0.0,1.0,0.0,1.0,0.0,,,70.0,0.0,0.0,0.0,0.0,0.0,0.0,0.0
2019_13_MIN_SEA,2019,13,SEA,MIN,8,15,-7,0.0,0.0,0.0,0.0,1.0,-1.0,0.0,0.0,1.0,0.0,1.0,51.0,1.0,51.0,1.0,0.0,0.0,0.0,0.0,0.0,0.0
2019_14_DAL_CHI,2019,14,CHI,DAL,7,7,0,0.0,0.0,0.0,0.0,0.0,0.0,0.0,0.0,1.0,1.0,0.0,44.0,9.0,44.0,9.0,0.0,0.0,0.0,0.0,6.0,0.0
2019_14_CAR_ATL,2019,14,ATL,CAR,10,7,3,0.0,0.0,0.0,1.0,0.0,1.0,1.0,1.0,0.0,0.0,1.0,,,70.0,0.0,0.0,0.0,0.0,0.0,0.0,0.0
2019_14_BAL_BUF,2019,14,BUF,BAL,10,7,3,0.0,0.0,0.0,1.0,0.0,1.0,0.0,0.0,1.0,0.0,1.0,43.0,18.0,43.0,18.0,0.0,0.0,1.0,0.0,7.0,8.0
2019_14_CIN_CLE,2019,14,CLE,CIN,7,7,0,0.0,0.0,0.0,0.0,0.0,0.0,1.0,0.0,1.0,1.0,0.0,48.0,16.0,48.0,16.0,0.0,0.0,1.0,0.0,2.0,6.0
2019_14_WAS_GB,2019,14,GB,WAS,7,7,0,0.0,0.0,0.0,0.0,0.0,0.0,0.0,0.0,1.0,1.0,0.0,37.0,10.0,37.0,10.0,1.0,0.0,0.0,0.0,13.0,0.0
2019_14_DEN_HOU,2019,14,HOU,DEN,7,7,0,0.0,0.0,0.0,0.0,0.0,0.0,0.0,1.0,0.0,1.0,0.0,,,70.0,0.0,0.0,0.0,0.0,0.0,0.0,0.0
2019_14_DET_MIN,2019,14,MIN,DET,6,10,-4,1.0,0.0,-1.0,0.0,1.0,-1.0,1.0,1.0,0.0,0.0,1.0,,,70.0,0.0,0.0,0.0,0.0,0.0,0.0,0.0
2019_14_SF_NO,2019,14,NO,SF,10,7,3,0.0,0.0,0.0,1.0,0.0,1.0,0.0,1.0,0.0,0.0,1.0,,,70.0,0.0,0.0,0.0,0.0,0.0,0.0,0.0
2019_14_MIA_NYJ,2019,14,NYJ,MIA,7,7,0,0.0,0.0,0.0,0.0,0.0,0.0,1.0,0.0,1.0,0.0,1.0,41.0,9.0,41.0,9.0,0.0,0.0,0.0,0.0,9.0,0.0
2019_14_IND_TB,2019,14,TB,IND,7,7,0,0.0,0.0,0.0,0.0,0.0,0.0,0.0,0.0,1.0,1.0,0.0,78.0,9.0,78.0,9.0,0.0,0.0,0.0,0.0,0.0,0.0
2019_14_LAC_JAX,2019,14,JAX,LAC,7,7,0,0.0,0.0,0.0,0.0,0.0,0.0,0.0,0.0,1.0,1.0,0.0,62.0,7.0,62.0,7.0,0.0,0.0,0.0,0.0,0.0,0.0
2019_14_PIT_ARI,2019,14,ARI,PIT,7,7,0,0.0,0.0,0.0,0.0,0.0,0.0,0.0,1.0,0.0,1.0,0.0,,,70.0,0.0,0.0,0.0,0.0,0.0,0.0,0.0
2019_14_KC_NE,2019,14,NE,KC,7,7,0,0.0,0.0,0.0,0.0,0.0,0.0,0.0,0.0,1.0,1.0,0.0,32.0,8.0,32.0,8.0,1.0,0.0,0.0,0.0,18.0,0.0
2019_14_TEN_OAK,2019,14,OAK,TEN,7,7,0,0.0,0.0,0.0,0.0,0.0,0.0,0.0,0.0,1.0,1.0,0.0,59.0,5.0,59.0,5.0,0.0,0.0,0.0,0.0,0.0,0.0
2019_14_SEA_LA,2019,14,LA,SEA,7,6,1,0.0,1.0,1.0,0.0,0.0,0.0,1.0,0.0,1.0,1.0,0.0,60.0,4.0,60.0,4.0,0.0,0.0,0.0,0.0,0.0,0.0
2019_14_NYG_PHI,2019,14,PHI,NYG,8,8,0,0.0,0.0,0.0,0.0,0.0,0.0,1.0,0.0,1.0,1.0,0.0,53.0,11.0,53.0,11.0,0.0,0.0,0.0,0.0,0.0,1.0
2019_15_NYJ_BAL,2019,15,BAL,NYJ,4,4,0,1.0,1.0,0.0,0.0,0.0,0.0,0.0,0.0,1.0,1.0,0.0,33.0,3.0,33.0,3.0,1.0,0.0,0.0,0.0,17.0,0.0
2019_15_SEA_CAR,2019,15,CAR,SEA,7,7,0,0.0,0.0,0.0,0.0,0.0,0.0,0.0,0.0,1.0,1.0,0.0,56.0,5.0,56.0,5.0,0.0,0.0,0.0,0.0,0.0,0.0
2019_15_NE_CIN,2019,15,CIN,NE,7,7,0,0.0,0.0,0.0,0.0,0.0,0.0,0.0,0.0,1.0,1.0,0.0,36.0,6.0,36.0,6.0,1.0,0.0,0.0,0.0,14.0,0.0
2019_15_TB_DET,2019,15,DET,TB,7,7,0,0.0,0.0,0.0,0.0,0.0,0.0,0.0,1.0,0.0,0.0,1.0,,,70.0,0.0,0.0,0.0,0.0,0.0,0.0,0.0
2019_15_CHI_GB,2019,15,GB,CHI,7,10,-3,0.0,0.0,0.0,0.0,1.0,-1.0,1.0,0.0,1.0,1.0,0.0,11.0,7.0,11.0,7.0,1.0,1.0,0.0,0.0,39.0,0.0
2019_15_DEN_KC,2019,15,KC,DEN,7,7,0,0.0,0.0,0.0,0.0,0.0,0.0,1.0,0.0,1.0,0.0,1.0,24.0,8.0,24.0,8.0,1.0,1.0,0.0,0.0,26.0,0.0
2019_15_MIA_NYG,2019,15,NYG,MIA,6,7,-1,1.0,0.0,-1.0,0.0,0.0,0.0,0.0,0.0,1.0,0.0,1.0,48.0,19.0,48.0,19.0,0.0,0.0,1.0,0.0,2.0,9.0
2019_15_HOU_TEN,2019,15,TEN,HOU,7,7,0,0.0,0.0,0.0,0.0,0.0,0.0,1.0,0.0,1.0,1.0,0.0,45.0,4.0,45.0,4.0,0.0,0.0,0.0,0.0,5.0,0.0
2019_15_PHI_WAS,2019,15,WAS,PHI,7,6,1,0.0,1.0,1.0,0.0,0.0,0.0,1.0,0.0,1.0,1.0,0.0,52.0,13.0,52.0,13.0,0.0,0.0,0.0,0.0,0.0,3.0
2019_15_CLE_ARI,2019,15,ARI,CLE,7,7,0,0.0,0.0,0.0,0.0,0.0,0.0,0.0,1.0,0.0,1.0,0.0,,,70.0,0.0,0.0,0.0,0.0,0.0,0.0,0.0
2019_15_MIN_LAC,2019,15,LAC,MIN,7,7,0,0.0,0.0,0.0,0.0,0.0,0.0,0.0,0.0,1.0,1.0,0.0,64.0,14.0,64.0,14.0,0.0,0.0,0.0,0.0,0.0,4.0
2019_15_JAX_OAK,2019,15,OAK,JAX,7,7,0,0.0,0.0,0.0,0.0,0.0,0.0,0.0,0.0,1.0,1.0,0.0,59.0,7.0,59.0,7.0,0.0,0.0,0.0,0.0,0.0,0.0
2019_15_LA_DAL,2019,15,DAL,LA,10,7,3,0.0,0.0,0.0,1.0,0.0,1.0,0.0,1.0,0.0,0.0,1.0,,,70.0,0.0,0.0,0.0,0.0,0.0,0.0,0.0
2019_15_ATL_SF,2019,15,SF,ATL,7,7,0,0.0,0.0,0.0,0.0,0.0,0.0,0.0,0.0,1.0,1.0,0.0,55.0,6.0,55.0,6.0,0.0,0.0,0.0,0.0,0.0,0.0
2019_15_BUF_PIT,2019,15,PIT,BUF,7,7,0,0.0,0.0,0.0,0.0,0.0,0.0,0.0,0.0,1.0,1.0,0.0,31.0,6.0,31.0,6.0,1.0,0.0,0.0,0.0,19.0,0.0
2019_15_IND_NO,2019,15,NO,IND,8,8,0,0.0,0.0,0.0,0.0,0.0,0.0,0.0,1.0,0.0,0.0,1.0,,,70.0,0.0,0.0,0.0,0.0,0.0,0.0,0.0
2019_16_HOU_TB,2019,16,TB,HOU,7,7,0,0.0,0.0,0.0,0.0,0.0,0.0,0.0,0.0,1.0,1.0,0.0,73.0,11.0,73.0,11.0,0.0,0.0,0.0,0.0,0.0,1.0
2019_16_BUF_NE,2019,16,NE,BUF,7,7,0,0.0,0.0,0.0,0.0,0.0,0.0,1.0,0.0,1.0,1.0,0.0,33.0,2.0,33.0,2.0,1.0,0.0,0.0,0.0,17.0,0.0
2019_16_LA_SF,2019,16,SF,LA,7,7,0,0.0,0.0,0.0,0.0,0.0,0.0,1.0,0.0,1.0,1.0,0.0,58.0,12.0,58.0,12.0,0.0,0.0,0.0,0.0,0.0,2.0
2019_16_JAX_ATL,2019,16,ATL,JAX,7,7,0,0.0,0.0,0.0,0.0,0.0,0.0,0.0,1.0,0.0,0.0,1.0,,,70.0,0.0,0.0,0.0,0.0,0.0,0.0,0.0
2019_16_BAL_CLE,2019,16,CLE,BAL,7,10,-3,0.0,0.0,0.0,0.0,1.0,-1.0,1.0,0.0,1.0,1.0,0.0,49.0,10.0,49.0,10.0,0.0,0.0,0.0,0.0,1.0,0.0
2019_16_CAR_IND,2019,16,IND,CAR,6,7,-1,1.0,0.0,-1.0,0.0,0.0,0.0,0.0,1.0,0.0,0.0,1.0,,,70.0,0.0,0.0,0.0,0.0,0.0,0.0,0.0
2019_16_CIN_MIA,2019,16,MIA,CIN,7,7,0,0.0,0.0,0.0,0.0,0.0,0.0,0.0,0.0,1.0,1.0,0.0,76.0,15.0,76.0,15.0,0.0,0.0,1.0,0.0,0.0,5.0
2019_16_PIT_NYJ,2019,16,NYJ,PIT,10,7,3,0.0,0.0,0.0,1.0,0.0,1.0,0.0,0.0,1.0,0.0,1.0,45.0,6.0,45.0,6.0,0.0,0.0,0.0,0.0,5.0,0.0
2019_16_NO_TEN,2019,16,TEN,NO,7,6,1,0.0,1.0,1.0,0.0,0.0,0.0,0.0,0.0,1.0,1.0,0.0,50.0,4.0,50.0,4.0,0.0,0.0,0.0,0.0,0.0,0.0
2019_16_NYG_WAS,2019,16,WAS,NYG,7,7,0,0.0,0.0,0.0,0.0,0.0,0.0,1.0,0.0,1.0,1.0,0.0,44.0,6.0,44.0,6.0,0.0,0.0,0.0,0.0,6.0,0.0
2019_16_DET_DEN,2019,16,DEN,DET,7,7,0,0.0,0.0,0.0,0.0,0.0,0.0,0.0,0.0,1.0,1.0,0.0,67.0,3.0,67.0,3.0,0.0,0.0,0.0,0.0,0.0,0.0
2019_16_OAK_LAC,2019,16,LAC,OAK,7,7,0,0.0,0.0,0.0,0.0,0.0,0.0,1.0,0.0,1.0,1.0,0.0,64.0,10.0,64.0,10.0,0.0,0.0,0.0,0.0,0.0,0.0
2019_16_DAL_PHI,2019,16,PHI,DAL,7,7,0,0.0,0.0,0.0,0.0,0.0,0.0,1.0,0.0,1.0,1.0,0.0,47.0,7.0,47.0,7.0,0.0,0.0,0.0,0.0,3.0,0.0
2019_16_ARI_SEA,2019,16,SEA,ARI,7,7,0,0.0,0.0,0.0,0.0,0.0,0.0,1.0,0.0,1.0,0.0,1.0,43.0,7.0,43.0,7.0,0.0,0.0,0.0,0.0,7.0,0.0
2019_16_KC_CHI,2019,16,CHI,KC,7,7,0,0.0,0.0,0.0,0.0,0.0,0.0,0.0,0.0,1.0,1.0,0.0,45.0,10.0,45.0,10.0,0.0,0.0,0.0,0.0,5.0,0.0
2019_16_GB_MIN,2019,16,MIN,GB,8,8,0,0.0,0.0,0.0,0.0,0.0,0.0,1.0,1.0,0.0,0.0,1.0,,,70.0,0.0,0.0,0.0,0.0,0.0,0.0,0.0
2019_17_NYJ_BUF,2019,17,BUF,NYJ,7,7,0,0.0,0.0,0.0,0.0,0.0,0.0,1.0,0.0,1.0,0.0,1.0,43.0,7.0,43.0,7.0,0.0,0.0,0.0,0.0,7.0,0.0
2019_17_NO_CAR,2019,17,CAR,NO,7,7,0,0.0,0.0,0.0,0.0,0.0,0.0,1.0,0.0,1.0,1.0,0.0,63.0,9.0,63.0,9.0,0.0,0.0,0.0,0.0,0.0,0.0
2019_17_CLE_CIN,2019,17,CIN,CLE,7,7,0,0.0,0.0,0.0,0.0,0.0,0.0,1.0,0.0,1.0,1.0,0.0,64.0,7.0,64.0,7.0,0.0,0.0,0.0,0.0,0.0,0.0
2019_17_GB_DET,2019,17,DET,GB,7,6,1,0.0,1.0,1.0,0.0,0.0,0.0,1.0,1.0,0.0,0.0,1.0,,,70.0,0.0,0.0,0.0,0.0,0.0,0.0,0.0
2019_17_LAC_KC,2019,17,KC,LAC,7,7,0,0.0,0.0,0.0,0.0,0.0,0.0,1.0,0.0,1.0,0.0,1.0,40.0,16.0,40.0,16.0,1.0,0.0,1.0,0.0,10.0,6.0
2019_17_CHI_MIN,2019,17,MIN,CHI,6,7,-1,1.0,0.0,-1.0,0.0,0.0,0.0,1.0,1.0,0.0,0.0,1.0,,,70.0,0.0,0.0,0.0,0.0,0.0,0.0,0.0
2019_17_MIA_NE,2019,17,NE,MIA,7,7,0,0.0,0.0,0.0,0.0,0.0,0.0,1.0,0.0,1.0,1.0,0.0,43.0,2.0,43.0,2.0,0.0,0.0,0.0,0.0,7.0,0.0
2019_17_ATL_TB,2019,17,TB,ATL,7,7,0,0.0,0.0,0.0,0.0,0.0,0.0,1.0,0.0,1.0,1.0,0.0,78.0,12.0,78.0,12.0,0.0,0.0,0.0,0.0,0.0,2.0
2019_17_PIT_BAL,2019,17,BAL,PIT,7,7,0,0.0,0.0,0.0,0.0,0.0,0.0,1.0,0.0,1.0,1.0,0.0,46.0,7.0,46.0,7.0,0.0,0.0,0.0,0.0,4.0,0.0
2019_17_WAS_DAL,2019,17,DAL,WAS,7,7,0,0.0,0.0,0.0,0.0,0.0,0.0,1.0,1.0,0.0,0.0,1.0,,,70.0,0.0,0.0,0.0,0.0,0.0,0.0,0.0
2019_17_OAK_DEN,2019,17,DEN,OAK,7,7,0,0.0,0.0,0.0,0.0,0.0,0.0,1.0,0.0,1.0,1.0,0.0,31.0,6.0,31.0,6.0,1.0,0.0,0.0,0.0,19.0,0.0
2019_17_TEN_HOU,2019,17,HOU,TEN,7,7,0,0.0,0.0,0.0,0.0,0.0,0.0,1.0,1.0,0.0,1.0,0.0,,,70.0,0.0,0.0,0.0,0.0,0.0,0.0,0.0
2019_17_IND_JAX,2019,17,JAX,IND,7,7,0,0.0,0.0,0.0,0.0,0.0,0.0,1.0,0.0,1.0,1.0,0.0,,,,,0.0,0.0,0.0,0.0,0.0,0.0
2019_17_ARI_LA,2019,17,LA,ARI,7,7,0,0.0,0.0,0.0,0.0,0.0,0.0,1.0,0.0,1.0,1.0,0.0,62.0,0.0,62.0,0.0,0.0,0.0,0.0,0.0,0.0,0.0
2019_17_PHI_NYG,2019,17,NYG,PHI,7,7,0,0.0,0.0,0.0,0.0,0.0,0.0,1.0,0.0,1.0,0.0,1.0,42.0,5.0,42.0,5.0,0.0,0.0,0.0,0.0,8.0,0.0
2019_17_SF_SEA,2019,17,SEA,SF,7,7,0,0.0,0.0,0.0,0.0,0.0,0.0,1.0,0.0,1.0,0.0,1.0,51.0,3.0,51.0,3.0,0.0,0.0,0.0,0.0,0.0,0.0
2019_18_BUF_HOU,2019,18,HOU,BUF,6,6,0,1.0,1.0,0.0,0.0,0.0,0.0,0.0,1.0,0.0,1.0,0.0,,,70.0,0.0,0.0,0.0,0.0,0.0,0.0,0.0
2019_18_TEN_NE,2019,18,NE,TEN,6,6,0,1.0,1.0,0.0,0.0,0.0,0.0,0.0,0.0,1.0,1.0,0.0,44.0,4.0,44.0,4.0,0.0,0.0,0.0,0.0,6.0,0.0
2019_18_MIN_NO,2019,18,NO,MIN,7,7,0,0.0,0.0,0.0,0.0,0.0,0.0,0.0,1.0,0.0,0.0,1.0,,,70.0,0.0,0.0,0.0,0.0,0.0,0.0,0.0
2019_18_SEA_PHI,2019,18,PHI,SEA,7,7,0,0.0,0.0,0.0,0.0,0.0,0.0,0.0,0.0,1.0,1.0,0.0,41.0,17.0,41.0,17.0,0.0,0.0,1.0,0.0,9.0,7.0
2019_19_MIN_SF,2019,19,SF,MIN,13,6,7,0.0,1.0,1.0,1.0,0.0,1.0,0.0,0.0,1.0,1.0,0.0,56.0,11.0,56.0,11.0,0.0,0.0,0.0,0.0,0.0,1.0
2019_19_TEN_BAL,2019,19,BAL,TEN,13,7,6,0.0,0.0,0.0,1.0,0.0,1.0,0.0,0.0,1.0,1.0,0.0,69.0,12.0,69.0,12.0,0.0,0.0,0.0,0.0,0.0,2.0
2019_19_HOU_KC,2019,19,KC,HOU,14,8,6,0.0,0.0,0.0,1.0,0.0,1.0,0.0,0.0,1.0,0.0,1.0,,,,,0.0,0.0,0.0,0.0,0.0,0.0
2019_19_SEA_GB,2019,19,GB,SEA,14,7,7,0.0,0.0,0.0,1.0,0.0,1.0,0.0,0.0,1.0,1.0,0.0,23.0,8.0,23.0,8.0,1.0,1.0,0.0,0.0,27.0,0.0
2019_20_TEN_KC,2019,20,KC,TEN,7,8,-1,0.0,0.0,0.0,0.0,0.0,0.0,0.0,0.0,1.0,0.0,1.0,,,,,0.0,0.0,0.0,0.0,0.0,0.0
2019_20_GB_SF,2019,20,SF,GB,8,7,1,0.0,0.0,0.0,0.0,0.0,0.0,0.0,0.0,1.0,1.0,0.0,58.0,5.0,58.0,5.0,0.0,0.0,0.0,0.0,0.0,0.0
2019_21_SF_KC,2019,21,KC,SF,14,14,0,0.0,0.0,0.0,1.0,1.0,0.0,0.0,0.0,1.0,1.0,0.0,,,,,0.0,0.0,0.0,0.0,0.0,0.0
2020_01_HOU_KC,2020,1,KC,HOU,7,7,0,0.0,0.0,0.0,0.0,0.0,0.0,0.0,0.0,1.0,1.0,0.0,56.0,7.0,56.0,7.0,0.0,0.0,0.0,0.0,0.0,0.0
2020_01_SEA_ATL,2020,1,ATL,SEA,7,7,0,0.0,0.0,0.0,0.0,0.0,0.0,0.0,1.0,0.0,0.0,1.0,,,70.0,0.0,0.0,0.0,0.0,0.0,0.0,0.0
2020_01_CLE_BAL,2020,1,BAL,CLE,7,7,0,0.0,0.0,0.0,0.0,0.0,0.0,1.0,0.0,1.0,1.0,0.0,76.0,5.0,76.0,5.0,0.0,0.0,0.0,0.0,0.0,0.0
2020_01_NYJ_BUF,2020,1,BUF,NYJ,7,7,0,0.0,0.0,0.0,0.0,0.0,0.0,1.0,0.0,1.0,0.0,1.0,67.0,15.0,67.0,15.0,0.0,0.0,1.0,0.0,0.0,5.0
2020_01_LV_CAR,2020,1,CAR,LV,7,7,0,0.0,0.0,0.0,0.0,0.0,0.0,0.0,0.0,1.0,1.0,0.0,81.0,5.0,81.0,5.0,0.0,0.0,0.0,0.0,0.0,0.0
2020_01_CHI_DET,2020,1,DET,CHI,7,7,0,0.0,0.0,0.0,0.0,0.0,0.0,1.0,1.0,0.0,0.0,1.0,,,70.0,0.0,0.0,0.0,0.0,0.0,0.0,0.0
2020_01_IND_JAX,2020,1,JAX,IND,7,7,0,0.0,0.0,0.0,0.0,0.0,0.0,1.0,0.0,1.0,1.0,0.0,80.0,3.0,80.0,3.0,0.0,0.0,0.0,0.0,0.0,0.0
2020_01_GB_MIN,2020,1,MIN,GB,7,7,0,0.0,0.0,0.0,0.0,0.0,0.0,1.0,1.0,0.0,0.0,1.0,,,70.0,0.0,0.0,0.0,0.0,0.0,0.0,0.0
2020_01_MIA_NE,2020,1,NE,MIA,7,7,0,0.0,0.0,0.0,0.0,0.0,0.0,1.0,0.0,1.0,1.0,0.0,70.0,8.0,70.0,8.0,0.0,0.0,0.0,0.0,0.0,0.0
2020_01_PHI_WAS,2020,1,WAS,PHI,7,7,0,0.0,0.0,0.0,0.0,0.0,0.0,1.0,0.0,1.0,1.0,0.0,76.0,5.0,76.0,5.0,0.0,0.0,0.0,0.0,0.0,0.0
2020_01_LAC_CIN,2020,1,CIN,LAC,7,7,0,0.0,0.0,0.0,0.0,0.0,0.0,0.0,0.0,1.0,1.0,0.0,83.0,6.0,83.0,6.0,0.0,0.0,0.0,0.0,0.0,0.0
2020_01_TB_NO,2020,1,NO,TB,7,7,0,0.0,0.0,0.0,0.0,0.0,0.0,1.0,1.0,0.0,0.0,1.0,,,70.0,0.0,0.0,0.0,0.0,0.0,0.0,0.0
2020_01_ARI_SF,2020,1,SF,ARI,7,7,0,0.0,0.0,0.0,0.0,0.0,0.0,1.0,0.0,1.0,1.0,0.0,66.0,6.0,66.0,6.0,0.0,0.0,0.0,0.0,0.0,0.0
2020_01_DAL_LA,2020,1,LA,DAL,7,7,0,0.0,0.0,0.0,0.0,0.0,0.0,0.0,1.0,0.0,0.0,1.0,,,70.0,0.0,0.0,0.0,0.0,0.0,0.0,0.0
2020_01_PIT_NYG,2020,1,NYG,PIT,7,7,0,0.0,0.0,0.0,0.0,0.0,0.0,0.0,0.0,1.0,0.0,1.0,71.0,5.0,71.0,5.0,0.0,0.0,0.0,0.0,0.0,0.0
2020_01_TEN_DEN,2020,1,DEN,TEN,7,7,0,0.0,0.0,0.0,0.0,0.0,0.0,0.0,0.0,1.0,1.0,0.0,79.0,10.0,79.0,10.0,0.0,0.0,0.0,0.0,0.0,0.0
2020_02_CIN_CLE,2020,2,CLE,CIN,4,4,0,1.0,1.0,0.0,0.0,0.0,0.0,1.0,0.0,1.0,1.0,0.0,65.0,8.0,65.0,8.0,0.0,0.0,0.0,0.0,0.0,0.0
2020_02_NYG_CHI,2020,2,CHI,NYG,7,6,1,0.0,1.0,1.0,0.0,0.0,0.0,0.0,0.0,1.0,1.0,0.0,66.0,12.0,66.0,12.0,0.0,0.0,0.0,0.0,0.0,2.0
2020_02_ATL_DAL,2020,2,DAL,ATL,7,7,0,0.0,0.0,0.0,0.0,0.0,0.0,0.0,1.0,0.0,0.0,1.0,,,70.0,0.0,0.0,0.0,0.0,0.0,0.0,0.0
2020_02_DET_GB,2020,2,GB,DET,7,7,0,0.0,0.0,0.0,0.0,0.0,0.0,1.0,0.0,1.0,1.0,0.0,66.0,12.0,66.0,12.0,0.0,0.0,0.0,0.0,0.0,2.0
2020_02_MIN_IND,2020,2,IND,MIN,7,7,0,0.0,0.0,0.0,0.0,0.0,0.0,0.0,1.0,0.0,0.0,1.0,,,70.0,0.0,0.0,0.0,0.0,0.0,0.0,0.0
2020_02_BUF_MIA,2020,2,MIA,BUF,7,7,0,0.0,0.0,0.0,0.0,0.0,0.0,1.0,0.0,1.0,1.0,0.0,90.0,5.0,90.0,5.0,0.0,0.0,0.0,0.0,0.0,0.0
2020_02_SF_NYJ,2020,2,NYJ,SF,7,7,0,0.0,0.0,0.0,0.0,0.0,0.0,0.0,0.0,1.0,0.0,1.0,61.0,7.0,61.0,7.0,0.0,0.0,0.0,0.0,0.0,0.0
2020_02_LA_PHI,2020,2,PHI,LA,7,7,0,0.0,0.0,0.0,0.0,0.0,0.0,0.0,0.0,1.0,1.0,0.0,62.0,12.0,62.0,12.0,0.0,0.0,0.0,0.0,0.0,2.0
2020_02_DEN_PIT,2020,2,PIT,DEN,6,6,0,1.0,1.0,0.0,0.0,0.0,0.0,0.0,0.0,1.0,1.0,0.0,64.0,5.0,64.0,5.0,0.0,0.0,0.0,0.0,0.0,0.0
2020_02_CAR_TB,2020,2,TB,CAR,7,7,0,0.0,0.0,0.0,0.0,0.0,0.0,1.0,0.0,1.0,1.0,0.0,85.0,17.0,85.0,17.0,0.0,0.0,1.0,0.0,0.0,7.0
2020_02_JAX_TEN,2020,2,TEN,JAX,6,7,-1,1.0,0.0,-1.0,0.0,0.0,0.0,1.0,0.0,1.0,1.0,0.0,72.0,5.0,72.0,5.0,0.0,0.0,0.0,0.0,0.0,0.0
2020_02_WAS_ARI,2020,2,ARI,WAS,7,7,0,0.0,0.0,0.0,0.0,0.0,0.0,0.0,1.0,0.0,1.0,0.0,,,70.0,0.0,0.0,0.0,0.0,0.0,0.0,0.0
2020_02_BAL_HOU,2020,2,HOU,BAL,10,7,3,0.0,0.0,0.0,1.0,0.0,1.0,0.0,1.0,0.0,1.0,0.0,,,70.0,0.0,0.0,0.0,0.0,0.0,0.0,0.0
2020_02_KC_LAC,2020,2,LAC,KC,7,10,-3,0.0,0.0,0.0,0.0,1.0,-1.0,1.0,1.0,0.0,0.0,1.0,,,70.0,0.0,0.0,0.0,0.0,0.0,0.0,0.0
2020_02_NE_SEA,2020,2,SEA,NE,7,7,0,0.0,0.0,0.0,0.0,0.0,0.0,0.0,0.0,1.0,0.0,1.0,70.0,5.0,70.0,5.0,0.0,0.0,0.0,0.0,0.0,0.0
2020_02_NO_LV,2020,2,LV,NO,8,8,0,0.0,0.0,0.0,0.0,0.0,0.0,0.0,1.0,0.0,1.0,0.0,,,70.0,0.0,0.0,0.0,0.0,0.0,0.0,0.0
2020_03_MIA_JAX,2020,3,JAX,MIA,4,4,0,1.0,1.0,0.0,0.0,0.0,0.0,0.0,0.0,1.0,1.0,0.0,81.0,12.0,81.0,12.0,0.0,0.0,0.0,0.0,0.0,2.0
2020_03_CHI_ATL,2020,3,ATL,CHI,7,7,0,0.0,0.0,0.0,0.0,0.0,0.0,0.0,1.0,0.0,0.0,1.0,,,70.0,0.0,0.0,0.0,0.0,0.0,0.0,0.0
2020_03_LA_BUF,2020,3,BUF,LA,7,7,0,0.0,0.0,0.0,0.0,0.0,0.0,0.0,0.0,1.0,0.0,1.0,79.0,16.0,79.0,16.0,0.0,0.0,1.0,0.0,0.0,6.0
2020_03_WAS_CLE,2020,3,CLE,WAS,10,7,3,0.0,0.0,0.0,1.0,0.0,1.0,0.0,0.0,1.0,1.0,0.0,73.0,18.0,73.0,18.0,0.0,0.0,1.0,0.0,0.0,8.0
2020_03_TEN_MIN,2020,3,MIN,TEN,7,7,0,0.0,0.0,0.0,0.0,0.0,0.0,0.0,1.0,0.0,0.0,1.0,,,70.0,0.0,0.0,0.0,0.0,0.0,0.0,0.0
2020_03_LV_NE,2020,3,NE,LV,7,6,1,0.0,1.0,1.0,0.0,0.0,0.0,0.0,0.0,1.0,1.0,0.0,73.0,8.0,73.0,8.0,0.0,0.0,0.0,0.0,0.0,0.0
2020_03_SF_NYG,2020,3,NYG,SF,7,7,0,0.0,0.0,0.0,0.0,0.0,0.0,0.0,0.0,1.0,0.0,1.0,75.0,2.0,75.0,2.0,0.0,0.0,0.0,0.0,0.0,0.0
2020_03_CIN_PHI,2020,3,PHI,CIN,7,10,-3,0.0,0.0,0.0,0.0,1.0,-1.0,0.0,0.0,1.0,1.0,0.0,76.0,5.0,76.0,5.0,0.0,0.0,0.0,0.0,0.0,0.0
2020_03_HOU_PIT,2020,3,PIT,HOU,7,7,0,0.0,0.0,0.0,0.0,0.0,0.0,0.0,0.0,1.0,1.0,0.0,79.0,6.0,79.0,6.0,0.0,0.0,0.0,0.0,0.0,0.0
2020_03_NYJ_IND,2020,3,IND,NYJ,7,7,0,0.0,0.0,0.0,0.0,0.0,0.0,0.0,1.0,0.0,0.0,1.0,,,70.0,0.0,0.0,0.0,0.0,0.0,0.0,0.0
2020_03_CAR_LAC,2020,3,LAC,CAR,7,7,0,0.0,0.0,0.0,0.0,0.0,0.0,0.0,1.0,0.0,0.0,1.0,,,70.0,0.0,0.0,0.0,0.0,0.0,0.0,0.0
2020_03_DET_ARI,2020,3,ARI,DET,7,7,0,0.0,0.0,0.0,0.0,0.0,0.0,0.0,1.0,0.0,1.0,0.0,,,70.0,0.0,0.0,0.0,0.0,0.0,0.0,0.0
2020_03_TB_DEN,2020,3,DEN,TB,7,7,0,0.0,0.0,0.0,0.0,0.0,0.0,0.0,0.0,1.0,1.0,0.0,55.0,7.0,55.0,7.0,0.0,0.0,0.0,0.0,0.0,0.0
2020_03_DAL_SEA,2020,3,SEA,DAL,7,7,0,0.0,0.0,0.0,0.0,0.0,0.0,0.0,0.0,1.0,0.0,1.0,63.0,3.0,63.0,3.0,0.0,0.0,0.0,0.0,0.0,0.0
2020_03_GB_NO,2020,3,NO,GB,6,7,-1,1.0,0.0,-1.0,0.0,0.0,0.0,0.0,1.0,0.0,0.0,1.0,,,70.0,0.0,0.0,0.0,0.0,0.0,0.0,0.0
2020_03_KC_BAL,2020,3,BAL,KC,8,8,0,0.0,0.0,0.0,0.0,0.0,0.0,0.0,0.0,1.0,1.0,0.0,73.0,8.0,73.0,8.0,0.0,0.0,0.0,0.0,0.0,0.0
2020_04_DEN_NYJ,2020,4,NYJ,DEN,4,4,0,1.0,1.0,0.0,0.0,0.0,0.0,0.0,0.0,1.0,0.0,1.0,64.0,6.0,64.0,6.0,0.0,0.0,0.0,0.0,0.0,0.0
2020_04_ARI_CAR,2020,4,CAR,ARI,7,7,0,0.0,0.0,0.0,0.0,0.0,0.0,0.0,0.0,1.0,1.0,0.0,68.0,8.0,68.0,8.0,0.0,0.0,0.0,0.0,0.0,0.0
2020_04_JAX_CIN,2020,4,CIN,JAX,7,10,-3,0.0,0.0,0.0,0.0,1.0,-1.0,0.0,0.0,1.0,1.0,0.0,64.0,6.0,64.0,6.0,0.0,0.0,0.0,0.0,0.0,0.0
2020_04_CLE_DAL,2020,4,DAL,CLE,7,7,0,0.0,0.0,0.0,0.0,0.0,0.0,0.0,1.0,0.0,0.0,1.0,,,70.0,0.0,0.0,0.0,0.0,0.0,0.0,0.0
2020_04_NO_DET,2020,4,DET,NO,7,7,0,0.0,0.0,0.0,0.0,0.0,0.0,0.0,1.0,0.0,0.0,1.0,,,70.0,0.0,0.0,0.0,0.0,0.0,0.0,0.0
2020_04_MIN_HOU,2020,4,HOU,MIN,7,7,0,0.0,0.0,0.0,0.0,0.0,0.0,0.0,1.0,0.0,1.0,0.0,,,70.0,0.0,0.0,0.0,0.0,0.0,0.0,0.0
2020_04_SEA_MIA,2020,4,MIA,SEA,10,7,3,0.0,0.0,0.0,1.0,0.0,1.0,0.0,0.0,1.0,1.0,0.0,86.0,13.0,86.0,13.0,0.0,0.0,0.0,0.0,0.0,3.0
2020_04_LAC_TB,2020,4,TB,LAC,7,7,0,0.0,0.0,0.0,0.0,0.0,0.0,0.0,0.0,1.0,1.0,0.0,75.0,6.0,75.0,6.0,0.0,0.0,0.0,0.0,0.0,0.0
2020_04_BAL_WAS,2020,4,WAS,BAL,7,6,1,0.0,1.0,1.0,0.0,0.0,0.0,0.0,0.0,1.0,1.0,0.0,65.0,5.0,65.0,5.0,0.0,0.0,0.0,0.0,0.0,0.0
2020_04_NYG_LA,2020,4,LA,NYG,7,7,0,0.0,0.0,0.0,0.0,0.0,0.0,0.0,1.0,0.0,0.0,1.0,,,70.0,0.0,0.0,0.0,0.0,0.0,0.0,0.0
2020_04_IND_CHI,2020,4,CHI,IND,7,7,0,0.0,0.0,0.0,0.0,0.0,0.0,0.0,0.0,1.0,1.0,0.0,52.0,10.0,52.0,10.0,0.0,0.0,0.0,0.0,0.0,0.0
2020_04_BUF_LV,2020,4,LV,BUF,7,7,0,0.0,0.0,0.0,0.0,0.0,0.0,0.0,1.0,0.0,1.0,0.0,,,70.0,0.0,0.0,0.0,0.0,0.0,0.0,0.0
2020_04_PHI_SF,2020,4,SF,PHI,7,7,0,0.0,0.0,0.0,0.0,0.0,0.0,0.0,0.0,1.0,1.0,0.0,84.0,12.0,84.0,12.0,0.0,0.0,0.0,0.0,0.0,2.0
2020_04_NE_KC,2020,4,KC,NE,7,8,-1,0.0,0.0,0.0,0.0,0.0,0.0,0.0,0.0,1.0,0.0,1.0,73.0,14.0,73.0,14.0,0.0,0.0,0.0,0.0,0.0,4.0
2020_04_ATL_GB,2020,4,GB,ATL,8,8,0,0.0,0.0,0.0,0.0,0.0,0.0,0.0,0.0,1.0,1.0,0.0,53.0,9.0,53.0,9.0,0.0,0.0,0.0,0.0,0.0,0.0
2020_05_TB_CHI,2020,5,CHI,TB,4,4,0,1.0,1.0,0.0,0.0,0.0,0.0,0.0,0.0,1.0,1.0,0.0,57.0,7.0,57.0,7.0,0.0,0.0,0.0,0.0,0.0,0.0
2020_05_CAR_ATL,2020,5,ATL,CAR,6,7,-1,1.0,0.0,-1.0,0.0,0.0,0.0,1.0,1.0,0.0,0.0,1.0,,,70.0,0.0,0.0,0.0,0.0,0.0,0.0,0.0
2020_05_CIN_BAL,2020,5,BAL,CIN,7,7,0,0.0,0.0,0.0,0.0,0.0,0.0,1.0,0.0,1.0,1.0,0.0,69.0,3.0,69.0,3.0,0.0,0.0,0.0,0.0,0.0,0.0
2020_05_JAX_HOU,2020,5,HOU,JAX,7,7,0,0.0,0.0,0.0,0.0,0.0,0.0,1.0,1.0,0.0,1.0,0.0,,,70.0,0.0,0.0,0.0,0.0,0.0,0.0,0.0
2020_05_LV_KC,2020,5,KC,LV,6,7,-1,1.0,0.0,-1.0,0.0,0.0,0.0,1.0,0.0,1.0,0.0,1.0,80.0,16.0,80.0,16.0,0.0,0.0,1.0,0.0,0.0,6.0
2020_05_ARI_NYJ,2020,5,NYJ,ARI,10,7,3,0.0,0.0,0.0,1.0,0.0,1.0,0.0,0.0,1.0,0.0,1.0,64.0,8.0,64.0,8.0,0.0,0.0,0.0,0.0,0.0,0.0
2020_05_PHI_PIT,2020,5,PIT,PHI,14,7,7,0.0,0.0,0.0,1.0,0.0,1.0,0.0,0.0,1.0,1.0,0.0,70.0,4.0,70.0,4.0,0.0,0.0,0.0,0.0,0.0,0.0
2020_05_LA_WAS,2020,5,WAS,LA,7,7,0,0.0,0.0,0.0,0.0,0.0,0.0,0.0,0.0,1.0,1.0,0.0,69.0,2.0,69.0,2.0,0.0,0.0,0.0,0.0,0.0,0.0
2020_05_MIA_SF,2020,5,SF,MIA,7,7,0,0.0,0.0,0.0,0.0,0.0,0.0,0.0,0.0,1.0,1.0,0.0,73.0,6.0,73.0,6.0,0.0,0.0,0.0,0.0,0.0,0.0
2020_05_IND_CLE,2020,5,CLE,IND,7,7,0,0.0,0.0,0.0,0.0,0.0,0.0,0.0,0.0,1.0,1.0,0.0,64.0,16.0,64.0,16.0,0.0,0.0,1.0,0.0,0.0,6.0
2020_05_NYG_DAL,2020,5,DAL,NYG,7,7,0,0.0,0.0,0.0,0.0,0.0,0.0,1.0,1.0,0.0,0.0,1.0,,,70.0,0.0,0.0,0.0,0.0,0.0,0.0,0.0
2020_05_MIN_SEA,2020,5,SEA,MIN,7,7,0,0.0,0.0,0.0,0.0,0.0,0.0,0.0,0.0,1.0,0.0,1.0,54.0,10.0,54.0,10.0,0.0,0.0,0.0,0.0,0.0,0.0
2020_05_LAC_NO,2020,5,NO,LAC,8,8,0,0.0,0.0,0.0,0.0,0.0,0.0,0.0,1.0,0.0,0.0,1.0,,,70.0,0.0,0.0,0.0,0.0,0.0,0.0,0.0
2020_05_BUF_TEN,2020,5,TEN,BUF,16,9,7,0.0,0.0,0.0,1.0,0.0,1.0,0.0,0.0,1.0,1.0,0.0,73.0,3.0,73.0,3.0,0.0,0.0,0.0,0.0,0.0,0.0
2020_06_CHI_CAR,2020,6,CAR,CHI,7,10,-3,0.0,0.0,0.0,0.0,1.0,-1.0,0.0,0.0,1.0,1.0,0.0,63.0,6.0,63.0,6.0,0.0,0.0,0.0,0.0,0.0,0.0
2020_06_CIN_IND,2020,6,IND,CIN,7,7,0,0.0,0.0,0.0,0.0,0.0,0.0,0.0,1.0,0.0,0.0,1.0,,,70.0,0.0,0.0,0.0,0.0,0.0,0.0,0.0
2020_06_DET_JAX,2020,6,JAX,DET,7,14,-7,0.0,0.0,0.0,0.0,1.0,-1.0,0.0,0.0,1.0,1.0,0.0,78.0,10.0,78.0,10.0,0.0,0.0,0.0,0.0,0.0,0.0
2020_06_ATL_MIN,2020,6,MIN,ATL,7,7,0,0.0,0.0,0.0,0.0,0.0,0.0,0.0,1.0,0.0,0.0,1.0,,,70.0,0.0,0.0,0.0,0.0,0.0,0.0,0.0
2020_06_DEN_NE,2020,6,NE,DEN,13,17,-4,0.0,0.0,0.0,1.0,1.0,0.0,0.0,0.0,1.0,1.0,0.0,58.0,7.0,58.0,7.0,0.0,0.0,0.0,0.0,0.0,0.0
2020_06_WAS_NYG,2020,6,NYG,WAS,7,7,0,0.0,0.0,0.0,0.0,0.0,0.0,1.0,0.0,1.0,0.0,1.0,62.0,0.0,62.0,0.0,0.0,0.0,0.0,0.0,0.0,0.0
2020_06_BAL_PHI,2020,6,PHI,BAL,7,7,0,0.0,0.0,0.0,0.0,0.0,0.0,0.0,0.0,1.0,1.0,0.0,61.0,7.0,61.0,7.0,0.0,0.0,0.0,0.0,0.0,0.0
2020_06_CLE_PIT,2020,6,PIT,CLE,7,7,0,0.0,0.0,0.0,0.0,0.0,0.0,1.0,0.0,1.0,1.0,0.0,61.0,9.0,61.0,9.0,0.0,0.0,0.0,0.0,0.0,0.0
2020_06_HOU_TEN,2020,6,TEN,HOU,5,7,-2,1.0,0.0,-1.0,0.0,0.0,0.0,1.0,0.0,1.0,1.0,0.0,61.0,10.0,61.0,10.0,0.0,0.0,0.0,0.0,0.0,0.0
2020_06_NYJ_MIA,2020,6,MIA,NYJ,7,7,0,0.0,0.0,0.0,0.0,0.0,0.0,1.0,0.0,1.0,1.0,0.0,85.0,15.0,85.0,15.0,0.0,0.0,1.0,0.0,0.0,5.0
2020_06_GB_TB,2020,6,TB,GB,10,13,-3,0.0,0.0,0.0,1.0,1.0,0.0,0.0,0.0,1.0,1.0,0.0,88.0,12.0,88.0,12.0,0.0,0.0,0.0,0.0,0.0,2.0
2020_06_LA_SF,2020,6,SF,LA,7,7,0,0.0,0.0,0.0,0.0,0.0,0.0,1.0,0.0,1.0,1.0,0.0,86.0,10.0,86.0,10.0,0.0,0.0,0.0,0.0,0.0,0.0
2020_06_KC_BUF,2020,6,BUF,KC,6,8,-2,1.0,0.0,-1.0,0.0,0.0,0.0,0.0,0.0,1.0,0.0,1.0,51.0,6.0,51.0,6.0,0.0,0.0,0.0,0.0,0.0,0.0
2020_06_ARI_DAL,2020,6,DAL,ARI,8,8,0,0.0,0.0,0.0,0.0,0.0,0.0,0.0,1.0,0.0,0.0,1.0,,,70.0,0.0,0.0,0.0,0.0,0.0,0.0,0.0
2020_07_NYG_PHI,2020,7,PHI,NYG,4,4,0,1.0,1.0,0.0,0.0,0.0,0.0,1.0,0.0,1.0,1.0,0.0,70.0,4.0,70.0,4.0,0.0,0.0,0.0,0.0,0.0,0.0
2020_07_DET_ATL,2020,7,ATL,DET,7,7,0,0.0,0.0,0.0,0.0,0.0,0.0,0.0,1.0,0.0,0.0,1.0,,,70.0,0.0,0.0,0.0,0.0,0.0,0.0,0.0
2020_07_CLE_CIN,2020,7,CIN,CLE,7,7,0,0.0,0.0,0.0,0.0,0.0,0.0,1.0,0.0,1.0,1.0,0.0,48.0,8.0,48.0,8.0,0.0,0.0,0.0,0.0,2.0,0.0
2020_07_GB_HOU,2020,7,HOU,GB,7,7,0,0.0,0.0,0.0,0.0,0.0,0.0,0.0,1.0,0.0,1.0,0.0,,,70.0,0.0,0.0,0.0,0.0,0.0,0.0,0.0
2020_07_CAR_NO,2020,7,NO,CAR,13,7,6,0.0,0.0,0.0,1.0,0.0,1.0,1.0,1.0,0.0,0.0,1.0,,,70.0,0.0,0.0,0.0,0.0,0.0,0.0,0.0
2020_07_BUF_NYJ,2020,7,NYJ,BUF,7,6,1,0.0,1.0,1.0,0.0,0.0,0.0,1.0,0.0,1.0,0.0,1.0,52.0,8.0,52.0,8.0,0.0,0.0,0.0,0.0,0.0,0.0
2020_07_PIT_TEN,2020,7,TEN,PIT,7,7,0,0.0,0.0,0.0,0.0,0.0,0.0,0.0,0.0,1.0,1.0,0.0,55.0,3.0,55.0,3.0,0.0,0.0,0.0,0.0,0.0,0.0
2020_07_DAL_WAS,2020,7,WAS,DAL,7,6,1,0.0,1.0,1.0,0.0,0.0,0.0,1.0,0.0,1.0,1.0,0.0,46.0,5.0,46.0,5.0,0.0,0.0,0.0,0.0,4.0,0.0
2020_07_TB_LV,2020,7,LV,TB,14,7,7,0.0,0.0,0.0,1.0,0.0,1.0,0.0,1.0,0.0,1.0,0.0,,,70.0,0.0,0.0,0.0,0.0,0.0,0.0,0.0
2020_07_KC_DEN,2020,7,DEN,KC,7,6,1,0.0,1.0,1.0,0.0,0.0,0.0,1.0,0.0,1.0,1.0,0.0,14.0,11.0,14.0,11.0,1.0,1.0,0.0,0.0,36.0,1.0
2020_07_JAX_LAC,2020,7,LAC,JAX,13,7,6,0.0,0.0,0.0,1.0,0.0,1.0,0.0,1.0,0.0,0.0,1.0,,,70.0,0.0,0.0,0.0,0.0,0.0,0.0,0.0
2020_07_SF_NE,2020,7,NE,SF,7,7,0,0.0,0.0,0.0,0.0,0.0,0.0,0.0,0.0,1.0,1.0,0.0,49.0,7.0,49.0,7.0,0.0,0.0,0.0,0.0,1.0,0.0
2020_07_SEA_ARI,2020,7,ARI,SEA,6,14,-8,1.0,0.0,-1.0,0.0,1.0,-1.0,1.0,1.0,0.0,1.0,0.0,,,70.0,0.0,0.0,0.0,0.0,0.0,0.0,0.0
2020_07_CHI_LA,2020,7,LA,CHI,8,8,0,0.0,0.0,0.0,0.0,0.0,0.0,0.0,1.0,0.0,0.0,1.0,,,70.0,0.0,0.0,0.0,0.0,0.0,0.0,0.0
2020_08_ATL_CAR,2020,8,CAR,ATL,4,4,0,1.0,1.0,0.0,0.0,0.0,0.0,1.0,0.0,1.0,1.0,0.0,76.0,8.0,76.0,8.0,0.0,0.0,0.0,0.0,0.0,0.0
2020_08_PIT_BAL,2020,8,BAL,PIT,14,7,7,0.0,0.0,0.0,1.0,0.0,1.0,1.0,0.0,1.0,1.0,0.0,52.0,7.0,52.0,7.0,0.0,0.0,0.0,0.0,0.0,0.0
2020_08_NE_BUF,2020,8,BUF,NE,7,7,0,0.0,0.0,0.0,0.0,0.0,0.0,1.0,0.0,1.0,0.0,1.0,41.0,17.0,41.0,17.0,0.0,0.0,1.0,0.0,9.0,7.0
2020_08_TEN_CIN,2020,8,CIN,TEN,7,7,0,0.0,0.0,0.0,0.0,0.0,0.0,0.0,0.0,1.0,1.0,0.0,48.0,24.0,48.0,24.0,0.0,0.0,1.0,1.0,2.0,14.0
2020_08_LV_CLE,2020,8,CLE,LV,7,7,0,0.0,0.0,0.0,0.0,0.0,0.0,0.0,0.0,1.0,1.0,0.0,49.0,35.0,49.0,35.0,0.0,0.0,1.0,1.0,1.0,25.0
2020_08_IND_DET,2020,8,DET,IND,7,14,-7,0.0,0.0,0.0,0.0,1.0,-1.0,0.0,1.0,0.0,0.0,1.0,,,70.0,0.0,0.0,0.0,0.0,0.0,0.0,0.0
2020_08_MIN_GB,2020,8,GB,MIN,7,14,-7,0.0,0.0,0.0,0.0,1.0,-1.0,1.0,0.0,1.0,1.0,0.0,34.0,23.0,34.0,23.0,1.0,0.0,1.0,1.0,16.0,13.0
2020_08_NYJ_KC,2020,8,KC,NYJ,7,7,0,0.0,0.0,0.0,0.0,0.0,0.0,0.0,0.0,1.0,0.0,1.0,52.0,11.0,52.0,11.0,0.0,0.0,0.0,0.0,0.0,1.0
2020_08_LA_MIA,2020,8,MIA,LA,14,6,8,0.0,1.0,1.0,1.0,0.0,1.0,0.0,0.0,1.0,1.0,0.0,86.0,10.0,86.0,10.0,0.0,0.0,0.0,0.0,0.0,0.0
2020_08_LAC_DEN,2020,8,DEN,LAC,7,7,0,0.0,0.0,0.0,0.0,0.0,0.0,1.0,0.0,1.0,1.0,0.0,64.0,10.0,64.0,10.0,0.0,0.0,0.0,0.0,0.0,0.0
2020_08_NO_CHI,2020,8,CHI,NO,6,7,-1,1.0,0.0,-1.0,0.0,0.0,0.0,0.0,0.0,1.0,1.0,0.0,40.0,20.0,40.0,20.0,1.0,0.0,1.0,1.0,10.0,10.0
2020_08_SF_SEA,2020,8,SEA,SF,7,7,0,0.0,0.0,0.0,0.0,0.0,0.0,1.0,0.0,1.0,0.0,1.0,55.0,4.0,55.0,4.0,0.0,0.0,0.0,0.0,0.0,0.0
2020_08_DAL_PHI,2020,8,PHI,DAL,10,7,3,0.0,0.0,0.0,1.0,0.0,1.0,1.0,0.0,1.0,1.0,0.0,49.0,17.0,49.0,17.0,0.0,0.0,1.0,0.0,1.0,7.0
2020_08_TB_NYG,2020,8,NYG,TB,11,8,3,0.0,0.0,0.0,1.0,0.0,1.0,0.0,0.0,1.0,0.0,1.0,39.0,8.0,39.0,8.0,1.0,0.0,0.0,0.0,11.0,0.0
2020_09_GB_SF,2020,9,SF,GB,4,4,0,1.0,1.0,0.0,0.0,0.0,0.0,0.0,0.0,1.0,1.0,0.0,78.0,5.0,78.0,5.0,0.0,0.0,0.0,0.0,0.0,0.0
2020_09_DEN_ATL,2020,9,ATL,DEN,10,7,3,0.0,0.0,0.0,1.0,0.0,1.0,0.0,1.0,0.0,0.0,1.0,,,70.0,0.0,0.0,0.0,0.0,0.0,0.0,0.0
2020_09_SEA_BUF,2020,9,BUF,SEA,7,7,0,0.0,0.0,0.0,0.0,0.0,0.0,0.0,0.0,1.0,0.0,1.0,69.0,4.0,69.0,4.0,0.0,0.0,0.0,0.0,0.0,0.0
2020_09_BAL_IND,2020,9,IND,BAL,7,7,0,0.0,0.0,0.0,0.0,0.0,0.0,0.0,1.0,0.0,0.0,1.0,,,70.0,0.0,0.0,0.0,0.0,0.0,0.0,0.0
2020_09_HOU_JAX,2020,9,JAX,HOU,14,14,0,0.0,0.0,0.0,1.0,1.0,0.0,1.0,0.0,1.0,1.0,0.0,79.0,14.0,79.0,14.0,0.0,0.0,0.0,0.0,0.0,4.0
2020_09_CAR_KC,2020,9,KC,CAR,7,10,-3,0.0,0.0,0.0,0.0,1.0,-1.0,0.0,0.0,1.0,0.0,1.0,71.0,19.0,71.0,19.0,0.0,0.0,1.0,0.0,0.0,9.0
2020_09_DET_MIN,2020,9,MIN,DET,7,7,0,0.0,0.0,0.0,0.0,0.0,0.0,1.0,1.0,0.0,0.0,1.0,,,70.0,0.0,0.0,0.0,0.0,0.0,0.0,0.0
2020_09_CHI_TEN,2020,9,TEN,CHI,7,7,0,0.0,0.0,0.0,0.0,0.0,0.0,0.0,0.0,1.0,1.0,0.0,77.0,14.0,77.0,14.0,0.0,0.0,0.0,0.0,0.0,4.0
2020_09_NYG_WAS,2020,9,WAS,NYG,14,6,8,0.0,1.0,1.0,1.0,0.0,1.0,1.0,0.0,1.0,1.0,0.0,75.0,1.0,75.0,1.0,0.0,0.0,0.0,0.0,0.0,0.0
2020_09_LV_LAC,2020,9,LAC,LV,7,7,0,0.0,0.0,0.0,0.0,0.0,0.0,1.0,1.0,0.0,0.0,1.0,,,70.0,0.0,0.0,0.0,0.0,0.0,0.0,0.0
2020_09_MIA_ARI,2020,9,ARI,MIA,14,7,7,0.0,0.0,0.0,1.0,0.0,1.0,0.0,1.0,0.0,1.0,0.0,,,70.0,0.0,0.0,0.0,0.0,0.0,0.0,0.0
2020_09_PIT_DAL,2020,9,DAL,PIT,7,7,0,0.0,0.0,0.0,0.0,0.0,0.0,0.0,1.0,0.0,0.0,1.0,,,70.0,0.0,0.0,0.0,0.0,0.0,0.0,0.0
2020_09_NO_TB,2020,9,TB,NO,6,7,-1,1.0,0.0,-1.0,0.0,0.0,0.0,1.0,0.0,1.0,1.0,0.0,77.0,17.0,77.0,17.0,0.0,0.0,1.0,0.0,0.0,7.0
2020_09_NE_NYJ,2020,9,NYJ,NE,8,8,0,0.0,0.0,0.0,0.0,0.0,0.0,1.0,0.0,1.0,0.0,1.0,61.0,2.0,61.0,2.0,0.0,0.0,0.0,0.0,0.0,0.0
2020_10_IND_TEN,2020,10,TEN,IND,4,4,0,1.0,1.0,0.0,0.0,0.0,0.0,1.0,0.0,1.0,1.0,0.0,56.0,6.0,56.0,6.0,0.0,0.0,0.0,0.0,0.0,0.0
2020_10_TB_CAR,2020,10,CAR,TB,7,7,0,0.0,0.0,0.0,0.0,0.0,0.0,1.0,0.0,1.0,1.0,0.0,65.0,15.0,65.0,15.0,0.0,0.0,1.0,0.0,0.0,5.0
2020_10_HOU_CLE,2020,10,CLE,HOU,14,7,7,0.0,0.0,0.0,1.0,0.0,1.0,0.0,0.0,1.0,1.0,0.0,59.0,25.0,59.0,25.0,0.0,0.0,1.0,1.0,0.0,15.0
2020_10_WAS_DET,2020,10,DET,WAS,7,7,0,0.0,0.0,0.0,0.0,0.0,0.0,0.0,1.0,0.0,0.0,1.0,,,70.0,0.0,0.0,0.0,0.0,0.0,0.0,0.0
2020_10_JAX_GB,2020,10,GB,JAX,10,7,3,0.0,0.0,0.0,1.0,0.0,1.0,0.0,0.0,1.0,1.0,0.0,38.0,23.0,38.0,23.0,1.0,0.0,1.0,1.0,12.0,13.0
2020_10_PHI_NYG,2020,10,NYG,PHI,7,14,-7,0.0,0.0,0.0,0.0,1.0,-1.0,1.0,0.0,1.0,0.0,1.0,56.0,18.0,56.0,18.0,0.0,0.0,1.0,0.0,0.0,8.0
2020_10_BUF_ARI,2020,10,ARI,BUF,7,7,0,0.0,0.0,0.0,0.0,0.0,0.0,0.0,1.0,0.0,1.0,0.0,,,70.0,0.0,0.0,0.0,0.0,0.0,0.0,0.0
2020_10_DEN_LV,2020,10,LV,DEN,7,7,0,0.0,0.0,0.0,0.0,0.0,0.0,1.0,1.0,0.0,1.0,0.0,,,70.0,0.0,0.0,0.0,0.0,0.0,0.0,0.0
2020_10_LAC_MIA,2020,10,MIA,LAC,7,7,0,0.0,0.0,0.0,0.0,0.0,0.0,0.0,0.0,1.0,1.0,0.0,83.0,7.0,83.0,7.0,0.0,0.0,0.0,0.0,0.0,0.0
2020_10_SEA_LA,2020,10,LA,SEA,14,7,7,0.0,0.0,0.0,1.0,0.0,1.0,1.0,1.0,0.0,0.0,1.0,,,70.0,0.0,0.0,0.0,0.0,0.0,0.0,0.0
2020_10_SF_NO,2020,10,NO,SF,7,10,-3,0.0,0.0,0.0,0.0,1.0,-1.0,0.0,1.0,0.0,0.0,1.0,,,70.0,0.0,0.0,0.0,0.0,0.0,0.0,0.0
2020_10_CIN_PIT,2020,10,PIT,CIN,7,14,-7,0.0,0.0,0.0,0.0,1.0,-1.0,1.0,0.0,1.0,1.0,0.0,52.0,21.0,52.0,21.0,0.0,0.0,1.0,1.0,0.0,11.0
2020_10_BAL_NE,2020,10,NE,BAL,6,7,-1,1.0,0.0,-1.0,0.0,0.0,0.0,0.0,0.0,1.0,1.0,0.0,52.0,13.0,52.0,13.0,0.0,0.0,0.0,0.0,0.0,3.0
2020_10_MIN_CHI,2020,10,CHI,MIN,8,8,0,0.0,0.0,0.0,0.0,0.0,0.0,1.0,0.0,1.0,1.0,0.0,44.0,11.0,44.0,11.0,0.0,0.0,0.0,0.0,6.0,1.0
2020_11_ARI_SEA,2020,11,SEA,ARI,4,4,0,1.0,1.0,0.0,0.0,0.0,0.0,1.0,0.0,1.0,0.0,1.0,48.0,11.0,48.0,11.0,0.0,0.0,0.0,0.0,2.0,1.0
2020_11_TEN_BAL,2020,11,BAL,TEN,7,10,-3,0.0,0.0,0.0,0.0,1.0,-1.0,0.0,0.0,1.0,1.0,0.0,53.0,6.0,53.0,6.0,0.0,0.0,0.0,0.0,0.0,0.0
2020_11_DET_CAR,2020,11,CAR,DET,7,7,0,0.0,0.0,0.0,0.0,0.0,0.0,0.0,0.0,1.0,1.0,0.0,65.0,7.0,65.0,7.0,0.0,0.0,0.0,0.0,0.0,0.0
2020_11_PHI_CLE,2020,11,CLE,PHI,7,7,0,0.0,0.0,0.0,0.0,0.0,0.0,0.0,0.0,1.0,1.0,0.0,38.0,8.0,38.0,8.0,1.0,0.0,0.0,0.0,12.0,0.0
2020_11_NE_HOU,2020,11,HOU,NE,7,7,0,0.0,0.0,0.0,0.0,0.0,0.0,0.0,1.0,0.0,1.0,0.0,,,70.0,0.0,0.0,0.0,0.0,0.0,0.0,0.0
2020_11_PIT_JAX,2020,11,JAX,PIT,7,7,0,0.0,0.0,0.0,0.0,0.0,0.0,0.0,0.0,1.0,1.0,0.0,72.0,3.0,72.0,3.0,0.0,0.0,0.0,0.0,0.0,0.0
2020_11_ATL_NO,2020,11,NO,ATL,7,14,-7,0.0,0.0,0.0,0.0,1.0,-1.0,1.0,1.0,0.0,0.0,1.0,,,70.0,0.0,0.0,0.0,0.0,0.0,0.0,0.0
2020_11_CIN_WAS,2020,11,WAS,CIN,7,7,0,0.0,0.0,0.0,0.0,0.0,0.0,0.0,0.0,1.0,1.0,0.0,57.0,7.0,57.0,7.0,0.0,0.0,0.0,0.0,0.0,0.0
2020_11_MIA_DEN,2020,11,DEN,MIA,7,7,0,0.0,0.0,0.0,0.0,0.0,0.0,0.0,0.0,1.0,1.0,0.0,45.0,7.0,45.0,7.0,0.0,0.0,0.0,0.0,5.0,0.0
2020_11_NYJ_LAC,2020,11,LAC,NYJ,7,13,-6,0.0,0.0,0.0,0.0,1.0,-1.0,0.0,1.0,0.0,0.0,1.0,,,70.0,0.0,0.0,0.0,0.0,0.0,0.0,0.0
2020_11_GB_IND,2020,11,IND,GB,10,7,3,0.0,0.0,0.0,1.0,0.0,1.0,0.0,1.0,0.0,0.0,1.0,,,70.0,0.0,0.0,0.0,0.0,0.0,0.0,0.0
2020_11_DAL_MIN,2020,11,MIN,DAL,6,14,-8,1.0,0.0,-1.0,0.0,1.0,-1.0,0.0,1.0,0.0,0.0,1.0,,,70.0,0.0,0.0,0.0,0.0,0.0,0.0,0.0
2020_11_KC_LV,2020,11,LV,KC,7,14,-7,0.0,0.0,0.0,0.0,1.0,-1.0,1.0,1.0,0.0,1.0,0.0,,,70.0,0.0,0.0,0.0,0.0,0.0,0.0,0.0
2020_11_LA_TB,2020,11,TB,LA,8,8,0,0.0,0.0,0.0,0.0,0.0,0.0,0.0,0.0,1.0,1.0,0.0,69.0,5.0,69.0,5.0,0.0,0.0,0.0,0.0,0.0,0.0
2020_12_HOU_DET,2020,12,DET,HOU,4,4,0,1.0,1.0,0.0,0.0,0.0,0.0,0.0,1.0,0.0,0.0,1.0,,,70.0,0.0,0.0,0.0,0.0,0.0,0.0,0.0
2020_12_WAS_DAL,2020,12,DAL,WAS,4,4,0,1.0,1.0,0.0,0.0,0.0,0.0,1.0,1.0,0.0,0.0,1.0,,,70.0,0.0,0.0,0.0,0.0,0.0,0.0,0.0
2020_12_LV_ATL,2020,12,ATL,LV,7,7,0,0.0,0.0,0.0,0.0,0.0,0.0,0.0,1.0,0.0,0.0,1.0,,,70.0,0.0,0.0,0.0,0.0,0.0,0.0,0.0
2020_12_LAC_BUF,2020,12,BUF,LAC,14,7,7,0.0,0.0,0.0,1.0,0.0,1.0,0.0,0.0,1.0,0.0,1.0,48.0,7.0,48.0,7.0,0.0,0.0,0.0,0.0,2.0,0.0
2020_12_NYG_CIN,2020,12,CIN,NYG,7,14,-7,0.0,0.0,0.0,0.0,1.0,-1.0,0.0,0.0,1.0,1.0,0.0,52.0,4.0,52.0,4.0,0.0,0.0,0.0,0.0,0.0,0.0
2020_12_TEN_IND,2020,12,IND,TEN,7,7,0,0.0,0.0,0.0,0.0,0.0,0.0,1.0,1.0,0.0,0.0,1.0,,,70.0,0.0,0.0,0.0,0.0,0.0,0.0,0.0
2020_12_CLE_JAX,2020,12,JAX,CLE,7,7,0,0.0,0.0,0.0,0.0,0.0,0.0,0.0,0.0,1.0,1.0,0.0,70.0,1.0,70.0,1.0,0.0,0.0,0.0,0.0,0.0,0.0
2020_12_CAR_MIN,2020,12,MIN,CAR,7,7,0,0.0,0.0,0.0,0.0,0.0,0.0,0.0,1.0,0.0,0.0,1.0,,,70.0,0.0,0.0,0.0,0.0,0.0,0.0,0.0
2020_12_ARI_NE,2020,12,NE,ARI,7,10,-3,0.0,0.0,0.0,0.0,1.0,-1.0,0.0,0.0,1.0,1.0,0.0,52.0,8.0,52.0,8.0,0.0,0.0,0.0,0.0,0.0,0.0
2020_12_MIA_NYJ,2020,12,NYJ,MIA,7,7,0,0.0,0.0,0.0,0.0,0.0,0.0,1.0,0.0,1.0,0.0,1.0,54.0,2.0,54.0,2.0,0.0,0.0,0.0,0.0,0.0,0.0
2020_12_NO_DEN,2020,12,DEN,NO,7,7,0,0.0,0.0,0.0,0.0,0.0,0.0,0.0,0.0,1.0,1.0,0.0,38.0,6.0,38.0,6.0,1.0,0.0,0.0,0.0,12.0,0.0
2020_12_SF_LA,2020,12,LA,SF,6,14,-8,1.0,0.0,-1.0,0.0,1.0,-1.0,1.0,1.0,0.0,0.0,1.0,,,70.0,0.0,0.0,0.0,0.0,0.0,0.0,0.0
2020_12_KC_TB,2020,12,TB,KC,6,7,-1,1.0,0.0,-1.0,0.0,0.0,0.0,0.0,0.0,1.0,1.0,0.0,81.0,5.0,81.0,5.0,0.0,0.0,0.0,0.0,0.0,0.0
2020_12_CHI_GB,2020,12,GB,CHI,7,13,-6,0.0,0.0,0.0,0.0,1.0,-1.0,1.0,0.0,1.0,1.0,0.0,37.0,13.0,37.0,13.0,1.0,0.0,0.0,0.0,13.0,3.0
2020_12_SEA_PHI,2020,12,PHI,SEA,8,11,-3,0.0,0.0,0.0,0.0,1.0,-1.0,0.0,0.0,1.0,1.0,0.0,60.0,16.0,60.0,16.0,0.0,0.0,1.0,0.0,0.0,6.0
2020_12_BAL_PIT,2020,12,PIT,BAL,10,10,0,0.0,0.0,0.0,1.0,1.0,0.0,1.0,0.0,1.0,1.0,0.0,36.0,14.0,36.0,14.0,1.0,0.0,0.0,0.0,14.0,4.0
2020_13_NO_ATL,2020,13,ATL,NO,7,7,0,0.0,0.0,0.0,0.0,0.0,0.0,1.0,1.0,0.0,0.0,1.0,,,70.0,0.0,0.0,0.0,0.0,0.0,0.0,0.0
2020_13_DET_CHI,2020,13,CHI,DET,7,10,-3,0.0,0.0,0.0,0.0,1.0,-1.0,1.0,0.0,1.0,1.0,0.0,35.0,5.0,35.0,5.0,1.0,0.0,0.0,0.0,15.0,0.0
2020_13_IND_HOU,2020,13,HOU,IND,10,7,3,0.0,0.0,0.0,1.0,0.0,1.0,1.0,1.0,0.0,1.0,0.0,,,70.0,0.0,0.0,0.0,0.0,0.0,0.0,0.0
2020_13_CIN_MIA,2020,13,MIA,CIN,7,7,0,0.0,0.0,0.0,0.0,0.0,0.0,0.0,0.0,1.0,1.0,0.0,81.0,5.0,81.0,5.0,0.0,0.0,0.0,0.0,0.0,0.0
2020_13_JAX_MIN,2020,13,MIN,JAX,7,7,0,0.0,0.0,0.0,0.0,0.0,0.0,0.0,1.0,0.0,0.0,1.0,,,70.0,0.0,0.0,0.0,0.0,0.0,0.0,0.0
2020_13_LV_NYJ,2020,13,NYJ,LV,7,7,0,0.0,0.0,0.0,0.0,0.0,0.0,0.0,0.0,1.0,0.0,1.0,39.0,18.0,39.0,18.0,1.0,0.0,1.0,0.0,11.0,8.0
2020_13_CLE_TEN,2020,13,TEN,CLE,7,7,0,0.0,0.0,0.0,0.0,0.0,0.0,0.0,0.0,1.0,1.0,0.0,52.0,1.0,52.0,1.0,0.0,0.0,0.0,0.0,0.0,0.0
2020_13_LA_ARI,2020,13,ARI,LA,7,7,0,0.0,0.0,0.0,0.0,0.0,0.0,1.0,1.0,0.0,1.0,0.0,,,70.0,0.0,0.0,0.0,0.0,0.0,0.0,0.0
2020_13_NYG_SEA,2020,13,SEA,NYG,6,7,-1,1.0,0.0,-1.0,0.0,0.0,0.0,0.0,0.0,1.0,0.0,1.0,51.0,4.0,51.0,4.0,0.0,0.0,0.0,0.0,0.0,0.0
2020_13_PHI_GB,2020,13,GB,PHI,7,6,1,0.0,1.0,1.0,0.0,0.0,0.0,0.0,0.0,1.0,1.0,0.0,34.0,9.0,34.0,9.0,1.0,0.0,0.0,0.0,16.0,0.0
2020_13_NE_LAC,2020,13,LAC,NE,7,7,0,0.0,0.0,0.0,0.0,0.0,0.0,0.0,1.0,0.0,0.0,1.0,,,70.0,0.0,0.0,0.0,0.0,0.0,0.0,0.0
2020_13_DEN_KC,2020,13,KC,DEN,7,7,0,0.0,0.0,0.0,0.0,0.0,0.0,1.0,0.0,1.0,0.0,1.0,41.0,9.0,41.0,9.0,0.0,0.0,0.0,0.0,9.0,0.0
2020_13_WAS_PIT,2020,13,PIT,WAS,5,11,-6,1.0,0.0,-1.0,0.0,1.0,-1.0,0.0,0.0,1.0,1.0,0.0,34.0,10.0,34.0,10.0,1.0,0.0,0.0,0.0,16.0,0.0
2020_13_BUF_SF,2020,13,SF,BUF,8,8,0,0.0,0.0,0.0,0.0,0.0,0.0,0.0,1.0,0.0,1.0,0.0,,,70.0,0.0,0.0,0.0,0.0,0.0,0.0,0.0
2020_13_DAL_BAL,2020,13,BAL,DAL,6,12,-6,1.0,0.0,-1.0,0.0,1.0,-1.0,0.0,0.0,1.0,1.0,0.0,38.0,9.0,38.0,9.0,1.0,0.0,0.0,0.0,12.0,0.0
2020_14_NE_LA,2020,14,LA,NE,4,4,0,1.0,1.0,0.0,0.0,0.0,0.0,0.0,1.0,0.0,0.0,1.0,,,70.0,0.0,0.0,0.0,0.0,0.0,0.0,0.0
2020_14_DEN_CAR,2020,14,CAR,DEN,14,7,7,0.0,0.0,0.0,1.0,0.0,1.0,0.0,0.0,1.0,1.0,0.0,70.0,7.0,70.0,7.0,0.0,0.0,0.0,0.0,0.0,0.0
2020_14_HOU_CHI,2020,14,CHI,HOU,7,7,0,0.0,0.0,0.0,0.0,0.0,0.0,0.0,0.0,1.0,1.0,0.0,34.0,1.0,34.0,1.0,1.0,0.0,0.0,0.0,16.0,0.0
2020_14_DAL_CIN,2020,14,CIN,DAL,7,5,2,0.0,1.0,1.0,0.0,0.0,0.0,0.0,0.0,1.0,1.0,0.0,44.0,5.0,44.0,5.0,0.0,0.0,0.0,0.0,6.0,0.0
2020_14_TEN_JAX,2020,14,JAX,TEN,7,7,0,0.0,0.0,0.0,0.0,0.0,0.0,1.0,0.0,1.0,1.0,0.0,69.0,2.0,69.0,2.0,0.0,0.0,0.0,0.0,0.0,0.0
2020_14_KC_MIA,2020,14,MIA,KC,7,7,0,0.0,0.0,0.0,0.0,0.0,0.0,0.0,0.0,1.0,1.0,0.0,81.0,8.0,81.0,8.0,0.0,0.0,0.0,0.0,0.0,0.0
2020_14_ARI_NYG,2020,14,NYG,ARI,7,7,0,0.0,0.0,0.0,0.0,0.0,0.0,0.0,0.0,1.0,0.0,1.0,59.0,15.0,59.0,15.0,0.0,0.0,1.0,0.0,0.0,5.0
2020_14_MIN_TB,2020,14,TB,MIN,14,7,7,0.0,0.0,0.0,1.0,0.0,1.0,0.0,0.0,1.0,1.0,0.0,78.0,5.0,78.0,5.0,0.0,0.0,0.0,0.0,0.0,0.0
2020_14_IND_LV,2020,14,LV,IND,7,7,0,0.0,0.0,0.0,0.0,0.0,0.0,0.0,1.0,0.0,1.0,0.0,,,70.0,0.0,0.0,0.0,0.0,0.0,0.0,0.0
2020_14_NYJ_SEA,2020,14,SEA,NYJ,7,7,0,0.0,0.0,0.0,0.0,0.0,0.0,0.0,0.0,1.0,0.0,1.0,43.0,8.0,43.0,8.0,0.0,0.0,0.0,0.0,7.0,0.0
2020_14_GB_DET,2020,14,DET,GB,7,7,0,0.0,0.0,0.0,0.0,0.0,0.0,1.0,1.0,0.0,0.0,1.0,,,70.0,0.0,0.0,0.0,0.0,0.0,0.0,0.0
2020_14_ATL_LAC,2020,14,LAC,ATL,7,7,0,0.0,0.0,0.0,0.0,0.0,0.0,0.0,1.0,0.0,0.0,1.0,,,70.0,0.0,0.0,0.0,0.0,0.0,0.0,0.0
2020_14_NO_PHI,2020,14,PHI,NO,7,7,0,0.0,0.0,0.0,0.0,0.0,0.0,0.0,0.0,1.0,1.0,0.0,57.0,10.0,57.0,10.0,0.0,0.0,0.0,0.0,0.0,0.0
2020_14_WAS_SF,2020,14,SF,WAS,6,6,0,1.0,1.0,0.0,0.0,0.0,0.0,0.0,1.0,0.0,1.0,0.0,,,70.0,0.0,0.0,0.0,0.0,0.0,0.0,0.0
2020_14_PIT_BUF,2020,14,BUF,PIT,6,6,0,1.0,1.0,0.0,0.0,0.0,0.0,0.0,0.0,1.0,0.0,1.0,35.0,11.0,35.0,11.0,1.0,0.0,0.0,0.0,15.0,1.0
2020_14_BAL_CLE,2020,14,CLE,BAL,8,6,2,0.0,1.0,1.0,0.0,0.0,0.0,1.0,0.0,1.0,1.0,0.0,34.0,18.0,34.0,18.0,1.0,0.0,1.0,0.0,16.0,8.0
2020_15_LAC_LV,2020,15,LV,LAC,4,4,0,1.0,1.0,0.0,0.0,0.0,0.0,1.0,1.0,0.0,1.0,0.0,,,70.0,0.0,0.0,0.0,0.0,0.0,0.0,0.0
2020_15_BUF_DEN,2020,15,DEN,BUF,6,6,0,1.0,1.0,0.0,0.0,0.0,0.0,0.0,0.0,1.0,1.0,0.0,47.0,24.0,47.0,24.0,0.0,0.0,1.0,1.0,3.0,14.0
2020_15_CAR_GB,2020,15,GB,CAR,6,6,0,1.0,1.0,0.0,0.0,0.0,0.0,0.0,0.0,1.0,1.0,0.0,33.0,5.0,33.0,5.0,1.0,0.0,0.0,0.0,17.0,0.0
2020_15_TB_ATL,2020,15,ATL,TB,7,7,0,0.0,0.0,0.0,0.0,0.0,0.0,1.0,1.0,0.0,0.0,1.0,,,70.0,0.0,0.0,0.0,0.0,0.0,0.0,0.0
2020_15_JAX_BAL,2020,15,BAL,JAX,6,7,-1,1.0,0.0,-1.0,0.0,0.0,0.0,0.0,0.0,1.0,1.0,0.0,39.0,3.0,39.0,3.0,1.0,0.0,0.0,0.0,11.0,0.0
2020_15_SF_DAL,2020,15,DAL,SF,7,7,0,0.0,0.0,0.0,0.0,0.0,0.0,0.0,1.0,0.0,0.0,1.0,,,70.0,0.0,0.0,0.0,0.0,0.0,0.0,0.0
2020_15_HOU_IND,2020,15,IND,HOU,7,7,0,0.0,0.0,0.0,0.0,0.0,0.0,1.0,1.0,0.0,0.0,1.0,,,70.0,0.0,0.0,0.0,0.0,0.0,0.0,0.0
2020_15_NE_MIA,2020,15,MIA,NE,7,10,-3,0.0,0.0,0.0,0.0,1.0,-1.0,1.0,0.0,1.0,1.0,0.0,79.0,9.0,79.0,9.0,0.0,0.0,0.0,0.0,0.0,0.0
2020_15_CHI_MIN,2020,15,MIN,CHI,7,7,0,0.0,0.0,0.0,0.0,0.0,0.0,1.0,1.0,0.0,0.0,1.0,,,70.0,0.0,0.0,0.0,0.0,0.0,0.0,0.0
2020_15_DET_TEN,2020,15,TEN,DET,7,7,0,0.0,0.0,0.0,0.0,0.0,0.0,0.0,0.0,1.0,1.0,0.0,46.0,5.0,46.0,5.0,0.0,0.0,0.0,0.0,4.0,0.0
2020_15_SEA_WAS,2020,15,WAS,SEA,7,7,0,0.0,0.0,0.0,0.0,0.0,0.0,0.0,0.0,1.0,1.0,0.0,43.0,8.0,43.0,8.0,0.0,0.0,0.0,0.0,7.0,0.0
2020_15_PHI_ARI,2020,15,ARI,PHI,7,7,0,0.0,0.0,0.0,0.0,0.0,0.0,0.0,1.0,0.0,1.0,0.0,,,70.0,0.0,0.0,0.0,0.0,0.0,0.0,0.0
2020_15_NYJ_LA,2020,15,LA,NYJ,10,7,3,0.0,0.0,0.0,1.0,0.0,1.0,0.0,1.0,0.0,0.0,1.0,,,70.0,0.0,0.0,0.0,0.0,0.0,0.0,0.0
2020_15_KC_NO,2020,15,NO,KC,7,7,0,0.0,0.0,0.0,0.0,0.0,0.0,0.0,1.0,0.0,0.0,1.0,,,70.0,0.0,0.0,0.0,0.0,0.0,0.0,0.0
2020_15_CLE_NYG,2020,15,NYG,CLE,7,6,1,0.0,1.0,1.0,0.0,0.0,0.0,0.0,0.0,1.0,0.0,1.0,36.0,0.0,36.0,0.0,1.0,0.0,0.0,0.0,14.0,0.0
2020_15_PIT_CIN,2020,15,CIN,PIT,8,8,0,0.0,0.0,0.0,0.0,0.0,0.0,1.0,0.0,1.0,1.0,0.0,43.0,10.0,43.0,10.0,0.0,0.0,0.0,0.0,7.0,0.0
2020_16_MIN_NO,2020,16,NO,MIN,5,5,0,1.0,1.0,0.0,0.0,0.0,0.0,0.0,1.0,0.0,0.0,1.0,,,70.0,0.0,0.0,0.0,0.0,0.0,0.0,0.0
2020_16_TB_DET,2020,16,DET,TB,6,6,0,1.0,1.0,0.0,0.0,0.0,0.0,0.0,1.0,0.0,0.0,1.0,,,70.0,0.0,0.0,0.0,0.0,0.0,0.0,0.0
2020_16_SF_ARI,2020,16,ARI,SF,6,6,0,1.0,1.0,0.0,0.0,0.0,0.0,1.0,1.0,0.0,1.0,0.0,,,70.0,0.0,0.0,0.0,0.0,0.0,0.0,0.0
2020_16_MIA_LV,2020,16,LV,MIA,9,6,3,0.0,1.0,1.0,0.0,0.0,0.0,0.0,1.0,0.0,1.0,0.0,,,70.0,0.0,0.0,0.0,0.0,0.0,0.0,0.0
2020_16_NYG_BAL,2020,16,BAL,NYG,7,7,0,0.0,0.0,0.0,0.0,0.0,0.0,0.0,0.0,1.0,1.0,0.0,38.0,3.0,38.0,3.0,1.0,0.0,0.0,0.0,12.0,0.0
2020_16_CIN_HOU,2020,16,HOU,CIN,7,6,1,0.0,1.0,1.0,0.0,0.0,0.0,0.0,1.0,0.0,1.0,0.0,,,70.0,0.0,0.0,0.0,0.0,0.0,0.0,0.0
2020_16_CHI_JAX,2020,16,JAX,CHI,7,7,0,0.0,0.0,0.0,0.0,0.0,0.0,0.0,0.0,1.0,1.0,0.0,55.0,5.0,55.0,5.0,0.0,0.0,0.0,0.0,0.0,0.0
2020_16_ATL_KC,2020,16,KC,ATL,7,7,0,0.0,0.0,0.0,0.0,0.0,0.0,0.0,0.0,1.0,0.0,1.0,49.0,8.0,49.0,8.0,0.0,0.0,0.0,0.0,1.0,0.0
2020_16_CLE_NYJ,2020,16,NYJ,CLE,7,7,0,0.0,0.0,0.0,0.0,0.0,0.0,0.0,0.0,1.0,0.0,1.0,37.0,5.0,37.0,5.0,1.0,0.0,0.0,0.0,13.0,0.0
2020_16_IND_PIT,2020,16,PIT,IND,6,7,-1,1.0,0.0,-1.0,0.0,0.0,0.0,0.0,0.0,1.0,1.0,0.0,37.0,6.0,37.0,6.0,1.0,0.0,0.0,0.0,13.0,0.0
2020_16_DEN_LAC,2020,16,LAC,DEN,10,8,2,0.0,0.0,0.0,1.0,0.0,1.0,1.0,1.0,0.0,0.0,1.0,,,70.0,0.0,0.0,0.0,0.0,0.0,0.0,0.0
2020_16_CAR_WAS,2020,16,WAS,CAR,7,8,-1,0.0,0.0,0.0,0.0,0.0,0.0,0.0,0.0,1.0,1.0,0.0,41.0,6.0,41.0,6.0,0.0,0.0,0.0,0.0,9.0,0.0
2020_16_PHI_DAL,2020,16,DAL,PHI,7,7,0,0.0,0.0,0.0,0.0,0.0,0.0,1.0,1.0,0.0,0.0,1.0,,,70.0,0.0,0.0,0.0,0.0,0.0,0.0,0.0
2020_16_LA_SEA,2020,16,SEA,LA,7,7,0,0.0,0.0,0.0,0.0,0.0,0.0,1.0,0.0,1.0,0.0,1.0,45.0,2.0,45.0,2.0,0.0,0.0,0.0,0.0,5.0,0.0
2020_16_TEN_GB,2020,16,GB,TEN,8,7,1,0.0,0.0,0.0,0.0,0.0,0.0,0.0,0.0,1.0,1.0,0.0,28.0,15.0,28.0,15.0,1.0,0.0,1.0,0.0,22.0,5.0
2020_16_BUF_NE,2020,16,NE,BUF,8,9,-1,0.0,0.0,0.0,0.0,0.0,0.0,1.0,0.0,1.0,1.0,0.0,41.0,4.0,41.0,4.0,0.0,0.0,0.0,0.0,9.0,0.0
2020_17_MIA_BUF,2020,17,BUF,MIA,6,8,-2,1.0,0.0,-1.0,0.0,0.0,0.0,1.0,0.0,1.0,0.0,1.0,35.0,1.0,35.0,1.0,1.0,0.0,0.0,0.0,15.0,0.0
2020_17_BAL_CIN,2020,17,CIN,BAL,7,7,0,0.0,0.0,0.0,0.0,0.0,0.0,1.0,0.0,1.0,1.0,0.0,39.0,10.0,39.0,10.0,1.0,0.0,0.0,0.0,11.0,0.0
2020_17_PIT_CLE,2020,17,CLE,PIT,7,7,0,0.0,0.0,0.0,0.0,0.0,0.0,1.0,0.0,1.0,1.0,0.0,38.0,7.0,38.0,7.0,1.0,0.0,0.0,0.0,12.0,0.0
2020_17_MIN_DET,2020,17,DET,MIN,8,9,-1,0.0,0.0,0.0,0.0,0.0,0.0,1.0,1.0,0.0,0.0,1.0,,,70.0,0.0,0.0,0.0,0.0,0.0,0.0,0.0
2020_17_NYJ_NE,2020,17,NE,NYJ,6,7,-1,1.0,0.0,-1.0,0.0,0.0,0.0,1.0,0.0,1.0,1.0,0.0,33.0,5.0,33.0,5.0,1.0,0.0,0.0,0.0,17.0,0.0
2020_17_DAL_NYG,2020,17,NYG,DAL,7,7,0,0.0,0.0,0.0,0.0,0.0,0.0,1.0,0.0,1.0,0.0,1.0,33.0,6.0,33.0,6.0,1.0,0.0,0.0,0.0,17.0,0.0
2020_17_ATL_TB,2020,17,TB,ATL,8,7,1,0.0,0.0,0.0,0.0,0.0,0.0,1.0,0.0,1.0,1.0,0.0,65.0,4.0,65.0,4.0,0.0,0.0,0.0,0.0,0.0,0.0
2020_17_NO_CAR,2020,17,CAR,NO,7,9,-2,0.0,0.0,0.0,0.0,0.0,0.0,1.0,0.0,1.0,1.0,0.0,57.0,2.0,57.0,2.0,0.0,0.0,0.0,0.0,0.0,0.0
2020_17_GB_CHI,2020,17,CHI,GB,7,7,0,0.0,0.0,0.0,0.0,0.0,0.0,1.0,0.0,1.0,1.0,0.0,32.0,7.0,32.0,7.0,1.0,0.0,0.0,0.0,18.0,0.0
2020_17_LV_DEN,2020,17,DEN,LV,7,8,-1,0.0,0.0,0.0,0.0,0.0,0.0,1.0,0.0,1.0,1.0,0.0,53.0,10.0,53.0,10.0,0.0,0.0,0.0,0.0,0.0,0.0
2020_17_TEN_HOU,2020,17,HOU,TEN,7,7,0,0.0,0.0,0.0,0.0,0.0,0.0,1.0,1.0,0.0,1.0,0.0,,,70.0,0.0,0.0,0.0,0.0,0.0,0.0,0.0
2020_17_JAX_IND,2020,17,IND,JAX,7,7,0,0.0,0.0,0.0,0.0,0.0,0.0,1.0,1.0,0.0,0.0,1.0,,,70.0,0.0,0.0,0.0,0.0,0.0,0.0,0.0
2020_17_LAC_KC,2020,17,KC,LAC,7,7,0,0.0,0.0,0.0,0.0,0.0,0.0,1.0,0.0,1.0,0.0,1.0,35.0,6.0,35.0,6.0,1.0,0.0,0.0,0.0,15.0,0.0
2020_17_ARI_LA,2020,17,LA,ARI,7,8,-1,0.0,0.0,0.0,0.0,0.0,0.0,1.0,1.0,0.0,0.0,1.0,,,70.0,0.0,0.0,0.0,0.0,0.0,0.0,0.0
2020_17_SEA_SF,2020,17,SF,SEA,8,7,1,0.0,0.0,0.0,0.0,0.0,0.0,1.0,1.0,0.0,1.0,0.0,,,70.0,0.0,0.0,0.0,0.0,0.0,0.0,0.0
2020_17_WAS_PHI,2020,17,PHI,WAS,7,7,0,0.0,0.0,0.0,0.0,0.0,0.0,1.0,0.0,1.0,1.0,0.0,38.0,10.0,38.0,10.0,1.0,0.0,0.0,0.0,12.0,0.0
2020_18_IND_BUF,2020,18,BUF,IND,6,6,0,1.0,1.0,0.0,0.0,0.0,0.0,0.0,0.0,1.0,0.0,1.0,34.0,6.0,34.0,6.0,1.0,0.0,0.0,0.0,16.0,0.0
2020_18_LA_SEA,2020,18,SEA,LA,6,6,0,1.0,1.0,0.0,0.0,0.0,0.0,1.0,0.0,1.0,0.0,1.0,39.0,1.0,39.0,1.0,1.0,0.0,0.0,0.0,11.0,0.0
2020_18_TB_WAS,2020,18,WAS,TB,6,6,0,1.0,1.0,0.0,0.0,0.0,0.0,0.0,0.0,1.0,1.0,0.0,40.0,10.0,40.0,10.0,1.0,0.0,0.0,0.0,10.0,0.0
2020_18_BAL_TEN,2020,18,TEN,BAL,7,7,0,0.0,0.0,0.0,0.0,0.0,0.0,0.0,0.0,1.0,1.0,0.0,33.0,1.0,33.0,1.0,1.0,0.0,0.0,0.0,17.0,0.0
2020_18_CHI_NO,2020,18,NO,CHI,7,7,0,0.0,0.0,0.0,0.0,0.0,0.0,0.0,1.0,0.0,0.0,1.0,,,70.0,0.0,0.0,0.0,0.0,0.0,0.0,0.0
2020_18_CLE_PIT,2020,18,PIT,CLE,7,7,0,0.0,0.0,0.0,0.0,0.0,0.0,1.0,0.0,1.0,1.0,0.0,34.0,1.0,34.0,1.0,1.0,0.0,0.0,0.0,16.0,0.0
2020_19_LA_GB,2020,19,GB,LA,13,7,6,0.0,0.0,0.0,1.0,0.0,1.0,0.0,0.0,1.0,1.0,0.0,35.0,13.0,35.0,13.0,1.0,0.0,0.0,0.0,15.0,3.0
2020_19_BAL_BUF,2020,19,BUF,BAL,7,6,1,0.0,1.0,1.0,0.0,0.0,0.0,0.0,0.0,1.0,0.0,1.0,34.0,13.0,34.0,13.0,1.0,0.0,0.0,0.0,16.0,3.0
2020_19_CLE_KC,2020,19,KC,CLE,14,7,7,0.0,0.0,0.0,1.0,0.0,1.0,0.0,0.0,1.0,0.0,1.0,40.0,13.0,40.0,13.0,1.0,0.0,0.0,0.0,10.0,3.0
2020_19_TB_NO,2020,19,NO,TB,7,8,-1,0.0,0.0,0.0,0.0,0.0,0.0,1.0,1.0,0.0,0.0,1.0,,,70.0,0.0,0.0,0.0,0.0,0.0,0.0,0.0
2020_20_TB_GB,2020,20,GB,TB,8,7,1,0.0,0.0,0.0,0.0,0.0,0.0,0.0,0.0,1.0,1.0,0.0,29.0,10.0,29.0,10.0,1.0,0.0,0.0,0.0,21.0,0.0
2020_20_BUF_KC,2020,20,KC,BUF,7,8,-1,0.0,0.0,0.0,0.0,0.0,0.0,0.0,0.0,1.0,0.0,1.0,40.0,7.0,40.0,7.0,1.0,0.0,0.0,0.0,10.0,0.0
2020_21_KC_TB,2020,21,TB,KC,14,14,0,0.0,0.0,0.0,1.0,1.0,0.0,0.0,0.0,1.0,1.0,0.0,63.0,9.0,63.0,9.0,0.0,0.0,0.0,0.0,0.0,0.0
2021_01_DAL_TB,2021,1,TB,DAL,7,7,0,0.0,0.0,0.0,0.0,0.0,0.0,0.0,0.0,1.0,1.0,0.0,82.0,9.0,82.0,9.0,0.0,0.0,0.0,0.0,0.0,0.0
2021_01_PHI_ATL,2021,1,ATL,PHI,7,7,0,0.0,0.0,0.0,0.0,0.0,0.0,0.0,0.0,1.0,0.0,1.0,,,,,0.0,0.0,0.0,0.0,0.0,0.0
2021_01_PIT_BUF,2021,1,BUF,PIT,7,7,0,0.0,0.0,0.0,0.0,0.0,0.0,0.0,0.0,1.0,0.0,1.0,73.0,17.0,73.0,17.0,0.0,0.0,1.0,0.0,0.0,7.0
2021_01_NYJ_CAR,2021,1,CAR,NYJ,7,7,0,0.0,0.0,0.0,0.0,0.0,0.0,0.0,0.0,1.0,1.0,0.0,81.0,0.0,81.0,0.0,0.0,0.0,0.0,0.0,0.0,0.0
2021_01_MIN_CIN,2021,1,CIN,MIN,7,7,0,0.0,0.0,0.0,0.0,0.0,0.0,0.0,0.0,1.0,0.0,1.0,81.0,15.0,81.0,15.0,0.0,0.0,1.0,0.0,0.0,5.0
2021_01_SF_DET,2021,1,DET,SF,7,7,0,0.0,0.0,0.0,0.0,0.0,0.0,0.0,1.0,0.0,0.0,1.0,,,70.0,0.0,0.0,0.0,0.0,0.0,0.0,0.0
2021_01_JAX_HOU,2021,1,HOU,JAX,7,7,0,0.0,0.0,0.0,0.0,0.0,0.0,1.0,1.0,0.0,0.0,1.0,,,70.0,0.0,0.0,0.0,0.0,0.0,0.0,0.0
2021_01_SEA_IND,2021,1,IND,SEA,7,7,0,0.0,0.0,0.0,0.0,0.0,0.0,0.0,1.0,0.0,0.0,1.0,,,70.0,0.0,0.0,0.0,0.0,0.0,0.0,0.0
2021_01_ARI_TEN,2021,1,TEN,ARI,7,7,0,0.0,0.0,0.0,0.0,0.0,0.0,0.0,0.0,1.0,1.0,0.0,82.0,8.0,82.0,8.0,0.0,0.0,0.0,0.0,0.0,0.0
2021_01_LAC_WAS,2021,1,WAS,LAC,7,7,0,0.0,0.0,0.0,0.0,0.0,0.0,0.0,0.0,1.0,1.0,0.0,81.0,4.0,81.0,4.0,0.0,0.0,0.0,0.0,0.0,0.0
2021_01_CLE_KC,2021,1,KC,CLE,7,7,0,0.0,0.0,0.0,0.0,0.0,0.0,0.0,0.0,1.0,1.0,0.0,88.0,8.0,88.0,8.0,0.0,0.0,0.0,0.0,0.0,0.0
2021_01_MIA_NE,2021,1,NE,MIA,7,7,0,0.0,0.0,0.0,0.0,0.0,0.0,1.0,0.0,1.0,0.0,1.0,81.0,15.0,81.0,15.0,0.0,0.0,1.0,0.0,0.0,5.0
2021_01_GB_NO,2021,1,NO,GB,7,7,0,0.0,0.0,0.0,0.0,0.0,0.0,0.0,0.0,1.0,1.0,0.0,86.0,9.0,86.0,9.0,0.0,0.0,0.0,0.0,0.0,0.0
2021_01_DEN_NYG,2021,1,NYG,DEN,7,7,0,0.0,0.0,0.0,0.0,0.0,0.0,0.0,0.0,1.0,0.0,1.0,82.0,19.0,82.0,19.0,0.0,0.0,1.0,0.0,0.0,9.0
2021_01_CHI_LA,2021,1,LA,CHI,7,7,0,0.0,0.0,0.0,0.0,0.0,0.0,0.0,1.0,0.0,0.0,1.0,,,70.0,0.0,0.0,0.0,0.0,0.0,0.0,0.0
2021_01_BAL_LV,2021,1,LV,BAL,7,7,0,0.0,0.0,0.0,0.0,0.0,0.0,0.0,1.0,0.0,1.0,0.0,,,70.0,0.0,0.0,0.0,0.0,0.0,0.0,0.0
2021_02_NYG_WAS,2021,2,WAS,NYG,4,4,0,1.0,1.0,0.0,0.0,0.0,0.0,1.0,0.0,1.0,1.0,0.0,71.0,0.0,71.0,0.0,0.0,0.0,0.0,0.0,0.0,0.0
2021_02_NO_CAR,2021,2,CAR,NO,7,7,0,0.0,0.0,0.0,0.0,0.0,0.0,1.0,0.0,1.0,1.0,0.0,83.0,4.0,83.0,4.0,0.0,0.0,0.0,0.0,0.0,0.0
2021_02_CIN_CHI,2021,2,CHI,CIN,7,7,0,0.0,0.0,0.0,0.0,0.0,0.0,0.0,0.0,1.0,1.0,0.0,80.0,0.0,80.0,0.0,0.0,0.0,0.0,0.0,0.0,0.0
2021_02_HOU_CLE,2021,2,CLE,HOU,7,7,0,0.0,0.0,0.0,0.0,0.0,0.0,0.0,0.0,1.0,1.0,0.0,75.0,12.0,75.0,12.0,0.0,0.0,0.0,0.0,0.0,2.0
2021_02_LA_IND,2021,2,IND,LA,7,7,0,0.0,0.0,0.0,0.0,0.0,0.0,0.0,1.0,0.0,0.0,1.0,,,70.0,0.0,0.0,0.0,0.0,0.0,0.0,0.0
2021_02_DEN_JAX,2021,2,JAX,DEN,7,7,0,0.0,0.0,0.0,0.0,0.0,0.0,0.0,0.0,1.0,1.0,0.0,80.0,7.0,80.0,7.0,0.0,0.0,0.0,0.0,0.0,0.0
2021_02_BUF_MIA,2021,2,MIA,BUF,7,7,0,0.0,0.0,0.0,0.0,0.0,0.0,1.0,0.0,1.0,1.0,0.0,89.0,7.0,89.0,7.0,0.0,0.0,0.0,0.0,0.0,0.0
2021_02_NE_NYJ,2021,2,NYJ,NE,7,7,0,0.0,0.0,0.0,0.0,0.0,0.0,1.0,0.0,1.0,0.0,1.0,72.0,13.0,72.0,13.0,0.0,0.0,0.0,0.0,0.0,3.0
2021_02_SF_PHI,2021,2,PHI,SF,7,7,0,0.0,0.0,0.0,0.0,0.0,0.0,0.0,0.0,1.0,1.0,0.0,76.0,13.0,76.0,13.0,0.0,0.0,0.0,0.0,0.0,3.0
2021_02_LV_PIT,2021,2,PIT,LV,7,6,1,0.0,1.0,1.0,0.0,0.0,0.0,0.0,0.0,1.0,1.0,0.0,77.0,4.0,77.0,4.0,0.0,0.0,0.0,0.0,0.0,0.0
2021_02_MIN_ARI,2021,2,ARI,MIN,7,7,0,0.0,0.0,0.0,0.0,0.0,0.0,0.0,1.0,0.0,1.0,0.0,,,70.0,0.0,0.0,0.0,0.0,0.0,0.0,0.0
2021_02_ATL_TB,2021,2,TB,ATL,10,7,3,0.0,0.0,0.0,1.0,0.0,1.0,1.0,0.0,1.0,1.0,0.0,85.0,0.0,85.0,0.0,0.0,0.0,0.0,0.0,0.0,0.0
2021_02_DAL_LAC,2021,2,LAC,DAL,7,10,-3,0.0,0.0,0.0,0.0,1.0,-1.0,0.0,1.0,0.0,0.0,1.0,,,70.0,0.0,0.0,0.0,0.0,0.0,0.0,0.0
2021_02_TEN_SEA,2021,2,SEA,TEN,7,7,0,0.0,0.0,0.0,0.0,0.0,0.0,0.0,0.0,1.0,0.0,1.0,62.0,14.0,62.0,14.0,0.0,0.0,0.0,0.0,0.0,4.0
2021_02_KC_BAL,2021,2,BAL,KC,6,7,-1,1.0,0.0,-1.0,0.0,0.0,0.0,0.0,0.0,1.0,1.0,0.0,82.0,8.0,82.0,8.0,0.0,0.0,0.0,0.0,0.0,0.0
2021_02_DET_GB,2021,2,GB,DET,8,8,0,0.0,0.0,0.0,0.0,0.0,0.0,1.0,0.0,1.0,1.0,0.0,73.0,12.0,73.0,12.0,0.0,0.0,0.0,0.0,0.0,2.0
2021_03_CAR_HOU,2021,3,HOU,CAR,4,4,0,1.0,1.0,0.0,0.0,0.0,0.0,0.0,1.0,0.0,0.0,1.0,,,70.0,0.0,0.0,0.0,0.0,0.0,0.0,0.0
2021_03_WAS_BUF,2021,3,BUF,WAS,7,10,-3,0.0,0.0,0.0,0.0,1.0,-1.0,0.0,0.0,1.0,0.0,1.0,67.0,21.0,67.0,21.0,0.0,0.0,1.0,1.0,0.0,11.0
2021_03_CHI_CLE,2021,3,CLE,CHI,7,7,0,0.0,0.0,0.0,0.0,0.0,0.0,0.0,0.0,1.0,1.0,0.0,70.0,22.0,70.0,22.0,0.0,0.0,1.0,1.0,0.0,12.0
2021_03_BAL_DET,2021,3,DET,BAL,6,7,-1,1.0,0.0,-1.0,0.0,0.0,0.0,0.0,1.0,0.0,0.0,1.0,,,70.0,0.0,0.0,0.0,0.0,0.0,0.0,0.0
2021_03_ARI_JAX,2021,3,JAX,ARI,7,7,0,0.0,0.0,0.0,0.0,0.0,0.0,0.0,0.0,1.0,1.0,0.0,81.0,4.0,81.0,4.0,0.0,0.0,0.0,0.0,0.0,0.0
2021_03_LAC_KC,2021,3,KC,LAC,7,7,0,0.0,0.0,0.0,0.0,0.0,0.0,1.0,0.0,1.0,1.0,0.0,81.0,19.0,81.0,19.0,0.0,0.0,1.0,0.0,0.0,9.0
2021_03_NO_NE,2021,3,NE,NO,7,7,0,0.0,0.0,0.0,0.0,0.0,0.0,0.0,0.0,1.0,0.0,1.0,73.0,11.0,73.0,11.0,0.0,0.0,0.0,0.0,0.0,1.0
2021_03_ATL_NYG,2021,3,NYG,ATL,10,7,3,0.0,0.0,0.0,1.0,0.0,1.0,0.0,0.0,1.0,0.0,1.0,69.0,13.0,69.0,13.0,0.0,0.0,0.0,0.0,0.0,3.0
2021_03_CIN_PIT,2021,3,PIT,CIN,7,7,0,0.0,0.0,0.0,0.0,0.0,0.0,1.0,0.0,1.0,1.0,0.0,67.0,9.0,67.0,9.0,0.0,0.0,0.0,0.0,0.0,0.0
2021_03_IND_TEN,2021,3,TEN,IND,7,7,0,0.0,0.0,0.0,0.0,0.0,0.0,1.0,0.0,1.0,1.0,0.0,72.0,4.0,72.0,4.0,0.0,0.0,0.0,0.0,0.0,0.0
2021_03_NYJ_DEN,2021,3,DEN,NYJ,7,7,0,0.0,0.0,0.0,0.0,0.0,0.0,0.0,0.0,1.0,1.0,0.0,82.0,6.0,82.0,6.0,0.0,0.0,0.0,0.0,0.0,0.0
2021_03_MIA_LV,2021,3,LV,MIA,7,7,0,0.0,0.0,0.0,0.0,0.0,0.0,0.0,1.0,0.0,1.0,0.0,,,70.0,0.0,0.0,0.0,0.0,0.0,0.0,0.0
2021_03_TB_LA,2021,3,LA,TB,7,7,0,0.0,0.0,0.0,0.0,0.0,0.0,0.0,1.0,0.0,0.0,1.0,,,70.0,0.0,0.0,0.0,0.0,0.0,0.0,0.0
2021_03_SEA_MIN,2021,3,MIN,SEA,7,7,0,0.0,0.0,0.0,0.0,0.0,0.0,0.0,1.0,0.0,0.0,1.0,,,70.0,0.0,0.0,0.0,0.0,0.0,0.0,0.0
2021_03_GB_SF,2021,3,SF,GB,7,6,1,0.0,1.0,1.0,0.0,0.0,0.0,0.0,0.0,1.0,1.0,0.0,69.0,15.0,69.0,15.0,0.0,0.0,1.0,0.0,0.0,5.0
2021_03_PHI_DAL,2021,3,DAL,PHI,8,8,0,0.0,0.0,0.0,0.0,0.0,0.0,1.0,0.0,1.0,0.0,1.0,,,,,0.0,0.0,0.0,0.0,0.0,0.0
2021_04_JAX_CIN,2021,4,CIN,JAX,4,4,0,1.0,1.0,0.0,0.0,0.0,0.0,0.0,0.0,1.0,0.0,1.0,65.0,0.0,65.0,0.0,0.0,0.0,0.0,0.0,0.0,0.0
2021_04_WAS_ATL,2021,4,ATL,WAS,7,7,0,0.0,0.0,0.0,0.0,0.0,0.0,0.0,0.0,1.0,0.0,1.0,,,,,0.0,0.0,0.0,0.0,0.0,0.0
2021_04_HOU_BUF,2021,4,BUF,HOU,7,10,-3,0.0,0.0,0.0,0.0,1.0,-1.0,0.0,0.0,1.0,0.0,1.0,67.0,12.0,67.0,12.0,0.0,0.0,0.0,0.0,0.0,2.0
2021_04_DET_CHI,2021,4,CHI,DET,7,7,0,0.0,0.0,0.0,0.0,0.0,0.0,1.0,0.0,1.0,1.0,0.0,72.0,4.0,72.0,4.0,0.0,0.0,0.0,0.0,0.0,0.0
2021_04_CAR_DAL,2021,4,DAL,CAR,6,10,-4,1.0,0.0,-1.0,0.0,1.0,-1.0,0.0,1.0,0.0,0.0,1.0,,,70.0,0.0,0.0,0.0,0.0,0.0,0.0,0.0
2021_04_IND_MIA,2021,4,MIA,IND,7,7,0,0.0,0.0,0.0,0.0,0.0,0.0,0.0,0.0,1.0,1.0,0.0,85.0,16.0,85.0,16.0,0.0,0.0,1.0,0.0,0.0,6.0
2021_04_CLE_MIN,2021,4,MIN,CLE,7,7,0,0.0,0.0,0.0,0.0,0.0,0.0,0.0,1.0,0.0,0.0,1.0,,,70.0,0.0,0.0,0.0,0.0,0.0,0.0,0.0
2021_04_NYG_NO,2021,4,NO,NYG,7,7,0,0.0,0.0,0.0,0.0,0.0,0.0,0.0,1.0,0.0,0.0,1.0,,,70.0,0.0,0.0,0.0,0.0,0.0,0.0,0.0
2021_04_TEN_NYJ,2021,4,NYJ,TEN,7,7,0,0.0,0.0,0.0,0.0,0.0,0.0,0.0,0.0,1.0,0.0,1.0,78.0,9.0,78.0,9.0,0.0,0.0,0.0,0.0,0.0,0.0
2021_04_KC_PHI,2021,4,PHI,KC,6,7,-1,1.0,0.0,-1.0,0.0,0.0,0.0,0.0,0.0,1.0,1.0,0.0,73.0,8.0,73.0,8.0,0.0,0.0,0.0,0.0,0.0,0.0
2021_04_ARI_LA,2021,4,LA,ARI,7,7,0,0.0,0.0,0.0,0.0,0.0,0.0,1.0,1.0,0.0,0.0,1.0,,,70.0,0.0,0.0,0.0,0.0,0.0,0.0,0.0
2021_04_SEA_SF,2021,4,SF,SEA,7,7,0,0.0,0.0,0.0,0.0,0.0,0.0,1.0,0.0,1.0,1.0,0.0,80.0,0.0,80.0,0.0,0.0,0.0,0.0,0.0,0.0,0.0
2021_04_BAL_DEN,2021,4,DEN,BAL,7,7,0,0.0,0.0,0.0,0.0,0.0,0.0,0.0,0.0,1.0,1.0,0.0,77.0,11.0,77.0,11.0,0.0,0.0,0.0,0.0,0.0,1.0
2021_04_PIT_GB,2021,4,GB,PIT,7,7,0,0.0,0.0,0.0,0.0,0.0,0.0,0.0,0.0,1.0,1.0,0.0,67.0,4.0,67.0,4.0,0.0,0.0,0.0,0.0,0.0,0.0
2021_04_TB_NE,2021,4,NE,TB,7,7,0,0.0,0.0,0.0,0.0,0.0,0.0,0.0,0.0,1.0,0.0,1.0,62.0,4.0,62.0,4.0,0.0,0.0,0.0,0.0,0.0,0.0
2021_04_LV_LAC,2021,4,LAC,LV,8,8,0,0.0,0.0,0.0,0.0,0.0,0.0,1.0,1.0,0.0,0.0,1.0,,,70.0,0.0,0.0,0.0,0.0,0.0,0.0,0.0
2021_05_LA_SEA,2021,5,SEA,LA,4,4,0,1.0,1.0,0.0,0.0,0.0,0.0,1.0,0.0,1.0,0.0,1.0,56.0,8.0,56.0,8.0,0.0,0.0,0.0,0.0,0.0,0.0
2021_05_NYJ_ATL,2021,5,ATL,NYJ,7,7,0,0.0,0.0,0.0,0.0,0.0,0.0,0.0,0.0,1.0,1.0,0.0,63.0,8.0,63.0,8.0,0.0,0.0,0.0,0.0,0.0,0.0
2021_05_PHI_CAR,2021,5,CAR,PHI,7,7,0,0.0,0.0,0.0,0.0,0.0,0.0,0.0,0.0,1.0,1.0,0.0,76.0,13.0,76.0,13.0,0.0,0.0,0.0,0.0,0.0,3.0
2021_05_GB_CIN,2021,5,CIN,GB,10,7,3,0.0,0.0,0.0,1.0,0.0,1.0,0.0,0.0,1.0,0.0,1.0,76.0,12.0,76.0,12.0,0.0,0.0,0.0,0.0,0.0,2.0
2021_05_NE_HOU,2021,5,HOU,NE,7,7,0,0.0,0.0,0.0,0.0,0.0,0.0,0.0,1.0,0.0,0.0,1.0,,,70.0,0.0,0.0,0.0,0.0,0.0,0.0,0.0
2021_05_TEN_JAX,2021,5,JAX,TEN,10,7,3,0.0,0.0,0.0,1.0,0.0,1.0,1.0,0.0,1.0,1.0,0.0,78.0,11.0,78.0,11.0,0.0,0.0,0.0,0.0,0.0,1.0
2021_05_DET_MIN,2021,5,MIN,DET,7,7,0,0.0,0.0,0.0,0.0,0.0,0.0,1.0,1.0,0.0,0.0,1.0,,,70.0,0.0,0.0,0.0,0.0,0.0,0.0,0.0
2021_05_DEN_PIT,2021,5,PIT,DEN,7,7,0,0.0,0.0,0.0,0.0,0.0,0.0,0.0,0.0,1.0,1.0,0.0,71.0,9.0,71.0,9.0,0.0,0.0,0.0,0.0,0.0,0.0
2021_05_MIA_TB,2021,5,TB,MIA,7,7,0,0.0,0.0,0.0,0.0,0.0,0.0,0.0,0.0,1.0,1.0,0.0,84.0,7.0,84.0,7.0,0.0,0.0,0.0,0.0,0.0,0.0
2021_05_NO_WAS,2021,5,WAS,NO,7,7,0,0.0,0.0,0.0,0.0,0.0,0.0,0.0,0.0,1.0,1.0,0.0,70.0,12.0,70.0,12.0,0.0,0.0,0.0,0.0,0.0,2.0
2021_05_CLE_LAC,2021,5,LAC,CLE,6,7,-1,1.0,0.0,-1.0,0.0,0.0,0.0,0.0,1.0,0.0,0.0,1.0,,,70.0,0.0,0.0,0.0,0.0,0.0,0.0,0.0
2021_05_CHI_LV,2021,5,LV,CHI,6,7,-1,1.0,0.0,-1.0,0.0,0.0,0.0,0.0,1.0,0.0,1.0,0.0,,,70.0,0.0,0.0,0.0,0.0,0.0,0.0,0.0
2021_05_SF_ARI,2021,5,ARI,SF,7,7,0,0.0,0.0,0.0,0.0,0.0,0.0,1.0,1.0,0.0,1.0,0.0,,,70.0,0.0,0.0,0.0,0.0,0.0,0.0,0.0
2021_05_NYG_DAL,2021,5,DAL,NYG,7,7,0,0.0,0.0,0.0,0.0,0.0,0.0,1.0,1.0,0.0,0.0,1.0,,,70.0,0.0,0.0,0.0,0.0,0.0,0.0,0.0
2021_05_BUF_KC,2021,5,KC,BUF,7,7,0,0.0,0.0,0.0,0.0,0.0,0.0,0.0,0.0,1.0,1.0,0.0,76.0,0.0,76.0,0.0,0.0,0.0,0.0,0.0,0.0,0.0
2021_05_IND_BAL,2021,5,BAL,IND,8,8,0,0.0,0.0,0.0,0.0,0.0,0.0,0.0,0.0,1.0,1.0,0.0,69.0,6.0,69.0,6.0,0.0,0.0,0.0,0.0,0.0,0.0
2021_06_TB_PHI,2021,6,PHI,TB,4,4,0,1.0,1.0,0.0,0.0,0.0,0.0,0.0,0.0,1.0,1.0,0.0,74.0,8.0,74.0,8.0,0.0,0.0,0.0,0.0,0.0,0.0
2021_06_MIA_JAX,2021,6,JAX,MIA,7,7,0,0.0,0.0,0.0,0.0,0.0,0.0,0.0,0.0,1.0,1.0,0.0,63.0,11.0,63.0,11.0,0.0,0.0,0.0,0.0,0.0,1.0
2021_06_LAC_BAL,2021,6,BAL,LAC,6,7,-1,1.0,0.0,-1.0,0.0,0.0,0.0,0.0,0.0,1.0,1.0,0.0,63.0,15.0,63.0,15.0,0.0,0.0,1.0,0.0,0.0,5.0
2021_06_MIN_CAR,2021,6,CAR,MIN,7,7,0,0.0,0.0,0.0,0.0,0.0,0.0,0.0,0.0,1.0,1.0,0.0,62.0,7.0,62.0,7.0,0.0,0.0,0.0,0.0,0.0,0.0
2021_06_GB_CHI,2021,6,CHI,GB,7,7,0,0.0,0.0,0.0,0.0,0.0,0.0,1.0,0.0,1.0,1.0,0.0,59.0,6.0,59.0,6.0,0.0,0.0,0.0,0.0,0.0,0.0
2021_06_CIN_DET,2021,6,DET,CIN,7,7,0,0.0,0.0,0.0,0.0,0.0,0.0,0.0,1.0,0.0,0.0,1.0,,,70.0,0.0,0.0,0.0,0.0,0.0,0.0,0.0
2021_06_HOU_IND,2021,6,IND,HOU,6,7,-1,1.0,0.0,-1.0,0.0,0.0,0.0,1.0,0.0,1.0,0.0,1.0,,,,,0.0,0.0,0.0,0.0,0.0,0.0
2021_06_LA_NYG,2021,6,NYG,LA,7,10,-3,0.0,0.0,0.0,0.0,1.0,-1.0,0.0,0.0,1.0,0.0,1.0,61.0,13.0,61.0,13.0,0.0,0.0,0.0,0.0,0.0,3.0
2021_06_KC_WAS,2021,6,WAS,KC,7,7,0,0.0,0.0,0.0,0.0,0.0,0.0,0.0,0.0,1.0,1.0,0.0,62.0,13.0,62.0,13.0,0.0,0.0,0.0,0.0,0.0,3.0
2021_06_ARI_CLE,2021,6,CLE,ARI,7,7,0,0.0,0.0,0.0,0.0,0.0,0.0,0.0,0.0,1.0,1.0,0.0,58.0,23.0,58.0,23.0,0.0,0.0,1.0,1.0,0.0,13.0
2021_06_LV_DEN,2021,6,DEN,LV,7,7,0,0.0,0.0,0.0,0.0,0.0,0.0,1.0,0.0,1.0,1.0,0.0,76.0,8.0,76.0,8.0,0.0,0.0,0.0,0.0,0.0,0.0
2021_06_DAL_NE,2021,6,NE,DAL,7,7,0,0.0,0.0,0.0,0.0,0.0,0.0,0.0,0.0,1.0,0.0,1.0,62.0,11.0,62.0,11.0,0.0,0.0,0.0,0.0,0.0,1.0
2021_06_SEA_PIT,2021,6,PIT,SEA,7,10,-3,0.0,0.0,0.0,0.0,1.0,-1.0,0.0,0.0,1.0,1.0,0.0,49.0,6.0,49.0,6.0,0.0,0.0,0.0,0.0,1.0,0.0
2021_06_BUF_TEN,2021,6,TEN,BUF,8,8,0,0.0,0.0,0.0,0.0,0.0,0.0,0.0,0.0,1.0,1.0,0.0,66.0,6.0,66.0,6.0,0.0,0.0,0.0,0.0,0.0,0.0
2021_07_DEN_CLE,2021,7,CLE,DEN,4,4,0,1.0,1.0,0.0,0.0,0.0,0.0,0.0,0.0,1.0,1.0,0.0,59.0,27.0,59.0,27.0,0.0,0.0,1.0,1.0,0.0,17.0
2021_07_CIN_BAL,2021,7,BAL,CIN,7,7,0,0.0,0.0,0.0,0.0,0.0,0.0,1.0,0.0,1.0,1.0,0.0,61.0,6.0,61.0,6.0,0.0,0.0,0.0,0.0,0.0,0.0
2021_07_WAS_GB,2021,7,GB,WAS,7,7,0,0.0,0.0,0.0,0.0,0.0,0.0,0.0,0.0,1.0,1.0,0.0,49.0,11.0,49.0,11.0,0.0,0.0,0.0,0.0,1.0,1.0
2021_07_ATL_MIA,2021,7,MIA,ATL,7,14,-7,0.0,0.0,0.0,0.0,1.0,-1.0,0.0,0.0,1.0,1.0,0.0,85.0,9.0,85.0,9.0,0.0,0.0,0.0,0.0,0.0,0.0
2021_07_NYJ_NE,2021,7,NE,NYJ,7,14,-7,0.0,0.0,0.0,0.0,1.0,-1.0,1.0,0.0,1.0,0.0,1.0,52.0,0.0,52.0,0.0,0.0,0.0,0.0,0.0,0.0,0.0
2021_07_CAR_NYG,2021,7,NYG,CAR,7,7,0,0.0,0.0,0.0,0.0,0.0,0.0,0.0,0.0,1.0,0.0,1.0,57.0,0.0,57.0,0.0,0.0,0.0,0.0,0.0,0.0,0.0
2021_07_KC_TEN,2021,7,TEN,KC,6,7,-1,1.0,0.0,-1.0,0.0,0.0,0.0,0.0,0.0,1.0,1.0,0.0,74.0,14.0,74.0,14.0,0.0,0.0,0.0,0.0,0.0,4.0
2021_07_DET_LA,2021,7,LA,DET,7,7,0,0.0,0.0,0.0,0.0,0.0,0.0,0.0,1.0,0.0,0.0,1.0,,,70.0,0.0,0.0,0.0,0.0,0.0,0.0,0.0
2021_07_PHI_LV,2021,7,LV,PHI,7,10,-3,0.0,0.0,0.0,0.0,1.0,-1.0,0.0,1.0,0.0,1.0,0.0,,,70.0,0.0,0.0,0.0,0.0,0.0,0.0,0.0
2021_07_HOU_ARI,2021,7,ARI,HOU,7,7,0,0.0,0.0,0.0,0.0,0.0,0.0,0.0,1.0,0.0,1.0,0.0,,,70.0,0.0,0.0,0.0,0.0,0.0,0.0,0.0
2021_07_CHI_TB,2021,7,TB,CHI,10,7,3,0.0,0.0,0.0,1.0,0.0,1.0,0.0,0.0,1.0,1.0,0.0,83.0,7.0,83.0,7.0,0.0,0.0,0.0,0.0,0.0,0.0
2021_07_IND_SF,2021,7,SF,IND,14,7,7,0.0,0.0,0.0,1.0,0.0,1.0,0.0,0.0,1.0,1.0,0.0,64.0,16.0,64.0,16.0,0.0,0.0,1.0,0.0,0.0,6.0
2021_07_NO_SEA,2021,7,SEA,NO,8,15,-7,0.0,0.0,0.0,0.0,1.0,-1.0,0.0,0.0,1.0,0.0,1.0,54.0,16.0,54.0,16.0,0.0,0.0,1.0,0.0,0.0,6.0
2021_08_GB_ARI,2021,8,ARI,GB,4,4,0,1.0,1.0,0.0,0.0,0.0,0.0,0.0,0.0,1.0,1.0,0.0,,,,,0.0,0.0,0.0,0.0,0.0,0.0
2021_08_CAR_ATL,2021,8,ATL,CAR,7,7,0,0.0,0.0,0.0,0.0,0.0,0.0,1.0,0.0,1.0,0.0,1.0,,,,,0.0,0.0,0.0,0.0,0.0,0.0
2021_08_MIA_BUF,2021,8,BUF,MIA,13,7,6,0.0,0.0,0.0,1.0,0.0,1.0,1.0,0.0,1.0,0.0,1.0,54.0,9.0,54.0,9.0,0.0,0.0,0.0,0.0,0.0,0.0
2021_08_SF_CHI,2021,8,CHI,SF,7,7,0,0.0,0.0,0.0,0.0,0.0,0.0,0.0,0.0,1.0,1.0,0.0,53.0,12.0,53.0,12.0,0.0,0.0,0.0,0.0,0.0,2.0
2021_08_PIT_CLE,2021,8,CLE,PIT,10,14,-4,0.0,0.0,0.0,1.0,1.0,0.0,1.0,0.0,1.0,1.0,0.0,57.0,13.0,57.0,13.0,0.0,0.0,0.0,0.0,0.0,3.0
2021_08_PHI_DET,2021,8,DET,PHI,7,7,0,0.0,0.0,0.0,0.0,0.0,0.0,0.0,1.0,0.0,0.0,1.0,,,70.0,0.0,0.0,0.0,0.0,0.0,0.0,0.0
2021_08_LA_HOU,2021,8,HOU,LA,7,7,0,0.0,0.0,0.0,0.0,0.0,0.0,0.0,1.0,0.0,0.0,1.0,,,70.0,0.0,0.0,0.0,0.0,0.0,0.0,0.0
2021_08_TEN_IND,2021,8,IND,TEN,7,7,0,0.0,0.0,0.0,0.0,0.0,0.0,1.0,0.0,1.0,0.0,1.0,,,,,0.0,0.0,0.0,0.0,0.0,0.0
2021_08_CIN_NYJ,2021,8,NYJ,CIN,7,7,0,0.0,0.0,0.0,0.0,0.0,0.0,0.0,0.0,1.0,0.0,1.0,63.0,11.0,63.0,11.0,0.0,0.0,0.0,0.0,0.0,1.0
2021_08_NE_LAC,2021,8,LAC,NE,14,7,7,0.0,0.0,0.0,1.0,0.0,1.0,0.0,1.0,0.0,0.0,1.0,,,70.0,0.0,0.0,0.0,0.0,0.0,0.0,0.0
2021_08_JAX_SEA,2021,8,SEA,JAX,6,14,-8,1.0,0.0,-1.0,0.0,1.0,-1.0,0.0,0.0,1.0,0.0,1.0,54.0,8.0,54.0,8.0,0.0,0.0,0.0,0.0,0.0,0.0
2021_08_WAS_DEN,2021,8,DEN,WAS,10,7,3,0.0,0.0,0.0,1.0,0.0,1.0,0.0,0.0,1.0,1.0,0.0,41.0,4.0,41.0,4.0,0.0,0.0,0.0,0.0,9.0,0.0
2021_08_TB_NO,2021,8,NO,TB,6,7,-1,1.0,0.0,-1.0,0.0,0.0,0.0,1.0,1.0,0.0,0.0,1.0,,,70.0,0.0,0.0,0.0,0.0,0.0,0.0,0.0
2021_08_DAL_MIN,2021,8,MIN,DAL,14,14,0,0.0,0.0,0.0,1.0,1.0,0.0,0.0,1.0,0.0,0.0,1.0,,,70.0,0.0,0.0,0.0,0.0,0.0,0.0,0.0
2021_08_NYG_KC,2021,8,KC,NYG,8,8,0,0.0,0.0,0.0,0.0,0.0,0.0,0.0,0.0,1.0,1.0,0.0,39.0,4.0,39.0,4.0,1.0,0.0,0.0,0.0,11.0,0.0
2021_09_NYJ_IND,2021,9,IND,NYJ,4,4,0,1.0,1.0,0.0,0.0,0.0,0.0,0.0,1.0,0.0,0.0,1.0,,,70.0,0.0,0.0,0.0,0.0,0.0,0.0,0.0
2021_09_MIN_BAL,2021,9,BAL,MIN,14,7,7,0.0,0.0,0.0,1.0,0.0,1.0,0.0,0.0,1.0,1.0,0.0,56.0,8.0,56.0,8.0,0.0,0.0,0.0,0.0,0.0,0.0
2021_09_NE_CAR,2021,9,CAR,NE,7,7,0,0.0,0.0,0.0,0.0,0.0,0.0,0.0,0.0,1.0,1.0,0.0,61.0,16.0,61.0,16.0,0.0,0.0,1.0,0.0,0.0,6.0
2021_09_CLE_CIN,2021,9,CIN,CLE,7,7,0,0.0,0.0,0.0,0.0,0.0,0.0,1.0,0.0,1.0,0.0,1.0,56.0,0.0,56.0,0.0,0.0,0.0,0.0,0.0,0.0,0.0
2021_09_DEN_DAL,2021,9,DAL,DEN,7,7,0,0.0,0.0,0.0,0.0,0.0,0.0,0.0,1.0,0.0,0.0,1.0,,,70.0,0.0,0.0,0.0,0.0,0.0,0.0,0.0
2021_09_BUF_JAX,2021,9,JAX,BUF,7,7,0,0.0,0.0,0.0,0.0,0.0,0.0,0.0,0.0,1.0,1.0,0.0,59.0,16.0,59.0,16.0,0.0,0.0,1.0,0.0,0.0,6.0
2021_09_HOU_MIA,2021,9,MIA,HOU,7,7,0,0.0,0.0,0.0,0.0,0.0,0.0,0.0,0.0,1.0,1.0,0.0,72.0,19.0,72.0,19.0,0.0,0.0,1.0,0.0,0.0,9.0
2021_09_ATL_NO,2021,9,NO,ATL,7,7,0,0.0,0.0,0.0,0.0,0.0,0.0,1.0,1.0,0.0,0.0,1.0,,,70.0,0.0,0.0,0.0,0.0,0.0,0.0,0.0
2021_09_LV_NYG,2021,9,NYG,LV,6,14,-8,1.0,0.0,-1.0,0.0,1.0,-1.0,0.0,0.0,1.0,0.0,1.0,54.0,4.0,54.0,4.0,0.0,0.0,0.0,0.0,0.0,0.0
2021_09_LAC_PHI,2021,9,PHI,LAC,7,7,0,0.0,0.0,0.0,0.0,0.0,0.0,0.0,0.0,1.0,1.0,0.0,54.0,11.0,54.0,11.0,0.0,0.0,0.0,0.0,0.0,1.0
2021_09_GB_KC,2021,9,KC,GB,6,10,-4,1.0,0.0,-1.0,0.0,1.0,-1.0,0.0,0.0,1.0,1.0,0.0,51.0,12.0,51.0,12.0,0.0,0.0,0.0,0.0,0.0,2.0
2021_09_ARI_SF,2021,9,SF,ARI,7,10,-3,0.0,0.0,0.0,0.0,1.0,-1.0,1.0,0.0,1.0,1.0,0.0,57.0,8.0,57.0,8.0,0.0,0.0,0.0,0.0,0.0,0.0
2021_09_TEN_LA,2021,9,LA,TEN,7,7,0,0.0,0.0,0.0,0.0,0.0,0.0,0.0,1.0,0.0,0.0,1.0,,,70.0,0.0,0.0,0.0,0.0,0.0,0.0,0.0
2021_09_CHI_PIT,2021,9,PIT,CHI,8,8,0,0.0,0.0,0.0,0.0,0.0,0.0,0.0,0.0,1.0,1.0,0.0,55.0,7.0,55.0,7.0,0.0,0.0,0.0,0.0,0.0,0.0
2021_10_BAL_MIA,2021,10,MIA,BAL,4,4,0,1.0,1.0,0.0,0.0,0.0,0.0,0.0,0.0,1.0,1.0,0.0,77.0,4.0,77.0,4.0,0.0,0.0,0.0,0.0,0.0,0.0
2021_10_ATL_DAL,2021,10,DAL,ATL,7,7,0,0.0,0.0,0.0,0.0,0.0,0.0,0.0,1.0,0.0,0.0,1.0,,,70.0,0.0,0.0,0.0,0.0,0.0,0.0,0.0
2021_10_JAX_IND,2021,10,IND,JAX,10,7,3,0.0,0.0,0.0,1.0,0.0,1.0,1.0,1.0,0.0,0.0,1.0,,,70.0,0.0,0.0,0.0,0.0,0.0,0.0,0.0
2021_10_CLE_NE,2021,10,NE,CLE,7,7,0,0.0,0.0,0.0,0.0,0.0,0.0,0.0,0.0,1.0,0.0,1.0,48.0,6.0,48.0,6.0,0.0,0.0,0.0,0.0,2.0,0.0
2021_10_BUF_NYJ,2021,10,NYJ,BUF,10,7,3,0.0,0.0,0.0,1.0,0.0,1.0,1.0,0.0,1.0,0.0,1.0,47.0,4.0,47.0,4.0,0.0,0.0,0.0,0.0,3.0,0.0
2021_10_DET_PIT,2021,10,PIT,DET,6,14,-8,1.0,0.0,-1.0,0.0,1.0,-1.0,0.0,0.0,1.0,1.0,0.0,37.0,12.0,37.0,12.0,1.0,0.0,0.0,0.0,13.0,2.0
2021_10_NO_TEN,2021,10,TEN,NO,7,7,0,0.0,0.0,0.0,0.0,0.0,0.0,0.0,0.0,1.0,1.0,0.0,53.0,12.0,53.0,12.0,0.0,0.0,0.0,0.0,0.0,2.0
2021_10_TB_WAS,2021,10,WAS,TB,14,14,0,0.0,0.0,0.0,1.0,1.0,0.0,0.0,0.0,1.0,1.0,0.0,47.0,8.0,47.0,8.0,0.0,0.0,0.0,0.0,3.0,0.0
2021_10_CAR_ARI,2021,10,ARI,CAR,7,7,0,0.0,0.0,0.0,0.0,0.0,0.0,0.0,1.0,0.0,1.0,0.0,,,70.0,0.0,0.0,0.0,0.0,0.0,0.0,0.0
2021_10_MIN_LAC,2021,10,LAC,MIN,7,7,0,0.0,0.0,0.0,0.0,0.0,0.0,0.0,1.0,0.0,0.0,1.0,,,70.0,0.0,0.0,0.0,0.0,0.0,0.0,0.0
2021_10_PHI_DEN,2021,10,DEN,PHI,7,7,0,0.0,0.0,0.0,0.0,0.0,0.0,0.0,0.0,1.0,1.0,0.0,57.0,19.0,57.0,19.0,0.0,0.0,1.0,0.0,0.0,9.0
2021_10_SEA_GB,2021,10,GB,SEA,7,14,-7,0.0,0.0,0.0,0.0,1.0,-1.0,0.0,0.0,1.0,1.0,0.0,35.0,11.0,35.0,11.0,1.0,0.0,0.0,0.0,15.0,1.0
2021_10_KC_LV,2021,10,LV,KC,7,7,0,0.0,0.0,0.0,0.0,0.0,0.0,1.0,1.0,0.0,1.0,0.0,,,70.0,0.0,0.0,0.0,0.0,0.0,0.0,0.0
2021_10_LA_SF,2021,10,SF,LA,8,8,0,0.0,0.0,0.0,0.0,0.0,0.0,1.0,0.0,1.0,1.0,0.0,59.0,0.0,59.0,0.0,0.0,0.0,0.0,0.0,0.0,0.0
2021_11_NE_ATL,2021,11,ATL,NE,4,4,0,1.0,1.0,0.0,0.0,0.0,0.0,0.0,1.0,0.0,0.0,1.0,,,70.0,0.0,0.0,0.0,0.0,0.0,0.0,0.0
2021_11_IND_BUF,2021,11,BUF,IND,7,7,0,0.0,0.0,0.0,0.0,0.0,0.0,0.0,0.0,1.0,0.0,1.0,49.0,12.0,49.0,12.0,0.0,0.0,0.0,0.0,1.0,2.0
2021_11_WAS_CAR,2021,11,CAR,WAS,7,7,0,0.0,0.0,0.0,0.0,0.0,0.0,0.0,0.0,1.0,1.0,0.0,54.0,0.0,54.0,0.0,0.0,0.0,0.0,0.0,0.0,0.0
2021_11_BAL_CHI,2021,11,CHI,BAL,13,10,3,0.0,0.0,0.0,1.0,1.0,0.0,0.0,0.0,1.0,1.0,0.0,46.0,9.0,46.0,9.0,0.0,0.0,0.0,0.0,4.0,0.0
2021_11_DET_CLE,2021,11,CLE,DET,7,7,0,0.0,0.0,0.0,0.0,0.0,0.0,0.0,0.0,1.0,1.0,0.0,42.0,7.0,42.0,7.0,0.0,0.0,0.0,0.0,8.0,0.0
2021_11_SF_JAX,2021,11,JAX,SF,7,6,1,0.0,1.0,1.0,0.0,0.0,0.0,0.0,0.0,1.0,1.0,0.0,68.0,17.0,68.0,17.0,0.0,0.0,1.0,0.0,0.0,7.0
2021_11_GB_MIN,2021,11,MIN,GB,7,7,0,0.0,0.0,0.0,0.0,0.0,0.0,1.0,1.0,0.0,0.0,1.0,,,70.0,0.0,0.0,0.0,0.0,0.0,0.0,0.0
2021_11_MIA_NYJ,2021,11,NYJ,MIA,7,10,-3,0.0,0.0,0.0,0.0,1.0,-1.0,1.0,0.0,1.0,0.0,1.0,52.0,4.0,52.0,4.0,0.0,0.0,0.0,0.0,0.0,0.0
2021_11_NO_PHI,2021,11,PHI,NO,7,7,0,0.0,0.0,0.0,0.0,0.0,0.0,0.0,0.0,1.0,1.0,0.0,51.0,4.0,51.0,4.0,0.0,0.0,0.0,0.0,0.0,0.0
2021_11_HOU_TEN,2021,11,TEN,HOU,7,14,-7,0.0,0.0,0.0,0.0,1.0,-1.0,1.0,0.0,1.0,1.0,0.0,59.0,8.0,59.0,8.0,0.0,0.0,0.0,0.0,0.0,0.0
2021_11_CIN_LV,2021,11,LV,CIN,7,14,-7,0.0,0.0,0.0,0.0,1.0,-1.0,0.0,1.0,0.0,1.0,0.0,,,70.0,0.0,0.0,0.0,0.0,0.0,0.0,0.0
2021_11_DAL_KC,2021,11,KC,DAL,7,7,0,0.0,0.0,0.0,0.0,0.0,0.0,0.0,0.0,1.0,1.0,0.0,57.0,17.0,57.0,17.0,0.0,0.0,1.0,0.0,0.0,7.0
2021_11_ARI_SEA,2021,11,SEA,ARI,7,7,0,0.0,0.0,0.0,0.0,0.0,0.0,1.0,0.0,1.0,0.0,1.0,46.0,0.0,46.0,0.0,0.0,0.0,0.0,0.0,4.0,0.0
2021_11_PIT_LAC,2021,11,LAC,PIT,7,7,0,0.0,0.0,0.0,0.0,0.0,0.0,0.0,1.0,0.0,0.0,1.0,,,70.0,0.0,0.0,0.0,0.0,0.0,0.0,0.0
2021_11_NYG_TB,2021,11,TB,NYG,8,15,-7,0.0,0.0,0.0,0.0,1.0,-1.0,0.0,0.0,1.0,1.0,0.0,68.0,6.0,68.0,6.0,0.0,0.0,0.0,0.0,0.0,0.0
2021_12_CHI_DET,2021,12,DET,CHI,4,4,0,1.0,1.0,0.0,0.0,0.0,0.0,1.0,1.0,0.0,0.0,1.0,,,70.0,0.0,0.0,0.0,0.0,0.0,0.0,0.0
2021_12_LV_DAL,2021,12,DAL,LV,4,4,0,1.0,1.0,0.0,0.0,0.0,0.0,0.0,1.0,0.0,0.0,1.0,,,70.0,0.0,0.0,0.0,0.0,0.0,0.0,0.0
2021_12_BUF_NO,2021,12,NO,BUF,4,4,0,1.0,1.0,0.0,0.0,0.0,0.0,0.0,1.0,0.0,0.0,1.0,,,70.0,0.0,0.0,0.0,0.0,0.0,0.0,0.0
2021_12_PIT_CIN,2021,12,CIN,PIT,7,7,0,0.0,0.0,0.0,0.0,0.0,0.0,1.0,0.0,1.0,0.0,1.0,43.0,12.0,43.0,12.0,0.0,0.0,0.0,0.0,7.0,2.0
2021_12_NYJ_HOU,2021,12,HOU,NYJ,7,7,0,0.0,0.0,0.0,0.0,0.0,0.0,0.0,1.0,0.0,0.0,1.0,,,70.0,0.0,0.0,0.0,0.0,0.0,0.0,0.0
2021_12_TB_IND,2021,12,IND,TB,7,6,1,0.0,1.0,1.0,0.0,0.0,0.0,0.0,1.0,0.0,0.0,1.0,,,70.0,0.0,0.0,0.0,0.0,0.0,0.0,0.0
2021_12_ATL_JAX,2021,12,JAX,ATL,7,10,-3,0.0,0.0,0.0,0.0,1.0,-1.0,0.0,0.0,1.0,1.0,0.0,61.0,4.0,61.0,4.0,0.0,0.0,0.0,0.0,0.0,0.0
2021_12_CAR_MIA,2021,12,MIA,CAR,7,7,0,0.0,0.0,0.0,0.0,0.0,0.0,0.0,0.0,1.0,1.0,0.0,74.0,4.0,74.0,4.0,0.0,0.0,0.0,0.0,0.0,0.0
2021_12_TEN_NE,2021,12,NE,TEN,10,7,3,0.0,0.0,0.0,1.0,0.0,1.0,0.0,0.0,1.0,0.0,1.0,33.0,6.0,33.0,6.0,1.0,0.0,0.0,0.0,17.0,0.0
2021_12_PHI_NYG,2021,12,NYG,PHI,6,7,-1,1.0,0.0,-1.0,0.0,0.0,0.0,1.0,0.0,1.0,0.0,1.0,39.0,4.0,39.0,4.0,1.0,0.0,0.0,0.0,11.0,0.0
2021_12_LAC_DEN,2021,12,DEN,LAC,14,7,7,0.0,0.0,0.0,1.0,0.0,1.0,1.0,0.0,1.0,1.0,0.0,62.0,0.0,62.0,0.0,0.0,0.0,0.0,0.0,0.0,0.0
2021_12_LA_GB,2021,12,GB,LA,7,13,-6,0.0,0.0,0.0,0.0,1.0,-1.0,0.0,0.0,1.0,1.0,0.0,37.0,14.0,37.0,14.0,1.0,0.0,0.0,0.0,13.0,4.0
2021_12_MIN_SF,2021,12,SF,MIN,7,7,0,0.0,0.0,0.0,0.0,0.0,0.0,0.0,0.0,1.0,1.0,0.0,68.0,7.0,68.0,7.0,0.0,0.0,0.0,0.0,0.0,0.0
2021_12_CLE_BAL,2021,12,BAL,CLE,7,7,0,0.0,0.0,0.0,0.0,0.0,0.0,1.0,0.0,1.0,1.0,0.0,43.0,0.0,43.0,0.0,0.0,0.0,0.0,0.0,7.0,0.0
2021_12_SEA_WAS,2021,12,WAS,SEA,8,8,0,0.0,0.0,0.0,0.0,0.0,0.0,0.0,0.0,1.0,1.0,0.0,41.0,9.0,41.0,9.0,0.0,0.0,0.0,0.0,9.0,0.0
2021_13_DAL_NO,2021,13,NO,DAL,7,7,0,0.0,0.0,0.0,0.0,0.0,0.0,0.0,1.0,0.0,0.0,1.0,,,70.0,0.0,0.0,0.0,0.0,0.0,0.0,0.0
2021_13_TB_ATL,2021,13,ATL,TB,7,7,0,0.0,0.0,0.0,0.0,0.0,0.0,1.0,1.0,0.0,0.0,1.0,,,70.0,0.0,0.0,0.0,0.0,0.0,0.0,0.0
2021_13_ARI_CHI,2021,13,CHI,ARI,10,14,-4,0.0,0.0,0.0,1.0,1.0,0.0,0.0,0.0,1.0,1.0,0.0,34.0,8.0,34.0,8.0,1.0,0.0,0.0,0.0,16.0,0.0
2021_13_LAC_CIN,2021,13,CIN,LAC,7,7,0,0.0,0.0,0.0,0.0,0.0,0.0,0.0,0.0,1.0,0.0,1.0,48.0,11.0,48.0,11.0,0.0,0.0,0.0,0.0,2.0,1.0
2021_13_MIN_DET,2021,13,DET,MIN,10,7,3,0.0,0.0,0.0,1.0,0.0,1.0,1.0,1.0,0.0,0.0,1.0,,,70.0,0.0,0.0,0.0,0.0,0.0,0.0,0.0
2021_13_IND_HOU,2021,13,HOU,IND,7,7,0,0.0,0.0,0.0,0.0,0.0,0.0,1.0,1.0,0.0,0.0,1.0,,,70.0,0.0,0.0,0.0,0.0,0.0,0.0,0.0
2021_13_NYG_MIA,2021,13,MIA,NYG,7,7,0,0.0,0.0,0.0,0.0,0.0,0.0,0.0,0.0,1.0,1.0,0.0,80.0,11.0,80.0,11.0,0.0,0.0,0.0,0.0,0.0,1.0
2021_13_PHI_NYJ,2021,13,NYJ,PHI,7,7,0,0.0,0.0,0.0,0.0,0.0,0.0,0.0,0.0,1.0,0.0,1.0,45.0,0.0,45.0,0.0,0.0,0.0,0.0,0.0,5.0,0.0
2021_13_JAX_LA,2021,13,LA,JAX,7,7,0,0.0,0.0,0.0,0.0,0.0,0.0,0.0,1.0,0.0,0.0,1.0,,,70.0,0.0,0.0,0.0,0.0,0.0,0.0,0.0
2021_13_WAS_LV,2021,13,LV,WAS,10,6,4,0.0,1.0,1.0,1.0,0.0,1.0,0.0,1.0,0.0,1.0,0.0,,,70.0,0.0,0.0,0.0,0.0,0.0,0.0,0.0
2021_13_BAL_PIT,2021,13,PIT,BAL,7,7,0,0.0,0.0,0.0,0.0,0.0,0.0,1.0,0.0,1.0,1.0,0.0,50.0,7.0,50.0,7.0,0.0,0.0,0.0,0.0,0.0,0.0
2021_13_SF_SEA,2021,13,SEA,SF,6,7,-1,1.0,0.0,-1.0,0.0,0.0,0.0,1.0,0.0,1.0,0.0,1.0,41.0,4.0,41.0,4.0,0.0,0.0,0.0,0.0,9.0,0.0
2021_13_DEN_KC,2021,13,KC,DEN,14,7,7,0.0,0.0,0.0,1.0,0.0,1.0,1.0,0.0,1.0,1.0,0.0,58.0,22.0,58.0,22.0,0.0,0.0,1.0,1.0,0.0,12.0
2021_13_NE_BUF,2021,13,BUF,NE,11,8,3,0.0,0.0,0.0,1.0,0.0,1.0,1.0,0.0,1.0,0.0,1.0,36.0,27.0,36.0,27.0,1.0,0.0,1.0,1.0,14.0,17.0
2021_14_PIT_MIN,2021,14,MIN,PIT,4,4,0,1.0,1.0,0.0,0.0,0.0,0.0,0.0,1.0,0.0,0.0,1.0,,,70.0,0.0,0.0,0.0,0.0,0.0,0.0,0.0
2021_14_ATL_CAR,2021,14,CAR,ATL,14,7,7,0.0,0.0,0.0,1.0,0.0,1.0,1.0,0.0,1.0,1.0,0.0,48.0,9.0,48.0,9.0,0.0,0.0,0.0,0.0,2.0,0.0
2021_14_BAL_CLE,2021,14,CLE,BAL,14,7,7,0.0,0.0,0.0,1.0,0.0,1.0,1.0,0.0,1.0,1.0,0.0,46.0,14.0,46.0,14.0,0.0,0.0,0.0,0.0,4.0,4.0
2021_14_SEA_HOU,2021,14,HOU,SEA,7,7,0,0.0,0.0,0.0,0.0,0.0,0.0,0.0,0.0,1.0,0.0,1.0,,,,,0.0,0.0,0.0,0.0,0.0,0.0
2021_14_LV_KC,2021,14,KC,LV,7,7,0,0.0,0.0,0.0,0.0,0.0,0.0,1.0,0.0,1.0,1.0,0.0,47.0,19.0,47.0,19.0,0.0,0.0,1.0,0.0,3.0,9.0
2021_14_NO_NYJ,2021,14,NYJ,NO,7,10,-3,0.0,0.0,0.0,0.0,1.0,-1.0,0.0,0.0,1.0,0.0,1.0,46.0,13.0,46.0,13.0,0.0,0.0,0.0,0.0,4.0,3.0
2021_14_JAX_TEN,2021,14,TEN,JAX,14,7,7,0.0,0.0,0.0,1.0,0.0,1.0,1.0,0.0,1.0,1.0,0.0,45.0,0.0,45.0,0.0,0.0,0.0,0.0,0.0,5.0,0.0
2021_14_DAL_WAS,2021,14,WAS,DAL,7,10,-3,0.0,0.0,0.0,0.0,1.0,-1.0,1.0,0.0,1.0,1.0,0.0,48.0,17.0,48.0,17.0,0.0,0.0,1.0,0.0,2.0,7.0
2021_14_DET_DEN,2021,14,DEN,DET,7,7,0,0.0,0.0,0.0,0.0,0.0,0.0,0.0,0.0,1.0,1.0,0.0,63.0,8.0,63.0,8.0,0.0,0.0,0.0,0.0,0.0,0.0
2021_14_NYG_LAC,2021,14,LAC,NYG,7,7,0,0.0,0.0,0.0,0.0,0.0,0.0,0.0,1.0,0.0,0.0,1.0,,,70.0,0.0,0.0,0.0,0.0,0.0,0.0,0.0
2021_14_SF_CIN,2021,14,CIN,SF,7,7,0,0.0,0.0,0.0,0.0,0.0,0.0,0.0,0.0,1.0,0.0,1.0,48.0,9.0,48.0,9.0,0.0,0.0,0.0,0.0,2.0,0.0
2021_14_BUF_TB,2021,14,TB,BUF,7,6,1,0.0,1.0,1.0,0.0,0.0,0.0,0.0,0.0,1.0,1.0,0.0,82.0,4.0,82.0,4.0,0.0,0.0,0.0,0.0,0.0,0.0
2021_14_CHI_GB,2021,14,GB,CHI,14,7,7,0.0,0.0,0.0,1.0,0.0,1.0,1.0,0.0,1.0,1.0,0.0,36.0,8.0,36.0,8.0,1.0,0.0,0.0,0.0,14.0,0.0
2021_14_LA_ARI,2021,14,ARI,LA,8,8,0,0.0,0.0,0.0,0.0,0.0,0.0,1.0,0.0,1.0,1.0,0.0,,,,,0.0,0.0,0.0,0.0,0.0,0.0
2021_15_KC_LAC,2021,15,LAC,KC,4,4,0,1.0,1.0,0.0,0.0,0.0,0.0,1.0,1.0,0.0,0.0,1.0,,,70.0,0.0,0.0,0.0,0.0,0.0,0.0,0.0
2021_15_NE_IND,2021,15,IND,NE,14,13,1,0.0,0.0,0.0,1.0,1.0,0.0,0.0,1.0,0.0,0.0,1.0,,,70.0,0.0,0.0,0.0,0.0,0.0,0.0,0.0
2021_15_CAR_BUF,2021,15,BUF,CAR,7,7,0,0.0,0.0,0.0,0.0,0.0,0.0,0.0,0.0,1.0,0.0,1.0,30.0,8.0,30.0,8.0,1.0,0.0,0.0,0.0,20.0,0.0
2021_15_ARI_DET,2021,15,DET,ARI,7,6,1,0.0,1.0,1.0,0.0,0.0,0.0,0.0,1.0,0.0,0.0,1.0,,,70.0,0.0,0.0,0.0,0.0,0.0,0.0,0.0
2021_15_HOU_JAX,2021,15,JAX,HOU,7,7,0,0.0,0.0,0.0,0.0,0.0,0.0,1.0,0.0,1.0,1.0,0.0,80.0,12.0,80.0,12.0,0.0,0.0,0.0,0.0,0.0,2.0
2021_15_NYJ_MIA,2021,15,MIA,NYJ,14,7,7,0.0,0.0,0.0,1.0,0.0,1.0,1.0,0.0,1.0,1.0,0.0,82.0,9.0,82.0,9.0,0.0,0.0,0.0,0.0,0.0,0.0
2021_15_DAL_NYG,2021,15,NYG,DAL,7,7,0,0.0,0.0,0.0,0.0,0.0,0.0,1.0,0.0,1.0,0.0,1.0,37.0,8.0,37.0,8.0,1.0,0.0,0.0,0.0,13.0,0.0
2021_15_TEN_PIT,2021,15,PIT,TEN,10,7,3,0.0,0.0,0.0,1.0,0.0,1.0,0.0,0.0,1.0,1.0,0.0,32.0,11.0,32.0,11.0,1.0,0.0,0.0,0.0,18.0,1.0
2021_15_CIN_DEN,2021,15,DEN,CIN,7,7,0,0.0,0.0,0.0,0.0,0.0,0.0,0.0,0.0,1.0,1.0,0.0,61.0,19.0,61.0,19.0,0.0,0.0,1.0,0.0,0.0,9.0
2021_15_ATL_SF,2021,15,SF,ATL,7,7,0,0.0,0.0,0.0,0.0,0.0,0.0,0.0,0.0,1.0,1.0,0.0,46.0,0.0,46.0,0.0,0.0,0.0,0.0,0.0,4.0,0.0
2021_15_GB_BAL,2021,15,BAL,GB,7,7,0,0.0,0.0,0.0,0.0,0.0,0.0,0.0,0.0,1.0,1.0,0.0,43.0,11.0,43.0,11.0,0.0,0.0,0.0,0.0,7.0,1.0
2021_15_NO_TB,2021,15,TB,NO,7,7,0,0.0,0.0,0.0,0.0,0.0,0.0,1.0,0.0,1.0,1.0,0.0,75.0,0.0,75.0,0.0,0.0,0.0,0.0,0.0,0.0,0.0
2021_15_LV_CLE,2021,15,CLE,LV,7,7,0,0.0,0.0,0.0,0.0,0.0,0.0,0.0,0.0,1.0,1.0,0.0,40.0,8.0,40.0,8.0,1.0,0.0,0.0,0.0,10.0,0.0
2021_15_MIN_CHI,2021,15,CHI,MIN,8,11,-3,0.0,0.0,0.0,0.0,1.0,-1.0,1.0,0.0,1.0,1.0,0.0,37.0,8.0,37.0,8.0,1.0,0.0,0.0,0.0,13.0,0.0
2021_15_SEA_LA,2021,15,LA,SEA,6,7,-1,1.0,0.0,-1.0,0.0,0.0,0.0,1.0,1.0,0.0,0.0,1.0,,,70.0,0.0,0.0,0.0,0.0,0.0,0.0,0.0
2021_15_WAS_PHI,2021,15,PHI,WAS,14,7,7,0.0,0.0,0.0,1.0,0.0,1.0,1.0,0.0,1.0,1.0,0.0,42.0,7.0,42.0,7.0,0.0,0.0,0.0,0.0,8.0,0.0
2021_16_SF_TEN,2021,16,TEN,SF,4,4,0,1.0,1.0,0.0,0.0,0.0,0.0,0.0,0.0,1.0,1.0,0.0,48.0,7.0,48.0,7.0,0.0,0.0,0.0,0.0,2.0,0.0
2021_16_CLE_GB,2021,16,GB,CLE,6,6,0,1.0,1.0,0.0,0.0,0.0,0.0,0.0,0.0,1.0,1.0,0.0,35.0,11.0,35.0,11.0,1.0,0.0,0.0,0.0,15.0,1.0
2021_16_IND_ARI,2021,16,ARI,IND,6,6,0,1.0,1.0,0.0,0.0,0.0,0.0,0.0,1.0,0.0,1.0,0.0,,,70.0,0.0,0.0,0.0,0.0,0.0,0.0,0.0
2021_16_DET_ATL,2021,16,ATL,DET,7,7,0,0.0,0.0,0.0,0.0,0.0,0.0,0.0,0.0,1.0,0.0,1.0,,,,,0.0,0.0,0.0,0.0,0.0,0.0
2021_16_TB_CAR,2021,16,CAR,TB,7,7,0,0.0,0.0,0.0,0.0,0.0,0.0,1.0,0.0,1.0,1.0,0.0,73.0,8.0,73.0,8.0,0.0,0.0,0.0,0.0,0.0,0.0
2021_16_BAL_CIN,2021,16,CIN,BAL,7,7,0,0.0,0.0,0.0,0.0,0.0,0.0,1.0,0.0,1.0,0.0,1.0,52.0,0.0,52.0,0.0,0.0,0.0,0.0,0.0,0.0,0.0
2021_16_LAC_HOU,2021,16,HOU,LAC,7,10,-3,0.0,0.0,0.0,0.0,1.0,-1.0,0.0,1.0,0.0,0.0,1.0,,,70.0,0.0,0.0,0.0,0.0,0.0,0.0,0.0
2021_16_LA_MIN,2021,16,MIN,LA,6,7,-1,1.0,0.0,-1.0,0.0,0.0,0.0,0.0,1.0,0.0,0.0,1.0,,,70.0,0.0,0.0,0.0,0.0,0.0,0.0,0.0
2021_16_BUF_NE,2021,16,NE,BUF,7,7,0,0.0,0.0,0.0,0.0,0.0,0.0,1.0,0.0,1.0,0.0,1.0,38.0,13.0,38.0,13.0,1.0,0.0,0.0,0.0,12.0,3.0
2021_16_JAX_NYJ,2021,16,NYJ,JAX,7,7,0,0.0,0.0,0.0,0.0,0.0,0.0,0.0,0.0,1.0,0.0,1.0,47.0,0.0,47.0,0.0,0.0,0.0,0.0,0.0,3.0,0.0
2021_16_NYG_PHI,2021,16,PHI,NYG,7,7,0,0.0,0.0,0.0,0.0,0.0,0.0,1.0,0.0,1.0,1.0,0.0,53.0,9.0,53.0,9.0,0.0,0.0,0.0,0.0,0.0,0.0
2021_16_CHI_SEA,2021,16,SEA,CHI,7,6,1,0.0,1.0,1.0,0.0,0.0,0.0,0.0,0.0,1.0,0.0,1.0,25.0,11.0,25.0,11.0,1.0,1.0,0.0,0.0,25.0,1.0
2021_16_PIT_KC,2021,16,KC,PIT,10,7,3,0.0,0.0,0.0,1.0,0.0,1.0,0.0,0.0,1.0,1.0,0.0,60.0,22.0,60.0,22.0,0.0,0.0,1.0,1.0,0.0,12.0
2021_16_DEN_LV,2021,16,LV,DEN,7,7,0,0.0,0.0,0.0,0.0,0.0,0.0,1.0,1.0,0.0,1.0,0.0,,,70.0,0.0,0.0,0.0,0.0,0.0,0.0,0.0
2021_16_WAS_DAL,2021,16,DAL,WAS,7,7,0,0.0,0.0,0.0,0.0,0.0,0.0,1.0,1.0,0.0,0.0,1.0,,,70.0,0.0,0.0,0.0,0.0,0.0,0.0,0.0
2021_16_MIA_NO,2021,16,NO,MIA,8,8,0,0.0,0.0,0.0,0.0,0.0,0.0,0.0,1.0,0.0,0.0,1.0,,,70.0,0.0,0.0,0.0,0.0,0.0,0.0,0.0
2021_17_LA_BAL,2021,17,BAL,LA,7,7,0,0.0,0.0,0.0,0.0,0.0,0.0,0.0,0.0,1.0,1.0,0.0,59.0,6.0,59.0,6.0,0.0,0.0,0.0,0.0,0.0,0.0
2021_17_ATL_BUF,2021,17,BUF,ATL,7,7,0,0.0,0.0,0.0,0.0,0.0,0.0,0.0,0.0,1.0,0.0,1.0,26.0,11.0,26.0,11.0,1.0,0.0,0.0,0.0,24.0,1.0
2021_17_NYG_CHI,2021,17,CHI,NYG,7,7,0,0.0,0.0,0.0,0.0,0.0,0.0,0.0,0.0,1.0,1.0,0.0,25.0,13.0,25.0,13.0,1.0,1.0,0.0,0.0,25.0,3.0
2021_17_KC_CIN,2021,17,CIN,KC,7,7,0,0.0,0.0,0.0,0.0,0.0,0.0,0.0,0.0,1.0,0.0,1.0,33.0,13.0,33.0,13.0,1.0,0.0,0.0,0.0,17.0,3.0
2021_17_LV_IND,2021,17,IND,LV,8,7,1,0.0,0.0,0.0,0.0,0.0,0.0,0.0,1.0,0.0,0.0,1.0,,,70.0,0.0,0.0,0.0,0.0,0.0,0.0,0.0
2021_17_JAX_NE,2021,17,NE,JAX,7,7,0,0.0,0.0,0.0,0.0,0.0,0.0,0.0,0.0,1.0,0.0,1.0,46.0,4.0,46.0,4.0,0.0,0.0,0.0,0.0,4.0,0.0
2021_17_TB_NYJ,2021,17,NYJ,TB,7,7,0,0.0,0.0,0.0,0.0,0.0,0.0,0.0,0.0,1.0,0.0,1.0,57.0,9.0,57.0,9.0,0.0,0.0,0.0,0.0,0.0,0.0
2021_17_MIA_TEN,2021,17,TEN,MIA,10,6,4,0.0,1.0,1.0,1.0,0.0,1.0,0.0,0.0,1.0,1.0,0.0,43.0,13.0,43.0,13.0,0.0,0.0,0.0,0.0,7.0,3.0
2021_17_PHI_WAS,2021,17,WAS,PHI,7,7,0,0.0,0.0,0.0,0.0,0.0,0.0,1.0,0.0,1.0,1.0,0.0,62.0,4.0,62.0,4.0,0.0,0.0,0.0,0.0,0.0,0.0
2021_17_DEN_LAC,2021,17,LAC,DEN,7,7,0,0.0,0.0,0.0,0.0,0.0,0.0,1.0,1.0,0.0,0.0,1.0,,,70.0,0.0,0.0,0.0,0.0,0.0,0.0,0.0
2021_17_HOU_SF,2021,17,SF,HOU,10,7,3,0.0,0.0,0.0,1.0,0.0,1.0,0.0,0.0,1.0,1.0,0.0,50.0,6.0,50.0,6.0,0.0,0.0,0.0,0.0,0.0,0.0
2021_17_ARI_DAL,2021,17,DAL,ARI,7,8,-1,0.0,0.0,0.0,0.0,0.0,0.0,0.0,1.0,0.0,0.0,1.0,,,70.0,0.0,0.0,0.0,0.0,0.0,0.0,0.0
2021_17_CAR_NO,2021,17,NO,CAR,6,7,-1,1.0,0.0,-1.0,0.0,0.0,0.0,1.0,1.0,0.0,0.0,1.0,,,70.0,0.0,0.0,0.0,0.0,0.0,0.0,0.0
2021_17_DET_SEA,2021,17,SEA,DET,7,7,0,0.0,0.0,0.0,0.0,0.0,0.0,0.0,0.0,1.0,0.0,1.0,37.0,0.0,37.0,0.0,1.0,0.0,0.0,0.0,13.0,0.0
2021_17_MIN_GB,2021,17,GB,MIN,8,7,1,0.0,0.0,0.0,0.0,0.0,0.0,1.0,0.0,1.0,1.0,0.0,11.0,9.0,11.0,9.0,1.0,1.0,0.0,0.0,39.0,0.0
2021_17_CLE_PIT,2021,17,PIT,CLE,8,9,-1,0.0,0.0,0.0,0.0,0.0,0.0,1.0,0.0,1.0,1.0,0.0,25.0,12.0,25.0,12.0,1.0,1.0,0.0,0.0,25.0,2.0
2021_18_KC_DEN,2021,18,DEN,KC,7,7,0,0.0,0.0,0.0,0.0,0.0,0.0,1.0,0.0,1.0,1.0,0.0,41.0,4.0,41.0,4.0,0.0,0.0,0.0,0.0,9.0,0.0
2021_18_DAL_PHI,2021,18,PHI,DAL,7,7,0,0.0,0.0,0.0,0.0,0.0,0.0,1.0,0.0,1.0,1.0,0.0,31.0,8.0,31.0,8.0,1.0,0.0,0.0,0.0,19.0,0.0
2021_18_PIT_BAL,2021,18,BAL,PIT,7,6,1,0.0,1.0,1.0,0.0,0.0,0.0,1.0,0.0,1.0,1.0,0.0,36.0,0.0,36.0,0.0,1.0,0.0,0.0,0.0,14.0,0.0
2021_18_CIN_CLE,2021,18,CLE,CIN,6,7,-1,1.0,0.0,-1.0,0.0,0.0,0.0,1.0,0.0,1.0,1.0,0.0,38.0,22.0,38.0,22.0,1.0,0.0,1.0,1.0,12.0,12.0
2021_18_GB_DET,2021,18,DET,GB,7,7,0,0.0,0.0,0.0,0.0,0.0,0.0,1.0,1.0,0.0,0.0,1.0,,,70.0,0.0,0.0,0.0,0.0,0.0,0.0,0.0
2021_18_TEN_HOU,2021,18,HOU,TEN,7,7,0,0.0,0.0,0.0,0.0,0.0,0.0,1.0,1.0,0.0,0.0,1.0,,,70.0,0.0,0.0,0.0,0.0,0.0,0.0,0.0
2021_18_IND_JAX,2021,18,JAX,IND,7,7,0,0.0,0.0,0.0,0.0,0.0,0.0,1.0,0.0,1.0,1.0,0.0,76.0,19.0,76.0,19.0,0.0,0.0,1.0,0.0,0.0,9.0
2021_18_CHI_MIN,2021,18,MIN,CHI,7,7,0,0.0,0.0,0.0,0.0,0.0,0.0,1.0,1.0,0.0,0.0,1.0,,,70.0,0.0,0.0,0.0,0.0,0.0,0.0,0.0
2021_18_WAS_NYG,2021,18,NYG,WAS,7,7,0,0.0,0.0,0.0,0.0,0.0,0.0,1.0,0.0,1.0,0.0,1.0,38.0,0.0,38.0,0.0,1.0,0.0,0.0,0.0,12.0,0.0
2021_18_SEA_ARI,2021,18,ARI,SEA,7,7,0,0.0,0.0,0.0,0.0,0.0,0.0,1.0,0.0,1.0,1.0,0.0,,,,,0.0,0.0,0.0,0.0,0.0,0.0
2021_18_NO_ATL,2021,18,ATL,NO,7,7,0,0.0,0.0,0.0,0.0,0.0,0.0,1.0,1.0,0.0,0.0,1.0,,,70.0,0.0,0.0,0.0,0.0,0.0,0.0,0.0
2021_18_NYJ_BUF,2021,18,BUF,NYJ,7,7,0,0.0,0.0,0.0,0.0,0.0,0.0,1.0,0.0,1.0,0.0,1.0,36.0,19.0,36.0,19.0,1.0,0.0,1.0,0.0,14.0,9.0
2021_18_SF_LA,2021,18,LA,SF,7,7,0,0.0,0.0,0.0,0.0,0.0,0.0,1.0,1.0,0.0,0.0,1.0,,,70.0,0.0,0.0,0.0,0.0,0.0,0.0,0.0
2021_18_NE_MIA,2021,18,MIA,NE,7,7,0,0.0,0.0,0.0,0.0,0.0,0.0,1.0,0.0,1.0,1.0,0.0,75.0,8.0,75.0,8.0,0.0,0.0,0.0,0.0,0.0,0.0
2021_18_CAR_TB,2021,18,TB,CAR,7,7,0,0.0,0.0,0.0,0.0,0.0,0.0,1.0,0.0,1.0,1.0,0.0,80.0,4.0,80.0,4.0,0.0,0.0,0.0,0.0,0.0,0.0
2021_18_LAC_LV,2021,18,LV,LAC,7,7,0,0.0,0.0,0.0,0.0,0.0,0.0,1.0,1.0,0.0,1.0,0.0,,,70.0,0.0,0.0,0.0,0.0,0.0,0.0,0.0
2021_19_LV_CIN,2021,19,CIN,LV,6,6,0,1.0,1.0,0.0,0.0,0.0,0.0,0.0,0.0,1.0,0.0,1.0,31.0,12.0,31.0,12.0,1.0,0.0,0.0,0.0,19.0,2.0
2021_19_NE_BUF,2021,19,BUF,NE,6,6,0,1.0,1.0,0.0,0.0,0.0,0.0,1.0,0.0,1.0,0.0,1.0,7.0,8.0,7.0,8.0,1.0,1.0,0.0,0.0,43.0,0.0
2021_19_PHI_TB,2021,19,TB,PHI,7,8,-1,0.0,0.0,0.0,0.0,0.0,0.0,0.0,0.0,1.0,1.0,0.0,66.0,21.0,66.0,21.0,0.0,0.0,1.0,1.0,0.0,11.0
2021_19_SF_DAL,2021,19,DAL,SF,8,7,1,0.0,0.0,0.0,0.0,0.0,0.0,0.0,1.0,0.0,0.0,1.0,,,70.0,0.0,0.0,0.0,0.0,0.0,0.0,0.0
2021_19_PIT_KC,2021,19,KC,PIT,8,7,1,0.0,0.0,0.0,0.0,0.0,0.0,0.0,0.0,1.0,1.0,0.0,30.0,8.0,30.0,8.0,1.0,0.0,0.0,0.0,20.0,0.0
2021_19_ARI_LA,2021,19,LA,ARI,8,8,0,0.0,0.0,0.0,0.0,0.0,0.0,1.0,1.0,0.0,0.0,1.0,,,70.0,0.0,0.0,0.0,0.0,0.0,0.0,0.0
2021_20_CIN_TEN,2021,20,TEN,CIN,13,7,6,0.0,0.0,0.0,1.0,0.0,1.0,0.0,0.0,1.0,1.0,0.0,35.0,0.0,35.0,0.0,1.0,0.0,0.0,0.0,15.0,0.0
2021_20_SF_GB,2021,20,GB,SF,13,6,7,0.0,1.0,1.0,1.0,0.0,1.0,0.0,0.0,1.0,1.0,0.0,15.0,12.0,15.0,12.0,1.0,1.0,0.0,0.0,35.0,2.0
2021_20_LA_TB,2021,20,TB,LA,7,6,1,0.0,1.0,1.0,0.0,0.0,0.0,0.0,0.0,1.0,1.0,0.0,50.0,11.0,50.0,11.0,0.0,0.0,0.0,0.0,0.0,1.0
2021_20_BUF_KC,2021,20,KC,BUF,7,8,-1,0.0,0.0,0.0,0.0,0.0,0.0,0.0,0.0,1.0,1.0,0.0,35.0,6.0,35.0,6.0,1.0,0.0,0.0,0.0,15.0,0.0
2021_21_CIN_KC,2021,21,KC,CIN,7,8,-1,0.0,0.0,0.0,0.0,0.0,0.0,0.0,0.0,1.0,1.0,0.0,41.0,4.0,41.0,4.0,0.0,0.0,0.0,0.0,9.0,0.0
2021_21_SF_LA,2021,21,LA,SF,7,8,-1,0.0,0.0,0.0,0.0,0.0,0.0,1.0,1.0,0.0,0.0,1.0,,,70.0,0.0,0.0,0.0,0.0,0.0,0.0,0.0
2021_22_LA_CIN,2021,22,CIN,LA,14,14,0,0.0,0.0,0.0,1.0,1.0,0.0,0.0,1.0,0.0,0.0,1.0,,,70.0,0.0,0.0,0.0,0.0,0.0,0.0,0.0
2022_01_BUF_LA,2022,1,LA,BUF,7,7,0,0.0,0.0,0.0,0.0,0.0,0.0,0.0,1.0,0.0,0.0,1.0,,,70.0,0.0,0.0,0.0,0.0,0.0,0.0,0.0
2022_01_NO_ATL,2022,1,ATL,NO,7,7,0,0.0,0.0,0.0,0.0,0.0,0.0,1.0,1.0,0.0,0.0,1.0,,,70.0,0.0,0.0,0.0,0.0,0.0,0.0,0.0
2022_01_CLE_CAR,2022,1,CAR,CLE,7,7,0,0.0,0.0,0.0,0.0,0.0,0.0,0.0,0.0,1.0,1.0,0.0,,,,,0.0,0.0,0.0,0.0,0.0,0.0
2022_01_SF_CHI,2022,1,CHI,SF,7,7,0,0.0,0.0,0.0,0.0,0.0,0.0,0.0,0.0,1.0,1.0,0.0,,,,,0.0,0.0,0.0,0.0,0.0,0.0
2022_01_PIT_CIN,2022,1,CIN,PIT,7,7,0,0.0,0.0,0.0,0.0,0.0,0.0,1.0,0.0,1.0,0.0,1.0,,,,,0.0,0.0,0.0,0.0,0.0,0.0
2022_01_PHI_DET,2022,1,DET,PHI,7,7,0,0.0,0.0,0.0,0.0,0.0,0.0,0.0,1.0,0.0,0.0,1.0,,,70.0,0.0,0.0,0.0,0.0,0.0,0.0,0.0
2022_01_IND_HOU,2022,1,HOU,IND,7,7,0,0.0,0.0,0.0,0.0,0.0,0.0,1.0,1.0,0.0,0.0,1.0,,,70.0,0.0,0.0,0.0,0.0,0.0,0.0,0.0
2022_01_NE_MIA,2022,1,MIA,NE,7,7,0,0.0,0.0,0.0,0.0,0.0,0.0,1.0,0.0,1.0,1.0,0.0,,,,,0.0,0.0,0.0,0.0,0.0,0.0
2022_01_BAL_NYJ,2022,1,NYJ,BAL,7,7,0,0.0,0.0,0.0,0.0,0.0,0.0,0.0,0.0,1.0,0.0,1.0,,,,,0.0,0.0,0.0,0.0,0.0,0.0
2022_01_JAX_WAS,2022,1,WAS,JAX,7,7,0,0.0,0.0,0.0,0.0,0.0,0.0,0.0,0.0,1.0,1.0,0.0,,,,,0.0,0.0,0.0,0.0,0.0,0.0
2022_01_KC_ARI,2022,1,ARI,KC,7,7,0,0.0,0.0,0.0,0.0,0.0,0.0,0.0,1.0,0.0,1.0,0.0,,,70.0,0.0,0.0,0.0,0.0,0.0,0.0,0.0
2022_01_LV_LAC,2022,1,LAC,LV,7,7,0,0.0,0.0,0.0,0.0,0.0,0.0,1.0,1.0,0.0,0.0,1.0,,,70.0,0.0,0.0,0.0,0.0,0.0,0.0,0.0
2022_01_GB_MIN,2022,1,MIN,GB,7,7,0,0.0,0.0,0.0,0.0,0.0,0.0,1.0,1.0,0.0,0.0,1.0,,,70.0,0.0,0.0,0.0,0.0,0.0,0.0,0.0
2022_01_NYG_TEN,2022,1,TEN,NYG,7,7,0,0.0,0.0,0.0,0.0,0.0,0.0,0.0,0.0,1.0,1.0,0.0,,,,,0.0,0.0,0.0,0.0,0.0,0.0
2022_01_TB_DAL,2022,1,DAL,TB,7,7,0,0.0,0.0,0.0,0.0,0.0,0.0,0.0,1.0,0.0,0.0,1.0,,,70.0,0.0,0.0,0.0,0.0,0.0,0.0,0.0
2022_01_DEN_SEA,2022,1,SEA,DEN,7,7,0,0.0,0.0,0.0,0.0,0.0,0.0,0.0,0.0,1.0,0.0,1.0,,,,,0.0,0.0,0.0,0.0,0.0,0.0
2022_02_LAC_KC,2022,2,KC,LAC,4,4,0,1.0,1.0,0.0,0.0,0.0,0.0,1.0,0.0,1.0,1.0,0.0,,,,,0.0,0.0,0.0,0.0,0.0,0.0
2022_02_MIA_BAL,2022,2,BAL,MIA,7,7,0,0.0,0.0,0.0,0.0,0.0,0.0,0.0,0.0,1.0,1.0,0.0,,,,,0.0,0.0,0.0,0.0,0.0,0.0
2022_02_NYJ_CLE,2022,2,CLE,NYJ,7,7,0,0.0,0.0,0.0,0.0,0.0,0.0,0.0,0.0,1.0,1.0,0.0,,,,,0.0,0.0,0.0,0.0,0.0,0.0
2022_02_WAS_DET,2022,2,DET,WAS,7,7,0,0.0,0.0,0.0,0.0,0.0,0.0,0.0,1.0,0.0,0.0,1.0,,,70.0,0.0,0.0,0.0,0.0,0.0,0.0,0.0
2022_02_IND_JAX,2022,2,JAX,IND,7,7,0,0.0,0.0,0.0,0.0,0.0,0.0,1.0,0.0,1.0,1.0,0.0,,,,,0.0,0.0,0.0,0.0,0.0,0.0
2022_02_TB_NO,2022,2,NO,TB,7,7,0,0.0,0.0,0.0,0.0,0.0,0.0,1.0,1.0,0.0,0.0,1.0,,,70.0,0.0,0.0,0.0,0.0,0.0,0.0,0.0
2022_02_CAR_NYG,2022,2,NYG,CAR,7,7,0,0.0,0.0,0.0,0.0,0.0,0.0,0.0,0.0,1.0,0.0,1.0,,,,,0.0,0.0,0.0,0.0,0.0,0.0
2022_02_NE_PIT,2022,2,PIT,NE,7,7,0,0.0,0.0,0.0,0.0,0.0,0.0,0.0,0.0,1.0,1.0,0.0,,,,,0.0,0.0,0.0,0.0,0.0,0.0
2022_02_ATL_LA,2022,2,LA,ATL,10,7,3,0.0,0.0,0.0,1.0,0.0,1.0,0.0,1.0,0.0,0.0,1.0,,,70.0,0.0,0.0,0.0,0.0,0.0,0.0,0.0
2022_02_SEA_SF,2022,2,SF,SEA,7,6,1,0.0,1.0,1.0,0.0,0.0,0.0,1.0,0.0,1.0,1.0,0.0,,,,,0.0,0.0,0.0,0.0,0.0,0.0
2022_02_CIN_DAL,2022,2,DAL,CIN,7,7,0,0.0,0.0,0.0,0.0,0.0,0.0,0.0,1.0,0.0,0.0,1.0,,,70.0,0.0,0.0,0.0,0.0,0.0,0.0,0.0
2022_02_HOU_DEN,2022,2,DEN,HOU,6,7,-1,1.0,0.0,-1.0,0.0,0.0,0.0,0.0,0.0,1.0,1.0,0.0,,,,,0.0,0.0,0.0,0.0,0.0,0.0
2022_02_ARI_LV,2022,2,LV,ARI,7,7,0,0.0,0.0,0.0,0.0,0.0,0.0,0.0,1.0,0.0,1.0,0.0,,,70.0,0.0,0.0,0.0,0.0,0.0,0.0,0.0
2022_02_CHI_GB,2022,2,GB,CHI,7,7,0,0.0,0.0,0.0,0.0,0.0,0.0,1.0,0.0,1.0,1.0,0.0,,,,,0.0,0.0,0.0,0.0,0.0,0.0
2022_02_TEN_BUF,2022,2,BUF,TEN,11,8,3,0.0,0.0,0.0,1.0,0.0,1.0,0.0,0.0,1.0,0.0,1.0,,,,,0.0,0.0,0.0,0.0,0.0,0.0
2022_02_MIN_PHI,2022,2,PHI,MIN,8,8,0,0.0,0.0,0.0,0.0,0.0,0.0,0.0,0.0,1.0,1.0,0.0,,,,,0.0,0.0,0.0,0.0,0.0,0.0
2022_03_PIT_CLE,2022,3,CLE,PIT,4,4,0,1.0,1.0,0.0,0.0,0.0,0.0,1.0,0.0,1.0,1.0,0.0,,,,,0.0,0.0,0.0,0.0,0.0,0.0
2022_03_NO_CAR,2022,3,CAR,NO,7,7,0,0.0,0.0,0.0,0.0,0.0,0.0,1.0,0.0,1.0,1.0,0.0,,,,,0.0,0.0,0.0,0.0,0.0,0.0
2022_03_HOU_CHI,2022,3,CHI,HOU,7,7,0,0.0,0.0,0.0,0.0,0.0,0.0,0.0,0.0,1.0,1.0,0.0,,,,,0.0,0.0,0.0,0.0,0.0,0.0
2022_03_KC_IND,2022,3,IND,KC,7,10,-3,0.0,0.0,0.0,0.0,1.0,-1.0,0.0,0.0,1.0,0.0,1.0,,,,,0.0,0.0,0.0,0.0,0.0,0.0
2022_03_BUF_MIA,2022,3,MIA,BUF,7,6,1,0.0,1.0,1.0,0.0,0.0,0.0,1.0,0.0,1.0,1.0,0.0,,,,,0.0,0.0,0.0,0.0,0.0,0.0
2022_03_DET_MIN,2022,3,MIN,DET,6,7,-1,1.0,0.0,-1.0,0.0,0.0,0.0,1.0,1.0,0.0,0.0,1.0,,,70.0,0.0,0.0,0.0,0.0,0.0,0.0,0.0
2022_03_BAL_NE,2022,3,NE,BAL,7,7,0,0.0,0.0,0.0,0.0,0.0,0.0,0.0,0.0,1.0,0.0,1.0,,,,,0.0,0.0,0.0,0.0,0.0,0.0
2022_03_CIN_NYJ,2022,3,NYJ,CIN,7,7,0,0.0,0.0,0.0,0.0,0.0,0.0,0.0,0.0,1.0,0.0,1.0,,,,,0.0,0.0,0.0,0.0,0.0,0.0
2022_03_LV_TEN,2022,3,TEN,LV,6,7,-1,1.0,0.0,-1.0,0.0,0.0,0.0,0.0,0.0,1.0,1.0,0.0,,,,,0.0,0.0,0.0,0.0,0.0,0.0
2022_03_PHI_WAS,2022,3,WAS,PHI,7,6,1,0.0,1.0,1.0,0.0,0.0,0.0,1.0,0.0,1.0,1.0,0.0,,,,,0.0,0.0,0.0,0.0,0.0,0.0
2022_03_JAX_LAC,2022,3,LAC,JAX,10,7,3,0.0,0.0,0.0,1.0,0.0,1.0,0.0,1.0,0.0,0.0,1.0,,,70.0,0.0,0.0,0.0,0.0,0.0,0.0,0.0
2022_03_LA_ARI,2022,3,ARI,LA,7,7,0,0.0,0.0,0.0,0.0,0.0,0.0,1.0,1.0,0.0,1.0,0.0,,,70.0,0.0,0.0,0.0,0.0,0.0,0.0,0.0
2022_03_ATL_SEA,2022,3,SEA,ATL,7,7,0,0.0,0.0,0.0,0.0,0.0,0.0,0.0,0.0,1.0,0.0,1.0,,,,,0.0,0.0,0.0,0.0,0.0,0.0
2022_03_GB_TB,2022,3,TB,GB,7,7,0,0.0,0.0,0.0,0.0,0.0,0.0,0.0,0.0,1.0,1.0,0.0,,,,,0.0,0.0,0.0,0.0,0.0,0.0
2022_03_SF_DEN,2022,3,DEN,SF,7,7,0,0.0,0.0,0.0,0.0,0.0,0.0,0.0,0.0,1.0,1.0,0.0,,,,,0.0,0.0,0.0,0.0,0.0,0.0
2022_03_DAL_NYG,2022,3,NYG,DAL,8,8,0,0.0,0.0,0.0,0.0,0.0,0.0,1.0,0.0,1.0,0.0,1.0,,,,,0.0,0.0,0.0,0.0,0.0,0.0
2022_04_MIA_CIN,2022,4,CIN,MIA,4,4,0,1.0,1.0,0.0,0.0,0.0,0.0,0.0,0.0,1.0,0.0,1.0,,,,,0.0,0.0,0.0,0.0,0.0,0.0
2022_04_MIN_NO,2022,4,NO,MIN,7,7,0,0.0,0.0,0.0,0.0,0.0,0.0,0.0,0.0,1.0,0.0,0.0,,,,,0.0,0.0,0.0,0.0,0.0,0.0
2022_04_CLE_ATL,2022,4,ATL,CLE,7,10,-3,0.0,0.0,0.0,0.0,1.0,-1.0,0.0,0.0,1.0,0.0,1.0,,,,,0.0,0.0,0.0,0.0,0.0,0.0
2022_04_BUF_BAL,2022,4,BAL,BUF,7,7,0,0.0,0.0,0.0,0.0,0.0,0.0,0.0,0.0,1.0,1.0,0.0,,,,,0.0,0.0,0.0,0.0,0.0,0.0
2022_04_WAS_DAL,2022,4,DAL,WAS,6,7,-1,1.0,0.0,-1.0,0.0,0.0,0.0,1.0,1.0,0.0,0.0,1.0,,,70.0,0.0,0.0,0.0,0.0,0.0,0.0,0.0
2022_04_SEA_DET,2022,4,DET,SEA,7,7,0,0.0,0.0,0.0,0.0,0.0,0.0,0.0,1.0,0.0,0.0,1.0,,,70.0,0.0,0.0,0.0,0.0,0.0,0.0,0.0
2022_04_LAC_HOU,2022,4,HOU,LAC,7,7,0,0.0,0.0,0.0,0.0,0.0,0.0,0.0,1.0,0.0,0.0,1.0,,,70.0,0.0,0.0,0.0,0.0,0.0,0.0,0.0
2022_04_TEN_IND,2022,4,IND,TEN,7,7,0,0.0,0.0,0.0,0.0,0.0,0.0,1.0,0.0,1.0,0.0,1.0,,,,,0.0,0.0,0.0,0.0,0.0,0.0
2022_04_CHI_NYG,2022,4,NYG,CHI,6,7,-1,1.0,0.0,-1.0,0.0,0.0,0.0,0.0,0.0,1.0,0.0,1.0,,,,,0.0,0.0,0.0,0.0,0.0,0.0
2022_04_JAX_PHI,2022,4,PHI,JAX,7,7,0,0.0,0.0,0.0,0.0,0.0,0.0,0.0,0.0,1.0,1.0,0.0,,,,,0.0,0.0,0.0,0.0,0.0,0.0
2022_04_NYJ_PIT,2022,4,PIT,NYJ,10,7,3,0.0,0.0,0.0,1.0,0.0,1.0,0.0,0.0,1.0,1.0,0.0,,,,,0.0,0.0,0.0,0.0,0.0,0.0
2022_04_ARI_CAR,2022,4,CAR,ARI,7,7,0,0.0,0.0,0.0,0.0,0.0,0.0,0.0,0.0,1.0,1.0,0.0,,,,,0.0,0.0,0.0,0.0,0.0,0.0
2022_04_NE_GB,2022,4,GB,NE,7,7,0,0.0,0.0,0.0,0.0,0.0,0.0,0.0,0.0,1.0,1.0,0.0,,,,,0.0,0.0,0.0,0.0,0.0,0.0
2022_04_DEN_LV,2022,4,LV,DEN,7,7,0,0.0,0.0,0.0,0.0,0.0,0.0,1.0,1.0,0.0,1.0,0.0,,,70.0,0.0,0.0,0.0,0.0,0.0,0.0,0.0
2022_04_KC_TB,2022,4,TB,KC,7,7,0,0.0,0.0,0.0,0.0,0.0,0.0,0.0,0.0,1.0,1.0,0.0,,,,,0.0,0.0,0.0,0.0,0.0,0.0
2022_04_LA_SF,2022,4,SF,LA,8,8,0,0.0,0.0,0.0,0.0,0.0,0.0,1.0,0.0,1.0,1.0,0.0,,,,,0.0,0.0,0.0,0.0,0.0,0.0
2022_05_IND_DEN,2022,5,DEN,IND,4,4,0,1.0,1.0,0.0,0.0,0.0,0.0,0.0,0.0,1.0,1.0,0.0,,,,,0.0,0.0,0.0,0.0,0.0,0.0
2022_05_NYG_GB,2022,5,GB,NYG,7,7,0,0.0,0.0,0.0,0.0,0.0,0.0,0.0,0.0,1.0,0.0,0.0,,,,,0.0,0.0,0.0,0.0,0.0,0.0
2022_05_PIT_BUF,2022,5,BUF,PIT,7,7,0,0.0,0.0,0.0,0.0,0.0,0.0,0.0,0.0,1.0,0.0,1.0,,,,,0.0,0.0,0.0,0.0,0.0,0.0
2022_05_LAC_CLE,2022,5,CLE,LAC,7,7,0,0.0,0.0,0.0,0.0,0.0,0.0,0.0,0.0,1.0,1.0,0.0,,,,,0.0,0.0,0.0,0.0,0.0,0.0
2022_05_HOU_JAX,2022,5,JAX,HOU,7,7,0,0.0,0.0,0.0,0.0,0.0,0.0,1.0,0.0,1.0,1.0,0.0,,,,,0.0,0.0,0.0,0.0,0.0,0.0
2022_05_CHI_MIN,2022,5,MIN,CHI,7,7,0,0.0,0.0,0.0,0.0,0.0,0.0,1.0,1.0,0.0,0.0,1.0,,,70.0,0.0,0.0,0.0,0.0,0.0,0.0,0.0
2022_05_DET_NE,2022,5,NE,DET,7,7,0,0.0,0.0,0.0,0.0,0.0,0.0,0.0,0.0,1.0,0.0,1.0,,,,,0.0,0.0,0.0,0.0,0.0,0.0
2022_05_SEA_NO,2022,5,NO,SEA,7,7,0,0.0,0.0,0.0,0.0,0.0,0.0,0.0,1.0,0.0,0.0,1.0,,,70.0,0.0,0.0,0.0,0.0,0.0,0.0,0.0
2022_05_MIA_NYJ,2022,5,NYJ,MIA,7,10,-3,0.0,0.0,0.0,0.0,1.0,-1.0,1.0,0.0,1.0,0.0,1.0,,,,,0.0,0.0,0.0,0.0,0.0,0.0
2022_05_ATL_TB,2022,5,TB,ATL,7,7,0,0.0,0.0,0.0,0.0,0.0,0.0,1.0,0.0,1.0,1.0,0.0,,,,,0.0,0.0,0.0,0.0,0.0,0.0
2022_05_TEN_WAS,2022,5,WAS,TEN,7,7,0,0.0,0.0,0.0,0.0,0.0,0.0,0.0,0.0,1.0,1.0,0.0,,,,,0.0,0.0,0.0,0.0,0.0,0.0
2022_05_SF_CAR,2022,5,CAR,SF,7,6,1,0.0,1.0,1.0,0.0,0.0,0.0,0.0,0.0,1.0,1.0,0.0,,,,,0.0,0.0,0.0,0.0,0.0,0.0
2022_05_PHI_ARI,2022,5,ARI,PHI,7,7,0,0.0,0.0,0.0,0.0,0.0,0.0,0.0,1.0,0.0,1.0,0.0,,,70.0,0.0,0.0,0.0,0.0,0.0,0.0,0.0
2022_05_DAL_LA,2022,5,LA,DAL,6,7,-1,1.0,0.0,-1.0,0.0,0.0,0.0,0.0,1.0,0.0,0.0,1.0,,,70.0,0.0,0.0,0.0,0.0,0.0,0.0,0.0
2022_05_CIN_BAL,2022,5,BAL,CIN,7,10,-3,0.0,0.0,0.0,0.0,1.0,-1.0,1.0,0.0,1.0,1.0,0.0,,,,,0.0,0.0,0.0,0.0,0.0,0.0
2022_05_LV_KC,2022,5,KC,LV,8,8,0,0.0,0.0,0.0,0.0,0.0,0.0,1.0,0.0,1.0,1.0,0.0,,,,,0.0,0.0,0.0,0.0,0.0,0.0
2022_06_WAS_CHI,2022,6,CHI,WAS,4,4,0,1.0,1.0,0.0,0.0,0.0,0.0,0.0,0.0,1.0,1.0,0.0,,,,,0.0,0.0,0.0,0.0,0.0,0.0
2022_06_SF_ATL,2022,6,ATL,SF,7,7,0,0.0,0.0,0.0,0.0,0.0,0.0,0.0,0.0,1.0,0.0,1.0,,,,,0.0,0.0,0.0,0.0,0.0,0.0
2022_06_NE_CLE,2022,6,CLE,NE,7,7,0,0.0,0.0,0.0,0.0,0.0,0.0,0.0,0.0,1.0,1.0,0.0,,,,,0.0,0.0,0.0,0.0,0.0,0.0
2022_06_NYJ_GB,2022,6,GB,NYJ,7,7,0,0.0,0.0,0.0,0.0,0.0,0.0,0.0,0.0,1.0,1.0,0.0,,,,,0.0,0.0,0.0,0.0,0.0,0.0
2022_06_JAX_IND,2022,6,IND,JAX,10,7,3,0.0,0.0,0.0,1.0,0.0,1.0,1.0,0.0,1.0,0.0,1.0,,,,,0.0,0.0,0.0,0.0,0.0,0.0
2022_06_MIN_MIA,2022,6,MIA,MIN,7,7,0,0.0,0.0,0.0,0.0,0.0,0.0,0.0,0.0,1.0,1.0,0.0,,,,,0.0,0.0,0.0,0.0,0.0,0.0
2022_06_CIN_NO,2022,6,NO,CIN,7,7,0,0.0,0.0,0.0,0.0,0.0,0.0,0.0,1.0,0.0,0.0,1.0,,,70.0,0.0,0.0,0.0,0.0,0.0,0.0,0.0
2022_06_BAL_NYG,2022,6,NYG,BAL,7,7,0,0.0,0.0,0.0,0.0,0.0,0.0,0.0,0.0,1.0,0.0,1.0,,,,,0.0,0.0,0.0,0.0,0.0,0.0
2022_06_TB_PIT,2022,6,PIT,TB,7,7,0,0.0,0.0,0.0,0.0,0.0,0.0,0.0,0.0,1.0,1.0,0.0,,,,,0.0,0.0,0.0,0.0,0.0,0.0
2022_06_CAR_LA,2022,6,LA,CAR,7,7,0,0.0,0.0,0.0,0.0,0.0,0.0,0.0,1.0,0.0,0.0,1.0,,,70.0,0.0,0.0,0.0,0.0,0.0,0.0,0.0
2022_06_ARI_SEA,2022,6,SEA,ARI,7,7,0,0.0,0.0,0.0,0.0,0.0,0.0,1.0,0.0,1.0,0.0,1.0,,,,,0.0,0.0,0.0,0.0,0.0,0.0
2022_06_BUF_KC,2022,6,KC,BUF,6,7,-1,1.0,0.0,-1.0,0.0,0.0,0.0,0.0,0.0,1.0,1.0,0.0,,,,,0.0,0.0,0.0,0.0,0.0,0.0
2022_06_DAL_PHI,2022,6,PHI,DAL,7,7,0,0.0,0.0,0.0,0.0,0.0,0.0,1.0,0.0,1.0,1.0,0.0,,,,,0.0,0.0,0.0,0.0,0.0,0.0
2022_06_DEN_LAC,2022,6,LAC,DEN,8,11,-3,0.0,0.0,0.0,0.0,1.0,-1.0,1.0,1.0,0.0,0.0,1.0,,,70.0,0.0,0.0,0.0,0.0,0.0,0.0,0.0
2022_07_NO_ARI,2022,7,ARI,NO,4,4,0,1.0,1.0,0.0,0.0,0.0,0.0,0.0,0.0,1.0,1.0,0.0,,,,,0.0,0.0,0.0,0.0,0.0,0.0
2022_07_CLE_BAL,2022,7,BAL,CLE,7,7,0,0.0,0.0,0.0,0.0,0.0,0.0,1.0,0.0,1.0,1.0,0.0,,,,,0.0,0.0,0.0,0.0,0.0,0.0
2022_07_TB_CAR,2022,7,CAR,TB,7,7,0,0.0,0.0,0.0,0.0,0.0,0.0,1.0,0.0,1.0,1.0,0.0,,,,,0.0,0.0,0.0,0.0,0.0,0.0
2022_07_ATL_CIN,2022,7,CIN,ATL,7,7,0,0.0,0.0,0.0,0.0,0.0,0.0,0.0,0.0,1.0,0.0,1.0,,,,,0.0,0.0,0.0,0.0,0.0,0.0
2022_07_DET_DAL,2022,7,DAL,DET,7,14,-7,0.0,0.0,0.0,0.0,1.0,-1.0,0.0,1.0,0.0,0.0,1.0,,,70.0,0.0,0.0,0.0,0.0,0.0,0.0,0.0
2022_07_NYG_JAX,2022,7,JAX,NYG,7,7,0,0.0,0.0,0.0,0.0,0.0,0.0,0.0,0.0,1.0,1.0,0.0,,,,,0.0,0.0,0.0,0.0,0.0,0.0
2022_07_IND_TEN,2022,7,TEN,IND,14,7,7,0.0,0.0,0.0,1.0,0.0,1.0,1.0,0.0,1.0,1.0,0.0,,,,,0.0,0.0,0.0,0.0,0.0,0.0
2022_07_GB_WAS,2022,7,WAS,GB,10,7,3,0.0,0.0,0.0,1.0,0.0,1.0,0.0,0.0,1.0,1.0,0.0,,,,,0.0,0.0,0.0,0.0,0.0,0.0
2022_07_NYJ_DEN,2022,7,DEN,NYJ,6,7,-1,1.0,0.0,-1.0,0.0,0.0,0.0,0.0,0.0,1.0,1.0,0.0,,,,,0.0,0.0,0.0,0.0,0.0,0.0
2022_07_HOU_LV,2022,7,LV,HOU,13,14,-1,0.0,0.0,0.0,1.0,1.0,0.0,0.0,1.0,0.0,1.0,0.0,,,70.0,0.0,0.0,0.0,0.0,0.0,0.0,0.0
2022_07_SEA_LAC,2022,7,LAC,SEA,6,7,-1,1.0,0.0,-1.0,0.0,0.0,0.0,0.0,1.0,0.0,0.0,1.0,,,70.0,0.0,0.0,0.0,0.0,0.0,0.0,0.0
2022_07_KC_SF,2022,7,SF,KC,7,7,0,0.0,0.0,0.0,0.0,0.0,0.0,0.0,0.0,1.0,0.0,0.0,,,,,0.0,0.0,0.0,0.0,0.0,0.0
2022_07_PIT_MIA,2022,7,MIA,PIT,7,7,0,0.0,0.0,0.0,0.0,0.0,0.0,0.0,0.0,1.0,1.0,0.0,,,,,0.0,0.0,0.0,0.0,0.0,0.0
2022_07_CHI_NE,2022,7,NE,CHI,8,11,-3,0.0,0.0,0.0,0.0,1.0,-1.0,0.0,0.0,1.0,0.0,1.0,,,,,0.0,0.0,0.0,0.0,0.0,0.0
2022_08_BAL_TB,2022,8,TB,BAL,4,4,0,1.0,1.0,0.0,0.0,0.0,0.0,0.0,0.0,1.0,1.0,0.0,,,,,0.0,0.0,0.0,0.0,0.0,0.0
2022_08_DEN_JAX,2022,8,JAX,DEN,7,7,0,0.0,0.0,0.0,0.0,0.0,0.0,0.0,0.0,1.0,0.0,0.0,,,,,0.0,0.0,0.0,0.0,0.0,0.0
2022_08_CAR_ATL,2022,8,ATL,CAR,7,7,0,0.0,0.0,0.0,0.0,0.0,0.0,1.0,1.0,0.0,0.0,1.0,,,70.0,0.0,0.0,0.0,0.0,0.0,0.0,0.0
2022_08_CHI_DAL,2022,8,DAL,CHI,7,6,1,0.0,1.0,1.0,0.0,0.0,0.0,0.0,0.0,1.0,0.0,1.0,,,,,0.0,0.0,0.0,0.0,0.0,0.0
2022_08_MIA_DET,2022,8,DET,MIA,7,7,0,0.0,0.0,0.0,0.0,0.0,0.0,0.0,1.0,0.0,0.0,1.0,,,70.0,0.0,0.0,0.0,0.0,0.0,0.0,0.0
2022_08_ARI_MIN,2022,8,MIN,ARI,14,10,4,0.0,0.0,0.0,1.0,1.0,0.0,0.0,1.0,0.0,0.0,1.0,,,70.0,0.0,0.0,0.0,0.0,0.0,0.0,0.0
2022_08_LV_NO,2022,8,NO,LV,10,7,3,0.0,0.0,0.0,1.0,0.0,1.0,0.0,1.0,0.0,0.0,1.0,,,70.0,0.0,0.0,0.0,0.0,0.0,0.0,0.0
2022_08_NE_NYJ,2022,8,NYJ,NE,7,6,1,0.0,1.0,1.0,0.0,0.0,0.0,1.0,0.0,1.0,0.0,1.0,,,,,0.0,0.0,0.0,0.0,0.0,0.0
2022_08_PIT_PHI,2022,8,PHI,PIT,14,7,7,0.0,0.0,0.0,1.0,0.0,1.0,0.0,0.0,1.0,1.0,0.0,,,,,0.0,0.0,0.0,0.0,0.0,0.0
2022_08_TEN_HOU,2022,8,HOU,TEN,7,7,0,0.0,0.0,0.0,0.0,0.0,0.0,1.0,1.0,0.0,0.0,1.0,,,70.0,0.0,0.0,0.0,0.0,0.0,0.0,0.0
2022_08_WAS_IND,2022,8,IND,WAS,7,7,0,0.0,0.0,0.0,0.0,0.0,0.0,0.0,1.0,0.0,0.0,1.0,,,70.0,0.0,0.0,0.0,0.0,0.0,0.0,0.0
2022_08_SF_LA,2022,8,LA,SF,14,7,7,0.0,0.0,0.0,1.0,0.0,1.0,1.0,1.0,0.0,0.0,1.0,,,70.0,0.0,0.0,0.0,0.0,0.0,0.0,0.0
2022_08_NYG_SEA,2022,8,SEA,NYG,7,7,0,0.0,0.0,0.0,0.0,0.0,0.0,0.0,0.0,1.0,0.0,1.0,,,,,0.0,0.0,0.0,0.0,0.0,0.0
2022_08_GB_BUF,2022,8,BUF,GB,14,7,7,0.0,0.0,0.0,1.0,0.0,1.0,0.0,0.0,1.0,0.0,1.0,,,,,0.0,0.0,0.0,0.0,0.0,0.0
2022_08_CIN_CLE,2022,8,CLE,CIN,8,8,0,0.0,0.0,0.0,0.0,0.0,0.0,1.0,0.0,1.0,1.0,0.0,66.0,9.0,66.0,9.0,0.0,0.0,0.0,0.0,0.0,0.0
2022_09_PHI_HOU,2022,9,HOU,PHI,4,4,0,1.0,1.0,0.0,0.0,0.0,0.0,0.0,1.0,0.0,0.0,1.0,,,70.0,0.0,0.0,0.0,0.0,0.0,0.0,0.0
2022_09_LAC_ATL,2022,9,ATL,LAC,7,14,-7,0.0,0.0,0.0,0.0,1.0,-1.0,0.0,0.0,1.0,0.0,1.0,,,,,0.0,0.0,0.0,0.0,0.0,0.0
2022_09_MIA_CHI,2022,9,CHI,MIA,7,7,0,0.0,0.0,0.0,0.0,0.0,0.0,0.0,0.0,1.0,1.0,0.0,58.0,17.0,58.0,17.0,0.0,0.0,1.0,0.0,0.0,7.0
2022_09_CAR_CIN,2022,9,CIN,CAR,6,7,-1,1.0,0.0,-1.0,0.0,0.0,0.0,0.0,0.0,1.0,0.0,1.0,68.0,11.0,68.0,11.0,0.0,0.0,0.0,0.0,0.0,1.0
2022_09_GB_DET,2022,9,DET,GB,7,7,0,0.0,0.0,0.0,0.0,0.0,0.0,1.0,1.0,0.0,0.0,1.0,,,70.0,0.0,0.0,0.0,0.0,0.0,0.0,0.0
2022_09_LV_JAX,2022,9,JAX,LV,7,7,0,0.0,0.0,0.0,0.0,0.0,0.0,0.0,0.0,1.0,1.0,0.0,81.0,14.0,81.0,14.0,0.0,0.0,0.0,0.0,0.0,4.0
2022_09_IND_NE,2022,9,NE,IND,7,7,0,0.0,0.0,0.0,0.0,0.0,0.0,0.0,0.0,1.0,0.0,1.0,78.0,13.0,78.0,13.0,0.0,0.0,0.0,0.0,0.0,3.0
2022_09_BUF_NYJ,2022,9,NYJ,BUF,7,7,0,0.0,0.0,0.0,0.0,0.0,0.0,1.0,0.0,1.0,0.0,1.0,69.0,17.0,69.0,17.0,0.0,0.0,1.0,0.0,0.0,7.0
2022_09_MIN_WAS,2022,9,WAS,MIN,7,7,0,0.0,0.0,0.0,0.0,0.0,0.0,0.0,0.0,1.0,1.0,0.0,71.0,11.0,71.0,11.0,0.0,0.0,0.0,0.0,0.0,1.0
2022_09_SEA_ARI,2022,9,ARI,SEA,7,7,0,0.0,0.0,0.0,0.0,0.0,0.0,1.0,0.0,1.0,1.0,0.0,,,,,0.0,0.0,0.0,0.0,0.0,0.0
2022_09_LA_TB,2022,9,TB,LA,10,7,3,0.0,0.0,0.0,1.0,0.0,1.0,0.0,0.0,1.0,1.0,0.0,88.0,2.0,88.0,2.0,0.0,0.0,0.0,0.0,0.0,0.0
2022_09_TEN_KC,2022,9,KC,TEN,14,7,7,0.0,0.0,0.0,1.0,0.0,1.0,0.0,0.0,1.0,1.0,0.0,54.0,7.0,54.0,7.0,0.0,0.0,0.0,0.0,0.0,0.0
2022_09_BAL_NO,2022,9,NO,BAL,8,11,-3,0.0,0.0,0.0,0.0,1.0,-1.0,0.0,1.0,0.0,0.0,1.0,,,70.0,0.0,0.0,0.0,0.0,0.0,0.0,0.0
2022_10_ATL_CAR,2022,10,CAR,ATL,4,4,0,1.0,1.0,0.0,0.0,0.0,0.0,1.0,0.0,1.0,1.0,0.0,61.0,12.0,61.0,12.0,0.0,0.0,0.0,0.0,0.0,2.0
2022_10_SEA_TB,2022,10,TB,SEA,7,7,0,0.0,0.0,0.0,0.0,0.0,0.0,0.0,0.0,1.0,0.0,0.0,,,,,0.0,0.0,0.0,0.0,0.0,0.0
2022_10_MIN_BUF,2022,10,BUF,MIN,7,7,0,0.0,0.0,0.0,0.0,0.0,0.0,0.0,0.0,1.0,0.0,1.0,38.0,11.0,38.0,11.0,1.0,0.0,0.0,0.0,12.0,1.0
2022_10_DET_CHI,2022,10,CHI,DET,7,7,0,0.0,0.0,0.0,0.0,0.0,0.0,1.0,0.0,1.0,1.0,0.0,34.0,13.0,34.0,13.0,1.0,0.0,0.0,0.0,16.0,3.0
2022_10_JAX_KC,2022,10,KC,JAX,7,7,0,0.0,0.0,0.0,0.0,0.0,0.0,0.0,0.0,1.0,1.0,0.0,33.0,7.0,33.0,7.0,1.0,0.0,0.0,0.0,17.0,0.0
2022_10_CLE_MIA,2022,10,MIA,CLE,7,13,-6,0.0,0.0,0.0,0.0,1.0,-1.0,0.0,0.0,1.0,1.0,0.0,85.0,7.0,85.0,7.0,0.0,0.0,0.0,0.0,0.0,0.0
2022_10_HOU_NYG,2022,10,NYG,HOU,14,10,4,0.0,0.0,0.0,1.0,1.0,0.0,0.0,0.0,1.0,0.0,1.0,50.0,15.0,50.0,15.0,0.0,0.0,1.0,0.0,0.0,5.0
2022_10_NO_PIT,2022,10,PIT,NO,14,6,8,0.0,1.0,1.0,1.0,0.0,1.0,0.0,0.0,1.0,1.0,0.0,37.0,15.0,37.0,15.0,1.0,0.0,1.0,0.0,13.0,5.0
2022_10_DEN_TEN,2022,10,TEN,DEN,7,14,-7,0.0,0.0,0.0,0.0,1.0,-1.0,0.0,0.0,1.0,1.0,0.0,36.0,9.0,36.0,9.0,1.0,0.0,0.0,0.0,14.0,0.0
2022_10_IND_LV,2022,10,LV,IND,7,7,0,0.0,0.0,0.0,0.0,0.0,0.0,0.0,1.0,0.0,1.0,0.0,,,70.0,0.0,0.0,0.0,0.0,0.0,0.0,0.0
2022_10_DAL_GB,2022,10,GB,DAL,7,14,-7,0.0,0.0,0.0,0.0,1.0,-1.0,0.0,0.0,1.0,1.0,0.0,33.0,8.0,33.0,8.0,1.0,0.0,0.0,0.0,17.0,0.0
2022_10_ARI_LA,2022,10,LA,ARI,7,7,0,0.0,0.0,0.0,0.0,0.0,0.0,1.0,1.0,0.0,0.0,1.0,,,70.0,0.0,0.0,0.0,0.0,0.0,0.0,0.0
2022_10_LAC_SF,2022,10,SF,LAC,14,7,7,0.0,0.0,0.0,1.0,0.0,1.0,0.0,0.0,1.0,1.0,0.0,57.0,6.0,57.0,6.0,0.0,0.0,0.0,0.0,0.0,0.0
2022_10_WAS_PHI,2022,10,PHI,WAS,11,8,3,0.0,0.0,0.0,1.0,0.0,1.0,1.0,0.0,1.0,1.0,0.0,43.0,6.0,43.0,6.0,0.0,0.0,0.0,0.0,7.0,0.0
2022_11_TEN_GB,2022,11,GB,TEN,4,4,0,1.0,1.0,0.0,0.0,0.0,0.0,0.0,0.0,1.0,1.0,0.0,25.0,11.0,25.0,11.0,1.0,1.0,0.0,0.0,25.0,1.0
2022_11_CHI_ATL,2022,11,ATL,CHI,10,7,3,0.0,0.0,0.0,1.0,0.0,1.0,0.0,1.0,0.0,0.0,1.0,,,70.0,0.0,0.0,0.0,0.0,0.0,0.0,0.0
2022_11_CAR_BAL,2022,11,BAL,CAR,13,10,3,0.0,0.0,0.0,1.0,1.0,0.0,0.0,0.0,1.0,1.0,0.0,36.0,2.0,36.0,2.0,1.0,0.0,0.0,0.0,14.0,0.0
2022_11_CLE_BUF,2022,11,BUF,CLE,7,7,0,0.0,0.0,0.0,0.0,0.0,0.0,0.0,1.0,0.0,0.0,1.0,,,70.0,0.0,0.0,0.0,0.0,0.0,0.0,0.0
2022_11_WAS_HOU,2022,11,HOU,WAS,7,6,1,0.0,1.0,1.0,0.0,0.0,0.0,0.0,1.0,0.0,0.0,1.0,,,70.0,0.0,0.0,0.0,0.0,0.0,0.0,0.0
2022_11_PHI_IND,2022,11,IND,PHI,7,6,1,0.0,1.0,1.0,0.0,0.0,0.0,0.0,1.0,0.0,0.0,1.0,,,70.0,0.0,0.0,0.0,0.0,0.0,0.0,0.0
2022_11_NYJ_NE,2022,11,NE,NYJ,14,14,0,0.0,0.0,0.0,1.0,1.0,0.0,1.0,0.0,1.0,0.0,1.0,42.0,2.0,42.0,2.0,0.0,0.0,0.0,0.0,8.0,0.0
2022_11_LA_NO,2022,11,NO,LA,7,7,0,0.0,0.0,0.0,0.0,0.0,0.0,0.0,1.0,0.0,0.0,1.0,,,70.0,0.0,0.0,0.0,0.0,0.0,0.0,0.0
2022_11_DET_NYG,2022,11,NYG,DET,7,7,0,0.0,0.0,0.0,0.0,0.0,0.0,0.0,0.0,1.0,0.0,1.0,35.0,21.0,35.0,21.0,1.0,0.0,1.0,1.0,15.0,11.0
2022_11_LV_DEN,2022,11,DEN,LV,7,7,0,0.0,0.0,0.0,0.0,0.0,0.0,1.0,0.0,1.0,1.0,0.0,49.0,11.0,49.0,11.0,0.0,0.0,0.0,0.0,1.0,1.0
2022_11_DAL_MIN,2022,11,MIN,DAL,7,7,0,0.0,0.0,0.0,0.0,0.0,0.0,0.0,1.0,0.0,0.0,1.0,,,70.0,0.0,0.0,0.0,0.0,0.0,0.0,0.0
2022_11_CIN_PIT,2022,11,PIT,CIN,7,14,-7,0.0,0.0,0.0,0.0,1.0,-1.0,1.0,0.0,1.0,1.0,0.0,27.0,12.0,27.0,12.0,1.0,0.0,0.0,0.0,23.0,2.0
2022_11_KC_LAC,2022,11,LAC,KC,7,7,0,0.0,0.0,0.0,0.0,0.0,0.0,1.0,1.0,0.0,0.0,1.0,,,70.0,0.0,0.0,0.0,0.0,0.0,0.0,0.0
2022_11_SF_ARI,2022,11,ARI,SF,8,8,0,0.0,0.0,0.0,0.0,0.0,0.0,1.0,0.0,1.0,0.0,0.0,,,,,0.0,0.0,0.0,0.0,0.0,0.0
2022_12_BUF_DET,2022,12,DET,BUF,4,4,0,1.0,1.0,0.0,0.0,0.0,0.0,0.0,1.0,0.0,0.0,1.0,,,70.0,0.0,0.0,0.0,0.0,0.0,0.0,0.0
2022_12_NYG_DAL,2022,12,DAL,NYG,4,4,0,1.0,1.0,0.0,0.0,0.0,0.0,1.0,1.0,0.0,0.0,1.0,,,70.0,0.0,0.0,0.0,0.0,0.0,0.0,0.0
2022_12_NE_MIN,2022,12,MIN,NE,4,4,0,1.0,1.0,0.0,0.0,0.0,0.0,0.0,1.0,0.0,0.0,1.0,,,70.0,0.0,0.0,0.0,0.0,0.0,0.0,0.0
2022_12_DEN_CAR,2022,12,CAR,DEN,7,7,0,0.0,0.0,0.0,0.0,0.0,0.0,0.0,0.0,1.0,1.0,0.0,66.0,15.0,66.0,15.0,0.0,0.0,1.0,0.0,0.0,5.0
2022_12_TB_CLE,2022,12,CLE,TB,7,14,-7,0.0,0.0,0.0,0.0,1.0,-1.0,0.0,0.0,1.0,1.0,0.0,56.0,14.0,56.0,14.0,0.0,0.0,0.0,0.0,0.0,4.0
2022_12_BAL_JAX,2022,12,JAX,BAL,14,7,7,0.0,0.0,0.0,1.0,0.0,1.0,0.0,0.0,1.0,1.0,0.0,77.0,19.0,77.0,19.0,0.0,0.0,1.0,0.0,0.0,9.0
2022_12_HOU_MIA,2022,12,MIA,HOU,14,7,7,0.0,0.0,0.0,1.0,0.0,1.0,0.0,0.0,1.0,1.0,0.0,84.0,13.0,84.0,13.0,0.0,0.0,0.0,0.0,0.0,3.0
2022_12_CHI_NYJ,2022,12,NYJ,CHI,7,7,0,0.0,0.0,0.0,0.0,0.0,0.0,0.0,0.0,1.0,0.0,1.0,50.0,9.0,50.0,9.0,0.0,0.0,0.0,0.0,0.0,0.0
2022_12_CIN_TEN,2022,12,TEN,CIN,10,7,3,0.0,0.0,0.0,1.0,0.0,1.0,0.0,0.0,1.0,1.0,0.0,56.0,14.0,56.0,14.0,0.0,0.0,0.0,0.0,0.0,4.0
2022_12_ATL_WAS,2022,12,WAS,ATL,7,7,0,0.0,0.0,0.0,0.0,0.0,0.0,0.0,0.0,1.0,1.0,0.0,46.0,9.0,46.0,9.0,0.0,0.0,0.0,0.0,4.0,0.0
2022_12_LAC_ARI,2022,12,ARI,LAC,6,7,-1,1.0,0.0,-1.0,0.0,0.0,0.0,0.0,1.0,0.0,1.0,0.0,,,70.0,0.0,0.0,0.0,0.0,0.0,0.0,0.0
2022_12_LV_SEA,2022,12,SEA,LV,14,7,7,0.0,0.0,0.0,1.0,0.0,1.0,0.0,0.0,1.0,0.0,1.0,44.0,8.0,44.0,8.0,0.0,0.0,0.0,0.0,6.0,0.0
2022_12_LA_KC,2022,12,KC,LA,7,7,0,0.0,0.0,0.0,0.0,0.0,0.0,0.0,0.0,1.0,1.0,0.0,44.0,6.0,44.0,6.0,0.0,0.0,0.0,0.0,6.0,0.0
2022_12_NO_SF,2022,12,SF,NO,6,7,-1,1.0,0.0,-1.0,0.0,0.0,0.0,0.0,0.0,1.0,1.0,0.0,59.0,2.0,59.0,2.0,0.0,0.0,0.0,0.0,0.0,0.0
2022_12_GB_PHI,2022,12,PHI,GB,7,10,-3,0.0,0.0,0.0,0.0,1.0,-1.0,0.0,0.0,1.0,1.0,0.0,62.0,24.0,62.0,24.0,0.0,0.0,1.0,1.0,0.0,14.0
2022_12_PIT_IND,2022,12,IND,PIT,8,8,0,0.0,0.0,0.0,0.0,0.0,0.0,0.0,1.0,0.0,0.0,1.0,,,70.0,0.0,0.0,0.0,0.0,0.0,0.0,0.0
2022_13_BUF_NE,2022,13,NE,BUF,7,7,0,0.0,0.0,0.0,0.0,0.0,0.0,1.0,0.0,1.0,0.0,1.0,35.0,2.0,35.0,2.0,1.0,0.0,0.0,0.0,15.0,0.0
2022_13_PIT_ATL,2022,13,ATL,PIT,7,6,1,0.0,1.0,1.0,0.0,0.0,0.0,0.0,1.0,0.0,0.0,1.0,,,70.0,0.0,0.0,0.0,0.0,0.0,0.0,0.0
2022_13_DEN_BAL,2022,13,BAL,DEN,7,7,0,0.0,0.0,0.0,0.0,0.0,0.0,0.0,0.0,1.0,1.0,0.0,63.0,8.0,63.0,8.0,0.0,0.0,0.0,0.0,0.0,0.0
2022_13_GB_CHI,2022,13,CHI,GB,7,7,0,0.0,0.0,0.0,0.0,0.0,0.0,1.0,0.0,1.0,1.0,0.0,38.0,12.0,38.0,12.0,1.0,0.0,0.0,0.0,12.0,2.0
2022_13_JAX_DET,2022,13,DET,JAX,10,7,3,0.0,0.0,0.0,1.0,0.0,1.0,0.0,1.0,0.0,0.0,1.0,,,70.0,0.0,0.0,0.0,0.0,0.0,0.0,0.0
2022_13_CLE_HOU,2022,13,HOU,CLE,7,7,0,0.0,0.0,0.0,0.0,0.0,0.0,0.0,1.0,0.0,0.0,1.0,,,70.0,0.0,0.0,0.0,0.0,0.0,0.0,0.0
2022_13_NYJ_MIN,2022,13,MIN,NYJ,10,7,3,0.0,0.0,0.0,1.0,0.0,1.0,0.0,1.0,0.0,0.0,1.0,,,70.0,0.0,0.0,0.0,0.0,0.0,0.0,0.0
2022_13_WAS_NYG,2022,13,NYG,WAS,10,7,3,0.0,0.0,0.0,1.0,0.0,1.0,1.0,0.0,1.0,0.0,1.0,40.0,9.0,40.0,9.0,1.0,0.0,0.0,0.0,10.0,0.0
2022_13_TEN_PHI,2022,13,PHI,TEN,7,7,0,0.0,0.0,0.0,0.0,0.0,0.0,0.0,0.0,1.0,1.0,0.0,60.0,7.0,60.0,7.0,0.0,0.0,0.0,0.0,0.0,0.0
2022_13_SEA_LA,2022,13,LA,SEA,7,7,0,0.0,0.0,0.0,0.0,0.0,0.0,1.0,1.0,0.0,0.0,1.0,,,70.0,0.0,0.0,0.0,0.0,0.0,0.0,0.0
2022_13_MIA_SF,2022,13,SF,MIA,7,7,0,0.0,0.0,0.0,0.0,0.0,0.0,0.0,0.0,1.0,1.0,0.0,38.0,6.0,38.0,6.0,1.0,0.0,0.0,0.0,12.0,0.0
2022_13_KC_CIN,2022,13,CIN,KC,7,7,0,0.0,0.0,0.0,0.0,0.0,0.0,0.0,0.0,1.0,0.0,1.0,57.0,2.0,57.0,2.0,0.0,0.0,0.0,0.0,0.0,0.0
2022_13_LAC_LV,2022,13,LV,LAC,7,7,0,0.0,0.0,0.0,0.0,0.0,0.0,1.0,1.0,0.0,1.0,0.0,,,70.0,0.0,0.0,0.0,0.0,0.0,0.0,0.0
2022_13_IND_DAL,2022,13,DAL,IND,10,6,4,0.0,1.0,1.0,1.0,0.0,1.0,0.0,1.0,0.0,0.0,1.0,,,70.0,0.0,0.0,0.0,0.0,0.0,0.0,0.0
2022_13_NO_TB,2022,13,TB,NO,8,8,0,0.0,0.0,0.0,0.0,0.0,0.0,1.0,0.0,1.0,1.0,0.0,69.0,2.0,69.0,2.0,0.0,0.0,0.0,0.0,0.0,0.0
2022_14_LV_LA,2022,14,LA,LV,4,4,0,1.0,1.0,0.0,0.0,0.0,0.0,0.0,1.0,0.0,0.0,1.0,,,70.0,0.0,0.0,0.0,0.0,0.0,0.0,0.0
2022_14_NYJ_BUF,2022,14,BUF,NYJ,10,7,3,0.0,0.0,0.0,1.0,0.0,1.0,1.0,0.0,1.0,0.0,1.0,36.0,11.0,36.0,11.0,1.0,0.0,0.0,0.0,14.0,1.0
2022_14_CLE_CIN,2022,14,CIN,CLE,7,7,0,0.0,0.0,0.0,0.0,0.0,0.0,1.0,0.0,1.0,0.0,1.0,47.0,8.0,47.0,8.0,0.0,0.0,0.0,0.0,3.0,0.0
2022_14_HOU_DAL,2022,14,DAL,HOU,7,7,0,0.0,0.0,0.0,0.0,0.0,0.0,0.0,1.0,0.0,0.0,1.0,,,70.0,0.0,0.0,0.0,0.0,0.0,0.0,0.0
2022_14_MIN_DET,2022,14,DET,MIN,7,7,0,0.0,0.0,0.0,0.0,0.0,0.0,1.0,1.0,0.0,0.0,1.0,,,70.0,0.0,0.0,0.0,0.0,0.0,0.0,0.0
2022_14_PHI_NYG,2022,14,NYG,PHI,7,7,0,0.0,0.0,0.0,0.0,0.0,0.0,1.0,0.0,1.0,0.0,1.0,37.0,6.0,37.0,6.0,1.0,0.0,0.0,0.0,13.0,0.0
2022_14_BAL_PIT,2022,14,PIT,BAL,7,7,0,0.0,0.0,0.0,0.0,0.0,0.0,1.0,0.0,1.0,1.0,0.0,42.0,12.0,42.0,12.0,0.0,0.0,0.0,0.0,8.0,2.0
2022_14_JAX_TEN,2022,14,TEN,JAX,7,7,0,0.0,0.0,0.0,0.0,0.0,0.0,1.0,0.0,1.0,1.0,0.0,54.0,8.0,54.0,8.0,0.0,0.0,0.0,0.0,0.0,0.0
2022_14_KC_DEN,2022,14,DEN,KC,7,7,0,0.0,0.0,0.0,0.0,0.0,0.0,1.0,0.0,1.0,1.0,0.0,55.0,4.0,55.0,4.0,0.0,0.0,0.0,0.0,0.0,0.0
2022_14_CAR_SEA,2022,14,SEA,CAR,7,14,-7,0.0,0.0,0.0,0.0,1.0,-1.0,0.0,0.0,1.0,0.0,1.0,45.0,4.0,45.0,4.0,0.0,0.0,0.0,0.0,5.0,0.0
2022_14_TB_SF,2022,14,SF,TB,7,6,1,0.0,1.0,1.0,0.0,0.0,0.0,0.0,0.0,1.0,1.0,0.0,54.0,8.0,54.0,8.0,0.0,0.0,0.0,0.0,0.0,0.0
2022_14_MIA_LAC,2022,14,LAC,MIA,7,7,0,0.0,0.0,0.0,0.0,0.0,0.0,0.0,1.0,0.0,0.0,1.0,,,70.0,0.0,0.0,0.0,0.0,0.0,0.0,0.0
2022_14_NE_ARI,2022,14,ARI,NE,15,11,4,0.0,0.0,0.0,1.0,1.0,0.0,0.0,1.0,0.0,1.0,0.0,,,70.0,0.0,0.0,0.0,0.0,0.0,0.0,0.0
2022_15_SF_SEA,2022,15,SEA,SF,4,4,0,1.0,1.0,0.0,0.0,0.0,0.0,1.0,0.0,1.0,0.0,1.0,,,,,0.0,0.0,0.0,0.0,0.0,0.0
2022_15_IND_MIN,2022,15,MIN,IND,6,13,-7,1.0,0.0,-1.0,0.0,1.0,-1.0,0.0,1.0,0.0,0.0,1.0,,,70.0,0.0,0.0,0.0,0.0,0.0,0.0,0.0
2022_15_BAL_CLE,2022,15,CLE,BAL,6,6,0,1.0,1.0,0.0,0.0,0.0,0.0,1.0,0.0,1.0,1.0,0.0,34.0,12.0,34.0,12.0,1.0,0.0,0.0,0.0,16.0,2.0
2022_15_MIA_BUF,2022,15,BUF,MIA,6,6,0,1.0,1.0,0.0,0.0,0.0,0.0,1.0,0.0,1.0,0.0,1.0,29.0,4.0,29.0,4.0,1.0,0.0,0.0,0.0,21.0,0.0
2022_15_PIT_CAR,2022,15,CAR,PIT,7,7,0,0.0,0.0,0.0,0.0,0.0,0.0,0.0,0.0,1.0,1.0,0.0,47.0,7.0,47.0,7.0,0.0,0.0,0.0,0.0,3.0,0.0
2022_15_PHI_CHI,2022,15,CHI,PHI,14,7,7,0.0,0.0,0.0,1.0,0.0,1.0,0.0,0.0,1.0,1.0,0.0,17.0,17.0,17.0,17.0,1.0,1.0,1.0,0.0,33.0,7.0
2022_15_KC_HOU,2022,15,HOU,KC,7,7,0,0.0,0.0,0.0,0.0,0.0,0.0,0.0,1.0,0.0,0.0,1.0,,,70.0,0.0,0.0,0.0,0.0,0.0,0.0,0.0
2022_15_DAL_JAX,2022,15,JAX,DAL,7,7,0,0.0,0.0,0.0,0.0,0.0,0.0,0.0,0.0,1.0,1.0,0.0,54.0,9.0,54.0,9.0,0.0,0.0,0.0,0.0,0.0,0.0
2022_15_ATL_NO,2022,15,NO,ATL,13,14,-1,0.0,0.0,0.0,1.0,1.0,0.0,1.0,1.0,0.0,0.0,1.0,,,70.0,0.0,0.0,0.0,0.0,0.0,0.0,0.0
2022_15_DET_NYJ,2022,15,NYJ,DET,7,7,0,0.0,0.0,0.0,0.0,0.0,0.0,0.0,0.0,1.0,0.0,1.0,38.0,13.0,38.0,13.0,1.0,0.0,0.0,0.0,12.0,3.0
2022_15_ARI_DEN,2022,15,DEN,ARI,7,6,1,0.0,1.0,1.0,0.0,0.0,0.0,0.0,0.0,1.0,1.0,0.0,37.0,4.0,37.0,4.0,1.0,0.0,0.0,0.0,13.0,0.0
2022_15_NE_LV,2022,15,LV,NE,10,6,4,0.0,1.0,1.0,1.0,0.0,1.0,0.0,1.0,0.0,1.0,0.0,,,70.0,0.0,0.0,0.0,0.0,0.0,0.0,0.0
2022_15_TEN_LAC,2022,15,LAC,TEN,7,7,0,0.0,0.0,0.0,0.0,0.0,0.0,0.0,1.0,0.0,0.0,1.0,,,70.0,0.0,0.0,0.0,0.0,0.0,0.0,0.0
2022_15_CIN_TB,2022,15,TB,CIN,7,7,0,0.0,0.0,0.0,0.0,0.0,0.0,0.0,0.0,1.0,1.0,0.0,66.0,6.0,66.0,6.0,0.0,0.0,0.0,0.0,0.0,0.0
2022_15_NYG_WAS,2022,15,WAS,NYG,14,7,7,0.0,0.0,0.0,1.0,0.0,1.0,1.0,0.0,1.0,1.0,0.0,35.0,13.0,35.0,13.0,1.0,0.0,0.0,0.0,15.0,3.0
2022_15_LA_GB,2022,15,GB,LA,15,11,4,0.0,0.0,0.0,1.0,1.0,0.0,0.0,0.0,1.0,1.0,0.0,15.0,4.0,15.0,4.0,1.0,1.0,0.0,0.0,35.0,0.0
2022_16_JAX_NYJ,2022,16,NYJ,JAX,4,4,0,1.0,1.0,0.0,0.0,0.0,0.0,0.0,0.0,1.0,0.0,1.0,43.0,17.0,43.0,17.0,0.0,0.0,1.0,0.0,7.0,7.0
2022_16_ATL_BAL,2022,16,BAL,ATL,7,6,1,0.0,1.0,1.0,0.0,0.0,0.0,0.0,0.0,1.0,1.0,0.0,17.0,9.0,17.0,9.0,1.0,1.0,0.0,0.0,33.0,0.0
2022_16_DET_CAR,2022,16,CAR,DET,6,6,0,1.0,1.0,0.0,0.0,0.0,0.0,0.0,0.0,1.0,1.0,0.0,20.0,12.0,20.0,12.0,1.0,1.0,0.0,0.0,30.0,2.0
2022_16_BUF_CHI,2022,16,CHI,BUF,6,7,-1,1.0,0.0,-1.0,0.0,0.0,0.0,0.0,0.0,1.0,1.0,0.0,7.0,17.0,7.0,17.0,1.0,1.0,1.0,0.0,43.0,7.0
2022_16_NO_CLE,2022,16,CLE,NO,7,6,1,0.0,1.0,1.0,0.0,0.0,0.0,0.0,0.0,1.0,1.0,0.0,6.0,27.0,6.0,27.0,1.0,1.0,1.0,1.0,44.0,17.0
2022_16_SEA_KC,2022,16,KC,SEA,6,9,-3,1.0,0.0,-1.0,0.0,0.0,0.0,0.0,0.0,1.0,1.0,0.0,12.0,9.0,12.0,9.0,1.0,1.0,0.0,0.0,38.0,0.0
2022_16_NYG_MIN,2022,16,MIN,NYG,7,6,1,0.0,1.0,1.0,0.0,0.0,0.0,0.0,1.0,0.0,0.0,1.0,,,70.0,0.0,0.0,0.0,0.0,0.0,0.0,0.0
2022_16_CIN_NE,2022,16,NE,CIN,6,6,0,1.0,1.0,0.0,0.0,0.0,0.0,0.0,0.0,1.0,0.0,1.0,21.0,2.0,21.0,2.0,1.0,1.0,0.0,0.0,29.0,0.0
2022_16_HOU_TEN,2022,16,TEN,HOU,6,6,0,1.0,1.0,0.0,0.0,0.0,0.0,1.0,0.0,1.0,1.0,0.0,22.0,14.0,22.0,14.0,1.0,1.0,0.0,0.0,28.0,4.0
2022_16_WAS_SF,2022,16,SF,WAS,9,6,3,0.0,1.0,1.0,0.0,0.0,0.0,0.0,0.0,1.0,1.0,0.0,54.0,2.0,54.0,2.0,0.0,0.0,0.0,0.0,0.0,0.0
2022_16_PHI_DAL,2022,16,DAL,PHI,6,6,0,1.0,1.0,0.0,0.0,0.0,0.0,1.0,1.0,0.0,0.0,1.0,,,70.0,0.0,0.0,0.0,0.0,0.0,0.0,0.0
2022_16_LV_PIT,2022,16,PIT,LV,6,6,0,1.0,1.0,0.0,0.0,0.0,0.0,0.0,0.0,1.0,1.0,0.0,9.0,21.0,9.0,21.0,1.0,1.0,1.0,1.0,41.0,11.0
2022_16_GB_MIA,2022,16,MIA,GB,8,6,2,0.0,1.0,1.0,0.0,0.0,0.0,0.0,0.0,1.0,1.0,0.0,45.0,14.0,45.0,14.0,0.0,0.0,0.0,0.0,5.0,4.0
2022_16_DEN_LA,2022,16,LA,DEN,6,7,-1,1.0,0.0,-1.0,0.0,0.0,0.0,0.0,1.0,0.0,0.0,1.0,,,70.0,0.0,0.0,0.0,0.0,0.0,0.0,0.0
2022_16_TB_ARI,2022,16,ARI,TB,7,7,0,0.0,0.0,0.0,0.0,0.0,0.0,0.0,0.0,1.0,1.0,0.0,,,,,0.0,0.0,0.0,0.0,0.0,0.0
2022_16_LAC_IND,2022,16,IND,LAC,9,8,1,0.0,0.0,0.0,0.0,0.0,0.0,0.0,1.0,0.0,0.0,1.0,,,70.0,0.0,0.0,0.0,0.0,0.0,0.0,0.0
2022_17_DAL_TEN,2022,17,TEN,DAL,5,5,0,1.0,1.0,0.0,0.0,0.0,0.0,0.0,0.0,1.0,1.0,0.0,56.0,4.0,56.0,4.0,0.0,0.0,0.0,0.0,0.0,0.0
2022_17_ARI_ATL,2022,17,ATL,ARI,8,7,1,0.0,0.0,0.0,0.0,0.0,0.0,0.0,1.0,0.0,0.0,1.0,,,70.0,0.0,0.0,0.0,0.0,0.0,0.0,0.0
2022_17_CHI_DET,2022,17,DET,CHI,8,8,0,0.0,0.0,0.0,0.0,0.0,0.0,1.0,1.0,0.0,0.0,1.0,,,70.0,0.0,0.0,0.0,0.0,0.0,0.0,0.0
2022_17_JAX_HOU,2022,17,HOU,JAX,8,10,-2,0.0,0.0,0.0,0.0,1.0,-1.0,1.0,1.0,0.0,0.0,1.0,,,70.0,0.0,0.0,0.0,0.0,0.0,0.0,0.0
2022_17_DEN_KC,2022,17,KC,DEN,8,7,1,0.0,0.0,0.0,0.0,0.0,0.0,1.0,0.0,1.0,1.0,0.0,47.0,2.0,47.0,2.0,0.0,0.0,0.0,0.0,3.0,0.0
2022_17_MIA_NE,2022,17,NE,MIA,8,7,1,0.0,0.0,0.0,0.0,0.0,0.0,1.0,0.0,1.0,0.0,1.0,53.0,2.0,53.0,2.0,0.0,0.0,0.0,0.0,0.0,0.0
2022_17_IND_NYG,2022,17,NYG,IND,8,6,2,0.0,1.0,1.0,0.0,0.0,0.0,0.0,0.0,1.0,0.0,1.0,52.0,14.0,52.0,14.0,0.0,0.0,0.0,0.0,0.0,4.0
2022_17_NO_PHI,2022,17,PHI,NO,8,8,0,0.0,0.0,0.0,0.0,0.0,0.0,0.0,0.0,1.0,1.0,0.0,54.0,11.0,54.0,11.0,0.0,0.0,0.0,0.0,0.0,1.0
2022_17_CAR_TB,2022,17,TB,CAR,7,8,-1,0.0,0.0,0.0,0.0,0.0,0.0,1.0,0.0,1.0,1.0,0.0,75.0,2.0,75.0,2.0,0.0,0.0,0.0,0.0,0.0,0.0
2022_17_CLE_WAS,2022,17,WAS,CLE,8,8,0,0.0,0.0,0.0,0.0,0.0,0.0,0.0,0.0,1.0,1.0,0.0,59.0,9.0,59.0,9.0,0.0,0.0,0.0,0.0,0.0,0.0
2022_17_SF_LV,2022,17,LV,SF,8,8,0,0.0,0.0,0.0,0.0,0.0,0.0,0.0,1.0,0.0,1.0,0.0,,,70.0,0.0,0.0,0.0,0.0,0.0,0.0,0.0
2022_17_NYJ_SEA,2022,17,SEA,NYJ,8,10,-2,0.0,0.0,0.0,0.0,1.0,-1.0,0.0,0.0,1.0,0.0,1.0,45.0,2.0,45.0,2.0,0.0,0.0,0.0,0.0,5.0,0.0
2022_17_MIN_GB,2022,17,GB,MIN,7,8,-1,0.0,0.0,0.0,0.0,0.0,0.0,1.0,0.0,1.0,1.0,0.0,39.0,7.0,39.0,7.0,1.0,0.0,0.0,0.0,11.0,0.0
2022_17_LA_LAC,2022,17,LAC,LA,6,7,-1,1.0,0.0,-1.0,0.0,0.0,0.0,0.0,1.0,0.0,0.0,1.0,,,70.0,0.0,0.0,0.0,0.0,0.0,0.0,0.0
2022_17_PIT_BAL,2022,17,BAL,PIT,8,8,0,0.0,0.0,0.0,0.0,0.0,0.0,1.0,0.0,1.0,1.0,0.0,44.0,2.0,44.0,2.0,0.0,0.0,0.0,0.0,6.0,0.0
2022_18_KC_LV,2022,18,LV,KC,6,6,0,1.0,1.0,0.0,0.0,0.0,0.0,1.0,1.0,0.0,1.0,0.0,,,70.0,0.0,0.0,0.0,0.0,0.0,0.0,0.0
2022_18_TEN_JAX,2022,18,JAX,TEN,6,9,-3,1.0,0.0,-1.0,0.0,0.0,0.0,1.0,0.0,1.0,1.0,0.0,56.0,4.0,56.0,4.0,0.0,0.0,0.0,0.0,0.0,0.0
2022_18_TB_ATL,2022,18,ATL,TB,7,7,0,0.0,0.0,0.0,0.0,0.0,0.0,1.0,1.0,0.0,0.0,1.0,,,70.0,0.0,0.0,0.0,0.0,0.0,0.0,0.0
2022_18_NE_BUF,2022,18,BUF,NE,6,7,-1,1.0,0.0,-1.0,0.0,0.0,0.0,1.0,0.0,1.0,0.0,1.0,30.0,6.0,30.0,6.0,1.0,0.0,0.0,0.0,20.0,0.0
2022_18_MIN_CHI,2022,18,CHI,MIN,7,7,0,0.0,0.0,0.0,0.0,0.0,0.0,1.0,0.0,1.0,1.0,0.0,32.0,2.0,32.0,2.0,1.0,0.0,0.0,0.0,18.0,0.0
2022_18_BAL_CIN,2022,18,CIN,BAL,6,7,-1,1.0,0.0,-1.0,0.0,0.0,0.0,1.0,0.0,1.0,0.0,1.0,38.0,7.0,38.0,7.0,1.0,0.0,0.0,0.0,12.0,0.0
2022_18_HOU_IND,2022,18,IND,HOU,7,7,0,0.0,0.0,0.0,0.0,0.0,0.0,1.0,1.0,0.0,0.0,1.0,,,70.0,0.0,0.0,0.0,0.0,0.0,0.0,0.0
2022_18_NYJ_MIA,2022,18,MIA,NYJ,7,7,0,0.0,0.0,0.0,0.0,0.0,0.0,1.0,0.0,1.0,1.0,0.0,75.0,9.0,75.0,9.0,0.0,0.0,0.0,0.0,0.0,0.0
2022_18_CAR_NO,2022,18,NO,CAR,7,7,0,0.0,0.0,0.0,0.0,0.0,0.0,1.0,1.0,0.0,0.0,1.0,,,70.0,0.0,0.0,0.0,0.0,0.0,0.0,0.0
2022_18_CLE_PIT,2022,18,PIT,CLE,7,7,0,0.0,0.0,0.0,0.0,0.0,0.0,1.0,0.0,1.0,1.0,0.0,36.0,8.0,36.0,8.0,1.0,0.0,0.0,0.0,14.0,0.0
2022_18_LAC_DEN,2022,18,DEN,LAC,7,7,0,0.0,0.0,0.0,0.0,0.0,0.0,1.0,0.0,1.0,1.0,0.0,43.0,4.0,43.0,4.0,0.0,0.0,0.0,0.0,7.0,0.0
2022_18_NYG_PHI,2022,18,PHI,NYG,7,7,0,0.0,0.0,0.0,0.0,0.0,0.0,1.0,0.0,1.0,1.0,0.0,43.0,12.0,43.0,12.0,0.0,0.0,0.0,0.0,7.0,2.0
2022_18_LA_SEA,2022,18,SEA,LA,7,7,0,0.0,0.0,0.0,0.0,0.0,0.0,1.0,0.0,1.0,0.0,1.0,45.0,4.0,45.0,4.0,0.0,0.0,0.0,0.0,5.0,0.0
2022_18_ARI_SF,2022,18,SF,ARI,7,7,0,0.0,0.0,0.0,0.0,0.0,0.0,1.0,0.0,1.0,1.0,0.0,57.0,2.0,57.0,2.0,0.0,0.0,0.0,0.0,0.0,0.0
2022_18_DAL_WAS,2022,18,WAS,DAL,7,10,-3,0.0,0.0,0.0,0.0,1.0,-1.0,1.0,0.0,1.0,1.0,0.0,42.0,7.0,42.0,7.0,0.0,0.0,0.0,0.0,8.0,0.0
2022_18_DET_GB,2022,18,GB,DET,7,7,0,0.0,0.0,0.0,0.0,0.0,0.0,1.0,0.0,1.0,1.0,0.0,21.0,4.0,21.0,4.0,1.0,1.0,0.0,0.0,29.0,0.0
2022_19_SEA_SF,2022,19,SF,SEA,6,6,0,1.0,1.0,0.0,0.0,0.0,0.0,1.0,0.0,1.0,1.0,0.0,57.0,11.0,57.0,11.0,0.0,0.0,0.0,0.0,0.0,1.0
2022_19_LAC_JAX,2022,19,JAX,LAC,7,6,1,0.0,1.0,1.0,0.0,0.0,0.0,0.0,0.0,1.0,1.0,0.0,37.0,4.0,37.0,4.0,1.0,0.0,0.0,0.0,13.0,0.0
2022_19_MIA_BUF,2022,19,BUF,MIA,7,7,0,0.0,0.0,0.0,0.0,0.0,0.0,1.0,0.0,1.0,0.0,1.0,27.0,4.0,27.0,4.0,1.0,0.0,0.0,0.0,23.0,0.0
2022_19_NYG_MIN,2022,19,MIN,NYG,7,7,0,0.0,0.0,0.0,0.0,0.0,0.0,0.0,1.0,0.0,0.0,1.0,,,70.0,0.0,0.0,0.0,0.0,0.0,0.0,0.0
2022_19_BAL_CIN,2022,19,CIN,BAL,7,7,0,0.0,0.0,0.0,0.0,0.0,0.0,1.0,0.0,1.0,0.0,1.0,30.0,4.0,30.0,4.0,1.0,0.0,0.0,0.0,20.0,0.0
2022_19_DAL_TB,2022,19,TB,DAL,8,8,0,0.0,0.0,0.0,0.0,0.0,0.0,0.0,0.0,1.0,1.0,0.0,58.0,2.0,58.0,2.0,0.0,0.0,0.0,0.0,0.0,0.0
2022_20_JAX_KC,2022,20,KC,JAX,14,7,7,0.0,0.0,0.0,1.0,0.0,1.0,0.0,0.0,1.0,1.0,0.0,36.0,6.0,36.0,6.0,1.0,0.0,0.0,0.0,14.0,0.0
2022_20_NYG_PHI,2022,20,PHI,NYG,13,6,7,0.0,1.0,1.0,1.0,0.0,1.0,1.0,0.0,1.0,1.0,0.0,40.0,6.0,40.0,6.0,1.0,0.0,0.0,0.0,10.0,0.0
2022_20_CIN_BUF,2022,20,BUF,CIN,7,7,0,0.0,0.0,0.0,0.0,0.0,0.0,0.0,0.0,1.0,0.0,1.0,32.0,4.0,32.0,4.0,1.0,0.0,0.0,0.0,18.0,0.0
2022_20_DAL_SF,2022,20,SF,DAL,8,6,2,0.0,1.0,1.0,0.0,0.0,0.0,0.0,0.0,1.0,1.0,0.0,55.0,19.0,55.0,19.0,0.0,0.0,1.0,0.0,0.0,9.0
2022_21_SF_PHI,2022,21,PHI,SF,8,7,1,0.0,0.0,0.0,0.0,0.0,0.0,0.0,0.0,1.0,1.0,0.0,52.0,14.0,52.0,14.0,0.0,0.0,0.0,0.0,0.0,4.0
2022_21_CIN_KC,2022,21,KC,CIN,8,7,1,0.0,0.0,0.0,0.0,0.0,0.0,0.0,0.0,1.0,1.0,0.0,22.0,13.0,22.0,13.0,1.0,1.0,0.0,0.0,28.0,3.0
2022_22_KC_PHI,2022,22,PHI,KC,14,14,0,0.0,0.0,0.0,1.0,1.0,0.0,0.0,1.0,0.0,1.0,0.0,,,70.0,0.0,0.0,0.0,0.0,0.0,0.0,0.0
2023_01_DET_KC,2023,1,KC,DET,7,7,0,0.0,0.0,0.0,0.0,0.0,0.0,0.0,0.0,1.0,0.0,0.0,,,,,0.0,0.0,0.0,0.0,0.0,0.0
2023_01_CAR_ATL,2023,1,ATL,CAR,7,7,0,0.0,0.0,0.0,0.0,0.0,0.0,1.0,1.0,0.0,0.0,0.0,,,70.0,0.0,0.0,0.0,0.0,0.0,0.0,0.0
2023_01_HOU_BAL,2023,1,BAL,HOU,7,7,0,0.0,0.0,0.0,0.0,0.0,0.0,0.0,0.0,1.0,0.0,0.0,,,,,0.0,0.0,0.0,0.0,0.0,0.0
2023_01_CIN_CLE,2023,1,CLE,CIN,7,7,0,0.0,0.0,0.0,0.0,0.0,0.0,1.0,0.0,1.0,0.0,0.0,,,,,0.0,0.0,0.0,0.0,0.0,0.0
2023_01_JAX_IND,2023,1,IND,JAX,7,7,0,0.0,0.0,0.0,0.0,0.0,0.0,1.0,1.0,0.0,0.0,0.0,,,70.0,0.0,0.0,0.0,0.0,0.0,0.0,0.0
2023_01_TB_MIN,2023,1,MIN,TB,7,7,0,0.0,0.0,0.0,0.0,0.0,0.0,0.0,1.0,0.0,0.0,0.0,,,70.0,0.0,0.0,0.0,0.0,0.0,0.0,0.0
2023_01_TEN_NO,2023,1,NO,TEN,7,7,0,0.0,0.0,0.0,0.0,0.0,0.0,0.0,1.0,0.0,0.0,0.0,,,70.0,0.0,0.0,0.0,0.0,0.0,0.0,0.0
2023_01_SF_PIT,2023,1,PIT,SF,7,7,0,0.0,0.0,0.0,0.0,0.0,0.0,0.0,0.0,1.0,0.0,0.0,,,,,0.0,0.0,0.0,0.0,0.0,0.0
2023_01_ARI_WAS,2023,1,WAS,ARI,7,7,0,0.0,0.0,0.0,0.0,0.0,0.0,0.0,0.0,1.0,0.0,0.0,,,,,0.0,0.0,0.0,0.0,0.0,0.0
2023_01_GB_CHI,2023,1,CHI,GB,7,7,0,0.0,0.0,0.0,0.0,0.0,0.0,1.0,0.0,1.0,0.0,0.0,,,,,0.0,0.0,0.0,0.0,0.0,0.0
2023_01_LV_DEN,2023,1,DEN,LV,7,7,0,0.0,0.0,0.0,0.0,0.0,0.0,1.0,0.0,1.0,0.0,0.0,,,,,0.0,0.0,0.0,0.0,0.0,0.0
2023_01_MIA_LAC,2023,1,LAC,MIA,7,7,0,0.0,0.0,0.0,0.0,0.0,0.0,0.0,1.0,0.0,0.0,0.0,,,70.0,0.0,0.0,0.0,0.0,0.0,0.0,0.0
2023_01_PHI_NE,2023,1,NE,PHI,7,7,0,0.0,0.0,0.0,0.0,0.0,0.0,0.0,0.0,1.0,0.0,0.0,,,,,0.0,0.0,0.0,0.0,0.0,0.0
2023_01_LA_SEA,2023,1,SEA,LA,7,7,0,0.0,0.0,0.0,0.0,0.0,0.0,1.0,0.0,1.0,0.0,0.0,,,,,0.0,0.0,0.0,0.0,0.0,0.0
2023_01_DAL_NYG,2023,1,NYG,DAL,7,7,0,0.0,0.0,0.0,0.0,0.0,0.0,1.0,0.0,1.0,0.0,0.0,,,,,0.0,0.0,0.0,0.0,0.0,0.0
2023_01_BUF_NYJ,2023,1,NYJ,BUF,7,7,0,0.0,0.0,0.0,0.0,0.0,0.0,1.0,0.0,1.0,0.0,0.0,,,,,0.0,0.0,0.0,0.0,0.0,0.0
2023_02_MIN_PHI,2023,2,PHI,MIN,4,4,0,1.0,1.0,0.0,0.0,0.0,0.0,0.0,0.0,1.0,0.0,0.0,,,,,0.0,0.0,0.0,0.0,0.0,0.0
2023_02_GB_ATL,2023,2,ATL,GB,7,7,0,0.0,0.0,0.0,0.0,0.0,0.0,0.0,0.0,1.0,0.0,0.0,,,,,0.0,0.0,0.0,0.0,0.0,0.0
2023_02_LV_BUF,2023,2,BUF,LV,6,7,-1,1.0,0.0,-1.0,0.0,0.0,0.0,0.0,0.0,1.0,0.0,0.0,,,,,0.0,0.0,0.0,0.0,0.0,0.0
2023_02_BAL_CIN,2023,2,CIN,BAL,7,7,0,0.0,0.0,0.0,0.0,0.0,0.0,1.0,0.0,1.0,0.0,0.0,,,,,0.0,0.0,0.0,0.0,0.0,0.0
2023_02_SEA_DET,2023,2,DET,SEA,10,7,3,0.0,0.0,0.0,1.0,0.0,1.0,0.0,1.0,0.0,0.0,0.0,,,70.0,0.0,0.0,0.0,0.0,0.0,0.0,0.0
2023_02_IND_HOU,2023,2,HOU,IND,7,7,0,0.0,0.0,0.0,0.0,0.0,0.0,1.0,0.0,1.0,0.0,0.0,,,,,0.0,0.0,0.0,0.0,0.0,0.0
2023_02_KC_JAX,2023,2,JAX,KC,7,10,-3,0.0,0.0,0.0,0.0,1.0,-1.0,0.0,0.0,1.0,0.0,0.0,,,,,0.0,0.0,0.0,0.0,0.0,0.0
2023_02_CHI_TB,2023,2,TB,CHI,7,7,0,0.0,0.0,0.0,0.0,0.0,0.0,0.0,0.0,1.0,0.0,0.0,,,,,0.0,0.0,0.0,0.0,0.0,0.0
2023_02_LAC_TEN,2023,2,TEN,LAC,7,7,0,0.0,0.0,0.0,0.0,0.0,0.0,0.0,0.0,1.0,0.0,0.0,,,,,0.0,0.0,0.0,0.0,0.0,0.0
2023_02_NYG_ARI,2023,2,ARI,NYG,7,7,0,0.0,0.0,0.0,0.0,0.0,0.0,0.0,1.0,0.0,0.0,0.0,,,70.0,0.0,0.0,0.0,0.0,0.0,0.0,0.0
2023_02_SF_LA,2023,2,LA,SF,7,7,0,0.0,0.0,0.0,0.0,0.0,0.0,1.0,1.0,0.0,0.0,0.0,,,70.0,0.0,0.0,0.0,0.0,0.0,0.0,0.0
2023_02_NYJ_DAL,2023,2,DAL,NYJ,7,6,1,0.0,1.0,1.0,0.0,0.0,0.0,0.0,0.0,1.0,0.0,0.0,,,,,0.0,0.0,0.0,0.0,0.0,0.0
2023_02_WAS_DEN,2023,2,DEN,WAS,7,7,0,0.0,0.0,0.0,0.0,0.0,0.0,0.0,0.0,1.0,0.0,0.0,,,,,0.0,0.0,0.0,0.0,0.0,0.0
2023_02_MIA_NE,2023,2,NE,MIA,7,7,0,0.0,0.0,0.0,0.0,0.0,0.0,1.0,0.0,1.0,0.0,0.0,,,,,0.0,0.0,0.0,0.0,0.0,0.0
2023_02_NO_CAR,2023,2,CAR,NO,8,8,0,0.0,0.0,0.0,0.0,0.0,0.0,1.0,0.0,1.0,0.0,0.0,,,,,0.0,0.0,0.0,0.0,0.0,0.0
2023_02_CLE_PIT,2023,2,PIT,CLE,8,8,0,0.0,0.0,0.0,0.0,0.0,0.0,1.0,0.0,1.0,0.0,0.0,,,,,0.0,0.0,0.0,0.0,0.0,0.0
2023_03_NYG_SF,2023,3,SF,NYG,4,4,0,1.0,1.0,0.0,0.0,0.0,0.0,0.0,0.0,1.0,1.0,0.0,77.0,13.0,77.0,13.0,0.0,0.0,0.0,0.0,0.0,3.0
2023_03_IND_BAL,2023,3,BAL,IND,7,7,0,0.0,0.0,0.0,0.0,0.0,0.0,0.0,0.0,1.0,1.0,0.0,68.0,3.0,68.0,3.0,0.0,0.0,0.0,0.0,0.0,0.0
2023_03_TEN_CLE,2023,3,CLE,TEN,6,7,-1,1.0,0.0,-1.0,0.0,0.0,0.0,0.0,0.0,1.0,1.0,0.0,68.0,5.0,68.0,5.0,0.0,0.0,0.0,0.0,0.0,0.0
2023_03_ATL_DET,2023,3,DET,ATL,7,7,0,0.0,0.0,0.0,0.0,0.0,0.0,0.0,1.0,0.0,0.0,1.0,,,70.0,0.0,0.0,0.0,0.0,0.0,0.0,0.0
2023_03_NO_GB,2023,3,GB,NO,7,6,1,0.0,1.0,1.0,0.0,0.0,0.0,0.0,0.0,1.0,1.0,0.0,68.0,10.0,68.0,10.0,0.0,0.0,0.0,0.0,0.0,0.0
2023_03_HOU_JAX,2023,3,JAX,HOU,7,7,0,0.0,0.0,0.0,0.0,0.0,0.0,1.0,0.0,1.0,1.0,0.0,84.0,6.0,84.0,6.0,0.0,0.0,0.0,0.0,0.0,0.0
2023_03_DEN_MIA,2023,3,MIA,DEN,7,7,0,0.0,0.0,0.0,0.0,0.0,0.0,0.0,0.0,1.0,1.0,0.0,86.0,5.0,86.0,5.0,0.0,0.0,0.0,0.0,0.0,0.0
2023_03_LAC_MIN,2023,3,MIN,LAC,10,7,3,0.0,0.0,0.0,1.0,0.0,1.0,0.0,1.0,0.0,0.0,1.0,,,70.0,0.0,0.0,0.0,0.0,0.0,0.0,0.0
2023_03_NE_NYJ,2023,3,NYJ,NE,7,7,0,0.0,0.0,0.0,0.0,0.0,0.0,1.0,0.0,1.0,0.0,1.0,64.0,14.0,64.0,14.0,0.0,0.0,0.0,0.0,0.0,4.0
2023_03_BUF_WAS,2023,3,WAS,BUF,7,7,0,0.0,0.0,0.0,0.0,0.0,0.0,0.0,0.0,1.0,1.0,0.0,65.0,1.0,65.0,1.0,0.0,0.0,0.0,0.0,0.0,0.0
2023_03_CAR_SEA,2023,3,SEA,CAR,7,6,1,0.0,1.0,1.0,0.0,0.0,0.0,0.0,0.0,1.0,0.0,1.0,61.0,2.0,61.0,2.0,0.0,0.0,0.0,0.0,0.0,0.0
2023_03_DAL_ARI,2023,3,ARI,DAL,7,7,0,0.0,0.0,0.0,0.0,0.0,0.0,0.0,0.0,1.0,1.0,0.0,,,,,0.0,0.0,0.0,0.0,0.0,0.0
2023_03_CHI_KC,2023,3,KC,CHI,7,7,0,0.0,0.0,0.0,0.0,0.0,0.0,0.0,0.0,1.0,1.0,0.0,,,,,0.0,0.0,0.0,0.0,0.0,0.0
2023_03_PIT_LV,2023,3,LV,PIT,7,6,1,0.0,1.0,1.0,0.0,0.0,0.0,0.0,1.0,0.0,1.0,0.0,,,70.0,0.0,0.0,0.0,0.0,0.0,0.0,0.0
2023_03_PHI_TB,2023,3,TB,PHI,8,11,-3,0.0,0.0,0.0,0.0,1.0,-1.0,0.0,0.0,1.0,1.0,0.0,90.0,4.0,90.0,4.0,0.0,0.0,0.0,0.0,0.0,0.0
2023_03_LA_CIN,2023,3,CIN,LA,8,8,0,0.0,0.0,0.0,0.0,0.0,0.0,0.0,0.0,1.0,0.0,1.0,74.0,7.0,74.0,7.0,0.0,0.0,0.0,0.0,0.0,0.0
2023_04_DET_GB,2023,4,GB,DET,4,4,0,1.0,1.0,0.0,0.0,0.0,0.0,1.0,0.0,1.0,1.0,0.0,64.0,8.0,64.0,8.0,0.0,0.0,0.0,0.0,0.0,0.0
2023_04_ATL_JAX,2023,4,JAX,ATL,7,7,0,0.0,0.0,0.0,0.0,0.0,0.0,0.0,0.0,1.0,0.0,0.0,,,,,0.0,0.0,0.0,0.0,0.0,0.0
2023_04_MIA_BUF,2023,4,BUF,MIA,7,7,0,0.0,0.0,0.0,0.0,0.0,0.0,1.0,0.0,1.0,0.0,1.0,70.0,2.0,70.0,2.0,0.0,0.0,0.0,0.0,0.0,0.0
2023_04_MIN_CAR,2023,4,CAR,MIN,7,7,0,0.0,0.0,0.0,0.0,0.0,0.0,0.0,0.0,1.0,1.0,0.0,78.0,7.0,78.0,7.0,0.0,0.0,0.0,0.0,0.0,0.0
2023_04_DEN_CHI,2023,4,CHI,DEN,7,7,0,0.0,0.0,0.0,0.0,0.0,0.0,0.0,0.0,1.0,1.0,0.0,80.0,2.0,80.0,2.0,0.0,0.0,0.0,0.0,0.0,0.0
2023_04_BAL_CLE,2023,4,CLE,BAL,7,7,0,0.0,0.0,0.0,0.0,0.0,0.0,1.0,0.0,1.0,1.0,0.0,71.0,7.0,71.0,7.0,0.0,0.0,0.0,0.0,0.0,0.0
2023_04_PIT_HOU,2023,4,HOU,PIT,7,7,0,0.0,0.0,0.0,0.0,0.0,0.0,0.0,0.0,1.0,0.0,1.0,,,,,0.0,0.0,0.0,0.0,0.0,0.0
2023_04_LA_IND,2023,4,IND,LA,7,6,1,0.0,1.0,1.0,0.0,0.0,0.0,0.0,0.0,1.0,0.0,1.0,,,,,0.0,0.0,0.0,0.0,0.0,0.0
2023_04_TB_NO,2023,4,NO,TB,7,6,1,0.0,1.0,1.0,0.0,0.0,0.0,1.0,1.0,0.0,0.0,1.0,,,70.0,0.0,0.0,0.0,0.0,0.0,0.0,0.0
2023_04_WAS_PHI,2023,4,PHI,WAS,6,7,-1,1.0,0.0,-1.0,0.0,0.0,0.0,1.0,0.0,1.0,1.0,0.0,,,,,0.0,0.0,0.0,0.0,0.0,0.0
2023_04_CIN_TEN,2023,4,TEN,CIN,7,6,1,0.0,1.0,1.0,0.0,0.0,0.0,0.0,0.0,1.0,1.0,0.0,82.0,4.0,82.0,4.0,0.0,0.0,0.0,0.0,0.0,0.0
2023_04_LV_LAC,2023,4,LAC,LV,7,7,0,0.0,0.0,0.0,0.0,0.0,0.0,1.0,1.0,0.0,0.0,1.0,,,70.0,0.0,0.0,0.0,0.0,0.0,0.0,0.0
2023_04_NE_DAL,2023,4,DAL,NE,7,7,0,0.0,0.0,0.0,0.0,0.0,0.0,0.0,1.0,0.0,0.0,1.0,,,70.0,0.0,0.0,0.0,0.0,0.0,0.0,0.0
2023_04_ARI_SF,2023,4,SF,ARI,10,7,3,0.0,0.0,0.0,1.0,0.0,1.0,1.0,0.0,1.0,1.0,0.0,75.0,9.0,75.0,9.0,0.0,0.0,0.0,0.0,0.0,0.0
2023_04_KC_NYJ,2023,4,NYJ,KC,7,7,0,0.0,0.0,0.0,0.0,0.0,0.0,0.0,0.0,1.0,0.0,1.0,69.0,5.0,69.0,5.0,0.0,0.0,0.0,0.0,0.0,0.0
2023_04_SEA_NYG,2023,4,NYG,SEA,11,8,3,0.0,0.0,0.0,1.0,0.0,1.0,0.0,0.0,1.0,0.0,1.0,67.0,8.0,67.0,8.0,0.0,0.0,0.0,0.0,0.0,0.0
2023_05_CHI_WAS,2023,5,WAS,CHI,4,4,0,1.0,1.0,0.0,0.0,0.0,0.0,0.0,0.0,1.0,1.0,0.0,70.0,1.0,70.0,1.0,0.0,0.0,0.0,0.0,0.0,0.0
2023_05_JAX_BUF,2023,5,BUF,JAX,7,7,0,0.0,0.0,0.0,0.0,0.0,0.0,0.0,0.0,1.0,0.0,0.0,,,,,0.0,0.0,0.0,0.0,0.0,0.0
2023_05_HOU_ATL,2023,5,ATL,HOU,7,7,0,0.0,0.0,0.0,0.0,0.0,0.0,0.0,0.0,1.0,0.0,1.0,,,,,0.0,0.0,0.0,0.0,0.0,0.0
2023_05_CAR_DET,2023,5,DET,CAR,10,7,3,0.0,0.0,0.0,1.0,0.0,1.0,0.0,1.0,0.0,0.0,1.0,,,70.0,0.0,0.0,0.0,0.0,0.0,0.0,0.0
2023_05_TEN_IND,2023,5,IND,TEN,7,7,0,0.0,0.0,0.0,0.0,0.0,0.0,1.0,0.0,1.0,0.0,1.0,,,,,0.0,0.0,0.0,0.0,0.0,0.0
2023_05_NYG_MIA,2023,5,MIA,NYG,7,6,1,0.0,1.0,1.0,0.0,0.0,0.0,0.0,0.0,1.0,1.0,0.0,88.0,8.0,88.0,8.0,0.0,0.0,0.0,0.0,0.0,0.0
2023_05_NO_NE,2023,5,NE,NO,7,7,0,0.0,0.0,0.0,0.0,0.0,0.0,0.0,0.0,1.0,0.0,1.0,61.0,10.0,61.0,10.0,0.0,0.0,0.0,0.0,0.0,0.0
2023_05_BAL_PIT,2023,5,PIT,BAL,7,7,0,0.0,0.0,0.0,0.0,0.0,0.0,1.0,0.0,1.0,1.0,0.0,53.0,13.0,53.0,13.0,0.0,0.0,0.0,0.0,0.0,3.0
2023_05_CIN_ARI,2023,5,ARI,CIN,7,7,0,0.0,0.0,0.0,0.0,0.0,0.0,0.0,1.0,0.0,1.0,0.0,,,70.0,0.0,0.0,0.0,0.0,0.0,0.0,0.0
2023_05_PHI_LA,2023,5,LA,PHI,7,7,0,0.0,0.0,0.0,0.0,0.0,0.0,0.0,1.0,0.0,0.0,1.0,,,70.0,0.0,0.0,0.0,0.0,0.0,0.0,0.0
2023_05_NYJ_DEN,2023,5,DEN,NYJ,7,7,0,0.0,0.0,0.0,0.0,0.0,0.0,0.0,0.0,1.0,1.0,0.0,73.0,9.0,73.0,9.0,0.0,0.0,0.0,0.0,0.0,0.0
2023_05_KC_MIN,2023,5,MIN,KC,7,7,0,0.0,0.0,0.0,0.0,0.0,0.0,0.0,1.0,0.0,0.0,1.0,,,70.0,0.0,0.0,0.0,0.0,0.0,0.0,0.0
2023_05_DAL_SF,2023,5,SF,DAL,7,7,0,0.0,0.0,0.0,0.0,0.0,0.0,0.0,0.0,1.0,1.0,0.0,78.0,10.0,78.0,10.0,0.0,0.0,0.0,0.0,0.0,0.0
2023_05_GB_LV,2023,5,LV,GB,8,11,-3,0.0,0.0,0.0,0.0,1.0,-1.0,0.0,1.0,0.0,1.0,0.0,,,70.0,0.0,0.0,0.0,0.0,0.0,0.0,0.0
2023_06_DEN_KC,2023,6,KC,DEN,4,4,0,1.0,1.0,0.0,0.0,0.0,0.0,1.0,0.0,1.0,1.0,0.0,,,,,0.0,0.0,0.0,0.0,0.0,0.0
2023_06_BAL_TEN,2023,6,TEN,BAL,7,7,0,0.0,0.0,0.0,0.0,0.0,0.0,0.0,0.0,1.0,0.0,0.0,,,,,0.0,0.0,0.0,0.0,0.0,0.0
2023_06_WAS_ATL,2023,6,ATL,WAS,7,10,-3,0.0,0.0,0.0,0.0,1.0,-1.0,0.0,1.0,0.0,0.0,1.0,,,70.0,0.0,0.0,0.0,0.0,0.0,0.0,0.0
2023_06_MIN_CHI,2023,6,CHI,MIN,10,7,3,0.0,0.0,0.0,1.0,0.0,1.0,1.0,0.0,1.0,1.0,0.0,53.0,16.0,53.0,16.0,0.0,0.0,1.0,0.0,0.0,6.0
2023_06_SEA_CIN,2023,6,CIN,SEA,7,13,-6,0.0,0.0,0.0,0.0,1.0,-1.0,0.0,0.0,1.0,0.0,1.0,57.0,15.0,57.0,15.0,0.0,0.0,1.0,0.0,0.0,5.0
2023_06_SF_CLE,2023,6,CLE,SF,14,7,7,0.0,0.0,0.0,1.0,0.0,1.0,0.0,0.0,1.0,1.0,0.0,53.0,15.0,53.0,15.0,0.0,0.0,1.0,0.0,0.0,5.0
2023_06_NO_HOU,2023,6,HOU,NO,7,7,0,0.0,0.0,0.0,0.0,0.0,0.0,0.0,1.0,0.0,0.0,1.0,,,70.0,0.0,0.0,0.0,0.0,0.0,0.0,0.0
2023_06_IND_JAX,2023,6,JAX,IND,7,7,0,0.0,0.0,0.0,0.0,0.0,0.0,1.0,0.0,1.0,1.0,0.0,,,,,0.0,0.0,0.0,0.0,0.0,0.0
2023_06_CAR_MIA,2023,6,MIA,CAR,7,7,0,0.0,0.0,0.0,0.0,0.0,0.0,0.0,0.0,1.0,1.0,0.0,87.0,12.0,87.0,12.0,0.0,0.0,0.0,0.0,0.0,2.0
2023_06_NE_LV,2023,6,LV,NE,6,7,-1,1.0,0.0,-1.0,0.0,0.0,0.0,0.0,1.0,0.0,1.0,0.0,,,70.0,0.0,0.0,0.0,0.0,0.0,0.0,0.0
2023_06_ARI_LA,2023,6,LA,ARI,7,7,0,0.0,0.0,0.0,0.0,0.0,0.0,1.0,1.0,0.0,0.0,1.0,,,70.0,0.0,0.0,0.0,0.0,0.0,0.0,0.0
2023_06_PHI_NYJ,2023,6,NYJ,PHI,7,7,0,0.0,0.0,0.0,0.0,0.0,0.0,0.0,0.0,1.0,0.0,1.0,59.0,11.0,59.0,11.0,0.0,0.0,0.0,0.0,0.0,1.0
2023_06_DET_TB,2023,6,TB,DET,14,7,7,0.0,0.0,0.0,1.0,0.0,1.0,0.0,0.0,1.0,1.0,0.0,77.0,13.0,77.0,13.0,0.0,0.0,0.0,0.0,0.0,3.0
2023_06_NYG_BUF,2023,6,BUF,NYG,7,7,0,0.0,0.0,0.0,0.0,0.0,0.0,0.0,0.0,1.0,0.0,1.0,46.0,7.0,46.0,7.0,0.0,0.0,0.0,0.0,4.0,0.0
2023_06_DAL_LAC,2023,6,LAC,DAL,15,8,7,0.0,0.0,0.0,1.0,0.0,1.0,0.0,1.0,0.0,0.0,1.0,,,70.0,0.0,0.0,0.0,0.0,0.0,0.0,0.0
2023_07_JAX_NO,2023,7,NO,JAX,4,4,0,1.0,1.0,0.0,0.0,0.0,0.0,0.0,1.0,0.0,0.0,1.0,,,70.0,0.0,0.0,0.0,0.0,0.0,0.0,0.0
2023_07_DET_BAL,2023,7,BAL,DET,7,7,0,0.0,0.0,0.0,0.0,0.0,0.0,0.0,0.0,1.0,1.0,0.0,62.0,16.0,62.0,16.0,0.0,0.0,1.0,0.0,0.0,6.0
2023_07_LV_CHI,2023,7,CHI,LV,7,7,0,0.0,0.0,0.0,0.0,0.0,0.0,0.0,0.0,1.0,1.0,0.0,52.0,8.0,52.0,8.0,0.0,0.0,0.0,0.0,0.0,0.0
2023_07_CLE_IND,2023,7,IND,CLE,7,7,0,0.0,0.0,0.0,0.0,0.0,0.0,0.0,0.0,1.0,0.0,1.0,,,,,0.0,0.0,0.0,0.0,0.0,0.0
2023_07_BUF_NE,2023,7,NE,BUF,7,7,0,0.0,0.0,0.0,0.0,0.0,0.0,1.0,0.0,1.0,0.0,1.0,55.0,13.0,55.0,13.0,0.0,0.0,0.0,0.0,0.0,3.0
2023_07_WAS_NYG,2023,7,NYG,WAS,7,7,0,0.0,0.0,0.0,0.0,0.0,0.0,1.0,0.0,1.0,0.0,1.0,54.0,14.0,54.0,14.0,0.0,0.0,0.0,0.0,0.0,4.0
2023_07_ATL_TB,2023,7,TB,ATL,7,7,0,0.0,0.0,0.0,0.0,0.0,0.0,1.0,0.0,1.0,1.0,0.0,79.0,3.0,79.0,3.0,0.0,0.0,0.0,0.0,0.0,0.0
2023_07_PIT_LA,2023,7,LA,PIT,7,14,-7,0.0,0.0,0.0,0.0,1.0,-1.0,0.0,1.0,0.0,0.0,1.0,,,70.0,0.0,0.0,0.0,0.0,0.0,0.0,0.0
2023_07_ARI_SEA,2023,7,SEA,ARI,7,7,0,0.0,0.0,0.0,0.0,0.0,0.0,1.0,0.0,1.0,0.0,1.0,56.0,5.0,56.0,5.0,0.0,0.0,0.0,0.0,0.0,0.0
2023_07_GB_DEN,2023,7,DEN,GB,10,13,-3,0.0,0.0,0.0,1.0,1.0,0.0,0.0,0.0,1.0,1.0,0.0,72.0,9.0,72.0,9.0,0.0,0.0,0.0,0.0,0.0,0.0
2023_07_LAC_KC,2023,7,KC,LAC,10,6,4,0.0,1.0,1.0,1.0,0.0,1.0,1.0,0.0,1.0,1.0,0.0,72.0,10.0,72.0,10.0,0.0,0.0,0.0,0.0,0.0,0.0
2023_07_MIA_PHI,2023,7,PHI,MIA,7,7,0,0.0,0.0,0.0,0.0,0.0,0.0,0.0,0.0,1.0,1.0,0.0,55.0,17.0,55.0,17.0,0.0,0.0,1.0,0.0,0.0,7.0
2023_07_SF_MIN,2023,7,MIN,SF,8,8,0,0.0,0.0,0.0,0.0,0.0,0.0,0.0,1.0,0.0,0.0,1.0,,,70.0,0.0,0.0,0.0,0.0,0.0,0.0,0.0
2023_08_TB_BUF,2023,8,BUF,TB,4,4,0,1.0,1.0,0.0,0.0,0.0,0.0,0.0,0.0,1.0,0.0,1.0,66.0,10.0,66.0,10.0,0.0,0.0,0.0,0.0,0.0,0.0
2023_08_HOU_CAR,2023,8,CAR,HOU,14,14,0,0.0,0.0,0.0,1.0,1.0,0.0,0.0,0.0,1.0,1.0,0.0,77.0,14.0,77.0,14.0,0.0,0.0,0.0,0.0,0.0,4.0
2023_08_LA_DAL,2023,8,DAL,LA,13,7,6,0.0,0.0,0.0,1.0,0.0,1.0,0.0,1.0,0.0,0.0,1.0,,,70.0,0.0,0.0,0.0,0.0,0.0,0.0,0.0
2023_08_MIN_GB,2023,8,GB,MIN,7,6,1,0.0,1.0,1.0,0.0,0.0,0.0,1.0,0.0,1.0,1.0,0.0,39.0,8.0,39.0,8.0,1.0,0.0,0.0,0.0,11.0,0.0
2023_08_NO_IND,2023,8,IND,NO,7,10,-3,0.0,0.0,0.0,0.0,1.0,-1.0,0.0,1.0,0.0,0.0,1.0,,,70.0,0.0,0.0,0.0,0.0,0.0,0.0,0.0
2023_08_NE_MIA,2023,8,MIA,NE,7,7,0,0.0,0.0,0.0,0.0,0.0,0.0,1.0,0.0,1.0,1.0,0.0,83.0,17.0,83.0,17.0,0.0,0.0,1.0,0.0,0.0,7.0
2023_08_NYJ_NYG,2023,8,NYG,NYJ,7,14,-7,0.0,0.0,0.0,0.0,1.0,-1.0,0.0,0.0,1.0,0.0,1.0,52.0,6.0,52.0,6.0,0.0,0.0,0.0,0.0,0.0,0.0
2023_08_JAX_PIT,2023,8,PIT,JAX,7,10,-3,0.0,0.0,0.0,0.0,1.0,-1.0,0.0,0.0,1.0,1.0,0.0,58.0,2.0,58.0,2.0,0.0,0.0,0.0,0.0,0.0,0.0
2023_08_ATL_TEN,2023,8,TEN,ATL,14,7,7,0.0,0.0,0.0,1.0,0.0,1.0,0.0,0.0,1.0,1.0,0.0,77.0,7.0,77.0,7.0,0.0,0.0,0.0,0.0,0.0,0.0
2023_08_PHI_WAS,2023,8,WAS,PHI,7,7,0,0.0,0.0,0.0,0.0,0.0,0.0,1.0,0.0,1.0,1.0,0.0,69.0,4.0,69.0,4.0,0.0,0.0,0.0,0.0,0.0,0.0
2023_08_CLE_SEA,2023,8,SEA,CLE,7,7,0,0.0,0.0,0.0,0.0,0.0,0.0,0.0,0.0,1.0,0.0,1.0,47.0,3.0,47.0,3.0,0.0,0.0,0.0,0.0,3.0,0.0
2023_08_BAL_ARI,2023,8,ARI,BAL,7,7,0,0.0,0.0,0.0,0.0,0.0,0.0,0.0,1.0,0.0,1.0,0.0,,,70.0,0.0,0.0,0.0,0.0,0.0,0.0,0.0
2023_08_KC_DEN,2023,8,DEN,KC,7,7,0,0.0,0.0,0.0,0.0,0.0,0.0,1.0,0.0,1.0,1.0,0.0,26.0,7.0,26.0,7.0,1.0,0.0,0.0,0.0,24.0,0.0
2023_08_CIN_SF,2023,8,SF,CIN,6,14,-8,1.0,0.0,-1.0,0.0,1.0,-1.0,0.0,0.0,1.0,1.0,0.0,74.0,10.0,74.0,10.0,0.0,0.0,0.0,0.0,0.0,0.0
2023_08_CHI_LAC,2023,8,LAC,CHI,7,7,0,0.0,0.0,0.0,0.0,0.0,0.0,0.0,1.0,0.0,0.0,1.0,,,70.0,0.0,0.0,0.0,0.0,0.0,0.0,0.0
2023_08_LV_DET,2023,8,DET,LV,8,8,0,0.0,0.0,0.0,0.0,0.0,0.0,0.0,1.0,0.0,0.0,1.0,,,70.0,0.0,0.0,0.0,0.0,0.0,0.0,0.0
2023_09_TEN_PIT,2023,9,PIT,TEN,4,4,0,1.0,1.0,0.0,0.0,0.0,0.0,0.0,0.0,1.0,1.0,0.0,40.0,5.0,40.0,5.0,1.0,0.0,0.0,0.0,10.0,0.0
2023_09_MIA_KC,2023,9,KC,MIA,7,7,0,0.0,0.0,0.0,0.0,0.0,0.0,0.0,0.0,1.0,1.0,0.0,,,,,0.0,0.0,0.0,0.0,0.0,0.0
2023_09_MIN_ATL,2023,9,ATL,MIN,7,7,0,0.0,0.0,0.0,0.0,0.0,0.0,0.0,0.0,1.0,0.0,1.0,,,,,0.0,0.0,0.0,0.0,0.0,0.0
2023_09_SEA_BAL,2023,9,BAL,SEA,7,7,0,0.0,0.0,0.0,0.0,0.0,0.0,0.0,0.0,1.0,1.0,0.0,70.0,6.0,70.0,6.0,0.0,0.0,0.0,0.0,0.0,0.0
2023_09_ARI_CLE,2023,9,CLE,ARI,7,7,0,0.0,0.0,0.0,0.0,0.0,0.0,0.0,0.0,1.0,1.0,0.0,56.0,7.0,56.0,7.0,0.0,0.0,0.0,0.0,0.0,0.0
2023_09_LA_GB,2023,9,GB,LA,7,7,0,0.0,0.0,0.0,0.0,0.0,0.0,0.0,0.0,1.0,1.0,0.0,51.0,8.0,51.0,8.0,0.0,0.0,0.0,0.0,0.0,0.0
2023_09_TB_HOU,2023,9,HOU,TB,7,10,-3,0.0,0.0,0.0,0.0,1.0,-1.0,0.0,1.0,0.0,0.0,1.0,,,70.0,0.0,0.0,0.0,0.0,0.0,0.0,0.0
2023_09_WAS_NE,2023,9,NE,WAS,7,7,0,0.0,0.0,0.0,0.0,0.0,0.0,0.0,0.0,1.0,0.0,1.0,62.0,6.0,62.0,6.0,0.0,0.0,0.0,0.0,0.0,0.0
2023_09_CHI_NO,2023,9,NO,CHI,7,7,0,0.0,0.0,0.0,0.0,0.0,0.0,0.0,1.0,0.0,0.0,1.0,,,70.0,0.0,0.0,0.0,0.0,0.0,0.0,0.0
2023_09_IND_CAR,2023,9,CAR,IND,7,7,0,0.0,0.0,0.0,0.0,0.0,0.0,0.0,0.0,1.0,1.0,0.0,75.0,2.0,75.0,2.0,0.0,0.0,0.0,0.0,0.0,0.0
2023_09_NYG_LV,2023,9,LV,NYG,6,7,-1,1.0,0.0,-1.0,0.0,0.0,0.0,0.0,1.0,0.0,1.0,0.0,,,70.0,0.0,0.0,0.0,0.0,0.0,0.0,0.0
2023_09_DAL_PHI,2023,9,PHI,DAL,7,7,0,0.0,0.0,0.0,0.0,0.0,0.0,1.0,0.0,1.0,1.0,0.0,64.0,6.0,64.0,6.0,0.0,0.0,0.0,0.0,0.0,0.0
2023_09_BUF_CIN,2023,9,CIN,BUF,7,10,-3,0.0,0.0,0.0,0.0,1.0,-1.0,0.0,0.0,1.0,0.0,1.0,51.0,5.0,51.0,5.0,0.0,0.0,0.0,0.0,0.0,0.0
2023_09_LAC_NYJ,2023,9,NYJ,LAC,8,8,0,0.0,0.0,0.0,0.0,0.0,0.0,0.0,0.0,1.0,0.0,1.0,48.0,4.0,48.0,4.0,0.0,0.0,0.0,0.0,2.0,0.0
2023_10_CAR_CHI,2023,10,CHI,CAR,4,4,0,1.0,1.0,0.0,0.0,0.0,0.0,0.0,0.0,1.0,1.0,0.0,51.0,8.0,51.0,8.0,0.0,0.0,0.0,0.0,0.0,0.0
2023_10_IND_NE,2023,10,NE,IND,7,7,0,0.0,0.0,0.0,0.0,0.0,0.0,0.0,0.0,1.0,1.0,0.0,,,,,0.0,0.0,0.0,0.0,0.0,0.0
2023_10_CLE_BAL,2023,10,BAL,CLE,7,7,0,0.0,0.0,0.0,0.0,0.0,0.0,1.0,0.0,1.0,1.0,0.0,49.0,4.0,49.0,4.0,0.0,0.0,0.0,0.0,1.0,0.0
2023_10_HOU_CIN,2023,10,CIN,HOU,7,7,0,0.0,0.0,0.0,0.0,0.0,0.0,0.0,0.0,1.0,0.0,1.0,56.0,6.0,56.0,6.0,0.0,0.0,0.0,0.0,0.0,0.0
2023_10_SF_JAX,2023,10,JAX,SF,14,14,0,0.0,0.0,0.0,1.0,1.0,0.0,0.0,0.0,1.0,1.0,0.0,59.0,11.0,59.0,11.0,0.0,0.0,0.0,0.0,0.0,1.0
2023_10_NO_MIN,2023,10,MIN,NO,7,7,0,0.0,0.0,0.0,0.0,0.0,0.0,0.0,1.0,0.0,0.0,1.0,,,70.0,0.0,0.0,0.0,0.0,0.0,0.0,0.0
2023_10_GB_PIT,2023,10,PIT,GB,10,7,3,0.0,0.0,0.0,1.0,0.0,1.0,0.0,0.0,1.0,1.0,0.0,50.0,5.0,50.0,5.0,0.0,0.0,0.0,0.0,0.0,0.0
2023_10_TEN_TB,2023,10,TB,TEN,7,10,-3,0.0,0.0,0.0,0.0,1.0,-1.0,0.0,0.0,1.0,1.0,0.0,85.0,6.0,85.0,6.0,0.0,0.0,0.0,0.0,0.0,0.0
2023_10_ATL_ARI,2023,10,ARI,ATL,7,7,0,0.0,0.0,0.0,0.0,0.0,0.0,0.0,1.0,0.0,1.0,0.0,,,70.0,0.0,0.0,0.0,0.0,0.0,0.0,0.0
2023_10_DET_LAC,2023,10,LAC,DET,6,13,-7,1.0,0.0,-1.0,0.0,1.0,-1.0,0.0,1.0,0.0,0.0,1.0,,,70.0,0.0,0.0,0.0,0.0,0.0,0.0,0.0
2023_10_NYG_DAL,2023,10,DAL,NYG,7,7,0,0.0,0.0,0.0,0.0,0.0,0.0,1.0,1.0,0.0,0.0,1.0,,,70.0,0.0,0.0,0.0,0.0,0.0,0.0,0.0
2023_10_WAS_SEA,2023,10,SEA,WAS,7,7,0,0.0,0.0,0.0,0.0,0.0,0.0,0.0,0.0,1.0,0.0,1.0,52.0,4.0,52.0,4.0,0.0,0.0,0.0,0.0,0.0,0.0
2023_10_NYJ_LV,2023,10,LV,NYJ,7,6,1,0.0,1.0,1.0,0.0,0.0,0.0,0.0,1.0,0.0,1.0,0.0,,,70.0,0.0,0.0,0.0,0.0,0.0,0.0,0.0
2023_10_DEN_BUF,2023,10,BUF,DEN,8,15,-7,0.0,0.0,0.0,0.0,1.0,-1.0,0.0,0.0,1.0,0.0,1.0,49.0,10.0,49.0,10.0,0.0,0.0,0.0,0.0,1.0,0.0
2023_11_CIN_BAL,2023,11,BAL,CIN,4,4,0,1.0,1.0,0.0,0.0,0.0,0.0,1.0,0.0,1.0,1.0,0.0,56.0,1.0,56.0,1.0,0.0,0.0,0.0,0.0,0.0,0.0
2023_11_DAL_CAR,2023,11,CAR,DAL,10,7,3,0.0,0.0,0.0,1.0,0.0,1.0,0.0,0.0,1.0,1.0,0.0,65.0,2.0,65.0,2.0,0.0,0.0,0.0,0.0,0.0,0.0
2023_11_PIT_CLE,2023,11,CLE,PIT,7,7,0,0.0,0.0,0.0,0.0,0.0,0.0,1.0,0.0,1.0,1.0,0.0,48.0,11.0,48.0,11.0,0.0,0.0,0.0,0.0,2.0,1.0
2023_11_CHI_DET,2023,11,DET,CHI,7,10,-3,0.0,0.0,0.0,0.0,1.0,-1.0,1.0,1.0,0.0,0.0,1.0,,,70.0,0.0,0.0,0.0,0.0,0.0,0.0,0.0
2023_11_LAC_GB,2023,11,GB,LAC,7,7,0,0.0,0.0,0.0,0.0,0.0,0.0,0.0,0.0,1.0,1.0,0.0,45.0,5.0,45.0,5.0,0.0,0.0,0.0,0.0,5.0,0.0
2023_11_ARI_HOU,2023,11,HOU,ARI,7,7,0,0.0,0.0,0.0,0.0,0.0,0.0,0.0,1.0,0.0,0.0,1.0,,,70.0,0.0,0.0,0.0,0.0,0.0,0.0,0.0
2023_11_TEN_JAX,2023,11,JAX,TEN,7,7,0,0.0,0.0,0.0,0.0,0.0,0.0,1.0,0.0,1.0,1.0,0.0,75.0,3.0,75.0,3.0,0.0,0.0,0.0,0.0,0.0,0.0
2023_11_LV_MIA,2023,11,MIA,LV,14,7,7,0.0,0.0,0.0,1.0,0.0,1.0,0.0,0.0,1.0,1.0,0.0,82.0,7.0,82.0,7.0,0.0,0.0,0.0,0.0,0.0,0.0
2023_11_NYG_WAS,2023,11,WAS,NYG,7,7,0,0.0,0.0,0.0,0.0,0.0,0.0,1.0,0.0,1.0,1.0,0.0,56.0,7.0,56.0,7.0,0.0,0.0,0.0,0.0,0.0,0.0
2023_11_TB_SF,2023,11,SF,TB,7,7,0,0.0,0.0,0.0,0.0,0.0,0.0,0.0,0.0,1.0,1.0,0.0,65.0,10.0,65.0,10.0,0.0,0.0,0.0,0.0,0.0,0.0
2023_11_NYJ_BUF,2023,11,BUF,NYJ,6,7,-1,1.0,0.0,-1.0,0.0,0.0,0.0,1.0,0.0,1.0,0.0,1.0,40.0,9.0,40.0,9.0,1.0,0.0,0.0,0.0,10.0,0.0
2023_11_SEA_LA,2023,11,LA,SEA,14,7,7,0.0,0.0,0.0,1.0,0.0,1.0,1.0,1.0,0.0,0.0,1.0,,,70.0,0.0,0.0,0.0,0.0,0.0,0.0,0.0
2023_11_MIN_DEN,2023,11,DEN,MIN,6,7,-1,1.0,0.0,-1.0,0.0,0.0,0.0,0.0,0.0,1.0,1.0,0.0,53.0,3.0,53.0,3.0,0.0,0.0,0.0,0.0,0.0,0.0
2023_11_PHI_KC,2023,11,KC,PHI,15,15,0,0.0,0.0,0.0,1.0,1.0,0.0,0.0,0.0,1.0,1.0,0.0,45.0,12.0,45.0,12.0,0.0,0.0,0.0,0.0,5.0,2.0
2023_12_GB_DET,2023,12,DET,GB,4,4,0,1.0,1.0,0.0,0.0,0.0,0.0,1.0,1.0,0.0,0.0,1.0,,,70.0,0.0,0.0,0.0,0.0,0.0,0.0,0.0
2023_12_WAS_DAL,2023,12,DAL,WAS,4,4,0,1.0,1.0,0.0,0.0,0.0,0.0,1.0,1.0,0.0,0.0,1.0,,,70.0,0.0,0.0,0.0,0.0,0.0,0.0,0.0
2023_12_SF_SEA,2023,12,SEA,SF,4,4,0,1.0,1.0,0.0,0.0,0.0,0.0,1.0,0.0,1.0,0.0,1.0,39.0,4.0,39.0,4.0,1.0,0.0,0.0,0.0,11.0,0.0
2023_12_MIA_NYJ,2023,12,NYJ,MIA,5,5,0,1.0,1.0,0.0,0.0,0.0,0.0,1.0,0.0,1.0,0.0,1.0,48.0,11.0,48.0,11.0,0.0,0.0,0.0,0.0,2.0,1.0
2023_12_NO_ATL,2023,12,ATL,NO,14,14,0,0.0,0.0,0.0,1.0,1.0,0.0,1.0,1.0,0.0,0.0,1.0,,,70.0,0.0,0.0,0.0,0.0,0.0,0.0,0.0
2023_12_PIT_CIN,2023,12,CIN,PIT,10,7,3,0.0,0.0,0.0,1.0,0.0,1.0,1.0,0.0,1.0,0.0,1.0,48.0,9.0,48.0,9.0,0.0,0.0,0.0,0.0,2.0,0.0
2023_12_JAX_HOU,2023,12,HOU,JAX,7,7,0,0.0,0.0,0.0,0.0,0.0,0.0,1.0,1.0,0.0,0.0,1.0,,,70.0,0.0,0.0,0.0,0.0,0.0,0.0,0.0
2023_12_TB_IND,2023,12,IND,TB,14,7,7,0.0,0.0,0.0,1.0,0.0,1.0,0.0,1.0,0.0,0.0,1.0,,,70.0,0.0,0.0,0.0,0.0,0.0,0.0,0.0
2023_12_NE_NYG,2023,12,NYG,NE,7,14,-7,0.0,0.0,0.0,0.0,1.0,-1.0,0.0,0.0,1.0,0.0,1.0,43.0,6.0,43.0,6.0,0.0,0.0,0.0,0.0,7.0,0.0
2023_12_CAR_TEN,2023,12,TEN,CAR,7,7,0,0.0,0.0,0.0,0.0,0.0,0.0,0.0,0.0,1.0,1.0,0.0,51.0,13.0,51.0,13.0,0.0,0.0,0.0,0.0,0.0,3.0
2023_12_LA_ARI,2023,12,ARI,LA,7,7,0,0.0,0.0,0.0,0.0,0.0,0.0,1.0,1.0,0.0,1.0,0.0,,,70.0,0.0,0.0,0.0,0.0,0.0,0.0,0.0
2023_12_CLE_DEN,2023,12,DEN,CLE,7,7,0,0.0,0.0,0.0,0.0,0.0,0.0,0.0,0.0,1.0,1.0,0.0,40.0,5.0,40.0,5.0,1.0,0.0,0.0,0.0,10.0,0.0
2023_12_KC_LV,2023,12,LV,KC,7,6,1,0.0,1.0,1.0,0.0,0.0,0.0,1.0,1.0,0.0,1.0,0.0,,,70.0,0.0,0.0,0.0,0.0,0.0,0.0,0.0
2023_12_BUF_PHI,2023,12,PHI,BUF,6,7,-1,1.0,0.0,-1.0,0.0,0.0,0.0,0.0,0.0,1.0,1.0,0.0,47.0,6.0,47.0,6.0,0.0,0.0,0.0,0.0,3.0,0.0
2023_12_BAL_LAC,2023,12,LAC,BAL,7,10,-3,0.0,0.0,0.0,0.0,1.0,-1.0,0.0,1.0,0.0,0.0,1.0,,,70.0,0.0,0.0,0.0,0.0,0.0,0.0,0.0
2023_12_CHI_MIN,2023,12,MIN,CHI,8,8,0,0.0,0.0,0.0,0.0,0.0,0.0,1.0,1.0,0.0,0.0,1.0,,,70.0,0.0,0.0,0.0,0.0,0.0,0.0,0.0
2023_13_SEA_DAL,2023,13,DAL,SEA,7,7,0,0.0,0.0,0.0,0.0,0.0,0.0,0.0,1.0,0.0,0.0,1.0,,,70.0,0.0,0.0,0.0,0.0,0.0,0.0,0.0
2023_13_DEN_HOU,2023,13,HOU,DEN,7,7,0,0.0,0.0,0.0,0.0,0.0,0.0,0.0,1.0,0.0,0.0,1.0,,,70.0,0.0,0.0,0.0,0.0,0.0,0.0,0.0
2023_13_LAC_NE,2023,13,NE,LAC,7,7,0,0.0,0.0,0.0,0.0,0.0,0.0,0.0,0.0,1.0,0.0,1.0,44.0,8.0,44.0,8.0,0.0,0.0,0.0,0.0,6.0,0.0
2023_13_DET_NO,2023,13,NO,DET,7,10,-3,0.0,0.0,0.0,0.0,1.0,-1.0,0.0,1.0,0.0,0.0,1.0,,,70.0,0.0,0.0,0.0,0.0,0.0,0.0,0.0
2023_13_ATL_NYJ,2023,13,NYJ,ATL,9,7,2,0.0,0.0,0.0,0.0,0.0,0.0,0.0,0.0,1.0,0.0,1.0,50.0,8.0,50.0,8.0,0.0,0.0,0.0,0.0,0.0,0.0
2023_13_ARI_PIT,2023,13,PIT,ARI,7,7,0,0.0,0.0,0.0,0.0,0.0,0.0,0.0,0.0,1.0,1.0,0.0,56.0,12.0,56.0,12.0,0.0,0.0,0.0,0.0,0.0,2.0
2023_13_IND_TEN,2023,13,TEN,IND,7,7,0,0.0,0.0,0.0,0.0,0.0,0.0,1.0,0.0,1.0,1.0,0.0,53.0,13.0,53.0,13.0,0.0,0.0,0.0,0.0,0.0,3.0
2023_13_MIA_WAS,2023,13,WAS,MIA,10,9,1,0.0,0.0,0.0,1.0,0.0,1.0,0.0,0.0,1.0,1.0,0.0,53.0,2.0,53.0,2.0,0.0,0.0,0.0,0.0,0.0,0.0
2023_13_CAR_TB,2023,13,TB,CAR,7,7,0,0.0,0.0,0.0,0.0,0.0,0.0,1.0,0.0,1.0,1.0,0.0,81.0,8.0,81.0,8.0,0.0,0.0,0.0,0.0,0.0,0.0
2023_13_CLE_LA,2023,13,LA,CLE,7,7,0,0.0,0.0,0.0,0.0,0.0,0.0,0.0,1.0,0.0,0.0,1.0,,,70.0,0.0,0.0,0.0,0.0,0.0,0.0,0.0
2023_13_SF_PHI,2023,13,PHI,SF,7,10,-3,0.0,0.0,0.0,0.0,1.0,-1.0,0.0,0.0,1.0,1.0,0.0,52.0,44.0,52.0,44.0,0.0,0.0,1.0,1.0,0.0,34.0
2023_13_KC_GB,2023,13,GB,KC,10,7,3,0.0,0.0,0.0,1.0,0.0,1.0,0.0,0.0,1.0,1.0,0.0,31.0,9.0,31.0,9.0,1.0,0.0,0.0,0.0,19.0,0.0
2023_13_CIN_JAX,2023,13,JAX,CIN,8,8,0,0.0,0.0,0.0,0.0,0.0,0.0,0.0,0.0,1.0,1.0,0.0,61.0,4.0,61.0,4.0,0.0,0.0,0.0,0.0,0.0,0.0
2023_14_NE_PIT,2023,14,PIT,NE,4,4,0,1.0,1.0,0.0,0.0,0.0,0.0,0.0,0.0,1.0,1.0,0.0,42.0,5.0,42.0,5.0,0.0,0.0,0.0,0.0,8.0,0.0
2023_14_TB_ATL,2023,14,ATL,TB,7,7,0,0.0,0.0,0.0,0.0,0.0,0.0,1.0,1.0,0.0,0.0,1.0,,,70.0,0.0,0.0,0.0,0.0,0.0,0.0,0.0
2023_14_LA_BAL,2023,14,BAL,LA,14,7,7,0.0,0.0,0.0,1.0,0.0,1.0,0.0,0.0,1.0,1.0,0.0,57.0,5.0,57.0,5.0,0.0,0.0,0.0,0.0,0.0,0.0
2023_14_DET_CHI,2023,14,CHI,DET,13,7,6,0.0,0.0,0.0,1.0,0.0,1.0,1.0,0.0,1.0,1.0,0.0,36.0,12.0,36.0,12.0,1.0,0.0,0.0,0.0,14.0,2.0
2023_14_IND_CIN,2023,14,CIN,IND,6,7,-1,1.0,0.0,-1.0,0.0,0.0,0.0,0.0,0.0,1.0,0.0,1.0,40.0,9.0,40.0,9.0,1.0,0.0,0.0,0.0,10.0,0.0
2023_14_JAX_CLE,2023,14,CLE,JAX,7,6,1,0.0,1.0,1.0,0.0,0.0,0.0,0.0,0.0,1.0,1.0,0.0,39.0,11.0,39.0,11.0,1.0,0.0,0.0,0.0,11.0,1.0
2023_14_CAR_NO,2023,14,NO,CAR,7,7,0,0.0,0.0,0.0,0.0,0.0,0.0,1.0,1.0,0.0,0.0,1.0,,,70.0,0.0,0.0,0.0,0.0,0.0,0.0,0.0
2023_14_HOU_NYJ,2023,14,NYJ,HOU,7,7,0,0.0,0.0,0.0,0.0,0.0,0.0,0.0,0.0,1.0,0.0,1.0,58.0,7.0,58.0,7.0,0.0,0.0,0.0,0.0,0.0,0.0
2023_14_MIN_LV,2023,14,LV,MIN,14,13,1,0.0,0.0,0.0,1.0,1.0,0.0,0.0,1.0,0.0,1.0,0.0,,,70.0,0.0,0.0,0.0,0.0,0.0,0.0,0.0
2023_14_SEA_SF,2023,14,SF,SEA,7,10,-3,0.0,0.0,0.0,0.0,1.0,-1.0,1.0,0.0,1.0,1.0,0.0,63.0,5.0,63.0,5.0,0.0,0.0,0.0,0.0,0.0,0.0
2023_14_BUF_KC,2023,14,KC,BUF,7,14,-7,0.0,0.0,0.0,0.0,1.0,-1.0,0.0,0.0,1.0,1.0,0.0,45.0,5.0,45.0,5.0,0.0,0.0,0.0,0.0,5.0,0.0
2023_14_DEN_LAC,2023,14,LAC,DEN,7,7,0,0.0,0.0,0.0,0.0,0.0,0.0,1.0,1.0,0.0,0.0,1.0,,,70.0,0.0,0.0,0.0,0.0,0.0,0.0,0.0
2023_14_PHI_DAL,2023,14,DAL,PHI,10,7,3,0.0,0.0,0.0,1.0,0.0,1.0,1.0,1.0,0.0,0.0,1.0,,,70.0,0.0,0.0,0.0,0.0,0.0,0.0,0.0
2023_14_TEN_MIA,2023,14,MIA,TEN,8,8,0,0.0,0.0,0.0,0.0,0.0,0.0,0.0,0.0,1.0,1.0,0.0,64.0,9.0,64.0,9.0,0.0,0.0,0.0,0.0,0.0,0.0
2023_14_GB_NYG,2023,14,NYG,GB,15,8,7,0.0,0.0,0.0,1.0,0.0,1.0,0.0,0.0,1.0,0.0,1.0,39.0,14.0,39.0,14.0,1.0,0.0,0.0,0.0,11.0,4.0
2023_15_LAC_LV,2023,15,LV,LAC,4,4,0,1.0,1.0,0.0,0.0,0.0,0.0,1.0,1.0,0.0,1.0,0.0,,,70.0,0.0,0.0,0.0,0.0,0.0,0.0,0.0
2023_15_MIN_CIN,2023,15,CIN,MIN,6,6,0,1.0,1.0,0.0,0.0,0.0,0.0,0.0,0.0,1.0,0.0,1.0,53.0,5.0,53.0,5.0,0.0,0.0,0.0,0.0,0.0,0.0
2023_15_PIT_IND,2023,15,IND,PIT,6,9,-3,1.0,0.0,-1.0,0.0,0.0,0.0,0.0,1.0,0.0,0.0,1.0,,,70.0,0.0,0.0,0.0,0.0,0.0,0.0,0.0
2023_15_DEN_DET,2023,15,DET,DEN,6,6,0,1.0,1.0,0.0,0.0,0.0,0.0,0.0,1.0,0.0,0.0,1.0,,,70.0,0.0,0.0,0.0,0.0,0.0,0.0,0.0
2023_15_ATL_CAR,2023,15,CAR,ATL,7,7,0,0.0,0.0,0.0,0.0,0.0,0.0,1.0,0.0,1.0,1.0,0.0,47.0,11.0,47.0,11.0,0.0,0.0,0.0,0.0,3.0,1.0
2023_15_CHI_CLE,2023,15,CLE,CHI,7,7,0,0.0,0.0,0.0,0.0,0.0,0.0,0.0,0.0,1.0,1.0,0.0,45.0,15.0,45.0,15.0,0.0,0.0,1.0,0.0,5.0,5.0
2023_15_TB_GB,2023,15,GB,TB,6,7,-1,1.0,0.0,-1.0,0.0,0.0,0.0,0.0,0.0,1.0,1.0,0.0,42.0,8.0,42.0,8.0,0.0,0.0,0.0,0.0,8.0,0.0
2023_15_NYJ_MIA,2023,15,MIA,NYJ,6,7,-1,1.0,0.0,-1.0,0.0,0.0,0.0,1.0,0.0,1.0,1.0,0.0,76.0,15.0,76.0,15.0,0.0,0.0,1.0,0.0,0.0,5.0
2023_15_KC_NE,2023,15,NE,KC,10,7,3,0.0,0.0,0.0,1.0,0.0,1.0,0.0,0.0,1.0,0.0,1.0,53.0,7.0,53.0,7.0,0.0,0.0,0.0,0.0,0.0,0.0
2023_15_NYG_NO,2023,15,NO,NYG,7,6,1,0.0,1.0,1.0,0.0,0.0,0.0,0.0,1.0,0.0,0.0,1.0,,,70.0,0.0,0.0,0.0,0.0,0.0,0.0,0.0
2023_15_HOU_TEN,2023,15,TEN,HOU,6,7,-1,1.0,0.0,-1.0,0.0,0.0,0.0,1.0,0.0,1.0,1.0,0.0,48.0,9.0,48.0,9.0,0.0,0.0,0.0,0.0,2.0,0.0
2023_15_SF_ARI,2023,15,ARI,SF,14,7,7,0.0,0.0,0.0,1.0,0.0,1.0,1.0,0.0,1.0,1.0,0.0,,,,,0.0,0.0,0.0,0.0,0.0,0.0
2023_15_WAS_LA,2023,15,LA,WAS,7,14,-7,0.0,0.0,0.0,0.0,1.0,-1.0,0.0,1.0,0.0,0.0,1.0,,,70.0,0.0,0.0,0.0,0.0,0.0,0.0,0.0
2023_15_DAL_BUF,2023,15,BUF,DAL,7,7,0,0.0,0.0,0.0,0.0,0.0,0.0,0.0,0.0,1.0,0.0,1.0,48.0,9.0,48.0,9.0,0.0,0.0,0.0,0.0,2.0,0.0
2023_15_BAL_JAX,2023,15,JAX,BAL,7,7,0,0.0,0.0,0.0,0.0,0.0,0.0,0.0,0.0,1.0,1.0,0.0,58.0,13.0,58.0,13.0,0.0,0.0,0.0,0.0,0.0,3.0
2023_15_PHI_SEA,2023,15,SEA,PHI,8,8,0,0.0,0.0,0.0,0.0,0.0,0.0,0.0,0.0,1.0,0.0,1.0,46.0,2.0,46.0,2.0,0.0,0.0,0.0,0.0,4.0,0.0
2023_16_NO_LA,2023,16,LA,NO,4,4,0,1.0,1.0,0.0,0.0,0.0,0.0,0.0,1.0,0.0,0.0,1.0,,,70.0,0.0,0.0,0.0,0.0,0.0,0.0,0.0
2023_16_CIN_PIT,2023,16,PIT,CIN,7,7,0,0.0,0.0,0.0,0.0,0.0,0.0,1.0,0.0,1.0,1.0,0.0,49.0,5.0,49.0,5.0,0.0,0.0,0.0,0.0,1.0,0.0
2023_16_BUF_LAC,2023,16,LAC,BUF,9,6,3,0.0,1.0,1.0,0.0,0.0,0.0,0.0,1.0,0.0,0.0,1.0,,,70.0,0.0,0.0,0.0,0.0,0.0,0.0,0.0
2023_16_IND_ATL,2023,16,ATL,IND,7,8,-1,0.0,0.0,0.0,0.0,0.0,0.0,0.0,1.0,0.0,0.0,1.0,,,70.0,0.0,0.0,0.0,0.0,0.0,0.0,0.0
2023_16_GB_CAR,2023,16,CAR,GB,7,7,0,0.0,0.0,0.0,0.0,0.0,0.0,0.0,0.0,1.0,1.0,0.0,67.0,1.0,67.0,1.0,0.0,0.0,0.0,0.0,0.0,0.0
2023_16_CLE_HOU,2023,16,HOU,CLE,7,7,0,0.0,0.0,0.0,0.0,0.0,0.0,0.0,1.0,0.0,0.0,1.0,,,70.0,0.0,0.0,0.0,0.0,0.0,0.0,0.0
2023_16_DET_MIN,2023,16,MIN,DET,8,8,0,0.0,0.0,0.0,0.0,0.0,0.0,1.0,1.0,0.0,0.0,1.0,,,70.0,0.0,0.0,0.0,0.0,0.0,0.0,0.0
2023_16_WAS_NYJ,2023,16,NYJ,WAS,7,7,0,0.0,0.0,0.0,0.0,0.0,0.0,0.0,0.0,1.0,0.0,1.0,45.0,2.0,45.0,2.0,0.0,0.0,0.0,0.0,5.0,0.0
2023_16_SEA_TEN,2023,16,TEN,SEA,7,6,1,0.0,1.0,1.0,0.0,0.0,0.0,0.0,0.0,1.0,1.0,0.0,61.0,4.0,61.0,4.0,0.0,0.0,0.0,0.0,0.0,0.0
2023_16_JAX_TB,2023,16,TB,JAX,7,7,0,0.0,0.0,0.0,0.0,0.0,0.0,0.0,0.0,1.0,1.0,0.0,72.0,11.0,72.0,11.0,0.0,0.0,0.0,0.0,0.0,1.0
2023_16_ARI_CHI,2023,16,CHI,ARI,7,7,0,0.0,0.0,0.0,0.0,0.0,0.0,0.0,0.0,1.0,1.0,0.0,52.0,4.0,52.0,4.0,0.0,0.0,0.0,0.0,0.0,0.0
2023_16_DAL_MIA,2023,16,MIA,DAL,7,7,0,0.0,0.0,0.0,0.0,0.0,0.0,0.0,0.0,1.0,1.0,0.0,75.0,15.0,75.0,15.0,0.0,0.0,1.0,0.0,0.0,5.0
2023_16_NE_DEN,2023,16,DEN,NE,8,7,1,0.0,0.0,0.0,0.0,0.0,0.0,0.0,0.0,1.0,1.0,0.0,28.0,9.0,28.0,9.0,1.0,0.0,0.0,0.0,22.0,0.0
2023_16_LV_KC,2023,16,KC,LV,8,11,-3,0.0,0.0,0.0,0.0,1.0,-1.0,1.0,0.0,1.0,1.0,0.0,38.0,11.0,38.0,11.0,1.0,0.0,0.0,0.0,12.0,1.0
2023_16_NYG_PHI,2023,16,PHI,NYG,7,8,-1,0.0,0.0,0.0,0.0,0.0,0.0,1.0,0.0,1.0,1.0,0.0,51.0,5.0,51.0,5.0,0.0,0.0,0.0,0.0,0.0,0.0
2023_16_BAL_SF,2023,16,SF,BAL,8,8,0,0.0,0.0,0.0,0.0,0.0,0.0,0.0,0.0,1.0,1.0,0.0,56.0,8.0,56.0,8.0,0.0,0.0,0.0,0.0,0.0,0.0
2023_17_NYJ_CLE,2023,17,CLE,NYJ,4,4,0,1.0,1.0,0.0,0.0,0.0,0.0,0.0,0.0,1.0,1.0,0.0,47.0,6.0,47.0,6.0,0.0,0.0,0.0,0.0,3.0,0.0
2023_17_DET_DAL,2023,17,DAL,DET,6,6,0,1.0,1.0,0.0,0.0,0.0,0.0,0.0,1.0,0.0,0.0,1.0,,,70.0,0.0,0.0,0.0,0.0,0.0,0.0,0.0
2023_17_MIA_BAL,2023,17,BAL,MIA,6,7,-1,1.0,0.0,-1.0,0.0,0.0,0.0,0.0,0.0,1.0,1.0,0.0,50.0,7.0,50.0,7.0,0.0,0.0,0.0,0.0,0.0,0.0
2023_17_NE_BUF,2023,17,BUF,NE,8,7,1,0.0,0.0,0.0,0.0,0.0,0.0,1.0,0.0,1.0,0.0,1.0,35.0,4.0,35.0,4.0,1.0,0.0,0.0,0.0,15.0,0.0
2023_17_ATL_CHI,2023,17,CHI,ATL,7,7,0,0.0,0.0,0.0,0.0,0.0,0.0,0.0,0.0,1.0,1.0,0.0,32.0,5.0,32.0,5.0,1.0,0.0,0.0,0.0,18.0,0.0
2023_17_TEN_HOU,2023,17,HOU,TEN,7,7,0,0.0,0.0,0.0,0.0,0.0,0.0,1.0,1.0,0.0,0.0,1.0,,,70.0,0.0,0.0,0.0,0.0,0.0,0.0,0.0
2023_17_LV_IND,2023,17,IND,LV,7,6,1,0.0,1.0,1.0,0.0,0.0,0.0,0.0,1.0,0.0,0.0,1.0,,,70.0,0.0,0.0,0.0,0.0,0.0,0.0,0.0
2023_17_CAR_JAX,2023,17,JAX,CAR,7,7,0,0.0,0.0,0.0,0.0,0.0,0.0,0.0,0.0,1.0,1.0,0.0,56.0,8.0,56.0,8.0,0.0,0.0,0.0,0.0,0.0,0.0
2023_17_LA_NYG,2023,17,NYG,LA,6,10,-4,1.0,0.0,-1.0,0.0,1.0,-1.0,0.0,0.0,1.0,0.0,1.0,41.0,10.0,41.0,10.0,0.0,0.0,0.0,0.0,9.0,0.0
2023_17_ARI_PHI,2023,17,PHI,ARI,6,7,-1,1.0,0.0,-1.0,0.0,0.0,0.0,0.0,0.0,1.0,1.0,0.0,45.0,9.0,45.0,9.0,0.0,0.0,0.0,0.0,5.0,0.0
2023_17_NO_TB,2023,17,TB,NO,7,10,-3,0.0,0.0,0.0,0.0,1.0,-1.0,1.0,0.0,1.0,1.0,0.0,66.0,5.0,66.0,5.0,0.0,0.0,0.0,0.0,0.0,0.0
2023_17_SF_WAS,2023,17,WAS,SF,7,6,1,0.0,1.0,1.0,0.0,0.0,0.0,0.0,0.0,1.0,1.0,0.0,48.0,7.0,48.0,7.0,0.0,0.0,0.0,0.0,2.0,0.0
2023_17_PIT_SEA,2023,17,SEA,PIT,7,8,-1,0.0,0.0,0.0,0.0,0.0,0.0,0.0,0.0,1.0,0.0,1.0,47.0,4.0,47.0,4.0,0.0,0.0,0.0,0.0,3.0,0.0
2023_17_LAC_DEN,2023,17,DEN,LAC,7,8,-1,0.0,0.0,0.0,0.0,0.0,0.0,1.0,0.0,1.0,1.0,0.0,41.0,6.0,41.0,6.0,0.0,0.0,0.0,0.0,9.0,0.0
2023_17_CIN_KC,2023,17,KC,CIN,6,8,-2,1.0,0.0,-1.0,0.0,0.0,0.0,0.0,0.0,1.0,1.0,0.0,36.0,12.0,36.0,12.0,1.0,0.0,0.0,0.0,14.0,2.0
2023_17_GB_MIN,2023,17,MIN,GB,7,7,0,0.0,0.0,0.0,0.0,0.0,0.0,1.0,1.0,0.0,0.0,1.0,,,70.0,0.0,0.0,0.0,0.0,0.0,0.0,0.0
2023_18_PIT_BAL,2023,18,BAL,PIT,6,6,0,1.0,1.0,0.0,0.0,0.0,0.0,1.0,0.0,1.0,1.0,0.0,38.0,15.0,38.0,15.0,1.0,0.0,1.0,0.0,12.0,5.0
2023_18_HOU_IND,2023,18,IND,HOU,6,6,0,1.0,1.0,0.0,0.0,0.0,0.0,1.0,1.0,0.0,0.0,1.0,,,70.0,0.0,0.0,0.0,0.0,0.0,0.0,0.0
2023_18_TB_CAR,2023,18,CAR,TB,7,7,0,0.0,0.0,0.0,0.0,0.0,0.0,1.0,0.0,1.0,1.0,0.0,54.0,19.0,54.0,19.0,0.0,0.0,1.0,0.0,0.0,9.0
2023_18_CLE_CIN,2023,18,CIN,CLE,7,10,-3,0.0,0.0,0.0,0.0,1.0,-1.0,1.0,0.0,1.0,0.0,1.0,38.0,12.0,38.0,12.0,1.0,0.0,0.0,0.0,12.0,2.0
2023_18_MIN_DET,2023,18,DET,MIN,8,7,1,0.0,0.0,0.0,0.0,0.0,0.0,1.0,1.0,0.0,0.0,1.0,,,70.0,0.0,0.0,0.0,0.0,0.0,0.0,0.0
2023_18_NYJ_NE,2023,18,NE,NYJ,7,10,-3,0.0,0.0,0.0,0.0,1.0,-1.0,1.0,0.0,1.0,0.0,1.0,33.0,14.0,33.0,14.0,1.0,0.0,0.0,0.0,17.0,4.0
2023_18_ATL_NO,2023,18,NO,ATL,7,7,0,0.0,0.0,0.0,0.0,0.0,0.0,1.0,1.0,0.0,0.0,1.0,,,70.0,0.0,0.0,0.0,0.0,0.0,0.0,0.0
2023_18_JAX_TEN,2023,18,TEN,JAX,7,7,0,0.0,0.0,0.0,0.0,0.0,0.0,1.0,0.0,1.0,1.0,0.0,41.0,11.0,41.0,11.0,0.0,0.0,0.0,0.0,9.0,1.0
2023_18_SEA_ARI,2023,18,ARI,SEA,7,7,0,0.0,0.0,0.0,0.0,0.0,0.0,1.0,1.0,0.0,1.0,0.0,,,70.0,0.0,0.0,0.0,0.0,0.0,0.0,0.0
2023_18_CHI_GB,2023,18,GB,CHI,7,7,0,0.0,0.0,0.0,0.0,0.0,0.0,1.0,0.0,1.0,1.0,0.0,34.0,7.0,34.0,7.0,1.0,0.0,0.0,0.0,16.0,0.0
2023_18_KC_LAC,2023,18,LAC,KC,7,7,0,0.0,0.0,0.0,0.0,0.0,0.0,1.0,1.0,0.0,0.0,1.0,,,70.0,0.0,0.0,0.0,0.0,0.0,0.0,0.0
2023_18_DEN_LV,2023,18,LV,DEN,7,7,0,0.0,0.0,0.0,0.0,0.0,0.0,1.0,1.0,0.0,1.0,0.0,,,70.0,0.0,0.0,0.0,0.0,0.0,0.0,0.0
2023_18_PHI_NYG,2023,18,NYG,PHI,7,7,0,0.0,0.0,0.0,0.0,0.0,0.0,1.0,0.0,1.0,0.0,1.0,36.0,12.0,36.0,12.0,1.0,0.0,0.0,0.0,14.0,2.0
2023_18_LA_SF,2023,18,SF,LA,7,7,0,0.0,0.0,0.0,0.0,0.0,0.0,1.0,0.0,1.0,1.0,0.0,52.0,11.0,52.0,11.0,0.0,0.0,0.0,0.0,0.0,1.0
2023_18_DAL_WAS,2023,18,WAS,DAL,7,8,-1,0.0,0.0,0.0,0.0,0.0,0.0,1.0,0.0,1.0,1.0,0.0,48.0,13.0,48.0,13.0,0.0,0.0,0.0,0.0,2.0,3.0
2023_18_BUF_MIA,2023,18,MIA,BUF,7,7,0,0.0,0.0,0.0,0.0,0.0,0.0,1.0,0.0,1.0,1.0,0.0,63.0,6.0,63.0,6.0,0.0,0.0,0.0,0.0,0.0,0.0
2023_19_CLE_HOU,2023,19,HOU,CLE,7,6,1,0.0,1.0,1.0,0.0,0.0,0.0,0.0,1.0,0.0,0.0,1.0,,,70.0,0.0,0.0,0.0,0.0,0.0,0.0,0.0
2023_19_MIA_KC,2023,19,KC,MIA,6,6,0,1.0,1.0,0.0,0.0,0.0,0.0,0.0,0.0,1.0,1.0,0.0,-4.0,19.0,-4.0,19.0,1.0,1.0,1.0,0.0,54.0,9.0
2023_19_GB_DAL,2023,19,DAL,GB,7,7,0,0.0,0.0,0.0,0.0,0.0,0.0,0.0,1.0,0.0,0.0,1.0,,,70.0,0.0,0.0,0.0,0.0,0.0,0.0,0.0
2023_19_LA_DET,2023,19,DET,LA,7,7,0,0.0,0.0,0.0,0.0,0.0,0.0,0.0,1.0,0.0,0.0,1.0,,,70.0,0.0,0.0,0.0,0.0,0.0,0.0,0.0
2023_19_PIT_BUF,2023,19,BUF,PIT,8,9,-1,0.0,0.0,0.0,0.0,0.0,0.0,0.0,0.0,1.0,0.0,1.0,17.0,10.0,17.0,10.0,1.0,1.0,0.0,0.0,33.0,0.0
2023_19_PHI_TB,2023,19,TB,PHI,8,8,0,0.0,0.0,0.0,0.0,0.0,0.0,0.0,0.0,1.0,1.0,0.0,65.0,2.0,65.0,2.0,0.0,0.0,0.0,0.0,0.0,0.0
2023_20_HOU_BAL,2023,20,BAL,HOU,14,7,7,0.0,0.0,0.0,1.0,0.0,1.0,0.0,0.0,1.0,1.0,0.0,27.0,16.0,27.0,16.0,1.0,0.0,1.0,0.0,23.0,6.0
2023_20_GB_SF,2023,20,SF,GB,13,6,7,0.0,1.0,1.0,1.0,0.0,1.0,0.0,0.0,1.0,1.0,0.0,59.0,8.0,59.0,8.0,0.0,0.0,0.0,0.0,0.0,0.0
2023_20_TB_DET,2023,20,DET,TB,7,6,1,0.0,1.0,1.0,0.0,0.0,0.0,0.0,1.0,0.0,0.0,1.0,,,70.0,0.0,0.0,0.0,0.0,0.0,0.0,0.0
2023_20_KC_BUF,2023,20,BUF,KC,6,8,-2,1.0,0.0,-1.0,0.0,0.0,0.0,0.0,0.0,1.0,0.0,1.0,25.0,11.0,25.0,11.0,1.0,1.0,0.0,0.0,25.0,1.0
2023_21_KC_BAL,2023,21,BAL,KC,8,7,1,0.0,0.0,0.0,0.0,0.0,0.0,0.0,0.0,1.0,1.0,0.0,47.0,7.0,47.0,7.0,0.0,0.0,0.0,0.0,3.0,0.0
2023_21_DET_SF,2023,21,SF,DET,8,7,1,0.0,0.0,0.0,0.0,0.0,0.0,0.0,0.0,1.0,1.0,0.0,69.0,5.0,69.0,5.0,0.0,0.0,0.0,0.0,0.0,0.0
2023_22_SF_KC,2023,22,KC,SF,14,14,0,0.0,0.0,0.0,1.0,1.0,0.0,0.0,1.0,0.0,1.0,0.0,,,70.0,0.0,0.0,0.0,0.0,0.0,0.0,0.0
2024_01_BAL_KC,2024,1,KC,BAL,7,7,0,0.0,0.0,0.0,0.0,0.0,0.0,0.0,0.0,1.0,1.0,0.0,67.0,8.0,67.0,8.0,0.0,0.0,0.0,0.0,0.0,0.0
2024_01_GB_PHI,2024,1,PHI,GB,7,7,0,0.0,0.0,0.0,0.0,0.0,0.0,0.0,0.0,1.0,0.0,0.0,,,,,0.0,0.0,0.0,0.0,0.0,0.0
2024_01_PIT_ATL,2024,1,ATL,PIT,7,7,0,0.0,0.0,0.0,0.0,0.0,0.0,0.0,1.0,0.0,0.0,1.0,,,70.0,0.0,0.0,0.0,0.0,0.0,0.0,0.0
2024_01_ARI_BUF,2024,1,BUF,ARI,7,7,0,0.0,0.0,0.0,0.0,0.0,0.0,0.0,0.0,1.0,0.0,1.0,61.0,20.0,61.0,20.0,0.0,0.0,1.0,1.0,0.0,10.0
2024_01_TEN_CHI,2024,1,CHI,TEN,7,7,0,0.0,0.0,0.0,0.0,0.0,0.0,0.0,0.0,1.0,1.0,0.0,67.0,8.0,67.0,8.0,0.0,0.0,0.0,0.0,0.0,0.0
2024_01_NE_CIN,2024,1,CIN,NE,7,7,0,0.0,0.0,0.0,0.0,0.0,0.0,0.0,0.0,1.0,0.0,1.0,66.0,5.0,66.0,5.0,0.0,0.0,0.0,0.0,0.0,0.0
2024_01_HOU_IND,2024,1,IND,HOU,7,7,0,0.0,0.0,0.0,0.0,0.0,0.0,1.0,1.0,0.0,0.0,1.0,,,70.0,0.0,0.0,0.0,0.0,0.0,0.0,0.0
2024_01_JAX_MIA,2024,1,MIA,JAX,7,7,0,0.0,0.0,0.0,0.0,0.0,0.0,0.0,0.0,1.0,1.0,0.0,91.0,10.0,91.0,10.0,0.0,0.0,0.0,0.0,0.0,0.0
2024_01_CAR_NO,2024,1,NO,CAR,7,7,0,0.0,0.0,0.0,0.0,0.0,0.0,1.0,1.0,0.0,0.0,1.0,,,70.0,0.0,0.0,0.0,0.0,0.0,0.0,0.0
2024_01_MIN_NYG,2024,1,NYG,MIN,7,7,0,0.0,0.0,0.0,0.0,0.0,0.0,0.0,0.0,1.0,0.0,1.0,64.0,10.0,64.0,10.0,0.0,0.0,0.0,0.0,0.0,0.0
2024_01_LV_LAC,2024,1,LAC,LV,7,7,0,0.0,0.0,0.0,0.0,0.0,0.0,1.0,1.0,0.0,0.0,1.0,,,70.0,0.0,0.0,0.0,0.0,0.0,0.0,0.0
2024_01_DEN_SEA,2024,1,SEA,DEN,7,7,0,0.0,0.0,0.0,0.0,0.0,0.0,0.0,0.0,1.0,0.0,1.0,65.0,7.0,65.0,7.0,0.0,0.0,0.0,0.0,0.0,0.0
2024_01_DAL_CLE,2024,1,CLE,DAL,7,7,0,0.0,0.0,0.0,0.0,0.0,0.0,0.0,0.0,1.0,1.0,0.0,69.0,17.0,69.0,17.0,0.0,0.0,1.0,0.0,0.0,7.0
2024_01_WAS_TB,2024,1,TB,WAS,7,7,0,0.0,0.0,0.0,0.0,0.0,0.0,0.0,0.0,1.0,1.0,0.0,93.0,6.0,93.0,6.0,0.0,0.0,0.0,0.0,0.0,0.0
2024_01_LA_DET,2024,1,DET,LA,7,7,0,0.0,0.0,0.0,0.0,0.0,0.0,0.0,1.0,0.0,0.0,1.0,,,70.0,0.0,0.0,0.0,0.0,0.0,0.0,0.0
2024_01_NYJ_SF,2024,1,SF,NYJ,7,7,0,0.0,0.0,0.0,0.0,0.0,0.0,0.0,0.0,1.0,1.0,0.0,76.0,10.0,76.0,10.0,0.0,0.0,0.0,0.0,0.0,0.0
2024_02_BUF_MIA,2024,2,MIA,BUF,4,4,0,1.0,1.0,0.0,0.0,0.0,0.0,1.0,0.0,1.0,1.0,0.0,86.0,3.0,86.0,3.0,0.0,0.0,0.0,0.0,0.0,0.0
2024_02_LV_BAL,2024,2,BAL,LV,10,7,3,0.0,0.0,0.0,1.0,0.0,1.0,0.0,0.0,1.0,1.0,0.0,76.0,10.0,76.0,10.0,0.0,0.0,0.0,0.0,0.0,0.0
2024_02_LAC_CAR,2024,2,CAR,LAC,7,7,0,0.0,0.0,0.0,0.0,0.0,0.0,0.0,0.0,1.0,1.0,0.0,78.0,13.0,78.0,13.0,0.0,0.0,0.0,0.0,0.0,3.0
2024_02_NO_DAL,2024,2,DAL,NO,7,7,0,0.0,0.0,0.0,0.0,0.0,0.0,0.0,1.0,0.0,0.0,1.0,,,70.0,0.0,0.0,0.0,0.0,0.0,0.0,0.0
2024_02_TB_DET,2024,2,DET,TB,7,7,0,0.0,0.0,0.0,0.0,0.0,0.0,0.0,1.0,0.0,0.0,1.0,,,70.0,0.0,0.0,0.0,0.0,0.0,0.0,0.0
2024_02_IND_GB,2024,2,GB,IND,9,7,2,0.0,0.0,0.0,0.0,0.0,0.0,0.0,0.0,1.0,1.0,0.0,85.0,7.0,85.0,7.0,0.0,0.0,0.0,0.0,0.0,0.0
2024_02_CLE_JAX,2024,2,JAX,CLE,7,7,0,0.0,0.0,0.0,0.0,0.0,0.0,0.0,0.0,1.0,1.0,0.0,80.0,12.0,80.0,12.0,0.0,0.0,0.0,0.0,0.0,2.0
2024_02_SF_MIN,2024,2,MIN,SF,7,6,1,0.0,1.0,1.0,0.0,0.0,0.0,0.0,1.0,0.0,0.0,1.0,,,70.0,0.0,0.0,0.0,0.0,0.0,0.0,0.0
2024_02_SEA_NE,2024,2,NE,SEA,7,7,0,0.0,0.0,0.0,0.0,0.0,0.0,0.0,0.0,1.0,0.0,1.0,77.0,5.0,77.0,5.0,0.0,0.0,0.0,0.0,0.0,0.0
2024_02_NYJ_TEN,2024,2,TEN,NYJ,7,6,1,0.0,1.0,1.0,0.0,0.0,0.0,0.0,0.0,1.0,1.0,0.0,80.0,13.0,80.0,13.0,0.0,0.0,0.0,0.0,0.0,3.0
2024_02_NYG_WAS,2024,2,WAS,NYG,7,7,0,0.0,0.0,0.0,0.0,0.0,0.0,1.0,0.0,1.0,1.0,0.0,82.0,11.0,82.0,11.0,0.0,0.0,0.0,0.0,0.0,1.0
2024_02_LA_ARI,2024,2,ARI,LA,7,7,0,0.0,0.0,0.0,0.0,0.0,0.0,1.0,1.0,0.0,1.0,0.0,,,70.0,0.0,0.0,0.0,0.0,0.0,0.0,0.0
2024_02_PIT_DEN,2024,2,DEN,PIT,7,7,0,0.0,0.0,0.0,0.0,0.0,0.0,0.0,0.0,1.0,1.0,0.0,83.0,4.0,83.0,4.0,0.0,0.0,0.0,0.0,0.0,0.0
2024_02_CIN_KC,2024,2,KC,CIN,10,7,3,0.0,0.0,0.0,1.0,0.0,1.0,0.0,0.0,1.0,1.0,0.0,89.0,8.0,89.0,8.0,0.0,0.0,0.0,0.0,0.0,0.0
2024_02_CHI_HOU,2024,2,HOU,CHI,7,7,0,0.0,0.0,0.0,0.0,0.0,0.0,0.0,1.0,0.0,0.0,1.0,,,70.0,0.0,0.0,0.0,0.0,0.0,0.0,0.0
2024_02_ATL_PHI,2024,2,PHI,ATL,10,8,2,0.0,0.0,0.0,1.0,0.0,1.0,0.0,0.0,1.0,1.0,0.0,71.0,9.0,71.0,9.0,0.0,0.0,0.0,0.0,0.0,0.0
2024_03_NE_NYJ,2024,3,NYJ,NE,4,4,0,1.0,1.0,0.0,0.0,0.0,0.0,1.0,0.0,1.0,0.0,1.0,75.0,5.0,75.0,5.0,0.0,0.0,0.0,0.0,0.0,0.0
2024_03_NYG_CLE,2024,3,CLE,NYG,7,7,0,0.0,0.0,0.0,0.0,0.0,0.0,0.0,0.0,1.0,1.0,0.0,76.0,4.0,76.0,4.0,0.0,0.0,0.0,0.0,0.0,0.0
2024_03_CHI_IND,2024,3,IND,CHI,7,7,0,0.0,0.0,0.0,0.0,0.0,0.0,0.0,1.0,0.0,0.0,1.0,,,70.0,0.0,0.0,0.0,0.0,0.0,0.0,0.0
2024_03_HOU_MIN,2024,3,MIN,HOU,7,7,0,0.0,0.0,0.0,0.0,0.0,0.0,0.0,1.0,0.0,0.0,1.0,,,70.0,0.0,0.0,0.0,0.0,0.0,0.0,0.0
2024_03_PHI_NO,2024,3,NO,PHI,7,6,1,0.0,1.0,1.0,0.0,0.0,0.0,0.0,1.0,0.0,0.0,1.0,,,70.0,0.0,0.0,0.0,0.0,0.0,0.0,0.0
2024_03_LAC_PIT,2024,3,PIT,LAC,7,7,0,0.0,0.0,0.0,0.0,0.0,0.0,0.0,0.0,1.0,1.0,0.0,72.0,2.0,72.0,2.0,0.0,0.0,0.0,0.0,0.0,0.0
2024_03_DEN_TB,2024,3,TB,DEN,7,7,0,0.0,0.0,0.0,0.0,0.0,0.0,0.0,0.0,1.0,1.0,0.0,85.0,6.0,85.0,6.0,0.0,0.0,0.0,0.0,0.0,0.0
2024_03_GB_TEN,2024,3,TEN,GB,7,7,0,0.0,0.0,0.0,0.0,0.0,0.0,0.0,0.0,1.0,1.0,0.0,87.0,7.0,87.0,7.0,0.0,0.0,0.0,0.0,0.0,0.0
2024_03_CAR_LV,2024,3,LV,CAR,7,7,0,0.0,0.0,0.0,0.0,0.0,0.0,0.0,1.0,0.0,1.0,0.0,,,70.0,0.0,0.0,0.0,0.0,0.0,0.0,0.0
2024_03_MIA_SEA,2024,3,SEA,MIA,7,10,-3,0.0,0.0,0.0,0.0,1.0,-1.0,0.0,0.0,1.0,0.0,1.0,64.0,2.0,64.0,2.0,0.0,0.0,0.0,0.0,0.0,0.0
2024_03_DET_ARI,2024,3,ARI,DET,7,7,0,0.0,0.0,0.0,0.0,0.0,0.0,0.0,1.0,0.0,1.0,0.0,,,70.0,0.0,0.0,0.0,0.0,0.0,0.0,0.0
2024_03_BAL_DAL,2024,3,DAL,BAL,7,7,0,0.0,0.0,0.0,0.0,0.0,0.0,0.0,1.0,0.0,0.0,1.0,,,70.0,0.0,0.0,0.0,0.0,0.0,0.0,0.0
2024_03_SF_LA,2024,3,LA,SF,7,7,0,0.0,0.0,0.0,0.0,0.0,0.0,1.0,1.0,0.0,0.0,1.0,,,70.0,0.0,0.0,0.0,0.0,0.0,0.0,0.0
2024_03_KC_ATL,2024,3,ATL,KC,6,7,-1,1.0,0.0,-1.0,0.0,0.0,0.0,0.0,1.0,0.0,0.0,1.0,,,70.0,0.0,0.0,0.0,0.0,0.0,0.0,0.0
2024_03_JAX_BUF,2024,3,BUF,JAX,11,8,3,0.0,0.0,0.0,1.0,0.0,1.0,0.0,0.0,1.0,0.0,1.0,68.0,5.0,68.0,5.0,0.0,0.0,0.0,0.0,0.0,0.0
2024_03_WAS_CIN,2024,3,CIN,WAS,8,8,0,0.0,0.0,0.0,0.0,0.0,0.0,0.0,0.0,1.0,0.0,1.0,69.0,5.0,69.0,5.0,0.0,0.0,0.0,0.0,0.0,0.0
2024_04_DAL_NYG,2024,4,NYG,DAL,4,4,0,1.0,1.0,0.0,0.0,0.0,0.0,1.0,0.0,1.0,0.0,1.0,74.0,3.0,74.0,3.0,0.0,0.0,0.0,0.0,0.0,0.0
2024_04_NO_ATL,2024,4,ATL,NO,7,7,0,0.0,0.0,0.0,0.0,0.0,0.0,1.0,1.0,0.0,0.0,1.0,,,70.0,0.0,0.0,0.0,0.0,0.0,0.0,0.0
2024_04_CIN_CAR,2024,4,CAR,CIN,7,6,1,0.0,1.0,1.0,0.0,0.0,0.0,0.0,0.0,1.0,1.0,0.0,78.0,6.0,78.0,6.0,0.0,0.0,0.0,0.0,0.0,0.0
2024_04_LA_CHI,2024,4,CHI,LA,7,7,0,0.0,0.0,0.0,0.0,0.0,0.0,0.0,0.0,1.0,1.0,0.0,70.0,16.0,70.0,16.0,0.0,0.0,1.0,0.0,0.0,6.0
2024_04_MIN_GB,2024,4,GB,MIN,7,7,0,0.0,0.0,0.0,0.0,0.0,0.0,1.0,0.0,1.0,1.0,0.0,71.0,15.0,71.0,15.0,0.0,0.0,1.0,0.0,0.0,5.0
2024_04_JAX_HOU,2024,4,HOU,JAX,7,6,1,0.0,1.0,1.0,0.0,0.0,0.0,1.0,1.0,0.0,0.0,1.0,,,70.0,0.0,0.0,0.0,0.0,0.0,0.0,0.0
2024_04_PIT_IND,2024,4,IND,PIT,7,7,0,0.0,0.0,0.0,0.0,0.0,0.0,0.0,1.0,0.0,0.0,1.0,,,70.0,0.0,0.0,0.0,0.0,0.0,0.0,0.0
2024_04_DEN_NYJ,2024,4,NYJ,DEN,10,7,3,0.0,0.0,0.0,1.0,0.0,1.0,0.0,0.0,1.0,0.0,1.0,67.0,8.0,67.0,8.0,0.0,0.0,0.0,0.0,0.0,0.0
2024_04_PHI_TB,2024,4,TB,PHI,7,7,0,0.0,0.0,0.0,0.0,0.0,0.0,0.0,0.0,1.0,1.0,0.0,88.0,9.0,88.0,9.0,0.0,0.0,0.0,0.0,0.0,0.0
2024_04_WAS_ARI,2024,4,ARI,WAS,7,6,1,0.0,1.0,1.0,0.0,0.0,0.0,0.0,1.0,0.0,1.0,0.0,,,70.0,0.0,0.0,0.0,0.0,0.0,0.0,0.0
2024_04_NE_SF,2024,4,SF,NE,7,10,-3,0.0,0.0,0.0,0.0,1.0,-1.0,0.0,0.0,1.0,1.0,0.0,71.0,5.0,71.0,5.0,0.0,0.0,0.0,0.0,0.0,0.0
2024_04_KC_LAC,2024,4,LAC,KC,7,7,0,0.0,0.0,0.0,0.0,0.0,0.0,1.0,1.0,0.0,0.0,1.0,,,70.0,0.0,0.0,0.0,0.0,0.0,0.0,0.0
2024_04_CLE_LV,2024,4,LV,CLE,7,7,0,0.0,0.0,0.0,0.0,0.0,0.0,0.0,1.0,0.0,1.0,0.0,,,70.0,0.0,0.0,0.0,0.0,0.0,0.0,0.0
2024_04_BUF_BAL,2024,4,BAL,BUF,7,6,1,0.0,1.0,1.0,0.0,0.0,0.0,0.0,0.0,1.0,1.0,0.0,68.0,8.0,68.0,8.0,0.0,0.0,0.0,0.0,0.0,0.0
2024_04_TEN_MIA,2024,4,MIA,TEN,8,8,0,0.0,0.0,0.0,0.0,0.0,0.0,0.0,0.0,1.0,1.0,0.0,86.0,9.0,86.0,9.0,0.0,0.0,0.0,0.0,0.0,0.0
2024_04_SEA_DET,2024,4,DET,SEA,8,8,0,0.0,0.0,0.0,0.0,0.0,0.0,0.0,1.0,0.0,0.0,1.0,,,70.0,0.0,0.0,0.0,0.0,0.0,0.0,0.0
2024_05_TB_ATL,2024,5,ATL,TB,4,4,0,1.0,1.0,0.0,0.0,0.0,0.0,1.0,1.0,0.0,0.0,1.0,,,70.0,0.0,0.0,0.0,0.0,0.0,0.0,0.0
2024_05_NYJ_MIN,2024,5,MIN,NYJ,7,7,0,0.0,0.0,0.0,0.0,0.0,0.0,0.0,0.0,1.0,1.0,0.0,59.0,8.0,59.0,8.0,0.0,0.0,0.0,0.0,0.0,0.0
2024_05_CAR_CHI,2024,5,CHI,CAR,7,7,0,0.0,0.0,0.0,0.0,0.0,0.0,0.0,0.0,1.0,1.0,0.0,74.0,7.0,74.0,7.0,0.0,0.0,0.0,0.0,0.0,0.0
2024_05_BAL_CIN,2024,5,CIN,BAL,7,7,0,0.0,0.0,0.0,0.0,0.0,0.0,1.0,0.0,1.0,0.0,1.0,81.0,10.0,81.0,10.0,0.0,0.0,0.0,0.0,0.0,0.0
2024_05_BUF_HOU,2024,5,HOU,BUF,7,7,0,0.0,0.0,0.0,0.0,0.0,0.0,0.0,1.0,0.0,0.0,1.0,,,70.0,0.0,0.0,0.0,0.0,0.0,0.0,0.0
2024_05_IND_JAX,2024,5,JAX,IND,7,7,0,0.0,0.0,0.0,0.0,0.0,0.0,1.0,0.0,1.0,1.0,0.0,74.0,4.0,74.0,4.0,0.0,0.0,0.0,0.0,0.0,0.0
2024_05_MIA_NE,2024,5,NE,MIA,7,6,1,0.0,1.0,1.0,0.0,0.0,0.0,1.0,0.0,1.0,0.0,1.0,65.0,2.0,65.0,2.0,0.0,0.0,0.0,0.0,0.0,0.0
2024_05_CLE_WAS,2024,5,WAS,CLE,7,7,0,0.0,0.0,0.0,0.0,0.0,0.0,0.0,0.0,1.0,1.0,0.0,73.0,5.0,73.0,5.0,0.0,0.0,0.0,0.0,0.0,0.0
2024_05_LV_DEN,2024,5,DEN,LV,7,7,0,0.0,0.0,0.0,0.0,0.0,0.0,1.0,0.0,1.0,1.0,0.0,73.0,7.0,73.0,7.0,0.0,0.0,0.0,0.0,0.0,0.0
2024_05_ARI_SF,2024,5,SF,ARI,7,7,0,0.0,0.0,0.0,0.0,0.0,0.0,1.0,0.0,1.0,1.0,0.0,89.0,3.0,89.0,3.0,0.0,0.0,0.0,0.0,0.0,0.0
2024_05_GB_LA,2024,5,LA,GB,7,7,0,0.0,0.0,0.0,0.0,0.0,0.0,0.0,1.0,0.0,0.0,1.0,,,70.0,0.0,0.0,0.0,0.0,0.0,0.0,0.0
2024_05_NYG_SEA,2024,5,SEA,NYG,6,10,-4,1.0,0.0,-1.0,0.0,1.0,-1.0,0.0,0.0,1.0,0.0,1.0,61.0,3.0,61.0,3.0,0.0,0.0,0.0,0.0,0.0,0.0
2024_05_DAL_PIT,2024,5,PIT,DAL,7,10,-3,0.0,0.0,0.0,0.0,1.0,-1.0,0.0,0.0,1.0,1.0,0.0,67.0,6.0,67.0,6.0,0.0,0.0,0.0,0.0,0.0,0.0
2024_05_NO_KC,2024,5,KC,NO,8,8,0,0.0,0.0,0.0,0.0,0.0,0.0,0.0,0.0,1.0,1.0,0.0,70.0,1.0,70.0,1.0,0.0,0.0,0.0,0.0,0.0,0.0
2024_06_SF_SEA,2024,6,SEA,SF,4,4,0,1.0,1.0,0.0,0.0,0.0,0.0,1.0,0.0,1.0,0.0,1.0,59.0,10.0,59.0,10.0,0.0,0.0,0.0,0.0,0.0,0.0
2024_06_JAX_CHI,2024,6,CHI,JAX,7,7,0,0.0,0.0,0.0,0.0,0.0,0.0,0.0,0.0,1.0,1.0,0.0,54.0,3.0,54.0,3.0,0.0,0.0,0.0,0.0,0.0,0.0
2024_06_WAS_BAL,2024,6,BAL,WAS,7,7,0,0.0,0.0,0.0,0.0,0.0,0.0,0.0,0.0,1.0,1.0,0.0,75.0,8.0,75.0,8.0,0.0,0.0,0.0,0.0,0.0,0.0
2024_06_ARI_GB,2024,6,GB,ARI,7,7,0,0.0,0.0,0.0,0.0,0.0,0.0,0.0,0.0,1.0,1.0,0.0,50.0,4.0,50.0,4.0,0.0,0.0,0.0,0.0,0.0,0.0
2024_06_HOU_NE,2024,6,NE,HOU,7,7,0,0.0,0.0,0.0,0.0,0.0,0.0,0.0,0.0,1.0,0.0,1.0,53.0,5.0,53.0,5.0,0.0,0.0,0.0,0.0,0.0,0.0
2024_06_TB_NO,2024,6,NO,TB,6,10,-4,1.0,0.0,-1.0,0.0,1.0,-1.0,1.0,1.0,0.0,0.0,1.0,,,70.0,0.0,0.0,0.0,0.0,0.0,0.0,0.0
2024_06_CLE_PHI,2024,6,PHI,CLE,14,7,7,0.0,0.0,0.0,1.0,0.0,1.0,0.0,0.0,1.0,1.0,0.0,82.0,10.0,82.0,10.0,0.0,0.0,0.0,0.0,0.0,0.0
2024_06_IND_TEN,2024,6,TEN,IND,13,7,6,0.0,0.0,0.0,1.0,0.0,1.0,1.0,0.0,1.0,1.0,0.0,80.0,12.0,80.0,12.0,0.0,0.0,0.0,0.0,0.0,2.0
2024_06_LAC_DEN,2024,6,DEN,LAC,7,14,-7,0.0,0.0,0.0,0.0,1.0,-1.0,1.0,0.0,1.0,1.0,0.0,65.0,7.0,65.0,7.0,0.0,0.0,0.0,0.0,0.0,0.0
2024_06_PIT_LV,2024,6,LV,PIT,7,7,0,0.0,0.0,0.0,0.0,0.0,0.0,0.0,1.0,0.0,1.0,0.0,,,70.0,0.0,0.0,0.0,0.0,0.0,0.0,0.0
2024_06_ATL_CAR,2024,6,CAR,ATL,7,10,-3,0.0,0.0,0.0,0.0,1.0,-1.0,1.0,0.0,1.0,1.0,0.0,79.0,9.0,79.0,9.0,0.0,0.0,0.0,0.0,0.0,0.0
2024_06_DET_DAL,2024,6,DAL,DET,7,13,-6,0.0,0.0,0.0,0.0,1.0,-1.0,0.0,1.0,0.0,0.0,1.0,,,70.0,0.0,0.0,0.0,0.0,0.0,0.0,0.0
2024_06_CIN_NYG,2024,6,NYG,CIN,7,7,0,0.0,0.0,0.0,0.0,0.0,0.0,0.0,0.0,1.0,0.0,1.0,63.0,2.0,63.0,2.0,0.0,0.0,0.0,0.0,0.0,0.0
2024_06_BUF_NYJ,2024,6,NYJ,BUF,8,8,0,0.0,0.0,0.0,0.0,0.0,0.0,1.0,0.0,1.0,0.0,1.0,49.0,14.0,49.0,14.0,0.0,0.0,0.0,0.0,1.0,4.0
2024_07_DEN_NO,2024,7,NO,DEN,4,4,0,1.0,1.0,0.0,0.0,0.0,0.0,0.0,1.0,0.0,0.0,1.0,,,70.0,0.0,0.0,0.0,0.0,0.0,0.0,0.0
2024_07_NE_JAX,2024,7,JAX,NE,7,7,0,0.0,0.0,0.0,0.0,0.0,0.0,0.0,0.0,1.0,1.0,0.0,63.0,12.0,63.0,12.0,0.0,0.0,0.0,0.0,0.0,2.0
2024_07_SEA_ATL,2024,7,ATL,SEA,7,10,-3,0.0,0.0,0.0,0.0,1.0,-1.0,0.0,1.0,0.0,0.0,1.0,,,70.0,0.0,0.0,0.0,0.0,0.0,0.0,0.0
2024_07_TEN_BUF,2024,7,BUF,TEN,6,7,-1,1.0,0.0,-1.0,0.0,0.0,0.0,0.0,0.0,1.0,0.0,1.0,66.0,12.0,66.0,12.0,0.0,0.0,0.0,0.0,0.0,2.0
2024_07_CIN_CLE,2024,7,CLE,CIN,7,7,0,0.0,0.0,0.0,0.0,0.0,0.0,1.0,0.0,1.0,1.0,0.0,62.0,8.0,62.0,8.0,0.0,0.0,0.0,0.0,0.0,0.0
2024_07_HOU_GB,2024,7,GB,HOU,7,7,0,0.0,0.0,0.0,0.0,0.0,0.0,0.0,0.0,1.0,1.0,0.0,72.0,3.0,72.0,3.0,0.0,0.0,0.0,0.0,0.0,0.0
2024_07_MIA_IND,2024,7,IND,MIA,7,14,-7,0.0,0.0,0.0,0.0,1.0,-1.0,0.0,1.0,0.0,0.0,1.0,,,70.0,0.0,0.0,0.0,0.0,0.0,0.0,0.0
2024_07_DET_MIN,2024,7,MIN,DET,14,7,7,0.0,0.0,0.0,1.0,0.0,1.0,1.0,1.0,0.0,0.0,1.0,,,70.0,0.0,0.0,0.0,0.0,0.0,0.0,0.0
2024_07_PHI_NYG,2024,7,NYG,PHI,7,7,0,0.0,0.0,0.0,0.0,0.0,0.0,1.0,0.0,1.0,0.0,1.0,71.0,4.0,71.0,4.0,0.0,0.0,0.0,0.0,0.0,0.0
2024_07_LV_LA,2024,7,LA,LV,14,7,7,0.0,0.0,0.0,1.0,0.0,1.0,0.0,1.0,0.0,0.0,1.0,,,70.0,0.0,0.0,0.0,0.0,0.0,0.0,0.0
2024_07_CAR_WAS,2024,7,WAS,CAR,7,7,0,0.0,0.0,0.0,0.0,0.0,0.0,0.0,0.0,1.0,1.0,0.0,76.0,2.0,76.0,2.0,0.0,0.0,0.0,0.0,0.0,0.0
2024_07_KC_SF,2024,7,SF,KC,10,13,-3,0.0,0.0,0.0,1.0,1.0,0.0,0.0,0.0,1.0,1.0,0.0,78.0,3.0,78.0,3.0,0.0,0.0,0.0,0.0,0.0,0.0
2024_07_NYJ_PIT,2024,7,PIT,NYJ,7,6,1,0.0,1.0,1.0,0.0,0.0,0.0,0.0,0.0,1.0,1.0,0.0,60.0,4.0,60.0,4.0,0.0,0.0,0.0,0.0,0.0,0.0
2024_07_BAL_TB,2024,7,TB,BAL,8,8,0,0.0,0.0,0.0,0.0,0.0,0.0,0.0,0.0,1.0,1.0,0.0,80.0,8.0,80.0,8.0,0.0,0.0,0.0,0.0,0.0,0.0
2024_07_LAC_ARI,2024,7,ARI,LAC,8,8,0,0.0,0.0,0.0,0.0,0.0,0.0,0.0,1.0,0.0,1.0,0.0,,,70.0,0.0,0.0,0.0,0.0,0.0,0.0,0.0
2024_08_MIN_LA,2024,8,LA,MIN,4,4,0,1.0,1.0,0.0,0.0,0.0,0.0,0.0,1.0,0.0,0.0,1.0,,,70.0,0.0,0.0,0.0,0.0,0.0,0.0,0.0
2024_08_PHI_CIN,2024,8,CIN,PHI,7,7,0,0.0,0.0,0.0,0.0,0.0,0.0,0.0,0.0,1.0,0.0,1.0,59.0,6.0,59.0,6.0,0.0,0.0,0.0,0.0,0.0,0.0
2024_08_BAL_CLE,2024,8,CLE,BAL,7,6,1,0.0,1.0,1.0,0.0,0.0,0.0,1.0,0.0,1.0,1.0,0.0,52.0,4.0,52.0,4.0,0.0,0.0,0.0,0.0,0.0,0.0
2024_08_TEN_DET,2024,8,DET,TEN,7,7,0,0.0,0.0,0.0,0.0,0.0,0.0,0.0,1.0,0.0,0.0,1.0,,,70.0,0.0,0.0,0.0,0.0,0.0,0.0,0.0
2024_08_IND_HOU,2024,8,HOU,IND,7,7,0,0.0,0.0,0.0,0.0,0.0,0.0,1.0,1.0,0.0,0.0,1.0,,,70.0,0.0,0.0,0.0,0.0,0.0,0.0,0.0
2024_08_GB_JAX,2024,8,JAX,GB,7,7,0,0.0,0.0,0.0,0.0,0.0,0.0,0.0,0.0,1.0,1.0,0.0,84.0,4.0,84.0,4.0,0.0,0.0,0.0,0.0,0.0,0.0
2024_08_ARI_MIA,2024,8,MIA,ARI,7,6,1,0.0,1.0,1.0,0.0,0.0,0.0,0.0,0.0,1.0,1.0,0.0,82.0,14.0,82.0,14.0,0.0,0.0,0.0,0.0,0.0,4.0
2024_08_NYJ_NE,2024,8,NE,NYJ,7,7,0,0.0,0.0,0.0,0.0,0.0,0.0,1.0,0.0,1.0,0.0,1.0,53.0,8.0,53.0,8.0,0.0,0.0,0.0,0.0,0.0,0.0
2024_08_ATL_TB,2024,8,TB,ATL,6,7,-1,1.0,0.0,-1.0,0.0,0.0,0.0,1.0,0.0,1.0,1.0,0.0,79.0,6.0,79.0,6.0,0.0,0.0,0.0,0.0,0.0,0.0
2024_08_NO_LAC,2024,8,LAC,NO,6,10,-4,1.0,0.0,-1.0,0.0,1.0,-1.0,0.0,1.0,0.0,0.0,1.0,,,70.0,0.0,0.0,0.0,0.0,0.0,0.0,0.0
2024_08_BUF_SEA,2024,8,SEA,BUF,7,7,0,0.0,0.0,0.0,0.0,0.0,0.0,0.0,0.0,1.0,0.0,1.0,55.0,14.0,55.0,14.0,0.0,0.0,0.0,0.0,0.0,4.0
2024_08_CAR_DEN,2024,8,DEN,CAR,10,7,3,0.0,0.0,0.0,1.0,0.0,1.0,0.0,0.0,1.0,1.0,0.0,76.0,4.0,76.0,4.0,0.0,0.0,0.0,0.0,0.0,0.0
2024_08_KC_LV,2024,8,LV,KC,7,7,0,0.0,0.0,0.0,0.0,0.0,0.0,1.0,1.0,0.0,1.0,0.0,,,70.0,0.0,0.0,0.0,0.0,0.0,0.0,0.0
2024_08_CHI_WAS,2024,8,WAS,CHI,7,14,-7,0.0,0.0,0.0,0.0,1.0,-1.0,0.0,0.0,1.0,1.0,0.0,58.0,2.0,58.0,2.0,0.0,0.0,0.0,0.0,0.0,0.0
2024_08_DAL_SF,2024,8,SF,DAL,7,14,-7,0.0,0.0,0.0,0.0,1.0,-1.0,0.0,0.0,1.0,1.0,0.0,69.0,9.0,69.0,9.0,0.0,0.0,0.0,0.0,0.0,0.0
2024_08_NYG_PIT,2024,8,PIT,NYG,8,8,0,0.0,0.0,0.0,0.0,0.0,0.0,0.0,0.0,1.0,1.0,0.0,54.0,7.0,54.0,7.0,0.0,0.0,0.0,0.0,0.0,0.0
2024_09_HOU_NYJ,2024,9,NYJ,HOU,4,4,0,1.0,1.0,0.0,0.0,0.0,0.0,0.0,0.0,1.0,0.0,1.0,71.0,8.0,71.0,8.0,0.0,0.0,0.0,0.0,0.0,0.0
2024_09_DAL_ATL,2024,9,ATL,DAL,7,7,0,0.0,0.0,0.0,0.0,0.0,0.0,0.0,1.0,0.0,0.0,1.0,,,70.0,0.0,0.0,0.0,0.0,0.0,0.0,0.0
2024_09_DEN_BAL,2024,9,BAL,DEN,7,7,0,0.0,0.0,0.0,0.0,0.0,0.0,0.0,0.0,1.0,1.0,0.0,57.0,3.0,57.0,3.0,0.0,0.0,0.0,0.0,0.0,0.0
2024_09_MIA_BUF,2024,9,BUF,MIA,7,7,0,0.0,0.0,0.0,0.0,0.0,0.0,1.0,0.0,1.0,0.0,1.0,54.0,9.0,54.0,9.0,0.0,0.0,0.0,0.0,0.0,0.0
2024_09_NO_CAR,2024,9,CAR,NO,7,7,0,0.0,0.0,0.0,0.0,0.0,0.0,1.0,0.0,1.0,1.0,0.0,66.0,7.0,66.0,7.0,0.0,0.0,0.0,0.0,0.0,0.0
2024_09_LV_CIN,2024,9,CIN,LV,7,7,0,0.0,0.0,0.0,0.0,0.0,0.0,0.0,0.0,1.0,0.0,1.0,67.0,7.0,67.0,7.0,0.0,0.0,0.0,0.0,0.0,0.0
2024_09_LAC_CLE,2024,9,CLE,LAC,7,7,0,0.0,0.0,0.0,0.0,0.0,0.0,0.0,0.0,1.0,1.0,0.0,57.0,10.0,57.0,10.0,0.0,0.0,0.0,0.0,0.0,0.0
2024_09_WAS_NYG,2024,9,NYG,WAS,6,7,-1,1.0,0.0,-1.0,0.0,0.0,0.0,1.0,0.0,1.0,0.0,1.0,52.0,6.0,52.0,6.0,0.0,0.0,0.0,0.0,0.0,0.0
2024_09_NE_TEN,2024,9,TEN,NE,7,7,0,0.0,0.0,0.0,0.0,0.0,0.0,0.0,0.0,1.0,1.0,0.0,75.0,10.0,75.0,10.0,0.0,0.0,0.0,0.0,0.0,0.0
2024_09_CHI_ARI,2024,9,ARI,CHI,7,7,0,0.0,0.0,0.0,0.0,0.0,0.0,0.0,1.0,0.0,1.0,0.0,,,70.0,0.0,0.0,0.0,0.0,0.0,0.0,0.0
2024_09_JAX_PHI,2024,9,PHI,JAX,7,7,0,0.0,0.0,0.0,0.0,0.0,0.0,0.0,0.0,1.0,1.0,0.0,57.0,6.0,57.0,6.0,0.0,0.0,0.0,0.0,0.0,0.0
2024_09_DET_GB,2024,9,GB,DET,7,7,0,0.0,0.0,0.0,0.0,0.0,0.0,1.0,0.0,1.0,1.0,0.0,50.0,15.0,50.0,15.0,0.0,0.0,1.0,0.0,0.0,5.0
2024_09_LA_SEA,2024,9,SEA,LA,7,10,-3,0.0,0.0,0.0,0.0,1.0,-1.0,1.0,0.0,1.0,0.0,1.0,52.0,4.0,52.0,4.0,0.0,0.0,0.0,0.0,0.0,0.0
2024_09_IND_MIN,2024,9,MIN,IND,10,7,3,0.0,0.0,0.0,1.0,0.0,1.0,0.0,1.0,0.0,0.0,1.0,,,70.0,0.0,0.0,0.0,0.0,0.0,0.0,0.0
2024_09_TB_KC,2024,9,KC,TB,8,8,0,0.0,0.0,0.0,0.0,0.0,0.0,0.0,0.0,1.0,1.0,0.0,63.0,6.0,63.0,6.0,0.0,0.0,0.0,0.0,0.0,0.0
2024_10_CIN_BAL,2024,10,BAL,CIN,4,4,0,1.0,1.0,0.0,0.0,0.0,0.0,1.0,0.0,1.0,1.0,0.0,69.0,6.0,69.0,6.0,0.0,0.0,0.0,0.0,0.0,0.0
2024_10_NYG_CAR,2024,10,CAR,NYG,7,7,0,0.0,0.0,0.0,0.0,0.0,0.0,0.0,0.0,1.0,0.0,0.0,,,,,0.0,0.0,0.0,0.0,0.0,0.0
2024_10_NE_CHI,2024,10,CHI,NE,7,7,0,0.0,0.0,0.0,0.0,0.0,0.0,0.0,0.0,1.0,1.0,0.0,60.0,6.0,60.0,6.0,0.0,0.0,0.0,0.0,0.0,0.0
2024_10_BUF_IND,2024,10,IND,BUF,7,7,0,0.0,0.0,0.0,0.0,0.0,0.0,0.0,1.0,0.0,0.0,1.0,,,70.0,0.0,0.0,0.0,0.0,0.0,0.0,0.0
2024_10_MIN_JAX,2024,10,JAX,MIN,7,7,0,0.0,0.0,0.0,0.0,0.0,0.0,0.0,0.0,1.0,1.0,0.0,79.0,7.0,79.0,7.0,0.0,0.0,0.0,0.0,0.0,0.0
2024_10_DEN_KC,2024,10,KC,DEN,6,7,-1,1.0,0.0,-1.0,0.0,0.0,0.0,1.0,0.0,1.0,1.0,0.0,57.0,12.0,57.0,12.0,0.0,0.0,0.0,0.0,0.0,2.0
2024_10_ATL_NO,2024,10,NO,ATL,7,7,0,0.0,0.0,0.0,0.0,0.0,0.0,1.0,1.0,0.0,0.0,1.0,,,70.0,0.0,0.0,0.0,0.0,0.0,0.0,0.0
2024_10_SF_TB,2024,10,TB,SF,6,14,-8,1.0,0.0,-1.0,0.0,1.0,-1.0,0.0,0.0,1.0,1.0,0.0,85.0,9.0,85.0,9.0,0.0,0.0,0.0,0.0,0.0,0.0
2024_10_PIT_WAS,2024,10,WAS,PIT,7,13,-6,0.0,0.0,0.0,0.0,1.0,-1.0,0.0,0.0,1.0,1.0,0.0,57.0,9.0,57.0,9.0,0.0,0.0,0.0,0.0,0.0,0.0
2024_10_TEN_LAC,2024,10,LAC,TEN,7,7,0,0.0,0.0,0.0,0.0,0.0,0.0,0.0,1.0,0.0,0.0,1.0,,,70.0,0.0,0.0,0.0,0.0,0.0,0.0,0.0
2024_10_NYJ_ARI,2024,10,ARI,NYJ,7,10,-3,0.0,0.0,0.0,0.0,1.0,-1.0,0.0,1.0,0.0,1.0,0.0,,,70.0,0.0,0.0,0.0,0.0,0.0,0.0,0.0
2024_10_PHI_DAL,2024,10,DAL,PHI,7,7,0,0.0,0.0,0.0,0.0,0.0,0.0,1.0,1.0,0.0,0.0,1.0,,,70.0,0.0,0.0,0.0,0.0,0.0,0.0,0.0
2024_10_DET_HOU,2024,10,HOU,DET,10,7,3,0.0,0.0,0.0,1.0,0.0,1.0,0.0,1.0,0.0,0.0,1.0,,,70.0,0.0,0.0,0.0,0.0,0.0,0.0,0.0
2024_10_MIA_LA,2024,10,LA,MIA,8,8,0,0.0,0.0,0.0,0.0,0.0,0.0,0.0,1.0,0.0,0.0,1.0,,,70.0,0.0,0.0,0.0,0.0,0.0,0.0,0.0
2024_11_WAS_PHI,2024,11,PHI,WAS,4,4,0,1.0,1.0,0.0,0.0,0.0,0.0,1.0,0.0,1.0,1.0,0.0,46.0,9.0,46.0,9.0,0.0,0.0,0.0,0.0,4.0,0.0
2024_11_GB_CHI,2024,11,CHI,GB,7,14,-7,0.0,0.0,0.0,0.0,1.0,-1.0,1.0,0.0,1.0,1.0,0.0,54.0,5.0,54.0,5.0,0.0,0.0,0.0,0.0,0.0,0.0
2024_11_JAX_DET,2024,11,DET,JAX,7,7,0,0.0,0.0,0.0,0.0,0.0,0.0,0.0,1.0,0.0,0.0,1.0,,,70.0,0.0,0.0,0.0,0.0,0.0,0.0,0.0
2024_11_LV_MIA,2024,11,MIA,LV,6,14,-8,1.0,0.0,-1.0,0.0,1.0,-1.0,0.0,0.0,1.0,1.0,0.0,80.0,16.0,80.0,16.0,0.0,0.0,1.0,0.0,0.0,6.0
2024_11_LA_NE,2024,11,NE,LA,7,6,1,0.0,1.0,1.0,0.0,0.0,0.0,0.0,0.0,1.0,0.0,1.0,59.0,9.0,59.0,9.0,0.0,0.0,0.0,0.0,0.0,0.0
2024_11_CLE_NO,2024,11,NO,CLE,7,14,-7,0.0,0.0,0.0,0.0,1.0,-1.0,0.0,1.0,0.0,0.0,1.0,,,70.0,0.0,0.0,0.0,0.0,0.0,0.0,0.0
2024_11_IND_NYJ,2024,11,NYJ,IND,7,7,0,0.0,0.0,0.0,0.0,0.0,0.0,0.0,0.0,1.0,0.0,1.0,62.0,4.0,62.0,4.0,0.0,0.0,0.0,0.0,0.0,0.0
2024_11_BAL_PIT,2024,11,PIT,BAL,7,10,-3,0.0,0.0,0.0,0.0,1.0,-1.0,1.0,0.0,1.0,1.0,0.0,52.0,5.0,52.0,5.0,0.0,0.0,0.0,0.0,0.0,0.0
2024_11_MIN_TEN,2024,11,TEN,MIN,7,7,0,0.0,0.0,0.0,0.0,0.0,0.0,0.0,0.0,1.0,1.0,0.0,66.0,7.0,66.0,7.0,0.0,0.0,0.0,0.0,0.0,0.0
2024_11_ATL_DEN,2024,11,DEN,ATL,7,7,0,0.0,0.0,0.0,0.0,0.0,0.0,0.0,0.0,1.0,1.0,0.0,55.0,9.0,55.0,9.0,0.0,0.0,0.0,0.0,0.0,0.0
2024_11_SEA_SF,2024,11,SF,SEA,7,14,-7,0.0,0.0,0.0,0.0,1.0,-1.0,1.0,0.0,1.0,1.0,0.0,59.0,4.0,59.0,4.0,0.0,0.0,0.0,0.0,0.0,0.0
2024_11_KC_BUF,2024,11,BUF,KC,7,7,0,0.0,0.0,0.0,0.0,0.0,0.0,0.0,0.0,1.0,0.0,1.0,50.0,3.0,50.0,3.0,0.0,0.0,0.0,0.0,0.0,0.0
2024_11_CIN_LAC,2024,11,LAC,CIN,7,10,-3,0.0,0.0,0.0,0.0,1.0,-1.0,0.0,1.0,0.0,0.0,1.0,,,70.0,0.0,0.0,0.0,0.0,0.0,0.0,0.0
2024_11_HOU_DAL,2024,11,DAL,HOU,8,8,0,0.0,0.0,0.0,0.0,0.0,0.0,0.0,1.0,0.0,0.0,1.0,,,70.0,0.0,0.0,0.0,0.0,0.0,0.0,0.0
2024_12_PIT_CLE,2024,12,CLE,PIT,4,4,0,1.0,1.0,0.0,0.0,0.0,0.0,1.0,0.0,1.0,1.0,0.0,36.0,13.0,36.0,13.0,1.0,0.0,0.0,0.0,14.0,3.0
2024_12_KC_CAR,2024,12,CAR,KC,14,7,7,0.0,0.0,0.0,1.0,0.0,1.0,0.0,0.0,1.0,1.0,0.0,61.0,5.0,61.0,5.0,0.0,0.0,0.0,0.0,0.0,0.0
2024_12_MIN_CHI,2024,12,CHI,MIN,7,7,0,0.0,0.0,0.0,0.0,0.0,0.0,1.0,0.0,1.0,1.0,0.0,47.0,5.0,47.0,5.0,0.0,0.0,0.0,0.0,3.0,0.0
2024_12_TEN_HOU,2024,12,HOU,TEN,6,7,-1,1.0,0.0,-1.0,0.0,0.0,0.0,1.0,1.0,0.0,0.0,1.0,,,70.0,0.0,0.0,0.0,0.0,0.0,0.0,0.0
2024_12_DET_IND,2024,12,IND,DET,7,7,0,0.0,0.0,0.0,0.0,0.0,0.0,0.0,1.0,0.0,0.0,1.0,,,70.0,0.0,0.0,0.0,0.0,0.0,0.0,0.0
2024_12_NE_MIA,2024,12,MIA,NE,7,7,0,0.0,0.0,0.0,0.0,0.0,0.0,1.0,0.0,1.0,1.0,0.0,77.0,6.0,77.0,6.0,0.0,0.0,0.0,0.0,0.0,0.0
2024_12_TB_NYG,2024,12,NYG,TB,14,14,0,0.0,0.0,0.0,1.0,1.0,0.0,0.0,0.0,1.0,0.0,1.0,50.0,13.0,50.0,13.0,0.0,0.0,0.0,0.0,0.0,3.0
2024_12_DAL_WAS,2024,12,WAS,DAL,10,6,4,0.0,1.0,1.0,1.0,0.0,1.0,1.0,0.0,1.0,1.0,0.0,55.0,5.0,55.0,5.0,0.0,0.0,0.0,0.0,0.0,0.0
2024_12_DEN_LV,2024,12,LV,DEN,7,7,0,0.0,0.0,0.0,0.0,0.0,0.0,1.0,1.0,0.0,1.0,0.0,,,70.0,0.0,0.0,0.0,0.0,0.0,0.0,0.0
2024_12_SF_GB,2024,12,GB,SF,7,7,0,0.0,0.0,0.0,0.0,0.0,0.0,0.0,0.0,1.0,1.0,0.0,43.0,11.0,43.0,11.0,0.0,0.0,0.0,0.0,7.0,1.0
2024_12_ARI_SEA,2024,12,SEA,ARI,7,14,-7,0.0,0.0,0.0,0.0,1.0,-1.0,1.0,0.0,1.0,0.0,1.0,45.0,5.0,45.0,5.0,0.0,0.0,0.0,0.0,5.0,0.0
2024_12_PHI_LA,2024,12,LA,PHI,7,10,-3,0.0,0.0,0.0,0.0,1.0,-1.0,0.0,1.0,0.0,0.0,1.0,,,70.0,0.0,0.0,0.0,0.0,0.0,0.0,0.0
2024_12_BAL_LAC,2024,12,LAC,BAL,8,8,0,0.0,0.0,0.0,0.0,0.0,0.0,0.0,1.0,0.0,0.0,1.0,,,70.0,0.0,0.0,0.0,0.0,0.0,0.0,0.0
2024_13_CHI_DET,2024,13,DET,CHI,4,4,0,1.0,1.0,0.0,0.0,0.0,0.0,1.0,1.0,0.0,0.0,1.0,,,70.0,0.0,0.0,0.0,0.0,0.0,0.0,0.0
2024_13_NYG_DAL,2024,13,DAL,NYG,4,4,0,1.0,1.0,0.0,0.0,0.0,0.0,1.0,1.0,0.0,0.0,1.0,,,70.0,0.0,0.0,0.0,0.0,0.0,0.0,0.0
2024_13_MIA_GB,2024,13,GB,MIA,4,4,0,1.0,1.0,0.0,0.0,0.0,0.0,0.0,0.0,1.0,1.0,0.0,27.0,10.0,27.0,10.0,1.0,0.0,0.0,0.0,23.0,0.0
2024_13_LV_KC,2024,13,KC,LV,5,5,0,1.0,1.0,0.0,0.0,0.0,0.0,1.0,0.0,1.0,1.0,0.0,37.0,5.0,37.0,5.0,1.0,0.0,0.0,0.0,13.0,0.0
2024_13_LAC_ATL,2024,13,ATL,LAC,14,6,8,0.0,1.0,1.0,1.0,0.0,1.0,0.0,1.0,0.0,0.0,1.0,,,70.0,0.0,0.0,0.0,0.0,0.0,0.0,0.0
2024_13_PIT_CIN,2024,13,CIN,PIT,14,10,4,0.0,0.0,0.0,1.0,1.0,0.0,1.0,0.0,1.0,0.0,1.0,32.0,9.0,32.0,9.0,1.0,0.0,0.0,0.0,18.0,0.0
2024_13_HOU_JAX,2024,13,JAX,HOU,14,7,7,0.0,0.0,0.0,1.0,0.0,1.0,1.0,0.0,1.0,1.0,0.0,,,,,0.0,0.0,0.0,0.0,0.0,0.0
2024_13_ARI_MIN,2024,13,MIN,ARI,7,7,0,0.0,0.0,0.0,0.0,0.0,0.0,0.0,1.0,0.0,0.0,1.0,,,70.0,0.0,0.0,0.0,0.0,0.0,0.0,0.0
2024_13_IND_NE,2024,13,NE,IND,7,7,0,0.0,0.0,0.0,0.0,0.0,0.0,0.0,0.0,1.0,0.0,1.0,36.0,9.0,36.0,9.0,1.0,0.0,0.0,0.0,14.0,0.0
2024_13_SEA_NYJ,2024,13,NYJ,SEA,14,7,7,0.0,0.0,0.0,1.0,0.0,1.0,0.0,0.0,1.0,0.0,1.0,37.0,12.0,37.0,12.0,1.0,0.0,0.0,0.0,13.0,2.0
2024_13_TEN_WAS,2024,13,WAS,TEN,7,7,0,0.0,0.0,0.0,0.0,0.0,0.0,0.0,0.0,1.0,1.0,0.0,42.0,6.0,42.0,6.0,0.0,0.0,0.0,0.0,8.0,0.0
2024_13_TB_CAR,2024,13,CAR,TB,7,7,0,0.0,0.0,0.0,0.0,0.0,0.0,1.0,0.0,1.0,1.0,0.0,51.0,7.0,51.0,7.0,0.0,0.0,0.0,0.0,0.0,0.0
2024_13_LA_NO,2024,13,NO,LA,14,7,7,0.0,0.0,0.0,1.0,0.0,1.0,0.0,1.0,0.0,0.0,1.0,,,70.0,0.0,0.0,0.0,0.0,0.0,0.0,0.0
2024_13_PHI_BAL,2024,13,BAL,PHI,6,7,-1,1.0,0.0,-1.0,0.0,0.0,0.0,0.0,0.0,1.0,1.0,0.0,41.0,7.0,41.0,7.0,0.0,0.0,0.0,0.0,9.0,0.0
2024_13_SF_BUF,2024,13,BUF,SF,14,7,7,0.0,0.0,0.0,1.0,0.0,1.0,0.0,0.0,1.0,0.0,1.0,28.0,11.0,28.0,11.0,1.0,0.0,0.0,0.0,22.0,1.0
2024_13_CLE_DEN,2024,13,DEN,CLE,8,11,-3,0.0,0.0,0.0,0.0,1.0,-1.0,0.0,0.0,1.0,1.0,0.0,48.0,4.0,48.0,4.0,0.0,0.0,0.0,0.0,2.0,0.0
2024_14_GB_DET,2024,14,DET,GB,7,7,0,0.0,0.0,0.0,0.0,0.0,0.0,1.0,1.0,0.0,0.0,1.0,,,70.0,0.0,0.0,0.0,0.0,0.0,0.0,0.0
2024_14_NYJ_MIA,2024,14,MIA,NYJ,10,7,3,0.0,0.0,0.0,1.0,0.0,1.0,1.0,0.0,1.0,1.0,0.0,77.0,12.0,77.0,12.0,0.0,0.0,0.0,0.0,0.0,2.0
2024_14_ATL_MIN,2024,14,MIN,ATL,7,7,0,0.0,0.0,0.0,0.0,0.0,0.0,0.0,1.0,0.0,0.0,1.0,,,70.0,0.0,0.0,0.0,0.0,0.0,0.0,0.0
2024_14_NO_NYG,2024,14,NYG,NO,10,7,3,0.0,0.0,0.0,1.0,0.0,1.0,0.0,0.0,1.0,0.0,1.0,54.0,13.0,54.0,13.0,0.0,0.0,0.0,0.0,0.0,3.0
2024_14_CAR_PHI,2024,14,PHI,CAR,7,7,0,0.0,0.0,0.0,0.0,0.0,0.0,0.0,0.0,1.0,1.0,0.0,55.0,16.0,55.0,16.0,0.0,0.0,1.0,0.0,0.0,6.0
2024_14_CLE_PIT,2024,14,PIT,CLE,7,6,1,0.0,1.0,1.0,0.0,0.0,0.0,1.0,0.0,1.0,1.0,0.0,49.0,12.0,49.0,12.0,0.0,0.0,0.0,0.0,1.0,2.0
2024_14_LV_TB,2024,14,TB,LV,7,9,-2,0.0,0.0,0.0,0.0,0.0,0.0,0.0,0.0,1.0,1.0,0.0,71.0,4.0,71.0,4.0,0.0,0.0,0.0,0.0,0.0,0.0
2024_14_JAX_TEN,2024,14,TEN,JAX,7,7,0,0.0,0.0,0.0,0.0,0.0,0.0,1.0,0.0,1.0,1.0,0.0,53.0,9.0,53.0,9.0,0.0,0.0,0.0,0.0,0.0,0.0
2024_14_SEA_ARI,2024,14,ARI,SEA,7,7,0,0.0,0.0,0.0,0.0,0.0,0.0,1.0,1.0,0.0,1.0,0.0,,,70.0,0.0,0.0,0.0,0.0,0.0,0.0,0.0
2024_14_BUF_LA,2024,14,LA,BUF,7,7,0,0.0,0.0,0.0,0.0,0.0,0.0,0.0,1.0,0.0,0.0,1.0,,,70.0,0.0,0.0,0.0,0.0,0.0,0.0,0.0
2024_14_CHI_SF,2024,14,SF,CHI,7,10,-3,0.0,0.0,0.0,0.0,1.0,-1.0,0.0,0.0,1.0,1.0,0.0,65.0,4.0,65.0,4.0,0.0,0.0,0.0,0.0,0.0,0.0
2024_14_LAC_KC,2024,14,KC,LAC,9,7,2,0.0,0.0,0.0,0.0,0.0,0.0,1.0,0.0,1.0,1.0,0.0,50.0,10.0,50.0,10.0,0.0,0.0,0.0,0.0,0.0,0.0
2024_14_CIN_DAL,2024,14,DAL,CIN,11,8,3,0.0,0.0,0.0,1.0,0.0,1.0,0.0,1.0,0.0,0.0,1.0,,,70.0,0.0,0.0,0.0,0.0,0.0,0.0,0.0
2024_15_LA_SF,2024,15,SF,LA,4,4,0,1.0,1.0,0.0,0.0,0.0,0.0,1.0,0.0,1.0,1.0,0.0,53.0,4.0,53.0,4.0,0.0,0.0,0.0,0.0,0.0,0.0
2024_15_DAL_CAR,2024,15,CAR,DAL,7,6,1,0.0,1.0,1.0,0.0,0.0,0.0,0.0,0.0,1.0,1.0,0.0,45.0,7.0,45.0,7.0,0.0,0.0,0.0,0.0,5.0,0.0
2024_15_KC_CLE,2024,15,CLE,KC,7,7,0,0.0,0.0,0.0,0.0,0.0,0.0,0.0,0.0,1.0,1.0,0.0,40.0,18.0,40.0,18.0,1.0,0.0,1.0,0.0,10.0,8.0
2024_15_MIA_HOU,2024,15,HOU,MIA,14,7,7,0.0,0.0,0.0,1.0,0.0,1.0,0.0,1.0,0.0,0.0,1.0,,,70.0,0.0,0.0,0.0,0.0,0.0,0.0,0.0
2024_15_NYJ_JAX,2024,15,JAX,NYJ,7,7,0,0.0,0.0,0.0,0.0,0.0,0.0,0.0,0.0,1.0,1.0,0.0,,,,,0.0,0.0,0.0,0.0,0.0,0.0
2024_15_WAS_NO,2024,15,NO,WAS,7,14,-7,0.0,0.0,0.0,0.0,1.0,-1.0,0.0,1.0,0.0,0.0,1.0,,,70.0,0.0,0.0,0.0,0.0,0.0,0.0,0.0
2024_15_BAL_NYG,2024,15,NYG,BAL,7,14,-7,0.0,0.0,0.0,0.0,1.0,-1.0,0.0,0.0,1.0,0.0,1.0,36.0,6.0,36.0,6.0,1.0,0.0,0.0,0.0,14.0,0.0
2024_15_CIN_TEN,2024,15,TEN,CIN,7,6,1,0.0,1.0,1.0,0.0,0.0,0.0,0.0,0.0,1.0,1.0,0.0,52.0,12.0,52.0,12.0,0.0,0.0,0.0,0.0,0.0,2.0
2024_15_NE_ARI,2024,15,ARI,NE,7,14,-7,0.0,0.0,0.0,0.0,1.0,-1.0,0.0,1.0,0.0,1.0,0.0,,,70.0,0.0,0.0,0.0,0.0,0.0,0.0,0.0
2024_15_IND_DEN,2024,15,DEN,IND,13,14,-1,0.0,0.0,0.0,1.0,1.0,0.0,0.0,0.0,1.0,1.0,0.0,55.0,15.0,55.0,15.0,0.0,0.0,1.0,0.0,0.0,5.0
2024_15_BUF_DET,2024,15,DET,BUF,10,7,3,0.0,0.0,0.0,1.0,0.0,1.0,0.0,1.0,0.0,0.0,1.0,,,70.0,0.0,0.0,0.0,0.0,0.0,0.0,0.0
2024_15_TB_LAC,2024,15,LAC,TB,7,7,0,0.0,0.0,0.0,0.0,0.0,0.0,0.0,1.0,0.0,0.0,1.0,,,70.0,0.0,0.0,0.0,0.0,0.0,0.0,0.0
2024_15_PIT_PHI,2024,15,PHI,PIT,7,7,0,0.0,0.0,0.0,0.0,0.0,0.0,0.0,0.0,1.0,1.0,0.0,37.0,5.0,37.0,5.0,1.0,0.0,0.0,0.0,13.0,0.0
2024_15_GB_SEA,2024,15,SEA,GB,7,10,-3,0.0,0.0,0.0,0.0,1.0,-1.0,0.0,0.0,1.0,0.0,1.0,43.0,3.0,43.0,3.0,0.0,0.0,0.0,0.0,7.0,0.0
2024_15_CHI_MIN,2024,15,MIN,CHI,8,8,0,0.0,0.0,0.0,0.0,0.0,0.0,1.0,1.0,0.0,0.0,1.0,,,70.0,0.0,0.0,0.0,0.0,0.0,0.0,0.0
2024_15_ATL_LV,2024,15,LV,ATL,8,8,0,0.0,0.0,0.0,0.0,0.0,0.0,0.0,1.0,0.0,1.0,0.0,,,70.0,0.0,0.0,0.0,0.0,0.0,0.0,0.0
2024_16_DEN_LAC,2024,16,LAC,DEN,4,4,0,1.0,1.0,0.0,0.0,0.0,0.0,1.0,1.0,0.0,0.0,1.0,,,70.0,0.0,0.0,0.0,0.0,0.0,0.0,0.0
2024_16_HOU_KC,2024,16,KC,HOU,6,6,0,1.0,1.0,0.0,0.0,0.0,0.0,0.0,0.0,1.0,1.0,0.0,30.0,5.0,30.0,5.0,1.0,0.0,0.0,0.0,20.0,0.0
2024_16_PIT_BAL,2024,16,BAL,PIT,6,6,0,1.0,1.0,0.0,0.0,0.0,0.0,1.0,0.0,1.0,1.0,0.0,35.0,15.0,35.0,15.0,1.0,0.0,1.0,0.0,15.0,5.0
2024_16_NYG_ATL,2024,16,ATL,NYG,6,7,-1,1.0,0.0,-1.0,0.0,0.0,0.0,0.0,1.0,0.0,0.0,1.0,,,70.0,0.0,0.0,0.0,0.0,0.0,0.0,0.0
2024_16_ARI_CAR,2024,16,CAR,ARI,7,7,0,0.0,0.0,0.0,0.0,0.0,0.0,0.0,0.0,1.0,1.0,0.0,37.0,10.0,37.0,10.0,1.0,0.0,0.0,0.0,13.0,0.0
2024_16_DET_CHI,2024,16,CHI,DET,6,7,-1,1.0,0.0,-1.0,0.0,0.0,0.0,1.0,0.0,1.0,1.0,0.0,29.0,7.0,29.0,7.0,1.0,0.0,0.0,0.0,21.0,0.0
2024_16_CLE_CIN,2024,16,CIN,CLE,7,7,0,0.0,0.0,0.0,0.0,0.0,0.0,1.0,0.0,1.0,0.0,1.0,33.0,6.0,33.0,6.0,1.0,0.0,0.0,0.0,17.0,0.0
2024_16_TEN_IND,2024,16,IND,TEN,7,7,0,0.0,0.0,0.0,0.0,0.0,0.0,1.0,1.0,0.0,0.0,1.0,,,70.0,0.0,0.0,0.0,0.0,0.0,0.0,0.0
2024_16_LA_NYJ,2024,16,NYJ,LA,7,10,-3,0.0,0.0,0.0,0.0,1.0,-1.0,0.0,0.0,1.0,0.0,1.0,23.0,8.0,23.0,8.0,1.0,1.0,0.0,0.0,27.0,0.0
2024_16_PHI_WAS,2024,16,WAS,PHI,7,7,0,0.0,0.0,0.0,0.0,0.0,0.0,1.0,0.0,1.0,1.0,0.0,32.0,8.0,32.0,8.0,1.0,0.0,0.0,0.0,18.0,0.0
2024_16_MIN_SEA,2024,16,SEA,MIN,7,6,1,0.0,1.0,1.0,0.0,0.0,0.0,0.0,0.0,1.0,0.0,1.0,48.0,5.0,48.0,5.0,0.0,0.0,0.0,0.0,2.0,0.0
2024_16_NE_BUF,2024,16,BUF,NE,7,7,0,0.0,0.0,0.0,0.0,0.0,0.0,1.0,0.0,1.0,0.0,1.0,14.0,2.0,14.0,2.0,1.0,1.0,0.0,0.0,36.0,0.0
2024_16_JAX_LV,2024,16,LV,JAX,6,7,-1,1.0,0.0,-1.0,0.0,0.0,0.0,0.0,1.0,0.0,1.0,0.0,,,70.0,0.0,0.0,0.0,0.0,0.0,0.0,0.0
2024_16_SF_MIA,2024,16,MIA,SF,7,10,-3,0.0,0.0,0.0,0.0,1.0,-1.0,0.0,0.0,1.0,1.0,0.0,73.0,12.0,73.0,12.0,0.0,0.0,0.0,0.0,0.0,2.0
2024_16_TB_DAL,2024,16,DAL,TB,7,7,0,0.0,0.0,0.0,0.0,0.0,0.0,0.0,1.0,0.0,0.0,1.0,,,70.0,0.0,0.0,0.0,0.0,0.0,0.0,0.0
2024_16_NO_GB,2024,16,GB,NO,8,8,0,0.0,0.0,0.0,0.0,0.0,0.0,0.0,0.0,1.0,1.0,0.0,34.0,12.0,34.0,12.0,1.0,0.0,0.0,0.0,16.0,2.0
2024_17_KC_PIT,2024,17,PIT,KC,4,4,0,1.0,1.0,0.0,0.0,0.0,0.0,0.0,0.0,1.0,1.0,0.0,39.0,2.0,39.0,2.0,1.0,0.0,0.0,0.0,11.0,0.0
2024_17_BAL_HOU,2024,17,HOU,BAL,4,4,0,1.0,1.0,0.0,0.0,0.0,0.0,0.0,1.0,0.0,0.0,1.0,,,70.0,0.0,0.0,0.0,0.0,0.0,0.0,0.0
2024_17_SEA_CHI,2024,17,CHI,SEA,4,4,0,1.0,1.0,0.0,0.0,0.0,0.0,0.0,0.0,1.0,1.0,0.0,47.0,5.0,47.0,5.0,0.0,0.0,0.0,0.0,3.0,0.0
2024_17_LAC_NE,2024,17,NE,LAC,6,9,-3,1.0,0.0,-1.0,0.0,0.0,0.0,0.0,0.0,1.0,0.0,1.0,40.0,4.0,40.0,4.0,1.0,0.0,0.0,0.0,10.0,0.0
2024_17_DEN_CIN,2024,17,CIN,DEN,6,9,-3,1.0,0.0,-1.0,0.0,0.0,0.0,0.0,0.0,1.0,0.0,1.0,60.0,8.0,60.0,8.0,0.0,0.0,0.0,0.0,0.0,0.0
2024_17_ARI_LA,2024,17,LA,ARI,6,6,0,1.0,1.0,0.0,0.0,0.0,0.0,1.0,1.0,0.0,0.0,1.0,,,70.0,0.0,0.0,0.0,0.0,0.0,0.0,0.0
2024_17_NYJ_BUF,2024,17,BUF,NYJ,7,7,0,0.0,0.0,0.0,0.0,0.0,0.0,1.0,0.0,1.0,0.0,1.0,54.0,15.0,54.0,15.0,0.0,0.0,1.0,0.0,0.0,5.0
2024_17_TEN_JAX,2024,17,JAX,TEN,7,7,0,0.0,0.0,0.0,0.0,0.0,0.0,1.0,0.0,1.0,1.0,0.0,72.0,16.0,72.0,16.0,0.0,0.0,1.0,0.0,0.0,6.0
2024_17_LV_NO,2024,17,NO,LV,6,7,-1,1.0,0.0,-1.0,0.0,0.0,0.0,0.0,1.0,0.0,0.0,1.0,,,70.0,0.0,0.0,0.0,0.0,0.0,0.0,0.0
2024_17_IND_NYG,2024,17,NYG,IND,7,7,0,0.0,0.0,0.0,0.0,0.0,0.0,0.0,0.0,1.0,0.0,1.0,54.0,0.0,54.0,0.0,0.0,0.0,0.0,0.0,0.0,0.0
2024_17_DAL_PHI,2024,17,PHI,DAL,7,7,0,0.0,0.0,0.0,0.0,0.0,0.0,1.0,0.0,1.0,1.0,0.0,62.0,10.0,62.0,10.0,0.0,0.0,0.0,0.0,0.0,0.0
2024_17_CAR_TB,2024,17,TB,CAR,7,7,0,0.0,0.0,0.0,0.0,0.0,0.0,1.0,0.0,1.0,1.0,0.0,76.0,8.0,76.0,8.0,0.0,0.0,0.0,0.0,0.0,0.0
2024_17_MIA_CLE,2024,17,CLE,MIA,7,7,0,0.0,0.0,0.0,0.0,0.0,0.0,0.0,0.0,1.0,1.0,0.0,54.0,15.0,54.0,15.0,0.0,0.0,1.0,0.0,0.0,5.0
2024_17_GB_MIN,2024,17,MIN,GB,7,6,1,0.0,1.0,1.0,0.0,0.0,0.0,1.0,1.0,0.0,0.0,1.0,,,70.0,0.0,0.0,0.0,0.0,0.0,0.0,0.0
2024_17_ATL_WAS,2024,17,WAS,ATL,7,7,0,0.0,0.0,0.0,0.0,0.0,0.0,0.0,0.0,1.0,1.0,0.0,58.0,10.0,58.0,10.0,0.0,0.0,0.0,0.0,0.0,0.0
2024_17_DET_SF,2024,17,SF,DET,8,8,0,0.0,0.0,0.0,0.0,0.0,0.0,0.0,0.0,1.0,1.0,0.0,,,,,0.0,0.0,0.0,0.0,0.0,0.0
2024_18_CLE_BAL,2024,18,BAL,CLE,10,6,4,0.0,1.0,1.0,1.0,0.0,1.0,1.0,0.0,1.0,1.0,0.0,31.0,16.0,31.0,16.0,1.0,0.0,1.0,0.0,19.0,6.0
2024_18_CIN_PIT,2024,18,PIT,CIN,10,7,3,0.0,0.0,0.0,1.0,0.0,1.0,1.0,0.0,1.0,1.0,0.0,19.0,10.0,19.0,10.0,1.0,1.0,0.0,0.0,31.0,0.0
2024_18_CAR_ATL,2024,18,ATL,CAR,7,7,0,0.0,0.0,0.0,0.0,0.0,0.0,1.0,1.0,0.0,0.0,1.0,,,70.0,0.0,0.0,0.0,0.0,0.0,0.0,0.0
2024_18_WAS_DAL,2024,18,DAL,WAS,7,7,0,0.0,0.0,0.0,0.0,0.0,0.0,1.0,1.0,0.0,0.0,1.0,,,70.0,0.0,0.0,0.0,0.0,0.0,0.0,0.0
2024_18_CHI_GB,2024,18,GB,CHI,7,10,-3,0.0,0.0,0.0,0.0,1.0,-1.0,1.0,0.0,1.0,1.0,0.0,16.0,13.0,16.0,13.0,1.0,1.0,0.0,0.0,34.0,3.0
2024_18_JAX_IND,2024,18,IND,JAX,7,7,0,0.0,0.0,0.0,0.0,0.0,0.0,1.0,1.0,0.0,0.0,1.0,,,70.0,0.0,0.0,0.0,0.0,0.0,0.0,0.0
2024_18_BUF_NE,2024,18,NE,BUF,8,7,1,0.0,0.0,0.0,0.0,0.0,0.0,1.0,0.0,1.0,0.0,1.0,33.0,14.0,33.0,14.0,1.0,0.0,0.0,0.0,17.0,4.0
2024_18_NYG_PHI,2024,18,PHI,NYG,7,7,0,0.0,0.0,0.0,0.0,0.0,0.0,1.0,0.0,1.0,1.0,0.0,31.0,19.0,31.0,19.0,1.0,0.0,1.0,0.0,19.0,9.0
2024_18_NO_TB,2024,18,TB,NO,7,7,0,0.0,0.0,0.0,0.0,0.0,0.0,1.0,0.0,1.0,1.0,0.0,68.0,6.0,68.0,6.0,0.0,0.0,0.0,0.0,0.0,0.0
2024_18_HOU_TEN,2024,18,TEN,HOU,7,11,-4,0.0,0.0,0.0,0.0,1.0,-1.0,1.0,0.0,1.0,1.0,0.0,35.0,10.0,35.0,10.0,1.0,0.0,0.0,0.0,15.0,0.0
2024_18_SF_ARI,2024,18,ARI,SF,8,6,2,0.0,1.0,1.0,0.0,0.0,0.0,1.0,1.0,0.0,1.0,0.0,,,70.0,0.0,0.0,0.0,0.0,0.0,0.0,0.0
2024_18_KC_DEN,2024,18,DEN,KC,8,11,-3,0.0,0.0,0.0,0.0,1.0,-1.0,1.0,0.0,1.0,1.0,0.0,28.0,5.0,28.0,5.0,1.0,0.0,0.0,0.0,22.0,0.0
2024_18_SEA_LA,2024,18,LA,SEA,8,10,-2,0.0,0.0,0.0,0.0,1.0,-1.0,1.0,1.0,0.0,0.0,1.0,,,70.0,0.0,0.0,0.0,0.0,0.0,0.0,0.0
2024_18_LAC_LV,2024,18,LV,LAC,7,8,-1,0.0,0.0,0.0,0.0,0.0,0.0,1.0,1.0,0.0,1.0,0.0,,,70.0,0.0,0.0,0.0,0.0,0.0,0.0,0.0
2024_18_MIA_NYJ,2024,18,NYJ,MIA,7,7,0,0.0,0.0,0.0,0.0,0.0,0.0,1.0,0.0,1.0,0.0,1.0,34.0,10.0,34.0,10.0,1.0,0.0,0.0,0.0,16.0,0.0
2024_18_MIN_DET,2024,18,DET,MIN,6,7,-1,1.0,0.0,-1.0,0.0,0.0,0.0,1.0,1.0,0.0,0.0,1.0,,,70.0,0.0,0.0,0.0,0.0,0.0,0.0,0.0
2024_19_LAC_HOU,2024,19,HOU,LAC,6,6,0,1.0,1.0,0.0,0.0,0.0,0.0,0.0,1.0,0.0,0.0,1.0,,,70.0,0.0,0.0,0.0,0.0,0.0,0.0,0.0
2024_19_PIT_BAL,2024,19,BAL,PIT,7,7,0,0.0,0.0,0.0,0.0,0.0,0.0,1.0,0.0,1.0,1.0,0.0,32.0,12.0,32.0,12.0,1.0,0.0,0.0,0.0,18.0,2.0
2024_19_DEN_BUF,2024,19,BUF,DEN,7,7,0,0.0,0.0,0.0,0.0,0.0,0.0,0.0,0.0,1.0,0.0,1.0,32.0,10.0,32.0,10.0,1.0,0.0,0.0,0.0,18.0,0.0
2024_19_GB_PHI,2024,19,PHI,GB,7,7,0,0.0,0.0,0.0,0.0,0.0,0.0,0.0,0.0,1.0,1.0,0.0,40.0,6.0,40.0,6.0,1.0,0.0,0.0,0.0,10.0,0.0
2024_19_WAS_TB,2024,19,TB,WAS,7,7,0,0.0,0.0,0.0,0.0,0.0,0.0,0.0,0.0,1.0,1.0,0.0,58.0,2.0,58.0,2.0,0.0,0.0,0.0,0.0,0.0,0.0
2024_19_MIN_LA,2024,19,LA,MIN,8,8,0,0.0,0.0,0.0,0.0,0.0,0.0,0.0,1.0,0.0,1.0,0.0,,,70.0,0.0,0.0,0.0,0.0,0.0,0.0,0.0
2024_20_HOU_KC,2024,20,KC,HOU,13,7,6,0.0,0.0,0.0,1.0,0.0,1.0,0.0,0.0,1.0,1.0,0.0,23.0,17.0,23.0,17.0,1.0,1.0,1.0,0.0,27.0,7.0
2024_20_WAS_DET,2024,20,DET,WAS,13,6,7,0.0,1.0,1.0,1.0,0.0,1.0,0.0,1.0,0.0,0.0,1.0,,,70.0,0.0,0.0,0.0,0.0,0.0,0.0,0.0
2024_20_LA_PHI,2024,20,PHI,LA,7,6,1,0.0,1.0,1.0,0.0,0.0,0.0,0.0,0.0,1.0,1.0,0.0,34.0,8.0,34.0,8.0,1.0,0.0,0.0,0.0,16.0,0.0
2024_20_BAL_BUF,2024,20,BUF,BAL,7,8,-1,0.0,0.0,0.0,0.0,0.0,0.0,0.0,0.0,1.0,0.0,1.0,19.0,4.0,19.0,4.0,1.0,1.0,0.0,0.0,31.0,0.0
2024_21_WAS_PHI,2024,21,PHI,WAS,7,8,-1,0.0,0.0,0.0,0.0,0.0,0.0,1.0,0.0,1.0,1.0,0.0,40.0,11.0,40.0,11.0,1.0,0.0,0.0,0.0,10.0,1.0
2024_21_BUF_KC,2024,21,KC,BUF,8,7,1,0.0,0.0,0.0,0.0,0.0,0.0,0.0,0.0,1.0,1.0,0.0,31.0,8.0,31.0,8.0,1.0,0.0,0.0,0.0,19.0,0.0
2024_22_KC_PHI,2024,22,PHI,KC,14,14,0,0.0,0.0,0.0,1.0,1.0,0.0,0.0,1.0,0.0,0.0,1.0,,,70.0,0.0,0.0,0.0,0.0,0.0,0.0,0.0
2025_01_DAL_PHI,2025,1,PHI,DAL,7,7,0,0.0,0.0,0.0,0.0,0.0,0.0,1.0,0.0,1.0,1.0,0.0,75.0,11.0,75.0,11.0,0.0,0.0,0.0,0.0,0.0,1.0
2025_01_KC_LAC,2025,1,LAC,KC,7,7,0,0.0,0.0,0.0,0.0,0.0,0.0,1.0,1.0,0.0,0.0,0.0,,,70.0,0.0,0.0,0.0,0.0,0.0,0.0,0.0
2025_01_TB_ATL,2025,1,ATL,TB,7,7,0,0.0,0.0,0.0,0.0,0.0,0.0,1.0,1.0,0.0,0.0,1.0,,,70.0,0.0,0.0,0.0,0.0,0.0,0.0,0.0
2025_01_CIN_CLE,2025,1,CLE,CIN,7,7,0,0.0,0.0,0.0,0.0,0.0,0.0,1.0,0.0,1.0,1.0,0.0,63.0,10.0,63.0,10.0,0.0,0.0,0.0,0.0,0.0,0.0
2025_01_MIA_IND,2025,1,IND,MIA,7,7,0,0.0,0.0,0.0,0.0,0.0,0.0,0.0,1.0,0.0,0.0,1.0,,,70.0,0.0,0.0,0.0,0.0,0.0,0.0,0.0
2025_01_CAR_JAX,2025,1,JAX,CAR,7,7,0,0.0,0.0,0.0,0.0,0.0,0.0,0.0,0.0,1.0,1.0,0.0,85.0,3.0,85.0,3.0,0.0,0.0,0.0,0.0,0.0,0.0
2025_01_LV_NE,2025,1,NE,LV,7,7,0,0.0,0.0,0.0,0.0,0.0,0.0,0.0,0.0,1.0,0.0,1.0,62.0,4.0,62.0,4.0,0.0,0.0,0.0,0.0,0.0,0.0
2025_01_ARI_NO,2025,1,NO,ARI,7,7,0,0.0,0.0,0.0,0.0,0.0,0.0,0.0,1.0,0.0,0.0,1.0,,,70.0,0.0,0.0,0.0,0.0,0.0,0.0,0.0
2025_01_PIT_NYJ,2025,1,NYJ,PIT,7,7,0,0.0,0.0,0.0,0.0,0.0,0.0,0.0,0.0,1.0,0.0,1.0,67.0,3.0,67.0,3.0,0.0,0.0,0.0,0.0,0.0,0.0
2025_01_NYG_WAS,2025,1,WAS,NYG,7,7,0,0.0,0.0,0.0,0.0,0.0,0.0,1.0,0.0,1.0,1.0,0.0,68.0,5.0,68.0,5.0,0.0,0.0,0.0,0.0,0.0,0.0
2025_01_TEN_DEN,2025,1,DEN,TEN,7,7,0,0.0,0.0,0.0,0.0,0.0,0.0,0.0,0.0,1.0,1.0,0.0,84.0,6.0,84.0,6.0,0.0,0.0,0.0,0.0,0.0,0.0
2025_01_SF_SEA,2025,1,SEA,SF,7,7,0,0.0,0.0,0.0,0.0,0.0,0.0,1.0,0.0,1.0,0.0,1.0,67.0,6.0,67.0,6.0,0.0,0.0,0.0,0.0,0.0,0.0
2025_01_DET_GB,2025,1,GB,DET,7,7,0,0.0,0.0,0.0,0.0,0.0,0.0,1.0,0.0,1.0,1.0,0.0,60.0,5.0,60.0,5.0,0.0,0.0,0.0,0.0,0.0,0.0
2025_01_HOU_LA,2025,1,LA,HOU,7,7,0,0.0,0.0,0.0,0.0,0.0,0.0,0.0,1.0,0.0,0.0,1.0,,,70.0,0.0,0.0,0.0,0.0,0.0,0.0,0.0
2025_01_BAL_BUF,2025,1,BUF,BAL,7,7,0,0.0,0.0,0.0,0.0,0.0,0.0,0.0,0.0,1.0,0.0,1.0,58.0,8.0,58.0,8.0,0.0,0.0,0.0,0.0,0.0,0.0
2025_01_MIN_CHI,2025,1,CHI,MIN,7,7,0,0.0,0.0,0.0,0.0,0.0,0.0,1.0,0.0,1.0,1.0,0.0,68.0,6.0,68.0,6.0,0.0,0.0,0.0,0.0,0.0,0.0
2025_02_WAS_GB,2025,2,GB,WAS,4,4,0,1.0,1.0,0.0,0.0,0.0,0.0,0.0,0.0,1.0,1.0,0.0,65.0,7.0,65.0,7.0,0.0,0.0,0.0,0.0,0.0,0.0
2025_02_CLE_BAL,2025,2,BAL,CLE,7,7,0,0.0,0.0,0.0,0.0,0.0,0.0,1.0,0.0,1.0,1.0,0.0,82.0,3.0,82.0,3.0,0.0,0.0,0.0,0.0,0.0,0.0
2025_02_JAX_CIN,2025,2,CIN,JAX,7,7,0,0.0,0.0,0.0,0.0,0.0,0.0,0.0,0.0,1.0,0.0,1.0,85.0,3.0,85.0,3.0,0.0,0.0,0.0,0.0,0.0,0.0
2025_02_NYG_DAL,2025,2,DAL,NYG,10,7,3,0.0,0.0,0.0,1.0,0.0,1.0,1.0,1.0,0.0,0.0,1.0,,,70.0,0.0,0.0,0.0,0.0,0.0,0.0,0.0
2025_02_CHI_DET,2025,2,DET,CHI,7,6,1,0.0,1.0,1.0,0.0,0.0,0.0,1.0,1.0,0.0,0.0,1.0,,,70.0,0.0,0.0,0.0,0.0,0.0,0.0,0.0
2025_02_NE_MIA,2025,2,MIA,NE,7,7,0,0.0,0.0,0.0,0.0,0.0,0.0,1.0,0.0,1.0,1.0,0.0,89.0,4.0,89.0,4.0,0.0,0.0,0.0,0.0,0.0,0.0
2025_02_SF_NO,2025,2,NO,SF,7,7,0,0.0,0.0,0.0,0.0,0.0,0.0,0.0,1.0,0.0,0.0,1.0,,,70.0,0.0,0.0,0.0,0.0,0.0,0.0,0.0
2025_02_BUF_NYJ,2025,2,NYJ,BUF,7,7,0,0.0,0.0,0.0,0.0,0.0,0.0,1.0,0.0,1.0,0.0,1.0,80.0,3.0,80.0,3.0,0.0,0.0,0.0,0.0,0.0,0.0
2025_02_SEA_PIT,2025,2,PIT,SEA,7,7,0,0.0,0.0,0.0,0.0,0.0,0.0,0.0,0.0,1.0,1.0,0.0,79.0,5.0,79.0,5.0,0.0,0.0,0.0,0.0,0.0,0.0
2025_02_LA_TEN,2025,2,TEN,LA,7,7,0,0.0,0.0,0.0,0.0,0.0,0.0,0.0,0.0,1.0,1.0,0.0,83.0,3.0,83.0,3.0,0.0,0.0,0.0,0.0,0.0,0.0
2025_02_CAR_ARI,2025,2,ARI,CAR,7,7,0,0.0,0.0,0.0,0.0,0.0,0.0,0.0,1.0,0.0,1.0,0.0,,,70.0,0.0,0.0,0.0,0.0,0.0,0.0,0.0
2025_02_DEN_IND,2025,2,IND,DEN,7,7,0,0.0,0.0,0.0,0.0,0.0,0.0,0.0,1.0,0.0,0.0,1.0,,,70.0,0.0,0.0,0.0,0.0,0.0,0.0,0.0
2025_02_PHI_KC,2025,2,KC,PHI,9,10,-1,0.0,0.0,0.0,0.0,1.0,-1.0,0.0,0.0,1.0,1.0,0.0,88.0,12.0,88.0,12.0,0.0,0.0,0.0,0.0,0.0,2.0
2025_02_ATL_MIN,2025,2,MIN,ATL,6,7,-1,1.0,0.0,-1.0,0.0,0.0,0.0,0.0,1.0,0.0,0.0,1.0,,,70.0,0.0,0.0,0.0,0.0,0.0,0.0,0.0
2025_02_TB_HOU,2025,2,HOU,TB,8,8,0,0.0,0.0,0.0,0.0,0.0,0.0,0.0,1.0,0.0,0.0,1.0,,,70.0,0.0,0.0,0.0,0.0,0.0,0.0,0.0
2025_02_LAC_LV,2025,2,LV,LAC,8,10,-2,0.0,0.0,0.0,0.0,1.0,-1.0,1.0,1.0,0.0,1.0,0.0,,,70.0,0.0,0.0,0.0,0.0,0.0,0.0,0.0
2025_03_MIA_BUF,2025,3,BUF,MIA,4,4,0,1.0,1.0,0.0,0.0,0.0,0.0,1.0,0.0,1.0,0.0,1.0,68.0,7.0,68.0,7.0,0.0,0.0,0.0,0.0,0.0,0.0
2025_03_ATL_CAR,2025,3,CAR,ATL,7,7,0,0.0,0.0,0.0,0.0,0.0,0.0,1.0,0.0,1.0,1.0,0.0,83.0,5.0,83.0,5.0,0.0,0.0,0.0,0.0,0.0,0.0
2025_03_GB_CLE,2025,3,CLE,GB,7,10,-3,0.0,0.0,0.0,0.0,1.0,-1.0,0.0,0.0,1.0,1.0,0.0,79.0,10.0,79.0,10.0,0.0,0.0,0.0,0.0,0.0,0.0
2025_03_HOU_JAX,2025,3,JAX,HOU,7,6,1,0.0,1.0,1.0,0.0,0.0,0.0,1.0,0.0,1.0,1.0,0.0,85.0,11.0,85.0,11.0,0.0,0.0,0.0,0.0,0.0,1.0
2025_03_CIN_MIN,2025,3,MIN,CIN,7,7,0,0.0,0.0,0.0,0.0,0.0,0.0,0.0,1.0,0.0,0.0,1.0,,,70.0,0.0,0.0,0.0,0.0,0.0,0.0,0.0
2025_03_PIT_NE,2025,3,NE,PIT,7,7,0,0.0,0.0,0.0,0.0,0.0,0.0,0.0,0.0,1.0,0.0,1.0,66.0,5.0,66.0,5.0,0.0,0.0,0.0,0.0,0.0,0.0
2025_03_LA_PHI,2025,3,PHI,LA,7,7,0,0.0,0.0,0.0,0.0,0.0,0.0,0.0,0.0,1.0,1.0,0.0,73.0,9.0,73.0,9.0,0.0,0.0,0.0,0.0,0.0,0.0
2025_03_NYJ_TB,2025,3,TB,NYJ,6,7,-1,1.0,0.0,-1.0,0.0,0.0,0.0,0.0,0.0,1.0,1.0,0.0,88.0,5.0,88.0,5.0,0.0,0.0,0.0,0.0,0.0,0.0
2025_03_IND_TEN,2025,3,TEN,IND,7,7,0,0.0,0.0,0.0,0.0,0.0,0.0,1.0,0.0,1.0,1.0,0.0,84.0,8.0,84.0,8.0,0.0,0.0,0.0,0.0,0.0,0.0
2025_03_LV_WAS,2025,3,WAS,LV,10,6,4,0.0,1.0,1.0,1.0,0.0,1.0,0.0,0.0,1.0,1.0,0.0,72.0,6.0,72.0,6.0,0.0,0.0,0.0,0.0,0.0,0.0
2025_03_DEN_LAC,2025,3,LAC,DEN,6,7,-1,1.0,0.0,-1.0,0.0,0.0,0.0,1.0,1.0,0.0,0.0,1.0,,,70.0,0.0,0.0,0.0,0.0,0.0,0.0,0.0
2025_03_NO_SEA,2025,3,SEA,NO,7,7,0,0.0,0.0,0.0,0.0,0.0,0.0,0.0,0.0,1.0,0.0,1.0,63.0,3.0,63.0,3.0,0.0,0.0,0.0,0.0,0.0,0.0
2025_03_DAL_CHI,2025,3,CHI,DAL,7,7,0,0.0,0.0,0.0,0.0,0.0,0.0,0.0,0.0,1.0,1.0,0.0,82.0,4.0,82.0,4.0,0.0,0.0,0.0,0.0,0.0,0.0
2025_03_ARI_SF,2025,3,SF,ARI,7,7,0,0.0,0.0,0.0,0.0,0.0,0.0,1.0,0.0,1.0,1.0,0.0,72.0,7.0,72.0,7.0,0.0,0.0,0.0,0.0,0.0,0.0
2025_03_KC_NYG,2025,3,NYG,KC,7,7,0,0.0,0.0,0.0,0.0,0.0,0.0,0.0,0.0,1.0,0.0,1.0,65.0,5.0,65.0,5.0,0.0,0.0,0.0,0.0,0.0,0.0
2025_03_DET_BAL,2025,3,BAL,DET,8,8,0,0.0,0.0,0.0,0.0,0.0,0.0,0.0,0.0,1.0,1.0,0.0,74.0,7.0,74.0,7.0,0.0,0.0,0.0,0.0,0.0,0.0
2025_04_SEA_ARI,2025,4,ARI,SEA,4,4,0,1.0,1.0,0.0,0.0,0.0,0.0,1.0,1.0,0.0,1.0,0.0,,,70.0,0.0,0.0,0.0,0.0,0.0,0.0,0.0
2025_04_MIN_PIT,2025,4,PIT,MIN,7,7,0,0.0,0.0,0.0,0.0,0.0,0.0,0.0,0.0,1.0,1.0,0.0,61.0,5.0,61.0,5.0,0.0,0.0,0.0,0.0,0.0,0.0
2025_04_WAS_ATL,2025,4,ATL,WAS,7,7,0,0.0,0.0,0.0,0.0,0.0,0.0,0.0,1.0,0.0,0.0,1.0,,,70.0,0.0,0.0,0.0,0.0,0.0,0.0,0.0
2025_04_NO_BUF,2025,4,BUF,NO,10,7,3,0.0,0.0,0.0,1.0,0.0,1.0,0.0,0.0,1.0,0.0,1.0,73.0,7.0,73.0,7.0,0.0,0.0,0.0,0.0,0.0,0.0
2025_04_CLE_DET,2025,4,DET,CLE,6,7,-1,1.0,0.0,-1.0,0.0,0.0,0.0,0.0,1.0,0.0,0.0,1.0,,,70.0,0.0,0.0,0.0,0.0,0.0,0.0,0.0
2025_04_TEN_HOU,2025,4,HOU,TEN,7,7,0,0.0,0.0,0.0,0.0,0.0,0.0,1.0,1.0,0.0,0.0,1.0,,,70.0,0.0,0.0,0.0,0.0,0.0,0.0,0.0
2025_04_CAR_NE,2025,4,NE,CAR,7,7,0,0.0,0.0,0.0,0.0,0.0,0.0,0.0,0.0,1.0,0.0,1.0,76.0,7.0,76.0,7.0,0.0,0.0,0.0,0.0,0.0,0.0
2025_04_LAC_NYG,2025,4,NYG,LAC,7,7,0,0.0,0.0,0.0,0.0,0.0,0.0,0.0,0.0,1.0,0.0,1.0,81.0,4.0,81.0,4.0,0.0,0.0,0.0,0.0,0.0,0.0
2025_04_PHI_TB,2025,4,TB,PHI,7,7,0,0.0,0.0,0.0,0.0,0.0,0.0,0.0,0.0,1.0,1.0,0.0,88.0,6.0,88.0,6.0,0.0,0.0,0.0,0.0,0.0,0.0
2025_04_IND_LA,2025,4,LA,IND,7,7,0,0.0,0.0,0.0,0.0,0.0,0.0,0.0,1.0,0.0,0.0,1.0,,,70.0,0.0,0.0,0.0,0.0,0.0,0.0,0.0
2025_04_JAX_SF,2025,4,SF,JAX,7,7,0,0.0,0.0,0.0,0.0,0.0,0.0,0.0,0.0,1.0,1.0,0.0,72.0,7.0,72.0,7.0,0.0,0.0,0.0,0.0,0.0,0.0
2025_04_BAL_KC,2025,4,KC,BAL,7,6,1,0.0,1.0,1.0,0.0,0.0,0.0,0.0,0.0,1.0,1.0,0.0,89.0,10.0,89.0,10.0,0.0,0.0,0.0,0.0,0.0,0.0
2025_04_CHI_LV,2025,4,LV,CHI,7,7,0,0.0,0.0,0.0,0.0,0.0,0.0,0.0,1.0,0.0,1.0,0.0,,,70.0,0.0,0.0,0.0,0.0,0.0,0.0,0.0
2025_04_GB_DAL,2025,4,DAL,GB,7,7,0,0.0,0.0,0.0,0.0,0.0,0.0,0.0,1.0,0.0,0.0,1.0,,,70.0,0.0,0.0,0.0,0.0,0.0,0.0,0.0
2025_04_NYJ_MIA,2025,4,MIA,NYJ,11,8,3,0.0,0.0,0.0,1.0,0.0,1.0,1.0,0.0,1.0,1.0,0.0,88.0,17.0,88.0,17.0,0.0,0.0,1.0,0.0,0.0,7.0
2025_04_CIN_DEN,2025,4,DEN,CIN,8,8,0,0.0,0.0,0.0,0.0,0.0,0.0,0.0,0.0,1.0,1.0,0.0,66.0,12.0,66.0,12.0,0.0,0.0,0.0,0.0,0.0,2.0
2025_05_SF_LA,2025,5,LA,SF,4,4,0,1.0,1.0,0.0,0.0,0.0,0.0,1.0,1.0,0.0,0.0,1.0,,,70.0,0.0,0.0,0.0,0.0,0.0,0.0,0.0
2025_05_MIN_CLE,2025,5,CLE,MIN,7,7,0,0.0,0.0,0.0,0.0,0.0,0.0,0.0,0.0,1.0,1.0,0.0,61.0,14.0,61.0,14.0,0.0,0.0,0.0,0.0,0.0,4.0
2025_05_HOU_BAL,2025,5,BAL,HOU,7,7,0,0.0,0.0,0.0,0.0,0.0,0.0,0.0,0.0,1.0,1.0,0.0,78.0,2.0,78.0,2.0,0.0,0.0,0.0,0.0,0.0,0.0
2025_05_MIA_CAR,2025,5,CAR,MIA,7,6,1,0.0,1.0,1.0,0.0,0.0,0.0,0.0,0.0,1.0,1.0,0.0,77.0,8.0,77.0,8.0,0.0,0.0,0.0,0.0,0.0,0.0
2025_05_LV_IND,2025,5,IND,LV,7,7,0,0.0,0.0,0.0,0.0,0.0,0.0,0.0,1.0,0.0,0.0,1.0,,,70.0,0.0,0.0,0.0,0.0,0.0,0.0,0.0
2025_05_NYG_NO,2025,5,NO,NYG,7,7,0,0.0,0.0,0.0,0.0,0.0,0.0,0.0,1.0,0.0,0.0,1.0,,,70.0,0.0,0.0,0.0,0.0,0.0,0.0,0.0
2025_05_DAL_NYJ,2025,5,NYJ,DAL,6,7,-1,1.0,0.0,-1.0,0.0,0.0,0.0,0.0,0.0,1.0,0.0,1.0,82.0,3.0,82.0,3.0,0.0,0.0,0.0,0.0,0.0,0.0
2025_05_DEN_PHI,2025,5,PHI,DEN,7,6,1,0.0,1.0,1.0,0.0,0.0,0.0,0.0,0.0,1.0,1.0,0.0,80.0,6.0,80.0,6.0,0.0,0.0,0.0,0.0,0.0,0.0
2025_05_TEN_ARI,2025,5,ARI,TEN,10,7,3,0.0,0.0,0.0,1.0,0.0,1.0,0.0,1.0,0.0,1.0,0.0,,,70.0,0.0,0.0,0.0,0.0,0.0,0.0,0.0
2025_05_TB_SEA,2025,5,SEA,TB,10,7,3,0.0,0.0,0.0,1.0,0.0,1.0,0.0,0.0,1.0,0.0,1.0,61.0,8.0,61.0,8.0,0.0,0.0,0.0,0.0,0.0,0.0
2025_05_DET_CIN,2025,5,CIN,DET,6,7,-1,1.0,0.0,-1.0,0.0,0.0,0.0,0.0,0.0,1.0,0.0,1.0,84.0,7.0,84.0,7.0,0.0,0.0,0.0,0.0,0.0,0.0
2025_05_WAS_LAC,2025,5,LAC,WAS,7,7,0,0.0,0.0,0.0,0.0,0.0,0.0,0.0,1.0,0.0,0.0,1.0,,,70.0,0.0,0.0,0.0,0.0,0.0,0.0,0.0
2025_05_NE_BUF,2025,5,BUF,NE,7,7,0,0.0,0.0,0.0,0.0,0.0,0.0,1.0,0.0,1.0,0.0,1.0,66.0,3.0,66.0,3.0,0.0,0.0,0.0,0.0,0.0,0.0
2025_05_KC_JAX,2025,5,JAX,KC,8,8,0,0.0,0.0,0.0,0.0,0.0,0.0,0.0,0.0,1.0,1.0,0.0,80.0,12.0,80.0,12.0,0.0,0.0,0.0,0.0,0.0,2.0
2025_06_PHI_NYG,2025,6,NYG,PHI,4,4,0,1.0,1.0,0.0,0.0,0.0,0.0,1.0,0.0,1.0,0.0,1.0,53.0,3.0,53.0,3.0,0.0,0.0,0.0,0.0,0.0,0.0
2025_06_DEN_NYJ,2025,6,NYJ,DEN,7,7,0,0.0,0.0,0.0,0.0,0.0,0.0,0.0,0.0,1.0,1.0,0.0,59.0,6.0,59.0,6.0,0.0,0.0,0.0,0.0,0.0,0.0
2025_06_LA_BAL,2025,6,BAL,LA,7,10,-3,0.0,0.0,0.0,0.0,1.0,-1.0,0.0,0.0,1.0,1.0,0.0,64.0,15.0,64.0,15.0,0.0,0.0,1.0,0.0,0.0,5.0
2025_06_DAL_CAR,2025,6,CAR,DAL,7,7,0,0.0,0.0,0.0,0.0,0.0,0.0,0.0,0.0,1.0,1.0,0.0,68.0,15.0,68.0,15.0,0.0,0.0,1.0,0.0,0.0,5.0
2025_06_ARI_IND,2025,6,IND,ARI,7,7,0,0.0,0.0,0.0,0.0,0.0,0.0,0.0,1.0,0.0,0.0,1.0,,,70.0,0.0,0.0,0.0,0.0,0.0,0.0,0.0
2025_06_SEA_JAX,2025,6,JAX,SEA,6,7,-1,1.0,0.0,-1.0,0.0,0.0,0.0,0.0,0.0,1.0,1.0,0.0,76.0,8.0,76.0,8.0,0.0,0.0,0.0,0.0,0.0,0.0
2025_06_LAC_MIA,2025,6,MIA,LAC,7,7,0,0.0,0.0,0.0,0.0,0.0,0.0,0.0,0.0,1.0,1.0,0.0,85.0,4.0,85.0,4.0,0.0,0.0,0.0,0.0,0.0,0.0
2025_06_NE_NO,2025,6,NO,NE,7,7,0,0.0,0.0,0.0,0.0,0.0,0.0,0.0,1.0,0.0,0.0,1.0,,,70.0,0.0,0.0,0.0,0.0,0.0,0.0,0.0
2025_06_CLE_PIT,2025,6,PIT,CLE,14,7,7,0.0,0.0,0.0,1.0,0.0,1.0,1.0,0.0,1.0,1.0,0.0,64.0,8.0,64.0,8.0,0.0,0.0,0.0,0.0,0.0,0.0
2025_06_TEN_LV,2025,6,LV,TEN,7,7,0,0.0,0.0,0.0,0.0,0.0,0.0,0.0,1.0,0.0,1.0,0.0,,,70.0,0.0,0.0,0.0,0.0,0.0,0.0,0.0
2025_06_CIN_GB,2025,6,GB,CIN,14,7,7,0.0,0.0,0.0,1.0,0.0,1.0,0.0,0.0,1.0,1.0,0.0,64.0,14.0,64.0,14.0,0.0,0.0,0.0,0.0,0.0,4.0
2025_06_SF_TB,2025,6,TB,SF,7,10,-3,0.0,0.0,0.0,0.0,1.0,-1.0,0.0,0.0,1.0,1.0,0.0,82.0,10.0,82.0,10.0,0.0,0.0,0.0,0.0,0.0,0.0
2025_06_DET_KC,2025,6,KC,DET,6,7,-1,1.0,0.0,-1.0,0.0,0.0,0.0,0.0,0.0,1.0,1.0,0.0,85.0,13.0,85.0,13.0,0.0,0.0,0.0,0.0,0.0,3.0
2025_06_BUF_ATL,2025,6,ATL,BUF,15,8,7,0.0,0.0,0.0,1.0,0.0,1.0,0.0,1.0,0.0,0.0,1.0,,,70.0,0.0,0.0,0.0,0.0,0.0,0.0,0.0
2025_06_CHI_WAS,2025,6,WAS,CHI,8,15,-7,0.0,0.0,0.0,0.0,1.0,-1.0,0.0,0.0,1.0,1.0,0.0,59.0,12.0,59.0,12.0,0.0,0.0,0.0,0.0,0.0,2.0
2025_07_PIT_CIN,2025,7,CIN,PIT,4,4,0,1.0,1.0,0.0,0.0,0.0,0.0,1.0,0.0,1.0,0.0,1.0,60.0,5.0,60.0,5.0,0.0,0.0,0.0,0.0,0.0,0.0
2025_07_LA_JAX,2025,7,JAX,LA,7,7,0,0.0,0.0,0.0,0.0,0.0,0.0,0.0,0.0,1.0,1.0,0.0,59.0,9.0,59.0,9.0,0.0,0.0,0.0,0.0,0.0,0.0
2025_07_NO_CHI,2025,7,CHI,NO,6,7,-1,1.0,0.0,-1.0,0.0,0.0,0.0,0.0,0.0,1.0,1.0,0.0,49.0,8.0,49.0,8.0,0.0,0.0,0.0,0.0,1.0,0.0
2025_07_MIA_CLE,2025,7,CLE,MIA,7,7,0,0.0,0.0,0.0,0.0,0.0,0.0,0.0,0.0,1.0,1.0,0.0,65.0,17.0,65.0,17.0,0.0,0.0,1.0,0.0,0.0,7.0
2025_07_LV_KC,2025,7,KC,LV,7,7,0,0.0,0.0,0.0,0.0,0.0,0.0,1.0,0.0,1.0,1.0,0.0,57.0,9.0,57.0,9.0,0.0,0.0,0.0,0.0,0.0,0.0
2025_07_PHI_MIN,2025,7,MIN,PHI,14,10,4,0.0,0.0,0.0,1.0,1.0,0.0,0.0,1.0,0.0,0.0,1.0,,,70.0,0.0,0.0,0.0,0.0,0.0,0.0,0.0
2025_07_CAR_NYJ,2025,7,NYJ,CAR,7,7,0,0.0,0.0,0.0,0.0,0.0,0.0,0.0,0.0,1.0,0.0,1.0,71.0,13.0,71.0,13.0,0.0,0.0,0.0,0.0,0.0,3.0
2025_07_NE_TEN,2025,7,TEN,NE,7,7,0,0.0,0.0,0.0,0.0,0.0,0.0,0.0,0.0,1.0,1.0,0.0,60.0,18.0,60.0,18.0,0.0,0.0,1.0,0.0,0.0,8.0
2025_07_NYG_DEN,2025,7,DEN,NYG,7,10,-3,0.0,0.0,0.0,0.0,1.0,-1.0,0.0,0.0,1.0,1.0,0.0,72.0,3.0,72.0,3.0,0.0,0.0,0.0,0.0,0.0,0.0
2025_07_IND_LAC,2025,7,LAC,IND,7,7,0,0.0,0.0,0.0,0.0,0.0,0.0,0.0,1.0,0.0,0.0,1.0,,,70.0,0.0,0.0,0.0,0.0,0.0,0.0,0.0
2025_07_GB_ARI,2025,7,ARI,GB,7,7,0,0.0,0.0,0.0,0.0,0.0,0.0,0.0,1.0,0.0,1.0,0.0,,,70.0,0.0,0.0,0.0,0.0,0.0,0.0,0.0
2025_07_WAS_DAL,2025,7,DAL,WAS,7,6,1,0.0,1.0,1.0,0.0,0.0,0.0,1.0,1.0,0.0,0.0,1.0,,,70.0,0.0,0.0,0.0,0.0,0.0,0.0,0.0
2025_07_ATL_SF,2025,7,SF,ATL,7,6,1,0.0,1.0,1.0,0.0,0.0,0.0,0.0,0.0,1.0,1.0,0.0,74.0,5.0,74.0,5.0,0.0,0.0,0.0,0.0,0.0,0.0
2025_07_TB_DET,2025,7,DET,TB,8,8,0,0.0,0.0,0.0,0.0,0.0,0.0,0.0,1.0,0.0,0.0,1.0,,,70.0,0.0,0.0,0.0,0.0,0.0,0.0,0.0
2025_07_HOU_SEA,2025,7,SEA,HOU,8,15,-7,0.0,0.0,0.0,0.0,1.0,-1.0,0.0,0.0,1.0,0.0,1.0,56.0,5.0,56.0,5.0,0.0,0.0,0.0,0.0,0.0,0.0
2025_08_MIN_LAC,2025,8,LAC,MIN,4,4,0,1.0,1.0,0.0,0.0,0.0,0.0,0.0,1.0,0.0,0.0,1.0,,,70.0,0.0,0.0,0.0,0.0,0.0,0.0,0.0
2025_08_MIA_ATL,2025,8,ATL,MIA,7,7,0,0.0,0.0,0.0,0.0,0.0,0.0,0.0,1.0,0.0,0.0,1.0,,,70.0,0.0,0.0,0.0,0.0,0.0,0.0,0.0
2025_08_CHI_BAL,2025,8,BAL,CHI,14,7,7,0.0,0.0,0.0,1.0,0.0,1.0,0.0,0.0,1.0,1.0,0.0,60.0,2.0,60.0,2.0,0.0,0.0,0.0,0.0,0.0,0.0
2025_08_BUF_CAR,2025,8,CAR,BUF,7,13,-6,0.0,0.0,0.0,0.0,1.0,-1.0,0.0,0.0,1.0,1.0,0.0,63.0,9.0,63.0,9.0,0.0,0.0,0.0,0.0,0.0,0.0
2025_08_NYJ_CIN,2025,8,CIN,NYJ,10,7,3,0.0,0.0,0.0,1.0,0.0,1.0,0.0,0.0,1.0,0.0,1.0,57.0,8.0,57.0,8.0,0.0,0.0,0.0,0.0,0.0,0.0
2025_08_SF_HOU,2025,8,HOU,SF,6,7,-1,1.0,0.0,-1.0,0.0,0.0,0.0,0.0,1.0,0.0,0.0,1.0,,,70.0,0.0,0.0,0.0,0.0,0.0,0.0,0.0
2025_08_CLE_NE,2025,8,NE,CLE,7,7,0,0.0,0.0,0.0,0.0,0.0,0.0,0.0,0.0,1.0,0.0,1.0,53.0,7.0,53.0,7.0,0.0,0.0,0.0,0.0,0.0,0.0
2025_08_NYG_PHI,2025,8,PHI,NYG,7,7,0,0.0,0.0,0.0,0.0,0.0,0.0,1.0,0.0,1.0,1.0,0.0,60.0,4.0,60.0,4.0,0.0,0.0,0.0,0.0,0.0,0.0
2025_08_TB_NO,2025,8,NO,TB,7,6,1,0.0,1.0,1.0,0.0,0.0,0.0,1.0,1.0,0.0,0.0,1.0,,,70.0,0.0,0.0,0.0,0.0,0.0,0.0,0.0
2025_08_DAL_DEN,2025,8,DEN,DAL,7,7,0,0.0,0.0,0.0,0.0,0.0,0.0,0.0,0.0,1.0,1.0,0.0,67.0,4.0,67.0,4.0,0.0,0.0,0.0,0.0,0.0,0.0
2025_08_TEN_IND,2025,8,IND,TEN,7,7,0,0.0,0.0,0.0,0.0,0.0,0.0,1.0,1.0,0.0,0.0,1.0,,,70.0,0.0,0.0,0.0,0.0,0.0,0.0,0.0
2025_08_GB_PIT,2025,8,PIT,GB,10,7,3,0.0,0.0,0.0,1.0,0.0,1.0,0.0,0.0,1.0,1.0,0.0,46.0,5.0,46.0,5.0,0.0,0.0,0.0,0.0,4.0,0.0
2025_08_WAS_KC,2025,8,KC,WAS,8,8,0,0.0,0.0,0.0,0.0,0.0,0.0,0.0,0.0,1.0,1.0,0.0,54.0,8.0,54.0,8.0,0.0,0.0,0.0,0.0,0.0,0.0
2025_09_BAL_MIA,2025,9,MIA,BAL,4,4,0,1.0,1.0,0.0,0.0,0.0,0.0,0.0,0.0,1.0,1.0,0.0,73.0,5.0,73.0,5.0,0.0,0.0,0.0,0.0,0.0,0.0
2025_09_CHI_CIN,2025,9,CIN,CHI,7,7,0,0.0,0.0,0.0,0.0,0.0,0.0,0.0,0.0,1.0,0.0,1.0,50.0,6.0,50.0,6.0,0.0,0.0,0.0,0.0,0.0,0.0
2025_09_MIN_DET,2025,9,DET,MIN,13,10,3,0.0,0.0,0.0,1.0,1.0,0.0,1.0,1.0,0.0,0.0,1.0,,,70.0,0.0,0.0,0.0,0.0,0.0,0.0,0.0
2025_09_CAR_GB,2025,9,GB,CAR,7,7,0,0.0,0.0,0.0,0.0,0.0,0.0,0.0,0.0,1.0,1.0,0.0,47.0,15.0,47.0,15.0,0.0,0.0,1.0,0.0,3.0,5.0
2025_09_DEN_HOU,2025,9,HOU,DEN,7,7,0,0.0,0.0,0.0,0.0,0.0,0.0,0.0,1.0,0.0,0.0,1.0,,,70.0,0.0,0.0,0.0,0.0,0.0,0.0,0.0
2025_09_ATL_NE,2025,9,NE,ATL,7,7,0,0.0,0.0,0.0,0.0,0.0,0.0,0.0,0.0,1.0,0.0,1.0,52.0,7.0,52.0,7.0,0.0,0.0,0.0,0.0,0.0,0.0
2025_09_SF_NYG,2025,9,NYG,SF,7,7,0,0.0,0.0,0.0,0.0,0.0,0.0,0.0,0.0,1.0,0.0,1.0,56.0,5.0,56.0,5.0,0.0,0.0,0.0,0.0,0.0,0.0
2025_09_IND_PIT,2025,9,PIT,IND,7,7,0,0.0,0.0,0.0,0.0,0.0,0.0,0.0,0.0,1.0,1.0,0.0,56.0,2.0,56.0,2.0,0.0,0.0,0.0,0.0,0.0,0.0
2025_09_LAC_TEN,2025,9,TEN,LAC,7,10,-3,0.0,0.0,0.0,0.0,1.0,-1.0,0.0,0.0,1.0,1.0,0.0,46.0,5.0,46.0,5.0,0.0,0.0,0.0,0.0,4.0,0.0
2025_09_NO_LA,2025,9,LA,NO,14,7,7,0.0,0.0,0.0,1.0,0.0,1.0,0.0,1.0,0.0,0.0,1.0,,,70.0,0.0,0.0,0.0,0.0,0.0,0.0,0.0
2025_09_JAX_LV,2025,9,LV,JAX,14,14,0,0.0,0.0,0.0,1.0,1.0,0.0,0.0,1.0,0.0,1.0,0.0,,,70.0,0.0,0.0,0.0,0.0,0.0,0.0,0.0
2025_09_KC_BUF,2025,9,BUF,KC,7,6,1,0.0,1.0,1.0,0.0,0.0,0.0,0.0,0.0,1.0,0.0,1.0,54.0,6.0,54.0,6.0,0.0,0.0,0.0,0.0,0.0,0.0
2025_09_SEA_WAS,2025,9,WAS,SEA,6,13,-7,1.0,0.0,-1.0,0.0,1.0,-1.0,0.0,0.0,1.0,1.0,0.0,53.0,3.0,53.0,3.0,0.0,0.0,0.0,0.0,0.0,0.0
2025_09_ARI_DAL,2025,9,DAL,ARI,8,15,-7,0.0,0.0,0.0,0.0,1.0,-1.0,0.0,1.0,0.0,0.0,1.0,,,70.0,0.0,0.0,0.0,0.0,0.0,0.0,0.0
2025_10_LV_DEN,2025,10,DEN,LV,4,4,0,1.0,1.0,0.0,0.0,0.0,0.0,1.0,0.0,1.0,1.0,0.0,60.0,10.0,60.0,10.0,0.0,0.0,0.0,0.0,0.0,0.0
2025_10_ATL_IND,2025,10,IND,ATL,7,7,0,0.0,0.0,0.0,0.0,0.0,0.0,0.0,1.0,0.0,1.0,0.0,46.0,2.0,70.0,0.0,0.0,0.0,0.0,0.0,0.0,0.0
2025_10_NO_CAR,2025,10,CAR,NO,7,7,0,0.0,0.0,0.0,0.0,0.0,0.0,1.0,0.0,1.0,1.0,0.0,73.0,15.0,73.0,15.0,0.0,0.0,1.0,0.0,0.0,5.0
2025_10_NYG_CHI,2025,10,CHI,NYG,7,7,0,0.0,0.0,0.0,0.0,0.0,0.0,0.0,0.0,1.0,1.0,0.0,33.0,10.0,33.0,10.0,1.0,0.0,0.0,0.0,17.0,0.0
2025_10_JAX_HOU,2025,10,HOU,JAX,7,7,0,0.0,0.0,0.0,0.0,0.0,0.0,1.0,1.0,0.0,0.0,1.0,,,70.0,0.0,0.0,0.0,0.0,0.0,0.0,0.0
2025_10_BUF_MIA,2025,10,MIA,BUF,10,7,3,0.0,0.0,0.0,1.0,0.0,1.0,1.0,0.0,1.0,1.0,0.0,84.0,6.0,84.0,6.0,0.0,0.0,0.0,0.0,0.0,0.0
2025_10_BAL_MIN,2025,10,MIN,BAL,7,10,-3,0.0,0.0,0.0,0.0,1.0,-1.0,0.0,1.0,0.0,0.0,1.0,,,70.0,0.0,0.0,0.0,0.0,0.0,0.0,0.0
2025_10_CLE_NYJ,2025,10,NYJ,CLE,14,14,0,0.0,0.0,0.0,1.0,1.0,0.0,0.0,0.0,1.0,0.0,1.0,62.0,12.0,62.0,12.0,0.0,0.0,0.0,0.0,0.0,2.0
2025_10_NE_TB,2025,10,TB,NE,14,7,7,0.0,0.0,0.0,1.0,0.0,1.0,0.0,0.0,1.0,1.0,0.0,82.0,11.0,82.0,11.0,0.0,0.0,0.0,0.0,0.0,1.0
2025_10_ARI_SEA,2025,10,SEA,ARI,7,6,1,0.0,1.0,1.0,0.0,0.0,0.0,1.0,0.0,1.0,0.0,1.0,59.0,5.0,59.0,5.0,0.0,0.0,0.0,0.0,0.0,0.0
2025_10_LA_SF,2025,10,SF,LA,7,7,0,0.0,0.0,0.0,0.0,0.0,0.0,1.0,0.0,1.0,1.0,0.0,77.0,3.0,77.0,3.0,0.0,0.0,0.0,0.0,0.0,0.0
2025_10_DET_WAS,2025,10,WAS,DET,7,7,0,0.0,0.0,0.0,0.0,0.0,0.0,0.0,0.0,1.0,1.0,0.0,64.0,9.0,64.0,9.0,0.0,0.0,0.0,0.0,0.0,0.0
2025_10_PIT_LAC,2025,10,LAC,PIT,7,7,0,0.0,0.0,0.0,0.0,0.0,0.0,0.0,1.0,0.0,0.0,1.0,,,70.0,0.0,0.0,0.0,0.0,0.0,0.0,0.0
2025_10_PHI_GB,2025,10,GB,PHI,8,15,-7,0.0,0.0,0.0,0.0,1.0,-1.0,0.0,0.0,1.0,1.0,0.0,33.0,9.0,33.0,9.0,1.0,0.0,0.0,0.0,17.0,0.0
2025_11_NYJ_NE,2025,11,NE,NYJ,4,4,0,1.0,1.0,0.0,0.0,0.0,0.0,1.0,0.0,1.0,0.0,1.0,39.0,9.0,39.0,9.0,1.0,0.0,0.0,0.0,11.0,0.0
2025_11_WAS_MIA,2025,11,MIA,WAS,7,7,0,0.0,0.0,0.0,0.0,0.0,0.0,0.0,0.0,1.0,1.0,0.0,,,,,0.0,0.0,0.0,0.0,0.0,0.0
2025_11_CAR_ATL,2025,11,ATL,CAR,7,7,0,0.0,0.0,0.0,0.0,0.0,0.0,1.0,1.0,0.0,0.0,1.0,,,70.0,0.0,0.0,0.0,0.0,0.0,0.0,0.0
2025_11_TB_BUF,2025,11,BUF,TB,7,7,0,0.0,0.0,0.0,0.0,0.0,0.0,0.0,0.0,1.0,0.0,1.0,38.0,20.0,38.0,20.0,1.0,0.0,1.0,1.0,12.0,10.0
2025_11_LAC_JAX,2025,11,JAX,LAC,7,7,0,0.0,0.0,0.0,0.0,0.0,0.0,0.0,0.0,1.0,1.0,0.0,74.0,9.0,74.0,9.0,0.0,0.0,0.0,0.0,0.0,0.0
2025_11_CHI_MIN,2025,11,MIN,CHI,7,7,0,0.0,0.0,0.0,0.0,0.0,0.0,1.0,1.0,0.0,0.0,1.0,,,70.0,0.0,0.0,0.0,0.0,0.0,0.0,0.0
2025_11_GB_NYG,2025,11,NYG,GB,7,6,1,0.0,1.0,1.0,0.0,0.0,0.0,0.0,0.0,1.0,0.0,1.0,55.0,17.0,55.0,17.0,0.0,0.0,1.0,0.0,0.0,7.0
2025_11_CIN_PIT,2025,11,PIT,CIN,7,14,-7,0.0,0.0,0.0,0.0,1.0,-1.0,1.0,0.0,1.0,1.0,0.0,46.0,17.0,46.0,17.0,0.0,0.0,1.0,0.0,4.0,7.0
2025_11_HOU_TEN,2025,11,TEN,HOU,14,7,7,0.0,0.0,0.0,1.0,0.0,1.0,1.0,0.0,1.0,1.0,0.0,64.0,8.0,64.0,8.0,0.0,0.0,0.0,0.0,0.0,0.0
2025_11_SF_ARI,2025,11,ARI,SF,7,7,0,0.0,0.0,0.0,0.0,0.0,0.0,1.0,1.0,0.0,1.0,0.0,,,70.0,0.0,0.0,0.0,0.0,0.0,0.0,0.0
2025_11_SEA_LA,2025,11,LA,SEA,7,7,0,0.0,0.0,0.0,0.0,0.0,0.0,1.0,1.0,0.0,0.0,1.0,,,70.0,0.0,0.0,0.0,0.0,0.0,0.0,0.0
2025_11_BAL_CLE,2025,11,CLE,BAL,7,7,0,0.0,0.0,0.0,0.0,0.0,0.0,1.0,0.0,1.0,1.0,0.0,44.0,20.0,44.0,20.0,0.0,0.0,1.0,1.0,6.0,10.0
2025_11_KC_DEN,2025,11,DEN,KC,10,14,-4,0.0,0.0,0.0,1.0,1.0,0.0,1.0,0.0,1.0,1.0,0.0,70.0,6.0,70.0,6.0,0.0,0.0,0.0,0.0,0.0,0.0
2025_11_DET_PHI,2025,11,PHI,DET,6,7,-1,1.0,0.0,-1.0,0.0,0.0,0.0,0.0,0.0,1.0,1.0,0.0,45.0,15.0,45.0,15.0,0.0,0.0,1.0,0.0,5.0,5.0
2025_11_DAL_LV,2025,11,LV,DAL,11,14,-3,0.0,0.0,0.0,1.0,1.0,0.0,0.0,1.0,0.0,1.0,0.0,,,70.0,0.0,0.0,0.0,0.0,0.0,0.0,0.0
2025_12_BUF_HOU,2025,12,HOU,BUF,4,4,0,1.0,1.0,0.0,0.0,0.0,0.0,0.0,1.0,0.0,0.0,1.0,,,70.0,0.0,0.0,0.0,0.0,0.0,0.0,0.0
2025_12_NYJ_BAL,2025,12,BAL,NYJ,7,10,-3,0.0,0.0,0.0,0.0,1.0,-1.0,0.0,0.0,1.0,1.0,0.0,54.0,3.0,54.0,3.0,0.0,0.0,0.0,0.0,0.0,0.0
2025_12_PIT_CHI,2025,12,CHI,PIT,7,7,0,0.0,0.0,0.0,0.0,0.0,0.0,0.0,0.0,1.0,1.0,0.0,51.0,3.0,51.0,3.0,0.0,0.0,0.0,0.0,0.0,0.0
2025_12_NE_CIN,2025,12,CIN,NE,7,10,-3,0.0,0.0,0.0,0.0,1.0,-1.0,0.0,0.0,1.0,0.0,1.0,54.0,7.0,54.0,7.0,0.0,0.0,0.0,0.0,0.0,0.0
2025_12_NYG_DET,2025,12,DET,NYG,7,7,0,0.0,0.0,0.0,0.0,0.0,0.0,0.0,1.0,0.0,0.0,1.0,,,70.0,0.0,0.0,0.0,0.0,0.0,0.0,0.0
2025_12_MIN_GB,2025,12,GB,MIN,7,7,0,0.0,0.0,0.0,0.0,0.0,0.0,1.0,0.0,1.0,1.0,0.0,43.0,10.0,43.0,10.0,0.0,0.0,0.0,0.0,7.0,0.0
2025_12_IND_KC,2025,12,KC,IND,7,14,-7,0.0,0.0,0.0,0.0,1.0,-1.0,0.0,0.0,1.0,1.0,0.0,,,,,0.0,0.0,0.0,0.0,0.0,0.0
2025_12_SEA_TEN,2025,12,TEN,SEA,7,7,0,0.0,0.0,0.0,0.0,0.0,0.0,0.0,0.0,1.0,1.0,0.0,55.0,1.0,55.0,1.0,0.0,0.0,0.0,0.0,0.0,0.0
2025_12_JAX_ARI,2025,12,ARI,JAX,7,7,0,0.0,0.0,0.0,0.0,0.0,0.0,0.0,1.0,0.0,1.0,0.0,,,70.0,0.0,0.0,0.0,0.0,0.0,0.0,0.0
2025_12_CLE_LV,2025,12,LV,CLE,6,7,-1,1.0,0.0,-1.0,0.0,0.0,0.0,0.0,1.0,0.0,1.0,0.0,,,70.0,0.0,0.0,0.0,0.0,0.0,0.0,0.0
2025_12_PHI_DAL,2025,12,DAL,PHI,6,7,-1,1.0,0.0,-1.0,0.0,0.0,0.0,1.0,1.0,0.0,0.0,1.0,,,70.0,0.0,0.0,0.0,0.0,0.0,0.0,0.0
2025_12_ATL_NO,2025,12,NO,ATL,14,7,7,0.0,0.0,0.0,1.0,0.0,1.0,1.0,1.0,0.0,0.0,1.0,,,70.0,0.0,0.0,0.0,0.0,0.0,0.0,0.0
2025_12_TB_LA,2025,12,LA,TB,7,7,0,0.0,0.0,0.0,0.0,0.0,0.0,0.0,1.0,0.0,0.0,1.0,,,70.0,0.0,0.0,0.0,0.0,0.0,0.0,0.0
2025_12_CAR_SF,2025,12,SF,CAR,8,8,0,0.0,0.0,0.0,0.0,0.0,0.0,0.0,0.0,1.0,1.0,0.0,58.0,3.0,58.0,3.0,0.0,0.0,0.0,0.0,0.0,0.0
2025_13_GB_DET,2025,13,DET,GB,4,4,0,1.0,1.0,0.0,0.0,0.0,0.0,1.0,1.0,0.0,0.0,1.0,,,70.0,0.0,0.0,0.0,0.0,0.0,0.0,0.0
2025_13_KC_DAL,2025,13,DAL,KC,4,4,0,1.0,1.0,0.0,0.0,0.0,0.0,0.0,1.0,0.0,0.0,1.0,,,70.0,0.0,0.0,0.0,0.0,0.0,0.0,0.0
2025_13_CIN_BAL,2025,13,BAL,CIN,4,4,0,1.0,1.0,0.0,0.0,0.0,0.0,1.0,0.0,1.0,1.0,0.0,38.0,11.0,38.0,11.0,1.0,0.0,0.0,0.0,12.0,1.0
2025_13_CHI_PHI,2025,13,PHI,CHI,5,5,0,1.0,1.0,0.0,0.0,0.0,0.0,0.0,0.0,1.0,1.0,0.0,42.0,18.0,42.0,18.0,0.0,0.0,1.0,0.0,8.0,8.0
2025_13_LA_CAR,2025,13,CAR,LA,6,7,-1,1.0,0.0,-1.0,0.0,0.0,0.0,0.0,0.0,1.0,1.0,0.0,45.0,3.0,45.0,3.0,0.0,0.0,0.0,0.0,5.0,0.0
2025_13_SF_CLE,2025,13,CLE,SF,7,6,1,0.0,1.0,1.0,0.0,0.0,0.0,0.0,0.0,1.0,1.0,0.0,35.0,20.0,35.0,20.0,1.0,0.0,1.0,1.0,15.0,10.0
2025_13_HOU_IND,2025,13,IND,HOU,7,10,-3,0.0,0.0,0.0,0.0,1.0,-1.0,1.0,1.0,0.0,0.0,1.0,,,70.0,0.0,0.0,0.0,0.0,0.0,0.0,0.0
2025_13_NO_MIA,2025,13,MIA,NO,14,7,7,0.0,0.0,0.0,1.0,0.0,1.0,0.0,0.0,1.0,1.0,0.0,76.0,10.0,76.0,10.0,0.0,0.0,0.0,0.0,0.0,0.0
2025_13_ATL_NYJ,2025,13,NYJ,ATL,7,7,0,0.0,0.0,0.0,0.0,0.0,0.0,0.0,0.0,1.0,0.0,1.0,43.0,8.0,43.0,8.0,0.0,0.0,0.0,0.0,7.0,0.0
2025_13_ARI_TB,2025,13,TB,ARI,7,7,0,0.0,0.0,0.0,0.0,0.0,0.0,0.0,0.0,1.0,1.0,0.0,80.0,8.0,80.0,8.0,0.0,0.0,0.0,0.0,0.0,0.0
2025_13_JAX_TEN,2025,13,TEN,JAX,7,7,0,0.0,0.0,0.0,0.0,0.0,0.0,1.0,0.0,1.0,1.0,0.0,38.0,7.0,38.0,7.0,1.0,0.0,0.0,0.0,12.0,0.0
2025_13_MIN_SEA,2025,13,SEA,MIN,7,7,0,0.0,0.0,0.0,0.0,0.0,0.0,0.0,0.0,1.0,0.0,1.0,45.0,2.0,45.0,2.0,0.0,0.0,0.0,0.0,5.0,0.0
2025_13_LV_LAC,2025,13,LAC,LV,14,7,7,0.0,0.0,0.0,1.0,0.0,1.0,1.0,1.0,0.0,0.0,1.0,,,70.0,0.0,0.0,0.0,0.0,0.0,0.0,0.0
2025_13_BUF_PIT,2025,13,PIT,BUF,7,10,-3,0.0,0.0,0.0,0.0,1.0,-1.0,0.0,0.0,1.0,1.0,0.0,34.0,16.0,34.0,16.0,1.0,0.0,1.0,0.0,16.0,6.0
2025_13_DEN_WAS,2025,13,WAS,DEN,14,14,0,0.0,0.0,0.0,1.0,1.0,0.0,0.0,0.0,1.0,1.0,0.0,40.0,13.0,40.0,13.0,1.0,0.0,0.0,0.0,10.0,3.0
2025_13_NYG_NE,2025,13,NE,NYG,8,8,0,0.0,0.0,0.0,0.0,0.0,0.0,0.0,0.0,1.0,0.0,1.0,30.0,5.0,30.0,5.0,1.0,0.0,0.0,0.0,20.0,0.0
2025_14_DAL_DET,2025,14,DET,DAL,7,7,0,0.0,0.0,0.0,0.0,0.0,0.0,0.0,1.0,0.0,0.0,1.0,,,70.0,0.0,0.0,0.0,0.0,0.0,0.0,0.0
2025_14_SEA_ATL,2025,14,ATL,SEA,7,7,0,0.0,0.0,0.0,0.0,0.0,0.0,0.0,1.0,0.0,0.0,1.0,,,70.0,0.0,0.0,0.0,0.0,0.0,0.0,0.0
2025_14_PIT_BAL,2025,14,BAL,PIT,10,7,3,0.0,0.0,0.0,1.0,0.0,1.0,1.0,0.0,1.0,1.0,0.0,44.0,6.0,44.0,6.0,0.0,0.0,0.0,0.0,6.0,0.0
2025_14_CIN_BUF,2025,14,BUF,CIN,7,10,-3,0.0,0.0,0.0,0.0,1.0,-1.0,0.0,0.0,1.0,0.0,1.0,31.0,12.0,31.0,12.0,1.0,0.0,0.0,0.0,19.0,2.0
2025_14_TEN_CLE,2025,14,CLE,TEN,7,7,0,0.0,0.0,0.0,0.0,0.0,0.0,0.0,0.0,1.0,1.0,0.0,33.0,6.0,33.0,6.0,1.0,0.0,0.0,0.0,17.0,0.0
2025_14_IND_JAX,2025,14,JAX,IND,7,7,0,0.0,0.0,0.0,0.0,0.0,0.0,1.0,0.0,1.0,1.0,0.0,61.0,7.0,61.0,7.0,0.0,0.0,0.0,0.0,0.0,0.0
2025_14_WAS_MIN,2025,14,MIN,WAS,7,7,0,0.0,0.0,0.0,0.0,0.0,0.0,0.0,1.0,0.0,0.0,1.0,,,70.0,0.0,0.0,0.0,0.0,0.0,0.0,0.0
2025_14_MIA_NYJ,2025,14,NYJ,MIA,7,7,0,0.0,0.0,0.0,0.0,0.0,0.0,1.0,0.0,1.0,0.0,1.0,41.0,6.0,41.0,6.0,0.0,0.0,0.0,0.0,9.0,0.0
2025_14_NO_TB,2025,14,TB,NO,7,7,0,0.0,0.0,0.0,0.0,0.0,0.0,1.0,0.0,1.0,1.0,0.0,73.0,6.0,73.0,6.0,0.0,0.0,0.0,0.0,0.0,0.0
2025_14_DEN_LV,2025,14,LV,DEN,7,7,0,0.0,0.0,0.0,0.0,0.0,0.0,1.0,1.0,0.0,1.0,0.0,,,70.0,0.0,0.0,0.0,0.0,0.0,0.0,0.0
2025_14_LA_ARI,2025,14,ARI,LA,7,7,0,0.0,0.0,0.0,0.0,0.0,0.0,1.0,1.0,0.0,1.0,0.0,,,70.0,0.0,0.0,0.0,0.0,0.0,0.0,0.0
2025_14_CHI_GB,2025,14,GB,CHI,10,9,1,0.0,0.0,0.0,1.0,0.0,1.0,1.0,0.0,1.0,1.0,0.0,16.0,9.0,16.0,9.0,1.0,1.0,0.0,0.0,34.0,0.0
2025_14_HOU_KC,2025,14,KC,HOU,10,7,3,0.0,0.0,0.0,1.0,0.0,1.0,0.0,0.0,1.0,1.0,0.0,27.0,8.0,27.0,8.0,1.0,0.0,0.0,0.0,23.0,0.0
2025_14_PHI_LAC,2025,14,LAC,PHI,8,10,-2,0.0,0.0,0.0,0.0,1.0,-1.0,0.0,1.0,0.0,0.0,1.0,,,70.0,0.0,0.0,0.0,0.0,0.0,0.0,0.0
2025_15_ATL_TB,2025,15,TB,ATL,4,4,0,1.0,1.0,0.0,0.0,0.0,0.0,1.0,0.0,1.0,1.0,0.0,56.0,5.0,56.0,5.0,0.0,0.0,0.0,0.0,0.0,0.0
2025_15_CLE_CHI,2025,15,CHI,CLE,7,7,0,0.0,0.0,0.0,0.0,0.0,0.0,0.0,0.0,1.0,1.0,0.0,8.0,6.0,8.0,6.0,1.0,1.0,0.0,0.0,42.0,0.0
2025_15_BAL_CIN,2025,15,CIN,BAL,7,7,0,0.0,0.0,0.0,0.0,0.0,0.0,1.0,0.0,1.0,0.0,1.0,10.0,7.0,10.0,7.0,1.0,1.0,0.0,0.0,40.0,0.0
2025_15_ARI_HOU,2025,15,HOU,ARI,7,7,0,0.0,0.0,0.0,0.0,0.0,0.0,0.0,1.0,0.0,0.0,1.0,,,70.0,0.0,0.0,0.0,0.0,0.0,0.0,0.0
2025_15_NYJ_JAX,2025,15,JAX,NYJ,7,7,0,0.0,0.0,0.0,0.0,0.0,0.0,0.0,0.0,1.0,1.0,0.0,70.0,11.0,70.0,11.0,0.0,0.0,0.0,0.0,0.0,1.0
2025_15_LAC_KC,2025,15,KC,LAC,7,6,1,0.0,1.0,1.0,0.0,0.0,0.0,1.0,0.0,1.0,1.0,0.0,,,,,0.0,0.0,0.0,0.0,0.0,0.0
2025_15_BUF_NE,2025,15,NE,BUF,13,7,6,0.0,0.0,0.0,1.0,0.0,1.0,1.0,0.0,1.0,0.0,1.0,32.0,6.0,32.0,6.0,1.0,0.0,0.0,0.0,18.0,0.0
2025_15_WAS_NYG,2025,15,NYG,WAS,13,7,6,0.0,0.0,0.0,1.0,0.0,1.0,1.0,0.0,1.0,0.0,1.0,27.0,13.0,27.0,13.0,1.0,0.0,0.0,0.0,23.0,3.0
2025_15_LV_PHI,2025,15,PHI,LV,6,7,-1,1.0,0.0,-1.0,0.0,0.0,0.0,0.0,0.0,1.0,1.0,0.0,30.0,20.0,30.0,20.0,1.0,0.0,1.0,1.0,20.0,10.0
2025_15_GB_DEN,2025,15,DEN,GB,7,7,0,0.0,0.0,0.0,0.0,0.0,0.0,0.0,0.0,1.0,1.0,0.0,65.0,3.0,65.0,3.0,0.0,0.0,0.0,0.0,0.0,0.0
2025_15_DET_LA,2025,15,LA,DET,7,10,-3,0.0,0.0,0.0,0.0,1.0,-1.0,0.0,1.0,0.0,0.0,1.0,,,70.0,0.0,0.0,0.0,0.0,0.0,0.0,0.0
2025_15_CAR_NO,2025,15,NO,CAR,7,14,-7,0.0,0.0,0.0,0.0,1.0,-1.0,1.0,1.0,0.0,0.0,1.0,,,70.0,0.0,0.0,0.0,0.0,0.0,0.0,0.0
2025_15_IND_SEA,2025,15,SEA,IND,7,7,0,0.0,0.0,0.0,0.0,0.0,0.0,0.0,0.0,1.0,0.0,1.0,51.0,9.0,51.0,9.0,0.0,0.0,0.0,0.0,0.0,0.0
2025_15_TEN_SF,2025,15,SF,TEN,14,7,7,0.0,0.0,0.0,1.0,0.0,1.0,0.0,0.0,1.0,1.0,0.0,54.0,4.0,54.0,4.0,0.0,0.0,0.0,0.0,0.0,0.0
2025_15_MIN_DAL,2025,15,DAL,MIN,10,7,3,0.0,0.0,0.0,1.0,0.0,1.0,0.0,1.0,0.0,0.0,1.0,,,70.0,0.0,0.0,0.0,0.0,0.0,0.0,0.0
2025_15_MIA_PIT,2025,15,PIT,MIA,8,8,0,0.0,0.0,0.0,0.0,0.0,0.0,0.0,0.0,1.0,1.0,0.0,17.0,7.0,17.0,7.0,1.0,1.0,0.0,0.0,33.0,0.0
2025_16_LA_SEA,2025,16,SEA,LA,4,4,0,1.0,1.0,0.0,0.0,0.0,0.0,1.0,0.0,1.0,0.0,1.0,51.0,17.0,51.0,17.0,0.0,0.0,1.0,0.0,0.0,7.0
2025_16_PHI_WAS,2025,16,WAS,PHI,6,6,0,1.0,1.0,0.0,0.0,0.0,0.0,1.0,0.0,1.0,1.0,0.0,42.0,7.0,42.0,7.0,0.0,0.0,0.0,0.0,8.0,0.0
2025_16_GB_CHI,2025,16,CHI,GB,6,6,0,1.0,1.0,0.0,0.0,0.0,0.0,1.0,0.0,1.0,1.0,0.0,37.0,6.0,37.0,6.0,1.0,0.0,0.0,0.0,13.0,0.0
2025_16_TB_CAR,2025,16,CAR,TB,7,10,-3,0.0,0.0,0.0,0.0,1.0,-1.0,1.0,0.0,1.0,1.0,0.0,61.0,8.0,61.0,8.0,0.0,0.0,0.0,0.0,0.0,0.0
2025_16_BUF_CLE,2025,16,CLE,BUF,7,7,0,0.0,0.0,0.0,0.0,0.0,0.0,0.0,0.0,1.0,1.0,0.0,25.0,16.0,25.0,16.0,1.0,1.0,1.0,0.0,25.0,6.0
2025_16_LAC_DAL,2025,16,DAL,LAC,7,7,0,0.0,0.0,0.0,0.0,0.0,0.0,0.0,1.0,0.0,0.0,1.0,,,70.0,0.0,0.0,0.0,0.0,0.0,0.0,0.0
2025_16_CIN_MIA,2025,16,MIA,CIN,6,7,-1,1.0,0.0,-1.0,0.0,0.0,0.0,0.0,0.0,1.0,1.0,0.0,81.0,7.0,81.0,7.0,0.0,0.0,0.0,0.0,0.0,0.0
2025_16_NYJ_NO,2025,16,NO,NYJ,7,7,0,0.0,0.0,0.0,0.0,0.0,0.0,0.0,1.0,0.0,0.0,1.0,,,70.0,0.0,0.0,0.0,0.0,0.0,0.0,0.0
2025_16_MIN_NYG,2025,16,NYG,MIN,7,7,0,0.0,0.0,0.0,0.0,0.0,0.0,0.0,0.0,1.0,0.0,1.0,46.0,20.0,46.0,20.0,0.0,0.0,1.0,1.0,4.0,10.0
2025_16_KC_TEN,2025,16,TEN,KC,7,7,0,0.0,0.0,0.0,0.0,0.0,0.0,0.0,0.0,1.0,1.0,0.0,51.0,8.0,51.0,8.0,0.0,0.0,0.0,0.0,0.0,0.0
2025_16_ATL_ARI,2025,16,ARI,ATL,7,10,-3,0.0,0.0,0.0,0.0,1.0,-1.0,0.0,1.0,0.0,1.0,0.0,,,70.0,0.0,0.0,0.0,0.0,0.0,0.0,0.0
2025_16_JAX_DEN,2025,16,DEN,JAX,7,7,0,0.0,0.0,0.0,0.0,0.0,0.0,0.0,0.0,1.0,1.0,0.0,62.0,3.0,62.0,3.0,0.0,0.0,0.0,0.0,0.0,0.0
2025_16_PIT_DET,2025,16,DET,PIT,7,6,1,0.0,1.0,1.0,0.0,0.0,0.0,0.0,1.0,0.0,0.0,1.0,,,70.0,0.0,0.0,0.0,0.0,0.0,0.0,0.0
2025_16_LV_HOU,2025,16,HOU,LV,7,7,0,0.0,0.0,0.0,0.0,0.0,0.0,0.0,1.0,0.0,0.0,1.0,,,70.0,0.0,0.0,0.0,0.0,0.0,0.0,0.0
2025_16_NE_BAL,2025,16,BAL,NE,7,7,0,0.0,0.0,0.0,0.0,0.0,0.0,0.0,0.0,1.0,1.0,0.0,40.0,2.0,40.0,2.0,1.0,0.0,0.0,0.0,10.0,0.0
2025_16_SF_IND,2025,16,IND,SF,8,8,0,0.0,0.0,0.0,0.0,0.0,0.0,0.0,1.0,0.0,0.0,1.0,,,70.0,0.0,0.0,0.0,0.0,0.0,0.0,0.0
2025_17_DAL_WAS,2025,17,WAS,DAL,5,4,1,1.0,1.0,0.0,0.0,0.0,0.0,1.0,0.0,1.0,1.0,0.0,50.0,7.0,50.0,7.0,0.0,0.0,0.0,0.0,0.0,0.0
2025_17_DET_MIN,2025,17,MIN,DET,4,4,0,1.0,1.0,0.0,0.0,0.0,0.0,1.0,1.0,0.0,0.0,1.0,,,70.0,0.0,0.0,0.0,0.0,0.0,0.0,0.0
2025_17_DEN_KC,2025,17,KC,DEN,4,4,0,1.0,1.0,0.0,0.0,0.0,0.0,1.0,0.0,1.0,1.0,0.0,,,,,0.0,0.0,0.0,0.0,0.0,0.0
2025_17_HOU_LAC,2025,17,LAC,HOU,6,6,0,1.0,1.0,0.0,0.0,0.0,0.0,0.0,1.0,0.0,0.0,1.0,,,70.0,0.0,0.0,0.0,0.0,0.0,0.0,0.0
2025_17_BAL_GB,2025,17,GB,BAL,7,6,1,0.0,1.0,1.0,0.0,0.0,0.0,0.0,0.0,1.0,1.0,0.0,36.0,10.0,36.0,10.0,1.0,0.0,0.0,0.0,14.0,0.0
2025_17_SEA_CAR,2025,17,CAR,SEA,7,10,-3,0.0,0.0,0.0,0.0,1.0,-1.0,0.0,0.0,1.0,1.0,0.0,43.0,2.0,43.0,2.0,0.0,0.0,0.0,0.0,7.0,0.0
2025_17_ARI_CIN,2025,17,CIN,ARI,7,7,0,0.0,0.0,0.0,0.0,0.0,0.0,0.0,0.0,1.0,0.0,1.0,65.0,9.0,65.0,9.0,0.0,0.0,0.0,0.0,0.0,0.0
2025_17_PIT_CLE,2025,17,CLE,PIT,7,7,0,0.0,0.0,0.0,0.0,0.0,0.0,1.0,0.0,1.0,1.0,0.0,45.0,14.0,45.0,14.0,0.0,0.0,0.0,0.0,5.0,4.0
2025_17_JAX_IND,2025,17,IND,JAX,6,7,-1,1.0,0.0,-1.0,0.0,0.0,0.0,1.0,1.0,0.0,0.0,1.0,,,70.0,0.0,0.0,0.0,0.0,0.0,0.0,0.0
2025_17_TB_MIA,2025,17,MIA,TB,7,7,0,0.0,0.0,0.0,0.0,0.0,0.0,0.0,0.0,1.0,1.0,0.0,80.0,3.0,80.0,3.0,0.0,0.0,0.0,0.0,0.0,0.0
2025_17_NE_NYJ,2025,17,NYJ,NE,7,7,0,0.0,0.0,0.0,0.0,0.0,0.0,1.0,0.0,1.0,0.0,1.0,29.0,4.0,29.0,4.0,1.0,0.0,0.0,0.0,21.0,0.0
2025_17_NO_TEN,2025,17,TEN,NO,7,7,0,0.0,0.0,0.0,0.0,0.0,0.0,0.0,0.0,1.0,1.0,0.0,71.0,14.0,71.0,14.0,0.0,0.0,0.0,0.0,0.0,4.0
2025_17_NYG_LV,2025,17,LV,NYG,7,7,0,0.0,0.0,0.0,0.0,0.0,0.0,0.0,1.0,0.0,1.0,0.0,,,70.0,0.0,0.0,0.0,0.0,0.0,0.0,0.0
2025_17_PHI_BUF,2025,17,BUF,PHI,7,8,-1,0.0,0.0,0.0,0.0,0.0,0.0,0.0,0.0,1.0,0.0,1.0,38.0,6.0,38.0,6.0,1.0,0.0,0.0,0.0,12.0,0.0
2025_17_CHI_SF,2025,17,SF,CHI,6,8,-2,1.0,0.0,-1.0,0.0,0.0,0.0,0.0,0.0,1.0,1.0,0.0,53.0,5.0,53.0,5.0,0.0,0.0,0.0,0.0,0.0,0.0
2025_17_LA_ATL,2025,17,ATL,LA,8,11,-3,0.0,0.0,0.0,0.0,1.0,-1.0,0.0,1.0,0.0,0.0,1.0,,,70.0,0.0,0.0,0.0,0.0,0.0,0.0,0.0
2025_18_CAR_TB,2025,18,TB,CAR,6,6,0,1.0,1.0,0.0,0.0,0.0,0.0,1.0,0.0,1.0,1.0,0.0,69.0,11.0,69.0,11.0,0.0,0.0,0.0,0.0,0.0,1.0
2025_18_SEA_SF,2025,18,SF,SEA,6,6,0,1.0,1.0,0.0,0.0,0.0,0.0,1.0,0.0,1.0,1.0,0.0,57.0,8.0,57.0,8.0,0.0,0.0,0.0,0.0,0.0,0.0
2025_18_NO_ATL,2025,18,ATL,NO,6,7,-1,1.0,0.0,-1.0,0.0,0.0,0.0,1.0,1.0,0.0,0.0,1.0,,,70.0,0.0,0.0,0.0,0.0,0.0,0.0,0.0
2025_18_CLE_CIN,2025,18,CIN,CLE,7,7,0,0.0,0.0,0.0,0.0,0.0,0.0,1.0,0.0,1.0,0.0,1.0,37.0,0.0,37.0,0.0,1.0,0.0,0.0,0.0,13.0,0.0
2025_18_IND_HOU,2025,18,HOU,IND,8,7,1,0.0,0.0,0.0,0.0,0.0,0.0,1.0,1.0,0.0,0.0,1.0,,,70.0,0.0,0.0,0.0,0.0,0.0,0.0,0.0
2025_18_TEN_JAX,2025,18,JAX,TEN,7,7,0,0.0,0.0,0.0,0.0,0.0,0.0,1.0,0.0,1.0,1.0,0.0,55.0,8.0,55.0,8.0,0.0,0.0,0.0,0.0,0.0,0.0
2025_18_GB_MIN,2025,18,MIN,GB,10,8,2,0.0,0.0,0.0,1.0,0.0,1.0,1.0,1.0,0.0,0.0,1.0,,,70.0,0.0,0.0,0.0,0.0,0.0,0.0,0.0
2025_18_DAL_NYG,2025,18,NYG,DAL,7,10,-3,0.0,0.0,0.0,0.0,1.0,-1.0,1.0,0.0,1.0,0.0,1.0,33.0,7.0,33.0,7.0,1.0,0.0,0.0,0.0,17.0,0.0
2025_18_NYJ_BUF,2025,18,BUF,NYJ,7,7,0,0.0,0.0,0.0,0.0,0.0,0.0,1.0,0.0,1.0,0.0,1.0,27.0,13.0,27.0,13.0,1.0,0.0,0.0,0.0,23.0,3.0
2025_18_DET_CHI,2025,18,CHI,DET,7,10,-3,0.0,0.0,0.0,0.0,1.0,-1.0,1.0,0.0,1.0,1.0,0.0,33.0,4.0,33.0,4.0,1.0,0.0,0.0,0.0,17.0,0.0
2025_18_LAC_DEN,2025,18,DEN,LAC,10,8,2,0.0,0.0,0.0,1.0,0.0,1.0,1.0,0.0,1.0,1.0,0.0,66.0,8.0,66.0,8.0,0.0,0.0,0.0,0.0,0.0,0.0
2025_18_ARI_LA,2025,18,LA,ARI,6,7,-1,1.0,0.0,-1.0,0.0,0.0,0.0,1.0,1.0,0.0,0.0,1.0,,,70.0,0.0,0.0,0.0,0.0,0.0,0.0,0.0
2025_18_KC_LV,2025,18,LV,KC,7,10,-3,0.0,0.0,0.0,0.0,1.0,-1.0,1.0,1.0,0.0,1.0,0.0,,,70.0,0.0,0.0,0.0,0.0,0.0,0.0,0.0
2025_18_MIA_NE,2025,18,NE,MIA,7,7,0,0.0,0.0,0.0,0.0,0.0,0.0,1.0,0.0,1.0,0.0,1.0,29.0,6.0,29.0,6.0,1.0,0.0,0.0,0.0,21.0,0.0
2025_18_WAS_PHI,2025,18,PHI,WAS,7,10,-3,0.0,0.0,0.0,0.0,1.0,-1.0,1.0,0.0,1.0,1.0,0.0,35.0,9.0,35.0,9.0,1.0,0.0,0.0,0.0,15.0,0.0
2025_18_BAL_PIT,2025,18,PIT,BAL,7,8,-1,0.0,0.0,0.0,0.0,0.0,0.0,1.0,0.0,1.0,1.0,0.0,25.0,3.0,25.0,3.0,1.0,1.0,0.0,0.0,25.0,0.0
2025_19_LA_CAR,2025,19,CAR,LA,7,6,1,0.0,1.0,1.0,0.0,0.0,0.0,0.0,0.0,1.0,1.0,0.0,72.0,16.0,72.0,16.0,0.0,0.0,1.0,0.0,0.0,6.0
2025_19_GB_CHI,2025,19,CHI,GB,6,6,0,1.0,1.0,0.0,0.0,0.0,0.0,1.0,0.0,1.0,1.0,0.0,32.0,6.0,32.0,6.0,1.0,0.0,0.0,0.0,18.0,0.0
2025_19_BUF_JAX,2025,19,JAX,BUF,7,7,0,0.0,0.0,0.0,0.0,0.0,0.0,0.0,0.0,1.0,1.0,0.0,62.0,6.0,62.0,6.0,0.0,0.0,0.0,0.0,0.0,0.0
2025_19_SF_PHI,2025,19,PHI,SF,7,8,-1,0.0,0.0,0.0,0.0,0.0,0.0,0.0,0.0,1.0,1.0,0.0,46.0,22.0,46.0,22.0,0.0,0.0,1.0,1.0,4.0,12.0
2025_19_LAC_NE,2025,19,NE,LAC,7,7,0,0.0,0.0,0.0,0.0,0.0,0.0,0.0,0.0,1.0,0.0,1.0,35.0,10.0,35.0,10.0,1.0,0.0,0.0,0.0,15.0,0.0
2025_19_HOU_PIT,2025,19,PIT,HOU,8,8,0,0.0,0.0,0.0,0.0,0.0,0.0,0.0,0.0,1.0,1.0,0.0,32.0,9.0,32.0,9.0,1.0,0.0,0.0,0.0,18.0,0.0
2025_20_BUF_DEN,2025,20,DEN,BUF,13,6,7,0.0,1.0,1.0,1.0,0.0,1.0,0.0,0.0,1.0,1.0,0.0,36.0,5.0,36.0,5.0,1.0,0.0,0.0,0.0,14.0,0.0
2025_20_SF_SEA,2025,20,SEA,SF,14,6,8,0.0,1.0,1.0,1.0,0.0,1.0,1.0,0.0,1.0,0.0,1.0,46.0,5.0,46.0,5.0,0.0,0.0,0.0,0.0,4.0,0.0
2025_20_HOU_NE,2025,20,NE,HOU,7,6,1,0.0,1.0,1.0,0.0,0.0,0.0,0.0,0.0,1.0,0.0,1.0,35.0,2.0,35.0,2.0,1.0,0.0,0.0,0.0,15.0,0.0
2025_20_LA_CHI,2025,20,CHI,LA,8,8,0,0.0,0.0,0.0,0.0,0.0,0.0,0.0,0.0,1.0,1.0,0.0,19.0,6.0,19.0,6.0,1.0,1.0,0.0,0.0,31.0,0.0
2025_21_NE_DEN,2025,21,DEN,NE,8,7,1,0.0,0.0,0.0,0.0,0.0,0.0,0.0,0.0,1.0,1.0,0.0,26.0,10.0,26.0,10.0,1.0,0.0,0.0,0.0,24.0,0.0
2025_21_LA_SEA,2025,21,SEA,LA,8,7,1,0.0,0.0,0.0,0.0,0.0,0.0,1.0,0.0,1.0,0.0,1.0,41.0,2.0,41.0,2.0,0.0,0.0,0.0,0.0,9.0,0.0
2025_22_SEA_NE,2025,22,NE,SEA,14,14,0,0.0,0.0,0.0,1.0,1.0,0.0,0.0,0.0,1.0,1.0,0.0,67.0,7.0,67.0,7.0,0.0,0.0,0.0,0.0,0.0,0.0
2026_01_NE_SEA,2026,1,SEA,NE,7,7,0,0.0,0.0,0.0,0.0,0.0,0.0,0.0,0.0,1.0,0.0,1.0,74.0,6.0,74.0,6.0,0.0,0.0,0.0,0.0,0.0,0.0
2026_01_SF_LA,2026,1,LA,SF,7,7,0,0.0,0.0,0.0,0.0,0.0,0.0,1.0,1.0,0.0,1.0,0.0,57.0,4.0,70.0,0.0,0.0,0.0,0.0,0.0,0.0,0.0
2026_01_CHI_CAR,2026,1,CAR,CHI,7,7,0,0.0,0.0,0.0,0.0,0.0,0.0,0.0,0.0,1.0,1.0,0.0,89.0,2.0,89.0,2.0,0.0,0.0,0.0,0.0,0.0,0.0
2026_01_TB_CIN,2026,1,CIN,TB,7,7,0,0.0,0.0,0.0,0.0,0.0,0.0,0.0,0.0,1.0,0.0,1.0,85.0,7.0,85.0,7.0,0.0,0.0,0.0,0.0,0.0,0.0
2026_01_NO_DET,2026,1,DET,NO,7,7,0,0.0,0.0,0.0,0.0,0.0,0.0,0.0,1.0,0.0,0.0,1.0,,,70.0,0.0,0.0,0.0,0.0,0.0,0.0,0.0
2026_01_BUF_HOU,2026,1,HOU,BUF,7,7,0,0.0,0.0,0.0,0.0,0.0,0.0,0.0,1.0,0.0,0.0,1.0,,,70.0,0.0,0.0,0.0,0.0,0.0,0.0,0.0
2026_01_BAL_IND,2026,1,IND,BAL,7,7,0,0.0,0.0,0.0,0.0,0.0,0.0,0.0,1.0,0.0,0.0,1.0,,,70.0,0.0,0.0,0.0,0.0,0.0,0.0,0.0
2026_01_CLE_JAX,2026,1,JAX,CLE,7,7,0,0.0,0.0,0.0,0.0,0.0,0.0,0.0,0.0,1.0,1.0,0.0,89.0,3.0,89.0,3.0,0.0,0.0,0.0,0.0,0.0,0.0
2026_01_ATL_PIT,2026,1,PIT,ATL,7,7,0,0.0,0.0,0.0,0.0,0.0,0.0,0.0,0.0,1.0,1.0,0.0,77.0,4.0,77.0,4.0,0.0,0.0,0.0,0.0,0.0,0.0
2026_01_NYJ_TEN,2026,1,TEN,NYJ,7,7,0,0.0,0.0,0.0,0.0,0.0,0.0,0.0,0.0,1.0,1.0,0.0,90.0,2.0,90.0,2.0,0.0,0.0,0.0,0.0,0.0,0.0
2026_01_ARI_LAC,2026,1,LAC,ARI,7,7,0,0.0,0.0,0.0,0.0,0.0,0.0,0.0,1.0,0.0,0.0,1.0,,,70.0,0.0,0.0,0.0,0.0,0.0,0.0,0.0
2026_01_MIA_LV,2026,1,LV,MIA,7,7,0,0.0,0.0,0.0,0.0,0.0,0.0,0.0,1.0,0.0,1.0,0.0,,,70.0,0.0,0.0,0.0,0.0,0.0,0.0,0.0
2026_01_GB_MIN,2026,1,MIN,GB,7,7,0,0.0,0.0,0.0,0.0,0.0,0.0,1.0,1.0,0.0,0.0,1.0,,,70.0,0.0,0.0,0.0,0.0,0.0,0.0,0.0
2026_01_WAS_PHI,2026,1,PHI,WAS,7,7,0,0.0,0.0,0.0,0.0,0.0,0.0,1.0,0.0,1.0,1.0,0.0,82.0,7.0,82.0,7.0,0.0,0.0,0.0,0.0,0.0,0.0
2026_01_DAL_NYG,2026,1,NYG,DAL,7,7,0,0.0,0.0,0.0,0.0,0.0,0.0,1.0,0.0,1.0,0.0,1.0,80.0,7.0,80.0,7.0,0.0,0.0,0.0,0.0,0.0,0.0
2026_01_DEN_KC,2026,1,KC,DEN,7,7,0,0.0,0.0,0.0,0.0,0.0,0.0,1.0,0.0,1.0,1.0,0.0,91.0,13.0,91.0,13.0,0.0,0.0,0.0,0.0,0.0,3.0
2026_02_DET_BUF,2026,2,BUF,DET,4,4,0,1.0,1.0,0.0,0.0,0.0,0.0,0.0,0.0,1.0,1.0,0.0,67.0,4.0,67.0,4.0,0.0,0.0,0.0,0.0,0.0,0.0
2026_02_CAR_ATL,2026,2,ATL,CAR,7,7,0,0.0,0.0,0.0,0.0,0.0,0.0,1.0,1.0,0.0,0.0,1.0,,,70.0,0.0,0.0,0.0,0.0,0.0,0.0,0.0
2026_02_NO_BAL,2026,2,BAL,NO,7,7,0,0.0,0.0,0.0,0.0,0.0,0.0,0.0,0.0,1.0,1.0,0.0,79.0,10.0,79.0,10.0,0.0,0.0,0.0,0.0,0.0,0.0
2026_02_MIN_CHI,2026,2,CHI,MIN,7,7,0,0.0,0.0,0.0,0.0,0.0,0.0,1.0,0.0,1.0,1.0,0.0,68.0,8.0,68.0,8.0,0.0,0.0,0.0,0.0,0.0,0.0
2026_02_CIN_HOU,2026,2,HOU,CIN,7,7,0,0.0,0.0,0.0,0.0,0.0,0.0,0.0,1.0,0.0,0.0,1.0,,,70.0,0.0,0.0,0.0,0.0,0.0,0.0,0.0
2026_02_PIT_NE,2026,2,NE,PIT,11,7,4,0.0,0.0,0.0,1.0,0.0,1.0,0.0,0.0,1.0,0.0,1.0,63.0,7.0,63.0,7.0,0.0,0.0,0.0,0.0,0.0,0.0
2026_02_GB_NYJ,2026,2,NYJ,GB,7,7,0,0.0,0.0,0.0,0.0,0.0,0.0,0.0,0.0,1.0,0.0,1.0,69.0,7.0,69.0,7.0,0.0,0.0,0.0,0.0,0.0,0.0
2026_02_CLE_TB,2026,2,TB,CLE,7,7,0,0.0,0.0,0.0,0.0,0.0,0.0,0.0,0.0,1.0,1.0,0.0,86.0,4.0,86.0,4.0,0.0,0.0,0.0,0.0,0.0,0.0
2026_02_PHI_TEN,2026,2,TEN,PHI,7,7,0,0.0,0.0,0.0,0.0,0.0,0.0,0.0,0.0,1.0,1.0,0.0,92.0,5.0,92.0,5.0,0.0,0.0,0.0,0.0,0.0,0.0
2026_02_JAX_DEN,2026,2,DEN,JAX,6,7,-1,1.0,0.0,-1.0,0.0,0.0,0.0,0.0,0.0,1.0,1.0,0.0,73.0,12.0,73.0,12.0,0.0,0.0,0.0,0.0,0.0,2.0
2026_02_LV_LAC,2026,2,LAC,LV,7,7,0,0.0,0.0,0.0,0.0,0.0,0.0,1.0,1.0,0.0,0.0,1.0,,,70.0,0.0,0.0,0.0,0.0,0.0,0.0,0.0
2026_02_SEA_ARI,2026,2,ARI,SEA,7,11,-4,0.0,0.0,0.0,0.0,1.0,-1.0,1.0,1.0,0.0,1.0,0.0,,,70.0,0.0,0.0,0.0,0.0,0.0,0.0,0.0
2026_02_WAS_DAL,2026,2,DAL,WAS,7,7,0,0.0,0.0,0.0,0.0,0.0,0.0,1.0,1.0,0.0,0.0,1.0,,,70.0,0.0,0.0,0.0,0.0,0.0,0.0,0.0
2026_02_MIA_SF,2026,2,SF,MIA,10,7,3,0.0,0.0,0.0,1.0,0.0,1.0,0.0,0.0,1.0,1.0,0.0,69.0,5.0,69.0,5.0,0.0,0.0,0.0,0.0,0.0,0.0
2026_02_IND_KC,2026,2,KC,IND,6,7,-1,1.0,0.0,-1.0,0.0,0.0,0.0,0.0,0.0,1.0,1.0,0.0,71.0,10.0,71.0,10.0,0.0,0.0,0.0,0.0,0.0,0.0
2026_02_NYG_LA,2026,2,LA,NYG,11,8,3,0.0,0.0,0.0,1.0,0.0,1.0,0.0,1.0,0.0,0.0,1.0,,,70.0,0.0,0.0,0.0,0.0,0.0,0.0,0.0
2026_03_ATL_GB,2026,3,GB,ATL,4,4,0,1.0,1.0,0.0,0.0,0.0,0.0,0.0,0.0,1.0,1.0,0.0,61.0,5.0,61.0,5.0,0.0,0.0,0.0,0.0,0.0,0.0
2026_03_LAC_BUF,2026,3,BUF,LAC,10,7,3,0.0,0.0,0.0,1.0,0.0,1.0,0.0,0.0,1.0,0.0,1.0,,,,,0.0,0.0,0.0,0.0,0.0,0.0
2026_03_CAR_CLE,2026,3,CLE,CAR,7,7,0,0.0,0.0,0.0,0.0,0.0,0.0,0.0,0.0,1.0,1.0,0.0,,,,,0.0,0.0,0.0,0.0,0.0,0.0
2026_03_NYJ_DET,2026,3,DET,NYJ,10,7,3,0.0,0.0,0.0,1.0,0.0,1.0,0.0,1.0,0.0,0.0,1.0,,,70.0,0.0,0.0,0.0,0.0,0.0,0.0,0.0
2026_03_HOU_IND,2026,3,IND,HOU,7,7,0,0.0,0.0,0.0,0.0,0.0,0.0,1.0,0.0,1.0,0.0,1.0,,,,,0.0,0.0,0.0,0.0,0.0,0.0
2026_03_NE_JAX,2026,3,JAX,NE,7,7,0,0.0,0.0,0.0,0.0,0.0,0.0,0.0,0.0,1.0,1.0,0.0,,,,,0.0,0.0,0.0,0.0,0.0,0.0
2026_03_KC_MIA,2026,3,MIA,KC,7,7,0,0.0,0.0,0.0,0.0,0.0,0.0,0.0,0.0,1.0,1.0,0.0,,,,,0.0,0.0,0.0,0.0,0.0,0.0
2026_03_TEN_NYG,2026,3,NYG,TEN,6,7,-1,1.0,0.0,-1.0,0.0,0.0,0.0,0.0,0.0,1.0,0.0,1.0,,,,,0.0,0.0,0.0,0.0,0.0,0.0
2026_03_CIN_PIT,2026,3,PIT,CIN,7,7,0,0.0,0.0,0.0,0.0,0.0,0.0,1.0,0.0,1.0,1.0,0.0,,,,,0.0,0.0,0.0,0.0,0.0,0.0
2026_03_SEA_WAS,2026,3,WAS,SEA,7,7,0,0.0,0.0,0.0,0.0,0.0,0.0,0.0,0.0,1.0,1.0,0.0,,,,,0.0,0.0,0.0,0.0,0.0,0.0
2026_03_ARI_SF,2026,3,SF,ARI,7,7,0,0.0,0.0,0.0,0.0,0.0,0.0,1.0,0.0,1.0,1.0,0.0,,,,,0.0,0.0,0.0,0.0,0.0,0.0
2026_03_MIN_TB,2026,3,TB,MIN,7,7,0,0.0,0.0,0.0,0.0,0.0,0.0,0.0,0.0,1.0,1.0,0.0,,,,,0.0,0.0,0.0,0.0,0.0,0.0
2026_03_BAL_DAL,2026,3,DAL,BAL,7,7,0,0.0,0.0,0.0,0.0,0.0,0.0,0.0,0.0,1.0,0.0,1.0,,,,,0.0,0.0,0.0,0.0,0.0,0.0
2026_03_LV_NO,2026,3,NO,LV,7,7,0,0.0,0.0,0.0,0.0,0.0,0.0,0.0,1.0,0.0,0.0,1.0,,,70.0,0.0,0.0,0.0,0.0,0.0,0.0,0.0
2026_03_LA_DEN,2026,3,DEN,LA,7,6,1,0.0,1.0,1.0,0.0,0.0,0.0,0.0,0.0,1.0,1.0,0.0,,,,,0.0,0.0,0.0,0.0,0.0,0.0
2026_03_PHI_CHI,2026,3,CHI,PHI,8,8,0,0.0,0.0,0.0,0.0,0.0,0.0,0.0,0.0,1.0,1.0,0.0,,,,,0.0,0.0,0.0,0.0,0.0,0.0
2026_04_PIT_CLE,2026,4,CLE,PIT,4,4,0,1.0,1.0,0.0,0.0,0.0,0.0,1.0,0.0,1.0,1.0,0.0,,,,,0.0,0.0,0.0,0.0,0.0,0.0
2026_04_IND_WAS,2026,4,WAS,IND,7,7,0,0.0,0.0,0.0,0.0,0.0,0.0,0.0,0.0,1.0,1.0,0.0,,,,,0.0,0.0,0.0,0.0,0.0,0.0
2026_04_TEN_BAL,2026,4,BAL,TEN,7,7,0,0.0,0.0,0.0,0.0,0.0,0.0,0.0,0.0,1.0,1.0,0.0,,,,,0.0,0.0,0.0,0.0,0.0,0.0
2026_04_NE_BUF,2026,4,BUF,NE,7,7,0,0.0,0.0,0.0,0.0,0.0,0.0,1.0,0.0,1.0,0.0,1.0,,,,,0.0,0.0,0.0,0.0,0.0,0.0
2026_04_NYJ_CHI,2026,4,CHI,NYJ,6,7,-1,1.0,0.0,-1.0,0.0,0.0,0.0,0.0,0.0,1.0,1.0,0.0,,,,,0.0,0.0,0.0,0.0,0.0,0.0
2026_04_JAX_CIN,2026,4,CIN,JAX,7,7,0,0.0,0.0,0.0,0.0,0.0,0.0,0.0,0.0,1.0,0.0,1.0,,,,,0.0,0.0,0.0,0.0,0.0,0.0
2026_04_DAL_HOU,2026,4,HOU,DAL,7,7,0,0.0,0.0,0.0,0.0,0.0,0.0,0.0,0.0,1.0,0.0,1.0,,,,,0.0,0.0,0.0,0.0,0.0,0.0
2026_04_ARI_NYG,2026,4,NYG,ARI,7,7,0,0.0,0.0,0.0,0.0,0.0,0.0,0.0,0.0,1.0,0.0,1.0,,,,,0.0,0.0,0.0,0.0,0.0,0.0
2026_04_LA_PHI,2026,4,PHI,LA,6,7,-1,1.0,0.0,-1.0,0.0,0.0,0.0,0.0,0.0,1.0,1.0,0.0,,,,,0.0,0.0,0.0,0.0,0.0,0.0
2026_04_GB_TB,2026,4,TB,GB,7,10,-3,0.0,0.0,0.0,0.0,1.0,-1.0,0.0,0.0,1.0,1.0,0.0,,,,,0.0,0.0,0.0,0.0,0.0,0.0
2026_04_MIA_MIN,2026,4,MIN,MIA,7,7,0,0.0,0.0,0.0,0.0,0.0,0.0,0.0,1.0,0.0,0.0,1.0,,,70.0,0.0,0.0,0.0,0.0,0.0,0.0,0.0
2026_04_KC_LV,2026,4,LV,KC,7,7,0,0.0,0.0,0.0,0.0,0.0,0.0,1.0,1.0,0.0,1.0,0.0,,,70.0,0.0,0.0,0.0,0.0,0.0,0.0,0.0
2026_04_LAC_SEA,2026,4,SEA,LAC,7,7,0,0.0,0.0,0.0,0.0,0.0,0.0,0.0,0.0,1.0,0.0,1.0,,,,,0.0,0.0,0.0,0.0,0.0,0.0
2026_04_DEN_SF,2026,4,SF,DEN,7,7,0,0.0,0.0,0.0,0.0,0.0,0.0,0.0,0.0,1.0,1.0,0.0,,,,,0.0,0.0,0.0,0.0,0.0,0.0
2026_04_DET_CAR,2026,4,CAR,DET,7,7,0,0.0,0.0,0.0,0.0,0.0,0.0,0.0,0.0,1.0,1.0,0.0,,,,,0.0,0.0,0.0,0.0,0.0,0.0
2026_04_ATL_NO,2026,4,NO,ATL,8,11,-3,0.0,0.0,0.0,0.0,1.0,-1.0,1.0,1.0,0.0,0.0,1.0,,,70.0,0.0,0.0,0.0,0.0,0.0,0.0,0.0
2026_05_TB_DAL,2026,5,DAL,TB,4,4,0,1.0,1.0,0.0,0.0,0.0,0.0,0.0,0.0,1.0,0.0,1.0,,,,,0.0,0.0,0.0,0.0,0.0,0.0
2026_05_PHI_JAX,2026,5,JAX,PHI,7,7,0,0.0,0.0,0.0,0.0,0.0,0.0,0.0,0.0,1.0,1.0,0.0,,,,,0.0,0.0,0.0,0.0,0.0,0.0
2026_05_CIN_MIA,2026,5,MIA,CIN,7,7,0,0.0,0.0,0.0,0.0,0.0,0.0,0.0,0.0,1.0,1.0,0.0,,,,,0.0,0.0,0.0,0.0,0.0,0.0
2026_05_LV_NE,2026,5,NE,LV,7,7,0,0.0,0.0,0.0,0.0,0.0,0.0,0.0,0.0,1.0,0.0,1.0,,,,,0.0,0.0,0.0,0.0,0.0,0.0
2026_05_MIN_NO,2026,5,NO,MIN,6,7,-1,1.0,0.0,-1.0,0.0,0.0,0.0,0.0,1.0,0.0,0.0,1.0,,,70.0,0.0,0.0,0.0,0.0,0.0,0.0,0.0
2026_05_CLE_NYJ,2026,5,NYJ,CLE,7,10,-3,0.0,0.0,0.0,0.0,1.0,-1.0,0.0,0.0,1.0,0.0,1.0,,,,,0.0,0.0,0.0,0.0,0.0,0.0
2026_05_IND_PIT,2026,5,PIT,IND,10,7,3,0.0,0.0,0.0,1.0,0.0,1.0,0.0,0.0,1.0,1.0,0.0,,,,,0.0,0.0,0.0,0.0,0.0,0.0
2026_05_HOU_TEN,2026,5,TEN,HOU,7,7,0,0.0,0.0,0.0,0.0,0.0,0.0,1.0,0.0,1.0,1.0,0.0,,,,,0.0,0.0,0.0,0.0,0.0,0.0
2026_05_NYG_WAS,2026,5,WAS,NYG,7,7,0,0.0,0.0,0.0,0.0,0.0,0.0,1.0,0.0,1.0,1.0,0.0,,,,,0.0,0.0,0.0,0.0,0.0,0.0
2026_05_DEN_LAC,2026,5,LAC,DEN,7,7,0,0.0,0.0,0.0,0.0,0.0,0.0,1.0,1.0,0.0,0.0,1.0,,,70.0,0.0,0.0,0.0,0.0,0.0,0.0,0.0
2026_05_DET_ARI,2026,5,ARI,DET,7,7,0,0.0,0.0,0.0,0.0,0.0,0.0,0.0,0.0,1.0,1.0,0.0,,,,,0.0,0.0,0.0,0.0,0.0,0.0
2026_05_CHI_GB,2026,5,GB,CHI,7,7,0,0.0,0.0,0.0,0.0,0.0,0.0,1.0,0.0,1.0,1.0,0.0,,,,,0.0,0.0,0.0,0.0,0.0,0.0
2026_05_SF_SEA,2026,5,SEA,SF,7,7,0,0.0,0.0,0.0,0.0,0.0,0.0,1.0,0.0,1.0,0.0,1.0,,,,,0.0,0.0,0.0,0.0,0.0,0.0
2026_05_BAL_ATL,2026,5,ATL,BAL,6,7,-1,1.0,0.0,-1.0,0.0,0.0,0.0,0.0,0.0,1.0,0.0,1.0,,,,,0.0,0.0,0.0,0.0,0.0,0.0
2026_05_BUF_LA,2026,5,LA,BUF,8,8,0,0.0,0.0,0.0,0.0,0.0,0.0,0.0,1.0,0.0,0.0,1.0,,,70.0,0.0,0.0,0.0,0.0,0.0,0.0,0.0
2026_06_SEA_DEN,2026,6,DEN,SEA,4,4,0,1.0,1.0,0.0,0.0,0.0,0.0,0.0,0.0,1.0,1.0,0.0,,,,,0.0,0.0,0.0,0.0,0.0,0.0
2026_06_HOU_JAX,2026,6,JAX,HOU,7,7,0,0.0,0.0,0.0,0.0,0.0,0.0,1.0,0.0,1.0,1.0,0.0,,,,,0.0,0.0,0.0,0.0,0.0,0.0
2026_06_CHI_ATL,2026,6,ATL,CHI,7,7,0,0.0,0.0,0.0,0.0,0.0,0.0,0.0,0.0,1.0,0.0,1.0,,,,,0.0,0.0,0.0,0.0,0.0,0.0
2026_06_BAL_CLE,2026,6,CLE,BAL,7,7,0,0.0,0.0,0.0,0.0,0.0,0.0,1.0,0.0,1.0,1.0,0.0,,,,,0.0,0.0,0.0,0.0,0.0,0.0
2026_06_TEN_IND,2026,6,IND,TEN,7,7,0,0.0,0.0,0.0,0.0,0.0,0.0,1.0,0.0,1.0,0.0,1.0,,,,,0.0,0.0,0.0,0.0,0.0,0.0
2026_06_NYJ_NE,2026,6,NE,NYJ,7,7,0,0.0,0.0,0.0,0.0,0.0,0.0,1.0,0.0,1.0,0.0,1.0,,,,,0.0,0.0,0.0,0.0,0.0,0.0
2026_06_NO_NYG,2026,6,NYG,NO,7,7,0,0.0,0.0,0.0,0.0,0.0,0.0,0.0,0.0,1.0,0.0,1.0,,,,,0.0,0.0,0.0,0.0,0.0,0.0
2026_06_CAR_PHI,2026,6,PHI,CAR,7,14,-7,0.0,0.0,0.0,0.0,1.0,-1.0,0.0,0.0,1.0,1.0,0.0,,,,,0.0,0.0,0.0,0.0,0.0,0.0
2026_06_PIT_TB,2026,6,TB,PIT,10,7,3,0.0,0.0,0.0,1.0,0.0,1.0,0.0,0.0,1.0,1.0,0.0,,,,,0.0,0.0,0.0,0.0,0.0,0.0
2026_06_ARI_LA,2026,6,LA,ARI,6,7,-1,1.0,0.0,-1.0,0.0,0.0,0.0,1.0,1.0,0.0,0.0,1.0,,,70.0,0.0,0.0,0.0,0.0,0.0,0.0,0.0
2026_06_LAC_KC,2026,6,KC,LAC,14,7,7,0.0,0.0,0.0,1.0,0.0,1.0,1.0,0.0,1.0,1.0,0.0,,,,,0.0,0.0,0.0,0.0,0.0,0.0
2026_06_BUF_LV,2026,6,LV,BUF,7,6,1,0.0,1.0,1.0,0.0,0.0,0.0,0.0,1.0,0.0,1.0,0.0,,,70.0,0.0,0.0,0.0,0.0,0.0,0.0,0.0
2026_06_DAL_GB,2026,6,GB,DAL,7,10,-3,0.0,0.0,0.0,0.0,1.0,-1.0,0.0,0.0,1.0,1.0,0.0,,,,,0.0,0.0,0.0,0.0,0.0,0.0
2026_06_WAS_SF,2026,6,SF,WAS,8,8,0,0.0,0.0,0.0,0.0,0.0,0.0,0.0,0.0,1.0,1.0,0.0,,,,,0.0,0.0,0.0,0.0,0.0,0.0
2026_07_NE_CHI,2026,7,CHI,NE,4,4,0,1.0,1.0,0.0,0.0,0.0,0.0,0.0,0.0,1.0,1.0,0.0,,,,,0.0,0.0,0.0,0.0,0.0,0.0
2026_07_PIT_NO,2026,7,NO,PIT,7,7,0,0.0,0.0,0.0,0.0,0.0,0.0,0.0,1.0,0.0,0.0,1.0,,,70.0,0.0,0.0,0.0,0.0,0.0,0.0,0.0
2026_07_SF_ATL,2026,7,ATL,SF,7,6,1,0.0,1.0,1.0,0.0,0.0,0.0,0.0,0.0,1.0,0.0,1.0,,,,,0.0,0.0,0.0,0.0,0.0,0.0
2026_07_CIN_BAL,2026,7,BAL,CIN,7,14,-7,0.0,0.0,0.0,0.0,1.0,-1.0,1.0,0.0,1.0,1.0,0.0,,,,,0.0,0.0,0.0,0.0,0.0,0.0
2026_07_TB_CAR,2026,7,CAR,TB,7,7,0,0.0,0.0,0.0,0.0,0.0,0.0,1.0,0.0,1.0,1.0,0.0,,,,,0.0,0.0,0.0,0.0,0.0,0.0
2026_07_NYG_HOU,2026,7,HOU,NYG,7,7,0,0.0,0.0,0.0,0.0,0.0,0.0,0.0,0.0,1.0,0.0,1.0,,,,,0.0,0.0,0.0,0.0,0.0,0.0
2026_07_IND_MIN,2026,7,MIN,IND,14,7,7,0.0,0.0,0.0,1.0,0.0,1.0,0.0,1.0,0.0,0.0,1.0,,,70.0,0.0,0.0,0.0,0.0,0.0,0.0,0.0
2026_07_MIA_NYJ,2026,7,NYJ,MIA,7,14,-7,0.0,0.0,0.0,0.0,1.0,-1.0,1.0,0.0,1.0,0.0,1.0,,,,,0.0,0.0,0.0,0.0,0.0,0.0
2026_07_CLE_TEN,2026,7,TEN,CLE,7,7,0,0.0,0.0,0.0,0.0,0.0,0.0,0.0,0.0,1.0,1.0,0.0,,,,,0.0,0.0,0.0,0.0,0.0,0.0
2026_07_DEN_ARI,2026,7,ARI,DEN,7,10,-3,0.0,0.0,0.0,0.0,1.0,-1.0,0.0,0.0,1.0,1.0,0.0,,,,,0.0,0.0,0.0,0.0,0.0,0.0
2026_07_GB_DET,2026,7,DET,GB,14,7,7,0.0,0.0,0.0,1.0,0.0,1.0,1.0,1.0,0.0,0.0,1.0,,,70.0,0.0,0.0,0.0,0.0,0.0,0.0,0.0
2026_07_LA_LV,2026,7,LV,LA,7,7,0,0.0,0.0,0.0,0.0,0.0,0.0,0.0,1.0,0.0,1.0,0.0,,,70.0,0.0,0.0,0.0,0.0,0.0,0.0,0.0
2026_07_KC_SEA,2026,7,SEA,KC,10,7,3,0.0,0.0,0.0,1.0,0.0,1.0,0.0,0.0,1.0,0.0,1.0,,,,,0.0,0.0,0.0,0.0,0.0,0.0
2026_07_DAL_PHI,2026,7,PHI,DAL,8,8,0,0.0,0.0,0.0,0.0,0.0,0.0,1.0,0.0,1.0,1.0,0.0,,,,,0.0,0.0,0.0,0.0,0.0,0.0
2026_08_CAR_GB,2026,8,GB,CAR,4,4,0,1.0,1.0,0.0,0.0,0.0,0.0,0.0,0.0,1.0,1.0,0.0,,,,,0.0,0.0,0.0,0.0,0.0,0.0
2026_08_BAL_BUF,2026,8,BUF,BAL,14,7,7,0.0,0.0,0.0,1.0,0.0,1.0,0.0,0.0,1.0,0.0,1.0,,,,,0.0,0.0,0.0,0.0,0.0,0.0
2026_08_TEN_CIN,2026,8,CIN,TEN,7,7,0,0.0,0.0,0.0,0.0,0.0,0.0,0.0,0.0,1.0,0.0,1.0,,,,,0.0,0.0,0.0,0.0,0.0,0.0
2026_08_ARI_DAL,2026,8,DAL,ARI,6,7,-1,1.0,0.0,-1.0,0.0,0.0,0.0,0.0,0.0,1.0,0.0,1.0,,,,,0.0,0.0,0.0,0.0,0.0,0.0
2026_08_MIN_DET,2026,8,DET,MIN,7,7,0,0.0,0.0,0.0,0.0,0.0,0.0,1.0,1.0,0.0,0.0,1.0,,,70.0,0.0,0.0,0.0,0.0,0.0,0.0,0.0
2026_08_IND_JAX,2026,8,JAX,IND,14,7,7,0.0,0.0,0.0,1.0,0.0,1.0,1.0,0.0,1.0,1.0,0.0,,,,,0.0,0.0,0.0,0.0,0.0,0.0
2026_08_LV_NYJ,2026,8,NYJ,LV,7,7,0,0.0,0.0,0.0,0.0,0.0,0.0,0.0,0.0,1.0,0.0,1.0,,,,,0.0,0.0,0.0,0.0,0.0,0.0
2026_08_CLE_PIT,2026,8,PIT,CLE,7,7,0,0.0,0.0,0.0,0.0,0.0,0.0,1.0,0.0,1.0,1.0,0.0,,,,,0.0,0.0,0.0,0.0,0.0,0.0
2026_08_ATL_TB,2026,8,TB,ATL,7,7,0,0.0,0.0,0.0,0.0,0.0,0.0,1.0,0.0,1.0,1.0,0.0,,,,,0.0,0.0,0.0,0.0,0.0,0.0
2026_08_LAC_LA,2026,8,LA,LAC,7,14,-7,0.0,0.0,0.0,0.0,1.0,-1.0,0.0,1.0,0.0,0.0,1.0,,,70.0,0.0,0.0,0.0,0.0,0.0,0.0,0.0
2026_08_KC_DEN,2026,8,DEN,KC,7,7,0,0.0,0.0,0.0,0.0,0.0,0.0,1.0,0.0,1.0,1.0,0.0,,,,,0.0,0.0,0.0,0.0,0.0,0.0
2026_08_NE_MIA,2026,8,MIA,NE,7,10,-3,0.0,0.0,0.0,0.0,1.0,-1.0,1.0,0.0,1.0,1.0,0.0,,,,,0.0,0.0,0.0,0.0,0.0,0.0
2026_08_PHI_WAS,2026,8,WAS,PHI,13,6,7,0.0,1.0,1.0,1.0,0.0,1.0,1.0,0.0,1.0,1.0,0.0,,,,,0.0,0.0,0.0,0.0,0.0,0.0
2026_08_CHI_SEA,2026,8,SEA,CHI,8,11,-3,0.0,0.0,0.0,0.0,1.0,-1.0,0.0,0.0,1.0,0.0,1.0,,,,,0.0,0.0,0.0,0.0,0.0,0.0
2026_09_JAX_BAL,2026,9,BAL,JAX,4,4,0,1.0,1.0,0.0,0.0,0.0,0.0,0.0,0.0,1.0,1.0,0.0,,,,,0.0,0.0,0.0,0.0,0.0,0.0
2026_09_CIN_ATL,2026,9,ATL,CIN,7,7,0,0.0,0.0,0.0,0.0,0.0,0.0,0.0,0.0,1.0,0.0,1.0,,,,,0.0,0.0,0.0,0.0,0.0,0.0
2026_09_DEN_CAR,2026,9,CAR,DEN,10,7,3,0.0,0.0,0.0,1.0,0.0,1.0,0.0,0.0,1.0,1.0,0.0,,,,,0.0,0.0,0.0,0.0,0.0,0.0
2026_09_DAL_IND,2026,9,IND,DAL,7,7,0,0.0,0.0,0.0,0.0,0.0,0.0,0.0,0.0,1.0,0.0,1.0,,,,,0.0,0.0,0.0,0.0,0.0,0.0
2026_09_NYJ_KC,2026,9,KC,NYJ,7,7,0,0.0,0.0,0.0,0.0,0.0,0.0,0.0,0.0,1.0,1.0,0.0,,,,,0.0,0.0,0.0,0.0,0.0,0.0
2026_09_DET_MIA,2026,9,MIA,DET,7,7,0,0.0,0.0,0.0,0.0,0.0,0.0,0.0,0.0,1.0,1.0,0.0,,,,,0.0,0.0,0.0,0.0,0.0,0.0
2026_09_CLE_NO,2026,9,NO,CLE,14,7,7,0.0,0.0,0.0,1.0,0.0,1.0,0.0,1.0,0.0,0.0,1.0,,,70.0,0.0,0.0,0.0,0.0,0.0,0.0,0.0
2026_09_NYG_PHI,2026,9,PHI,NYG,7,14,-7,0.0,0.0,0.0,0.0,1.0,-1.0,1.0,0.0,1.0,1.0,0.0,,,,,0.0,0.0,0.0,0.0,0.0,0.0
2026_09_LA_WAS,2026,9,WAS,LA,7,7,0,0.0,0.0,0.0,0.0,0.0,0.0,0.0,0.0,1.0,1.0,0.0,,,,,0.0,0.0,0.0,0.0,0.0,0.0
2026_09_HOU_LAC,2026,9,LAC,HOU,7,14,-7,0.0,0.0,0.0,0.0,1.0,-1.0,0.0,1.0,0.0,0.0,1.0,,,70.0,0.0,0.0,0.0,0.0,0.0,0.0,0.0
2026_09_LV_SF,2026,9,SF,LV,14,7,7,0.0,0.0,0.0,1.0,0.0,1.0,0.0,0.0,1.0,1.0,0.0,,,,,0.0,0.0,0.0,0.0,0.0,0.0
2026_09_GB_NE,2026,9,NE,GB,7,10,-3,0.0,0.0,0.0,0.0,1.0,-1.0,0.0,0.0,1.0,0.0,1.0,,,,,0.0,0.0,0.0,0.0,0.0,0.0
2026_09_ARI_SEA,2026,9,SEA,ARI,6,7,-1,1.0,0.0,-1.0,0.0,0.0,0.0,1.0,0.0,1.0,0.0,1.0,,,,,0.0,0.0,0.0,0.0,0.0,0.0
2026_09_TB_CHI,2026,9,CHI,TB,6,7,-1,1.0,0.0,-1.0,0.0,0.0,0.0,0.0,0.0,1.0,1.0,0.0,,,,,0.0,0.0,0.0,0.0,0.0,0.0
2026_09_BUF_MIN,2026,9,MIN,BUF,8,8,0,0.0,0.0,0.0,0.0,0.0,0.0,0.0,1.0,0.0,0.0,1.0,,,70.0,0.0,0.0,0.0,0.0,0.0,0.0,0.0
2026_10_WAS_NYG,2026,10,NYG,WAS,4,4,0,1.0,1.0,0.0,0.0,0.0,0.0,1.0,0.0,1.0,0.0,1.0,,,,,0.0,0.0,0.0,0.0,0.0,0.0
2026_10_NE_DET,2026,10,DET,NE,7,7,0,0.0,0.0,0.0,0.0,0.0,0.0,0.0,1.0,0.0,0.0,1.0,,,70.0,0.0,0.0,0.0,0.0,0.0,0.0,0.0
2026_10_KC_ATL,2026,10,ATL,KC,7,7,0,0.0,0.0,0.0,0.0,0.0,0.0,0.0,0.0,1.0,0.0,1.0,,,,,0.0,0.0,0.0,0.0,0.0,0.0
2026_10_HOU_CLE,2026,10,CLE,HOU,7,7,0,0.0,0.0,0.0,0.0,0.0,0.0,0.0,0.0,1.0,1.0,0.0,,,,,0.0,0.0,0.0,0.0,0.0,0.0
2026_10_MIN_GB,2026,10,GB,MIN,7,6,1,0.0,1.0,1.0,0.0,0.0,0.0,1.0,0.0,1.0,1.0,0.0,,,,,0.0,0.0,0.0,0.0,0.0,0.0
2026_10_MIA_IND,2026,10,IND,MIA,7,7,0,0.0,0.0,0.0,0.0,0.0,0.0,0.0,0.0,1.0,0.0,1.0,,,,,0.0,0.0,0.0,0.0,0.0,0.0
2026_10_CAR_NO,2026,10,NO,CAR,7,7,0,0.0,0.0,0.0,0.0,0.0,0.0,1.0,1.0,0.0,0.0,1.0,,,70.0,0.0,0.0,0.0,0.0,0.0,0.0,0.0
2026_10_BUF_NYJ,2026,10,NYJ,BUF,7,6,1,0.0,1.0,1.0,0.0,0.0,0.0,1.0,0.0,1.0,0.0,1.0,,,,,0.0,0.0,0.0,0.0,0.0,0.0
2026_10_JAX_TEN,2026,10,TEN,JAX,14,10,4,0.0,0.0,0.0,1.0,1.0,0.0,1.0,0.0,1.0,1.0,0.0,,,,,0.0,0.0,0.0,0.0,0.0,0.0
2026_10_LA_ARI,2026,10,ARI,LA,7,7,0,0.0,0.0,0.0,0.0,0.0,0.0,1.0,0.0,1.0,1.0,0.0,,,,,0.0,0.0,0.0,0.0,0.0,0.0
2026_10_SEA_LV,2026,10,LV,SEA,7,7,0,0.0,0.0,0.0,0.0,0.0,0.0,0.0,1.0,0.0,1.0,0.0,,,70.0,0.0,0.0,0.0,0.0,0.0,0.0,0.0
2026_10_SF_DAL,2026,10,DAL,SF,7,7,0,0.0,0.0,0.0,0.0,0.0,0.0,0.0,0.0,1.0,0.0,1.0,,,,,0.0,0.0,0.0,0.0,0.0,0.0
2026_10_PIT_CIN,2026,10,CIN,PIT,7,14,-7,0.0,0.0,0.0,0.0,1.0,-1.0,1.0,0.0,1.0,0.0,1.0,,,,,0.0,0.0,0.0,0.0,0.0,0.0
2026_10_LAC_BAL,2026,10,BAL,LAC,11,8,3,0.0,0.0,0.0,1.0,0.0,1.0,0.0,0.0,1.0,1.0,0.0,,,,,0.0,0.0,0.0,0.0,0.0,0.0
2026_11_IND_HOU,2026,11,HOU,IND,4,4,0,1.0,1.0,0.0,0.0,0.0,0.0,1.0,0.0,1.0,0.0,1.0,,,,,0.0,0.0,0.0,0.0,0.0,0.0
2026_11_MIA_BUF,2026,11,BUF,MIA,7,7,0,0.0,0.0,0.0,0.0,0.0,0.0,1.0,0.0,1.0,0.0,1.0,,,,,0.0,0.0,0.0,0.0,0.0,0.0
2026_11_BAL_CAR,2026,11,CAR,BAL,7,6,1,0.0,1.0,1.0,0.0,0.0,0.0,0.0,0.0,1.0,1.0,0.0,,,,,0.0,0.0,0.0,0.0,0.0,0.0
2026_11_NO_CHI,2026,11,CHI,NO,14,7,7,0.0,0.0,0.0,1.0,0.0,1.0,0.0,0.0,1.0,1.0,0.0,,,,,0.0,0.0,0.0,0.0,0.0,0.0
2026_11_TEN_DAL,2026,11,DAL,TEN,7,7,0,0.0,0.0,0.0,0.0,0.0,0.0,0.0,0.0,1.0,0.0,1.0,,,,,0.0,0.0,0.0,0.0,0.0,0.0
2026_11_TB_DET,2026,11,DET,TB,7,14,-7,0.0,0.0,0.0,0.0,1.0,-1.0,0.0,1.0,0.0,0.0,1.0,,,70.0,0.0,0.0,0.0,0.0,0.0,0.0,0.0
2026_11_ARI_KC,2026,11,KC,ARI,7,7,0,0.0,0.0,0.0,0.0,0.0,0.0,0.0,0.0,1.0,1.0,0.0,,,,,0.0,0.0,0.0,0.0,0.0,0.0
2026_11_JAX_NYG,2026,11,NYG,JAX,10,7,3,0.0,0.0,0.0,1.0,0.0,1.0,0.0,0.0,1.0,0.0,1.0,,,,,0.0,0.0,0.0,0.0,0.0,0.0
2026_11_NYJ_LAC,2026,11,LAC,NYJ,6,7,-1,1.0,0.0,-1.0,0.0,0.0,0.0,0.0,1.0,0.0,0.0,1.0,,,70.0,0.0,0.0,0.0,0.0,0.0,0.0,0.0
2026_11_LV_DEN,2026,11,DEN,LV,14,7,7,0.0,0.0,0.0,1.0,0.0,1.0,1.0,0.0,1.0,1.0,0.0,,,,,0.0,0.0,0.0,0.0,0.0,0.0
2026_11_PIT_PHI,2026,11,PHI,PIT,14,7,7,0.0,0.0,0.0,1.0,0.0,1.0,0.0,0.0,1.0,1.0,0.0,,,,,0.0,0.0,0.0,0.0,0.0,0.0
2026_11_MIN_SF,2026,11,SF,MIN,7,7,0,0.0,0.0,0.0,0.0,0.0,0.0,0.0,0.0,1.0,1.0,0.0,,,,,0.0,0.0,0.0,0.0,0.0,0.0
2026_11_CIN_WAS,2026,11,WAS,CIN,11,8,3,0.0,0.0,0.0,1.0,0.0,1.0,0.0,0.0,1.0,1.0,0.0,,,,,0.0,0.0,0.0,0.0,0.0,0.0
2026_12_GB_LA,2026,12,LA,GB,10,10,0,0.0,0.0,0.0,1.0,1.0,0.0,0.0,1.0,0.0,0.0,1.0,,,70.0,0.0,0.0,0.0,0.0,0.0,0.0,0.0
2026_12_CHI_DET,2026,12,DET,CHI,4,4,0,1.0,1.0,0.0,0.0,0.0,0.0,1.0,1.0,0.0,0.0,1.0,,,70.0,0.0,0.0,0.0,0.0,0.0,0.0,0.0
2026_12_PHI_DAL,2026,12,DAL,PHI,4,4,0,1.0,1.0,0.0,0.0,0.0,0.0,1.0,0.0,1.0,0.0,1.0,,,,,0.0,0.0,0.0,0.0,0.0,0.0
2026_12_KC_BUF,2026,12,BUF,KC,4,4,0,1.0,1.0,0.0,0.0,0.0,0.0,0.0,0.0,1.0,0.0,1.0,,,,,0.0,0.0,0.0,0.0,0.0,0.0
2026_12_DEN_PIT,2026,12,PIT,DEN,5,5,0,1.0,1.0,0.0,0.0,0.0,0.0,0.0,0.0,1.0,1.0,0.0,,,,,0.0,0.0,0.0,0.0,0.0,0.0
2026_12_NO_CIN,2026,12,CIN,NO,6,7,-1,1.0,0.0,-1.0,0.0,0.0,0.0,0.0,0.0,1.0,0.0,1.0,,,,,0.0,0.0,0.0,0.0,0.0,0.0
2026_12_LV_CLE,2026,12,CLE,LV,14,7,7,0.0,0.0,0.0,1.0,0.0,1.0,0.0,0.0,1.0,1.0,0.0,,,,,0.0,0.0,0.0,0.0,0.0,0.0
2026_12_BAL_HOU,2026,12,HOU,BAL,10,7,3,0.0,0.0,0.0,1.0,0.0,1.0,0.0,0.0,1.0,0.0,1.0,,,,,0.0,0.0,0.0,0.0,0.0,0.0
2026_12_NYG_IND,2026,12,IND,NYG,10,7,3,0.0,0.0,0.0,1.0,0.0,1.0,0.0,0.0,1.0,0.0,1.0,,,,,0.0,0.0,0.0,0.0,0.0,0.0
2026_12_NYJ_MIA,2026,12,MIA,NYJ,7,7,0,0.0,0.0,0.0,0.0,0.0,0.0,1.0,0.0,1.0,1.0,0.0,,,,,0.0,0.0,0.0,0.0,0.0,0.0
2026_12_ATL_MIN,2026,12,MIN,ATL,7,14,-7,0.0,0.0,0.0,0.0,1.0,-1.0,0.0,1.0,0.0,0.0,1.0,,,70.0,0.0,0.0,0.0,0.0,0.0,0.0,0.0
2026_12_TEN_JAX,2026,12,JAX,TEN,7,7,0,0.0,0.0,0.0,0.0,0.0,0.0,1.0,0.0,1.0,1.0,0.0,,,,,0.0,0.0,0.0,0.0,0.0,0.0
2026_12_WAS_ARI,2026,12,ARI,WAS,7,6,1,0.0,1.0,1.0,0.0,0.0,0.0,0.0,0.0,1.0,1.0,0.0,,,,,0.0,0.0,0.0,0.0,0.0,0.0
2026_12_SEA_SF,2026,12,SF,SEA,7,14,-7,0.0,0.0,0.0,0.0,1.0,-1.0,1.0,0.0,1.0,1.0,0.0,,,,,0.0,0.0,0.0,0.0,0.0,0.0
2026_12_NE_LAC,2026,12,LAC,NE,7,14,-7,0.0,0.0,0.0,0.0,1.0,-1.0,0.0,1.0,0.0,0.0,1.0,,,70.0,0.0,0.0,0.0,0.0,0.0,0.0,0.0
2026_12_CAR_TB,2026,12,TB,CAR,8,8,0,0.0,0.0,0.0,0.0,0.0,0.0,1.0,0.0,1.0,1.0,0.0,,,,,0.0,0.0,0.0,0.0,0.0,0.0
2026_13_KC_LA,2026,13,LA,KC,8,7,1,0.0,0.0,0.0,0.0,0.0,0.0,0.0,1.0,0.0,0.0,1.0,,,70.0,0.0,0.0,0.0,0.0,0.0,0.0,0.0
2026_13_DET_ATL,2026,13,ATL,DET,7,10,-3,0.0,0.0,0.0,0.0,1.0,-1.0,0.0,0.0,1.0,0.0,1.0,,,,,0.0,0.0,0.0,0.0,0.0,0.0
2026_13_JAX_CHI,2026,13,CHI,JAX,10,7,3,0.0,0.0,0.0,1.0,0.0,1.0,0.0,0.0,1.0,1.0,0.0,,,,,0.0,0.0,0.0,0.0,0.0,0.0
2026_13_CIN_CLE,2026,13,CLE,CIN,7,7,0,0.0,0.0,0.0,0.0,0.0,0.0,1.0,0.0,1.0,1.0,0.0,,,,,0.0,0.0,0.0,0.0,0.0,0.0
2026_13_GB_NO,2026,13,NO,GB,7,11,-4,0.0,0.0,0.0,0.0,1.0,-1.0,0.0,1.0,0.0,0.0,1.0,,,70.0,0.0,0.0,0.0,0.0,0.0,0.0,0.0
2026_13_SF_NYG,2026,13,NYG,SF,7,7,0,0.0,0.0,0.0,0.0,0.0,0.0,0.0,0.0,1.0,0.0,1.0,,,,,0.0,0.0,0.0,0.0,0.0,0.0
2026_13_LAC_TB,2026,13,TB,LAC,6,7,-1,1.0,0.0,-1.0,0.0,0.0,0.0,0.0,0.0,1.0,1.0,0.0,,,,,0.0,0.0,0.0,0.0,0.0,0.0
2026_13_WAS_TEN,2026,13,TEN,WAS,7,7,0,0.0,0.0,0.0,0.0,0.0,0.0,0.0,0.0,1.0,1.0,0.0,,,,,0.0,0.0,0.0,0.0,0.0,0.0
2026_13_PHI_ARI,2026,13,ARI,PHI,7,10,-3,0.0,0.0,0.0,0.0,1.0,-1.0,0.0,0.0,1.0,1.0,0.0,,,,,0.0,0.0,0.0,0.0,0.0,0.0
2026_13_MIA_DEN,2026,13,DEN,MIA,9,7,2,0.0,0.0,0.0,0.0,0.0,0.0,0.0,0.0,1.0,1.0,0.0,,,,,0.0,0.0,0.0,0.0,0.0,0.0
2026_13_CAR_MIN,2026,13,MIN,CAR,7,6,1,0.0,1.0,1.0,0.0,0.0,0.0,0.0,1.0,0.0,0.0,1.0,,,70.0,0.0,0.0,0.0,0.0,0.0,0.0,0.0
2026_13_BUF_NE,2026,13,NE,BUF,7,10,-3,0.0,0.0,0.0,0.0,1.0,-1.0,1.0,0.0,1.0,0.0,1.0,,,,,0.0,0.0,0.0,0.0,0.0,0.0
2026_13_HOU_PIT,2026,13,PIT,HOU,9,7,2,0.0,0.0,0.0,0.0,0.0,0.0,0.0,0.0,1.0,1.0,0.0,,,,,0.0,0.0,0.0,0.0,0.0,0.0
2026_13_DAL_SEA,2026,13,SEA,DAL,8,11,-3,0.0,0.0,0.0,0.0,1.0,-1.0,0.0,0.0,1.0,0.0,1.0,,,,,0.0,0.0,0.0,0.0,0.0,0.0
2026_14_MIN_NE,2026,14,NE,MIN,4,4,0,1.0,1.0,0.0,0.0,0.0,0.0,0.0,0.0,1.0,0.0,1.0,,,,,0.0,0.0,0.0,0.0,0.0,0.0
2026_14_TB_BAL,2026,14,BAL,TB,14,7,7,0.0,0.0,0.0,1.0,0.0,1.0,0.0,0.0,1.0,1.0,0.0,,,,,0.0,0.0,0.0,0.0,0.0,0.0
2026_14_NO_CAR,2026,14,CAR,NO,7,7,0,0.0,0.0,0.0,0.0,0.0,0.0,1.0,0.0,1.0,1.0,0.0,,,,,0.0,0.0,0.0,0.0,0.0,0.0
2026_14_ATL_CLE,2026,14,CLE,ATL,7,7,0,0.0,0.0,0.0,0.0,0.0,0.0,0.0,0.0,1.0,1.0,0.0,,,,,0.0,0.0,0.0,0.0,0.0,0.0
2026_14_TEN_DET,2026,14,DET,TEN,7,7,0,0.0,0.0,0.0,0.0,0.0,0.0,0.0,1.0,0.0,0.0,1.0,,,70.0,0.0,0.0,0.0,0.0,0.0,0.0,0.0
2026_14_CHI_MIA,2026,14,MIA,CHI,7,7,0,0.0,0.0,0.0,0.0,0.0,0.0,0.0,0.0,1.0,1.0,0.0,,,,,0.0,0.0,0.0,0.0,0.0,0.0
2026_14_DEN_NYJ,2026,14,NYJ,DEN,14,7,7,0.0,0.0,0.0,1.0,0.0,1.0,0.0,0.0,1.0,0.0,1.0,,,,,0.0,0.0,0.0,0.0,0.0,0.0
2026_14_IND_PHI,2026,14,PHI,IND,7,14,-7,0.0,0.0,0.0,0.0,1.0,-1.0,0.0,0.0,1.0,1.0,0.0,,,,,0.0,0.0,0.0,0.0,0.0,0.0
2026_14_HOU_WAS,2026,14,WAS,HOU,7,7,0,0.0,0.0,0.0,0.0,0.0,0.0,0.0,0.0,1.0,1.0,0.0,,,,,0.0,0.0,0.0,0.0,0.0,0.0
2026_14_LAC_LV,2026,14,LV,LAC,14,7,7,0.0,0.0,0.0,1.0,0.0,1.0,1.0,1.0,0.0,1.0,0.0,,,70.0,0.0,0.0,0.0,0.0,0.0,0.0,0.0
2026_14_KC_CIN,2026,14,CIN,KC,7,10,-3,0.0,0.0,0.0,0.0,1.0,-1.0,0.0,0.0,1.0,0.0,1.0,,,,,0.0,0.0,0.0,0.0,0.0,0.0
2026_14_NYG_SEA,2026,14,SEA,NYG,6,7,-1,1.0,0.0,-1.0,0.0,0.0,0.0,0.0,0.0,1.0,0.0,1.0,,,,,0.0,0.0,0.0,0.0,0.0,0.0
2026_14_LA_SF,2026,14,SF,LA,7,10,-3,0.0,0.0,0.0,0.0,1.0,-1.0,1.0,0.0,1.0,1.0,0.0,,,,,0.0,0.0,0.0,0.0,0.0,0.0
2026_14_BUF_GB,2026,14,GB,BUF,7,7,0,0.0,0.0,0.0,0.0,0.0,0.0,0.0,0.0,1.0,1.0,0.0,,,,,0.0,0.0,0.0,0.0,0.0,0.0
2026_14_PIT_JAX,2026,14,JAX,PIT,8,8,0,0.0,0.0,0.0,0.0,0.0,0.0,0.0,0.0,1.0,1.0,0.0,,,,,0.0,0.0,0.0,0.0,0.0,0.0
2026_15_SF_LAC,2026,15,LAC,SF,4,4,0,1.0,1.0,0.0,0.0,0.0,0.0,0.0,1.0,0.0,0.0,1.0,,,70.0,0.0,0.0,0.0,0.0,0.0,0.0,0.0
2026_15_SEA_PHI,2026,15,PHI,SEA,6,6,0,1.0,1.0,0.0,0.0,0.0,0.0,0.0,0.0,1.0,1.0,0.0,,,,,0.0,0.0,0.0,0.0,0.0,0.0
2026_15_CHI_BUF,2026,15,BUF,CHI,6,6,0,1.0,1.0,0.0,0.0,0.0,0.0,0.0,0.0,1.0,0.0,1.0,,,,,0.0,0.0,0.0,0.0,0.0,0.0
2026_15_CIN_CAR,2026,15,CAR,CIN,7,7,0,0.0,0.0,0.0,0.0,0.0,0.0,0.0,0.0,1.0,1.0,0.0,,,,,0.0,0.0,0.0,0.0,0.0,0.0
2026_15_MIA_GB,2026,15,GB,MIA,7,7,0,0.0,0.0,0.0,0.0,0.0,0.0,0.0,0.0,1.0,1.0,0.0,,,,,0.0,0.0,0.0,0.0,0.0,0.0
2026_15_JAX_HOU,2026,15,HOU,JAX,7,6,1,0.0,1.0,1.0,0.0,0.0,0.0,1.0,0.0,1.0,0.0,1.0,,,,,0.0,0.0,0.0,0.0,0.0,0.0
2026_15_CLE_NYG,2026,15,NYG,CLE,7,7,0,0.0,0.0,0.0,0.0,0.0,0.0,0.0,0.0,1.0,0.0,1.0,,,,,0.0,0.0,0.0,0.0,0.0,0.0
2026_15_BAL_PIT,2026,15,PIT,BAL,6,7,-1,1.0,0.0,-1.0,0.0,0.0,0.0,1.0,0.0,1.0,1.0,0.0,,,,,0.0,0.0,0.0,0.0,0.0,0.0
2026_15_NO_TB,2026,15,TB,NO,7,7,0,0.0,0.0,0.0,0.0,0.0,0.0,1.0,0.0,1.0,1.0,0.0,,,,,0.0,0.0,0.0,0.0,0.0,0.0
2026_15_IND_TEN,2026,15,TEN,IND,7,7,0,0.0,0.0,0.0,0.0,0.0,0.0,1.0,0.0,1.0,1.0,0.0,,,,,0.0,0.0,0.0,0.0,0.0,0.0
2026_15_ATL_WAS,2026,15,WAS,ATL,7,7,0,0.0,0.0,0.0,0.0,0.0,0.0,0.0,0.0,1.0,1.0,0.0,,,,,0.0,0.0,0.0,0.0,0.0,0.0
2026_15_NYJ_ARI,2026,15,ARI,NYJ,14,7,7,0.0,0.0,0.0,1.0,0.0,1.0,0.0,0.0,1.0,1.0,0.0,,,,,0.0,0.0,0.0,0.0,0.0,0.0
2026_15_DAL_LA,2026,15,LA,DAL,7,13,-6,0.0,0.0,0.0,0.0,1.0,-1.0,0.0,1.0,0.0,0.0,1.0,,,70.0,0.0,0.0,0.0,0.0,0.0,0.0,0.0
2026_15_DEN_LV,2026,15,LV,DEN,7,7,0,0.0,0.0,0.0,0.0,0.0,0.0,1.0,1.0,0.0,1.0,0.0,,,70.0,0.0,0.0,0.0,0.0,0.0,0.0,0.0
2026_15_DET_MIN,2026,15,MIN,DET,10,7,3,0.0,0.0,0.0,1.0,0.0,1.0,1.0,1.0,0.0,0.0,1.0,,,70.0,0.0,0.0,0.0,0.0,0.0,0.0,0.0
2026_15_NE_KC,2026,15,KC,NE,8,11,-3,0.0,0.0,0.0,0.0,1.0,-1.0,0.0,0.0,1.0,1.0,0.0,,,,,0.0,0.0,0.0,0.0,0.0,0.0
2026_16_HOU_PHI,2026,16,PHI,HOU,5,4,1,1.0,1.0,0.0,0.0,0.0,0.0,0.0,0.0,1.0,1.0,0.0,,,,,0.0,0.0,0.0,0.0,0.0,0.0
2026_16_GB_CHI,2026,16,CHI,GB,6,5,1,1.0,1.0,0.0,0.0,0.0,0.0,1.0,0.0,1.0,1.0,0.0,,,,,0.0,0.0,0.0,0.0,0.0,0.0
2026_16_BUF_DEN,2026,16,DEN,BUF,5,6,-1,1.0,1.0,0.0,0.0,0.0,0.0,0.0,0.0,1.0,1.0,0.0,,,,,0.0,0.0,0.0,0.0,0.0,0.0
2026_16_LA_SEA,2026,16,SEA,LA,6,5,1,1.0,1.0,0.0,0.0,0.0,0.0,1.0,0.0,1.0,0.0,1.0,,,,,0.0,0.0,0.0,0.0,0.0,0.0
2026_16_TB_ATL,2026,16,ATL,TB,7,7,0,0.0,0.0,0.0,0.0,0.0,0.0,1.0,0.0,1.0,0.0,1.0,,,,,0.0,0.0,0.0,0.0,0.0,0.0
2026_16_CLE_BAL,2026,16,BAL,CLE,7,7,0,0.0,0.0,0.0,0.0,0.0,0.0,1.0,0.0,1.0,1.0,0.0,,,,,0.0,0.0,0.0,0.0,0.0,0.0
2026_16_CIN_IND,2026,16,IND,CIN,7,7,0,0.0,0.0,0.0,0.0,0.0,0.0,0.0,0.0,1.0,0.0,1.0,,,,,0.0,0.0,0.0,0.0,0.0,0.0
2026_16_LAC_MIA,2026,16,MIA,LAC,7,10,-3,0.0,0.0,0.0,0.0,1.0,-1.0,0.0,0.0,1.0,1.0,0.0,,,,,0.0,0.0,0.0,0.0,0.0,0.0
2026_16_WAS_MIN,2026,16,MIN,WAS,7,7,0,0.0,0.0,0.0,0.0,0.0,0.0,0.0,1.0,0.0,0.0,1.0,,,70.0,0.0,0.0,0.0,0.0,0.0,0.0,0.0
2026_16_ARI_NO,2026,16,NO,ARI,7,7,0,0.0,0.0,0.0,0.0,0.0,0.0,0.0,1.0,0.0,0.0,1.0,,,70.0,0.0,0.0,0.0,0.0,0.0,0.0,0.0
2026_16_NE_NYJ,2026,16,NYJ,NE,7,6,1,0.0,1.0,1.0,0.0,0.0,0.0,1.0,0.0,1.0,0.0,1.0,,,,,0.0,0.0,0.0,0.0,0.0,0.0
2026_16_CAR_PIT,2026,16,PIT,CAR,7,7,0,0.0,0.0,0.0,0.0,0.0,0.0,0.0,0.0,1.0,1.0,0.0,,,,,0.0,0.0,0.0,0.0,0.0,0.0
2026_16_TEN_LV,2026,16,LV,TEN,7,7,0,0.0,0.0,0.0,0.0,0.0,0.0,0.0,1.0,0.0,1.0,0.0,,,70.0,0.0,0.0,0.0,0.0,0.0,0.0,0.0
2026_16_SF_KC,2026,16,KC,SF,6,10,-4,1.0,0.0,-1.0,0.0,1.0,-1.0,0.0,0.0,1.0,1.0,0.0,,,,,0.0,0.0,0.0,0.0,0.0,0.0
2026_16_JAX_DAL,2026,16,DAL,JAX,7,7,0,0.0,0.0,0.0,0.0,0.0,0.0,0.0,0.0,1.0,0.0,1.0,,,,,0.0,0.0,0.0,0.0,0.0,0.0
2026_16_NYG_DET,2026,16,DET,NYG,8,8,0,0.0,0.0,0.0,0.0,0.0,0.0,0.0,1.0,0.0,0.0,1.0,,,70.0,0.0,0.0,0.0,0.0,0.0,0.0,0.0
2026_17_BAL_CIN,2026,17,CIN,BAL,4,4,0,1.0,1.0,0.0,0.0,0.0,0.0,1.0,0.0,1.0,0.0,1.0,,,,,0.0,0.0,0.0,0.0,0.0,0.0
2026_17_NO_ATL,2026,17,ATL,NO,7,7,0,0.0,0.0,0.0,0.0,0.0,0.0,1.0,0.0,1.0,0.0,1.0,,,,,0.0,0.0,0.0,0.0,0.0,0.0
2026_17_SEA_CAR,2026,17,CAR,SEA,7,9,-2,0.0,0.0,0.0,0.0,0.0,0.0,0.0,0.0,1.0,1.0,0.0,,,,,0.0,0.0,0.0,0.0,0.0,0.0
2026_17_IND_CLE,2026,17,CLE,IND,7,7,0,0.0,0.0,0.0,0.0,0.0,0.0,0.0,0.0,1.0,1.0,0.0,,,,,0.0,0.0,0.0,0.0,0.0,0.0
2026_17_NYG_DAL,2026,17,DAL,NYG,7,6,1,0.0,1.0,1.0,0.0,0.0,0.0,1.0,0.0,1.0,0.0,1.0,,,,,0.0,0.0,0.0,0.0,0.0,0.0
2026_17_WAS_JAX,2026,17,JAX,WAS,7,7,0,0.0,0.0,0.0,0.0,0.0,0.0,0.0,0.0,1.0,1.0,0.0,,,,,0.0,0.0,0.0,0.0,0.0,0.0
2026_17_KC_LAC,2026,17,LAC,KC,7,7,0,0.0,0.0,0.0,0.0,0.0,0.0,1.0,1.0,0.0,0.0,1.0,,,70.0,0.0,0.0,0.0,0.0,0.0,0.0,0.0
2026_17_BUF_MIA,2026,17,MIA,BUF,7,9,-2,0.0,0.0,0.0,0.0,0.0,0.0,1.0,0.0,1.0,1.0,0.0,,,,,0.0,0.0,0.0,0.0,0.0,0.0
2026_17_DEN_NE,2026,17,NE,DEN,7,9,-2,0.0,0.0,0.0,0.0,0.0,0.0,0.0,0.0,1.0,0.0,1.0,,,,,0.0,0.0,0.0,0.0,0.0,0.0
2026_17_MIN_NYJ,2026,17,NYJ,MIN,7,7,0,0.0,0.0,0.0,0.0,0.0,0.0,0.0,0.0,1.0,0.0,1.0,,,,,0.0,0.0,0.0,0.0,0.0,0.0
2026_17_LA_TB,2026,17,TB,LA,7,9,-2,0.0,0.0,0.0,0.0,0.0,0.0,0.0,0.0,1.0,1.0,0.0,,,,,0.0,0.0,0.0,0.0,0.0,0.0
2026_17_PIT_TEN,2026,17,TEN,PIT,7,7,0,0.0,0.0,0.0,0.0,0.0,0.0,0.0,0.0,1.0,1.0,0.0,,,,,0.0,0.0,0.0,0.0,0.0,0.0
2026_17_LV_ARI,2026,17,ARI,LV,7,7,0,0.0,0.0,0.0,0.0,0.0,0.0,0.0,0.0,1.0,1.0,0.0,,,,,0.0,0.0,0.0,0.0,0.0,0.0
2026_17_DET_CHI,2026,17,CHI,DET,9,6,3,0.0,1.0,1.0,0.0,0.0,0.0,1.0,0.0,1.0,1.0,0.0,,,,,0.0,0.0,0.0,0.0,0.0,0.0
2026_17_PHI_SF,2026,17,SF,PHI,7,10,-3,0.0,0.0,0.0,0.0,1.0,-1.0,0.0,0.0,1.0,1.0,0.0,,,,,0.0,0.0,0.0,0.0,0.0,0.0
2026_17_HOU_GB,2026,17,GB,HOU,10,11,-1,0.0,0.0,0.0,1.0,1.0,0.0,0.0,0.0,1.0,1.0,0.0,,,,,0.0,0.0,0.0,0.0,0.0,0.0
2026_18_SF_ARI,2026,18,ARI,SF,7,7,0,0.0,0.0,0.0,0.0,0.0,0.0,1.0,0.0,1.0,1.0,0.0,,,,,0.0,0.0,0.0,0.0,0.0,0.0
2026_18_PIT_BAL,2026,18,BAL,PIT,10,7,3,0.0,0.0,0.0,1.0,0.0,1.0,1.0,0.0,1.0,1.0,0.0,,,,,0.0,0.0,0.0,0.0,0.0,0.0
2026_18_NYJ_BUF,2026,18,BUF,NYJ,7,7,0,0.0,0.0,0.0,0.0,0.0,0.0,1.0,0.0,1.0,0.0,1.0,,,,,0.0,0.0,0.0,0.0,0.0,0.0
2026_18_ATL_CAR,2026,18,CAR,ATL,7,7,0,0.0,0.0,0.0,0.0,0.0,0.0,1.0,0.0,1.0,1.0,0.0,,,,,0.0,0.0,0.0,0.0,0.0,0.0
2026_18_CLE_CIN,2026,18,CIN,CLE,10,7,3,0.0,0.0,0.0,1.0,0.0,1.0,1.0,0.0,1.0,0.0,1.0,,,,,0.0,0.0,0.0,0.0,0.0,0.0
2026_18_LAC_DEN,2026,18,DEN,LAC,7,7,0,0.0,0.0,0.0,0.0,0.0,0.0,1.0,0.0,1.0,1.0,0.0,,,,,0.0,0.0,0.0,0.0,0.0,0.0
2026_18_DET_GB,2026,18,GB,DET,6,7,-1,1.0,0.0,-1.0,0.0,0.0,0.0,1.0,0.0,1.0,1.0,0.0,,,,,0.0,0.0,0.0,0.0,0.0,0.0
2026_18_TEN_HOU,2026,18,HOU,TEN,6,7,-1,1.0,0.0,-1.0,0.0,0.0,0.0,1.0,0.0,1.0,0.0,1.0,,,,,0.0,0.0,0.0,0.0,0.0,0.0
2026_18_JAX_IND,2026,18,IND,JAX,7,7,0,0.0,0.0,0.0,0.0,0.0,0.0,1.0,0.0,1.0,0.0,1.0,,,,,0.0,0.0,0.0,0.0,0.0,0.0
2026_18_LV_KC,2026,18,KC,LV,7,7,0,0.0,0.0,0.0,0.0,0.0,0.0,1.0,0.0,1.0,1.0,0.0,,,,,0.0,0.0,0.0,0.0,0.0,0.0
2026_18_SEA_LA,2026,18,LA,SEA,7,7,0,0.0,0.0,0.0,0.0,0.0,0.0,1.0,1.0,0.0,0.0,1.0,,,70.0,0.0,0.0,0.0,0.0,0.0,0.0,0.0
2026_18_CHI_MIN,2026,18,MIN,CHI,7,7,0,0.0,0.0,0.0,0.0,0.0,0.0,1.0,1.0,0.0,0.0,1.0,,,70.0,0.0,0.0,0.0,0.0,0.0,0.0,0.0
2026_18_MIA_NE,2026,18,NE,MIA,7,7,0,0.0,0.0,0.0,0.0,0.0,0.0,1.0,0.0,1.0,0.0,1.0,,,,,0.0,0.0,0.0,0.0,0.0,0.0
2026_18_TB_NO,2026,18,NO,TB,7,7,0,0.0,0.0,0.0,0.0,0.0,0.0,1.0,1.0,0.0,0.0,1.0,,,70.0,0.0,0.0,0.0,0.0,0.0,0.0,0.0
2026_18_PHI_NYG,2026,18,NYG,PHI,7,7,0,0.0,0.0,0.0,0.0,0.0,0.0,1.0,0.0,1.0,0.0,1.0,,,,,0.0,0.0,0.0,0.0,0.0,0.0
2026_18_DAL_WAS,2026,18,WAS,DAL,7,7,0,0.0,0.0,0.0,0.0,0.0,0.0,1.0,0.0,1.0,1.0,0.0,,,,,0.0,0.0,0.0,0.0,0.0,0.0
