game_id,season,week,home_score,away_score,pred_margin,pred_total,pred_home_score,pred_away_score,actual_margin,actual_total
2022_01_BAL_NYJ,2022,1,9.0,24.0,-7.326006998791098,45.616309965235835,19.145151483222367,26.471158482013468,-15.0,33.0
2022_01_BUF_LA,2022,1,10.0,31.0,-5.371265740356078,49.084017602313885,21.856375930978903,27.227641671334982,-21.0,41.0
2022_01_CLE_CAR,2022,1,24.0,26.0,-6.0900190908318015,41.70754340211472,17.80876215564146,23.898781246473263,-2.0,50.0
2022_01_DEN_SEA,2022,1,17.0,16.0,5.667664171680118,46.89399154925377,26.280827860466943,20.613163688786827,1.0,33.0
2022_01_GB_MIN,2022,1,23.0,7.0,-9.51180519488625,53.80622047442618,22.147207639769967,31.659012834656217,16.0,30.0
2022_01_IND_HOU,2022,1,20.0,20.0,-8.717706771078172,44.59812138429503,17.94020730660843,26.6579140776866,0.0,40.0
2022_01_JAX_WAS,2022,1,28.0,22.0,4.283023195050222,44.53874309209525,24.410883143572736,20.127859948522516,6.0,50.0
2022_01_KC_ARI,2022,1,21.0,44.0,-4.559310824671355,51.20391809630399,23.322303635816315,27.881614460487672,-23.0,65.0
2022_01_LV_LAC,2022,1,24.0,19.0,5.870273618816019,51.03671621296958,28.4534949158928,22.58322129707678,5.0,43.0
2022_01_NE_MIA,2022,1,20.0,7.0,-3.9661988712529266,44.20730066355821,20.12055089615264,24.086749767405568,13.0,27.0
2022_01_NO_ATL,2022,1,26.0,27.0,-6.434294190699321,45.0727715903915,19.31923869984609,25.753532890545408,-1.0,53.0
2022_01_NYG_TEN,2022,1,20.0,21.0,12.765426353393826,41.76164253501332,27.263534444203575,14.498108090809747,-1.0,41.0
2022_01_PHI_DET,2022,1,35.0,38.0,-2.39759914163702,48.77807704911768,23.190238953740327,25.58783809537735,-3.0,73.0
2022_01_PIT_CIN,2022,1,20.0,23.0,2.273794403193768,47.44035467514881,24.85707453917129,22.58328013597752,-3.0,43.0
2022_01_SF_CHI,2022,1,19.0,10.0,-5.5200977946593035,38.92462061474793,16.702261410044315,22.222359204703615,9.0,29.0
2022_01_TB_DAL,2022,1,3.0,19.0,-0.03217183936450052,51.7528893189814,25.86035873980845,25.892530579172952,-16.0,22.0
2022_02_ARI_LV,2022,2,23.0,29.0,-1.2986368315142203,45.95825589413417,22.329809531309973,23.628446362824196,-6.0,52.0
2022_02_ATL_LA,2022,2,31.0,27.0,8.361787130854319,44.446075869369224,26.40393150011177,18.042144369257453,4.0,58.0
2022_02_CAR_NYG,2022,2,19.0,16.0,-0.21975919331928517,37.64834768090077,18.714294243790743,18.934053437110027,3.0,35.0
2022_02_CHI_GB,2022,2,27.0,10.0,12.149570121612442,44.207346917570156,28.1784585195913,16.028888397978857,17.0,37.0
2022_02_HOU_DEN,2022,2,16.0,9.0,6.473677540655344,45.6317052790919,26.052691409873624,19.57901386921828,7.0,25.0
2022_02_IND_JAX,2022,2,24.0,0.0,-5.844935006844526,43.74909981712773,18.952082405141603,24.797017411986126,24.0,24.0
2022_02_LAC_KC,2022,2,27.0,24.0,5.867371443703715,56.34366285179584,31.10551714774978,25.23814570404606,3.0,51.0
2022_02_MIA_BAL,2022,2,38.0,42.0,-0.6470878849546197,43.76744984118382,21.560180978114598,22.20726886306922,-4.0,80.0
2022_02_MIN_PHI,2022,2,24.0,7.0,4.191645423524409,51.67309695874391,27.93237119113416,23.740725767609753,17.0,31.0
2022_02_NE_PIT,2022,2,14.0,17.0,-5.75766460883029,44.38054657975994,19.311440985464824,25.069105594295113,-3.0,31.0
2022_02_NYJ_CLE,2022,2,30.0,31.0,9.704604919339047,45.51857560480069,27.611590262069868,17.90698534273082,-1.0,61.0
2022_02_SEA_SF,2022,2,27.0,7.0,3.7172712427326333,44.593323231838504,24.15529723728557,20.438025994552934,20.0,34.0
2022_02_TB_NO,2022,2,10.0,20.0,-7.351832208428799,46.83524612504003,19.741706958305617,27.093539166734413,-10.0,30.0
2022_02_TEN_BUF,2022,2,41.0,7.0,8.086316595801875,46.778371703042694,27.432344149422285,19.34602755362041,34.0,48.0
2022_02_WAS_DET,2022,2,36.0,27.0,-0.30514549842686434,45.82754879868974,22.761201650131436,23.066347148558304,9.0,63.0
2022_03_ATL_SEA,2022,3,23.0,27.0,7.8565325097017045,42.39687026939319,25.12670138954745,17.27016887984574,-4.0,50.0
2022_03_BAL_NE,2022,3,26.0,37.0,5.941855365046528,46.43865857311543,26.19025696908098,20.248401604034452,-11.0,63.0
2022_03_BUF_MIA,2022,3,21.0,19.0,-6.321149846281408,47.20391200192171,20.44138107782015,26.762530924101558,2.0,40.0
2022_03_CIN_NYJ,2022,3,12.0,27.0,-5.831444336939337,48.21213284714673,21.190344255103696,27.02178859204303,-15.0,39.0
2022_03_DAL_NYG,2022,3,16.0,23.0,-10.076914277816627,39.17473351450899,14.548909618346183,24.62582389616281,-7.0,39.0
2022_03_DET_MIN,2022,3,28.0,24.0,1.861285147053681,49.19234456492393,25.526814855988803,23.665529708935125,4.0,52.0
2022_03_GB_TB,2022,3,12.0,14.0,0.5549400213587805,49.54178743996702,25.0483637306629,24.493423709304118,-2.0,26.0
2022_03_HOU_CHI,2022,3,23.0,20.0,2.1753491857405356,39.900108670937556,21.037728928339046,18.86237974259851,3.0,43.0
2022_03_JAX_LAC,2022,3,10.0,38.0,7.479691855681884,50.686778996882275,29.08323542628208,21.603543570600195,-28.0,48.0
2022_03_KC_IND,2022,3,20.0,17.0,-8.56643441707255,48.302348890294425,19.867957236610938,28.434391653683488,3.0,37.0
2022_03_LA_ARI,2022,3,12.0,20.0,-0.45731892364976223,48.96380325804309,24.253242167196664,24.71056109084643,-8.0,32.0
2022_03_LV_TEN,2022,3,24.0,22.0,2.9619435432963694,44.8266529003454,23.894298221820886,20.932354678524515,2.0,46.0
2022_03_NO_CAR,2022,3,22.0,14.0,-4.591198228920156,42.3732829936486,18.891042382364223,23.48224061128438,8.0,36.0
2022_03_PHI_WAS,2022,3,8.0,24.0,-3.7836458047990766,48.583228249678456,22.39979122243969,26.183437027238767,-16.0,32.0
2022_03_PIT_CLE,2022,3,29.0,17.0,5.405687974059586,45.25279839025046,25.329243182155025,19.923555208095436,12.0,46.0
2022_03_SF_DEN,2022,3,11.0,10.0,-6.044083757138334,45.79567338924624,19.875794816053954,25.919878573192285,1.0,21.0
2022_04_ARI_CAR,2022,4,16.0,26.0,-5.388173295562295,46.88042311548086,20.74612490995928,26.134298205521578,-10.0,42.0
2022_04_BUF_BAL,2022,4,20.0,23.0,-8.054292619575952,48.94990280874237,20.44780509458321,28.502097714159163,-3.0,43.0
2022_04_CHI_NYG,2022,4,20.0,12.0,-0.46139746112734803,35.58825833004763,17.56343043446014,18.02482789558749,8.0,32.0
2022_04_CLE_ATL,2022,4,23.0,20.0,-7.289869781212265,46.47340164644265,19.591765932615193,26.88163571382746,3.0,43.0
2022_04_DEN_LV,2022,4,32.0,23.0,1.971615631135026,43.191200944014824,22.581408287574924,20.6097926564399,9.0,55.0
2022_04_JAX_PHI,2022,4,29.0,21.0,2.664915020595407,48.2049721375156,25.434943579055503,22.770028558460094,8.0,50.0
2022_04_KC_TB,2022,4,31.0,41.0,-1.298474549076221,49.10028563700232,23.900905543963052,25.19938009303927,-10.0,72.0
2022_04_LAC_HOU,2022,4,24.0,34.0,-8.79152012945816,48.736218959477654,19.972349415009745,28.76386954446791,-10.0,58.0
2022_04_LA_SF,2022,4,24.0,9.0,1.9160975832462883,45.57409716787257,23.745097375559432,21.82899979231314,15.0,33.0
2022_04_MIA_CIN,2022,4,27.0,15.0,-0.3264076005881439,46.1225915591979,22.89809197930488,23.22449957989302,12.0,42.0
2022_04_MIN_NO,2022,4,25.0,28.0,3.8804961108203377,43.28718384469079,23.583839977755563,19.703343866935224,-3.0,53.0
2022_04_NYJ_PIT,2022,4,20.0,24.0,7.3572984828789,40.800513851018906,24.078906166948904,16.72160768407,-4.0,44.0
2022_04_SEA_DET,2022,4,45.0,48.0,-4.280993311251613,47.84114029218105,21.78007349046472,26.061066801716333,-3.0,93.0
2022_04_TEN_IND,2022,4,17.0,24.0,-1.165324394125851,44.54937812207805,21.6920268639761,22.857351258101954,-7.0,41.0
2022_04_WAS_DAL,2022,4,25.0,10.0,7.828305164899269,46.524274570232286,27.176289867565778,19.34798470266651,15.0,35.0
2022_05_ATL_TB,2022,5,21.0,15.0,12.362069038702314,44.62856586939546,28.495317454048887,16.13324841534657,6.0,36.0
2022_05_CHI_MIN,2022,5,29.0,22.0,4.90073348291715,41.0474744665885,22.974103974752822,18.073370491835675,7.0,51.0
2022_05_CIN_BAL,2022,5,19.0,17.0,0.823771476934508,49.01716594360713,24.92046871027082,24.09669723333631,2.0,36.0
2022_05_DAL_LA,2022,5,10.0,22.0,0.8469190415369853,44.87827116629671,22.86259510391685,22.015676062379864,-12.0,32.0
2022_05_HOU_JAX,2022,5,6.0,13.0,8.074671008899662,43.66040400184666,25.86753750537316,17.792866496473497,-7.0,19.0
2022_05_IND_DEN,2022,5,9.0,12.0,-2.0410237876887103,42.007939127801635,19.983457670056463,22.02448145774517,-3.0,21.0
2022_05_LAC_CLE,2022,5,28.0,30.0,0.014665391322136068,51.10740994525122,25.561037668286676,25.546372276964544,-2.0,58.0
2022_05_LV_KC,2022,5,30.0,29.0,8.572366421523297,51.3482484979846,29.96030745975395,21.38794103823065,1.0,59.0
2022_05_NYG_GB,2022,5,22.0,27.0,11.613287169171283,43.626141604623925,27.619714386897606,16.00642721772632,-5.0,49.0
2022_05_PHI_ARI,2022,5,17.0,20.0,-0.5686569972995706,48.92572708616945,24.17853504443494,24.74719204173451,-3.0,37.0
2022_05_SEA_NO,2022,5,39.0,32.0,0.31869604042430877,45.24894787046692,22.783821955445614,22.465125915021307,7.0,71.0
2022_05_SF_CAR,2022,5,15.0,37.0,-9.990180018157753,41.99473217091797,16.00227607638011,25.99245609453786,-22.0,52.0
2022_05_TEN_WAS,2022,5,17.0,21.0,-4.751481498548139,44.9907997767409,20.11965913909638,24.87114063764452,-4.0,38.0
2022_06_ARI_SEA,2022,6,19.0,9.0,2.353628664123864,50.817512470779796,26.585570567451832,24.231941903327964,10.0,28.0
2022_06_BAL_NYG,2022,6,24.0,20.0,-3.8414016034564447,42.495091389463646,19.3268448930036,23.168246496460046,4.0,44.0
2022_06_BUF_KC,2022,6,20.0,24.0,-0.6297123336895164,52.58636890387112,25.9783282850908,26.60804061878032,-4.0,44.0
2022_06_CAR_LA,2022,6,24.0,10.0,8.148983753767283,46.732853411524914,27.4409185826461,19.291934828878816,14.0,34.0
2022_06_CIN_NO,2022,6,26.0,30.0,3.150065527445969,45.02384644266368,24.086955985054825,20.936890457608857,-4.0,56.0
2022_06_DAL_PHI,2022,6,26.0,17.0,1.687421185883934,46.23595268316436,23.96168693452415,22.274265748640214,9.0,43.0
2022_06_DEN_LAC,2022,6,19.0,16.0,8.177761909470874,48.74233660029106,28.460049254880968,20.282287345410094,3.0,35.0
2022_06_JAX_IND,2022,6,34.0,27.0,0.8187018924618022,39.38513054816476,20.10191622031328,19.28321432785148,7.0,61.0
2022_06_MIN_MIA,2022,6,16.0,24.0,1.5815235404070784,47.73913809831697,24.660330819362024,23.078807278954947,-8.0,40.0
2022_06_NE_CLE,2022,6,15.0,38.0,-1.2915131224915588,39.18733275152107,18.947909814514755,20.239422937006314,-23.0,53.0
2022_06_NYJ_GB,2022,6,10.0,27.0,11.717219988798318,44.80220060669639,28.259710297747354,16.542490308949034,-17.0,37.0
2022_06_SF_ATL,2022,6,28.0,14.0,-9.264659491024888,46.117860643531614,18.426600576253364,27.69126006727825,14.0,42.0
2022_06_WAS_CHI,2022,6,7.0,12.0,-2.7155612311835333,40.49869037094403,18.89156456988025,21.607125801063784,-5.0,19.0
2022_07_ATL_CIN,2022,7,35.0,17.0,7.203524997938806,46.359502539102905,26.781513768520856,19.57798877058205,18.0,52.0
2022_07_CHI_NE,2022,7,14.0,33.0,11.963522229408067,38.56770307935489,25.265612654381478,13.302090424973413,-19.0,47.0
2022_07_CLE_BAL,2022,7,23.0,20.0,2.097252472729328,46.30296906777686,24.200110770253094,22.102858297523763,3.0,43.0
2022_07_DET_DAL,2022,7,24.0,6.0,9.84526940978829,49.64207239693353,29.743670903360908,19.89840149357262,18.0,30.0
2022_07_GB_WAS,2022,7,23.0,21.0,-5.524853276021054,43.716697585061986,19.095922154520466,24.62077543054152,2.0,44.0
2022_07_HOU_LV,2022,7,38.0,20.0,7.374773918457425,43.987670559683266,25.681222239070344,18.306448320612922,18.0,58.0
2022_07_IND_TEN,2022,7,19.0,10.0,4.185036404998174,44.66195274582248,24.423494575410327,20.238458170412155,9.0,29.0
2022_07_KC_SF,2022,7,23.0,44.0,-0.8241433738849174,50.878474662325885,25.027165644220485,25.8513090181054,-21.0,67.0
2022_07_NO_ARI,2022,7,42.0,34.0,-1.6194919983609957,44.89311517020119,21.6368115859201,23.256303584281092,8.0,76.0
2022_07_NYG_JAX,2022,7,17.0,23.0,3.5596679982097448,43.43264733323467,23.496157665722208,19.93648966751246,-6.0,40.0
2022_07_PIT_MIA,2022,7,16.0,10.0,3.796456031056975,45.87834086050364,24.83739844578031,21.040942414723332,6.0,26.0
2022_07_SEA_LAC,2022,7,23.0,37.0,0.42609122331489285,50.116681455411445,25.27138633936317,24.845295116048277,-14.0,60.0
2022_07_TB_CAR,2022,7,21.0,3.0,-12.012500730975388,42.454656646744496,15.221077957884553,27.233578688859943,18.0,24.0
2022_08_ARI_MIN,2022,8,34.0,26.0,0.4861215685538112,48.543693671061995,24.514907619807904,24.02878605125409,8.0,60.0
2022_08_BAL_TB,2022,8,22.0,27.0,5.087180223846858,45.570915774811645,25.32904799932925,20.241867775482394,-5.0,49.0
2022_08_CAR_ATL,2022,8,37.0,34.0,1.9126542392555024,48.66480696404651,25.288730601651007,23.376076362395505,3.0,71.0
2022_08_CHI_DAL,2022,8,49.0,29.0,9.284572391653635,41.44294350004527,25.36375794584945,16.079185554195817,20.0,78.0
2022_08_CIN_CLE,2022,8,32.0,13.0,-2.8546684259716644,48.550043915583274,22.847687744805803,25.70235617077747,19.0,45.0
2022_08_DEN_JAX,2022,8,17.0,21.0,4.3919716319962125,42.83871725462127,23.615344443308743,19.22337281131253,-4.0,38.0
2022_08_GB_BUF,2022,8,27.0,17.0,6.654141435412275,47.27243976436375,26.963290599888015,20.309149164475738,10.0,44.0
2022_08_LV_NO,2022,8,24.0,0.0,2.453627330336374,47.72730247277326,25.090464901554817,22.636837571218443,24.0,24.0
2022_08_MIA_DET,2022,8,27.0,31.0,-5.967223126870975,47.039755625649974,20.5362662493895,26.503489376260475,-4.0,58.0
2022_08_NE_NYJ,2022,8,17.0,22.0,-7.493394941361831,44.13047712682926,18.318541092733717,25.811936034095545,-5.0,39.0
2022_08_NYG_SEA,2022,8,27.0,13.0,6.070387263412596,46.888279142889,26.479333203150798,20.4089459397382,14.0,40.0
2022_08_PIT_PHI,2022,8,35.0,13.0,5.699026779510206,47.447558879503255,26.57329282950673,20.874266049996525,22.0,48.0
2022_08_SF_LA,2022,8,14.0,31.0,1.3491566434181022,43.732382916249726,22.540769779833916,21.19161313641581,-17.0,45.0
2022_09_BAL_NO,2022,9,13.0,27.0,3.8513150653418062,44.81475433719068,24.333034701266243,20.481719635924435,-14.0,40.0
2022_09_BUF_NYJ,2022,9,20.0,17.0,-12.426164033877738,45.32278850856311,16.448312237342684,28.874476271220423,3.0,37.0
2022_09_CAR_CIN,2022,9,42.0,21.0,10.04677131175486,44.31514108452544,27.18095619814015,17.13418488638529,21.0,63.0
2022_09_GB_DET,2022,9,15.0,9.0,-5.757956307091558,48.94741917432254,21.594731433615493,27.352687740707047,6.0,24.0
2022_09_LAC_ATL,2022,9,17.0,20.0,-3.9242539726130805,52.2811361572365,24.17844109231171,28.10269506492479,-3.0,37.0
2022_09_LA_TB,2022,9,16.0,13.0,3.127969597439885,46.46750514277609,24.79773737010799,21.669767772668102,3.0,29.0
2022_09_LV_JAX,2022,9,27.0,20.0,1.4908314954176534,46.529669674298255,24.010250584857953,22.5194190894403,7.0,47.0
2022_09_MIA_CHI,2022,9,32.0,35.0,-5.94098672588314,46.294939313025374,20.176976293571116,26.11796301945426,-3.0,67.0
2022_09_MIN_WAS,2022,9,17.0,20.0,-2.2822189201214043,44.303731357936485,21.01075621890754,23.292975139028943,-3.0,37.0
2022_09_PHI_HOU,2022,9,17.0,29.0,-12.753100745473263,45.46888924111844,16.35789424782259,29.11099499329585,-12.0,46.0
2022_09_SEA_ARI,2022,9,21.0,31.0,-2.853247953776552,47.769100552931356,22.4579262995774,25.311174253353954,-10.0,52.0
2022_10_ATL_CAR,2022,10,25.0,15.0,-2.4857218633939073,43.72544813604413,20.61986313632511,23.105584999719017,10.0,40.0
2022_10_CLE_MIA,2022,10,39.0,17.0,1.3046976303370488,49.61167252252386,25.458185076430453,24.153487446093408,22.0,56.0
2022_10_DAL_GB,2022,10,31.0,28.0,-4.28649304210173,46.15987367771731,20.936690317807788,25.22318335990952,3.0,59.0
2022_10_DEN_TEN,2022,10,17.0,10.0,5.980584632538298,43.65006699948534,24.815325816011818,18.834741183473522,7.0,27.0
2022_10_DET_CHI,2022,10,30.0,31.0,0.4843380128539523,45.28303610687411,22.88368705986403,22.399349047010077,-1.0,61.0
2022_10_HOU_NYG,2022,10,24.0,16.0,8.446323276993347,43.168812818146606,25.807568047569976,17.36124477057663,8.0,40.0
2022_10_IND_LV,2022,10,20.0,25.0,0.5524058055430172,43.181472771003214,21.866939288273116,21.3145334827301,-5.0,45.0
2022_10_JAX_KC,2022,10,27.0,17.0,7.0370148184522945,50.28946557574538,28.663240197098837,21.626225378646545,10.0,44.0
2022_10_LAC_SF,2022,10,22.0,16.0,5.253640638504832,50.821216179126374,28.037428408815604,22.78378777031077,6.0,38.0
2022_10_MIN_BUF,2022,10,30.0,33.0,7.369997339299523,46.82922450465435,27.099610921976936,19.729613582677413,-3.0,63.0
2022_10_NO_PIT,2022,10,20.0,10.0,-4.847241251330531,42.799405922013634,18.97608233534155,23.823323586672082,10.0,30.0
2022_10_SEA_TB,2022,10,21.0,16.0,1.1166148684169472,47.49295886880776,24.304786868612354,23.188172000195408,5.0,37.0
2022_10_WAS_PHI,2022,10,21.0,32.0,9.148367329558637,45.93411815844192,27.54124274400028,18.39287541444164,-11.0,53.0
2022_11_CAR_BAL,2022,11,13.0,3.0,9.837365346279249,45.997443487362375,27.917404416820812,18.080039070541563,10.0,16.0
2022_11_CHI_ATL,2022,11,27.0,24.0,1.3402552798634342,45.608963456631066,23.47460936824725,22.134354088383816,3.0,51.0
2022_11_CIN_PIT,2022,11,30.0,37.0,-5.36487060120054,46.82326729491941,20.729198346859434,26.094068948059977,-7.0,67.0
2022_11_CLE_BUF,2022,11,31.0,23.0,6.388422657943768,45.93977954770254,26.164101102823157,19.775678444879386,8.0,54.0
2022_11_DAL_MIN,2022,11,3.0,40.0,-4.2853293565339445,47.35503608437978,21.53485336392292,25.820182720456863,-37.0,43.0
2022_11_DET_NYG,2022,11,18.0,31.0,2.2346117811375796,47.959622831491416,25.097117306314498,22.862505525176918,-13.0,49.0
2022_11_KC_LAC,2022,11,27.0,30.0,-8.861887215586858,52.65935559987023,21.89873419214169,30.760621407728543,-3.0,57.0
2022_11_LA_NO,2022,11,27.0,20.0,2.8065275367772666,41.988056483399205,22.397292010088236,19.59076447331097,7.0,47.0
2022_11_LV_DEN,2022,11,16.0,22.0,0.3584068376777575,45.8732697321837,23.115838284930728,22.757431447252973,-6.0,38.0
2022_11_NYJ_NE,2022,11,10.0,3.0,6.536923166561661,36.89594171954432,21.71643244305299,15.179509276491329,7.0,13.0
2022_11_PHI_IND,2022,11,16.0,17.0,-4.832373321522634,42.83203601531335,18.99983134689536,23.83220466841799,-1.0,33.0
2022_11_SF_ARI,2022,11,10.0,38.0,-6.360609339846415,47.076844473282,20.358117566717794,26.718726906564207,-28.0,48.0
2022_11_TEN_GB,2022,11,17.0,27.0,1.1818285323288311,45.78325810009874,23.482543316213786,22.300714783884956,-10.0,44.0
2022_11_WAS_HOU,2022,11,10.0,23.0,-6.374896105245714,41.20108128480694,17.41309258978061,23.78798869502633,-13.0,33.0
2022_12_ATL_WAS,2022,12,19.0,13.0,3.139008344312201,42.87263852019177,23.005823432251987,19.866815087939784,6.0,32.0
2022_12_BAL_JAX,2022,12,28.0,27.0,-1.6265964583823531,44.49925944621381,21.43633149391573,23.062927952298082,1.0,55.0
2022_12_BUF_DET,2022,12,25.0,28.0,-7.863450919074245,48.97465562290799,20.55560235191687,28.419053270991117,-3.0,53.0
2022_12_CHI_NYJ,2022,12,31.0,10.0,0.2602654925683857,46.15032825959409,23.20529687608124,22.945031383512852,21.0,41.0
2022_12_CIN_TEN,2022,12,16.0,20.0,-1.8433628727168418,50.33848314592045,24.247560136601805,26.090923009318644,-4.0,36.0
2022_12_DEN_CAR,2022,12,23.0,10.0,-1.71879262532418,40.39175851371108,19.336482944193452,21.05527556951763,13.0,33.0
2022_12_GB_PHI,2022,12,40.0,33.0,5.576844607860004,47.7611594738548,26.669002040857404,21.0921574329974,7.0,73.0
2022_12_HOU_MIA,2022,12,30.0,15.0,12.847369252307432,50.71316466516698,31.780266958737204,18.932897706429774,15.0,45.0
2022_12_LAC_ARI,2022,12,24.0,25.0,-0.8006763638968385,49.49241377350681,24.345868704804985,25.146545068701826,-1.0,49.0
2022_12_LV_SEA,2022,12,34.0,40.0,8.756672356743604,48.89574403314625,28.826208194944925,20.069535838201325,-6.0,74.0
2022_12_NE_MIN,2022,12,33.0,26.0,-5.228859623231384,42.411267985448106,18.59120418110836,23.820063804339746,7.0,59.0
2022_12_NO_SF,2022,12,13.0,0.0,5.950401027982419,48.936062581348786,27.4432318046656,21.492830776683185,13.0,13.0
2022_12_NYG_DAL,2022,12,28.0,20.0,9.553177770075624,48.587186894255154,29.070182332165388,19.517004562089767,8.0,48.0
2022_12_PIT_IND,2022,12,17.0,24.0,1.086494657101948,41.582109573647614,21.334302115374783,20.24780745827283,-7.0,41.0
2022_12_TB_CLE,2022,12,23.0,17.0,-2.628832819969024,48.45538180699043,22.913274493510702,25.54210731347973,6.0,40.0
2022_13_BUF_NE,2022,13,10.0,24.0,-2.3422175143237296,42.5342941701724,20.096038327924337,22.438255842248065,-14.0,34.0
2022_13_CLE_HOU,2022,13,14.0,27.0,-8.539015315345601,45.07869627728839,18.269840480971393,26.808855796316994,-13.0,41.0
2022_13_DEN_BAL,2022,13,10.0,9.0,8.675908311664939,41.57399138976255,25.124949850713744,16.449041539048803,1.0,19.0
2022_13_GB_CHI,2022,13,19.0,28.0,-3.3487550870273366,48.32714386651129,22.48919438974198,25.837949476769314,-9.0,47.0
2022_13_IND_DAL,2022,13,54.0,19.0,10.056654722822106,44.96335738641173,27.510006054616916,17.453351331794813,35.0,73.0
2022_13_JAX_DET,2022,13,40.0,14.0,-1.902250849597504,50.03344656878739,24.065597859594945,25.967848709192445,26.0,54.0
2022_13_KC_CIN,2022,13,27.0,24.0,-2.3659918276606993,54.32778408529744,25.98089612881837,28.34688795647907,3.0,51.0
2022_13_LAC_LV,2022,13,27.0,20.0,-1.427272401388819,50.790798852039615,24.681763225325398,26.109035626714217,7.0,47.0
2022_13_NO_TB,2022,13,17.0,16.0,3.228950882258182,45.90847978399112,24.56871533312465,21.33976445086647,1.0,33.0
2022_13_NYJ_MIN,2022,13,27.0,22.0,0.9610309257398922,46.653896220843535,23.807463573291713,22.846432647551822,5.0,49.0
2022_13_PIT_ATL,2022,13,16.0,19.0,-1.1904522015728722,46.582228540315896,22.69588816937151,23.886340370944385,-3.0,35.0
2022_13_SEA_LA,2022,13,23.0,27.0,-8.705360124778611,43.06552206418065,17.180080969701017,25.88544109447963,-4.0,50.0
2022_13_TEN_PHI,2022,13,35.0,10.0,3.368113551575807,47.173730076490074,25.270921814032942,21.902808262457132,25.0,45.0
2022_13_WAS_NYG,2022,13,20.0,20.0,-1.9867909049776666,43.74977723664789,20.88149316583511,22.868284070812777,0.0,40.0
2022_14_BAL_PIT,2022,14,14.0,16.0,-2.7450411235152608,43.36905302007475,20.312005948279747,23.057047071795004,-2.0,30.0
2022_14_CAR_SEA,2022,14,24.0,30.0,10.478146405350412,44.26072701737727,27.36943671136384,16.89129030601343,-6.0,54.0
2022_14_CLE_CIN,2022,14,23.0,10.0,5.233018809168468,50.68638672348096,27.959702766324714,22.726683957156244,13.0,33.0
2022_14_HOU_DAL,2022,14,27.0,23.0,17.94050282298845,44.24846033841218,31.094481580700315,13.153978757711865,4.0,50.0
2022_14_JAX_TEN,2022,14,22.0,36.0,0.8575776213358102,47.82572887833994,24.341653249837872,23.484075628502065,-14.0,58.0
2022_14_KC_DEN,2022,14,28.0,34.0,-11.542391247365387,47.084858594254676,17.771233673444645,29.31362492081003,-6.0,62.0
2022_14_LV_LA,2022,14,17.0,16.0,-1.9849937217070979,46.19578891912195,22.105397598707427,24.090391320414525,1.0,33.0
2022_14_MIA_LAC,2022,14,23.0,17.0,-2.7177662542968766,49.23052393376508,23.2563788397341,25.974145094030977,6.0,40.0
2022_14_MIN_DET,2022,14,34.0,23.0,2.44972482709092,51.154238701439,26.80198176426496,24.35225693717404,11.0,57.0
2022_14_NE_ARI,2022,14,13.0,27.0,-3.8682556372933923,44.905194697719374,20.51846953021299,24.386725167506384,-14.0,40.0
2022_14_NYJ_BUF,2022,14,20.0,12.0,9.434827236041844,46.02725503411722,27.73104113507953,18.29621389903769,8.0,32.0
2022_14_PHI_NYG,2022,14,22.0,48.0,-7.295334007588669,45.2434853678173,18.974075680114314,26.269409687702986,-26.0,70.0
2022_15_ARI_DEN,2022,15,24.0,15.0,-1.813690964909937,41.175601513171934,19.680955274130998,21.494646239040936,9.0,39.0
2022_15_BAL_CLE,2022,15,13.0,3.0,-0.516560394846007,44.707573830823314,22.095506717988652,22.612067112834662,10.0,16.0
2022_15_CIN_TB,2022,15,23.0,34.0,-1.9780205175591,48.91055455046418,23.466267016452537,25.44428753401164,-11.0,57.0
2022_15_DAL_JAX,2022,15,40.0,34.0,-5.681788478602274,50.323241635527026,22.320726578462377,28.00251505706465,6.0,74.0
2022_15_DET_NYJ,2022,15,17.0,20.0,-3.191620535492731,47.77594531238374,22.292162388445504,25.483782923938236,-3.0,37.0
2022_15_IND_MIN,2022,15,39.0,36.0,3.1500225430289417,44.546071759177494,23.848047151103216,20.698024608074277,3.0,75.0
2022_15_KC_HOU,2022,15,24.0,30.0,-16.25185718176954,46.035246154249386,14.891694486239922,31.143551668009465,-6.0,54.0
2022_15_LA_GB,2022,15,24.0,12.0,7.163392565840877,44.52165241302131,25.842522489431094,18.679129923590214,12.0,36.0
2022_15_MIA_BUF,2022,15,32.0,29.0,4.314724720496375,47.351238300372714,25.832981510434543,21.51825678993817,3.0,61.0
2022_15_NE_LV,2022,15,30.0,24.0,-3.6274083945965434,44.5517607280659,20.46217616673468,24.089584561331222,6.0,54.0
2022_15_NYG_WAS,2022,15,12.0,20.0,3.7119669550824415,44.20770873040548,23.95983784274396,20.24787088766152,-8.0,32.0
2022_15_PHI_CHI,2022,15,20.0,25.0,-10.017662572139075,45.95579118467812,17.969064306269523,27.986726878408597,-5.0,45.0
2022_15_PIT_CAR,2022,15,16.0,24.0,-1.7887934921996913,42.70623162566062,20.458719066730463,22.247512558930158,-8.0,40.0
2022_15_SF_SEA,2022,15,13.0,21.0,-4.788342322903911,47.83403103406493,21.52284435558051,26.311186678484418,-8.0,34.0
2022_15_TEN_LAC,2022,15,17.0,14.0,1.9772172699607338,46.662525963332385,24.31987161664656,22.342654346685826,3.0,31.0
2022_16_BUF_CHI,2022,16,13.0,35.0,-8.6947642740828,45.65685348270671,18.481044604311954,27.175808878394754,-22.0,48.0
2022_16_CIN_NE,2022,16,18.0,22.0,-3.751955120904896,45.95702815115592,21.10253651512551,24.854491636030406,-4.0,40.0
2022_16_DEN_LA,2022,16,51.0,14.0,-1.2594518677695308,41.4458588852527,20.093203508741585,21.352655376511112,37.0,65.0
2022_16_DET_CAR,2022,16,37.0,23.0,-4.048650184102815,47.89963226824967,21.925491042073425,25.974141226176243,14.0,60.0
2022_16_GB_MIA,2022,16,20.0,26.0,-0.019500118806938693,50.18312306169803,25.081811471445548,25.101311590252486,-6.0,46.0
2022_16_HOU_TEN,2022,16,14.0,19.0,10.795637927342353,34.68616717746624,22.740902552404297,11.945264625061942,-5.0,33.0
2022_16_JAX_NYJ,2022,16,3.0,19.0,-3.7189032156331154,46.571701868185485,21.426399326276186,25.1453025419093,-16.0,22.0
2022_16_LAC_IND,2022,16,3.0,20.0,-4.586052450289018,42.67720718508906,19.04557736740002,23.63162981768904,-17.0,23.0
2022_16_LV_PIT,2022,16,13.0,10.0,5.1495254486889275,46.401129350397774,25.77532739954335,20.625801950854424,3.0,23.0
2022_16_NO_CLE,2022,16,10.0,17.0,1.2539509722850448,45.816397254862025,23.535174113573536,22.28122314128849,-7.0,27.0
2022_16_NYG_MIN,2022,16,27.0,24.0,0.5777746242621523,48.74812364540015,24.662949134831152,24.085174510568997,3.0,51.0
2022_16_PHI_DAL,2022,16,40.0,34.0,0.9948101498383745,49.698872497169354,25.346841323503863,24.35203117366549,6.0,74.0
2022_16_SEA_KC,2022,16,24.0,10.0,8.834883854982124,50.356316130908894,29.59559999294551,20.760716137963385,14.0,34.0
2022_16_WAS_SF,2022,16,37.0,20.0,8.93447144289728,40.743748309654535,24.839109876275906,15.904638433378627,17.0,57.0
2022_17_ARI_ATL,2022,17,20.0,19.0,4.140337598264476,41.794195638260646,22.96726661826256,18.826929019998087,1.0,39.0
2022_17_CAR_TB,2022,17,30.0,24.0,4.2649536161492305,44.8976234367298,24.581288526439515,20.316334910290287,6.0,54.0
2022_17_CHI_DET,2022,17,41.0,10.0,5.947393864544531,49.217107419057314,27.582250641800922,21.634856777256392,31.0,51.0
2022_17_CLE_WAS,2022,17,10.0,24.0,-0.7591418100024009,42.09226127246127,20.666559731229434,21.425701541231838,-14.0,34.0
2022_17_DEN_KC,2022,17,27.0,24.0,15.445377415209387,47.5665266813758,31.505952048292592,16.060574633083206,3.0,51.0
2022_17_IND_NYG,2022,17,38.0,10.0,6.366448915344216,41.91061248635208,24.138530700848147,17.772081785503932,28.0,48.0
2022_17_JAX_HOU,2022,17,3.0,31.0,-10.583076396180275,42.52622155272565,15.971572578272689,26.554648974452963,-28.0,34.0
2022_17_LA_LAC,2022,17,31.0,10.0,6.086067425654598,42.54747383378143,24.316770629718015,18.230703204063417,21.0,41.0
2022_17_MIN_GB,2022,17,41.0,17.0,3.2457460154537823,49.341855836527316,26.29380092599055,23.048054910536766,24.0,58.0
2022_17_NO_PHI,2022,17,10.0,20.0,4.757831710788519,44.99019587765116,24.87401379421984,20.11618208343132,-10.0,30.0
2022_17_NYJ_SEA,2022,17,23.0,6.0,3.8258057992944035,43.5489103134677,23.68735805638105,19.86155225708665,17.0,29.0
2022_17_PIT_BAL,2022,17,13.0,16.0,-0.3337544355353018,41.21094247129749,20.438594017881094,20.7723484534164,-3.0,29.0
2022_18_ARI_SF,2022,18,38.0,13.0,14.511923328985004,43.82256707692106,29.167245202953033,14.655321873968028,25.0,51.0
2022_18_CAR_NO,2022,18,7.0,10.0,4.887912866374131,44.02068471343688,24.454298789905504,19.566385923531374,-3.0,17.0
2022_18_CLE_PIT,2022,18,28.0,14.0,3.0977285006571122,43.32147575047834,23.209602125567727,20.111873624910615,14.0,42.0
2022_18_DET_GB,2022,18,16.0,20.0,2.0946867706528907,51.30569563160071,26.700191201126803,24.60550443047391,-4.0,36.0
2022_18_HOU_IND,2022,18,31.0,32.0,4.782230705217864,41.46123016562068,23.12173043541927,18.339499730201407,-1.0,63.0
2022_18_LAC_DEN,2022,18,31.0,28.0,-9.441832982038019,42.97130509085305,16.764736054407514,26.206569036445536,3.0,59.0
2022_18_LA_SEA,2022,18,19.0,16.0,5.565684437972527,41.965095453798426,23.765389945885477,18.19970550791295,3.0,35.0
2022_18_MIN_CHI,2022,18,13.0,29.0,-9.883322656275816,38.37305337522376,14.244865359473973,24.12818801574979,-16.0,42.0
2022_18_NE_BUF,2022,18,35.0,23.0,10.307412048075793,44.4200504735534,27.363731260814596,17.056319212738806,12.0,58.0
2022_18_NYJ_MIA,2022,18,11.0,6.0,8.585197279024342,38.37532861682162,23.48026294792298,14.895065668898638,5.0,17.0
2022_18_TB_ATL,2022,18,30.0,17.0,-4.969710386296075,45.44096447258516,20.23562704314454,25.20533742944062,13.0,47.0
2023_01_BUF_NYJ,2023,1,22.0,16.0,-10.815024042533524,40.81842294008934,15.00169944877791,25.816723491311432,6.0,38.0
2023_01_CIN_CLE,2023,1,24.0,3.0,-3.545368548704052,46.17336702380098,21.31399923754846,24.859367786252516,21.0,27.0
2023_01_DAL_NYG,2023,1,0.0,40.0,-1.342862074862938,47.2286785010012,22.94290821306913,24.285770287932067,-40.0,40.0
2023_01_DET_KC,2023,1,20.0,21.0,8.41765600703786,50.75746964728906,29.58756282716346,21.169906820125597,-1.0,41.0
2023_01_LA_SEA,2023,1,13.0,30.0,3.0281294617536876,42.496224986766585,22.762177224260135,19.73404776250645,-17.0,43.0
2023_01_LV_DEN,2023,1,16.0,17.0,-3.7155542686889227,45.078249629974216,20.681347680642645,24.39690194933157,-1.0,33.0
2023_01_MIA_LAC,2023,1,34.0,36.0,3.4395464669871174,45.71387680738859,24.576711637187852,21.137165170200735,-2.0,70.0
2023_01_PHI_NE,2023,1,20.0,25.0,-3.0605453109422687,44.81132348231831,20.87538908568802,23.935934396630287,-5.0,45.0
2023_01_SF_PIT,2023,1,7.0,30.0,-4.55434522668866,45.36874902828541,20.407201900798373,24.961547127487034,-23.0,37.0
2023_01_TB_MIN,2023,1,17.0,20.0,3.251520297613413,44.486245957378564,23.868883127495987,20.617362829882577,-3.0,37.0
2023_01_TEN_NO,2023,1,16.0,15.0,2.607966047156639,39.30526008579356,20.9566130664751,18.348647019318463,1.0,31.0
2023_02_BAL_CIN,2023,2,24.0,27.0,2.371974698958276,41.387788887098694,21.879881793028485,19.50790709407021,-3.0,51.0
2023_02_CHI_TB,2023,2,27.0,17.0,7.506585141323349,42.10731630035797,24.80695072084066,17.30036557951731,10.0,44.0
2023_02_CLE_PIT,2023,2,26.0,22.0,0.48967933586633994,39.61651172190873,20.053095528887535,19.563416193021194,4.0,48.0
2023_02_GB_ATL,2023,2,25.0,24.0,1.9614445435330243,47.19797461326061,24.57970957839682,22.618265034863793,1.0,49.0
2023_02_KC_JAX,2023,2,9.0,17.0,-4.8321580219921865,46.41391349514953,20.790877736578672,25.623035758570857,-8.0,26.0
2023_02_LAC_TEN,2023,2,27.0,24.0,-5.592980045168862,43.71816440576799,19.062592180299564,24.65557222546843,3.0,51.0
2023_02_LV_BUF,2023,2,38.0,10.0,8.488824863223911,47.180101091613786,27.83446297741885,19.345638114194937,28.0,48.0
2023_02_MIA_NE,2023,2,17.0,24.0,-2.224301766768309,43.340760567181164,20.55822940020643,22.782531166974735,-7.0,41.0
2023_02_MIN_PHI,2023,2,34.0,28.0,1.4749105120504549,47.60367634032337,24.539293426186912,23.064382914136456,6.0,62.0
2023_02_NYG_ARI,2023,2,28.0,31.0,-6.383064082363226,40.933926429150354,17.275431173393564,23.65849525575679,-3.0,59.0
2023_02_NYJ_DAL,2023,2,30.0,10.0,11.870025189855381,40.79796336487452,26.33399427736495,14.463969087509568,20.0,40.0
2023_02_SEA_DET,2023,2,31.0,37.0,5.035547274022193,49.747889897004185,27.39171858551319,22.356171311490996,-6.0,68.0
2023_02_SF_LA,2023,2,23.0,30.0,-7.310960856074125,47.948335094951354,20.318687119438614,27.62964797551274,-7.0,53.0
2023_02_WAS_DEN,2023,2,33.0,35.0,1.5988842185983347,35.08689010810037,18.342887163349353,16.744002944751017,-2.0,68.0
2023_03_ATL_DET,2023,3,20.0,6.0,4.91974053801179,46.00064988840586,25.460195213208824,20.540454675197036,14.0,26.0
2023_03_BUF_WAS,2023,3,3.0,37.0,-11.634083104262679,42.7913724742898,15.578644685013561,27.21272778927624,-34.0,40.0
2023_03_CAR_SEA,2023,3,37.0,27.0,2.935190603154273,42.443117723329586,22.68915416324193,19.753963560087655,10.0,64.0
2023_03_CHI_KC,2023,3,41.0,10.0,17.483379072594566,43.634233309408366,30.558806191001466,13.0754271184069,31.0,51.0
2023_03_DAL_ARI,2023,3,28.0,16.0,-11.760914903304162,45.16352036796985,16.701302732332845,28.462217635637007,12.0,44.0
2023_03_DEN_MIA,2023,3,70.0,20.0,8.425455149613544,47.972124967107156,28.198790058360352,19.773334908746804,50.0,90.0
2023_03_HOU_JAX,2023,3,17.0,37.0,10.33396576597129,41.86480960070628,26.099387683338783,15.765421917367496,-20.0,54.0
2023_03_IND_BAL,2023,3,19.0,22.0,9.039791495699863,47.03341849532003,28.036604995509947,18.99681349981008,-3.0,41.0
2023_03_LAC_MIN,2023,3,24.0,28.0,-1.9333134721154488,48.229205673696136,23.147946100790342,25.081259572905793,-4.0,52.0
2023_03_LA_CIN,2023,3,19.0,16.0,3.2267567174260536,45.068396287778,24.14757650260203,20.920819785175972,3.0,35.0
2023_03_NE_NYJ,2023,3,10.0,15.0,-4.7133561853058925,38.20279437696609,16.7447190958301,21.45807528113599,-5.0,25.0
2023_03_NO_GB,2023,3,18.0,17.0,-1.1724451632583752,42.31116477841719,20.569359807579406,21.74180497083778,1.0,35.0
2023_03_NYG_SF,2023,3,30.0,12.0,8.474841241640833,47.10812408213754,27.791482661889187,19.316641420248356,18.0,42.0
2023_03_PHI_TB,2023,3,11.0,25.0,-0.6504586775664405,47.63225020561622,23.490895764024888,24.14135444159133,-14.0,36.0
2023_03_PIT_LV,2023,3,18.0,23.0,-0.27266585566604395,43.64490411659238,21.68611913046317,21.95878498612921,-5.0,41.0
2023_03_TEN_CLE,2023,3,27.0,3.0,5.7054318214482524,40.57411944026728,23.139775630857766,17.434343809409516,24.0,30.0
2023_04_ARI_SF,2023,4,35.0,16.0,14.898647691231124,47.89142598447057,31.39503683785085,16.496389146619723,19.0,51.0
2023_04_ATL_JAX,2023,4,23.0,7.0,4.4299297540380245,39.234328394693335,21.83212907436568,17.402199320327654,16.0,30.0
2023_04_CIN_TEN,2023,4,27.0,3.0,-5.442347685150608,42.45935816221946,18.508505238534426,23.950852923685034,24.0,30.0
2023_04_DEN_CHI,2023,4,28.0,31.0,-0.6379842757988199,45.37766883109132,22.36984227764625,23.00782655344507,-3.0,59.0
2023_04_DET_GB,2023,4,20.0,34.0,-3.5019794401531312,47.73861310743988,22.118316833643377,25.620296273796505,-14.0,54.0
2023_04_KC_NYJ,2023,4,20.0,23.0,-16.723787139925232,40.93855266865084,12.107382764362805,28.83116990428804,-3.0,43.0
2023_04_MIA_BUF,2023,4,48.0,20.0,2.9701722461370665,48.40792443225054,25.689048339193803,22.718876093056735,28.0,68.0
2023_04_MIN_CAR,2023,4,13.0,21.0,-3.0279666462011123,41.570288546092854,19.27116094994587,22.299127596146985,-8.0,34.0
2023_04_NE_DAL,2023,4,38.0,3.0,6.069586277395933,44.97801127001193,25.523798773703934,19.454212496308,35.0,41.0
2023_04_PIT_HOU,2023,4,30.0,6.0,-3.6103525597667847,41.239193057261225,18.81442024874722,22.424772808514007,24.0,36.0
2023_04_SEA_NYG,2023,4,3.0,24.0,-2.012142777180016,46.63085148495171,22.309354353885848,24.321497131065865,-21.0,27.0
2023_04_TB_NO,2023,4,9.0,26.0,2.6307680360509904,40.228611597464706,21.429689816757847,18.79892178070686,-17.0,35.0
2023_04_WAS_PHI,2023,4,34.0,31.0,9.505547060792026,38.398440694684815,23.95199387773842,14.446446816946395,3.0,65.0
2023_05_BAL_PIT,2023,5,17.0,10.0,-5.272143168596794,39.78946194807629,17.258659389739748,22.53080255833654,7.0,27.0
2023_05_CAR_DET,2023,5,42.0,24.0,8.774705032174102,47.40567480915531,28.090189920664706,19.3154848884906,18.0,66.0
2023_05_CHI_WAS,2023,5,20.0,40.0,3.437236255540908,41.18925566988379,22.31324596271235,18.87600970717144,-20.0,60.0
2023_05_CIN_ARI,2023,5,20.0,34.0,-5.630079489807073,45.05708931212646,19.713504911159692,25.343584400966765,-14.0,54.0
2023_05_DAL_SF,2023,5,42.0,10.0,5.3865323365506,50.62358726974681,28.005059803148704,22.618527466598103,32.0,52.0
2023_05_GB_LV,2023,5,17.0,13.0,2.409917330753199,47.29391195397525,24.85191464236422,22.441997311611026,4.0,30.0
2023_05_HOU_ATL,2023,5,21.0,19.0,2.3945283608157117,41.66605962210476,22.030293991460237,19.635765630644524,2.0,40.0
2023_05_JAX_BUF,2023,5,20.0,25.0,9.651643709217549,45.59560715273427,27.623625430975906,17.97198172175836,-5.0,45.0
2023_05_KC_MIN,2023,5,20.0,27.0,-7.873506884148785,46.199624965850965,19.16305904085109,27.036565924999877,-7.0,47.0
2023_05_NO_NE,2023,5,0.0,34.0,-0.028957841975741028,37.831948634572,18.90149539629813,18.93045323827387,-34.0,34.0
2023_05_NYG_MIA,2023,5,31.0,16.0,7.820499249010181,47.57916382029974,27.69983153465496,19.87933228564478,15.0,47.0
2023_05_NYJ_DEN,2023,5,21.0,31.0,4.066697961178828,40.30603519953647,22.186366580357646,18.11966861917882,-10.0,52.0
2023_05_PHI_LA,2023,5,14.0,23.0,-1.5921054846315237,49.56758916157759,23.98774183847303,25.579847323104556,-9.0,37.0
2023_05_TEN_IND,2023,5,23.0,16.0,-0.05989744134726571,44.65081190273064,22.295457230691685,22.355354672038953,7.0,39.0
2023_06_ARI_LA,2023,6,26.0,9.0,7.0035108987784565,46.58987725748062,26.79669407812954,19.793183179351082,17.0,35.0
2023_06_BAL_TEN,2023,6,16.0,24.0,-5.302926690837516,39.135813585166936,16.91644344716471,22.219370138002226,-8.0,40.0
2023_06_CAR_MIA,2023,6,42.0,21.0,11.398713876964948,48.40394075571248,29.901327316338715,18.502613439373768,21.0,63.0
2023_06_DAL_LAC,2023,6,17.0,20.0,1.4093827767956912,47.74023743098927,24.574810103892478,23.16542732709679,-3.0,37.0
2023_06_DEN_KC,2023,6,19.0,8.0,15.864701594004709,50.00047157461039,32.93258658430755,17.06788499030284,11.0,27.0
2023_06_DET_TB,2023,6,6.0,20.0,-2.894268609562073,46.31701210917553,21.711371749806727,24.605640359368802,-14.0,26.0
2023_06_IND_JAX,2023,6,37.0,20.0,6.735672344301464,47.92434031459132,27.33000632944639,20.594333985144928,17.0,57.0
2023_06_NE_LV,2023,6,21.0,17.0,6.417079559714383,41.530337525552866,23.973708542633624,17.556628982919243,4.0,38.0
2023_06_NO_HOU,2023,6,20.0,13.0,-3.0843535896736007,41.780354961866486,19.34800068609644,22.432354275770045,7.0,33.0
2023_06_NYG_BUF,2023,6,14.0,9.0,15.923241593289621,42.18282829317785,29.053034943233733,13.129793349944114,5.0,23.0
2023_06_PHI_NYJ,2023,6,20.0,14.0,-8.877357878257987,42.439859120809345,16.781250621275678,25.658608499533667,6.0,34.0
2023_06_SEA_CIN,2023,6,17.0,13.0,1.1646417076008815,44.92743941440343,23.046040561002155,21.881398853401276,4.0,30.0
2023_06_SF_CLE,2023,6,19.0,17.0,-10.620313801917987,43.23256040046689,16.30612329927445,26.926437101192437,2.0,36.0
2023_06_WAS_ATL,2023,6,16.0,24.0,5.2852012778250215,40.521146298476985,22.903173788151005,17.61797251032598,-8.0,40.0
2023_07_ARI_SEA,2023,7,20.0,10.0,10.465144578244907,43.25473592527475,26.85994025175983,16.39479567351492,10.0,30.0
2023_07_ATL_TB,2023,7,13.0,16.0,1.1902066732528789,37.99419447273843,19.592200572995655,18.401993899742774,-3.0,29.0
2023_07_BUF_NE,2023,7,29.0,25.0,-12.369590585747927,41.0084615499727,14.319435482112386,26.689026067860315,4.0,54.0
2023_07_CLE_IND,2023,7,38.0,39.0,-2.96710695761032,41.76945808100617,19.401175561697926,22.368282519308245,-1.0,77.0
2023_07_DET_BAL,2023,7,38.0,6.0,-0.9890966917383173,44.68414719816298,21.847525253212332,22.83662194495065,32.0,44.0
2023_07_GB_DEN,2023,7,19.0,17.0,-2.7868284116817748,43.89056242076666,20.551867004542444,23.33869541622422,2.0,36.0
2023_07_JAX_NO,2023,7,24.0,31.0,0.4191091037771064,40.147508643353156,20.28330887356513,19.864199769788026,-7.0,55.0
2023_07_LAC_KC,2023,7,31.0,17.0,8.953349585537536,47.69141217450775,28.322380880022642,19.369031294485104,14.0,48.0
2023_07_MIA_PHI,2023,7,31.0,17.0,-2.278458430265494,48.21392951883668,22.967735544285592,25.246193974551087,14.0,48.0
2023_07_PIT_LA,2023,7,17.0,24.0,4.6383919953087736,43.58783636017608,24.113114177742425,19.474722182433652,-7.0,41.0
2023_07_SF_MIN,2023,7,22.0,17.0,-8.528117811619273,45.46311187213232,18.467497030256524,26.9956148418758,5.0,39.0
2023_07_WAS_NYG,2023,7,14.0,7.0,0.8500829934487104,42.018509285873364,21.434296139661036,20.584213146212328,7.0,21.0
2023_08_BAL_ARI,2023,8,24.0,31.0,-10.535995913822855,42.46279852153366,15.9634013038554,26.499397217678258,-7.0,55.0
2023_08_CHI_LAC,2023,8,30.0,13.0,0.501383589271523,37.72342001474465,19.112401802008087,18.61101821273656,17.0,43.0
2023_08_CIN_SF,2023,8,17.0,31.0,7.921395259469222,47.261805767984754,27.591600513726988,19.670205254257766,-14.0,48.0
2023_08_CLE_SEA,2023,8,24.0,20.0,5.116679342450598,39.39539287568367,22.256036109067132,17.139356766616537,4.0,44.0
2023_08_HOU_CAR,2023,8,15.0,13.0,0.17080302525315805,39.749959527994356,19.960381276623757,19.7895782513706,2.0,28.0
2023_08_JAX_PIT,2023,8,10.0,20.0,-0.7510211873947406,42.25204712430266,20.75051296845396,21.501534155848702,-10.0,30.0
2023_08_KC_DEN,2023,8,24.0,9.0,-14.43078661649527,45.35039514448854,15.459804263996634,29.890590880491903,15.0,33.0
2023_08_LA_DAL,2023,8,43.0,20.0,4.4912214870357205,43.84389425206618,24.16755786955095,19.676336382515228,23.0,63.0
2023_08_LV_DET,2023,8,26.0,14.0,6.0827932461345595,48.954194483147155,27.518493864640856,21.4357006185063,12.0,40.0
2023_08_MIN_GB,2023,8,10.0,24.0,-0.5996924211902974,45.10884089543039,22.254574237120046,22.854266658310344,-14.0,34.0
2023_08_NE_MIA,2023,8,31.0,17.0,9.850481057143815,45.674473993437545,27.76247752529068,17.911996468146864,14.0,48.0
2023_08_NO_IND,2023,8,27.0,38.0,-3.4405781283829606,44.16229974526542,20.36086080844123,23.80143893682419,-11.0,65.0
2023_08_NYJ_NYG,2023,8,10.0,13.0,2.6844907299444403,38.64710259653689,20.665796663240666,17.981305933296223,-3.0,23.0
2023_08_PHI_WAS,2023,8,31.0,38.0,-7.3030264393067,43.53394039307062,18.115456976881962,25.41848341618866,-7.0,69.0
2023_08_TB_BUF,2023,8,24.0,18.0,11.633970131984002,44.13071426152387,27.882342196753935,16.248372064769935,6.0,42.0
2023_09_BUF_CIN,2023,9,24.0,18.0,-4.07974857997335,46.76805719893562,21.344154309481137,25.423902889454485,6.0,42.0
2023_09_CHI_NO,2023,9,24.0,17.0,2.5674079332530306,34.748794274659346,18.658101103956188,16.090693170703158,7.0,41.0
2023_09_DAL_PHI,2023,9,28.0,23.0,0.15963153113827844,46.55446077158199,23.357046151360134,23.197414620221853,5.0,51.0
2023_09_IND_CAR,2023,9,13.0,27.0,0.3458579467841256,44.23428853256473,22.29007323967443,21.944215292890302,-14.0,40.0
2023_09_LAC_NYJ,2023,9,6.0,27.0,-5.326705016448075,41.30106172641263,17.987178354982277,23.31388337143035,-21.0,33.0
2023_09_LA_GB,2023,9,20.0,3.0,-0.12337468768517534,46.538363226132766,23.207494269223794,23.330868956908972,17.0,23.0
2023_09_MIA_KC,2023,9,21.0,14.0,3.7162615010042988,47.431516265250195,25.573888883127246,21.85762738212295,7.0,35.0
2023_09_MIN_ATL,2023,9,28.0,31.0,-0.22028689703139137,39.97607395650584,19.877893529737225,20.098180426768618,-3.0,59.0
2023_09_SEA_BAL,2023,9,37.0,3.0,1.3178361259072728,44.43718614874478,22.877511137326024,21.559675011418754,34.0,40.0
2023_09_TB_HOU,2023,9,39.0,37.0,-0.08558345035534587,42.8694107566301,21.39191365313738,21.477497103492723,2.0,76.0
2023_09_WAS_NE,2023,9,17.0,20.0,1.4566552211285773,39.71315444871415,20.584904834921364,19.128249613792786,-3.0,37.0
2023_10_ATL_ARI,2023,10,25.0,23.0,-4.960736389507793,42.70725426318482,18.873258936838514,23.833995326346308,2.0,48.0
2023_10_CAR_CHI,2023,10,16.0,13.0,7.25842317810764,37.38880239334971,22.323612785728674,15.065189607621033,3.0,29.0
2023_10_CLE_BAL,2023,10,31.0,33.0,6.186854100993774,39.67213686833116,22.929495484662468,16.74264138366869,-2.0,64.0
2023_10_DEN_BUF,2023,10,22.0,24.0,14.411293946234123,45.93266847170069,30.171981208967406,15.760687262733281,-2.0,46.0
2023_10_DET_LAC,2023,10,38.0,41.0,-1.3923372868129607,47.6365061044356,23.122084408811318,24.51442169562428,-3.0,79.0
2023_10_GB_PIT,2023,10,23.0,19.0,0.8015321475485673,42.87797592446633,21.83975403600745,21.038221888458878,4.0,42.0
2023_10_HOU_CIN,2023,10,27.0,30.0,7.500510821596885,46.06512642730336,26.782818624450123,19.28230780285324,-3.0,57.0
2023_10_IND_NE,2023,10,6.0,10.0,0.9163376099928456,43.89593490792657,22.40613625895971,21.489798648966865,-4.0,16.0
2023_10_NO_MIN,2023,10,27.0,19.0,-1.637030825328876,40.95355141927949,19.658260296975307,21.295291122304185,8.0,46.0
2023_10_NYJ_LV,2023,10,16.0,12.0,6.62797150269895,37.32912240865949,21.978546955679217,15.35057545298027,4.0,28.0
2023_10_SF_JAX,2023,10,3.0,34.0,-4.962532358044593,44.630891187407826,19.834179414681618,24.79671177272621,-31.0,37.0
2023_10_TEN_TB,2023,10,20.0,6.0,6.397319271111206,50.593018744471735,28.49516900779147,22.097849736680264,14.0,26.0
2023_10_WAS_SEA,2023,10,29.0,26.0,4.773551588926245,41.59977805616647,23.18666482254636,18.413113233620113,3.0,55.0
2023_11_ARI_HOU,2023,11,21.0,16.0,5.845482333176648,45.521821612432404,25.683651972804526,19.83816963962788,5.0,37.0
2023_11_CHI_DET,2023,11,31.0,26.0,9.044189484741553,47.05174992235025,28.0479697035459,19.003780218804348,5.0,57.0
2023_11_CIN_BAL,2023,11,34.0,20.0,2.948644379979955,44.77625586009429,23.86245012003712,20.913805740057168,14.0,54.0
2023_11_DAL_CAR,2023,11,10.0,33.0,-10.012951515285506,42.81999937804987,16.403523931382182,26.41647544666769,-23.0,43.0
2023_11_LAC_GB,2023,11,23.0,20.0,-1.5172952240046877,44.844336818420416,21.663520797207863,23.180816021212554,3.0,43.0
2023_11_LV_MIA,2023,11,20.0,13.0,5.709637339274731,40.11255225205488,22.911094795664805,17.201457456390077,7.0,33.0
2023_11_MIN_DEN,2023,11,21.0,20.0,-3.8916702686231623,41.9548311531903,19.03158044228357,22.92325071090673,1.0,41.0
2023_11_NYG_WAS,2023,11,19.0,31.0,3.4235164896917967,38.44193584078764,20.93272616523972,17.509209675547922,-12.0,50.0
2023_11_NYJ_BUF,2023,11,32.0,6.0,13.763152067182943,36.639752389622814,25.20145222840288,11.438300161219935,26.0,38.0
2023_11_PHI_KC,2023,11,17.0,21.0,5.516441716295621,48.108992901270675,26.81271730878315,21.296275592487525,-4.0,38.0
2023_11_SEA_LA,2023,11,17.0,16.0,-3.3814338415779392,46.33180537593545,21.475185767178758,24.856619608756695,1.0,33.0
2023_11_TB_SF,2023,11,27.0,14.0,12.056202305245648,47.89078851492076,29.973495410083203,17.917293104837555,13.0,41.0
2023_11_TEN_JAX,2023,11,34.0,14.0,8.073433064104062,46.2927183929194,27.18307572851173,19.109642664407666,20.0,48.0
2023_12_BAL_LAC,2023,12,10.0,20.0,-2.449079067107662,46.84053414947825,22.195727541185295,24.644806608292956,-10.0,30.0
2023_12_BUF_PHI,2023,12,37.0,34.0,-3.7960031811747985,45.932016795802234,21.06800680731372,24.864009988488515,3.0,71.0
2023_12_CAR_TEN,2023,12,17.0,10.0,1.1983606407472622,40.47224201487522,20.83530132781124,19.63694068706398,7.0,27.0
2023_12_CHI_MIN,2023,12,10.0,12.0,5.138304150527278,41.832681948513724,23.4854930495205,18.347188898993224,-2.0,22.0
2023_12_CLE_DEN,2023,12,29.0,12.0,-3.858608665305441,34.27400303819329,15.207697186443927,19.066305851749366,17.0,41.0
2023_12_GB_DET,2023,12,22.0,29.0,7.383205022913592,48.92994007083948,28.156572546876536,20.773367523962943,-7.0,51.0
2023_12_JAX_HOU,2023,12,21.0,24.0,-0.09821410097075511,44.2221412169462,22.06196355798772,22.160177658958478,-3.0,45.0
2023_12_KC_LV,2023,12,17.0,31.0,-6.032716603032602,41.690013352171874,17.828648374569635,23.86136497760224,-14.0,48.0
2023_12_LA_ARI,2023,12,14.0,37.0,-1.6949303204111594,41.34990578377014,19.82748773167949,21.52241805209065,-23.0,51.0
2023_12_MIA_NYJ,2023,12,13.0,34.0,-11.532468040894553,34.5742311184669,11.520881538786172,23.053349579680727,-21.0,47.0
2023_12_NE_NYG,2023,12,10.0,7.0,-1.3946993798908116,38.37779364464084,18.491547132375015,19.886246512265824,3.0,17.0
2023_12_NO_ATL,2023,12,24.0,15.0,-1.9000810855606718,42.733149179984125,20.416534047211726,22.316615132772398,9.0,39.0
2023_12_SF_SEA,2023,12,13.0,31.0,-7.429668978364225,45.72130166111313,19.145816341374452,26.57548531973868,-18.0,44.0
2023_12_TB_IND,2023,12,27.0,20.0,-0.34068204739440056,45.665410721145115,22.662364336875356,23.00304638426976,7.0,47.0
2023_12_WAS_DAL,2023,12,45.0,10.0,9.002952498337857,45.9453763527702,27.474164425554026,18.47121192721617,35.0,55.0
2023_13_ARI_PIT,2023,13,10.0,24.0,9.42908389682238,41.808951327324706,25.61901761207354,16.189933715251165,-14.0,34.0
2023_13_ATL_NYJ,2023,13,8.0,13.0,-7.487419478834372,30.178769564724803,11.345675042945215,18.833094521779586,-5.0,21.0
2023_13_CAR_TB,2023,13,21.0,18.0,6.45147068032152,42.99370196103763,24.722586320679575,18.271115640358055,3.0,39.0
2023_13_CLE_LA,2023,13,36.0,19.0,0.780507793450042,42.577516416129335,21.679012104789688,20.898504311339646,17.0,55.0
2023_13_DEN_HOU,2023,13,22.0,17.0,3.2567051297267113,47.19886613508681,25.22778563240676,21.97108050268005,5.0,39.0
2023_13_DET_NO,2023,13,28.0,33.0,-1.479810986158087,45.428624068969924,21.97440654140592,23.454217527564005,-5.0,61.0
2023_13_IND_TEN,2023,13,28.0,31.0,-1.3830686880497793,43.41238062197125,21.014655966960735,22.397724655010517,-3.0,59.0
2023_13_KC_GB,2023,13,27.0,19.0,-5.617719739217889,44.39427848638039,19.38827937358125,25.005999112799138,8.0,46.0
2023_13_LAC_NE,2023,13,0.0,6.0,-1.3144921268593242,42.985348177980256,20.835428025560468,22.14992015241979,-6.0,6.0
2023_13_MIA_WAS,2023,13,15.0,45.0,-6.689890585169147,45.055453176544205,19.18278129568753,25.872671880856675,-30.0,60.0
2023_13_SEA_DAL,2023,13,41.0,35.0,7.93312197934457,47.19446397978476,27.563792979564663,19.630671000220094,6.0,76.0
2023_13_SF_PHI,2023,13,19.0,42.0,-5.195428491097947,47.95709894744393,21.38083522817299,26.57626371927094,-23.0,61.0
2023_14_BUF_KC,2023,14,17.0,20.0,0.09755673708915014,45.24020322576435,22.66887998142675,22.5713232443376,-3.0,37.0
2023_14_CAR_NO,2023,14,28.0,6.0,8.743051389497037,42.318436785493766,25.5307440874954,16.787692697998366,22.0,34.0
2023_14_DET_CHI,2023,14,28.0,13.0,-5.108437745634287,45.53357532065766,20.212568787511685,25.321006533145976,15.0,41.0
2023_14_GB_NYG,2023,14,24.0,22.0,-5.596392918444411,42.8656194414794,18.634613261517497,24.231006179961906,2.0,46.0
2023_14_HOU_NYJ,2023,14,30.0,6.0,-4.28815558153223,38.94816299950665,17.33000370898721,21.61815929051944,24.0,36.0
2023_14_IND_CIN,2023,14,34.0,14.0,2.1532119874224804,48.21655206767686,25.18488202754967,23.03167004012719,20.0,48.0
2023_14_JAX_CLE,2023,14,31.0,27.0,0.1450827549813315,43.033981773885245,21.589532264433288,21.444449509451957,4.0,58.0
2023_14_LA_BAL,2023,14,37.0,31.0,6.03518046924346,43.26330583509052,24.64924315216699,18.61406268292353,6.0,68.0
2023_14_MIN_LV,2023,14,0.0,3.0,0.5814229991005339,40.67227012896371,20.62684656403212,20.04542356493159,-3.0,3.0
2023_14_NE_PIT,2023,14,18.0,21.0,6.340360279979734,36.56681615472398,21.453588217351857,15.113227937372123,-3.0,39.0
2023_14_PHI_DAL,2023,14,33.0,13.0,7.426946948218834,52.938584488715186,30.18276571846701,22.755818770248176,20.0,46.0
2023_14_SEA_SF,2023,14,28.0,16.0,12.781176221961305,48.60007660387009,30.690626412915698,17.909450190954395,12.0,44.0
2023_14_TB_ATL,2023,14,25.0,29.0,3.4087307487405916,42.38222869771799,22.895479723229293,19.486748974488698,-4.0,54.0
2023_14_TEN_MIA,2023,14,27.0,28.0,11.222030010956262,48.440579531338585,29.831304771147423,18.609274760191163,-1.0,55.0
2023_15_ATL_CAR,2023,15,9.0,7.0,-5.3421717085228355,36.39675217009835,15.52729023078776,20.869461939310593,2.0,16.0
2023_15_BAL_JAX,2023,15,7.0,23.0,-4.531879312772937,44.08026863871712,19.774194662972093,24.30607397574503,-16.0,30.0
2023_15_CHI_CLE,2023,15,20.0,17.0,3.354458492124108,40.58304348373269,21.9687509879284,18.61429249580429,3.0,37.0
2023_15_DAL_BUF,2023,15,31.0,10.0,0.020028739287442088,47.75842655025263,23.889227644770035,23.869198905482595,21.0,41.0
2023_15_DEN_DET,2023,15,42.0,17.0,6.608118605480777,47.86370143440368,27.235910019942228,20.627791414461452,25.0,59.0
2023_15_HOU_TEN,2023,15,16.0,19.0,-0.7073269615233999,44.07954747303232,21.68611025575446,22.39343721727786,-3.0,35.0
2023_15_KC_NE,2023,15,17.0,27.0,-8.559049012197823,40.532392480682475,15.986671734242325,24.54572074644015,-10.0,44.0
2023_15_MIN_CIN,2023,15,27.0,24.0,-0.9532529846002613,44.7878386504176,21.917292832908668,22.87054581750893,3.0,51.0
2023_15_NYG_NO,2023,15,24.0,6.0,6.657968755130428,39.487573487197785,23.072771121164106,16.41480236603368,18.0,30.0
2023_15_NYJ_MIA,2023,15,30.0,0.0,11.563051151816477,41.18355569946994,26.373303425643208,14.810252273826732,30.0,30.0
2023_15_PHI_SEA,2023,15,20.0,17.0,-2.023659077628359,47.54048016194588,22.75841054215876,24.78206961978712,3.0,37.0
2023_15_PIT_IND,2023,15,30.0,13.0,-0.9502061209554038,44.3837386186804,21.716766248862495,22.666972369817902,17.0,43.0
2023_15_SF_ARI,2023,15,29.0,45.0,-14.994776152465555,47.273715549979855,16.13946969875715,31.134245851222705,-16.0,74.0
2023_15_TB_GB,2023,15,20.0,34.0,4.762396640579345,44.83503859412892,24.798717617354132,20.036320976774785,-14.0,54.0
2023_15_WAS_LA,2023,15,28.0,20.0,5.7275046489310695,46.912005958364624,26.319755303647845,20.59225065471678,8.0,48.0
2023_16_ARI_CHI,2023,16,27.0,16.0,4.563218260793416,42.78676190376304,23.674990082278228,19.111771821484815,11.0,43.0
2023_16_BAL_SF,2023,16,19.0,33.0,5.716281112975697,48.4160229762425,27.066152044609098,21.349870931633404,-14.0,52.0
2023_16_BUF_LAC,2023,16,22.0,24.0,-9.234333799287617,46.63802909458516,18.70184764764877,27.936181446936388,-2.0,46.0
2023_16_CIN_PIT,2023,16,34.0,11.0,-1.1304910318799986,42.28729416233459,20.578401565227296,21.708892597107294,23.0,45.0
2023_16_CLE_HOU,2023,16,22.0,36.0,-1.8101655056743111,37.819805071177775,18.00481978275173,19.814985288426044,-14.0,58.0
2023_16_DAL_MIA,2023,16,22.0,20.0,1.5936396266112922,47.95650160199361,24.77507061430245,23.181430987691158,2.0,42.0
2023_16_DET_MIN,2023,16,24.0,30.0,-1.4200067000264738,45.6276873127369,22.103840306355213,23.52384700638169,-6.0,54.0
2023_16_GB_CAR,2023,16,30.0,33.0,-4.591341698723861,42.15519356976661,18.781925935521375,23.373267634245234,-3.0,63.0
2023_16_IND_ATL,2023,16,29.0,10.0,-0.09816012202402047,42.58951639526526,21.24567813662062,21.343838258644638,19.0,39.0
2023_16_JAX_TB,2023,16,30.0,12.0,1.540084854505717,46.95288998008604,24.246487417295878,22.706402562790164,18.0,42.0
2023_16_LV_KC,2023,16,14.0,20.0,8.566604652338867,37.855503813289936,23.2110542328144,14.644449580475534,-6.0,34.0
2023_16_NE_DEN,2023,16,23.0,26.0,1.9207591964759034,37.75021127387906,19.835485235177483,17.914726038701577,-3.0,49.0
2023_16_NO_LA,2023,16,30.0,22.0,-1.9670958669842264,46.27764225882603,22.155273195920902,24.122369062905126,8.0,52.0
2023_16_NYG_PHI,2023,16,33.0,25.0,8.025101858745412,42.41099188777876,25.21804687326209,17.192945014516674,8.0,58.0
2023_16_SEA_TEN,2023,16,17.0,20.0,-0.6459766608648239,43.5845202280734,21.469271783604288,22.115248444469113,-3.0,37.0
2023_16_WAS_NYJ,2023,16,30.0,28.0,-0.9741082724408059,36.0775666103745,17.551729168966844,18.525837441407653,2.0,58.0
2023_17_ARI_PHI,2023,17,31.0,35.0,11.763989464110754,47.109861854712825,29.43692565941179,17.672936195301034,-4.0,66.0
2023_17_ATL_CHI,2023,17,37.0,17.0,-2.142100298192405,38.924857673677295,18.391378687742446,20.53347898593485,20.0,54.0
2023_17_CAR_JAX,2023,17,26.0,0.0,4.354758090220047,43.58770074916014,23.971229419690093,19.61647132947005,26.0,26.0
2023_17_CIN_KC,2023,17,25.0,17.0,6.862197459250696,44.16219730507669,25.51219738216369,18.649999922912997,8.0,42.0
2023_17_DET_DAL,2023,17,20.0,19.0,0.9360088699032213,50.84030300042909,25.888155935166154,24.952147065262935,1.0,39.0
2023_17_GB_MIN,2023,17,10.0,33.0,1.0341361826121618,46.293250763757726,23.663693473184942,22.629557290572784,-23.0,43.0
2023_17_LAC_DEN,2023,17,16.0,9.0,0.8416561339894322,41.72550720487746,21.283581669433445,20.441925535444014,7.0,25.0
2023_17_LA_NYG,2023,17,25.0,26.0,-8.664813970331743,43.537567507472666,17.43637676857046,26.101190738902204,-1.0,51.0
2023_17_LV_IND,2023,17,23.0,20.0,2.092822908393699,40.38106270794678,21.23694280817024,19.14411989977654,3.0,43.0
2023_17_MIA_BAL,2023,17,56.0,19.0,0.8126391941900959,47.04259722046416,23.92761820732713,23.11497901313703,37.0,75.0
2023_17_NE_BUF,2023,17,27.0,21.0,11.692440716933401,41.672199891349216,26.682320304141307,14.989879587207907,6.0,48.0
2023_17_NO_TB,2023,17,13.0,23.0,-1.524325776001908,46.6817078516719,22.578691037834997,24.103016813836906,-10.0,36.0
2023_17_NYJ_CLE,2023,17,37.0,20.0,7.3213766832991665,35.71710419427262,21.519240438785893,14.197863755486727,17.0,57.0
2023_17_PIT_SEA,2023,17,23.0,30.0,1.3640102773501366,43.6945832803507,22.52929677885042,21.16528650150028,-7.0,53.0
2023_17_SF_WAS,2023,17,10.0,27.0,-11.959278427539253,46.12678831367811,17.08375494306943,29.043033370608683,-17.0,37.0
2023_17_TEN_HOU,2023,17,26.0,3.0,-0.8520670767844558,45.00844957174972,22.078191247482632,22.93025832426709,23.0,29.0
2023_18_ATL_NO,2023,18,48.0,17.0,3.096293427993868,39.445573098549914,21.270933263271893,18.174639835278022,31.0,65.0
2023_18_BUF_MIA,2023,18,14.0,21.0,-1.3723872727248183,47.03943525364194,22.833523990458563,24.205911263183378,-7.0,35.0
2023_18_CHI_GB,2023,18,17.0,9.0,5.968856024647931,46.53553422510361,26.252195124875772,20.28333910022784,8.0,26.0
2023_18_CLE_CIN,2023,18,31.0,14.0,-0.8478943386979818,42.612929117382386,20.8825173893422,21.730411728040185,17.0,45.0
2023_18_DAL_WAS,2023,18,10.0,38.0,-9.271139496538645,44.92203839652067,17.825449449991012,27.096588946529657,-28.0,48.0
2023_18_DEN_LV,2023,18,27.0,14.0,2.6948021486665406,44.135909235960725,23.415355692313632,20.720553543647092,13.0,41.0
2023_18_HOU_IND,2023,18,19.0,23.0,1.1363104825611563,44.985995471798326,23.06115297717974,21.924842494618584,-4.0,42.0
2023_18_JAX_TEN,2023,18,28.0,20.0,-1.6656109988804257,41.645012254270036,19.989700627694805,21.65531162657523,8.0,48.0
2023_18_KC_LAC,2023,18,12.0,13.0,-8.886438573633242,38.09304180688278,14.603301616624769,23.48974019025801,-1.0,25.0
2023_18_LA_SF,2023,18,20.0,21.0,7.885613795162746,42.12527578063564,25.005444787899194,17.119830992736446,-1.0,41.0
2023_18_MIN_DET,2023,18,30.0,20.0,7.362405438113864,48.06059414994038,27.71149979402712,20.34909435591326,10.0,50.0
2023_18_NYJ_NE,2023,18,3.0,17.0,2.53210173525207,35.27619659358258,18.904149164417326,16.372047429165256,-14.0,20.0
2023_18_PHI_NYG,2023,18,27.0,10.0,-9.817020918832887,43.73557454110243,16.95927681113477,26.77629772996766,17.0,37.0
2023_18_PIT_BAL,2023,18,10.0,17.0,8.802024875581154,43.48354876109862,26.142786818339886,17.340761942758732,-7.0,27.0
2023_18_SEA_ARI,2023,18,20.0,21.0,-3.3710353554813715,48.033382990905544,22.331173817712084,25.70220917319346,-1.0,41.0
2023_18_TB_CAR,2023,18,0.0,9.0,-3.2795859979454933,40.68672620245524,18.703570102254872,21.983156100200368,-9.0,9.0
2024_01_ARI_BUF,2024,1,34.0,28.0,11.667000775778641,46.84766093159645,29.257330853687545,17.590330077908906,6.0,62.0
2024_01_BAL_KC,2024,1,27.0,20.0,-2.6878544751441535,43.831174128534,20.571659826694923,23.25951430183908,7.0,47.0
2024_01_CAR_NO,2024,1,47.0,10.0,10.754715094049285,40.79195044810696,25.773332771078124,15.018617677028837,37.0,57.0
2024_01_DAL_CLE,2024,1,17.0,33.0,-6.147054655478728,45.06364100871011,19.45829317661569,25.605347832094417,-16.0,50.0
2024_01_GB_PHI,2024,1,34.0,29.0,-1.8126029348339174,50.59824832862961,24.392822696897845,26.205425631731764,5.0,63.0
2024_01_HOU_IND,2024,1,27.0,29.0,0.4657128498746401,46.16939252408114,23.31755268697789,22.85183983710325,-2.0,56.0
2024_01_JAX_MIA,2024,1,20.0,17.0,4.388189967270453,45.86825052037188,25.12822024382117,20.740030276550712,3.0,37.0
2024_01_LA_DET,2024,1,26.0,20.0,3.9688034198897886,50.29190792527296,27.130355672581373,23.161552252691585,6.0,46.0
2024_01_LV_LAC,2024,1,22.0,10.0,-0.2956870783496155,41.705411374303445,20.704862147976915,21.00054922632653,12.0,32.0
2024_01_MIN_NYG,2024,1,6.0,28.0,0.03366931832710773,40.15268964949245,20.09317948390978,20.059510165582672,-22.0,34.0
2024_01_NE_CIN,2024,1,10.0,16.0,7.1950708444791225,43.83758691847909,25.516328881479104,18.321258036999986,-6.0,26.0
2024_01_NYJ_SF,2024,1,32.0,19.0,14.040476592827222,46.302902978158876,30.17168978549305,16.131213192665825,13.0,51.0
2024_01_PIT_ATL,2024,1,10.0,18.0,0.1382250244063039,42.274102929342064,21.206163976874183,21.06793895246788,-8.0,28.0
2024_02_ATL_PHI,2024,2,21.0,22.0,3.4237668273629374,47.282810983668035,25.353288905515488,21.929522078152548,-1.0,43.0
2024_02_BUF_MIA,2024,2,10.0,31.0,-3.2808098200704934,47.14785607019987,21.93352312506469,25.214332945135183,-21.0,41.0
2024_02_CIN_KC,2024,2,26.0,25.0,3.060389633646288,43.972359718497025,23.516374676071656,20.455985042425368,1.0,51.0
2024_02_CLE_JAX,2024,2,13.0,18.0,1.4584266059089712,42.739328253989065,22.098877429949017,20.640450824040048,-5.0,31.0
2024_02_IND_GB,2024,2,16.0,10.0,4.18914789271124,34.23710782608223,19.213127859396735,15.023979966685495,6.0,26.0
2024_02_LAC_CAR,2024,2,3.0,26.0,-5.127695851633806,37.26319252079584,16.06774833458102,21.19544418621482,-23.0,29.0
2024_02_LA_ARI,2024,2,41.0,10.0,-5.3519533456110455,49.01983748569814,21.83394207004355,27.185895415654592,31.0,51.0
2024_02_LV_BAL,2024,2,23.0,26.0,9.279212955208676,43.74614096323892,26.5126769592238,17.233464004015122,-3.0,49.0
2024_02_NO_DAL,2024,2,19.0,44.0,4.301315935624097,49.27069992152096,26.786007928572527,22.48469199294843,-25.0,63.0
2024_02_NYJ_TEN,2024,2,17.0,24.0,0.47315591240553767,41.890589506634136,21.181872709519837,20.7087167971143,-7.0,41.0
2024_02_SEA_NE,2024,2,20.0,23.0,-1.4965441924611782,42.110563681731094,20.307009744634957,21.803553937096137,-3.0,43.0
2024_02_SF_MIN,2024,2,23.0,17.0,-7.207003979844384,44.008569861984995,18.400782941070304,25.60778692091469,6.0,40.0
2024_02_TB_DET,2024,2,16.0,20.0,4.184011614496348,48.42214094951696,26.303076282006653,22.119064667510305,-4.0,36.0
2024_03_BAL_DAL,2024,3,25.0,28.0,-0.519365629621984,46.859367755275386,23.1700010628267,23.689366692448687,-3.0,53.0
2024_03_CAR_LV,2024,3,22.0,36.0,6.719038294526152,40.936045931038386,23.827542112782268,17.108503818256118,-14.0,58.0
2024_03_CHI_IND,2024,3,21.0,16.0,-0.26158376607946376,34.343228287209726,17.040822260565132,17.302406026644594,5.0,37.0
2024_03_DEN_TB,2024,3,7.0,26.0,10.203404838639631,41.31727762984886,25.760341234244244,15.556936395604614,-19.0,33.0
2024_03_DET_ARI,2024,3,13.0,20.0,-4.845581301976367,49.608947767396415,22.381683232710024,27.22726453468639,-7.0,33.0
2024_03_GB_TEN,2024,3,14.0,30.0,-4.42469863201203,40.88418761497492,18.229744491481444,22.654443123493476,-16.0,44.0
2024_03_HOU_MIN,2024,3,34.0,7.0,0.9070326801778604,41.166578186580765,21.036805433379314,20.12977275320145,27.0,41.0
2024_03_JAX_BUF,2024,3,47.0,10.0,9.945054556598375,45.64679860041453,27.795926578506453,17.850872021908074,37.0,57.0
2024_03_KC_ATL,2024,3,17.0,22.0,-1.2054738876714177,44.80008064791725,21.797303380122916,23.002777267794333,-5.0,39.0
2024_03_LAC_PIT,2024,3,20.0,10.0,0.8405700282323152,40.008041717113755,20.424305872673035,19.58373584444072,10.0,30.0
2024_03_MIA_SEA,2024,3,24.0,3.0,1.2568043915966702,41.37045978569302,21.313632088644844,20.056827697048178,21.0,27.0
2024_03_NE_NYJ,2024,3,24.0,3.0,0.9933207920020966,40.087896847148755,20.540608819575425,19.54728802757333,21.0,27.0
2024_03_NYG_CLE,2024,3,15.0,21.0,4.41758737598289,41.26131574549658,22.839451560739736,18.421864184756846,-6.0,36.0
2024_03_PHI_NO,2024,3,12.0,15.0,6.616370755024903,51.280751494818126,28.948561124921515,22.33219036989661,-3.0,27.0
2024_03_SF_LA,2024,3,27.0,24.0,-5.7808065511102384,49.81467324133136,22.016933345110562,27.7977398962208,3.0,51.0
2024_03_WAS_CIN,2024,3,33.0,38.0,5.7107626266517855,44.873536884598295,25.29214975562504,19.581387128973255,-5.0,71.0
2024_04_BUF_BAL,2024,4,35.0,10.0,0.008058052894986067,50.621205578466245,25.314631815680617,25.30657376278563,25.0,45.0
2024_04_CIN_CAR,2024,4,24.0,34.0,-6.411875621600567,45.70990035523976,19.649012366819598,26.060887988420163,-10.0,58.0
2024_04_CLE_LV,2024,4,20.0,16.0,1.6368431159018617,41.589504305931435,21.613173710916648,19.976330595014787,4.0,36.0
2024_04_DAL_NYG,2024,4,15.0,20.0,-3.937911426065963,44.092169117366865,20.07712884565045,24.015040271716416,-5.0,35.0
2024_04_DEN_NYJ,2024,4,9.0,10.0,6.904262126338029,38.91996377964785,22.912112952992942,16.00785082665491,-1.0,19.0
2024_04_JAX_HOU,2024,4,24.0,20.0,3.3448595460730037,44.26987612201127,23.807367834042136,20.462508287969133,4.0,44.0
2024_04_KC_LAC,2024,4,10.0,17.0,-1.8002938118439369,43.53532014562574,20.8675131668909,22.667806978734838,-7.0,27.0
2024_04_LA_CHI,2024,4,24.0,18.0,0.3140733185604352,41.25849637590565,20.78628484723304,20.47221152867261,6.0,42.0
2024_04_MIN_GB,2024,4,29.0,31.0,3.3061003094064403,46.53032690385208,24.91821360662926,21.61211329722282,-2.0,60.0
2024_04_NE_SF,2024,4,30.0,13.0,12.879413933639999,46.353051382531326,29.616232658085664,16.736818724445662,17.0,43.0
2024_04_NO_ATL,2024,4,26.0,24.0,-4.0624799706658585,46.10154319960047,21.019531614467304,25.082011585133166,2.0,50.0
2024_04_PHI_TB,2024,4,33.0,16.0,0.8691765018497655,46.86371990529381,23.86644820357179,22.997271701722024,17.0,49.0
2024_04_PIT_IND,2024,4,27.0,24.0,-2.3688898204796485,42.08059666464084,19.855853422080592,22.224743242560244,3.0,51.0
2024_04_SEA_DET,2024,4,42.0,29.0,4.693827474656365,46.816922753753346,25.755375114204856,21.06154763954849,13.0,71.0
2024_04_TEN_MIA,2024,4,12.0,31.0,4.896484635036621,43.188432001452746,24.042458318244684,19.145973683208062,-19.0,43.0
2024_04_WAS_ARI,2024,4,14.0,42.0,-0.5524641525804403,49.99056932153657,24.719052584478064,25.271516737058505,-28.0,56.0
2024_05_ARI_SF,2024,5,23.0,24.0,12.358746132182555,51.342644006336954,31.850695069259753,19.4919489370772,-1.0,47.0
2024_05_BAL_CIN,2024,5,38.0,41.0,-4.3704219066519325,48.71653721612805,22.17305765473806,26.543479561389994,-3.0,79.0
2024_05_BUF_HOU,2024,5,23.0,20.0,-4.591660985984161,48.488951364055886,21.94864518903586,26.540306175020024,3.0,43.0
2024_05_CAR_CHI,2024,5,36.0,10.0,6.699371650147334,39.98741777172596,23.343394710936646,16.644023060789312,26.0,46.0
2024_05_CLE_WAS,2024,5,34.0,13.0,4.871973950950912,47.84408422435116,26.358029087651033,21.486055136700124,21.0,47.0
2024_05_DAL_PIT,2024,5,17.0,20.0,-2.0188933896214194,44.01315563180609,20.997131121092337,23.016024510713756,-3.0,37.0
2024_05_GB_LA,2024,5,19.0,24.0,-0.15180844253845138,50.52944849360218,25.188820025531864,25.340628468070317,-5.0,43.0
2024_05_IND_JAX,2024,5,37.0,34.0,0.48322428420331565,44.59841536765637,22.540819825929844,22.057595541726528,3.0,71.0
2024_05_LV_DEN,2024,5,34.0,18.0,-3.2581203289207443,32.443324434650116,14.592602052864686,17.85072238178543,16.0,52.0
2024_05_MIA_NE,2024,5,10.0,15.0,-1.7911977816990108,38.93645892799548,18.572630573148235,20.363828354847247,-5.0,25.0
2024_05_NO_KC,2024,5,26.0,13.0,0.6657307265768458,44.90924272033272,22.787486723454784,22.121755996877937,13.0,39.0
2024_05_NYG_SEA,2024,5,20.0,29.0,5.945936870071023,44.46598615974669,25.205961514908857,19.260024644837834,-9.0,49.0
2024_05_NYJ_MIN,2024,5,23.0,17.0,4.289881626626847,39.41808518717533,21.853983406901087,17.564101780274243,6.0,40.0
2024_05_TB_ATL,2024,5,36.0,30.0,-2.1840592176984015,42.43344064687913,20.12469071459036,22.308749932288766,6.0,66.0
2024_06_ARI_GB,2024,6,34.0,13.0,6.169724084720999,50.14058844909109,28.155156266906044,21.985432182185047,21.0,47.0
2024_06_ATL_CAR,2024,6,20.0,38.0,-3.7195198424602185,45.43234240304084,20.856411280290313,24.57593112275053,-18.0,58.0
2024_06_BUF_NYJ,2024,6,20.0,23.0,-3.9290562189361773,42.36012332829882,19.215533554681322,23.144589773617497,-3.0,43.0
2024_06_CIN_NYG,2024,6,7.0,17.0,-3.4230891477360488,47.52021447670082,22.048562664482386,25.471651812218436,-10.0,24.0
2024_06_CLE_PHI,2024,6,20.0,16.0,4.70376364180864,43.34744335058838,24.02560349619851,19.321839854389868,4.0,36.0
2024_06_DET_DAL,2024,6,9.0,47.0,-0.5169227947146651,50.185911548867054,24.834494377076194,25.35141717179086,-38.0,56.0
2024_06_IND_TEN,2024,6,17.0,20.0,-0.9174102156597002,44.339531654136955,21.711060719238628,22.628470934898328,-3.0,37.0
2024_06_JAX_CHI,2024,6,35.0,16.0,5.242256065964842,42.43323168933973,23.837743877652287,18.59548781168744,19.0,51.0
2024_06_LAC_DEN,2024,6,16.0,23.0,-1.5771965779770216,35.46923978393657,16.946021602979776,18.523218180956796,-7.0,39.0
2024_06_PIT_LV,2024,6,13.0,32.0,-1.7786538418410607,40.487276135268424,19.35431114671368,21.132964988554743,-19.0,45.0
2024_06_SF_SEA,2024,6,24.0,36.0,-4.147700159329942,47.54177469304785,21.697037266858953,25.844737426188896,-12.0,60.0
2024_06_WAS_BAL,2024,6,30.0,23.0,8.194919971674759,52.54724901364723,30.371084492660994,22.176164520986237,7.0,53.0
2024_07_BAL_TB,2024,7,31.0,41.0,-3.0991430839745013,49.758439069319095,23.329647992672296,26.4287910766468,-10.0,72.0
2024_07_CAR_WAS,2024,7,40.0,7.0,9.037517161888823,47.152251501690074,28.094884331789448,19.057367169900626,33.0,47.0
2024_07_CIN_CLE,2024,7,14.0,21.0,-6.3150973848289365,39.14101798561348,16.41296030039227,22.72805768522121,-7.0,35.0
2024_07_DET_MIN,2024,7,29.0,31.0,-4.816495831744021,46.12172063476429,20.652612401510133,25.469108233254154,-2.0,60.0
2024_07_HOU_GB,2024,7,24.0,22.0,3.9604648167381855,49.27742874718232,26.618946781960254,22.658481965222066,2.0,46.0
2024_07_KC_SF,2024,7,18.0,28.0,3.6762241598840713,47.727205782573655,25.701714971228864,22.025490811344792,-10.0,46.0
2024_07_LAC_ARI,2024,7,17.0,15.0,-0.5227699857632366,45.15240966901342,22.314819841625095,22.837589827388328,2.0,32.0
2024_07_LV_LA,2024,7,20.0,15.0,4.766875987685514,44.417133381111114,24.592004684398315,19.8251286967128,5.0,35.0
2024_07_MIA_IND,2024,7,16.0,10.0,0.8427328941838699,41.794397420213876,21.318565157198872,20.475832263015004,6.0,26.0
2024_07_NYJ_PIT,2024,7,37.0,15.0,4.181604617165538,39.367195958267125,21.774400287716333,17.592795670550792,22.0,52.0
2024_07_PHI_NYG,2024,7,3.0,28.0,-2.2499156863157483,44.48512641325701,21.11760536347063,23.367521049786376,-25.0,31.0
2024_07_SEA_ATL,2024,7,14.0,34.0,1.062439012267792,47.19186546841219,24.127152240339992,23.064713228072197,-20.0,48.0
2024_07_TEN_BUF,2024,7,34.0,10.0,8.86834236325232,47.36825432447806,28.11829834386519,19.249955980612867,24.0,44.0
2024_08_ARI_MIA,2024,8,27.0,28.0,1.9225464284363003,43.03406292107798,22.47830467475714,20.555758246320842,-1.0,55.0
2024_08_ATL_TB,2024,8,26.0,31.0,4.253051641350593,49.04103400092106,26.647042821135827,22.393991179785232,-5.0,57.0
2024_08_BAL_CLE,2024,8,29.0,24.0,-11.046777087773684,47.63585632917858,18.294539620702448,29.341316708476132,5.0,53.0
2024_08_BUF_SEA,2024,8,10.0,31.0,-4.491577898424053,47.78742501000754,21.647923555791742,26.139501454215797,-21.0,41.0
2024_08_CAR_DEN,2024,8,28.0,14.0,9.378051381803523,36.27128542645532,22.824668404129422,13.4466170223259,14.0,42.0
2024_08_CHI_WAS,2024,8,18.0,15.0,2.102206246428711,45.276999859448516,23.689603052938615,21.5873968065099,3.0,33.0
2024_08_DAL_SF,2024,8,30.0,24.0,6.283158216241754,47.91066283473248,27.096910525487115,20.813752309245363,6.0,54.0
2024_08_GB_JAX,2024,8,27.0,30.0,-2.8002022219063574,49.20792639951478,23.20386208880421,26.00406431071057,-3.0,57.0
2024_08_IND_HOU,2024,8,23.0,20.0,4.630414658680822,42.225382199881075,23.427898429280948,18.797483770600127,3.0,43.0
2024_08_KC_LV,2024,8,20.0,27.0,-6.821989362566828,40.98744808628498,17.082729361859073,23.904718724425905,-7.0,47.0
2024_08_MIN_LA,2024,8,30.0,20.0,2.299469896584675,44.924495765290416,23.611982830937546,21.31251293435287,10.0,50.0
2024_08_NO_LAC,2024,8,26.0,8.0,2.1690554595527525,38.167537086480664,20.168296273016708,17.999240813463956,18.0,34.0
2024_08_NYG_PIT,2024,8,26.0,18.0,6.216903161517109,41.33160236405678,23.774252762786944,17.557349601269834,8.0,44.0
2024_08_NYJ_NE,2024,8,25.0,22.0,-2.9461146993362486,39.56014799932228,18.307016649993017,21.253131349329266,3.0,47.0
2024_08_PHI_CIN,2024,8,17.0,37.0,0.1858520945718436,48.94005928743212,24.56295569100198,24.37710359643014,-20.0,54.0
2024_08_TEN_DET,2024,8,52.0,14.0,12.356843305530775,49.77439908416881,31.065621194849793,18.70877788931902,38.0,66.0
2024_09_CHI_ARI,2024,9,29.0,9.0,-1.203668963778894,42.6493572198195,20.722844128020302,21.926513091799197,20.0,38.0
2024_09_DAL_ATL,2024,9,27.0,21.0,2.7434662854737457,47.678813726633585,25.211140006053665,22.46767372057992,6.0,48.0
2024_09_DEN_BAL,2024,9,41.0,10.0,10.795197636556884,48.47303756881416,29.634117602685524,18.83891996612864,31.0,51.0
2024_09_DET_GB,2024,9,14.0,24.0,-4.0822318102370865,52.19987418338374,24.058821186573326,28.141052996810416,-10.0,38.0
2024_09_HOU_NYJ,2024,9,21.0,13.0,-0.4098478829312717,43.01222577498943,21.30118894602908,21.711036828960353,8.0,34.0
2024_09_IND_MIN,2024,9,21.0,13.0,4.782699167065723,44.7164705025958,24.74958483483076,19.966885667765037,8.0,34.0
2024_09_JAX_PHI,2024,9,28.0,23.0,5.63637994458157,49.151285507834075,27.393832726207823,21.757452781626252,5.0,51.0
2024_09_LAC_CLE,2024,9,10.0,27.0,-0.3849409999840505,41.73840535512371,20.67673217756983,21.06167317755388,-17.0,37.0
2024_09_LA_SEA,2024,9,20.0,26.0,-1.553387502947177,45.04318730873338,21.744899902893103,23.298287405840277,-6.0,46.0
2024_09_LV_CIN,2024,9,41.0,24.0,4.851547645408354,45.42819206068269,25.13986985304552,20.28832220763717,17.0,65.0
2024_09_MIA_BUF,2024,9,30.0,27.0,9.224583604038086,48.43203731656418,28.828310460301132,19.603726856263044,3.0,57.0
2024_09_NE_TEN,2024,9,20.0,17.0,3.2689164429771136,39.791938902986836,21.530427672981975,18.26151123000486,3.0,37.0
2024_09_NO_CAR,2024,9,23.0,22.0,-6.753399762136498,43.870179853373685,18.558390045618594,25.31178980775509,1.0,45.0
2024_09_TB_KC,2024,9,30.0,24.0,4.806513916763166,45.32315889383475,25.06483640529896,20.258322488535793,6.0,54.0
2024_09_WAS_NYG,2024,9,22.0,27.0,-5.791235565500802,44.74674041625475,19.477752425376977,25.268987990877775,-5.0,49.0
2024_10_ATL_NO,2024,10,20.0,17.0,-1.4511346285728228,49.65941085461512,24.104138113021147,25.55527274159397,3.0,37.0
2024_10_BUF_IND,2024,10,20.0,30.0,-8.685592771309867,46.504393260667854,18.90940024467899,27.594993015988862,-10.0,50.0
2024_10_CIN_BAL,2024,10,35.0,34.0,8.07679285473223,55.991214906191274,32.03400388046175,23.95721102572952,1.0,69.0
2024_10_DEN_KC,2024,10,16.0,14.0,10.413203559219172,41.07683371877296,25.745018638996065,15.331815079776895,2.0,30.0
2024_10_DET_HOU,2024,10,23.0,26.0,-6.2508139817363375,49.752498847714996,21.75084243298933,28.001656414725666,-3.0,49.0
2024_10_MIA_LA,2024,10,15.0,23.0,3.1984975935641824,47.42187411397122,25.310185853767702,22.11168826020352,-8.0,38.0
2024_10_MIN_JAX,2024,10,7.0,12.0,-2.6395153746198288,43.263428001907265,20.31195631364372,22.951471688263545,-5.0,19.0
2024_10_NE_CHI,2024,10,3.0,19.0,7.215892426085789,39.626587863714576,23.42124014490018,16.205347718814394,-16.0,22.0
2024_10_NYG_CAR,2024,10,20.0,17.0,-4.422867335961543,39.81208207012283,17.694607367080643,22.117474703042184,3.0,37.0
2024_10_NYJ_ARI,2024,10,31.0,6.0,1.833859632333041,45.044403829823665,23.43913173107835,21.605272098745314,25.0,37.0
2024_10_PHI_DAL,2024,10,6.0,34.0,-2.9952011877213995,49.546580767024686,23.275689789651643,26.270890977373043,-28.0,40.0
2024_10_PIT_WAS,2024,10,27.0,28.0,3.886361536839399,49.21714821095574,26.551754873897572,22.66539333705817,-1.0,55.0
2024_10_SF_TB,2024,10,20.0,23.0,-2.484935178560078,50.80391739016606,24.159491105802992,26.64442628436307,-3.0,43.0
2024_10_TEN_LAC,2024,10,27.0,17.0,4.9842886428820545,44.75481442592427,24.869551534403165,19.88526289152111,10.0,44.0
2024_11_ATL_DEN,2024,11,38.0,6.0,-3.4283778288513953,43.02794760044343,19.79978488579602,23.228162714647414,32.0,44.0
2024_11_BAL_PIT,2024,11,18.0,16.0,-7.099843060645069,51.442584211739245,22.171370575547087,29.271213636192158,2.0,34.0
2024_11_CIN_LAC,2024,11,34.0,27.0,-1.3580328088007385,48.27158236276766,23.456774776983462,24.814807585784198,7.0,61.0
2024_11_CLE_NO,2024,11,35.0,14.0,1.768642409990428,45.5806580611122,23.674650235551315,21.906007825560888,21.0,49.0
2024_11_GB_CHI,2024,11,19.0,20.0,-1.8758518793099679,44.13811416569688,21.131131143193453,23.006983022503423,-1.0,39.0
2024_11_HOU_DAL,2024,11,10.0,34.0,-1.683635778667477,42.51339812736501,20.414881174348764,22.098516953016244,-24.0,44.0
2024_11_IND_NYJ,2024,11,27.0,28.0,4.478063751415224,38.643419336462856,21.560741543939038,17.082677792523818,-1.0,55.0
2024_11_JAX_DET,2024,11,52.0,6.0,11.31234053798455,45.91041100342927,28.611375770706907,17.29903523272236,46.0,58.0
2024_11_KC_BUF,2024,11,30.0,21.0,3.3407109680074054,47.76103362383519,25.550872295921298,22.21016132791389,9.0,51.0
2024_11_LA_NE,2024,11,22.0,28.0,-4.951823984195633,39.365111088785646,17.206643552295006,22.15846753649064,-6.0,50.0
2024_11_LV_MIA,2024,11,34.0,19.0,5.245613306166433,43.70591771323306,24.475765509699748,19.230152203533315,15.0,53.0
2024_11_MIN_TEN,2024,11,13.0,23.0,-5.506090358938685,43.29089635384732,18.89240299745432,24.398493356393004,-10.0,36.0
2024_11_SEA_SF,2024,11,17.0,20.0,10.201490356227334,49.87163171987806,30.036561038052696,19.835070681825364,-3.0,37.0
2024_11_WAS_PHI,2024,11,26.0,18.0,2.5459653769715294,48.7898725109729,25.667918943972214,23.121953567000684,8.0,44.0
2024_12_ARI_SEA,2024,12,16.0,6.0,-2.4416400655317605,44.94853166408034,21.253445799274292,23.69508586480605,10.0,22.0
2024_12_BAL_LAC,2024,12,23.0,30.0,-7.864827719650698,50.07779043875536,21.10648135955233,28.971309079203028,-7.0,53.0
2024_12_DAL_WAS,2024,12,26.0,34.0,8.432209345686976,45.81732526962803,27.124767307657503,18.692557961970525,-8.0,60.0
2024_12_DEN_LV,2024,12,19.0,29.0,-2.285549583270361,43.16504062304836,20.439745519889,22.72529510315936,-10.0,48.0
2024_12_DET_IND,2024,12,6.0,24.0,-11.935867661785778,49.271400856057966,18.667766597136094,30.603634258921872,-18.0,30.0
2024_12_KC_CAR,2024,12,27.0,30.0,-12.157746812743635,41.13536022548015,14.488806706368257,26.64655351911189,-3.0,57.0
2024_12_MIN_CHI,2024,12,27.0,30.0,-1.9341412920424292,41.77130132151899,19.918580014738282,21.85272130678071,-3.0,57.0
2024_12_NE_MIA,2024,12,34.0,15.0,6.686829935704575,43.84072469493036,25.263777315317466,18.576947379612893,19.0,49.0
2024_12_PHI_LA,2024,12,20.0,37.0,-0.3272297738812384,49.705126561431825,24.688948393775295,25.01617816765653,-17.0,57.0
2024_12_PIT_CLE,2024,12,24.0,19.0,-1.6900005423294928,42.933332697717276,20.62166607769389,22.311666620023384,5.0,43.0
2024_12_SF_GB,2024,12,38.0,10.0,-1.7553855563644576,44.60550732937223,21.425060886503886,23.180446442868345,28.0,48.0
2024_12_TB_NYG,2024,12,7.0,30.0,-3.9741207210722282,42.525893078713956,19.275886178820866,23.25000689989309,-23.0,37.0
2024_12_TEN_HOU,2024,12,27.0,32.0,6.974127701565665,45.923452798139486,26.448790249852575,19.47466254828691,-5.0,59.0
2024_13_ARI_MIN,2024,13,23.0,22.0,2.4971019714028095,43.2575513992624,22.877326685332605,20.380224713929792,1.0,45.0
2024_13_CHI_DET,2024,13,23.0,20.0,11.675152062910003,45.60238924200239,28.638770652456195,16.963618589546194,3.0,43.0
2024_13_CLE_DEN,2024,13,41.0,32.0,4.806002861496545,42.3894152729888,23.597709067242672,18.791706205746127,9.0,73.0
2024_13_HOU_JAX,2024,13,20.0,23.0,-5.414429695657034,40.25125999552789,17.418415149935427,22.83284484559246,-3.0,43.0
2024_13_IND_NE,2024,13,24.0,25.0,2.5089543674497667,37.95519470001618,20.232074533732973,17.723120166283206,-1.0,49.0
2024_13_LAC_ATL,2024,13,13.0,17.0,2.764261566043782,45.425691137822156,24.09497635193297,21.330714785889185,-4.0,30.0
2024_13_LA_NO,2024,13,14.0,21.0,-1.846528387430768,47.9442061359358,23.048838874252517,24.895367261683283,-7.0,35.0
2024_13_LV_KC,2024,13,19.0,17.0,10.791697609134498,42.644524509354675,26.718111059244585,15.926413450110088,2.0,36.0
2024_13_MIA_GB,2024,13,30.0,17.0,2.540275142701552,49.320986168658166,25.93063065567986,23.390355512978307,13.0,47.0
2024_13_NYG_DAL,2024,13,27.0,20.0,3.6681634742173714,43.50805532798674,23.588109401102056,19.919945926884683,7.0,47.0
2024_13_PHI_BAL,2024,13,19.0,24.0,4.597494191725234,56.01105325135916,30.304273721542195,25.706779529816963,-5.0,43.0
2024_13_PIT_CIN,2024,13,38.0,44.0,4.073401156085794,50.22761006203328,27.150505609059536,23.077104452973742,-6.0,82.0
2024_13_SEA_NYJ,2024,13,21.0,26.0,0.2557806122829962,44.418910997433024,22.33734580485801,22.081565192575013,-5.0,47.0
2024_13_SF_BUF,2024,13,35.0,10.0,2.491643539485654,50.644716787029246,26.568180163257452,24.076536623771794,25.0,45.0
2024_13_TB_CAR,2024,13,23.0,26.0,-9.58632385361762,44.74252711428711,17.578101630334743,27.164425483952364,-3.0,49.0
2024_13_TEN_WAS,2024,13,42.0,19.0,7.175866398550765,49.514271368646064,28.345068883598415,21.16920248504765,23.0,61.0
2024_14_ATL_MIN,2024,14,42.0,21.0,3.6147384506592233,43.52534768755945,23.57004306910934,19.955304618450114,21.0,63.0
2024_14_BUF_LA,2024,14,44.0,42.0,-2.903143062577452,48.81415052549682,22.955503731459686,25.858646794037135,2.0,86.0
2024_14_CAR_PHI,2024,14,22.0,16.0,13.024660749790213,46.868867757427346,29.94676425360878,16.922103503818565,6.0,38.0
2024_14_CHI_SF,2024,14,38.0,13.0,3.7138422233915893,43.38151030312572,23.547676263258655,19.833834039867067,25.0,51.0
2024_14_CIN_DAL,2024,14,20.0,27.0,-3.1340500537596356,49.553035839842245,23.209492893041304,26.34354294680094,-7.0,47.0
2024_14_CLE_PIT,2024,14,27.0,14.0,4.404221244470698,46.070447603618874,25.237334424044786,20.833113179574088,13.0,41.0
2024_14_GB_DET,2024,14,34.0,31.0,6.544972617578351,51.68169891173302,29.113335764655687,22.568363147077335,3.0,65.0
2024_14_JAX_TEN,2024,14,6.0,10.0,1.928110578619832,44.29007224692689,23.10909141277336,21.18098083415353,-4.0,16.0
2024_14_LAC_KC,2024,14,19.0,17.0,7.466091111541218,43.67841098127342,25.57225104640732,18.106159934866103,2.0,36.0
2024_14_LV_TB,2024,14,28.0,13.0,7.065444026929775,45.56858117726877,26.317012602099272,19.251568575169497,15.0,41.0
2024_14_NO_NYG,2024,14,11.0,14.0,-1.9872103460874637,46.27978098167662,22.14628531779458,24.133495663882044,-3.0,25.0
2024_14_NYJ_MIA,2024,14,32.0,26.0,7.056130752590828,45.057450691149775,26.0567907218703,19.000659969279475,6.0,58.0
2024_14_SEA_ARI,2024,14,18.0,30.0,4.771563403957652,47.12907709456957,25.95032024926361,21.17875684530596,-12.0,48.0
2024_15_ATL_LV,2024,15,9.0,15.0,-2.683141661411635,44.3028973855018,20.809877862045084,23.493019523456717,-6.0,24.0
2024_15_BAL_NYG,2024,15,14.0,35.0,-14.659649459240507,41.93281078933119,13.636580665045344,28.29623012428585,-21.0,49.0
2024_15_BUF_DET,2024,15,42.0,48.0,3.3561832842616335,52.55849450099379,27.95733889262771,24.601155608366078,-6.0,90.0
2024_15_CHI_MIN,2024,15,30.0,12.0,6.864285910213612,42.09176416736055,24.47802503878708,17.61373912857347,18.0,42.0
2024_15_CIN_TEN,2024,15,27.0,37.0,-5.59996139114538,48.221488100357895,21.31076335460626,26.910724745751637,-10.0,64.0
2024_15_DAL_CAR,2024,15,14.0,30.0,-1.7928644254375339,40.916633220410894,19.56188439748668,21.354748822924215,-16.0,44.0
2024_15_GB_SEA,2024,15,13.0,30.0,-2.5638763256622696,48.005081592038444,22.720602633188086,25.284478958850357,-17.0,43.0
2024_15_IND_DEN,2024,15,31.0,13.0,6.366590451409774,40.989781670860324,23.67818606113505,17.311595609725273,18.0,44.0
2024_15_KC_CLE,2024,15,7.0,21.0,-6.357658226389034,43.00067973229073,18.321510752950847,24.67916897933988,-14.0,28.0
2024_15_LA_SF,2024,15,6.0,12.0,1.1041993216405936,50.49274404037663,25.79847168100861,24.694272359368018,-6.0,18.0
2024_15_MIA_HOU,2024,15,20.0,12.0,-2.895694235069096,47.216031716826116,22.16016874087851,25.055862975947605,8.0,32.0
2024_15_NE_ARI,2024,15,30.0,17.0,4.770307129645493,44.3322164717746,24.551261800710048,19.780954671064553,13.0,47.0
2024_15_NYJ_JAX,2024,15,25.0,32.0,-2.013926976468432,41.30337857953668,19.644725801534122,21.658652778002555,-7.0,57.0
2024_15_PIT_PHI,2024,15,27.0,13.0,6.505658235545173,49.12934848050116,27.817503358023167,21.31184512247799,14.0,40.0
2024_15_TB_LAC,2024,15,17.0,40.0,-3.5795950040471936,46.33769047186409,21.37904773390845,24.958642737955643,-23.0,57.0
2024_15_WAS_NO,2024,15,19.0,20.0,-3.7026337083357492,43.51195240700667,19.90465934933546,23.607293057671207,-1.0,39.0
2024_16_ARI_CAR,2024,16,36.0,30.0,-7.357310900194667,43.5581497299363,18.100419414870814,25.457730315065483,6.0,66.0
2024_16_CLE_CIN,2024,16,24.0,6.0,9.53690204007098,42.335310003167834,25.93610602161941,16.399203981548425,18.0,30.0
2024_16_DEN_LAC,2024,16,34.0,27.0,-2.242479066580341,43.418266720693715,20.587893827056686,22.83037289363703,7.0,61.0
2024_16_DET_CHI,2024,16,17.0,34.0,-9.268483915976873,48.81941072709934,19.775463405561233,29.043947321538106,-17.0,51.0
2024_16_HOU_KC,2024,16,27.0,19.0,6.877735461570262,42.5237947729825,24.70076511727638,17.82302965570612,8.0,46.0
2024_16_JAX_LV,2024,16,19.0,14.0,2.030694800088683,41.56376968353916,21.79723224181392,19.766537441725237,5.0,33.0
2024_16_LA_NYJ,2024,16,9.0,19.0,-3.19430276936127,47.109014539272366,21.957355884955547,25.15165865431682,-10.0,28.0
2024_16_MIN_SEA,2024,16,24.0,27.0,-5.750331816306639,44.33548193914925,19.292575061421303,25.042906877727944,-3.0,51.0
2024_16_NE_BUF,2024,16,24.0,21.0,10.112459790689298,51.77481165803456,30.94363572436193,20.83117593367263,3.0,45.0
2024_16_NO_GB,2024,16,34.0,0.0,7.26434531612972,42.32693435433348,24.7956398352316,17.53129451910188,34.0,34.0
2024_16_PHI_WAS,2024,16,36.0,33.0,0.07661171627466867,46.43491895279933,23.255765334537,23.17915361826233,3.0,69.0
2024_16_PIT_BAL,2024,16,34.0,17.0,12.130493023128738,53.498640493535724,32.814566758332234,20.684073735203494,17.0,51.0
2024_16_SF_MIA,2024,16,29.0,17.0,3.2998801247597003,47.33805507132632,25.318967598043013,22.01908747328331,12.0,46.0
2024_16_TB_DAL,2024,16,26.0,24.0,-3.7915599700118405,48.28476507069388,22.24660255034102,26.03816252035286,2.0,50.0
2024_16_TEN_IND,2024,16,38.0,30.0,0.35330817463313346,44.28651862804966,22.3199134013414,21.966605226708264,8.0,68.0
2024_17_ARI_LA,2024,17,13.0,9.0,3.2437572269523605,48.06283025578003,25.653293741366195,22.409536514413833,4.0,22.0
2024_17_BAL_HOU,2024,17,2.0,31.0,-9.50511955326669,49.39095040173187,19.94291542423259,29.44803497749928,-29.0,33.0
2024_17_CAR_TB,2024,17,48.0,14.0,13.240494419592864,48.08644716438568,30.663470791989273,17.42297637239641,34.0,62.0
2024_17_DAL_PHI,2024,17,41.0,7.0,7.535818108055739,45.10010325236497,26.317960680210355,18.782142572154612,34.0,48.0
2024_17_DEN_CIN,2024,17,30.0,24.0,5.02440226565691,48.584175044256156,26.804288654956533,21.779886389299623,6.0,54.0
2024_17_DET_SF,2024,17,34.0,40.0,-5.840203631541593,51.36565483153046,22.762725599994436,28.602929231536027,-6.0,74.0
2024_17_GB_MIN,2024,17,27.0,25.0,0.9683544683816836,48.33096571566722,24.64966009202445,23.681305623642768,2.0,52.0
2024_17_IND_NYG,2024,17,45.0,33.0,-2.475973895907921,42.735352728777976,20.129689416435028,22.605663312342948,12.0,78.0
2024_17_KC_PIT,2024,17,10.0,29.0,-6.947007299850995,43.287339600179735,18.17016615016437,25.117173450015365,-19.0,39.0
2024_17_LAC_NE,2024,17,7.0,40.0,1.7717994317145387,43.34699924381894,22.55939933776674,20.7875999060522,-33.0,47.0
2024_17_LV_NO,2024,17,10.0,25.0,0.4013751744933147,37.42346143895356,18.91241830672344,18.51104313223012,-15.0,35.0
2024_17_MIA_CLE,2024,17,3.0,20.0,-6.571379399562218,32.93512826797312,13.18187443420545,19.75325383376767,-17.0,23.0
2024_17_NYJ_BUF,2024,17,40.0,14.0,9.275384164594442,51.43916127126649,30.357272717930467,21.081888553336025,26.0,54.0
2024_17_SEA_CHI,2024,17,3.0,6.0,-0.03488250337753085,47.10613455580779,23.53562602621513,23.57050852959266,-3.0,9.0
2024_17_TEN_JAX,2024,17,20.0,13.0,-0.12375433468156816,44.105338841929374,21.9907922536239,22.114546588305473,7.0,33.0
2024_18_CAR_ATL,2024,18,38.0,44.0,12.896305074957327,47.24643787155148,30.071371473254402,17.175066398297076,-6.0,82.0
2024_18_CHI_GB,2024,18,22.0,24.0,7.840239803228336,36.45763761069365,22.148938706960994,14.308698903732658,-2.0,46.0
2024_18_CIN_PIT,2024,18,17.0,19.0,-7.08898077140058,48.5006257981703,20.70582251338486,27.794803284785438,-2.0,36.0
2024_18_CLE_BAL,2024,18,35.0,10.0,18.579711994202626,48.21571584345875,33.39771391883069,14.818001924628064,25.0,45.0
2024_18_HOU_TEN,2024,18,14.0,23.0,1.2707002707062793,42.853590571635976,22.062145421171127,20.79144515046485,-9.0,37.0
2024_18_JAX_IND,2024,18,26.0,23.0,2.113674474263985,44.682306493470485,23.397990483867236,21.28431600960325,3.0,49.0
2024_18_KC_DEN,2024,18,38.0,0.0,-3.4094092504878915,41.42442211760422,19.007506433558166,22.416915684046057,38.0,38.0
2024_18_LAC_LV,2024,18,20.0,34.0,-0.6386522081600237,43.89520566682753,21.628276729333752,22.266928937493777,-14.0,54.0
2024_18_MIA_NYJ,2024,18,32.0,20.0,-1.7405689359421603,43.11546609595707,20.687448580007455,22.428017515949612,12.0,52.0
2024_18_MIN_DET,2024,18,31.0,9.0,4.771997065159142,53.603176330879144,29.187586698019143,24.41558963286,22.0,40.0
2024_18_NO_TB,2024,18,27.0,19.0,12.556367301954314,41.524139812303126,27.04025355712872,14.483886255174406,8.0,46.0
2024_18_SEA_LA,2024,18,25.0,30.0,6.11381735106445,44.61943981782312,25.366628584443784,19.252811233379337,-5.0,55.0
2024_18_SF_ARI,2024,18,47.0,24.0,3.030521308590264,44.53866899583943,23.784595152214848,20.75407384362458,23.0,71.0
2024_18_WAS_DAL,2024,18,19.0,23.0,-8.29117143063354,46.149448394626916,18.929138481996688,27.220309912630228,-4.0,42.0
2025_01_ARI_NO,2025,1,13.0,20.0,-6.225271260052931,43.25081171521024,18.512770227578656,24.738041487631584,-7.0,33.0
2025_01_BAL_BUF,2025,1,41.0,40.0,-3.592149986206185,55.519065524626754,25.963457769210283,29.55560775541647,1.0,81.0
2025_01_CAR_JAX,2025,1,26.0,10.0,5.037517791212031,49.79869920779084,27.418108499501436,22.380590708289404,16.0,36.0
2025_01_CIN_CLE,2025,1,16.0,17.0,-10.140285936530939,45.10461280517386,17.48216343432146,27.622449370852397,-1.0,33.0
2025_01_DAL_PHI,2025,1,24.0,20.0,11.570974463957537,49.25972362438897,30.415349044173254,18.844374580215714,4.0,44.0
2025_01_DET_GB,2025,1,27.0,13.0,-2.9647692530177583,51.17976124744941,24.10749599721583,27.072265250233585,14.0,40.0
2025_01_HOU_LA,2025,1,14.0,9.0,5.524463582865722,45.28419761318628,25.404330598026,19.87986701516028,5.0,23.0
2025_01_KC_LAC,2025,1,27.0,21.0,1.775397473039147,45.826274184166806,23.800835828602978,22.02543835556383,6.0,48.0
2025_01_LV_NE,2025,1,13.0,20.0,0.6086795569326187,43.819107384732945,22.213893470832783,21.60521391390016,-7.0,33.0
2025_01_MIA_IND,2025,1,33.0,8.0,-3.6615763231422482,44.632023575420796,20.485223626139273,24.146799949281522,25.0,41.0
2025_01_NYG_WAS,2025,1,21.0,6.0,11.049602564288175,50.06036396778623,30.554983266037205,19.505380701749026,15.0,27.0
2025_01_PIT_NYJ,2025,1,32.0,34.0,2.163385558058941,43.52083097165915,22.842108264859046,20.678722706800105,-2.0,66.0
2025_01_SF_SEA,2025,1,13.0,17.0,0.0964614053390187,47.91463005355557,24.005545729447295,23.909084324108274,-4.0,30.0
2025_01_TB_ATL,2025,1,20.0,23.0,-3.1711324014768394,52.48265850225806,24.65576305039061,27.82689545186745,-3.0,43.0
2025_02_BUF_NYJ,2025,2,10.0,30.0,-6.242546046613978,49.352918623810574,21.555186288598296,27.797732335212277,-20.0,40.0
2025_02_CAR_ARI,2025,2,27.0,22.0,11.526999570975912,50.42553224166184,30.976265906318876,19.449266335342966,5.0,49.0
2025_02_CHI_DET,2025,2,52.0,21.0,13.04020198010918,47.83178103287406,30.43599150649162,17.39578952638244,31.0,73.0
2025_02_CLE_BAL,2025,2,41.0,17.0,17.876376578570262,49.71810921759858,33.79724289808442,15.92086631951416,24.0,58.0
2025_02_DEN_IND,2025,2,29.0,28.0,-2.549961854550096,44.69453606635431,21.072287105902106,23.622248960452204,1.0,57.0
2025_02_JAX_CIN,2025,2,31.0,27.0,5.251030050709905,47.441667820528984,26.346348935619446,21.09531888490954,4.0,58.0
2025_02_LAC_LV,2025,2,9.0,20.0,-3.780491448460241,43.74885283591482,19.98418069372729,23.76467214218753,-11.0,29.0
2025_02_NE_MIA,2025,2,27.0,33.0,5.955328547079893,43.86444008507593,24.90988431607791,18.954555768998016,-6.0,60.0
2025_02_NYG_DAL,2025,2,40.0,37.0,5.01695903942314,45.56435775453368,25.29065839697841,20.27369935755527,3.0,77.0
2025_02_PHI_KC,2025,2,17.0,20.0,-4.146853589989815,50.76346691244108,23.308306661225632,27.45516025121545,-3.0,37.0
2025_02_SEA_PIT,2025,2,17.0,31.0,-0.5880464743074947,44.28901885091053,21.850486188301517,22.438532662609013,-14.0,48.0
2025_02_SF_NO,2025,2,21.0,26.0,-4.517290571902352,42.564410396465924,19.023559912281787,23.540850484184137,-5.0,47.0
2025_02_TB_HOU,2025,2,19.0,20.0,-7.5142863422379005,45.716920732187184,19.10131719497464,26.615603537212543,-1.0,39.0
2025_02_WAS_GB,2025,2,27.0,18.0,0.9146096457296136,48.87159144940047,24.89310054756504,23.97849090183543,9.0,45.0
2025_03_ARI_SF,2025,3,16.0,15.0,0.34082564643517554,46.97633174314134,23.658578694788257,23.31775304835308,1.0,31.0
2025_03_ATL_CAR,2025,3,30.0,0.0,-8.402830570661456,44.66271198881807,18.129940709078305,26.532771279739762,30.0,30.0
2025_03_CIN_MIN,2025,3,48.0,10.0,-1.3012409921994184,43.782331855875334,21.24054543183796,22.541786424037376,38.0,58.0
2025_03_DAL_CHI,2025,3,31.0,14.0,-1.085110908736511,46.104976193354375,22.509932642308932,23.595043551045443,17.0,45.0
2025_03_DEN_LAC,2025,3,23.0,20.0,1.912853257324677,47.037661867143825,24.47525756223425,22.562404304909574,3.0,43.0
2025_03_DET_BAL,2025,3,30.0,38.0,2.50444479458684,56.34130351438982,29.42287415448833,26.91842935990149,-8.0,68.0
2025_03_GB_CLE,2025,3,13.0,10.0,-10.866293636886745,43.91406588415694,16.523886123635098,27.390179760521843,3.0,23.0
2025_03_HOU_JAX,2025,3,17.0,10.0,4.080441132431907,43.50362778284701,23.79203445763946,19.711593325207552,7.0,27.0
2025_03_IND_TEN,2025,3,20.0,41.0,-8.104119897401693,40.871232790820336,16.38355644670932,24.487676344111016,-21.0,61.0
2025_03_KC_NYG,2025,3,9.0,22.0,-4.836787284990103,44.58469042371837,19.873951569364134,24.710738854354236,-13.0,31.0
2025_03_LA_PHI,2025,3,33.0,26.0,4.700474915841034,47.612145763512494,26.156310339676764,21.45583542383573,7.0,59.0
2025_03_LV_WAS,2025,3,41.0,24.0,8.945074737454421,47.47445605488793,28.209765396171175,19.264690658716756,17.0,65.0
2025_03_MIA_BUF,2025,3,31.0,21.0,6.502804991799047,52.092953316193125,29.297879153996085,22.79507416219704,10.0,52.0
2025_03_NO_SEA,2025,3,44.0,13.0,5.8983362500322505,38.18277764657591,22.04055694830408,16.142220698271828,31.0,57.0
2025_03_NYJ_TB,2025,3,29.0,27.0,11.202207460624637,48.0965824245476,29.649394942586117,18.447187481961482,2.0,56.0
2025_03_PIT_NE,2025,3,14.0,21.0,3.449110486930117,44.56883724181249,24.008973864371303,20.559863377441186,-7.0,35.0
2025_04_BAL_KC,2025,4,37.0,20.0,-5.5192307041227595,52.33304023903651,23.406904767456872,28.926135471579634,17.0,57.0
2025_04_CAR_NE,2025,4,42.0,13.0,4.79964220819266,44.86729256663338,24.83346738741302,20.03382517922036,29.0,55.0
2025_04_CHI_LV,2025,4,24.0,25.0,1.3597230007988,43.657733539329186,22.508728270063994,21.149005269265192,-1.0,49.0
2025_04_CIN_DEN,2025,4,28.0,3.0,5.664431993870601,46.89698880470084,26.28071039928572,20.61627840541512,25.0,31.0
2025_04_CLE_DET,2025,4,34.0,10.0,18.084223634495626,49.10884633405527,33.59653498427545,15.512311349779823,24.0,44.0
2025_04_GB_DAL,2025,4,40.0,40.0,-6.9533037235378625,47.05277998322942,20.049738129845778,27.003041853383642,0.0,80.0
2025_04_IND_LA,2025,4,27.0,20.0,1.2695913551747546,48.77485814465961,25.022224749917182,23.75263339474243,7.0,47.0
2025_04_JAX_SF,2025,4,21.0,26.0,5.104064616507615,46.182433225850694,25.643248921179154,20.53918430467154,-5.0,47.0
2025_04_MIN_PIT,2025,4,24.0,21.0,-3.8604647809208927,42.295550656687375,19.21754293788324,23.078007718804134,3.0,45.0
2025_04_NO_BUF,2025,4,31.0,19.0,12.767029690966464,47.800452937800785,30.283741314383626,17.51671162341716,12.0,50.0
2025_04_NYJ_MIA,2025,4,27.0,21.0,3.9566819536982667,47.66646038638212,25.811571170040192,21.854889216341927,6.0,48.0
2025_04_PHI_TB,2025,4,25.0,31.0,1.9502653504892515,53.2260202542161,27.588142802352678,25.637877451863424,-6.0,56.0
2025_04_SEA_ARI,2025,4,20.0,23.0,2.1466703239532086,48.23701598783865,25.19184315589593,23.045172831942722,-3.0,43.0
2025_04_TEN_HOU,2025,4,26.0,0.0,6.995406807074284,36.810425619947836,21.90291621351106,14.907509406436777,26.0,26.0
2025_04_WAS_ATL,2025,4,34.0,27.0,-2.0538640544827427,48.25780270054388,23.101969323030566,25.15583337751331,7.0,61.0
2025_05_DAL_NYJ,2025,5,22.0,37.0,2.7028447293364968,49.37895913435027,26.040901931843383,23.338057202506885,-15.0,59.0
2025_05_DEN_PHI,2025,5,17.0,21.0,2.7796765755365156,47.31720464131153,25.04844060842402,22.268764032887507,-4.0,38.0
2025_05_DET_CIN,2025,5,24.0,37.0,-10.704940361670701,48.93954171267322,19.11730067550126,29.82224103717196,-13.0,61.0
2025_05_HOU_BAL,2025,5,10.0,44.0,9.873032429170868,46.06142073950599,27.96722658433843,18.09419415516756,-34.0,54.0
2025_05_KC_JAX,2025,5,31.0,28.0,-1.225761291842071,45.521282518772935,22.147760613465433,23.373521905307502,3.0,59.0
2025_05_LV_IND,2025,5,40.0,6.0,6.43641939235359,47.657691336732036,27.047055364542814,20.610635972189222,34.0,46.0
2025_05_MIA_CAR,2025,5,27.0,24.0,-2.9025810676856105,47.198280727401404,22.147849829857897,25.050430897543507,3.0,51.0
2025_05_NE_BUF,2025,5,20.0,23.0,8.565646826268345,52.94263837598583,30.754142601127086,22.188495774858744,-3.0,43.0
2025_05_SF_LA,2025,5,23.0,26.0,3.015789786744044,46.45162653802005,24.733708162382047,21.717918375638003,-3.0,49.0
2025_05_TB_SEA,2025,5,35.0,38.0,-1.2098829218716751,48.51143014985552,23.650773613991923,24.860656535863598,-3.0,73.0
2025_05_TEN_ARI,2025,5,21.0,22.0,13.031226453480693,41.418269577148635,27.224748015314663,14.193521561833972,-1.0,43.0
2025_05_WAS_LAC,2025,5,10.0,27.0,0.5550580978152488,46.10428796093292,23.329673029374085,22.774614931558837,-17.0,37.0
2025_06_ARI_IND,2025,6,31.0,27.0,4.513840427995868,47.907232396688336,26.2105364123421,21.696695984346235,4.0,58.0
2025_06_BUF_ATL,2025,6,24.0,14.0,-2.9019351066090238,51.36823842477686,24.23315165908392,27.135086765692943,10.0,38.0
2025_06_CHI_WAS,2025,6,24.0,25.0,10.157391300510549,49.36229160398748,29.759841452249013,19.602450151738466,-1.0,49.0
2025_06_CIN_GB,2025,6,27.0,18.0,11.186801951333198,47.8639521587871,29.525377055060147,18.338575103726953,9.0,45.0
2025_06_DAL_CAR,2025,6,30.0,27.0,-1.2750263101014714,49.43584973576034,24.080411712829434,25.355438022930908,3.0,57.0
2025_06_DEN_NYJ,2025,6,11.0,13.0,-3.322072220901635,45.54566836449295,21.111798071795654,24.433870292697293,-2.0,24.0
2025_06_DET_KC,2025,6,30.0,17.0,-4.035103934178592,52.913573137997695,24.43923460190955,28.474338536088144,13.0,47.0
2025_06_LAC_MIA,2025,6,27.0,29.0,-0.4107435784100293,46.74418706698927,23.16672174428962,23.57746532269965,-2.0,56.0
2025_06_LA_BAL,2025,6,3.0,17.0,1.1293382069784865,47.92902126313312,24.529179735055806,23.399841528077317,-14.0,20.0
2025_06_NE_NO,2025,6,19.0,25.0,-1.6879750664238047,46.2566469344399,22.28433593400805,23.97231100043185,-6.0,44.0
2025_06_PHI_NYG,2025,6,34.0,17.0,-5.888672852295638,43.43156500799499,18.771446077849674,24.660118930145316,17.0,51.0
2025_06_SEA_JAX,2025,6,12.0,20.0,-2.298802998856174,48.25899529456869,22.98009614785626,25.278899146712433,-8.0,32.0
2025_06_SF_TB,2025,6,30.0,19.0,3.7141935796204484,50.778284591975314,27.246239085797882,23.532045506177433,11.0,49.0
2025_06_TEN_LV,2025,6,20.0,10.0,6.509009343653375,36.54655531895362,21.5277823313035,15.018772987650124,10.0,30.0
2025_07_ATL_SF,2025,7,20.0,10.0,-0.028575197992760426,44.63963398587923,22.305529393943235,22.334104591935994,10.0,30.0
2025_07_CAR_NYJ,2025,7,6.0,13.0,0.8566382813361824,43.91227557550064,22.38445692841841,21.527818647082228,-7.0,19.0
2025_07_GB_ARI,2025,7,23.0,27.0,-4.359660393367644,49.53680851828024,22.588574062456296,26.948234455823943,-4.0,50.0
2025_07_HOU_SEA,2025,7,27.0,19.0,2.8548600441752106,45.410106128106854,24.132483086141033,21.27762304196582,8.0,46.0
2025_07_IND_LAC,2025,7,24.0,38.0,-0.6298814702675164,46.87530839637295,23.12271346305272,23.752594933320232,-14.0,62.0
2025_07_LA_JAX,2025,7,7.0,35.0,-3.4586256012820344,45.00019169355405,20.770783046136007,24.229408647418044,-28.0,42.0
2025_07_LV_KC,2025,7,31.0,0.0,9.710347181857353,48.083146882030704,28.896747031944027,19.186399850086676,31.0,31.0
2025_07_MIA_CLE,2025,7,31.0,6.0,-5.635231148393903,44.73862897092706,19.551698911266577,25.186930059660483,25.0,37.0
2025_07_NE_TEN,2025,7,13.0,31.0,-8.351660348886089,42.4728494487602,17.060594549937058,25.412254898823143,-18.0,44.0
2025_07_NO_CHI,2025,7,26.0,14.0,2.238563174863459,44.427848272188314,23.333205723525886,21.094642548662428,12.0,40.0
2025_07_NYG_DEN,2025,7,33.0,32.0,7.317594955167058,41.20991819697293,24.263756576069994,16.946161620902934,1.0,65.0
2025_07_PHI_MIN,2025,7,22.0,28.0,0.5297763403372878,45.5678588797399,23.048817610038594,22.519041269701308,-6.0,50.0
2025_07_PIT_CIN,2025,7,33.0,31.0,-2.156373010755172,45.623556944993865,21.733591967119345,23.88996497787452,2.0,64.0
2025_07_TB_DET,2025,7,24.0,9.0,4.7980396362893245,56.99645266075918,30.897246148524253,26.09920651223493,15.0,33.0
2025_07_WAS_DAL,2025,7,44.0,22.0,-3.682191568130502,51.706278930570356,24.01204368121993,27.694235249350427,22.0,66.0
2025_08_BUF_CAR,2025,8,9.0,40.0,-5.75718759540594,46.731373653851534,20.487093029222798,26.244280624628736,-31.0,49.0
2025_08_CHI_BAL,2025,8,30.0,16.0,4.273961956543478,44.86821126751941,24.571086612031447,20.297124655487966,14.0,46.0
2025_08_CLE_NE,2025,8,32.0,13.0,10.498066894953753,43.36113150957194,26.929599202262846,16.431532307309094,19.0,45.0
2025_08_DAL_DEN,2025,8,44.0,24.0,5.331308230553699,50.79000556802484,28.06065689928927,22.729348668735568,20.0,68.0
2025_08_GB_PIT,2025,8,25.0,35.0,-4.391249732846731,49.91163765690412,22.760193962028694,27.151443694875425,-10.0,60.0
2025_08_MIA_ATL,2025,8,10.0,34.0,5.70100244405756,46.05647572837696,25.87873908621726,20.1777366421597,-24.0,44.0
2025_08_MIN_LAC,2025,8,37.0,10.0,0.47480495037440573,43.06749379322187,21.77114937179814,21.296344421423733,27.0,47.0
2025_08_NYG_PHI,2025,8,38.0,20.0,6.2476427409381365,45.58567433228897,25.916658536613554,19.669015795675413,18.0,58.0
2025_08_NYJ_CIN,2025,8,38.0,39.0,1.6233233814425185,44.6555911240522,23.13945725274736,21.51613387130484,-1.0,77.0
2025_08_SF_HOU,2025,8,26.0,15.0,0.2770076665549126,42.29701837685342,21.28701302170417,21.010005355149254,11.0,41.0
2025_08_TEN_IND,2025,8,38.0,14.0,14.727074475839808,44.58872064890602,29.657897562372913,14.930823086533106,24.0,52.0
2025_08_WAS_KC,2025,8,28.0,7.0,5.79404657659626,50.48982245277305,28.141934514684653,22.347887938088395,21.0,35.0
2025_09_ARI_DAL,2025,9,17.0,27.0,1.3087737498789997,51.58602218769713,26.447397968788067,25.138624218909065,-10.0,44.0
2025_09_ATL_NE,2025,9,24.0,23.0,4.9379062377469305,45.59651459291522,25.267210415331075,20.329304177584145,1.0,47.0
2025_09_BAL_MIA,2025,9,6.0,28.0,-3.7102638449209993,50.579929667353746,23.434832911216372,27.145096756137374,-22.0,34.0
2025_09_CAR_GB,2025,9,13.0,16.0,11.783978981586783,49.99715593750645,30.890567459546617,19.106588477959832,-3.0,29.0
2025_09_CHI_CIN,2025,9,42.0,47.0,1.2055580683519838,49.213757680053945,25.209657874202964,24.00409980585098,-5.0,89.0
2025_09_DEN_HOU,2025,9,15.0,18.0,-3.4256722892201896,42.92696252534298,19.750645118061396,23.176317407281584,-3.0,33.0
2025_09_IND_PIT,2025,9,27.0,20.0,-5.422628368814895,50.35620138980797,22.46678651049654,27.88941487931143,7.0,47.0
2025_09_JAX_LV,2025,9,29.0,30.0,-4.036227635428639,39.520876722638754,17.742324543605058,21.778552179033696,-1.0,59.0
2025_09_KC_BUF,2025,9,28.0,21.0,-0.1111564475680813,49.78148092978747,24.835162241109696,24.946318688677774,7.0,49.0
2025_09_LAC_TEN,2025,9,20.0,27.0,-10.158171479008784,40.593575780991856,15.217702150991535,25.37587363000032,-7.0,47.0
2025_09_MIN_DET,2025,9,24.0,27.0,11.612519130627735,44.98305591208647,28.2977875213571,16.68526839072937,-3.0,51.0
2025_09_SEA_WAS,2025,9,14.0,38.0,1.3072476390304333,48.999278317728276,25.153262978379356,23.84601533934892,-24.0,52.0
2025_09_SF_NYG,2025,9,24.0,34.0,-1.6273894023177646,44.52898874045994,21.450799669071085,23.078189071388852,-10.0,58.0
2025_10_ARI_SEA,2025,10,44.0,22.0,4.858141858679273,48.09122561377103,26.474683736225153,21.616541877545878,22.0,66.0
2025_10_ATL_IND,2025,10,31.0,25.0,6.205411727526159,48.07722689687318,27.14131931219967,20.935907584673508,6.0,56.0
2025_10_BAL_MIN,2025,10,19.0,27.0,-5.59154584494992,44.52391752185534,19.46618583845271,25.05773168340263,-8.0,46.0
2025_10_BUF_MIA,2025,10,30.0,13.0,-8.46957100957908,48.291600820547686,19.9110149054843,28.380585915063385,17.0,43.0
2025_10_CLE_NYJ,2025,10,27.0,20.0,7.572991370441359,41.68200640663439,24.627498888537875,17.054507518096518,7.0,47.0
2025_10_DET_WAS,2025,10,22.0,44.0,-5.089906964124396,50.60691567193465,22.758504353905128,27.848411318029523,-22.0,66.0
2025_10_JAX_HOU,2025,10,36.0,29.0,1.5265181650324118,41.78804135696724,21.657279760999828,20.130761595967414,7.0,65.0
2025_10_LA_SF,2025,10,26.0,42.0,-3.9086404069128537,46.09762046100304,21.094490027045094,25.003130433957946,-16.0,68.0
2025_10_LV_DEN,2025,10,10.0,7.0,10.31576165633762,45.023783194272575,27.669772425305098,17.354010768967477,3.0,17.0
2025_10_NE_TB,2025,10,23.0,28.0,1.1828640984814227,51.44155973997248,26.312211919226954,25.12934782074553,-5.0,51.0
2025_10_NO_CAR,2025,10,7.0,17.0,4.802091295478672,36.07318470335802,20.437637999418342,15.635546703939672,-10.0,24.0
2025_10_NYG_CHI,2025,10,24.0,20.0,3.3291171414515004,47.94755039025971,25.638333765855602,22.309216624404105,4.0,44.0
2025_10_PHI_GB,2025,10,7.0,10.0,2.9724980328857047,53.296650279722826,28.134574156304264,25.16207612341856,-3.0,17.0
2025_10_PIT_LAC,2025,10,25.0,10.0,6.872455010661704,46.64285036039581,26.757652685528758,19.885197674867054,15.0,35.0
2025_11_CAR_ATL,2025,11,27.0,30.0,5.210273484566125,44.73065881950204,24.97046615203408,19.760192667467958,-3.0,57.0
2025_11_CHI_MIN,2025,11,17.0,19.0,-1.5681258597676908,41.55291149992647,19.99239282007939,21.560518679847082,-2.0,36.0
2025_11_CIN_PIT,2025,11,34.0,12.0,0.8417110887926801,47.86813376938972,24.3549224290912,23.513211340298522,22.0,46.0
2025_11_DAL_LV,2025,11,16.0,33.0,-3.1949266117475927,45.16663080695564,20.985852097604024,24.180778709351614,-17.0,49.0
2025_11_DET_PHI,2025,11,16.0,9.0,-3.2959003798523705,52.35586666760719,24.52998314387741,27.82588352372978,7.0,25.0
2025_11_GB_NYG,2025,11,20.0,27.0,-8.018820769771185,46.90761264128332,19.44439593575607,27.463216705527252,-7.0,47.0
2025_11_HOU_TEN,2025,11,13.0,16.0,-7.607056356252404,37.99463267235059,15.193788158049093,22.800844514301495,-3.0,29.0
2025_11_KC_DEN,2025,11,22.0,19.0,-1.890948963376063,44.337262951613795,21.223156994118867,23.114105957494928,3.0,41.0
2025_11_LAC_JAX,2025,11,35.0,6.0,-4.655852803228576,45.5155505779262,20.42984888734881,25.085701690577388,29.0,41.0
2025_11_NYJ_NE,2025,11,27.0,14.0,8.603739111893708,46.53293682000341,27.568337965948558,18.96459885405485,13.0,41.0
2025_11_SEA_LA,2025,11,21.0,19.0,4.66969075948527,52.50054852532809,28.58511964240668,23.91542888292141,2.0,40.0
2025_11_SF_ARI,2025,11,22.0,41.0,-0.1659943198482785,50.08499447365832,24.95950007690502,25.1254943967533,-19.0,63.0
2025_11_TB_BUF,2025,11,44.0,32.0,4.178025149361848,50.448866262690466,27.313445706026158,23.135420556664307,12.0,76.0
2025_11_WAS_MIA,2025,11,16.0,13.0,0.04267625839923306,49.17532874171903,24.60900250005913,24.566326241659898,3.0,29.0
2025_12_ATL_NO,2025,12,10.0,24.0,-2.631772806112793,41.147923690569186,19.258075442228197,21.88984824834099,-14.0,34.0
2025_12_BUF_HOU,2025,12,23.0,19.0,-3.603083490751133,46.801009607493626,21.598963058371247,25.20204654912238,4.0,42.0
2025_12_CAR_SF,2025,12,20.0,9.0,7.043137272687245,49.06358282958058,28.053360051133915,21.010222778446668,11.0,29.0
2025_12_IND_KC,2025,12,23.0,20.0,1.3430704983214792,49.86465533684194,25.60386291758171,24.26079241926023,3.0,43.0
2025_12_JAX_ARI,2025,12,24.0,27.0,0.36777452785482345,46.09589370638815,23.231834117121487,22.864059589266667,-3.0,51.0
2025_12_MIN_GB,2025,12,23.0,6.0,9.96272085637546,42.90023652811415,26.431478692244806,16.468757835869344,17.0,29.0
2025_12_NE_CIN,2025,12,20.0,26.0,-5.707865863792925,52.374517630481265,23.33332588334417,29.041191747137095,-6.0,46.0
2025_12_NYG_DET,2025,12,34.0,27.0,11.961100089620448,50.0778885836086,31.01949433661452,19.058394246994077,7.0,61.0
2025_12_NYJ_BAL,2025,12,23.0,10.0,10.838749060665853,46.315391849095896,28.577070454880875,17.73832139421502,13.0,33.0
2025_12_PHI_DAL,2025,12,24.0,21.0,-1.1899362961165225,51.53696695562271,25.173515329753094,26.363451625869615,3.0,45.0
2025_12_PIT_CHI,2025,12,31.0,28.0,2.3615655552550914,48.37472815491058,25.368146855082834,23.006581299827744,3.0,59.0
2025_12_SEA_TEN,2025,12,24.0,30.0,-10.675523863491298,43.854912085140754,16.589694110824727,27.265217974316027,-6.0,54.0
2025_12_TB_LA,2025,12,34.0,7.0,5.781120796529424,49.946613699112646,27.863867247821034,22.082746451291612,27.0,41.0
2025_13_ARI_TB,2025,13,20.0,17.0,1.5308686552825352,48.71714297672691,25.124005816004722,23.59313716072219,3.0,37.0
2025_13_ATL_NYJ,2025,13,27.0,24.0,-2.6753243772873754,42.79895795191455,20.06181678731359,22.737141164600963,3.0,51.0
2025_13_BUF_PIT,2025,13,7.0,26.0,-3.209450478116258,48.484575786956235,22.637562654419987,25.847013132536247,-19.0,33.0
2025_13_CHI_PHI,2025,13,15.0,24.0,4.480321342137467,48.03369869278651,26.257010017461987,21.77668867532452,-9.0,39.0
2025_13_CIN_BAL,2025,13,14.0,32.0,7.003196620922812,51.39537634837477,29.19928648464879,22.196089863725977,-18.0,46.0
2025_13_DEN_WAS,2025,13,26.0,27.0,-0.5956049337249649,46.83490078631497,23.119647926295002,23.715252860019966,-1.0,53.0
2025_13_GB_DET,2025,13,24.0,31.0,1.2384502332870369,50.00201428767984,25.62023226048344,24.3817820271964,-7.0,55.0
2025_13_HOU_IND,2025,13,16.0,20.0,3.8179843521351007,47.113886615861986,25.465935483998543,21.647951131863444,-4.0,36.0
2025_13_JAX_TEN,2025,13,3.0,25.0,-7.336022784452052,40.5967635932412,16.630370404394576,23.966393188846624,-22.0,28.0
2025_13_KC_DAL,2025,13,31.0,28.0,-3.188358381441617,49.289097521387305,23.050369569972844,26.23872795141446,3.0,59.0
2025_13_LA_CAR,2025,13,31.0,28.0,-10.568416365264527,42.15398422273604,15.792783928735759,26.361200294000284,3.0,59.0
2025_13_LV_LAC,2025,13,31.0,14.0,8.75657318991699,41.21202346230786,24.984298326112427,16.227725136195435,17.0,45.0
2025_13_NO_MIA,2025,13,21.0,17.0,4.763217045830225,39.23697653972425,22.00009679277724,17.236879746947015,4.0,38.0
2025_13_NYG_NE,2025,13,33.0,15.0,7.571972812193936,48.20644984764897,27.88921132992145,20.317238517727517,18.0,48.0
2025_13_SF_CLE,2025,13,8.0,26.0,-10.214282913728141,40.209081405500974,14.997399245886417,25.211682159614558,-18.0,34.0
2025_14_CHI_GB,2025,14,28.0,21.0,8.03085127964494,49.004464040096714,28.517657659870828,20.486806380225886,7.0,49.0
2025_14_CIN_BUF,2025,14,39.0,34.0,7.25636080350661,50.9443395860673,29.100350194786955,21.843989391280346,5.0,73.0
2025_14_DAL_DET,2025,14,44.0,30.0,5.43123316201959,52.819164313335605,29.125198737677596,23.69396557565801,14.0,74.0
2025_14_DEN_LV,2025,14,17.0,24.0,-7.870605614109696,39.32084519961531,15.725119792752809,23.595725406862506,-7.0,41.0
2025_14_HOU_KC,2025,14,10.0,20.0,4.135929742903679,46.564873386064264,25.35040156448397,21.214471821580293,-10.0,30.0
2025_14_LA_ARI,2025,14,17.0,45.0,-5.372262572049702,46.20656158610451,20.417149507027407,25.789412079077106,-28.0,62.0
2025_14_NO_TB,2025,14,20.0,24.0,4.8454325847544375,41.403275904422856,23.124354244588645,18.27892165983421,-4.0,44.0
2025_14_PHI_LAC,2025,14,22.0,19.0,1.1397436006141253,46.15400682040924,23.646875210511684,22.50713160989756,3.0,41.0
2025_14_PIT_BAL,2025,14,22.0,27.0,6.010331559443648,43.49297227331501,24.75165191637933,18.74132035693568,-5.0,49.0
2025_14_SEA_ATL,2025,14,9.0,37.0,-2.9109733163719795,46.57754980266783,21.833288243147926,24.744261559519906,-28.0,46.0
2025_14_TEN_CLE,2025,14,29.0,31.0,1.826498954360512,33.65416689143079,17.74033292289565,15.913833968535139,-2.0,60.0
2025_14_WAS_MIN,2025,14,31.0,0.0,-5.467028597713705,38.264965440872984,16.39896842157964,21.865997019293346,31.0,31.0
2025_15_ARI_HOU,2025,15,40.0,20.0,4.2498340083971105,45.246725049097215,24.74827952874716,20.498445520350053,20.0,60.0
2025_15_ATL_TB,2025,15,28.0,29.0,1.3163912369509534,46.463867390909044,23.89012931393,22.573738076979044,-1.0,57.0
2025_15_BAL_CIN,2025,15,0.0,24.0,-1.2385821104177432,49.661398644191216,24.211408266886735,25.44999037730448,-24.0,24.0
2025_15_BUF_NE,2025,15,31.0,35.0,-0.09716198415634403,50.84663283404694,25.3747354249453,25.471897409101643,-4.0,66.0
2025_15_CAR_NO,2025,15,20.0,17.0,2.481268517413449,41.3252528802985,21.903260698855973,19.421992181442526,3.0,37.0
2025_15_CLE_CHI,2025,15,31.0,3.0,9.152845015372165,37.04690815334614,23.09987658435915,13.947031568986986,28.0,34.0
2025_15_DET_LA,2025,15,41.0,34.0,5.2663175340570225,51.63679401111754,28.45155577258728,23.185238238530257,7.0,75.0
2025_15_GB_DEN,2025,15,34.0,26.0,-0.8535417925935194,47.69195654404462,23.419207375725552,24.27274916831907,8.0,60.0
2025_15_IND_SEA,2025,15,18.0,16.0,5.269027829639152,47.895444453384,26.582236141511576,21.313208311872426,2.0,34.0
2025_15_LAC_KC,2025,15,13.0,16.0,3.4044901640782443,44.04207028429202,23.723280224185135,20.31879006010689,-3.0,29.0
2025_15_LV_PHI,2025,15,31.0,0.0,10.182224454566102,43.98980369284395,27.086014073705027,16.903789619138923,31.0,31.0
2025_15_MIA_PIT,2025,15,28.0,15.0,-1.1428613197133506,45.41652079380399,22.13682973704532,23.27969105675867,13.0,43.0
2025_15_MIN_DAL,2025,15,26.0,34.0,4.775365117171986,43.79410165193406,24.28473338455302,19.509368267381035,-8.0,60.0
2025_15_TEN_SF,2025,15,37.0,24.0,12.161099672357786,44.66253442174335,28.41181704705057,16.250717374692783,13.0,61.0
2025_15_WAS_NYG,2025,15,21.0,29.0,0.3690930815911113,48.90194020587159,24.63551664373135,24.26642356214024,-8.0,50.0
2025_16_ATL_ARI,2025,16,19.0,26.0,0.24943488358690025,48.679955930263205,24.464695406925053,24.215260523338152,-7.0,45.0
2025_16_BUF_CLE,2025,16,20.0,23.0,-13.634043953034835,42.03967552081641,14.202815783890788,27.83685973692562,-3.0,43.0
2025_16_GB_CHI,2025,16,22.0,16.0,-2.374222720058362,50.04292217838713,23.834349729164384,26.208572449222746,6.0,38.0
2025_16_JAX_DEN,2025,16,20.0,34.0,2.5588479959766453,46.76618774039831,24.66251786818748,22.10366987221083,-14.0,54.0
2025_16_LAC_DAL,2025,16,17.0,34.0,-0.21639754739465134,48.352704827340546,24.068153639972948,24.284551187367597,-17.0,51.0
2025_16_LA_SEA,2025,16,38.0,37.0,-1.9048120343853359,45.813524098334476,21.95435603197457,23.859168066359906,1.0,75.0
2025_16_LV_HOU,2025,16,23.0,21.0,12.607227793024254,43.15808177254374,27.882654782783995,15.275426989759742,2.0,44.0
2025_16_MIN_NYG,2025,16,13.0,16.0,0.9005273439782104,42.26792079681333,21.58422407039577,20.68369672641756,-3.0,29.0
2025_16_NE_BAL,2025,16,24.0,28.0,-0.5970711721862816,45.86324180137465,22.633085314594183,23.230156486780466,-4.0,52.0
2025_16_NYJ_NO,2025,16,29.0,6.0,7.609604603862782,34.4600170412729,21.03481082256784,13.425206218705059,23.0,35.0
2025_16_PHI_WAS,2025,16,18.0,29.0,-3.8838157066977743,48.17982124868721,22.14800277099472,26.031818477692493,-11.0,47.0
2025_16_PIT_DET,2025,16,24.0,29.0,5.297563368070717,50.83770999737374,28.06763668272223,22.770073314651512,-5.0,53.0
2025_16_SF_IND,2025,16,27.0,48.0,0.5414360160228012,52.686546987542876,26.613991501782838,26.072555485760038,-21.0,75.0
2025_16_TB_CAR,2025,16,23.0,20.0,-1.4292463851692705,45.40142099387443,21.98608730435258,23.41533368952185,3.0,43.0
2025_17_ARI_CIN,2025,17,37.0,14.0,3.073204507758301,50.44003126981359,26.756617888785943,23.683413381027645,23.0,51.0
2025_17_BAL_GB,2025,17,24.0,41.0,0.8127889939608417,38.94213275753382,19.87746087574733,19.064671881786488,-17.0,65.0
2025_17_CHI_SF,2025,17,42.0,38.0,3.964469121673381,50.53070890440763,27.247589013040507,23.283119891367125,4.0,80.0
2025_17_DAL_WAS,2025,17,23.0,30.0,-0.6990922988265422,49.59533096033157,24.448119330752515,25.147211629579058,-7.0,53.0
2025_17_HOU_LAC,2025,17,16.0,20.0,2.465018333453243,44.37703094034134,23.421024636897293,20.95600630344405,-4.0,36.0
2025_17_JAX_IND,2025,17,17.0,23.0,-1.0224456836185014,50.567762900211925,24.772658608296712,25.795104291915212,-6.0,40.0
2025_17_LA_ATL,2025,17,27.0,24.0,-7.749098729248585,48.019693203847964,20.13529723729969,27.884395966548276,3.0,51.0
2025_17_NE_NYJ,2025,17,10.0,42.0,-11.958626478039664,43.897828739156814,15.969601130558576,27.928227608598238,-32.0,52.0
2025_17_NO_TEN,2025,17,26.0,34.0,-4.446614559013762,38.41332134184455,16.983353391415395,21.429967950429155,-8.0,60.0
2025_17_NYG_LV,2025,17,10.0,34.0,-1.1505343368138796,40.71051289299952,19.77998927809282,20.930523614906697,-24.0,44.0
2025_17_PHI_BUF,2025,17,12.0,13.0,1.3125364656199567,50.29399966158832,25.80326806360414,24.490731597984183,-1.0,25.0
2025_17_PIT_CLE,2025,17,13.0,6.0,-7.967067890244447,37.95417401427516,14.993553062015357,22.960620952259802,7.0,19.0
2025_17_SEA_CAR,2025,17,10.0,27.0,-7.499114389353924,45.506920034165844,19.003902822405962,26.503017211759882,-17.0,37.0
2025_18_ARI_LA,2025,18,37.0,20.0,11.797197275810277,51.00878452164683,31.402990898728554,19.605793622918277,17.0,57.0
2025_18_BAL_PIT,2025,18,26.0,24.0,-1.3107452431993576,46.682147517987985,22.685701137394314,23.99644638059367,2.0,50.0
2025_18_CAR_TB,2025,18,16.0,14.0,5.620285696072546,45.552749287524996,25.586517491798773,19.966231795726223,2.0,30.0
2025_18_CLE_CIN,2025,18,18.0,20.0,11.99610861705981,40.84293131856242,26.419519967811116,14.423411350751305,-2.0,38.0
2025_18_DET_CHI,2025,18,16.0,19.0,0.8391057348181092,51.499448386968965,26.16927706089354,25.330171326075426,-3.0,35.0
2025_18_KC_LV,2025,18,14.0,12.0,-3.7248454853916027,41.019387342926805,18.6472709287676,22.372116414159205,2.0,26.0
2025_18_LAC_DEN,2025,18,19.0,3.0,7.349674330497885,42.363570571484345,24.856622450991114,17.50694812049323,16.0,22.0
2025_18_MIA_NE,2025,18,38.0,10.0,11.08557378788085,53.014630648346696,32.05010221811377,20.964528430232924,28.0,48.0
2025_18_NO_ATL,2025,18,19.0,17.0,1.4112681191599274,44.42341917487907,22.9173436470195,21.506075527859572,2.0,36.0
2025_18_NYJ_BUF,2025,18,35.0,8.0,15.746291374653083,39.99831820999158,27.872304792322332,12.126013417669249,27.0,43.0
2025_18_SEA_SF,2025,18,3.0,13.0,-0.608367036701684,51.02465570885458,25.208144336076447,25.816511372778134,-10.0,16.0
2025_18_TEN_JAX,2025,18,41.0,7.0,11.874758071216373,44.65616867244644,28.26546337183141,16.390705300615032,34.0,48.0
