game_id,season,week,home_score,away_score,pred_margin,pred_total,pred_home_score,pred_away_score,actual_margin,actual_total
2022_01_BAL_NYJ,2022,1,9,24,-6.495883082285878,44.800658874811155,19.15238789626264,25.648270978548517,-15.0,33.0
2022_01_BUF_LA,2022,1,10,31,-5.047994748493436,45.919563705625954,20.43578447856626,25.483779227059696,-21.0,41.0
2022_01_CLE_CAR,2022,1,24,26,-4.953405255746043,40.84523008248762,17.945912413370788,22.89931766911683,-2.0,50.0
2022_01_DEN_SEA,2022,1,17,16,3.82707376437477,47.639856688930934,25.733465226652854,21.90639146227808,1.0,33.0
2022_01_GB_MIN,2022,1,23,7,-7.606801147439637,52.52130845958266,22.45725365607151,30.06405480351115,16.0,30.0
2022_01_IND_HOU,2022,1,20,20,-7.500185343229554,46.68950171930276,19.594658188036604,27.094843531266157,0.0,40.0
2022_01_JAX_WAS,2022,1,28,22,4.077073301396088,42.14710667073426,23.112089986065175,19.035016684669085,6.0,50.0
2022_01_KC_ARI,2022,1,21,44,-4.440410620726176,49.761109345111834,22.66034936219283,27.100759982919005,-23.0,65.0
2022_01_LV_LAC,2022,1,24,19,4.862109036248865,48.05920589344198,26.460657464845422,21.598548428596555,5.0,43.0
2022_01_NE_MIA,2022,1,20,7,-5.0302382469129165,44.009192542619985,19.489477147853535,24.51971539476645,13.0,27.0
2022_01_NO_ATL,2022,1,26,27,-6.234014647879357,42.60937558917784,18.18768047064924,24.421695118528596,-1.0,53.0
2022_01_NYG_TEN,2022,1,20,21,12.254496230073817,40.18496306690978,26.2197296484918,13.96523341841798,-1.0,41.0
2022_01_PHI_DET,2022,1,35,38,-4.7525169937250356,48.798646787406426,22.023064896840694,26.775581890565732,-3.0,73.0
2022_01_PIT_CIN,2022,1,20,23,3.576328773624933,46.38032589085052,24.978327332237725,21.401998558612796,-3.0,43.0
2022_01_SF_CHI,2022,1,19,10,-7.9366790228553645,44.91875246297123,18.49103672005793,26.427715742913296,9.0,29.0
2022_01_TB_DAL,2022,1,3,19,-0.5080621572196963,51.237578362581374,25.364758102680838,25.872820259900536,-16.0,22.0
2022_02_ARI_LV,2022,2,23,29,-0.8125291566411131,46.627300918980666,22.907385881169777,23.71991503781089,-6.0,52.0
2022_02_ATL_LA,2022,2,31,27,7.949455567834209,44.00463491528004,25.977045241557125,18.027589673722918,4.0,58.0
2022_02_CAR_NYG,2022,2,19,16,-1.808513114528148,37.766609432694956,17.979048159083405,19.78756127361155,3.0,35.0
2022_02_CHI_GB,2022,2,27,10,9.487450595287731,46.24134832226653,27.864399458777132,18.3769488634894,17.0,37.0
2022_02_CIN_DAL,2022,2,20,17,5.997794250444586,48.62505872736013,27.311426488902356,21.31363223845777,3.0,37.0
2022_02_HOU_DEN,2022,2,16,9,6.466795210125381,45.123945673910065,25.795370442017724,19.32857523189234,7.0,25.0
2022_02_IND_JAX,2022,2,24,0,-5.524669415023438,45.27482590510795,19.875078245042257,25.399747660065696,24.0,24.0
2022_02_LAC_KC,2022,2,27,24,5.4360504508660945,51.894248258227535,28.665149354546813,23.229098903680722,3.0,51.0
2022_02_MIA_BAL,2022,2,38,42,0.6040463468760754,43.370008844884445,21.98702759588026,21.382981249004185,-4.0,80.0
2022_02_MIN_PHI,2022,2,24,7,4.003720157813157,52.13482522866594,28.069272693239547,24.06555253542639,17.0,31.0
2022_02_NE_PIT,2022,2,14,17,-6.51298771887254,42.85563812804251,18.171325204584985,24.684312923457522,-3.0,31.0
2022_02_NYJ_CLE,2022,2,30,31,8.715217137883464,44.62635442748713,26.670785782685297,17.955568644801833,-1.0,61.0
2022_02_SEA_SF,2022,2,27,7,5.177936642313898,47.69296115514243,26.43544889872816,21.257512256414266,20.0,34.0
2022_02_TB_NO,2022,2,10,20,-6.930483216376845,46.02814986999944,19.548833326811298,26.47931654318814,-10.0,30.0
2022_02_TEN_BUF,2022,2,41,7,7.602334991552622,45.82046258526618,26.7113987884094,19.109063796856777,34.0,48.0
2022_02_WAS_DET,2022,2,36,27,-0.9440531058823213,46.092037871645275,22.573992382881478,23.518045488763796,9.0,63.0
2022_03_ATL_SEA,2022,3,23,27,6.609945017007537,44.9591978943979,25.78457145570272,19.17462643869518,-4.0,50.0
2022_03_BAL_NE,2022,3,26,37,5.339915182689665,45.25182891504591,25.29587204886779,19.955956866178123,-11.0,63.0
2022_03_BUF_MIA,2022,3,21,19,-7.032539654119546,45.42837172932599,19.19791603760322,26.230455691722767,2.0,40.0
2022_03_CIN_NYJ,2022,3,12,27,-5.006044462648554,47.902714201088166,21.448334869219806,26.45437933186836,-15.0,39.0
2022_03_DAL_NYG,2022,3,16,23,-10.821431239219933,42.41946502903919,15.799016894909627,26.62044813412956,-7.0,39.0
2022_03_DET_MIN,2022,3,28,24,2.805886651812212,49.47446936590637,26.14017800885929,23.334291357047082,4.0,52.0
2022_03_GB_TB,2022,3,12,14,1.562781000070912,49.23472948699748,25.398755243534197,23.835974243463284,-2.0,26.0
2022_03_HOU_CHI,2022,3,23,20,3.54822615270325,43.7245721192114,23.636399135957326,20.088172983254076,3.0,43.0
2022_03_JAX_LAC,2022,3,10,38,6.738415703265644,46.67441638134705,26.706416042306348,19.968000339040703,-28.0,48.0
2022_03_KC_IND,2022,3,20,17,-7.50771529152478,49.02550598674781,20.758895347611514,28.266610639136296,3.0,37.0
2022_03_LA_ARI,2022,3,12,20,-0.25098484946536337,46.8762713621999,23.31264325636727,23.56362810583263,-8.0,32.0
2022_03_LV_TEN,2022,3,24,22,2.7963535031745734,44.84184258286085,23.81909804301771,21.02274453984314,2.0,46.0
2022_03_NO_CAR,2022,3,22,14,-3.44314447860778,39.943601167504845,18.250228344448534,21.69337282305631,8.0,36.0
2022_03_PHI_WAS,2022,3,8,24,-4.680980862383107,47.414913845218436,21.366966491417664,26.047947353800772,-16.0,32.0
2022_03_PIT_CLE,2022,3,29,17,5.461662485054104,44.147813375352925,24.804737930203515,19.34307544514941,12.0,46.0
2022_03_SF_DEN,2022,3,11,10,-5.316651919163096,44.80596926473727,19.74465867278709,25.061310591950182,1.0,21.0
2022_04_ARI_CAR,2022,4,16,26,-3.2700303272354687,44.963488271978996,20.846728972371764,24.11675929960723,-10.0,42.0
2022_04_BUF_BAL,2022,4,20,23,-7.204886247927793,46.880281665384736,19.83769770872847,27.042583956656266,-3.0,43.0
2022_04_CHI_NYG,2022,4,20,12,-3.109541022429861,39.46168118831296,18.17607008294155,21.28561110537141,8.0,32.0
2022_04_CLE_ATL,2022,4,23,20,-5.986023272608461,45.8009669045246,19.90747181595807,25.89349508856653,3.0,43.0
2022_04_DEN_LV,2022,4,32,23,0.6899727011163027,44.439177856863104,22.564575278989704,21.8746025778734,9.0,55.0
2022_04_JAX_PHI,2022,4,29,21,5.076776118941958,46.64150535857135,25.859140738756654,20.782364619814697,8.0,50.0
2022_04_KC_TB,2022,4,31,41,-0.35429955687924986,48.90814055398735,24.276920498554052,24.6312200554333,-10.0,72.0
2022_04_LAC_HOU,2022,4,24,34,-6.847008471184591,46.834823084813834,19.99390730681462,26.840915777999214,-10.0,58.0
2022_04_LA_SF,2022,4,24,9,2.474762780913732,43.413969154469385,22.94436596769156,20.469603186777825,15.0,33.0
2022_04_MIA_CIN,2022,4,27,15,-0.35341343654312796,47.10883682088385,23.37771169217036,23.73112512871349,12.0,42.0
2022_04_MIN_NO,2022,4,25,28,2.7546013522063824,43.5436150607534,23.149108206479895,20.39450685427351,-3.0,53.0
2022_04_NE_GB,2022,4,27,24,2.5827819108420926,46.781756583465814,24.682269247153954,22.09948733631186,3.0,51.0
2022_04_NYJ_PIT,2022,4,20,24,4.747103439451677,43.718376360886516,24.232739900169097,19.48563646071742,-4.0,44.0
2022_04_SEA_DET,2022,4,45,48,-2.653043884627102,49.64691829633922,23.49693720585606,26.149981090483163,-3.0,93.0
2022_04_TEN_IND,2022,4,17,24,-1.4708485732424257,44.38667857986182,21.457915003309697,22.928763576552125,-7.0,41.0
2022_04_WAS_DAL,2022,4,25,10,8.092229828926284,45.22478579639383,26.65850781266006,18.566277983733773,15.0,35.0
2022_05_ATL_TB,2022,5,21,15,10.636556201655713,45.800535486502746,28.21854584407923,17.581989642423515,6.0,36.0
2022_05_CHI_MIN,2022,5,29,22,2.805416670503195,44.77838780256641,23.7919022365348,20.986485566031607,7.0,51.0
2022_05_CIN_BAL,2022,5,19,17,0.6814460642415919,48.258819918671115,24.470132991456353,23.788686927214762,2.0,36.0
2022_05_DAL_LA,2022,5,10,22,-1.3169799657858734,45.36057898958444,22.02179951189928,23.338779477685158,-12.0,32.0
2022_05_DET_NE,2022,5,29,0,8.580484050279416,49.434403669360705,29.00744385982006,20.426959809540644,29.0,29.0
2022_05_HOU_JAX,2022,5,6,13,5.780871814901216,43.79187601894392,24.786373916922567,19.00550210202135,-7.0,19.0
2022_05_IND_DEN,2022,5,9,12,-0.007929411981617007,43.53654508265127,21.76430783533483,21.772237247316443,-3.0,21.0
2022_05_LAC_CLE,2022,5,28,30,0.02829238496546138,49.09787302299093,24.563082703978196,24.534790319012735,-2.0,58.0
2022_05_LV_KC,2022,5,30,29,8.042582524126793,49.60120323292696,28.821892878526878,20.779310354400085,1.0,59.0
2022_05_MIA_NYJ,2022,5,40,17,-6.599871293070151,45.89924055412165,19.649684630525748,26.2495559235959,23.0,57.0
2022_05_NYG_GB,2022,5,22,27,11.518797230477341,42.593069446548725,27.055933338513032,15.537136108035693,-5.0,49.0
2022_05_PHI_ARI,2022,5,17,20,-2.368334658168787,49.301049231911314,23.466357286871265,25.83469194504005,-3.0,37.0
2022_05_PIT_BUF,2022,5,38,3,12.125837444173285,43.651101611576294,27.88846952787479,15.762632083701504,35.0,41.0
2022_05_SEA_NO,2022,5,39,32,1.2480679708071833,45.8072055361283,23.527636753467743,22.279568782660558,7.0,71.0
2022_05_SF_CAR,2022,5,15,37,-9.128014492239961,41.82225424091656,16.347119874338297,25.47513436657826,-22.0,52.0
2022_05_TEN_WAS,2022,5,17,21,-4.143252058650717,43.31443068486867,19.585589313108976,23.728841371759692,-4.0,38.0
2022_06_ARI_SEA,2022,6,19,9,1.2845068048410189,50.62359628552292,25.95405154518197,24.669544740340953,10.0,28.0
2022_06_BAL_NYG,2022,6,24,20,-4.492807850695577,42.85932805122424,19.18326010026433,23.676067950959908,4.0,44.0
2022_06_BUF_KC,2022,6,20,24,-1.6378796450543778,50.36214834454483,24.362134349745226,26.000013994799602,-4.0,44.0
2022_06_CAR_LA,2022,6,24,10,7.868307836110938,40.46724432075333,24.167776078432134,16.299468242321197,14.0,34.0
2022_06_CIN_NO,2022,6,26,30,2.588426280882121,44.270205055181286,23.429315668031702,20.840889387149584,-4.0,56.0
2022_06_DAL_PHI,2022,6,26,17,1.4911381923026323,48.031826303761505,24.76148224803207,23.270344055729435,9.0,43.0
2022_06_DEN_LAC,2022,6,19,16,5.761844958952907,48.25994938420688,27.01089717157989,21.249052212626985,3.0,35.0
2022_06_JAX_IND,2022,6,34,27,0.4039389423837483,41.08108018746464,20.742509564924195,20.33857062254045,7.0,61.0
2022_06_MIN_MIA,2022,6,16,24,1.4262508672035685,47.0824924234536,24.254371645328586,22.828120778125015,-8.0,40.0
2022_06_NE_CLE,2022,6,15,38,-2.0109649544934856,45.983289499474864,21.986162272490688,23.997127226984176,-23.0,53.0
2022_06_NYJ_GB,2022,6,10,27,9.521408660287292,48.212384684930065,28.86689667260868,19.345488012321386,-17.0,37.0
2022_06_SF_ATL,2022,6,28,14,-9.099559651209182,46.12115106825273,18.510795708521773,27.610355359730956,14.0,42.0
2022_06_TB_PIT,2022,6,20,18,-8.757725707697599,44.85546794901835,18.048871120660372,26.806596828357975,2.0,38.0
2022_06_WAS_CHI,2022,6,7,12,-0.8099371591581256,42.8295899331226,21.009826386982237,21.81976354614036,-5.0,19.0
2022_07_ATL_CIN,2022,7,35,17,6.042300755799218,47.161637915734254,26.601969335766736,20.559668579967518,18.0,52.0
2022_07_CHI_NE,2022,7,14,33,10.011608923165193,43.665614195171216,26.838611559168204,16.827002636003012,-19.0,47.0
2022_07_CLE_BAL,2022,7,23,20,1.7417892054030157,46.513928501579166,24.12785885349109,22.386069648088075,3.0,43.0
2022_07_DET_DAL,2022,7,24,6,9.034801598873456,48.326617767680254,28.680709683276856,19.6459080844034,18.0,30.0
2022_07_GB_WAS,2022,7,23,21,-4.925477598481124,44.69914574494073,19.886834073229803,24.812311671710926,2.0,44.0
2022_07_HOU_LV,2022,7,38,20,5.982260916941815,46.24410951405386,26.113185215497836,20.130924298556025,18.0,58.0
2022_07_IND_TEN,2022,7,19,10,4.047486749838237,45.088856245255535,24.568171497546885,20.52068474770865,9.0,29.0
2022_07_KC_SF,2022,7,23,44,-0.22377082744694332,48.738212239638294,24.257220706095676,24.480991533542618,-21.0,67.0
2022_07_NO_ARI,2022,7,42,34,-1.1838348582445914,44.97583571500028,21.896000428377842,23.079835286622437,8.0,76.0
2022_07_NYG_JAX,2022,7,17,23,3.9543986277196637,40.57555846236944,22.264978545044553,18.31057991732489,-6.0,40.0
2022_07_NYJ_DEN,2022,7,9,16,1.9559337538208412,44.028154100594755,22.9920439272078,21.036110173386955,-7.0,25.0
2022_07_PIT_MIA,2022,7,16,10,4.817429593395158,43.51659701397287,24.167013303684016,19.349583710288854,6.0,26.0
2022_07_SEA_LAC,2022,7,23,37,1.8320314437546057,50.779005486060996,26.305518464907802,24.473487021153193,-14.0,60.0
2022_07_TB_CAR,2022,7,21,3,-11.910214425670642,43.4783489161077,15.784067245218528,27.69428167088917,18.0,24.0
2022_08_ARI_MIN,2022,8,34,26,0.32182859140517706,48.541603939736866,24.431716265571023,24.109887674165844,8.0,60.0
2022_08_BAL_TB,2022,8,22,27,4.662515444274168,45.4045049170531,25.033510180663637,20.370994736389466,-5.0,49.0
2022_08_CAR_ATL,2022,8,37,34,2.249673607923779,44.033366117514014,23.141519862718898,20.891846254795116,3.0,71.0
2022_08_CHI_DAL,2022,8,49,29,6.611354782352339,43.49308704162537,25.052220911988854,18.440866129636518,20.0,78.0
2022_08_CIN_CLE,2022,8,32,13,-2.355729577609129,48.690426281051415,23.16734835172114,25.523077929330274,19.0,45.0
2022_08_DEN_JAX,2022,8,17,21,2.5371644418613526,43.175777559161645,22.856471000511497,20.319306558650148,-4.0,38.0
2022_08_GB_BUF,2022,8,27,17,7.24401334780682,47.179612304006845,27.211812825906833,19.967799478100012,10.0,44.0
2022_08_LV_NO,2022,8,24,0,1.8122540425516656,46.313934966488105,24.063094504519885,22.25084046196822,24.0,24.0
2022_08_MIA_DET,2022,8,27,31,-5.2859816754523,46.343952407930075,20.52898536623889,25.814967041691187,-4.0,58.0
2022_08_NE_NYJ,2022,8,17,22,-6.049014814771161,44.847846009745545,19.39941559748719,25.448430412258354,-5.0,39.0
2022_08_NYG_SEA,2022,8,27,13,5.458896618143579,44.98204504638294,25.22047083226326,19.761574214119683,14.0,40.0
2022_08_PIT_PHI,2022,8,35,13,8.459506938923365,45.22342329031086,26.841465114617115,18.381958175693747,22.0,48.0
2022_08_SF_LA,2022,8,14,31,-0.18044454216670547,43.4286696207122,21.624112539272748,21.80455708143945,-17.0,45.0
2022_08_TEN_HOU,2022,8,10,17,-6.2579200120143,45.13205815857759,19.437069073281645,25.694989085295948,-7.0,27.0
2022_08_WAS_IND,2022,8,16,17,2.2226835756606795,41.89544053487872,22.059062055269703,19.83637847960902,-1.0,33.0
2022_09_BAL_NO,2022,9,13,27,3.423079035935261,44.10861731874282,23.76584817733904,20.34276914140378,-14.0,40.0
2022_09_BUF_NYJ,2022,9,20,17,-11.114219900819469,45.80520581001189,17.34549295459621,28.45971285541568,3.0,37.0
2022_09_CAR_CIN,2022,9,42,21,7.700693274890823,46.05832875684487,26.87951101586785,19.178817740977024,21.0,63.0
2022_09_GB_DET,2022,9,15,9,-5.9949784425972785,48.68171713999236,21.34336934869754,27.33834779129482,6.0,24.0
2022_09_IND_NE,2022,9,26,3,5.4087919706294665,42.22039709189759,23.814594531263527,18.40580256063406,23.0,29.0
2022_09_LAC_ATL,2022,9,17,20,-3.4551577021733215,49.63796318716354,23.09140274249511,26.546560444668433,-3.0,37.0
2022_09_LA_TB,2022,9,16,13,3.970451317939301,44.703670134836955,24.337060726388128,20.366609408448827,3.0,29.0
2022_09_LV_JAX,2022,9,27,20,1.2821467653637537,44.955893955799574,23.119020360581665,21.83687359521791,7.0,47.0
2022_09_MIA_CHI,2022,9,32,35,-3.7643181128130476,46.13380233072433,21.18474210895564,24.94906022176869,-3.0,67.0
2022_09_MIN_WAS,2022,9,17,20,-1.534832491901697,44.855094006006055,21.66013075705218,23.194963248953876,-3.0,37.0
2022_09_PHI_HOU,2022,9,17,29,-11.976930925057507,47.95590453225318,17.989486803597835,29.966417728655344,-12.0,46.0
2022_09_SEA_ARI,2022,9,21,31,-1.4303555288279148,49.10327048641231,23.836457478792198,25.266813007620115,-10.0,52.0
2022_09_TEN_KC,2022,9,20,17,5.5483302488196555,49.27061969451044,27.409474971665045,21.861144722845392,3.0,37.0
2022_10_ARI_LA,2022,10,17,27,1.472987177613661,45.72362126951153,23.598304223562597,22.125317045948936,-10.0,44.0
2022_10_ATL_CAR,2022,10,25,15,-2.17636768315716,45.29529355123101,21.559462934036926,23.735830617194086,10.0,40.0
2022_10_CLE_MIA,2022,10,39,17,0.5355132879203626,47.26215257367823,23.898832930799294,23.363319642878935,22.0,56.0
2022_10_DAL_GB,2022,10,31,28,-3.0039394837821427,46.35050945401926,21.67328498511856,24.6772244689007,3.0,59.0
2022_10_DEN_TEN,2022,10,17,10,3.774756045836357,43.50986994225664,23.6423129940465,19.867556948210144,7.0,27.0
2022_10_DET_CHI,2022,10,30,31,1.7638919031406841,47.26314191298825,24.513516908064467,22.749625004923786,-1.0,61.0
2022_10_HOU_NYG,2022,10,24,16,5.651027890317921,44.1324070933918,24.89171749185486,19.24068960153694,8.0,40.0
2022_10_IND_LV,2022,10,20,25,1.8888037168440452,43.65984048982013,22.774322103332086,20.88551838648804,-5.0,45.0
2022_10_JAX_KC,2022,10,27,17,7.536716584598226,48.440484735065986,27.988600659832105,20.45188407523388,10.0,44.0
2022_10_LAC_SF,2022,10,22,16,4.64320196701298,48.06764189326289,26.355421930137933,21.712219963124955,6.0,38.0
2022_10_MIN_BUF,2022,10,30,33,7.95185782814036,46.95729931598757,27.454578572063966,19.502720743923604,-3.0,63.0
2022_10_NO_PIT,2022,10,20,10,-5.735244341242711,42.53006136568338,18.397408512220334,24.132652853463046,10.0,30.0
2022_10_SEA_TB,2022,10,21,16,1.6933531600551992,47.062748590162265,24.37805087510873,22.684697715053534,5.0,37.0
2022_10_WAS_PHI,2022,10,21,32,9.256043843070245,45.63049098546041,27.44326741426533,18.187223571195084,-11.0,53.0
2022_11_CAR_BAL,2022,11,13,3,7.458070981612966,45.87508146844748,26.666576225030227,19.208505243417257,10.0,16.0
2022_11_CHI_ATL,2022,11,27,24,0.4816533387644104,47.26071110703631,23.87118222290036,23.38952888413595,3.0,51.0
2022_11_CIN_PIT,2022,11,30,37,-5.982799057617457,46.214961836804996,20.11608138959377,26.098880447211226,-7.0,67.0
2022_11_CLE_BUF,2022,11,31,23,6.652718581761169,45.9576427243052,26.305180653033187,19.652462071272016,8.0,54.0
2022_11_DAL_MIN,2022,11,3,40,-3.6335096175875363,47.64865574548733,22.0075730639499,25.641082681537434,-37.0,43.0
2022_11_DET_NYG,2022,11,18,31,1.6169893986666728,46.46060411024656,24.038796754456616,22.42180735578994,-13.0,49.0
2022_11_KC_LAC,2022,11,27,30,-8.074500979266261,51.731814372044795,21.828656696389267,29.903157675655528,-3.0,57.0
2022_11_LA_NO,2022,11,27,20,2.501927079217118,41.550302776094064,22.02611492765559,19.524187848438473,7.0,47.0
2022_11_LV_DEN,2022,11,16,22,1.3400099219003794,44.57030886601761,22.955159393958997,21.615149472058615,-6.0,38.0
2022_11_NYJ_NE,2022,11,10,3,5.87230872919461,42.60611791111202,24.239213320153315,18.366904590958708,7.0,13.0
2022_11_PHI_IND,2022,11,16,17,-6.247160058070935,44.64617671102842,19.199508326478743,25.446668384549675,-1.0,33.0
2022_11_SF_ARI,2022,11,10,38,-5.4455382097215095,47.50048927501988,21.027475532649184,26.473013742370696,-28.0,48.0
2022_11_TEN_GB,2022,11,17,27,1.736419407960935,44.94505830523331,23.340738856597124,21.604319448636186,-10.0,44.0
2022_11_WAS_HOU,2022,11,10,23,-4.993795397049044,42.79505506895534,18.90062983595315,23.894425233002192,-13.0,33.0
2022_12_ATL_WAS,2022,12,19,13,3.2346630286162057,43.27312795960667,23.253895494111436,20.019232465495232,6.0,32.0
2022_12_BAL_JAX,2022,12,28,27,-2.1725007138293653,43.98368878034616,20.905594033258396,23.07809474708776,1.0,55.0
2022_12_BUF_DET,2022,12,25,28,-7.6237629029221035,48.031442289648716,20.203839693363307,27.82760259628541,-3.0,53.0
2022_12_CHI_NYJ,2022,12,31,10,-0.6352592164967773,44.93785505966555,22.151297921584387,22.786557138081164,21.0,41.0
2022_12_CIN_TEN,2022,12,16,20,-1.576515934123523,47.68896927133582,23.05622666860615,24.63274260272967,-4.0,36.0
2022_12_DEN_CAR,2022,12,23,10,-2.9892533879929286,42.45642692059005,19.733586766298558,22.72284015429149,13.0,33.0
2022_12_GB_PHI,2022,12,40,33,5.037584169110022,47.81326333275707,26.425423750933543,21.387839581823524,7.0,73.0
2022_12_HOU_MIA,2022,12,30,15,12.405464401435943,47.07555166297495,29.740508032205447,17.335043630769505,15.0,45.0
2022_12_LAC_ARI,2022,12,24,25,-0.8062625969785423,48.922184458637105,24.05796093082928,24.864223527807823,-1.0,49.0
2022_12_LA_KC,2022,12,26,10,9.74621309155783,48.78442041478728,29.265316753172556,19.51910366161472,16.0,36.0
2022_12_LV_SEA,2022,12,34,40,5.548747082123433,48.666895292899056,27.107821187511245,21.55907410538781,-6.0,74.0
2022_12_NE_MIN,2022,12,33,26,-5.351940966889722,44.09677107690287,19.372415055006574,24.724356021896295,7.0,59.0
2022_12_NO_SF,2022,12,13,0,6.464079431189804,44.08012803766584,25.27210373442782,18.808024303238017,13.0,13.0
2022_12_NYG_DAL,2022,12,28,20,9.153282170312039,44.71347409613967,26.933378133225855,17.780095962913816,8.0,48.0
2022_12_PIT_IND,2022,12,17,24,1.6739079305772993,41.97244022472785,21.823174077652574,20.149266147075274,-7.0,41.0
2022_12_TB_CLE,2022,12,23,17,-2.1274737995527255,47.17843137745679,22.525478788952032,24.652952588504757,6.0,40.0
2022_13_BUF_NE,2022,13,10,24,-1.9083822554327532,44.67671569353266,21.38416671904995,23.292548974482706,-14.0,34.0
2022_13_CLE_HOU,2022,13,14,27,-8.155327680455553,44.18210864566352,18.01339048260398,26.168718163059538,-13.0,41.0
2022_13_DEN_BAL,2022,13,10,9,6.9777728796722736,43.92865013853098,25.453211509101628,18.475438629429355,1.0,19.0
2022_13_GB_CHI,2022,13,19,28,-3.7246218115593304,49.202681618880405,22.739029903660537,26.463651715219868,-9.0,47.0
2022_13_IND_DAL,2022,13,54,19,10.040165668872396,43.81696462101948,26.92856514494594,16.88839947607354,35.0,73.0
2022_13_JAX_DET,2022,13,40,14,-1.0813271443682564,47.41155549234145,23.165114173986595,24.246441318354854,26.0,54.0
2022_13_KC_CIN,2022,13,27,24,-2.7707003238388954,52.40371819062459,24.816508933392846,27.58720925723174,3.0,51.0
2022_13_LAC_LV,2022,13,27,20,-0.10449070215057532,49.80590004544003,24.850704671644728,24.955195373795306,7.0,47.0
2022_13_MIA_SF,2022,13,33,17,3.4020302389710833,47.67555992507646,25.538795082023775,22.13676484305269,16.0,50.0
2022_13_NO_TB,2022,13,17,16,3.723528188325857,42.81149093147033,23.267509559898095,19.543981371572237,1.0,33.0
2022_13_NYJ_MIN,2022,13,27,22,0.8340703498702154,45.918058122299904,23.37606423608506,22.541993886214843,5.0,49.0
2022_13_PIT_ATL,2022,13,16,19,-0.0030316067463421748,45.302463533111535,22.649715963182597,22.652747569928938,-3.0,35.0
2022_13_SEA_LA,2022,13,23,27,-4.604705572931087,45.75388098941487,20.57458770824189,25.179293281172978,-4.0,50.0
2022_13_TEN_PHI,2022,13,35,10,3.927917710448314,46.592512381966614,25.260215046207463,21.33229733575915,25.0,45.0
2022_13_WAS_NYG,2022,13,20,20,-2.260318619048781,42.39432621528702,20.06700379811912,22.327322417167903,0.0,40.0
2022_14_BAL_PIT,2022,14,14,16,-2.5519435303075864,43.37694050679773,20.41249848824507,22.96444201855266,-2.0,30.0
2022_14_CAR_SEA,2022,14,24,30,7.800204006361234,45.65727609477992,26.728740050570575,18.92853604420934,-6.0,54.0
2022_14_CLE_CIN,2022,14,23,10,4.769690857844703,48.39907371713469,26.584382287489696,21.814691429644995,13.0,33.0
2022_14_HOU_DAL,2022,14,27,23,15.89923973236495,44.66649086459781,30.282865298481383,14.38362556611643,4.0,50.0
2022_14_JAX_TEN,2022,14,22,36,1.6528850551316379,45.58507727890461,23.618981167018127,21.966096111886486,-14.0,58.0
2022_14_KC_DEN,2022,14,28,34,-9.92703708091302,47.05300639942897,18.562984659257978,28.490021740170995,-6.0,62.0
2022_14_LV_LA,2022,14,17,16,-1.5005900848315767,46.21244271838321,22.355926316775815,23.856516401607394,1.0,33.0
2022_14_MIA_LAC,2022,14,23,17,-2.551110533219694,48.019424181534774,22.73415682415754,25.285267357377233,6.0,40.0
2022_14_MIN_DET,2022,14,34,23,2.1215819428701685,49.2601435028022,25.690862722836187,23.569280779966014,11.0,57.0
2022_14_NE_ARI,2022,14,13,27,-3.9587552100864287,46.27961997372355,21.16043238181856,25.11918759190499,-14.0,40.0
2022_14_NYJ_BUF,2022,14,20,12,8.797577742790738,45.42771810832985,27.112647925560292,18.315070182769556,8.0,32.0
2022_14_PHI_NYG,2022,14,22,48,-8.317331565301819,46.616960375378916,19.149814405038548,27.46714597034037,-26.0,70.0
2022_14_TB_SF,2022,14,35,7,4.4314391870484195,45.17093834261369,24.801188764831053,20.369749577782635,28.0,42.0
2022_15_ARI_DEN,2022,15,24,15,0.06113706599646751,43.864824857988005,21.962980961992237,21.901843895995768,9.0,39.0
2022_15_ATL_NO,2022,15,21,18,2.90162034621845,43.030775723829805,22.966198035024128,20.064577688805677,3.0,39.0
2022_15_BAL_CLE,2022,15,13,3,-1.4829396716652266,43.60838525442105,21.06272279137791,22.54566246304314,10.0,16.0
2022_15_CIN_TB,2022,15,23,34,-2.0199645626138096,47.56368581390807,22.771860625647133,24.79182518826094,-11.0,57.0
2022_15_DAL_JAX,2022,15,40,34,-6.506806871883241,48.1933898793895,20.84329150375313,27.35009837563637,6.0,74.0
2022_15_DET_NYJ,2022,15,17,20,-1.3496382168450536,46.581638960123676,22.616000371639313,23.965638588484364,-3.0,37.0
2022_15_IND_MIN,2022,15,39,36,3.0371249767129034,44.399718571149535,23.71842177393122,20.681296797218316,3.0,75.0
2022_15_KC_HOU,2022,15,24,30,-15.02973117196251,46.36147535040531,15.665872089221399,30.69560326118391,-6.0,54.0
2022_15_LA_GB,2022,15,24,12,5.834988973366285,46.15631129106091,25.995650132213598,20.16066115884731,12.0,36.0
2022_15_MIA_BUF,2022,15,32,29,4.083813314255574,46.74673783466103,25.415275574458303,21.33146226020273,3.0,61.0
2022_15_NE_LV,2022,15,30,24,-2.586527166315739,46.02384629556402,21.71865956462414,24.30518673093988,6.0,54.0
2022_15_NYG_WAS,2022,15,12,20,4.5979797173651535,42.688225852490675,23.643102784927915,19.04512306756276,-8.0,32.0
2022_15_PHI_CHI,2022,15,20,25,-9.444522426649248,49.83389129184024,20.194684432595494,29.639206859244744,-5.0,45.0
2022_15_PIT_CAR,2022,15,16,24,-1.209321216626801,42.97627666917049,20.883477726271842,22.092798942898646,-8.0,40.0
2022_15_SF_SEA,2022,15,13,21,-4.713673017296139,47.19125259399002,21.238789788346942,25.95246280564308,-8.0,34.0
2022_15_TEN_LAC,2022,15,17,14,1.6277477844562325,46.14656791910352,23.887157851779875,22.259410067323643,3.0,31.0
2022_16_ATL_BAL,2022,16,17,9,4.672553674117659,43.23546215740006,23.954007915758858,19.2814542416412,8.0,26.0
2022_16_BUF_CHI,2022,16,13,35,-7.435156414548886,47.349935668385996,19.957389626918555,27.39254604146744,-22.0,48.0
2022_16_CIN_NE,2022,16,18,22,-1.4857493768496792,46.40191661603347,22.458083619591893,23.943832996441575,-4.0,40.0
2022_16_DEN_LA,2022,16,51,14,-1.2137004287774324,41.77278038411669,20.27953997766963,21.493240406447065,37.0,65.0
2022_16_DET_CAR,2022,16,37,23,-3.0687346617237248,47.47167494829223,22.201470143284254,25.270204805007978,14.0,60.0
2022_16_GB_MIA,2022,16,20,26,-0.1266693176140098,48.352875821220216,24.113103251803103,24.239772569417113,-6.0,46.0
2022_16_HOU_TEN,2022,16,14,19,8.182476561026856,42.68445617406394,25.4334663675454,17.25098980651854,-5.0,33.0
2022_16_JAX_NYJ,2022,16,3,19,-1.5296620854961844,45.392208149843256,21.931273032173536,23.46093511766972,-16.0,22.0
2022_16_LAC_IND,2022,16,3,20,-3.5246097548251556,44.0917049310604,20.28354758811762,23.808157342942778,-17.0,23.0
2022_16_LV_PIT,2022,16,13,10,2.387086882344319,46.25318635472335,24.320136618533834,21.933049736189513,3.0,23.0
2022_16_NO_CLE,2022,16,10,17,1.3134984022229195,42.67876004793562,21.99612922507927,20.68263082285635,-7.0,27.0
2022_16_NYG_MIN,2022,16,27,24,1.3255975404198872,46.18438446043024,23.75499100042506,22.429393460005176,3.0,51.0
2022_16_PHI_DAL,2022,16,40,34,0.22181515594271628,50.030862143203315,25.126338649573015,24.9045234936303,6.0,74.0
2022_16_SEA_KC,2022,16,24,10,9.42621157864524,49.678528177476366,29.5523698780608,20.126158299415565,14.0,34.0
2022_16_TB_ARI,2022,16,16,19,-4.788691489497051,44.77097827320854,19.991143391855744,24.779834881352798,-3.0,35.0
2022_16_WAS_SF,2022,16,37,20,7.860893055746607,43.336320852116444,25.598606953931526,17.737713898184918,17.0,57.0
2022_17_ARI_ATL,2022,17,20,19,2.873738203344199,44.480900217395586,23.67731921036989,20.803581007025695,1.0,39.0
2022_17_CAR_TB,2022,17,30,24,3.466565277969579,44.84886240287422,24.1577138404219,20.69114856245232,6.0,54.0
2022_17_CHI_DET,2022,17,41,10,4.9020390664494045,49.04158019572794,26.97180963108867,22.069770564639267,31.0,51.0
2022_17_CLE_WAS,2022,17,10,24,0.5305806460429922,42.00042677830529,21.26550371217414,20.73492306613115,-14.0,34.0
2022_17_DAL_TEN,2022,17,13,27,-6.521330352474403,46.36870801945474,19.92368883349017,26.445019185964572,-14.0,40.0
2022_17_DEN_KC,2022,17,27,24,13.174144799247301,46.26253001163348,29.71833740544039,16.54419260619309,3.0,51.0
2022_17_IND_NYG,2022,17,38,10,5.039931432195543,41.49182482872131,23.26587813045843,18.225946698262884,28.0,48.0
2022_17_JAX_HOU,2022,17,3,31,-8.11522696534548,43.91823430631716,17.90150367048584,26.01673063583132,-28.0,34.0
2022_17_LA_LAC,2022,17,31,10,4.348640045489871,44.055050773502586,24.20184540949623,19.853205364006357,21.0,41.0
2022_17_MIA_NE,2022,17,23,21,0.45389314867313335,45.32489326958384,22.889393209128485,22.435500060455354,2.0,44.0
2022_17_MIN_GB,2022,17,41,17,4.2085475925427405,48.93610483062841,26.572326211585576,22.363778619042833,24.0,58.0
2022_17_NO_PHI,2022,17,10,20,6.1982254061690405,45.50704054769337,25.852632976931204,19.654407570762167,-10.0,30.0
2022_17_NYJ_SEA,2022,17,23,6,3.0039773785896466,43.93892997114797,23.47145367486881,20.467476296279163,17.0,29.0
2022_17_PIT_BAL,2022,17,13,16,1.145730355647505,41.76972191221655,21.45772613393203,20.311995778284523,-3.0,29.0
2022_17_SF_LV,2022,17,34,37,-7.308344229453822,46.569194636647296,19.630425203596737,26.93876943305056,-3.0,71.0
2022_18_ARI_SF,2022,18,38,13,12.115895336433242,46.26734262784693,29.191618982140085,17.075723645706844,25.0,51.0
2022_18_BAL_CIN,2022,18,27,16,4.756862768801121,44.25620663458234,24.50653470169173,19.74967193289061,11.0,43.0
2022_18_CAR_NO,2022,18,7,10,3.39443629051226,43.20050721738544,23.29747175394885,19.90303546343659,-3.0,17.0
2022_18_CLE_PIT,2022,18,28,14,2.3284779958767143,43.39608373568312,22.86228086577992,20.5338028699032,14.0,42.0
2022_18_DAL_WAS,2022,18,26,6,-6.419532717502872,44.65932399971528,19.119895641106204,25.53942835860908,20.0,32.0
2022_18_DET_GB,2022,18,16,20,2.365849030487104,50.462053695557124,26.413951363022115,24.04810233253501,-4.0,36.0
2022_18_HOU_IND,2022,18,31,32,2.750770756153714,40.4698072129784,21.610288984566058,18.859518228412345,-1.0,63.0
2022_18_KC_LV,2022,18,13,31,-9.679843618994905,49.380395182142735,19.850275781573913,29.53011940056882,-18.0,44.0
2022_18_LAC_DEN,2022,18,31,28,-6.838392325019026,43.07912313647763,18.120365405729302,24.958757730748324,3.0,59.0
2022_18_LA_SEA,2022,18,19,16,3.210189022153104,44.66444499135541,23.937317006754256,20.727127984601154,3.0,35.0
2022_18_MIN_CHI,2022,18,13,29,-3.498847898863771,46.60607562936147,21.55361386524885,25.05246176411262,-16.0,42.0
2022_18_NE_BUF,2022,18,35,23,7.728762215641619,45.89320706998666,26.810984642814137,19.08222242717252,12.0,58.0
2022_18_NYG_PHI,2022,18,22,16,4.3444581897492975,46.31258526701938,25.328521728384338,20.98406353863504,6.0,38.0
2022_18_NYJ_MIA,2022,18,11,6,6.293253699827723,43.124525978810716,24.70888983931922,18.415636139491497,5.0,17.0
2022_18_TB_ATL,2022,18,30,17,-3.9544308627163054,44.65105774965763,20.348313443470662,24.30274430618697,13.0,47.0
2022_18_TEN_JAX,2022,18,20,16,5.700212204565622,43.597954032827616,24.64908311869662,18.948870914130996,4.0,36.0
2023_01_ARI_WAS,2023,1,20,16,5.05417309785434,40.33933741157337,22.696755254713853,17.642582156859515,4.0,36.0
2023_01_BUF_NYJ,2023,1,22,16,-9.39051205477954,41.729234246415395,16.169361095817926,25.55987315059747,6.0,38.0
2023_01_CAR_ATL,2023,1,24,10,0.7857376465283494,44.148200817936974,22.46696923223266,21.681231585704314,14.0,34.0
2023_01_CIN_CLE,2023,1,24,3,-2.46136669954507,44.44842337647245,20.99352833846369,23.454895038008758,21.0,27.0
2023_01_DAL_NYG,2023,1,0,40,-1.814450984202534,45.10989477265899,21.647721894228226,23.462172878430763,-40.0,40.0
2023_01_DET_KC,2023,1,20,21,8.454162148606619,49.73274578421951,29.093453966413065,20.639291817806445,-1.0,41.0
2023_01_GB_CHI,2023,1,20,38,-7.199161672294306,46.34507773825025,19.572958032977972,26.772119705272274,-18.0,58.0
2023_01_HOU_BAL,2023,1,25,9,9.317638177717313,40.80010066039287,25.058869419055092,15.741231241337779,16.0,34.0
2023_01_JAX_IND,2023,1,21,31,-6.622971605312495,43.15059209117582,18.26381024293166,24.886781848244155,-10.0,52.0
2023_01_LA_SEA,2023,1,13,30,3.9778476477536313,43.26590288263986,23.621875265196746,19.64402761744311,-17.0,43.0
2023_01_LV_DEN,2023,1,16,17,0.04243092477852439,44.53872177901135,22.290576351894934,22.248145427116413,-1.0,33.0
2023_01_MIA_LAC,2023,1,34,36,2.267249486739663,45.125825584728474,23.69653753573407,21.429288048994405,-2.0,70.0
2023_01_PHI_NE,2023,1,20,25,-3.0414344205510075,45.78033389607099,21.369449737759993,24.410884158311,-5.0,45.0
2023_01_SF_PIT,2023,1,7,30,-3.845335182520334,45.280032940022686,20.717348878751174,24.56268406127151,-23.0,37.0
2023_01_TB_MIN,2023,1,17,20,0.43003749482455045,45.28672308914337,22.858380291983963,22.42834279715941,-3.0,37.0
2023_01_TEN_NO,2023,1,16,15,4.0448866291831,38.02815433048495,21.036520479834024,16.991633850650928,1.0,31.0
2023_02_BAL_CIN,2023,2,24,27,1.9496628604814745,41.139022225899595,21.544342543190535,19.59467968270906,-3.0,51.0
2023_02_CHI_TB,2023,2,27,17,7.948631476179909,43.62910427379078,25.788867874985343,17.840236398805438,10.0,44.0
2023_02_CLE_PIT,2023,2,26,22,0.35996266856073045,39.988675528043906,20.17431909830232,19.814356429741586,4.0,48.0
2023_02_GB_ATL,2023,2,25,24,-2.137230686669058,46.34316314532606,22.1029662293285,24.240196915997558,1.0,49.0
2023_02_IND_HOU,2023,2,20,31,-0.500190577293697,40.692466188151556,20.09613780542893,20.596328382722625,-11.0,51.0
2023_02_KC_JAX,2023,2,9,17,-4.726494020211101,46.02851736952856,20.65101167465873,25.37750569486983,-8.0,26.0
2023_02_LAC_TEN,2023,2,27,24,-4.4137511119190425,42.799016071851355,19.192632479966157,23.606383591885198,3.0,51.0
2023_02_LV_BUF,2023,2,38,10,9.351434956846864,46.29845470220939,27.82494482952813,18.473509872681262,28.0,48.0
2023_02_MIA_NE,2023,2,17,24,-1.314008138882604,44.901788401590835,21.793890131354114,23.10789827023672,-7.0,41.0
2023_02_MIN_PHI,2023,2,34,28,3.9249147412507757,47.02169406897509,25.47330440511293,21.548389663862157,6.0,62.0
2023_02_NO_CAR,2023,2,17,20,-1.803837413309144,39.381204518273215,18.788683552482034,20.59252096579118,-3.0,37.0
2023_02_NYG_ARI,2023,2,28,31,-2.9378584751059735,41.075738802969106,19.068940163931565,22.00679863903754,-3.0,59.0
2023_02_NYJ_DAL,2023,2,30,10,9.337012638566986,42.020517992398894,25.67876531548294,16.341752676915952,20.0,40.0
2023_02_SEA_DET,2023,2,31,37,4.196054990784583,46.65516715789005,25.425611074337315,21.229556083552733,-6.0,68.0
2023_02_SF_LA,2023,2,23,30,-7.678228082213943,46.57635961010725,19.449065763946653,27.127293846160594,-7.0,53.0
2023_02_WAS_DEN,2023,2,33,35,-1.1157559319629633,39.38345562603635,19.133849847036693,20.24960577899966,-2.0,68.0
2023_03_ATL_DET,2023,3,20,6,3.5623432526816865,46.7054455398684,25.133894396275043,21.571551143593357,14.0,26.0
2023_03_BUF_WAS,2023,3,3,37,-6.740676542592606,42.530035382728826,17.89467942006811,24.635355962660718,-34.0,40.0
2023_03_CAR_SEA,2023,3,37,27,3.5567599647673442,43.46232469985669,23.509542332312016,19.95278236754467,10.0,64.0
2023_03_CHI_KC,2023,3,41,10,15.882005545928504,45.85903846203635,30.87052200398243,14.988516458053924,31.0,51.0
2023_03_DAL_ARI,2023,3,28,16,-8.891595784773124,45.04274757949801,18.075575897362445,26.967171682135568,12.0,44.0
2023_03_DEN_MIA,2023,3,70,20,6.167602582894313,45.96264445737179,26.06512352013305,19.89752093723874,50.0,90.0
2023_03_HOU_JAX,2023,3,17,37,9.973027061370646,42.26307424861449,26.118050654992565,16.14502359362192,-20.0,54.0
2023_03_IND_BAL,2023,3,19,22,7.565927442870905,41.438608615308354,24.502268029089628,16.936340586218726,-3.0,41.0
2023_03_LAC_MIN,2023,3,24,28,-1.6835399715499069,47.17372052091076,22.74509027468043,24.428630246230334,-4.0,52.0
2023_03_LA_CIN,2023,3,19,16,3.6395281902708607,44.85714139266079,24.248334791465826,20.608806601194967,3.0,35.0
2023_03_NE_NYJ,2023,3,10,15,-3.7618566768549386,38.60441246756062,17.42127789535284,21.18313457220778,-5.0,25.0
2023_03_NO_GB,2023,3,18,17,1.0466930440339786,43.404595550824794,22.225644297429387,21.178951253395407,1.0,35.0
2023_03_NYG_SF,2023,3,30,12,8.432417079594952,45.37436258648649,26.90338983304072,18.47097275344577,18.0,42.0
2023_03_PHI_TB,2023,3,11,25,-0.9602572882503906,46.30135166510829,22.67054718842895,23.63080447667934,-14.0,36.0
2023_03_PIT_LV,2023,3,18,23,-1.8343994025050976,42.857865536381254,20.511733066938078,22.346132469443177,-5.0,41.0
2023_03_TEN_CLE,2023,3,27,3,5.302762975382047,39.354652293420365,22.328707634401205,17.02594465901916,24.0,30.0
2023_04_ARI_SF,2023,4,35,16,12.240146834317143,46.255133784960364,29.247640309638754,17.00749347532161,19.0,51.0
2023_04_ATL_JAX,2023,4,23,7,3.3946555788558395,41.81128971161788,22.60297264523686,19.20831706638102,16.0,30.0
2023_04_BAL_CLE,2023,4,3,28,2.29144862514578,38.08744092010716,20.189444772626473,17.89799614748069,-25.0,31.0
2023_04_CIN_TEN,2023,4,27,3,-3.882501211807495,42.441686831914495,19.2795928100535,23.162094021860995,24.0,30.0
2023_04_DEN_CHI,2023,4,28,31,-1.6376537371086761,45.418286595343424,21.890316429117373,23.52797016622605,-3.0,59.0
2023_04_DET_GB,2023,4,20,34,0.2226729736787707,48.48037490510943,24.3515239393941,24.12885096571533,-14.0,54.0
2023_04_KC_NYJ,2023,4,20,23,-14.264062701424816,41.403774656534914,13.569855977555049,27.833918678979863,-3.0,43.0
2023_04_LA_IND,2023,4,23,29,-2.506527185220048,43.11966922186093,20.30657101832044,22.81309820354049,-6.0,52.0
2023_04_LV_LAC,2023,4,24,17,7.290844357877713,46.65860313813862,26.974723748008167,19.683879390130457,7.0,41.0
2023_04_MIA_BUF,2023,4,48,20,3.821192131722462,48.764563706202516,26.29287791896249,22.471685787240027,28.0,68.0
2023_04_MIN_CAR,2023,4,13,21,-1.178739994596651,46.07131261174609,22.446286308574717,23.62502630317137,-8.0,34.0
2023_04_NE_DAL,2023,4,38,3,5.194733223870459,43.62180288975765,24.408268056814055,19.213534832943598,35.0,41.0
2023_04_PIT_HOU,2023,4,30,6,-4.754747435883887,42.29833092002596,18.771791742071038,23.526539177954923,24.0,36.0
2023_04_SEA_NYG,2023,4,3,24,-2.037827063718252,44.932349568962024,21.447261252621885,23.48508831634014,-21.0,27.0
2023_04_TB_NO,2023,4,9,26,2.4229452463006993,40.2762340826719,21.3495896644863,18.9266444181856,-17.0,35.0
2023_04_WAS_PHI,2023,4,34,31,7.462252481048228,42.49710086282705,24.97967667193764,17.517424190889407,3.0,65.0
2023_05_BAL_PIT,2023,5,17,10,-3.876407300555402,39.54327129581199,17.833431997628296,21.709839298183695,7.0,27.0
2023_05_CAR_DET,2023,5,42,24,7.507145287533952,45.78491474950939,26.64603001852167,19.13888473098772,18.0,66.0
2023_05_CHI_WAS,2023,5,20,40,6.156176813494039,43.03577618074388,24.59597649711896,18.43979968362492,-20.0,60.0
2023_05_CIN_ARI,2023,5,20,34,-2.8790344432035195,44.68554384390761,20.903254700352043,23.782289143555566,-14.0,54.0
2023_05_DAL_SF,2023,5,42,10,4.289118330723393,47.81880075532345,26.05395954302342,21.76484121230003,32.0,52.0
2023_05_GB_LV,2023,5,17,13,-1.6047430729439354,45.43890349135511,21.91708020920559,23.521823282149523,4.0,30.0
2023_05_HOU_ATL,2023,5,21,19,3.09437226604127,42.97529908829102,23.034835677166143,19.940463411124874,2.0,40.0
2023_05_JAX_BUF,2023,5,20,25,9.87626330992642,45.52001647619185,27.698139893059135,17.821876583132713,-5.0,45.0
2023_05_KC_MIN,2023,5,20,27,-7.462499155510216,46.48239645930098,19.50994865189538,26.972447807405597,-7.0,47.0
2023_05_NO_NE,2023,5,0,34,-0.38976932438862977,38.284833886194,18.947532280902685,19.337301605291316,-34.0,34.0
2023_05_NYG_MIA,2023,5,31,16,7.803711039167611,45.43819668015749,26.62095385966255,18.81724282049494,15.0,47.0
2023_05_NYJ_DEN,2023,5,21,31,3.967049239227545,42.575238305866144,23.271143772546843,19.3040945333193,-10.0,52.0
2023_05_PHI_LA,2023,5,14,23,-3.481186150623906,46.71165590567861,21.615234877527353,25.09642102815126,-9.0,37.0
2023_05_TEN_IND,2023,5,23,16,-0.6121695828687133,42.4391800328309,20.91350522498109,21.525674807849807,7.0,39.0
2023_06_ARI_LA,2023,6,26,9,5.2246941367801,44.81034219398495,25.017518165382526,19.792824028602425,17.0,35.0
2023_06_BAL_TEN,2023,6,16,24,-3.782455749344041,39.37413653251484,17.7958403915854,21.57829614092944,-8.0,40.0
2023_06_CAR_MIA,2023,6,42,21,9.950795136040368,46.92780054779208,28.439297841916225,18.488502705875856,21.0,63.0
2023_06_DAL_LAC,2023,6,17,20,1.0112335159792538,46.919103196520716,23.965168356249986,22.95393484027073,-3.0,37.0
2023_06_DEN_KC,2023,6,19,8,13.20080842834976,48.70379687141065,30.952302649880206,17.751494221530447,11.0,27.0
2023_06_DET_TB,2023,6,6,20,-1.793267408107479,46.69372837377746,22.45023048283499,24.24349789094247,-14.0,26.0
2023_06_IND_JAX,2023,6,37,20,5.10773809246769,43.94238122841037,24.52505966043903,19.41732156797134,17.0,57.0
2023_06_MIN_CHI,2023,6,13,19,-4.409555461809914,46.71771091455795,21.154077726374016,25.563633188183932,-6.0,32.0
2023_06_NE_LV,2023,6,21,17,3.705088542475514,40.12378197201154,21.91443525724353,18.209346714768014,4.0,38.0
2023_06_NO_HOU,2023,6,20,13,-4.831838717345006,40.79407622930041,17.9811187559777,22.812957473322708,7.0,33.0
2023_06_NYG_BUF,2023,6,14,9,13.665541668756486,44.546521761239866,29.106031714998174,15.44049004624169,5.0,23.0
2023_06_PHI_NYJ,2023,6,20,14,-8.255332717938137,42.565059879585434,17.154863580823648,25.410196298761786,6.0,34.0
2023_06_SEA_CIN,2023,6,17,13,0.4803744260293117,44.17064530003135,22.325509863030334,21.84513543700102,4.0,30.0
2023_06_SF_CLE,2023,6,19,17,-8.160216115517988,42.87029090701313,17.35503739574757,25.51525351126556,2.0,36.0
2023_06_WAS_ATL,2023,6,16,24,1.9235967094746118,41.103104513098906,21.513350611286757,19.58975390181215,-8.0,40.0
2023_07_ARI_SEA,2023,7,20,10,8.743545440846313,44.24586335768233,26.49470439926432,17.75115895841801,10.0,30.0
2023_07_ATL_TB,2023,7,13,16,2.6868420776765025,40.37695241691672,21.531897247296612,18.84505516962011,-3.0,29.0
2023_07_BUF_NE,2023,7,29,25,-10.995460314196372,41.64375685768967,15.324148271746648,26.31960858594302,4.0,54.0
2023_07_CLE_IND,2023,7,38,39,-3.5064417480660626,40.25408813483231,18.373823193383124,21.880264941449184,-1.0,77.0
2023_07_DET_BAL,2023,7,38,6,-0.9184143702827448,43.92942581428033,21.50550572199879,22.423920092281538,32.0,44.0
2023_07_GB_DEN,2023,7,19,17,-3.1156095564883164,45.76279715725627,21.32359380038398,24.439203356872294,2.0,36.0
2023_07_JAX_NO,2023,7,24,31,2.137195724102831,39.94344933336855,21.04032252873569,18.90312680463286,-7.0,55.0
2023_07_LAC_KC,2023,7,31,17,7.844739193562582,47.36855845629527,27.606648824928925,19.761909631366343,14.0,48.0
2023_07_LV_CHI,2023,7,30,12,-1.70440210831099,43.89279674366089,21.09419731767495,22.798599425985937,18.0,42.0
2023_07_MIA_PHI,2023,7,31,17,-0.6903985094310459,48.93705773319513,24.123329611882042,24.81372812131309,14.0,48.0
2023_07_PIT_LA,2023,7,17,24,3.54334311374495,42.72020241353411,23.131772763639532,19.58842964989458,-7.0,41.0
2023_07_SF_MIN,2023,7,22,17,-7.669343883372999,46.109913444528885,19.22028478057794,26.889628663950944,5.0,39.0
2023_07_WAS_NYG,2023,7,14,7,-0.5317449256502345,41.4520566754023,20.46015587487603,20.991900800526267,7.0,21.0
2023_08_ATL_TEN,2023,8,28,23,-0.8891358495417427,39.93337921893607,19.52212168469716,20.411257534238906,5.0,51.0
2023_08_BAL_ARI,2023,8,24,31,-9.871706389379014,42.56459493427877,16.34644427244988,26.218150661828894,-7.0,55.0
2023_08_CHI_LAC,2023,8,30,13,4.795708965547826,46.715529244125925,25.755619104836875,20.95991013928905,17.0,43.0
2023_08_CIN_SF,2023,8,17,31,8.226848421921083,44.10379990940919,26.165324165665137,17.938475743744053,-14.0,48.0
2023_08_CLE_SEA,2023,8,24,20,3.6791393705477704,40.26662133988461,21.97288035521619,18.293740984668418,4.0,44.0
2023_08_HOU_CAR,2023,8,15,13,1.1748049411358126,45.50592235631129,23.34036364872355,22.16555870758774,2.0,28.0
2023_08_JAX_PIT,2023,8,10,20,-0.7047403405862196,42.504731030097794,20.899995344755787,21.604735685342007,-10.0,30.0
2023_08_KC_DEN,2023,8,24,9,-11.671737546373564,46.58664320133799,17.457452827482214,29.129190373855778,15.0,33.0
2023_08_LA_DAL,2023,8,43,20,3.889790978716275,45.05815233766767,24.473971658191974,20.584180679475697,23.0,63.0
2023_08_LV_DET,2023,8,26,14,7.5901181841897625,45.27762386796092,26.43387102607534,18.84375284188558,12.0,40.0
2023_08_MIN_GB,2023,8,10,24,1.366961398586965,45.83514965919842,23.601055528892694,22.234094130305728,-14.0,34.0
2023_08_NE_MIA,2023,8,31,17,8.38235851605198,44.46896306566594,26.42566079085896,18.04330227480698,14.0,48.0
2023_08_NO_IND,2023,8,27,38,-3.234457667185246,42.11689950643665,19.441220919625703,22.67567858681095,-11.0,65.0
2023_08_NYJ_NYG,2023,8,10,13,2.903892948831979,38.59647412708738,20.750183537959682,17.8462905891277,-3.0,23.0
2023_08_PHI_WAS,2023,8,31,38,-6.120595622817518,43.84514031240974,18.86227234479611,24.98286796761363,-7.0,69.0
2023_08_TB_BUF,2023,8,24,18,9.808291070247725,45.086607915997895,27.44744949312281,17.639158422875084,6.0,42.0
2023_09_ARI_CLE,2023,9,27,0,6.591565890249287,40.601793736952374,23.59667981360083,17.005113923351544,27.0,27.0
2023_09_BUF_CIN,2023,9,24,18,-5.0295687139855865,44.752531711948905,19.86148149898166,24.891050212967244,6.0,42.0
2023_09_CHI_NO,2023,9,24,17,6.561882856345131,42.07457837695827,24.3182306166517,17.75634776030657,7.0,41.0
2023_09_DAL_PHI,2023,9,28,23,1.261341310859749,47.60660630839852,24.433973809629133,23.172632498769385,5.0,51.0
2023_09_IND_CAR,2023,9,13,27,0.2914267227672911,45.9987853019578,23.145106012362547,22.853679289595256,-14.0,40.0
2023_09_LAC_NYJ,2023,9,6,27,-4.1379880668907525,41.546921595517375,18.70446676431331,22.842454831204066,-21.0,33.0
2023_09_LA_GB,2023,9,20,3,0.9232615403356972,45.87388377537453,23.398572657855112,22.475311117519418,17.0,23.0
2023_09_MIA_KC,2023,9,21,14,3.352901891831191,47.22875705213543,25.290829471983308,21.93792758015212,7.0,35.0
2023_09_MIN_ATL,2023,9,28,31,-1.2067707646196864,43.04381619376204,20.91852271457118,22.125293479190862,-3.0,59.0
2023_09_NYG_LV,2023,9,30,6,0.25471659481799325,39.05885056211407,19.65678357846603,19.402066983648037,24.0,36.0
2023_09_SEA_BAL,2023,9,37,3,2.737264405896189,42.55996949238132,22.648616949138756,19.911352543242565,34.0,40.0
2023_09_TB_HOU,2023,9,39,37,-0.7650120710596111,43.11260472776456,21.173796328352477,21.938808399412085,2.0,76.0
2023_09_TEN_PIT,2023,9,20,16,1.7748071822962936,41.368330991369,21.571569086832646,19.796761904536353,4.0,36.0
2023_09_WAS_NE,2023,9,17,20,0.07029928514909689,40.675112829753104,20.3727060574511,20.302406772302003,-3.0,37.0
2023_10_ATL_ARI,2023,10,25,23,-5.6328680702046405,40.49647091752638,17.431801423660872,23.06466949386551,2.0,48.0
2023_10_CAR_CHI,2023,10,16,13,2.9685743452547393,42.952215447663356,22.960394896459047,19.99182055120431,3.0,29.0
2023_10_CLE_BAL,2023,10,31,33,6.394871748620089,39.47161875118667,22.93324524990338,16.53837350128329,-2.0,64.0
2023_10_DEN_BUF,2023,10,22,24,11.6639649665831,45.722818907828234,28.693391937205668,17.029426970622566,-2.0,46.0
2023_10_DET_LAC,2023,10,38,41,-1.3055790710030948,47.750470434547196,23.22244568177205,24.528024752775146,-3.0,79.0
2023_10_GB_PIT,2023,10,23,19,-0.13078055228908347,41.618973497024875,20.744096472367897,20.87487702465698,4.0,42.0
2023_10_HOU_CIN,2023,10,27,30,5.450021415947903,46.1553866470615,25.8027040315047,20.352682615556798,-3.0,57.0
2023_10_IND_NE,2023,10,6,10,0.8167841240275384,42.921369148254016,21.869076636140775,21.05229251211324,-4.0,16.0
2023_10_NO_MIN,2023,10,27,19,-0.3738701872339627,43.06083285123989,21.343481332002963,21.717351519236924,8.0,46.0
2023_10_NYG_DAL,2023,10,49,17,8.915104308249806,41.96031709764387,25.437710702946838,16.522606394697036,32.0,66.0
2023_10_NYJ_LV,2023,10,16,12,3.273211930979119,37.195919598370914,20.234565764675015,16.9613538336959,4.0,28.0
2023_10_SF_JAX,2023,10,3,34,-4.706788584263252,44.847672800486855,20.070442108111802,24.777230692375053,-31.0,37.0
2023_10_TEN_TB,2023,10,20,6,1.9382775371018488,44.27825189027334,23.108264713687593,21.169987176585746,14.0,26.0
2023_10_WAS_SEA,2023,10,29,26,2.5936883616853965,42.63622444443019,22.614956403057793,20.021268041372398,3.0,55.0
2023_11_ARI_HOU,2023,11,21,16,6.482339294888945,43.369626644811866,24.925982969850406,18.44364367496146,5.0,37.0
2023_11_CHI_DET,2023,11,31,26,6.9534425577218695,45.752254195937844,26.352848376829858,19.399405819107987,5.0,57.0
2023_11_CIN_BAL,2023,11,34,20,4.402665740793609,43.63272271719163,24.01769422899262,19.615028488199012,14.0,54.0
2023_11_DAL_CAR,2023,11,10,33,-9.45514455862707,46.09647892263431,18.32066718200362,27.77581174063069,-23.0,43.0
2023_11_LAC_GB,2023,11,23,20,0.8918642454513191,46.695498546480785,23.79368139596605,22.901817150514734,3.0,43.0
2023_11_LV_MIA,2023,11,20,13,7.37453426343825,43.055859188724234,25.215196726081242,17.840662462642992,7.0,33.0
2023_11_MIN_DEN,2023,11,21,20,-3.7092311660985415,45.99363077862247,21.142199806261964,24.851430972360504,1.0,41.0
2023_11_NYG_WAS,2023,11,19,31,5.647127588403528,41.671699701976934,23.65941364519023,18.012286056786703,-12.0,50.0
2023_11_NYJ_BUF,2023,11,32,6,12.707146948122842,40.39762713237485,26.552387040248846,13.845240092126005,26.0,38.0
2023_11_PHI_KC,2023,11,17,21,3.5397686685238914,46.65808706138849,25.09892786495619,21.5591591964323,-4.0,38.0
2023_11_PIT_CLE,2023,11,13,10,2.715410030701003,39.56168505367245,21.138547542186725,18.423137511485724,3.0,23.0
2023_11_SEA_LA,2023,11,17,16,-2.0128227948598805,43.831109033598615,20.909143119369368,22.921965914229247,1.0,33.0
2023_11_TB_SF,2023,11,27,14,10.829185087859805,46.11940018350149,28.474292635680648,17.645107547820842,13.0,41.0
2023_11_TEN_JAX,2023,11,34,14,2.896053319673499,41.16421322758774,22.030133273630618,19.13407995395712,20.0,48.0
2023_12_BAL_LAC,2023,12,10,20,-3.618152540749677,46.72867740442326,21.55526243183679,25.173414972586468,-10.0,30.0
2023_12_BUF_PHI,2023,12,37,34,-2.2914957323115837,46.185226898432674,21.946865583060546,24.238361315372128,3.0,71.0
2023_12_CAR_TEN,2023,12,17,10,4.012842912652396,42.085716888856055,23.049279900754225,19.03643698810183,7.0,27.0
2023_12_CHI_MIN,2023,12,10,12,4.697100791103597,43.58710620986261,24.142103500483103,19.44500270937951,-2.0,22.0
2023_12_CLE_DEN,2023,12,29,12,-3.2217741012602246,41.66457362832271,19.22139976353124,22.443173864791465,17.0,41.0
2023_12_GB_DET,2023,12,22,29,4.983462838566652,47.540387047647755,26.261924943107203,21.27846210454055,-7.0,51.0
2023_12_JAX_HOU,2023,12,21,24,0.6702718125968696,44.33299091488752,22.501631363742195,21.831359551145322,-3.0,45.0
2023_12_KC_LV,2023,12,17,31,-7.176917142462031,40.47925094509173,16.65116690131485,23.82808404377688,-14.0,48.0
2023_12_LA_ARI,2023,12,14,37,-2.5880283200421106,42.08876226249841,19.75036697122815,22.338395291270263,-23.0,51.0
2023_12_MIA_NYJ,2023,12,13,34,-8.262260127388759,40.18648794434097,15.962113908476105,24.224374035864862,-21.0,47.0
2023_12_NE_NYG,2023,12,10,7,-1.8817968244866865,39.76590092912723,18.94205205232027,20.823848876806956,3.0,17.0
2023_12_NO_ATL,2023,12,24,15,-2.5909348114340234,41.77867118430161,19.59386818643379,22.184802997867816,9.0,39.0
2023_12_PIT_CIN,2023,12,10,16,2.526383514624955,42.70035845976476,22.613370987194855,20.086987472569902,-6.0,26.0
2023_12_SF_SEA,2023,12,13,31,-7.529765665463019,46.36388137461777,19.417057854577376,26.946823520040393,-18.0,44.0
2023_12_TB_IND,2023,12,27,20,-0.3624061650736843,45.32826462934801,22.482929232137163,22.84533539721085,7.0,47.0
2023_12_WAS_DAL,2023,12,45,10,8.130278414238122,45.5204806820366,26.82537954813736,18.69510113389924,35.0,55.0
2023_13_ARI_PIT,2023,13,10,24,9.018983123400648,40.58915867599627,24.80407089969846,15.785087776297813,-14.0,34.0
2023_13_ATL_NYJ,2023,13,8,13,-4.216756079914269,37.36446613746017,16.57385502877295,20.79061110868722,-5.0,21.0
2023_13_CAR_TB,2023,13,21,18,5.47445903465646,42.639313946777534,24.056886490716998,18.582427456060536,3.0,39.0
2023_13_CIN_JAX,2023,13,31,34,0.680201807809901,43.91467411486671,22.297437961338307,21.617236153528406,-3.0,65.0
2023_13_CLE_LA,2023,13,36,19,0.7240987691703666,40.806411904166595,20.76525533666848,20.041156567498113,17.0,55.0
2023_13_DEN_HOU,2023,13,22,17,2.5148930259813014,45.4068962533817,23.960894639681502,21.4460016137002,5.0,39.0
2023_13_DET_NO,2023,13,28,33,-0.7088751900876993,45.6544383800609,22.4727815949866,23.181656785074303,-5.0,61.0
2023_13_IND_TEN,2023,13,28,31,1.2270432680567673,43.82545720394048,22.526250235998624,21.299206967941856,-3.0,59.0
2023_13_KC_GB,2023,13,27,19,-3.987983354557652,44.48594320930933,20.248979927375842,24.23696328193349,8.0,46.0
2023_13_LAC_NE,2023,13,0,6,0.19537774967183497,41.90917876812911,21.052278258900472,20.856900509228637,-6.0,6.0
2023_13_MIA_WAS,2023,13,15,45,-5.640123070565531,45.042114463774666,19.70099569660457,25.341118767170098,-30.0,60.0
2023_13_SEA_DAL,2023,13,41,35,8.782578324266959,46.43628913037314,27.60943372732005,18.82685540305309,6.0,76.0
2023_13_SF_PHI,2023,13,19,42,-4.233470458546037,49.11011794463298,22.438323743043473,26.67179420158951,-23.0,61.0
2023_14_BUF_KC,2023,14,17,20,-0.32416137777868737,45.49739431521975,22.586616468720532,22.91077784649922,-3.0,37.0
2023_14_CAR_NO,2023,14,28,6,7.462202406972249,41.17449585866828,24.318349132820266,16.856146725848014,22.0,34.0
2023_14_DEN_LAC,2023,14,7,24,2.3208909611887454,43.85728348210435,23.089087221646547,20.768196260457803,-17.0,31.0
2023_14_DET_CHI,2023,14,28,13,-3.0496126430818395,46.50080741216476,21.725597384541462,24.7752100276233,15.0,41.0
2023_14_GB_NYG,2023,14,24,22,-6.545489794292452,43.38257202623014,18.418541115968846,24.964030910261297,2.0,46.0
2023_14_HOU_NYJ,2023,14,30,6,-4.8913931794938605,40.51053829126,17.80957255588307,22.70096573537693,24.0,36.0
2023_14_IND_CIN,2023,14,34,14,3.226147971136408,46.59045844227586,24.908303206706133,21.682155235569727,20.0,48.0
2023_14_JAX_CLE,2023,14,31,27,0.9473686984154157,42.43285233642283,21.690110517419125,20.742741819003708,4.0,58.0
2023_14_LA_BAL,2023,14,37,31,6.271849045761881,43.94162491133345,25.106736978547666,18.834887932785783,6.0,68.0
2023_14_MIN_LV,2023,14,0,3,-2.663896319588629,41.09161861006627,19.21386114523882,21.87775746482745,-3.0,3.0
2023_14_NE_PIT,2023,14,18,21,4.235131266881891,36.68436815988923,20.459749713385563,16.22461844650367,-3.0,39.0
2023_14_PHI_DAL,2023,14,33,13,6.460430219005044,50.905139189571166,28.682784704288103,22.222354485283063,20.0,46.0
2023_14_SEA_SF,2023,14,28,16,11.964089771126183,47.035970365589726,29.500030068357955,17.53594029723177,12.0,44.0
2023_14_TB_ATL,2023,14,25,29,2.0594982939397886,43.12519111156385,22.59234470275182,20.53284640881203,-4.0,54.0
2023_14_TEN_MIA,2023,14,27,28,8.799480455365558,45.489689595345936,27.144585025355745,18.34510456999019,-1.0,55.0
2023_15_ATL_CAR,2023,15,9,7,-3.6290649281004987,40.67516207941825,18.523048575658876,22.152113503759374,2.0,16.0
2023_15_BAL_JAX,2023,15,7,23,-5.096921107063359,44.83366268294707,19.868370787941856,24.965291895005215,-16.0,30.0
2023_15_CHI_CLE,2023,15,20,17,1.8924835703634,40.6417167248039,21.26710014758365,19.374616577220248,3.0,37.0
2023_15_DAL_BUF,2023,15,31,10,0.42767121027933164,49.3450888622397,24.886380036259514,24.458708825980185,21.0,41.0
2023_15_DEN_DET,2023,15,42,17,4.892399667800587,45.50533115131123,25.19886540955591,20.30646574175532,25.0,59.0
2023_15_HOU_TEN,2023,15,16,19,2.7265142932876527,45.94051557762677,24.33351493545721,21.60700064216956,-3.0,35.0
2023_15_KC_NE,2023,15,17,27,-6.461257047104036,39.375685578298175,16.45721426559707,22.918471312701104,-10.0,44.0
2023_15_LAC_LV,2023,15,63,21,-1.7902805382333113,39.91216392305682,19.060941692411756,20.851222230645067,42.0,84.0
2023_15_MIN_CIN,2023,15,27,24,0.6117379644991088,43.789880396265126,22.200809180382116,21.58907121588301,3.0,51.0
2023_15_NYG_NO,2023,15,24,6,6.899496470410973,40.52145552759191,23.710475999001442,16.81097952859047,18.0,30.0
2023_15_NYJ_MIA,2023,15,30,0,11.498520418301055,40.90183906850004,26.200179743400547,14.701659325099492,30.0,30.0
2023_15_PHI_SEA,2023,15,20,17,-1.3980823419907145,46.89797357937309,22.749945618691186,24.1480279606819,3.0,37.0
2023_15_PIT_IND,2023,15,30,13,-0.641417483934654,42.04469508638595,20.70163880122565,21.3430562851603,17.0,43.0
2023_15_SF_ARI,2023,15,29,45,-15.88559260484124,47.260664584034586,15.687535989596674,31.57312859443791,-16.0,74.0
2023_15_TB_GB,2023,15,20,34,4.528835832129422,46.396177306818096,25.46250656947376,20.933670737344336,-14.0,54.0
2023_15_WAS_LA,2023,15,28,20,5.474288470605522,45.732924051692365,25.603606261148943,20.12931779054342,8.0,48.0
2023_16_ARI_CHI,2023,16,27,16,6.335161972450736,42.487201015217444,24.41118149383409,18.076019521383355,11.0,43.0
2023_16_BAL_SF,2023,16,19,33,6.367832386963681,47.17590235413608,26.771867370549877,20.4040349835862,-14.0,52.0
2023_16_BUF_LAC,2023,16,22,24,-9.11938922400049,44.75309789884993,17.816854337424722,26.936243561425208,-2.0,46.0
2023_16_CIN_PIT,2023,16,34,11,-0.7258920997322447,42.917900699802885,21.09600430003532,21.821896399767564,23.0,45.0
2023_16_CLE_HOU,2023,16,22,36,-0.4451893635827999,41.06232047922857,20.308565557822885,20.753754921405683,-14.0,58.0
2023_16_DAL_MIA,2023,16,22,20,2.144315074683443,48.56650445352967,25.355409764106554,23.211094689423113,2.0,42.0
2023_16_DET_MIN,2023,16,24,30,-1.8467194161663767,45.40238103166404,21.77783080774883,23.62455022391521,-6.0,54.0
2023_16_GB_CAR,2023,16,30,33,-4.3554137655207334,43.14170640819409,19.39314632133668,23.74856008685741,-3.0,63.0
2023_16_IND_ATL,2023,16,29,10,0.12367012888633921,42.584270967128454,21.353970548007396,21.230300419121058,19.0,39.0
2023_16_JAX_TB,2023,16,30,12,2.2796922714369874,46.08787722825182,24.183784749844403,21.904092478407417,18.0,42.0
2023_16_LV_KC,2023,16,14,20,8.960150487045574,42.06883275099591,25.514491619020742,16.554341131975168,-6.0,34.0
2023_16_NE_DEN,2023,16,23,26,1.648033278847532,38.933273907337735,20.290653593092635,18.6426203142451,-3.0,49.0
2023_16_NO_LA,2023,16,30,22,-0.9652173231328116,43.45796471094963,21.24637369390841,22.211591017041222,8.0,52.0
2023_16_NYG_PHI,2023,16,33,25,8.37400476881867,44.36973354803642,26.371869158427547,17.997864389608875,8.0,58.0
2023_16_SEA_TEN,2023,16,17,20,0.651010024418839,45.035549686474766,22.843279855446802,22.192269831027964,-3.0,37.0
2023_16_WAS_NYJ,2023,16,30,28,-1.6470192055226707,37.63517315780726,17.994076976142296,19.641096181664963,2.0,58.0
2023_17_ARI_PHI,2023,17,31,35,10.991207569341135,46.341411404299606,28.66630948682037,17.675101917479235,-4.0,66.0
2023_17_ATL_CHI,2023,17,37,17,0.4976078859243218,40.623109808868094,20.56035884739621,20.062750961471885,20.0,54.0
2023_17_CAR_JAX,2023,17,26,0,3.0912865194474057,41.79837391892911,22.44483021918826,19.35354369974085,26.0,26.0
2023_17_CIN_KC,2023,17,25,17,5.801575351651788,44.78744507247698,25.29451021206438,19.492934860412596,8.0,42.0
2023_17_DET_DAL,2023,17,20,19,1.5839865755360534,49.943072463866706,25.76352951970138,24.179542944165327,1.0,39.0
2023_17_GB_MIN,2023,17,10,33,0.5016357224911263,45.618931589917935,23.06028365620453,22.558647933713406,-23.0,43.0
2023_17_LAC_DEN,2023,17,16,9,3.365498953549866,43.33810766112,23.351803307334933,19.986304353785066,7.0,25.0
2023_17_LA_NYG,2023,17,25,26,-6.802215344574881,45.00635966353841,19.102072159481764,25.904287504056647,-1.0,51.0
2023_17_LV_IND,2023,17,23,20,2.086390748129607,42.85309198438353,22.46974136625657,20.38335061812696,3.0,43.0
2023_17_MIA_BAL,2023,17,56,19,0.9010916637957177,44.98053341944704,22.94081254162138,22.039720877825662,37.0,75.0
2023_17_NE_BUF,2023,17,27,21,10.450331498941983,42.022496179889444,26.236413839415714,15.78608234047373,6.0,48.0
2023_17_NO_TB,2023,17,13,23,-0.920847089264051,44.73879342484698,21.908973167791466,22.829820257055516,-10.0,36.0
2023_17_NYJ_CLE,2023,17,37,20,8.011610806434156,35.843413188041495,21.927511997237826,13.91590119080367,17.0,57.0
2023_17_PIT_SEA,2023,17,23,30,-0.5901083672567635,42.41282619454506,20.91135891364415,21.50146728090091,-7.0,53.0
2023_17_SF_WAS,2023,17,10,27,-12.333460486073177,48.76977927522639,18.218159394576606,30.551619880649785,-17.0,37.0
2023_17_TEN_HOU,2023,17,26,3,-0.6829886186607761,44.176700699958026,21.746856040648623,22.429844659309403,23.0,29.0
2023_18_ATL_NO,2023,18,48,17,3.038716785425613,40.86811618872102,21.953416487073316,18.914699701647702,31.0,65.0
2023_18_BUF_MIA,2023,18,14,21,-1.8489792404324055,46.51470270250524,22.332861731036417,24.181840971468823,-7.0,35.0
2023_18_CHI_GB,2023,18,17,9,3.7595154974148532,47.09863554513591,25.429075521275383,21.66956002386053,8.0,26.0
2023_18_CLE_CIN,2023,18,31,14,-0.6920234360005302,44.37942916421994,21.843702864109705,22.535726300110237,17.0,45.0
2023_18_DAL_WAS,2023,18,10,38,-8.31628039719544,46.92374970505676,19.303734653930658,27.6200150511261,-28.0,48.0
2023_18_DEN_LV,2023,18,27,14,-0.16596559722269166,41.05254461487919,20.443289508828247,20.60925510605094,13.0,41.0
2023_18_HOU_IND,2023,18,19,23,1.0422219471815657,45.24177210757286,23.14199702737721,22.099775080195645,-4.0,42.0
2023_18_JAX_TEN,2023,18,28,20,-1.125067812061539,43.03941376787976,20.95717297790911,22.082240789970648,8.0,48.0
2023_18_KC_LAC,2023,18,12,13,-6.969960449455838,43.04615661824948,18.03809808439682,25.00805853385266,-1.0,25.0
2023_18_LA_SF,2023,18,20,21,8.992572749878137,48.429499727221895,28.711036238550015,19.71846348867188,-1.0,41.0
2023_18_MIN_DET,2023,18,30,20,6.450306000979404,46.24132292741469,26.345814464197048,19.895508463217645,10.0,50.0
2023_18_NYJ_NE,2023,18,3,17,3.5905831067389653,35.62570776671022,19.608145436724595,16.017562329985626,-14.0,20.0
2023_18_PHI_NYG,2023,18,27,10,-7.64994029438258,46.0669269167601,19.20849331118876,26.858433605571342,17.0,37.0
2023_18_PIT_BAL,2023,18,10,17,8.041446830165823,43.697144935027715,25.86929588259677,17.827849052430945,-7.0,27.0
2023_18_SEA_ARI,2023,18,20,21,-2.867469793692616,47.45892604624181,22.295728126274597,25.16319791996721,-1.0,41.0
2023_18_TB_CAR,2023,18,0,9,-3.2149953024372606,43.1005132551626,19.942758976362672,23.15775427879993,-9.0,9.0
2024_01_ARI_BUF,2024,1,34,28,12.26570264754894,45.93435701700258,29.100029832275762,16.83432718472682,6.0,62.0
2024_01_BAL_KC,2024,1,27,20,-1.8841459989559401,43.730963496146586,20.923408748595325,22.80755474755126,7.0,47.0
2024_01_CAR_NO,2024,1,47,10,9.97240568473899,40.6326076823946,25.302506683566794,15.330100998827806,37.0,57.0
2024_01_DAL_CLE,2024,1,17,33,-5.761558283674117,45.200529870383285,19.719485793354583,25.481044077028702,-16.0,50.0
2024_01_DEN_SEA,2024,1,26,20,1.2438169845270426,44.763660484033615,23.00373873428033,21.759921749753286,6.0,46.0
2024_01_GB_PHI,2024,1,34,29,-1.5119253769205983,48.31581002810301,23.401942325591204,24.913867702511805,5.0,63.0
2024_01_HOU_IND,2024,1,27,29,0.41587719346095664,45.565338915244546,22.99060805435275,22.574730860891794,-2.0,56.0
2024_01_JAX_MIA,2024,1,20,17,4.900803616875804,45.54486825862642,25.222835937751114,20.32203232087531,3.0,37.0
2024_01_LA_DET,2024,1,26,20,3.200811449958742,48.30519474654654,25.75300309825264,22.5521916482939,6.0,46.0
2024_01_LV_LAC,2024,1,22,10,-0.6427977582809674,40.77367895648559,20.06544059910231,20.70823835738328,12.0,32.0
2024_01_MIN_NYG,2024,1,6,28,-0.828492416912588,43.19179318290213,21.18165038299477,22.01014279990736,-22.0,34.0
2024_01_NE_CIN,2024,1,10,16,6.465120164708954,41.14496906637141,23.805044615540183,17.339924450831226,-6.0,26.0
2024_01_NYJ_SF,2024,1,32,19,15.847860994638701,42.760667481199704,29.304264237919202,13.456403243280501,13.0,51.0
2024_01_PIT_ATL,2024,1,10,18,-1.822937098908216,39.94945302446586,19.063257962778824,20.886195061687037,-8.0,28.0
2024_01_TEN_CHI,2024,1,24,17,2.6028266339111283,43.43839454498471,23.02061058944792,20.41778395553679,7.0,41.0
2024_01_WAS_TB,2024,1,37,20,7.446457200062811,43.57574094653032,25.511099073296563,18.064641873233754,17.0,57.0
2024_02_ATL_PHI,2024,2,21,22,4.12785108374477,43.85533188670328,23.991591485224028,19.863740401479255,-1.0,43.0
2024_02_BUF_MIA,2024,2,10,31,-2.956036126128269,46.42143123504444,21.732697554458085,24.688733680586353,-21.0,41.0
2024_02_CHI_HOU,2024,2,19,13,2.270656648647324,43.626809238245976,22.94873294344665,20.678076294799325,6.0,32.0
2024_02_CIN_KC,2024,2,26,25,4.546244825558843,43.91034351626767,24.22829417091326,19.682049345354415,1.0,51.0
2024_02_CLE_JAX,2024,2,13,18,1.431146461735217,42.86681609234915,22.148981277042182,20.717834815306965,-5.0,31.0
2024_02_IND_GB,2024,2,16,10,6.795886660798202,48.370732727465096,27.58330969413165,20.787423033333447,6.0,26.0
2024_02_LAC_CAR,2024,2,3,26,-3.8240147858228664,38.41001300579363,17.29299910998538,21.11701389580825,-23.0,29.0
2024_02_LA_ARI,2024,2,41,10,-5.37673125696713,47.495579089897774,21.05942391646532,26.436155173432454,31.0,51.0
2024_02_LV_BAL,2024,2,23,26,9.521490603221324,42.778017565796766,26.149754084509045,16.62826348128772,-3.0,49.0
2024_02_NO_DAL,2024,2,19,44,3.4771084688529346,47.12084623316107,25.298977351007,21.821868882154067,-25.0,63.0
2024_02_NYG_WAS,2024,2,21,18,0.9273739412822548,43.73719349311473,22.332283717198493,21.404909775916238,3.0,39.0
2024_02_NYJ_TEN,2024,2,17,24,3.5862570276155186,39.21714108306261,21.401699055339062,17.815442027723545,-7.0,41.0
2024_02_PIT_DEN,2024,2,6,13,-3.009481407979818,40.35541817343581,18.672968382727994,21.682449790707814,-7.0,19.0
2024_02_SEA_NE,2024,2,20,23,-2.077056140836979,40.595756429124236,19.259350144143628,21.336406284980608,-3.0,43.0
2024_02_SF_MIN,2024,2,23,17,-7.555132952628195,46.38771688055836,19.41629196396508,26.97142491659328,6.0,40.0
2024_02_TB_DET,2024,2,16,20,4.841879766053607,48.07223027507557,26.45705502056459,21.61517525451098,-4.0,36.0
2024_03_BAL_DAL,2024,3,25,28,-0.6761760685026876,46.61688040502056,22.970352168258938,23.646528236761622,-3.0,53.0
2024_03_CAR_LV,2024,3,22,36,8.465403264410376,38.3770249321958,23.42121409830309,14.955810833892713,-14.0,58.0
2024_03_CHI_IND,2024,3,21,16,1.601059840170213,43.50607753020267,22.55356868518644,20.952508845016226,5.0,37.0
2024_03_DEN_TB,2024,3,7,26,4.168608566174272,42.77382550987636,23.471217038025316,19.302608471851045,-19.0,33.0
2024_03_DET_ARI,2024,3,13,20,-4.805320258246597,48.839342584195606,22.017011162974505,26.8223314212211,-7.0,33.0
2024_03_GB_TEN,2024,3,14,30,-4.519044067382085,45.395330615165754,20.438143273891836,24.95718734127392,-16.0,44.0
2024_03_HOU_MIN,2024,3,34,7,1.8287277717479142,42.9524146518742,22.390571211811057,20.561843440063143,27.0,41.0
2024_03_JAX_BUF,2024,3,47,10,9.836420511538654,45.201419882821035,27.518920197179845,17.68249968564119,37.0,57.0
2024_03_KC_ATL,2024,3,17,22,-2.516360391153711,42.05992271786293,19.77178116335461,22.28814155450832,-5.0,39.0
2024_03_LAC_PIT,2024,3,20,10,2.76834790541038,38.69647525928895,20.732411582349666,17.964063676939286,10.0,30.0
2024_03_MIA_SEA,2024,3,24,3,-0.3714760793684009,45.32978302753056,22.47915347408108,22.85062955344948,21.0,27.0
2024_03_NE_NYJ,2024,3,24,3,0.9814988573032719,36.08720685640721,18.53435285685524,17.552853999551967,21.0,27.0
2024_03_NYG_CLE,2024,3,15,21,4.98017006185494,42.0592170694059,23.519693565630423,18.53952350377548,-6.0,36.0
2024_03_PHI_NO,2024,3,12,15,6.545175210388747,47.08377023288139,26.81447272163507,20.26929751124632,-3.0,27.0
2024_03_SF_LA,2024,3,27,24,-6.582733868664441,47.970527929005904,20.69389703017073,27.276630898835172,3.0,51.0
2024_03_WAS_CIN,2024,3,33,38,6.768644273975156,44.83286731854926,25.80075579626221,19.032111522287053,-5.0,71.0
2024_04_BUF_BAL,2024,4,35,10,-0.5430112335849364,47.2086735938594,23.332831180137234,23.875842413722168,25.0,45.0
2024_04_CIN_CAR,2024,4,24,34,-6.830590698387612,42.48121546490829,17.82531238326034,24.65590308164795,-10.0,58.0
2024_04_CLE_LV,2024,4,20,16,1.2198740158028747,41.7592467013686,21.489560358585738,20.269686342782865,4.0,36.0
2024_04_DAL_NYG,2024,4,15,20,-4.0599712250908,45.45355347836993,20.696791126639567,24.756762351730366,-5.0,35.0
2024_04_DEN_NYJ,2024,4,9,10,1.389349214593586,38.4270655695097,19.908207392051644,18.518858177458057,-1.0,19.0
2024_04_JAX_HOU,2024,4,24,20,2.8739188110035743,43.00139451100921,22.937656661006393,20.063737850002816,4.0,44.0
2024_04_KC_LAC,2024,4,10,17,-3.5822967607887586,40.96884433766902,18.69327378844013,22.27557054922889,-7.0,27.0
2024_04_LA_CHI,2024,4,24,18,-0.5328594366510317,43.238344962253095,21.352742762801032,21.885602199452062,6.0,42.0
2024_04_MIN_GB,2024,4,29,31,3.492524991134088,46.44058304399172,24.966554017562906,21.474029026428816,-2.0,60.0
2024_04_NE_SF,2024,4,30,13,14.285537925725642,43.253976054655666,28.769756990190654,14.484219064465012,17.0,43.0
2024_04_NO_ATL,2024,4,26,24,-4.987926718291054,43.15419565634776,19.08313446902835,24.07106118731941,2.0,50.0
2024_04_PHI_TB,2024,4,33,16,-1.3583429374771667,44.1027916373942,21.372224349958515,22.730567287435683,17.0,49.0
2024_04_PIT_IND,2024,4,27,24,-2.5122568364977678,41.35783656151538,19.422789862508804,21.935046699006573,3.0,51.0
2024_04_SEA_DET,2024,4,42,29,4.879952770997405,45.6686076584083,25.274280214702852,20.394327443705446,13.0,71.0
2024_04_TEN_MIA,2024,4,12,31,4.439025210909466,42.34000018129718,23.38951269610332,18.950487485193857,-19.0,43.0
2024_04_WAS_ARI,2024,4,14,42,1.4049179995154037,47.62886705858202,24.51689252904871,23.111974529533306,-28.0,56.0
2024_05_ARI_SF,2024,5,23,24,13.45766206550569,48.957258109623105,31.2074600875644,17.749798022058705,-1.0,47.0
2024_05_BAL_CIN,2024,5,38,41,-5.083522712259507,47.360514865649684,21.138496076695088,26.222018788954596,-3.0,79.0
2024_05_BUF_HOU,2024,5,23,20,-5.474182547888968,45.97470656615921,20.250262009135124,25.72444455702409,3.0,43.0
2024_05_CAR_CHI,2024,5,36,10,6.799539685789017,40.30885743052214,23.554198558155576,16.754658872366562,26.0,46.0
2024_05_CLE_WAS,2024,5,34,13,2.6928209114145147,45.86211090091402,24.277465906164267,21.584644994749752,21.0,47.0
2024_05_DAL_PIT,2024,5,17,20,-0.1045404447753,43.35290592822862,21.62418274172666,21.728723186501963,-3.0,37.0
2024_05_GB_LA,2024,5,19,24,-1.0956241145323167,48.4303703871708,23.66737313631924,24.762997250851555,-5.0,43.0
2024_05_IND_JAX,2024,5,37,34,-0.4591957337410608,44.159484312756426,21.850144289507682,22.309340023248744,3.0,71.0
2024_05_LV_DEN,2024,5,34,18,2.4161895821581005,39.64409604124058,21.030142811699342,18.613953229541238,16.0,52.0
2024_05_MIA_NE,2024,5,10,15,-3.6116597718537884,38.42444369235046,17.406391960248335,21.018051732102123,-5.0,25.0
2024_05_NO_KC,2024,5,26,13,1.0582335568133105,43.52471365176249,22.2914736042879,21.233240047474588,13.0,39.0
2024_05_NYG_SEA,2024,5,20,29,5.792944113153877,44.39119634393855,25.092070228546216,19.299126115392337,-9.0,49.0
2024_05_NYJ_MIN,2024,5,23,17,5.049693490088605,39.50336592357018,22.276529706829393,17.226836216740786,6.0,40.0
2024_05_TB_ATL,2024,5,36,30,-0.8703707060744403,42.742594768530445,20.936112031228003,21.806482737302442,6.0,66.0
2024_06_ARI_GB,2024,6,34,13,6.82045787177892,48.73046591485352,27.77546189331622,20.9550040215373,21.0,47.0
2024_06_ATL_CAR,2024,6,20,38,-4.470124985014118,41.94317410637769,18.736524560681787,23.206649545695903,-18.0,58.0
2024_06_BUF_NYJ,2024,6,20,23,-5.396279826720466,41.27804570305935,17.94088293816944,23.337162764889907,-3.0,43.0
2024_06_CIN_NYG,2024,6,7,17,-2.5379401064942755,46.24587000130279,21.853964947404258,24.391905053898533,-10.0,24.0
2024_06_CLE_PHI,2024,6,20,16,5.6894735248161314,44.148218368069415,24.918845946442772,19.229372421626643,4.0,36.0
2024_06_DET_DAL,2024,6,9,47,-0.7968246117140463,48.981863070547135,24.092519229416546,24.88934384113059,-38.0,56.0
2024_06_HOU_NE,2024,6,21,41,-3.8447455918343456,39.2973809221885,17.726317665177078,21.571063257011424,-20.0,62.0
2024_06_IND_TEN,2024,6,17,20,-0.0868560770303739,44.23469627024035,22.073920096604986,22.160776173635362,-3.0,37.0
2024_06_JAX_CHI,2024,6,35,16,4.254001466813222,43.724910691680904,23.989456079247063,19.73545461243384,19.0,51.0
2024_06_LAC_DEN,2024,6,16,23,3.329555286578785,39.41377947218575,21.37166737938227,18.04211209280348,-7.0,39.0
2024_06_PIT_LV,2024,6,13,32,-3.376452141645685,40.13223938113166,18.377893619742988,21.754345761388674,-19.0,45.0
2024_06_SF_SEA,2024,6,24,36,-5.4910467883164324,47.8468928665304,21.177923039106986,26.668969827423417,-12.0,60.0
2024_06_TB_NO,2024,6,27,51,3.588008973239263,45.77241094222554,24.6802099577324,21.09220098449314,-24.0,78.0
2024_06_WAS_BAL,2024,6,30,23,8.964090081800347,48.80892814523112,28.886509113515736,19.922419031715386,7.0,53.0
2024_07_BAL_TB,2024,7,31,41,-3.4394078608396645,47.43029881484152,21.995445477000928,25.434853337840593,-10.0,72.0
2024_07_CAR_WAS,2024,7,40,7,8.772451448682904,46.16786134148123,27.470156395082064,18.697704946399163,33.0,47.0
2024_07_CIN_CLE,2024,7,14,21,-3.6786829393803995,44.59113738469299,20.456227222656295,24.134910162036697,-7.0,35.0
2024_07_DEN_NO,2024,7,10,33,2.292357070379466,44.14734955415518,23.219853312267322,20.927496241887855,-23.0,43.0
2024_07_DET_MIN,2024,7,29,31,-4.202010397006085,46.48217522738586,21.140082415189887,25.342092812195972,-2.0,60.0
2024_07_HOU_GB,2024,7,24,22,4.734701216143646,48.273584353785054,26.50414278496435,21.769441568820703,2.0,46.0
2024_07_KC_SF,2024,7,18,28,3.818847938675116,45.81206429444611,24.81545611656061,20.9966081778855,-10.0,46.0
2024_07_LAC_ARI,2024,7,17,15,-0.3918577148924205,43.64149974476362,21.624821014935602,22.01667872982802,2.0,32.0
2024_07_LV_LA,2024,7,20,15,5.217744934908365,42.6368887264211,23.927316830664733,18.709571895756365,5.0,35.0
2024_07_MIA_IND,2024,7,16,10,1.542444746246154,44.73623198116675,23.139338363706454,21.5968936174603,6.0,26.0
2024_07_NE_JAX,2024,7,32,16,4.3094574626976065,41.29838550559121,22.80392148414441,18.494464021446802,16.0,48.0
2024_07_NYJ_PIT,2024,7,37,15,5.607706456045878,39.63922842675105,22.623467441398464,17.01576098535259,22.0,52.0
2024_07_PHI_NYG,2024,7,3,28,-3.3713771504733625,43.0711594105338,19.84989113003022,23.221268280503583,-25.0,31.0
2024_07_SEA_ATL,2024,7,14,34,2.0820984217086873,46.20555624879367,24.143827335251178,22.061728913542492,-20.0,48.0
2024_07_TEN_BUF,2024,7,34,10,8.892504600509163,45.16961202763067,27.031058314069917,18.138553713560754,24.0,44.0
2024_08_ARI_MIA,2024,8,27,28,2.5932935433928375,42.18895302997321,22.391123286683026,19.797829743290187,-1.0,55.0
2024_08_ATL_TB,2024,8,26,31,3.0875850049804026,46.220778851456515,24.65418192821846,21.566596923238055,-5.0,57.0
2024_08_BAL_CLE,2024,8,29,24,-9.820969465629634,44.572503690118516,17.37576711224444,27.196736577874077,5.0,53.0
2024_08_BUF_SEA,2024,8,10,31,-5.168647744728808,48.349601558025306,21.59047690664825,26.759124651377057,-21.0,41.0
2024_08_CAR_DEN,2024,8,28,14,11.442420799528534,40.21870335189344,25.830562075710986,14.388141276182452,14.0,42.0
2024_08_CHI_WAS,2024,8,18,15,2.045866413238617,47.90946043891235,24.97766342607548,22.931797012836867,3.0,33.0
2024_08_DAL_SF,2024,8,30,24,7.376454467710689,47.61786482619443,27.497159646952557,20.12070517924187,6.0,54.0
2024_08_GB_JAX,2024,8,27,30,-3.577075020431457,48.365699274918754,22.394312127243648,25.971387147675106,-3.0,57.0
2024_08_IND_HOU,2024,8,23,20,2.7508443836850582,45.43336951228182,24.09210694798344,21.341262564298383,3.0,43.0
2024_08_KC_LV,2024,8,20,27,-7.789130119480971,40.065934135948694,16.13840200823386,23.927532127714834,-7.0,47.0
2024_08_MIN_LA,2024,8,30,20,0.891558117079833,44.18041445691915,22.535986286999492,21.64442816991966,10.0,50.0
2024_08_NO_LAC,2024,8,26,8,0.8743996061561637,42.93890938517524,21.906654495665702,21.03225488950954,18.0,34.0
2024_08_NYG_PIT,2024,8,26,18,7.806276213648384,41.22622941685056,24.51625281524947,16.709976601601088,8.0,44.0
2024_08_NYJ_NE,2024,8,25,22,-3.1842538340737834,38.49312393930552,17.654435052615867,20.838688886689653,3.0,47.0
2024_08_PHI_CIN,2024,8,17,37,-1.3972823714687286,47.41725914975669,23.00998838914398,24.407270760612708,-20.0,54.0
2024_08_TEN_DET,2024,8,52,14,11.391806793576945,46.079341777993015,28.73557428578498,17.343767492208034,38.0,66.0
2024_09_CHI_ARI,2024,9,29,9,-1.1909680401938003,45.53802814255819,22.173530051182194,23.364498091375996,20.0,38.0
2024_09_DAL_ATL,2024,9,27,21,3.052428962950084,46.28218410737561,24.667306535162847,21.614877572212766,6.0,48.0
2024_09_DEN_BAL,2024,9,41,10,6.762919804963437,47.53807331277841,27.150496558870923,20.387576753907485,31.0,51.0
2024_09_DET_GB,2024,9,14,24,-2.544342181560552,51.21579361468585,24.33572571656265,26.8800678981232,-10.0,38.0
2024_09_HOU_NYJ,2024,9,21,13,0.06818846929936839,41.93683407516805,21.00251127223371,20.93432280293434,8.0,34.0
2024_09_IND_MIN,2024,9,21,13,4.4313902465384505,45.47467697573542,24.953033611136934,20.521643364598486,8.0,34.0
2024_09_JAX_PHI,2024,9,28,23,6.409904254947971,47.543989987607645,26.97694712127781,20.567042866329835,5.0,51.0
2024_09_LAC_CLE,2024,9,10,27,0.01420870106550498,40.984897039148144,20.499552870106825,20.48534416904132,-17.0,37.0
2024_09_LA_SEA,2024,9,20,26,-1.3013647301619613,45.11096595901345,21.904800614425742,23.206165344587706,-6.0,46.0
2024_09_LV_CIN,2024,9,41,24,4.316844031066172,44.61084517259997,24.463844601833074,20.1470005707669,17.0,65.0
2024_09_MIA_BUF,2024,9,30,27,9.684602770780717,45.63901114332865,27.661806957054687,17.977204186273966,3.0,57.0
2024_09_NE_TEN,2024,9,20,17,3.886585174261117,39.86472739569399,21.875656284977552,17.989071110716438,3.0,37.0
2024_09_NO_CAR,2024,9,23,22,-5.30874749256091,42.538364122512974,18.61480831497603,23.923555807536943,1.0,45.0
2024_09_TB_KC,2024,9,30,24,5.623378872349072,45.26415637654823,25.44376762444865,19.82038875209958,6.0,54.0
2024_09_WAS_NYG,2024,9,22,27,-5.2818940911247285,44.657555341045324,19.6878306249603,24.969724716085025,-5.0,49.0
2024_10_ATL_NO,2024,10,20,17,-1.1945436216114909,45.69311874260045,22.249287560494476,23.44383118210597,3.0,37.0
2024_10_BUF_IND,2024,10,20,30,-8.25033751147908,47.17216183269247,19.460912160606693,27.711249672085774,-10.0,50.0
2024_10_CIN_BAL,2024,10,35,34,8.678636750258228,50.96925611659695,29.82394643342759,21.145309683169362,1.0,69.0
2024_10_DEN_KC,2024,10,16,14,7.421726359227215,43.036039691616836,25.228883025422025,17.80715666619481,2.0,30.0
2024_10_DET_HOU,2024,10,23,26,-5.793508866311081,47.32581585456244,20.766153494125682,26.55966236043676,-3.0,49.0
2024_10_MIA_LA,2024,10,15,23,2.7575945900405463,43.293916888980014,23.02575573951028,20.268161149469734,-8.0,38.0
2024_10_MIN_JAX,2024,10,7,12,-2.695242395270861,46.23872279014847,21.771740197438806,24.466982592709666,-5.0,19.0
2024_10_NE_CHI,2024,10,3,19,6.562155022961461,40.6830117916975,23.622583407329483,17.06042838436802,-16.0,22.0
2024_10_NYG_CAR,2024,10,20,17,-2.382868868424291,41.03051437801401,19.32382275479486,21.70669162321915,3.0,37.0
2024_10_NYJ_ARI,2024,10,31,6,1.3038477073340984,43.44404135901017,22.373944533172136,21.070096825838036,25.0,37.0
2024_10_PHI_DAL,2024,10,6,34,-3.4139870012881293,47.025513598764704,21.805763298738288,25.219750300026416,-28.0,40.0
2024_10_PIT_WAS,2024,10,27,28,2.612568831689601,47.21205181198679,24.912310321838195,22.299741490148595,-1.0,55.0
2024_10_SF_TB,2024,10,20,23,-4.014533611182273,49.99974434348427,22.992605366150997,27.00713897733327,-3.0,43.0
2024_10_TEN_LAC,2024,10,27,17,3.057753021563915,41.764468686451835,22.411110854007873,19.35335783244396,10.0,44.0
2024_11_ATL_DEN,2024,11,38,6,-1.0816159601434017,43.35102424232879,21.134704141092694,22.216320101236096,32.0,44.0
2024_11_BAL_PIT,2024,11,18,16,-5.305215182018673,48.77422674976032,21.734505783870823,27.039720965889494,2.0,34.0
2024_11_CIN_LAC,2024,11,34,27,0.2673438492693154,46.29840708478788,23.2828754670286,23.015531617759283,7.0,61.0
2024_11_CLE_NO,2024,11,35,14,2.8656749481896937,42.855769839874206,22.86072239403195,19.995047445842257,21.0,49.0
2024_11_GB_CHI,2024,11,19,20,-3.2720740246284103,44.6662522137199,20.697089094545746,23.969163119174155,-1.0,39.0
2024_11_HOU_DAL,2024,11,10,34,-0.24914204223485692,43.76475111535266,21.7578045365589,22.00694657879376,-24.0,44.0
2024_11_IND_NYJ,2024,11,27,28,2.843600395489886,41.896048749738725,22.369824572614306,19.52622417712442,-1.0,55.0
2024_11_JAX_DET,2024,11,52,6,10.700244035086966,47.19818486967013,28.94921445237855,18.24897041729158,46.0,58.0
2024_11_KC_BUF,2024,11,30,21,3.356241325279843,46.39394824496494,24.875094785122393,21.518853459842546,9.0,51.0
2024_11_LA_NE,2024,11,22,28,-3.7408160513010893,40.770107968290844,18.514645958494878,22.255462009795966,-6.0,50.0
2024_11_LV_MIA,2024,11,34,19,6.037707879256683,41.9787966012884,24.00825224027254,17.97054436101586,15.0,53.0
2024_11_MIN_TEN,2024,11,13,23,-4.342514272001776,42.679551172068805,19.168518450033513,23.511032722035292,-10.0,36.0
2024_11_SEA_SF,2024,11,17,20,10.76678368293452,48.216745728037054,29.491764705485785,18.72498102255127,-3.0,37.0
2024_11_WAS_PHI,2024,11,26,18,3.8344517795026833,48.01830075332971,25.9263762664162,22.091924486913513,8.0,44.0
2024_12_ARI_SEA,2024,12,16,6,-1.5346929666787992,44.79217098962478,21.62873901147299,23.163431978151788,10.0,22.0
2024_12_BAL_LAC,2024,12,23,30,-7.008841771322064,47.83424651369525,20.41270237118659,27.421544142508658,-7.0,53.0
2024_12_DAL_WAS,2024,12,26,34,7.326942761673495,45.73964691246571,26.5332948370696,19.206352075396108,-8.0,60.0
2024_12_DEN_LV,2024,12,19,29,-5.3410086334740985,43.20587475762067,18.932433062073287,24.273441695547383,-10.0,48.0
2024_12_DET_IND,2024,12,6,24,-10.607628160508892,48.34295206873706,18.867661954114084,29.47529011462298,-18.0,30.0
2024_12_KC_CAR,2024,12,27,30,-10.2383326178819,41.710658286728425,15.736162834423261,25.974495452305163,-3.0,57.0
2024_12_MIN_CHI,2024,12,27,30,-2.9504198224902414,41.99273259907409,19.521156388291924,22.471576210782164,-3.0,57.0
2024_12_NE_MIA,2024,12,34,15,6.068171913208202,41.84486378302118,23.956517848114693,17.88834593490649,19.0,49.0
2024_12_PHI_LA,2024,12,20,37,-2.0713507165372897,46.36410193608797,22.14637560977534,24.21772632631263,-17.0,57.0
2024_12_PIT_CLE,2024,12,24,19,-2.9947890800076093,41.95006672345813,19.47763882172526,22.472427901732868,5.0,43.0
2024_12_SF_GB,2024,12,38,10,-2.7524752668616124,49.392018713680045,23.319771723409218,26.072246990270827,28.0,48.0
2024_12_TB_NYG,2024,12,7,30,-2.6315642932641374,43.93610396804525,20.652269837390556,23.283834130654697,-23.0,37.0
2024_12_TEN_HOU,2024,12,27,32,4.804321913311599,43.22266848051686,24.013495196914228,19.20917328360263,-5.0,59.0
2024_13_ARI_MIN,2024,13,23,22,3.682670445640267,43.203450183218926,23.443060314429598,19.76038986878933,1.0,45.0
2024_13_CHI_DET,2024,13,23,20,11.930767766553823,46.515977140948955,29.223372453751388,17.292604687197567,3.0,43.0
2024_13_CLE_DEN,2024,13,41,32,6.2229554391059025,42.36966067869794,24.29630805890192,18.07335261979602,9.0,73.0
2024_13_HOU_JAX,2024,13,20,23,-4.068015721403202,45.41903577861989,20.675510028608347,24.743525750011546,-3.0,43.0
2024_13_IND_NE,2024,13,24,25,1.1590625431778006,42.55963848779415,21.85935051548598,20.700287972308175,-1.0,49.0
2024_13_LAC_ATL,2024,13,13,17,2.5620007830185285,45.438077185757315,24.00003898438792,21.438038201369395,-4.0,30.0
2024_13_LA_NO,2024,13,14,21,-0.29949013745761865,46.129360840891216,22.9149353517168,23.214425489174417,-7.0,35.0
2024_13_LV_KC,2024,13,19,17,11.313985614521068,43.44489209502775,27.379438854774406,16.06545324025334,2.0,36.0
2024_13_MIA_GB,2024,13,30,17,4.177755101166996,46.43198567743109,25.304870389299044,21.12711528813205,13.0,47.0
2024_13_NYG_DAL,2024,13,27,20,2.521697651343663,41.27085808171661,21.896277866530138,19.374580215186473,7.0,47.0
2024_13_PHI_BAL,2024,13,19,24,3.1719067162352443,51.04383505036511,27.107870883300176,23.935964167064935,-5.0,43.0
2024_13_PIT_CIN,2024,13,38,44,1.6120746592297592,48.265007467877815,24.93854106355379,23.326466404324027,-6.0,82.0
2024_13_SEA_NYJ,2024,13,21,26,0.3083131692155481,42.231304225733126,21.269808697474335,20.96149552825879,-5.0,47.0
2024_13_SF_BUF,2024,13,35,10,2.823829453421438,49.95130570180939,26.387567577615414,23.563738124193975,25.0,45.0
2024_13_TB_CAR,2024,13,23,26,-7.027884484115228,45.84017461859792,19.406145067241347,26.434029551356574,-3.0,49.0
2024_13_TEN_WAS,2024,13,42,19,5.802318354533287,46.356573525866594,26.07944594019994,20.277127585666655,23.0,61.0
2024_14_ATL_MIN,2024,14,42,21,3.7926686135968115,42.2630933918807,23.027881002738756,19.235212389141946,21.0,63.0
2024_14_BUF_LA,2024,14,44,42,-3.8128452407592155,47.285770437312635,21.73646259827671,25.549307839035926,2.0,86.0
2024_14_CAR_PHI,2024,14,22,16,12.360957305447336,45.71290653215924,29.036931918803287,16.67597461335595,6.0,38.0
2024_14_CHI_SF,2024,14,38,13,4.637603761334524,45.46475513328858,25.05117944731155,20.413575685977026,25.0,51.0
2024_14_CIN_DAL,2024,14,20,27,-1.9739632185469784,47.70738809719929,22.866712439326157,24.840675657873135,-7.0,47.0
2024_14_CLE_PIT,2024,14,27,14,5.548232694143466,44.849418908823715,25.19882580148359,19.650593107340125,13.0,41.0
2024_14_GB_DET,2024,14,34,31,5.806810100349704,49.314115702898754,27.560462901624227,21.753652801274526,3.0,65.0
2024_14_JAX_TEN,2024,14,6,10,2.3780270097374223,44.97524396750875,23.676635488623088,21.298608478885665,-4.0,16.0
2024_14_LAC_KC,2024,14,19,17,6.982877154257524,44.860477704401035,25.92167742932928,18.938800275071756,2.0,36.0
2024_14_LV_TB,2024,14,28,13,6.912431824243022,45.904682459608374,26.408557141925698,19.496125317682676,15.0,41.0
2024_14_NO_NYG,2024,14,11,14,-2.1827861149671683,42.809993947211105,20.31360391612197,22.496390031089135,-3.0,25.0
2024_14_NYJ_MIA,2024,14,32,26,5.6108242935259485,42.74207387582186,24.176449084673905,18.565624791147954,6.0,58.0
2024_14_SEA_ARI,2024,14,18,30,3.111163246072513,45.34367686401701,24.227420055044764,21.11625680897225,-12.0,48.0
2024_15_ATL_LV,2024,15,9,15,-2.9435705915472843,42.57015330940188,19.813291358927298,22.756861950474583,-6.0,24.0
2024_15_BAL_NYG,2024,15,14,35,-9.838781620113958,45.03586289396222,17.59854063692413,27.437322257038087,-21.0,49.0
2024_15_BUF_DET,2024,15,42,48,2.280796498688572,51.522713633971826,26.9017550663302,24.620958567641626,-6.0,90.0
2024_15_CHI_MIN,2024,15,30,12,7.592343259853568,44.26323076339469,25.927787011624126,18.335443751770562,18.0,42.0
2024_15_CIN_TEN,2024,15,27,37,-4.2105199056566445,47.171546093618524,21.48051309398094,25.691032999637585,-10.0,64.0
2024_15_DAL_CAR,2024,15,14,30,-0.43545179128642597,43.88102984710868,21.722789027911126,22.15824081919755,-16.0,44.0
2024_15_GB_SEA,2024,15,13,30,-2.8955784280175436,47.888379695623584,22.49640063380302,25.391979061820564,-17.0,43.0
2024_15_IND_DEN,2024,15,31,13,6.874015335302397,45.296975474401805,26.0854954048521,19.211480069549705,18.0,44.0
2024_15_KC_CLE,2024,15,7,21,-5.2733574300241886,42.177946866503476,18.452294718239642,23.725652148263833,-14.0,28.0
2024_15_LA_SF,2024,15,6,12,2.5734131239126112,48.11471528408831,25.34406420400046,22.770651080087852,-6.0,18.0
2024_15_MIA_HOU,2024,15,20,12,-1.3317766137507896,45.01317893864,21.840701162444606,23.172477776195397,8.0,32.0
2024_15_NE_ARI,2024,15,30,17,4.493836702162219,42.91047826877255,23.702157485467385,19.208320783305165,13.0,47.0
2024_15_NYJ_JAX,2024,15,25,32,-0.813708321148708,43.44646258776904,21.316377133310166,22.130085454458875,-7.0,57.0
2024_15_PIT_PHI,2024,15,27,13,6.003476384588071,47.59227864115552,26.797877512871793,20.794401128283724,14.0,40.0
2024_15_TB_LAC,2024,15,17,40,-2.8344832385432106,45.972470185062875,21.56899347325983,24.403476711803044,-23.0,57.0
2024_15_WAS_NO,2024,15,19,20,-2.683716485518474,46.586377177361754,21.95133034592164,24.635046831440114,-1.0,39.0
2024_16_ARI_CAR,2024,16,36,30,-5.334731977357196,44.13509685822082,19.400182440431813,24.734914417789007,6.0,66.0
2024_16_CLE_CIN,2024,16,24,6,6.812306620547745,46.95688174114647,26.884594180847106,20.072287560299362,18.0,30.0
2024_16_DEN_LAC,2024,16,34,27,-3.878945197779597,44.328166534120896,20.224610668170648,24.10355586595025,7.0,61.0
2024_16_DET_CHI,2024,16,17,34,-9.028794875297661,47.11107214936079,19.041138637031562,28.069933512329225,-17.0,51.0
2024_16_HOU_KC,2024,16,27,19,6.762956706767466,43.563604247508515,25.16328047713799,18.400323770370523,8.0,46.0
2024_16_JAX_LV,2024,16,19,14,1.1447307818501045,41.63296561123485,21.38884819654248,20.244117414692372,5.0,33.0
2024_16_LA_NYJ,2024,16,9,19,-2.5642366364137175,45.2692046877248,21.352484025655542,23.91672066206926,-10.0,28.0
2024_16_MIN_SEA,2024,16,24,27,-4.638501321480739,45.03571792444362,20.19860830148144,24.837109622962178,-3.0,51.0
2024_16_NE_BUF,2024,16,24,21,11.212968628485383,49.232665708180164,30.222817168332774,19.00984853984739,3.0,45.0
2024_16_NO_GB,2024,16,34,0,7.7301108856564715,47.4409618152419,27.585536350449186,19.855425464792713,34.0,34.0
2024_16_NYG_ATL,2024,16,34,7,7.297426921549292,41.37732379671351,24.3373753591314,17.03994843758211,27.0,41.0
2024_16_PHI_WAS,2024,16,36,33,-1.2985488458441556,47.93295644067748,23.317203797416663,24.615752643260816,3.0,69.0
2024_16_PIT_BAL,2024,16,34,17,10.55477503216133,49.56748890401244,30.061131968086887,19.506356935925556,17.0,51.0
2024_16_SF_MIA,2024,16,29,17,1.539831337540516,45.893473670398556,23.716652503969534,22.176821166429022,12.0,46.0
2024_16_TB_DAL,2024,16,26,24,-3.849972319233358,46.54997212936649,21.349999905066564,25.199972224299923,2.0,50.0
2024_16_TEN_IND,2024,16,38,30,1.7253130508923726,43.079500666177026,22.4024068585347,20.677093807642326,8.0,68.0
2024_17_ARI_LA,2024,17,13,9,3.3748332890731003,45.335889401759886,24.355361345416494,20.980528056343392,4.0,22.0
2024_17_ATL_WAS,2024,17,30,24,3.444530312693651,45.745242705387646,24.59488650904065,21.150356196346998,6.0,54.0
2024_17_BAL_HOU,2024,17,2,31,-9.359398395234063,47.479460142776986,19.06003087377146,28.419429269005526,-29.0,33.0
2024_17_CAR_TB,2024,17,48,14,11.464259779465188,47.11796152259733,29.291110651031257,17.82685087156607,34.0,62.0
2024_17_DAL_PHI,2024,17,41,7,8.732904622135905,47.29720089312747,28.015052757631686,19.28214813549578,34.0,48.0
2024_17_DEN_CIN,2024,17,30,24,2.793190371571243,49.46352934192744,26.12835985674934,23.3351694851781,6.0,54.0
2024_17_DET_SF,2024,17,34,40,-4.799902403518384,49.36078557464296,22.280441585562286,27.080343989080674,-6.0,74.0
2024_17_GB_MIN,2024,17,27,25,-1.1095348006623433,47.6743329163763,23.282399057856978,24.391933858519323,2.0,52.0
2024_17_IND_NYG,2024,17,45,33,-2.6830616692250846,41.82896003708981,19.572949183932362,22.256010853157445,12.0,78.0
2024_17_KC_PIT,2024,17,10,29,-4.801107783314621,43.386322908719734,19.292607562702557,24.093715346017177,-19.0,39.0
2024_17_LAC_NE,2024,17,7,40,1.6042010480768707,43.70971996539876,22.656960506737818,21.052759458660944,-33.0,47.0
2024_17_LV_NO,2024,17,10,25,1.2025737561642906,41.71880208492117,21.460687920542732,20.25811416437844,-15.0,35.0
2024_17_MIA_CLE,2024,17,3,20,-6.023201455084012,40.91846416102421,17.4476313529701,23.470832808054112,-17.0,23.0
2024_17_NYJ_BUF,2024,17,40,14,10.101427915795574,50.41736611051331,30.259397013154445,20.15796909735887,26.0,54.0
2024_17_SEA_CHI,2024,17,3,6,-1.118608815637056,44.314071462329025,21.597731323345986,22.71634013898304,-3.0,9.0
2024_17_TEN_JAX,2024,17,20,13,0.9403087699113145,44.22347412486288,22.581891447387097,21.641582677475785,7.0,33.0
2024_18_BUF_NE,2024,18,23,16,-10.223232151889553,47.515144934290575,18.64595639120051,28.869188543090065,7.0,39.0
2024_18_CAR_ATL,2024,18,38,44,9.222992373558624,45.354432776487656,27.28871257502314,18.065720201464515,-6.0,82.0
2024_18_CHI_GB,2024,18,22,24,10.952586356820758,45.261275930664176,28.106931143742468,17.15434478692171,-2.0,46.0
2024_18_CIN_PIT,2024,18,17,19,-4.505958169536727,47.04192172759149,21.267981779027384,25.77393994856411,-2.0,36.0
2024_18_CLE_BAL,2024,18,35,10,17.58170116695414,44.17212584646277,30.876913506708455,13.295212339754315,25.0,45.0
2024_18_HOU_TEN,2024,18,14,23,1.736297183925666,43.6600347236361,22.698165953780883,20.96186876985522,-9.0,37.0
2024_18_JAX_IND,2024,18,26,23,1.8225600203387797,45.43254824250288,23.62755413142083,21.804994111082053,3.0,49.0
2024_18_KC_DEN,2024,18,38,0,-2.3640929144332183,45.2222113769283,21.429059231247543,23.793152145680757,38.0,38.0
2024_18_LAC_LV,2024,18,20,34,-0.9272070651161772,43.10845665533001,21.090624795106915,22.017831860223094,-14.0,54.0
2024_18_MIA_NYJ,2024,18,32,20,-3.2985144201416627,43.174229682370274,19.937857631114305,23.23637205125597,12.0,52.0
2024_18_MIN_DET,2024,18,31,9,4.704733986623773,51.04272633892743,27.8737301627756,23.16899617615183,22.0,40.0
2024_18_NO_TB,2024,18,27,19,11.794054066583481,46.517567418274865,29.155810742429175,17.36175667584569,8.0,46.0
2024_18_NYG_PHI,2024,18,20,13,13.456145831778624,46.52077292970379,29.988459380741205,16.532313548962584,7.0,33.0
2024_18_SEA_LA,2024,18,25,30,4.775830480528507,42.76912479413524,23.77247763733187,18.996647156803366,-5.0,55.0
2024_18_SF_ARI,2024,18,47,24,0.31778981835231157,47.639742330146326,23.978766074249318,23.66097625589701,23.0,71.0
2024_18_WAS_DAL,2024,18,19,23,-5.211315946779439,45.906205457727125,20.347444755473845,25.55876070225328,-4.0,42.0
2025_01_ARI_NO,2025,1,13,20,-4.556088124773618,44.79759102894344,20.12075145208491,24.676839576858526,-7.0,33.0
2025_01_BAL_BUF,2025,1,41,40,-3.7973605569241142,52.82272390864112,24.512681675858506,28.310042232782617,1.0,81.0
2025_01_CAR_JAX,2025,1,26,10,4.019744592087092,47.80988123422522,25.914812913156158,21.895068321069065,16.0,36.0
2025_01_CIN_CLE,2025,1,16,17,-9.941685262081725,41.732292243092346,15.89530349050531,25.836988752587036,-1.0,33.0
2025_01_DAL_PHI,2025,1,24,20,10.94395785303234,46.68640878877983,28.815183320906083,17.871225467873746,4.0,44.0
2025_01_DET_GB,2025,1,27,13,-1.6397134516224319,49.797460436015655,24.07887349219661,25.718586943819044,14.0,40.0
2025_01_HOU_LA,2025,1,14,9,5.341684332538083,44.00196671171153,24.671825522124806,19.330141189586726,5.0,23.0
2025_01_KC_LAC,2025,1,27,21,2.2860673218804246,45.55073815854613,23.918402740213278,21.632335418332854,6.0,48.0
2025_01_LV_NE,2025,1,13,20,0.6262420112114544,41.129496460294845,20.87786923575315,20.251627224541696,-7.0,33.0
2025_01_MIA_IND,2025,1,33,8,-2.6027846327465225,44.92910211397244,21.16315874061296,23.76594337335948,25.0,41.0
2025_01_MIN_CHI,2025,1,24,27,-4.8332387092583415,43.80842981308871,19.487595551915184,24.320834261173523,-3.0,51.0
2025_01_NYG_WAS,2025,1,21,6,10.656899637887067,45.92433732160582,28.290618479746442,17.633718841859377,15.0,27.0
2025_01_PIT_NYJ,2025,1,32,34,3.1402499302794604,44.260654740140566,23.700452335210013,20.560202404930553,-2.0,66.0
2025_01_SF_SEA,2025,1,13,17,-0.3908758510169126,46.72090912455167,23.165016636767376,23.55589248778429,-4.0,30.0
2025_01_TB_ATL,2025,1,20,23,-3.7374501273531537,48.592808604166535,22.42767923840669,26.165129365759846,-3.0,43.0
2025_01_TEN_DEN,2025,1,20,12,10.292701433185751,45.297759687400216,27.795230560292985,17.50252912710723,8.0,32.0
2025_02_ATL_MIN,2025,2,6,22,1.1386698237266564,44.69230255658961,22.915486190158134,21.776816366431476,-16.0,28.0
2025_02_BUF_NYJ,2025,2,10,30,-5.106967244322652,50.45974414110389,22.676388448390618,27.783355692713272,-20.0,40.0
2025_02_CAR_ARI,2025,2,27,22,9.531585088532534,48.53548240608771,29.033533747310123,19.501948658777586,5.0,49.0
2025_02_CHI_DET,2025,2,52,21,11.989496252487351,47.00303987035979,29.49626806142357,17.50677180893622,31.0,73.0
2025_02_CLE_BAL,2025,2,41,17,19.416301964012177,45.87609510526317,32.646198534637676,13.229896570625495,24.0,58.0
2025_02_DEN_IND,2025,2,29,28,-3.8084421151277574,46.255145114340074,21.22335149960616,25.031793614733914,1.0,57.0
2025_02_JAX_CIN,2025,2,31,27,5.970727859504166,46.88003755974855,26.42538270962636,20.454654850122193,4.0,58.0
2025_02_LAC_LV,2025,2,9,20,-3.641977346119158,44.65334175316365,20.505682203522248,24.147659549641403,-11.0,29.0
2025_02_LA_TEN,2025,2,19,33,-5.53639016033911,42.945617916165155,18.704613877913022,24.241004038252132,-14.0,52.0
2025_02_NE_MIA,2025,2,27,33,5.407536680363797,41.47881133532947,23.443174007846633,18.035637327482835,-6.0,60.0
2025_02_NYG_DAL,2025,2,40,37,4.551054717629036,42.88112132312714,23.716088020378088,19.165033302749052,3.0,77.0
2025_02_PHI_KC,2025,2,17,20,-4.022515657038489,47.4211758949366,21.699330118949057,25.721845775987546,-3.0,37.0
2025_02_SEA_PIT,2025,2,17,31,-0.7121382473654583,44.22506153327157,21.756461642953056,22.468599890318515,-14.0,48.0
2025_02_SF_NO,2025,2,21,26,-5.08965446147118,45.82327567315869,20.366810605843757,25.456465067314934,-5.0,47.0
2025_02_TB_HOU,2025,2,19,20,-7.157707093851846,45.498063742363314,19.170178324255733,26.32788541810758,-1.0,39.0
2025_02_WAS_GB,2025,2,27,18,1.614029037024721,47.292238145470634,24.453133591247678,22.839104554222956,9.0,45.0
2025_03_ARI_SF,2025,3,16,15,2.3628094028447513,48.28840653854154,25.325607970693145,22.96279856784839,1.0,31.0
2025_03_ATL_CAR,2025,3,30,0,-6.74119813471526,46.52315629584414,19.89097908056444,26.6321772152797,30.0,30.0
2025_03_CIN_MIN,2025,3,48,10,-1.155789560876964,44.47752377710419,21.660867108113614,22.816656668990575,38.0,58.0
2025_03_DAL_CHI,2025,3,31,14,-0.8930376946575453,44.77644480757311,21.94170355645778,22.834741251115325,17.0,45.0
2025_03_DEN_LAC,2025,3,23,20,0.3209967374890508,46.413335970795956,23.367166354142505,23.04616961665345,3.0,43.0
2025_03_DET_BAL,2025,3,30,38,4.015212754645953,53.36832545439083,28.69176910451839,24.67655634987244,-8.0,68.0
2025_03_GB_CLE,2025,3,13,10,-11.813791263741418,41.69686715510642,14.9415379456825,26.75532920942392,3.0,23.0
2025_03_HOU_JAX,2025,3,17,10,3.9614948579580975,44.09795077319901,24.029722815578552,20.068227957620458,7.0,27.0
2025_03_IND_TEN,2025,3,20,41,-4.553715246167363,44.93165351141984,20.188969132626237,24.7426843787936,-21.0,61.0
2025_03_KC_NYG,2025,3,9,22,-3.9346360238227005,44.258160594488686,20.161762285332994,24.096398309155692,-13.0,31.0
2025_03_LA_PHI,2025,3,33,26,4.410799315571202,46.992636797782474,25.70171805667684,21.290918741105635,7.0,59.0
2025_03_LV_WAS,2025,3,41,24,8.443197635913549,45.08558716200398,26.764392398958766,18.321194763045217,17.0,65.0
2025_03_MIA_BUF,2025,3,31,21,8.05066704051123,49.86200244096661,28.95633474073892,20.905667700227692,10.0,52.0
2025_03_NO_SEA,2025,3,44,13,5.012298200624201,41.79755249002598,23.40492534532509,18.39262714470089,31.0,57.0
2025_03_NYJ_TB,2025,3,29,27,9.873135447611977,47.753539993245916,28.813337720428947,18.94020227281697,2.0,56.0
2025_03_PIT_NE,2025,3,14,21,2.7912862575721187,44.594713649211826,23.692999953391972,20.901713695819854,-7.0,35.0
2025_04_BAL_KC,2025,4,37,20,-6.059033413680229,49.72734112783826,21.834153857079016,27.893187270759242,17.0,57.0
2025_04_CAR_NE,2025,4,42,13,3.1006741668701934,44.252367960384944,23.67652106362757,20.575846896757376,29.0,55.0
2025_04_CHI_LV,2025,4,24,25,0.7943872039385838,43.7870942387266,22.290740721332593,21.49635351739401,-1.0,49.0
2025_04_CIN_DEN,2025,4,28,3,5.6528012052528265,46.33158356883963,25.99219238704623,20.339391181793403,25.0,31.0
2025_04_CLE_DET,2025,4,34,10,17.351445005187095,45.64463284757359,31.498038926380342,14.146593921193247,24.0,44.0
2025_04_GB_DAL,2025,4,40,40,-7.1168268383198665,46.45151481624955,19.66734398896484,26.784170827284708,0.0,80.0
2025_04_IND_LA,2025,4,27,20,2.277836631909871,47.534328042590666,24.906082337250268,22.628245705340397,7.0,47.0
2025_04_JAX_SF,2025,4,21,26,5.009515442574835,45.17433842189756,25.0919269322362,20.08241148966136,-5.0,47.0
2025_04_LAC_NYG,2025,4,21,18,-7.825573985359799,44.2813784908846,18.227902252762398,26.0534762381222,3.0,39.0
2025_04_MIN_PIT,2025,4,24,21,-4.124321341398176,44.62302000779803,20.24934933319993,24.373670674598102,3.0,45.0
2025_04_NO_BUF,2025,4,31,19,12.608378602621748,48.93766503471031,30.773021818666027,18.16464321604428,12.0,50.0
2025_04_NYJ_MIA,2025,4,27,21,2.8756630819326174,44.68448990259857,23.780076492265593,20.904413410332978,6.0,48.0
2025_04_PHI_TB,2025,4,25,31,1.7301115761794146,49.79376545124529,25.761938513712355,24.031826937532937,-6.0,56.0
2025_04_SEA_ARI,2025,4,20,23,2.166117204256337,46.43814952878854,24.30213336652244,22.136016162266102,-3.0,43.0
2025_04_TEN_HOU,2025,4,26,0,4.712897780175011,41.329853925147404,23.02137585266121,18.308478072486196,26.0,26.0
2025_04_WAS_ATL,2025,4,34,27,-1.9716119049820326,45.01144600227635,21.51991704864716,23.491528953629192,7.0,61.0
2025_05_DAL_NYJ,2025,5,22,37,2.6552691984459793,45.542169897498745,24.09871954797236,21.443450349526383,-15.0,59.0
2025_05_DEN_PHI,2025,5,17,21,1.470252162262905,47.17980463656233,24.325028399412616,22.854776237149714,-4.0,38.0
2025_05_DET_CIN,2025,5,24,37,-9.22556482323798,48.415037810525455,19.594736493643737,28.820301316881718,-13.0,61.0
2025_05_HOU_BAL,2025,5,10,44,10.972636197453031,48.071498223517416,29.522067210485226,18.54943101303219,-34.0,54.0
2025_05_KC_JAX,2025,5,31,28,-0.7336149458439873,44.755894331646516,22.011139692901263,22.744754638745253,3.0,59.0
2025_05_LV_IND,2025,5,40,6,5.934768687434999,46.250165166848,26.092466927141498,20.1576982397065,34.0,46.0
2025_05_MIA_CAR,2025,5,27,24,-1.4645177844726205,46.255912245537914,22.395697230532647,23.860215015005267,3.0,51.0
2025_05_MIN_CLE,2025,5,17,21,-8.16027839420551,39.69532171475798,15.767521660276234,23.927800054481747,-4.0,38.0
2025_05_NE_BUF,2025,5,20,23,10.109927510426555,50.14386810867275,30.126897809549654,20.016970299123095,-3.0,43.0
2025_05_NYG_NO,2025,5,26,14,2.486830602442086,42.42060586030628,22.453718231374182,19.9668876289321,12.0,40.0
2025_05_SF_LA,2025,5,23,26,2.656087913116416,46.68398543532298,24.6700366742197,22.013948761103283,-3.0,49.0
2025_05_TB_SEA,2025,5,35,38,-2.0864860120165165,47.0278137695839,22.470663878783693,24.557149890800208,-3.0,73.0
2025_05_TEN_ARI,2025,5,21,22,9.742170657943927,44.57666284200038,27.159416749972152,17.41724609202823,-1.0,43.0
2025_05_WAS_LAC,2025,5,10,27,0.4605426112045481,46.05976222304645,23.260152417125497,22.79960980592095,-17.0,37.0
2025_06_ARI_IND,2025,6,31,27,3.684457767487368,48.496049121566905,26.090253444527136,22.40579567703977,4.0,58.0
2025_06_BUF_ATL,2025,6,24,14,-3.93253086935918,48.941571120478756,22.504520125559786,26.43705099491897,10.0,38.0
2025_06_CHI_WAS,2025,6,24,25,9.723751727136476,48.01289442392229,28.868323075529382,19.14457134839291,-1.0,49.0
2025_06_CIN_GB,2025,6,27,18,9.956289737595666,47.28340826085374,28.619848999224704,18.663559261629036,9.0,45.0
2025_06_CLE_PIT,2025,6,23,9,7.301166072049449,41.2637450809299,24.282455576489674,16.981289504440227,14.0,32.0
2025_06_DAL_CAR,2025,6,30,27,-0.7663121164190834,48.49846296034061,23.866075421960765,24.632387538379845,3.0,57.0
2025_06_DEN_NYJ,2025,6,11,13,-4.2207735425176995,44.323646747230825,20.051436602356564,24.27221014487426,-2.0,24.0
2025_06_DET_KC,2025,6,30,17,-3.9087210759695195,49.67863214322684,22.884955533628663,26.79367660959818,13.0,47.0
2025_06_LAC_MIA,2025,6,27,29,-1.2867951664478579,46.898721734793604,22.805963284172872,24.09275845062073,-2.0,56.0
2025_06_LA_BAL,2025,6,3,17,2.3107903767301394,49.602743757607705,25.956767067168922,23.645976690438783,-14.0,20.0
2025_06_NE_NO,2025,6,19,25,-0.5632554672419974,43.90339166382261,21.670068098290308,22.233323565532302,-6.0,44.0
2025_06_PHI_NYG,2025,6,34,17,-7.936955890618776,44.17546117690955,18.119252643145387,26.056208533764163,17.0,51.0
2025_06_SEA_JAX,2025,6,12,20,-1.015831452203508,46.31799101058562,22.651079779191058,23.666911231394565,-8.0,32.0
2025_06_SF_TB,2025,6,30,19,3.456597276305909,50.804164454776405,27.130380865541156,23.67378358923525,11.0,49.0
2025_06_TEN_LV,2025,6,20,10,4.1394192031794494,40.71830407978975,22.428861641484602,18.28944243830515,10.0,30.0
2025_07_ATL_SF,2025,7,20,10,0.5387678362326411,45.93810196798675,23.2384349021097,22.699667065877055,10.0,30.0
2025_07_CAR_NYJ,2025,7,6,13,0.5069949624577934,43.49435139752708,22.00067317999244,21.493678217534644,-7.0,19.0
2025_07_GB_ARI,2025,7,23,27,-4.193126510371076,49.03364374481543,22.420258617222174,26.613385127593254,-4.0,50.0
2025_07_HOU_SEA,2025,7,27,19,2.431820814325876,44.438612145529916,23.435216479927895,21.00339566560202,8.0,46.0
2025_07_IND_LAC,2025,7,24,38,-0.2519869823758989,47.36011674081907,23.55406487922159,23.806051861597485,-14.0,62.0
2025_07_LA_JAX,2025,7,7,35,-3.320559627306009,44.97404913475494,20.826744753724466,24.147304381030477,-28.0,42.0
2025_07_LV_KC,2025,7,31,0,8.777321675132693,44.57422318332902,26.675772429230854,17.898450754098164,31.0,31.0
2025_07_MIA_CLE,2025,7,31,6,-4.841345644466117,41.38157008562899,18.270112220581435,23.11145786504755,25.0,37.0
2025_07_NE_TEN,2025,7,13,31,-5.093175231325428,42.69926290306428,18.803043835869428,23.896219067194853,-18.0,44.0
2025_07_NO_CHI,2025,7,26,14,2.6213067089718813,44.34964338908033,23.485475049026103,20.864168340054224,12.0,40.0
2025_07_NYG_DEN,2025,7,33,32,9.959211349292378,43.32542635683694,26.64231885306466,16.683107503772284,1.0,65.0
2025_07_PHI_MIN,2025,7,22,28,0.9146769430941989,45.32510535912006,23.11989115110713,22.20521420801293,-6.0,50.0
2025_07_PIT_CIN,2025,7,33,31,-0.8915595464236148,45.847555568677244,22.477998011126815,23.36955755755043,2.0,64.0
2025_07_TB_DET,2025,7,24,9,3.7029234979492136,53.553109342168725,28.62801642005897,24.925092922109755,15.0,33.0
2025_07_WAS_DAL,2025,7,44,22,-3.423373914137656,50.202175810006736,23.38940094793454,26.812774862072196,22.0,66.0
2025_08_BUF_CAR,2025,8,9,40,-5.454029249620257,47.95144723270359,21.24870899154167,26.702738241161924,-31.0,49.0
2025_08_CHI_BAL,2025,8,30,16,5.185649814898603,48.20811731325416,26.69688356407638,21.511233749177777,14.0,46.0
2025_08_CLE_NE,2025,8,32,13,9.175338050468955,42.245898923505784,25.71061848698737,16.535280436518413,19.0,45.0
2025_08_DAL_DEN,2025,8,44,24,5.958893911878989,49.060697304008706,27.509795607943847,21.55090169606486,20.0,68.0
2025_08_GB_PIT,2025,8,25,35,-4.428860731461118,48.701514417431646,22.136326842985262,26.565187574446384,-10.0,60.0
2025_08_MIA_ATL,2025,8,10,34,5.824490138493831,44.51585117637332,25.170170657433573,19.345680518939744,-24.0,44.0
2025_08_MIN_LAC,2025,8,37,10,0.34645557386397496,45.26076874106731,22.803612157465643,22.457156583601666,27.0,47.0
2025_08_NYG_PHI,2025,8,38,20,7.909225861450905,47.47490727349948,27.692066567475194,19.782840706024288,18.0,58.0
2025_08_NYJ_CIN,2025,8,38,39,2.7552812998588645,44.1002257373642,23.42775351861153,20.672472218752667,-1.0,77.0
2025_08_SF_HOU,2025,8,26,15,-0.09638010419774545,43.089975353022474,21.496797624412366,21.593177728610108,11.0,41.0
2025_08_TB_NO,2025,8,3,23,-6.0951426327100595,46.251661758363056,20.0782595628265,26.173402195536557,-20.0,26.0
2025_08_TEN_IND,2025,8,38,14,12.670527310624156,46.55740090221604,29.6139641064201,16.94343679579594,24.0,52.0
2025_08_WAS_KC,2025,8,28,7,4.949210645444046,46.698091715420006,25.823651180432027,20.87444053498798,21.0,35.0
2025_09_ARI_DAL,2025,9,17,27,1.1308213802873794,51.091431000048615,26.111126190167997,24.980304809880618,-10.0,44.0
2025_09_ATL_NE,2025,9,24,23,4.4550991171908105,44.97972721061806,24.717413163904435,20.262314046713623,1.0,47.0
2025_09_BAL_MIA,2025,9,6,28,-3.521523747626353,47.79422213031056,22.136349191342102,25.657872938968456,-22.0,34.0
2025_09_CAR_GB,2025,9,13,16,11.069741417054278,47.039943216949744,29.054842317002013,17.98510089994773,-3.0,29.0
2025_09_CHI_CIN,2025,9,42,47,1.3600879766384009,49.16880860100079,25.264448288819597,23.904360312181193,-5.0,89.0
2025_09_DEN_HOU,2025,9,15,18,-2.506412761809881,44.36079358401339,20.927190411101755,23.43360317291164,-3.0,33.0
2025_09_IND_PIT,2025,9,27,20,-4.5990886925871575,50.1444252273527,22.77266826738277,27.37175695996993,7.0,47.0
2025_09_JAX_LV,2025,9,29,30,-4.006772529057065,40.918859009823066,18.456043240383,22.462815769440066,-1.0,59.0
2025_09_KC_BUF,2025,9,28,21,1.271156641804613,49.06494749308894,25.168052067446776,23.89689542564216,7.0,49.0
2025_09_LAC_TEN,2025,9,20,27,-8.67809995834897,42.8503342284308,17.086117135040915,25.764217093389888,-7.0,47.0
2025_09_MIN_DET,2025,9,24,27,9.529878469750123,47.1717078054485,28.35079313759931,18.820914667849188,-3.0,51.0
2025_09_NO_LA,2025,9,34,10,10.255211219056388,41.637495184684674,25.94635320187053,15.691141982814143,24.0,44.0
2025_09_SEA_WAS,2025,9,14,38,1.4311881651473324,46.53001910623045,23.98060363568889,22.549415470541557,-24.0,52.0
2025_09_SF_NYG,2025,9,24,34,-3.344086386681849,45.94471133511779,21.300312474217968,24.64439886089982,-10.0,58.0
2025_10_ARI_SEA,2025,10,44,22,4.274747561927567,47.02594770422019,25.650347633073878,21.37560007114631,22.0,66.0
2025_10_ATL_IND,2025,10,31,25,6.2975610577265595,48.15100356258987,27.224282310158216,20.926721252431655,6.0,56.0
2025_10_BAL_MIN,2025,10,19,27,-3.8663022978683665,45.14894271589427,20.641320209012953,24.50762250688132,-8.0,46.0
2025_10_BUF_MIA,2025,10,30,13,-8.766155565727127,48.20064233809816,19.71724338618552,28.483398951912644,17.0,43.0
2025_10_CLE_NYJ,2025,10,27,20,6.7681046432817595,40.48051164438355,23.624308143832653,16.856203500550894,7.0,47.0
2025_10_DET_WAS,2025,10,22,44,-4.463173346062614,48.90687648074244,22.22185156733991,26.68502491340253,-22.0,66.0
2025_10_JAX_HOU,2025,10,36,29,2.671973345032034,43.072793399681856,22.872383372356946,20.20041002732491,7.0,65.0
2025_10_LA_SF,2025,10,26,42,-3.258517218023572,46.61723005292202,21.679356417449224,24.937873635472794,-16.0,68.0
2025_10_LV_DEN,2025,10,10,7,11.427016984745162,43.85408045705881,27.640548720901982,16.213531736156824,3.0,17.0
2025_10_NE_TB,2025,10,23,28,2.1281493715534716,47.80833870624662,24.968244038900046,22.840094667346577,-5.0,51.0
2025_10_NO_CAR,2025,10,7,17,5.4145625166315945,41.30323303526996,23.35889777595078,17.944335259319182,-10.0,24.0
2025_10_NYG_CHI,2025,10,24,20,5.283295427326494,48.452013323111835,26.867654375219164,21.58435894789267,4.0,44.0
2025_10_PHI_GB,2025,10,7,10,3.219879734933199,50.2842625985773,26.75207116675525,23.53219143182205,-3.0,17.0
2025_10_PIT_LAC,2025,10,25,10,6.503196893563905,46.24410071819161,26.373648805877757,19.870451912313854,15.0,35.0
2025_11_BAL_CLE,2025,11,16,23,-9.481088552306028,42.198726166471126,16.35881880708255,25.839907359388576,-7.0,39.0
2025_11_CAR_ATL,2025,11,27,30,4.238245961174742,41.885005467864005,23.061625714519373,18.823379753344632,-3.0,57.0
2025_11_CHI_MIN,2025,11,17,19,-0.7519679675452853,45.65062081118682,22.449326421820768,23.20129438936605,-2.0,36.0
2025_11_CIN_PIT,2025,11,34,12,0.32177948119351685,48.08328961117747,24.202534546185493,23.880755064991977,22.0,46.0
2025_11_DAL_LV,2025,11,16,33,-3.5316440290205104,44.29914078226033,20.38374837661991,23.91539240564042,-17.0,49.0
2025_11_DET_PHI,2025,11,16,9,-2.08731707018457,50.327466319536896,24.120074624676164,26.207391694860732,7.0,25.0
2025_11_GB_NYG,2025,11,20,27,-7.354744603516137,47.43844396351707,20.041849680000464,27.396594283516603,-7.0,47.0
2025_11_HOU_TEN,2025,11,13,16,-7.988584179747608,41.84438309707472,16.927899458663553,24.916483638411165,-3.0,29.0
2025_11_KC_DEN,2025,11,22,19,-0.32271344553121173,45.10253174570769,22.389909150088236,22.71262259561945,3.0,41.0
2025_11_LAC_JAX,2025,11,35,6,-4.264307960491624,46.11069749051913,20.923194765013754,25.187502725505375,29.0,41.0
2025_11_NYJ_NE,2025,11,27,14,7.020596966972291,45.49743403943154,26.259015503201915,19.238418536229624,13.0,41.0
2025_11_SEA_LA,2025,11,21,19,4.333353736976582,47.94506448493852,26.13920911095755,21.805855373980968,2.0,40.0
2025_11_SF_ARI,2025,11,22,41,-0.38396375482219613,47.98362714041044,23.799831692794122,24.18379544761632,-19.0,63.0
2025_11_TB_BUF,2025,11,44,32,4.326623651921015,50.043547470725365,27.18508556132319,22.858461909402173,12.0,76.0
2025_11_WAS_MIA,2025,11,16,13,0.5041621128799765,46.729124640005914,23.616643376442944,23.11248126356297,3.0,29.0
2025_12_ATL_NO,2025,12,10,24,-2.7606422182326478,42.10487066310318,19.672114222435265,22.432756440667912,-14.0,34.0
2025_12_BUF_HOU,2025,12,23,19,-3.3364830726080346,47.05241324852832,21.857965087960142,25.194448160568175,4.0,42.0
2025_12_CAR_SF,2025,12,20,9,6.562763150995127,46.4029164369618,26.482839793978464,19.92007664298334,11.0,29.0
2025_12_CLE_LV,2025,12,10,24,2.061771650241225,37.903017406174776,19.982394528208,17.920622877966775,-14.0,34.0
2025_12_IND_KC,2025,12,23,20,1.3768773212986667,49.03330054706963,25.205088934184147,23.828211612885482,3.0,43.0
2025_12_JAX_ARI,2025,12,24,27,0.6992013599440248,47.065756047436444,23.882478703690236,23.18327734374621,-3.0,51.0
2025_12_MIN_GB,2025,12,23,6,8.638050822595588,45.34339177499711,26.99072129879635,18.35267047620076,17.0,29.0
2025_12_NE_CIN,2025,12,20,26,-3.9337061219698812,50.60064205621812,23.33346796712412,27.267174089094002,-6.0,46.0
2025_12_NYG_DET,2025,12,34,27,10.148003103460558,48.16988071586074,29.15894190966065,19.01093880620009,7.0,61.0
2025_12_NYJ_BAL,2025,12,23,10,9.592889752594846,44.79383436978908,27.193362061191962,17.60047230859712,13.0,33.0
2025_12_PHI_DAL,2025,12,24,21,-1.5128914379832485,49.567607950410206,24.02735825621348,25.540249694196728,3.0,45.0
2025_12_PIT_CHI,2025,12,31,28,3.1130728440598956,46.74306300011062,24.928067922085255,21.814995078025362,3.0,59.0
2025_12_SEA_TEN,2025,12,24,30,-9.73401805519554,43.224287881511266,16.745134913157862,26.479152968353404,-6.0,54.0
2025_12_TB_LA,2025,12,34,7,4.814724503784468,48.00594436852432,26.410334436154393,21.595609932369925,27.0,41.0
2025_13_ARI_TB,2025,13,20,17,2.016536307737178,47.802989165101835,24.909762736419506,22.89322642868233,3.0,37.0
2025_13_ATL_NYJ,2025,13,27,24,-2.3168503185016114,42.92045249119185,20.301801086345122,22.61865140484673,3.0,51.0
2025_13_BUF_PIT,2025,13,7,26,-3.626291666732344,48.40762983283887,22.390669083053265,26.016960749785607,-19.0,33.0
2025_13_CHI_PHI,2025,13,15,24,3.8827354791752042,48.14839632673079,26.015565902952996,22.132830423777794,-9.0,39.0
2025_13_CIN_BAL,2025,13,14,32,8.326872416154004,47.68328357421178,28.00507799518289,19.678205579028887,-18.0,46.0
2025_13_DEN_WAS,2025,13,26,27,-1.9850693827182222,46.362069460812315,22.188500039047046,24.17356942176527,-1.0,53.0
2025_13_GB_DET,2025,13,24,31,0.9395358992463398,48.12778428272956,24.533660090987947,23.59412419174161,-7.0,55.0
2025_13_HOU_IND,2025,13,16,20,4.338060388556257,46.933866455189595,25.635963421872926,21.29790303331667,-4.0,36.0
2025_13_JAX_TEN,2025,13,3,25,-6.1865967967134115,43.28805940342062,18.550731303353604,24.737328100067014,-22.0,28.0
2025_13_KC_DAL,2025,13,31,28,-3.2139882644973685,48.41494618056307,22.600478958032852,25.81446722253022,3.0,59.0
2025_13_LA_CAR,2025,13,31,28,-9.192153051606978,43.43981392247132,17.123830435432172,26.31598348703915,3.0,59.0
2025_13_LV_LAC,2025,13,31,14,9.138939466875694,41.1309605011822,25.13494998402895,15.996010517153254,17.0,45.0
2025_13_MIN_SEA,2025,13,26,0,8.998212978768889,43.20594871788715,26.102080848328022,17.10386786955913,26.0,26.0
2025_13_NO_MIA,2025,13,21,17,4.792533395107808,42.30673351147908,23.549633453293445,18.757100058185635,4.0,38.0
2025_13_NYG_NE,2025,13,33,15,7.671054119788035,48.86640865422896,28.2687313870085,20.59767726722046,18.0,48.0
2025_13_SF_CLE,2025,13,8,26,-7.659821320242955,41.51851441335063,16.929346546553838,24.589167866796792,-18.0,34.0
2025_14_CHI_GB,2025,14,28,21,7.080419873696834,48.4410442271104,27.760732050403618,20.680312176706785,7.0,49.0
2025_14_CIN_BUF,2025,14,39,34,9.14164151280806,49.21171787711319,29.176679694960626,20.03503818215256,5.0,73.0
2025_14_DAL_DET,2025,14,44,30,5.294659949260943,50.11728422173317,27.70597208549706,22.411312136236113,14.0,74.0
2025_14_DEN_LV,2025,14,17,24,-9.375643709044224,40.516822364776296,15.570589327866035,24.94623303691026,-7.0,41.0
2025_14_HOU_KC,2025,14,10,20,4.372159879117449,45.091031871672385,24.731595875394916,20.35943599627747,-10.0,30.0
2025_14_IND_JAX,2025,14,36,19,-1.1277749067049987,46.55625012593545,22.714237609615225,23.842012516320224,17.0,55.0
2025_14_LA_ARI,2025,14,17,45,-5.461276087920275,46.12563072237124,20.332177317225483,25.79345340514576,-28.0,62.0
2025_14_MIA_NYJ,2025,14,10,34,-0.9967434792602692,43.381526517028526,21.19239151888413,22.189134998144397,-24.0,44.0
2025_14_NO_TB,2025,14,20,24,5.339657656654129,43.42608465368292,24.382871155168523,19.043213498514397,-4.0,44.0
2025_14_PHI_LAC,2025,14,22,19,0.6154841989489443,45.554437470079684,23.084960834514312,22.46947663556537,3.0,41.0
2025_14_PIT_BAL,2025,14,22,27,6.148449746850997,43.8204903039894,24.9844700254202,18.8360202785692,-5.0,49.0
2025_14_SEA_ATL,2025,14,9,37,-2.46798396542649,45.589792422923416,21.560904228748463,24.028888194174954,-28.0,46.0
2025_14_TEN_CLE,2025,14,29,31,3.7072368206807713,37.435955913303225,20.571596366991997,16.864359546311228,-2.0,60.0
2025_14_WAS_MIN,2025,14,31,0,-3.718956817621372,40.77563909534255,18.52834113886059,22.247297956481958,31.0,31.0
2025_15_ARI_HOU,2025,15,40,20,4.3773805448907686,43.68338696286959,24.03038375388018,19.65300320898941,20.0,60.0
2025_15_ATL_TB,2025,15,28,29,1.4523709058736443,45.97656789417408,23.714469400023862,22.26209849415022,-1.0,57.0
2025_15_BAL_CIN,2025,15,0,24,-2.6015328381787164,48.23128533965521,22.814876250738244,25.416409088916964,-24.0,24.0
2025_15_BUF_NE,2025,15,31,35,-1.2805570625371088,50.10793266387738,24.413687800670136,25.694244863207242,-4.0,66.0
2025_15_CAR_NO,2025,15,20,17,1.4018357864844857,41.07518484831532,21.2385103173999,19.836674530915417,3.0,37.0
2025_15_CLE_CHI,2025,15,31,3,7.927765125479716,43.98132096674152,25.95454304611062,18.026777920630902,28.0,34.0
2025_15_DET_LA,2025,15,41,34,5.124575998844281,49.61399374316325,27.369284871003764,22.244708872159485,7.0,75.0
2025_15_GB_DEN,2025,15,34,26,-0.39263479760366504,46.636331060927425,23.12184813166188,23.514482929265544,8.0,60.0
2025_15_IND_SEA,2025,15,18,16,5.296191640286239,46.527161345240465,25.911676492763352,20.615484852477113,2.0,34.0
2025_15_LAC_KC,2025,15,13,16,3.811210040512492,45.021930665797164,24.416570353154828,20.605360312642336,-3.0,29.0
2025_15_LV_PHI,2025,15,31,0,10.73044666539396,41.69360040874625,26.212023537070102,15.481576871676145,31.0,31.0
2025_15_MIA_PIT,2025,15,28,15,-0.8896402045800804,44.76083079866951,21.935595297044713,22.825235501624796,13.0,43.0
2025_15_MIN_DAL,2025,15,26,34,3.400947329132272,45.57480389081073,24.4878756099715,21.086928280839228,-8.0,60.0
2025_15_NYJ_JAX,2025,15,48,20,8.3257147974061,42.654396262120386,25.490055529763243,17.164340732357143,28.0,68.0
2025_15_TEN_SF,2025,15,37,24,11.578808398948278,45.15263353041563,28.36572096468195,16.786912565733676,13.0,61.0
2025_15_WAS_NYG,2025,15,21,29,0.04805738912211299,46.95770938915307,23.50288338913759,23.454826000015476,-8.0,50.0
2025_16_ATL_ARI,2025,16,19,26,-0.3460535963762075,47.40378613673287,23.52886627017833,23.87491986655454,-7.0,45.0
2025_16_BUF_CLE,2025,16,20,23,-11.759444947990271,44.1076898636995,16.174122457854615,27.933567405844883,-3.0,43.0
2025_16_CIN_MIA,2025,16,21,45,4.951264919740716,46.07653536427628,25.5139001420085,20.562635222267783,-24.0,66.0
2025_16_GB_CHI,2025,16,22,16,-1.652977811219797,48.45127320056706,23.39914769467363,25.05212550589343,6.0,38.0
2025_16_JAX_DEN,2025,16,20,34,3.3814873174037094,46.96176138439269,25.1716243508982,21.79013703349449,-14.0,54.0
2025_16_KC_TEN,2025,16,26,9,-8.221640686741498,43.8686679880175,17.823513650638,26.0451543373795,17.0,35.0
2025_16_LAC_DAL,2025,16,17,34,-0.11662807562197397,48.422551375804915,24.15296165009147,24.269589725713445,-17.0,51.0
2025_16_LA_SEA,2025,16,38,37,-2.0809359408516084,45.58990395673079,21.75448400793959,23.8354199487912,1.0,75.0
2025_16_LV_HOU,2025,16,23,21,12.694830251618228,40.254452828994886,26.474641540306557,13.779811288688329,2.0,44.0
2025_16_MIN_NYG,2025,16,13,16,-0.5109522418202439,45.051212491591556,22.270130124885657,22.7810823667059,-3.0,29.0
2025_16_NE_BAL,2025,16,24,28,0.6939694842210926,47.044051251168305,23.8690103676947,23.175040883473606,-4.0,52.0
2025_16_NYJ_NO,2025,16,29,6,5.247213760356818,39.91910774663004,22.58316075349343,17.33594699313661,23.0,35.0
2025_16_PHI_WAS,2025,16,18,29,-4.561673350792457,45.44907112568986,20.443698887448704,25.005372238241158,-11.0,47.0
2025_16_PIT_DET,2025,16,24,29,5.175978972760723,49.847495053837314,27.51173701329902,22.335758040538295,-5.0,53.0
2025_16_SF_IND,2025,16,27,48,0.4938526452674252,48.760107863280204,24.626980254273814,24.13312760900639,-21.0,75.0
2025_16_TB_CAR,2025,16,23,20,-1.1205425815434369,47.140847643362974,23.010152530909767,24.130695112453207,3.0,43.0
2025_17_ARI_CIN,2025,17,37,14,2.180167645599038,49.01002886888927,25.595098257244153,23.41493061164512,23.0,51.0
2025_17_BAL_GB,2025,17,24,41,3.4466129689624636,47.15595253331425,25.301282751138356,21.854669782175893,-17.0,65.0
2025_17_CHI_SF,2025,17,42,38,2.694668061034606,50.266107474527914,26.48038776778126,23.785719706746654,4.0,80.0
2025_17_DAL_WAS,2025,17,23,30,-0.3033416456827678,48.729400203299974,24.2130292788086,24.516370924491373,-7.0,53.0
2025_17_DEN_KC,2025,17,13,20,-1.9548236706457338,44.40558249352153,21.2253794114379,23.18020308208363,-7.0,33.0
2025_17_DET_MIN,2025,17,23,10,-2.1047623322228035,45.74965489773987,21.822446282758534,23.92720861498134,13.0,33.0
2025_17_HOU_LAC,2025,17,16,20,2.7885683888297867,43.875399447797854,23.33198391831382,20.543415529484033,-4.0,36.0
2025_17_JAX_IND,2025,17,17,23,-0.8234559045710972,49.3764778215654,24.276510958497152,25.09996686306825,-6.0,40.0
2025_17_LA_ATL,2025,17,27,24,-7.061682080897636,48.08391898354454,20.511118451323455,27.572800532221088,3.0,51.0
2025_17_NE_NYJ,2025,17,10,42,-9.8871445033114,45.92579085647694,18.019323176582766,27.90646767989417,-32.0,52.0
2025_17_NO_TEN,2025,17,26,34,-2.6175714558291014,40.96000712827616,19.17121783622353,21.78878929205263,-8.0,60.0
2025_17_NYG_LV,2025,17,10,34,-2.0271811065760783,42.481013156330405,20.226916024877163,22.254097131453243,-24.0,44.0
2025_17_PHI_BUF,2025,17,12,13,2.03329635757413,49.084884214284834,25.559090285929482,23.525793928355352,-1.0,25.0
2025_17_PIT_CLE,2025,17,13,6,-5.908708435128393,40.808704989685026,17.44999827727832,23.358706712406708,7.0,19.0
2025_17_SEA_CAR,2025,17,10,27,-6.48366168740271,45.9923870933989,19.754362702998094,26.238024390400803,-17.0,37.0
2025_17_TB_MIA,2025,17,20,17,0.8401680898965128,47.723816724526216,24.281992407211366,23.44182431731485,3.0,37.0
2025_18_ARI_LA,2025,18,37,20,11.646430403523505,48.842413861620706,30.244422132572105,18.5979917290486,17.0,57.0
2025_18_BAL_PIT,2025,18,26,24,-2.251907568413942,45.37224264074308,21.56016753616457,23.81207510457851,2.0,50.0
2025_18_CAR_TB,2025,18,16,14,5.106932990184649,44.85206233221894,24.979497661201798,19.872564671017145,2.0,30.0
2025_18_CLE_CIN,2025,18,18,20,8.85878265172941,44.26993019538207,26.564356423555736,17.70557377182633,-2.0,38.0
2025_18_DAL_NYG,2025,18,34,17,-0.678293695496039,49.66253581450473,24.492121059504345,25.170414755000383,17.0,51.0
2025_18_DET_CHI,2025,18,16,19,1.9625284848666933,51.0804003184869,26.5214644016768,24.558935916810103,-3.0,35.0
2025_18_GB_MIN,2025,18,16,3,-3.265638982163031,42.956716603930246,19.845538810883607,23.11117779304664,13.0,19.0
2025_18_IND_HOU,2025,18,38,30,3.3118835311566563,43.765649927396666,23.53876672927666,20.226883198120007,8.0,68.0
2025_18_KC_LV,2025,18,14,12,-6.865516501894161,40.65852922352906,16.896506360817448,23.76202286271161,2.0,26.0
2025_18_LAC_DEN,2025,18,19,3,4.950902323341625,44.443593643223785,24.697247983282704,19.74634565994108,16.0,22.0
2025_18_MIA_NE,2025,18,38,10,8.809940185137895,49.446942225403205,29.12844120527055,20.318501020132654,28.0,48.0
2025_18_NO_ATL,2025,18,19,17,1.835237835460751,44.082659139271165,22.95894848736596,21.123710651905206,2.0,36.0
2025_18_NYJ_BUF,2025,18,35,8,14.824237860530566,45.68076723131426,30.252502545922415,15.428264685391849,27.0,43.0
2025_18_SEA_SF,2025,18,3,13,-0.4497942610613932,50.24868690833798,24.899446323638294,25.349240584699686,-10.0,16.0
2025_18_TEN_JAX,2025,18,41,7,10.578724956675558,45.405531282516606,27.99212811959608,17.413403162920524,34.0,48.0
2025_18_WAS_PHI,2025,18,17,24,7.840310328683264,44.770849073602506,26.305579701142886,18.46526937245962,-7.0,41.0
