game_id,season,week,home_score,away_score,actual_margin,actual_total,pred_margin,pred_total,pred_home_score,pred_away_score
2022_01_BAL_NYJ,2022,1,9.0,24.0,-15.0,33.0,-7.326006998791098,46.23315849600005,19.453575748604475,26.779582747395576
2022_01_BUF_LA,2022,1,10.0,31.0,-21.0,41.0,-5.371265740356078,52.40597208004263,23.517353169843275,28.888618910199355
2022_01_CLE_CAR,2022,1,24.0,26.0,-2.0,50.0,-6.0900190908318015,41.39471545472578,17.652348181946987,23.74236727277879
2022_01_DEN_SEA,2022,1,17.0,16.0,1.0,33.0,5.667664171680118,47.33963759898383,26.50365088533197,20.835986713651856
2022_01_GB_MIN,2022,1,23.0,7.0,16.0,30.0,-9.51180519488625,55.57193326625263,23.03006403568319,32.54186923056944
2022_01_IND_HOU,2022,1,20.0,20.0,0.0,40.0,-8.717706771078172,48.049721010150876,19.666007119536353,28.383713890614523
2022_01_JAX_WAS,2022,1,28.0,22.0,6.0,50.0,4.283023195050222,43.208881743349636,23.745952469199928,19.462929274149708
2022_01_KC_ARI,2022,1,21.0,44.0,-23.0,65.0,-4.559310824671355,52.564418013013956,24.0025535941713,28.561864418842656
2022_01_LV_LAC,2022,1,24.0,19.0,5.0,43.0,5.870273618816019,52.9700582836939,29.420165951254962,23.54989233243894
2022_01_NE_MIA,2022,1,20.0,7.0,13.0,27.0,-3.9661988712529266,43.729638474137225,19.88171980144215,23.847918672695076
2022_01_NO_ATL,2022,1,26.0,27.0,-1.0,53.0,-6.434294190699321,47.94916532365599,20.757435566478335,27.191729757177654
2022_01_NYG_TEN,2022,1,20.0,21.0,-1.0,41.0,12.765426353393826,41.68527422396746,27.225350288680644,14.459923935286817
2022_01_PHI_DET,2022,1,35.0,38.0,-3.0,73.0,-2.39759914163702,51.19973884882562,24.4010698535943,26.798668995231317
2022_01_PIT_CIN,2022,1,20.0,23.0,-3.0,43.0,2.273794403193768,48.376314337627534,25.32505437041065,23.051259967216883
2022_01_SF_CHI,2022,1,19.0,10.0,9.0,29.0,-5.5200977946593035,40.04764035428676,17.26377127981373,22.78386907447303
2022_01_TB_DAL,2022,1,3.0,19.0,-16.0,22.0,-0.03217183936450052,54.56203724735132,27.26493270399341,27.29710454335791
2022_02_ARI_LV,2022,2,23.0,29.0,-6.0,52.0,-1.2986368315142203,48.05775536743882,23.3795592679623,24.678196099476523
2022_02_ATL_LA,2022,2,31.0,27.0,4.0,58.0,8.361787130854319,47.82093477737389,28.091360954114105,19.729573823259788
2022_02_CAR_NYG,2022,2,19.0,16.0,3.0,35.0,-0.21975919331928517,37.9276937802499,18.85396729346531,19.073726486784594
2022_02_CHI_GB,2022,2,27.0,10.0,17.0,37.0,12.149570121612442,43.68404905728965,27.916809589451045,15.767239467838603
2022_02_HOU_DEN,2022,2,16.0,9.0,7.0,25.0,6.473677540655344,45.10596592430363,25.78982173247949,19.316144191824144
2022_02_IND_JAX,2022,2,24.0,0.0,24.0,24.0,-5.844935006844526,43.12530848202676,18.640186737591115,24.485121744435645
2022_02_LAC_KC,2022,2,27.0,24.0,3.0,51.0,5.867371443703715,54.84206836701798,30.35471990536085,24.48734846165713
2022_02_MIA_BAL,2022,2,38.0,42.0,-4.0,80.0,-0.6470878849546197,44.1588248764149,21.755868495730137,22.40295638068476
2022_02_MIN_PHI,2022,2,24.0,7.0,17.0,31.0,4.191645423524409,50.46974354070635,27.330694482115376,23.13904905859097
2022_02_NE_PIT,2022,2,14.0,17.0,-3.0,31.0,-5.75766460883029,43.56480875574909,18.9035720734594,24.66123668228969
2022_02_NYJ_CLE,2022,2,30.0,31.0,-1.0,61.0,9.704604919339047,45.05536775220369,27.37998633577137,17.675381416432323
2022_02_SEA_SF,2022,2,27.0,7.0,20.0,34.0,3.7172712427326333,45.706300598487665,24.71178592061015,20.994514677877515
2022_02_TB_NO,2022,2,10.0,20.0,-10.0,30.0,-7.351832208428799,49.71790558767677,21.183036689623986,28.534868898052782
2022_02_TEN_BUF,2022,2,41.0,7.0,34.0,48.0,8.086316595801875,48.70953122129087,28.39792390854637,20.311607312744496
2022_02_WAS_DET,2022,2,36.0,27.0,9.0,63.0,-0.30514549842686434,48.41895909913533,24.05690680035423,24.362052298781098
2022_03_ATL_SEA,2022,3,23.0,27.0,-4.0,50.0,7.8565325097017045,42.92033843414595,25.388435471923827,17.53190296222212
2022_03_BAL_NE,2022,3,26.0,37.0,-11.0,63.0,5.941855365046528,47.889117401136886,26.915486383091707,20.97363101804518
2022_03_BUF_MIA,2022,3,21.0,19.0,2.0,40.0,-6.321149846281408,46.88798978398189,20.28341996885024,26.604569815131647
2022_03_CIN_NYJ,2022,3,12.0,27.0,-15.0,39.0,-5.831444336939337,48.41078199316143,21.289668828111047,27.12111316505038
2022_03_DAL_NYG,2022,3,16.0,23.0,-7.0,39.0,-10.076914277816627,40.25685599208405,15.08997085713371,25.166885134950338
2022_03_DET_MIN,2022,3,28.0,24.0,4.0,52.0,1.861285147053681,52.01617692042257,26.938731033738126,25.077445886684448
2022_03_GB_TB,2022,3,12.0,14.0,-2.0,26.0,0.5549400213587805,48.88960238270769,24.722271202033237,24.167331180674456
2022_03_HOU_CHI,2022,3,23.0,20.0,3.0,43.0,2.1753491857405356,41.17768149795959,21.676515341850063,19.501166156109527
2022_03_JAX_LAC,2022,3,10.0,38.0,-28.0,48.0,7.479691855681884,52.1850508627509,29.832371359216392,22.352679503534507
2022_03_KC_IND,2022,3,20.0,17.0,3.0,37.0,-8.56643441707255,49.304467467150495,20.369016525038973,28.935450942111522
2022_03_LA_ARI,2022,3,12.0,20.0,-8.0,32.0,-0.45731892364976223,49.82836049599488,24.685520786172557,25.142839709822322
2022_03_LV_TEN,2022,3,24.0,22.0,2.0,46.0,2.9619435432963694,44.888894354786956,23.925418949041664,20.963475405745292
2022_03_NO_CAR,2022,3,22.0,14.0,8.0,36.0,-4.591198228920156,41.605130981827735,18.50696637645379,23.098164605373945
2022_03_PHI_WAS,2022,3,8.0,24.0,-16.0,32.0,-3.7836458047990766,47.8744918897479,22.04542304247441,25.82906884727349
2022_03_PIT_CLE,2022,3,29.0,17.0,12.0,46.0,5.405687974059586,45.200023473648976,25.302855723854282,19.897167749794693
2022_03_SF_DEN,2022,3,11.0,10.0,1.0,21.0,-6.044083757138334,45.86097502396633,19.908445633414,25.952529390552332
2022_04_ARI_CAR,2022,4,16.0,26.0,-10.0,42.0,-5.388173295562295,45.979988602606,20.29590765352185,25.684080949084148
2022_04_BUF_BAL,2022,4,20.0,23.0,-3.0,43.0,-8.054292619575952,49.47889491705277,20.71230114873841,28.76659376831436
2022_04_CHI_NYG,2022,4,20.0,12.0,8.0,32.0,-0.46139746112734803,36.79000417110039,18.164303354986522,18.62570081611387
2022_04_CLE_ATL,2022,4,23.0,20.0,3.0,43.0,-7.289869781212265,47.46878576242351,20.08945799060562,27.379327771817888
2022_04_DEN_LV,2022,4,32.0,23.0,9.0,55.0,1.971615631135026,45.82395219284554,23.89778391199028,21.926168280855258
2022_04_JAX_PHI,2022,4,29.0,21.0,8.0,50.0,2.664915020595407,47.629511366820815,25.14721319370811,22.482298173112703
2022_04_KC_TB,2022,4,31.0,41.0,-10.0,72.0,-1.298474549076221,48.824335230914194,23.762930340918988,25.061404889995206
2022_04_LAC_HOU,2022,4,24.0,34.0,-10.0,58.0,-8.79152012945816,50.95497726448651,21.081728567514176,29.873248696972333
2022_04_LA_SF,2022,4,24.0,9.0,15.0,33.0,1.9160975832462883,46.03104594748347,23.97357176536488,22.05747418211859
2022_04_MIA_CIN,2022,4,27.0,15.0,12.0,42.0,-0.3264076005881439,46.885775729106136,23.279684064258998,23.60609166484714
2022_04_MIN_NO,2022,4,25.0,28.0,-3.0,53.0,3.8804961108203377,43.69798380188209,23.789239956351214,19.908743845530875
2022_04_NYJ_PIT,2022,4,20.0,24.0,-4.0,44.0,7.3572984828789,40.116028146875905,23.736663314877404,16.3793648319985
2022_04_SEA_DET,2022,4,45.0,48.0,-3.0,93.0,-4.280993311251613,50.794099954768825,23.256553321758606,27.53754663301022
2022_04_TEN_IND,2022,4,17.0,24.0,-7.0,41.0,-1.165324394125851,45.9551630786554,22.394919342264775,23.56024373639063
2022_04_WAS_DAL,2022,4,25.0,10.0,15.0,35.0,7.828305164899269,49.401741670765524,28.615023417832397,20.786718252933127
2022_05_ATL_TB,2022,5,21.0,15.0,6.0,36.0,12.362069038702314,44.241012738654426,28.30154088867837,15.939471849976055
2022_05_CHI_MIN,2022,5,29.0,22.0,7.0,51.0,4.90073348291715,44.467122193578675,24.68392783824791,19.783194355330764
2022_05_CIN_BAL,2022,5,19.0,17.0,2.0,36.0,0.823771476934508,49.51133972612453,25.16755560152952,24.34378412459501
2022_05_DAL_LA,2022,5,10.0,22.0,-12.0,32.0,0.8469190415369853,48.481142257332266,24.664030649434626,23.81711160789764
2022_05_HOU_JAX,2022,5,6.0,13.0,-7.0,19.0,8.074671008899662,43.77063476761276,25.922652888256213,17.84798187935655
2022_05_IND_DEN,2022,5,9.0,12.0,-3.0,21.0,-2.0410237876887103,42.37284735678734,20.165911784549316,22.206935572238024
2022_05_LAC_CLE,2022,5,28.0,30.0,-2.0,58.0,0.014665391322136068,50.08284015148146,25.048752771401798,25.034087380079665
2022_05_LV_KC,2022,5,30.0,29.0,1.0,59.0,8.572366421523297,50.38850484243982,29.48043563198156,20.90806921045826
2022_05_NYG_GB,2022,5,22.0,27.0,-5.0,49.0,11.613287169171283,43.83728195545797,27.725284562314627,16.11199739314334
2022_05_PHI_ARI,2022,5,17.0,20.0,-3.0,37.0,-0.5686569972995706,49.60942837558178,24.520385689141104,25.089042686440674
2022_05_SEA_NO,2022,5,39.0,32.0,7.0,71.0,0.31869604042430877,48.459707626888864,24.389201833656585,24.07050579323228
2022_05_SF_CAR,2022,5,15.0,37.0,-22.0,52.0,-9.990180018157753,42.23586716946532,16.122843575653786,26.113023593811537
2022_05_TEN_WAS,2022,5,17.0,21.0,-4.0,38.0,-4.751481498548139,44.77337961649898,20.01094905897542,24.762430557523558
2022_06_ARI_SEA,2022,6,19.0,9.0,10.0,28.0,2.353628664123864,50.200686290706344,26.277157477415102,23.92352881329124
2022_06_BAL_NYG,2022,6,24.0,20.0,4.0,44.0,-3.8414016034564447,43.674835925746635,19.916717161145094,23.75811876460154
2022_06_BUF_KC,2022,6,20.0,24.0,-4.0,44.0,-0.6297123336895164,52.08695705730189,25.728622361806185,26.358334695495703
2022_06_CAR_LA,2022,6,24.0,10.0,14.0,34.0,8.148983753767283,49.57485235466174,28.861918054214513,20.71293430044723
2022_06_CIN_NO,2022,6,26.0,30.0,-4.0,56.0,3.150065527445969,48.01630301921307,25.58318427332952,22.43311874588355
2022_06_DAL_PHI,2022,6,26.0,17.0,9.0,43.0,1.687421185883934,45.75542786956668,23.721424527725308,22.034003341841373
2022_06_DEN_LAC,2022,6,19.0,16.0,3.0,35.0,8.177761909470874,50.96592915322314,29.57184553134701,21.394083621876135
2022_06_JAX_IND,2022,6,34.0,27.0,7.0,61.0,0.8187018924618022,40.93498473805005,20.876843315255925,20.058141422794122
2022_06_MIN_MIA,2022,6,16.0,24.0,-8.0,40.0,1.5815235404070784,46.63270138448838,24.107112462447727,22.52558892204065
2022_06_NE_CLE,2022,6,15.0,38.0,-23.0,53.0,-1.2915131224915588,39.56836226969925,19.138424573603846,20.429937696095404
2022_06_NYJ_GB,2022,6,10.0,27.0,-17.0,37.0,11.717219988798318,44.023017494213356,27.870118741505838,16.152898752707518
2022_06_SF_ATL,2022,6,28.0,14.0,14.0,42.0,-9.264659491024888,47.3225131524208,19.028926830697955,28.29358632172284
2022_06_WAS_CHI,2022,6,7.0,12.0,-5.0,19.0,-2.7155612311835333,41.541086515784336,19.4127626423004,22.128323873483936
2022_07_ATL_CIN,2022,7,35.0,17.0,18.0,52.0,7.203524997938806,46.749590518769686,26.976557758354247,19.77303276041544
2022_07_CHI_NE,2022,7,14.0,33.0,-19.0,47.0,11.963522229408067,40.41251766081295,26.18801994511051,14.224497715702443
2022_07_CLE_BAL,2022,7,23.0,20.0,3.0,43.0,2.097252472729328,47.15090709993668,24.624079786333006,22.526827313603675
2022_07_DET_DAL,2022,7,24.0,6.0,18.0,30.0,9.84526940978829,52.66548260665368,31.255376008220985,21.410106598432698
2022_07_GB_WAS,2022,7,23.0,21.0,2.0,44.0,-5.524853276021054,43.312495045462136,18.89382088472054,24.418674160741595
2022_07_HOU_LV,2022,7,38.0,20.0,18.0,58.0,7.374773918457425,46.73736090339022,27.056067410923824,19.681293492466395
2022_07_IND_TEN,2022,7,19.0,10.0,9.0,29.0,4.185036404998174,45.12767948731983,24.656357946159,20.47132154116083
2022_07_KC_SF,2022,7,23.0,44.0,-21.0,67.0,-0.8241433738849174,51.95851118812855,25.567183907121816,26.39132728100673
2022_07_NO_ARI,2022,7,42.0,34.0,8.0,76.0,-1.6194919983609957,43.172976424544856,20.77674221309193,22.396234211452928
2022_07_NYG_JAX,2022,7,17.0,23.0,-6.0,40.0,3.5596679982097448,42.82317106668118,23.19141953244546,19.631751534235715
2022_07_PIT_MIA,2022,7,16.0,10.0,6.0,26.0,3.796456031056975,44.994146156462456,24.395301093759716,20.59884506270274
2022_07_SEA_LAC,2022,7,23.0,37.0,-14.0,60.0,0.42609122331489285,52.71893438618257,26.57251280474873,26.146421581433838
2022_07_TB_CAR,2022,7,21.0,3.0,18.0,24.0,-12.012500730975388,42.15386803569148,15.070683652358046,27.083184383333435
2022_08_ARI_MIN,2022,8,34.0,26.0,8.0,60.0,0.4861215685538112,50.180334288869524,25.33322792871167,24.847106360157856
2022_08_BAL_TB,2022,8,22.0,27.0,-5.0,49.0,5.087180223846858,45.19989494067052,25.143537582258688,20.05635735841183
2022_08_CAR_ATL,2022,8,37.0,34.0,3.0,71.0,1.9126542392555024,51.36819509730972,26.640424668282613,24.72777042902711
2022_08_CHI_DAL,2022,8,49.0,29.0,20.0,78.0,9.284572391653635,42.32958751788745,25.80707995477054,16.522507563116907
2022_08_CIN_CLE,2022,8,32.0,13.0,19.0,45.0,-2.8546684259716644,48.56778566397486,22.856558619001596,25.711227044973263
2022_08_DEN_JAX,2022,8,17.0,21.0,-4.0,38.0,4.3919716319962125,43.301700301249966,23.84683596662309,19.454864334626876
2022_08_GB_BUF,2022,8,27.0,17.0,10.0,44.0,6.654141435412275,48.72261869487317,27.688380065142724,21.034238629730446
2022_08_LV_NO,2022,8,24.0,0.0,24.0,24.0,2.453627330336374,50.26616956190538,26.359898446120877,23.906271115784502
2022_08_MIA_DET,2022,8,27.0,31.0,-4.0,58.0,-5.967223126870975,49.561571876625486,21.797174374877255,27.76439750174823
2022_08_NE_NYJ,2022,8,17.0,22.0,-5.0,39.0,-7.493394941361831,45.21957193664592,18.863088497642046,26.356483439003874
2022_08_NYG_SEA,2022,8,27.0,13.0,14.0,40.0,6.070387263412596,47.18770458005713,26.629045921734864,20.558658658322265
2022_08_PIT_PHI,2022,8,35.0,13.0,22.0,48.0,5.699026779510206,46.65965246983353,26.17933962467187,20.480312845161663
2022_08_SF_LA,2022,8,14.0,31.0,-17.0,45.0,1.3491566434181022,47.71544020240769,24.5322984229129,23.183141779494793
2022_09_BAL_NO,2022,9,13.0,27.0,-14.0,40.0,3.8513150653418062,47.95855179780167,25.904933431571738,22.05361836622993
2022_09_BUF_NYJ,2022,9,20.0,17.0,3.0,37.0,-12.426164033877738,45.593721581301615,16.583778773711938,29.009942807589677
2022_09_CAR_CIN,2022,9,42.0,21.0,21.0,63.0,10.04677131175486,43.95178862105678,26.99927996640582,16.95250865465096
2022_09_GB_DET,2022,9,15.0,9.0,6.0,24.0,-5.757956307091558,51.18756693874348,22.714805315825963,28.472761622917517
2022_09_LAC_ATL,2022,9,17.0,20.0,-3.0,37.0,-3.9242539726130805,52.111135874599235,24.093440950993077,28.017694923606157
2022_09_LA_TB,2022,9,16.0,13.0,3.0,29.0,3.127969597439885,45.4048117408757,24.266390669157794,21.138421071717907
2022_09_LV_JAX,2022,9,27.0,20.0,7.0,47.0,1.4908314954176534,43.17047995817817,22.33065572679791,20.83982423138026
2022_09_MIA_CHI,2022,9,32.0,35.0,-3.0,67.0,-5.94098672588314,44.82391453164315,19.441463902880002,25.382450628763145
2022_09_MIN_WAS,2022,9,17.0,20.0,-3.0,37.0,-2.2822189201214043,43.17220735672571,20.444994218302153,22.727213138423554
2022_09_PHI_HOU,2022,9,17.0,29.0,-12.0,46.0,-12.753100745473263,48.935058419992394,18.090978837259566,30.844079582732828
2022_09_SEA_ARI,2022,9,21.0,31.0,-10.0,52.0,-2.853247953776552,46.88296431300288,22.014858179613164,24.868106133389716
2022_10_ATL_CAR,2022,10,25.0,15.0,10.0,40.0,-2.4857218633939073,42.299920501953416,19.907099319279755,22.39282118267366
2022_10_CLE_MIA,2022,10,39.0,17.0,22.0,56.0,1.3046976303370488,48.75164882706395,25.0281732287005,23.723475598363454
2022_10_DAL_GB,2022,10,31.0,28.0,3.0,59.0,-4.28649304210173,44.14020942793226,19.926858192915265,24.213351235016997
2022_10_DEN_TEN,2022,10,17.0,10.0,7.0,27.0,5.980584632538298,42.80963881222746,24.39511172238288,18.414527089844583
2022_10_DET_CHI,2022,10,30.0,31.0,-1.0,61.0,0.4843380128539523,42.779538471106605,21.63193824198028,21.147600229126326
2022_10_HOU_NYG,2022,10,24.0,16.0,8.0,40.0,8.446323276993347,43.687719225019194,26.06702125100627,17.620697974012923
2022_10_IND_LV,2022,10,20.0,25.0,-5.0,45.0,0.5524058055430172,45.258652530726074,22.905529168134546,22.35312336259153
2022_10_JAX_KC,2022,10,27.0,17.0,10.0,44.0,7.0370148184522945,48.832068017268845,27.93454141786057,20.897526599408277
2022_10_LAC_SF,2022,10,22.0,16.0,6.0,38.0,5.253640638504832,50.57878399592063,27.916212317212732,22.6625716787079
2022_10_MIN_BUF,2022,10,30.0,33.0,-3.0,63.0,7.369997339299523,47.239060612325815,27.30452897581267,19.934531636513146
2022_10_NO_PIT,2022,10,20.0,10.0,10.0,30.0,-4.847241251330531,40.874699826839134,18.013729287754302,22.860970539084832
2022_10_SEA_TB,2022,10,21.0,16.0,5.0,37.0,1.1166148684169472,47.75946224955822,24.438038558987582,23.321423690570636
2022_10_WAS_PHI,2022,10,21.0,32.0,-11.0,53.0,9.148367329558637,44.17582516772924,26.66209624864394,17.513728919085302
2022_11_CAR_BAL,2022,11,13.0,3.0,10.0,16.0,9.837365346279249,44.722887360124346,27.280126353201798,17.44276100692255
2022_11_CHI_ATL,2022,11,27.0,24.0,3.0,51.0,1.3402552798634342,48.69635388388167,25.018304581872552,23.678049302009118
2022_11_CIN_PIT,2022,11,30.0,37.0,-7.0,67.0,-5.36487060120054,42.82459978805778,18.729864593428623,24.09473519462916
2022_11_CLE_BUF,2022,11,31.0,23.0,8.0,54.0,6.388422657943768,50.256463348616215,28.322443003279993,21.934020345336222
2022_11_DAL_MIN,2022,11,3.0,40.0,-37.0,43.0,-4.2853293565339445,50.10089637168868,22.907783507577367,27.19311286411131
2022_11_DET_NYG,2022,11,18.0,31.0,-13.0,49.0,2.2346117811375796,42.975665122142274,22.605138451639927,20.370526670502347
2022_11_KC_LAC,2022,11,27.0,30.0,-3.0,57.0,-8.861887215586858,55.75103565476298,23.444574219588063,32.30646143517492
2022_11_LA_NO,2022,11,27.0,20.0,7.0,47.0,2.8065275367772666,45.241796277351234,24.02416190706425,21.217634370286984
2022_11_LV_DEN,2022,11,16.0,22.0,-6.0,38.0,0.3584068376777575,44.79247565590604,22.575441246791897,22.21703440911414
2022_11_NYJ_NE,2022,11,10.0,3.0,7.0,13.0,6.536923166561661,37.71905455097025,22.127988858765956,15.591065692204294
2022_11_PHI_IND,2022,11,16.0,17.0,-1.0,33.0,-4.832373321522634,45.749103508097576,20.458365093287473,25.290738414810104
2022_11_SF_ARI,2022,11,10.0,38.0,-28.0,48.0,-6.360609339846415,47.46321781102392,20.551304235588752,26.911913575435165
2022_11_TEN_GB,2022,11,17.0,27.0,-10.0,44.0,1.1818285323288311,42.18743616594767,21.68463234913825,20.502803816809422
2022_11_WAS_HOU,2022,11,10.0,23.0,-13.0,33.0,-6.374896105245714,44.83103113841386,19.228067516584076,25.602963621829787
2022_12_ATL_WAS,2022,12,19.0,13.0,6.0,32.0,3.139008344312201,41.829661992938604,22.484335168625403,19.3453268243132
2022_12_BAL_JAX,2022,12,28.0,27.0,1.0,55.0,-1.6265964583823531,41.05603350241903,19.714718522018337,21.34131498040069
2022_12_BUF_DET,2022,12,25.0,28.0,-3.0,53.0,-7.863450919074245,51.890379892420256,22.013464486673005,29.87691540574725
2022_12_CHI_NYJ,2022,12,31.0,10.0,21.0,41.0,0.2602654925683857,47.053442616894934,23.65685405473166,23.396588562163274
2022_12_CIN_TEN,2022,12,16.0,20.0,-4.0,36.0,-1.8433628727168418,47.64934785923175,22.902992493257457,24.746355365974296
2022_12_DEN_CAR,2022,12,23.0,10.0,13.0,33.0,-1.71879262532418,40.13099630270345,19.206101838689637,20.924894464013814
2022_12_GB_PHI,2022,12,40.0,33.0,7.0,73.0,5.576844607860004,40.49704827632734,23.036946442093672,17.46010183423367
2022_12_HOU_MIA,2022,12,30.0,15.0,15.0,45.0,12.847369252307432,47.779335855937816,30.313352554122623,17.465983301815193
2022_12_LAC_ARI,2022,12,24.0,25.0,-1.0,49.0,-0.8006763638968385,50.321831631525306,24.760577633814233,25.561253997711074
2022_12_LV_SEA,2022,12,34.0,40.0,-6.0,74.0,8.756672356743604,48.323591611182216,28.540131983962908,19.783459627219308
2022_12_NE_MIN,2022,12,33.0,26.0,7.0,59.0,-5.228859623231384,45.147115738919375,19.959128057843994,25.18798768107538
2022_12_NO_SF,2022,12,13.0,0.0,13.0,13.0,5.950401027982419,48.339475473728896,27.14493825085566,21.194537222873237
2022_12_NYG_DAL,2022,12,28.0,20.0,8.0,48.0,9.553177770075624,51.72000308413219,30.636590427103904,21.083412657028283
2022_12_PIT_IND,2022,12,17.0,24.0,-7.0,41.0,1.086494657101948,44.743191880966144,22.914843269034044,21.8283486119321
2022_12_TB_CLE,2022,12,23.0,17.0,6.0,40.0,-2.628832819969024,45.01722695171086,21.194197065870917,23.823029885839944
2022_13_BUF_NE,2022,13,10.0,24.0,-14.0,34.0,-2.3422175143237296,43.31773773708619,20.48776011138123,22.82997762570496
2022_13_CLE_HOU,2022,13,14.0,27.0,-13.0,41.0,-8.539015315345601,48.60145889335818,20.03122178900629,28.57023710435189
2022_13_DEN_BAL,2022,13,10.0,9.0,1.0,19.0,8.675908311664939,41.86771862229566,25.2718134669803,16.59590515531536
2022_13_GB_CHI,2022,13,19.0,28.0,-9.0,47.0,-3.3487550870273366,46.16453448313378,21.40788969805322,24.756644785080557
2022_13_IND_DAL,2022,13,54.0,19.0,35.0,73.0,10.056654722822106,48.354744277206535,29.20569950001432,19.149044777192216
2022_13_JAX_DET,2022,13,40.0,14.0,26.0,54.0,-1.902250849597504,52.37033256412775,25.23404085726512,27.13629170686263
2022_13_KC_CIN,2022,13,27.0,24.0,3.0,51.0,-2.3659918276606993,54.85562324854918,26.24481571044424,28.61080753810494
2022_13_LAC_LV,2022,13,27.0,20.0,7.0,47.0,-1.427272401388819,52.49674345274624,25.53473552567871,26.96200792706753
2022_13_NO_TB,2022,13,17.0,16.0,1.0,33.0,3.228950882258182,44.8541786665374,24.04156477439779,20.81261389213961
2022_13_NYJ_MIN,2022,13,27.0,22.0,5.0,49.0,0.9610309257398922,49.740202772422485,25.350616849081188,24.389585923341297
2022_13_PIT_ATL,2022,13,16.0,19.0,-3.0,35.0,-1.1904522015728722,49.0254220799459,23.91748493918651,25.107937140759386
2022_13_SEA_LA,2022,13,23.0,27.0,-4.0,50.0,-8.705360124778611,47.36319359106606,19.32891673314372,28.034276857922336
2022_13_TEN_PHI,2022,13,35.0,10.0,25.0,45.0,3.368113551575807,47.085425198770984,25.226769375173397,21.858655823597587
2022_13_WAS_NYG,2022,13,20.0,20.0,0.0,40.0,-1.9867909049776666,43.83295324325884,20.923081169140588,22.909872074118255
2022_14_BAL_PIT,2022,14,14.0,16.0,-2.0,30.0,-2.7450411235152608,40.239871901870494,18.74741538917762,21.492456512692875
2022_14_CAR_SEA,2022,14,24.0,30.0,-6.0,54.0,10.478146405350412,43.88870201611178,27.183424210731097,16.705277805380682
2022_14_CLE_CIN,2022,14,23.0,10.0,13.0,33.0,5.233018809168468,50.404745603503514,27.818882206335992,22.585863397167522
2022_14_HOU_DAL,2022,14,27.0,23.0,4.0,50.0,17.94050282298845,47.986014968134434,32.96325889556144,15.022756072572992
2022_14_JAX_TEN,2022,14,22.0,36.0,-14.0,58.0,0.8575776213358102,47.754027314929594,24.3058024681327,23.448224846796894
2022_14_KC_DEN,2022,14,28.0,34.0,-6.0,62.0,-11.542391247365387,47.241459202374706,17.84953397750466,29.391925224870047
2022_14_LV_LA,2022,14,17.0,16.0,1.0,33.0,-1.9849937217070979,49.76708396665607,23.891045122474484,25.876038844181583
2022_14_MIA_LAC,2022,14,23.0,17.0,6.0,40.0,-2.7177662542968766,51.48004458004591,24.38113916287452,27.098905417171395
2022_14_MIN_DET,2022,14,34.0,23.0,11.0,57.0,2.44972482709092,53.070030204415374,27.759877515753146,25.310152688662228
2022_14_NE_ARI,2022,14,13.0,27.0,-14.0,40.0,-3.8682556372933923,46.55702343131196,21.344383897009283,25.212639534302678
2022_14_NYJ_BUF,2022,14,20.0,12.0,8.0,32.0,9.434827236041844,46.58972437152875,28.0122758037853,18.577448567743453
2022_14_PHI_NYG,2022,14,22.0,48.0,-26.0,70.0,-7.295334007588669,44.98859345984444,18.846629726127883,26.141963733716555
2022_15_ARI_DEN,2022,15,24.0,15.0,9.0,39.0,-1.813690964909937,41.223780513281476,19.70504477418577,21.518735739095707
2022_15_BAL_CLE,2022,15,13.0,3.0,10.0,16.0,-0.516560394846007,41.73490017938276,20.609169892268376,21.125730287114386
2022_15_CIN_TB,2022,15,23.0,34.0,-11.0,57.0,-1.9780205175591,48.115115143712835,23.068547313076866,25.04656783063597
2022_15_DAL_JAX,2022,15,40.0,34.0,6.0,74.0,-5.681788478602274,49.36582871129328,21.842020116345505,27.523808594947777
2022_15_DET_NYJ,2022,15,17.0,20.0,-3.0,37.0,-3.191620535492731,46.2596528740213,21.534016169264284,24.725636704757015
2022_15_IND_MIN,2022,15,39.0,36.0,3.0,75.0,3.1500225430289417,46.72578781173482,24.93790517738188,21.78788263435294
2022_15_KC_HOU,2022,15,24.0,30.0,-6.0,54.0,-16.25185718176954,49.85686083443925,16.802501826334854,33.0543590081044
2022_15_LA_GB,2022,15,24.0,12.0,12.0,36.0,7.163392565840877,40.11781845710089,23.640605511470884,16.477212945630004
2022_15_MIA_BUF,2022,15,32.0,29.0,3.0,61.0,4.314724720496375,46.675143262554165,25.49493399152527,21.180209271028897
2022_15_NE_LV,2022,15,30.0,24.0,6.0,54.0,-3.6274083945965434,46.91181641367602,21.64220400953974,25.269612404136282
2022_15_NYG_WAS,2022,15,12.0,20.0,-8.0,32.0,3.7119669550824415,40.50903799847609,22.110502476779264,18.398535521696825
2022_15_PHI_CHI,2022,15,20.0,25.0,-5.0,45.0,-10.017662572139075,41.01072242924237,15.496529928551649,25.514192500690722
2022_15_PIT_CAR,2022,15,16.0,24.0,-8.0,40.0,-1.7887934921996913,42.07528400383639,20.143245255818346,21.93203874801804
2022_15_SF_SEA,2022,15,13.0,21.0,-8.0,34.0,-4.788342322903911,48.37916056497469,21.79540912103539,26.5837514439393
2022_15_TEN_LAC,2022,15,17.0,14.0,3.0,31.0,1.9772172699607338,49.74150908961896,25.859363179789845,23.882145909829113
2022_16_BUF_CHI,2022,16,13.0,35.0,-22.0,48.0,-8.6947642740828,39.44659792145967,15.375916823688435,24.070681097771235
2022_16_CIN_NE,2022,16,18.0,22.0,-4.0,40.0,-3.751955120904896,43.68009958597045,19.96407223253278,23.716027353437674
2022_16_DEN_LA,2022,16,51.0,14.0,37.0,65.0,-1.2594518677695308,45.05589766525239,21.89822289874143,23.157674766510958
2022_16_DET_CAR,2022,16,37.0,23.0,14.0,60.0,-4.048650184102815,43.13530746934138,19.54332864261928,23.591978826722098
2022_16_GB_MIA,2022,16,20.0,26.0,-6.0,46.0,-0.019500118806938693,45.92604657925239,22.953273230222727,22.972773349029666
2022_16_HOU_TEN,2022,16,14.0,19.0,-5.0,33.0,10.795637927342353,30.96203550727025,20.878836717306303,10.083198789963948
2022_16_JAX_NYJ,2022,16,3.0,19.0,-16.0,22.0,-3.7189032156331154,44.420019234695104,20.350558009530996,24.06946122516411
2022_16_LAC_IND,2022,16,3.0,20.0,-17.0,23.0,-4.586052450289018,45.391652874334476,20.40280021202273,24.988852662311746
2022_16_LV_PIT,2022,16,13.0,10.0,3.0,23.0,5.1495254486889275,36.559857423322995,20.85469143600596,15.705165987317034
2022_16_NO_CLE,2022,16,10.0,17.0,-7.0,27.0,1.2539509722850448,30.88486529952325,16.069408135904148,14.815457163619103
2022_16_NYG_MIN,2022,16,27.0,24.0,3.0,51.0,0.5777746242621523,50.5862058454127,25.581990234837427,25.004215610575272
2022_16_PHI_DAL,2022,16,40.0,34.0,6.0,74.0,0.9948101498383745,52.76138759660151,26.87809887321994,25.88328872338157
2022_16_SEA_KC,2022,16,24.0,10.0,14.0,34.0,8.834883854982124,45.85014723076719,27.342515542874658,18.507631687892534
2022_16_WAS_SF,2022,16,37.0,20.0,17.0,57.0,8.93447144289728,41.25433093104287,25.094401186970074,16.159929744072798
2022_17_ARI_ATL,2022,17,20.0,19.0,1.0,39.0,4.140337598264476,44.13072501455201,24.135531306408243,19.99519370814377
2022_17_CAR_TB,2022,17,30.0,24.0,6.0,54.0,4.2649536161492305,44.51873274133805,24.39184317874364,20.12688956259441
2022_17_CHI_DET,2022,17,41.0,10.0,31.0,51.0,5.947393864544531,51.95203879239936,28.949716328471943,23.002322463927413
2022_17_CLE_WAS,2022,17,10.0,24.0,-14.0,34.0,-0.7591418100024009,41.642817121539565,20.44183765576858,21.200979465770985
2022_17_DEN_KC,2022,17,27.0,24.0,3.0,51.0,15.445377415209387,46.423230357104735,30.93430388615706,15.488926470947675
2022_17_IND_NYG,2022,17,38.0,10.0,28.0,48.0,6.366448915344216,38.41087412881353,22.388661522078873,16.02221260673466
2022_17_JAX_HOU,2022,17,3.0,31.0,-28.0,34.0,-10.583076396180275,46.02001566129604,17.718469632557884,28.30154602873816
2022_17_LA_LAC,2022,17,31.0,10.0,21.0,41.0,6.086067425654598,45.42229160562443,25.754179515639514,19.668112089984916
2022_17_MIN_GB,2022,17,41.0,17.0,24.0,58.0,3.2457460154537823,48.072042605309875,25.65889431038183,22.413148294928046
2022_17_NO_PHI,2022,17,10.0,20.0,-10.0,30.0,4.757831710788519,44.246155770009814,24.501993740399165,19.74416202961065
2022_17_NYJ_SEA,2022,17,23.0,6.0,17.0,29.0,3.8258057992944035,44.149880887857755,23.987843343576078,20.162037544281677
2022_17_PIT_BAL,2022,17,13.0,16.0,-3.0,29.0,-0.3337544355353018,40.71966146169763,20.192953513081164,20.52670794861647
2022_18_ARI_SF,2022,18,38.0,13.0,25.0,51.0,14.511923328985004,43.67780984609349,29.094866587539247,14.582943258554241
2022_18_CAR_NO,2022,18,7.0,10.0,-3.0,17.0,4.887912866374131,47.531971332190295,26.209942099282213,21.322029232908083
2022_18_CLE_PIT,2022,18,28.0,14.0,14.0,42.0,3.0977285006571122,42.014189783062776,22.555959141859944,19.45823064120283
2022_18_DET_GB,2022,18,16.0,20.0,-4.0,36.0,2.0946867706528907,47.89690763579891,24.9957972032259,22.90111043257301
2022_18_HOU_IND,2022,18,31.0,32.0,-1.0,63.0,4.782230705217864,43.007840222106765,23.895035463662314,19.11280475844445
2022_18_LAC_DEN,2022,18,31.0,28.0,3.0,59.0,-9.441832982038019,41.7210687464161,16.139617882189043,25.581450864227058
2022_18_LA_SEA,2022,18,19.0,16.0,3.0,35.0,5.565684437972527,42.030432220360936,23.798058329166732,18.232373891194204
2022_18_MIN_CHI,2022,18,13.0,29.0,-16.0,42.0,-9.883322656275816,38.63351357660865,14.375095460166417,24.258418116442233
2022_18_NE_BUF,2022,18,35.0,23.0,12.0,58.0,10.307412048075793,44.05763433043891,27.182523189257353,16.875111141181556
2022_18_NYJ_MIA,2022,18,11.0,6.0,5.0,17.0,8.585197279024342,39.26710422958155,23.926150754302945,15.340953475278603
2022_18_TB_ATL,2022,18,30.0,17.0,13.0,47.0,-4.969710386296075,47.89542921970126,21.462859416702592,26.43256980299867
2023_01_BUF_NYJ,2023,1,22.0,16.0,6.0,38.0,-10.815024042533524,41.96525906163893,15.575117509552705,26.390141552086227
2023_01_CIN_CLE,2023,1,24.0,3.0,21.0,27.0,-3.545368548704052,46.1845580675416,21.319594759418774,24.864963308122828
2023_01_DAL_NYG,2023,1,0.0,40.0,-40.0,40.0,-1.342862074862938,46.253175527829114,22.45515672648309,23.798018801346025
2023_01_DET_KC,2023,1,20.0,21.0,-1.0,41.0,8.41765600703786,50.87198392107596,29.644819964056907,21.22716395701905
2023_01_LA_SEA,2023,1,13.0,30.0,-17.0,43.0,3.0281294617536876,42.98755390501384,23.007841683383763,19.979712221630077
2023_01_LV_DEN,2023,1,16.0,17.0,-1.0,33.0,-3.7155542686889227,45.539338540516034,20.911892135913554,24.62744640460248
2023_01_MIA_LAC,2023,1,34.0,36.0,-2.0,70.0,3.4395464669871174,48.95079756670015,26.195172016843635,22.755625549856518
2023_01_PHI_NE,2023,1,20.0,25.0,-5.0,45.0,-3.0605453109422687,45.29830139642905,21.118878042743393,24.17942335368566
2023_01_SF_PIT,2023,1,7.0,30.0,-23.0,37.0,-4.55434522668866,45.86087702559971,20.653265899455526,25.207611126144187
2023_01_TB_MIN,2023,1,17.0,20.0,-3.0,37.0,3.251520297613413,46.72010933740438,24.985814817508896,21.734294519895485
2023_01_TEN_NO,2023,1,16.0,15.0,1.0,31.0,2.607966047156639,43.10736223039148,22.85766413877406,20.24969809161742
2023_02_BAL_CIN,2023,2,24.0,27.0,-3.0,51.0,2.371974698958276,41.48187509578396,21.92692489737112,19.554950198412843
2023_02_CHI_TB,2023,2,27.0,17.0,10.0,44.0,7.506585141323349,42.465210671596104,24.985897906459726,17.479312765136378
2023_02_CLE_PIT,2023,2,26.0,22.0,4.0,48.0,0.48967933586633994,39.88088745523059,20.185283395548467,19.695604059682125
2023_02_GB_ATL,2023,2,25.0,24.0,1.0,49.0,1.9614445435330243,46.73575708117014,24.348600812351584,22.387156268818558
2023_02_KC_JAX,2023,2,9.0,17.0,-8.0,26.0,-4.8321580219921865,46.708431339551126,20.93813665877947,25.770294680771656
2023_02_LAC_TEN,2023,2,27.0,24.0,3.0,51.0,-5.592980045168862,44.85005766770723,19.628538811269184,25.22151885643805
2023_02_LV_BUF,2023,2,38.0,10.0,28.0,48.0,8.488824863223911,48.76733475876566,28.628079810994784,20.139254947770873
2023_02_MIA_NE,2023,2,17.0,24.0,-7.0,41.0,-2.224301766768309,43.76151697867278,20.768607605952237,22.992909372720543
2023_02_MIN_PHI,2023,2,34.0,28.0,6.0,62.0,1.4749105120504549,47.88964381020544,24.68227716112795,23.207366649077493
2023_02_NYG_ARI,2023,2,28.0,31.0,-3.0,59.0,-6.383064082363226,43.63891129198774,18.627923604812256,25.010987687175483
2023_02_NYJ_DAL,2023,2,30.0,10.0,20.0,40.0,11.870025189855381,41.234656909340885,26.552341049598134,14.68231585974275
2023_02_SEA_DET,2023,2,31.0,37.0,-6.0,68.0,5.035547274022193,51.861875668982506,28.44871147150235,23.413164197480157
2023_02_SF_LA,2023,2,23.0,30.0,-7.0,53.0,-7.310960856074125,50.00016878476255,21.344603964344213,28.655564820418338
2023_02_WAS_DEN,2023,2,33.0,35.0,-2.0,68.0,1.5988842185983347,36.51084276752625,19.054863493062292,17.455979274463957
2023_03_ATL_DET,2023,3,20.0,6.0,14.0,26.0,4.91974053801179,48.15339866862843,26.536569603320107,21.61682906530832
2023_03_BUF_WAS,2023,3,3.0,37.0,-34.0,40.0,-11.634083104262679,44.139863786807354,16.252890341272337,27.886973445535016
2023_03_CAR_SEA,2023,3,37.0,27.0,10.0,64.0,2.935190603154273,43.0220689566113,22.978629779882787,20.043439176728512
2023_03_CHI_KC,2023,3,41.0,10.0,31.0,51.0,17.483379072594566,43.63741996912389,30.560399520859228,13.077020448264662
2023_03_DAL_ARI,2023,3,28.0,16.0,12.0,44.0,-11.760914903304162,44.00350101952441,16.121293058110123,27.882207961414284
2023_03_DEN_MIA,2023,3,70.0,20.0,50.0,90.0,8.425455149613544,47.38454350293907,27.904999326276304,19.479544176662763
2023_03_HOU_JAX,2023,3,17.0,37.0,-20.0,54.0,10.33396576597129,39.95115013161113,25.142557948791207,14.80859218281992
2023_03_IND_BAL,2023,3,19.0,22.0,-3.0,41.0,9.039791495699863,45.50501018859964,27.27240084214975,18.23260934644989
2023_03_LAC_MIN,2023,3,24.0,28.0,-4.0,52.0,-1.9333134721154488,50.86001067720084,24.463348602542695,26.396662074658146
2023_03_LA_CIN,2023,3,19.0,16.0,3.0,35.0,3.2267567174260536,45.107119757949796,24.166938237687926,20.94018152026187
2023_03_NE_NYJ,2023,3,10.0,15.0,-5.0,25.0,-4.7133561853058925,36.754111028772364,16.020377421733237,20.733733607039127
2023_03_NO_GB,2023,3,18.0,17.0,1.0,35.0,-1.1724451632583752,42.162475851412985,20.495015344077306,21.66746050733568
2023_03_NYG_SF,2023,3,30.0,12.0,18.0,42.0,8.474841241640833,44.86874398485735,26.671792613249092,18.19695137160826
2023_03_PHI_TB,2023,3,11.0,25.0,-14.0,36.0,-0.6504586775664405,46.79861206712834,23.07407669478095,23.72453537234739
2023_03_PIT_LV,2023,3,18.0,23.0,-5.0,41.0,-0.27266585566604395,46.215557125679865,22.971445635006912,23.244111490672953
2023_03_TEN_CLE,2023,3,27.0,3.0,24.0,30.0,5.7054318214482524,40.966499787940336,23.335965804694293,17.630533983246043
2023_04_ARI_SF,2023,4,35.0,16.0,19.0,51.0,14.898647691231124,46.07313410744627,30.4858908993387,15.587243208107573
2023_04_ATL_JAX,2023,4,23.0,7.0,16.0,30.0,4.4299297540380245,39.22026783884489,21.82509879644146,17.39516904240343
2023_04_CIN_TEN,2023,4,27.0,3.0,24.0,30.0,-5.442347685150608,42.65914575909937,18.60839903697438,24.050746722124988
2023_04_DEN_CHI,2023,4,28.0,31.0,-3.0,59.0,-0.6379842757988199,45.065276870680364,22.21364629744077,22.851630573239593
2023_04_DET_GB,2023,4,20.0,34.0,-14.0,54.0,-3.5019794401531312,47.150395490609306,21.82420802522809,25.326187465381217
2023_04_KC_NYJ,2023,4,20.0,23.0,-3.0,43.0,-16.723787139925232,42.7740135259933,13.025113193034032,29.748900332959266
2023_04_MIA_BUF,2023,4,48.0,20.0,28.0,68.0,2.9701722461370665,49.228612624800284,26.099392435468676,23.12922018933161
2023_04_MIN_CAR,2023,4,13.0,21.0,-8.0,34.0,-3.0279666462011123,42.124657606830404,19.548345480314644,22.57631212651576
2023_04_NE_DAL,2023,4,38.0,3.0,35.0,41.0,6.069586277395933,47.2041427194882,26.63686449844207,20.567278221046134
2023_04_PIT_HOU,2023,4,30.0,6.0,24.0,36.0,-3.6103525597667847,40.92864760000325,18.659147520118232,22.26950007988502
2023_04_SEA_NYG,2023,4,3.0,24.0,-21.0,27.0,-2.012142777180016,46.47197125267205,22.229914237746016,24.242057014926033
2023_04_TB_NO,2023,4,9.0,26.0,-17.0,35.0,2.6307680360509904,43.08764449519651,22.859206265623747,20.22843822957276
2023_04_WAS_PHI,2023,4,34.0,31.0,3.0,65.0,9.505547060792026,38.32050234895084,23.913024704871432,14.407477644079407
2023_05_BAL_PIT,2023,5,17.0,10.0,7.0,27.0,-5.272143168596794,37.75363003039463,16.24074343089892,21.51288659949571
2023_05_CAR_DET,2023,5,42.0,24.0,18.0,66.0,8.774705032174102,49.21394656889622,28.99432580053516,20.219620768361057
2023_05_CHI_WAS,2023,5,20.0,40.0,-20.0,60.0,3.437236255540908,42.36897154198687,22.90310389876389,19.465867643222982
2023_05_CIN_ARI,2023,5,20.0,34.0,-14.0,54.0,-5.630079489807073,46.89336003124801,20.631640270720467,26.26171976052754
2023_05_DAL_SF,2023,5,42.0,10.0,32.0,52.0,5.3865323365506,49.439389348346445,27.412960842448523,22.026428505897922
2023_05_GB_LV,2023,5,17.0,13.0,4.0,30.0,2.409917330753199,49.29739614831356,25.853656739533378,23.443739408780182
2023_05_HOU_ATL,2023,5,21.0,19.0,2.0,40.0,2.3945283608157117,41.63894100658008,22.016734683697898,19.622206322882185
2023_05_JAX_BUF,2023,5,20.0,25.0,-5.0,45.0,9.651643709217549,46.51369109068817,28.08266739995286,18.43102369073531
2023_05_KC_MIN,2023,5,20.0,27.0,-7.0,47.0,-7.873506884148785,50.015224007243255,21.070858561547233,28.94436544569602
2023_05_NO_NE,2023,5,0.0,34.0,-34.0,34.0,-0.028957841975741028,38.12744151752875,19.049241837776506,19.078199679752245
2023_05_NYG_MIA,2023,5,31.0,16.0,15.0,47.0,7.820499249010181,46.53962732594649,27.180063287478337,19.359564038468154
2023_05_NYJ_DEN,2023,5,21.0,31.0,-10.0,52.0,4.066697961178828,40.59194052227132,22.329319241725074,18.26262128054625
2023_05_PHI_LA,2023,5,14.0,23.0,-9.0,37.0,-1.5921054846315237,52.1653336498025,25.286614082585487,26.87871956721701
2023_05_TEN_IND,2023,5,23.0,16.0,7.0,39.0,-0.05989744134726571,43.32301783936189,21.63156019900731,21.691457640354578
2023_06_ARI_LA,2023,6,26.0,9.0,17.0,35.0,7.0035108987784565,48.22505811882262,27.61428450880054,20.610773610022083
2023_06_BAL_TEN,2023,6,16.0,24.0,-8.0,40.0,-5.302926690837516,40.822861419331346,17.759967364246915,23.06289405508443
2023_06_CAR_MIA,2023,6,42.0,21.0,21.0,63.0,11.398713876964948,46.23037510157583,28.81454448927039,17.41583061230544
2023_06_DAL_LAC,2023,6,17.0,20.0,-3.0,37.0,1.4093827767956912,49.78571082659148,25.597546801693586,24.188164024897898
2023_06_DEN_KC,2023,6,19.0,8.0,11.0,27.0,15.864701594004709,48.91628892544076,32.390495259722734,16.525793665718027
2023_06_DET_TB,2023,6,6.0,20.0,-14.0,26.0,-2.894268609562073,44.693781863400105,20.899756626919014,23.79402523648109
2023_06_IND_JAX,2023,6,37.0,20.0,17.0,57.0,6.735672344301464,45.83438934661658,26.285030845459023,19.54935850115756
2023_06_NE_LV,2023,6,21.0,17.0,4.0,38.0,6.417079559714383,43.335845221821316,24.87646239076785,18.459382831053468
2023_06_NO_HOU,2023,6,20.0,13.0,7.0,33.0,-3.0843535896736007,43.74278968623744,20.329218048281916,23.41357163795552
2023_06_NYG_BUF,2023,6,14.0,9.0,5.0,23.0,15.923241593289621,42.063832636496294,28.99353711489296,13.070295521603336
2023_06_PHI_NYJ,2023,6,20.0,14.0,6.0,34.0,-8.877357878257987,43.216647499225914,17.169644810483963,26.04700268874195
2023_06_SEA_CIN,2023,6,17.0,13.0,4.0,30.0,1.1646417076008815,44.099945178724404,22.63229344316264,21.467651735561763
2023_06_SF_CLE,2023,6,19.0,17.0,2.0,36.0,-10.620313801917987,43.0424616808157,16.211073939448855,26.831387741366843
2023_06_WAS_ATL,2023,6,16.0,24.0,-8.0,40.0,5.2852012778250215,43.48844551783033,24.386823397827676,19.101622120002652
2023_07_ARI_SEA,2023,7,20.0,10.0,10.0,30.0,10.465144578244907,42.47767978592674,26.47141218208582,16.006267603840918
2023_07_ATL_TB,2023,7,13.0,16.0,-3.0,29.0,1.1902066732528789,37.88831005920615,19.539258366229515,18.349051692976634
2023_07_BUF_NE,2023,7,29.0,25.0,4.0,54.0,-12.369590585747927,39.910594831162385,13.770502122707228,26.140092708455157
2023_07_CLE_IND,2023,7,38.0,39.0,-1.0,77.0,-2.96710695761032,41.44602880688038,19.23946092463503,22.20656788224535
2023_07_DET_BAL,2023,7,38.0,6.0,32.0,44.0,-0.9890966917383173,43.80881044190339,21.409856875082536,22.398953566820854
2023_07_GB_DEN,2023,7,19.0,17.0,2.0,36.0,-2.7868284116817748,43.76376437508791,20.488467981703067,23.275296393384842
2023_07_JAX_NO,2023,7,24.0,31.0,-7.0,55.0,0.4191091037771064,43.74430130595045,22.081705204863777,21.662596101086674
2023_07_LAC_KC,2023,7,31.0,17.0,14.0,48.0,8.953349585537536,46.94891121291442,27.951130399225978,18.99778081368844
2023_07_MIA_PHI,2023,7,31.0,17.0,14.0,48.0,-2.278458430265494,47.482541635748596,22.60204160274155,24.880500033007046
2023_07_PIT_LA,2023,7,17.0,24.0,-7.0,41.0,4.6383919953087736,46.62678826507836,25.632590130193567,20.994198134884794
2023_07_SF_MIN,2023,7,22.0,17.0,5.0,39.0,-8.528117811619273,48.36096789583135,19.916425042106038,28.444542853725313
2023_07_WAS_NYG,2023,7,14.0,7.0,7.0,21.0,0.8500829934487104,39.110270528451544,19.980176760950126,19.130093767501418
2023_08_BAL_ARI,2023,8,24.0,31.0,-7.0,55.0,-10.535995913822855,44.824440698622666,17.144222392399904,27.680218306222763
2023_08_CHI_LAC,2023,8,30.0,13.0,17.0,43.0,0.501383589271523,42.93491744028236,21.718150514776944,21.216766925505418
2023_08_CIN_SF,2023,8,17.0,31.0,-14.0,48.0,7.921395259469222,46.472208405844036,27.19680183265663,19.275406573187407
2023_08_CLE_SEA,2023,8,24.0,20.0,4.0,44.0,5.116679342450598,39.52162804036335,22.319153691406974,17.20247434895638
2023_08_HOU_CAR,2023,8,15.0,13.0,2.0,28.0,0.17080302525315805,37.629165397996694,18.899984211624925,18.72918118637177
2023_08_JAX_PIT,2023,8,10.0,20.0,-10.0,30.0,-0.7510211873947406,41.95517189898246,20.602075355793858,21.3530965431886
2023_08_KC_DEN,2023,8,24.0,9.0,15.0,33.0,-14.43078661649527,43.82750531347574,14.698359348490236,29.129145964985504
2023_08_LA_DAL,2023,8,43.0,20.0,23.0,63.0,4.4912214870357205,47.12207868867812,25.806650087856923,21.3154286008212
2023_08_LV_DET,2023,8,26.0,14.0,12.0,40.0,6.0827932461345595,51.65333196354499,28.868062604839775,22.785269358705218
2023_08_MIN_GB,2023,8,10.0,24.0,-14.0,34.0,-0.5996924211902974,44.62132051847076,22.01081404864023,22.61050646983053
2023_08_NE_MIA,2023,8,31.0,17.0,14.0,48.0,9.850481057143815,42.96689194090314,26.408686499023478,16.55820544187966
2023_08_NO_IND,2023,8,27.0,38.0,-11.0,65.0,-3.4405781283829606,46.338582983288724,21.449002427452882,24.889580555835842
2023_08_NYJ_NYG,2023,8,10.0,13.0,-3.0,23.0,2.6844907299444403,38.632103103777204,20.658296916860824,17.97380618691638
2023_08_PHI_WAS,2023,8,31.0,38.0,-7.0,69.0,-7.3030264393067,43.77731362302793,18.237143591860615,25.540170031167314
2023_08_TB_BUF,2023,8,24.0,18.0,6.0,42.0,11.633970131984002,45.1547236364264,28.3943468842052,16.760376752221198
2023_09_BUF_CIN,2023,9,24.0,18.0,6.0,42.0,-4.07974857997335,46.6396365009398,21.279943960483227,25.359692540456575
2023_09_CHI_NO,2023,9,24.0,17.0,7.0,41.0,2.5674079332530306,39.6420762739652,21.104742103609116,18.537334170356086
2023_09_DAL_PHI,2023,9,28.0,23.0,5.0,51.0,0.15963153113827844,45.95780805793565,23.058719794536966,22.899088263398685
2023_09_IND_CAR,2023,9,13.0,27.0,-14.0,40.0,0.3458579467841256,43.351115650890605,21.848486798837367,21.50262885205324
2023_09_LAC_NYJ,2023,9,6.0,27.0,-21.0,33.0,-5.326705016448075,42.1793686091988,18.42633179637536,23.753036812823435
2023_09_LA_GB,2023,9,20.0,3.0,17.0,23.0,-0.12337468768517534,46.281078908425194,23.078852110370008,23.202226798055186
2023_09_MIA_KC,2023,9,21.0,14.0,7.0,35.0,3.7162615010042988,47.83253099765068,25.774396249327488,22.05813474832319
2023_09_MIN_ATL,2023,9,28.0,31.0,-3.0,59.0,-0.22028689703139137,40.80770470227407,20.29370890262134,20.513995799652733
2023_09_SEA_BAL,2023,9,37.0,3.0,34.0,40.0,1.3178361259072728,44.440102686749526,22.878969406328398,21.561133280421128
2023_09_TB_HOU,2023,9,39.0,37.0,2.0,76.0,-0.08558345035534587,45.524531872946746,22.7194742112957,22.805057661651045
2023_09_WAS_NE,2023,9,17.0,20.0,-3.0,37.0,1.4566552211285773,39.90064790924776,20.67865156518817,19.22199634405959
2023_10_ATL_ARI,2023,10,25.0,23.0,2.0,48.0,-4.960736389507793,44.5852545880584,19.812259099275302,24.772995488783096
2023_10_CAR_CHI,2023,10,16.0,13.0,3.0,29.0,7.25842317810764,37.28354135104149,22.270982264574567,15.012559086466926
2023_10_CLE_BAL,2023,10,31.0,33.0,-2.0,64.0,6.186854100993774,39.1350152224944,22.660934661744086,16.474080560750316
2023_10_DEN_BUF,2023,10,22.0,24.0,-2.0,46.0,14.411293946234123,46.166379757115585,30.288836851674855,15.87754290544073
2023_10_DET_LAC,2023,10,38.0,41.0,-3.0,79.0,-1.3923372868129607,50.529882622511714,24.568772667849377,25.961109954662337
2023_10_GB_PIT,2023,10,23.0,19.0,4.0,42.0,0.8015321475485673,42.369494455239625,21.585513301394098,20.783981153845527
2023_10_HOU_CIN,2023,10,27.0,30.0,-3.0,57.0,7.500510821596885,45.60538868802364,26.55294975481026,19.052438933213377
2023_10_IND_NE,2023,10,6.0,10.0,-4.0,16.0,0.9163376099928456,42.79892398870927,21.857630799351057,20.941293189358213
2023_10_NO_MIN,2023,10,27.0,19.0,8.0,46.0,-1.637030825328876,44.463489393081424,21.413229283876273,23.05026010920515
2023_10_NYJ_LV,2023,10,16.0,12.0,4.0,28.0,6.62797150269895,39.22566251986537,22.926817011282157,16.29884550858321
2023_10_SF_JAX,2023,10,3.0,34.0,-31.0,37.0,-4.962532358044593,44.02618211582303,19.53182487888922,24.494357236933812
2023_10_TEN_TB,2023,10,20.0,6.0,14.0,26.0,6.397319271111206,49.29870939240387,27.84801433175754,21.450695060646332
2023_10_WAS_SEA,2023,10,29.0,26.0,3.0,55.0,4.773551588926245,42.26058411869336,23.517067853809802,18.743516264883556
2023_11_ARI_HOU,2023,11,21.0,16.0,5.0,37.0,5.845482333176648,47.813735585286295,26.82960895923147,20.984126626054824
2023_11_CHI_DET,2023,11,31.0,26.0,5.0,57.0,9.044189484741553,48.569787012369915,28.806988248555733,19.76279876381418
2023_11_CIN_BAL,2023,11,34.0,20.0,14.0,54.0,2.948644379979955,44.171417804616375,23.560031092298164,20.61138671231821
2023_11_DAL_CAR,2023,11,10.0,33.0,-23.0,43.0,-10.012951515285506,42.601787466427744,16.29441797557112,26.307369490856626
2023_11_LAC_GB,2023,11,23.0,20.0,3.0,43.0,-1.5172952240046877,44.7895135066116,21.636109141303454,23.153404365308145
2023_11_LV_MIA,2023,11,20.0,13.0,7.0,33.0,5.709637339274731,40.084849485121794,22.89724341219826,17.187606072923533
2023_11_MIN_DEN,2023,11,21.0,20.0,1.0,41.0,-3.8916702686231623,42.165784892003146,19.137057311689993,23.028727580313152
2023_11_NYG_WAS,2023,11,19.0,31.0,-12.0,50.0,3.4235164896917967,37.501384447001755,20.462450468346777,17.038933978654978
2023_11_NYJ_BUF,2023,11,32.0,6.0,26.0,38.0,13.763152067182943,38.05111234420472,25.90713220569383,12.143980138510887
2023_11_PHI_KC,2023,11,17.0,21.0,-4.0,38.0,5.516441716295621,46.456264849746994,25.98635328302131,20.469911566725685
2023_11_SEA_LA,2023,11,17.0,16.0,1.0,33.0,-3.3814338415779392,48.44591209183926,22.532239125130662,25.9136729667086
2023_11_TB_SF,2023,11,27.0,14.0,13.0,41.0,12.056202305245648,47.837180717017254,29.94669151113145,17.890489205885803
2023_11_TEN_JAX,2023,11,34.0,14.0,20.0,48.0,8.073433064104062,44.90531267679247,26.489372870448264,18.415939806344205
2023_12_BAL_LAC,2023,12,10.0,20.0,-10.0,30.0,-2.449079067107662,50.013374165044944,23.78214754896864,26.231226616076302
2023_12_BUF_PHI,2023,12,37.0,34.0,3.0,71.0,-3.7960031811747985,46.73571744046124,21.46985712964322,25.265860310818017
2023_12_CAR_TEN,2023,12,17.0,10.0,7.0,27.0,1.1983606407472622,39.26844352873659,20.233402084741925,19.035041443994665
2023_12_CHI_MIN,2023,12,10.0,12.0,-2.0,22.0,5.138304150527278,44.57224634420798,24.85527524736763,19.716971096840354
2023_12_CLE_DEN,2023,12,29.0,12.0,17.0,41.0,-3.858608665305441,34.96213467619448,15.55176300544452,19.41037167074996
2023_12_GB_DET,2023,12,22.0,29.0,-7.0,51.0,7.383205022913592,50.96004794779334,29.171626485353467,21.788421462439874
2023_12_JAX_HOU,2023,12,21.0,24.0,-3.0,45.0,-0.09821410097075511,47.46844094721689,23.685113423123067,23.783327524093824
2023_12_KC_LV,2023,12,17.0,31.0,-14.0,48.0,-6.032716603032602,44.11026156284285,19.038772479905123,25.071489082937727
2023_12_LA_ARI,2023,12,14.0,37.0,-23.0,51.0,-1.6949303204111594,42.843581805172526,20.574325742380683,22.269256062791843
2023_12_MIA_NYJ,2023,12,13.0,34.0,-21.0,47.0,-11.532468040894553,36.00858763875962,12.238059798932534,23.77052783982709
2023_12_NE_NYG,2023,12,10.0,7.0,3.0,17.0,-1.3946993798908116,38.1248335701181,18.365067095113645,19.759766475004454
2023_12_NO_ATL,2023,12,24.0,15.0,9.0,39.0,-1.9000810855606718,45.1299680781478,21.614943496293563,23.515024581854234
2023_12_SF_SEA,2023,12,13.0,31.0,-18.0,44.0,-7.429668978364225,46.029454896471066,19.29989295905342,26.729561937417646
2023_12_TB_IND,2023,12,27.0,20.0,7.0,47.0,-0.34068204739440056,48.59997522280689,24.129646587706244,24.470328635100646
2023_12_WAS_DAL,2023,12,45.0,10.0,35.0,55.0,9.002952498337857,48.68883629393023,28.845894396134042,19.842941897796187
2023_13_ARI_PIT,2023,13,10.0,24.0,-14.0,34.0,9.42908389682238,40.11782022253797,24.773452059680174,15.344368162857796
2023_13_ATL_NYJ,2023,13,8.0,13.0,-5.0,21.0,-7.487419478834372,33.04258667027615,12.77758359572089,20.26500307455526
2023_13_CAR_TB,2023,13,21.0,18.0,3.0,39.0,6.45147068032152,41.77722030103929,24.114345490680407,17.662874810358886
2023_13_CLE_LA,2023,13,36.0,19.0,17.0,55.0,0.780507793450042,45.27843318356855,23.029470488509297,22.248962695059255
2023_13_DEN_HOU,2023,13,22.0,17.0,5.0,39.0,3.2567051297267113,49.590628685322784,26.423666907524748,23.166961777798036
2023_13_DET_NO,2023,13,28.0,33.0,-5.0,61.0,-1.479810986158087,48.45390965903339,23.487049336437654,24.96686032259574
2023_13_IND_TEN,2023,13,28.0,31.0,-3.0,59.0,-1.3830686880497793,41.70698243938024,20.16195687566523,21.54502556371501
2023_13_KC_GB,2023,13,27.0,19.0,8.0,46.0,-5.617719739217889,44.10951863516717,19.24589944797464,24.86361918719253
2023_13_LAC_NE,2023,13,0.0,6.0,-6.0,6.0,-1.3144921268593242,43.195885919897364,20.94069689651902,22.255189023378342
2023_13_MIA_WAS,2023,13,15.0,45.0,-30.0,60.0,-6.689890585169147,45.19652582516463,19.25331761999774,25.943208205166886
2023_13_SEA_DAL,2023,13,41.0,35.0,6.0,76.0,7.93312197934457,50.19803995523742,29.065580967290995,21.132458987946425
2023_13_SF_PHI,2023,13,19.0,42.0,-23.0,61.0,-5.195428491097947,34.187235788127026,14.49590364851454,19.691332139612488
2023_14_BUF_KC,2023,14,17.0,20.0,-3.0,37.0,0.09755673708915014,45.384921020738034,22.74123887891359,22.643682141824442
2023_14_CAR_NO,2023,14,28.0,6.0,22.0,34.0,8.743051389497037,44.37205669951095,26.557554044503995,17.814502655006955
2023_14_DET_CHI,2023,14,28.0,13.0,15.0,41.0,-5.108437745634287,43.79239875174582,19.341980503055765,24.450418248690056
2023_14_GB_NYG,2023,14,24.0,22.0,2.0,46.0,-5.596392918444411,42.33907350956562,18.371340295560607,23.967733214005015
2023_14_HOU_NYJ,2023,14,30.0,6.0,24.0,36.0,-4.28815558153223,40.00157975115557,17.85671208481167,22.1448676663439
2023_14_IND_CIN,2023,14,34.0,14.0,20.0,48.0,2.1532119874224804,48.769854108040455,25.461533047731468,23.308321060308987
2023_14_JAX_CLE,2023,14,31.0,27.0,4.0,58.0,0.1450827549813315,42.69700873425438,21.421045744617857,21.275962989636525
2023_14_LA_BAL,2023,14,37.0,31.0,6.0,68.0,6.03518046924346,43.584374820066316,24.809777644654886,18.77459717541143
2023_14_MIN_LV,2023,14,0.0,3.0,-3.0,3.0,0.5814229991005339,43.11553705192383,21.84848002551218,21.26705702641165
2023_14_NE_PIT,2023,14,18.0,21.0,-3.0,39.0,6.340360279979734,35.29386819705669,20.81711423851821,14.476753958538477
2023_14_PHI_DAL,2023,14,33.0,13.0,20.0,46.0,7.426946948218834,55.06456091829062,31.245753933254726,23.81880698503589
2023_14_SEA_SF,2023,14,28.0,16.0,12.0,44.0,12.781176221961305,47.59127408205702,30.18622515200916,17.405048930047858
2023_14_TB_ATL,2023,14,25.0,29.0,-4.0,54.0,3.4087307487405916,45.33715474025595,24.372942744498268,20.96421199575768
2023_14_TEN_MIA,2023,14,27.0,28.0,-1.0,55.0,11.222030010956262,48.41836281187546,29.82019641141586,18.5981664004596
2023_15_ATL_CAR,2023,15,9.0,7.0,2.0,16.0,-5.3421717085228355,35.2252662642497,14.941547277863432,20.283718986386265
2023_15_BAL_JAX,2023,15,7.0,23.0,-16.0,30.0,-4.531879312772937,42.607522331211136,19.0378215092191,23.569700821992036
2023_15_CHI_CLE,2023,15,20.0,17.0,3.0,37.0,3.354458492124108,38.55538895893716,20.954923725530634,17.600465233406524
2023_15_DAL_BUF,2023,15,31.0,10.0,21.0,41.0,0.020028739287442088,48.33052008717499,24.175274413231215,24.155245673943774
2023_15_DEN_DET,2023,15,42.0,17.0,25.0,59.0,6.608118605480777,49.80648788494359,28.207303245212184,21.59918463973141
2023_15_HOU_TEN,2023,15,16.0,19.0,-3.0,35.0,-0.7073269615233999,43.50173485052495,21.397203944500774,22.104530906024173
2023_15_KC_NE,2023,15,17.0,27.0,-10.0,44.0,-8.559049012197823,42.25903608257398,16.849993535188077,25.4090425473859
2023_15_MIN_CIN,2023,15,27.0,24.0,3.0,51.0,-0.9532529846002613,45.90945132940439,22.478099172402064,23.431352157002326
2023_15_NYG_NO,2023,15,24.0,6.0,18.0,30.0,6.657968755130428,42.0218393388448,24.339904046987613,17.681935291857187
2023_15_NYJ_MIA,2023,15,30.0,0.0,30.0,30.0,11.563051151816477,40.47298079256511,26.018015972190796,14.454964820374316
2023_15_PHI_SEA,2023,15,20.0,17.0,3.0,37.0,-2.023659077628359,47.04641586751011,22.511378394940877,24.535037472569236
2023_15_PIT_IND,2023,15,30.0,13.0,17.0,43.0,-0.9502061209554038,46.898905301428734,22.974349590236663,23.92455571119207
2023_15_SF_ARI,2023,15,29.0,45.0,-16.0,74.0,-14.994776152465555,46.05162544003512,15.528424643784781,30.523200796250336
2023_15_TB_GB,2023,15,20.0,34.0,-14.0,54.0,4.762396640579345,43.65486682568503,24.20863173313219,19.446235092552843
2023_15_WAS_LA,2023,15,28.0,20.0,8.0,48.0,5.7275046489310695,49.468384111672684,27.597944380301875,21.87043973137081
2023_16_ARI_CHI,2023,16,27.0,16.0,11.0,43.0,4.563218260793416,42.42167895380775,23.49244860730058,18.92923034650717
2023_16_BAL_SF,2023,16,19.0,33.0,-14.0,52.0,5.716281112975697,48.62580703488681,27.171044073931256,21.454762960955556
2023_16_BUF_LAC,2023,16,22.0,24.0,-2.0,46.0,-9.234333799287617,48.98544204778224,19.875554124247312,29.10988792353493
2023_16_CIN_PIT,2023,16,34.0,11.0,23.0,45.0,-1.1304910318799986,41.63600896871446,20.25275896841723,21.383250000297227
2023_16_CLE_HOU,2023,16,22.0,36.0,-14.0,58.0,-1.8101655056743111,41.29636699849481,19.74310074641025,21.553266252084562
2023_16_DAL_MIA,2023,16,22.0,20.0,2.0,42.0,1.5936396266112922,47.59460941945756,24.594124523034427,23.000484896423135
2023_16_DET_MIN,2023,16,24.0,30.0,-6.0,54.0,-1.4200067000264738,48.61841907844177,23.599206189207646,25.019212889234122
2023_16_GB_CAR,2023,16,30.0,33.0,-3.0,63.0,-4.591341698723861,42.08170403974905,18.745181170512595,23.336522869236454
2023_16_IND_ATL,2023,16,29.0,10.0,19.0,39.0,-0.09816012202402047,45.65294715423495,22.777393516105466,22.875553638129485
2023_16_JAX_TB,2023,16,30.0,12.0,18.0,42.0,1.540084854505717,46.37318128488308,23.956633069694398,22.416548215188683
2023_16_LV_KC,2023,16,14.0,20.0,-6.0,34.0,8.566604652338867,37.94151488669179,23.25405976951533,14.687455117176462
2023_16_NE_DEN,2023,16,23.0,26.0,-3.0,49.0,1.9207591964759034,36.099392254786814,19.01007572563136,17.089316529155454
2023_16_NO_LA,2023,16,30.0,22.0,8.0,52.0,-1.9670958669842264,49.15896804887946,23.595936090947617,25.56303195793184
2023_16_NYG_PHI,2023,16,33.0,25.0,8.0,58.0,8.025101858745412,41.29717991146261,24.66114088510401,16.636039026358596
2023_16_SEA_TEN,2023,16,17.0,20.0,-3.0,37.0,-0.6459766608648239,44.01315486567462,21.6835891024049,22.329565763269724
2023_16_WAS_NYJ,2023,16,30.0,28.0,2.0,58.0,-0.9741082724408059,36.19297703757367,17.60943438256643,18.58354265500724
2023_17_ARI_PHI,2023,17,31.0,35.0,-4.0,66.0,11.763989464110754,45.612473638620905,28.68823155136583,16.924242087255074
2023_17_ATL_CHI,2023,17,37.0,17.0,20.0,54.0,-2.142100298192405,38.869989523391666,18.36394461259963,20.506044910792035
2023_17_CAR_JAX,2023,17,26.0,0.0,26.0,26.0,4.354758090220047,42.5084381569537,23.431598123586873,19.076840033366828
2023_17_CIN_KC,2023,17,25.0,17.0,8.0,42.0,6.862197459250696,43.44418221676494,25.15318983800782,18.290992378757124
2023_17_DET_DAL,2023,17,20.0,19.0,1.0,39.0,0.9360088699032213,53.49662781530591,27.216318342604563,26.280309472701344
2023_17_GB_MIN,2023,17,10.0,33.0,-23.0,43.0,1.0341361826121618,50.07456885850647,25.554352520559313,24.520216337947154
2023_17_LAC_DEN,2023,17,16.0,9.0,7.0,25.0,0.8416561339894322,40.053568385882976,20.447612259936204,19.605956125946772
2023_17_LA_NYG,2023,17,25.0,26.0,-1.0,51.0,-8.664813970331743,42.36487179440983,16.850028912039043,25.514842882370786
2023_17_LV_IND,2023,17,23.0,20.0,3.0,43.0,2.092822908393699,42.92283917668035,22.507831042537024,20.415008134143324
2023_17_MIA_BAL,2023,17,56.0,19.0,37.0,75.0,0.8126391941900959,46.71016470691563,23.761401950552862,22.948762756362765
2023_17_NE_BUF,2023,17,27.0,21.0,6.0,48.0,11.692440716933401,41.6914551576064,26.6919479372699,14.999507220336499
2023_17_NO_TB,2023,17,13.0,23.0,-10.0,36.0,-1.524325776001908,45.990861508693506,22.2332678663458,23.757593642347707
2023_17_NYJ_CLE,2023,17,37.0,20.0,17.0,57.0,7.3213766832991665,35.2942766658481,21.307826674573633,13.986449991274467
2023_17_PIT_SEA,2023,17,23.0,30.0,-7.0,53.0,1.3640102773501366,43.52839488413364,22.44620258074189,21.08219230339175
2023_17_SF_WAS,2023,17,10.0,27.0,-17.0,37.0,-11.959278427539253,45.85793120277147,16.949326387616107,28.90860481515536
2023_17_TEN_HOU,2023,17,26.0,3.0,23.0,29.0,-0.8520670767844558,47.214621276613606,23.181277099914574,24.033344176699032
2023_18_ATL_NO,2023,18,48.0,17.0,31.0,65.0,3.096293427993868,42.965049552657035,23.030671490325453,19.934378062331582
2023_18_BUF_MIA,2023,18,14.0,21.0,-7.0,35.0,-1.3723872727248183,46.42550696870001,22.5265598479876,23.898947120712414
2023_18_CHI_GB,2023,18,17.0,9.0,8.0,26.0,5.968856024647931,44.75225005073681,25.360553037692373,19.39169701304444
2023_18_CLE_CIN,2023,18,31.0,14.0,17.0,45.0,-0.8478943386979818,41.66458265190561,20.408344156603814,21.256238495301798
2023_18_DAL_WAS,2023,18,10.0,38.0,-28.0,48.0,-9.271139496538645,41.84890981989594,16.288885161678646,25.56002465821729
2023_18_DEN_LV,2023,18,27.0,14.0,13.0,41.0,2.6948021486665406,45.99777214960609,24.346287149136316,21.651485000469776
2023_18_HOU_IND,2023,18,19.0,23.0,-4.0,42.0,1.1363104825611563,46.972033018647615,24.054171750604386,22.91786126804323
2023_18_JAX_TEN,2023,18,28.0,20.0,8.0,48.0,-1.6656109988804257,39.68718567448605,19.010787337802814,20.67639833668324
2023_18_KC_LAC,2023,18,12.0,13.0,-1.0,25.0,-8.886438573633242,41.43251635760564,16.2730388919862,25.159477465619442
2023_18_LA_SF,2023,18,20.0,21.0,-1.0,41.0,7.885613795162746,42.112299456436816,24.99895662579978,17.113342830637034
2023_18_MIN_DET,2023,18,30.0,20.0,10.0,50.0,7.362405438113864,50.59682331661117,28.979614377362516,21.617208939248655
2023_18_NYJ_NE,2023,18,3.0,17.0,-14.0,20.0,2.53210173525207,33.04690848183994,17.789505108546006,15.257403373293936
2023_18_PHI_NYG,2023,18,27.0,10.0,17.0,37.0,-9.817020918832887,42.35673614109634,16.269857611131727,26.086878529964615
2023_18_PIT_BAL,2023,18,10.0,17.0,-7.0,27.0,8.802024875581154,43.21091975414862,26.006472314864887,17.204447439283733
2023_18_SEA_ARI,2023,18,20.0,21.0,-1.0,41.0,-3.3710353554813715,49.42713841312843,23.028051528823532,26.3990868843049
2023_18_TB_CAR,2023,18,0.0,9.0,-9.0,9.0,-3.2795859979454933,38.10725106426075,17.413832533157628,20.693418531103124
2024_01_ARI_BUF,2024,1,34.0,28.0,6.0,62.0,11.667000775778641,44.560974976670096,28.113987876224368,16.446987100445728
2024_01_BAL_KC,2024,1,27.0,20.0,7.0,47.0,-2.6878544751441535,44.352481936524775,20.83231373069031,23.520168205834466
2024_01_CAR_NO,2024,1,47.0,10.0,37.0,57.0,10.754715094049285,42.934010572959174,26.844362833504228,16.089647739454946
2024_01_DAL_CLE,2024,1,17.0,33.0,-16.0,50.0,-6.147054655478728,42.7431628713518,18.298054107936537,24.445108763415263
2024_01_GB_PHI,2024,1,34.0,29.0,5.0,63.0,-1.8126029348339174,51.49708879715176,24.84224293115892,26.65484586599284
2024_01_HOU_IND,2024,1,27.0,29.0,-2.0,56.0,0.4657128498746401,47.756739629774906,24.111226239824774,23.645513389950132
2024_01_JAX_MIA,2024,1,20.0,17.0,3.0,37.0,4.388189967270453,46.22330813429534,25.305749050782893,20.917559083512444
2024_01_LA_DET,2024,1,26.0,20.0,6.0,46.0,3.9688034198897886,52.88700256623159,28.427902993060687,24.4590995731709
2024_01_LV_LAC,2024,1,22.0,10.0,12.0,32.0,-0.2956870783496155,43.32025251695079,21.512282719300586,21.807969797650202
2024_01_MIN_NYG,2024,1,6.0,28.0,-22.0,34.0,0.03366931832710773,40.65238627344445,20.343027795885778,20.30935847755867
2024_01_NE_CIN,2024,1,10.0,16.0,-6.0,26.0,7.1950708444791225,43.39516434125785,25.295117592868486,18.100046748389367
2024_01_NYJ_SF,2024,1,32.0,19.0,13.0,51.0,14.040476592827222,45.84932295302006,29.94489977292364,15.904423180096417
2024_01_PIT_ATL,2024,1,10.0,18.0,-8.0,28.0,0.1382250244063039,45.225711979418975,22.68196850191264,22.543743477506336
2024_02_ATL_PHI,2024,2,21.0,22.0,-1.0,43.0,3.4237668273629374,47.53478723955456,25.47927703345875,22.05551020609581
2024_02_BUF_MIA,2024,2,10.0,31.0,-21.0,41.0,-3.2808098200704934,46.71783607004372,21.71851312498661,24.999322945057106
2024_02_CIN_KC,2024,2,26.0,25.0,1.0,51.0,3.060389633646288,44.4476269064559,23.754008270051095,20.693618636404807
2024_02_CLE_JAX,2024,2,13.0,18.0,-5.0,31.0,1.4584266059089712,41.70890186693655,21.58366423642276,20.12523763051379
2024_02_IND_GB,2024,2,16.0,10.0,6.0,26.0,4.18914789271124,37.7353492457542,20.96224856923272,16.77310067652148
2024_02_LAC_CAR,2024,2,3.0,26.0,-23.0,29.0,-5.127695851633806,36.31956323148178,15.595933689923987,20.72362954155779
2024_02_LA_ARI,2024,2,41.0,10.0,31.0,51.0,-5.3519533456110455,50.38080472388343,22.514425689136193,27.866379034747236
2024_02_LV_BAL,2024,2,23.0,26.0,-3.0,49.0,9.279212955208676,43.70180930584363,26.490511130526155,17.211298175317477
2024_02_NO_DAL,2024,2,19.0,44.0,-25.0,63.0,4.301315935624097,51.8729646361757,28.0871402858999,23.785824350275803
2024_02_NYJ_TEN,2024,2,17.0,24.0,-7.0,41.0,0.47315591240553767,41.36426886684358,20.91871238962456,20.44555647721902
2024_02_SEA_NE,2024,2,20.0,23.0,-3.0,43.0,-1.4965441924611782,42.35836637156144,20.43091108955013,21.92745528201131
2024_02_SF_MIN,2024,2,23.0,17.0,6.0,40.0,-7.207003979844384,48.424544890868304,20.60877045551196,27.815774435356346
2024_02_TB_DET,2024,2,16.0,20.0,-4.0,36.0,4.184011614496348,51.92341702680575,28.05371432065105,23.8697027061547
2024_03_BAL_DAL,2024,3,25.0,28.0,-3.0,53.0,-0.519365629621984,49.43807032895601,24.45935234966701,24.978717979288998
2024_03_CAR_LV,2024,3,22.0,36.0,-14.0,58.0,6.719038294526152,43.36531529501327,25.04217679476971,18.32313850024356
2024_03_CHI_IND,2024,3,21.0,16.0,5.0,37.0,-0.26158376607946376,37.91093916480984,18.82467769936519,19.08626146544465
2024_03_DEN_TB,2024,3,7.0,26.0,-19.0,33.0,10.203404838639631,40.761668926469824,25.482536882554726,15.279132043915096
2024_03_DET_ARI,2024,3,13.0,20.0,-7.0,33.0,-4.845581301976367,51.84340102128246,23.498909859653047,28.344491161629414
2024_03_GB_TEN,2024,3,14.0,30.0,-16.0,44.0,-4.42469863201203,41.53411441165708,18.554707889822524,22.979406521834555
2024_03_HOU_MIN,2024,3,34.0,7.0,27.0,41.0,0.9070326801778604,45.3412310582451,23.12413186921148,22.21709918903362
2024_03_JAX_BUF,2024,3,47.0,10.0,37.0,57.0,9.945054556598375,46.42842041218352,28.186737484390946,18.241682927792574
2024_03_KC_ATL,2024,3,17.0,22.0,-5.0,39.0,-1.2054738876714177,48.146850283081505,23.470688197705044,24.67616208537646
2024_03_LAC_PIT,2024,3,20.0,10.0,10.0,30.0,0.8405700282323152,40.44714081790163,20.64385542306697,19.803285394834656
2024_03_MIA_SEA,2024,3,24.0,3.0,21.0,27.0,1.2568043915966702,41.52342174112812,21.390113066362392,20.133308674765725
2024_03_NE_NYJ,2024,3,24.0,3.0,21.0,27.0,0.9933207920020966,38.89428838237227,19.94380458718718,18.950483795185086
2024_03_NYG_CLE,2024,3,15.0,21.0,-6.0,36.0,4.41758737598289,41.04114073022714,22.729364053105016,18.311776677122126
2024_03_PHI_NO,2024,3,12.0,15.0,-3.0,27.0,6.616370755024903,54.80162218226393,30.708996468644415,24.092625713619512
2024_03_SF_LA,2024,3,27.0,24.0,3.0,51.0,-5.7808065511102384,51.323008290645255,22.77110086976751,28.551907420877747
2024_03_WAS_CIN,2024,3,33.0,38.0,-5.0,71.0,5.7107626266517855,44.48419286321808,25.09747774493493,19.386715118283146
2024_04_BUF_BAL,2024,4,35.0,10.0,25.0,45.0,0.008058052894986067,50.31936254965869,25.16371030127684,25.155652248381852
2024_04_CIN_CAR,2024,4,24.0,34.0,-10.0,58.0,-6.411875621600567,43.98019728164885,18.784160830024142,25.196036451624707
2024_04_CLE_LV,2024,4,20.0,16.0,4.0,36.0,1.6368431159018617,43.62546369248663,22.631153404194247,20.994310288292386
2024_04_DAL_NYG,2024,4,15.0,20.0,-5.0,35.0,-3.937911426065963,43.351717359035085,19.70690296648456,23.644814392550526
2024_04_DEN_NYJ,2024,4,9.0,10.0,-1.0,19.0,6.904262126338029,37.983427019635606,22.44384457298682,15.539582446648788
2024_04_JAX_HOU,2024,4,24.0,20.0,4.0,44.0,3.3448595460730037,46.18646294395893,24.765661245015966,21.420801698942963
2024_04_KC_LAC,2024,4,10.0,17.0,-7.0,27.0,-1.8002938118439369,45.553670889569105,21.876688538862584,23.67698235070652
2024_04_LA_CHI,2024,4,24.0,18.0,6.0,42.0,0.3140733185604352,38.474487308015355,19.394280313287894,19.08020699472746
2024_04_MIN_GB,2024,4,29.0,31.0,-2.0,60.0,3.3061003094064403,44.23399904143316,23.7700496754198,20.46394936601336
2024_04_NE_SF,2024,4,30.0,13.0,17.0,43.0,12.879413933639999,45.613896451295055,29.24665519246753,16.367241258827526
2024_04_NO_ATL,2024,4,26.0,24.0,2.0,50.0,-4.0624799706658585,48.463991889687996,22.20075595951107,26.263235930176926
2024_04_PHI_TB,2024,4,33.0,16.0,17.0,49.0,0.8691765018497655,46.81227996823397,23.84072823504187,22.971551733192104
2024_04_PIT_IND,2024,4,27.0,24.0,3.0,51.0,-2.3688898204796485,45.417230144444694,21.52417016198252,23.893059982462173
2024_04_SEA_DET,2024,4,42.0,29.0,13.0,71.0,4.693827474656365,49.581941280282315,27.13788437746934,22.444056902812974
2024_04_TEN_MIA,2024,4,12.0,31.0,-19.0,43.0,4.896484635036621,42.962872378653195,23.92967850684491,19.033193871808287
2024_04_WAS_ARI,2024,4,14.0,42.0,-28.0,56.0,-0.5524641525804403,51.84430680736154,25.64592132739055,26.19838547997099
2024_05_ARI_SF,2024,5,23.0,24.0,-1.0,47.0,12.358746132182555,49.78442491169119,31.07158552193687,18.71283938975432
2024_05_BAL_CIN,2024,5,38.0,41.0,-3.0,79.0,-4.3704219066519325,47.68181559556932,21.655696844458692,26.026118751110626
2024_05_BUF_HOU,2024,5,23.0,20.0,3.0,43.0,-4.591660985984161,51.07548139644337,23.241910205229605,27.833571191213768
2024_05_CAR_CHI,2024,5,36.0,10.0,26.0,46.0,6.699371650147334,38.70918466827371,22.70427815921052,16.004906509063186
2024_05_CLE_WAS,2024,5,34.0,13.0,21.0,47.0,4.871973950950912,46.20502147615404,25.538497713552474,20.666523762601564
2024_05_DAL_PIT,2024,5,17.0,20.0,-3.0,37.0,-2.0188933896214194,44.60936326138436,21.29523493588147,23.31412832550289
2024_05_GB_LA,2024,5,19.0,24.0,-5.0,43.0,-0.15180844253845138,53.09988691948928,26.474039238475413,26.625847681013866
2024_05_IND_JAX,2024,5,37.0,34.0,3.0,71.0,0.48322428420331565,43.334981956721116,21.909103120462216,21.4258788362589
2024_05_LV_DEN,2024,5,34.0,18.0,16.0,52.0,-3.2581203289207443,33.283482708368496,15.012681189723876,18.27080151864462
2024_05_MIA_NE,2024,5,10.0,15.0,-5.0,25.0,-1.7911977816990108,37.817399721302095,18.013100969801542,19.804298751500554
2024_05_NO_KC,2024,5,26.0,13.0,13.0,39.0,0.6657307265768458,45.55354561923096,23.109638172903903,22.443907446327056
2024_05_NYG_SEA,2024,5,20.0,29.0,-9.0,49.0,5.945936870071023,44.26341943655537,25.104678153313195,19.158741283242172
2024_05_NYJ_MIN,2024,5,23.0,17.0,6.0,40.0,4.289881626626847,39.81094153405513,22.050411580340988,17.760529953714144
2024_05_TB_ATL,2024,5,36.0,30.0,6.0,66.0,-2.1840592176984015,45.370752781352614,21.593346781827105,23.77740599952551
2024_06_ARI_GB,2024,6,34.0,13.0,21.0,47.0,6.169724084720999,49.1671412927866,27.6684326887538,21.498708604032803
2024_06_ATL_CAR,2024,6,20.0,38.0,-18.0,58.0,-3.7195198424602185,43.45655642442321,19.8685182909815,23.588038133441714
2024_06_BUF_NYJ,2024,6,20.0,23.0,-3.0,43.0,-3.9290562189361773,40.56696972163041,18.318956751347116,22.24801297028329
2024_06_CIN_NYG,2024,6,7.0,17.0,-10.0,24.0,-3.4230891477360488,47.383387704065704,21.980149278164827,25.403238425900877
2024_06_CLE_PHI,2024,6,20.0,16.0,4.0,36.0,4.70376364180864,43.72548738534452,24.214625513576582,19.51086187176794
2024_06_DET_DAL,2024,6,9.0,47.0,-38.0,56.0,-0.5169227947146651,53.11601909006103,26.299548147673182,26.81647094238785
2024_06_IND_TEN,2024,6,17.0,20.0,-3.0,37.0,-0.9174102156597002,44.042406397100756,21.562498090720528,22.479908306380228
2024_06_JAX_CHI,2024,6,35.0,16.0,19.0,51.0,5.242256065964842,41.903616935893986,23.572936500929416,18.33068043496457
2024_06_LAC_DEN,2024,6,16.0,23.0,-7.0,39.0,-1.5771965779770216,35.674778314181246,17.048790868102113,18.625987446079133
2024_06_PIT_LV,2024,6,13.0,32.0,-19.0,45.0,-1.7786538418410607,42.694603692412976,20.457974925285956,22.23662876712702
2024_06_SF_SEA,2024,6,24.0,36.0,-12.0,60.0,-4.147700159329942,46.950239202147955,21.401269521409006,25.54896968073895
2024_06_WAS_BAL,2024,6,30.0,23.0,7.0,53.0,8.194919971674759,52.203445622093014,30.199182796883886,22.00426282520913
2024_07_BAL_TB,2024,7,31.0,41.0,-10.0,72.0,-3.0991430839745013,49.43208868327717,23.166472799651334,26.265615883625838
2024_07_CAR_WAS,2024,7,40.0,7.0,33.0,47.0,9.037517161888823,46.50539898199535,27.771458071942085,18.733940910053263
2024_07_CIN_CLE,2024,7,14.0,21.0,-7.0,35.0,-6.3150973848289365,39.382175447000165,16.533539031085613,22.84863641591455
2024_07_DET_MIN,2024,7,29.0,31.0,-2.0,60.0,-4.816495831744021,49.03582985878044,22.10966701351821,26.92616284526223
2024_07_HOU_GB,2024,7,24.0,22.0,2.0,46.0,3.9604648167381855,48.8034782703325,26.381971543535343,22.421506726797155
2024_07_KC_SF,2024,7,18.0,28.0,-10.0,46.0,3.6762241598840713,47.86088568673096,25.768554923307516,22.092330763423444
2024_07_LAC_ARI,2024,7,17.0,15.0,2.0,32.0,-0.5227699857632366,46.891611082070895,23.18442054815383,23.707190533917064
2024_07_LV_LA,2024,7,20.0,15.0,5.0,35.0,4.766875987685514,46.713583668251005,25.74022982796826,20.973353840282744
2024_07_MIA_IND,2024,7,16.0,10.0,6.0,26.0,0.8427328941838699,45.29398932624473,23.068361110214298,22.22562821603043
2024_07_NYJ_PIT,2024,7,37.0,15.0,22.0,52.0,4.181604617165538,39.92876741084953,22.055186014007536,17.873581396841995
2024_07_PHI_NYG,2024,7,3.0,28.0,-25.0,31.0,-2.2499156863157483,43.87304629571003,20.811565304697144,23.06148099101289
2024_07_SEA_ATL,2024,7,14.0,34.0,-20.0,48.0,1.062439012267792,50.33526761277028,25.698853312519038,24.636414300251243
2024_07_TEN_BUF,2024,7,34.0,10.0,24.0,44.0,8.86834236325232,47.4076390802734,28.13799072176286,19.269648358510537
2024_08_ARI_MIA,2024,8,27.0,28.0,-1.0,55.0,1.9225464284363003,41.57189685045478,21.747221639445538,19.82467521100924
2024_08_ATL_TB,2024,8,26.0,31.0,-5.0,57.0,4.253051641350593,47.700135179342304,25.97659341034645,21.723541768995855
2024_08_BAL_CLE,2024,8,29.0,24.0,5.0,53.0,-11.046777087773684,47.19317203918264,18.07319747570448,29.119974563478163
2024_08_BUF_SEA,2024,8,10.0,31.0,-21.0,41.0,-4.491577898424053,47.19635690292479,21.352389502250368,25.843967400674423
2024_08_CAR_DEN,2024,8,28.0,14.0,14.0,42.0,9.378051381803523,36.132192566733295,22.75512197426841,13.377070592464886
2024_08_CHI_WAS,2024,8,18.0,15.0,3.0,33.0,2.102206246428711,44.839925338991314,23.471065792710014,21.3688595462813
2024_08_DAL_SF,2024,8,30.0,24.0,6.0,54.0,6.283158216241754,48.006016546493015,27.144587381367383,20.86142916512563
2024_08_GB_JAX,2024,8,27.0,30.0,-3.0,57.0,-2.8002022219063574,49.24329176091038,23.22154476950201,26.02174699140837
2024_08_IND_HOU,2024,8,23.0,20.0,3.0,43.0,4.630414658680822,44.758141522300484,24.694278090490652,20.063863431809832
2024_08_KC_LV,2024,8,20.0,27.0,-7.0,47.0,-6.821989362566828,42.6605490375922,17.919279837512683,24.741269200079515
2024_08_MIN_LA,2024,8,30.0,20.0,10.0,50.0,2.299469896584675,47.062091576101814,24.680780736343245,22.38131083975857
2024_08_NO_LAC,2024,8,26.0,8.0,18.0,34.0,2.1690554595527525,40.74882054349826,21.458938001525507,19.289882541972755
2024_08_NYG_PIT,2024,8,26.0,18.0,8.0,44.0,6.216903161517109,41.34193437105119,23.77941876628415,17.56251560476704
2024_08_NYJ_NE,2024,8,25.0,22.0,3.0,47.0,-2.9461146993362486,38.863043693564364,17.958464497114058,20.904579196450307
2024_08_PHI_CIN,2024,8,17.0,37.0,-20.0,54.0,0.1858520945718436,49.03339156357247,24.609621829072157,24.423769734500315
2024_08_TEN_DET,2024,8,52.0,14.0,38.0,66.0,12.356843305530775,52.48834216557064,32.42259273555071,20.065749430019935
2024_09_CHI_ARI,2024,9,29.0,9.0,20.0,38.0,-1.203668963778894,44.870790390277186,21.833560713249145,23.03722967702804
2024_09_DAL_ATL,2024,9,27.0,21.0,6.0,48.0,2.7434662854737457,50.82364888776148,26.78355758661761,24.040091301143867
2024_09_DEN_BAL,2024,9,41.0,10.0,31.0,51.0,10.795197636556884,47.52590158029142,29.16054960842415,18.365351971867266
2024_09_DET_GB,2024,9,14.0,24.0,-10.0,38.0,-4.0822318102370865,49.58618315844682,22.75197567410487,26.834207484341952
2024_09_HOU_NYJ,2024,9,21.0,13.0,8.0,34.0,-0.4098478829312717,43.11219539650634,21.35117375678753,21.761021639718805
2024_09_IND_MIN,2024,9,21.0,13.0,8.0,34.0,4.782699167065723,48.78173350355365,26.782216335309688,21.999517168243965
2024_09_JAX_PHI,2024,9,28.0,23.0,5.0,51.0,5.63637994458157,50.458654624510615,28.047517284546092,22.411137339964522
2024_09_LAC_CLE,2024,9,10.0,27.0,-17.0,37.0,-0.3849409999840505,41.84662306707476,20.730841033545353,21.115782033529406
2024_09_LA_SEA,2024,9,20.0,26.0,-6.0,46.0,-1.553387502947177,44.13803412116844,21.292323309110632,22.845710812057806
2024_09_LV_CIN,2024,9,41.0,24.0,17.0,65.0,4.851547645408354,45.28458740578373,25.068067525596042,20.21651988018769
2024_09_MIA_BUF,2024,9,30.0,27.0,3.0,57.0,9.224583604038086,48.14952309758398,28.687053350811034,19.462469746772946
2024_09_NE_TEN,2024,9,20.0,17.0,3.0,37.0,3.2689164429771136,39.61631264161683,21.442614542296973,18.173698099319857
2024_09_NO_CAR,2024,9,23.0,22.0,1.0,45.0,-6.753399762136498,42.496397472417485,17.871498855140494,24.62489861727699
2024_09_TB_KC,2024,9,30.0,24.0,6.0,54.0,4.806513916763166,45.90405361954666,25.355283768154912,20.548769851391746
2024_09_WAS_NYG,2024,9,22.0,27.0,-5.0,49.0,-5.791235565500802,44.09460227614299,19.151683355321097,24.942918920821896
2024_10_ATL_NO,2024,10,20.0,17.0,3.0,37.0,-1.4511346285728228,51.45681946733794,25.002842419382556,26.45397704795538
2024_10_BUF_IND,2024,10,20.0,30.0,-10.0,50.0,-8.685592771309867,50.451515285114276,20.882961256902206,29.56855402821207
2024_10_CIN_BAL,2024,10,35.0,34.0,1.0,69.0,8.07679285473223,54.5470525608872,31.311922707809714,23.23512985307749
2024_10_DEN_KC,2024,10,16.0,14.0,2.0,30.0,10.413203559219172,39.85749453565439,25.13534904743678,14.72214548821761
2024_10_DET_HOU,2024,10,23.0,26.0,-3.0,49.0,-6.2508139817363375,52.51539295034955,23.132289484306607,29.383103466042943
2024_10_MIA_LA,2024,10,15.0,23.0,-8.0,38.0,3.1984975935641824,49.28000082436684,26.23924920896551,23.040751615401327
2024_10_MIN_JAX,2024,10,7.0,12.0,-5.0,19.0,-2.6395153746198288,43.83403198827386,20.597258306827015,23.23677368144684
2024_10_NE_CHI,2024,10,3.0,19.0,-16.0,22.0,7.215892426085789,39.25433609303072,23.235114259558255,16.019221833472468
2024_10_NYG_CAR,2024,10,20.0,17.0,3.0,37.0,-4.422867335961543,40.19477696474034,17.8859548143894,22.30882215035094
2024_10_NYJ_ARI,2024,10,31.0,6.0,25.0,37.0,1.833859632333041,47.33931374109268,24.58658668671286,22.75272705437982
2024_10_PHI_DAL,2024,10,6.0,34.0,-28.0,40.0,-2.9952011877213995,51.76987445840126,24.38733663533993,27.38253782306133
2024_10_PIT_WAS,2024,10,27.0,28.0,-1.0,55.0,3.886361536839399,48.486759964976756,26.18656075090808,22.300199214068677
2024_10_SF_TB,2024,10,20.0,23.0,-3.0,43.0,-2.484935178560078,50.611300203263674,24.063182512351798,26.548117690911877
2024_10_TEN_LAC,2024,10,27.0,17.0,10.0,44.0,4.9842886428820545,47.29319609262092,26.138742367751487,21.15445372486943
2024_11_ATL_DEN,2024,11,38.0,6.0,32.0,44.0,-3.4283778288513953,43.56467148954046,20.06814683034453,23.496524659195927
2024_11_BAL_PIT,2024,11,18.0,16.0,2.0,34.0,-7.099843060645069,51.43716025123364,22.168658595294286,29.268501655939357
2024_11_CIN_LAC,2024,11,34.0,27.0,7.0,61.0,-1.3580328088007385,51.49693898886523,25.069453090032248,26.427485898832984
2024_11_CLE_NO,2024,11,35.0,14.0,21.0,49.0,1.768642409990428,48.47124122671628,25.119941818353354,23.351299408362927
2024_11_GB_CHI,2024,11,19.0,20.0,-1.0,39.0,-1.8758518793099679,42.832109799320015,20.478128960005023,22.353980839314993
2024_11_HOU_DAL,2024,11,10.0,34.0,-24.0,44.0,-1.683635778667477,45.544421241685974,21.930392731509247,23.614028510176727
2024_11_IND_NYJ,2024,11,27.0,28.0,-1.0,55.0,4.478063751415224,39.22896683654424,21.853515293979733,17.375451542564505
2024_11_JAX_DET,2024,11,52.0,6.0,46.0,58.0,11.31234053798455,50.19676676947417,30.75455365372936,19.442213115744813
2024_11_KC_BUF,2024,11,30.0,21.0,9.0,51.0,3.3407109680074054,48.383522184305626,25.862116576156517,22.52140560814911
2024_11_LA_NE,2024,11,22.0,28.0,-6.0,50.0,-4.951823984195633,40.216837569705305,17.632506792754835,22.58433077695047
2024_11_LV_MIA,2024,11,34.0,19.0,15.0,53.0,5.245613306166433,40.972964046881,23.109288676523718,17.863675370357285
2024_11_MIN_TEN,2024,11,13.0,23.0,-10.0,36.0,-5.506090358938685,43.997805249375,19.245857445218157,24.751947804156842
2024_11_SEA_SF,2024,11,17.0,20.0,-3.0,37.0,10.201490356227334,48.554607456923236,29.378048906575284,19.176558550347952
2024_11_WAS_PHI,2024,11,26.0,18.0,8.0,44.0,2.5459653769715294,48.05543053536506,25.300697956168296,22.754732579196766
2024_12_ARI_SEA,2024,12,16.0,6.0,10.0,22.0,-2.4416400655317605,43.896728545289385,20.727544239878814,23.16918430541057
2024_12_BAL_LAC,2024,12,23.0,30.0,-7.0,53.0,-7.864827719650698,53.53636075277558,22.83576651656244,30.70059423621314
2024_12_DAL_WAS,2024,12,26.0,34.0,-8.0,60.0,8.432209345686976,44.016156638576945,26.22418299213196,17.791973646444983
2024_12_DEN_LV,2024,12,19.0,29.0,-10.0,48.0,-2.285549583270361,44.26059626612458,20.98752334142711,23.27307292469747
2024_12_DET_IND,2024,12,6.0,24.0,-18.0,30.0,-11.935867661785778,52.711057355841014,20.387594847027618,32.32346250881339
2024_12_KC_CAR,2024,12,27.0,30.0,-3.0,57.0,-12.157746812743635,41.458246679126894,14.65024993319163,26.807996745935263
2024_12_MIN_CHI,2024,12,27.0,30.0,-3.0,57.0,-1.9341412920424292,40.274415197322355,19.170136952639965,21.10427824468239
2024_12_NE_MIA,2024,12,34.0,15.0,19.0,49.0,6.686829935704575,42.956173453520734,24.821501694612653,18.13467175890808
2024_12_PHI_LA,2024,12,20.0,37.0,-17.0,57.0,-0.3272297738812384,51.62396147039678,25.64836584825777,25.975595622139007
2024_12_PIT_CLE,2024,12,24.0,19.0,5.0,43.0,-1.6900005423294928,40.750341785193804,19.530170621432156,21.22017116376165
2024_12_SF_GB,2024,12,38.0,10.0,28.0,48.0,-1.7553855563644576,43.51511000623317,20.879862224934357,22.635247781298816
2024_12_TB_NYG,2024,12,7.0,30.0,-23.0,37.0,-3.9741207210722282,43.2228669945227,19.624373136725236,23.59849385779746
2024_12_TEN_HOU,2024,12,27.0,32.0,-5.0,59.0,6.974127701565665,47.62581898408473,27.299973342825197,20.325845641259534
2024_13_ARI_MIN,2024,13,23.0,22.0,1.0,45.0,2.4971019714028095,47.43452309992391,24.96581253566336,22.468710564260547
2024_13_CHI_DET,2024,13,23.0,20.0,3.0,43.0,11.675152062910003,48.34981185815354,30.01248196053177,18.337329897621768
2024_13_CLE_DEN,2024,13,41.0,32.0,9.0,73.0,4.806002861496545,42.4302316855079,23.61811727350222,18.812114412005677
2024_13_HOU_JAX,2024,13,20.0,23.0,-3.0,43.0,-5.414429695657034,40.471681728426624,17.528626016384795,22.94305571204183
2024_13_IND_NE,2024,13,24.0,25.0,-1.0,49.0,2.5089543674497667,38.456986330750325,20.482970349100047,17.97401598165028
2024_13_LAC_ATL,2024,13,13.0,17.0,-4.0,30.0,2.764261566043782,48.78238980248034,25.773325684262062,23.009064118218276
2024_13_LA_NO,2024,13,14.0,21.0,-7.0,35.0,-1.846528387430768,50.98998082608739,24.571726219328312,26.418254606759078
2024_13_LV_KC,2024,13,19.0,17.0,2.0,36.0,10.791697609134498,41.69454595626223,26.243121782698367,15.451424173563867
2024_13_MIA_GB,2024,13,30.0,17.0,13.0,47.0,2.540275142701552,47.21584244783103,24.87805879526629,22.337783652564738
2024_13_NYG_DAL,2024,13,27.0,20.0,7.0,47.0,3.6681634742173714,45.135441424091056,24.401802449154214,20.73363897493684
2024_13_PHI_BAL,2024,13,19.0,24.0,-5.0,43.0,4.597494191725234,54.107723258530676,29.352608725127954,24.755114533402722
2024_13_PIT_CIN,2024,13,38.0,44.0,-6.0,82.0,4.073401156085794,47.795853679910714,25.934627417998254,21.86122626191246
2024_13_SEA_NYJ,2024,13,21.0,26.0,-5.0,47.0,0.2557806122829962,43.56610676412773,21.910943688205364,21.655163075922367
2024_13_SF_BUF,2024,13,35.0,10.0,25.0,45.0,2.491643539485654,49.04729646447642,25.769470001981034,23.277826462495383
2024_13_TB_CAR,2024,13,23.0,26.0,-3.0,49.0,-9.58632385361762,44.27989970200628,17.34678792419433,26.933111777811952
2024_13_TEN_WAS,2024,13,42.0,19.0,23.0,61.0,7.175866398550765,46.79471294851345,26.985289673532108,19.80942327498134
2024_14_ATL_MIN,2024,14,42.0,21.0,21.0,63.0,3.6147384506592233,47.14467779515334,25.379708122906283,21.76496967224706
2024_14_BUF_LA,2024,14,44.0,42.0,2.0,86.0,-2.903143062577452,51.40604089684022,24.251448917131384,27.154591979708833
2024_14_CAR_PHI,2024,14,22.0,16.0,6.0,38.0,13.024660749790213,44.89136287649961,28.958011813144914,15.9333510633547
2024_14_CHI_SF,2024,14,38.0,13.0,25.0,51.0,3.7138422233915893,43.153459013391206,23.433650618391397,19.71980839499981
2024_14_CIN_DAL,2024,14,20.0,27.0,-7.0,47.0,-3.1340500537596356,51.488461897005834,24.1772059216231,27.311255975382736
2024_14_CLE_PIT,2024,14,27.0,14.0,13.0,41.0,4.404221244470698,44.932741349265456,24.668481296868077,20.26426005239738
2024_14_GB_DET,2024,14,34.0,31.0,3.0,65.0,6.544972617578351,54.52540563302854,30.535189125303447,23.990216507725094
2024_14_JAX_TEN,2024,14,6.0,10.0,-4.0,16.0,1.928110578619832,44.35379859872409,23.14095458867196,21.21284401005213
2024_14_LAC_KC,2024,14,19.0,17.0,2.0,36.0,7.466091111541218,43.65109894968791,25.558595030614566,18.092503919073348
2024_14_LV_TB,2024,14,28.0,13.0,15.0,41.0,7.065444026929775,45.168782641316355,26.117113334123065,19.05166930719329
2024_14_NO_NYG,2024,14,11.0,14.0,-3.0,25.0,-1.9872103460874637,45.33355355188817,21.673171602900354,23.66038194898782
2024_14_NYJ_MIA,2024,14,32.0,26.0,6.0,58.0,7.056130752590828,43.02423433485633,25.04018254372358,17.98405179113275
2024_14_SEA_ARI,2024,14,18.0,30.0,-12.0,48.0,4.771563403957652,48.336095890264716,26.553829647111183,21.782266243153533
2024_15_ATL_LV,2024,15,9.0,15.0,-6.0,24.0,-2.683141661411635,46.45033945581944,21.883598897203903,24.566740558615535
2024_15_BAL_NYG,2024,15,14.0,35.0,-21.0,49.0,-14.659649459240507,43.44824830121081,14.394299420985153,29.053948880225658
2024_15_BUF_DET,2024,15,42.0,48.0,-6.0,90.0,3.3561832842616335,56.11355446538272,29.734868874822176,26.378685590560544
2024_15_CHI_MIN,2024,15,30.0,12.0,18.0,42.0,6.864285910213612,44.96033407975654,25.912309994985076,19.048024084771466
2024_15_CIN_TEN,2024,15,27.0,37.0,-10.0,64.0,-5.59996139114538,47.17079797018102,20.78541828951782,26.3853796806632
2024_15_DAL_CAR,2024,15,14.0,30.0,-16.0,44.0,-1.7928644254375339,39.94997522738115,19.07855540097181,20.871419826409344
2024_15_GB_SEA,2024,15,13.0,30.0,-17.0,43.0,-2.5638763256622696,47.498681629918565,22.467402652128147,25.031278977790418
2024_15_IND_DEN,2024,15,31.0,13.0,18.0,44.0,6.366590451409774,40.068423499991034,23.217506975700402,16.850916524290632
2024_15_KC_CLE,2024,15,7.0,21.0,-14.0,28.0,-6.357658226389034,41.36557714725906,17.503959460435013,23.861617686824047
2024_15_LA_SF,2024,15,6.0,12.0,-6.0,18.0,1.1041993216405936,49.58668427740238,25.345441799521485,24.241242477880892
2024_15_MIA_HOU,2024,15,20.0,12.0,8.0,32.0,-2.895694235069096,50.3967486722082,23.75052721856955,26.646221453638645
2024_15_NE_ARI,2024,15,30.0,17.0,13.0,47.0,4.770307129645493,46.571468671638485,25.67088790064199,20.900580770996495
2024_15_NYJ_JAX,2024,15,25.0,32.0,-7.0,57.0,-2.013926976468432,42.24642801542005,20.11625051947581,22.130177495944242
2024_15_PIT_PHI,2024,15,27.0,13.0,14.0,40.0,6.505658235545173,49.12886628214513,27.817262258845155,21.311604023299978
2024_15_TB_LAC,2024,15,17.0,40.0,-23.0,57.0,-3.5795950040471936,50.0865228772233,23.253463936588055,26.833058940635247
2024_15_WAS_NO,2024,15,19.0,20.0,-1.0,39.0,-3.7026337083357492,46.93456700250975,21.615966647087003,25.31860035542275
2024_16_ARI_CAR,2024,16,36.0,30.0,6.0,66.0,-7.357310900194667,43.41869928855474,18.030694194180036,25.388005094374705
2024_16_CLE_CIN,2024,16,24.0,6.0,18.0,30.0,9.53690204007098,40.39675553029049,24.966828785180738,15.429926745109755
2024_16_DEN_LAC,2024,16,34.0,27.0,7.0,61.0,-2.242479066580341,45.68950760054463,21.723514266982143,23.965993333562487
2024_16_DET_CHI,2024,16,17.0,34.0,-17.0,51.0,-9.268483915976873,45.66856964790855,18.200042865965838,27.46852678194271
2024_16_HOU_KC,2024,16,27.0,19.0,8.0,46.0,6.877735461570262,40.990774006507706,23.934254734038984,17.056519272468723
2024_16_JAX_LV,2024,16,19.0,14.0,5.0,33.0,2.030694800088683,44.46537026516056,23.24803253262462,21.21733773253594
2024_16_LA_NYJ,2024,16,9.0,19.0,-10.0,28.0,-3.19430276936127,44.3956409743608,20.600669102499765,23.794971871861037
2024_16_MIN_SEA,2024,16,24.0,27.0,-3.0,51.0,-5.750331816306639,44.97095673971984,19.6103124617066,25.36064427801324
2024_16_NE_BUF,2024,16,24.0,21.0,3.0,45.0,10.112459790689298,46.94304088500987,28.527750337849586,18.415290547160286
2024_16_NO_GB,2024,16,34.0,0.0,34.0,34.0,7.26434531612972,41.347316637965505,24.305830977047613,17.041485660917893
2024_16_PHI_WAS,2024,16,36.0,33.0,3.0,69.0,0.07661171627466867,44.284338379751944,22.180475048013307,22.103863331738637
2024_16_PIT_BAL,2024,16,34.0,17.0,17.0,51.0,12.130493023128738,50.06903019431313,31.099761608720932,18.969268585592197
2024_16_SF_MIA,2024,16,29.0,17.0,12.0,46.0,3.2998801247597003,46.271063599485956,24.78547186212283,21.485591737363126
2024_16_TB_DAL,2024,16,26.0,24.0,2.0,50.0,-3.7915599700118405,50.60585318093237,23.407146605460266,27.198706575472105
2024_16_TEN_IND,2024,16,38.0,30.0,8.0,68.0,0.35330817463313346,46.56984551416553,23.46157684439933,23.108268669766197
2024_17_ARI_LA,2024,17,13.0,9.0,4.0,22.0,3.2437572269523605,49.86077813589382,26.55226768142309,23.308510454470728
2024_17_BAL_HOU,2024,17,2.0,31.0,-29.0,33.0,-9.50511955326669,53.01405892471384,21.754469685723574,31.259589238990262
2024_17_CAR_TB,2024,17,48.0,14.0,34.0,62.0,13.240494419592864,46.92540750076239,30.082950960177627,16.842456540584763
2024_17_DAL_PHI,2024,17,41.0,7.0,34.0,48.0,7.535818108055739,44.37415794673079,25.954988027393263,18.419169919337527
2024_17_DEN_CIN,2024,17,30.0,24.0,6.0,54.0,5.02440226565691,48.562478360636746,26.793440313146828,21.769038047489918
2024_17_DET_SF,2024,17,34.0,40.0,-6.0,74.0,-5.840203631541593,51.335127360582206,22.747461864520307,28.5876654960619
2024_17_GB_MIN,2024,17,27.0,25.0,2.0,52.0,0.9683544683816836,50.783326412501374,25.87584044044153,24.907485972059845
2024_17_IND_NYG,2024,17,45.0,33.0,12.0,78.0,-2.475973895907921,42.15208028211917,19.838053193105626,22.314027089013546
2024_17_KC_PIT,2024,17,10.0,29.0,-19.0,39.0,-6.947007299850995,43.97459938440935,18.51379604227918,25.460803342130173
2024_17_LAC_NE,2024,17,7.0,40.0,-33.0,47.0,1.7717994317145387,44.24563514974463,23.008717290729585,21.236917859015044
2024_17_LV_NO,2024,17,10.0,25.0,-15.0,35.0,0.4013751744933147,40.703079310222904,20.55222724235811,20.150852067864793
2024_17_MIA_CLE,2024,17,3.0,20.0,-17.0,23.0,-6.571379399562218,32.56182536234975,12.995222981393766,19.566602380955985
2024_17_NYJ_BUF,2024,17,40.0,14.0,26.0,54.0,9.275384164594442,49.25452650808302,29.26495533633873,19.989571171744288
2024_17_SEA_CHI,2024,17,3.0,6.0,-3.0,9.0,-0.03488250337753085,45.201383362776944,22.583250429699707,22.618132933077238
2024_17_TEN_JAX,2024,17,20.0,13.0,7.0,33.0,-0.12375433468156816,42.48473273748453,21.18048920140148,21.30424353608305
2024_18_CAR_ATL,2024,18,38.0,44.0,-6.0,82.0,12.896305074957327,47.53671704204747,30.216511058502398,17.320205983545073
2024_18_CHI_GB,2024,18,22.0,24.0,-2.0,46.0,7.840239803228336,33.60151579833142,20.720877800779878,12.880637997551542
2024_18_CIN_PIT,2024,18,17.0,19.0,-2.0,36.0,-7.08898077140058,44.73730136049624,18.82416029454783,25.91314106594841
2024_18_CLE_BAL,2024,18,35.0,10.0,25.0,45.0,18.579711994202626,44.029076507874684,31.304394251038655,12.72468225683603
2024_18_HOU_TEN,2024,18,14.0,23.0,-9.0,37.0,1.2707002707062793,42.15539676975724,21.71304852023176,20.44234824952548
2024_18_JAX_IND,2024,18,26.0,23.0,3.0,49.0,2.113674474263985,48.123515591166075,25.11859503271503,23.004920558451044
2024_18_KC_DEN,2024,18,38.0,0.0,38.0,38.0,-3.4094092504878915,39.73362132856201,18.16210603903706,21.57151528952495
2024_18_LAC_LV,2024,18,20.0,34.0,-14.0,54.0,-0.6386522081600237,45.051062078269766,22.20620493505487,22.844857143214895
2024_18_MIA_NYJ,2024,18,32.0,20.0,12.0,52.0,-1.7405689359421603,40.957394868575015,19.60841296631643,21.348981902258586
2024_18_MIN_DET,2024,18,31.0,9.0,22.0,40.0,4.771997065159142,55.40802283012308,30.09000994764111,25.31801288248197
2024_18_NO_TB,2024,18,27.0,19.0,8.0,46.0,12.556367301954314,41.546418722008866,27.051393011981588,14.495025710027276
2024_18_SEA_LA,2024,18,25.0,30.0,-5.0,55.0,6.11381735106445,46.196454471264595,26.15513591116452,20.041318560100073
2024_18_SF_ARI,2024,18,47.0,24.0,23.0,71.0,3.030521308590264,46.23189066878659,24.63120598868843,21.600684680098162
2024_18_WAS_DAL,2024,18,19.0,23.0,-4.0,42.0,-8.29117143063354,48.40182727991275,20.055327924639606,28.346499355273146
2025_01_ARI_NO,2025,1,13.0,20.0,-7.0,33.0,-6.225271260052931,45.7343424548257,19.754535597386386,25.979806857439314
2025_01_BAL_BUF,2025,1,41.0,40.0,1.0,81.0,-3.592149986206185,55.63895474841697,26.02340238110539,29.61555236731158
2025_01_CAR_JAX,2025,1,26.0,10.0,16.0,36.0,5.037517791212031,49.23485759129715,27.13618769125459,22.09866990004256
2025_01_CIN_CLE,2025,1,16.0,17.0,-1.0,33.0,-10.140285936530939,44.11382282251771,16.986768442993387,27.127054379524324
2025_01_DAL_PHI,2025,1,24.0,20.0,4.0,44.0,11.570974463957537,48.28028655981262,29.925630511885082,18.35465604792754
2025_01_DET_GB,2025,1,27.0,13.0,14.0,40.0,-2.9647692530177583,50.56602225668802,23.800626501835133,26.76539575485289
2025_01_HOU_LA,2025,1,14.0,9.0,5.0,23.0,5.524463582865722,46.9383821719135,26.231422877389612,20.70695929452389
2025_01_KC_LAC,2025,1,27.0,21.0,6.0,48.0,1.775397473039147,47.91189863325132,24.843648053145234,23.068250580106085
2025_01_LV_NE,2025,1,13.0,20.0,-7.0,33.0,0.6086795569326187,43.77937137745285,22.194025467192734,21.585345910260113
2025_01_MIA_IND,2025,1,33.0,8.0,25.0,41.0,-3.6615763231422482,47.49077135012406,21.914597513490904,25.576173836633153
2025_01_NYG_WAS,2025,1,21.0,6.0,15.0,27.0,11.049602564288175,49.05105194617079,30.050327255229483,19.000724690941304
2025_01_PIT_NYJ,2025,1,32.0,34.0,-2.0,66.0,2.163385558058941,43.875672331862376,23.01952894496066,20.856143386901717
2025_01_SF_SEA,2025,1,13.0,17.0,-4.0,30.0,0.0964614053390187,47.71795867920781,23.907210042273416,23.810748636934395
2025_01_TB_ATL,2025,1,20.0,23.0,-3.0,43.0,-3.1711324014768394,53.84299875304937,25.335933175786266,28.507065577263106
2025_02_BUF_NYJ,2025,2,10.0,30.0,-20.0,40.0,-6.242546046613978,49.46070147054011,21.609077711963064,27.851623758577045
2025_02_CAR_ARI,2025,2,27.0,22.0,5.0,49.0,11.526999570975912,51.75313004531753,31.64006480814672,20.11306523717081
2025_02_CHI_DET,2025,2,52.0,21.0,31.0,73.0,13.04020198010918,49.75378415524157,31.396993067675375,18.356791087566194
2025_02_CLE_BAL,2025,2,41.0,17.0,24.0,58.0,17.876376578570262,49.50311965794956,33.689748118259914,15.81337153968965
2025_02_DEN_IND,2025,2,29.0,28.0,1.0,57.0,-2.549961854550096,47.43769652654468,22.44386733599729,24.993829190547387
2025_02_JAX_CIN,2025,2,31.0,27.0,4.0,58.0,5.251030050709905,48.57251283194537,26.911771441327637,21.66074139061773
2025_02_LAC_LV,2025,2,9.0,20.0,-11.0,29.0,-3.780491448460241,45.466738635007026,20.843123593273393,24.623615041733633
2025_02_NE_MIA,2025,2,27.0,33.0,-6.0,60.0,5.955328547079893,43.05271084126588,24.504019694172886,18.548691147092992
2025_02_NYG_DAL,2025,2,40.0,37.0,3.0,77.0,5.01695903942314,47.280753774377345,26.148856406900244,21.1318973674771
2025_02_PHI_KC,2025,2,17.0,20.0,-3.0,37.0,-4.146853589989815,49.56220829187758,22.707677350943882,26.8545309409337
2025_02_SEA_PIT,2025,2,17.0,31.0,-14.0,48.0,-0.5880464743074947,43.5401391407366,21.47604633321455,22.064092807522048
2025_02_SF_NO,2025,2,21.0,26.0,-5.0,47.0,-4.517290571902352,44.82834258885796,20.155526008477803,24.672816580380154
2025_02_TB_HOU,2025,2,19.0,20.0,-1.0,39.0,-7.5142863422379005,48.94053505807139,20.713124357916744,28.227410700154646
2025_02_WAS_GB,2025,2,27.0,18.0,9.0,45.0,0.9146096457296136,48.66400799181037,24.789308818769992,23.87469917304038
2025_03_ARI_SF,2025,3,16.0,15.0,1.0,31.0,0.34082564643517554,46.882856725104496,23.611841185769837,23.27101553933466
2025_03_ATL_CAR,2025,3,30.0,0.0,30.0,30.0,-8.402830570661456,44.164338346666916,17.88075388800273,26.283584458664187
2025_03_CIN_MIN,2025,3,48.0,10.0,38.0,58.0,-1.3012409921994184,46.10311237045012,22.40093568912535,23.70217668132477
2025_03_DAL_CHI,2025,3,31.0,14.0,17.0,45.0,-1.085110908736511,45.15206447208812,22.033476781675805,23.118587690412316
2025_03_DEN_LAC,2025,3,23.0,20.0,3.0,43.0,1.912853257324677,48.868034815385656,25.390444036355166,23.47759077903049
2025_03_DET_BAL,2025,3,30.0,38.0,-8.0,68.0,2.50444479458684,56.350265499610174,29.427355147098506,26.922910352511668
2025_03_GB_CLE,2025,3,13.0,10.0,3.0,23.0,-10.866293636886745,43.37750274222921,16.255604552671233,27.121898189557978
2025_03_HOU_JAX,2025,3,17.0,10.0,7.0,27.0,4.080441132431907,42.87759326370388,23.479017198067893,19.398576065635986
2025_03_IND_TEN,2025,3,20.0,41.0,-21.0,61.0,-8.104119897401693,40.8399516080691,16.367915855333703,24.472035752735398
2025_03_KC_NYG,2025,3,9.0,22.0,-13.0,31.0,-4.836787284990103,44.88445092874729,20.023831821878595,24.860619106868697
2025_03_LA_PHI,2025,3,33.0,26.0,7.0,59.0,4.700474915841034,47.99230325552136,26.346389085681196,21.64591416984016
2025_03_LV_WAS,2025,3,41.0,24.0,17.0,65.0,8.945074737454421,47.012091489275804,27.97858311336511,19.033508375910692
2025_03_MIA_BUF,2025,3,31.0,21.0,10.0,52.0,6.502804991799047,52.06312489352828,29.282964942663664,22.78015995086462
2025_03_NO_SEA,2025,3,44.0,13.0,31.0,57.0,5.8983362500322505,38.721450622869085,22.30989343645067,16.411557186418417
2025_03_NYJ_TB,2025,3,29.0,27.0,2.0,56.0,11.202207460624637,47.69700342297473,29.449605441799683,18.247397981175048
2025_03_PIT_NE,2025,3,14.0,21.0,-7.0,35.0,3.449110486930117,44.91698294940376,24.18304671816694,20.73393623123682
2025_04_BAL_KC,2025,4,37.0,20.0,17.0,57.0,-5.5192307041227595,51.63383779456012,23.05730354521868,28.576534249341442
2025_04_CAR_NE,2025,4,42.0,13.0,29.0,55.0,4.79964220819266,45.172647940954334,24.986145074573496,20.186502866380838
2025_04_CHI_LV,2025,4,24.0,25.0,-1.0,49.0,1.3597230007988,45.41758974073148,23.38865637076514,22.02893336996634
2025_04_CIN_DEN,2025,4,28.0,3.0,25.0,31.0,5.664431993870601,46.414178673191294,26.039305333530947,20.374873339660347
2025_04_CLE_DET,2025,4,34.0,10.0,24.0,44.0,18.084223634495626,51.52301064097972,34.803617137737675,16.719393503242046
2025_04_GB_DAL,2025,4,40.0,40.0,0.0,80.0,-6.9533037235378625,49.65500103383366,21.3508486551479,28.304152378685764
2025_04_IND_LA,2025,4,27.0,20.0,7.0,47.0,1.2695913551747546,50.698405534364426,25.98399844476959,24.714407089594836
2025_04_JAX_SF,2025,4,21.0,26.0,-5.0,47.0,5.104064616507615,46.33030584169755,25.717185229102583,20.61312061259497
2025_04_MIN_PIT,2025,4,24.0,21.0,3.0,45.0,-3.8604647809208927,41.19808241881499,18.66880881894705,22.529273599867942
2025_04_NO_BUF,2025,4,31.0,19.0,12.0,50.0,12.767029690966464,47.91232225158194,30.339675971274204,17.572646280307737
2025_04_NYJ_MIA,2025,4,27.0,21.0,6.0,48.0,3.9566819536982667,44.75361943293883,24.355150693318546,20.39846873962028
2025_04_PHI_TB,2025,4,25.0,31.0,-6.0,56.0,1.9502653504892515,52.45116181166177,27.20071358107551,25.250448230586258
2025_04_SEA_ARI,2025,4,20.0,23.0,-3.0,43.0,2.1466703239532086,49.69703018829591,25.92185025612456,23.77517993217135
2025_04_TEN_HOU,2025,4,26.0,0.0,26.0,26.0,6.995406807074284,39.31350071979077,23.154453763432524,16.159046956358242
2025_04_WAS_ATL,2025,4,34.0,27.0,7.0,61.0,-2.0538640544827427,49.7974190113099,23.871777478413577,25.92564153289632
2025_05_DAL_NYJ,2025,5,22.0,37.0,-15.0,59.0,2.7028447293364968,49.166737005203714,25.934790867270106,23.23194613793361
2025_05_DEN_PHI,2025,5,17.0,21.0,-4.0,38.0,2.7796765755365156,47.259329368453315,25.019502971994914,22.2398263964584
2025_05_DET_CIN,2025,5,24.0,37.0,-13.0,61.0,-10.704940361670701,49.396359604058944,19.34570962119412,30.050649982864822
2025_05_HOU_BAL,2025,5,10.0,44.0,-34.0,54.0,9.873032429170868,46.04197713868252,27.957504783926694,18.084472354755825
2025_05_KC_JAX,2025,5,31.0,28.0,3.0,59.0,-1.225761291842071,44.64549292191566,21.709865815036796,22.935627106878865
2025_05_LV_IND,2025,5,40.0,6.0,34.0,46.0,6.43641939235359,49.958133095160164,28.19727624375688,21.760856851403286
2025_05_MIA_CAR,2025,5,27.0,24.0,3.0,51.0,-2.9025810676856105,46.84779872486322,21.972608828588804,24.875189896274414
2025_05_NE_BUF,2025,5,20.0,23.0,-3.0,43.0,8.565646826268345,53.21841758872042,30.89203220749438,22.32638538122604
2025_05_SF_LA,2025,5,23.0,26.0,-3.0,49.0,3.015789786744044,48.24775529728833,25.631772542016186,22.615982755272142
2025_05_TB_SEA,2025,5,35.0,38.0,-3.0,73.0,-1.2098829218716751,48.64352459514659,23.716820836637456,24.92670375850913
2025_05_TEN_ARI,2025,5,21.0,22.0,-1.0,43.0,13.031226453480693,43.20421546915574,28.117720961318216,15.086494507837525
2025_05_WAS_LAC,2025,5,10.0,27.0,-17.0,37.0,0.5550580978152488,48.55655473264235,24.555806415228798,24.00074831741355
2025_06_ARI_IND,2025,6,31.0,27.0,4.0,58.0,4.513840427995868,50.48578235188713,27.4998113899415,22.985970961945632
2025_06_BUF_ATL,2025,6,24.0,14.0,10.0,38.0,-2.9019351066090238,53.06606025755113,25.082062575471053,27.983997682080076
2025_06_CHI_WAS,2025,6,24.0,25.0,-1.0,49.0,10.157391300510549,47.833126782426234,28.99525904146839,18.837867740957844
2025_06_CIN_GB,2025,6,27.0,18.0,9.0,45.0,11.186801951333198,46.22510749601765,28.705954723675426,17.519152772342224
2025_06_DAL_CAR,2025,6,30.0,27.0,3.0,57.0,-1.2750263101014714,47.51910473416732,23.122039212032924,24.397065522134397
2025_06_DEN_NYJ,2025,6,11.0,13.0,-2.0,24.0,-3.322072220901635,45.08757844649062,20.88275311279449,24.204825333696128
2025_06_DET_KC,2025,6,30.0,17.0,13.0,47.0,-4.035103934178592,51.02902558292152,23.496960824371463,27.532064758550057
2025_06_LAC_MIA,2025,6,27.0,29.0,-2.0,56.0,-0.4107435784100293,46.50277190394163,23.0460141627658,23.456757741175828
2025_06_LA_BAL,2025,6,3.0,17.0,-14.0,20.0,1.1293382069784865,46.18002285206907,23.65468052952378,22.525342322545292
2025_06_NE_NO,2025,6,19.0,25.0,-6.0,44.0,-1.6879750664238047,48.36076980318957,23.336397368382883,25.024372434806686
2025_06_PHI_NYG,2025,6,34.0,17.0,17.0,51.0,-5.888672852295638,42.694636599250984,18.40298187347767,24.291654725773313
2025_06_SEA_JAX,2025,6,12.0,20.0,-8.0,32.0,-2.298802998856174,48.20246017894508,22.951828590044453,25.250631588900628
2025_06_SF_TB,2025,6,30.0,19.0,11.0,49.0,3.7141935796204484,50.31850285267553,27.01634821614799,23.30215463652754
2025_06_TEN_LV,2025,6,20.0,10.0,10.0,30.0,6.509009343653375,38.66609672034007,22.587553031996723,16.07854368834335
2025_07_ATL_SF,2025,7,20.0,10.0,10.0,30.0,-0.028575197992760426,44.35799774931866,22.164711275662953,22.19328647365571
2025_07_CAR_NYJ,2025,7,6.0,13.0,-7.0,19.0,0.8566382813361824,43.47944791458207,22.168043097959124,21.311404816622943
2025_07_GB_ARI,2025,7,23.0,27.0,-4.0,50.0,-4.359660393367644,51.64200097686763,23.641170291749994,28.000830685117634
2025_07_HOU_SEA,2025,7,27.0,19.0,8.0,46.0,2.8548600441752106,45.797146451086775,24.326003247630993,21.47114320345578
2025_07_IND_LAC,2025,7,24.0,38.0,-14.0,62.0,-0.6298814702675164,49.342866266108445,24.356492397920466,24.98637386818798
2025_07_LA_JAX,2025,7,7.0,35.0,-28.0,42.0,-3.4586256012820344,44.6977559078523,20.61956515328513,24.078190754567167
2025_07_LV_KC,2025,7,31.0,0.0,31.0,31.0,9.710347181857353,46.55869086708248,28.134519024469917,18.424171842612566
2025_07_MIA_CLE,2025,7,31.0,6.0,25.0,37.0,-5.635231148393903,42.07534493294356,18.220056892274826,23.855288040668732
2025_07_NE_TEN,2025,7,13.0,31.0,-18.0,44.0,-8.351660348886089,40.05855382765099,15.85344673938245,24.20510708826854
2025_07_NO_CHI,2025,7,26.0,14.0,12.0,40.0,2.238563174863459,42.98508771032571,22.611825442594583,20.373262267731125
2025_07_NYG_DEN,2025,7,33.0,32.0,1.0,65.0,7.317594955167058,41.43557703472038,24.37658599494372,17.05899103977666
2025_07_PHI_MIN,2025,7,22.0,28.0,-6.0,50.0,0.5297763403372878,47.49469097670085,24.01223365851907,23.482457318181783
2025_07_PIT_CIN,2025,7,33.0,31.0,2.0,64.0,-2.156373010755172,45.482661327537244,21.663144158391034,23.81951716914621
2025_07_TB_DET,2025,7,24.0,9.0,15.0,33.0,4.7980396362893245,59.14778801742321,31.972913826856267,27.174874190566943
2025_07_WAS_DAL,2025,7,44.0,22.0,22.0,66.0,-3.682191568130502,53.9603524426513,25.139080437260397,28.821272005390902
2025_08_BUF_CAR,2025,8,9.0,40.0,-31.0,49.0,-5.75718759540594,46.790639334161895,20.51672586937798,26.273913464783917
2025_08_CHI_BAL,2025,8,30.0,16.0,14.0,46.0,4.273961956543478,45.000851629159996,24.63740679285174,20.363444836308258
2025_08_CLE_NE,2025,8,32.0,13.0,19.0,45.0,10.498066894953753,43.67924454596452,27.088655720459137,16.590588825505385
2025_08_DAL_DEN,2025,8,44.0,24.0,20.0,68.0,5.331308230553699,50.56712445147277,27.949216341013233,22.61790811045954
2025_08_GB_PIT,2025,8,25.0,35.0,-10.0,60.0,-4.391249732846731,49.04330564393096,22.326027955542113,26.717277688388844
2025_08_MIA_ATL,2025,8,10.0,34.0,-24.0,44.0,5.70100244405756,48.59138022702548,27.14619133554152,21.445188891483962
2025_08_MIN_LAC,2025,8,37.0,10.0,27.0,47.0,0.47480495037440573,45.50623542256395,22.990520186469176,22.51571523609477
2025_08_NYG_PHI,2025,8,38.0,20.0,18.0,58.0,6.2476427409381365,45.10095133201975,25.67429703647894,19.426654295540807
2025_08_NYJ_CIN,2025,8,38.0,39.0,-1.0,77.0,1.6233233814425185,45.04279245283427,23.333057917138394,21.709734535695876
2025_08_SF_HOU,2025,8,26.0,15.0,11.0,41.0,0.2770076665549126,44.815650004993394,22.546328835774155,22.26932116921924
2025_08_TEN_IND,2025,8,38.0,14.0,24.0,52.0,14.727074475839808,46.699660595199646,30.713367535519726,15.98629305967992
2025_08_WAS_KC,2025,8,28.0,7.0,21.0,35.0,5.79404657659626,49.56656254166823,27.680304559132246,21.886257982535987
2025_09_ARI_DAL,2025,9,17.0,27.0,-10.0,44.0,1.3087737498789997,53.84167050131818,27.57522212559859,26.266448375719587
2025_09_ATL_NE,2025,9,24.0,23.0,1.0,47.0,4.9379062377469305,46.08544322309946,25.511674730423195,20.573768492676265
2025_09_BAL_MIA,2025,9,6.0,28.0,-22.0,34.0,-3.7102638449209993,50.685281944952266,23.487509050015632,27.197772894936634
2025_09_CAR_GB,2025,9,13.0,16.0,-3.0,29.0,11.783978981586783,47.404057504364964,29.594018242975874,17.81003926138909
2025_09_CHI_CIN,2025,9,42.0,47.0,-5.0,89.0,1.2055580683519838,48.69641745569977,24.95098776202588,23.745429693673895
2025_09_DEN_HOU,2025,9,15.0,18.0,-3.0,33.0,-3.4256722892201896,45.909580099826385,21.2419539053031,24.667626194523287
2025_09_IND_PIT,2025,9,27.0,20.0,7.0,47.0,-5.422628368814895,50.25421054646907,22.415791088827085,27.838419457641983
2025_09_JAX_LV,2025,9,29.0,30.0,-1.0,59.0,-4.036227635428639,41.739515670091386,18.851644017331374,22.887871652760012
2025_09_KC_BUF,2025,9,28.0,21.0,7.0,49.0,-0.1111564475680813,50.31645711782961,25.102650335130765,25.213806782698843
2025_09_LAC_TEN,2025,9,20.0,27.0,-7.0,47.0,-10.158171479008784,39.7658678531808,14.803848187086007,24.962019666094793
2025_09_MIN_DET,2025,9,24.0,27.0,-3.0,51.0,11.612519130627735,46.90369736785871,29.25810824924322,17.64558911861549
2025_09_SEA_WAS,2025,9,14.0,38.0,-24.0,52.0,1.3072476390304333,48.60891324909275,24.958080444061594,23.650832805031158
2025_09_SF_NYG,2025,9,24.0,34.0,-10.0,58.0,-1.6273894023177646,44.557939817357955,21.465275207520094,23.09266460983786
2025_10_ARI_SEA,2025,10,44.0,22.0,22.0,66.0,4.858141858679273,48.14778286171834,26.502962360198808,21.644820501519533
2025_10_ATL_IND,2025,10,31.0,25.0,6.0,56.0,6.205411727526159,50.042023607264014,28.123717667395088,21.918305939868926
2025_10_BAL_MIN,2025,10,19.0,27.0,-8.0,46.0,-5.59154584494992,47.51618225366439,20.962318204357235,26.553864049307155
2025_10_BUF_MIA,2025,10,30.0,13.0,17.0,43.0,-8.46957100957908,48.15089001993284,19.84065950517688,28.310230514755958
2025_10_CLE_NYJ,2025,10,27.0,20.0,7.0,47.0,7.572991370441359,40.8954764963127,24.23423393337703,16.661242562935673
2025_10_DET_WAS,2025,10,22.0,44.0,-22.0,66.0,-5.089906964124396,50.286983441885575,22.59853823888059,27.688445203004985
2025_10_JAX_HOU,2025,10,36.0,29.0,7.0,65.0,1.5265181650324118,44.30645514473648,22.916486654884448,21.389968489852034
2025_10_LA_SF,2025,10,26.0,42.0,-16.0,68.0,-3.9086404069128537,45.74777104343177,20.91956531825946,24.82820572517231
2025_10_LV_DEN,2025,10,10.0,7.0,3.0,17.0,10.31576165633762,44.65866319895064,27.48721242764413,17.17145077130651
2025_10_NE_TB,2025,10,23.0,28.0,-5.0,51.0,1.1828640984814227,50.534106866083285,25.858485482282354,24.67562138380093
2025_10_NO_CAR,2025,10,7.0,17.0,-10.0,24.0,4.802091295478672,34.336852200496004,19.569471747987336,14.767380452508666
2025_10_NYG_CHI,2025,10,24.0,20.0,4.0,44.0,3.3291171414515004,46.121277715085,24.72519742826825,21.39608028681675
2025_10_PHI_GB,2025,10,7.0,10.0,-3.0,17.0,2.9724980328857047,51.84239993754821,27.407448985216956,24.434950952331253
2025_10_PIT_LAC,2025,10,25.0,10.0,15.0,35.0,6.872455010661704,49.04754892702299,27.960001968842345,21.087546958180642
2025_11_CAR_ATL,2025,11,27.0,30.0,-3.0,57.0,5.210273484566125,45.878152707682034,25.54421309612408,20.333939611557955
2025_11_CHI_MIN,2025,11,17.0,19.0,-2.0,36.0,-1.5681258597676908,43.83354044536487,21.13270729279859,22.70083315256628
2025_11_CIN_PIT,2025,11,34.0,12.0,22.0,46.0,0.8417110887926801,44.22328434538727,22.532497717089974,21.690786628297296
2025_11_DAL_LV,2025,11,16.0,33.0,-17.0,49.0,-3.1949266117475927,46.7108273218034,21.757950355027905,24.952876966775495
2025_11_DET_PHI,2025,11,16.0,9.0,7.0,25.0,-3.2959003798523705,49.99632489423112,23.350212257189376,26.646112637041746
2025_11_GB_NYG,2025,11,20.0,27.0,-7.0,47.0,-8.018820769771185,45.50937755632233,18.74527839327557,26.764099163046758
2025_11_HOU_TEN,2025,11,13.0,16.0,-3.0,29.0,-7.607056356252404,36.988507071380525,14.69072535756406,22.297781713816462
2025_11_KC_DEN,2025,11,22.0,19.0,3.0,41.0,-1.890948963376063,44.47280097961374,21.290926008118838,23.1818749714949
2025_11_LAC_JAX,2025,11,35.0,6.0,29.0,41.0,-4.655852803228576,44.63795549244731,19.991051344609367,24.646904147837944
2025_11_NYJ_NE,2025,11,27.0,14.0,13.0,41.0,8.603739111893708,47.12749774533188,27.865618428612795,19.261879316719085
2025_11_SEA_LA,2025,11,21.0,19.0,2.0,40.0,4.66969075948527,54.011414354308116,29.340552556896693,24.670861797411423
2025_11_SF_ARI,2025,11,22.0,41.0,-19.0,63.0,-0.1659943198482785,51.50544010361808,25.6697228918849,25.83571721173318
2025_11_TB_BUF,2025,11,44.0,32.0,12.0,76.0,4.178025149361848,47.79230248960903,25.98516381948544,21.80713867012359
2025_11_WAS_MIA,2025,11,16.0,13.0,3.0,29.0,0.04267625839923306,49.61045757076367,24.826566914581452,24.78389065618222
2025_12_ATL_NO,2025,12,10.0,24.0,-14.0,34.0,-2.631772806112793,42.59691609673504,19.982571645311126,22.614344451423918
2025_12_BUF_HOU,2025,12,23.0,19.0,4.0,42.0,-3.603083490751133,49.456142640672326,22.926529574960597,26.52961306571173
2025_12_CAR_SF,2025,12,20.0,9.0,11.0,29.0,7.043137272687245,48.656239800016586,27.849688536351916,20.80655126366467
2025_12_IND_KC,2025,12,23.0,20.0,3.0,43.0,1.3430704983214792,49.61050520824501,25.476787853283245,24.133717354961764
2025_12_JAX_ARI,2025,12,24.0,27.0,-3.0,51.0,0.36777452785482345,47.67751372288811,24.022644125371464,23.654869597516644
2025_12_MIN_GB,2025,12,23.0,6.0,17.0,29.0,9.96272085637546,41.10185313695372,25.532286996664592,15.56956614028913
2025_12_NE_CIN,2025,12,20.0,26.0,-6.0,46.0,-5.707865863792925,52.51158862870787,23.401861382457472,29.109727246250397
2025_12_NYG_DET,2025,12,34.0,27.0,7.0,61.0,11.961100089620448,52.10190004260415,32.0315000661123,20.07039997649185
2025_12_NYJ_BAL,2025,12,23.0,10.0,13.0,33.0,10.838749060665853,45.88148858047381,28.36011882056983,17.521369759903976
2025_12_PHI_DAL,2025,12,24.0,21.0,3.0,45.0,-1.1899362961165225,53.13500916628345,25.972536435083466,27.162472731199987
2025_12_PIT_CHI,2025,12,31.0,28.0,3.0,59.0,2.3615655552550914,47.05536724778259,24.70846640151884,22.34690084626375
2025_12_SEA_TEN,2025,12,24.0,30.0,-6.0,54.0,-10.675523863491298,43.37695435944261,16.350715247975653,27.026239111466953
2025_12_TB_LA,2025,12,34.0,7.0,27.0,41.0,5.781120796529424,51.356199813132335,28.56866030483088,22.787539508301457
2025_13_ARI_TB,2025,13,20.0,17.0,3.0,37.0,1.5308686552825352,47.42788297596548,24.479375815624007,22.948507160341475
2025_13_ATL_NYJ,2025,13,27.0,24.0,3.0,51.0,-2.6753243772873754,41.89307946713009,19.60887754492136,22.284201922208734
2025_13_BUF_PIT,2025,13,7.0,26.0,-19.0,33.0,-3.209450478116258,45.70518467077296,21.24786709632835,24.45731757444461
2025_13_CHI_PHI,2025,13,15.0,24.0,-9.0,39.0,4.480321342137467,43.71815439691164,24.099237869524554,19.61891652738709
2025_13_CIN_BAL,2025,13,14.0,32.0,-18.0,46.0,7.003196620922812,50.208703119453745,28.60594987018828,21.602753249265465
2025_13_DEN_WAS,2025,13,26.0,27.0,-1.0,53.0,-0.5956049337249649,45.95225948044728,22.67832727336116,23.273932207086123
2025_13_GB_DET,2025,13,24.0,31.0,-7.0,55.0,1.2384502332870369,51.95288719282758,26.59566871305731,25.35721847977027
2025_13_HOU_IND,2025,13,16.0,20.0,-4.0,36.0,3.8179843521351007,49.29973872212151,26.558861537128305,22.740877184993206
2025_13_JAX_TEN,2025,13,3.0,25.0,-22.0,28.0,-7.336022784452052,39.84070408803579,16.25234065179187,23.588363436243924
2025_13_KC_DAL,2025,13,31.0,28.0,3.0,59.0,-3.188358381441617,51.60992955114391,24.210785584851145,27.399143966292762
2025_13_LA_CAR,2025,13,31.0,28.0,3.0,59.0,-10.568416365264527,41.123893221285655,15.277738428010565,25.84615479327509
2025_13_LV_LAC,2025,13,31.0,14.0,17.0,45.0,8.75657318991699,42.617607490377935,25.687090340147464,16.93051715023047
2025_13_NO_MIA,2025,13,21.0,17.0,4.0,38.0,4.763217045830225,39.54468903782247,22.153953041826348,17.390735995996124
2025_13_NYG_NE,2025,13,33.0,15.0,18.0,48.0,7.571972812193936,47.26074365692494,27.416358234559436,19.8443854223655
2025_13_SF_CLE,2025,13,8.0,26.0,-18.0,34.0,-10.214282913728141,36.193623460925274,12.989670273598566,23.203953187326707
2025_14_CHI_GB,2025,14,28.0,21.0,7.0,49.0,8.03085127964494,44.231690475729714,26.131270877687328,18.100419598042386
2025_14_CIN_BUF,2025,14,39.0,34.0,5.0,73.0,7.25636080350661,49.6683085871935,28.462334695350055,21.205973891843446
2025_14_DAL_DET,2025,14,44.0,30.0,14.0,74.0,5.43123316201959,54.793205100507,30.112219131263295,24.680985969243707
2025_14_DEN_LV,2025,14,17.0,24.0,-7.0,41.0,-7.870605614109696,40.72675330320118,16.428073844545743,24.298679458655435
2025_14_HOU_KC,2025,14,10.0,20.0,-10.0,30.0,4.135929742903679,44.32173663675486,24.22883318982927,20.092903446925593
2025_14_LA_ARI,2025,14,17.0,45.0,-28.0,62.0,-5.372262572049702,47.24207833149954,20.93490787972492,26.30717045177462
2025_14_NO_TB,2025,14,20.0,24.0,-4.0,44.0,4.8454325847544375,40.0315862006816,22.438509392718018,17.593076807963584
2025_14_PHI_LAC,2025,14,22.0,19.0,3.0,41.0,1.1397436006141253,48.3698603900497,24.754801995331913,23.61505839471779
2025_14_PIT_BAL,2025,14,22.0,27.0,-5.0,49.0,6.010331559443648,42.129319469005694,24.06982551422467,18.059493954781022
2025_14_SEA_ATL,2025,14,9.0,37.0,-28.0,46.0,-2.9109733163719795,48.6498549615,22.86944082256401,25.78041413893599
2025_14_TEN_CLE,2025,14,29.0,31.0,-2.0,60.0,1.826498954360512,32.1295072021294,16.978003078244956,15.151504123884445
2025_14_WAS_MIN,2025,14,31.0,0.0,31.0,31.0,-5.467028597713705,41.456683124213896,17.994827263250095,23.4618558609638
2025_15_ARI_HOU,2025,15,40.0,20.0,20.0,60.0,4.2498340083971105,47.19997558817538,25.724904798286243,21.475070789889134
2025_15_ATL_TB,2025,15,28.0,29.0,-1.0,57.0,1.3163912369509534,44.73101687035186,23.023704053651407,21.70731281670045
2025_15_BAL_CIN,2025,15,0.0,24.0,-24.0,24.0,-1.2385821104177432,44.81409230543352,21.787755097507887,23.026337207925632
2025_15_BUF_NE,2025,15,31.0,35.0,-4.0,66.0,-0.09716198415634403,50.076200763399804,24.98951938962173,25.086681373778074
2025_15_CAR_NO,2025,15,20.0,17.0,3.0,37.0,2.481268517413449,43.37402551986419,22.92764701863882,20.44637850122537
2025_15_CLE_CHI,2025,15,31.0,3.0,28.0,34.0,9.152845015372165,31.553541489072312,20.35319325222224,11.200348236850074
2025_15_DET_LA,2025,15,41.0,34.0,7.0,75.0,5.2663175340570225,53.31843924636946,29.29237839021324,24.026060856156217
2025_15_GB_DEN,2025,15,34.0,26.0,8.0,60.0,-0.8535417925935194,47.895388366626676,23.52092328701658,24.374465079610097
2025_15_IND_SEA,2025,15,18.0,16.0,2.0,34.0,5.269027829639152,48.41991795783575,26.84447289373745,21.5754450640983
2025_15_LAC_KC,2025,15,13.0,16.0,-3.0,29.0,3.4044901640782443,43.390530871794695,23.39751051793647,19.993020353858224
2025_15_LV_PHI,2025,15,31.0,0.0,31.0,31.0,10.182224454566102,39.130972692839464,24.656598573702784,14.47437411913668
2025_15_MIA_PIT,2025,15,28.0,15.0,13.0,43.0,-1.1428613197133506,41.53157624403859,20.19435746216262,21.33721878187597
2025_15_MIN_DAL,2025,15,26.0,34.0,-8.0,60.0,4.775365117171986,46.15973250708016,25.467548812126072,20.692183694954085
2025_15_TEN_SF,2025,15,37.0,24.0,13.0,61.0,12.161099672357786,44.446591855738035,28.30384576404791,16.142746091690125
2025_15_WAS_NYG,2025,15,21.0,29.0,-8.0,50.0,0.3690930815911113,45.94734317254414,23.158218127067624,22.789125045476514
2025_16_ATL_ARI,2025,16,19.0,26.0,-7.0,45.0,0.24943488358690025,49.466325819165704,24.857880351376302,24.6084454677894
2025_16_BUF_CLE,2025,16,20.0,23.0,-3.0,43.0,-13.634043953034835,37.698880787701505,12.032418417333336,25.66646237036817
2025_16_GB_CHI,2025,16,22.0,16.0,6.0,38.0,-2.374222720058362,48.76846012980191,23.197118704871773,25.571341424930136
2025_16_JAX_DEN,2025,16,20.0,34.0,-14.0,54.0,2.5588479959766453,46.772974901105755,24.665911448541202,22.107063452564553
2025_16_LAC_DAL,2025,16,17.0,34.0,-17.0,51.0,-0.21639754739465134,50.326197017585876,25.054899735095614,25.271297282490263
2025_16_LA_SEA,2025,16,38.0,37.0,1.0,75.0,-1.9048120343853359,43.616142450581506,20.855665208098085,22.76047724248342
2025_16_LV_HOU,2025,16,23.0,21.0,2.0,44.0,12.607227793024254,44.89385461290692,28.750541202965586,16.143313409941335
2025_16_MIN_NYG,2025,16,13.0,16.0,-3.0,29.0,0.9005273439782104,38.68553250229044,19.793029923134327,18.892502579156115
2025_16_NE_BAL,2025,16,24.0,28.0,-4.0,52.0,-0.5970711721862816,46.93099911980137,23.166963973807544,23.764035145993827
2025_16_NYJ_NO,2025,16,29.0,6.0,23.0,35.0,7.609604603862782,36.927775966271525,22.268690285067155,14.659085681204372
2025_16_PHI_WAS,2025,16,18.0,29.0,-11.0,47.0,-3.8838157066977743,46.08542044791379,21.100802370608008,24.984618077305782
2025_16_PIT_DET,2025,16,24.0,29.0,-5.0,53.0,5.297563368070717,52.77777715915451,29.037670263612615,23.740106895541896
2025_16_SF_IND,2025,16,27.0,48.0,-21.0,75.0,0.5414360160228012,55.116345837661456,27.828890926842128,27.287454910819328
2025_16_TB_CAR,2025,16,23.0,20.0,3.0,43.0,-1.4292463851692705,45.07033393469826,21.820543774764495,23.249790159933767
2025_17_ARI_CIN,2025,17,37.0,14.0,23.0,51.0,3.073204507758301,50.082870710730646,26.578037609244472,23.504833101486174
2025_17_BAL_GB,2025,17,24.0,41.0,-17.0,65.0,0.8127889939608417,40.81959207751146,20.81619053573615,20.003401541775307
2025_17_CHI_SF,2025,17,42.0,38.0,4.0,80.0,3.964469121673381,50.10951634225681,27.036992731965096,23.072523610291714
2025_17_DAL_WAS,2025,17,23.0,30.0,-7.0,53.0,-0.6990922988265422,49.05017071846229,24.175539209817874,24.874631508644416
2025_17_HOU_LAC,2025,17,16.0,20.0,-4.0,36.0,2.465018333453243,46.68442986429969,24.574724098876466,22.10970576542322
2025_17_JAX_IND,2025,17,17.0,23.0,-6.0,40.0,-1.0224456836185014,52.28505428562063,25.631304301001066,26.653749984619566
2025_17_LA_ATL,2025,17,27.0,24.0,3.0,51.0,-7.749098729248585,50.07587015813135,21.163385714441382,28.91248444368997
2025_17_NE_NYJ,2025,17,10.0,42.0,-32.0,52.0,-11.958626478039664,42.73213623421608,15.386754878088208,27.34538135612787
2025_17_NO_TEN,2025,17,26.0,34.0,-8.0,60.0,-4.446614559013762,36.87962882279165,16.216507131888946,20.663121690902706
2025_17_NYG_LV,2025,17,10.0,34.0,-24.0,44.0,-1.1505343368138796,42.12846290795804,20.48896428557208,21.639498622385958
2025_17_PHI_BUF,2025,17,12.0,13.0,-1.0,25.0,1.3125364656199567,50.76589889029346,26.039217677956707,24.72668121233675
2025_17_PIT_CLE,2025,17,13.0,6.0,7.0,19.0,-7.967067890244447,35.52510256203365,13.779017335894602,21.74608522613905
2025_17_SEA_CAR,2025,17,10.0,27.0,-17.0,37.0,-7.499114389353924,44.66846454246348,18.58467507655478,26.0837894659087
2025_18_ARI_LA,2025,18,37.0,20.0,17.0,57.0,11.797197275810277,52.05388436247239,31.925540819141332,20.128343543331056
2025_18_BAL_PIT,2025,18,26.0,24.0,2.0,50.0,-1.3107452431993576,43.991567988398714,21.34041137259968,22.651156615799035
2025_18_CAR_TB,2025,18,16.0,14.0,2.0,30.0,5.620285696072546,44.515647523001604,25.067966609537073,19.44768091346453
2025_18_CLE_CIN,2025,18,18.0,20.0,-2.0,38.0,11.99610861705981,40.73563610788769,26.365872362473752,14.369763745413941
2025_18_DET_CHI,2025,18,16.0,19.0,-3.0,35.0,0.8391057348181092,49.37916856790048,25.109137151359295,24.270031416541183
2025_18_KC_LV,2025,18,14.0,12.0,2.0,26.0,-3.7248454853916027,41.29964642150185,18.78740046805512,22.512245953446726
2025_18_LAC_DEN,2025,18,19.0,3.0,16.0,22.0,7.349674330497885,41.814634114177615,24.58215422233775,17.232479891839866
2025_18_MIA_NE,2025,18,38.0,10.0,28.0,48.0,11.08557378788085,51.8181767298429,31.451875258861875,20.36630147098102
2025_18_NO_ATL,2025,18,19.0,17.0,2.0,36.0,1.4112681191599274,46.103628567762954,23.75744834346144,22.346180224301513
2025_18_NYJ_BUF,2025,18,35.0,8.0,27.0,43.0,15.746291374653083,37.863495872207515,26.8048936234303,11.058602248777216
2025_18_SEA_SF,2025,18,3.0,13.0,-10.0,16.0,-0.608367036701684,50.62190612856763,25.006769545932972,25.61513658263466
2025_18_TEN_JAX,2025,18,41.0,7.0,34.0,48.0,11.874758071216373,43.7121314269227,27.793444749069536,15.918686677853165
