game_id,season,week,home_score,away_score,actual_margin,actual_total,pred_margin,pred_total,pred_home_score,pred_away_score
2022_01_BAL_NYJ,2022,1,9.0,24.0,-15.0,33.0,-7.306131494691164,45.65113563777054,19.172502071539686,26.47863356623085
2022_01_BUF_LA,2022,1,10.0,31.0,-21.0,41.0,-5.989390167790466,52.97211972452876,23.491364778369146,29.480754946159614
2022_01_CLE_CAR,2022,1,24.0,26.0,-2.0,50.0,-6.499034457393137,41.19127757989753,17.346121561252197,23.845156018645334
2022_01_DEN_SEA,2022,1,17.0,16.0,1.0,33.0,5.150727138696039,47.897785100031186,26.524256119363613,21.373528980667572
2022_01_GB_MIN,2022,1,23.0,7.0,16.0,30.0,-10.138059185091585,56.183769112494616,23.022854963701516,33.1609141487931
2022_01_IND_HOU,2022,1,20.0,20.0,0.0,40.0,-8.732975209748393,46.80424034373086,19.035632566991232,27.76860777673963
2022_01_JAX_WAS,2022,1,28.0,22.0,6.0,50.0,4.01581240634011,42.647957273752816,23.331884840046463,19.316072433706353
2022_01_KC_ARI,2022,1,21.0,44.0,-23.0,65.0,-4.5752336801772495,52.40987748873101,23.917321904276882,28.49255558445413
2022_01_LV_LAC,2022,1,24.0,19.0,5.0,43.0,6.2316415368591125,52.38944106712577,29.310541301992444,23.07889976513333
2022_01_NE_MIA,2022,1,20.0,7.0,13.0,27.0,-3.8222702938049644,42.998766750223595,19.588248228209316,23.41051852201428
2022_01_NO_ATL,2022,1,26.0,27.0,-1.0,53.0,-6.696985035329678,48.20051036674648,20.7517626657084,27.448747701038076
2022_01_NYG_TEN,2022,1,20.0,21.0,-1.0,41.0,12.618125801982108,41.60802230308044,27.113074052531275,14.494948250549164
2022_01_PHI_DET,2022,1,35.0,38.0,-3.0,73.0,-2.2828443220124854,50.514906160102164,24.11603091904484,26.398875241057326
2022_01_PIT_CIN,2022,1,20.0,23.0,-3.0,43.0,1.6987533201858054,48.68071527889009,25.18973429953795,23.49098097935214
2022_01_SF_CHI,2022,1,19.0,10.0,9.0,29.0,-7.787492098456206,41.19297922990684,16.702743565725317,24.490235664181522
2022_01_TB_DAL,2022,1,3.0,19.0,-16.0,22.0,-0.20006761835082532,54.616300128776224,27.2081162552127,27.408183873563523
2022_02_ARI_LV,2022,2,23.0,29.0,-6.0,52.0,-1.398238477540549,47.412716022328794,23.00723877239412,24.405477249934673
2022_02_ATL_LA,2022,2,31.0,27.0,4.0,58.0,8.505249724141025,48.20562471194632,28.355437218043672,19.85018749390265
2022_02_CAR_NYG,2022,2,19.0,16.0,3.0,35.0,0.7501480141585873,38.00867569056171,19.37941185236015,18.62926383820156
2022_02_CHI_GB,2022,2,27.0,10.0,17.0,37.0,12.500165330679708,43.36885623453118,27.934510782605443,15.434345451925736
2022_02_HOU_DEN,2022,2,16.0,9.0,7.0,25.0,6.240339115622606,45.202044683279524,25.721191899451064,19.48085278382846
2022_02_IND_JAX,2022,2,24.0,0.0,24.0,24.0,-5.53662932033082,41.928748378403384,18.196059529036283,23.7326888493671
2022_02_LAC_KC,2022,2,27.0,24.0,3.0,51.0,5.565035217263144,55.34635597427847,30.455695595770806,24.89066037850766
2022_02_MIA_BAL,2022,2,38.0,42.0,-4.0,80.0,-1.1857871688836257,43.49478916841951,21.15450099976794,22.34028816865157
2022_02_MIN_PHI,2022,2,24.0,7.0,17.0,31.0,4.801332748465979,49.98062662076223,27.390979684614106,22.589646936148124
2022_02_NE_PIT,2022,2,14.0,17.0,-3.0,31.0,-5.7870249789922275,42.91978539775117,18.56638020937947,24.3534051883717
2022_02_NYJ_CLE,2022,2,30.0,31.0,-1.0,61.0,9.835723951431639,44.56449656269835,27.200110257064996,17.364386305633356
2022_02_SEA_SF,2022,2,27.0,7.0,20.0,34.0,4.292727744126149,46.22837489874376,25.260551321434953,20.967823577308806
2022_02_TB_NO,2022,2,10.0,20.0,-10.0,30.0,-7.7437226346532535,49.56675431498164,20.911515840164192,28.655238474817445
2022_02_TEN_BUF,2022,2,41.0,7.0,34.0,48.0,8.740547341808348,48.03833229783456,28.389439819821455,19.648892478013103
2022_02_WAS_DET,2022,2,36.0,27.0,9.0,63.0,-0.10855358600606879,48.04590337050357,23.96867489224875,24.077228478254817
2022_03_ATL_SEA,2022,3,23.0,27.0,-4.0,50.0,7.371522048802444,44.35610471606708,25.863813382434763,18.492291333632316
2022_03_BAL_NE,2022,3,26.0,37.0,-11.0,63.0,6.351701332636099,47.21842161555243,26.785061474094263,20.433360141458166
2022_03_BUF_MIA,2022,3,21.0,19.0,2.0,40.0,-6.467506792054958,47.09416950146494,20.313331354704992,26.780838146759947
2022_03_CIN_NYJ,2022,3,12.0,27.0,-15.0,39.0,-5.688333611230372,48.058605084475154,21.185135736622392,26.87346934785276
2022_03_DAL_NYG,2022,3,16.0,23.0,-7.0,39.0,-9.990129031830806,40.964539212717206,15.4872050904432,25.477334122274005
2022_03_DET_MIN,2022,3,28.0,24.0,4.0,52.0,1.6641421394188103,51.71339041365426,26.688766276536533,25.024624137117726
2022_03_GB_TB,2022,3,12.0,14.0,-2.0,26.0,0.6906101261697082,49.22615976641702,24.958384946293364,24.267774820123655
2022_03_HOU_CHI,2022,3,23.0,20.0,3.0,43.0,2.1658074817259263,40.97977218724219,21.57278983448406,19.40698235275813
2022_03_JAX_LAC,2022,3,10.0,38.0,-28.0,48.0,7.6088782128032735,51.58170434024693,29.595291276525103,21.986413063721827
2022_03_KC_IND,2022,3,20.0,17.0,3.0,37.0,-8.995888596119833,49.483472466947546,20.243791935413856,29.23968053153369
2022_03_LA_ARI,2022,3,12.0,20.0,-8.0,32.0,-0.3987646529862071,49.731167942383635,24.666201644698713,25.064966297684922
2022_03_LV_TEN,2022,3,24.0,22.0,2.0,46.0,3.024072231375311,44.06870410183282,23.546388166604068,20.522315935228754
2022_03_NO_CAR,2022,3,22.0,14.0,8.0,36.0,-4.9392645504406,41.47560489959215,18.268170174575776,23.207434725016373
2022_03_PHI_WAS,2022,3,8.0,24.0,-16.0,32.0,-4.025735662053143,47.16186861668956,21.568066477318208,25.593802139371352
2022_03_PIT_CLE,2022,3,29.0,17.0,12.0,46.0,5.318610240870186,44.74316235525451,25.03088629806235,19.712276057192163
2022_03_SF_DEN,2022,3,11.0,10.0,1.0,21.0,-6.447727506647025,46.01301519860359,19.78264384597828,26.23037135262531
2022_04_ARI_CAR,2022,4,16.0,26.0,-10.0,42.0,-6.423863392891664,45.12875872601712,19.35244766656273,25.77631105945439
2022_04_BUF_BAL,2022,4,20.0,23.0,-3.0,43.0,-8.93212459434132,49.81139415072808,20.43963477819338,29.371759372534697
2022_04_CHI_NYG,2022,4,20.0,12.0,8.0,32.0,0.20369504986622877,36.03155374913442,18.117624399500322,17.913929349634095
2022_04_CLE_ATL,2022,4,23.0,20.0,3.0,43.0,-7.972942315099467,47.43530867975049,19.731183182325513,27.70412549742498
2022_04_DEN_LV,2022,4,32.0,23.0,9.0,55.0,2.6530597388216566,45.5440086827512,24.098534210786426,21.445474471964772
2022_04_JAX_PHI,2022,4,29.0,21.0,8.0,50.0,2.095140622954883,47.49341870113598,24.794279662045433,22.699139039090547
2022_04_KC_TB,2022,4,31.0,41.0,-10.0,72.0,-1.3043733190574787,49.285271563324095,23.99044912213331,25.294822441190785
2022_04_LAC_HOU,2022,4,24.0,34.0,-10.0,58.0,-9.54867763980449,50.85733237964966,20.654327369922587,30.203005009727075
2022_04_LA_SF,2022,4,24.0,9.0,15.0,33.0,1.5968552272424308,46.29240507849947,23.94463015287095,22.34777492562852
2022_04_MIA_CIN,2022,4,27.0,15.0,12.0,42.0,-0.5786106589495003,46.79188983106925,23.106639586059874,23.685250245009374
2022_04_MIN_NO,2022,4,25.0,28.0,-3.0,53.0,4.314717424064336,42.81893459693443,23.566826010499383,19.25210858643505
2022_04_NYJ_PIT,2022,4,20.0,24.0,-4.0,44.0,8.33743494333648,39.75911483478947,24.048274889062974,15.710839945726496
2022_04_SEA_DET,2022,4,45.0,48.0,-3.0,93.0,-3.7375562328636627,50.810333995930485,23.536388881533412,27.273945114397073
2022_04_TEN_IND,2022,4,17.0,24.0,-7.0,41.0,-1.365681803460808,45.12922191539962,21.881770055969405,23.247451859430214
2022_04_WAS_DAL,2022,4,25.0,10.0,15.0,35.0,8.166415345163092,48.26419173166009,28.21530353841159,20.0488881932485
2022_05_ATL_TB,2022,5,21.0,15.0,6.0,36.0,13.340657595410754,44.360299993267525,28.85047879433914,15.509821198928385
2022_05_CHI_MIN,2022,5,29.0,22.0,7.0,51.0,5.461748514179739,43.56533126088394,24.513539887531838,19.0517913733521
2022_05_CIN_BAL,2022,5,19.0,17.0,2.0,36.0,0.6911515908017076,49.17928489342789,24.9352182421148,24.24406665131309
2022_05_DAL_LA,2022,5,10.0,22.0,-12.0,32.0,0.7627396651689802,48.46962707997727,24.616183372573126,23.853443707404146
2022_05_HOU_JAX,2022,5,6.0,13.0,-7.0,19.0,8.562058414204063,42.793375064598266,25.677716739401163,17.115658325197103
2022_05_IND_DEN,2022,5,9.0,12.0,-3.0,21.0,-2.622145485867591,42.357761409422565,19.867807961777487,22.489953447645078
2022_05_LAC_CLE,2022,5,28.0,30.0,-2.0,58.0,-0.23245524942552576,50.09927564672985,24.93341019865216,25.16586544807769
2022_05_LV_KC,2022,5,30.0,29.0,1.0,59.0,8.592657251855005,49.99330283857318,29.292980045214094,20.700322793359085
2022_05_NYG_GB,2022,5,22.0,27.0,-5.0,49.0,11.071488638173314,43.990978360834866,27.53123349950409,16.459744861330776
2022_05_PHI_ARI,2022,5,17.0,20.0,-3.0,37.0,-0.04665858714843185,48.43062970936413,24.191985561107852,24.23864414825628
2022_05_SEA_NO,2022,5,39.0,32.0,7.0,71.0,1.1632620198481274,48.06804644442526,24.615654232136695,23.45239221228857
2022_05_SF_CAR,2022,5,15.0,37.0,-22.0,52.0,-10.1901008822163,41.98345717654709,15.896678147165396,26.086779029381695
2022_05_TEN_WAS,2022,5,17.0,21.0,-4.0,38.0,-4.76659823581275,43.8991591970334,19.566280480610324,24.332878716423075
2022_06_ARI_SEA,2022,6,19.0,9.0,10.0,28.0,1.3154797300502183,49.84722897713262,25.581354353591422,24.2658746235412
2022_06_BAL_NYG,2022,6,24.0,20.0,4.0,44.0,-3.325729293459332,43.00201610742632,19.838143406983495,23.163872700442827
2022_06_BUF_KC,2022,6,20.0,24.0,-4.0,44.0,-0.6639683724479809,52.538517882781875,25.937274755166946,26.60124312761493
2022_06_CAR_LA,2022,6,24.0,10.0,14.0,34.0,8.164063382249296,47.91742997076828,28.04074667650879,19.876683294259493
2022_06_CIN_NO,2022,6,26.0,30.0,-4.0,56.0,3.3919840022151386,47.556656427903,25.47432021505907,22.08233621284393
2022_06_DAL_PHI,2022,6,26.0,17.0,9.0,43.0,1.4195817621730527,45.78772161062133,23.603651686397193,22.18406992422414
2022_06_DEN_LAC,2022,6,19.0,16.0,3.0,35.0,9.440500845867373,50.19812507342031,29.819312959643838,20.37881211377647
2022_06_JAX_IND,2022,6,34.0,27.0,7.0,61.0,0.5084733415493917,40.76036755387336,20.634420447711374,20.125947106161984
2022_06_MIN_MIA,2022,6,16.0,24.0,-8.0,40.0,1.7409705839549234,46.24286910745644,23.991919845705684,22.25094926175076
2022_06_NE_CLE,2022,6,15.0,38.0,-23.0,53.0,-0.6151500699266966,42.5216931554741,20.9532715427737,21.568421612700398
2022_06_NYJ_GB,2022,6,10.0,27.0,-17.0,37.0,12.374979884877442,44.094875779656924,28.234927832267182,15.859947947389742
2022_06_SF_ATL,2022,6,28.0,14.0,14.0,42.0,-9.497853489218903,47.41068470546519,18.95641560812314,28.454269097342046
2022_06_WAS_CHI,2022,6,7.0,12.0,-5.0,19.0,-3.213016247925148,41.0776637825773,18.932323767326075,22.14534001525122
2022_07_ATL_CIN,2022,7,35.0,17.0,18.0,52.0,8.023255801622263,46.795210298026326,27.409233049824294,19.385977248202032
2022_07_CHI_NE,2022,7,14.0,33.0,-19.0,47.0,12.316921191684896,40.42849114654645,26.372706169115673,14.055784977430775
2022_07_CLE_BAL,2022,7,23.0,20.0,3.0,43.0,2.0482911032054827,46.04371683068405,24.046003966944767,21.99771286373928
2022_07_DET_DAL,2022,7,24.0,6.0,18.0,30.0,10.100073377065144,51.86624397995771,30.983158678511426,20.883085301446283
2022_07_GB_WAS,2022,7,23.0,21.0,2.0,44.0,-5.610467231695372,42.939482732821,18.664507750562812,24.274974982258186
2022_07_HOU_LV,2022,7,38.0,20.0,18.0,58.0,7.867829975377076,45.95738972276585,26.912609849071465,19.044779873694388
2022_07_IND_TEN,2022,7,19.0,10.0,9.0,29.0,4.066002751779408,44.357429482122924,24.211716116951166,20.14571336517176
2022_07_KC_SF,2022,7,23.0,44.0,-21.0,67.0,-1.0817771312453428,51.85624935593424,25.387236112344446,26.469013243589792
2022_07_NO_ARI,2022,7,42.0,34.0,8.0,76.0,-1.761991144308387,42.401969803431214,20.319989329561412,22.081980473869802
2022_07_NYG_JAX,2022,7,17.0,23.0,-6.0,40.0,2.993855547857829,42.88438934542995,22.93912244664389,19.945266898786063
2022_07_PIT_MIA,2022,7,16.0,10.0,6.0,26.0,4.960832989564264,45.078438775825205,25.019635882694736,20.05880289313047
2022_07_SEA_LAC,2022,7,23.0,37.0,-14.0,60.0,1.5124055663789413,52.443476560679926,26.977941063529435,25.46553549715049
2022_07_TB_CAR,2022,7,21.0,3.0,18.0,24.0,-12.150125114653859,43.11098918898956,15.480432037167848,27.63055715182171
2022_08_ARI_MIN,2022,8,34.0,26.0,8.0,60.0,0.4019847586318928,49.15734750196816,24.779666130300026,24.377681371668135
2022_08_BAL_TB,2022,8,22.0,27.0,-5.0,49.0,5.627866052804465,44.27306983042064,24.95046794161255,19.322601888808087
2022_08_CAR_ATL,2022,8,37.0,34.0,3.0,71.0,0.8359646667355487,50.86047444475741,25.84821955574648,25.01225488901093
2022_08_CHI_DAL,2022,8,49.0,29.0,20.0,78.0,10.243667020015174,41.38703234008683,25.815349680051003,15.57168266003583
2022_08_CIN_CLE,2022,8,32.0,13.0,19.0,45.0,-2.69462220871659,48.84276406485576,23.074070928069585,25.768693136786172
2022_08_DEN_JAX,2022,8,17.0,21.0,-4.0,38.0,5.419076079559735,42.51893018445223,23.969003132005984,18.549927052446247
2022_08_GB_BUF,2022,8,27.0,17.0,10.0,44.0,6.864819467795389,48.630555480460075,27.74768747412773,20.882868006332345
2022_08_LV_NO,2022,8,24.0,0.0,24.0,24.0,2.669193497357088,49.532649618194704,26.100921557775894,23.43172806041881
2022_08_MIA_DET,2022,8,27.0,31.0,-4.0,58.0,-6.382163649519223,49.89863884193695,21.758237596208865,28.140401245728086
2022_08_NE_NYJ,2022,8,17.0,22.0,-5.0,39.0,-8.133706543306909,44.9390018157377,18.402647636215395,26.536354179522302
2022_08_NYG_SEA,2022,8,27.0,13.0,14.0,40.0,4.800818107871055,47.64870233230106,26.224760220086058,21.423942112215006
2022_08_PIT_PHI,2022,8,35.0,13.0,22.0,48.0,5.862229945423388,46.43705746280625,26.14964370411482,20.287413758691432
2022_08_SF_LA,2022,8,14.0,31.0,-17.0,45.0,1.7040813495993499,47.90822312511659,24.80615223735797,23.10207088775862
2022_09_BAL_NO,2022,9,13.0,27.0,-14.0,40.0,4.3517702635912405,46.660571980411696,25.50617112200147,21.154400858410227
2022_09_BUF_NYJ,2022,9,20.0,17.0,3.0,37.0,-13.089644007617977,45.79664770736842,16.353501849875222,29.4431458574932
2022_09_CAR_CIN,2022,9,42.0,21.0,21.0,63.0,10.574166250370991,43.11989166570078,26.847028958035885,16.272862707664892
2022_09_GB_DET,2022,9,15.0,9.0,6.0,24.0,-5.966053899041399,50.8675610311681,22.45075356606335,28.41680746510475
2022_09_LAC_ATL,2022,9,17.0,20.0,-3.0,37.0,-4.905397333892709,52.04432610051573,23.569464383311512,28.47486171720422
2022_09_LA_TB,2022,9,16.0,13.0,3.0,29.0,3.299148059441438,45.315843525363206,24.30749579240232,21.008347732960885
2022_09_LV_JAX,2022,9,27.0,20.0,7.0,47.0,1.2204086973935917,42.453196402446856,21.836802549920225,20.61639385252663
2022_09_MIA_CHI,2022,9,32.0,35.0,-3.0,67.0,-6.9501134212531195,45.49402658621111,19.271956582478996,26.222070003732117
2022_09_MIN_WAS,2022,9,17.0,20.0,-3.0,37.0,-2.6177370869910037,42.48719640575939,19.934729659384193,22.5524667463752
2022_09_PHI_HOU,2022,9,17.0,29.0,-12.0,46.0,-12.7197106119067,48.32813021479244,17.80420980144287,30.52392041334957
2022_09_SEA_ARI,2022,9,21.0,31.0,-10.0,52.0,-2.1676451123747187,46.46577240701306,22.14906364731917,24.316708759693892
2022_10_ATL_CAR,2022,10,25.0,15.0,10.0,40.0,-1.4408548429783514,42.20986375432491,20.384504455673277,21.82535929865163
2022_10_CLE_MIA,2022,10,39.0,17.0,22.0,56.0,1.4451720130839618,48.72470677367485,25.084939393379408,23.639767380295446
2022_10_DAL_GB,2022,10,31.0,28.0,3.0,59.0,-4.435293063479498,44.33787618304483,19.951291559782664,24.386584623262163
2022_10_DEN_TEN,2022,10,17.0,10.0,7.0,27.0,6.749576648402332,42.13557206952557,24.442574358963952,17.69299771056162
2022_10_DET_CHI,2022,10,30.0,31.0,-1.0,61.0,0.05227247383480671,42.5999530232785,21.326112748556653,21.27384027472185
2022_10_HOU_NYG,2022,10,24.0,16.0,8.0,40.0,9.38783502723837,42.59912826970308,25.993481648470727,16.605646621232353
2022_10_IND_LV,2022,10,20.0,25.0,-5.0,45.0,0.525875630820881,44.83000636065004,22.67794099573546,22.152065364914577
2022_10_JAX_KC,2022,10,27.0,17.0,10.0,44.0,6.851847111214441,48.71189048832261,27.781868799768525,20.930021688554085
2022_10_LAC_SF,2022,10,22.0,16.0,6.0,38.0,4.789419488528965,50.22746096415427,27.508440226341616,22.719020737812652
2022_10_MIN_BUF,2022,10,30.0,33.0,-3.0,63.0,7.174135563326595,46.65766081123592,26.915898187281257,19.741762623954664
2022_10_NO_PIT,2022,10,20.0,10.0,10.0,30.0,-5.633125531034899,41.050585924971266,17.708730196968183,23.341855728003083
2022_10_SEA_TB,2022,10,21.0,16.0,5.0,37.0,1.8897163596455382,47.18241328301536,24.53606482133045,22.64634846168491
2022_10_WAS_PHI,2022,10,21.0,32.0,-11.0,53.0,8.78050776865999,43.41043503439115,26.09547140152557,17.314963632865577
2022_11_CAR_BAL,2022,11,13.0,3.0,10.0,16.0,10.462461943678962,43.7620964537259,27.11227919870243,16.64981725502347
2022_11_CHI_ATL,2022,11,27.0,24.0,3.0,51.0,1.3993818449159119,47.97483688655452,24.687109365735218,23.287727520819303
2022_11_CIN_PIT,2022,11,30.0,37.0,-7.0,67.0,-5.656837971581877,43.45314081023635,18.898151419327235,24.554989390909114
2022_11_CLE_BUF,2022,11,31.0,23.0,8.0,54.0,6.526282953174557,50.058642909184414,28.292462931179486,21.766179978004928
2022_11_DAL_MIN,2022,11,3.0,40.0,-37.0,43.0,-4.274125596191789,49.9125171307667,22.819195767287457,27.093321363479244
2022_11_DET_NYG,2022,11,18.0,31.0,-13.0,49.0,2.805463296790622,43.22147380029643,23.013468548543525,20.208005251752905
2022_11_KC_LAC,2022,11,27.0,30.0,-3.0,57.0,-8.637272125313022,55.81535850105257,23.589043187869777,32.226315313182795
2022_11_LA_NO,2022,11,27.0,20.0,7.0,47.0,3.6002921376781587,44.510847464588196,24.055569801133178,20.455277663455018
2022_11_LV_DEN,2022,11,16.0,22.0,-6.0,38.0,-0.7146877277945439,44.763942052006556,22.024627162106007,22.739314889900548
2022_11_NYJ_NE,2022,11,10.0,3.0,7.0,13.0,7.021437524509149,37.31557868996764,22.16850810723839,15.147070582729244
2022_11_PHI_IND,2022,11,16.0,17.0,-1.0,33.0,-4.395607123438179,45.53809238876453,20.57124263266318,24.966849756101354
2022_11_SF_ARI,2022,11,10.0,38.0,-28.0,48.0,-6.036251976113302,47.3592276999137,20.6614878619002,26.697739838013504
2022_11_TEN_GB,2022,11,17.0,27.0,-10.0,44.0,1.1511794589892368,42.07670616610197,21.613942812545602,20.46276335355637
2022_11_WAS_HOU,2022,11,10.0,23.0,-13.0,33.0,-6.849967295188672,43.564439372102555,18.357236038456943,25.207203333645612
2022_12_ATL_WAS,2022,12,19.0,13.0,6.0,32.0,3.580952721262553,41.33841195023104,22.4596823357468,18.878729614484243
2022_12_BAL_JAX,2022,12,28.0,27.0,1.0,55.0,-1.4432555247883743,40.221455817434745,19.389100146323184,20.83235567111156
2022_12_BUF_DET,2022,12,25.0,28.0,-3.0,53.0,-8.149897484443214,52.06068725473082,21.955394885143804,30.10529236958702
2022_12_CHI_NYJ,2022,12,31.0,10.0,21.0,41.0,-0.36501404299099305,45.33594159802086,22.485463777514934,22.850477820505926
2022_12_CIN_TEN,2022,12,16.0,20.0,-4.0,36.0,-2.082055905666993,47.86176573566416,22.889854914998583,24.971910820665574
2022_12_DEN_CAR,2022,12,23.0,10.0,13.0,33.0,-1.0918971965093123,38.95029824953309,18.929200526511888,20.021097723021203
2022_12_GB_PHI,2022,12,40.0,33.0,7.0,73.0,5.353602862584789,40.537005555724136,22.94530420915446,17.591701346569675
2022_12_HOU_MIA,2022,12,30.0,15.0,15.0,45.0,12.980004175253793,47.94118606643214,30.460595120842967,17.48059094558917
2022_12_LAC_ARI,2022,12,24.0,25.0,-1.0,49.0,-0.8341189047136467,49.77848751739966,24.472184306343006,25.306303211056655
2022_12_LV_SEA,2022,12,34.0,40.0,-6.0,74.0,8.500706532857823,48.263030673825554,28.381868603341687,19.881162070483867
2022_12_NE_MIN,2022,12,33.0,26.0,7.0,59.0,-5.064245391441881,44.766004683869696,19.850879646213908,24.915125037655788
2022_12_NO_SF,2022,12,13.0,0.0,13.0,13.0,5.165073750167249,48.24138184910898,26.703227799638114,21.53815404947087
2022_12_NYG_DAL,2022,12,28.0,20.0,8.0,48.0,9.4355932517647,51.86358340930991,30.649588330537306,21.213995078772605
2022_12_PIT_IND,2022,12,17.0,24.0,-7.0,41.0,1.2459095665885755,44.51082037578492,22.878364971186745,21.632455404598172
2022_12_TB_CLE,2022,12,23.0,17.0,6.0,40.0,-3.1011371393589218,45.56862676231325,21.233744811477166,24.334881950836085
2022_13_BUF_NE,2022,13,10.0,24.0,-14.0,34.0,-2.7603712782258305,43.950159370189304,20.594894045981736,23.35526532420757
2022_13_CLE_HOU,2022,13,14.0,27.0,-13.0,41.0,-7.904856843151157,49.07822150457553,20.586682330712186,28.491539173863345
2022_13_DEN_BAL,2022,13,10.0,9.0,1.0,19.0,9.312859453401602,41.6427731397161,25.47781629655885,16.16495684315725
2022_13_GB_CHI,2022,13,19.0,28.0,-9.0,47.0,-3.623255365495264,45.514929919051355,20.945837276778047,24.569092642273308
2022_13_IND_DAL,2022,13,54.0,19.0,35.0,73.0,10.0139602635,47.89773644067886,28.955848352089433,18.94188808858943
2022_13_JAX_DET,2022,13,40.0,14.0,26.0,54.0,-2.1310054853120204,52.42093358310441,25.144964048896192,27.275969534208215
2022_13_KC_CIN,2022,13,27.0,24.0,3.0,51.0,-2.516308347854595,55.28786090665354,26.385776279399472,28.90208462725407
2022_13_LAC_LV,2022,13,27.0,20.0,7.0,47.0,-1.7846736626839483,52.16637501885009,25.19085067808307,26.97552434076702
2022_13_NO_TB,2022,13,17.0,16.0,1.0,33.0,2.911096839605464,44.559845056690264,23.735470948147864,20.8243741085424
2022_13_NYJ_MIN,2022,13,27.0,22.0,5.0,49.0,1.058710932001893,48.32895063290754,24.693830782454718,23.635119850452824
2022_13_PIT_ATL,2022,13,16.0,19.0,-3.0,35.0,-1.500827883301056,48.71579004455191,23.607481080625426,25.108308963926483
2022_13_SEA_LA,2022,13,23.0,27.0,-4.0,50.0,-6.900056397082914,48.57983954649946,20.839891574708272,27.739947971791185
2022_13_TEN_PHI,2022,13,35.0,10.0,25.0,45.0,3.28472774468831,47.40202126036745,25.34337450252788,22.05864675783957
2022_13_WAS_NYG,2022,13,20.0,20.0,0.0,40.0,-2.1463166872411708,43.112435444522795,20.483059378640814,22.62937606588198
2022_14_BAL_PIT,2022,14,14.0,16.0,-2.0,30.0,-2.8656673750080057,39.358121328581376,18.246226976786684,21.111894351794692
2022_14_CAR_SEA,2022,14,24.0,30.0,-6.0,54.0,10.300888903946026,43.096085377849654,26.69848714089784,16.397598236951815
2022_14_CLE_CIN,2022,14,23.0,10.0,13.0,33.0,5.733293267348782,50.7014437482227,28.217368507785743,22.484075240436958
2022_14_HOU_DAL,2022,14,27.0,23.0,4.0,50.0,18.576114045097547,47.21076729364631,32.89344066937193,14.317326624274383
2022_14_JAX_TEN,2022,14,22.0,36.0,-14.0,58.0,0.3722247113638626,47.99457048781758,24.183397599590723,23.81117288822686
2022_14_KC_DEN,2022,14,28.0,34.0,-6.0,62.0,-12.220412706136514,48.085347964917126,17.932467629390306,30.15288033552682
2022_14_LV_LA,2022,14,17.0,16.0,1.0,33.0,-2.3931044827935275,49.05126000493267,23.329077761069573,25.7221822438631
2022_14_MIA_LAC,2022,14,23.0,17.0,6.0,40.0,-2.3936107900385797,51.87529878020875,24.740843995085086,27.134454785123665
2022_14_MIN_DET,2022,14,34.0,23.0,11.0,57.0,2.4215230679777586,52.44674599248171,27.434134530229734,25.012611462251975
2022_14_NE_ARI,2022,14,13.0,27.0,-14.0,40.0,-3.60877826189325,45.94034184501306,21.165781791559905,24.774560053453154
2022_14_NYJ_BUF,2022,14,20.0,12.0,8.0,32.0,9.669779232629478,45.25938097796815,27.464580105298815,17.794800872669335
2022_14_PHI_NYG,2022,14,22.0,48.0,-26.0,70.0,-6.663393395226376,44.97562998559957,19.156118295186594,25.819511690412973
2022_15_ARI_DEN,2022,15,24.0,15.0,9.0,39.0,-0.390997609858977,40.08711371452221,19.848058052331616,20.239055662190594
2022_15_BAL_CLE,2022,15,13.0,3.0,10.0,16.0,-0.9092583935092103,41.78213506151457,20.43643833400268,21.345696727511893
2022_15_CIN_TB,2022,15,23.0,34.0,-11.0,57.0,-1.3492506895008578,47.770727205459146,23.210738257979145,24.55998894748
2022_15_DAL_JAX,2022,15,40.0,34.0,6.0,74.0,-5.804422386319116,49.225191220476574,21.71038441707873,27.514806803397846
2022_15_DET_NYJ,2022,15,17.0,20.0,-3.0,37.0,-3.9776774151763044,46.37291666597301,21.197619625398353,25.175297040574655
2022_15_IND_MIN,2022,15,39.0,36.0,3.0,75.0,2.966542091983024,46.305202722327216,24.63587240715512,21.669330315172097
2022_15_KC_HOU,2022,15,24.0,30.0,-6.0,54.0,-16.487484454514565,50.10556044380211,16.809037994643774,33.29652244915834
2022_15_LA_GB,2022,15,24.0,12.0,12.0,36.0,7.611276969628606,39.27237284603407,23.441824907831336,15.83054793820273
2022_15_MIA_BUF,2022,15,32.0,29.0,3.0,61.0,4.492717235761225,46.85753225354628,25.675124744653754,21.182407508892528
2022_15_NE_LV,2022,15,30.0,24.0,6.0,54.0,-3.6504251478238197,46.029330764965934,21.18945280857106,24.839877956394876
2022_15_NYG_WAS,2022,15,12.0,20.0,-8.0,32.0,3.6862395170935716,40.23508517993507,21.96066234851432,18.27442283142075
2022_15_PHI_CHI,2022,15,20.0,25.0,-5.0,45.0,-10.279803272507088,40.90165416369017,15.31092544559154,25.590728718098628
2022_15_PIT_CAR,2022,15,16.0,24.0,-8.0,40.0,-1.9117798183196757,40.73186749104814,19.410043836364235,21.321823654683907
2022_15_SF_SEA,2022,15,13.0,21.0,-8.0,34.0,-4.805315007368708,47.33815303220053,21.266419012415913,26.071734019784618
2022_15_TEN_LAC,2022,15,17.0,14.0,3.0,31.0,2.6953715369196622,49.30437759694487,25.999874566932263,23.304503030012604
2022_16_BUF_CHI,2022,16,13.0,35.0,-22.0,48.0,-9.60787059273498,39.982783188819795,15.187456298042408,24.79532689077739
2022_16_CIN_NE,2022,16,18.0,22.0,-4.0,40.0,-4.063800030659022,44.006242119712525,19.97122104452675,24.035021075185774
2022_16_DEN_LA,2022,16,51.0,14.0,37.0,65.0,-1.1279384184289105,44.30255240245583,21.58730699201346,22.71524541044237
2022_16_DET_CAR,2022,16,37.0,23.0,14.0,60.0,-4.636049350786524,43.34769374564715,19.355822197430314,23.991871548216835
2022_16_GB_MIA,2022,16,20.0,26.0,-6.0,46.0,-0.17198545420712807,45.42174035438104,22.62487745008696,22.796862904294084
2022_16_HOU_TEN,2022,16,14.0,19.0,-5.0,33.0,10.207393002043856,35.46460143747086,22.83599721975736,12.628604217713502
2022_16_JAX_NYJ,2022,16,3.0,19.0,-16.0,22.0,-4.620732865760494,44.714131928892556,20.04669953156603,24.667432397326525
2022_16_LAC_IND,2022,16,3.0,20.0,-17.0,23.0,-4.497095004036422,45.3248651004529,20.413885048208236,24.91098005224466
2022_16_LV_PIT,2022,16,13.0,10.0,3.0,23.0,5.470954763905857,35.9627895258935,20.71687214489968,15.24591738099382
2022_16_NO_CLE,2022,16,10.0,17.0,-7.0,27.0,0.7177854004608525,31.663880133623273,16.190832767042064,15.473047366581211
2022_16_NYG_MIN,2022,16,27.0,24.0,3.0,51.0,0.05509644281927195,50.60109615226624,25.328096297542753,25.272999854723484
2022_16_PHI_DAL,2022,16,40.0,34.0,6.0,74.0,1.100464621131144,52.4223907743364,26.761427697733772,25.660963076602627
2022_16_SEA_KC,2022,16,24.0,10.0,14.0,34.0,9.26368123739521,46.01713239350104,27.640406815448127,18.376725578052916
2022_16_WAS_SF,2022,16,37.0,20.0,17.0,57.0,8.907278072608317,40.77377334914226,24.84052571087529,15.933247638266971
2022_17_ARI_ATL,2022,17,20.0,19.0,1.0,39.0,4.196860734759873,45.47619184164554,24.836526288202705,20.639665553442832
2022_17_CAR_TB,2022,17,30.0,24.0,6.0,54.0,5.173454337544492,43.44294456580602,24.308199451675257,19.134745114130766
2022_17_CHI_DET,2022,17,41.0,10.0,31.0,51.0,6.917911616882361,51.03084162963978,28.974376623261072,22.05646500637871
2022_17_CLE_WAS,2022,17,10.0,24.0,-14.0,34.0,-0.7643126738038094,41.07146589809503,20.15357661214561,20.917889285949418
2022_17_DEN_KC,2022,17,27.0,24.0,3.0,51.0,16.265416700723062,45.85775447972159,31.06158559022233,14.796168889499265
2022_17_IND_NYG,2022,17,38.0,10.0,28.0,48.0,7.322844269150694,40.39257966827642,23.857711968713556,16.534867699562863
2022_17_JAX_HOU,2022,17,3.0,31.0,-28.0,34.0,-10.640596096623156,46.352800985038826,17.856102444207835,28.49669854083099
2022_17_LA_LAC,2022,17,31.0,10.0,21.0,41.0,6.774330309870785,44.83093885453293,25.802634582201858,19.028304272331074
2022_17_MIN_GB,2022,17,41.0,17.0,24.0,58.0,2.987167577127751,47.986468674533704,25.486818125830727,22.499650548702977
2022_17_NO_PHI,2022,17,10.0,20.0,-10.0,30.0,4.3970553157655905,44.51489518864075,24.45597525220317,20.05891993643758
2022_17_NYJ_SEA,2022,17,23.0,6.0,17.0,29.0,3.632913732866402,43.53834649112671,23.585630111996554,19.952716379130155
2022_17_PIT_BAL,2022,17,13.0,16.0,-3.0,29.0,-0.5174820687373501,40.74881652224277,20.11566722675271,20.63314929549006
2022_18_ARI_SF,2022,18,38.0,13.0,25.0,51.0,14.469603665959461,43.45725202727897,28.963427846619215,14.493824180659754
2022_18_CAR_NO,2022,18,7.0,10.0,-3.0,17.0,5.305880483938495,46.879810429785955,26.092845456862225,20.78696497292373
2022_18_CLE_PIT,2022,18,28.0,14.0,14.0,42.0,3.9897865300584634,41.81664672090421,22.903216625481335,18.913430095422875
2022_18_DET_GB,2022,18,16.0,20.0,-4.0,36.0,1.918847425966275,48.176352847071826,25.04760013651905,23.128752710552774
2022_18_HOU_IND,2022,18,31.0,32.0,-1.0,63.0,4.571815294192263,43.78411463961733,24.177964966904796,19.606149672712533
2022_18_LAC_DEN,2022,18,31.0,28.0,3.0,59.0,-10.765050246912638,42.03887126694689,15.636910510017128,26.401960756929764
2022_18_LA_SEA,2022,18,19.0,16.0,3.0,35.0,5.999605936330233,41.50582085155808,23.752713393944155,17.753107457613922
2022_18_MIN_CHI,2022,18,13.0,29.0,-16.0,42.0,-7.437560753042768,40.37440077072264,16.468420008839935,23.905980761882702
2022_18_NE_BUF,2022,18,35.0,23.0,12.0,58.0,10.825754634536466,43.20478025261927,27.01526744357787,16.189512809041403
2022_18_NYJ_MIA,2022,18,11.0,6.0,5.0,17.0,7.644654544044684,40.764479103479395,24.20456682376204,16.559912279717356
2022_18_TB_ATL,2022,18,30.0,17.0,13.0,47.0,-5.322976611526191,48.72788190252181,21.702452645497807,27.025429257024
2023_01_BUF_NYJ,2023,1,22.0,16.0,6.0,38.0,-11.296868565896364,41.45813430048559,15.080632867294613,26.37750143319098
2023_01_CIN_CLE,2023,1,24.0,3.0,21.0,27.0,-4.144090244973476,46.45728334541625,21.156596550221387,25.300686795194864
2023_01_DAL_NYG,2023,1,0.0,40.0,-40.0,40.0,-1.3076417655810622,46.23413351828787,22.463245876353405,23.770887641934465
2023_01_DET_KC,2023,1,20.0,21.0,-1.0,41.0,8.490226255127164,51.428233778225795,29.95923001667648,21.469003761549317
2023_01_LA_SEA,2023,1,13.0,30.0,-17.0,43.0,3.049949655405076,43.12698525923281,23.08846745731894,20.03851780191387
2023_01_LV_DEN,2023,1,16.0,17.0,-1.0,33.0,-4.3163448429303894,46.642545625262315,21.163100391165962,25.479445234096353
2023_01_MIA_LAC,2023,1,34.0,36.0,-2.0,70.0,3.8365517312263817,48.97412821866959,26.405339974947985,22.568788243721606
2023_01_PHI_NE,2023,1,20.0,25.0,-5.0,45.0,-3.1162012698226826,45.54372599699624,21.213762363586778,24.32996363340946
2023_01_SF_PIT,2023,1,7.0,30.0,-23.0,37.0,-4.280580198563375,45.623147783407596,20.67128379242211,24.951863990985487
2023_01_TB_MIN,2023,1,17.0,20.0,-3.0,37.0,3.6627785135643895,46.26867506575064,24.965726789657516,21.302948276093126
2023_01_TEN_NO,2023,1,16.0,15.0,1.0,31.0,3.027247108816554,42.56964686859597,22.79844698870626,19.771199879889707
2023_02_BAL_CIN,2023,2,24.0,27.0,-3.0,51.0,2.6520979391224397,41.109225213873835,21.880661576498138,19.228563637375697
2023_02_CHI_TB,2023,2,27.0,17.0,10.0,44.0,7.708429874800272,41.619510341686976,24.663970108243625,16.95554023344335
2023_02_CLE_PIT,2023,2,26.0,22.0,4.0,48.0,0.960114406116377,39.4918401589098,20.22597728251309,19.265862876396714
2023_02_GB_ATL,2023,2,25.0,24.0,1.0,49.0,-0.5532173789748567,46.54577620620653,22.996279413615838,23.549496792590695
2023_02_KC_JAX,2023,2,9.0,17.0,-8.0,26.0,-4.9519604400392785,46.64847314036545,20.848256350163084,25.800216790202363
2023_02_LAC_TEN,2023,2,27.0,24.0,3.0,51.0,-6.03869467580815,44.85507375671972,19.408189540455783,25.446884216263935
2023_02_LV_BUF,2023,2,38.0,10.0,28.0,48.0,8.725111241894178,49.15639120434589,28.94075122312003,20.215639981225856
2023_02_MIA_NE,2023,2,17.0,24.0,-7.0,41.0,-1.92885424652879,43.98691083183461,21.029028292652907,22.9578825391817
2023_02_MIN_PHI,2023,2,34.0,28.0,6.0,62.0,1.4928293899217602,49.05522209617405,25.274025743047904,23.781196353126145
2023_02_NYG_ARI,2023,2,28.0,31.0,-3.0,59.0,-5.1558837534716435,44.409635458459285,19.62687585249382,24.782759605965463
2023_02_NYJ_DAL,2023,2,30.0,10.0,20.0,40.0,12.39455660592199,40.08954142718754,26.242049016554766,13.847492410632775
2023_02_SEA_DET,2023,2,31.0,37.0,-6.0,68.0,5.206471111843312,51.35412068031376,28.280295896078538,23.073824784235224
2023_02_SF_LA,2023,2,23.0,30.0,-7.0,53.0,-7.3703190964657015,49.725101763610596,21.177391333572448,28.547710430038148
2023_02_WAS_DEN,2023,2,33.0,35.0,-2.0,68.0,-1.4275271883130525,39.07462472580408,18.823548768745514,20.251075957058564
2023_03_ATL_DET,2023,3,20.0,6.0,14.0,26.0,4.642777018412726,49.045505152940954,26.84414108567684,22.201364067264116
2023_03_BUF_WAS,2023,3,3.0,37.0,-34.0,40.0,-10.681020205522742,44.08910135421743,16.704040574347346,27.385060779870088
2023_03_CAR_SEA,2023,3,37.0,27.0,10.0,64.0,3.0185335754053417,42.63445543943515,22.826494507420247,19.807960932014904
2023_03_CHI_KC,2023,3,41.0,10.0,31.0,51.0,18.223062968126506,42.83687600642223,30.529969487274368,12.306906519147862
2023_03_DAL_ARI,2023,3,28.0,16.0,12.0,44.0,-11.012519540900303,44.97795366698348,16.98271706304159,27.99523660394189
2023_03_DEN_MIA,2023,3,70.0,20.0,50.0,90.0,8.79882797692903,46.7890611013,27.793944539114513,18.995116562185487
2023_03_HOU_JAX,2023,3,17.0,37.0,-20.0,54.0,10.39553619477852,41.07517198973083,25.735354092254678,15.339817897476156
2023_03_IND_BAL,2023,3,19.0,22.0,-3.0,41.0,9.191961958570944,46.13366344545277,27.662812702011855,18.470850743440913
2023_03_LAC_MIN,2023,3,24.0,28.0,-4.0,52.0,-2.0277077945496194,51.5653428228016,24.76881751412599,26.79652530867561
2023_03_LA_CIN,2023,3,19.0,16.0,3.0,35.0,3.535983368759532,44.82271375092585,24.17934855984269,20.64336519108316
2023_03_NE_NYJ,2023,3,10.0,15.0,-5.0,25.0,-5.110419940390109,36.01707418229799,15.45332712095394,20.56374706134405
2023_03_NO_GB,2023,3,18.0,17.0,1.0,35.0,0.7993725983238316,42.15034195434806,21.474857276335946,20.67548467801211
2023_03_NYG_SF,2023,3,30.0,12.0,18.0,42.0,8.18183689662722,44.12416771779208,26.15300230720965,17.971165410582433
2023_03_PHI_TB,2023,3,11.0,25.0,-14.0,36.0,-1.0437560687886844,46.986895887368206,22.971569909289762,24.015325978078444
2023_03_PIT_LV,2023,3,18.0,23.0,-5.0,41.0,-0.21765491898324485,45.908889789172974,22.845617435094866,23.06327235407811
2023_03_TEN_CLE,2023,3,27.0,3.0,24.0,30.0,5.726310983382324,40.757819970913694,23.24206547714801,17.515754493765684
2023_04_ARI_SF,2023,4,35.0,16.0,19.0,51.0,13.951650005491027,45.747957910592255,29.84980395804164,15.898153952550615
2023_04_ATL_JAX,2023,4,23.0,7.0,16.0,30.0,4.37104431832518,39.59361707597775,21.982330697151465,17.611286378826282
2023_04_CIN_TEN,2023,4,27.0,3.0,24.0,30.0,-6.212780447197018,42.659768181126324,18.223493866964652,24.436274314161672
2023_04_DEN_CHI,2023,4,28.0,31.0,-3.0,59.0,-0.45420171743279325,44.39281019476965,21.96930423866843,22.423505956101224
2023_04_DET_GB,2023,4,20.0,34.0,-14.0,54.0,-2.0807509004399583,47.62074541178472,22.76999725567238,24.85074815611234
2023_04_KC_NYJ,2023,4,20.0,23.0,-3.0,43.0,-17.24927397912213,43.110788227820215,12.930757124349043,30.180031103471173
2023_04_MIA_BUF,2023,4,48.0,20.0,28.0,68.0,3.3375673749546646,49.45465467168157,26.396111023318117,23.05854364836345
2023_04_MIN_CAR,2023,4,13.0,21.0,-8.0,34.0,-1.5006610391549342,44.792012424909586,21.645675692877326,23.14633673203226
2023_04_NE_DAL,2023,4,38.0,3.0,35.0,41.0,6.044031402198283,46.73197670254359,26.38800405237094,20.343972650172653
2023_04_PIT_HOU,2023,4,30.0,6.0,24.0,36.0,-3.793449660562074,41.5399367560208,18.873243547729363,22.666693208291438
2023_04_SEA_NYG,2023,4,3.0,24.0,-21.0,27.0,-1.815995371969733,45.886317149526015,22.03516088877814,23.851156260747874
2023_04_TB_NO,2023,4,9.0,26.0,-17.0,35.0,2.77325530168587,42.57668763890788,22.674971470296875,19.901716168611003
2023_04_WAS_PHI,2023,4,34.0,31.0,3.0,65.0,8.88825499055745,39.5105969920829,24.199425991320176,15.311171000762727
2023_05_BAL_PIT,2023,5,17.0,10.0,7.0,27.0,-4.975384335042948,37.74727712356772,16.385946394262387,21.361330729305333
2023_05_CAR_DET,2023,5,42.0,24.0,18.0,66.0,7.499362913558775,49.16556580301174,28.332464358285257,20.83310144472648
2023_05_CHI_WAS,2023,5,20.0,40.0,-20.0,60.0,4.32452688817959,41.857854150684275,23.091190519431933,18.766663631252342
2023_05_CIN_ARI,2023,5,20.0,34.0,-14.0,54.0,-5.429530429747857,47.19695217542885,20.883710872840496,26.313241302588352
2023_05_DAL_SF,2023,5,42.0,10.0,32.0,52.0,4.794980923326767,49.129103709968085,26.962042316647427,22.167061393320658
2023_05_GB_LV,2023,5,17.0,13.0,4.0,30.0,1.4394886215303315,48.87083114600178,25.155159883766053,23.715671262235723
2023_05_HOU_ATL,2023,5,21.0,19.0,2.0,40.0,2.656970460878474,42.58429888218073,22.620634671529604,19.963664210651128
2023_05_JAX_BUF,2023,5,20.0,25.0,-5.0,45.0,9.831182343197517,46.30386141962978,28.06752188141365,18.236339538216132
2023_05_KC_MIN,2023,5,20.0,27.0,-7.0,47.0,-8.301958067771842,50.47079893328009,21.084420432754126,29.386378500525968
2023_05_NO_NE,2023,5,0.0,34.0,-34.0,34.0,0.1313969864979707,37.5412529601925,18.836324973345235,18.704927986847267
2023_05_NYG_MIA,2023,5,31.0,16.0,15.0,47.0,7.696808384428272,45.783112089512414,26.739960236970344,19.04315185254207
2023_05_NYJ_DEN,2023,5,21.0,31.0,-10.0,52.0,3.7946373179027857,40.50128671755142,22.147962017727103,18.35332469982432
2023_05_PHI_LA,2023,5,14.0,23.0,-9.0,37.0,-1.901708989664476,51.91878526964038,25.00853813998795,26.91024712965243
2023_05_TEN_IND,2023,5,23.0,16.0,7.0,39.0,0.2736249135274098,43.6532872806541,21.963456097090752,21.689831183563346
2023_06_ARI_LA,2023,6,26.0,9.0,17.0,35.0,6.307958623901649,47.76620315035127,27.037080887126457,20.72912226322481
2023_06_BAL_TEN,2023,6,16.0,24.0,-8.0,40.0,-5.498813926279058,40.895079845026295,17.69813295937362,23.196946885652675
2023_06_CAR_MIA,2023,6,42.0,21.0,21.0,63.0,10.333508372065623,45.701586532777235,28.01754745242143,17.684039080355806
2023_06_DAL_LAC,2023,6,17.0,20.0,-3.0,37.0,1.34611475842842,49.69052445658051,25.518319607504466,24.172204849076046
2023_06_DEN_KC,2023,6,19.0,8.0,11.0,27.0,16.801713363159763,48.59340706183636,32.69756021249806,15.895846849338298
2023_06_DET_TB,2023,6,6.0,20.0,-14.0,26.0,-2.769409702822462,44.908425446301045,21.06950787173929,23.838917574561755
2023_06_IND_JAX,2023,6,37.0,20.0,17.0,57.0,6.94526522553647,46.142043864895314,26.543654545215894,19.59838931967942
2023_06_NE_LV,2023,6,21.0,17.0,4.0,38.0,6.491296811914477,42.27246735282154,24.38188208236801,17.890585270453535
2023_06_NO_HOU,2023,6,20.0,13.0,7.0,33.0,-3.1899114186595554,43.75686225520627,20.28347541827336,23.473386836932914
2023_06_NYG_BUF,2023,6,14.0,9.0,5.0,23.0,15.942708104925911,42.47568480568538,29.209196455305648,13.266488350379735
2023_06_PHI_NYJ,2023,6,20.0,14.0,6.0,34.0,-9.104328777928055,43.15819632410113,17.026933773086537,26.13126255101459
2023_06_SEA_CIN,2023,6,17.0,13.0,4.0,30.0,1.6839896621484507,43.419263778301776,22.551626720225112,20.867637058076664
2023_06_SF_CLE,2023,6,19.0,17.0,2.0,36.0,-9.862225460126833,43.61535368237745,16.87656411112531,26.73878957125214
2023_06_WAS_ATL,2023,6,16.0,24.0,-8.0,40.0,5.164890668728193,43.372373882819545,24.268632275773868,19.103741607045677
2023_07_ARI_SEA,2023,7,20.0,10.0,10.0,30.0,9.991610228130554,42.191340674016914,26.091475451073734,16.09986522294318
2023_07_ATL_TB,2023,7,13.0,16.0,-3.0,29.0,1.1174152355190858,37.99997264553806,19.55869394052857,18.441278705009488
2023_07_BUF_NE,2023,7,29.0,25.0,4.0,54.0,-12.649327212236683,39.5832778612653,13.466975324514308,26.116302536750993
2023_07_CLE_IND,2023,7,38.0,39.0,-1.0,77.0,-3.630393637428212,41.78334589045312,19.076476126512453,22.706869763940666
2023_07_DET_BAL,2023,7,38.0,6.0,32.0,44.0,-0.92586525420463,44.35698203698097,21.71555839138817,22.641423645592802
2023_07_GB_DEN,2023,7,19.0,17.0,2.0,36.0,-4.22035351978718,43.96899558234814,19.87432103128048,24.094674551067662
2023_07_JAX_NO,2023,7,24.0,31.0,-7.0,55.0,0.37787023680128085,43.821238580063444,22.09955440843236,21.721684171631082
2023_07_LAC_KC,2023,7,31.0,17.0,14.0,48.0,9.36650056831706,46.73875240174925,28.052626485033155,18.686125916716097
2023_07_MIA_PHI,2023,7,31.0,17.0,14.0,48.0,-2.1039889726876373,48.117982785329026,23.006996906320694,25.110985879008332
2023_07_PIT_LA,2023,7,17.0,24.0,-7.0,41.0,4.277981058093912,46.263621867308004,25.27080146270096,20.992820404607045
2023_07_SF_MIN,2023,7,22.0,17.0,5.0,39.0,-8.257287432264972,48.72850363418065,20.235608100957837,28.49289553322281
2023_07_WAS_NYG,2023,7,14.0,7.0,7.0,21.0,1.0338771201582215,38.72906934287357,19.881473231515898,18.847596111357674
2023_08_BAL_ARI,2023,8,24.0,31.0,-7.0,55.0,-9.827773030053583,45.199741247586395,17.685984108766405,27.51375713881999
2023_08_CHI_LAC,2023,8,30.0,13.0,17.0,43.0,3.0473660378116776,46.67877645517921,24.863071246495444,21.815705208683767
2023_08_CIN_SF,2023,8,17.0,31.0,-14.0,48.0,7.210697839604251,45.92737875666921,26.569038298136732,19.35834045853248
2023_08_CLE_SEA,2023,8,24.0,20.0,4.0,44.0,4.579878911703564,39.40999983707081,21.994939374387187,17.41506046268362
2023_08_HOU_CAR,2023,8,15.0,13.0,2.0,28.0,1.172896762715282,38.89632568618127,20.034611224448277,18.861714461732994
2023_08_JAX_PIT,2023,8,10.0,20.0,-10.0,30.0,-0.7356530760037516,41.24771466594681,20.25603079497153,20.99168387097528
2023_08_KC_DEN,2023,8,24.0,9.0,15.0,33.0,-15.075793237932167,44.67820135720791,14.801204059637872,29.87699729757004
2023_08_LA_DAL,2023,8,43.0,20.0,23.0,63.0,4.998891332968164,46.72913849528928,25.86401491412872,20.865123581160557
2023_08_LV_DET,2023,8,26.0,14.0,12.0,40.0,5.5728704607428625,52.10063325784585,28.836751859294356,23.263881398551494
2023_08_MIN_GB,2023,8,10.0,24.0,-14.0,34.0,0.23063117622725304,44.48398969856872,22.357310437397988,22.126679261170732
2023_08_NE_MIA,2023,8,31.0,17.0,14.0,48.0,9.701680409894877,42.40372835978873,26.052704384841803,16.351023974946926
2023_08_NO_IND,2023,8,27.0,38.0,-11.0,65.0,-4.028229383736903,46.797664538298235,21.384717577280668,25.412946961017568
2023_08_NYJ_NYG,2023,8,10.0,13.0,-3.0,23.0,2.8680355246069613,37.98844052472137,20.428238024664164,17.560202500057205
2023_08_PHI_WAS,2023,8,31.0,38.0,-7.0,69.0,-7.467243715532327,43.938815328370175,18.235785806418924,25.70302952195125
2023_08_TB_BUF,2023,8,24.0,18.0,6.0,42.0,12.273597352171146,44.49333931939048,28.38346833578081,16.109870983609667
2023_09_BUF_CIN,2023,9,24.0,18.0,6.0,42.0,-4.251437589502455,46.39155822704454,21.07006031877104,25.3214979082735
2023_09_CHI_NO,2023,9,24.0,17.0,7.0,41.0,4.593009790739217,41.22266007654694,22.907834933643077,18.31482514290386
2023_09_DAL_PHI,2023,9,28.0,23.0,5.0,51.0,0.28690233396432263,46.539937963369084,23.413420148666702,23.12651781470238
2023_09_IND_CAR,2023,9,13.0,27.0,-14.0,40.0,1.3640211193913185,44.05285232933157,22.708436724361444,21.344415604970127
2023_09_LAC_NYJ,2023,9,6.0,27.0,-21.0,33.0,-5.547505693550172,42.05560671478904,18.254050510619436,23.801556204169607
2023_09_LA_GB,2023,9,20.0,3.0,17.0,23.0,0.026008396763063213,44.24972134123856,22.13786486900081,22.11185647223775
2023_09_MIA_KC,2023,9,21.0,14.0,7.0,35.0,4.025507926950246,48.02033099258343,26.02291945976684,21.997411532816592
2023_09_MIN_ATL,2023,9,28.0,31.0,-3.0,59.0,-0.6086583060880819,40.46638186368763,19.928861778799774,20.537520084887856
2023_09_SEA_BAL,2023,9,37.0,3.0,34.0,40.0,0.99352424772624,44.63111658286306,22.81232041529465,21.818796167568408
2023_09_TB_HOU,2023,9,39.0,37.0,2.0,76.0,0.01642364541296837,45.23357013775427,22.62499689158362,22.60857324617065
2023_09_WAS_NE,2023,9,17.0,20.0,-3.0,37.0,1.6989574610407376,39.11497454918033,20.406966005110533,18.7080085440698
2023_10_ATL_ARI,2023,10,25.0,23.0,2.0,48.0,-4.882933380969312,44.68200223815305,19.89953442859187,24.782467809561183
2023_10_CAR_CHI,2023,10,16.0,13.0,3.0,29.0,4.936808628139034,37.46982606776699,21.20331734795301,16.266508719813977
2023_10_CLE_BAL,2023,10,31.0,33.0,-2.0,64.0,6.268622012388493,39.64199112672177,22.95530656955513,16.68668455716664
2023_10_DEN_BUF,2023,10,22.0,24.0,-2.0,46.0,15.29859035134166,45.44766444712119,30.373127399231425,15.074537047889766
2023_10_DET_LAC,2023,10,38.0,41.0,-3.0,79.0,-1.3311068087416398,50.44576869718614,24.55733094422225,25.88843775296389
2023_10_GB_PIT,2023,10,23.0,19.0,4.0,42.0,0.2512460455991299,42.11346587213799,21.182355958868563,20.93110991326943
2023_10_HOU_CIN,2023,10,27.0,30.0,-3.0,57.0,7.932343796860149,45.504171057038505,26.71825742694933,18.785913630089176
2023_10_IND_NE,2023,10,6.0,10.0,-4.0,16.0,1.1808397125982149,42.50601119252623,21.843425452562222,20.66258573996401
2023_10_NO_MIN,2023,10,27.0,19.0,8.0,46.0,-1.2562900399512034,44.318194333071574,21.530952146560185,22.78724218651139
2023_10_NYJ_LV,2023,10,16.0,12.0,4.0,28.0,5.474002800612724,38.61925608751595,22.046629444064337,16.572626643451613
2023_10_SF_JAX,2023,10,3.0,34.0,-31.0,37.0,-4.598780171772623,43.982497239575395,19.691858533901385,24.29063870567401
2023_10_TEN_TB,2023,10,20.0,6.0,14.0,26.0,3.1260267975920213,46.9517603746125,25.038893586102258,21.91286678851024
2023_10_WAS_SEA,2023,10,29.0,26.0,3.0,55.0,4.897893819649157,41.58397783520112,23.240935827425137,18.34304200777598
2023_11_ARI_HOU,2023,11,21.0,16.0,5.0,37.0,5.60666072333216,48.00632619970285,26.806493461517505,21.199832738185343
2023_11_CHI_DET,2023,11,31.0,26.0,5.0,57.0,9.260376934322908,47.9389072874531,28.599642110888002,19.339265176565096
2023_11_CIN_BAL,2023,11,34.0,20.0,14.0,54.0,2.4298785362967026,44.31657436485053,23.37322645057362,20.943347914276913
2023_11_DAL_CAR,2023,11,10.0,33.0,-23.0,43.0,-8.951232610525743,42.99237572463327,17.020571557053763,25.971804167579506
2023_11_LAC_GB,2023,11,23.0,20.0,3.0,43.0,-1.0217991487734526,44.62501634383943,21.801608597532987,22.82340774630644
2023_11_LV_MIA,2023,11,20.0,13.0,7.0,33.0,6.789806697894456,42.35920202797399,24.574504362934224,17.78469766503977
2023_11_MIN_DEN,2023,11,21.0,20.0,1.0,41.0,-4.3224367418141645,42.39114973765178,19.034356497918807,23.356793239732973
2023_11_NYG_WAS,2023,11,19.0,31.0,-12.0,50.0,3.6467343248573707,39.86615096657972,21.756442645718543,18.109708320861174
2023_11_NYJ_BUF,2023,11,32.0,6.0,26.0,38.0,14.519555062580805,37.191171333632234,25.85536319810652,11.335808135525713
2023_11_PHI_KC,2023,11,17.0,21.0,-4.0,38.0,5.775391142615522,46.52213948232379,26.148765312469656,20.37337416985413
2023_11_SEA_LA,2023,11,17.0,16.0,1.0,33.0,-4.056331234394024,47.816298497040755,21.879983631323366,25.93631486571739
2023_11_TB_SF,2023,11,27.0,14.0,13.0,41.0,11.8472586224836,47.24756797815336,29.547413300318482,17.70015467783488
2023_11_TEN_JAX,2023,11,34.0,14.0,20.0,48.0,5.861139865428587,43.49580197542489,24.67847092042674,18.81733105499815
2023_12_BAL_LAC,2023,12,10.0,20.0,-10.0,30.0,-2.1315684066079816,49.710354549401906,23.78939307139696,25.920961478004944
2023_12_BUF_PHI,2023,12,37.0,34.0,3.0,71.0,-4.392134678131537,47.269577975401674,21.438721648635067,25.830856326766607
2023_12_CAR_TEN,2023,12,17.0,10.0,7.0,27.0,2.1390295037020666,40.22635692126876,21.182693212485415,19.043663708783345
2023_12_CHI_MIN,2023,12,10.0,12.0,-2.0,22.0,5.667058172442863,44.18702316614168,24.92704066929227,19.259982496849407
2023_12_CLE_DEN,2023,12,29.0,12.0,17.0,41.0,-4.712420899729371,37.10771805611148,16.197648578191053,20.910069477920427
2023_12_GB_DET,2023,12,22.0,29.0,-7.0,51.0,7.061258272308013,50.30948008106509,28.68536917668655,21.62411090437854
2023_12_JAX_HOU,2023,12,21.0,24.0,-3.0,45.0,-0.22149992176302713,47.324884977025796,23.551692527631385,23.77319244939441
2023_12_KC_LV,2023,12,17.0,31.0,-14.0,48.0,-7.038180500252244,44.17218615628117,18.567002828014463,25.60518332826671
2023_12_LA_ARI,2023,12,14.0,37.0,-23.0,51.0,-1.0533996641116616,42.36835661398358,20.65747847493596,21.71087813904762
2023_12_MIA_NYJ,2023,12,13.0,34.0,-21.0,47.0,-9.370286992959286,37.86734547890349,14.2485292429721,23.618816235931387
2023_12_NE_NYG,2023,12,10.0,7.0,3.0,17.0,-1.9207420602656755,37.42768895010356,17.753473444918942,19.674215505184616
2023_12_NO_ATL,2023,12,24.0,15.0,9.0,39.0,-2.1063496184640833,45.2053699524598,21.549510166997855,23.655859785461942
2023_12_SF_SEA,2023,12,13.0,31.0,-18.0,44.0,-6.952999112128998,46.04575898940849,19.546379938639745,26.499379050768745
2023_12_TB_IND,2023,12,27.0,20.0,7.0,47.0,-0.20098770187636128,48.537440651840555,24.168226474982095,24.36921417685846
2023_12_WAS_DAL,2023,12,45.0,10.0,35.0,55.0,8.975025678332036,48.527574274920525,28.75129997662628,19.776274298294243
2023_13_ARI_PIT,2023,13,10.0,24.0,-14.0,34.0,9.644774188175473,39.01220372063517,24.328488954405323,14.683714766229848
2023_13_ATL_NYJ,2023,13,8.0,13.0,-5.0,21.0,-5.7344520047103575,33.88389298356521,14.074720489427428,19.809172494137783
2023_13_CAR_TB,2023,13,21.0,18.0,3.0,39.0,5.596498283638039,41.14742734886518,23.37196281625161,17.77546453261357
2023_13_CLE_LA,2023,13,36.0,19.0,17.0,55.0,0.2309305541136888,44.78980375495569,22.51036715453469,22.279436600421
2023_13_DEN_HOU,2023,13,22.0,17.0,5.0,39.0,3.0306737652545994,49.53686398652613,26.283768875890363,23.253095110635766
2023_13_DET_NO,2023,13,28.0,33.0,-5.0,61.0,-1.273822603949321,48.375330232994145,23.550753814522412,24.824576418471732
2023_13_IND_TEN,2023,13,28.0,31.0,-3.0,59.0,-0.34895497290938704,42.97996451878364,21.315504772937125,21.664459745846514
2023_13_KC_GB,2023,13,27.0,19.0,8.0,46.0,-5.701065554079129,44.07557352469921,19.18725398531004,24.88831953938917
2023_13_LAC_NE,2023,13,0.0,6.0,-6.0,6.0,-1.1698304890772648,43.28569693553259,21.057933223227664,22.227763712304927
2023_13_MIA_WAS,2023,13,15.0,45.0,-30.0,60.0,-6.93810954027779,45.41054602255249,19.236218241137347,26.17432778141514
2023_13_SEA_DAL,2023,13,41.0,35.0,6.0,76.0,7.825131589946796,50.113658122434515,28.969394856190654,21.14426326624386
2023_13_SF_PHI,2023,13,19.0,42.0,-23.0,61.0,-4.78105949035465,34.53224536896718,14.875592939306266,19.656652429660916
2023_14_BUF_KC,2023,14,17.0,20.0,-3.0,37.0,0.0017861277791866303,45.10625290165536,22.55401951471727,22.552233386938088
2023_14_CAR_NO,2023,14,28.0,6.0,22.0,34.0,8.138678370867481,43.946474205272466,26.042576288069974,17.903897917202492
2023_14_DET_CHI,2023,14,28.0,13.0,15.0,41.0,-5.259562875108239,44.29383225581404,19.5171346903529,24.776697565461138
2023_14_GB_NYG,2023,14,24.0,22.0,2.0,46.0,-6.344740679613303,41.952180439651244,17.80371988001897,24.148460559632273
2023_14_HOU_NYJ,2023,14,30.0,6.0,24.0,36.0,-4.251101836073084,39.977426522638865,17.86316234328289,22.114264179355974
2023_14_IND_CIN,2023,14,34.0,14.0,20.0,48.0,2.5677801222367327,48.138456168225375,25.353118145231054,22.78533802299432
2023_14_JAX_CLE,2023,14,31.0,27.0,4.0,58.0,0.4735056917994953,42.803615003126176,21.638560347462835,21.16505465566334
2023_14_LA_BAL,2023,14,37.0,31.0,6.0,68.0,6.20658369634122,43.473767241337015,24.840175468839117,18.633591772497898
2023_14_MIN_LV,2023,14,0.0,3.0,-3.0,3.0,-0.18026621931739562,42.302882195281626,21.061307987982115,21.24157420729951
2023_14_NE_PIT,2023,14,18.0,21.0,-3.0,39.0,6.475252780303954,35.41568604978727,20.94546941504561,14.470216634741657
2023_14_PHI_DAL,2023,14,33.0,13.0,20.0,46.0,7.410421665127343,55.23571112933718,31.323066397232264,23.91264473210492
2023_14_SEA_SF,2023,14,28.0,16.0,12.0,44.0,12.265419905852648,47.169942023318754,29.7176809645857,17.452261058733054
2023_14_TB_ATL,2023,14,25.0,29.0,-4.0,54.0,3.574426590861105,44.50043907337112,24.03743283211611,20.46300624125501
2023_14_TEN_MIA,2023,14,27.0,28.0,-1.0,55.0,10.490083245568632,48.45825889906852,29.474171072318576,18.984087826749942
2023_15_ATL_CAR,2023,15,9.0,7.0,2.0,16.0,-4.803050848546944,35.21153158661291,15.20424036903298,20.007291217579926
2023_15_BAL_JAX,2023,15,7.0,23.0,-16.0,30.0,-4.527063664250239,42.44033474336599,18.956635539557873,23.483699203808115
2023_15_CHI_CLE,2023,15,20.0,17.0,3.0,37.0,3.6916677356020138,38.16232917253865,20.92699845407033,17.23533071846832
2023_15_DAL_BUF,2023,15,31.0,10.0,21.0,41.0,0.500559610700813,48.30227319327886,24.401416401989835,23.900856791289023
2023_15_DEN_DET,2023,15,42.0,17.0,25.0,59.0,6.495217351843792,49.064552579664586,27.77988496575419,21.284667613910397
2023_15_HOU_TEN,2023,15,16.0,19.0,-3.0,35.0,-0.18464527154256793,43.93342550970566,21.874390119081543,22.059035390624114
2023_15_KC_NE,2023,15,17.0,27.0,-10.0,44.0,-8.927127351883515,42.59540823448059,16.834140441298537,25.76126779318205
2023_15_MIN_CIN,2023,15,27.0,24.0,3.0,51.0,-0.5537563422178995,45.28137400915021,22.363808833466155,22.917565175684057
2023_15_NYG_NO,2023,15,24.0,6.0,18.0,30.0,7.140739697356573,42.06981721145077,24.60527845440367,17.464538757047098
2023_15_NYJ_MIA,2023,15,30.0,0.0,30.0,30.0,11.236775518197941,41.49476524065738,26.36577037942766,15.12899486122972
2023_15_PHI_SEA,2023,15,20.0,17.0,3.0,37.0,-2.0669997103204043,46.622608192734404,22.277804241207,24.344803951527403
2023_15_PIT_IND,2023,15,30.0,13.0,17.0,43.0,-0.9850297165669557,46.47498076047429,22.744975521953666,23.730005238520622
2023_15_SF_ARI,2023,15,29.0,45.0,-16.0,74.0,-14.324777542400781,45.99862793184385,15.836925194721534,30.161702737122315
2023_15_TB_GB,2023,15,20.0,34.0,-14.0,54.0,5.251759961296372,43.005178321297485,24.12846914129693,18.876709180000557
2023_15_WAS_LA,2023,15,28.0,20.0,8.0,48.0,5.486105380766865,48.629768120797344,27.057936750782105,21.57183137001524
2023_16_ARI_CHI,2023,16,27.0,16.0,11.0,43.0,4.135786387451792,42.47615259998773,23.30596949371976,19.170183106267967
2023_16_BAL_SF,2023,16,19.0,33.0,-14.0,52.0,5.183316406644211,48.58136083170282,26.882338619173513,21.699022212529304
2023_16_BUF_LAC,2023,16,22.0,24.0,-2.0,46.0,-9.546835573727826,48.16055525496121,19.306859840616692,28.853695414344518
2023_16_CIN_PIT,2023,16,34.0,11.0,23.0,45.0,-0.6041004233704061,40.8618699282657,20.128884752447647,20.73298517581805
2023_16_CLE_HOU,2023,16,22.0,36.0,-14.0,58.0,-1.792663253027259,40.672676992033864,19.440006869503303,21.23267012253056
2023_16_DAL_MIA,2023,16,22.0,20.0,2.0,42.0,1.5644410821368022,48.28276480313128,24.92360294263404,23.359161860497238
2023_16_DET_MIN,2023,16,24.0,30.0,-6.0,54.0,-1.223687186950429,48.48653639465025,23.63142460384991,24.85511179080034
2023_16_GB_CAR,2023,16,30.0,33.0,-3.0,63.0,-4.509943991506409,42.193065397202574,18.84156070284808,23.351504694354492
2023_16_IND_ATL,2023,16,29.0,10.0,19.0,39.0,-0.14702960882890026,45.82463681846562,22.83880360481836,22.98583321364726
2023_16_JAX_TB,2023,16,30.0,12.0,18.0,42.0,1.1372117514101678,46.25383362125988,23.695522686335025,22.558310934924855
2023_16_LV_KC,2023,16,14.0,20.0,-6.0,34.0,8.978772415325608,38.31209371088426,23.645433063104935,14.666660647779327
2023_16_NE_DEN,2023,16,23.0,26.0,-3.0,49.0,1.9046070755079723,36.50368214435542,19.2041446099317,17.299537534423724
2023_16_NO_LA,2023,16,30.0,22.0,8.0,52.0,-2.5456869330957232,49.18979114665623,23.322052106780255,25.86773903987598
2023_16_NYG_PHI,2023,16,33.0,25.0,8.0,58.0,8.487835921166221,41.271739284677906,24.879787602922065,16.39195168175584
2023_16_SEA_TEN,2023,16,17.0,20.0,-3.0,37.0,-0.9302221922924707,43.368609430192336,21.219193618949934,22.149415811242402
2023_16_WAS_NYJ,2023,16,30.0,28.0,2.0,58.0,-0.4562865579037363,36.05184300029793,17.797778221197095,18.254064779100833
2023_17_ARI_PHI,2023,17,31.0,35.0,-4.0,66.0,11.875474207068935,44.98440811621,28.429941161639466,16.554466954570533
2023_17_ATL_CHI,2023,17,37.0,17.0,20.0,54.0,-2.465760338954661,39.073993614904474,18.304116637974907,20.769876976929567
2023_17_CAR_JAX,2023,17,26.0,0.0,26.0,26.0,3.636473951791465,41.24935536831004,22.442914660050754,18.806440708259288
2023_17_CIN_KC,2023,17,25.0,17.0,8.0,42.0,7.117709311078404,42.684900590525054,24.90130495080173,17.783595639723323
2023_17_DET_DAL,2023,17,20.0,19.0,1.0,39.0,0.8693812255132065,53.83880248108173,27.35409185329747,26.48471062778426
2023_17_GB_MIN,2023,17,10.0,33.0,-23.0,43.0,0.7476899642089182,49.85579131953593,25.301740641872424,24.554050677663508
2023_17_LAC_DEN,2023,17,16.0,9.0,7.0,25.0,1.8665396631202504,40.34776675769759,21.10715321040892,19.24061354728867
2023_17_LA_NYG,2023,17,25.0,26.0,-1.0,51.0,-8.07930612250307,42.58548529925174,17.253089588374333,25.332395710877403
2023_17_LV_IND,2023,17,23.0,20.0,3.0,43.0,2.2820732130024517,43.286911360221225,22.784492286611837,20.50241907360939
2023_17_MIA_BAL,2023,17,56.0,19.0,37.0,75.0,0.7520340882987513,47.11584613348535,23.93394011089205,23.1819060225933
2023_17_NE_BUF,2023,17,27.0,21.0,6.0,48.0,12.08918199217881,41.41039377651666,26.749787884347736,14.660605892168928
2023_17_NO_TB,2023,17,13.0,23.0,-10.0,36.0,-1.9964665071075232,46.025006488063305,22.014269990477892,24.010736497585413
2023_17_NYJ_CLE,2023,17,37.0,20.0,17.0,57.0,6.962961608556216,35.83009871810512,21.396530163330667,14.433568554774451
2023_17_PIT_SEA,2023,17,23.0,30.0,-7.0,53.0,0.8080876949146979,42.816767182684906,21.8124274387998,21.004339743885104
2023_17_SF_WAS,2023,17,10.0,27.0,-17.0,37.0,-11.53717337003875,44.8261926564463,16.644509643203776,28.181683013242527
2023_17_TEN_HOU,2023,17,26.0,3.0,23.0,29.0,-1.15687615980605,46.75535957319127,22.79924170669261,23.956117866498662
2023_18_ATL_NO,2023,18,48.0,17.0,31.0,65.0,3.285301897131802,42.77982228940791,23.032562093269856,19.747260196138054
2023_18_BUF_MIA,2023,18,14.0,21.0,-7.0,35.0,-1.726065366240759,46.48406348094605,22.378999057352644,24.105064423593404
2023_18_CHI_GB,2023,18,17.0,9.0,8.0,26.0,6.4933714205115995,43.93833264295193,25.215852031731764,18.722480611220163
2023_18_CLE_CIN,2023,18,31.0,14.0,17.0,45.0,-0.9896088755571275,41.68249665671798,20.346443890580428,21.336052766137552
2023_18_DAL_WAS,2023,18,10.0,38.0,-28.0,48.0,-9.275672242546475,41.03801219804792,15.881169977750723,25.1568422202972
2023_18_DEN_LV,2023,18,27.0,14.0,13.0,41.0,2.2690948597157217,44.54302288391406,23.406058871814892,21.13696401209917
2023_18_HOU_IND,2023,18,19.0,23.0,-4.0,42.0,1.6287864223271025,47.20099058954969,24.414888505938396,22.786102083611294
2023_18_JAX_TEN,2023,18,28.0,20.0,8.0,48.0,-1.8521051739365688,39.370589911312315,18.75924236868787,20.611347542624443
2023_18_KC_LAC,2023,18,12.0,13.0,-1.0,25.0,-8.869054930164793,42.64959008232581,16.890267576080507,25.7593225062453
2023_18_LA_SF,2023,18,20.0,21.0,-1.0,41.0,7.866714900376325,40.502071400698696,24.18439315053751,16.317678250161187
2023_18_MIN_DET,2023,18,30.0,20.0,10.0,50.0,7.441869280275378,50.43258446510263,28.937226872689003,21.495357592413626
2023_18_NYJ_NE,2023,18,3.0,17.0,-14.0,20.0,2.1310351808724013,33.93754199802905,18.034288589450725,15.903253408578323
2023_18_PHI_NYG,2023,18,27.0,10.0,17.0,37.0,-9.686342025485246,41.984944463522936,16.149301219018845,25.83564324450409
2023_18_PIT_BAL,2023,18,10.0,17.0,-7.0,27.0,8.81577850468076,42.83055675317943,25.823167628930094,17.007389124249336
2023_18_SEA_ARI,2023,18,20.0,21.0,-1.0,41.0,-3.0988944222823136,48.942020843073514,22.9215632103956,26.020457632677914
2023_18_TB_CAR,2023,18,0.0,9.0,-9.0,9.0,-2.621260420701926,38.379228298239944,17.87898393876901,20.500244359470933
2024_01_ARI_BUF,2024,1,34.0,28.0,6.0,62.0,11.859763138650534,44.226110332573114,28.042936735611825,16.18317359696129
2024_01_BAL_KC,2024,1,27.0,20.0,7.0,47.0,-2.7593497381973946,45.481685170302995,21.3611677160528,24.120517454250194
2024_01_CAR_NO,2024,1,47.0,10.0,37.0,57.0,10.552239237428749,42.70335087526525,26.627795056347,16.07555581891825
2024_01_DAL_CLE,2024,1,17.0,33.0,-16.0,50.0,-6.506237255067804,43.62286880792431,18.558315776428255,25.064553031496057
2024_01_GB_PHI,2024,1,34.0,29.0,5.0,63.0,-1.8149215548976452,52.26104806610434,25.223063255603346,27.03798481050099
2024_01_HOU_IND,2024,1,27.0,29.0,-2.0,56.0,0.6203570438130788,48.28750155837702,24.45392930109505,23.833572257281972
2024_01_JAX_MIA,2024,1,20.0,17.0,3.0,37.0,4.436443144427146,45.653584539004655,25.0450138417159,20.608570697288755
2024_01_LA_DET,2024,1,26.0,20.0,6.0,46.0,4.1091174282400456,53.37781328797486,28.743465358107454,24.634347929867406
2024_01_LV_LAC,2024,1,22.0,10.0,12.0,32.0,-0.3273774920036432,43.43087293763578,21.55174772281607,21.879125214819712
2024_01_MIN_NYG,2024,1,6.0,28.0,-22.0,34.0,0.0076608098427843885,39.835674910090454,19.921667859966618,19.914007050123836
2024_01_NE_CIN,2024,1,10.0,16.0,-6.0,26.0,7.4359439333480495,43.60614341111749,25.52104367223277,18.085099738884722
2024_01_NYJ_SF,2024,1,32.0,19.0,13.0,51.0,14.472826128418587,46.73313081231607,30.60297847036733,16.13015234194874
2024_01_PIT_ATL,2024,1,10.0,18.0,-8.0,28.0,0.0425501450766721,45.821746045089846,22.93214809508326,22.889597950006586
2024_02_ATL_PHI,2024,2,21.0,22.0,-1.0,43.0,3.5826970615874907,48.178941220871174,25.88081914122933,22.298122079641843
2024_02_BUF_MIA,2024,2,10.0,31.0,-21.0,41.0,-3.4354508038627904,46.700874480803904,21.632711838470556,25.06816264233335
2024_02_CIN_KC,2024,2,26.0,25.0,1.0,51.0,2.907539443853354,44.936497871155005,23.92201865750418,21.014479213650826
2024_02_CLE_JAX,2024,2,13.0,18.0,-5.0,31.0,1.5897578469343743,41.393409797940386,21.49158382243738,19.901825975503005
2024_02_IND_GB,2024,2,16.0,10.0,6.0,26.0,5.489088923404964,41.63014781572705,23.559618369566007,18.070529446161043
2024_02_LAC_CAR,2024,2,3.0,26.0,-23.0,29.0,-5.1091382530421185,36.387680487422635,15.639271117190258,20.748409370232377
2024_02_LA_ARI,2024,2,41.0,10.0,31.0,51.0,-5.34576097639585,50.690919102112495,22.672579062858322,28.018340039254173
2024_02_LV_BAL,2024,2,23.0,26.0,-3.0,49.0,9.419931036388055,44.330070537177036,26.875000786782547,17.45506975039449
2024_02_NO_DAL,2024,2,19.0,44.0,-25.0,63.0,4.470799685195468,52.13933895909358,28.305069322144522,23.834269636949056
2024_02_NYJ_TEN,2024,2,17.0,24.0,-7.0,41.0,1.1517401397353728,42.821959323466366,21.98684973160087,20.835109591865496
2024_02_SEA_NE,2024,2,20.0,23.0,-3.0,43.0,-1.6036482039440347,42.82911527587293,20.61273353596445,22.21638173990848
2024_02_SF_MIN,2024,2,23.0,17.0,6.0,40.0,-7.399573035238326,48.83517430548346,20.71780063512257,28.117373670360895
2024_02_TB_DET,2024,2,16.0,20.0,-4.0,36.0,4.4485136253486885,52.39936612690448,28.423939876126585,23.975426250777897
2024_03_BAL_DAL,2024,3,25.0,28.0,-3.0,53.0,-0.541157756675128,49.104327341348494,24.281584792336684,24.82274254901181
2024_03_CAR_LV,2024,3,22.0,36.0,-14.0,58.0,6.854364909135235,44.097949440540894,25.476157174838065,18.62179226570283
2024_03_CHI_IND,2024,3,21.0,16.0,5.0,37.0,0.28929197835786047,41.56549368101816,20.92739282968801,20.63810085133015
2024_03_DEN_TB,2024,3,7.0,26.0,-19.0,33.0,7.023656055330665,41.38703656748287,24.20534631140677,17.181690256076102
2024_03_DET_ARI,2024,3,13.0,20.0,-7.0,33.0,-5.008884634765479,52.144083739488835,23.567599552361678,28.576484187127157
2024_03_GB_TEN,2024,3,14.0,30.0,-16.0,44.0,-5.307954481472292,42.59305822661481,18.642551872571257,23.95050635404355
2024_03_HOU_MIN,2024,3,34.0,7.0,27.0,41.0,0.9218297994982951,46.00777675249904,23.46480327599867,22.54297347650037
2024_03_JAX_BUF,2024,3,47.0,10.0,37.0,57.0,10.218009269748716,46.34088756535304,28.27944841755088,18.06143914780216
2024_03_KC_ATL,2024,3,17.0,22.0,-5.0,39.0,-1.274426215600696,48.76139798975597,23.743485887077636,25.017912102678334
2024_03_LAC_PIT,2024,3,20.0,10.0,10.0,30.0,0.7429750412371869,41.50485683139705,21.12391593631712,20.38094089507993
2024_03_MIA_SEA,2024,3,24.0,3.0,21.0,27.0,0.6291688865401854,41.18089752259402,20.905033204567104,20.27586431802692
2024_03_NE_NYJ,2024,3,24.0,3.0,21.0,27.0,0.8089645114352982,39.4235670710559,20.1162657912456,19.3073012798103
2024_03_NYG_CLE,2024,3,15.0,21.0,-6.0,36.0,4.326098753589769,40.72903427540278,22.527566514496275,18.201467760906507
2024_03_PHI_NO,2024,3,12.0,15.0,-3.0,27.0,6.504613893405404,55.52669699669948,31.01565544505244,24.511041551647036
2024_03_SF_LA,2024,3,27.0,24.0,3.0,51.0,-5.866677517848068,52.04302638386248,23.088174433007207,28.954851950855275
2024_03_WAS_CIN,2024,3,33.0,38.0,-5.0,71.0,7.001714170051233,45.505018260435186,26.25336621524321,19.251652045191975
2024_04_BUF_BAL,2024,4,35.0,10.0,25.0,45.0,-0.10933043850138313,51.23453389188741,25.562601726693014,25.671932165194395
2024_04_CIN_CAR,2024,4,24.0,34.0,-10.0,58.0,-6.759514587043675,43.7326055211038,18.486545467030062,25.246060054073737
2024_04_CLE_LV,2024,4,20.0,16.0,4.0,36.0,1.7349054649808047,43.45460517600917,22.594755320494986,20.85984985551418
2024_04_DAL_NYG,2024,4,15.0,20.0,-5.0,35.0,-4.100838961639271,42.72818736328807,19.3136742008244,23.41451316246367
2024_04_DEN_NYJ,2024,4,9.0,10.0,-1.0,19.0,4.571314033877755,38.126378727734746,21.34884638080625,16.777532346928496
2024_04_JAX_HOU,2024,4,24.0,20.0,4.0,44.0,3.322643948075659,46.13392771998615,24.728285834030903,21.405641885955244
2024_04_KC_LAC,2024,4,10.0,17.0,-7.0,27.0,-1.8405962694948799,45.48185701318911,21.820630371847113,23.661226641341994
2024_04_LA_CHI,2024,4,24.0,18.0,6.0,42.0,0.3764571687078515,39.259251326871905,19.817854247789878,19.441397079082027
2024_04_MIN_GB,2024,4,29.0,31.0,-2.0,60.0,3.43136826903779,43.87438964373883,23.65287895638831,20.22151068735052
2024_04_NE_SF,2024,4,30.0,13.0,17.0,43.0,13.010068484866679,46.401617416264536,29.705842950565607,16.69577446569893
2024_04_NO_ATL,2024,4,26.0,24.0,2.0,50.0,-4.072817247561506,49.3628566548023,22.6450197036204,26.7178369511819
2024_04_PHI_TB,2024,4,33.0,16.0,17.0,49.0,0.7023927260152095,46.56757200102634,23.634982363520777,22.932589637505565
2024_04_PIT_IND,2024,4,27.0,24.0,3.0,51.0,-2.3248048267338737,45.0265538741968,21.350874523731463,23.675679350465337
2024_04_SEA_DET,2024,4,42.0,29.0,13.0,71.0,4.816640967189002,49.07773875182527,26.947189859507137,22.130548892318135
2024_04_TEN_MIA,2024,4,12.0,31.0,-19.0,43.0,4.873107130396384,42.76826058133611,23.820683855866246,18.94757672546986
2024_04_WAS_ARI,2024,4,14.0,42.0,-28.0,56.0,0.48106873978087017,52.261808529500364,26.37143863464062,25.890369894859745
2024_05_ARI_SF,2024,5,23.0,24.0,-1.0,47.0,12.320278106605942,50.31151997043943,31.315899038522684,18.995620931916744
2024_05_BAL_CIN,2024,5,38.0,41.0,-3.0,79.0,-4.312368825280101,47.77595737531825,21.731794275019073,26.044163100299176
2024_05_BUF_HOU,2024,5,23.0,20.0,3.0,43.0,-4.851116051222563,51.77585369673206,23.462368822754748,28.31348487397731
2024_05_CAR_CHI,2024,5,36.0,10.0,26.0,46.0,6.710516095335162,39.15221798797576,22.931367041655463,16.220850946320297
2024_05_CLE_WAS,2024,5,34.0,13.0,21.0,47.0,4.143633030458149,45.48843606921583,24.81603454983699,20.67240151937884
2024_05_DAL_PIT,2024,5,17.0,20.0,-3.0,37.0,-2.235279584368289,45.54445307470259,21.65458674516715,23.889866329535437
2024_05_GB_LA,2024,5,19.0,24.0,-5.0,43.0,-0.23808849276773514,53.53827612575644,26.65009381649435,26.88818230926209
2024_05_IND_JAX,2024,5,37.0,34.0,3.0,71.0,0.4562549686696973,42.592829781388254,21.524542375028975,21.06828740635928
2024_05_LV_DEN,2024,5,34.0,18.0,16.0,52.0,-1.0600451794417358,34.607690825039306,16.773822822798785,17.83386800224052
2024_05_MIA_NE,2024,5,10.0,15.0,-5.0,25.0,-2.1727608755720227,38.05950390164536,17.943371513036666,20.11613238860869
2024_05_NO_KC,2024,5,26.0,13.0,13.0,39.0,0.7239635568149086,46.14393876789451,23.43395116235471,22.7099876055398
2024_05_NYG_SEA,2024,5,20.0,29.0,-9.0,49.0,6.0266781535824805,43.2214792544201,24.624078704001292,18.59740055041881
2024_05_NYJ_MIN,2024,5,23.0,17.0,6.0,40.0,4.398653655342773,40.33997739283177,22.36931552408727,17.9706618687445
2024_05_TB_ATL,2024,5,36.0,30.0,6.0,66.0,-2.172987089910958,45.65848438022941,21.742748645159224,23.915735735070186
2024_06_ARI_GB,2024,6,34.0,13.0,21.0,47.0,6.209916291828888,48.67554559350639,27.44273094266764,21.23281465083875
2024_06_ATL_CAR,2024,6,20.0,38.0,-18.0,58.0,-3.814886445054207,43.5241965071124,19.854655031029097,23.669541476083303
2024_06_BUF_NYJ,2024,6,20.0,23.0,-3.0,43.0,-4.242807111045064,40.61629718561872,18.186745037286826,22.429552148331894
2024_06_CIN_NYG,2024,6,7.0,17.0,-10.0,24.0,-3.5764940812307295,47.442179120004816,21.932842519387044,25.50933660061777
2024_06_CLE_PHI,2024,6,20.0,16.0,4.0,36.0,4.880139997608362,43.520836292282944,24.200488144945652,19.320348147337292
2024_06_DET_DAL,2024,6,9.0,47.0,-38.0,56.0,-0.4610369653189976,53.27611325697272,26.407538145826862,26.86857511114586
2024_06_IND_TEN,2024,6,17.0,20.0,-3.0,37.0,-0.7365891067802433,44.781937855072826,22.02267437414629,22.759263480926535
2024_06_JAX_CHI,2024,6,35.0,16.0,19.0,51.0,5.314790258608246,41.376922945350515,23.34585660197938,18.031066343371133
2024_06_LAC_DEN,2024,6,16.0,23.0,-7.0,39.0,0.11389184145322684,36.43475025833304,18.274321049893132,18.160429208439908
2024_06_PIT_LV,2024,6,13.0,32.0,-19.0,45.0,-1.7260909477024362,42.36366888261912,20.318788967458342,22.04487991516078
2024_06_SF_SEA,2024,6,24.0,36.0,-12.0,60.0,-4.128606429186357,46.76966700609287,21.320530288453256,25.44913671763961
2024_06_WAS_BAL,2024,6,30.0,23.0,7.0,53.0,8.774873615838741,52.6173180001545,30.69609580799662,21.921222192157877
2024_07_BAL_TB,2024,7,31.0,41.0,-10.0,72.0,-3.1920611699173382,49.86711043405798,23.33752463207032,26.529585801987658
2024_07_CAR_WAS,2024,7,40.0,7.0,33.0,47.0,9.104222479987145,45.38510646119812,27.24466447059263,18.14044199060549
2024_07_CIN_CLE,2024,7,14.0,21.0,-7.0,35.0,-5.392395892514751,40.483496721084656,17.545550414284953,22.937946306799702
2024_07_DET_MIN,2024,7,29.0,31.0,-2.0,60.0,-4.9286947369537,50.18886327766583,22.630084270356065,27.558779007309766
2024_07_HOU_GB,2024,7,24.0,22.0,2.0,46.0,4.164786467212242,48.488172347275466,26.326479407243852,22.161692940031614
2024_07_KC_SF,2024,7,18.0,28.0,-10.0,46.0,3.661223519154096,48.09972810769583,25.880475813424965,22.219252294270866
2024_07_LAC_ARI,2024,7,17.0,15.0,2.0,32.0,-0.41692351153502827,47.03090968116023,23.306993084812603,23.723916596347628
2024_07_LV_LA,2024,7,20.0,15.0,5.0,35.0,4.853372323908906,47.02850580807161,25.940939065990257,21.08756674208135
2024_07_MIA_IND,2024,7,16.0,10.0,6.0,26.0,1.2886058554894564,44.439720253838395,22.864163054663926,21.57555719917447
2024_07_NYJ_PIT,2024,7,37.0,15.0,22.0,52.0,4.366986659225066,40.22263434061246,22.29481049991876,17.927823840693698
2024_07_PHI_NYG,2024,7,3.0,28.0,-25.0,31.0,-2.202800008884934,43.42981558368957,20.613507787402316,22.81630779628725
2024_07_SEA_ATL,2024,7,14.0,34.0,-20.0,48.0,1.0269493072272629,50.352243487655244,25.689596397441253,24.66264709021399
2024_07_TEN_BUF,2024,7,34.0,10.0,24.0,44.0,8.855268476228272,47.709329830403135,28.282299153315705,19.42703067708743
2024_08_ARI_MIA,2024,8,27.0,28.0,-1.0,55.0,1.652896031775687,40.752121326778656,21.202508679277173,19.549612647501483
2024_08_ATL_TB,2024,8,26.0,31.0,-5.0,57.0,4.171265027617476,47.43889307407506,25.805079050846267,21.633814023228794
2024_08_BAL_CLE,2024,8,29.0,24.0,5.0,53.0,-11.36390352746732,47.988893370174566,18.312494921353622,29.676398448820944
2024_08_BUF_SEA,2024,8,10.0,31.0,-21.0,41.0,-4.542643336696768,47.045957676963326,21.251657170133278,25.794300506830048
2024_08_CAR_DEN,2024,8,28.0,14.0,14.0,42.0,10.308933678470684,35.465176169127055,22.88705492379887,12.578121245328186
2024_08_CHI_WAS,2024,8,18.0,15.0,3.0,33.0,1.829184316577673,44.86976646510277,23.349475390840222,21.52029107426255
2024_08_DAL_SF,2024,8,30.0,24.0,6.0,54.0,6.299903269486158,47.495675261716826,26.897789265601492,20.597885996115334
2024_08_GB_JAX,2024,8,27.0,30.0,-3.0,57.0,-2.92708808641941,49.10968442096431,23.09129816727245,26.018386253691858
2024_08_IND_HOU,2024,8,23.0,20.0,3.0,43.0,3.8559090152381574,44.957943156151046,24.4069260856946,20.551017070456446
2024_08_KC_LV,2024,8,20.0,27.0,-7.0,47.0,-6.901643293394859,42.109439257022984,17.603897981814065,24.50554127520892
2024_08_MIN_LA,2024,8,30.0,20.0,10.0,50.0,2.533568709790514,46.45798278915116,24.495775749470837,21.962207039680322
2024_08_NO_LAC,2024,8,26.0,8.0,18.0,34.0,1.5058035634964906,42.89041526563762,22.198109414567057,20.692305851070564
2024_08_NYG_PIT,2024,8,26.0,18.0,8.0,44.0,6.198335641397039,41.06932232409399,23.633828982745513,17.435493341348476
2024_08_NYJ_NE,2024,8,25.0,22.0,3.0,47.0,-2.8642786468235886,39.25169804389558,18.193709698535997,21.057988345359583
2024_08_PHI_CIN,2024,8,17.0,37.0,-20.0,54.0,0.290545945936973,48.674905964526054,24.482725955231516,24.19218000929454
2024_08_TEN_DET,2024,8,52.0,14.0,38.0,66.0,12.189143199804302,53.4175734299976,32.803358314900954,20.61421511509665
2024_09_CHI_ARI,2024,9,29.0,9.0,20.0,38.0,-1.0926955366790292,44.77692405828069,21.84211426080083,22.93480979747986
2024_09_DAL_ATL,2024,9,27.0,21.0,6.0,48.0,2.762192494036,50.863634189004436,26.81291334152022,24.050720847484218
2024_09_DEN_BAL,2024,9,41.0,10.0,31.0,51.0,9.867392456464753,47.68288343661454,28.775137946539644,18.907745490074895
2024_09_DET_GB,2024,9,14.0,24.0,-10.0,38.0,-3.948193308201351,49.876895280977564,22.964350986388105,26.91254429458946
2024_09_HOU_NYJ,2024,9,21.0,13.0,8.0,34.0,-0.5032412434126972,43.28936210014355,21.393060428365427,21.896301671778122
2024_09_IND_MIN,2024,9,21.0,13.0,8.0,34.0,4.6540334832581705,48.99299832486819,26.82351590406318,22.16948242080501
2024_09_JAX_PHI,2024,9,28.0,23.0,5.0,51.0,5.668411202596019,51.56134228781556,28.61487674520579,22.946465542609772
2024_09_LAC_CLE,2024,9,10.0,27.0,-17.0,37.0,-0.5905372186042315,41.70824691094203,20.5588548461689,21.14939206477313
2024_09_LA_SEA,2024,9,20.0,26.0,-6.0,46.0,-1.5656148573232351,43.6345594106653,21.034472276671032,22.600087133994265
2024_09_LV_CIN,2024,9,41.0,24.0,17.0,65.0,4.9280942276226885,45.292323870561574,25.11020904909213,20.182114821469444
2024_09_MIA_BUF,2024,9,30.0,27.0,3.0,57.0,9.376844078305082,48.4960429498662,28.936443514085642,19.55959943578056
2024_09_NE_TEN,2024,9,20.0,17.0,3.0,37.0,3.0735092930631898,40.46853648934827,21.771022891205728,18.69751359814254
2024_09_NO_CAR,2024,9,23.0,22.0,1.0,45.0,-6.4702718996744775,43.06133743965634,18.29553276999093,24.76580466966541
2024_09_TB_KC,2024,9,30.0,24.0,6.0,54.0,4.933688908057505,45.737345461797176,25.33551718492734,20.401828276869836
2024_09_WAS_NYG,2024,9,22.0,27.0,-5.0,49.0,-5.590753302859577,43.79835864531343,19.103802671226926,24.6945559740865
2024_10_ATL_NO,2024,10,20.0,17.0,3.0,37.0,-1.5483793747805765,52.42440878591176,25.438014705565593,26.986394080346166
2024_10_BUF_IND,2024,10,20.0,30.0,-10.0,50.0,-8.92208491768543,50.60701572232655,20.84246540232056,29.76455032000599
2024_10_CIN_BAL,2024,10,35.0,34.0,1.0,69.0,7.910984074356879,55.84510931541668,31.878046694886777,23.9670626205299
2024_10_DEN_KC,2024,10,16.0,14.0,2.0,30.0,9.737216129389422,38.96788994035501,24.352553034872216,14.615336905482792
2024_10_DET_HOU,2024,10,23.0,26.0,-3.0,49.0,-6.3405079692770485,53.413850735055725,23.536671382889338,29.877179352166387
2024_10_MIA_LA,2024,10,15.0,23.0,-8.0,38.0,3.2749916559472494,49.15070714235409,26.21284939915067,22.937857743203423
2024_10_MIN_JAX,2024,10,7.0,12.0,-5.0,19.0,-2.412914816364497,42.08684238196003,19.836963782797767,22.249878599162265
2024_10_NE_CHI,2024,10,3.0,19.0,-16.0,22.0,7.119601307737694,39.057377451462166,23.08848937959993,15.968888071862235
2024_10_NYG_CAR,2024,10,20.0,17.0,3.0,37.0,-4.251003951121481,39.559623642783336,17.654309845830927,21.90531379695241
2024_10_NYJ_ARI,2024,10,31.0,6.0,25.0,37.0,2.146124545705472,47.44670320875035,24.79641387722791,22.65028933152244
2024_10_PHI_DAL,2024,10,6.0,34.0,-28.0,40.0,-2.6982493813474417,51.76414748471824,24.532949051685396,27.23119843303284
2024_10_PIT_WAS,2024,10,27.0,28.0,-1.0,55.0,3.8518274182160304,47.947976329915576,25.899901874065804,22.048074455849772
2024_10_SF_TB,2024,10,20.0,23.0,-3.0,43.0,-2.5174598514006443,50.26913961708324,23.875839882841298,26.393299734241943
2024_10_TEN_LAC,2024,10,27.0,17.0,10.0,44.0,4.590787357158844,47.77684699268079,26.183817174919817,21.59302981776097
2024_11_ATL_DEN,2024,11,38.0,6.0,32.0,44.0,-2.8718959298572986,44.3409346730327,20.7345193715877,23.606415301444997
2024_11_BAL_PIT,2024,11,18.0,16.0,2.0,34.0,-7.200883610648429,53.58561625911263,23.192366324232104,30.39324993488053
2024_11_CIN_LAC,2024,11,34.0,27.0,7.0,61.0,-1.575052863235094,52.470343810554375,25.44764547365964,27.022698336894734
2024_11_CLE_NO,2024,11,35.0,14.0,21.0,49.0,1.915679014256682,49.027384871989405,25.471531943123043,23.55585292886636
2024_11_GB_CHI,2024,11,19.0,20.0,-1.0,39.0,-1.9064131972704792,42.37631762320041,20.234952212964963,22.141365410235444
2024_11_HOU_DAL,2024,11,10.0,34.0,-24.0,44.0,-1.081807598090672,45.51297668250258,22.215584542205956,23.297392140296626
2024_11_IND_NYJ,2024,11,27.0,28.0,-1.0,55.0,3.8032661589390093,39.56510666421959,21.6841864115793,17.88092025264029
2024_11_JAX_DET,2024,11,52.0,6.0,46.0,58.0,11.184935444510058,48.91917375859841,30.052054601554236,18.867119157044176
2024_11_KC_BUF,2024,11,30.0,21.0,9.0,51.0,3.4377020410005246,47.97639291558043,25.70704747829048,22.269345437289953
2024_11_LA_NE,2024,11,22.0,28.0,-6.0,50.0,-4.8522300540939955,40.48018690135463,17.813978423630317,22.66620847772431
2024_11_LV_MIA,2024,11,34.0,19.0,15.0,53.0,5.2553431092092255,40.67386819168124,22.964605650445232,17.709262541236004
2024_11_MIN_TEN,2024,11,13.0,23.0,-10.0,36.0,-5.1677457742560655,44.88024158794595,19.856247906844942,25.02399368110101
2024_11_SEA_SF,2024,11,17.0,20.0,-3.0,37.0,10.295206936192796,48.390939578082936,29.343073257137867,19.04786632094507
2024_11_WAS_PHI,2024,11,26.0,18.0,8.0,44.0,2.4234970772891615,49.469031568993614,25.94626432314139,23.522767245852226
2024_12_ARI_SEA,2024,12,16.0,6.0,10.0,22.0,-2.685992817064874,43.813830181715,20.563918682325063,23.249911499389935
2024_12_BAL_LAC,2024,12,23.0,30.0,-7.0,53.0,-8.0006251281137,55.55656469676067,23.77796978432348,31.778594912437185
2024_12_DAL_WAS,2024,12,26.0,34.0,-8.0,60.0,8.0366470971652,44.23133405246399,26.133990574814597,18.097343477649396
2024_12_DEN_LV,2024,12,19.0,29.0,-10.0,48.0,-2.744468106932606,43.38875740764414,20.322144650355767,23.066612757288375
2024_12_DET_IND,2024,12,6.0,24.0,-18.0,30.0,-11.383334548396899,53.39338390913595,21.005024680369523,32.388359228766426
2024_12_KC_CAR,2024,12,27.0,30.0,-3.0,57.0,-12.01302580811361,41.4154339169567,14.701204054421545,26.714229862535156
2024_12_MIN_CHI,2024,12,27.0,30.0,-3.0,57.0,-1.6682932364776302,39.88322884188901,19.10746780270569,20.77576103918332
2024_12_NE_MIA,2024,12,34.0,15.0,19.0,49.0,6.7633549836909115,42.21797142940946,24.490663206550185,17.727308222859275
2024_12_PHI_LA,2024,12,20.0,37.0,-17.0,57.0,-0.12936290045481336,51.731337160644394,25.80098713009479,25.930350030549604
2024_12_PIT_CLE,2024,12,24.0,19.0,5.0,43.0,-1.7969523458069805,39.861456051777076,19.03225185298505,20.829204198792027
2024_12_SF_GB,2024,12,38.0,10.0,28.0,48.0,-2.2980688299955383,42.5330349238656,20.117483046935032,22.415551876930568
2024_12_TB_NYG,2024,12,7.0,30.0,-23.0,37.0,-3.9903389730273724,43.49401507943831,19.75183805320547,23.74217702623284
2024_12_TEN_HOU,2024,12,27.0,32.0,-5.0,59.0,6.783080253110834,47.05854374296709,26.92081199803896,20.13773174492813
2024_13_ARI_MIN,2024,13,23.0,22.0,1.0,45.0,2.175212167300277,48.34974700386137,25.26247958558082,23.087267418280547
2024_13_CHI_DET,2024,13,23.0,20.0,3.0,43.0,11.519764623976267,48.90246275361166,30.21111368879396,18.691349064817697
2024_13_CLE_DEN,2024,13,41.0,32.0,9.0,73.0,5.34906766246651,42.273363871334375,23.811215766900443,18.462148104433933
2024_13_HOU_JAX,2024,13,20.0,23.0,-3.0,43.0,-5.299525125098899,38.70570687366185,16.70309087428148,22.002615999380374
2024_13_IND_NE,2024,13,24.0,25.0,-1.0,49.0,2.0396002713318677,38.260493579550925,20.150046925441398,18.110446654109527
2024_13_LAC_ATL,2024,13,13.0,17.0,-4.0,30.0,2.8450069701046514,49.182698330523706,26.013852650314178,23.16884568020953
2024_13_LA_NO,2024,13,14.0,21.0,-7.0,35.0,-2.022981205229341,52.19190415792086,25.08446147634576,27.1074426815751
2024_13_LV_KC,2024,13,19.0,17.0,2.0,36.0,10.858086994796878,41.72447299144254,26.29127999311971,15.43319299832283
2024_13_MIA_GB,2024,13,30.0,17.0,13.0,47.0,2.521930878962377,47.378658320601986,24.950294599782183,22.428363720819803
2024_13_NYG_DAL,2024,13,27.0,20.0,7.0,47.0,3.724676349487026,45.36088416342917,24.542780256458098,20.81810390697107
2024_13_PHI_BAL,2024,13,19.0,24.0,-5.0,43.0,4.662750107346707,55.27038727883638,29.966568693091546,25.303818585744835
2024_13_PIT_CIN,2024,13,38.0,44.0,-6.0,82.0,4.339746546576098,47.3437619983994,25.841754272487748,21.502007725911653
2024_13_SEA_NYJ,2024,13,21.0,26.0,-5.0,47.0,0.23355595161818776,43.594836701469,21.914196326543593,21.680640374925407
2024_13_SF_BUF,2024,13,35.0,10.0,25.0,45.0,2.64956346096906,48.99826501096247,25.823914235965766,23.174350774996704
2024_13_TB_CAR,2024,13,23.0,26.0,-3.0,49.0,-9.458529863931007,44.60105575241394,17.571262944241468,27.029792808172473
2024_13_TEN_WAS,2024,13,42.0,19.0,23.0,61.0,7.2581437705086636,46.38825560405271,26.823199687280685,19.565055916772025
2024_14_ATL_MIN,2024,14,42.0,21.0,21.0,63.0,3.4643916169520454,47.90863986611982,25.68651574153593,22.22212412458389
2024_14_BUF_LA,2024,14,44.0,42.0,2.0,86.0,-2.994316477713412,51.51031786255448,24.258000692420534,27.252317170133946
2024_14_CAR_PHI,2024,14,22.0,16.0,6.0,38.0,12.773387802413103,45.39277932724222,29.083083564827664,16.30969576241456
2024_14_CHI_SF,2024,14,38.0,13.0,25.0,51.0,3.6701700632391305,43.062736395488486,23.36645322936381,19.696283166124676
2024_14_CIN_DAL,2024,14,20.0,27.0,-7.0,47.0,-3.0133195263506694,51.491127812938046,24.238904143293688,27.25222366964436
2024_14_CLE_PIT,2024,14,27.0,14.0,13.0,41.0,4.4075444346193215,45.76429139875765,25.085917916688487,20.678373482069162
2024_14_GB_DET,2024,14,34.0,31.0,3.0,65.0,6.4792319824976214,55.37324235965237,30.926237171074998,24.447005188577375
2024_14_JAX_TEN,2024,14,6.0,10.0,-4.0,16.0,1.9165750292824064,43.993760361879886,22.955167695581146,21.03859266629874
2024_14_LAC_KC,2024,14,19.0,17.0,2.0,36.0,7.653805755960896,43.57431429353571,25.6140600247483,17.960254268787406
2024_14_LV_TB,2024,14,28.0,13.0,15.0,41.0,7.077688569798816,44.96453062984023,26.021109599819525,18.94342103002071
2024_14_NO_NYG,2024,14,11.0,14.0,-3.0,25.0,-1.9102392162505444,45.89756816509151,21.993664474420484,23.90390369067103
2024_14_NYJ_MIA,2024,14,32.0,26.0,6.0,58.0,7.1933972371406085,42.6803844177413,24.936890827440955,17.743493590300346
2024_14_SEA_ARI,2024,14,18.0,30.0,-12.0,48.0,5.027113520238371,47.834374116294136,26.430743818266254,21.40363029802788
2024_15_ATL_LV,2024,15,9.0,15.0,-6.0,24.0,-2.7022850419766224,46.333335927815796,21.815525442919586,24.51781048489621
2024_15_BAL_NYG,2024,15,14.0,35.0,-21.0,49.0,-12.787008299554284,44.350987247495155,15.781989473970436,28.56899777352472
2024_15_BUF_DET,2024,15,42.0,48.0,-6.0,90.0,3.1442646794732534,56.66752250239671,29.90589359093498,26.761628911461727
2024_15_CHI_MIN,2024,15,30.0,12.0,18.0,42.0,6.689258085943445,45.62210327861488,26.15568068227916,19.46642259633572
2024_15_CIN_TEN,2024,15,27.0,37.0,-10.0,64.0,-5.681146177780837,47.05592808101705,20.687390951618106,26.368537129398945
2024_15_DAL_CAR,2024,15,14.0,30.0,-16.0,44.0,-1.796303838962793,40.1037548774531,19.153725519245153,20.950029358207946
2024_15_GB_SEA,2024,15,13.0,30.0,-17.0,43.0,-2.652512289403983,47.89296693090254,22.62022732074928,25.27273961015326
2024_15_IND_DEN,2024,15,31.0,13.0,18.0,44.0,6.325807313932724,39.815305066270746,23.070556190101733,16.744748876169012
2024_15_KC_CLE,2024,15,7.0,21.0,-14.0,28.0,-6.668780769295838,41.01244302911958,17.171831129911872,23.84061189920771
2024_15_LA_SF,2024,15,6.0,12.0,-6.0,18.0,0.9341585881446086,50.90935064769697,25.92175461792079,24.987596029776178
2024_15_MIA_HOU,2024,15,20.0,12.0,8.0,32.0,-3.143613533065684,50.880161168256805,23.86827381759556,27.011887350661244
2024_15_NE_ARI,2024,15,30.0,17.0,13.0,47.0,5.118518935540839,45.530287227518976,25.32440308152991,20.205884145989067
2024_15_NYJ_JAX,2024,15,25.0,32.0,-7.0,57.0,-2.040945979613212,41.26689461050031,19.612974315443548,21.65392029505676
2024_15_PIT_PHI,2024,15,27.0,13.0,14.0,40.0,6.660396168237609,50.350426459005305,28.505411313621458,21.845015145383847
2024_15_TB_LAC,2024,15,17.0,40.0,-23.0,57.0,-3.723661133138392,51.06128070858135,23.66880978772148,27.39247092085987
2024_15_WAS_NO,2024,15,19.0,20.0,-1.0,39.0,-3.206193849370012,47.11326931984985,21.95353773523992,25.15973158460993
2024_16_ARI_CAR,2024,16,36.0,30.0,6.0,66.0,-7.395704145262824,43.4262941183238,18.01529498653049,25.410999131793314
2024_16_CLE_CIN,2024,16,24.0,6.0,18.0,30.0,8.541019293766766,40.69385268184137,24.61743598780407,16.076416694037302
2024_16_DEN_LAC,2024,16,34.0,27.0,7.0,61.0,-2.7168053831854597,45.72919961491401,21.506197115864275,24.223002499049734
2024_16_DET_CHI,2024,16,17.0,34.0,-17.0,51.0,-9.274865229557253,46.22808049216993,18.476607631306337,27.751472860863593
2024_16_HOU_KC,2024,16,27.0,19.0,8.0,46.0,7.190781971678131,40.18656055006385,23.68867126087099,16.497889289192862
2024_16_JAX_LV,2024,16,19.0,14.0,5.0,33.0,2.1472011838426512,43.48642538248038,22.816813283161515,20.66961209931886
2024_16_LA_NYJ,2024,16,9.0,19.0,-10.0,28.0,-3.392438716093975,44.73463514887411,20.671098216390067,24.063536932484045
2024_16_MIN_SEA,2024,16,24.0,27.0,-3.0,51.0,-5.788452475891985,45.699288339055734,19.955417931581874,25.74387040747386
2024_16_NE_BUF,2024,16,24.0,21.0,3.0,45.0,10.51737409048079,46.20601421532812,28.361694152904455,17.844320062423662
2024_16_NO_GB,2024,16,34.0,0.0,34.0,34.0,6.9212107439641795,42.580811284145085,24.751011014054633,17.829800270090452
2024_16_PHI_WAS,2024,16,36.0,33.0,3.0,69.0,-0.3009496078274214,43.579567319814906,21.639308855993743,21.940258463821163
2024_16_PIT_BAL,2024,16,34.0,17.0,17.0,51.0,12.252415920275,51.489189687592656,31.870802803933827,19.61838688365883
2024_16_SF_MIA,2024,16,29.0,17.0,12.0,46.0,3.4228784451825374,46.068162434795696,24.745520439989118,21.322641994806578
2024_16_TB_DAL,2024,16,26.0,24.0,2.0,50.0,-3.6362998444866714,50.633726321654564,23.498713238583946,27.135013083070618
2024_16_TEN_IND,2024,16,38.0,30.0,8.0,68.0,0.7363930949059322,46.015838497353364,23.37611579612965,22.639722701223715
2024_17_ARI_LA,2024,17,13.0,9.0,4.0,22.0,3.249386356716211,49.54939442190247,26.39939038930934,23.15000403259313
2024_17_BAL_HOU,2024,17,2.0,31.0,-29.0,33.0,-9.649235114530864,53.97413865825049,22.162451771859814,31.811686886390675
2024_17_CAR_TB,2024,17,48.0,14.0,34.0,62.0,13.107159392065233,46.08101528158634,29.594087336825787,16.486927944760552
2024_17_DAL_PHI,2024,17,41.0,7.0,34.0,48.0,7.657397173234086,44.40893970117599,26.03316843720504,18.37577126397095
2024_17_DEN_CIN,2024,17,30.0,24.0,6.0,54.0,4.821842843555372,47.97020482436688,26.396023833961127,21.574180990405754
2024_17_DET_SF,2024,17,34.0,40.0,-6.0,74.0,-5.952375339075578,52.405594433379584,23.226609547152,29.178984886227582
2024_17_GB_MIN,2024,17,27.0,25.0,2.0,52.0,0.8065116176904661,51.42273407810278,26.114622847896623,25.308111230206155
2024_17_IND_NYG,2024,17,45.0,33.0,12.0,78.0,-2.363000718895071,41.09694712899098,19.366973205047955,21.729973923943028
2024_17_KC_PIT,2024,17,10.0,29.0,-19.0,39.0,-7.339858892972035,45.16887119870074,18.914506152864355,26.254365045836387
2024_17_LAC_NE,2024,17,7.0,40.0,-33.0,47.0,1.7357980757393277,44.27662758353994,23.006212829639633,21.270414753900308
2024_17_LV_NO,2024,17,10.0,25.0,-15.0,35.0,0.7147919521945636,40.62745279174904,20.671122371971805,19.956330419777238
2024_17_MIA_CLE,2024,17,3.0,20.0,-17.0,23.0,-6.007389830875518,32.435808283825516,13.214209226474999,19.221599057350517
2024_17_NYJ_BUF,2024,17,40.0,14.0,26.0,54.0,9.466379605845633,49.127234217788946,29.29680691181729,19.830427305971657
2024_17_SEA_CHI,2024,17,3.0,6.0,-3.0,9.0,0.09905436789062927,44.90248730334221,22.50077083561642,22.40171646772579
2024_17_TEN_JAX,2024,17,20.0,13.0,7.0,33.0,-0.13114507539633657,41.56726459849775,20.718059761550705,20.849204836947045
2024_18_CAR_ATL,2024,18,38.0,44.0,-6.0,82.0,11.475610393298151,46.70775386929092,29.091682131294533,17.616071737996386
2024_18_CHI_GB,2024,18,22.0,24.0,-2.0,46.0,9.03715262562122,34.04121753410413,21.539185079862673,12.502032454241455
2024_18_CIN_PIT,2024,18,17.0,19.0,-2.0,36.0,-7.348903559405954,45.83352007940051,19.242308259997277,26.59121181940323
2024_18_CLE_BAL,2024,18,35.0,10.0,25.0,45.0,18.45587672830252,45.158887930544104,31.807382329423312,13.351505601120792
2024_18_HOU_TEN,2024,18,14.0,23.0,-9.0,37.0,1.2986637559238536,42.677430157862275,21.988046956893065,20.68938320096921
2024_18_JAX_IND,2024,18,26.0,23.0,3.0,49.0,2.0269592778409216,47.18039316479656,24.603676221318743,22.57671694347782
2024_18_KC_DEN,2024,18,38.0,0.0,38.0,38.0,-3.29963663686724,37.954547897913066,17.327455630522913,20.627092267390154
2024_18_LAC_LV,2024,18,20.0,34.0,-14.0,54.0,-0.5716839417168813,45.120390496551686,22.2743532774174,22.846037219134285
2024_18_MIA_NYJ,2024,18,32.0,20.0,12.0,52.0,-2.055317460981233,39.832512539438014,18.88859753922839,20.943915000209625
2024_18_MIN_DET,2024,18,31.0,9.0,22.0,40.0,4.888257108563179,56.16302354779775,30.525640328180465,25.637383219617284
2024_18_NO_TB,2024,18,27.0,19.0,8.0,46.0,12.259102997576939,42.050102465377705,27.154602731477322,14.895499733900383
2024_18_SEA_LA,2024,18,25.0,30.0,-5.0,55.0,6.3001354391402415,44.25680572845552,25.27847058379788,18.97833514465764
2024_18_SF_ARI,2024,18,47.0,24.0,23.0,71.0,2.7572503437464753,44.4382604967221,23.59775542023429,20.840505076487812
2024_18_WAS_DAL,2024,18,19.0,23.0,-4.0,42.0,-6.813776042897642,48.24492133180699,20.715572644454674,27.529348687352318
2025_01_ARI_NO,2025,1,13.0,20.0,-7.0,33.0,-6.34281458528678,45.40491800633913,19.531051710526175,25.873866295812956
2025_01_BAL_BUF,2025,1,41.0,40.0,1.0,81.0,-3.5900441633628253,56.50419219123199,26.457074013934584,30.04711817729741
2025_01_CAR_JAX,2025,1,26.0,10.0,16.0,36.0,4.9403151586758245,48.95976235199893,26.950038755337378,22.009723596661555
2025_01_CIN_CLE,2025,1,16.0,17.0,-1.0,33.0,-10.322130773208949,44.16077135689657,16.91932029184381,27.241451065052757
2025_01_DAL_PHI,2025,1,24.0,20.0,4.0,44.0,11.516204429085644,48.8403785387572,30.17829148392142,18.66208705483578
2025_01_DET_GB,2025,1,27.0,13.0,14.0,40.0,-2.9313430991300127,50.58528583863493,23.82697136975246,26.75831446888247
2025_01_HOU_LA,2025,1,14.0,9.0,5.0,23.0,5.91693755894022,46.34992651556172,26.13343203725097,20.21649447831075
2025_01_KC_LAC,2025,1,27.0,21.0,6.0,48.0,1.6583144459751857,47.188451629000454,24.42338303748782,22.765068591512634
2025_01_LV_NE,2025,1,13.0,20.0,-7.0,33.0,0.3146399302933287,43.9497368122136,22.132188371253466,21.817548440960135
2025_01_MIA_IND,2025,1,33.0,8.0,25.0,41.0,-4.006777555308355,47.514085553199074,21.75365399894536,25.760431554253714
2025_01_NYG_WAS,2025,1,21.0,6.0,15.0,27.0,11.054640666831782,49.3246924593588,30.18966656309529,19.13502589626351
2025_01_PIT_NYJ,2025,1,32.0,34.0,-2.0,66.0,2.2708848137220823,43.88992512772815,23.080404970725116,20.809520157003032
2025_01_SF_SEA,2025,1,13.0,17.0,-4.0,30.0,-0.07056230341880076,48.006205350312385,23.96782152344679,24.038383826865594
2025_01_TB_ATL,2025,1,20.0,23.0,-3.0,43.0,-4.0471119334061045,53.368082986237546,24.66048552641572,28.707597459821827
2025_02_BUF_NYJ,2025,2,10.0,30.0,-20.0,40.0,-6.4973245290327934,50.118493190038144,21.810584330502675,28.30790885953547
2025_02_CAR_ARI,2025,2,27.0,22.0,5.0,49.0,11.522722230082845,51.1995232812513,31.361122755667076,19.838400525584227
2025_02_CHI_DET,2025,2,52.0,21.0,31.0,73.0,13.12601725812607,49.22049562592981,31.173256442027938,18.04723918390187
2025_02_CLE_BAL,2025,2,41.0,17.0,24.0,58.0,18.192987162681003,50.57869301272885,34.38584008770493,16.19285292502392
2025_02_DEN_IND,2025,2,29.0,28.0,1.0,57.0,-2.7754167616085432,47.141129277183424,22.182856257787442,24.958273019395982
2025_02_JAX_CIN,2025,2,31.0,27.0,4.0,58.0,5.2317739774908585,48.589310130788164,26.910542054139512,21.67876807664865
2025_02_LAC_LV,2025,2,9.0,20.0,-11.0,29.0,-3.663448886341122,45.96302553005919,21.149788321859035,24.813237208200157
2025_02_NE_MIA,2025,2,27.0,33.0,-6.0,60.0,6.171439458162555,42.263030040525706,24.21723474934413,18.045795291181577
2025_02_NYG_DAL,2025,2,40.0,37.0,3.0,77.0,5.079431288653846,47.27579659272043,26.177613940687138,21.098182652033294
2025_02_PHI_KC,2025,2,17.0,20.0,-3.0,37.0,-4.178646910717546,49.35684714480694,22.589100117044698,26.767747027762244
2025_02_SEA_PIT,2025,2,17.0,31.0,-14.0,48.0,-0.6782172414749834,42.98916472065512,21.155473739590068,21.83369098106505
2025_02_SF_NO,2025,2,21.0,26.0,-5.0,47.0,-4.565552553724079,43.88217316026141,19.658310303268664,24.223862856992746
2025_02_TB_HOU,2025,2,19.0,20.0,-1.0,39.0,-7.936164476533758,49.39965172688291,20.731743625174573,28.667908101708335
2025_02_WAS_GB,2025,2,27.0,18.0,9.0,45.0,1.1170210911587668,48.74940892368611,24.93321500742244,23.81619391626367
2025_03_ARI_SF,2025,3,16.0,15.0,1.0,31.0,0.29109114342640785,46.22516171439689,23.25812642891165,22.96703528548524
2025_03_ATL_CAR,2025,3,30.0,0.0,30.0,30.0,-7.9970196918462815,44.262995386312426,18.13298784723307,26.130007539079354
2025_03_CIN_MIN,2025,3,48.0,10.0,38.0,58.0,-1.4755132799518174,44.88866265125342,21.7065746856508,23.18208796560262
2025_03_DAL_CHI,2025,3,31.0,14.0,17.0,45.0,-1.2012787601382933,45.07030181865557,21.93451152925864,23.135790289396933
2025_03_DEN_LAC,2025,3,23.0,20.0,3.0,43.0,1.7810935133691228,48.27720891168665,25.029151212527886,23.248057699158764
2025_03_DET_BAL,2025,3,30.0,38.0,-8.0,68.0,2.5402052732123757,57.70758036084513,30.123892817028754,27.583687543816374
2025_03_GB_CLE,2025,3,13.0,10.0,3.0,23.0,-11.167411608314335,43.64563693329706,16.239112662491365,27.406524270805697
2025_03_HOU_JAX,2025,3,17.0,10.0,7.0,27.0,4.299218952455219,42.05788654894302,23.17855275069912,18.8793337982439
2025_03_IND_TEN,2025,3,20.0,41.0,-21.0,61.0,-6.140278110013209,43.07141848258266,18.465570186284726,24.605848296297932
2025_03_KC_NYG,2025,3,9.0,22.0,-13.0,31.0,-4.7733337969424054,45.31125608393695,20.268961143497272,25.042294940439675
2025_03_LA_PHI,2025,3,33.0,26.0,7.0,59.0,4.601702687401862,49.11951948579315,26.860611086597505,22.258908399195644
2025_03_LV_WAS,2025,3,41.0,24.0,17.0,65.0,8.850363358143538,46.88743146553282,27.86889741183818,19.01853405369464
2025_03_MIA_BUF,2025,3,31.0,21.0,10.0,52.0,6.716578501715099,52.03366343599768,29.37512096885639,22.65854246714129
2025_03_NO_SEA,2025,3,44.0,13.0,31.0,57.0,5.896177526587389,38.747932725298284,22.322055125942835,16.42587759935545
2025_03_NYJ_TB,2025,3,29.0,27.0,2.0,56.0,11.317527890188053,47.76770942758287,29.542618658885463,18.22509076869741
2025_03_PIT_NE,2025,3,14.0,21.0,-7.0,35.0,3.4190083455809175,44.49114311493286,23.95507573025689,20.53606738467597
2025_04_BAL_KC,2025,4,37.0,20.0,17.0,57.0,-5.710424341126656,52.0032422764636,23.146408967668474,28.856833308795128
2025_04_CAR_NE,2025,4,42.0,13.0,29.0,55.0,4.532005593508187,45.019005472353484,24.775505532930836,20.243499939422648
2025_04_CHI_LV,2025,4,24.0,25.0,-1.0,49.0,1.2827841577850645,45.811875573349404,23.547329865567235,22.26454570778217
2025_04_CIN_DEN,2025,4,28.0,3.0,25.0,31.0,5.720225094653098,45.574692302067724,25.64745869836041,19.927233603707315
2025_04_CLE_DET,2025,4,34.0,10.0,24.0,44.0,18.419781486276218,51.19759208301268,34.80868678464445,16.38890529836823
2025_04_GB_DAL,2025,4,40.0,40.0,0.0,80.0,-6.975094937082236,49.61845742842074,21.321681245669254,28.296776182751486
2025_04_IND_LA,2025,4,27.0,20.0,7.0,47.0,1.4012561229840408,50.54116542879157,25.971210775887805,24.569954652903768
2025_04_JAX_SF,2025,4,21.0,26.0,-5.0,47.0,5.285637424233709,46.33796607879284,25.811801751513272,20.526164327279567
2025_04_MIN_PIT,2025,4,24.0,21.0,3.0,45.0,-3.813940391971683,39.983866448189005,18.08496302810866,21.898903420080345
2025_04_NO_BUF,2025,4,31.0,19.0,12.0,50.0,13.12338917867046,47.59888722377469,30.361138201222573,17.237749022552116
2025_04_NYJ_MIA,2025,4,27.0,21.0,6.0,48.0,3.941743280926655,44.62166495755704,24.281704119241844,20.339960838315193
2025_04_PHI_TB,2025,4,25.0,31.0,-6.0,56.0,2.026985655272581,52.99277772551994,27.509881690396263,25.48289603512368
2025_04_SEA_ARI,2025,4,20.0,23.0,-3.0,43.0,2.1271010974069986,49.52900540145253,25.828053249429765,23.700952152022765
2025_04_TEN_HOU,2025,4,26.0,0.0,26.0,26.0,5.513587268555304,41.228277630922506,23.370932449738905,17.8573451811836
2025_04_WAS_ATL,2025,4,34.0,27.0,7.0,61.0,-2.163286791889923,48.85440976393779,23.345561486023932,25.508848277913856
2025_05_DAL_NYJ,2025,5,22.0,37.0,-15.0,59.0,2.581247174037952,50.08305231317942,26.33214974360869,23.750902569570734
2025_05_DEN_PHI,2025,5,17.0,21.0,-4.0,38.0,2.677922240677403,47.75269080856343,25.215306524620416,22.537384283943013
2025_05_DET_CIN,2025,5,24.0,37.0,-13.0,61.0,-10.90573660107296,49.94743480078209,19.520849099854566,30.426585700927525
2025_05_HOU_BAL,2025,5,10.0,44.0,-34.0,54.0,9.95030593276996,44.8373627006059,27.39383431668793,17.443528383917972
2025_05_KC_JAX,2025,5,31.0,28.0,3.0,59.0,-1.3015297062205649,43.89402607416468,21.296248183972057,22.59777789019262
2025_05_LV_IND,2025,5,40.0,6.0,34.0,46.0,6.51140359283366,49.54199087830342,28.02669723556854,21.515293642734882
2025_05_MIA_CAR,2025,5,27.0,24.0,3.0,51.0,-2.9512424532780086,46.63394563468618,21.841351590704086,24.792594043982092
2025_05_NE_BUF,2025,5,20.0,23.0,-3.0,43.0,8.933258314977202,53.12603000309376,31.02964415903548,22.09638584405828
2025_05_SF_LA,2025,5,23.0,26.0,-3.0,49.0,3.206929974427135,48.10790932982138,25.657419652124258,22.450489677697124
2025_05_TB_SEA,2025,5,35.0,38.0,-3.0,73.0,-1.2595280721078705,49.66768941338471,24.20408067063842,25.46360874274629
2025_05_TEN_ARI,2025,5,21.0,22.0,-1.0,43.0,11.940515916364136,44.36788218073151,28.154199048547824,16.21368313218369
2025_05_WAS_LAC,2025,5,10.0,27.0,-17.0,37.0,0.49334248716107576,47.97229712087171,24.23281980401639,23.739477316855318
2025_06_ARI_IND,2025,6,31.0,27.0,4.0,58.0,4.644864367861367,49.943155795554055,27.29401008170771,22.649145713846345
2025_06_BUF_ATL,2025,6,24.0,14.0,10.0,38.0,-3.3227028682019375,52.49293304213505,24.585115086966557,27.907817955168493
2025_06_CHI_WAS,2025,6,24.0,25.0,-1.0,49.0,10.089741743971848,47.668216718035914,28.878979231003882,18.789237487032032
2025_06_CIN_GB,2025,6,27.0,18.0,9.0,45.0,11.398958235683644,45.618237907933995,28.50859807180882,17.109639836125176
2025_06_DAL_CAR,2025,6,30.0,27.0,3.0,57.0,-1.444916113434459,47.73972490986433,23.147404398214935,24.592320511649394
2025_06_DEN_NYJ,2025,6,11.0,13.0,-2.0,24.0,-3.368776374359622,45.66330265446556,21.14726314005297,24.51603951441259
2025_06_DET_KC,2025,6,30.0,17.0,13.0,47.0,-4.165883350191418,51.02124107331622,23.4276788615624,27.59356221175382
2025_06_LAC_MIA,2025,6,27.0,29.0,-2.0,56.0,-0.1956835137078834,45.59961607770192,22.701966281997016,22.8976497957049
2025_06_LA_BAL,2025,6,3.0,17.0,-14.0,20.0,0.7392943542896571,45.73814814153577,23.23872124791271,22.499426893623056
2025_06_NE_NO,2025,6,19.0,25.0,-6.0,44.0,-1.6409477054730803,47.91302269644862,23.13603749548777,24.77698520096085
2025_06_PHI_NYG,2025,6,34.0,17.0,17.0,51.0,-7.0984791542974985,44.309436219258515,18.605478532480507,25.703957686778008
2025_06_SEA_JAX,2025,6,12.0,20.0,-8.0,32.0,-2.4413034258894424,48.357840213115836,22.958268393613196,25.39957181950264
2025_06_SF_TB,2025,6,30.0,19.0,11.0,49.0,3.861394942124976,50.44725237869899,27.154323660411983,23.29292871828701
2025_06_TEN_LV,2025,6,20.0,10.0,10.0,30.0,5.678493414569498,39.694838017742924,22.686665716156213,17.00817230158671
2025_07_ATL_SF,2025,7,20.0,10.0,10.0,30.0,0.095835673926987,43.920602127942004,22.008218900934494,21.91238322700751
2025_07_CAR_NYJ,2025,7,6.0,13.0,-7.0,19.0,0.7697323706260708,43.34913465984504,22.059433515235558,21.289701144609484
2025_07_GB_ARI,2025,7,23.0,27.0,-4.0,50.0,-4.557788471984979,52.14035118208565,23.791281355050337,28.349069827035315
2025_07_HOU_SEA,2025,7,27.0,19.0,8.0,46.0,3.1601964372240428,46.27294751456175,24.716571975892897,21.556375538668853
2025_07_IND_LAC,2025,7,24.0,38.0,-14.0,62.0,-0.7620951531529523,48.8268190972256,24.032361972036323,24.79445712518928
2025_07_LA_JAX,2025,7,7.0,35.0,-28.0,42.0,-3.7500708585512665,44.81957030188398,20.534749721666355,24.284820580217623
2025_07_LV_KC,2025,7,31.0,0.0,31.0,31.0,9.928092224275442,45.758888455199134,27.843490339737286,17.915398115461848
2025_07_MIA_CLE,2025,7,31.0,6.0,25.0,37.0,-4.8651788419330275,42.91792940306723,19.0263752805671,23.89155412250013
2025_07_NE_TEN,2025,7,13.0,31.0,-18.0,44.0,-7.732578804569911,41.08980769421653,16.67861444482331,24.41119324939322
2025_07_NO_CHI,2025,7,26.0,14.0,12.0,40.0,2.3558857084066123,42.50986676814574,22.432876238276176,20.076990529869565
2025_07_NYG_DEN,2025,7,33.0,32.0,1.0,65.0,8.421268764334545,42.26931146180984,25.345290113072195,16.924021348737647
2025_07_PHI_MIN,2025,7,22.0,28.0,-6.0,50.0,0.42889262207456924,47.09414114743869,23.76151688475663,23.33262426268206
2025_07_PIT_CIN,2025,7,33.0,31.0,2.0,64.0,-2.1672878818016796,44.81703198106079,21.324872049629555,23.49215993143123
2025_07_TB_DET,2025,7,24.0,9.0,15.0,33.0,4.813349795483043,60.31124145902834,32.56229562725569,27.748945831772648
2025_07_WAS_DAL,2025,7,44.0,22.0,22.0,66.0,-3.464334925640869,54.088773006887635,25.312219040623383,28.776553966264252
2025_08_BUF_CAR,2025,8,9.0,40.0,-31.0,49.0,-6.088788966721037,46.085311695461954,19.998261364370457,26.087050331091497
2025_08_CHI_BAL,2025,8,30.0,16.0,14.0,46.0,4.221875315072887,44.91525674546603,24.56856603026946,20.346690715196573
2025_08_CLE_NE,2025,8,32.0,13.0,19.0,45.0,9.74218870975306,45.48583594620257,27.614012327977814,17.871823618224756
2025_08_DAL_DEN,2025,8,44.0,24.0,20.0,68.0,5.172684183003262,50.57149816518445,27.872091174093857,22.699406991090594
2025_08_GB_PIT,2025,8,25.0,35.0,-10.0,60.0,-4.542794749961739,48.910882207837574,22.18404372893792,26.726838478899655
2025_08_MIA_ATL,2025,8,10.0,34.0,-24.0,44.0,5.734049538583284,47.41208848880515,26.57306901369422,20.839019475110934
2025_08_MIN_LAC,2025,8,37.0,10.0,27.0,47.0,0.5136584696640297,44.75673846333411,22.63519846649907,22.12153999683504
2025_08_NYG_PHI,2025,8,38.0,20.0,18.0,58.0,7.0733125877497045,46.60892996975843,26.841121278754066,19.76780869100436
2025_08_NYJ_CIN,2025,8,38.0,39.0,-1.0,77.0,1.7766705907245361,44.531662761401435,23.154166676062985,21.37749608533845
2025_08_SF_HOU,2025,8,26.0,15.0,11.0,41.0,0.11391129003671052,44.31571115497187,22.21481122250429,22.10089993246758
2025_08_TEN_IND,2025,8,38.0,14.0,24.0,52.0,14.490466116594192,47.091162454940225,30.79081428576721,16.300348169173017
2025_08_WAS_KC,2025,8,28.0,7.0,21.0,35.0,5.954808729687891,49.185926562172185,27.570367645930038,21.615558916242147
2025_09_ARI_DAL,2025,9,17.0,27.0,-10.0,44.0,1.4986616849222059,53.27368414507364,27.38617291499792,25.887511230075717
2025_09_ATL_NE,2025,9,24.0,23.0,1.0,47.0,4.89565435971672,46.98018832207997,25.937921340898345,21.042266981181623
2025_09_BAL_MIA,2025,9,6.0,28.0,-22.0,34.0,-3.968343900023962,50.73271686902861,23.382186484502324,27.350530384526284
2025_09_CAR_GB,2025,9,13.0,16.0,-3.0,29.0,11.893357165094312,47.58844949981154,29.740903332452923,17.847546167358615
2025_09_CHI_CIN,2025,9,42.0,47.0,-5.0,89.0,1.1716433166258702,47.959044357521464,24.565343837073666,23.393700520447798
2025_09_DEN_HOU,2025,9,15.0,18.0,-3.0,33.0,-3.536096654353793,45.375150666571656,20.919527006108932,24.455623660462724
2025_09_IND_PIT,2025,9,27.0,20.0,7.0,47.0,-5.477395007301548,50.030872014892765,22.27673850379561,27.754133511097155
2025_09_JAX_LV,2025,9,29.0,30.0,-1.0,59.0,-4.019727332816566,41.28572612304778,18.632999395115608,22.652726727932173
2025_09_KC_BUF,2025,9,28.0,21.0,7.0,49.0,-0.20890281682128453,50.151613551290716,24.971355367234715,25.180258184056
2025_09_LAC_TEN,2025,9,20.0,27.0,-7.0,47.0,-9.982792627456847,40.024786064894826,15.02099671871899,25.003789346175836
2025_09_MIN_DET,2025,9,24.0,27.0,-3.0,51.0,11.101759826431236,49.1809680802411,30.141363953336167,19.039604126904933
2025_09_SEA_WAS,2025,9,14.0,38.0,-24.0,52.0,1.188920124628248,49.31326221008681,25.25109116735753,24.062171042729283
2025_09_SF_NYG,2025,9,24.0,34.0,-10.0,58.0,-2.3148820853927656,44.20253403102297,20.9438259728151,23.25870805820787
2025_10_ARI_SEA,2025,10,44.0,22.0,22.0,66.0,5.115806422630505,48.8845913609859,27.000198891808203,21.884392469177698
2025_10_ATL_IND,2025,10,31.0,25.0,6.0,56.0,6.236906192587842,50.10388936457247,28.170397778580153,21.933491585992314
2025_10_BAL_MIN,2025,10,19.0,27.0,-8.0,46.0,-5.318819756719514,49.80957816073039,22.245379202005438,27.56419895872495
2025_10_BUF_MIA,2025,10,30.0,13.0,17.0,43.0,-8.640943082278412,47.69268844712115,19.52587268242137,28.16681576469978
2025_10_CLE_NYJ,2025,10,27.0,20.0,7.0,47.0,6.791529852770998,42.4181132126031,24.60482153268705,17.813291679916052
2025_10_DET_WAS,2025,10,22.0,44.0,-22.0,66.0,-5.193350475642911,50.51982667802094,22.663238101189016,27.856588576831925
2025_10_JAX_HOU,2025,10,36.0,29.0,7.0,65.0,1.5630234474143812,43.4685677577576,22.51579560258599,20.95277215517161
2025_10_LA_SF,2025,10,26.0,42.0,-16.0,68.0,-4.145849909271387,45.852823064615464,20.853486577672037,24.999336486943427
2025_10_LV_DEN,2025,10,10.0,7.0,3.0,17.0,10.4597140617216,43.85781054750796,27.15876230461478,16.69904824289318
2025_10_NE_TB,2025,10,23.0,28.0,-5.0,51.0,1.420573043461557,50.88366768619757,26.152120364829564,24.731547321368005
2025_10_NO_CAR,2025,10,7.0,17.0,-10.0,24.0,4.508990005900977,37.96057244863283,21.234781227266904,16.725791221365927
2025_10_NYG_CHI,2025,10,24.0,20.0,4.0,44.0,3.9751778669027926,45.99121700100872,24.983197433955755,21.008019567052965
2025_10_PHI_GB,2025,10,7.0,10.0,-3.0,17.0,3.1951809038994385,52.361002075239284,27.778091489569363,24.58291058566992
2025_10_PIT_LAC,2025,10,25.0,10.0,15.0,35.0,6.765929006587411,48.54487605865439,27.6554025326209,20.889473526033488
2025_11_CAR_ATL,2025,11,27.0,30.0,-3.0,57.0,5.16918690065895,44.95631196486273,25.06274943276084,19.89356253210189
2025_11_CHI_MIN,2025,11,17.0,19.0,-2.0,36.0,-1.2759969610125619,44.62578900639261,21.674896022690024,22.950892983702584
2025_11_CIN_PIT,2025,11,34.0,12.0,22.0,46.0,0.7578709002659503,43.43962529776728,22.098748099016614,21.340877198750665
2025_11_DAL_LV,2025,11,16.0,33.0,-17.0,49.0,-3.4537820158393666,46.356992076480545,21.45160503032059,24.905387046159955
2025_11_DET_PHI,2025,11,16.0,9.0,7.0,25.0,-3.401621082446785,51.200668763694495,23.899523840623853,27.30114492307064
2025_11_GB_NYG,2025,11,20.0,27.0,-7.0,47.0,-8.53083499505287,44.763517206860776,18.116341105903953,26.647176100956823
2025_11_HOU_TEN,2025,11,13.0,16.0,-3.0,29.0,-7.53534382884135,36.91397599935978,14.689316085259215,22.224659914100563
2025_11_KC_DEN,2025,11,22.0,19.0,3.0,41.0,-1.9150562087568883,43.93328144477197,21.009112618007542,22.92416882676443
2025_11_LAC_JAX,2025,11,35.0,6.0,29.0,41.0,-4.72253603018021,43.666080550634845,19.47177226022732,24.194308290407527
2025_11_NYJ_NE,2025,11,27.0,14.0,13.0,41.0,8.61487740866859,47.33463540807644,27.974756408372514,19.359878999703923
2025_11_SEA_LA,2025,11,21.0,19.0,2.0,40.0,4.785890843972109,55.25915607880293,30.02252346138752,25.23663261741541
2025_11_SF_ARI,2025,11,22.0,41.0,-19.0,63.0,-0.30793525402126565,52.08575877371475,25.888911759846742,26.19684701386801
2025_11_TB_BUF,2025,11,44.0,32.0,12.0,76.0,4.166561512363773,48.444532152610535,26.305546832487153,22.138985320123382
2025_11_WAS_MIA,2025,11,16.0,13.0,3.0,29.0,-0.08811028760965756,48.78028037261768,24.34608504250401,24.43419533011367
2025_12_ATL_NO,2025,12,10.0,24.0,-14.0,34.0,-2.3638708810006133,42.979385742498614,20.307757430749,22.671628311749615
2025_12_BUF_HOU,2025,12,23.0,19.0,4.0,42.0,-3.7508195868885066,49.35997825612463,22.80457933461806,26.555398921506566
2025_12_CAR_SF,2025,12,20.0,9.0,11.0,29.0,7.147125384273348,48.61306906642052,27.880097225346937,20.732971841073585
2025_12_IND_KC,2025,12,23.0,20.0,3.0,43.0,1.4668474768886055,49.09601234387002,25.281429910379313,23.81458243349071
2025_12_JAX_ARI,2025,12,24.0,27.0,-3.0,51.0,0.5283682079108607,47.41321976037533,23.970793984143093,23.442425776232234
2025_12_MIN_GB,2025,12,23.0,6.0,17.0,29.0,9.820595688803465,41.67439702165821,25.747496355230837,15.926900666427372
2025_12_NE_CIN,2025,12,20.0,26.0,-6.0,46.0,-5.621380365265051,51.99722546425498,23.187922549494964,28.809302914760018
2025_12_NYG_DET,2025,12,34.0,27.0,7.0,61.0,12.30937268630802,51.22105470418163,31.765213695244825,19.455841008936808
2025_12_NYJ_BAL,2025,12,23.0,10.0,13.0,33.0,10.885651166029813,46.21376648472819,28.549708825379,17.66405765934919
2025_12_PHI_DAL,2025,12,24.0,21.0,3.0,45.0,-1.1112783716519437,53.2305480523056,26.05963484032683,27.17091321197877
2025_12_PIT_CHI,2025,12,31.0,28.0,3.0,59.0,2.4612750223984414,46.32501504802908,24.39314503521376,21.93187001281532
2025_12_SEA_TEN,2025,12,24.0,30.0,-6.0,54.0,-10.832273661111733,44.134838494572676,16.65128241673047,27.483556077842206
2025_12_TB_LA,2025,12,34.0,7.0,27.0,41.0,6.014789911193409,51.69458069544354,28.854685303318476,22.839895392125065
2025_13_ARI_TB,2025,13,20.0,17.0,3.0,37.0,1.3803919277899503,46.67675841563167,24.02857517171081,22.648183243920858
2025_13_ATL_NYJ,2025,13,27.0,24.0,3.0,51.0,-2.7101170500257323,41.070591828017285,19.180237388995778,21.890354439021507
2025_13_BUF_PIT,2025,13,7.0,26.0,-19.0,33.0,-3.2254457644011314,45.43759296133602,21.106073598467447,24.331519362868576
2025_13_CHI_PHI,2025,13,15.0,24.0,-9.0,39.0,4.476808882924857,44.23362435055598,24.355216616740417,19.87840773381556
2025_13_CIN_BAL,2025,13,14.0,32.0,-18.0,46.0,6.881900640651928,50.886423534597974,28.88416208762495,22.002261446973023
2025_13_DEN_WAS,2025,13,26.0,27.0,-1.0,53.0,-0.6571893245578913,45.73122759341202,22.537019134427066,23.194208458984956
2025_13_GB_DET,2025,13,24.0,31.0,-7.0,55.0,1.091974218122691,52.33921190892346,26.715593063523077,25.623618845400383
2025_13_HOU_IND,2025,13,16.0,20.0,-4.0,36.0,3.8977733478740477,49.104180884621194,26.500977116247622,22.60320376837357
2025_13_JAX_TEN,2025,13,3.0,25.0,-22.0,28.0,-7.091393887494959,39.37550716966738,16.14205664108621,23.23345052858117
2025_13_KC_DAL,2025,13,31.0,28.0,3.0,59.0,-3.122847497854111,51.52125100550786,24.199201753826873,27.322049251680983
2025_13_LA_CAR,2025,13,31.0,28.0,3.0,59.0,-10.896387088261303,41.15807434214048,15.130843626939589,26.027230715200893
2025_13_LV_LAC,2025,13,31.0,14.0,17.0,45.0,8.771651009495768,41.40321786448037,25.08743443698807,16.3157834274923
2025_13_NO_MIA,2025,13,21.0,17.0,4.0,38.0,4.653699644760626,40.20234922705979,22.42802443591021,17.77432479114958
2025_13_NYG_NE,2025,13,33.0,15.0,18.0,48.0,7.961281268545152,47.3651568125925,27.663219040568826,19.701937772023676
2025_13_SF_CLE,2025,13,8.0,26.0,-18.0,34.0,-7.556633791166378,39.2134016048356,15.828383906834613,23.38501769800099
2025_14_CHI_GB,2025,14,28.0,21.0,7.0,49.0,8.18260589859444,43.9648239173846,26.07371490798952,17.89110900939508
2025_14_CIN_BUF,2025,14,39.0,34.0,5.0,73.0,7.0814268500389135,49.480900516690745,28.28116368336483,21.199736833325915
2025_14_DAL_DET,2025,14,44.0,30.0,14.0,74.0,5.316932361556144,55.062058084584656,30.1894952230704,24.872562861514258
2025_14_DEN_LV,2025,14,17.0,24.0,-7.0,41.0,-8.150329603989185,40.419021971490686,16.13434618375075,24.284675787739936
2025_14_HOU_KC,2025,14,10.0,20.0,-10.0,30.0,4.263797278219852,43.869556109695445,24.06667669395765,19.802879415737795
2025_14_LA_ARI,2025,14,17.0,45.0,-28.0,62.0,-5.570565605518717,47.79180766857916,21.110621031530222,26.68118663704894
2025_14_NO_TB,2025,14,20.0,24.0,-4.0,44.0,4.724283525552085,40.46343408615614,22.59385880585411,17.86957528030203
2025_14_PHI_LAC,2025,14,22.0,19.0,3.0,41.0,0.8180419715703356,47.95057547359897,24.384308722584652,23.566266751014314
2025_14_PIT_BAL,2025,14,22.0,27.0,-5.0,49.0,6.040127839932647,42.35901350516437,24.199570672548507,18.159442832615863
2025_14_SEA_ATL,2025,14,9.0,37.0,-28.0,46.0,-3.0175967430814232,48.54689219090789,22.764647723913235,25.782244466994655
2025_14_TEN_CLE,2025,14,29.0,31.0,-2.0,60.0,3.717332190143906,33.86767301895181,18.79250260454786,15.075170414403953
2025_14_WAS_MIN,2025,14,31.0,0.0,31.0,31.0,-5.070863411669007,42.19020044973645,18.55966851903372,23.63053193070273
2025_15_ARI_HOU,2025,15,40.0,20.0,20.0,60.0,4.167810201243721,46.736847980652016,25.452329090947867,21.28451888970415
2025_15_ATL_TB,2025,15,28.0,29.0,-1.0,57.0,1.2841807582881084,43.661885991941524,22.473033375114817,21.188852616826708
2025_15_BAL_CIN,2025,15,0.0,24.0,-24.0,24.0,-1.0290300763317812,44.477785549000274,21.724377736334247,22.753407812666026
2025_15_BUF_NE,2025,15,31.0,35.0,-4.0,66.0,-0.16291148420663948,50.76654278606253,25.301815650927946,25.464727135134584
2025_15_CAR_NO,2025,15,20.0,17.0,3.0,37.0,2.2408740750181373,43.343835027248794,22.792354551133464,20.55148047611533
2025_15_CLE_CHI,2025,15,31.0,3.0,28.0,34.0,8.137807532725372,33.82327460567903,20.980541069202204,12.84273353647683
2025_15_DET_LA,2025,15,41.0,34.0,7.0,75.0,5.44505558383579,53.998739636802505,29.721897610319147,24.276842026483358
2025_15_GB_DEN,2025,15,34.0,26.0,8.0,60.0,-1.011133952542844,47.86057142271153,23.424718735084344,24.435852687627186
2025_15_IND_SEA,2025,15,18.0,16.0,2.0,34.0,5.167892547645458,49.06680919006971,27.117350868857585,21.949458321212127
2025_15_LAC_KC,2025,15,13.0,16.0,-3.0,29.0,3.646379340855411,42.05642414417849,22.851401742516952,19.20502240166154
2025_15_LV_PHI,2025,15,31.0,0.0,31.0,31.0,9.906943114682576,39.59614019717894,24.751541655930758,14.844598541248182
2025_15_MIA_PIT,2025,15,28.0,15.0,13.0,43.0,-1.0632551155758578,40.69683496071796,19.81678992257105,20.880045038146907
2025_15_MIN_DAL,2025,15,26.0,34.0,-8.0,60.0,4.783005910393749,46.14804090024419,25.46552340531897,20.68251749492522
2025_15_TEN_SF,2025,15,37.0,24.0,13.0,61.0,12.2421414998429,44.16282165718253,28.202481578512717,15.960340078669816
2025_15_WAS_NYG,2025,15,21.0,29.0,-8.0,50.0,-0.05909280904516012,45.868845796249666,22.904876493602252,22.963969302647413
2025_16_ATL_ARI,2025,16,19.0,26.0,-7.0,45.0,0.2998859141700345,49.10808855790604,24.70398723603804,24.404101321868005
2025_16_BUF_CLE,2025,16,20.0,23.0,-3.0,43.0,-12.905495345474465,38.34627112887857,12.720387891702053,25.625883237176517
2025_16_GB_CHI,2025,16,22.0,16.0,6.0,38.0,-2.484642276450634,48.847123467093276,23.18124059532132,25.665882871771956
2025_16_JAX_DEN,2025,16,20.0,34.0,-14.0,54.0,2.708682052016038,46.508495268989286,24.60858866050266,21.899906608486624
2025_16_LAC_DAL,2025,16,17.0,34.0,-17.0,51.0,0.15287347423272246,49.31844142903422,24.73565745163347,24.58278397740075
2025_16_LA_SEA,2025,16,38.0,37.0,1.0,75.0,-2.0895660296582514,44.3497647431984,21.130099356770074,23.219665386428325
2025_16_LV_HOU,2025,16,23.0,21.0,2.0,44.0,12.772087532551097,43.99806257597914,28.38507505426512,15.612987521714022
2025_16_MIN_NYG,2025,16,13.0,16.0,-3.0,29.0,0.6328460670816971,38.49285401297568,19.562850040028685,18.93000397294699
2025_16_NE_BAL,2025,16,24.0,28.0,-4.0,52.0,-0.5797457991088801,47.1417715054621,23.281012853176613,23.86075865228549
2025_16_NYJ_NO,2025,16,29.0,6.0,23.0,35.0,6.519441350432784,40.09991787685953,23.309679613646157,16.79023826321337
2025_16_PHI_WAS,2025,16,18.0,29.0,-11.0,47.0,-3.916050413323153,46.61823322112235,21.3510914038996,25.267141817222754
2025_16_PIT_DET,2025,16,24.0,29.0,-5.0,53.0,5.389312245871112,52.87541460014176,29.132363423006435,23.743051177135325
2025_16_SF_IND,2025,16,27.0,48.0,-21.0,75.0,0.5052964368523263,55.203537409465746,27.854416923159036,27.34912048630671
2025_16_TB_CAR,2025,16,23.0,20.0,3.0,43.0,-1.1872361413110968,44.75444190503898,21.783602881863942,22.97083902317504
2025_17_ARI_CIN,2025,17,37.0,14.0,23.0,51.0,3.2417020974371535,49.83000906499287,26.535855581215014,23.29415348377786
2025_17_BAL_GB,2025,17,24.0,41.0,-17.0,65.0,1.5719179204128673,41.8590789171072,21.71549841876003,20.143580498347166
2025_17_CHI_SF,2025,17,42.0,38.0,4.0,80.0,3.990225708902523,50.22600583826848,27.1081157735855,23.117890064682978
2025_17_DAL_WAS,2025,17,23.0,30.0,-7.0,53.0,-0.8532934490902238,49.44692806209519,24.296817306502483,25.150110755592706
2025_17_HOU_LAC,2025,17,16.0,20.0,-4.0,36.0,2.3053468695324737,46.270310072691544,24.287828471112007,21.982481601579536
2025_17_JAX_IND,2025,17,17.0,23.0,-6.0,40.0,-0.8792585074870913,52.03740768097179,25.579074586742347,26.45833309422944
2025_17_LA_ATL,2025,17,27.0,24.0,3.0,51.0,-8.062697053596045,50.147974389282176,21.042638667843065,29.10533572143911
2025_17_NE_NYJ,2025,17,10.0,42.0,-32.0,52.0,-11.446129690634368,43.62799148431033,16.090930896837982,27.537060587472347
2025_17_NO_TEN,2025,17,26.0,34.0,-8.0,60.0,-4.0637479912749574,37.05652677268235,16.496389390703698,20.560137381978656
2025_17_NYG_LV,2025,17,10.0,34.0,-24.0,44.0,-1.176535841801068,41.53408004693005,20.17877210256449,21.35530794436556
2025_17_PHI_BUF,2025,17,12.0,13.0,-1.0,25.0,1.258425860142589,51.07838598186866,26.168405921005622,24.909980060863035
2025_17_PIT_CLE,2025,17,13.0,6.0,7.0,19.0,-7.365507560141234,35.50444743961525,14.069469939737008,21.43497749987824
2025_17_SEA_CAR,2025,17,10.0,27.0,-17.0,37.0,-7.409510853888923,44.84392786621681,18.717208506163942,26.126719360052867
2025_18_ARI_LA,2025,18,37.0,20.0,17.0,57.0,12.028919342248122,51.83250992073988,31.930714631494002,19.90179528924588
2025_18_BAL_PIT,2025,18,26.0,24.0,2.0,50.0,-1.1423257602731447,43.65373920243262,21.255706721079736,22.39803248135288
2025_18_CAR_TB,2025,18,16.0,14.0,2.0,30.0,5.414670937214584,43.75084405765972,24.58275749743715,19.16808656022257
2025_18_CLE_CIN,2025,18,18.0,20.0,-2.0,38.0,11.639752967498914,41.54056688459239,26.59015992604565,14.950406958546736
2025_18_DET_CHI,2025,18,16.0,19.0,-3.0,35.0,1.0048913557680796,49.408018976322474,25.206455166045277,24.201563810277197
2025_18_KC_LV,2025,18,14.0,12.0,2.0,26.0,-5.309424931345449,42.37905349117091,18.53481427991273,23.844239211258177
2025_18_LAC_DEN,2025,18,19.0,3.0,16.0,22.0,6.471033026392089,42.07133040802535,24.27118171720872,17.800148690816627
2025_18_MIA_NE,2025,18,38.0,10.0,28.0,48.0,10.293065333883144,50.90664611089384,30.59985572238849,20.30679038850535
2025_18_NO_ATL,2025,18,19.0,17.0,2.0,36.0,1.5752606146107333,45.64413078569804,23.609695700154386,22.034435085543652
2025_18_NYJ_BUF,2025,18,35.0,8.0,27.0,43.0,15.2904161437217,38.22528398566858,26.75785006469514,11.467433920973441
2025_18_SEA_SF,2025,18,3.0,13.0,-10.0,16.0,-0.4175382178836953,50.65383624152735,25.118149011821828,25.535687229705523
2025_18_TEN_JAX,2025,18,41.0,7.0,34.0,48.0,11.748943308609393,43.720221797335995,27.734582552972693,15.985639244363302
