game_id,season,week,home_score,away_score,pred_home_score,pred_away_score,residual_home,residual_away,trained_through_season,baseline_home_score,baseline_away_score,prior_residual_games,margin_80_covered,total_80_covered,margin_80_width,total_80_width
2022_01_BAL_NYJ,2022,1,9,24,20.951329561935786,26.04470138016578,-11.951329561935786,-2.0447013801657796,2021,23.79171094580234,23.013815090329437,0,,,,
2022_01_BUF_LA,2022,1,10,31,20.730013496065105,24.568276904596907,-10.730013496065105,6.431723095403093,2021,23.79171094580234,23.013815090329437,0,,,,
2022_01_CLE_CAR,2022,1,24,26,19.941244754096697,21.803682916176435,4.058755245903303,4.1963170838235655,2021,23.79171094580234,23.013815090329437,0,,,,
2022_01_DEN_SEA,2022,1,17,16,26.32045357766286,22.49531822353231,-9.32045357766286,-6.495318223532308,2021,23.79171094580234,23.013815090329437,0,,,,
2022_01_GB_MIN,2022,1,23,7,22.764709607456126,29.713474084794857,0.23529039254387385,-22.713474084794857,2021,23.79171094580234,23.013815090329437,0,,,,
2022_01_IND_HOU,2022,1,20,20,19.746501981434598,27.034841961303183,0.2534980185654021,-7.034841961303183,2021,23.79171094580234,23.013815090329437,0,,,,
2022_01_JAX_WAS,2022,1,28,22,24.194984911924845,17.870216690901486,3.805015088075155,4.129783309098514,2021,23.79171094580234,23.013815090329437,0,,,,
2022_01_KC_ARI,2022,1,21,44,23.36893229102679,26.47777727389776,-2.368932291026791,17.52222272610224,2021,23.79171094580234,23.013815090329437,0,,,,
2022_01_LV_LAC,2022,1,24,19,26.896884636159818,22.268692374656116,-2.896884636159818,-3.2686923746561156,2021,23.79171094580234,23.013815090329437,0,,,,
2022_01_NE_MIA,2022,1,20,7,19.50092394047391,23.434892566136586,0.49907605952608947,-16.434892566136586,2021,23.79171094580234,23.013815090329437,0,,,,
2022_01_NO_ATL,2022,1,26,27,19.61392748100943,25.555853143047386,6.38607251899057,1.4441468569526137,2021,23.79171094580234,23.013815090329437,0,,,,
2022_01_NYG_TEN,2022,1,20,21,25.62648813408926,13.060265032359919,-5.626488134089261,7.9397349676400815,2021,23.79171094580234,23.013815090329437,0,,,,
2022_01_PHI_DET,2022,1,35,38,21.885446610649627,25.654301952639752,13.114553389350373,12.345698047360248,2021,23.79171094580234,23.013815090329437,0,,,,
2022_01_PIT_CIN,2022,1,20,23,24.93320490369809,21.710251865876256,-4.9332049036980905,1.2897481341237444,2021,23.79171094580234,23.013815090329437,0,,,,
2022_01_SF_CHI,2022,1,19,10,19.272096909823023,25.532701773348002,-0.2720969098230235,-15.532701773348002,2021,23.79171094580234,23.013815090329437,0,,,,
2022_01_TB_DAL,2022,1,3,19,25.05978428112749,26.420034828675394,-22.05978428112749,-7.420034828675394,2021,23.79171094580234,23.013815090329437,0,,,,
2022_02_ARI_LV,2022,2,23,29,23.020744601462027,24.476699853244046,-0.02074460146202739,4.523300146755954,2021,23.79171094580234,23.013815090329437,0,,,,
2022_02_ATL_LA,2022,2,31,27,25.654028221284147,18.032162701536702,5.345971778715853,8.967837298463298,2021,23.79171094580234,23.013815090329437,0,,,,
2022_02_CAR_NYG,2022,2,19,16,19.578241151896574,19.97365940407029,-0.5782411518965738,-3.9736594040702897,2021,23.79171094580234,23.013815090329437,0,,,,
2022_02_CHI_GB,2022,2,27,10,27.644559819158296,19.144185199325406,-0.644559819158296,-9.144185199325406,2021,23.79171094580234,23.013815090329437,0,,,,
2022_02_CIN_DAL,2022,2,20,17,27.429317015153295,22.179830072700003,-7.429317015153295,-5.179830072700003,2021,23.79171094580234,23.013815090329437,0,,,,
2022_02_HOU_DEN,2022,2,16,9,25.074988787125818,19.39801881819667,-9.074988787125818,-10.398018818196672,2021,23.79171094580234,23.013815090329437,0,,,,
2022_02_IND_JAX,2022,2,24,0,19.2298409252081,24.211620601761066,4.7701590747918985,-24.211620601761066,2021,23.79171094580234,23.013815090329437,0,,,,
2022_02_LAC_KC,2022,2,27,24,28.58523867506307,23.027688598954782,-1.5852386750630707,0.9723114010452178,2021,23.79171094580234,23.013815090329437,0,,,,
2022_02_MIA_BAL,2022,2,38,42,21.703386149195158,21.56409989271061,16.296613850804842,20.43590010728939,2021,23.79171094580234,23.013815090329437,0,,,,
2022_02_MIN_PHI,2022,2,24,7,26.03663951030942,24.741667551040432,-2.0366395103094206,-17.741667551040432,2021,23.79171094580234,23.013815090329437,0,,,,
2022_02_NE_PIT,2022,2,14,17,17.99620403099925,22.648351813598534,-3.9962040309992517,-5.648351813598534,2021,23.79171094580234,23.013815090329437,0,,,,
2022_02_NYJ_CLE,2022,2,30,31,25.482781051800476,17.222600040838948,4.517218948199524,13.777399959161052,2021,23.79171094580234,23.013815090329437,0,,,,
2022_02_SEA_SF,2022,2,27,7,24.224661032790237,20.701322969714095,2.7753389672097626,-13.701322969714095,2021,23.79171094580234,23.013815090329437,0,,,,
2022_02_TB_NO,2022,2,10,20,19.247039713055674,27.27129369740977,-9.247039713055674,-7.271293697409771,2021,23.79171094580234,23.013815090329437,0,,,,
2022_02_TEN_BUF,2022,2,41,7,26.482190892105827,17.10935860049371,14.517809107894173,-10.10935860049371,2021,23.79171094580234,23.013815090329437,0,,,,
2022_02_WAS_DET,2022,2,36,27,22.606601959423987,22.710045331940556,13.393398040576013,4.289954668059444,2021,23.79171094580234,23.013815090329437,0,,,,
2022_03_ATL_SEA,2022,3,23,27,24.940345017886145,20.573667360043757,-1.9403450178861448,6.426332639956243,2021,23.79171094580234,23.013815090329437,0,,,,
2022_03_BAL_NE,2022,3,26,37,27.296075095567822,20.321423239098664,-1.2960750955678222,16.678576760901336,2021,23.79171094580234,23.013815090329437,0,,,,
2022_03_BUF_MIA,2022,3,21,19,18.92138579081897,25.10315158466831,2.07861420918103,-6.103151584668311,2021,23.79171094580234,23.013815090329437,0,,,,
2022_03_CIN_NYJ,2022,3,12,27,21.73694218036207,26.34941300801911,-9.736942180362071,0.6505869919808909,2021,23.79171094580234,23.013815090329437,0,,,,
2022_03_DAL_NYG,2022,3,16,23,16.742921174512126,26.61906209310272,-0.7429211745121265,-3.6190620931027198,2021,23.79171094580234,23.013815090329437,0,,,,
2022_03_DET_MIN,2022,3,28,24,25.609341703686507,22.694582650230235,2.390658296313493,1.3054173497697654,2021,23.79171094580234,23.013815090329437,0,,,,
2022_03_GB_TB,2022,3,12,14,25.982877348159633,23.47038291063202,-13.982877348159633,-9.470382910632019,2021,23.79171094580234,23.013815090329437,0,,,,
2022_03_HOU_CHI,2022,3,23,20,23.68531596289645,19.00140491908905,-0.6853159628964498,0.998595080910949,2021,23.79171094580234,23.013815090329437,0,,,,
2022_03_JAX_LAC,2022,3,10,38,27.44965816265631,18.577928276724357,-17.44965816265631,19.422071723275643,2021,23.79171094580234,23.013815090329437,0,,,,
2022_03_KC_IND,2022,3,20,17,21.071287741874066,29.651222112731492,-1.071287741874066,-12.651222112731492,2021,23.79171094580234,23.013815090329437,0,,,,
2022_03_LA_ARI,2022,3,12,20,23.13955950318352,23.447117709847564,-11.13955950318352,-3.4471177098475643,2021,23.79171094580234,23.013815090329437,0,,,,
2022_03_LV_TEN,2022,3,24,22,23.6946538638527,20.432450774267707,0.3053461361472998,1.567549225732293,2021,23.79171094580234,23.013815090329437,0,,,,
2022_03_NO_CAR,2022,3,22,14,18.40887867193169,21.64968523335014,3.5911213280683114,-7.649685233350141,2021,23.79171094580234,23.013815090329437,0,,,,
2022_03_PHI_WAS,2022,3,8,24,21.32025968326945,24.94807080672691,-13.320259683269452,-0.9480708067269106,2021,23.79171094580234,23.013815090329437,0,,,,
2022_03_PIT_CLE,2022,3,29,17,22.88535116057424,17.99889836662992,6.114648839425762,-0.9988983666299198,2021,23.79171094580234,23.013815090329437,0,,,,
2022_03_SF_DEN,2022,3,11,10,20.00605504859668,25.164034789331303,-9.006055048596679,-15.164034789331303,2021,23.79171094580234,23.013815090329437,0,,,,
2022_04_ARI_CAR,2022,4,16,26,21.477895765018147,23.897329931396044,-5.477895765018147,2.102670068603956,2021,23.79171094580234,23.013815090329437,0,,,,
2022_04_BUF_BAL,2022,4,20,23,20.081749048416196,26.84428173668979,-0.08174904841619579,-3.8442817366897906,2021,23.79171094580234,23.013815090329437,0,,,,
2022_04_CHI_NYG,2022,4,20,12,19.792580660788122,21.316878568811575,0.20741933921187794,-9.316878568811575,2021,23.79171094580234,23.013815090329437,0,,,,
2022_04_CLE_ATL,2022,4,23,20,23.114283463549825,26.248125391507514,-0.11428346354982466,-6.248125391507514,2021,23.79171094580234,23.013815090329437,0,,,,
2022_04_DEN_LV,2022,4,32,23,23.373005309227988,22.536537864780612,8.626994690772012,0.4634621352193875,2021,23.79171094580234,23.013815090329437,0,,,,
2022_04_JAX_PHI,2022,4,29,21,26.23986707939766,20.60421233929263,2.7601329206023415,0.39578766070737004,2021,23.79171094580234,23.013815090329437,0,,,,
2022_04_KC_TB,2022,4,31,41,24.42739134199374,24.643944259508118,6.57260865800626,16.356055740491882,2021,23.79171094580234,23.013815090329437,0,,,,
2022_04_LAC_HOU,2022,4,24,34,19.85921403035213,26.59649771940851,4.140785969647869,7.403502280591489,2021,23.79171094580234,23.013815090329437,0,,,,
2022_04_LA_SF,2022,4,24,9,21.084116625678632,20.91635449648411,2.9158833743213677,-11.91635449648411,2021,23.79171094580234,23.013815090329437,0,,,,
2022_04_MIA_CIN,2022,4,27,15,23.274637291687682,25.09236778255663,3.7253627083123177,-10.092367782556629,2021,23.79171094580234,23.013815090329437,0,,,,
2022_04_MIN_NO,2022,4,25,28,22.10620232686359,21.193742341226045,2.8937976731364117,6.806257658773955,2021,23.79171094580234,23.013815090329437,0,,,,
2022_04_NE_GB,2022,4,27,24,24.855549367377048,22.999380623673737,2.144450632622952,1.000619376326263,2021,23.79171094580234,23.013815090329437,0,,,,
2022_04_NYJ_PIT,2022,4,20,24,24.34649765221423,17.732955717107345,-4.346497652214229,6.267044282892655,2021,23.79171094580234,23.013815090329437,0,,,,
2022_04_SEA_DET,2022,4,45,48,23.510891172090393,25.392002763900628,21.489108827909607,22.607997236099372,2021,23.79171094580234,23.013815090329437,0,,,,
2022_04_TEN_IND,2022,4,17,24,22.81647525610052,23.937225218655836,-5.816475256100521,0.0627747813441637,2021,23.79171094580234,23.013815090329437,0,,,,
2022_04_WAS_DAL,2022,4,25,10,27.040983756257642,17.75404905817557,-2.040983756257642,-7.754049058175571,2021,23.79171094580234,23.013815090329437,0,,,,
2022_05_ATL_TB,2022,5,21,15,27.750927602522072,18.11124006676206,-6.750927602522072,-3.111240066762061,2021,23.79171094580234,23.013815090329437,0,,,,
2022_05_CHI_MIN,2022,5,29,22,25.37996673864515,20.644819312463397,3.6200332613548483,1.3551806875366026,2021,23.79171094580234,23.013815090329437,0,,,,
2022_05_CIN_BAL,2022,5,19,17,25.14044766070775,23.67469012748705,-6.14044766070775,-6.67469012748705,2021,23.79171094580234,23.013815090329437,0,,,,
2022_05_DAL_LA,2022,5,10,22,22.274203457824193,22.950017954254445,-12.274203457824193,-0.9500179542544451,2021,23.79171094580234,23.013815090329437,0,,,,
2022_05_DET_NE,2022,5,29,0,28.794554002378487,20.651727113631612,0.2054459976215135,-20.651727113631612,2021,23.79171094580234,23.013815090329437,0,,,,
2022_05_HOU_JAX,2022,5,6,13,24.451710839961336,19.167484510554686,-18.451710839961336,-6.1674845105546865,2021,23.79171094580234,23.013815090329437,0,,,,
2022_05_IND_DEN,2022,5,9,12,21.42938352288899,22.13723324542493,-12.42938352288899,-10.13723324542493,2021,23.79171094580234,23.013815090329437,0,,,,
2022_05_LAC_CLE,2022,5,28,30,23.066897904713198,23.82407613243402,4.933102095286802,6.175923867565981,2021,23.79171094580234,23.013815090329437,0,,,,
2022_05_LV_KC,2022,5,30,29,29.61772329249432,21.207972273736406,0.38227670750568166,7.792027726263594,2021,23.79171094580234,23.013815090329437,0,,,,
2022_05_MIA_NYJ,2022,5,40,17,19.715496647613794,26.098719825573088,20.284503352386206,-9.098719825573088,2021,23.79171094580234,23.013815090329437,0,,,,
2022_05_NYG_GB,2022,5,22,27,27.918901352318876,15.063898801520118,-5.918901352318876,11.936101198479882,2021,23.79171094580234,23.013815090329437,0,,,,
2022_05_PHI_ARI,2022,5,17,20,23.851304201627226,25.048876386827686,-6.851304201627226,-5.048876386827686,2021,23.79171094580234,23.013815090329437,0,,,,
2022_05_PIT_BUF,2022,5,38,3,27.92011004216758,14.674245603091029,10.079889957832421,-11.674245603091029,2021,23.79171094580234,23.013815090329437,0,,,,
2022_05_SEA_NO,2022,5,39,32,23.811643767712383,22.64104527528664,15.188356232287617,9.35895472471336,2021,23.79171094580234,23.013815090329437,0,,,,
2022_05_SF_CAR,2022,5,15,37,17.96777289578188,25.78198045790481,-2.9677728957818807,11.218019542095188,2021,23.79171094580234,23.013815090329437,0,,,,
2022_05_TEN_WAS,2022,5,17,21,20.29456428890762,22.853186838755793,-3.294564288907619,-1.8531868387557928,2021,23.79171094580234,23.013815090329437,0,,,,
2022_06_ARI_SEA,2022,6,19,9,25.189586171357384,24.387525875698536,-6.189586171357384,-15.387525875698536,2021,23.79171094580234,23.013815090329437,0,,,,
2022_06_BAL_NYG,2022,6,24,20,20.2995767081615,22.98783000883738,3.7004232918385007,-2.9878300088373813,2021,23.79171094580234,23.013815090329437,0,,,,
2022_06_BUF_KC,2022,6,20,24,24.761994282466226,26.049085433501265,-4.761994282466226,-2.049085433501265,2021,23.79171094580234,23.013815090329437,0,,,,
2022_06_CAR_LA,2022,6,24,10,24.58271932395734,16.355098138411872,-0.5827193239573383,-6.355098138411872,2021,23.79171094580234,23.013815090329437,0,,,,
2022_06_CIN_NO,2022,6,26,30,23.321336322554153,21.070630652684105,2.678663677445847,8.929369347315895,2021,23.79171094580234,23.013815090329437,0,,,,
2022_06_DAL_PHI,2022,6,26,17,24.669699431640623,23.517546045456523,1.3303005683593767,-6.517546045456523,2021,23.79171094580234,23.013815090329437,0,,,,
2022_06_DEN_LAC,2022,6,19,16,26.251909168591382,20.60264339157079,-7.251909168591382,-4.6026433915707905,2021,23.79171094580234,23.013815090329437,0,,,,
2022_06_JAX_IND,2022,6,34,27,21.97445680878862,21.224335297835633,12.02554319121138,5.775664702164367,2021,23.79171094580234,23.013815090329437,0,,,,
2022_06_MIN_MIA,2022,6,16,24,23.553313173628943,21.7039816555295,-7.553313173628943,2.2960183444705002,2021,23.79171094580234,23.013815090329437,0,,,,
2022_06_NE_CLE,2022,6,15,38,20.641950799761922,23.982992115402514,-5.641950799761922,14.017007884597486,2021,23.79171094580234,23.013815090329437,0,,,,
2022_06_NYJ_GB,2022,6,10,27,28.58065653841761,19.58797786804482,-18.58065653841761,7.41202213195518,2021,23.79171094580234,23.013815090329437,0,,,,
2022_06_SF_ATL,2022,6,28,14,20.92640321343148,28.53432719300044,7.073596786568519,-14.53432719300044,2021,23.79171094580234,23.013815090329437,0,,,,
2022_06_TB_PIT,2022,6,20,18,17.761027358152333,25.268140093724547,2.238972641847667,-7.268140093724547,2021,23.79171094580234,23.013815090329437,0,,,,
2022_06_WAS_CHI,2022,6,7,12,20.969091734563104,22.363708301856217,-13.969091734563104,-10.363708301856217,2021,23.79171094580234,23.013815090329437,0,,,,
2022_07_ATL_CIN,2022,7,35,17,26.692196552838986,22.844740911632492,8.307803447161014,-5.844740911632492,2021,23.79171094580234,23.013815090329437,0,,,,
2022_07_CHI_NE,2022,7,14,33,27.780351317957837,17.733350097155686,-13.780351317957837,15.266649902844314,2021,23.79171094580234,23.013815090329437,0,,,,
2022_07_CLE_BAL,2022,7,23,20,25.906868601234933,20.946736129209874,-2.906868601234933,-0.9467361292098744,2021,23.79171094580234,23.013815090329437,0,,,,
2022_07_DET_DAL,2022,7,24,6,27.59779899820201,18.636682672467515,-3.597798998202009,-12.636682672467515,2021,23.79171094580234,23.013815090329437,0,,,,
2022_07_GB_WAS,2022,7,23,21,19.882050222616503,23.787895305441793,3.1179497773834974,-2.7878953054417934,2021,23.79171094580234,23.013815090329437,0,,,,
2022_07_HOU_LV,2022,7,38,20,26.302852162614577,20.1979007331155,11.697147837385423,-0.1979007331154996,2021,23.79171094580234,23.013815090329437,0,,,,
2022_07_IND_TEN,2022,7,19,10,23.90237298215628,19.553893059677346,-4.90237298215628,-9.553893059677346,2021,23.79171094580234,23.013815090329437,0,,,,
2022_07_KC_SF,2022,7,23,44,22.217474281570095,24.118939694754477,0.7825257184299055,19.881060305245523,2021,23.79171094580234,23.013815090329437,0,,,,
2022_07_NO_ARI,2022,7,42,34,22.642470380656334,22.663492064245247,19.357529619343666,11.336507935754753,2021,23.79171094580234,23.013815090329437,0,,,,
2022_07_NYG_JAX,2022,7,17,23,22.72999694377468,18.44847795342548,-5.72999694377468,4.551522046574519,2021,23.79171094580234,23.013815090329437,0,,,,
2022_07_NYJ_DEN,2022,7,9,16,21.812256525125125,21.661328036484463,-12.812256525125125,-5.661328036484463,2021,23.79171094580234,23.013815090329437,0,,,,
2022_07_PIT_MIA,2022,7,16,10,24.3511171394235,18.48593589201164,-8.3511171394235,-8.48593589201164,2021,23.79171094580234,23.013815090329437,0,,,,
2022_07_SEA_LAC,2022,7,23,37,25.596874012386063,23.41662071169783,-2.5968740123860634,13.583379288302169,2021,23.79171094580234,23.013815090329437,0,,,,
2022_07_TB_CAR,2022,7,21,3,17.269714119428546,27.710534959130733,3.7302858805714543,-24.710534959130733,2021,23.79171094580234,23.013815090329437,0,,,,
2022_08_ARI_MIN,2022,8,34,26,24.69931830853524,23.24423818052777,9.30068169146476,2.75576181947223,2021,23.79171094580234,23.013815090329437,0,,,,
2022_08_BAL_TB,2022,8,22,27,24.653680334028664,19.87314354056347,-2.653680334028664,7.126856459436532,2021,23.79171094580234,23.013815090329437,0,,,,
2022_08_CAR_ATL,2022,8,37,34,25.514676776664864,22.01774650776838,11.485323223335136,11.98225349223162,2021,23.79171094580234,23.013815090329437,0,,,,
2022_08_CHI_DAL,2022,8,49,29,25.595584301595864,17.63905212619916,23.404415698404136,11.36094787380084,2021,23.79171094580234,23.013815090329437,0,,,,
2022_08_CIN_CLE,2022,8,32,13,22.39906757364255,25.102432237631376,9.60093242635745,-12.102432237631376,2021,23.79171094580234,23.013815090329437,0,,,,
2022_08_DEN_JAX,2022,8,17,21,22.817013536287806,20.720283184449524,-5.817013536287806,0.2797168155504757,2021,23.79171094580234,23.013815090329437,0,,,,
2022_08_GB_BUF,2022,8,27,17,27.0473345106219,19.0920256288267,-0.047334510621901416,-2.0920256288267005,2021,23.79171094580234,23.013815090329437,0,,,,
2022_08_LV_NO,2022,8,24,0,24.293426968609374,21.834220423326855,-0.29342696860937423,-21.834220423326855,2021,23.79171094580234,23.013815090329437,0,,,,
2022_08_MIA_DET,2022,8,27,31,21.004395408750888,25.609413913181605,5.995604591249112,5.390586086818395,2021,23.79171094580234,23.013815090329437,0,,,,
2022_08_NE_NYJ,2022,8,17,22,19.68714739058486,26.61375583767858,-2.6871473905848617,-4.613755837678578,2021,23.79171094580234,23.013815090329437,0,,,,
2022_08_NYG_SEA,2022,8,27,13,25.939081389040112,19.276626351592622,1.060918610959888,-6.276626351592622,2021,23.79171094580234,23.013815090329437,0,,,,
2022_08_PIT_PHI,2022,8,35,13,28.15084420502833,19.14083889033127,6.849155794971669,-6.1408388903312705,2021,23.79171094580234,23.013815090329437,0,,,,
2022_08_SF_LA,2022,8,14,31,22.43162362580815,21.77609170868107,-8.43162362580815,9.223908291318931,2021,23.79171094580234,23.013815090329437,0,,,,
2022_08_TEN_HOU,2022,8,10,17,19.722034539859912,25.795546841083116,-9.722034539859912,-8.795546841083116,2021,23.79171094580234,23.013815090329437,0,,,,
2022_08_WAS_IND,2022,8,16,17,23.451232170547833,19.836118929010752,-7.451232170547833,-2.836118929010752,2021,23.79171094580234,23.013815090329437,0,,,,
2022_09_BAL_NO,2022,9,13,27,24.086958923255292,19.646982619230805,-11.086958923255292,7.353017380769195,2021,23.79171094580234,23.013815090329437,0,,,,
2022_09_BUF_NYJ,2022,9,20,17,17.87110075962438,29.103798269857737,2.1288992403756204,-12.103798269857737,2021,23.79171094580234,23.013815090329437,0,,,,
2022_09_CAR_CIN,2022,9,42,21,27.065878266609012,21.099759516784303,14.934121733390988,-0.09975951678430306,2021,23.79171094580234,23.013815090329437,0,,,,
2022_09_GB_DET,2022,9,15,9,21.94686599727844,26.749535658780573,-6.94686599727844,-17.749535658780573,2021,23.79171094580234,23.013815090329437,0,,,,
2022_09_IND_NE,2022,9,26,3,24.24406031186247,19.519136318458173,1.7559396881375307,-16.519136318458173,2021,23.79171094580234,23.013815090329437,0,,,,
2022_09_LAC_ATL,2022,9,17,20,24.902196982375962,26.92810679695742,-7.902196982375962,-6.928106796957419,2021,23.79171094580234,23.013815090329437,0,,,,
2022_09_LA_TB,2022,9,16,13,23.969031922480365,20.28387725143106,-7.969031922480365,-7.283877251431061,2021,23.79171094580234,23.013815090329437,0,,,,
2022_09_LV_JAX,2022,9,27,20,23.160804872083272,22.475014887041645,3.839195127916728,-2.4750148870416453,2021,23.79171094580234,23.013815090329437,0,,,,
2022_09_MIA_CHI,2022,9,32,35,21.856187567116432,24.907854171274536,10.143812432883568,10.092145828725464,2021,23.79171094580234,23.013815090329437,0,,,,
2022_09_MIN_WAS,2022,9,17,20,20.09758852683177,22.866561846024382,-3.097588526831771,-2.866561846024382,2021,23.79171094580234,23.013815090329437,0,,,,
2022_09_PHI_HOU,2022,9,17,29,17.904170615394207,29.95873074399505,-0.9041706153942073,-0.9587307439950514,2021,23.79171094580234,23.013815090329437,0,,,,
2022_09_SEA_ARI,2022,9,21,31,25.05549367069925,25.306912707842407,-4.055493670699249,5.693087292157593,2021,23.79171094580234,23.013815090329437,0,,,,
2022_09_TEN_KC,2022,9,20,17,28.77512299747863,20.327334123935994,-8.77512299747863,-3.3273341239359944,2021,23.79171094580234,23.013815090329437,0,,,,
2022_10_ARI_LA,2022,10,17,27,22.636751859984535,21.41702937643401,-5.636751859984535,5.582970623565991,2021,23.79171094580234,23.013815090329437,0,,,,
2022_10_ATL_CAR,2022,10,25,15,21.654137150983704,24.430311013480573,3.345862849016296,-9.430311013480573,2021,23.79171094580234,23.013815090329437,0,,,,
2022_10_CLE_MIA,2022,10,39,17,23.688014235233194,23.25883486386783,15.311985764766806,-6.258834863867829,2021,23.79171094580234,23.013815090329437,0,,,,
2022_10_DAL_GB,2022,10,31,28,21.55809208296921,24.86975406948143,9.44190791703079,3.1302459305185693,2021,23.79171094580234,23.013815090329437,0,,,,
2022_10_DEN_TEN,2022,10,17,10,23.506490317089273,18.79899606740136,-6.506490317089273,-8.798996067401362,2021,23.79171094580234,23.013815090329437,0,,,,
2022_10_DET_CHI,2022,10,30,31,24.4051229883377,23.07743526244184,5.594877011662302,7.922564737558162,2021,23.79171094580234,23.013815090329437,0,,,,
2022_10_HOU_NYG,2022,10,24,16,24.57794532553499,18.744734588607976,-0.5779453255349907,-2.744734588607976,2021,23.79171094580234,23.013815090329437,0,,,,
2022_10_IND_LV,2022,10,20,25,22.99690031159891,21.645787932918182,-2.9969003115989103,3.354212067081818,2021,23.79171094580234,23.013815090329437,0,,,,
2022_10_JAX_KC,2022,10,27,17,29.043425345151686,18.897105056563404,-2.043425345151686,-1.8971050565634044,2021,23.79171094580234,23.013815090329437,0,,,,
2022_10_LAC_SF,2022,10,22,16,24.56002555093007,20.229281219118427,-2.560025550930071,-4.229281219118427,2021,23.79171094580234,23.013815090329437,0,,,,
2022_10_MIN_BUF,2022,10,30,33,26.389619475840277,19.36738287915779,3.610380524159723,13.632617120842209,2021,23.79171094580234,23.013815090329437,0,,,,
2022_10_NO_PIT,2022,10,20,10,18.644036300757996,22.081097390749402,1.3559636992420039,-12.081097390749402,2021,23.79171094580234,23.013815090329437,0,,,,
2022_10_SEA_TB,2022,10,21,16,23.549676707914863,21.49259715396523,-2.5496767079148626,-5.492597153965232,2021,23.79171094580234,23.013815090329437,0,,,,
2022_10_WAS_PHI,2022,10,21,32,28.49510374778558,18.900440930879544,-7.495103747785581,13.099559069120456,2021,23.79171094580234,23.013815090329437,0,,,,
2022_11_CAR_BAL,2022,11,13,3,27.324292022487803,16.92701337861449,-14.324292022487803,-13.92701337861449,2021,23.79171094580234,23.013815090329437,0,,,,
2022_11_CHI_ATL,2022,11,27,24,25.915481108684872,24.76700436982847,1.0845188913151276,-0.7670043698284701,2021,23.79171094580234,23.013815090329437,0,,,,
2022_11_CIN_PIT,2022,11,30,37,20.826207641829694,24.61397161425172,9.173792358170306,12.38602838574828,2021,23.79171094580234,23.013815090329437,0,,,,
2022_11_CLE_BUF,2022,11,31,23,27.208315562042277,19.48202908139568,3.7916844379577235,3.5179709186043198,2021,23.79171094580234,23.013815090329437,0,,,,
2022_11_DAL_MIN,2022,11,3,40,22.986146218156893,25.07063973672421,-19.986146218156893,14.92936026327579,2021,23.79171094580234,23.013815090329437,0,,,,
2022_11_DET_NYG,2022,11,18,31,23.476901002101414,21.77808995232459,-5.476901002101414,9.221910047675411,2021,23.79171094580234,23.013815090329437,0,,,,
2022_11_KC_LAC,2022,11,27,30,21.566407149534456,30.071642233643395,5.433592850465544,-0.07164223364339506,2021,23.79171094580234,23.013815090329437,0,,,,
2022_11_LA_NO,2022,11,27,20,22.274077914826886,18.390751520661947,4.725922085173114,1.6092484793380528,2021,23.79171094580234,23.013815090329437,0,,,,
2022_11_LV_DEN,2022,11,16,22,22.614126803398364,22.247699205896144,-6.614126803398364,-0.24769920589614358,2021,23.79171094580234,23.013815090329437,0,,,,
2022_11_NYJ_NE,2022,11,10,3,24.08516911081884,18.997775454521356,-14.085169110818839,-15.997775454521356,2021,23.79171094580234,23.013815090329437,0,,,,
2022_11_PHI_IND,2022,11,16,17,19.785293143166513,25.88353288135,-3.7852931431665127,-8.88353288135,2021,23.79171094580234,23.013815090329437,0,,,,
2022_11_SF_ARI,2022,11,10,38,23.4864454959507,26.466821268664603,-13.4864454959507,11.533178731335397,2021,23.79171094580234,23.013815090329437,0,,,,
2022_11_TEN_GB,2022,11,17,27,24.672974126403897,21.311394056932947,-7.672974126403897,5.688605943067053,2021,23.79171094580234,23.013815090329437,0,,,,
2022_11_WAS_HOU,2022,11,10,23,19.347834448851284,23.57265926916743,-9.347834448851284,-0.5726592691674313,2021,23.79171094580234,23.013815090329437,0,,,,
2022_12_ATL_WAS,2022,12,19,13,23.106073100493713,19.909395502668303,-4.106073100493713,-6.909395502668303,2021,23.79171094580234,23.013815090329437,0,,,,
2022_12_BAL_JAX,2022,12,28,27,21.250239059911422,23.29508351255045,6.749760940088578,3.7049164874495517,2021,23.79171094580234,23.013815090329437,0,,,,
2022_12_BUF_DET,2022,12,25,28,20.402543514301502,28.422252665851858,4.597456485698498,-0.4222526658518575,2021,23.79171094580234,23.013815090329437,0,,,,
2022_12_CHI_NYJ,2022,12,31,10,23.278847252616917,20.769040319620103,7.721152747383083,-10.769040319620103,2021,23.79171094580234,23.013815090329437,0,,,,
2022_12_CIN_TEN,2022,12,16,20,22.57233556261207,24.21676106550292,-6.572335562612071,-4.216761065502919,2021,23.79171094580234,23.013815090329437,0,,,,
2022_12_DEN_CAR,2022,12,23,10,20.86663555294921,22.249183103504198,2.1333644470507913,-12.249183103504198,2021,23.79171094580234,23.013815090329437,0,,,,
2022_12_GB_PHI,2022,12,40,33,27.27800718591539,22.052995619662973,12.721992814084611,10.947004380337027,2021,23.79171094580234,23.013815090329437,0,,,,
2022_12_HOU_MIA,2022,12,30,15,28.548740177728767,17.890624698342922,1.4512598222712327,-2.890624698342922,2021,23.79171094580234,23.013815090329437,0,,,,
2022_12_LAC_ARI,2022,12,24,25,25.146731365512956,24.37960327753434,-1.1467313655129558,0.6203967224656601,2021,23.79171094580234,23.013815090329437,0,,,,
2022_12_LA_KC,2022,12,26,10,28.655607398502358,17.882285973238105,-2.655607398502358,-7.882285973238105,2021,23.79171094580234,23.013815090329437,0,,,,
2022_12_LV_SEA,2022,12,34,40,26.816771525540897,21.12971522785034,7.183228474459103,18.87028477214966,2021,23.79171094580234,23.013815090329437,0,,,,
2022_12_NE_MIN,2022,12,33,26,20.623921949737976,24.731207232207474,12.376078050262024,1.268792767792526,2021,23.79171094580234,23.013815090329437,0,,,,
2022_12_NO_SF,2022,12,13,0,24.125453563600786,17.891543006050284,-11.125453563600786,-17.891543006050284,2021,23.79171094580234,23.013815090329437,0,,,,
2022_12_NYG_DAL,2022,12,28,20,27.763602082171946,14.953199120607255,0.23639791782805375,5.046800879392745,2021,23.79171094580234,23.013815090329437,0,,,,
2022_12_PIT_IND,2022,12,17,24,23.169953189176,20.76154527408422,-6.169953189175999,3.23845472591578,2021,23.79171094580234,23.013815090329437,0,,,,
2022_12_TB_CLE,2022,12,23,17,22.705321377875556,23.185964047389977,0.29467862212444373,-6.185964047389977,2021,23.79171094580234,23.013815090329437,0,,,,
2022_13_BUF_NE,2022,13,10,24,21.18107283475252,24.887972609844557,-11.18107283475252,-0.8879726098445566,2021,23.79171094580234,23.013815090329437,0,,,,
2022_13_CLE_HOU,2022,13,14,27,18.768010800233792,26.296371380036685,-4.768010800233792,0.7036286199633146,2021,23.79171094580234,23.013815090329437,0,,,,
2022_13_DEN_BAL,2022,13,10,9,27.127667364846342,15.860838037632897,-17.127667364846342,-6.860838037632897,2021,23.79171094580234,23.013815090329437,0,,,,
2022_13_GB_CHI,2022,13,19,28,22.62328849401939,27.218000364138067,-3.6232884940193912,0.7819996358619328,2021,23.79171094580234,23.013815090329437,0,,,,
2022_13_IND_DAL,2022,13,54,19,25.974803916904264,15.118864800052226,28.025196083095736,3.8811351999477743,2021,23.79171094580234,23.013815090329437,0,,,,
2022_13_JAX_DET,2022,13,40,14,24.66790269604914,23.613395754184037,15.33209730395086,-9.613395754184037,2021,23.79171094580234,23.013815090329437,0,,,,
2022_13_KC_CIN,2022,13,27,24,25.050560095362766,29.99551037376371,1.9494399046372344,-5.995510373763711,2021,23.79171094580234,23.013815090329437,0,,,,
2022_13_LAC_LV,2022,13,27,20,25.18774229861653,24.992898496081015,1.8122577013834693,-4.992898496081015,2021,23.79171094580234,23.013815090329437,0,,,,
2022_13_MIA_SF,2022,13,33,17,24.34323852810135,21.591481796615405,8.656761471898651,-4.591481796615405,2021,23.79171094580234,23.013815090329437,0,,,,
2022_13_NO_TB,2022,13,17,16,22.843344761281287,17.95098463769292,-5.843344761281287,-1.950984637692919,2021,23.79171094580234,23.013815090329437,0,,,,
2022_13_NYJ_MIN,2022,13,27,22,24.505710853546844,21.760910657901807,2.4942891464531556,0.2390893420981932,2021,23.79171094580234,23.013815090329437,0,,,,
2022_13_PIT_ATL,2022,13,16,19,25.10592095544743,23.631312151316017,-9.10592095544743,-4.631312151316017,2021,23.79171094580234,23.013815090329437,0,,,,
2022_13_SEA_LA,2022,13,23,27,21.065610271750362,24.680007110041633,1.9343897282496378,2.3199928899583675,2021,23.79171094580234,23.013815090329437,0,,,,
2022_13_TEN_PHI,2022,13,35,10,27.31189739692915,21.065550663123766,7.688102603070849,-11.065550663123766,2021,23.79171094580234,23.013815090329437,0,,,,
2022_13_WAS_NYG,2022,13,20,20,21.058346734918366,21.172816379826077,-1.0583467349183664,-1.1728163798260773,2021,23.79171094580234,23.013815090329437,0,,,,
2022_14_BAL_PIT,2022,14,14,16,21.435565871437298,21.59866745554265,-7.435565871437298,-5.59866745554265,2021,23.79171094580234,23.013815090329437,0,,,,
2022_14_CAR_SEA,2022,14,24,30,26.26346653506865,19.15140181974861,-2.2634665350686483,10.84859818025139,2021,23.79171094580234,23.013815090329437,0,,,,
2022_14_CLE_CIN,2022,14,23,10,27.283149871108453,22.843780074617104,-4.283149871108453,-12.843780074617104,2021,23.79171094580234,23.013815090329437,0,,,,
2022_14_HOU_DAL,2022,14,27,23,29.02777771759952,13.797742195532441,-2.0277777175995197,9.202257804467559,2021,23.79171094580234,23.013815090329437,0,,,,
2022_14_JAX_TEN,2022,14,22,36,23.60801942591337,20.68897903429801,-1.608019425913369,15.311020965701989,2021,23.79171094580234,23.013815090329437,0,,,,
2022_14_KC_DEN,2022,14,28,34,18.083541801838958,29.8604034341542,9.916458198161042,4.1395965658458,2021,23.79171094580234,23.013815090329437,0,,,,
2022_14_LV_LA,2022,14,17,16,22.359926736951202,22.85260722743358,-5.359926736951202,-6.85260722743358,2021,23.79171094580234,23.013815090329437,0,,,,
2022_14_MIA_LAC,2022,14,23,17,22.456819057737068,26.13370421265575,0.5431809422629321,-9.13370421265575,2021,23.79171094580234,23.013815090329437,0,,,,
2022_14_MIN_DET,2022,14,34,23,24.957716752645794,23.42378720987676,9.042283247354206,-0.42378720987676033,2021,23.79171094580234,23.013815090329437,0,,,,
2022_14_NE_ARI,2022,14,13,27,22.406529053057504,24.510613496982167,-9.406529053057504,2.4893865030178333,2021,23.79171094580234,23.013815090329437,0,,,,
2022_14_NYJ_BUF,2022,14,20,12,27.224573599345664,18.56839494997187,-7.224573599345664,-6.5683949499718715,2021,23.79171094580234,23.013815090329437,0,,,,
2022_14_PHI_NYG,2022,14,22,48,19.358319019834482,26.995060070989286,2.6416809801655177,21.004939929010714,2021,23.79171094580234,23.013815090329437,0,,,,
2022_14_TB_SF,2022,14,35,7,25.140623945083885,19.577176963691066,9.859376054916115,-12.577176963691066,2021,23.79171094580234,23.013815090329437,0,,,,
2022_15_ARI_DEN,2022,15,24,15,20.567082599592542,22.65872044427234,3.432917400407458,-7.65872044427234,2021,23.79171094580234,23.013815090329437,0,,,,
2022_15_ATL_NO,2022,15,21,18,23.634017200078176,19.23866865557139,-2.6340172000781763,-1.2386686555713915,2021,23.79171094580234,23.013815090329437,0,,,,
2022_15_BAL_CLE,2022,15,13,3,22.10782740812266,21.855702918900136,-9.10782740812266,-18.855702918900136,2021,23.79171094580234,23.013815090329437,0,,,,
2022_15_CIN_TB,2022,15,23,34,22.99467546929459,23.487042023218716,0.005324530705408392,10.512957976781284,2021,23.79171094580234,23.013815090329437,0,,,,
2022_15_DAL_JAX,2022,15,40,34,19.97918657439755,27.30415116931785,20.02081342560245,6.695848830682149,2021,23.79171094580234,23.013815090329437,0,,,,
2022_15_DET_NYJ,2022,15,17,20,22.316768519888168,22.475112681996496,-5.316768519888168,-2.475112681996496,2021,23.79171094580234,23.013815090329437,0,,,,
2022_15_IND_MIN,2022,15,39,36,24.01098503485643,21.05642317752281,14.989014965143571,14.94357682247719,2021,23.79171094580234,23.013815090329437,0,,,,
2022_15_KC_HOU,2022,15,24,30,16.736086637655923,31.574438106742477,7.263913362344077,-1.5744381067424769,2021,23.79171094580234,23.013815090329437,0,,,,
2022_15_LA_GB,2022,15,24,12,25.924698148518104,20.542619818891417,-1.9246981485181038,-8.542619818891417,2021,23.79171094580234,23.013815090329437,0,,,,
2022_15_MIA_BUF,2022,15,32,29,25.695007389400153,21.553867809073633,6.304992610599847,7.446132190926367,2021,23.79171094580234,23.013815090329437,0,,,,
2022_15_NE_LV,2022,15,30,24,21.347401423460116,23.860499755560227,8.652598576539884,0.13950024443977327,2021,23.79171094580234,23.013815090329437,0,,,,
2022_15_NYG_WAS,2022,15,12,20,24.235697173114016,18.693880673958695,-12.235697173114016,1.3061193260413049,2021,23.79171094580234,23.013815090329437,0,,,,
2022_15_PHI_CHI,2022,15,20,25,19.02330356651609,30.347477830589167,0.9766964334839088,-5.347477830589167,2021,23.79171094580234,23.013815090329437,0,,,,
2022_15_PIT_CAR,2022,15,16,24,21.980152843427902,21.152267503635674,-5.980152843427902,2.8477324963643262,2021,23.79171094580234,23.013815090329437,0,,,,
2022_15_SF_SEA,2022,15,13,21,21.911475720966962,26.483743306936955,-8.911475720966962,-5.4837433069369546,2021,23.79171094580234,23.013815090329437,0,,,,
2022_15_TEN_LAC,2022,15,17,14,24.975817934190907,22.389939550132134,-7.975817934190907,-8.389939550132134,2021,23.79171094580234,23.013815090329437,0,,,,
2022_16_ATL_BAL,2022,16,17,9,25.137573401616454,17.576067348147912,-8.137573401616454,-8.576067348147912,2021,23.79171094580234,23.013815090329437,0,,,,
2022_16_BUF_CHI,2022,16,13,35,20.122606837153704,28.836301785634376,-7.122606837153704,6.163698214365624,2021,23.79171094580234,23.013815090329437,0,,,,
2022_16_CIN_NE,2022,16,18,22,22.416138242829362,24.22592853156017,-4.416138242829362,-2.2259285315601716,2021,23.79171094580234,23.013815090329437,0,,,,
2022_16_DEN_LA,2022,16,51,14,21.96818403601176,20.933872612181204,29.03181596398824,-6.933872612181204,2021,23.79171094580234,23.013815090329437,0,,,,
2022_16_DET_CAR,2022,16,37,23,21.618920133935944,24.604192389608972,15.381079866064056,-1.604192389608972,2021,23.79171094580234,23.013815090329437,0,,,,
2022_16_GB_MIA,2022,16,20,26,24.00249505169857,23.501243857773137,-4.0024950516985704,2.4987561422268634,2021,23.79171094580234,23.013815090329437,0,,,,
2022_16_HOU_TEN,2022,16,14,19,23.529069210239633,17.883462916581422,-9.529069210239633,1.116537083418578,2021,23.79171094580234,23.013815090329437,0,,,,
2022_16_JAX_NYJ,2022,16,3,19,21.473605542422398,23.289131384778027,-18.473605542422398,-4.2891313847780275,2021,23.79171094580234,23.013815090329437,0,,,,
2022_16_LAC_IND,2022,16,3,20,21.981404515622614,23.23840058022271,-18.981404515622614,-3.2384005802227094,2021,23.79171094580234,23.013815090329437,0,,,,
2022_16_LV_PIT,2022,16,13,10,23.356596359210045,20.09831727227222,-10.356596359210045,-10.098317272272219,2021,23.79171094580234,23.013815090329437,0,,,,
2022_16_NO_CLE,2022,16,10,17,23.068255715272265,20.436573524292882,-13.068255715272265,-3.436573524292882,2021,23.79171094580234,23.013815090329437,0,,,,
2022_16_NYG_MIN,2022,16,27,24,25.748939955845564,22.546806131418883,1.2510600441544355,1.453193868581117,2021,23.79171094580234,23.013815090329437,0,,,,
2022_16_PHI_DAL,2022,16,40,34,24.2733658825813,24.93599745549091,15.726634117418701,9.06400254450909,2021,23.79171094580234,23.013815090329437,0,,,,
2022_16_SEA_KC,2022,16,24,10,28.767499354370997,19.76386631234719,-4.767499354370997,-9.76386631234719,2021,23.79171094580234,23.013815090329437,0,,,,
2022_16_TB_ARI,2022,16,16,19,22.098921599272053,23.569932986660163,-6.098921599272053,-4.569932986660163,2021,23.79171094580234,23.013815090329437,0,,,,
2022_16_WAS_SF,2022,16,37,20,26.179694742997963,16.953987841659966,10.820305257002037,3.0460121583400337,2021,23.79171094580234,23.013815090329437,0,,,,
2022_17_ARI_ATL,2022,17,20,19,24.22955495860428,21.99362850912805,-4.229554958604279,-2.993628509128051,2021,23.79171094580234,23.013815090329437,0,,,,
2022_17_CAR_TB,2022,17,30,24,23.95056707261551,19.412635456437606,6.0494329273844905,4.587364543562394,2021,23.79171094580234,23.013815090329437,0,,,,
2022_17_CHI_DET,2022,17,41,10,26.748144205818384,21.2500068656225,14.251855794181616,-11.250006865622499,2021,23.79171094580234,23.013815090329437,0,,,,
2022_17_CLE_WAS,2022,17,10,24,21.69514022867196,19.979540715969534,-11.69514022867196,4.020459284030466,2021,23.79171094580234,23.013815090329437,0,,,,
2022_17_DAL_TEN,2022,17,13,27,18.49254950464775,26.862327568028334,-5.4925495046477515,0.1376724319716658,2021,23.79171094580234,23.013815090329437,0,,,,
2022_17_DEN_KC,2022,17,27,24,29.607304556537123,15.946089740146753,-2.607304556537123,8.053910259853247,2021,23.79171094580234,23.013815090329437,0,,,,
2022_17_IND_NYG,2022,17,38,10,22.68391461923489,17.097081153014745,15.31608538076511,-7.097081153014745,2021,23.79171094580234,23.013815090329437,0,,,,
2022_17_JAX_HOU,2022,17,3,31,19.179075801771397,25.927059943323734,-16.179075801771397,5.072940056676266,2021,23.79171094580234,23.013815090329437,0,,,,
2022_17_LA_LAC,2022,17,31,10,23.989412336067524,19.82140730600976,7.010587663932476,-9.82140730600976,2021,23.79171094580234,23.013815090329437,0,,,,
2022_17_MIA_NE,2022,17,23,21,22.31440599555474,22.88406239602844,0.6855940044452602,-1.8840623960284404,2021,23.79171094580234,23.013815090329437,0,,,,
2022_17_MIN_GB,2022,17,41,17,25.21171830637013,21.910642603288213,15.78828169362987,-4.910642603288213,2021,23.79171094580234,23.013815090329437,0,,,,
2022_17_NO_PHI,2022,17,10,20,26.64312922734314,17.43552402276243,-16.64312922734314,2.5644759772375707,2021,23.79171094580234,23.013815090329437,0,,,,
2022_17_NYJ_SEA,2022,17,23,6,24.449026943292477,20.42402217880582,-1.449026943292477,-14.42402217880582,2021,23.79171094580234,23.013815090329437,0,,,,
2022_17_PIT_BAL,2022,17,13,16,23.4773021754238,18.365240656533366,-10.477302175423802,-2.3652406565333663,2021,23.79171094580234,23.013815090329437,0,,,,
2022_17_SF_LV,2022,17,34,37,20.42139823634176,27.413135750364148,13.578601763658241,9.586864249635852,2021,23.79171094580234,23.013815090329437,0,,,,
2022_18_ARI_SF,2022,18,38,13,28.055924749611147,17.477180333880316,9.944075250388853,-4.477180333880316,2021,23.79171094580234,23.013815090329437,0,,,,
2022_18_BAL_CIN,2022,18,27,16,26.962365864598176,19.577567001472683,0.0376341354018237,-3.5775670014726835,2021,23.79171094580234,23.013815090329437,0,,,,
2022_18_CAR_NO,2022,18,7,10,23.392503915835654,18.702988022194166,-16.392503915835654,-8.702988022194166,2021,23.79171094580234,23.013815090329437,0,,,,
2022_18_CLE_PIT,2022,18,28,14,23.329302414155553,18.56904511951543,4.670697585844447,-4.56904511951543,2021,23.79171094580234,23.013815090329437,0,,,,
2022_18_DAL_WAS,2022,18,26,6,17.65036744639597,24.074298865199758,8.349632553604032,-18.074298865199758,2021,23.79171094580234,23.013815090329437,0,,,,
2022_18_DET_GB,2022,18,16,20,26.138631841556226,23.318585786637104,-10.138631841556226,-3.3185857866371045,2021,23.79171094580234,23.013815090329437,0,,,,
2022_18_HOU_IND,2022,18,31,32,21.59445420839478,19.221925023071147,9.40554579160522,12.778074976928853,2021,23.79171094580234,23.013815090329437,0,,,,
2022_18_KC_LV,2022,18,13,31,21.273752414455274,30.470543928441806,-8.273752414455274,0.5294560715581937,2021,23.79171094580234,23.013815090329437,0,,,,
2022_18_LAC_DEN,2022,18,31,28,18.915556368837475,25.925629196885033,12.084443631162525,2.0743708031149666,2021,23.79171094580234,23.013815090329437,0,,,,
2022_18_LA_SEA,2022,18,19,16,24.201383076778445,20.916899645434274,-5.201383076778445,-4.916899645434274,2021,23.79171094580234,23.013815090329437,0,,,,
2022_18_MIN_CHI,2022,18,13,29,20.730812614549922,26.209504384966515,-7.730812614549922,2.7904956150334854,2021,23.79171094580234,23.013815090329437,0,,,,
2022_18_NE_BUF,2022,18,35,23,26.363890612994958,19.508975152056223,8.636109387005042,3.491024847943777,2021,23.79171094580234,23.013815090329437,0,,,,
2022_18_NYG_PHI,2022,18,22,16,26.368518261457613,18.13279322251627,-4.368518261457613,-2.13279322251627,2021,23.79171094580234,23.013815090329437,0,,,,
2022_18_NYJ_MIA,2022,18,11,6,24.28540575471352,17.979991477500512,-13.28540575471352,-11.979991477500512,2021,23.79171094580234,23.013815090329437,0,,,,
2022_18_TB_ATL,2022,18,30,17,22.54377664123666,25.164749657079213,7.456223358763339,-8.164749657079213,2021,23.79171094580234,23.013815090329437,0,,,,
2022_18_TEN_JAX,2022,18,20,16,26.05416216674584,19.614595169168616,-6.05416216674584,-3.6145951691686165,2021,23.79171094580234,23.013815090329437,0,,,,
2023_01_ARI_WAS,2023,1,20,16,21.301527053840008,16.920317334031463,-1.301527053840008,-0.9203173340314628,2022,23.585808580858085,22.53960396039604,271,1.0,1.0,29.0,31.0
2023_01_BUF_NYJ,2023,1,22,16,15.808472836333948,25.32989477360347,6.191527163666052,-9.32989477360347,2022,23.585808580858085,22.53960396039604,271,0.0,1.0,28.0,32.0
2023_01_CAR_ATL,2023,1,24,10,24.46702831109871,23.245540630546635,-0.46702831109870857,-13.245540630546635,2022,23.585808580858085,22.53960396039604,271,1.0,1.0,29.0,32.0
2023_01_CIN_CLE,2023,1,24,3,21.293743173942776,24.606960982342184,2.706256826057224,-21.606960982342184,2022,23.585808580858085,22.53960396039604,271,0.0,0.0,29.0,32.0
2023_01_DAL_NYG,2023,1,0,40,20.941550137448925,21.87825377884272,-20.941550137448925,18.12174622115728,2022,23.585808580858085,22.53960396039604,271,0.0,1.0,28.0,32.0
2023_01_DET_KC,2023,1,20,21,27.667024579945046,19.21040866853533,-7.667024579945046,1.7895913314646705,2022,23.585808580858085,22.53960396039604,271,1.0,1.0,29.0,32.0
2023_01_GB_CHI,2023,1,20,38,19.490217780986224,27.54805426914205,0.5097822190137755,10.45194573085795,2022,23.585808580858085,22.53960396039604,271,1.0,1.0,29.0,32.0
2023_01_HOU_BAL,2023,1,25,9,23.656522654471825,14.756598401803078,1.343477345528175,-5.756598401803078,2022,23.585808580858085,22.53960396039604,271,1.0,1.0,28.0,31.0
2023_01_JAX_IND,2023,1,21,31,18.942502749192602,25.243127451795562,2.0574972508073976,5.756872548204438,2022,23.585808580858085,22.53960396039604,271,1.0,1.0,28.0,32.0
2023_01_LA_SEA,2023,1,13,30,23.771567160886363,19.46793681076578,-10.771567160886363,10.532063189234218,2022,23.585808580858085,22.53960396039604,271,0.0,1.0,29.0,32.0
2023_01_LV_DEN,2023,1,16,17,21.57333668605377,24.582498755577078,-5.573336686053771,-7.5824987555770775,2022,23.585808580858085,22.53960396039604,271,1.0,1.0,29.0,32.0
2023_01_MIA_LAC,2023,1,34,36,24.018472746230866,21.238841918265912,9.981527253769134,14.761158081734088,2022,23.585808580858085,22.53960396039604,271,1.0,0.0,30.0,32.0
2023_01_PHI_NE,2023,1,20,25,20.34466599956156,24.454620422824135,-0.34466599956155974,0.5453795771758649,2022,23.585808580858085,22.53960396039604,271,1.0,1.0,29.0,32.0
2023_01_SF_PIT,2023,1,7,30,20.143571483674577,21.777290557210957,-13.143571483674577,8.222709442789043,2022,23.585808580858085,22.53960396039604,271,0.0,1.0,29.0,33.0
2023_01_TB_MIN,2023,1,17,20,23.62792598394931,22.909836139593093,-6.627925983949311,-2.909836139593093,2022,23.585808580858085,22.53960396039604,271,1.0,1.0,28.0,32.0
2023_01_TEN_NO,2023,1,16,15,22.381057309598365,15.921248904781677,-6.381057309598365,-0.9212489047816774,2022,23.585808580858085,22.53960396039604,271,1.0,1.0,29.0,31.0
2023_02_BAL_CIN,2023,2,24,27,23.59041574942741,19.63282947520678,0.40958425057258907,7.36717052479322,2022,23.585808580858085,22.53960396039604,271,1.0,1.0,29.0,32.0
2023_02_CHI_TB,2023,2,27,17,25.70473408375671,17.17853066817839,1.2952659162432916,-0.17853066817838936,2022,23.585808580858085,22.53960396039604,271,1.0,1.0,28.0,32.0
2023_02_CLE_PIT,2023,2,26,22,21.438837643164938,17.266226938987508,4.561162356835062,4.733773061012492,2022,23.585808580858085,22.53960396039604,271,1.0,1.0,29.0,32.0
2023_02_GB_ATL,2023,2,25,24,23.669229326610143,25.770867637648212,1.330770673389857,-1.7708676376482124,2022,23.585808580858085,22.53960396039604,271,1.0,1.0,29.0,32.0
2023_02_IND_HOU,2023,2,20,31,18.946931197871834,20.3358856984263,1.0530688021281662,10.6641143015737,2022,23.585808580858085,22.53960396039604,271,1.0,1.0,29.0,32.0
2023_02_KC_JAX,2023,2,9,17,21.961333538247636,27.0538875242382,-12.961333538247636,-10.053887524238199,2022,23.585808580858085,22.53960396039604,271,1.0,0.0,29.0,32.0
2023_02_LAC_TEN,2023,2,27,24,19.323833558691106,23.109367603715317,7.676166441308894,0.8906323962846834,2022,23.585808580858085,22.53960396039604,271,1.0,1.0,29.0,31.0
2023_02_LV_BUF,2023,2,38,10,27.722012440040167,19.315024705398535,10.277987559959833,-9.315024705398535,2022,23.585808580858085,22.53960396039604,271,0.0,1.0,29.0,32.0
2023_02_MIA_NE,2023,2,17,24,21.656945064791365,22.903574218011144,-4.6569450647913655,1.0964257819888559,2022,23.585808580858085,22.53960396039604,271,1.0,1.0,28.0,32.0
2023_02_MIN_PHI,2023,2,34,28,24.83442649239825,20.09305109011342,9.16557350760175,7.90694890988658,2022,23.585808580858085,22.53960396039604,271,1.0,0.0,28.0,31.0
2023_02_NO_CAR,2023,2,17,20,19.67031896895246,19.816018689283904,-2.6703189689524613,0.1839813107160957,2022,23.585808580858085,22.53960396039604,271,1.0,1.0,29.0,31.0
2023_02_NYG_ARI,2023,2,28,31,21.433650770925027,20.485405338153033,6.566349229074973,10.514594661846967,2022,23.585808580858085,22.53960396039604,271,1.0,1.0,29.0,32.0
2023_02_NYJ_DAL,2023,2,30,10,26.836982791867953,16.14508754440685,3.1630172081320467,-6.145087544406849,2022,23.585808580858085,22.53960396039604,271,1.0,1.0,28.0,32.0
2023_02_SEA_DET,2023,2,31,37,25.98795771208624,20.550878479301137,5.012042287913761,16.449121520698863,2022,23.585808580858085,22.53960396039604,271,1.0,0.0,29.0,32.0
2023_02_SF_LA,2023,2,23,30,19.940223276892176,26.593083002221846,3.0597767231078237,3.406916997778154,2022,23.585808580858085,22.53960396039604,271,1.0,1.0,29.0,32.0
2023_02_WAS_DEN,2023,2,33,35,19.84736704679183,21.79541508303175,13.152632953208169,13.204584916968251,2022,23.585808580858085,22.53960396039604,271,1.0,0.0,29.0,32.0
2023_03_ATL_DET,2023,3,20,6,25.965371007723306,20.779416336243383,-5.965371007723306,-14.779416336243383,2022,23.585808580858085,22.53960396039604,271,1.0,0.0,29.0,32.0
2023_03_BUF_WAS,2023,3,3,37,17.775763488467593,23.827879492376105,-14.775763488467593,13.172120507623895,2022,23.585808580858085,22.53960396039604,271,0.0,1.0,29.0,32.0
2023_03_CAR_SEA,2023,3,37,27,23.96746817471489,20.097756232308374,13.032531825285108,6.902243767691626,2022,23.585808580858085,22.53960396039604,271,1.0,0.0,29.0,32.0
2023_03_CHI_KC,2023,3,41,10,30.264086068705403,14.77877002268973,10.735913931294597,-4.778770022689731,2022,23.585808580858085,22.53960396039604,271,0.0,1.0,28.0,31.0
2023_03_DAL_ARI,2023,3,28,16,17.580314569694966,24.880352475113696,10.419685430305034,-8.880352475113696,2022,23.585808580858085,22.53960396039604,271,0.0,1.0,28.0,32.0
2023_03_DEN_MIA,2023,3,70,20,26.205376242556397,19.978474468027994,43.7946237574436,0.021525531972006462,2022,23.585808580858085,22.53960396039604,271,0.0,0.0,29.0,31.0
2023_03_HOU_JAX,2023,3,17,37,25.963150112286602,17.288252795873746,-8.963150112286602,19.711747204126254,2022,23.585808580858085,22.53960396039604,271,0.0,1.0,29.0,32.0
2023_03_IND_BAL,2023,3,19,22,23.699728015655708,15.797598892790827,-4.699728015655708,6.202401107209173,2022,23.585808580858085,22.53960396039604,271,1.0,1.0,28.0,31.0
2023_03_LAC_MIN,2023,3,24,28,23.16222567984765,24.987744130153306,0.8377743201523487,3.012255869846694,2022,23.585808580858085,22.53960396039604,271,1.0,1.0,29.0,32.0
2023_03_LA_CIN,2023,3,19,16,25.44964755988179,21.29071318028797,-6.4496475598817895,-5.29071318028797,2022,23.585808580858085,22.53960396039604,271,1.0,1.0,29.0,32.0
2023_03_NE_NYJ,2023,3,10,15,17.69430704114596,20.65915420930615,-7.6943070411459615,-5.659154209306148,2022,23.585808580858085,22.53960396039604,271,1.0,1.0,29.0,32.0
2023_03_NO_GB,2023,3,18,17,23.60833846783434,21.704599970288193,-5.60833846783434,-4.704599970288193,2022,23.585808580858085,22.53960396039604,271,1.0,1.0,29.0,32.0
2023_03_NYG_SF,2023,3,30,12,28.510515471324503,19.40337285123701,1.4894845286754972,-7.403372851237009,2022,23.585808580858085,22.53960396039604,271,1.0,1.0,29.0,32.0
2023_03_PHI_TB,2023,3,11,25,20.645806799220267,22.678615299331774,-9.645806799220267,2.3213847006682258,2022,23.585808580858085,22.53960396039604,271,1.0,1.0,29.0,32.0
2023_03_PIT_LV,2023,3,18,23,21.91344091474539,21.949779451143723,-3.91344091474539,1.0502205488562772,2022,23.585808580858085,22.53960396039604,271,1.0,1.0,28.0,32.0
2023_03_TEN_CLE,2023,3,27,3,23.6381099610946,18.013271637788243,3.3618900389054005,-15.013271637788243,2022,23.585808580858085,22.53960396039604,271,0.0,1.0,28.0,31.0
2023_04_ARI_SF,2023,4,35,16,27.97954708861524,18.174421141270123,7.0204529113847585,-2.1744211412701233,2022,23.585808580858085,22.53960396039604,271,1.0,1.0,29.0,32.0
2023_04_ATL_JAX,2023,4,23,7,24.39305091367635,20.269236120269753,-1.3930509136763511,-13.269236120269753,2022,23.585808580858085,22.53960396039604,271,1.0,1.0,29.0,32.0
2023_04_BAL_CLE,2023,4,3,28,21.43413467581968,18.050519709473587,-18.43413467581968,9.949480290526413,2022,23.585808580858085,22.53960396039604,271,0.0,1.0,29.0,31.0
2023_04_CIN_TEN,2023,4,27,3,19.230314791826135,22.628761181617634,7.769685208173865,-19.628761181617634,2022,23.585808580858085,22.53960396039604,271,0.0,1.0,29.0,32.0
2023_04_DEN_CHI,2023,4,28,31,22.49127393102738,25.165825570533883,5.508726068972621,5.834174429466117,2022,23.585808580858085,22.53960396039604,271,1.0,1.0,29.0,31.0
2023_04_DET_GB,2023,4,20,34,24.03123547378893,23.704959945664733,-4.031235473788929,10.295040054335267,2022,23.585808580858085,22.53960396039604,271,1.0,1.0,29.0,33.0
2023_04_KC_NYJ,2023,4,20,23,14.872323424568908,27.343217746833343,5.127676575431092,-4.343217746833343,2022,23.585808580858085,22.53960396039604,271,1.0,1.0,28.0,32.0
2023_04_LA_IND,2023,4,23,29,21.709689897278302,23.49516451758439,1.2903101027216977,5.504835482415611,2022,23.585808580858085,22.53960396039604,271,1.0,1.0,29.0,32.0
2023_04_LV_LAC,2023,4,24,17,25.971558183177653,20.165313874570042,-1.9715581831776525,-3.1653138745700424,2022,23.585808580858085,22.53960396039604,271,1.0,1.0,29.0,32.0
2023_04_MIA_BUF,2023,4,48,20,26.55218637237262,22.72178302907107,21.44781362762738,-2.7217830290710694,2022,23.585808580858085,22.53960396039604,271,0.0,0.0,29.0,32.0
2023_04_MIN_CAR,2023,4,13,21,21.747620337170193,23.384697410101733,-8.747620337170193,-2.384697410101733,2022,23.585808580858085,22.53960396039604,271,1.0,1.0,29.0,32.0
2023_04_NE_DAL,2023,4,38,3,24.82401849546264,19.139099324598476,13.175981504537361,-16.139099324598476,2022,23.585808580858085,22.53960396039604,271,0.0,1.0,28.0,31.0
2023_04_PIT_HOU,2023,4,30,6,19.43814100310048,24.067112998568586,10.56185899689952,-18.067112998568586,2022,23.585808580858085,22.53960396039604,271,0.0,1.0,29.0,31.0
2023_04_SEA_NYG,2023,4,3,24,22.34511411364799,22.695253635554735,-19.34511411364799,1.3047463644452648,2022,23.585808580858085,22.53960396039604,271,0.0,0.0,28.0,32.0
2023_04_TB_NO,2023,4,9,26,21.2690429162526,18.036911228815732,-12.269042916252602,7.9630887711842675,2022,23.585808580858085,22.53960396039604,271,0.0,1.0,29.0,31.0
2023_04_WAS_PHI,2023,4,34,31,25.653088151063365,16.898143551022784,8.346911848936635,14.101856448977216,2022,23.585808580858085,22.53960396039604,271,1.0,0.0,28.0,31.0
2023_05_BAL_PIT,2023,5,17,10,18.59474318627209,19.834677414811633,-1.5947431862720904,-9.834677414811633,2022,23.585808580858085,22.53960396039604,271,1.0,1.0,29.0,31.0
2023_05_CAR_DET,2023,5,42,24,25.92262687878541,17.628036275470862,16.07737312121459,6.371963724529138,2022,23.585808580858085,22.53960396039604,271,1.0,0.0,29.0,31.0
2023_05_CHI_WAS,2023,5,20,40,24.673612410657235,18.40007743273906,-4.673612410657235,21.59992256726094,2022,23.585808580858085,22.53960396039604,271,0.0,1.0,29.0,32.0
2023_05_CIN_ARI,2023,5,20,34,22.689432542924436,21.51786879784247,-2.689432542924436,12.482131202157529,2022,23.585808580858085,22.53960396039604,271,0.0,1.0,29.0,32.0
2023_05_DAL_SF,2023,5,42,10,25.01665303821959,22.729482111199996,16.98334696178041,-12.729482111199996,2022,23.585808580858085,22.53960396039604,271,0.0,1.0,29.0,33.0
2023_05_GB_LV,2023,5,17,13,22.417431662046855,23.12766133718243,-5.417431662046855,-10.127661337182431,2022,23.585808580858085,22.53960396039604,271,1.0,0.0,29.0,31.0
2023_05_HOU_ATL,2023,5,21,19,23.513621216812158,21.838211305970432,-2.513621216812158,-2.8382113059704324,2022,23.585808580858085,22.53960396039604,271,1.0,1.0,30.0,32.0
2023_05_JAX_BUF,2023,5,20,25,28.361827784363147,17.51130006204953,-8.361827784363147,7.4886999379504715,2022,23.585808580858085,22.53960396039604,271,0.0,1.0,29.0,32.0
2023_05_KC_MIN,2023,5,20,27,20.641981416352436,27.716614460598812,-0.6419814163524364,-0.7166144605988123,2022,23.585808580858085,22.53960396039604,271,1.0,1.0,29.0,32.0
2023_05_NO_NE,2023,5,0,34,20.43289408826911,18.517217588116356,-20.43289408826911,15.482782411883644,2022,23.585808580858085,22.53960396039604,271,0.0,1.0,29.0,32.0
2023_05_NYG_MIA,2023,5,31,16,27.607031629753504,18.367824168450564,3.3929683702464963,-2.3678241684505643,2022,23.585808580858085,22.53960396039604,271,1.0,1.0,29.0,32.0
2023_05_NYJ_DEN,2023,5,21,31,22.85865785267521,20.520739356968313,-1.8586578526752113,10.479260643031687,2022,23.585808580858085,22.53960396039604,271,1.0,1.0,29.0,32.0
2023_05_PHI_LA,2023,5,14,23,21.303348042409826,25.652195174073324,-7.3033480424098265,-2.6521951740733236,2022,23.585808580858085,22.53960396039604,271,1.0,1.0,29.0,32.0
2023_05_TEN_IND,2023,5,23,16,22.341182720555185,21.78852958125702,0.6588172794448148,-5.78852958125702,2022,23.585808580858085,22.53960396039604,271,1.0,1.0,28.0,32.0
2023_06_ARI_LA,2023,6,26,9,23.827183154891983,19.81975054489822,2.1728168451080165,-10.81975054489822,2022,23.585808580858085,22.53960396039604,271,1.0,1.0,29.0,31.0
2023_06_BAL_TEN,2023,6,16,24,18.658828545500647,21.424409638481436,-2.658828545500647,2.5755903615185645,2022,23.585808580858085,22.53960396039604,271,1.0,1.0,29.0,32.0
2023_06_CAR_MIA,2023,6,42,21,27.30733228099517,17.538268477913427,14.692667719004831,3.4617315220865734,2022,23.585808580858085,22.53960396039604,271,1.0,0.0,29.0,32.0
2023_06_DAL_LAC,2023,6,17,20,21.843619269164734,22.19873918708661,-4.8436192691647335,-2.198739187086609,2022,23.585808580858085,22.53960396039604,271,1.0,1.0,29.0,32.0
2023_06_DEN_KC,2023,6,19,8,29.527359336777373,17.64417794292427,-10.527359336777373,-9.64417794292427,2022,23.585808580858085,22.53960396039604,271,1.0,0.0,29.0,31.0
2023_06_DET_TB,2023,6,6,20,21.102276926650525,23.06428036827441,-15.102276926650525,-3.06428036827441,2022,23.585808580858085,22.53960396039604,271,1.0,0.0,29.0,32.0
2023_06_IND_JAX,2023,6,37,20,24.723229144377186,20.07170068708871,12.276770855622814,-0.07170068708871113,2022,23.585808580858085,22.53960396039604,271,1.0,1.0,28.0,31.0
2023_06_MIN_CHI,2023,6,13,19,20.60178092727677,27.441485998253675,-7.601780927276771,-8.441485998253675,2022,23.585808580858085,22.53960396039604,271,1.0,0.0,29.0,32.0
2023_06_NE_LV,2023,6,21,17,22.33880632957326,18.875714754487234,-1.3388063295732593,-1.875714754487234,2022,23.585808580858085,22.53960396039604,271,1.0,1.0,29.0,31.0
2023_06_NO_HOU,2023,6,20,13,19.33315866859966,23.858075499518403,0.6668413314003416,-10.858075499518403,2022,23.585808580858085,22.53960396039604,271,1.0,1.0,28.0,32.0
2023_06_NYG_BUF,2023,6,14,9,30.469830042617417,14.695893644587525,-16.469830042617417,-5.695893644587525,2022,23.585808580858085,22.53960396039604,271,1.0,0.0,28.0,31.0
2023_06_PHI_NYJ,2023,6,20,14,17.643920643082815,25.271797161064093,2.356079356917185,-11.271797161064093,2022,23.585808580858085,22.53960396039604,271,1.0,1.0,29.0,32.0
2023_06_SEA_CIN,2023,6,17,13,23.2396791884936,21.626673842919715,-6.2396791884936,-8.626673842919715,2022,23.585808580858085,22.53960396039604,271,1.0,1.0,29.0,32.0
2023_06_SF_CLE,2023,6,19,17,17.746185005260486,25.30926261164795,1.253814994739514,-8.309262611647949,2022,23.585808580858085,22.53960396039604,271,1.0,1.0,29.0,32.0
2023_06_WAS_ATL,2023,6,16,24,23.573055188411782,22.583302190293356,-7.573055188411782,1.416697809706644,2022,23.585808580858085,22.53960396039604,271,1.0,1.0,29.0,32.0
2023_07_ARI_SEA,2023,7,20,10,24.95212898573674,17.111098807950377,-4.9521289857367385,-7.111098807950377,2022,23.585808580858085,22.53960396039604,271,1.0,1.0,28.0,32.0
2023_07_ATL_TB,2023,7,13,16,22.00595423740672,17.65026218047679,-9.00595423740672,-1.6502621804767905,2022,23.585808580858085,22.53960396039604,271,1.0,1.0,29.0,32.0
2023_07_BUF_NE,2023,7,29,25,15.564857802692206,26.10508984502954,13.435142197307794,-1.1050898450295392,2022,23.585808580858085,22.53960396039604,271,1.0,1.0,28.0,31.0
2023_07_CLE_IND,2023,7,38,39,19.490793937259138,22.441373315478156,18.509206062740862,16.558626684521844,2022,23.585808580858085,22.53960396039604,271,1.0,0.0,29.0,32.0
2023_07_DET_BAL,2023,7,38,6,21.52566893136188,21.195961092123788,16.47433106863812,-15.195961092123788,2022,23.585808580858085,22.53960396039604,271,0.0,1.0,29.0,31.0
2023_07_GB_DEN,2023,7,19,17,20.90948110048324,24.878173498037796,-1.9094811004832408,-7.878173498037796,2022,23.585808580858085,22.53960396039604,271,1.0,1.0,28.0,32.0
2023_07_JAX_NO,2023,7,24,31,20.882434766145153,19.832668532255788,3.1175652338548474,11.167331467744212,2022,23.585808580858085,22.53960396039604,271,1.0,1.0,29.0,31.0
2023_07_LAC_KC,2023,7,31,17,26.130569285894655,19.15555411765273,4.869430714105345,-2.1555541176527306,2022,23.585808580858085,22.53960396039604,271,1.0,1.0,29.0,32.0
2023_07_LV_CHI,2023,7,30,12,21.068378818720745,24.559453715558014,8.931621181279255,-12.559453715558014,2022,23.585808580858085,22.53960396039604,271,0.0,1.0,29.0,32.0
2023_07_MIA_PHI,2023,7,31,17,22.75852327187054,23.071177083213037,8.24147672812946,-6.071177083213037,2022,23.585808580858085,22.53960396039604,271,1.0,1.0,28.0,31.0
2023_07_PIT_LA,2023,7,17,24,23.656180589897875,20.221401835706914,-6.656180589897875,3.7785981642930864,2022,23.585808580858085,22.53960396039604,271,1.0,1.0,29.0,32.0
2023_07_SF_MIN,2023,7,22,17,20.051326495675045,27.38170272588913,1.9486735043249546,-10.38170272588913,2022,23.585808580858085,22.53960396039604,271,1.0,1.0,28.0,32.0
2023_07_WAS_NYG,2023,7,14,7,22.82153872898988,21.535614086575375,-8.821538728989879,-14.535614086575375,2022,23.585808580858085,22.53960396039604,271,1.0,0.0,29.0,32.0
2023_08_ATL_TEN,2023,8,28,23,20.828278461432923,20.821521016785947,7.171721538567077,2.1784789832140525,2022,23.585808580858085,22.53960396039604,271,1.0,1.0,29.0,32.0
2023_08_BAL_ARI,2023,8,24,31,18.18762014822036,24.360516529118254,5.812379851779639,6.639483470881746,2022,23.585808580858085,22.53960396039604,271,1.0,1.0,28.0,32.0
2023_08_CHI_LAC,2023,8,30,13,25.442543402185116,19.62075491667393,4.557456597814884,-6.620754916673931,2022,23.585808580858085,22.53960396039604,271,1.0,1.0,29.0,32.0
2023_08_CIN_SF,2023,8,17,31,26.92175351582773,18.89766227444829,-9.921753515827731,12.10233772555171,2022,23.585808580858085,22.53960396039604,271,0.0,1.0,28.0,31.0
2023_08_CLE_SEA,2023,8,24,20,21.737338122303303,18.38239243606167,2.262661877696697,1.6176075639383285,2022,23.585808580858085,22.53960396039604,271,1.0,1.0,29.0,32.0
2023_08_HOU_CAR,2023,8,15,13,22.759219907612422,21.325645516597625,-7.759219907612422,-8.325645516597625,2022,23.585808580858085,22.53960396039604,271,1.0,0.0,29.0,32.0
2023_08_JAX_PIT,2023,8,10,20,20.413207368657496,20.823040804789297,-10.413207368657496,-0.8230408047892972,2022,23.585808580858085,22.53960396039604,271,1.0,1.0,29.0,32.0
2023_08_KC_DEN,2023,8,24,9,18.166757202525623,29.6559628004855,5.833242797474377,-20.6559628004855,2022,23.585808580858085,22.53960396039604,271,0.0,1.0,28.0,33.0
2023_08_LA_DAL,2023,8,43,20,26.26742428490609,21.79021204866591,16.73257571509391,-1.7902120486659108,2022,23.585808580858085,22.53960396039604,271,0.0,1.0,28.0,32.0
2023_08_LV_DET,2023,8,26,14,25.87644157149938,19.01430203528327,0.12355842850061904,-5.014302035283269,2022,23.585808580858085,22.53960396039604,271,1.0,1.0,28.0,31.0
2023_08_MIN_GB,2023,8,10,24,22.560395740491412,22.875259833954978,-12.560395740491412,1.1247401660450222,2022,23.585808580858085,22.53960396039604,271,1.0,1.0,28.0,32.0
2023_08_NE_MIA,2023,8,31,17,25.880861675564805,17.64257923919093,5.119138324435195,-0.6425792391909297,2022,23.585808580858085,22.53960396039604,271,1.0,1.0,29.0,31.0
2023_08_NO_IND,2023,8,27,38,20.704098634419026,22.46621682041842,6.295901365580974,15.53378317958158,2022,23.585808580858085,22.53960396039604,271,1.0,0.0,29.0,32.0
2023_08_NYJ_NYG,2023,8,10,13,22.27590035373866,18.56787939309561,-12.27590035373866,-5.567879393095609,2022,23.585808580858085,22.53960396039604,271,1.0,0.0,29.0,31.0
2023_08_PHI_WAS,2023,8,31,38,17.356666031573845,25.150731125497785,13.643333968426155,12.849268874502215,2022,23.585808580858085,22.53960396039604,271,1.0,0.0,29.0,31.0
2023_08_TB_BUF,2023,8,24,18,27.91720107453714,16.469203491587706,-3.9172010745371395,1.530796508412294,2022,23.585808580858085,22.53960396039604,271,1.0,1.0,29.0,32.0
2023_09_ARI_CLE,2023,9,27,0,22.517650685921264,16.4970377269228,4.482349314078736,-16.4970377269228,2022,23.585808580858085,22.53960396039604,271,0.0,1.0,29.0,32.0
2023_09_BUF_CIN,2023,9,24,18,21.388745530362346,24.52884477408749,2.611254469637654,-6.528844774087489,2022,23.585808580858085,22.53960396039604,271,1.0,1.0,29.0,32.0
2023_09_CHI_NO,2023,9,24,17,24.79430626125734,18.98177870456458,-0.7943062612573399,-1.9817787045645794,2022,23.585808580858085,22.53960396039604,271,1.0,1.0,28.0,31.0
2023_09_DAL_PHI,2023,9,28,23,23.069950980511397,21.59197118287566,4.930049019488603,1.4080288171243396,2022,23.585808580858085,22.53960396039604,271,1.0,1.0,29.0,32.0
2023_09_IND_CAR,2023,9,13,27,22.071859022667304,22.5720624525693,-9.071859022667304,4.427937547430702,2022,23.585808580858085,22.53960396039604,271,1.0,1.0,29.0,32.0
2023_09_LAC_NYJ,2023,9,6,27,19.196892639686347,22.850520804752662,-13.196892639686347,4.149479195247338,2022,23.585808580858085,22.53960396039604,271,0.0,1.0,28.0,33.0
2023_09_LA_GB,2023,9,20,3,23.40933135748674,22.549319303809167,-3.4093313574867388,-19.549319303809167,2022,23.585808580858085,22.53960396039604,271,0.0,0.0,29.0,32.0
2023_09_MIA_KC,2023,9,21,14,22.86186608310655,21.35997632446715,-1.8618660831065483,-7.359976324467151,2022,23.585808580858085,22.53960396039604,271,1.0,1.0,29.0,32.0
2023_09_MIN_ATL,2023,9,28,31,20.85572453230746,23.83741830193413,7.144275467692541,7.162581698065871,2022,23.585808580858085,22.53960396039604,271,1.0,1.0,29.0,32.0
2023_09_NYG_LV,2023,9,30,6,22.35202346821918,19.797962080862547,7.64797653178082,-13.797962080862547,2022,23.585808580858085,22.53960396039604,271,0.0,1.0,28.0,31.0
2023_09_SEA_BAL,2023,9,37,3,23.041542798639988,19.830463001646585,13.958457201360012,-16.830463001646585,2022,23.585808580858085,22.53960396039604,271,0.0,1.0,29.0,32.0
2023_09_TB_HOU,2023,9,39,37,21.1677895673134,22.012576755350146,17.8322104326866,14.987423244649854,2022,23.585808580858085,22.53960396039604,271,1.0,0.0,29.0,32.0
2023_09_TEN_PIT,2023,9,20,16,22.591620392250782,18.7601378280162,-2.591620392250782,-2.7601378280162017,2022,23.585808580858085,22.53960396039604,271,1.0,1.0,29.0,31.0
2023_09_WAS_NE,2023,9,17,20,21.867818173394404,20.289227518743147,-4.867818173394404,-0.28922751874314656,2022,23.585808580858085,22.53960396039604,271,1.0,1.0,29.0,32.0
2023_10_ATL_ARI,2023,10,25,23,19.77381198077749,21.360164173526584,5.2261880192225085,1.6398358264734156,2022,23.585808580858085,22.53960396039604,271,1.0,1.0,29.0,32.0
2023_10_CAR_CHI,2023,10,16,13,23.70624798468431,21.490102482495917,-7.70624798468431,-8.490102482495917,2022,23.585808580858085,22.53960396039604,271,1.0,0.0,29.0,32.0
2023_10_CLE_BAL,2023,10,31,33,22.96529944566644,15.786291903621443,8.034700554333561,17.213708096378557,2022,23.585808580858085,22.53960396039604,271,1.0,0.0,29.0,31.0
2023_10_DEN_BUF,2023,10,22,24,29.19262077787697,17.045991952599564,-7.1926207778769715,6.9540080474004355,2022,23.585808580858085,22.53960396039604,271,1.0,1.0,29.0,31.0
2023_10_DET_LAC,2023,10,38,41,22.300367548687795,22.943377698503262,15.699632451312205,18.056622301496738,2022,23.585808580858085,22.53960396039604,271,1.0,0.0,29.0,32.0
2023_10_GB_PIT,2023,10,23,19,21.556239160940635,19.1433364527896,1.4437608390593653,-0.14333645278960105,2022,23.585808580858085,22.53960396039604,271,1.0,1.0,29.0,31.0
2023_10_HOU_CIN,2023,10,27,30,26.718004154197867,19.96837619054101,0.28199584580213255,10.031623809458988,2022,23.585808580858085,22.53960396039604,271,1.0,1.0,28.0,31.0
2023_10_IND_NE,2023,10,6,10,21.018066789018736,20.04017650750744,-15.018066789018736,-10.04017650750744,2022,23.585808580858085,22.53960396039604,271,1.0,0.0,29.0,32.0
2023_10_NO_MIN,2023,10,27,19,22.649318704400617,21.87636191960078,4.350681295599383,-2.876361919600779,2022,23.585808580858085,22.53960396039604,271,1.0,1.0,28.0,32.0
2023_10_NYG_DAL,2023,10,49,17,27.56842843482255,17.568589607607013,21.43157156517745,-0.5685896076070129,2022,23.585808580858085,22.53960396039604,271,0.0,0.0,29.0,32.0
2023_10_NYJ_LV,2023,10,16,12,22.331313733982356,17.385519457916487,-6.3313137339823555,-5.385519457916487,2022,23.585808580858085,22.53960396039604,271,1.0,1.0,29.0,32.0
2023_10_SF_JAX,2023,10,3,34,21.675638333733612,26.919156543520515,-18.675638333733612,7.080843456479485,2022,23.585808580858085,22.53960396039604,271,0.0,1.0,28.0,32.0
2023_10_TEN_TB,2023,10,20,6,23.301310206877194,20.245808028947824,-3.3013102068771936,-14.245808028947824,2022,23.585808580858085,22.53960396039604,271,1.0,0.0,29.0,32.0
2023_10_WAS_SEA,2023,10,29,26,23.503685200319413,19.805128115897077,5.496314799680587,6.194871884102923,2022,23.585808580858085,22.53960396039604,271,1.0,1.0,29.0,31.0
2023_11_ARI_HOU,2023,11,21,16,22.875138293939223,19.06565958358395,-1.875138293939223,-3.065659583583951,2022,23.585808580858085,22.53960396039604,271,1.0,1.0,28.0,32.0
2023_11_CHI_DET,2023,11,31,26,26.893806577829118,19.399929526900642,4.1061934221708825,6.600070473099358,2022,23.585808580858085,22.53960396039604,271,1.0,1.0,29.0,32.0
2023_11_CIN_BAL,2023,11,34,20,24.497473615705104,18.95861964798246,9.502526384294896,1.0413803520175406,2022,23.585808580858085,22.53960396039604,271,1.0,1.0,29.0,31.0
2023_11_DAL_CAR,2023,11,10,33,17.617005802650546,28.857182345411747,-7.617005802650546,4.142817654588253,2022,23.585808580858085,22.53960396039604,271,1.0,1.0,29.0,32.0
2023_11_LAC_GB,2023,11,23,20,22.701684366928504,23.509847396382295,0.2983156330714962,-3.5098473963822947,2022,23.585808580858085,22.53960396039604,271,1.0,1.0,29.0,32.0
2023_11_LV_MIA,2023,11,20,13,24.652563790595792,16.99221429903264,-4.652563790595792,-3.9922142990326392,2022,23.585808580858085,22.53960396039604,271,1.0,1.0,28.0,31.0
2023_11_MIN_DEN,2023,11,21,20,21.436635399527972,26.10223142794343,-0.43663539952797237,-6.10223142794343,2022,23.585808580858085,22.53960396039604,271,1.0,1.0,29.0,31.0
2023_11_NYG_WAS,2023,11,19,31,23.725869402621928,18.140177274307323,-4.725869402621928,12.859822725692677,2022,23.585808580858085,22.53960396039604,271,0.0,1.0,28.0,31.0
2023_11_NYJ_BUF,2023,11,32,6,27.216761157660656,13.692218164870276,4.783238842339344,-7.692218164870276,2022,23.585808580858085,22.53960396039604,271,1.0,1.0,28.0,31.0
2023_11_PHI_KC,2023,11,17,21,22.855196962830462,20.850243377052998,-5.855196962830462,0.14975662294700243,2022,23.585808580858085,22.53960396039604,271,1.0,1.0,29.0,32.0
2023_11_PIT_CLE,2023,11,13,10,21.908798371278206,16.511434055875654,-8.908798371278206,-6.511434055875654,2022,23.585808580858085,22.53960396039604,271,1.0,1.0,29.0,32.0
2023_11_SEA_LA,2023,11,17,16,21.13645070542973,23.322310061510308,-4.136450705429731,-7.322310061510308,2022,23.585808580858085,22.53960396039604,271,1.0,1.0,29.0,32.0
2023_11_TB_SF,2023,11,27,14,28.160011649652457,18.05039111538489,-1.160011649652457,-4.05039111538489,2022,23.585808580858085,22.53960396039604,271,1.0,1.0,29.0,32.0
2023_11_TEN_JAX,2023,11,34,14,24.49620127344657,20.150098432834035,9.50379872655343,-6.150098432834035,2022,23.585808580858085,22.53960396039604,271,0.0,1.0,29.0,31.0
2023_12_BAL_LAC,2023,12,10,20,20.850517868488193,24.113634780988985,-10.850517868488193,-4.113634780988985,2022,23.585808580858085,22.53960396039604,271,1.0,1.0,28.0,32.0
2023_12_BUF_PHI,2023,12,37,34,21.86412866489944,22.531832139238638,15.13587133510056,11.468167860761362,2022,23.585808580858085,22.53960396039604,271,1.0,0.0,29.0,32.0
2023_12_CAR_TEN,2023,12,17,10,22.64527520528464,18.833395967873265,-5.645275205284641,-8.833395967873265,2022,23.585808580858085,22.53960396039604,271,1.0,1.0,29.0,31.0
2023_12_CHI_MIN,2023,12,10,12,24.729402706149585,20.007837992638017,-14.729402706149585,-8.007837992638017,2022,23.585808580858085,22.53960396039604,271,1.0,0.0,28.0,31.0
2023_12_CLE_DEN,2023,12,29,12,20.292945863884672,22.868009564728997,8.707054136115328,-10.868009564728997,2022,23.585808580858085,22.53960396039604,271,0.0,1.0,29.0,32.0
2023_12_GB_DET,2023,12,22,29,26.86461030514537,21.07222538877535,-4.864610305145369,7.927774611224649,2022,23.585808580858085,22.53960396039604,271,1.0,1.0,28.0,32.0
2023_12_JAX_HOU,2023,12,21,24,20.890156297535896,23.049596338412552,0.10984370246410435,0.9504036615874476,2022,23.585808580858085,22.53960396039604,271,1.0,1.0,28.0,32.0
2023_12_KC_LV,2023,12,17,31,18.648278746384182,23.96734530787223,-1.6482787463841824,7.032654692127771,2022,23.585808580858085,22.53960396039604,271,1.0,1.0,28.0,31.0
2023_12_LA_ARI,2023,12,14,37,21.382931901836816,21.095525564754755,-7.382931901836816,15.904474435245245,2022,23.585808580858085,22.53960396039604,271,0.0,1.0,29.0,31.0
2023_12_MIA_NYJ,2023,12,13,34,15.502421903547456,24.39819362116345,-2.5024219035474555,9.60180637883655,2022,23.585808580858085,22.53960396039604,271,1.0,1.0,29.0,32.0
2023_12_NE_NYG,2023,12,10,7,20.796034460194612,22.618652275866832,-10.796034460194612,-15.618652275866832,2022,23.585808580858085,22.53960396039604,271,1.0,0.0,29.0,32.0
2023_12_NO_ATL,2023,12,24,15,20.85486474348022,22.55814134160693,3.1451352565197794,-7.55814134160693,2022,23.585808580858085,22.53960396039604,271,1.0,1.0,29.0,32.0
2023_12_PIT_CIN,2023,12,10,16,25.06120169148134,19.096316921198998,-15.06120169148134,-3.096316921198998,2022,23.585808580858085,22.53960396039604,271,1.0,0.0,29.0,32.0
2023_12_SF_SEA,2023,12,13,31,19.40159956984898,27.202863952829425,-6.40159956984898,3.797136047170575,2022,23.585808580858085,22.53960396039604,271,1.0,1.0,29.0,31.0
2023_12_TB_IND,2023,12,27,20,22.61453657517896,22.140961203219284,4.38546342482104,-2.140961203219284,2022,23.585808580858085,22.53960396039604,271,1.0,1.0,28.0,31.0
2023_12_WAS_DAL,2023,12,45,10,27.469860354489917,19.00567565395475,17.530139645510083,-9.00567565395475,2022,23.585808580858085,22.53960396039604,271,0.0,1.0,29.0,31.0
2023_13_ARI_PIT,2023,13,10,24,24.009022583223235,14.562668543669474,-14.009022583223235,9.437331456330526,2022,23.585808580858085,22.53960396039604,271,0.0,1.0,29.0,31.0
2023_13_ATL_NYJ,2023,13,8,13,17.396455435538385,20.25154455805802,-9.396455435538385,-7.2515445580580185,2022,23.585808580858085,22.53960396039604,271,1.0,0.0,29.0,32.0
2023_13_CAR_TB,2023,13,21,18,24.282384643598053,17.27654908998689,-3.2823846435980535,0.7234509100131099,2022,23.585808580858085,22.53960396039604,271,1.0,1.0,29.0,31.0
2023_13_CIN_JAX,2023,13,31,34,23.25999174540223,22.320347224683182,7.740008254597772,11.679652775316818,2022,23.585808580858085,22.53960396039604,271,1.0,0.0,29.0,32.0
2023_13_CLE_LA,2023,13,36,19,20.640879744721108,19.856335800567404,15.359120255278892,-0.856335800567404,2022,23.585808580858085,22.53960396039604,271,0.0,1.0,29.0,31.0
2023_13_DEN_HOU,2023,13,22,17,22.667101312874333,22.910663171541813,-0.6671013128743333,-5.910663171541813,2022,23.585808580858085,22.53960396039604,271,1.0,1.0,28.0,32.0
2023_13_DET_NO,2023,13,28,33,21.928564827633878,24.728116529441742,6.071435172366122,8.271883470558258,2022,23.585808580858085,22.53960396039604,271,1.0,1.0,29.0,32.0
2023_13_IND_TEN,2023,13,28,31,20.261392771072337,20.859790268304135,7.738607228927663,10.140209731695865,2022,23.585808580858085,22.53960396039604,271,1.0,0.0,29.0,32.0
2023_13_KC_GB,2023,13,27,19,20.62083142070726,24.55896628679435,6.379168579292742,-5.558966286794352,2022,23.585808580858085,22.53960396039604,271,1.0,1.0,29.0,32.0
2023_13_LAC_NE,2023,13,0,6,20.40849444451694,20.103504548564864,-20.40849444451694,-14.103504548564864,2022,23.585808580858085,22.53960396039604,271,1.0,0.0,29.0,31.0
2023_13_MIA_WAS,2023,13,15,45,17.846042417514887,24.507025594920247,-2.8460424175148873,20.492974405079753,2022,23.585808580858085,22.53960396039604,271,0.0,0.0,29.0,32.0
2023_13_SEA_DAL,2023,13,41,35,28.01920098213983,19.493129887725306,12.980799017860171,15.506870112274694,2022,23.585808580858085,22.53960396039604,271,1.0,0.0,29.0,32.0
2023_13_SF_PHI,2023,13,19,42,22.544837044301165,25.39444407436326,-3.5448370443011648,16.60555592563674,2022,23.585808580858085,22.53960396039604,271,0.0,1.0,29.0,32.0
2023_14_BUF_KC,2023,14,17,20,20.80499190253614,20.875727085038775,-3.804991902536141,-0.8757270850387755,2022,23.585808580858085,22.53960396039604,271,1.0,1.0,28.0,32.0
2023_14_CAR_NO,2023,14,28,6,25.214075410384034,17.95209389144106,2.7859245896159663,-11.95209389144106,2022,23.585808580858085,22.53960396039604,271,1.0,1.0,29.0,31.0
2023_14_DEN_LAC,2023,14,7,24,22.77737729042328,19.737185416194468,-15.777377290423281,4.2628145838055325,2022,23.585808580858085,22.53960396039604,271,0.0,1.0,29.0,31.0
2023_14_DET_CHI,2023,14,28,13,21.432812135484912,26.15942498137945,6.567187864515088,-13.159424981379448,2022,23.585808580858085,22.53960396039604,271,0.0,1.0,29.0,31.0
2023_14_GB_NYG,2023,14,24,22,20.139348182944104,26.668813433592874,3.8606518170558957,-4.668813433592874,2022,23.585808580858085,22.53960396039604,271,1.0,1.0,29.0,33.0
2023_14_HOU_NYJ,2023,14,30,6,17.693614880976313,22.63797273897905,12.306385119023687,-16.63797273897905,2022,23.585808580858085,22.53960396039604,271,0.0,1.0,29.0,32.0
2023_14_IND_CIN,2023,14,34,14,24.49729921116741,21.02812013630041,9.502700788832591,-7.028120136300409,2022,23.585808580858085,22.53960396039604,271,0.0,1.0,29.0,31.0
2023_14_JAX_CLE,2023,14,31,27,20.905154413933577,20.698676832696474,10.094845586066423,6.301323167303526,2022,23.585808580858085,22.53960396039604,271,1.0,1.0,29.0,32.0
2023_14_LA_BAL,2023,14,37,31,25.57572437358057,18.039321617774768,11.42427562641943,12.960678382225232,2022,23.585808580858085,22.53960396039604,271,1.0,0.0,29.0,31.0
2023_14_MIN_LV,2023,14,0,3,20.233359535964983,22.32810430051993,-20.233359535964983,-19.32810430051993,2022,23.585808580858085,22.53960396039604,271,1.0,0.0,29.0,32.0
2023_14_NE_PIT,2023,14,18,21,21.310244998211495,15.024089307169989,-3.3102449982114948,5.975910692830011,2022,23.585808580858085,22.53960396039604,271,1.0,1.0,29.0,31.0
2023_14_PHI_DAL,2023,14,33,13,28.105033961906383,23.31793160658499,4.894966038093617,-10.317931606584992,2022,23.585808580858085,22.53960396039604,271,0.0,1.0,29.0,32.0
2023_14_SEA_SF,2023,14,28,16,28.977118675302805,18.25710603125139,-0.9771186753028047,-2.2571060312513893,2022,23.585808580858085,22.53960396039604,271,1.0,1.0,30.0,32.0
2023_14_TB_ATL,2023,14,25,29,22.759159173673343,21.087334222780438,2.2408408263266573,7.912665777219562,2022,23.585808580858085,22.53960396039604,271,1.0,1.0,28.0,31.0
2023_14_TEN_MIA,2023,14,27,28,27.77745981616276,16.909408022467858,-0.7774598161627608,11.090591977532142,2022,23.585808580858085,22.53960396039604,271,1.0,1.0,28.0,31.0
2023_15_ATL_CAR,2023,15,9,7,19.85357369165909,23.204956177250534,-10.85357369165909,-16.204956177250534,2022,23.585808580858085,22.53960396039604,271,1.0,0.0,28.0,32.0
2023_15_BAL_JAX,2023,15,7,23,20.730721406763404,25.563680958465973,-13.730721406763404,-2.563680958465973,2022,23.585808580858085,22.53960396039604,271,1.0,0.0,29.0,32.0
2023_15_CHI_CLE,2023,15,20,17,21.423754286009224,18.65187508126849,-1.423754286009224,-1.6518750812684893,2022,23.585808580858085,22.53960396039604,271,1.0,1.0,29.0,32.0
2023_15_DAL_BUF,2023,15,31,10,23.85739636086571,23.67662892756701,7.14260363913429,-13.676628927567009,2022,23.585808580858085,22.53960396039604,271,0.0,1.0,29.0,32.0
2023_15_DEN_DET,2023,15,42,17,24.48225887974614,20.5947761937479,17.51774112025386,-3.594776193747901,2022,23.585808580858085,22.53960396039604,271,0.0,1.0,29.0,32.0
2023_15_HOU_TEN,2023,15,16,19,23.228831869199798,21.465996493083487,-7.228831869199798,-2.4659964930834875,2022,23.585808580858085,22.53960396039604,271,1.0,1.0,29.0,32.0
2023_15_KC_NE,2023,15,17,27,17.843129861918925,23.380708259555874,-0.8431298619189249,3.619291740444126,2022,23.585808580858085,22.53960396039604,271,1.0,1.0,29.0,32.0
2023_15_LAC_LV,2023,15,63,21,20.119845716616233,20.510530612393264,42.88015428338377,0.48946938760673575,2022,23.585808580858085,22.53960396039604,271,0.0,0.0,29.0,32.0
2023_15_MIN_CIN,2023,15,27,24,23.413016381557945,21.75275630162619,3.586983618442055,2.2472436983738113,2022,23.585808580858085,22.53960396039604,271,1.0,1.0,28.0,32.0
2023_15_NYG_NO,2023,15,24,6,25.000627201853145,18.720998717237322,-1.0006272018531455,-12.720998717237322,2022,23.585808580858085,22.53960396039604,271,1.0,1.0,29.0,32.0
2023_15_NYJ_MIA,2023,15,30,0,26.39715620206573,14.813489843053869,3.60284379793427,-14.813489843053869,2022,23.585808580858085,22.53960396039604,271,0.0,1.0,28.0,31.0
2023_15_PHI_SEA,2023,15,20,17,21.838149098864058,23.724018251671755,-1.8381490988640579,-6.724018251671755,2022,23.585808580858085,22.53960396039604,271,1.0,1.0,29.0,32.0
2023_15_PIT_IND,2023,15,30,13,22.20604768187041,19.848573852304785,7.793952318129591,-6.848573852304785,2022,23.585808580858085,22.53960396039604,271,1.0,1.0,29.0,32.0
2023_15_SF_ARI,2023,15,29,45,17.667433065621772,31.832336412457945,11.332566934378228,13.167663587542055,2022,23.585808580858085,22.53960396039604,271,1.0,0.0,29.0,32.0
2023_15_TB_GB,2023,15,20,34,24.876361887370333,20.94415711059437,-4.876361887370333,13.055842889405628,2022,23.585808580858085,22.53960396039604,271,0.0,1.0,28.0,32.0
2023_15_WAS_LA,2023,15,28,20,26.17207147245232,20.46933646667781,1.8279285275476802,-0.4693364666778095,2022,23.585808580858085,22.53960396039604,271,1.0,1.0,29.0,32.0
2023_16_ARI_CHI,2023,16,27,16,23.996293460026035,19.015730588772666,3.0037065399739653,-3.0157305887726658,2022,23.585808580858085,22.53960396039604,271,1.0,1.0,29.0,32.0
2023_16_BAL_SF,2023,16,19,33,25.6511571613955,20.93581461995887,-6.651157161395499,12.064185380041131,2022,23.585808580858085,22.53960396039604,271,0.0,1.0,28.0,32.0
2023_16_BUF_LAC,2023,16,22,24,17.730111221692248,26.256186241109177,4.269888778307752,-2.2561862411091766,2022,23.585808580858085,22.53960396039604,271,1.0,1.0,28.0,32.0
2023_16_CIN_PIT,2023,16,34,11,20.480074371357183,21.373948627590433,13.519925628642817,-10.373948627590433,2022,23.585808580858085,22.53960396039604,271,0.0,1.0,29.0,32.0
2023_16_CLE_HOU,2023,16,22,36,18.954805872913003,21.75365860707384,3.0451941270869973,14.246341392926158,2022,23.585808580858085,22.53960396039604,271,1.0,0.0,29.0,32.0
2023_16_DAL_MIA,2023,16,22,20,23.92274475508983,22.537317507808424,-1.9227447550898304,-2.5373175078084245,2022,23.585808580858085,22.53960396039604,271,1.0,1.0,29.0,32.0
2023_16_DET_MIN,2023,16,24,30,21.060070456564446,23.51781957394486,2.9399295434355537,6.482180426055141,2022,23.585808580858085,22.53960396039604,271,1.0,1.0,29.0,32.0
2023_16_GB_CAR,2023,16,30,33,20.599678192435395,25.288111735419214,9.400321807564605,7.711888264580786,2022,23.585808580858085,22.53960396039604,271,1.0,1.0,29.0,32.0
2023_16_IND_ATL,2023,16,29,10,20.88139553841978,22.16366367553705,8.118604461580219,-12.163663675537052,2022,23.585808580858085,22.53960396039604,271,0.0,1.0,28.0,32.0
2023_16_JAX_TB,2023,16,30,12,22.41730529446813,22.140745877982937,7.582694705531871,-10.140745877982937,2022,23.585808580858085,22.53960396039604,271,0.0,1.0,29.0,31.0
2023_16_LV_KC,2023,16,14,20,23.01587698346784,15.00542913149954,-9.015876983467841,4.99457086850046,2022,23.585808580858085,22.53960396039604,271,1.0,1.0,29.0,31.0
2023_16_NE_DEN,2023,16,23,26,22.20672279919372,18.335472343060285,0.7932772008062798,7.664527656939715,2022,23.585808580858085,22.53960396039604,271,1.0,1.0,29.0,31.0
2023_16_NO_LA,2023,16,30,22,22.25679641518451,22.20506635758052,7.74320358481549,-0.20506635758052028,2022,23.585808580858085,22.53960396039604,271,1.0,1.0,29.0,32.0
2023_16_NYG_PHI,2023,16,33,25,27.45152869150643,15.640960938744788,5.548471308493571,9.359039061255212,2022,23.585808580858085,22.53960396039604,271,1.0,1.0,28.0,32.0
2023_16_SEA_TEN,2023,16,17,20,21.948802535424786,22.883977477343596,-4.948802535424786,-2.8839774773435956,2022,23.585808580858085,22.53960396039604,271,1.0,1.0,28.0,32.0
2023_16_WAS_NYJ,2023,16,30,28,18.17782238780478,19.30600357040185,11.822177612195219,8.693996429598151,2022,23.585808580858085,22.53960396039604,271,1.0,0.0,28.0,32.0
2023_17_ARI_PHI,2023,17,31,35,27.833323231935008,15.881783234991158,3.166676768064992,19.118216765008842,2022,23.585808580858085,22.53960396039604,271,0.0,0.0,28.0,31.0
2023_17_ATL_CHI,2023,17,37,17,21.15271906650591,20.597209203937084,15.84728093349409,-3.5972092039370835,2022,23.585808580858085,22.53960396039604,271,0.0,1.0,29.0,32.0
2023_17_CAR_JAX,2023,17,26,0,24.450351539641893,19.24173687231579,1.5496484603581067,-19.24173687231579,2022,23.585808580858085,22.53960396039604,271,0.0,0.0,29.0,32.0
2023_17_CIN_KC,2023,17,25,17,23.867321836305244,18.777481459413437,1.1326781636947558,-1.777481459413437,2022,23.585808580858085,22.53960396039604,271,1.0,1.0,29.0,31.0
2023_17_DET_DAL,2023,17,20,19,26.63697908912081,24.84619559690377,-6.6369790891208105,-5.846195596903769,2022,23.585808580858085,22.53960396039604,271,1.0,1.0,29.0,32.0
2023_17_GB_MIN,2023,17,10,33,22.559456219582213,22.73971968436078,-12.559456219582213,10.260280315639221,2022,23.585808580858085,22.53960396039604,271,0.0,1.0,29.0,32.0
2023_17_LAC_DEN,2023,17,16,9,23.694158996476396,20.026165768413605,-7.694158996476396,-11.026165768413605,2022,23.585808580858085,22.53960396039604,271,1.0,0.0,28.0,31.0
2023_17_LA_NYG,2023,17,25,26,20.14812570623958,27.765330227419014,4.851874293760421,-1.765330227419014,2022,23.585808580858085,22.53960396039604,271,1.0,1.0,29.0,33.0
2023_17_LV_IND,2023,17,23,20,21.55712093057318,20.075980945309034,1.4428790694268194,-0.0759809453090341,2022,23.585808580858085,22.53960396039604,271,1.0,1.0,29.0,31.0
2023_17_MIA_BAL,2023,17,56,19,23.733624136220023,21.977496393587764,32.26637586377998,-2.9774963935877636,2022,23.585808580858085,22.53960396039604,271,0.0,0.0,28.0,31.0
2023_17_NE_BUF,2023,17,27,21,26.60005293020836,14.28689386852568,0.3999470697916401,6.713106131474319,2022,23.585808580858085,22.53960396039604,271,1.0,1.0,29.0,32.0
2023_17_NO_TB,2023,17,13,23,22.05844761428294,22.252533108297303,-9.05844761428294,0.7474668917026968,2022,23.585808580858085,22.53960396039604,271,1.0,1.0,29.0,32.0
2023_17_NYJ_CLE,2023,17,37,20,21.90424883276739,14.85025410106888,15.09575116723261,5.149745898931119,2022,23.585808580858085,22.53960396039604,271,1.0,0.0,28.0,31.0
2023_17_PIT_SEA,2023,17,23,30,22.05502518036279,19.400303805229726,0.9449748196372099,10.599696194770274,2022,23.585808580858085,22.53960396039604,271,1.0,1.0,29.0,32.0
2023_17_SF_WAS,2023,17,10,27,17.996093420730944,31.083243573421647,-7.9960934207309435,-4.0832435734216475,2022,23.585808580858085,22.53960396039604,271,1.0,1.0,29.0,32.0
2023_17_TEN_HOU,2023,17,26,3,22.38315938857173,22.831476609873388,3.6168406114282696,-19.831476609873388,2022,23.585808580858085,22.53960396039604,271,0.0,0.0,29.0,32.0
2023_18_ATL_NO,2023,18,48,17,22.190766464292405,19.20428331232105,25.809233535707595,-2.2042833123210492,2022,23.585808580858085,22.53960396039604,271,0.0,0.0,29.0,31.0
2023_18_BUF_MIA,2023,18,14,21,21.74192775090552,21.982589284892672,-7.741927750905521,-0.982589284892672,2022,23.585808580858085,22.53960396039604,271,1.0,1.0,28.0,31.0
2023_18_CHI_GB,2023,18,17,9,24.86476427401572,21.17769419715631,-7.8647642740157195,-12.17769419715631,2022,23.585808580858085,22.53960396039604,271,1.0,0.0,28.0,32.0
2023_18_CLE_CIN,2023,18,31,14,21.561508557418723,22.805165955861966,9.438491442581277,-8.805165955861966,2022,23.585808580858085,22.53960396039604,271,0.0,1.0,29.0,32.0
2023_18_DAL_WAS,2023,18,10,38,19.092033303497743,27.77310791720696,-9.092033303497743,10.22689208279304,2022,23.585808580858085,22.53960396039604,271,0.0,1.0,29.0,33.0
2023_18_DEN_LV,2023,18,27,14,22.24483441212636,20.65092835446703,4.755165587873641,-6.65092835446703,2022,23.585808580858085,22.53960396039604,271,1.0,1.0,29.0,32.0
2023_18_HOU_IND,2023,18,19,23,22.966245581372934,21.540911189965637,-3.9662455813729345,1.4590888100343626,2022,23.585808580858085,22.53960396039604,271,1.0,1.0,29.0,32.0
2023_18_JAX_TEN,2023,18,28,20,19.766603967282077,22.9546537352468,8.233396032717923,-2.9546537352468007,2022,23.585808580858085,22.53960396039604,271,1.0,1.0,28.0,32.0
2023_18_KC_LAC,2023,18,12,13,18.972507470948578,24.39701969780051,-6.972507470948578,-11.39701969780051,2022,23.585808580858085,22.53960396039604,271,1.0,0.0,29.0,32.0
2023_18_LA_SF,2023,18,20,21,28.10794893683238,20.879674956486607,-8.10794893683238,0.12032504351339313,2022,23.585808580858085,22.53960396039604,271,1.0,1.0,29.0,33.0
2023_18_MIN_DET,2023,18,30,20,26.022283100619028,20.191766233405033,3.9777168993809724,-0.1917662334050334,2022,23.585808580858085,22.53960396039604,271,1.0,1.0,30.0,32.0
2023_18_NYJ_NE,2023,18,3,17,20.224274415267423,16.921208851349704,-17.224274415267423,0.07879114865029635,2022,23.585808580858085,22.53960396039604,271,0.0,0.0,29.0,31.0
2023_18_PHI_NYG,2023,18,27,10,20.04558402359188,28.17264228904841,6.9544159764081215,-18.17264228904841,2022,23.585808580858085,22.53960396039604,271,0.0,1.0,29.0,32.0
2023_18_PIT_BAL,2023,18,10,17,28.072447864004474,16.762650331257326,-18.072447864004474,0.23734966874267371,2022,23.585808580858085,22.53960396039604,271,0.0,0.0,29.0,32.0
2023_18_SEA_ARI,2023,18,20,21,23.82285961460463,25.133191409182007,-3.8228596146046314,-4.1331914091820074,2022,23.585808580858085,22.53960396039604,271,1.0,1.0,28.0,31.0
2023_18_TB_CAR,2023,18,0,9,20.032984608067427,24.776329696397024,-20.032984608067427,-15.776329696397024,2022,23.585808580858085,22.53960396039604,271,1.0,0.0,29.0,33.0
2024_01_ARI_BUF,2024,1,34,28,28.943089295850164,15.65423465196772,5.056910704149836,12.34576534803228,2023,23.49865229110512,22.152291105121293,543,1.0,1.0,31.80000000000001,34.0
2024_01_BAL_KC,2024,1,27,20,19.273488883910776,22.188338106398362,7.726511116089224,-2.188338106398362,2023,23.49865229110512,22.152291105121293,543,1.0,1.0,32.0,34.0
2024_01_CAR_NO,2024,1,47,10,27.30612793931621,15.464105706572262,19.69387206068379,-5.464105706572262,2023,23.49865229110512,22.152291105121293,543,0.0,1.0,32.60000000000001,33.0
2024_01_DAL_CLE,2024,1,17,33,19.67789834672126,25.882139959254037,-2.6778983467212605,7.117860040745963,2023,23.49865229110512,22.152291105121293,543,1.0,1.0,32.0,34.0
2024_01_DEN_SEA,2024,1,26,20,23.097439876368824,21.371131126907933,2.9025601236311758,-1.3711311269079332,2023,23.49865229110512,22.152291105121293,543,1.0,1.0,32.0,34.0
2024_01_GB_PHI,2024,1,34,29,23.769410191765555,23.912121165431532,10.230589808234445,5.087878834568468,2023,23.49865229110512,22.152291105121293,543,1.0,1.0,32.0,34.0
2024_01_HOU_IND,2024,1,27,29,23.347547966621917,22.09981130173119,3.6524520333780828,6.90018869826881,2023,23.49865229110512,22.152291105121293,543,1.0,1.0,33.0,34.0
2024_01_JAX_MIA,2024,1,20,17,24.368575777354522,18.646023427557168,-4.368575777354522,-1.646023427557168,2023,23.49865229110512,22.152291105121293,543,1.0,1.0,32.8,34.0
2024_01_LA_DET,2024,1,26,20,25.194493383090812,22.353731612651334,0.805506616909188,-2.353731612651334,2023,23.49865229110512,22.152291105121293,543,1.0,1.0,32.0,34.0
2024_01_LV_LAC,2024,1,22,10,20.13238315066114,20.058529342143316,1.8676168493388587,-10.058529342143316,2023,23.49865229110512,22.152291105121293,543,1.0,1.0,33.0,34.0
2024_01_MIN_NYG,2024,1,6,28,22.323008784981504,24.315663828570116,-16.323008784981504,3.6843361714298837,2023,23.49865229110512,22.152291105121293,543,0.0,1.0,32.0,34.0
2024_01_NE_CIN,2024,1,10,16,25.132464574651443,17.246583176933353,-15.132464574651443,-1.2465831769333526,2023,23.49865229110512,22.152291105121293,543,1.0,0.0,32.0,34.0
2024_01_NYJ_SF,2024,1,32,19,28.908284375703296,14.394773041414602,3.091715624296704,4.605226958585398,2023,23.49865229110512,22.152291105121293,543,1.0,1.0,31.60000000000001,34.0
2024_01_PIT_ATL,2024,1,10,18,20.03328532746855,20.11653245454227,-10.033285327468551,-2.11653245454227,2023,23.49865229110512,22.152291105121293,543,1.0,1.0,32.80000000000001,33.80000000000001
2024_01_TEN_CHI,2024,1,24,17,24.793891572036365,20.896015846624838,-0.7938915720363653,-3.896015846624838,2023,23.49865229110512,22.152291105121293,543,1.0,1.0,32.0,34.0
2024_01_WAS_TB,2024,1,37,20,24.27129638069929,18.484701309760005,12.72870361930071,1.5152986902399945,2023,23.49865229110512,22.152291105121293,543,1.0,1.0,32.8,34.0
2024_02_ATL_PHI,2024,2,21,22,23.893719998737502,19.473289175774518,-2.8937199987375024,2.526710824225482,2023,23.49865229110512,22.152291105121293,543,1.0,1.0,33.0,34.0
2024_02_BUF_MIA,2024,2,10,31,21.546287708191112,23.403840931559,-11.546287708191112,7.5961590684410005,2023,23.49865229110512,22.152291105121293,543,0.0,1.0,32.0,34.0
2024_02_CHI_HOU,2024,2,19,13,22.86446222760234,20.441667693096676,-3.8644622276023384,-7.441667693096676,2023,23.49865229110512,22.152291105121293,543,1.0,1.0,32.80000000000001,33.80000000000001
2024_02_CIN_KC,2024,2,26,25,23.569998771526663,19.474705371834258,2.430001228473337,5.525294628165742,2023,23.49865229110512,22.152291105121293,543,1.0,1.0,32.0,34.0
2024_02_CLE_JAX,2024,2,13,18,21.618560049206263,20.719663942317894,-8.618560049206263,-2.7196639423178937,2023,23.49865229110512,22.152291105121293,543,1.0,1.0,32.0,34.0
2024_02_IND_GB,2024,2,16,10,25.98524785608821,19.614306792634878,-9.985247856088211,-9.614306792634878,2023,23.49865229110512,22.152291105121293,543,1.0,0.0,32.80000000000001,34.0
2024_02_LAC_CAR,2024,2,3,26,17.73583373760514,21.422657943387666,-14.735833737605141,4.577342056612334,2023,23.49865229110512,22.152291105121293,543,0.0,1.0,31.0,33.0
2024_02_LA_ARI,2024,2,41,10,22.220061569853673,26.257900455400318,18.779938430146327,-16.257900455400318,2023,23.49865229110512,22.152291105121293,543,0.0,1.0,32.0,34.0
2024_02_LV_BAL,2024,2,23,26,27.105877551552684,15.911922824185744,-4.105877551552684,10.088077175814256,2023,23.49865229110512,22.152291105121293,543,1.0,1.0,32.0,34.0
2024_02_NO_DAL,2024,2,19,44,26.262136034187098,21.359376596089124,-7.2621360341870975,22.640623403910876,2023,23.49865229110512,22.152291105121293,543,0.0,1.0,32.0,34.0
2024_02_NYG_WAS,2024,2,21,18,23.37733405550045,20.73812154936902,-2.3773340555004516,-2.738121549369019,2023,23.49865229110512,22.152291105121293,543,1.0,1.0,33.0,34.80000000000001
2024_02_NYJ_TEN,2024,2,17,24,21.559665803470956,19.181217981994465,-4.559665803470956,4.818782018005535,2023,23.49865229110512,22.152291105121293,543,1.0,1.0,32.80000000000001,34.0
2024_02_PIT_DEN,2024,2,6,13,20.31340318839836,21.393374136130973,-14.313403188398361,-8.393374136130973,2023,23.49865229110512,22.152291105121293,543,1.0,0.0,32.0,34.0
2024_02_SEA_NE,2024,2,20,23,20.519379161857632,21.671981983044585,-0.519379161857632,1.328018016955415,2023,23.49865229110512,22.152291105121293,543,1.0,1.0,32.0,34.80000000000001
2024_02_SF_MIN,2024,2,23,17,19.254606009785526,28.2525719893819,3.745393990214474,-11.252571989381899,2023,23.49865229110512,22.152291105121293,543,1.0,1.0,32.0,34.0
2024_02_TB_DET,2024,2,16,20,26.392503802485695,20.865861012384222,-10.392503802485695,-0.8658610123842223,2023,23.49865229110512,22.152291105121293,543,1.0,1.0,33.0,34.8
2024_03_BAL_DAL,2024,3,25,28,24.37491224164507,23.853957130573985,0.6250877583549297,4.146042869426015,2023,23.49865229110512,22.152291105121293,543,1.0,1.0,33.0,34.8
2024_03_CAR_LV,2024,3,22,36,25.60867299675415,14.463355663045608,-3.6086729967541515,21.536644336954392,2023,23.49865229110512,22.152291105121293,543,0.0,1.0,31.0,33.0
2024_03_CHI_IND,2024,3,21,16,22.975791445238777,20.04321866989778,-1.9757914452387766,-4.0432186698977794,2023,23.49865229110512,22.152291105121293,543,1.0,1.0,32.0,33.0
2024_03_DEN_TB,2024,3,7,26,23.77121436856508,19.98775564832487,-16.77121436856508,6.012244351675129,2023,23.49865229110512,22.152291105121293,543,0.0,1.0,32.0,34.0
2024_03_DET_ARI,2024,3,13,20,22.751840720078413,26.350700917827563,-9.751840720078413,-6.350700917827563,2023,23.49865229110512,22.152291105121293,543,1.0,0.0,32.60000000000001,33.0
2024_03_GB_TEN,2024,3,14,30,21.131533404923616,24.951389527538673,-7.131533404923616,5.048610472461327,2023,23.49865229110512,22.152291105121293,543,1.0,1.0,33.0,34.8
2024_03_HOU_MIN,2024,3,34,7,22.492996622215074,20.36881909801179,11.507003377784926,-13.368819098011791,2023,23.49865229110512,22.152291105121293,543,0.0,1.0,32.0,34.0
2024_03_JAX_BUF,2024,3,47,10,27.430290713602353,17.6355152940524,19.569709286397647,-7.6355152940524,2023,23.49865229110512,22.152291105121293,543,0.0,1.0,32.0,34.60000000000001
2024_03_KC_ATL,2024,3,17,22,19.70724442859107,21.960896806227748,-2.7072444285910713,0.039103193772252354,2023,23.49865229110512,22.152291105121293,543,1.0,1.0,32.0,34.0
2024_03_LAC_PIT,2024,3,20,10,21.202144375259444,17.042725873342427,-1.2021443752594436,-7.042725873342427,2023,23.49865229110512,22.152291105121293,543,1.0,1.0,32.0,34.0
2024_03_MIA_SEA,2024,3,24,3,22.01626568460039,23.394846381377555,1.9837343153996088,-20.394846381377555,2023,23.49865229110512,22.152291105121293,543,0.0,0.0,32.0,34.0
2024_03_NE_NYJ,2024,3,24,3,19.246717561690495,15.754522699729472,4.753282438309505,-12.754522699729472,2023,23.49865229110512,22.152291105121293,543,0.0,1.0,31.799999999999997,33.0
2024_03_NYG_CLE,2024,3,15,21,24.227173040451913,17.636141599031184,-9.227173040451913,3.363858400968816,2023,23.49865229110512,22.152291105121293,543,1.0,1.0,32.8,34.0
2024_03_PHI_NO,2024,3,12,15,27.10827390704068,21.055518972180938,-15.10827390704068,-6.055518972180938,2023,23.49865229110512,22.152291105121293,543,1.0,0.0,33.0,34.0
2024_03_SF_LA,2024,3,27,24,21.107272710562974,28.22740700653962,5.892727289437026,-4.227407006539622,2023,23.49865229110512,22.152291105121293,543,1.0,1.0,32.0,34.0
2024_03_WAS_CIN,2024,3,33,38,27.26176930918177,19.428137490160076,5.738230690818231,18.571862509839924,2023,23.49865229110512,22.152291105121293,543,1.0,0.0,32.0,34.0
2024_04_BUF_BAL,2024,4,35,10,23.495732294646608,22.262635204460604,11.504267705353392,-12.262635204460604,2023,23.49865229110512,22.152291105121293,543,0.0,1.0,32.0,34.0
2024_04_CIN_CAR,2024,4,24,34,19.069302828729672,25.655972216685868,4.930697171270328,8.344027783314132,2023,23.49865229110512,22.152291105121293,543,1.0,1.0,32.8,34.0
2024_04_CLE_LV,2024,4,20,16,22.050747526072527,20.97900040526369,-2.050747526072527,-4.97900040526369,2023,23.49865229110512,22.152291105121293,543,1.0,1.0,32.80000000000001,33.0
2024_04_DAL_NYG,2024,4,15,20,19.919679495882484,25.393238608816706,-4.919679495882484,-5.393238608816706,2023,23.49865229110512,22.152291105121293,543,1.0,1.0,32.0,34.0
2024_04_DEN_NYJ,2024,4,9,10,19.66618703757922,16.96538687792402,-10.66618703757922,-6.9653868779240184,2023,23.49865229110512,22.152291105121293,543,1.0,0.0,31.80000000000001,33.8
2024_04_JAX_HOU,2024,4,24,20,22.181764404883683,20.46982400722203,1.8182355951163167,-0.4698240072220301,2023,23.49865229110512,22.152291105121293,543,1.0,1.0,32.8,34.0
2024_04_KC_LAC,2024,4,10,17,19.5971416909064,22.1475419432781,-9.597141690906401,-5.1475419432780996,2023,23.49865229110512,22.152291105121293,543,1.0,1.0,32.0,34.0
2024_04_LA_CHI,2024,4,24,18,22.583037982844328,23.34872502704538,1.4169620171556723,-5.348725027045379,2023,23.49865229110512,22.152291105121293,543,1.0,1.0,32.0,34.0
2024_04_MIN_GB,2024,4,29,31,23.979957486932243,22.09590825715442,5.020042513067757,8.90409174284558,2023,23.49865229110512,22.152291105121293,543,1.0,1.0,32.0,33.0
2024_04_NE_SF,2024,4,30,13,29.020878922976024,14.830500020635704,0.9791210770239758,-1.8305000206357036,2023,23.49865229110512,22.152291105121293,543,1.0,1.0,31.80000000000001,33.0
2024_04_NO_ATL,2024,4,26,24,19.38894854387729,23.182622534263622,6.611051456122709,0.8173774657363779,2023,23.49865229110512,22.152291105121293,543,1.0,1.0,32.80000000000001,34.0
2024_04_PHI_TB,2024,4,33,16,22.163390203772412,24.509545930016795,10.836609796227588,-8.509545930016795,2023,23.49865229110512,22.152291105121293,543,0.0,1.0,32.8,34.0
2024_04_PIT_IND,2024,4,27,24,21.089193382072473,20.60577165421754,5.910806617927527,3.3942283457824587,2023,23.49865229110512,22.152291105121293,543,1.0,1.0,32.0,34.0
2024_04_SEA_DET,2024,4,42,29,25.363314422825482,20.498514807876074,16.636685577174518,8.501485192123926,2023,23.49865229110512,22.152291105121293,543,1.0,0.0,32.8,34.0
2024_04_TEN_MIA,2024,4,12,31,24.374927611040626,18.296031197028142,-12.374927611040626,12.703968802971858,2023,23.49865229110512,22.152291105121293,543,0.0,1.0,32.0,34.0
2024_04_WAS_ARI,2024,4,14,42,26.21579733988071,22.808994229701256,-12.215797339880709,19.191005770298744,2023,23.49865229110512,22.152291105121293,543,0.0,1.0,33.0,34.80000000000001
2024_05_ARI_SF,2024,5,23,24,29.71779370848927,18.012269479807582,-6.717793708489271,5.987730520192418,2023,23.49865229110512,22.152291105121293,543,1.0,1.0,32.0,33.0
2024_05_BAL_CIN,2024,5,38,41,22.349576708436995,27.01272871039873,15.650423291563005,13.98727128960127,2023,23.49865229110512,22.152291105121293,543,1.0,0.0,33.0,34.0
2024_05_BUF_HOU,2024,5,23,20,19.28681663597437,25.67996840676168,3.7131833640256318,-5.679968406761681,2023,23.49865229110512,22.152291105121293,543,1.0,1.0,32.0,34.0
2024_05_CAR_CHI,2024,5,36,10,24.933106863855425,17.2520926491652,11.066893136144575,-7.252092649165199,2023,23.49865229110512,22.152291105121293,543,0.0,1.0,32.0,34.0
2024_05_CLE_WAS,2024,5,34,13,23.830373541942823,21.41097259694031,10.169626458057177,-8.410972596940312,2023,23.49865229110512,22.152291105121293,543,0.0,1.0,32.0,33.0
2024_05_DAL_PIT,2024,5,17,20,21.108398065936214,21.284057441441405,-4.108398065936214,-1.284057441441405,2023,23.49865229110512,22.152291105121293,543,1.0,1.0,32.0,34.0
2024_05_GB_LA,2024,5,19,24,23.169351443034785,23.965577287877444,-4.169351443034785,0.034422712122555765,2023,23.49865229110512,22.152291105121293,543,1.0,1.0,33.0,34.0
2024_05_IND_JAX,2024,5,37,34,21.83359393421641,21.542112514270634,15.16640606578359,12.457887485729366,2023,23.49865229110512,22.152291105121293,543,1.0,0.0,32.0,33.80000000000001
2024_05_LV_DEN,2024,5,34,18,21.077964751592802,18.097056023490417,12.922035248407198,-0.09705602349041698,2023,23.49865229110512,22.152291105121293,543,1.0,1.0,32.80000000000001,34.0
2024_05_MIA_NE,2024,5,10,15,19.010392961218717,21.37743346712968,-9.010392961218717,-6.377433467129681,2023,23.49865229110512,22.152291105121293,543,1.0,1.0,32.0,34.0
2024_05_NO_KC,2024,5,26,13,21.793260229090333,19.840528710234622,4.206739770909667,-6.840528710234622,2023,23.49865229110512,22.152291105121293,543,1.0,1.0,32.0,34.0
2024_05_NYG_SEA,2024,5,20,29,25.2626682883988,17.63274915937354,-5.2626682883988,11.367250840626461,2023,23.49865229110512,22.152291105121293,543,0.0,1.0,32.8,34.0
2024_05_NYJ_MIN,2024,5,23,17,23.28029287076765,17.599208017024022,-0.2802928707676493,-0.5992080170240222,2023,23.49865229110512,22.152291105121293,543,1.0,1.0,32.8,34.0
2024_05_TB_ATL,2024,5,36,30,22.463817427978256,21.462477818582364,13.536182572021744,8.537522181417636,2023,23.49865229110512,22.152291105121293,543,1.0,0.0,32.0,34.0
2024_06_ARI_GB,2024,6,34,13,26.593531679703556,20.48360483327958,7.406468320296444,-7.483604833279578,2023,23.49865229110512,22.152291105121293,543,1.0,1.0,32.0,34.0
2024_06_ATL_CAR,2024,6,20,38,18.471438516472112,23.979893961817655,1.5285614835278878,14.020106038182345,2023,23.49865229110512,22.152291105121293,543,1.0,1.0,32.0,34.0
2024_06_BUF_NYJ,2024,6,20,23,17.858825719935226,21.9845256115893,2.1411742800647744,1.0154743884106985,2023,23.49865229110512,22.152291105121293,543,1.0,1.0,32.0,33.0
2024_06_CIN_NYG,2024,6,7,17,21.99837451326961,23.917070380037394,-14.99837451326961,-6.917070380037394,2023,23.49865229110512,22.152291105121293,543,1.0,0.0,32.0,34.0
2024_06_CLE_PHI,2024,6,20,16,24.96641752724102,18.47550000006658,-4.9664175272410205,-2.4755000000665817,2023,23.49865229110512,22.152291105121293,543,1.0,1.0,33.0,34.0
2024_06_DET_DAL,2024,6,9,47,25.04025618313036,24.51094106483625,-16.04025618313036,22.48905893516375,2023,23.49865229110512,22.152291105121293,543,0.0,1.0,33.0,34.0
2024_06_HOU_NE,2024,6,21,41,19.425688517046378,21.40707767456189,1.5743114829536218,19.59292232543811,2023,23.49865229110512,22.152291105121293,543,0.0,0.0,32.0,34.0
2024_06_IND_TEN,2024,6,17,20,22.337349165261898,23.00439427993811,-5.337349165261898,-3.0043942799381114,2023,23.49865229110512,22.152291105121293,543,1.0,1.0,33.0,34.0
2024_06_JAX_CHI,2024,6,35,16,24.181359757447794,21.418952135104185,10.818640242552206,-5.418952135104185,2023,23.49865229110512,22.152291105121293,543,1.0,1.0,32.0,34.0
2024_06_LAC_DEN,2024,6,16,23,22.452007838187207,17.44084522046371,-6.452007838187207,5.559154779536289,2023,23.49865229110512,22.152291105121293,543,1.0,1.0,32.0,33.8
2024_06_PIT_LV,2024,6,13,32,21.116693514893907,21.413085633819993,-8.116693514893907,10.586914366180007,2023,23.49865229110512,22.152291105121293,543,0.0,1.0,32.0,34.0
2024_06_SF_SEA,2024,6,24,36,21.459487061868014,26.75643072685081,2.540512938131986,9.243569273149191,2023,23.49865229110512,22.152291105121293,543,1.0,1.0,32.0,35.0
2024_06_TB_NO,2024,6,27,51,25.576392279634007,20.70831069277033,1.4236077203659931,30.29168930722967,2023,23.49865229110512,22.152291105121293,543,0.0,0.0,32.0,34.8
2024_06_WAS_BAL,2024,6,30,23,28.804059692568202,18.165748631758234,1.1959403074317976,4.834251368241766,2023,23.49865229110512,22.152291105121293,543,1.0,1.0,32.0,33.0
2024_07_BAL_TB,2024,7,31,41,22.617091183855216,26.179631732395336,8.382908816144784,14.820368267604664,2023,23.49865229110512,22.152291105121293,543,1.0,0.0,32.80000000000001,34.0
2024_07_CAR_WAS,2024,7,40,7,27.37712757272385,17.78529326854631,12.62287242727615,-10.785293268546312,2023,23.49865229110512,22.152291105121293,543,0.0,1.0,33.0,34.0
2024_07_CIN_CLE,2024,7,14,21,20.614624221297227,24.389046720979806,-6.614624221297227,-3.389046720979806,2023,23.49865229110512,22.152291105121293,543,1.0,1.0,32.0,34.0
2024_07_DEN_NO,2024,7,10,33,23.98432327375842,21.435042724867888,-13.98432327375842,11.564957275132112,2023,23.49865229110512,22.152291105121293,543,0.0,1.0,32.8,34.0
2024_07_DET_MIN,2024,7,29,31,21.88851387361029,25.89319742264095,7.1114861263897104,5.106802577359051,2023,23.49865229110512,22.152291105121293,543,1.0,1.0,32.80000000000001,34.0
2024_07_HOU_GB,2024,7,24,22,26.133236489969686,21.563055491287987,-2.1332364899696863,0.4369445087120134,2023,23.49865229110512,22.152291105121293,543,1.0,1.0,32.8,34.0
2024_07_KC_SF,2024,7,18,28,24.788790740644043,22.33369867833962,-6.788790740644043,5.666301321660381,2023,23.49865229110512,22.152291105121293,543,1.0,1.0,32.60000000000001,33.0
2024_07_LAC_ARI,2024,7,17,15,23.157346949944824,21.014634478556253,-6.157346949944824,-6.014634478556253,2023,23.49865229110512,22.152291105121293,543,1.0,1.0,33.0,34.0
2024_07_LV_LA,2024,7,20,15,23.672274167242158,19.002863823797586,-3.6722741672421577,-4.002863823797586,2023,23.49865229110512,22.152291105121293,543,1.0,1.0,32.0,34.0
2024_07_MIA_IND,2024,7,16,10,23.339964213162588,21.408057497121405,-7.339964213162588,-11.408057497121405,2023,23.49865229110512,22.152291105121293,543,1.0,0.0,32.0,34.0
2024_07_NE_JAX,2024,7,32,16,23.197461444220462,17.806623245492332,8.802538555779538,-1.8066232454923323,2023,23.49865229110512,22.152291105121293,543,1.0,1.0,33.0,33.80000000000001
2024_07_NYJ_PIT,2024,7,37,15,23.11068146747347,16.942989924258324,13.88931853252653,-1.942989924258324,2023,23.49865229110512,22.152291105121293,543,1.0,1.0,32.0,34.0
2024_07_PHI_NYG,2024,7,3,28,20.5875520453501,23.1256395127056,-17.5875520453501,4.8743604872944,2023,23.49865229110512,22.152291105121293,543,0.0,1.0,32.0,34.0
2024_07_SEA_ATL,2024,7,14,34,25.025473884323418,23.18403840749776,-11.025473884323418,10.81596159250224,2023,23.49865229110512,22.152291105121293,543,0.0,1.0,32.0,34.0
2024_07_TEN_BUF,2024,7,34,10,27.50514179038575,16.93346978207516,6.49485820961425,-6.933469782075161,2023,23.49865229110512,22.152291105121293,543,1.0,1.0,31.80000000000001,34.0
2024_08_ARI_MIA,2024,8,27,28,22.147807867407632,19.408571867313093,4.852192132592368,8.591428132686907,2023,23.49865229110512,22.152291105121293,543,1.0,1.0,32.0,34.0
2024_08_ATL_TB,2024,8,26,31,24.863853731335787,21.494905511480688,1.1361462686642128,9.505094488519312,2023,23.49865229110512,22.152291105121293,543,1.0,1.0,32.80000000000001,34.0
2024_08_BAL_CLE,2024,8,29,24,17.146132345687967,27.636758306454727,11.853867654312033,-3.636758306454727,2023,23.49865229110512,22.152291105121293,543,1.0,1.0,32.0,34.0
2024_08_BUF_SEA,2024,8,10,31,22.219789637464956,26.418613456165506,-12.219789637464956,4.581386543834494,2023,23.49865229110512,22.152291105121293,543,0.0,1.0,32.0,34.0
2024_08_CAR_DEN,2024,8,28,14,26.119805568247067,14.068197791351091,1.8801944317529333,-0.06819779135109094,2023,23.49865229110512,22.152291105121293,543,1.0,1.0,31.0,33.8
2024_08_CHI_WAS,2024,8,18,15,25.649764989266075,22.6017653411087,-7.649764989266075,-7.601765341108699,2023,23.49865229110512,22.152291105121293,543,1.0,1.0,32.0,34.80000000000001
2024_08_DAL_SF,2024,8,30,24,26.285438824338627,21.318148003989133,3.7145611756613732,2.6818519960108667,2023,23.49865229110512,22.152291105121293,543,1.0,1.0,32.0,34.0
2024_08_GB_JAX,2024,8,27,30,21.24896366079692,23.847299021794967,5.751036339203079,6.152700978205033,2023,23.49865229110512,22.152291105121293,543,1.0,1.0,33.0,34.60000000000001
2024_08_IND_HOU,2024,8,23,20,23.12388537589388,20.793672704950154,-0.12388537589388093,-0.7936727049501542,2023,23.49865229110512,22.152291105121293,543,1.0,1.0,33.0,34.0
2024_08_KC_LV,2024,8,20,27,18.094560688280623,24.48642040251249,1.9054393117193769,2.51357959748751,2023,23.49865229110512,22.152291105121293,543,1.0,1.0,32.0,34.0
2024_08_MIN_LA,2024,8,30,20,22.596233296601376,23.53013569874802,7.403766703398624,-3.530135698748019,2023,23.49865229110512,22.152291105121293,543,1.0,1.0,32.0,34.80000000000001
2024_08_NO_LAC,2024,8,26,8,21.278105533510857,20.88348133778729,4.721894466489143,-12.883481337787291,2023,23.49865229110512,22.152291105121293,543,1.0,1.0,33.0,34.0
2024_08_NYG_PIT,2024,8,26,18,26.22273901521359,15.962386938900178,-0.22273901521359107,2.0376130610998224,2023,23.49865229110512,22.152291105121293,543,1.0,1.0,32.0,34.0
2024_08_NYJ_NE,2024,8,25,22,18.81304351869671,21.3048611133383,6.186956481303291,0.6951388866616988,2023,23.49865229110512,22.152291105121293,543,1.0,1.0,31.80000000000001,33.0
2024_08_PHI_CIN,2024,8,17,37,25.221151410964687,25.347034657895506,-8.221151410964687,11.652965342104494,2023,23.49865229110512,22.152291105121293,543,0.0,1.0,32.0,34.0
2024_08_TEN_DET,2024,8,52,14,28.90781938287653,17.53564614996556,23.09218061712347,-3.5356461499655616,2023,23.49865229110512,22.152291105121293,543,0.0,0.0,32.80000000000001,34.0
2024_09_CHI_ARI,2024,9,29,9,23.45061107184792,22.300509098637853,5.54938892815208,-13.300509098637853,2023,23.49865229110512,22.152291105121293,543,0.0,1.0,32.0,34.0
2024_09_DAL_ATL,2024,9,27,21,24.19166851777122,23.51916020130125,2.8083314822287804,-2.5191602013012506,2023,23.49865229110512,22.152291105121293,543,1.0,1.0,32.8,34.0
2024_09_DEN_BAL,2024,9,41,10,26.63637860768315,19.61156037183588,14.363621392316851,-9.611560371835878,2023,23.49865229110512,22.152291105121293,543,0.0,1.0,32.0,34.60000000000001
2024_09_DET_GB,2024,9,14,24,23.755659042136635,27.10827379280408,-9.755659042136635,-3.1082737928040807,2023,23.49865229110512,22.152291105121293,543,1.0,1.0,32.0,34.0
2024_09_HOU_NYJ,2024,9,21,13,20.412481309651085,19.600127122475712,0.5875186903489151,-6.600127122475712,2023,23.49865229110512,22.152291105121293,543,1.0,1.0,32.0,34.0
2024_09_IND_MIN,2024,9,21,13,24.585135598580777,20.464945232096497,-3.585135598580777,-7.464945232096497,2023,23.49865229110512,22.152291105121293,543,1.0,1.0,32.0,34.0
2024_09_JAX_PHI,2024,9,28,23,25.970116926050697,20.597918174667253,2.0298830739493035,2.402081825332747,2023,23.49865229110512,22.152291105121293,543,1.0,1.0,32.80000000000001,34.0
2024_09_LAC_CLE,2024,9,10,27,21.101223318774625,19.607009738371172,-11.101223318774625,7.392990261628828,2023,23.49865229110512,22.152291105121293,543,0.0,1.0,32.0,34.0
2024_09_LA_SEA,2024,9,20,26,22.82188044628166,23.222671837180837,-2.8218804462816607,2.7773281628191633,2023,23.49865229110512,22.152291105121293,543,1.0,1.0,31.80000000000001,33.8
2024_09_LV_CIN,2024,9,41,24,24.73977504622187,20.77788926270591,16.26022495377813,3.2221107372940914,2023,23.49865229110512,22.152291105121293,543,1.0,0.0,32.0,34.0
2024_09_MIA_BUF,2024,9,30,27,28.066997375722526,17.283963881925892,1.9330026242774743,9.716036118074108,2023,23.49865229110512,22.152291105121293,543,1.0,1.0,32.0,34.0
2024_09_NE_TEN,2024,9,20,17,22.324397741042088,17.665658162365503,-2.3243977410420875,-0.6656581623655029,2023,23.49865229110512,22.152291105121293,543,1.0,1.0,32.8,33.0
2024_09_NO_CAR,2024,9,23,22,18.58815257733314,23.978993823757786,4.41184742266686,-1.9789938237577864,2023,23.49865229110512,22.152291105121293,543,1.0,1.0,32.0,34.0
2024_09_TB_KC,2024,9,30,24,24.986930146174412,19.889169874646576,5.013069853825588,4.110830125353424,2023,23.49865229110512,22.152291105121293,543,1.0,1.0,32.80000000000001,33.8
2024_09_WAS_NYG,2024,9,22,27,19.484476218559752,23.323855804100518,2.5155237814402476,3.6761441958994823,2023,23.49865229110512,22.152291105121293,543,1.0,1.0,32.0,34.0
2024_10_ATL_NO,2024,10,20,17,22.45364717435693,24.224906854010765,-2.453647174356931,-7.224906854010765,2023,23.49865229110512,22.152291105121293,543,1.0,1.0,32.0,34.0
2024_10_BUF_IND,2024,10,20,30,20.453318709187506,27.39502914648022,-0.4533187091875064,2.604970853519781,2023,23.49865229110512,22.152291105121293,543,1.0,1.0,32.0,34.0
2024_10_CIN_BAL,2024,10,35,34,29.212711287893583,20.124909966027232,5.787288712106417,13.875090033972768,2023,23.49865229110512,22.152291105121293,543,1.0,0.0,33.0,34.0
2024_10_DEN_KC,2024,10,16,14,25.009307454193593,17.336103308283285,-9.009307454193593,-3.3361033082832847,2023,23.49865229110512,22.152291105121293,543,1.0,1.0,32.0,34.0
2024_10_DET_HOU,2024,10,23,26,20.0179763113668,25.81308318298775,2.9820236886331983,0.18691681701224994,2023,23.49865229110512,22.152291105121293,543,1.0,1.0,33.0,34.0
2024_10_MIA_LA,2024,10,15,23,23.783504819243557,19.850393064410675,-8.783504819243557,3.1496069355893255,2023,23.49865229110512,22.152291105121293,543,1.0,1.0,32.0,34.0
2024_10_MIN_JAX,2024,10,7,12,21.593959808209775,25.023956489051326,-14.593959808209775,-13.023956489051326,2023,23.49865229110512,22.152291105121293,543,1.0,0.0,32.0,34.0
2024_10_NE_CHI,2024,10,3,19,24.093631609602,18.044291203849717,-21.093631609602,0.955708796150283,2023,23.49865229110512,22.152291105121293,543,0.0,0.0,33.0,34.0
2024_10_NYG_CAR,2024,10,20,17,20.66833260626554,21.45355609713996,-0.6683326062655404,-4.453556097139959,2023,23.49865229110512,22.152291105121293,543,1.0,1.0,32.0,34.0
2024_10_NYJ_ARI,2024,10,31,6,23.64566470520613,20.57404172889607,7.35433529479387,-14.57404172889607,2023,23.49865229110512,22.152291105121293,543,0.0,1.0,32.0,34.80000000000001
2024_10_PHI_DAL,2024,10,6,34,23.346390128824485,24.277714542195472,-17.346390128824485,9.722285457804528,2023,23.49865229110512,22.152291105121293,543,0.0,1.0,32.0,34.0
2024_10_PIT_WAS,2024,10,27,28,25.398078478495023,21.970942217896315,1.601921521504977,6.029057782103685,2023,23.49865229110512,22.152291105121293,543,1.0,1.0,33.0,34.0
2024_10_SF_TB,2024,10,20,23,23.26567835363516,26.203983586983398,-3.2656783536351597,-3.203983586983398,2023,23.49865229110512,22.152291105121293,543,1.0,1.0,32.0,34.0
2024_10_TEN_LAC,2024,10,27,17,22.84599448802093,19.91872745784325,4.154005511979069,-2.91872745784325,2023,23.49865229110512,22.152291105121293,543,1.0,1.0,32.0,34.0
2024_11_ATL_DEN,2024,11,38,6,21.390854512426532,21.849020690970463,16.609145487573468,-15.849020690970463,2023,23.49865229110512,22.152291105121293,543,0.0,1.0,33.0,34.8
2024_11_BAL_PIT,2024,11,18,16,22.288948547045017,27.395841387988735,-4.288948547045017,-11.395841387988735,2023,23.49865229110512,22.152291105121293,543,1.0,1.0,32.0,34.0
2024_11_CIN_LAC,2024,11,34,27,22.72218080890242,22.647354251680778,11.277819191097581,4.3526457483192225,2023,23.49865229110512,22.152291105121293,543,1.0,1.0,32.0,33.80000000000001
2024_11_CLE_NO,2024,11,35,14,23.632541545422537,20.578452621642843,11.367458454577463,-6.5784526216428425,2023,23.49865229110512,22.152291105121293,543,0.0,1.0,32.0,34.80000000000001
2024_11_GB_CHI,2024,11,19,20,20.316263243162727,24.886393467464067,-1.3162632431627266,-4.886393467464067,2023,23.49865229110512,22.152291105121293,543,1.0,1.0,32.8,34.0
2024_11_HOU_DAL,2024,11,10,34,23.137347173645555,20.478871845470582,-13.137347173645555,13.521128154529418,2023,23.49865229110512,22.152291105121293,543,0.0,1.0,32.8,34.0
2024_11_IND_NYJ,2024,11,27,28,20.40282971298184,18.354419044701583,6.597170287018159,9.645580955298417,2023,23.49865229110512,22.152291105121293,543,1.0,1.0,32.0,34.0
2024_11_JAX_DET,2024,11,52,6,29.2137753718936,19.584124874289706,22.7862246281064,-13.584124874289706,2023,23.49865229110512,22.152291105121293,543,0.0,1.0,32.8,34.0
2024_11_KC_BUF,2024,11,30,21,26.107738602275976,21.796330807548593,3.892261397724024,-0.7963308075485926,2023,23.49865229110512,22.152291105121293,543,1.0,1.0,33.0,34.0
2024_11_LA_NE,2024,11,22,28,19.264528505517315,22.18611608690702,2.7354714944826846,5.81388391309298,2023,23.49865229110512,22.152291105121293,543,1.0,1.0,32.0,34.0
2024_11_LV_MIA,2024,11,34,19,23.323717554390637,17.968769050530785,10.676282445609363,1.0312309494692151,2023,23.49865229110512,22.152291105121293,543,1.0,1.0,33.0,34.0
2024_11_MIN_TEN,2024,11,13,23,19.63132773251913,25.012505679386972,-6.631327732519129,-2.0125056793869724,2023,23.49865229110512,22.152291105121293,543,1.0,1.0,32.0,34.0
2024_11_SEA_SF,2024,11,17,20,27.98240723430222,20.324968540057014,-10.982407234302219,-0.32496854005701437,2023,23.49865229110512,22.152291105121293,543,1.0,1.0,32.0,34.0
2024_11_WAS_PHI,2024,11,26,18,25.743293675855163,22.220322825361063,0.25670632414483663,-4.2203228253610625,2023,23.49865229110512,22.152291105121293,543,1.0,1.0,31.80000000000001,34.0
2024_12_ARI_SEA,2024,12,16,6,22.532297333758166,23.242050386619702,-6.532297333758166,-17.242050386619702,2023,23.49865229110512,22.152291105121293,543,1.0,0.0,32.0,34.0
2024_12_BAL_LAC,2024,12,23,30,20.16685525843829,27.70856159202644,2.8331447415617106,2.2914384079735584,2023,23.49865229110512,22.152291105121293,543,1.0,1.0,32.8,34.0
2024_12_DAL_WAS,2024,12,26,34,25.679005103593738,20.32039982153032,0.3209948964062619,13.67960017846968,2023,23.49865229110512,22.152291105121293,543,1.0,1.0,32.0,33.8
2024_12_DEN_LV,2024,12,19,29,20.505925981535498,24.549740933386094,-1.5059259815354977,4.450259066613906,2023,23.49865229110512,22.152291105121293,543,1.0,1.0,32.0,34.80000000000001
2024_12_DET_IND,2024,12,6,24,19.126069973156383,29.54983064220889,-13.126069973156383,-5.549830642208889,2023,23.49865229110512,22.152291105121293,543,1.0,0.0,32.0,34.0
2024_12_KC_CAR,2024,12,27,30,17.36331616704171,27.227094183929463,9.63668383295829,2.772905816070537,2023,23.49865229110512,22.152291105121293,543,1.0,1.0,32.0,34.0
2024_12_MIN_CHI,2024,12,27,30,20.18012348104561,24.849006439175554,6.819876518954391,5.150993560824446,2023,23.49865229110512,22.152291105121293,543,1.0,1.0,32.8,34.80000000000001
2024_12_NE_MIA,2024,12,34,15,24.681530516026402,17.810551049541253,9.318469483973598,-2.810551049541253,2023,23.49865229110512,22.152291105121293,543,1.0,1.0,32.0,34.0
2024_12_PHI_LA,2024,12,20,37,22.52029796960444,23.916341476069032,-2.5202979696044387,13.083658523930968,2023,23.49865229110512,22.152291105121293,543,0.0,1.0,32.0,34.0
2024_12_PIT_CLE,2024,12,24,19,18.85124813354159,21.34500261461683,5.1487518664584115,-2.3450026146168312,2023,23.49865229110512,22.152291105121293,543,1.0,1.0,32.0,33.80000000000001
2024_12_SF_GB,2024,12,38,10,23.867983175976203,25.805781934634755,14.132016824023797,-15.805781934634755,2023,23.49865229110512,22.152291105121293,543,0.0,1.0,32.80000000000001,34.0
2024_12_TB_NYG,2024,12,7,30,20.235548989894994,22.82690895648898,-13.235548989894994,7.173091043511018,2023,23.49865229110512,22.152291105121293,543,0.0,1.0,32.8,34.80000000000001
2024_12_TEN_HOU,2024,12,27,32,24.756991514743888,19.173881302564773,2.2430084852561123,12.826118697435227,2023,23.49865229110512,22.152291105121293,543,1.0,1.0,32.0,33.0
2024_13_ARI_MIN,2024,13,23,22,23.419316252774998,20.01415538540673,-0.4193162527749976,1.9858446145932689,2023,23.49865229110512,22.152291105121293,543,1.0,1.0,33.0,34.0
2024_13_CHI_DET,2024,13,23,20,31.49321780844986,18.048764440752596,-8.49321780844986,1.9512355592474044,2023,23.49865229110512,22.152291105121293,543,1.0,1.0,32.0,34.0
2024_13_CLE_DEN,2024,13,41,32,24.312500219555933,17.788277427813618,16.687499780444067,14.211722572186382,2023,23.49865229110512,22.152291105121293,543,1.0,0.0,33.0,34.0
2024_13_HOU_JAX,2024,13,20,23,20.943095055229794,23.38946013648573,-0.9430950552297936,-0.38946013648573086,2023,23.49865229110512,22.152291105121293,543,1.0,1.0,32.0,34.0
2024_13_IND_NE,2024,13,24,25,21.22101667602734,20.654287649956025,2.7789833239726605,4.345712350043975,2023,23.49865229110512,22.152291105121293,543,1.0,1.0,32.0,34.0
2024_13_LAC_ATL,2024,13,13,17,24.486081176249364,22.404039517564932,-11.486081176249364,-5.404039517564932,2023,23.49865229110512,22.152291105121293,543,1.0,0.0,32.0,34.0
2024_13_LA_NO,2024,13,14,21,23.24733050924538,23.918286242461562,-9.24733050924538,-2.918286242461562,2023,23.49865229110512,22.152291105121293,543,1.0,1.0,33.0,34.0
2024_13_LV_KC,2024,13,19,17,26.331707865806848,16.164565134340304,-7.331707865806848,0.8354348656596962,2023,23.49865229110512,22.152291105121293,543,1.0,1.0,32.0,33.8
2024_13_MIA_GB,2024,13,30,17,25.54535762807959,20.537211955796625,4.454642371920411,-3.537211955796625,2023,23.49865229110512,22.152291105121293,543,1.0,1.0,32.0,34.80000000000001
2024_13_NYG_DAL,2024,13,27,20,24.33983409766775,17.6013694300895,2.660165902332249,2.3986305699105017,2023,23.49865229110512,22.152291105121293,543,1.0,1.0,32.8,34.0
2024_13_PHI_BAL,2024,13,19,24,26.689603010621685,22.212718321064038,-7.689603010621685,1.7872816789359618,2023,23.49865229110512,22.152291105121293,543,1.0,1.0,31.0,34.0
2024_13_PIT_CIN,2024,13,38,44,25.74397218613337,23.069991119834288,12.25602781386663,20.930008880165712,2023,23.49865229110512,22.152291105121293,543,1.0,0.0,32.0,34.0
2024_13_SEA_NYJ,2024,13,21,26,20.88182237836181,21.014952702965367,0.11817762163818912,4.985047297034633,2023,23.49865229110512,22.152291105121293,543,1.0,1.0,32.0,33.0
2024_13_SF_BUF,2024,13,35,10,27.144763509664273,23.3790037735679,7.855236490335727,-13.379003773567899,2023,23.49865229110512,22.152291105121293,543,0.0,1.0,32.0,34.0
2024_13_TB_CAR,2024,13,23,26,19.46005971354226,26.492741719456944,3.539940286457739,-0.49274171945694434,2023,23.49865229110512,22.152291105121293,543,1.0,1.0,32.0,34.80000000000001
2024_13_TEN_WAS,2024,13,42,19,26.803354463216305,20.95354347910134,15.196645536783695,-1.9535434791013415,2023,23.49865229110512,22.152291105121293,543,1.0,1.0,32.0,34.0
2024_14_ATL_MIN,2024,14,42,21,23.52351583981516,20.544854653329587,18.47648416018484,0.4551453466704132,2023,23.49865229110512,22.152291105121293,543,0.0,0.0,32.0,34.80000000000001
2024_14_BUF_LA,2024,14,44,42,21.588981096997877,25.385493308386163,22.411018903002123,16.614506691613837,2023,23.49865229110512,22.152291105121293,543,1.0,0.0,32.0,34.0
2024_14_CAR_PHI,2024,14,22,16,28.411976320227193,15.760847427139039,-6.411976320227193,0.23915257286096114,2023,23.49865229110512,22.152291105121293,543,1.0,1.0,32.0,34.0
2024_14_CHI_SF,2024,14,38,13,25.434005645505334,19.97984544057671,12.565994354494666,-6.97984544057671,2023,23.49865229110512,22.152291105121293,543,0.0,1.0,33.0,34.0
2024_14_CIN_DAL,2024,14,20,27,22.67108557071119,24.04223147191879,-2.6710855707111882,2.9577685280812105,2023,23.49865229110512,22.152291105121293,543,1.0,1.0,32.0,34.0
2024_14_CLE_PIT,2024,14,27,14,26.025784637355176,20.624464846751184,0.9742153626448236,-6.624464846751184,2023,23.49865229110512,22.152291105121293,543,1.0,1.0,33.0,34.0
2024_14_GB_DET,2024,14,34,31,27.598163737767706,22.351035353673858,6.401836262232294,8.648964646326142,2023,23.49865229110512,22.152291105121293,543,1.0,1.0,32.0,34.0
2024_14_JAX_TEN,2024,14,6,10,22.856130044891884,22.307777066812722,-16.856130044891884,-12.307777066812722,2023,23.49865229110512,22.152291105121293,543,1.0,0.0,32.8,33.80000000000001
2024_14_LAC_KC,2024,14,19,17,25.840547105158606,18.80766201861936,-6.840547105158606,-1.8076620186193608,2023,23.49865229110512,22.152291105121293,543,1.0,1.0,32.0,34.0
2024_14_LV_TB,2024,14,28,13,26.12300192561852,19.588477156060566,1.8769980743814791,-6.588477156060566,2023,23.49865229110512,22.152291105121293,543,1.0,1.0,32.8,34.0
2024_14_NO_NYG,2024,14,11,14,20.174459640972728,22.256742735121396,-9.174459640972728,-8.256742735121396,2023,23.49865229110512,22.152291105121293,543,1.0,0.0,32.0,34.0
2024_14_NYJ_MIA,2024,14,32,26,24.96018937827885,18.889740890569485,7.0398106217211485,7.110259109430515,2023,23.49865229110512,22.152291105121293,543,1.0,1.0,32.80000000000001,33.0
2024_14_SEA_ARI,2024,14,18,30,24.787163392380513,20.513488975615324,-6.7871633923805135,9.486511024384676,2023,23.49865229110512,22.152291105121293,543,0.0,1.0,32.0,33.80000000000001
2024_15_ATL_LV,2024,15,9,15,20.62432942092754,23.097554231693266,-11.624329420927541,-8.097554231693266,2023,23.49865229110512,22.152291105121293,543,1.0,0.0,32.0,34.0
2024_15_BAL_NYG,2024,15,14,35,17.803868114581732,28.10567680351327,-3.803868114581732,6.894323196486731,2023,23.49865229110512,22.152291105121293,543,1.0,1.0,32.0,33.0
2024_15_BUF_DET,2024,15,42,48,27.182523093748646,25.225767088025414,14.817476906251354,22.774232911974586,2023,23.49865229110512,22.152291105121293,543,1.0,0.0,32.0,34.0
2024_15_CHI_MIN,2024,15,30,12,27.72131445114125,19.334483444273136,2.27868554885875,-7.334483444273136,2023,23.49865229110512,22.152291105121293,543,1.0,1.0,31.799999999999997,33.0
2024_15_CIN_TEN,2024,15,27,37,20.778005461825067,26.345469079876388,6.221994538174933,10.654530920123612,2023,23.49865229110512,22.152291105121293,543,1.0,1.0,31.80000000000001,33.0
2024_15_DAL_CAR,2024,15,14,30,20.510827855627237,21.781868439749733,-6.510827855627237,8.218131560250267,2023,23.49865229110512,22.152291105121293,543,1.0,1.0,32.0,35.0
2024_15_GB_SEA,2024,15,13,30,22.27938415006072,25.767206984152477,-9.279384150060721,4.232793015847523,2023,23.49865229110512,22.152291105121293,543,1.0,1.0,33.0,34.0
2024_15_IND_DEN,2024,15,31,13,24.514403752067636,18.79514540656084,6.485596247932364,-5.795145406560842,2023,23.49865229110512,22.152291105121293,543,1.0,1.0,32.0,34.0
2024_15_KC_CLE,2024,15,7,21,19.89798569659021,23.382958419712033,-12.897985696590212,-2.3829584197120326,2023,23.49865229110512,22.152291105121293,543,1.0,1.0,32.0,34.0
2024_15_LA_SF,2024,15,6,12,24.308226846389292,22.94876814369174,-18.308226846389292,-10.94876814369174,2023,23.49865229110512,22.152291105121293,543,1.0,0.0,33.0,34.0
2024_15_MIA_HOU,2024,15,20,12,21.933323166914718,22.955162305858643,-1.9333231669147182,-10.955162305858643,2023,23.49865229110512,22.152291105121293,543,1.0,1.0,32.0,34.0
2024_15_NE_ARI,2024,15,30,17,24.922602159606495,18.103013290494122,5.077397840393505,-1.103013290494122,2023,23.49865229110512,22.152291105121293,543,1.0,1.0,32.0,33.0
2024_15_NYJ_JAX,2024,15,25,32,22.046309201846075,21.06692100372435,2.953690798153925,10.93307899627565,2023,23.49865229110512,22.152291105121293,543,1.0,1.0,32.80000000000001,33.0
2024_15_PIT_PHI,2024,15,27,13,25.636875572702085,20.586833368542553,1.3631244272979153,-7.586833368542553,2023,23.49865229110512,22.152291105121293,543,1.0,1.0,32.0,34.80000000000001
2024_15_TB_LAC,2024,15,17,40,21.673553470538184,24.302163621705144,-4.6735534705381845,15.697836378294856,2023,23.49865229110512,22.152291105121293,543,0.0,1.0,32.0,34.0
2024_15_WAS_NO,2024,15,19,20,21.854049408393003,24.747883499361034,-2.854049408393003,-4.747883499361034,2023,23.49865229110512,22.152291105121293,543,1.0,1.0,32.80000000000001,34.0
2024_16_ARI_CAR,2024,16,36,30,19.67949322780421,23.84972889935632,16.32050677219579,6.150271100643678,2023,23.49865229110512,22.152291105121293,543,1.0,0.0,32.0,34.0
2024_16_CLE_CIN,2024,16,24,6,28.138448961834907,21.678270331964132,-4.138448961834907,-15.678270331964132,2023,23.49865229110512,22.152291105121293,543,1.0,0.0,32.8,34.0
2024_16_DEN_LAC,2024,16,34,27,19.83653859918987,23.985581018670704,14.163461400810132,3.014418981329296,2023,23.49865229110512,22.152291105121293,543,1.0,1.0,32.0,33.8
2024_16_DET_CHI,2024,16,17,34,19.174749524939433,28.992822281880073,-2.1747495249394326,5.007177718119927,2023,23.49865229110512,22.152291105121293,543,1.0,1.0,33.0,34.0
2024_16_HOU_KC,2024,16,27,19,25.052458735304015,17.83200229389026,1.9475412646959853,1.167997706109741,2023,23.49865229110512,22.152291105121293,543,1.0,1.0,33.0,33.8
2024_16_JAX_LV,2024,16,19,14,21.351926549304366,20.905099296130796,-2.351926549304366,-6.905099296130796,2023,23.49865229110512,22.152291105121293,543,1.0,1.0,33.0,34.0
2024_16_LA_NYJ,2024,16,9,19,21.105398042295274,23.88716978879539,-12.105398042295274,-4.88716978879539,2023,23.49865229110512,22.152291105121293,543,1.0,0.0,33.0,34.60000000000001
2024_16_MIN_SEA,2024,16,24,27,21.804333019262874,26.496117573393114,2.1956669807371263,0.5038824266068858,2023,23.49865229110512,22.152291105121293,543,1.0,1.0,32.0,33.80000000000001
2024_16_NE_BUF,2024,16,24,21,30.965520853189467,18.38604017056273,-6.965520853189467,2.6139598294372703,2023,23.49865229110512,22.152291105121293,543,1.0,1.0,32.0,34.0
2024_16_NO_GB,2024,16,34,0,27.415854210142122,18.471003855168384,6.584145789857878,-18.471003855168384,2023,23.49865229110512,22.152291105121293,543,0.0,1.0,32.8,34.0
2024_16_NYG_ATL,2024,16,34,7,24.72402824553764,16.392586521196755,9.275971754462361,-9.392586521196755,2023,23.49865229110512,22.152291105121293,543,0.0,1.0,31.799999999999997,33.0
2024_16_PHI_WAS,2024,16,36,33,24.643567363590908,24.60557990783601,11.356432636409092,8.39442009216399,2023,23.49865229110512,22.152291105121293,543,1.0,0.0,32.0,34.80000000000001
2024_16_PIT_BAL,2024,16,34,17,28.10332104315951,18.817112655496448,5.896678956840489,-1.817112655496448,2023,23.49865229110512,22.152291105121293,543,1.0,1.0,33.0,34.0
2024_16_SF_MIA,2024,16,29,17,24.472649961800407,22.15028767095381,4.527350038199593,-5.150287670953809,2023,23.49865229110512,22.152291105121293,543,1.0,1.0,33.0,34.0
2024_16_TB_DAL,2024,16,26,24,21.148075273793438,24.09539179270373,4.851924726206562,-0.09539179270372955,2023,23.49865229110512,22.152291105121293,543,1.0,1.0,33.0,34.0
2024_16_TEN_IND,2024,16,38,30,23.394326530475244,20.10561554412489,14.605673469524756,9.894384455875109,2023,23.49865229110512,22.152291105121293,543,1.0,0.0,33.0,34.0
2024_17_ARI_LA,2024,17,13,9,24.64902285834049,19.94059027806161,-11.64902285834049,-10.94059027806161,2023,23.49865229110512,22.152291105121293,543,1.0,0.0,32.0,34.0
2024_17_ATL_WAS,2024,17,30,24,25.016076351312787,20.7475039939289,4.983923648687213,3.2524960060711017,2023,23.49865229110512,22.152291105121293,543,1.0,1.0,33.0,34.0
2024_17_BAL_HOU,2024,17,2,31,19.800009213334302,28.526236157073278,-17.800009213334302,2.473763842926722,2023,23.49865229110512,22.152291105121293,543,0.0,1.0,32.0,33.80000000000001
2024_17_CAR_TB,2024,17,48,14,28.699144274371005,17.981932018262178,19.300855725628995,-3.981932018262178,2023,23.49865229110512,22.152291105121293,543,0.0,1.0,32.0,33.0
2024_17_DAL_PHI,2024,17,41,7,26.30353979611209,19.254146906383866,14.69646020388791,-12.254146906383866,2023,23.49865229110512,22.152291105121293,543,0.0,1.0,32.0,34.0
2024_17_DEN_CIN,2024,17,30,24,26.356004061643883,23.693363883710852,3.6439959383561167,0.3066361162891482,2023,23.49865229110512,22.152291105121293,543,1.0,1.0,33.0,34.80000000000001
2024_17_DET_SF,2024,17,34,40,21.015133215086315,27.562324916260096,12.984866784913685,12.437675083739904,2023,23.49865229110512,22.152291105121293,543,1.0,0.0,32.8,34.0
2024_17_GB_MIN,2024,17,27,25,23.058981491292343,25.83388391687656,3.941018508707657,-0.8338839168765588,2023,23.49865229110512,22.152291105121293,543,1.0,1.0,33.0,34.0
2024_17_IND_NYG,2024,17,45,33,18.583498917239304,22.439506304009356,26.416501082760696,10.560493695990644,2023,23.49865229110512,22.152291105121293,543,1.0,0.0,32.0,34.0
2024_17_KC_PIT,2024,17,10,29,22.307855102920456,23.798517398833024,-12.307855102920456,5.201482601166976,2023,23.49865229110512,22.152291105121293,543,0.0,1.0,33.0,35.0
2024_17_LAC_NE,2024,17,7,40,23.1860913458749,21.85598005524604,-16.1860913458749,18.14401994475396,2023,23.49865229110512,22.152291105121293,543,0.0,1.0,33.0,34.60000000000001
2024_17_LV_NO,2024,17,10,25,21.47842269507557,20.277387135255996,-11.478422695075569,4.722612864744004,2023,23.49865229110512,22.152291105121293,543,0.0,1.0,32.0,34.0
2024_17_MIA_CLE,2024,17,3,20,17.88204864303389,22.84275384376894,-14.88204864303389,-2.8427538437689392,2023,23.49865229110512,22.152291105121293,543,1.0,0.0,32.80000000000001,34.0
2024_17_NYJ_BUF,2024,17,40,14,30.63681645658911,19.03298658633199,9.36318354341089,-5.03298658633199,2023,23.49865229110512,22.152291105121293,543,1.0,1.0,32.0,34.0
2024_17_SEA_CHI,2024,17,3,6,22.0925521536527,23.41964570559864,-19.0925521536527,-17.41964570559864,2023,23.49865229110512,22.152291105121293,543,1.0,0.0,32.0,34.0
2024_17_TEN_JAX,2024,17,20,13,22.150401070119003,20.834125780150863,-2.1504010701190026,-7.834125780150863,2023,23.49865229110512,22.152291105121293,543,1.0,1.0,33.0,34.80000000000001
2024_18_BUF_NE,2024,18,23,16,18.46335125488949,29.310845855030696,4.5366487451105115,-13.310845855030696,2023,23.49865229110512,22.152291105121293,543,0.0,1.0,32.0,34.0
2024_18_CAR_ATL,2024,18,38,44,26.815281654370864,17.64934700267891,11.184718345629136,26.35065299732109,2023,23.49865229110512,22.152291105121293,543,1.0,0.0,32.0,33.80000000000001
2024_18_CHI_GB,2024,18,22,24,30.063094044055468,16.406008353184767,-8.063094044055468,7.593991646815233,2023,23.49865229110512,22.152291105121293,543,0.0,1.0,31.80000000000001,34.0
2024_18_CIN_PIT,2024,18,17,19,22.391294032999856,25.94036169460794,-5.3912940329998555,-6.94036169460794,2023,23.49865229110512,22.152291105121293,543,1.0,1.0,33.0,34.0
2024_18_CLE_BAL,2024,18,35,10,30.29294174860401,12.88101864267429,4.707058251395988,-2.88101864267429,2023,23.49865229110512,22.152291105121293,543,1.0,1.0,31.0,34.0
2024_18_HOU_TEN,2024,18,14,23,22.569795137545213,21.361025950537137,-8.569795137545213,1.6389740494628633,2023,23.49865229110512,22.152291105121293,543,1.0,1.0,32.0,34.0
2024_18_JAX_IND,2024,18,26,23,23.909744146211022,21.977522967036986,2.090255853788978,1.022477032963014,2023,23.49865229110512,22.152291105121293,543,1.0,1.0,32.0,33.0
2024_18_KC_DEN,2024,18,38,0,22.647903425680326,22.691407361813134,15.352096574319674,-22.691407361813134,2023,23.49865229110512,22.152291105121293,543,0.0,1.0,32.0,34.0
2024_18_LAC_LV,2024,18,20,34,21.01141659090431,21.803889046177023,-1.011416590904311,12.196110953822977,2023,23.49865229110512,22.152291105121293,543,1.0,1.0,32.80000000000001,34.0
2024_18_MIA_NYJ,2024,18,32,20,19.96987018227336,22.667946115503746,12.030129817726639,-2.667946115503746,2023,23.49865229110512,22.152291105121293,543,1.0,1.0,32.80000000000001,34.0
2024_18_MIN_DET,2024,18,31,9,28.74546387740975,24.624702136117367,2.254536122590249,-15.624702136117367,2023,23.49865229110512,22.152291105121293,543,0.0,1.0,32.0,33.80000000000001
2024_18_NO_TB,2024,18,27,19,28.93290557783145,17.798016328414874,-1.9329055778314483,1.2019836715851255,2023,23.49865229110512,22.152291105121293,543,1.0,1.0,32.80000000000001,34.0
2024_18_NYG_PHI,2024,18,20,13,29.979635608211147,16.710256937590025,-9.979635608211147,-3.7102569375900245,2023,23.49865229110512,22.152291105121293,543,1.0,1.0,32.0,34.0
2024_18_SEA_LA,2024,18,25,30,24.555117878925007,18.95321467367744,0.44488212107499336,11.04678532632256,2023,23.49865229110512,22.152291105121293,543,1.0,1.0,32.0,34.0
2024_18_SF_ARI,2024,18,47,24,24.20822074957803,23.98333417883061,22.79177925042197,0.01666582116938997,2023,23.49865229110512,22.152291105121293,543,0.0,0.0,33.0,34.0
2024_18_WAS_DAL,2024,18,19,23,21.036424104203164,24.345164877110115,-2.0364241042031637,-1.3451648771101148,2023,23.49865229110512,22.152291105121293,543,1.0,1.0,32.0,34.0
2025_01_ARI_NO,2025,1,13,20,19.96608065035896,23.69754761345045,-6.966080650358961,-3.6975476134504497,2024,23.55239179954442,22.125284738041003,815,1.0,1.0,34.0,33.0
2025_01_BAL_BUF,2025,1,41,40,25.468574513522952,27.695252495686933,15.531425486477048,12.304747504313067,2024,23.55239179954442,22.125284738041003,815,1.0,0.0,33.0,33.599999999999994
2025_01_CAR_JAX,2025,1,26,10,25.184306936996485,20.90891934445415,0.8156930630035149,-10.908919344454151,2024,23.55239179954442,22.125284738041003,815,1.0,1.0,33.0,33.60000000000002
2025_01_CIN_CLE,2025,1,16,17,16.09417474956037,24.715060683125177,-0.09417474956036997,-7.715060683125177,2024,23.55239179954442,22.125284738041003,815,1.0,1.0,33.599999999999994,33.0
2025_01_DAL_PHI,2025,1,24,20,27.247838801747715,18.90644431103645,-3.247838801747715,1.0935556889635514,2024,23.55239179954442,22.125284738041003,815,1.0,1.0,33.0,34.0
2025_01_DET_GB,2025,1,27,13,24.581443233100092,25.922139827918567,2.4185567668999077,-12.922139827918567,2024,23.55239179954442,22.125284738041003,815,1.0,1.0,33.0,33.0
2025_01_HOU_LA,2025,1,14,9,25.291005763884943,19.388445654288358,-11.291005763884943,-10.388445654288358,2024,23.55239179954442,22.125284738041003,815,1.0,0.0,32.599999999999994,33.0
2025_01_KC_LAC,2025,1,27,21,25.372758001086293,21.956942423798335,1.627241998913707,-0.9569424237983348,2024,23.55239179954442,22.125284738041003,815,1.0,1.0,33.0,34.0
2025_01_LV_NE,2025,1,13,20,21.69129451901855,21.3443367244125,-8.691294519018552,-1.3443367244125,2024,23.55239179954442,22.125284738041003,815,1.0,1.0,33.0,34.0
2025_01_MIA_IND,2025,1,33,8,21.92108594724639,23.494640419525904,11.07891405275361,-15.494640419525904,2024,23.55239179954442,22.125284738041003,815,0.0,1.0,33.0,33.0
2025_01_MIN_CHI,2025,1,24,27,19.560223007274885,24.92906381436449,4.439776992725115,2.07093618563551,2024,23.55239179954442,22.125284738041003,815,1.0,1.0,33.0,33.0
2025_01_NYG_WAS,2025,1,21,6,28.28086896414471,18.120046302549987,-7.280868964144709,-12.120046302549987,2024,23.55239179954442,22.125284738041003,815,1.0,0.0,33.0,33.599999999999994
2025_01_PIT_NYJ,2025,1,32,34,22.718683866770665,20.789426494131376,9.281316133229335,13.210573505868624,2024,23.55239179954442,22.125284738041003,815,1.0,0.0,33.0,33.0
2025_01_SF_SEA,2025,1,13,17,23.409801652430417,24.158525387322978,-10.409801652430417,-7.158525387322978,2024,23.55239179954442,22.125284738041003,815,1.0,0.0,33.0,33.0
2025_01_TB_ATL,2025,1,20,23,22.557657468519928,26.795422496412414,-2.5576574685199276,-3.7954224964124137,2024,23.55239179954442,22.125284738041003,815,1.0,1.0,33.0,33.0
2025_01_TEN_DEN,2025,1,20,12,27.123667793314855,15.971408811594213,-7.123667793314855,-3.9714088115942126,2024,23.55239179954442,22.125284738041003,815,1.0,1.0,32.599999999999994,33.60000000000002
2025_02_ATL_MIN,2025,2,6,22,23.96529280147033,23.160661188198617,-17.96529280147033,-1.1606611881986169,2024,23.55239179954442,22.125284738041003,815,0.0,0.0,33.0,33.0
2025_02_BUF_NYJ,2025,2,10,30,20.835817047489762,27.327609289758797,-10.835817047489762,2.672390710241203,2024,23.55239179954442,22.125284738041003,815,1.0,1.0,33.0,34.0
2025_02_CAR_ARI,2025,2,27,22,28.7958919245711,19.654610549897658,-1.7958919245711016,2.345389450102342,2024,23.55239179954442,22.125284738041003,815,1.0,1.0,32.0,33.0
2025_02_CHI_DET,2025,2,52,21,30.740993015689668,18.082218287349722,21.259006984310332,2.917781712650278,2024,23.55239179954442,22.125284738041003,815,0.0,0.0,33.0,33.0
2025_02_CLE_BAL,2025,2,41,17,31.85025701748932,13.176444671973947,9.14974298251068,3.8235553280260532,2024,23.55239179954442,22.125284738041003,815,1.0,1.0,32.0,32.0
2025_02_DEN_IND,2025,2,29,28,21.702066375298337,24.580558692130623,7.297933624701663,3.419441307869377,2024,23.55239179954442,22.125284738041003,815,1.0,1.0,32.0,33.0
2025_02_JAX_CIN,2025,2,31,27,27.65391610952708,21.29548861723794,3.3460838904729187,5.70451138276206,2024,23.55239179954442,22.125284738041003,815,1.0,1.0,33.0,34.0
2025_02_LAC_LV,2025,2,9,20,20.475740312476894,24.86171062405139,-11.475740312476894,-4.8617106240513905,2024,23.55239179954442,22.125284738041003,815,1.0,0.0,33.0,33.0
2025_02_LA_TEN,2025,2,19,33,19.76643705796544,24.990833839836036,-0.7664370579654403,8.009166160163964,2024,23.55239179954442,22.125284738041003,815,1.0,1.0,33.0,33.0
2025_02_NE_MIA,2025,2,27,33,25.00330465655519,18.820704989776367,1.9966953434448094,14.179295010223633,2024,23.55239179954442,22.125284738041003,815,1.0,1.0,33.0,33.0
2025_02_NYG_DAL,2025,2,40,37,24.126042935562182,17.222001099174037,15.873957064437818,19.777998900825963,2024,23.55239179954442,22.125284738041003,815,1.0,0.0,32.599999999999994,33.0
2025_02_PHI_KC,2025,2,17,20,22.82738313398456,23.98176452933947,-5.827383133984561,-3.9817645293394683,2024,23.55239179954442,22.125284738041003,815,1.0,1.0,33.0,33.0
2025_02_SEA_PIT,2025,2,17,31,22.78660404631887,23.273131263130526,-5.786604046318871,7.7268687368694735,2024,23.55239179954442,22.125284738041003,815,1.0,1.0,33.0,34.0
2025_02_SF_NO,2025,2,21,26,20.10049532556477,24.75629068321303,0.8995046744352315,1.243709316786969,2024,23.55239179954442,22.125284738041003,815,1.0,1.0,34.0,33.0
2025_02_TB_HOU,2025,2,19,20,19.491826173364117,25.574487199937884,-0.4918261733641174,-5.574487199937884,2024,23.55239179954442,22.125284738041003,815,1.0,1.0,32.0,33.599999999999994
2025_02_WAS_GB,2025,2,27,18,26.319285628744776,22.051780117865654,0.6807143712552239,-4.051780117865654,2024,23.55239179954442,22.125284738041003,815,1.0,1.0,33.0,34.0
2025_03_ARI_SF,2025,3,16,15,25.000853131426584,22.364391307882237,-9.000853131426584,-7.3643913078822365,2024,23.55239179954442,22.125284738041003,815,1.0,0.0,33.0,33.0
2025_03_ATL_CAR,2025,3,30,0,19.81804895245441,26.389802525571852,10.181951047545589,-26.389802525571852,2024,23.55239179954442,22.125284738041003,815,0.0,1.0,33.0,34.0
2025_03_CIN_MIN,2025,3,48,10,22.445055215185764,24.4856052998763,25.554944784814236,-14.485605299876301,2024,23.55239179954442,22.125284738041003,815,0.0,1.0,32.599999999999994,33.60000000000002
2025_03_DAL_CHI,2025,3,31,14,20.664082203356248,22.654298241092047,10.335917796643752,-8.654298241092047,2024,23.55239179954442,22.125284738041003,815,0.0,1.0,32.0,33.0
2025_03_DEN_LAC,2025,3,23,20,23.523849045492085,23.044861267395852,-0.523849045492085,-3.044861267395852,2024,23.55239179954442,22.125284738041003,815,1.0,1.0,33.0,33.0
2025_03_DET_BAL,2025,3,30,38,28.17934198591383,24.977895037787015,1.8206580140861703,13.022104962212985,2024,23.55239179954442,22.125284738041003,815,1.0,1.0,33.0,33.60000000000002
2025_03_GB_CLE,2025,3,13,10,14.653642142286422,24.53777610878446,-1.6536421422864223,-14.53777610878446,2024,23.55239179954442,22.125284738041003,815,1.0,0.0,32.0,33.0
2025_03_HOU_JAX,2025,3,17,10,23.814233786234293,20.023430441690515,-6.814233786234293,-10.023430441690515,2024,23.55239179954442,22.125284738041003,815,1.0,0.0,33.0,33.0
2025_03_IND_TEN,2025,3,20,41,19.97645218904812,25.269658164166067,0.023547810951878745,15.730341835833933,2024,23.55239179954442,22.125284738041003,815,1.0,1.0,33.0,34.0
2025_03_KC_NYG,2025,3,9,22,20.699138343266196,24.098720412879956,-11.699138343266196,-2.098720412879956,2024,23.55239179954442,22.125284738041003,815,1.0,1.0,33.0,33.0
2025_03_LA_PHI,2025,3,33,26,25.966345225638047,22.19938068651808,7.033654774361953,3.8006193134819206,2024,23.55239179954442,22.125284738041003,815,1.0,1.0,33.0,33.60000000000002
2025_03_LV_WAS,2025,3,41,24,26.495711538922922,19.537174063292262,14.504288461077078,4.462825936707738,2024,23.55239179954442,22.125284738041003,815,1.0,0.0,32.0,33.0
2025_03_MIA_BUF,2025,3,31,21,29.4235487258414,19.754797594671484,1.5764512741586003,1.2452024053285164,2024,23.55239179954442,22.125284738041003,815,1.0,1.0,33.0,33.0
2025_03_NO_SEA,2025,3,44,13,24.1663501831582,18.573195151022524,19.8336498168418,-5.573195151022524,2024,23.55239179954442,22.125284738041003,815,0.0,1.0,32.599999999999994,33.0
2025_03_NYJ_TB,2025,3,29,27,28.32287360419421,19.542756303237386,0.6771263958057894,7.457243696762614,2024,23.55239179954442,22.125284738041003,815,1.0,1.0,32.599999999999994,33.0
2025_03_PIT_NE,2025,3,14,21,23.091909844168434,21.366535502766357,-9.091909844168434,-0.36653550276635727,2024,23.55239179954442,22.125284738041003,815,1.0,1.0,33.0,33.0
2025_04_BAL_KC,2025,4,37,20,22.246639397023905,28.28921225891726,14.753360602976095,-8.28921225891726,2024,23.55239179954442,22.125284738041003,815,0.0,1.0,32.0,33.0
2025_04_CAR_NE,2025,4,42,13,23.651756127092494,20.871382331885144,18.348243872907506,-7.871382331885144,2024,23.55239179954442,22.125284738041003,815,0.0,1.0,33.0,33.0
2025_04_CHI_LV,2025,4,24,25,22.110913434037823,21.700389141758656,1.8890865659621774,3.299610858241344,2024,23.55239179954442,22.125284738041003,815,1.0,1.0,33.599999999999994,33.0
2025_04_CIN_DEN,2025,4,28,3,23.970984773986068,18.545649864567245,4.029015226013932,-15.545649864567245,2024,23.55239179954442,22.125284738041003,815,0.0,1.0,33.0,33.0
2025_04_CLE_DET,2025,4,34,10,31.812528003139903,14.352305755391225,2.187471996860097,-4.3523057553912246,2024,23.55239179954442,22.125284738041003,815,1.0,1.0,32.0,33.0
2025_04_GB_DAL,2025,4,40,40,20.117907295435657,25.45919643292259,19.882092704564343,14.540803567077411,2024,23.55239179954442,22.125284738041003,815,1.0,0.0,32.599999999999994,33.0
2025_04_IND_LA,2025,4,27,20,24.255837954620063,21.83180462208372,2.7441620453799374,-1.8318046220837196,2024,23.55239179954442,22.125284738041003,815,1.0,1.0,33.0,33.60000000000002
2025_04_JAX_SF,2025,4,21,26,25.039508354554123,20.052136531567303,-4.039508354554123,5.947863468432697,2024,23.55239179954442,22.125284738041003,815,1.0,1.0,33.0,33.60000000000002
2025_04_LAC_NYG,2025,4,21,18,18.850444918441653,26.378067492340968,2.149555081558347,-8.378067492340968,2024,23.55239179954442,22.125284738041003,815,1.0,1.0,33.0,34.0
2025_04_MIN_PIT,2025,4,24,21,20.513680614522105,25.12076126769005,3.486319385477895,-4.12076126769005,2024,23.55239179954442,22.125284738041003,815,1.0,1.0,33.0,33.0
2025_04_NO_BUF,2025,4,31,19,31.182228130657364,17.032039755826595,-0.18222813065736432,1.9679602441734048,2024,23.55239179954442,22.125284738041003,815,1.0,1.0,32.0,33.599999999999994
2025_04_NYJ_MIA,2025,4,27,21,24.456917008257776,21.290834934592212,2.5430829917422244,-0.2908349345922119,2024,23.55239179954442,22.125284738041003,815,1.0,1.0,33.0,33.0
2025_04_PHI_TB,2025,4,25,31,25.651906617405785,23.23508569023239,-0.6519066174057855,7.764914309767612,2024,23.55239179954442,22.125284738041003,815,1.0,1.0,33.0,33.60000000000002
2025_04_SEA_ARI,2025,4,20,23,24.164206738657285,23.017134882276615,-4.164206738657285,-0.01713488227661486,2024,23.55239179954442,22.125284738041003,815,1.0,1.0,33.0,34.0
2025_04_TEN_HOU,2025,4,26,0,23.09110043829049,18.242356047373235,2.908899561709511,-18.242356047373235,2024,23.55239179954442,22.125284738041003,815,0.0,1.0,33.0,33.0
2025_04_WAS_ATL,2025,4,34,27,22.091307801225273,23.453324580920047,11.908692198774727,3.5466754190799534,2024,23.55239179954442,22.125284738041003,815,1.0,1.0,33.0,33.0
2025_05_DAL_NYJ,2025,5,22,37,22.358234463881917,21.820379501544743,-0.35823446388191726,15.179620498455257,2024,23.55239179954442,22.125284738041003,815,1.0,1.0,33.0,34.0
2025_05_DEN_PHI,2025,5,17,21,25.006290205686362,23.186662949869692,-8.006290205686362,-2.1866629498696923,2024,23.55239179954442,22.125284738041003,815,1.0,1.0,33.0,33.60000000000002
2025_05_DET_CIN,2025,5,24,37,20.45724613626635,30.26002072394703,3.542753863733651,6.739979276052971,2024,23.55239179954442,22.125284738041003,815,1.0,1.0,33.0,33.0
2025_05_HOU_BAL,2025,5,10,44,29.79087800984693,18.69908627738121,-19.79087800984693,25.30091372261879,2024,23.55239179954442,22.125284738041003,815,0.0,1.0,33.0,33.0
2025_05_KC_JAX,2025,5,31,28,22.739440251537722,22.20530836813829,8.260559748462278,5.79469163186171,2024,23.55239179954442,22.125284738041003,815,1.0,1.0,33.0,33.60000000000002
2025_05_LV_IND,2025,5,40,6,26.44569381540445,20.545617588231362,13.55430618459555,-14.545617588231362,2024,23.55239179954442,22.125284738041003,815,0.0,1.0,32.599999999999994,33.20000000000002
2025_05_MIA_CAR,2025,5,27,24,22.08247486480321,23.53137023250357,4.91752513519679,0.4686297674964308,2024,23.55239179954442,22.125284738041003,815,1.0,1.0,33.0,33.0
2025_05_MIN_CLE,2025,5,17,21,15.333639177313415,21.704277998387095,1.6663608226865847,-0.704277998387095,2024,23.55239179954442,22.125284738041003,815,1.0,1.0,33.0,33.599999999999994
2025_05_NE_BUF,2025,5,20,23,30.47097790524668,19.44636230572344,-10.47097790524668,3.55363769427656,2024,23.55239179954442,22.125284738041003,815,1.0,1.0,32.60000000000002,34.0
2025_05_NYG_NO,2025,5,26,14,21.703429230367995,18.844486161956723,4.296570769632005,-4.844486161956723,2024,23.55239179954442,22.125284738041003,815,1.0,1.0,33.0,33.0
2025_05_SF_LA,2025,5,23,26,25.150881404817977,22.279894213908495,-2.1508814048179765,3.720105786091505,2024,23.55239179954442,22.125284738041003,815,1.0,1.0,32.0,33.599999999999994
2025_05_TB_SEA,2025,5,35,38,22.54917430534701,24.664532869333016,12.450825694652991,13.335467130666984,2024,23.55239179954442,22.125284738041003,815,1.0,0.0,33.0,33.599999999999994
2025_05_TEN_ARI,2025,5,21,22,27.511742240385555,18.251668568456356,-6.511742240385555,3.748331431543644,2024,23.55239179954442,22.125284738041003,815,1.0,1.0,33.0,33.0
2025_05_WAS_LAC,2025,5,10,27,24.090672000026693,23.007365108731925,-14.090672000026693,3.992634891268075,2024,23.55239179954442,22.125284738041003,815,0.0,1.0,33.0,34.0
2025_06_ARI_IND,2025,6,31,27,27.786347584911727,21.188226515017213,3.213652415088273,5.811773484982787,2024,23.55239179954442,22.125284738041003,815,1.0,1.0,33.0,33.60000000000002
2025_06_BUF_ATL,2025,6,24,14,21.9526747947056,26.01247760557038,2.047325205294399,-12.012477605570378,2024,23.55239179954442,22.125284738041003,815,1.0,1.0,33.0,33.0
2025_06_CHI_WAS,2025,6,24,25,28.274619685595546,18.718805059703488,-4.274619685595546,6.281194940296512,2024,23.55239179954442,22.125284738041003,815,1.0,1.0,33.0,33.60000000000002
2025_06_CIN_GB,2025,6,27,18,27.325837023256227,19.105428454158318,-0.3258370232562271,-1.105428454158318,2024,23.55239179954442,22.125284738041003,815,1.0,1.0,33.0,34.0
2025_06_CLE_PIT,2025,6,23,9,24.701762209674865,17.022481359076295,-1.7017622096748646,-8.022481359076295,2024,23.55239179954442,22.125284738041003,815,1.0,1.0,33.0,33.0
2025_06_DAL_CAR,2025,6,30,27,21.83025552931575,24.75455061592465,8.16974447068425,2.24544938407535,2024,23.55239179954442,22.125284738041003,815,1.0,1.0,33.0,33.0
2025_06_DEN_NYJ,2025,6,11,13,19.37125356019171,24.01951214702247,-8.371253560191711,-11.019512147022471,2024,23.55239179954442,22.125284738041003,815,1.0,0.0,33.0,34.0
2025_06_DET_KC,2025,6,30,17,22.753046619505355,26.57507078691173,7.246953380494645,-9.57507078691173,2024,23.55239179954442,22.125284738041003,815,1.0,1.0,32.0,33.0
2025_06_LAC_MIA,2025,6,27,29,23.09944541482102,24.189833073062648,3.9005545851789805,4.810166926937352,2024,23.55239179954442,22.125284738041003,815,1.0,1.0,33.0,34.0
2025_06_LA_BAL,2025,6,3,17,25.976243628659613,24.37538350498166,-22.976243628659613,-7.375383504981659,2024,23.55239179954442,22.125284738041003,815,1.0,0.0,33.0,33.0
2025_06_NE_NO,2025,6,19,25,21.968713042427588,21.76003563759631,-2.968713042427588,3.23996436240369,2024,23.55239179954442,22.125284738041003,815,1.0,1.0,33.0,33.0
2025_06_PHI_NYG,2025,6,34,17,19.548818104272137,25.98014301578537,14.451181895727863,-8.98014301578537,2024,23.55239179954442,22.125284738041003,815,0.0,1.0,33.0,33.0
2025_06_SEA_JAX,2025,6,12,20,23.099296785482654,24.539679321708178,-11.099296785482654,-4.539679321708178,2024,23.55239179954442,22.125284738041003,815,1.0,1.0,33.0,33.0
2025_06_SF_TB,2025,6,30,19,26.669230367617338,23.883408169636166,3.330769632382662,-4.883408169636166,2024,23.55239179954442,22.125284738041003,815,1.0,1.0,33.0,33.0
2025_06_TEN_LV,2025,6,20,10,22.82407024995469,19.39279682065679,-2.8240702499546906,-9.392796820656791,2024,23.55239179954442,22.125284738041003,815,1.0,1.0,33.0,33.0
2025_07_ATL_SF,2025,7,20,10,23.491961396348955,23.26979896111889,-3.4919613963489553,-13.269798961118891,2024,23.55239179954442,22.125284738041003,815,1.0,0.0,33.0,33.60000000000002
2025_07_CAR_NYJ,2025,7,6,13,22.41408342271835,21.818891992542614,-16.41408342271835,-8.818891992542614,2024,23.55239179954442,22.125284738041003,815,1.0,0.0,33.0,33.0
2025_07_GB_ARI,2025,7,23,27,22.742290827851747,27.135930196574886,0.2577091721482532,-0.13593019657488625,2024,23.55239179954442,22.125284738041003,815,1.0,1.0,33.0,33.0
2025_07_HOU_SEA,2025,7,27,19,23.461243902101348,20.548043950822695,3.538756097898652,-1.548043950822695,2024,23.55239179954442,22.125284738041003,815,1.0,1.0,32.599999999999994,33.20000000000002
2025_07_IND_LAC,2025,7,24,38,22.424744510530623,23.488907568423613,1.5752554894693773,14.511092431576387,2024,23.55239179954442,22.125284738041003,815,1.0,1.0,32.599999999999994,33.60000000000002
2025_07_LA_JAX,2025,7,7,35,21.168256506206458,25.066599670139368,-14.168256506206458,9.933400329860632,2024,23.55239179954442,22.125284738041003,815,0.0,1.0,32.60000000000002,34.0
2025_07_LV_KC,2025,7,31,0,27.11785509034975,17.744727326686878,3.8821449096502505,-17.744727326686878,2024,23.55239179954442,22.125284738041003,815,0.0,1.0,33.599999999999994,33.0
2025_07_MIA_CLE,2025,7,31,6,18.267869615911223,20.139435259160013,12.732130384088777,-14.139435259160013,2024,23.55239179954442,22.125284738041003,815,0.0,1.0,33.0,34.0
2025_07_NE_TEN,2025,7,13,31,19.606692693227377,24.9075463437427,-6.606692693227377,6.092453656257302,2024,23.55239179954442,22.125284738041003,815,1.0,1.0,33.0,33.0
2025_07_NO_CHI,2025,7,26,14,24.36791392407941,20.62220808455333,1.63208607592059,-6.622208084553328,2024,23.55239179954442,22.125284738041003,815,1.0,1.0,33.0,33.60000000000002
2025_07_NYG_DEN,2025,7,33,32,24.406890246717907,13.366411006043663,8.593109753282093,18.633588993956337,2024,23.55239179954442,22.125284738041003,815,1.0,0.0,31.600000000000023,32.0
2025_07_PHI_MIN,2025,7,22,28,24.755023424157624,23.995031522687462,-2.755023424157624,4.004968477312538,2024,23.55239179954442,22.125284738041003,815,1.0,1.0,33.0,33.0
2025_07_PIT_CIN,2025,7,33,31,23.68532271265834,23.564461926269367,9.31467728734166,7.435538073730633,2024,23.55239179954442,22.125284738041003,815,1.0,1.0,32.599999999999994,33.0
2025_07_TB_DET,2025,7,24,9,28.66364943614095,24.880919099142943,-4.66364943614095,-15.880919099142943,2024,23.55239179954442,22.125284738041003,815,1.0,0.0,33.0,33.0
2025_07_WAS_DAL,2025,7,44,22,23.73939950354374,25.83157965955704,20.26060049645626,-3.8315796595570397,2024,23.55239179954442,22.125284738041003,815,0.0,1.0,33.0,33.0
2025_08_BUF_CAR,2025,8,9,40,20.108607035004194,26.451099717629887,-11.108607035004194,13.548900282370113,2024,23.55239179954442,22.125284738041003,815,0.0,1.0,33.0,33.0
2025_08_CHI_BAL,2025,8,30,16,26.795144974669512,20.99295167736759,3.204855025330488,-4.992951677367589,2024,23.55239179954442,22.125284738041003,815,1.0,1.0,33.0,33.0
2025_08_CLE_NE,2025,8,32,13,26.144288861760757,17.55814343073525,5.8557111382392435,-4.5581434307352495,2024,23.55239179954442,22.125284738041003,815,1.0,1.0,32.599999999999994,33.0
2025_08_DAL_DEN,2025,8,44,24,23.546048286450034,18.08635739988733,20.453951713549966,5.91364260011267,2024,23.55239179954442,22.125284738041003,815,1.0,0.0,33.0,33.0
2025_08_GB_PIT,2025,8,25,35,21.99166070653321,25.44785307739952,3.00833929346679,9.552146922600478,2024,23.55239179954442,22.125284738041003,815,1.0,1.0,33.0,33.0
2025_08_MIA_ATL,2025,8,10,34,25.177259296267398,18.67604026581773,-15.177259296267398,15.32395973418227,2024,23.55239179954442,22.125284738041003,815,0.0,1.0,33.0,33.0
2025_08_MIN_LAC,2025,8,37,10,22.04884241296423,23.793560475828627,14.95115758703577,-13.793560475828627,2024,23.55239179954442,22.125284738041003,815,0.0,1.0,33.0,33.0
2025_08_NYG_PHI,2025,8,38,20,27.41347556533164,21.168724788139606,10.586524434668359,-1.1687247881396061,2024,23.55239179954442,22.125284738041003,815,1.0,1.0,33.0,33.0
2025_08_NYJ_CIN,2025,8,38,39,26.176558401336408,21.567623971978506,11.823441598663592,17.432376028021494,2024,23.55239179954442,22.125284738041003,815,1.0,0.0,32.599999999999994,33.0
2025_08_SF_HOU,2025,8,26,15,22.414251194085622,22.023103666276377,3.5857488059143776,-7.023103666276377,2024,23.55239179954442,22.125284738041003,815,1.0,1.0,33.0,33.0
2025_08_TB_NO,2025,8,3,23,19.712651552762317,26.528828098383443,-16.712651552762317,-3.5288280983834426,2024,23.55239179954442,22.125284738041003,815,1.0,0.0,32.0,33.0
2025_08_TEN_IND,2025,8,38,14,30.68618864451714,17.711252823280923,7.3138113554828585,-3.7112528232809225,2024,23.55239179954442,22.125284738041003,815,1.0,1.0,33.0,33.0
2025_08_WAS_KC,2025,8,28,7,26.77479464709744,20.990511831445634,1.2252053529025595,-13.990511831445634,2024,23.55239179954442,22.125284738041003,815,1.0,1.0,33.0,33.0
2025_09_ARI_DAL,2025,9,17,27,26.67649462165779,23.23391568069919,-9.676494621657788,3.766084319300809,2024,23.55239179954442,22.125284738041003,815,1.0,1.0,33.0,33.60000000000002
2025_09_ATL_NE,2025,9,24,23,25.019998127523802,21.813110842165933,-1.0199981275238024,1.1868891578340666,2024,23.55239179954442,22.125284738041003,815,1.0,1.0,33.0,33.0
2025_09_BAL_MIA,2025,9,6,28,22.32587187454338,26.0388396733899,-16.32587187454338,1.9611603266100985,2024,23.55239179954442,22.125284738041003,815,0.0,1.0,33.0,34.0
2025_09_CAR_GB,2025,9,13,16,29.122275466403842,18.061968988181736,-16.122275466403842,-2.061968988181736,2024,23.55239179954442,22.125284738041003,815,1.0,0.0,32.599999999999994,34.0
2025_09_CHI_CIN,2025,9,42,47,26.407805825115375,24.262598233481352,15.592194174884625,22.737401766518648,2024,23.55239179954442,22.125284738041003,815,1.0,0.0,33.0,33.0
2025_09_DEN_HOU,2025,9,15,18,21.179262493433537,22.762156731477667,-6.179262493433537,-4.762156731477667,2024,23.55239179954442,22.125284738041003,815,1.0,1.0,33.0,33.0
2025_09_IND_PIT,2025,9,27,20,22.19276904111177,25.819854862128615,4.80723095888823,-5.819854862128615,2024,23.55239179954442,22.125284738041003,815,1.0,1.0,33.0,33.0
2025_09_JAX_LV,2025,9,29,30,19.635978066230365,22.507588795807163,9.364021933769635,7.4924112041928375,2024,23.55239179954442,22.125284738041003,815,1.0,1.0,32.60000000000002,33.599999999999994
2025_09_KC_BUF,2025,9,28,21,25.81503488701995,23.127187965042364,2.1849651129800485,-2.1271879650423635,2024,23.55239179954442,22.125284738041003,815,1.0,1.0,33.0,33.0
2025_09_LAC_TEN,2025,9,20,27,16.923760183363044,26.431704411101634,3.0762398166369564,0.5682955888983656,2024,23.55239179954442,22.125284738041003,815,1.0,1.0,32.599999999999994,33.0
2025_09_MIN_DET,2025,9,24,27,28.429750606961317,19.962126976320846,-4.429750606961317,7.037873023679154,2024,23.55239179954442,22.125284738041003,815,1.0,1.0,33.0,33.0
2025_09_NO_LA,2025,9,34,10,26.984922011704533,15.655692204209286,7.015077988295467,-5.655692204209286,2024,23.55239179954442,22.125284738041003,815,1.0,1.0,32.0,33.0
2025_09_SEA_WAS,2025,9,14,38,22.859045585453504,23.16243944061405,-8.859045585453504,14.837560559385949,2024,23.55239179954442,22.125284738041003,815,0.0,1.0,33.0,33.0
2025_09_SF_NYG,2025,9,24,34,22.047378765045575,24.26905451484052,1.9526212349544245,9.73094548515948,2024,23.55239179954442,22.125284738041003,815,1.0,1.0,33.0,34.0
2025_10_ARI_SEA,2025,10,44,22,26.066209150120926,20.403269383878538,17.933790849879074,1.5967306161214623,2024,23.55239179954442,22.125284738041003,815,1.0,0.0,33.0,33.0
2025_10_ATL_IND,2025,10,31,25,27.364197562375278,20.86786181389454,3.635802437624722,4.132138186105461,2024,23.55239179954442,22.125284738041003,815,1.0,1.0,33.0,34.0
2025_10_BAL_MIN,2025,10,19,27,21.634700846194598,25.779064324400935,-2.6347008461945975,1.2209356755990655,2024,23.55239179954442,22.125284738041003,815,1.0,1.0,33.0,33.0
2025_10_BUF_MIA,2025,10,30,13,19.85505079292164,28.0932188449516,10.144949207078358,-15.0932188449516,2024,23.55239179954442,22.125284738041003,815,0.0,1.0,33.0,33.0
2025_10_CLE_NYJ,2025,10,27,20,23.052939851268874,17.424489788190662,3.9470601487311257,2.5755102118093376,2024,23.55239179954442,22.125284738041003,815,1.0,1.0,33.0,33.0
2025_10_DET_WAS,2025,10,22,44,21.656175056499563,26.950076651832674,0.3438249435004366,17.049923348167326,2024,23.55239179954442,22.125284738041003,815,0.0,1.0,33.0,33.0
2025_10_JAX_HOU,2025,10,36,29,23.85613279348129,19.51042450013468,12.14386720651871,9.489575499865321,2024,23.55239179954442,22.125284738041003,815,1.0,0.0,32.60000000000002,33.0
2025_10_LA_SF,2025,10,26,42,22.158286451877338,25.60417113146779,3.8417135481226623,16.39582886853221,2024,23.55239179954442,22.125284738041003,815,1.0,0.0,33.0,33.0
2025_10_LV_DEN,2025,10,10,7,25.219492293869667,13.511836146083601,-15.219492293869667,-6.511836146083601,2024,23.55239179954442,22.125284738041003,815,1.0,0.0,31.599999999999994,32.0
2025_10_NE_TB,2025,10,23,28,25.3986963199525,22.899030729955747,-2.3986963199524993,5.100969270044253,2024,23.55239179954442,22.125284738041003,815,1.0,1.0,33.0,33.0
2025_10_NO_CAR,2025,10,7,17,22.613592941400647,17.53039415393614,-15.613592941400647,-0.5303941539361396,2024,23.55239179954442,22.125284738041003,815,1.0,0.0,32.0,33.0
2025_10_NYG_CHI,2025,10,24,20,26.172049494917093,22.08978700842921,-2.1720494949170934,-2.0897870084292087,2024,23.55239179954442,22.125284738041003,815,1.0,1.0,32.60000000000002,34.0
2025_10_PHI_GB,2025,10,7,10,26.83589813263146,23.33955489571973,-19.83589813263146,-13.33955489571973,2024,23.55239179954442,22.125284738041003,815,1.0,0.0,33.0,34.0
2025_10_PIT_LAC,2025,10,25,10,24.923146098275026,20.12223841826753,0.07685390172497364,-10.122238418267528,2024,23.55239179954442,22.125284738041003,815,1.0,1.0,33.0,33.0
2025_11_BAL_CLE,2025,11,16,23,15.574344407198936,23.66001437085196,0.42565559280106413,-0.660014370851961,2024,23.55239179954442,22.125284738041003,815,1.0,1.0,32.0,33.0
2025_11_CAR_ATL,2025,11,27,30,23.761722468873128,18.150469489533,3.2382775311268723,11.849530510467002,2024,23.55239179954442,22.125284738041003,815,1.0,1.0,33.0,33.0
2025_11_CHI_MIN,2025,11,17,19,23.160967491059456,23.669176569690265,-6.160967491059456,-4.669176569690265,2024,23.55239179954442,22.125284738041003,815,1.0,1.0,33.0,33.0
2025_11_CIN_PIT,2025,11,34,12,23.611809569436023,23.621010720977267,10.388190430563977,-11.621010720977267,2024,23.55239179954442,22.125284738041003,815,0.0,1.0,33.0,33.0
2025_11_DAL_LV,2025,11,16,33,20.131704174628283,24.526089131899912,-4.1317041746282825,8.473910868100088,2024,23.55239179954442,22.125284738041003,815,1.0,1.0,32.599999999999994,33.0
2025_11_DET_PHI,2025,11,16,9,23.576193563991612,26.393822130841325,-7.5761935639916125,-17.393822130841325,2024,23.55239179954442,22.125284738041003,815,1.0,0.0,33.0,34.0
2025_11_GB_NYG,2025,11,20,27,20.703689770966356,26.99905624397379,-0.7036897709663563,0.0009437560262099964,2024,23.55239179954442,22.125284738041003,815,1.0,1.0,33.0,33.0
2025_11_HOU_TEN,2025,11,13,16,17.029672619619447,25.091881992960758,-4.029672619619447,-9.091881992960758,2024,23.55239179954442,22.125284738041003,815,1.0,1.0,32.599999999999994,33.60000000000002
2025_11_KC_DEN,2025,11,22,19,21.38680285337187,20.40216409825162,0.6131971466281314,-1.402164098251621,2024,23.55239179954442,22.125284738041003,815,1.0,1.0,33.0,33.0
2025_11_LAC_JAX,2025,11,35,6,22.01491467255487,26.288237495743516,12.98508532744513,-20.288237495743516,2024,23.55239179954442,22.125284738041003,815,0.0,1.0,33.0,34.0
2025_11_NYJ_NE,2025,11,27,14,27.06800825935951,20.877638354874225,-0.06800825935950883,-6.877638354874225,2024,23.55239179954442,22.125284738041003,815,1.0,1.0,33.60000000000002,33.0
2025_11_SEA_LA,2025,11,21,19,25.598290372409252,23.514719855641367,-4.598290372409252,-4.514719855641367,2024,23.55239179954442,22.125284738041003,815,1.0,1.0,32.60000000000002,34.0
2025_11_SF_ARI,2025,11,22,41,24.232654516182794,25.256488453438745,-2.2326545161827944,15.743511546561255,2024,23.55239179954442,22.125284738041003,815,0.0,1.0,32.0,33.0
2025_11_TB_BUF,2025,11,44,32,26.11780804158626,22.505692137896855,17.88219195841374,9.494307862103145,2024,23.55239179954442,22.125284738041003,815,1.0,0.0,33.0,33.0
2025_11_WAS_MIA,2025,11,16,13,23.976896569598278,22.618336622806257,-7.976896569598278,-9.618336622806257,2024,23.55239179954442,22.125284738041003,815,1.0,0.0,33.0,33.0
2025_12_ATL_NO,2025,12,10,24,19.078896185308245,22.044187891798178,-9.078896185308245,1.9558121082018225,2024,23.55239179954442,22.125284738041003,815,1.0,1.0,33.0,34.0
2025_12_BUF_HOU,2025,12,23,19,21.41308119155355,26.024719709724376,1.5869188084464483,-7.024719709724376,2024,23.55239179954442,22.125284738041003,815,1.0,1.0,33.0,33.0
2025_12_CAR_SF,2025,12,20,9,28.109835389524836,20.83185370580537,-8.109835389524836,-11.831853705805369,2024,23.55239179954442,22.125284738041003,815,1.0,0.0,33.599999999999994,33.0
2025_12_CLE_LV,2025,12,10,24,20.955529329695995,19.046626442832547,-10.955529329695995,4.953373557167453,2024,23.55239179954442,22.125284738041003,815,1.0,1.0,33.0,33.0
2025_12_IND_KC,2025,12,23,20,25.605204227995298,22.916703724406943,-2.605204227995298,-2.9167037244069434,2024,23.55239179954442,22.125284738041003,815,1.0,1.0,33.0,33.0
2025_12_JAX_ARI,2025,12,24,27,23.685772637518145,23.90329246882855,0.314227362481855,3.0967075311714503,2024,23.55239179954442,22.125284738041003,815,1.0,1.0,33.0,33.0
2025_12_MIN_GB,2025,12,23,6,25.472572957160256,19.538536865177576,-2.4725729571602564,-13.538536865177576,2024,23.55239179954442,22.125284738041003,815,1.0,0.0,32.0,33.0
2025_12_NE_CIN,2025,12,20,26,24.46383592417946,27.613684189565017,-4.46383592417946,-1.6136841895650171,2024,23.55239179954442,22.125284738041003,815,1.0,1.0,33.0,33.599999999999994
2025_12_NYG_DET,2025,12,34,27,29.624687611401562,19.35904349638098,4.375312388598438,7.6409565036190195,2024,23.55239179954442,22.125284738041003,815,1.0,1.0,33.0,34.0
2025_12_NYJ_BAL,2025,12,23,10,28.689278110106407,18.927596081191897,-5.689278110106407,-8.927596081191897,2024,23.55239179954442,22.125284738041003,815,1.0,1.0,33.0,33.0
2025_12_PHI_DAL,2025,12,24,21,24.953579339914015,24.341963446266732,-0.9535793399140147,-3.341963446266732,2024,23.55239179954442,22.125284738041003,815,1.0,1.0,33.0,33.0
2025_12_PIT_CHI,2025,12,31,28,24.123791302768925,22.227897928305715,6.876208697231075,5.772102071694285,2024,23.55239179954442,22.125284738041003,815,1.0,1.0,32.599999999999994,34.0
2025_12_SEA_TEN,2025,12,24,30,15.470255131524006,27.137272968400485,8.529744868475994,2.8627270315995155,2024,23.55239179954442,22.125284738041003,815,1.0,1.0,33.0,33.0
2025_12_TB_LA,2025,12,34,7,27.307800934711356,22.64671360608263,6.692199065288644,-15.646713606082631,2024,23.55239179954442,22.125284738041003,815,0.0,1.0,33.0,33.60000000000002
2025_13_ARI_TB,2025,13,20,17,24.549299484726273,21.755931400025837,-4.549299484726273,-4.755931400025837,2024,23.55239179954442,22.125284738041003,815,1.0,1.0,33.0,33.0
2025_13_ATL_NYJ,2025,13,27,24,19.525346614613035,22.426705634117344,7.474653385386965,1.5732943658826564,2024,23.55239179954442,22.125284738041003,815,1.0,1.0,33.0,34.0
2025_13_BUF_PIT,2025,13,7,26,22.49409340393077,26.605143094990495,-15.49409340393077,-0.6051430949904955,2024,23.55239179954442,22.125284738041003,815,1.0,0.0,33.0,33.599999999999994
2025_13_CHI_PHI,2025,13,15,24,25.50391061029034,21.447081361112517,-10.50391061029034,2.5529186388874834,2024,23.55239179954442,22.125284738041003,815,1.0,1.0,32.60000000000002,34.0
2025_13_CIN_BAL,2025,13,14,32,27.5690823440843,20.78044904663722,-13.5690823440843,11.21955095336278,2024,23.55239179954442,22.125284738041003,815,0.0,1.0,33.0,33.0
2025_13_DEN_WAS,2025,13,26,27,22.05383810808768,23.691814924720916,3.9461618919123183,3.3081850752790842,2024,23.55239179954442,22.125284738041003,815,1.0,1.0,34.0,33.0
2025_13_GB_DET,2025,13,24,31,25.493457025756896,23.187132219903816,-1.4934570257568964,7.812867780096184,2024,23.55239179954442,22.125284738041003,815,1.0,1.0,33.0,33.0
2025_13_HOU_IND,2025,13,16,20,26.11934948689724,21.231656082318494,-10.119349486897239,-1.2316560823184943,2024,23.55239179954442,22.125284738041003,815,1.0,1.0,32.599999999999994,34.0
2025_13_JAX_TEN,2025,13,3,25,17.95737854684674,24.355551483550826,-14.95737854684674,0.6444485164491738,2024,23.55239179954442,22.125284738041003,815,1.0,1.0,33.0,33.0
2025_13_KC_DAL,2025,13,31,28,24.016684088003686,25.526281708885854,6.983315911996314,2.473718291114146,2024,23.55239179954442,22.125284738041003,815,1.0,1.0,33.0,33.0
2025_13_LA_CAR,2025,13,31,28,16.36670871025419,26.35700482232824,14.63329128974581,1.6429951776717608,2024,23.55239179954442,22.125284738041003,815,1.0,1.0,32.60000000000002,33.0
2025_13_LV_LAC,2025,13,31,14,24.82170806102284,17.399449543438845,6.178291938977161,-3.3994495434388448,2024,23.55239179954442,22.125284738041003,815,1.0,1.0,33.0,33.0
2025_13_MIN_SEA,2025,13,26,0,25.552363872778454,18.143277969427047,0.44763612722154633,-18.143277969427047,2024,23.55239179954442,22.125284738041003,815,0.0,0.0,33.0,33.0
2025_13_NO_MIA,2025,13,21,17,24.065402537195997,17.717111596183823,-3.0654025371959968,-0.7171115961838233,2024,23.55239179954442,22.125284738041003,815,1.0,1.0,34.0,33.0
2025_13_NYG_NE,2025,13,33,15,28.314335024713422,23.245138842181667,4.685664975286578,-8.245138842181667,2024,23.55239179954442,22.125284738041003,815,1.0,1.0,33.0,33.0
2025_13_SF_CLE,2025,13,8,26,15.893442859435329,21.488166936201715,-7.8934428594353285,4.511833063798285,2024,23.55239179954442,22.125284738041003,815,1.0,1.0,32.599999999999994,33.0
2025_14_CHI_GB,2025,14,28,21,26.657794004986066,19.31280914200607,1.3422059950139342,1.6871908579939294,2024,23.55239179954442,22.125284738041003,815,1.0,1.0,33.0,34.0
2025_14_CIN_BUF,2025,14,39,34,28.030790406512008,20.277814126333293,10.969209593487992,13.722185873666707,2024,23.55239179954442,22.125284738041003,815,1.0,0.0,33.0,34.0
2025_14_DAL_DET,2025,14,44,30,26.539996831843542,22.90026529076037,17.460003168156458,7.09973470923963,2024,23.55239179954442,22.125284738041003,815,1.0,0.0,33.0,33.0
2025_14_DEN_LV,2025,14,17,24,16.92283532710646,26.143096488382284,0.07716467289354156,-2.143096488382284,2024,23.55239179954442,22.125284738041003,815,1.0,1.0,32.599999999999994,33.0
2025_14_HOU_KC,2025,14,10,20,25.394571902447744,19.968958912982043,-15.394571902447744,0.03104108701795738,2024,23.55239179954442,22.125284738041003,815,1.0,1.0,33.0,33.0
2025_14_IND_JAX,2025,14,36,19,22.970637768240298,24.580134037385175,13.029362231759702,-5.580134037385175,2024,23.55239179954442,22.125284738041003,815,0.0,1.0,33.0,33.0
2025_14_LA_ARI,2025,14,17,45,20.478797089132847,27.119014550308574,-3.478797089132847,17.880985449691426,2024,23.55239179954442,22.125284738041003,815,0.0,1.0,33.0,33.0
2025_14_MIA_NYJ,2025,14,10,34,21.340449557188588,21.650919136054604,-11.340449557188588,12.349080863945396,2024,23.55239179954442,22.125284738041003,815,0.0,1.0,32.599999999999994,34.0
2025_14_NO_TB,2025,14,20,24,24.780137398310746,18.455792815072293,-4.780137398310746,5.544207184927707,2024,23.55239179954442,22.125284738041003,815,1.0,1.0,33.0,33.0
2025_14_PHI_LAC,2025,14,22,19,23.54074744611818,22.48729314960048,-1.5407474461181785,-3.487293149600479,2024,23.55239179954442,22.125284738041003,815,1.0,1.0,32.0,34.0
2025_14_PIT_BAL,2025,14,22,27,24.915030020848448,19.624695504917963,-2.915030020848448,7.3753044950820374,2024,23.55239179954442,22.125284738041003,815,1.0,1.0,33.0,33.0
2025_14_SEA_ATL,2025,14,9,37,20.423759630737173,24.109973725912404,-11.423759630737173,12.890026274087596,2024,23.55239179954442,22.125284738041003,815,0.0,1.0,33.0,33.0
2025_14_TEN_CLE,2025,14,29,31,19.241470913764424,15.308699767110852,9.758529086235576,15.691300232889148,2024,23.55239179954442,22.125284738041003,815,1.0,0.0,32.0,33.0
2025_14_WAS_MIN,2025,14,31,0,20.469918708240666,23.106546792453685,10.530081291759334,-23.106546792453685,2024,23.55239179954442,22.125284738041003,815,0.0,1.0,33.0,33.0
2025_15_ARI_HOU,2025,15,40,20,23.81527972974587,18.745158373668733,16.18472027025413,1.2548416263312667,2024,23.55239179954442,22.125284738041003,815,1.0,1.0,33.0,33.0
2025_15_ATL_TB,2025,15,28,29,22.928733942570794,22.047947693924897,5.071266057429206,6.952052306075103,2024,23.55239179954442,22.125284738041003,815,1.0,1.0,33.0,33.0
2025_15_BAL_CIN,2025,15,0,24,24.79581303045684,25.202552587394646,-24.79581303045684,-1.2025525873946457,2024,23.55239179954442,22.125284738041003,815,0.0,0.0,33.0,33.60000000000002
2025_15_BUF_NE,2025,15,31,35,24.782652182651105,28.410316287167717,6.2173478173488945,6.589683712832283,2024,23.55239179954442,22.125284738041003,815,1.0,1.0,33.0,33.599999999999994
2025_15_CAR_NO,2025,15,20,17,21.754998957998968,19.786162158271093,-1.7549989579989678,-2.786162158271093,2024,23.55239179954442,22.125284738041003,815,1.0,1.0,33.0,33.0
2025_15_CLE_CHI,2025,15,31,3,26.459973476747482,18.008440350540106,4.540026523252518,-15.008440350540106,2024,23.55239179954442,22.125284738041003,815,0.0,1.0,33.0,33.0
2025_15_DET_LA,2025,15,41,34,27.598310143855386,24.063565882928177,13.401689856144614,9.936434117071823,2024,23.55239179954442,22.125284738041003,815,1.0,0.0,33.0,33.0
2025_15_GB_DEN,2025,15,34,26,21.81183287398581,20.784893864014133,12.18816712601419,5.215106135985867,2024,23.55239179954442,22.125284738041003,815,1.0,1.0,33.0,33.0
2025_15_IND_SEA,2025,15,18,16,25.844423478967553,20.819494596265766,-7.844423478967553,-4.819494596265766,2024,23.55239179954442,22.125284738041003,815,1.0,1.0,33.0,33.0
2025_15_LAC_KC,2025,15,13,16,24.792627172688192,19.770514797938997,-11.792627172688192,-3.770514797938997,2024,23.55239179954442,22.125284738041003,815,1.0,1.0,33.0,33.0
2025_15_LV_PHI,2025,15,31,0,25.721328586510207,15.477629912347417,5.278671413489793,-15.477629912347417,2024,23.55239179954442,22.125284738041003,815,0.0,1.0,32.0,33.0
2025_15_MIA_PIT,2025,15,28,15,22.585192035190182,21.341850354118048,5.4148079648098175,-6.341850354118048,2024,23.55239179954442,22.125284738041003,815,1.0,1.0,33.0,34.0
2025_15_MIN_DAL,2025,15,26,34,24.50860520353119,20.640760708531598,1.4913947964688106,13.359239291468402,2024,23.55239179954442,22.125284738041003,815,1.0,1.0,33.0,33.599999999999994
2025_15_NYJ_JAX,2025,15,48,20,26.8000698837626,18.31856842980378,21.1999301162374,1.6814315701962208,2024,23.55239179954442,22.125284738041003,815,0.0,0.0,33.0,34.0
2025_15_TEN_SF,2025,15,37,24,29.378202903533033,17.98426270028839,7.621797096466967,6.01573729971161,2024,23.55239179954442,22.125284738041003,815,1.0,1.0,33.0,33.0
2025_15_WAS_NYG,2025,15,21,29,23.120237284437533,22.769197940661492,-2.1202372844375326,6.230802059338508,2024,23.55239179954442,22.125284738041003,815,1.0,1.0,33.599999999999994,33.0
2025_16_ATL_ARI,2025,16,19,26,23.071307885830347,24.416495951085228,-4.071307885830347,1.5835040489147723,2024,23.55239179954442,22.125284738041003,815,1.0,1.0,33.0,33.0
2025_16_BUF_CLE,2025,16,20,23,14.611653811421045,26.64811206134374,5.388346188578955,-3.6481120613437383,2024,23.55239179954442,22.125284738041003,815,1.0,1.0,32.0,33.0
2025_16_CIN_MIA,2025,16,21,45,24.05181723966427,21.12911526795649,-3.0518172396642704,23.87088473204351,2024,23.55239179954442,22.125284738041003,815,0.0,0.0,33.0,33.60000000000002
2025_16_GB_CHI,2025,16,22,16,24.538114135672313,25.334910902090297,-2.5381141356723127,-9.334910902090297,2024,23.55239179954442,22.125284738041003,815,1.0,1.0,33.0,34.0
2025_16_JAX_DEN,2025,16,20,34,22.558375218008933,19.28598841102293,-2.5583752180089334,14.714011588977069,2024,23.55239179954442,22.125284738041003,815,0.0,1.0,33.0,33.60000000000002
2025_16_KC_TEN,2025,16,26,9,18.397825523219133,26.03462751964867,7.602174476780867,-17.03462751964867,2024,23.55239179954442,22.125284738041003,815,0.0,1.0,33.0,33.0
2025_16_LAC_DAL,2025,16,17,34,24.32413645559594,23.09987927997733,-7.324136455595941,10.90012072002267,2024,23.55239179954442,22.125284738041003,815,0.0,1.0,33.0,34.0
2025_16_LA_SEA,2025,16,38,37,22.106318829426723,25.19487910835953,15.893681170573277,11.80512089164047,2024,23.55239179954442,22.125284738041003,815,1.0,0.0,33.0,34.0
2025_16_LV_HOU,2025,16,23,21,26.23343065169451,14.02226551258339,-3.2334306516945084,6.97773448741661,2024,23.55239179954442,22.125284738041003,815,1.0,1.0,31.600000000000023,33.0
2025_16_MIN_NYG,2025,16,13,16,21.23426301937637,22.465179758052436,-8.234263019376371,-6.465179758052436,2024,23.55239179954442,22.125284738041003,815,1.0,1.0,32.0,33.0
2025_16_NE_BAL,2025,16,24,28,24.390405067426965,24.356205536871233,-0.3904050674269648,3.643794463128767,2024,23.55239179954442,22.125284738041003,815,1.0,1.0,33.0,33.0
2025_16_NYJ_NO,2025,16,29,6,22.604210747991406,18.028676930562437,6.395789252008594,-12.028676930562437,2024,23.55239179954442,22.125284738041003,815,0.0,1.0,33.0,33.0
2025_16_PHI_WAS,2025,16,18,29,21.245585534301256,24.01296159472485,-3.245585534301256,4.98703840527515,2024,23.55239179954442,22.125284738041003,815,1.0,1.0,33.0,34.0
2025_16_PIT_DET,2025,16,24,29,26.95933267965928,22.094410406689796,-2.95933267965928,6.905589593310204,2024,23.55239179954442,22.125284738041003,815,1.0,1.0,33.0,33.0
2025_16_SF_IND,2025,16,27,48,25.081264734029816,22.902186817465008,1.9187352659701844,25.097813182534992,2024,23.55239179954442,22.125284738041003,815,0.0,0.0,33.60000000000002,33.60000000000002
2025_16_TB_CAR,2025,16,23,20,21.518460011480702,23.42037219304267,1.4815399885192981,-3.4203721930426703,2024,23.55239179954442,22.125284738041003,815,1.0,1.0,33.0,34.0
2025_17_ARI_CIN,2025,17,37,14,26.48895101396984,22.972077672277848,10.511048986030161,-8.972077672277848,2024,23.55239179954442,22.125284738041003,815,0.0,1.0,33.0,33.0
2025_17_BAL_GB,2025,17,24,41,25.96909459461003,21.55678569510486,-1.9690945946100307,19.44321430489514,2024,23.55239179954442,22.125284738041003,815,0.0,1.0,33.0,33.0
2025_17_CHI_SF,2025,17,42,38,27.52491724771471,24.82286610467374,14.475082752285289,13.17713389532626,2024,23.55239179954442,22.125284738041003,815,1.0,0.0,33.0,33.0
2025_17_DAL_WAS,2025,17,23,30,23.596185458602402,24.62903157245189,-0.5961854586024025,5.37096842754811,2024,23.55239179954442,22.125284738041003,815,1.0,1.0,33.0,33.599999999999994
2025_17_DEN_KC,2025,17,13,20,21.866271455993793,23.31312043773013,-8.866271455993793,-3.313120437730131,2024,23.55239179954442,22.125284738041003,815,1.0,1.0,33.0,34.0
2025_17_DET_MIN,2025,17,23,10,21.59701886212694,25.363728194096527,1.4029811378730592,-15.363728194096527,2024,23.55239179954442,22.125284738041003,815,1.0,1.0,33.0,34.0
2025_17_HOU_LAC,2025,17,16,20,23.665308644095113,20.576723365605297,-7.665308644095113,-0.5767233656052966,2024,23.55239179954442,22.125284738041003,815,1.0,1.0,32.599999999999994,33.0
2025_17_JAX_IND,2025,17,17,23,23.832264178604685,24.703429323378977,-6.832264178604685,-1.7034293233789768,2024,23.55239179954442,22.125284738041003,815,1.0,1.0,33.0,33.0
2025_17_LA_ATL,2025,17,27,24,19.053469126187665,27.44274974290767,7.9465308738123355,-3.4427497429076688,2024,23.55239179954442,22.125284738041003,815,1.0,1.0,33.0,33.0
2025_17_NE_NYJ,2025,17,10,42,18.565827253688692,28.63367981145641,-8.565827253688692,13.36632018854359,2024,23.55239179954442,22.125284738041003,815,0.0,1.0,32.599999999999994,33.599999999999994
2025_17_NO_TEN,2025,17,26,34,20.06178677616224,19.99284363656931,5.93821322383776,14.007156363430688,2024,23.55239179954442,22.125284738041003,815,1.0,0.0,33.0,33.60000000000002
2025_17_NYG_LV,2025,17,10,34,21.51710194335475,23.441257841875657,-11.51710194335475,10.558742158124343,2024,23.55239179954442,22.125284738041003,815,0.0,1.0,33.0,34.0
2025_17_PHI_BUF,2025,17,12,13,26.91418178906546,22.98386473180883,-14.91418178906546,-9.98386473180883,2024,23.55239179954442,22.125284738041003,815,1.0,0.0,33.0,33.0
2025_17_PIT_CLE,2025,17,13,6,16.583199636278934,21.75342807783681,-3.583199636278934,-15.753428077836809,2024,23.55239179954442,22.125284738041003,815,1.0,0.0,33.0,33.0
2025_17_SEA_CAR,2025,17,10,27,18.360718626944514,26.201123580606918,-8.360718626944514,0.798876419393082,2024,23.55239179954442,22.125284738041003,815,1.0,1.0,33.0,33.0
2025_17_TB_MIA,2025,17,20,17,23.29584300226646,22.998267880914973,-3.2958430022664587,-5.998267880914973,2024,23.55239179954442,22.125284738041003,815,1.0,1.0,33.0,34.0
2025_18_ARI_LA,2025,18,37,20,30.960808626983955,19.19140739943701,6.039191373016045,0.8085926005629887,2024,23.55239179954442,22.125284738041003,815,1.0,1.0,33.0,33.60000000000002
2025_18_BAL_PIT,2025,18,26,24,22.41149875442163,22.716440004211748,3.588501245578371,1.2835599957882522,2024,23.55239179954442,22.125284738041003,815,1.0,1.0,33.0,33.599999999999994
2025_18_CAR_TB,2025,18,16,14,24.488241245573317,19.810041769241113,-8.488241245573317,-5.8100417692411135,2024,23.55239179954442,22.125284738041003,815,1.0,1.0,33.0,33.0
2025_18_CLE_CIN,2025,18,18,20,26.578522014492037,17.084921047635376,-8.578522014492037,2.915078952364624,2024,23.55239179954442,22.125284738041003,815,1.0,1.0,33.0,33.0
2025_18_DAL_NYG,2025,18,34,17,23.27578945326422,24.860004491367846,10.72421054673578,-7.860004491367846,2024,23.55239179954442,22.125284738041003,815,0.0,1.0,33.0,33.60000000000002
2025_18_DET_CHI,2025,18,16,19,25.89117963571789,25.710992963491158,-9.89117963571789,-6.710992963491158,2024,23.55239179954442,22.125284738041003,815,1.0,0.0,33.0,33.0
2025_18_GB_MIN,2025,18,16,3,20.913657418037758,24.375967367752054,-4.913657418037758,-21.375967367752054,2024,23.55239179954442,22.125284738041003,815,1.0,0.0,33.0,33.599999999999994
2025_18_IND_HOU,2025,18,38,30,22.765448000939852,18.978854401926593,15.234551999060148,11.021145598073407,2024,23.55239179954442,22.125284738041003,815,1.0,0.0,33.0,33.0
2025_18_KC_LV,2025,18,14,12,18.715480896278706,25.154297491886656,-4.715480896278706,-13.154297491886656,2024,23.55239179954442,22.125284738041003,815,1.0,0.0,33.0,33.0
2025_18_LAC_DEN,2025,18,19,3,23.045739157093713,17.415243107325793,-4.045739157093713,-14.415243107325793,2024,23.55239179954442,22.125284738041003,815,1.0,0.0,33.0,33.0
2025_18_MIA_NE,2025,18,38,10,29.21479948354633,21.84630500591469,8.78520051645367,-11.84630500591469,2024,23.55239179954442,22.125284738041003,815,0.0,1.0,33.0,33.0
2025_18_NO_ATL,2025,18,19,17,23.140823704000404,18.944958371065688,-4.140823704000404,-1.9449583710656881,2024,23.55239179954442,22.125284738041003,815,1.0,1.0,33.20000000000002,33.60000000000002
2025_18_NYJ_BUF,2025,18,35,8,31.004460417913016,16.138803839706444,3.995539582086984,-8.138803839706444,2024,23.55239179954442,22.125284738041003,815,1.0,1.0,33.0,33.0
2025_18_SEA_SF,2025,18,3,13,25.64056754763099,26.585503678573062,-22.64056754763099,-13.585503678573062,2024,23.55239179954442,22.125284738041003,815,1.0,0.0,32.599999999999994,33.0
2025_18_TEN_JAX,2025,18,41,7,28.380826511344985,19.10613580893471,12.619173488655015,-12.10613580893471,2024,23.55239179954442,22.125284738041003,815,0.0,1.0,33.0,33.0
2025_18_WAS_PHI,2025,18,17,24,25.568730092214356,17.80135470471165,-8.568730092214356,6.198645295288351,2024,23.55239179954442,22.125284738041003,815,1.0,1.0,33.0,33.0
